HCPCS,MODIFIER,DESCRIPTION,ALLOWED SERVICES,ALLOWED CHARGES,PAYMENT
10040,OTHER,INTEGUMENTARY,"23,840","$1,676,903","$1,230,469"
,TOTAL,,"23,840","$1,676,903","$1,230,469"
10060,OTHER,,"614,732","$44,759,077","$32,669,578"
,TOTAL,,"614,732","$44,759,077","$32,669,578"
10061,SG,,1,$127,$102
,80'S,,3,$41,$33
,OTHER,,"122,938","$16,214,244","$12,290,802"
,TOTAL,,"122,942","$16,214,413","$12,290,937"
10080,OTHER,,"1,908","$151,774","$107,373"
,TOTAL,,"1,908","$151,774","$107,373"
10081,OTHER,,713,"$102,211","$77,338"
,TOTAL,,713,"$102,211","$77,338"
10120,OTHER,,"36,504","$2,844,874","$2,034,361"
,TOTAL,,"36,504","$2,844,874","$2,034,361"
10121,OTHER,,"7,154","$1,054,174","$804,097"
,TOTAL,,"7,154","$1,054,174","$804,097"
10140,80'S,,8,$83,$66
,OTHER,,"73,697","$6,193,440","$4,684,025"
,TOTAL,,"73,705","$6,193,523","$4,684,091"
10160,OTHER,,"57,918","$4,310,082","$3,248,437"
,TOTAL,,"57,918","$4,310,082","$3,248,437"
10180,SG,,185,"$74,806","$59,318"
,80'S,,8,$122,$98
,OTHER,,"12,473","$1,445,932","$1,138,123"
,TOTAL,,"12,666","$1,520,860","$1,197,538"
11000,80'S,,4,$90,$72
,OTHER,,"250,707","$9,580,631","$7,114,469"
,TOTAL,,"250,711","$9,580,721","$7,114,541"
11001,OTHER,,"3,320","$69,766","$53,665"
,TOTAL,,"3,320","$69,766","$53,665"
11010,80'S,,10,$421,$337
,OTHER,,"3,459","$668,877","$527,278"
,TOTAL,,"3,469","$669,298","$527,615"
11011,80'S,,14,$633,$507
,OTHER,,"4,544","$1,280,092","$1,014,843"
,TOTAL,,"4,558","$1,280,725","$1,015,350"
11012,80'S,,26,"$1,415","$1,132"
,OTHER,,"5,509","$1,937,748","$1,532,342"
,TOTAL,,"5,535","$1,939,163","$1,533,474"
11040,80'S,,3,$9,$7
,OTHER,,"1,167,167","$36,820,655","$27,478,067"
,TOTAL,,"1,167,170","$36,820,664","$27,478,074"
11041,80'S,,3,$11,$9
,OTHER,,"528,487","$25,461,206","$19,349,315"
,TOTAL,,"528,490","$25,461,217","$19,349,323"
11042,SG,,"1,164","$433,979","$344,799"
,80'S,,18,$105,$84
,OTHER,,"562,516","$33,504,583","$26,078,648"
,TOTAL,,"563,698","$33,938,666","$26,423,531"
11043,SG,,367,"$132,365","$105,166"
,80'S,,24,$409,$328
,OTHER,,"131,646","$18,753,458","$14,842,188"
,TOTAL,,"132,037","$18,886,232","$14,947,681"
11044,SG,,332,"$115,599","$92,310"
,80'S,,14,$323,$258
,OTHER,,"43,369","$8,046,827","$6,374,228"
,TOTAL,,"43,715","$8,162,750","$6,466,796"
11055,OTHER,,"431,529","$9,090,139","$6,608,420"
,TOTAL,,"431,529","$9,090,139","$6,608,420"
11056,OTHER,,"882,581","$25,383,222","$18,495,955"
,TOTAL,,"882,581","$25,383,222","$18,495,955"
11057,OTHER,,"182,714","$5,801,021","$4,201,031"
,TOTAL,,"182,714","$5,801,021","$4,201,031"
11100,80'S,,1,$4,$3
,OTHER,,"1,417,541","$91,380,247","$67,022,171"
,TOTAL,,"1,417,542","$91,380,250","$67,022,174"
11101,OTHER,,"556,173","$18,485,814","$14,427,817"
,TOTAL,,"556,173","$18,485,814","$14,427,817"
11200,SG,,9,"$2,955","$2,313"
,80'S,,1,$3,$3
,OTHER,,"113,939","$5,698,640","$3,965,201"
,TOTAL,,"113,949","$5,701,598","$3,967,516"
11201,OTHER,,"14,340","$281,910","$212,579"
,TOTAL,,"14,340","$281,910","$212,579"
11300,OTHER,,"81,497","$2,576,610","$1,880,580"
,TOTAL,,"81,497","$2,576,610","$1,880,580"
11301,OTHER,,"146,486","$7,366,950","$5,446,996"
,TOTAL,,"146,486","$7,366,950","$5,446,996"
11302,OTHER,,"89,255","$6,022,015","$4,506,964"
,TOTAL,,"89,255","$6,022,015","$4,506,964"
11303,OTHER,,"15,268","$1,340,070","$1,004,528"
,TOTAL,,"15,268","$1,340,070","$1,004,528"
11305,80'S,,1,$3,$2
,OTHER,,"92,309","$3,788,325","$2,744,935"
,TOTAL,,"92,310","$3,788,328","$2,744,938"
11306,OTHER,,"81,482","$4,780,222","$3,534,372"
,TOTAL,,"81,482","$4,780,222","$3,534,372"
11307,OTHER,,"37,698","$2,675,101","$2,007,957"
,TOTAL,,"37,698","$2,675,101","$2,007,957"
11308,80'S,,1,$5,$4
,OTHER,,"8,234","$761,159","$574,681"
,TOTAL,,"8,235","$761,164","$574,685"
11310,OTHER,,"98,117","$4,480,116","$3,273,528"
,TOTAL,,"98,117","$4,480,116","$3,273,528"
11311,OTHER,,"121,255","$7,767,056","$5,748,516"
,TOTAL,,"121,255","$7,767,056","$5,748,516"
11312,OTHER,,"51,565","$4,071,265","$3,047,876"
,TOTAL,,"51,565","$4,071,265","$3,047,876"
11313,OTHER,,"7,259","$776,475","$587,794"
,TOTAL,,"7,259","$776,475","$587,794"
11400,80'S,,1,$9,$8
,OTHER,,"65,091","$4,456,252","$3,292,633"
,TOTAL,,"65,092","$4,456,262","$3,292,640"
11401,SG,,1,$159,$127
,OTHER,,"104,676","$8,713,846","$6,522,550"
,TOTAL,,"104,677","$8,714,005","$6,522,677"
11402,SG,,18,"$4,739","$3,711"
,80'S,,1,$7,$6
,OTHER,,"110,654","$10,733,141","$8,108,874"
,TOTAL,,"110,673","$10,737,888","$8,112,591"
11403,SG,,11,"$2,821","$2,257"
,OTHER,,"49,363","$5,778,352","$4,393,369"
,TOTAL,,"49,374","$5,781,173","$4,395,627"
11404,SG,,982,"$265,580","$210,249"
,OTHER,,"19,723","$2,523,526","$1,932,813"
,TOTAL,,"20,705","$2,789,107","$2,143,063"
11406,SG,,"1,164","$444,071","$351,079"
,OTHER,,"21,296","$3,552,531","$2,761,067"
,TOTAL,,"22,460","$3,996,602","$3,112,146"
11420,SG,,1,$309,$248
,80'S,,1,$5,$4
,OTHER,,"40,777","$2,783,737","$2,059,098"
,TOTAL,,"40,779","$2,784,052","$2,059,350"
11421,SG,,7,"$1,935","$1,548"
,OTHER,,"50,120","$4,511,028","$3,372,451"
,TOTAL,,"50,127","$4,512,963","$3,374,000"
11422,SG,,5,"$1,634","$1,308"
,OTHER,,"48,549","$5,057,741","$3,812,983"
,TOTAL,,"48,554","$5,059,376","$3,814,290"
11423,SG,,13,"$3,342","$2,594"
,OTHER,,"19,653","$2,520,984","$1,918,021"
,TOTAL,,"19,666","$2,524,327","$1,920,615"
11424,SG,,588,"$218,617","$172,655"
,OTHER,,"6,560","$977,922","$752,328"
,TOTAL,,"7,148","$1,196,539","$924,984"
11426,SG,,347,"$131,492","$104,351"
,80'S,,1,$37,$29
,OTHER,,"5,247","$1,098,144","$854,455"
,TOTAL,,"5,595","$1,229,672","$958,836"
11440,SG,,1,$58,$47
,OTHER,,"82,406","$6,559,244","$4,875,316"
,TOTAL,,"82,407","$6,559,302","$4,875,362"
11441,SG,,1,$71,$57
,OTHER,,"83,298","$8,321,052","$6,273,470"
,TOTAL,,"83,299","$8,321,123","$6,273,526"
11442,SG,,14,"$2,956","$2,285"
,OTHER,,"57,226","$6,396,773","$4,859,568"
,TOTAL,,"57,240","$6,399,729","$4,861,853"
11443,SG,,16,"$5,006","$4,005"
,OTHER,,"16,076","$2,359,043","$1,821,068"
,TOTAL,,"16,092","$2,364,049","$1,825,072"
11444,SG,,538,"$139,147","$110,191"
,OTHER,,"4,578","$857,520","$667,016"
,TOTAL,,"5,116","$996,667","$777,207"
11446,SG,,224,"$82,371","$65,531"
,80'S,,1,$47,$38
,OTHER,,"3,332","$822,921","$644,476"
,TOTAL,,"3,557","$905,339","$710,045"
11450,SG,,40,"$16,509","$13,127"
,OTHER,,610,"$105,953","$82,051"
,TOTAL,,650,"$122,462","$95,178"
11451,SG,,7,"$2,895","$2,316"
,OTHER,,275,"$42,960","$33,563"
,TOTAL,,282,"$45,855","$35,879"
11462,SG,,8,"$3,249","$2,600"
,OTHER,,270,"$40,136","$31,685"
,TOTAL,,278,"$43,386","$34,284"
11463,SG,,2,$648,$519
,OTHER,,97,"$18,604","$14,666"
,TOTAL,,99,"$19,253","$15,185"
11470,SG,,11,"$4,011","$3,209"
,OTHER,,367,"$71,887","$55,727"
,TOTAL,,378,"$75,898","$58,936"
11471,SG,,34,"$13,991","$10,938"
,80'S,,1,$22,$18
,OTHER,,134,"$30,695","$23,800"
,TOTAL,,169,"$44,709","$34,756"
11600,OTHER,,"12,635","$1,165,179","$885,503"
,TOTAL,,"12,635","$1,165,179","$885,503"
11601,SG,,3,$464,$371
,OTHER,,"54,504","$6,053,823","$4,662,243"
,TOTAL,,"54,507","$6,054,287","$4,662,615"
11602,SG,,12,"$2,642","$1,987"
,80'S,,1,$11,$9
,OTHER,,"89,383","$10,853,933","$8,398,572"
,TOTAL,,"89,396","$10,856,586","$8,400,568"
11603,SG,,14,"$3,530","$2,824"
,80'S,,1,$12,$10
,OTHER,,"36,612","$5,488,120","$4,272,877"
,TOTAL,,"36,627","$5,491,662","$4,275,711"
11604,SG,,525,"$177,169","$140,381"
,80'S,,3,$39,$21
,OTHER,,"15,218","$2,470,055","$1,931,758"
,TOTAL,,"15,746","$2,647,263","$2,072,160"
11606,SG,,600,"$215,887","$171,573"
,80'S,,5,$136,$109
,OTHER,,"14,949","$3,199,550","$2,523,346"
,TOTAL,,"15,554","$3,415,574","$2,695,028"
11620,SG,,4,$623,$498
,OTHER,,"7,506","$684,301","$519,984"
,TOTAL,,"7,510","$684,924","$520,482"
11621,OTHER,,"29,344","$3,367,491","$2,595,504"
,TOTAL,,"29,344","$3,367,491","$2,595,504"
11622,SG,,12,"$2,541","$1,699"
,OTHER,,"40,846","$6,012,600","$4,664,470"
,TOTAL,,"40,858","$6,015,140","$4,666,169"
11623,SG,,7,"$1,688","$1,350"
,OTHER,,"15,470","$2,644,322","$2,061,023"
,TOTAL,,"15,477","$2,646,010","$2,062,373"
11624,SG,,327,"$113,220","$89,540"
,OTHER,,"5,887","$1,146,381","$899,564"
,TOTAL,,"6,214","$1,259,601","$989,104"
11626,SG,,227,"$74,096","$58,937"
,80'S,,5,$116,$93
,OTHER,,"4,750","$1,119,559","$883,628"
,TOTAL,,"4,982","$1,193,772","$942,658"
11640,SG,,8,"$1,908","$1,526"
,OTHER,,"45,514","$4,722,863","$3,604,638"
,TOTAL,,"45,522","$4,724,770","$3,606,164"
11641,SG,,18,"$3,444","$2,755"
,OTHER,,"120,935","$17,826,728","$13,802,506"
,TOTAL,,"120,953","$17,830,172","$13,805,261"
11642,SG,,32,"$7,258","$5,763"
,80'S,,1,$14,$12
,OTHER,,"118,076","$20,459,189","$15,933,953"
,TOTAL,,"118,109","$20,466,462","$15,939,728"
11643,SG,,13,"$2,853","$2,166"
,80'S,,1,$19,$15
,OTHER,,"36,343","$7,181,350","$5,628,813"
,TOTAL,,"36,357","$7,184,222","$5,630,994"
11644,SG,,934,"$313,357","$248,354"
,OTHER,,"12,502","$2,992,266","$2,353,504"
,TOTAL,,"13,436","$3,305,623","$2,601,858"
11646,SG,,453,"$144,680","$114,917"
,OTHER,,"7,870","$2,562,626","$2,028,487"
,TOTAL,,"8,323","$2,707,306","$2,143,404"
11719,OTHER,,"1,052,767","$13,323,129","$9,766,143"
,TOTAL,,"1,052,767","$13,323,129","$9,766,143"
11720,OTHER,,"1,289,155","$33,558,520","$24,327,348"
,TOTAL,,"1,289,155","$33,558,520","$24,327,348"
11721,80'S,,1,$23,$18
,OTHER,,"5,621,626","$228,025,838","$163,320,405"
,TOTAL,,"5,621,627","$228,025,860","$163,320,423"
11730,OTHER,,"744,987","$48,366,556","$35,471,343"
,TOTAL,,"744,987","$48,366,556","$35,471,343"
11732,OTHER,,"109,367","$3,714,791","$2,854,797"
,TOTAL,,"109,367","$3,714,791","$2,854,797"
11740,OTHER,,"21,717","$668,455","$499,086"
,TOTAL,,"21,717","$668,455","$499,086"
11750,SG,,3,$585,$428
,OTHER,,"232,843","$29,079,041","$21,942,158"
,TOTAL,,"232,846","$29,079,626","$21,942,586"
11752,SG,,9,"$2,433","$1,947"
,80'S,,1,$14,$11
,OTHER,,"2,612","$370,731","$286,129"
,TOTAL,,"2,622","$373,178","$288,087"
11755,OTHER,,"4,406","$366,724","$281,483"
,TOTAL,,"4,406","$366,724","$281,483"
11760,OTHER,,"4,739","$355,110","$269,670"
,TOTAL,,"4,739","$355,110","$269,670"
11762,OTHER,,771,"$123,683","$95,263"
,TOTAL,,771,"$123,683","$95,263"
11765,OTHER,,"73,064","$3,433,090","$2,532,995"
,TOTAL,,"73,064","$3,433,090","$2,532,995"
11770,SG,,37,"$17,154","$13,678"
,OTHER,,507,"$86,985","$67,310"
,TOTAL,,544,"$104,138","$80,989"
11771,SG,,27,"$13,048","$10,391"
,80'S,,1,$66,$53
,OTHER,,519,"$187,232","$144,598"
,TOTAL,,547,"$200,346","$155,042"
11772,SG,,13,"$6,417","$5,133"
,OTHER,,360,"$157,930","$125,246"
,TOTAL,,373,"$164,346","$130,380"
11900,OTHER,,"96,014","$3,122,603","$2,247,140"
,TOTAL,,"96,014","$3,122,603","$2,247,140"
11901,OTHER,,"50,676","$2,654,925","$1,949,286"
,TOTAL,,"50,676","$2,654,925","$1,949,286"
11920,OTHER,,94,"$9,867","$7,789"
,TOTAL,,94,"$9,867","$7,789"
11921,OTHER,,122,"$14,998","$11,335"
,TOTAL,,122,"$14,998","$11,335"
11922,OTHER,,2,$69,$55
,TOTAL,,2,$69,$55
11950,OTHER,,24,"$1,467","$1,121"
,TOTAL,,24,"$1,467","$1,121"
11951,OTHER,,16,"$1,421",$963
,TOTAL,,16,"$1,421",$963
11952,80'S,,1,$18,$15
,OTHER,,88,"$2,062","$1,650"
,TOTAL,,89,"$2,080","$1,664"
11954,OTHER,,112,"$6,912","$5,529"
,TOTAL,,112,"$6,912","$5,529"
11960,SG,,7,"$2,459","$1,967"
,OTHER,,293,"$161,679","$128,803"
,TOTAL,,300,"$164,138","$130,771"
11970,SG,,75,"$29,154","$22,502"
,80'S,,1,$46,$37
,OTHER,,826,"$289,838","$227,443"
,TOTAL,,902,"$319,038","$249,981"
11971,SG,,32,"$7,521","$5,964"
,OTHER,,306,"$41,875","$32,928"
,TOTAL,,338,"$49,397","$38,893"
11976,OTHER,,20,"$2,157","$1,339"
,TOTAL,,20,"$2,157","$1,339"
11980,OTHER,,"1,243","$122,003","$89,931"
,TOTAL,,"1,243","$122,003","$89,931"
12001,OTHER,,"151,897","$14,005,416","$10,425,912"
,TOTAL,,"151,897","$14,005,416","$10,425,912"
12002,OTHER,,"112,042","$11,611,875","$8,707,391"
,TOTAL,,"112,042","$11,611,875","$8,707,391"
12004,OTHER,,"15,164","$1,904,833","$1,459,955"
,TOTAL,,"15,164","$1,904,833","$1,459,955"
12005,SG,,4,"$1,650","$1,320"
,OTHER,,"4,021","$625,171","$484,975"
,TOTAL,,"4,025","$626,821","$486,295"
12006,SG,,1,$207,$166
,80'S,,1,$32,$26
,OTHER,,749,"$149,089","$116,292"
,TOTAL,,751,"$149,328","$116,484"
12007,OTHER,,298,"$61,740","$48,818"
,TOTAL,,298,"$61,740","$48,818"
12011,OTHER,,"72,988","$7,038,719","$5,378,439"
,TOTAL,,"72,988","$7,038,719","$5,378,439"
12013,OTHER,,"41,133","$4,633,707","$3,559,353"
,TOTAL,,"41,133","$4,633,707","$3,559,353"
12014,OTHER,,"5,397","$721,628","$556,782"
,TOTAL,,"5,397","$721,628","$556,782"
12015,80'S,,1,$30,$24
,OTHER,,"2,472","$425,511","$330,872"
,TOTAL,,"2,473","$425,541","$330,896"
12016,SG,,4,"$1,410","$1,128"
,OTHER,,357,"$77,280","$60,319"
,TOTAL,,361,"$78,690","$61,447"
12017,OTHER,,68,"$18,324","$14,429"
,TOTAL,,68,"$18,324","$14,429"
12018,OTHER,,26,"$7,886","$6,145"
,TOTAL,,26,"$7,886","$6,145"
12020,SG,,99,"$28,594","$22,832"
,OTHER,,"3,820","$549,810","$429,611"
,TOTAL,,"3,919","$578,403","$452,443"
12021,SG,,38,"$12,159","$9,727"
,OTHER,,"2,624","$259,820","$203,999"
,TOTAL,,"2,662","$271,979","$213,726"
12031,80'S,,4,$47,$38
,OTHER,,"34,106","$3,494,841","$2,723,192"
,TOTAL,,"34,110","$3,494,888","$2,723,230"
12032,OTHER,,"83,009","$10,834,015","$8,481,669"
,TOTAL,,"83,009","$10,834,015","$8,481,669"
12034,SG,,222,"$72,898","$58,179"
,OTHER,,"12,003","$1,834,202","$1,434,719"
,TOTAL,,"12,225","$1,907,100","$1,492,898"
12035,SG,,43,"$14,900","$11,920"
,OTHER,,"3,261","$583,749","$457,620"
,TOTAL,,"3,304","$598,649","$469,540"
12036,SG,,11,"$3,585","$2,868"
,OTHER,,817,"$179,838","$142,278"
,TOTAL,,828,"$183,423","$145,146"
12037,SG,,6,"$1,958","$1,567"
,80'S,,5,$314,$251
,OTHER,,424,"$104,993","$82,955"
,TOTAL,,435,"$107,265","$84,773"
12041,OTHER,,"13,598","$1,670,861","$1,289,046"
,TOTAL,,"13,598","$1,670,861","$1,289,046"
12042,OTHER,,"23,333","$3,087,632","$2,404,974"
,TOTAL,,"23,333","$3,087,632","$2,404,974"
12044,SG,,34,"$10,388","$7,989"
,80'S,,1,$24,$20
,OTHER,,"1,877","$296,896","$230,845"
,TOTAL,,"1,912","$307,308","$238,854"
12045,SG,,4,"$1,084",$867
,OTHER,,422,"$77,994","$60,644"
,TOTAL,,426,"$79,078","$61,511"
12046,SG,,2,$804,$643
,OTHER,,110,"$24,906","$19,760"
,TOTAL,,112,"$25,711","$20,403"
12047,80'S,,1,$20,$16
,OTHER,,57,"$13,782","$10,877"
,TOTAL,,58,"$13,802","$10,893"
12051,SG,,1,$186,$149
,OTHER,,"53,332","$6,153,074","$4,831,890"
,TOTAL,,"53,333","$6,153,260","$4,832,039"
12052,OTHER,,"56,141","$7,642,915","$6,016,178"
,TOTAL,,"56,141","$7,642,915","$6,016,178"
12053,OTHER,,"7,682","$1,184,101","$931,670"
,TOTAL,,"7,682","$1,184,101","$931,670"
12054,SG,,88,"$28,308","$22,640"
,OTHER,,"2,717","$537,685","$423,194"
,TOTAL,,"2,805","$565,993","$445,834"
12055,SG,,4,"$1,445","$1,156"
,OTHER,,398,"$97,898","$77,252"
,TOTAL,,402,"$99,343","$78,408"
12056,SG,,1,$198,$158
,OTHER,,79,"$22,333","$17,735"
,TOTAL,,80,"$22,531","$17,893"
12057,SG,,1,$209,$168
,80'S,,1,$34,$28
,OTHER,,51,"$16,194","$12,866"
,TOTAL,,53,"$16,438","$13,061"
13100,SG,,100,"$37,116","$29,474"
,OTHER,,"2,657","$462,428","$362,296"
,TOTAL,,"2,757","$499,544","$391,770"
13101,SG,,571,"$261,900","$207,963"
,80'S,,6,$127,$102
,OTHER,,"18,416","$4,117,932","$3,248,189"
,TOTAL,,"18,993","$4,379,960","$3,456,254"
13102,80'S,,2,$23,$18
,OTHER,,"4,936","$342,396","$273,021"
,TOTAL,,"4,938","$342,419","$273,039"
13120,SG,,182,"$69,136","$54,838"
,OTHER,,"3,985","$738,742","$580,173"
,TOTAL,,"4,167","$807,877","$635,011"
13121,SG,,753,"$344,903","$273,991"
,80'S,,2,$41,$33
,OTHER,,"26,192","$6,712,021","$5,295,120"
,TOTAL,,"26,947","$7,056,965","$5,569,144"
13122,80'S,,3,$40,$32
,OTHER,,"6,192","$452,725","$359,839"
,TOTAL,,"6,195","$452,765","$359,871"
13131,SG,,835,"$317,127","$252,001"
,80'S,,1,$17,$14
,OTHER,,"16,931","$3,708,244","$2,921,100"
,TOTAL,,"17,767","$4,025,389","$3,173,114"
13132,SG,,"2,489","$1,138,497","$906,461"
,80'S,,1,$55,$44
,OTHER,,"65,107","$23,440,233","$18,552,736"
,TOTAL,,"67,597","$24,578,785","$19,459,241"
13133,OTHER,,"4,248","$510,622","$405,960"
,TOTAL,,"4,248","$510,622","$405,960"
13150,SG,,189,"$86,543","$69,093"
,OTHER,,"2,235","$523,377","$411,228"
,TOTAL,,"2,424","$609,920","$480,321"
13151,SG,,758,"$352,236","$280,569"
,OTHER,,"15,397","$4,227,200","$3,339,148"
,TOTAL,,"16,155","$4,579,436","$3,619,717"
13152,SG,,766,"$350,539","$277,786"
,80'S,,1,$61,$49
,OTHER,,"19,517","$7,692,778","$6,087,354"
,TOTAL,,"20,284","$8,043,377","$6,365,189"
13153,OTHER,,700,"$90,986","$71,940"
,TOTAL,,700,"$90,986","$71,940"
13160,SG,,216,"$108,104","$85,530"
,80'S,,16,"$1,343","$1,075"
,OTHER,,"10,268","$4,927,245","$3,908,614"
,TOTAL,,"10,500","$5,036,692","$3,995,218"
13300,SG,,33,"$18,888","$14,915"
,OTHER,,768,"$242,733","$188,433"
,TOTAL,,801,"$261,622","$203,348"
14000,SG,,513,"$201,302","$159,283"
,OTHER,,"7,207","$2,497,279","$1,973,420"
,TOTAL,,"7,720","$2,698,581","$2,132,703"
14001,SG,,250,"$117,797","$93,413"
,80'S,,5,$364,$291
,OTHER,,"4,854","$2,408,081","$1,910,037"
,TOTAL,,"5,109","$2,526,242","$2,003,741"
14020,SG,,"1,146","$529,918","$421,504"
,OTHER,,"13,061","$5,592,430","$4,429,292"
,TOTAL,,"14,207","$6,122,348","$4,850,796"
14021,SG,,296,"$141,786","$112,778"
,80'S,,1,$56,$45
,OTHER,,"6,737","$4,209,478","$3,335,197"
,TOTAL,,"7,034","$4,351,320","$3,448,021"
14040,SG,,"5,170","$1,784,004","$1,414,263"
,80'S,,9,$495,$396
,OTHER,,"63,750","$31,192,392","$24,711,527"
,TOTAL,,"68,929","$32,976,891","$26,126,186"
14041,SG,,834,"$381,780","$302,706"
,80'S,,3,$270,$216
,OTHER,,"16,306","$11,399,070","$9,046,612"
,TOTAL,,"17,143","$11,781,121","$9,349,534"
14060,SG,,"6,263","$2,896,340","$2,301,439"
,80'S,,3,$206,$165
,OTHER,,"73,287","$42,659,830","$33,828,463"
,TOTAL,,"79,553","$45,556,376","$36,130,067"
14061,SG,,424,"$195,804","$155,307"
,80'S,,1,$61,$49
,OTHER,,"8,494","$6,684,659","$5,301,332"
,TOTAL,,"8,919","$6,880,524","$5,456,688"
14300,SG,,378,"$226,354","$180,643"
,80'S,,19,"$2,103","$1,682"
,OTHER,,"7,588","$5,768,706","$4,583,341"
,TOTAL,,"7,985","$5,997,163","$4,765,667"
14350,SG,,13,"$4,371","$3,497"
,80'S,,1,$84,$67
,OTHER,,290,"$135,629","$107,304"
,TOTAL,,304,"$140,084","$110,868"
15000,SG,,"1,196","$308,337","$245,265"
,80'S,,7,$360,$288
,OTHER,,"24,109","$5,619,802","$4,462,336"
,TOTAL,,"25,312","$5,928,499","$4,707,889"
15001,80'S,,360,"$3,341","$2,673"
,OTHER,,"22,369","$1,228,789","$979,417"
,TOTAL,,"22,729","$1,232,130","$982,089"
15050,SG,,37,"$11,682","$9,297"
,80'S,,1,$24,$19
,OTHER,,978,"$216,564","$170,741"
,TOTAL,,"1,016","$228,270","$180,058"
15100,SG,,540,"$203,181","$160,990"
,80'S,,17,"$1,417","$1,134"
,OTHER,,"25,768","$12,191,078","$9,684,034"
,TOTAL,,"26,325","$12,395,676","$9,846,158"
15101,SG,,32,"$13,467","$10,773"
,80'S,,11,$288,$230
,OTHER,,"21,884","$2,407,437","$1,917,146"
,TOTAL,,"21,927","$2,421,192","$1,928,149"
15120,SG,,633,"$220,217","$175,369"
,80'S,,6,$737,$590
,OTHER,,"10,238","$5,442,414","$4,321,028"
,TOTAL,,"10,877","$5,663,369","$4,496,986"
15121,SG,,7,"$3,146","$2,516"
,80'S,,8,$239,$191
,OTHER,,"1,658","$308,483","$245,143"
,TOTAL,,"1,673","$311,867","$247,851"
15200,SG,,71,"$31,378","$25,023"
,OTHER,,902,"$384,197","$305,373"
,TOTAL,,973,"$415,575","$330,396"
15201,SG,,5,"$1,472","$1,177"
,OTHER,,199,"$19,013","$15,136"
,TOTAL,,204,"$20,484","$16,313"
15220,SG,,360,"$129,199","$103,056"
,80'S,,5,$399,$319
,OTHER,,"4,450","$2,079,928","$1,653,971"
,TOTAL,,"4,815","$2,209,526","$1,757,346"
15221,SG,,60,"$15,460","$12,368"
,80'S,,50,$705,$564
,OTHER,,"1,133","$99,582","$79,185"
,TOTAL,,"1,243","$115,747","$92,117"
15240,SG,,965,"$431,279","$342,754"
,OTHER,,"10,984","$5,837,514","$4,636,278"
,TOTAL,,"11,949","$6,268,793","$4,979,032"
15241,SG,,45,"$15,414","$12,331"
,OTHER,,"1,110","$148,898","$118,610"
,TOTAL,,"1,155","$164,312","$130,941"
15260,SG,,"3,684","$1,296,088","$1,029,173"
,80'S,,2,$214,$171
,OTHER,,"38,540","$24,349,590","$19,345,829"
,TOTAL,,"42,226","$25,645,892","$20,375,173"
15261,SG,,33,"$8,176","$6,541"
,OTHER,,422,"$69,483","$55,519"
,TOTAL,,455,"$77,659","$62,059"
15350,SG,,64,"$21,948","$17,558"
,80'S,,1,$22,$17
,OTHER,,"3,635","$900,179","$714,423"
,TOTAL,,"3,700","$922,148","$731,998"
15351,OTHER,,"5,503","$297,432","$237,818"
,TOTAL,,"5,503","$297,432","$237,818"
15400,SG,,46,"$15,252","$12,181"
,80'S,,1,$22,$18
,OTHER,,"7,306","$1,666,420","$1,324,894"
,TOTAL,,"7,353","$1,681,694","$1,337,093"
15401,80'S,,29,$244,$195
,OTHER,,"2,103","$111,870","$89,401"
,TOTAL,,"2,132","$112,113","$89,596"
15570,SG,,17,"$7,356","$5,884"
,80'S,,1,$49,$39
,OTHER,,413,"$190,839","$150,950"
,TOTAL,,431,"$198,243","$156,873"
15572,SG,,19,"$9,008","$7,112"
,OTHER,,504,"$238,688","$189,767"
,TOTAL,,523,"$247,696","$196,880"
15574,SG,,130,"$56,184","$44,746"
,80'S,,1,$108,$86
,OTHER,,"2,008","$1,008,996","$802,608"
,TOTAL,,"2,139","$1,065,288","$847,440"
15576,SG,,289,"$117,916","$94,240"
,80'S,,2,$120,$96
,OTHER,,"2,694","$1,129,589","$897,655"
,TOTAL,,"2,985","$1,247,626","$991,991"
15580,OTHER,,6,"$2,787","$2,230"
,TOTAL,,6,"$2,787","$2,230"
15600,SG,,8,"$3,528","$2,823"
,OTHER,,211,"$26,151","$20,715"
,TOTAL,,219,"$29,679","$23,538"
15610,SG,,7,"$3,161","$2,529"
,OTHER,,179,"$22,596","$17,706"
,TOTAL,,186,"$25,757","$20,235"
15620,SG,,62,"$36,489","$28,208"
,OTHER,,735,"$155,156","$122,372"
,TOTAL,,797,"$191,645","$150,580"
15625,OTHER,,4,$355,$225
,TOTAL,,4,$355,$225
15630,SG,,207,"$96,250","$76,617"
,80'S,,2,$55,$44
,OTHER,,"1,911","$460,146","$362,910"
,TOTAL,,"2,120","$556,451","$439,571"
15650,SG,,24,"$15,522","$12,417"
,80'S,,1,$51,$41
,OTHER,,132,"$34,238","$26,832"
,TOTAL,,157,"$49,811","$39,290"
15732,SG,,722,"$295,196","$234,891"
,80'S,,300,"$47,831","$37,908"
,OTHER,,"6,879","$7,344,404","$5,845,717"
,TOTAL,,"7,901","$7,687,431","$6,118,516"
15734,SG,,37,"$16,557","$13,166"
,80'S,,968,"$160,389","$128,131"
,OTHER,,"12,324","$12,642,976","$10,045,266"
,TOTAL,,"13,329","$12,819,922","$10,186,562"
15736,SG,,38,"$17,670","$14,136"
,80'S,,1,$192,$154
,OTHER,,662,"$681,391","$540,920"
,TOTAL,,701,"$699,253","$555,209"
15738,SG,,41,"$18,651","$14,903"
,80'S,,264,"$43,932","$34,676"
,OTHER,,"4,916","$4,751,062","$3,778,178"
,TOTAL,,"5,221","$4,813,645","$3,827,757"
15740,SG,,197,"$70,112","$55,924"
,OTHER,,"2,798","$1,912,062","$1,521,148"
,TOTAL,,"2,995","$1,982,175","$1,577,072"
15750,SG,,24,"$7,859","$6,288"
,80'S,,11,"$1,020",$816
,OTHER,,342,"$224,890","$179,544"
,TOTAL,,377,"$233,769","$186,648"
15756,SG,,3,"$1,301","$1,041"
,80'S,,92,"$34,614","$27,692"
,OTHER,,686,"$1,487,101","$1,181,357"
,TOTAL,,781,"$1,523,017","$1,210,090"
15757,SG,,9,"$3,681","$2,945"
,80'S,,51,"$18,735","$14,959"
,OTHER,,393,"$852,944","$678,207"
,TOTAL,,453,"$875,360","$696,110"
15758,SG,,3,"$1,446","$1,157"
,80'S,,20,"$7,701","$6,161"
,OTHER,,175,"$374,045","$297,292"
,TOTAL,,198,"$383,192","$304,610"
15760,SG,,90,"$33,055","$26,363"
,OTHER,,764,"$375,835","$299,117"
,TOTAL,,854,"$408,890","$325,480"
15770,SG,,57,"$19,681","$14,739"
,80'S,,64,"$3,267","$2,579"
,OTHER,,"1,068","$361,465","$286,309"
,TOTAL,,"1,189","$384,414","$303,626"
15776,OTHER,,1,$672,$538
,TOTAL,,1,$672,$538
15780,OTHER,,125,"$46,189","$36,449"
,TOTAL,,125,"$46,189","$36,449"
15781,OTHER,,312,"$96,999","$76,234"
,TOTAL,,312,"$96,999","$76,234"
15782,OTHER,,199,"$29,974","$23,760"
,TOTAL,,199,"$29,974","$23,760"
15783,OTHER,,95,"$20,901","$16,027"
,TOTAL,,95,"$20,901","$16,027"
15786,OTHER,,523,"$45,828","$33,415"
,TOTAL,,523,"$45,828","$33,415"
15787,OTHER,,69,"$1,398","$1,038"
,TOTAL,,69,"$1,398","$1,038"
15788,OTHER,,287,"$38,902","$29,515"
,TOTAL,,287,"$38,902","$29,515"
15789,OTHER,,49,"$14,719","$11,532"
,TOTAL,,49,"$14,719","$11,532"
15792,OTHER,,66,"$3,896","$2,967"
,TOTAL,,66,"$3,896","$2,967"
15793,OTHER,,17,"$3,098","$2,264"
,TOTAL,,17,"$3,098","$2,264"
15810,OTHER,,11,"$1,436","$1,021"
,TOTAL,,11,"$1,436","$1,021"
15811,OTHER,,8,"$1,760","$1,408"
,TOTAL,,8,"$1,760","$1,408"
15819,OTHER,,6,"$2,919","$2,335"
,TOTAL,,6,"$2,919","$2,335"
15820,OTHER,,114,"$42,676","$33,944"
,TOTAL,,114,"$42,676","$33,944"
15821,80'S,,3,$249,$199
,OTHER,,159,"$62,342","$49,600"
,TOTAL,,162,"$62,591","$49,799"
15822,OTHER,,"2,381","$911,226","$721,717"
,TOTAL,,"2,381","$911,226","$721,717"
15823,SG,,2,"$1,102",$882
,80'S,,2,$194,$155
,OTHER,,"28,058","$17,143,446","$13,615,942"
,TOTAL,,"28,062","$17,144,742","$13,616,979"
15824,OTHER,,9,"$7,622","$6,098"
,TOTAL,,9,"$7,622","$6,098"
15825,80'S,,1,$126,$101
,OTHER,,1,$836,$669
,TOTAL,,2,$962,$770
15828,OTHER,,7,"$4,361","$3,305"
,TOTAL,,7,"$4,361","$3,305"
15829,80'S,,1,$61,$49
,OTHER,,14,"$18,019","$14,407"
,TOTAL,,15,"$18,080","$14,456"
15831,80'S,,94,"$11,718","$9,294"
,OTHER,,755,"$542,563","$429,787"
,TOTAL,,849,"$554,281","$439,081"
15832,80'S,,2,$149,$119
,OTHER,,68,"$39,960","$31,968"
,TOTAL,,70,"$40,109","$32,087"
15833,OTHER,,16,"$8,398","$6,645"
,TOTAL,,16,"$8,398","$6,645"
15834,OTHER,,14,"$6,186","$4,949"
,TOTAL,,14,"$6,186","$4,949"
15835,OTHER,,7,"$3,836","$3,069"
,TOTAL,,7,"$3,836","$3,069"
15836,OTHER,,47,"$20,209","$16,167"
,TOTAL,,47,"$20,209","$16,167"
15837,OTHER,,20,"$7,317","$5,829"
,TOTAL,,20,"$7,317","$5,829"
15838,OTHER,,38,"$12,918","$10,270"
,TOTAL,,38,"$12,918","$10,270"
15839,80'S,,3,$210,$168
,OTHER,,173,"$67,342","$53,689"
,TOTAL,,176,"$67,552","$53,857"
15840,SG,,16,"$8,354","$6,683"
,OTHER,,249,"$210,747","$167,201"
,TOTAL,,265,"$219,101","$173,885"
15841,80'S,,4,"$1,114",$891
,OTHER,,17,"$20,481","$16,362"
,TOTAL,,21,"$21,595","$17,253"
15842,OTHER,,2,"$4,278","$3,422"
,TOTAL,,2,"$4,278","$3,422"
15845,SG,,39,"$20,968","$16,774"
,80'S,,29,"$3,939","$3,031"
,OTHER,,186,"$142,113","$112,669"
,TOTAL,,254,"$167,020","$132,474"
15851,OTHER,,"4,160","$200,959","$150,488"
,TOTAL,,"4,160","$200,959","$150,488"
15852,80'S,,1,$7,$6
,OTHER,,"5,270","$249,742","$193,462"
,TOTAL,,"5,271","$249,749","$193,468"
15860,OTHER,,205,"$18,962","$14,203"
,TOTAL,,205,"$18,962","$14,203"
15876,OTHER,,2,$702,$562
,TOTAL,,2,$702,$562
15877,OTHER,,7,"$4,905","$3,860"
,TOTAL,,7,"$4,905","$3,860"
15878,OTHER,,1,$487,$390
,TOTAL,,1,$487,$390
15879,OTHER,,5,"$1,563","$1,251"
,TOTAL,,5,"$1,563","$1,251"
15920,SG,,3,"$1,493","$1,194"
,80'S,,1,$83,$66
,OTHER,,187,"$74,663","$59,216"
,TOTAL,,191,"$76,239","$60,476"
15922,80'S,,3,$148,$118
,OTHER,,77,"$36,362","$29,089"
,TOTAL,,80,"$36,509","$29,207"
15931,SG,,10,"$4,574","$3,579"
,OTHER,,"1,177","$554,957","$442,970"
,TOTAL,,"1,187","$559,530","$446,549"
15933,SG,,1,$487,$389
,80'S,,3,$219,$175
,OTHER,,288,"$179,559","$142,552"
,TOTAL,,292,"$180,265","$143,117"
15934,SG,,2,$961,$769
,OTHER,,480,"$348,227","$278,383"
,TOTAL,,482,"$349,187","$279,151"
15935,80'S,,4,$563,$450
,OTHER,,225,"$189,423","$150,018"
,TOTAL,,229,"$189,986","$150,468"
15936,SG,,3,"$1,782","$1,426"
,80'S,,2,$147,$118
,OTHER,,"1,708","$1,075,502","$855,845"
,TOTAL,,"1,713","$1,077,432","$857,388"
15937,SG,,1,$576,$461
,80'S,,104,"$10,309","$8,242"
,OTHER,,"2,055","$1,342,634","$1,069,424"
,TOTAL,,"2,160","$1,353,519","$1,078,127"
15940,SG,,11,"$5,337","$4,270"
,OTHER,,628,"$297,533","$237,035"
,TOTAL,,639,"$302,871","$241,304"
15941,80'S,,1,$54,$43
,OTHER,,261,"$165,387","$131,557"
,TOTAL,,262,"$165,441","$131,600"
15944,SG,,4,"$1,965","$1,572"
,OTHER,,291,"$193,259","$152,413"
,TOTAL,,295,"$195,224","$153,986"
15945,80'S,,2,$206,$164
,OTHER,,166,"$121,641","$96,600"
,TOTAL,,168,"$121,847","$96,765"
15946,SG,,2,"$1,192",$954
,80'S,,93,"$19,566","$15,653"
,OTHER,,"2,399","$3,204,547","$2,534,734"
,TOTAL,,"2,494","$3,225,305","$2,551,340"
15950,SG,,4,"$1,409","$1,127"
,OTHER,,489,"$172,605","$137,757"
,TOTAL,,493,"$174,014","$138,884"
15951,80'S,,1,$51,$41
,OTHER,,166,"$95,256","$75,830"
,TOTAL,,167,"$95,307","$75,871"
15952,80'S,,2,$236,$189
,OTHER,,176,"$105,550","$84,306"
,TOTAL,,178,"$105,787","$84,495"
15953,OTHER,,116,"$77,603","$61,635"
,TOTAL,,116,"$77,603","$61,635"
15956,SG,,2,$955,$764
,80'S,,3,$514,$411
,OTHER,,706,"$597,367","$475,070"
,TOTAL,,711,"$598,836","$476,244"
15958,SG,,1,$567,$408
,80'S,,51,"$4,999","$3,999"
,OTHER,,760,"$539,320","$429,614"
,TOTAL,,812,"$544,886","$434,022"
15999,80'S,,5,"$1,260","$1,008"
,OTHER,,848,"$378,311","$302,123"
,TOTAL,,853,"$379,571","$303,132"
16000,OTHER,,"2,417","$118,602","$85,618"
,TOTAL,,"2,417","$118,602","$85,618"
16010,OTHER,,"1,280","$58,928","$44,604"
,TOTAL,,"1,280","$58,928","$44,604"
16015,SG,,3,"$1,019",$816
,OTHER,,835,"$109,316","$86,715"
,TOTAL,,838,"$110,335","$87,531"
16020,OTHER,,"17,935","$847,609","$636,301"
,TOTAL,,"17,935","$847,609","$636,301"
16025,OTHER,,"4,291","$406,357","$310,829"
,TOTAL,,"4,291","$406,357","$310,829"
16030,OTHER,,"2,092","$225,642","$176,582"
,TOTAL,,"2,092","$225,642","$176,582"
16035,SG,,2,$643,$514
,OTHER,,522,"$121,373","$96,440"
,TOTAL,,524,"$122,015","$96,954"
17000,OTHER,,"3,863,475","$170,174,392","$118,713,011"
,TOTAL,,"3,863,475","$170,174,392","$118,713,011"
17003,OTHER,,"10,961,214","$139,940,248","$106,181,123"
,TOTAL,,"10,961,214","$139,940,248","$106,181,123"
17004,OTHER,,"316,587","$57,302,009","$43,449,369"
,TOTAL,,"316,587","$57,302,009","$43,449,369"
17106,OTHER,,"2,618","$647,595","$501,538"
,TOTAL,,"2,618","$647,595","$501,538"
17107,OTHER,,953,"$476,002","$373,819"
,TOTAL,,953,"$476,002","$373,819"
17108,OTHER,,"1,788","$1,562,608","$1,241,396"
,TOTAL,,"1,788","$1,562,608","$1,241,396"
17110,OTHER,,"70,534","$3,262,159","$2,268,868"
,TOTAL,,"70,534","$3,262,159","$2,268,868"
17111,OTHER,,"3,221","$187,738","$135,266"
,TOTAL,,"3,221","$187,738","$135,266"
17250,OTHER,,"23,074","$792,000","$592,800"
,TOTAL,,"23,074","$792,000","$592,800"
17260,OTHER,,"21,128","$1,302,931","$980,783"
,TOTAL,,"21,128","$1,302,931","$980,783"
17261,OTHER,,"103,120","$8,182,552","$6,219,805"
,TOTAL,,"103,120","$8,182,552","$6,219,805"
17262,OTHER,,"118,787","$12,924,568","$9,940,494"
,TOTAL,,"118,787","$12,924,568","$9,940,494"
17263,OTHER,,"23,856","$3,154,273","$2,434,354"
,TOTAL,,"23,856","$3,154,273","$2,434,354"
17264,OTHER,,"4,390","$645,346","$499,196"
,TOTAL,,"4,390","$645,346","$499,196"
17266,SG,,1,$421,$337
,OTHER,,"1,437","$244,958","$190,001"
,TOTAL,,"1,438","$245,379","$190,338"
17270,OTHER,,"11,400","$979,013","$738,805"
,TOTAL,,"11,400","$979,013","$738,805"
17271,OTHER,,"47,514","$4,718,483","$3,593,495"
,TOTAL,,"47,514","$4,718,483","$3,593,495"
17272,OTHER,,"45,518","$5,724,685","$4,401,865"
,TOTAL,,"45,518","$5,724,685","$4,401,865"
17273,OTHER,,"8,067","$1,222,803","$949,680"
,TOTAL,,"8,067","$1,222,803","$949,680"
17274,OTHER,,"1,449","$275,870","$215,141"
,TOTAL,,"1,449","$275,870","$215,141"
17276,OTHER,,580,"$123,278","$96,250"
,TOTAL,,580,"$123,278","$96,250"
17280,OTHER,,"64,368","$5,496,281","$4,119,912"
,TOTAL,,"64,368","$5,496,281","$4,119,912"
17281,OTHER,,"148,948","$17,898,032","$13,676,048"
,TOTAL,,"148,948","$17,898,032","$13,676,048"
17282,OTHER,,"99,208","$14,856,172","$11,445,043"
,TOTAL,,"99,208","$14,856,172","$11,445,043"
17283,OTHER,,"14,556","$2,738,272","$2,129,309"
,TOTAL,,"14,556","$2,738,272","$2,129,309"
17284,OTHER,,"2,343","$526,372","$412,396"
,TOTAL,,"2,343","$526,372","$412,396"
17286,OTHER,,963,"$272,517","$213,963"
,TOTAL,,963,"$272,517","$213,963"
17304,OTHER,,"194,482","$91,996,449","$72,671,732"
,TOTAL,,"194,482","$91,996,449","$72,671,732"
17305,OTHER,,"107,443","$21,674,424","$17,231,343"
,TOTAL,,"107,443","$21,674,424","$17,231,343"
17306,OTHER,,"34,128","$6,361,215","$5,056,530"
,TOTAL,,"34,128","$6,361,215","$5,056,530"
17307,OTHER,,"17,631","$3,292,719","$2,620,410"
,TOTAL,,"17,631","$3,292,719","$2,620,410"
17310,OTHER,,"29,840","$1,661,301","$1,312,593"
,TOTAL,,"29,840","$1,661,301","$1,312,593"
17340,OTHER,,"18,842","$967,446","$677,157"
,TOTAL,,"18,842","$967,446","$677,157"
17360,OTHER,,"1,453","$124,588","$94,816"
,TOTAL,,"1,453","$124,588","$94,816"
17380,OTHER,,5,$462,$369
,TOTAL,,5,$462,$369
17999,80'S,,6,$414,$332
,OTHER,,920,"$192,277","$152,131"
,TOTAL,,926,"$192,692","$152,463"
19000,OTHER,,"37,148","$1,982,175","$1,479,438"
,TOTAL,,"37,148","$1,982,175","$1,479,438"
19001,OTHER,,"5,802","$177,704","$138,715"
,TOTAL,,"5,802","$177,704","$138,715"
19020,SG,,33,"$12,767","$9,870"
,80'S,,1,$19,$15
,OTHER,,"1,348","$286,478","$224,253"
,TOTAL,,"1,382","$299,264","$234,138"
19030,OTHER,,"2,004","$209,111","$163,738"
,TOTAL,,"2,004","$209,111","$163,738"
19100,SG,,273,"$80,022","$63,214"
,OTHER,,"35,729","$3,079,184","$2,387,439"
,TOTAL,,"36,002","$3,159,206","$2,450,653"
19101,SG,,"1,793","$732,042","$581,028"
,80'S,,2,$36,$29
,OTHER,,"61,701","$14,752,149","$11,664,346"
,TOTAL,,"63,496","$15,484,227","$12,245,403"
19110,SG,,83,"$34,804","$27,603"
,OTHER,,"1,222","$346,065","$273,237"
,TOTAL,,"1,305","$380,869","$300,840"
19112,SG,,13,"$6,484","$5,187"
,OTHER,,113,"$26,247","$20,553"
,TOTAL,,126,"$32,731","$25,740"
19120,SG,,"5,459","$2,602,871","$2,064,013"
,80'S,,14,$768,$615
,OTHER,,"58,569","$19,139,679","$15,126,923"
,TOTAL,,"64,042","$21,743,318","$17,191,551"
19125,SG,,"3,209","$1,538,490","$1,224,206"
,80'S,,40,"$2,296","$1,837"
,OTHER,,"57,554","$20,618,925","$16,316,177"
,TOTAL,,"60,803","$22,159,711","$17,542,219"
19126,SG,,103,"$30,227","$24,181"
,OTHER,,"2,511","$417,465","$332,416"
,TOTAL,,"2,614","$447,691","$356,598"
19140,SG,,150,"$88,616","$70,767"
,OTHER,,"2,407","$857,849","$679,073"
,TOTAL,,"2,557","$946,465","$749,839"
19160,SG,,772,"$368,676","$293,422"
,80'S,,99,"$6,087","$4,864"
,OTHER,,"20,161","$7,903,704","$6,278,756"
,TOTAL,,"21,032","$8,278,466","$6,577,043"
19162,SG,,387,"$364,726","$290,027"
,80'S,,"2,284","$319,028","$252,724"
,OTHER,,"17,271","$14,317,670","$11,387,278"
,TOTAL,,"19,942","$15,001,423","$11,930,029"
19180,SG,,101,"$59,658","$47,517"
,80'S,,"1,293","$113,969","$90,698"
,OTHER,,"11,003","$5,725,177","$4,553,952"
,TOTAL,,"12,397","$5,898,805","$4,692,167"
19182,SG,,57,"$33,318","$26,484"
,80'S,,37,"$3,049","$2,348"
,OTHER,,709,"$358,677","$283,617"
,TOTAL,,803,"$395,045","$312,449"
19200,80'S,,92,"$14,014","$10,997"
,OTHER,,519,"$422,443","$336,363"
,TOTAL,,611,"$436,457","$347,360"
19220,80'S,,30,"$4,881","$3,745"
,OTHER,,93,"$80,252","$64,180"
,TOTAL,,123,"$85,133","$67,924"
19240,80'S,,"6,281","$978,597","$778,035"
,OTHER,,"31,128","$28,380,961","$22,585,202"
,TOTAL,,"37,409","$29,359,557","$23,363,237"
19260,SG,,71,"$48,261","$37,117"
,80'S,,41,"$5,190","$4,138"
,OTHER,,643,"$500,883","$398,199"
,TOTAL,,755,"$554,334","$439,454"
19271,80'S,,20,"$4,570","$3,656"
,OTHER,,139,"$162,539","$130,031"
,TOTAL,,159,"$167,110","$133,688"
19272,80'S,,9,"$1,565","$1,252"
,OTHER,,24,"$25,539","$20,432"
,TOTAL,,33,"$27,104","$21,683"
19290,SG,,"1,023","$169,765","$135,542"
,80'S,,4,$30,$24
,OTHER,,"84,856","$5,372,903","$4,241,651"
,TOTAL,,"85,883","$5,542,698","$4,377,217"
19291,SG,,17,"$2,631","$2,105"
,OTHER,,"3,743","$136,303","$108,521"
,TOTAL,,"3,760","$138,934","$110,626"
19316,80'S,,13,"$1,505","$1,199"
,OTHER,,498,"$319,070","$254,363"
,TOTAL,,511,"$320,575","$255,562"
19318,SG,,243,"$144,151","$114,031"
,80'S,,340,"$62,939","$49,912"
,OTHER,,"2,987","$3,448,684","$2,726,665"
,TOTAL,,"3,570","$3,655,774","$2,890,608"
19324,80'S,,1,$29,$23
,OTHER,,11,"$3,218","$2,575"
,TOTAL,,12,"$3,248","$2,598"
19325,OTHER,,149,"$54,641","$43,044"
,TOTAL,,149,"$54,641","$43,044"
19328,SG,,101,"$25,150","$18,968"
,80'S,,1,$32,$25
,OTHER,,862,"$253,050","$200,077"
,TOTAL,,964,"$278,232","$219,071"
19330,SG,,69,"$16,346","$12,984"
,OTHER,,642,"$224,690","$177,333"
,TOTAL,,711,"$241,036","$190,317"
19340,SG,,67,"$20,002","$14,714"
,80'S,,2,$159,$127
,OTHER,,498,"$229,656","$182,038"
,TOTAL,,567,"$249,816","$196,879"
19342,SG,,87,"$35,862","$28,530"
,80'S,,8,"$1,070",$856
,OTHER,,"1,021","$793,033","$624,274"
,TOTAL,,"1,116","$829,965","$653,660"
19350,SG,,162,"$87,702","$69,698"
,80'S,,1,$103,$82
,OTHER,,"1,319","$691,050","$542,595"
,TOTAL,,"1,482","$778,854","$612,375"
19355,OTHER,,22,"$9,175","$7,335"
,TOTAL,,22,"$9,175","$7,335"
19357,SG,,36,"$24,620","$19,062"
,80'S,,92,"$18,099","$14,264"
,OTHER,,"1,769","$2,129,392","$1,687,319"
,TOTAL,,"1,897","$2,172,112","$1,720,645"
19361,80'S,,44,"$9,560","$7,648"
,OTHER,,373,"$507,032","$402,244"
,TOTAL,,417,"$516,593","$409,892"
19364,SG,,3,"$2,204","$1,763"
,80'S,,20,"$7,134","$5,678"
,OTHER,,109,"$243,300","$191,342"
,TOTAL,,132,"$252,637","$198,784"
19366,SG,,4,"$2,791","$2,233"
,80'S,,1,$197,$157
,OTHER,,81,"$106,350","$83,934"
,TOTAL,,86,"$109,339","$86,324"
19367,80'S,,77,"$21,075","$16,779"
,OTHER,,387,"$642,538","$509,719"
,TOTAL,,464,"$663,613","$526,498"
19368,80'S,,5,"$1,646","$1,204"
,OTHER,,31,"$57,690","$45,286"
,TOTAL,,36,"$59,336","$46,490"
19369,80'S,,4,"$1,215",$972
,OTHER,,41,"$74,315","$59,452"
,TOTAL,,45,"$75,530","$60,424"
19370,SG,,60,"$35,122","$28,060"
,OTHER,,612,"$269,965","$213,370"
,TOTAL,,672,"$305,087","$241,430"
19371,SG,,142,"$84,888","$67,607"
,OTHER,,"1,424","$877,509","$695,195"
,TOTAL,,"1,566","$962,398","$762,803"
19380,SG,,140,"$94,440","$75,374"
,OTHER,,"1,122","$642,905","$507,110"
,TOTAL,,"1,262","$737,345","$582,485"
19396,OTHER,,5,$964,$771
,TOTAL,,5,$964,$771
19499,80'S,,2,$336,$269
,OTHER,,460,"$156,016","$123,918"
,TOTAL,,462,"$156,351","$124,187"
20000,OTHER,MUSCULOSKELETAL,"3,723","417,693","316,265"
,TOTAL,,"3,723","417,693","316,265"
20005,SG,,28,"11,427","9,062"
,OTHER,,"2,965","566,084","445,398"
,TOTAL,,"2,993","577,511","454,459"
20100,AS,,3,228,182
,80'S,,19,"1,476","1,173"
,OTHER,,307,"122,974","97,892"
,TOTAL,,329,"124,678","99,247"
20101,OTHER,,110,"14,306","11,202"
,TOTAL,,110,"14,306","11,202"
20102,AS,,1,29,23
,80'S,,8,223,179
,OTHER,,368,"75,236","58,929"
,TOTAL,,377,"75,489","59,131"
20103,80'S,,6,258,206
,OTHER,,997,"262,075","205,726"
,TOTAL,,"1,003","262,333","205,932"
20150,AS,,1,60,48
,80'S,,1,75,60
,OTHER,,8,"2,539","2,031"
,TOTAL,,10,"2,674","2,140"
20200,SG,,35,"13,462","10,732"
,OTHER,,"1,269","108,254","84,914"
,TOTAL,,"1,304","121,716","95,646"
20205,SG,,110,"53,581","42,459"
,80'S,,2,26,21
,OTHER,,"3,366","497,373","391,540"
,TOTAL,,"3,478","550,980","434,020"
20206,SG,,18,"4,041","3,153"
,OTHER,,"5,789","412,757","322,817"
,TOTAL,,"5,807","416,798","325,969"
20220,SG,,35,"9,269","7,399"
,OTHER,,"8,573","964,247","763,301"
,TOTAL,,"8,608","973,515","770,700"
20225,SG,,16,"6,021","4,817"
,80'S,,3,54,43
,OTHER,,"10,755","1,284,764","1,019,465"
,TOTAL,,"10,774","1,290,839","1,024,325"
20240,SG,,29,"10,760","8,608"
,OTHER,,"1,164","235,630","185,204"
,TOTAL,,"1,193","246,390","193,811"
20245,SG,,29,"13,494","10,795"
,80'S,,3,117,94
,OTHER,,"1,453","353,674","280,027"
,TOTAL,,"1,485","367,285","290,916"
20250,AS,,4,124,99
,SG,,2,998,798
,80'S,,1,66,53
,OTHER,,187,"47,089","37,277"
,TOTAL,,194,"48,277","38,227"
20251,AS,,25,"1,061",849
,SG,,1,459,367
,80'S,,36,"1,650","1,246"
,OTHER,,338,"111,142","88,304"
,TOTAL,,400,"114,313","90,766"
20500,OTHER,,"1,152","87,360","66,647"
,TOTAL,,"1,152","87,360","66,647"
20501,OTHER,,"9,585","372,745","293,491"
,TOTAL,,"9,585","372,745","293,491"
20520,OTHER,,"2,657","342,234","254,891"
,TOTAL,,"2,657","342,234","254,891"
20525,SG,,147,"68,414","54,474"
,OTHER,,"1,672","383,885","300,371"
,TOTAL,,"1,819","452,299","354,845"
20550,80'S,,1,3,3
,OTHER,,"1,170,851","65,579,129","49,620,584"
,TOTAL,,"1,170,852","65,579,132","49,620,587"
20600,OTHER,,"355,539","18,652,090","13,883,470"
,TOTAL,,"355,539","18,652,090","13,883,470"
20605,80'S,,8,24,19
,OTHER,,"431,449","24,410,742","18,113,865"
,TOTAL,,"431,457","24,410,766","18,113,884"
20610,SG,,2,134,107
,80'S,,1,12,10
,OTHER,,"2,762,315","185,671,131","139,911,573"
,TOTAL,,"2,762,318","185,671,278","139,911,690"
20615,OTHER,,"1,220","154,423","118,636"
,TOTAL,,"1,220","154,423","118,636"
20650,SG,,242,"73,389","58,573"
,80'S,,22,305,244
,OTHER,,"3,444","355,037","279,541"
,TOTAL,,"3,708","428,731","338,358"
20660,SG,,16,"5,740","4,512"
,80'S,,7,200,160
,OTHER,,"2,836","431,298","340,324"
,TOTAL,,"2,859","437,239","344,996"
20661,80'S,,2,81,65
,OTHER,,"1,402","438,991","346,600"
,TOTAL,,"1,404","439,072","346,664"
20662,OTHER,,11,"3,642","2,914"
,TOTAL,,11,"3,642","2,914"
20663,OTHER,,3,851,681
,TOTAL,,3,851,681
20664,OTHER,,23,"10,078","7,647"
,TOTAL,,23,"10,078","7,647"
20665,SG,,1,314,251
,80'S,,1,15,12
,OTHER,,141,"11,848","9,102"
,TOTAL,,143,"12,177","9,365"
20670,SG,,462,"125,292","98,728"
,80'S,,3,47,38
,OTHER,,"14,219","1,902,457","1,475,060"
,TOTAL,,"14,684","2,027,796","1,573,826"
20680,AS,,160,"4,366","3,488"
,SG,,"3,521","1,557,819","1,229,544"
,80'S,,199,"5,996","4,791"
,OTHER,,"38,607","8,430,285","6,635,673"
,TOTAL,,"42,487","9,998,466","7,873,497"
20690,AS,,2,46,37
,SG,,99,"29,624","23,359"
,80'S,,3,66,53
,OTHER,,"3,281","439,064","348,457"
,TOTAL,,"3,385","468,800","371,905"
20692,AS,,43,"1,779","1,423"
,80'S,,63,"2,891","2,310"
,OTHER,,891,"240,217","190,013"
,TOTAL,,997,"244,888","193,746"
20693,AS,,1,68,54
,80'S,,1,58,46
,OTHER,,514,"177,665","139,687"
,TOTAL,,516,"177,791","139,788"
20694,SG,,394,"115,883","91,927"
,80'S,,4,125,100
,OTHER,,"3,941","1,048,870","827,929"
,TOTAL,,"4,339","1,164,879","919,956"
20802,OTHER,,1,346,277
,TOTAL,,1,346,277
20805,OTHER,,20,"2,282","1,640"
,TOTAL,,20,"2,282","1,640"
20808,OTHER,,4,"12,400","9,920"
,TOTAL,,4,"12,400","9,920"
20816,OTHER,,30,"62,610","48,902"
,TOTAL,,30,"62,610","48,902"
20822,80'S,,2,644,515
,OTHER,,21,"38,163","30,467"
,TOTAL,,23,"38,808","30,983"
20824,80'S,,3,"1,313","1,050"
,OTHER,,4,"10,986","8,724"
,TOTAL,,7,"12,299","9,774"
20827,80'S,,1,356,285
,OTHER,,15,"29,034","22,943"
,TOTAL,,16,"29,390","23,228"
20838,AS,,1,100,80
,TOTAL,,1,100,80
20900,AS,,63,"1,752","1,401"
,SG,,70,"18,723","14,725"
,80'S,,77,"2,630","2,099"
,OTHER,,"1,373","281,306","222,382"
,TOTAL,,"1,583","304,411","240,607"
20902,AS,,206,"7,984","6,359"
,SG,,35,"15,233","11,954"
,80'S,,484,"23,035","18,225"
,OTHER,,"3,325","1,008,266","797,479"
,TOTAL,,"4,050","1,054,518","834,016"
20910,SG,,3,"1,198",959
,OTHER,,88,"13,774","10,629"
,TOTAL,,91,"14,973","11,588"
20912,SG,,36,"10,833","8,482"
,80'S,,2,141,112
,OTHER,,360,"101,423","80,106"
,TOTAL,,398,"112,396","88,701"
20920,SG,,2,922,737
,OTHER,,79,"15,235","11,937"
,TOTAL,,81,"16,156","12,674"
20922,AS,,13,428,342
,SG,,4,954,763
,80'S,,32,"1,369","1,095"
,OTHER,,355,"87,756","70,036"
,TOTAL,,404,"90,506","72,236"
20924,AS,,19,682,546
,SG,,36,"14,502","11,602"
,80'S,,8,312,250
,OTHER,,263,"69,217","54,617"
,TOTAL,,326,"84,714","67,014"
20926,SG,,74,"35,203","28,008"
,80'S,,5,158,126
,OTHER,,"2,216","519,746","412,621"
,TOTAL,,"2,295","555,107","440,755"
20930,80'S,,1,23,18
,TOTAL,,1,23,18
20931,AS,,31,644,515
,80'S,,125,"2,625","2,071"
,OTHER,,"11,069","1,381,168","1,089,272"
,TOTAL,,"11,225","1,384,437","1,091,857"
20936,OTHER,,1,360,288
,TOTAL,,1,360,288
20937,AS,,"2,091","53,471","42,552"
,80'S,,"3,488","106,971","84,391"
,OTHER,,"16,030","3,013,265","2,380,805"
,TOTAL,,"21,609","3,173,707","2,507,748"
20938,AS,,611,"17,177","13,649"
,80'S,,"1,374","46,444","36,847"
,OTHER,,"6,995","1,444,419","1,134,747"
,TOTAL,,"8,980","1,508,040","1,185,243"
20950,OTHER,,211,"15,676","12,092"
,TOTAL,,211,"15,676","12,092"
20955,AS,,1,383,306
,80'S,,8,"3,342","2,674"
,OTHER,,85,"209,530","160,878"
,TOTAL,,94,"213,255","163,858"
20956,AS,,2,647,518
,80'S,,9,"3,517","2,814"
,OTHER,,59,"138,254","110,603"
,TOTAL,,70,"142,418","113,934"
20957,OTHER,,1,"2,295","1,836"
,TOTAL,,1,"2,295","1,836"
20962,SG,,1,309,247
,80'S,,4,"1,546","1,237"
,OTHER,,23,"49,747","37,883"
,TOTAL,,28,"51,602","39,367"
20969,AS,,2,854,683
,80'S,,18,"8,558","6,847"
,OTHER,,176,"510,468","408,119"
,TOTAL,,196,"519,880","415,649"
20970,80'S,,4,"2,036","1,629"
,OTHER,,32,"72,704","58,153"
,TOTAL,,36,"74,741","59,782"
20972,80'S,,1,480,384
,OTHER,,9,"22,949","18,359"
,TOTAL,,10,"23,430","18,744"
20973,80'S,,2,207,166
,OTHER,,4,"4,493","3,594"
,TOTAL,,6,"4,700","3,760"
20974,OTHER,,"1,474","142,511","111,287"
,TOTAL,,"1,474","142,511","111,287"
20975,AS,,173,"4,244","3,393"
,80'S,,258,"7,808","6,163"
,OTHER,,"1,668","303,622","239,853"
,TOTAL,,"2,099","315,674","249,409"
20999,AS,,26,385,291
,SG,,2,30,24
,80'S,,7,"1,046",837
,OTHER,,417,"86,458","68,810"
,TOTAL,,452,"87,919","69,962"
21010,80'S,,1,77,62
,OTHER,,52,"16,726","13,231"
,TOTAL,,53,"16,803","13,293"
21015,80'S,,4,143,114
,OTHER,,"2,769","814,619","648,076"
,TOTAL,,"2,773","814,762","648,190"
21025,SG,,23,"9,417","7,533"
,OTHER,,937,"421,103","332,833"
,TOTAL,,960,"430,520","340,366"
21026,SG,,8,"2,573","2,058"
,OTHER,,292,"76,829","60,384"
,TOTAL,,300,"79,402","62,443"
21029,OTHER,,73,"33,401","26,590"
,TOTAL,,73,"33,401","26,590"
21030,80'S,,1,30,24
,OTHER,,"1,705","595,529","466,276"
,TOTAL,,"1,706","595,559","466,300"
21031,OTHER,,"1,401","269,416","206,108"
,TOTAL,,"1,401","269,416","206,108"
21032,OTHER,,479,"109,984","83,879"
,TOTAL,,479,"109,984","83,879"
21034,AS,,1,64,51
,SG,,10,"4,654","3,723"
,80'S,,12,"1,337","1,070"
,OTHER,,169,"126,680","101,264"
,TOTAL,,192,"132,736","106,109"
21040,SG,,29,"10,793","8,356"
,80'S,,1,25,20
,OTHER,,"1,213","211,793","162,706"
,TOTAL,,"1,243","222,610","171,082"
21041,SG,,20,"7,650","5,885"
,80'S,,1,35,28
,OTHER,,"1,023","409,045","320,489"
,TOTAL,,"1,044","416,730","326,402"
21044,AS,,2,105,84
,SG,,3,805,644
,80'S,,23,"2,148","1,719"
,OTHER,,259,"154,158","123,211"
,TOTAL,,287,"157,216","125,658"
21045,AS,,3,289,231
,80'S,,46,"6,074","4,859"
,OTHER,,309,"244,912","195,616"
,TOTAL,,358,"251,275","200,706"
21050,SG,,1,240,192
,80'S,,3,246,197
,OTHER,,34,"20,773","16,619"
,TOTAL,,38,"21,259","17,007"
21060,SG,,1,218,175
,80'S,,5,443,355
,OTHER,,27,"14,920","11,784"
,TOTAL,,33,"15,582","12,313"
21070,80'S,,4,213,170
,OTHER,,70,"28,560","22,768"
,TOTAL,,74,"28,773","22,939"
21076,OTHER,,234,"216,465","173,042"
,TOTAL,,234,"216,465","173,042"
21077,OTHER,,49,"108,324","85,990"
,TOTAL,,49,"108,324","85,990"
21079,OTHER,,406,"565,166","449,219"
,TOTAL,,406,"565,166","449,219"
21080,OTHER,,511,"851,383","675,219"
,TOTAL,,511,"851,383","675,219"
21081,OTHER,,199,"298,218","237,814"
,TOTAL,,199,"298,218","237,814"
21082,OTHER,,66,"77,710","61,731"
,TOTAL,,66,"77,710","61,731"
21083,OTHER,,56,"73,795","58,857"
,TOTAL,,56,"73,795","58,857"
21084,OTHER,,48,"65,305","52,043"
,TOTAL,,48,"65,305","52,043"
21085,80'S,,1,50,40
,OTHER,,603,"302,002","238,467"
,TOTAL,,604,"302,052","238,508"
21086,OTHER,,52,"87,873","69,579"
,TOTAL,,52,"87,873","69,579"
21087,OTHER,,136,"209,003","164,745"
,TOTAL,,136,"209,003","164,745"
21088,OTHER,,23,"64,790","51,832"
,TOTAL,,23,"64,790","51,832"
21089,OTHER,,778,"401,845","319,607"
,TOTAL,,778,"401,845","319,607"
21100,OTHER,,13,"1,529","1,224"
,TOTAL,,13,"1,529","1,224"
21110,OTHER,,374,"117,133","91,931"
,TOTAL,,374,"117,133","91,931"
21116,OTHER,,128,"10,545","8,128"
,TOTAL,,128,"10,545","8,128"
21120,OTHER,,12,"2,283","1,826"
,TOTAL,,12,"2,283","1,826"
21121,AS,,1,71,57
,80'S,,3,167,134
,OTHER,,23,"7,504","6,003"
,TOTAL,,27,"7,743","6,194"
21122,OTHER,,9,"7,505","6,004"
,TOTAL,,9,"7,505","6,004"
21125,80'S,,3,208,167
,OTHER,,31,"11,485","9,188"
,TOTAL,,34,"11,694","9,355"
21127,80'S,,2,109,87
,OTHER,,8,"3,297","2,638"
,TOTAL,,10,"3,406","2,724"
21137,OTHER,,3,"1,327","1,062"
,TOTAL,,3,"1,327","1,062"
21138,OTHER,,5,"3,049","2,314"
,TOTAL,,5,"3,049","2,314"
21141,80'S,,5,669,535
,OTHER,,22,"19,658","15,266"
,TOTAL,,27,"20,327","15,801"
21142,OTHER,,7,"3,539","2,831"
,TOTAL,,7,"3,539","2,831"
21143,OTHER,,2,"2,610","2,069"
,TOTAL,,2,"2,610","2,069"
21145,OTHER,,16,"11,085","8,825"
,TOTAL,,16,"11,085","8,825"
21146,80'S,,1,212,170
,OTHER,,3,"3,953","3,163"
,TOTAL,,4,"4,165","3,332"
21147,80'S,,1,220,176
,OTHER,,2,"2,790","2,232"
,TOTAL,,3,"3,010","2,408"
21150,OTHER,,6,"5,615","4,492"
,TOTAL,,6,"5,615","4,492"
21151,OTHER,,3,"2,332","1,865"
,TOTAL,,3,"2,332","1,865"
21154,80'S,,1,305,244
,OTHER,,3,"5,551","4,441"
,TOTAL,,4,"5,856","4,685"
21155,OTHER,,3,"4,972","3,977"
,TOTAL,,3,"4,972","3,977"
21160,OTHER,,8,"3,784","2,947"
,TOTAL,,8,"3,784","2,947"
21172,OTHER,,49,"27,007","21,514"
,TOTAL,,49,"27,007","21,514"
21175,OTHER,,3,"2,397","1,917"
,TOTAL,,3,"2,397","1,917"
21179,80'S,,1,144,115
,OTHER,,14,"19,022","14,944"
,TOTAL,,15,"19,166","15,059"
21180,80'S,,1,150,120
,OTHER,,3,"4,079","3,263"
,TOTAL,,4,"4,229","3,383"
21181,OTHER,,17,"8,775","7,020"
,TOTAL,,17,"8,775","7,020"
21182,AS,,1,164,131
,80'S,,6,"1,741","1,393"
,OTHER,,26,"44,393","35,353"
,TOTAL,,33,"46,299","36,877"
21183,OTHER,,2,"4,051","3,241"
,TOTAL,,2,"4,051","3,241"
21188,80'S,,2,378,302
,OTHER,,10,"13,704","10,963"
,TOTAL,,12,"14,081","11,265"
21193,80'S,,7,"1,244",915
,OTHER,,31,"27,591","21,965"
,TOTAL,,38,"28,834","22,880"
21194,80'S,,2,388,311
,OTHER,,5,"6,077","4,862"
,TOTAL,,7,"6,465","5,172"
21195,80'S,,1,199,159
,OTHER,,7,"5,392","4,314"
,TOTAL,,8,"5,591","4,473"
21196,80'S,,27,"5,868","4,694"
,OTHER,,104,"97,240","76,649"
,TOTAL,,131,"103,108","81,344"
21198,AS,,2,103,82
,80'S,,24,"3,122","2,435"
,OTHER,,192,"135,597","106,734"
,TOTAL,,218,"138,821","109,251"
21206,SG,,1,632,506
,80'S,,3,275,145
,OTHER,,21,"10,620","7,971"
,TOTAL,,25,"11,527","8,622"
21208,SG,,10,"8,216","6,573"
,80'S,,2,224,179
,OTHER,,119,"67,188","53,196"
,TOTAL,,131,"75,628","59,948"
21209,AS,,1,57,45
,SG,,5,"3,330","2,664"
,80'S,,1,37,29
,OTHER,,28,"10,120","7,685"
,TOTAL,,35,"13,543","10,424"
21210,SG,,9,"7,750","6,200"
,OTHER,,467,"305,291","241,260"
,TOTAL,,476,"313,041","247,460"
21215,SG,,12,"10,167","8,133"
,OTHER,,367,"229,512","181,699"
,TOTAL,,379,"239,679","189,833"
21230,SG,,3,"2,792","2,233"
,OTHER,,41,"26,740","21,392"
,TOTAL,,44,"29,532","23,625"
21235,SG,,201,"184,981","147,861"
,80'S,,1,45,36
,OTHER,,"1,602","567,635","450,581"
,TOTAL,,"1,804","752,661","598,479"
21240,SG,,8,"5,131","4,104"
,80'S,,48,"7,328","5,504"
,OTHER,,201,"203,324","159,729"
,TOTAL,,257,"215,783","169,338"
21242,80'S,,6,934,747
,OTHER,,24,"23,155","18,524"
,TOTAL,,30,"24,089","19,271"
21243,80'S,,12,"2,458","1,967"
,OTHER,,57,"73,491","58,485"
,TOTAL,,69,"75,949","60,452"
21244,AS,,2,86,69
,SG,,4,"3,721","2,977"
,80'S,,33,"2,912","2,330"
,OTHER,,254,"145,482","115,810"
,TOTAL,,293,"152,201","121,185"
21245,SG,,5,"4,182","2,841"
,80'S,,6,436,349
,OTHER,,43,"24,276","19,341"
,TOTAL,,54,"28,894","22,530"
21246,SG,,2,"1,965","1,492"
,80'S,,2,196,157
,OTHER,,17,"9,330","7,421"
,TOTAL,,21,"11,492","9,070"
21247,80'S,,1,270,216
,OTHER,,5,"6,045","4,836"
,TOTAL,,6,"6,315","5,052"
21248,SG,,11,"10,635","8,430"
,OTHER,,219,"129,864","102,701"
,TOTAL,,230,"140,499","111,131"
21249,SG,,3,"2,933","2,252"
,80'S,,1,79,64
,OTHER,,108,"91,302","73,042"
,TOTAL,,112,"94,314","75,358"
21255,80'S,,1,90,72
,OTHER,,10,"5,779","4,624"
,TOTAL,,11,"5,869","4,695"
21256,80'S,,2,190,152
,OTHER,,17,"16,074","12,859"
,TOTAL,,19,"16,264","13,011"
21260,OTHER,,2,"1,885","1,508"
,TOTAL,,2,"1,885","1,508"
21261,80'S,,1,172,137
,OTHER,,2,"3,053","2,442"
,TOTAL,,3,"3,225","2,580"
21267,SG,,1,983,787
,80'S,,1,190,152
,OTHER,,15,"17,414","13,427"
,TOTAL,,17,"18,588","14,366"
21268,OTHER,,1,"1,000",800
,TOTAL,,1,"1,000",800
21270,SG,,1,680,544
,OTHER,,40,"22,501","17,841"
,TOTAL,,41,"23,182","18,385"
21275,AS,,1,55,44
,SG,,2,"1,482","1,185"
,80'S,,2,213,170
,OTHER,,30,"21,862","17,489"
,TOTAL,,35,"23,612","18,889"
21280,SG,,83,"54,819","43,775"
,80'S,,3,194,155
,OTHER,,307,"94,130","75,144"
,TOTAL,,393,"149,143","119,075"
21282,SG,,176,"120,987","96,059"
,80'S,,1,23,18
,OTHER,,"1,039","231,463","184,478"
,TOTAL,,"1,216","352,473","280,555"
21295,OTHER,,4,438,325
,TOTAL,,4,438,325
21296,OTHER,,3,668,534
,TOTAL,,3,668,534
21299,80'S,,3,624,499
,OTHER,,319,"133,915","105,707"
,TOTAL,,322,"134,540","106,207"
21300,SG,,1,423,339
,OTHER,,37,"1,599","1,208"
,TOTAL,,38,"2,023","1,547"
21310,SG,,12,"4,682","3,665"
,OTHER,,"1,565","59,394","45,729"
,TOTAL,,"1,577","64,076","49,394"
21315,SG,,12,"4,670","3,736"
,OTHER,,482,"54,248","42,525"
,TOTAL,,494,"58,919","46,261"
21320,SG,,79,"29,593","23,641"
,OTHER,,"1,289","173,096","135,597"
,TOTAL,,"1,368","202,689","159,238"
21325,SG,,16,"8,672","6,937"
,OTHER,,266,"38,164","29,734"
,TOTAL,,282,"46,836","36,671"
21330,SG,,6,"3,988","3,191"
,OTHER,,122,"43,435","34,421"
,TOTAL,,128,"47,424","37,612"
21335,SG,,46,"44,231","35,305"
,OTHER,,604,"381,700","301,595"
,TOTAL,,650,"425,932","336,900"
21336,OTHER,,91,"30,394","23,744"
,TOTAL,,91,"30,394","23,744"
21337,SG,,28,"11,349","9,079"
,OTHER,,263,"49,858","39,563"
,TOTAL,,291,"61,207","48,643"
21338,SG,,1,322,257
,OTHER,,20,"5,113","4,090"
,TOTAL,,21,"5,434","4,347"
21339,OTHER,,6,"2,176","1,741"
,TOTAL,,6,"2,176","1,741"
21340,SG,,1,322,257
,80'S,,1,56,45
,OTHER,,15,"6,000","4,800"
,TOTAL,,17,"6,378","5,103"
21343,OTHER,,29,"19,868","15,894"
,TOTAL,,29,"19,868","15,894"
21344,80'S,,2,232,186
,OTHER,,21,"20,817","15,802"
,TOTAL,,23,"21,049","15,988"
21345,OTHER,,13,"7,283","5,826"
,TOTAL,,13,"7,283","5,826"
21346,OTHER,,39,"26,367","20,446"
,TOTAL,,39,"26,367","20,446"
21347,80'S,,8,866,693
,OTHER,,55,"38,680","30,864"
,TOTAL,,63,"39,546","31,556"
21348,OTHER,,1,"1,159",927
,TOTAL,,1,"1,159",927
21355,SG,,2,961,769
,OTHER,,26,"4,512","3,409"
,TOTAL,,28,"5,474","4,178"
21356,80'S,,2,112,90
,OTHER,,116,"31,235","24,276"
,TOTAL,,118,"31,347","24,366"
21360,SG,,3,"1,138",887
,80'S,,6,385,308
,OTHER,,118,"47,002","37,063"
,TOTAL,,127,"48,525","38,259"
21365,AS,,2,330,264
,SG,,6,"3,656","2,925"
,80'S,,41,"6,228","4,983"
,OTHER,,467,"443,241","352,804"
,TOTAL,,516,"453,456","360,976"
21366,80'S,,2,379,303
,OTHER,,9,"10,438","8,351"
,TOTAL,,11,"10,817","8,653"
21385,SG,,1,681,545
,80'S,,2,179,143
,OTHER,,33,"18,031","14,425"
,TOTAL,,36,"18,891","15,113"
21386,SG,,2,"1,392","1,114"
,80'S,,6,529,423
,OTHER,,71,"36,591","29,113"
,TOTAL,,79,"38,512","30,650"
21387,AS,,2,107,86
,SG,,1,683,546
,80'S,,1,104,84
,OTHER,,32,"15,265","11,939"
,TOTAL,,36,"16,160","12,655"
21390,SG,,17,"16,242","12,994"
,80'S,,32,"3,786","3,029"
,OTHER,,439,"294,761","234,355"
,TOTAL,,488,"314,790","250,378"
21395,80'S,,3,351,190
,OTHER,,33,"21,514","16,579"
,TOTAL,,36,"21,865","16,768"
21400,80'S,,1,8,6
,OTHER,,75,"6,598","5,091"
,TOTAL,,76,"6,606","5,097"
21401,OTHER,,8,"1,392","1,100"
,TOTAL,,8,"1,392","1,100"
21406,SG,,1,290,208
,80'S,,2,77,62
,OTHER,,59,"19,881","15,876"
,TOTAL,,62,"20,248","16,146"
21407,AS,,1,41,33
,SG,,4,"2,725","2,180"
,80'S,,6,349,280
,OTHER,,94,"37,457","29,749"
,TOTAL,,105,"40,572","32,241"
21408,80'S,,2,191,153
,OTHER,,12,"6,177","4,942"
,TOTAL,,14,"6,368","5,095"
21421,SG,,1,596,477
,OTHER,,46,"14,918","11,536"
,TOTAL,,47,"15,515","12,013"
21422,AS,,1,42,34
,80'S,,11,946,757
,OTHER,,98,"44,236","34,522"
,TOTAL,,110,"45,224","35,313"
21423,80'S,,7,785,618
,OTHER,,63,"35,230","28,162"
,TOTAL,,70,"36,015","28,780"
21431,OTHER,,2,947,758
,TOTAL,,2,947,758
21432,OTHER,,9,"3,757","3,005"
,TOTAL,,9,"3,757","3,005"
21433,AS,,1,220,176
,80'S,,1,200,160
,OTHER,,21,"32,437","25,950"
,TOTAL,,23,"32,857","26,285"
21435,80'S,,2,360,288
,OTHER,,16,"16,746","13,397"
,TOTAL,,18,"17,106","13,685"
21436,OTHER,,6,"7,775","6,220"
,TOTAL,,6,"7,775","6,220"
21440,SG,,1,513,400
,OTHER,,111,"23,867","18,590"
,TOTAL,,112,"24,380","18,990"
21445,SG,,1,633,506
,OTHER,,48,"17,294","13,818"
,TOTAL,,49,"17,926","14,324"
21450,OTHER,,129,"25,648","20,397"
,TOTAL,,129,"25,648","20,397"
21451,SG,,1,589,471
,OTHER,,95,"29,552","23,214"
,TOTAL,,96,"30,141","23,685"
21452,80'S,,2,38,30
,OTHER,,17,"2,459","1,967"
,TOTAL,,19,"2,497","1,997"
21453,SG,,2,977,782
,80'S,,2,141,113
,OTHER,,323,"127,962","101,053"
,TOTAL,,327,"129,080","101,948"
21454,SG,,2,"1,360","1,088"
,80'S,,6,380,304
,OTHER,,53,"20,024","15,624"
,TOTAL,,61,"21,764","17,016"
21461,80'S,,10,922,715
,OTHER,,204,"109,908","87,194"
,TOTAL,,214,"110,830","87,909"
21462,SG,,1,670,536
,80'S,,21,"2,288","1,831"
,OTHER,,253,"160,917","127,746"
,TOTAL,,275,"163,876","130,113"
21465,SG,,2,"1,058",846
,80'S,,6,754,604
,OTHER,,40,"26,354","21,021"
,TOTAL,,48,"28,167","22,471"
21470,SG,,2,"1,429","1,143"
,80'S,,45,"7,354","5,869"
,OTHER,,459,"455,452","361,677"
,TOTAL,,506,"464,235","368,689"
21480,SG,,2,458,366
,OTHER,,"1,259","60,521","46,178"
,TOTAL,,"1,261","60,979","46,545"
21485,SG,,2,826,660
,80'S,,1,17,14
,OTHER,,401,"77,317","59,646"
,TOTAL,,404,"78,159","60,321"
21490,80'S,,1,55,44
,OTHER,,22,"12,927","10,272"
,TOTAL,,23,"12,982","10,316"
21493,OTHER,,1,81,62
,TOTAL,,1,81,62
21494,OTHER,,1,333,266
,TOTAL,,1,333,266
21495,80'S,,2,67,53
,OTHER,,10,"2,180","1,710"
,TOTAL,,12,"2,247","1,763"
21497,SG,,2,602,482
,80'S,,1,43,34
,OTHER,,47,"9,983","7,969"
,TOTAL,,50,"10,628","8,486"
21499,AS,,1,53,43
,OTHER,,143,"164,987","131,916"
,TOTAL,,144,"165,041","131,959"
21501,SG,,34,"13,469","10,776"
,80'S,,4,173,138
,OTHER,,"2,576","542,690","427,534"
,TOTAL,,"2,614","556,333","438,448"
21502,AS,,1,70,56
,80'S,,3,203,162
,OTHER,,34,"13,911","11,093"
,TOTAL,,38,"14,184","11,311"
21510,SG,,1,509,407
,80'S,,1,69,55
,OTHER,,80,"29,414","23,374"
,TOTAL,,82,"29,992","23,837"
21550,SG,,88,"25,860","20,579"
,OTHER,,"3,262","363,483","282,851"
,TOTAL,,"3,350","389,343","303,430"
21555,SG,,524,"205,696","162,981"
,80'S,,1,44,35
,OTHER,,"5,459","1,272,392","997,782"
,TOTAL,,"5,984","1,478,131","1,160,799"
21556,SG,,368,"149,870","119,067"
,80'S,,9,613,490
,OTHER,,"4,876","1,624,404","1,282,125"
,TOTAL,,"5,253","1,774,888","1,401,682"
21557,AS,,14,"1,096",877
,80'S,,152,"14,186","11,340"
,OTHER,,"1,750","840,901","668,696"
,TOTAL,,"1,916","856,183","680,913"
21600,AS,,17,779,623
,SG,,3,851,681
,80'S,,45,"2,231","1,785"
,OTHER,,671,"228,617","182,052"
,TOTAL,,736,"232,478","185,140"
21610,AS,,1,73,59
,80'S,,5,435,348
,OTHER,,61,"22,207","17,684"
,TOTAL,,67,"22,716","18,091"
21615,AS,,4,354,284
,80'S,,20,"2,256","1,805"
,OTHER,,88,"60,301","46,359"
,TOTAL,,112,"62,912","48,448"
21616,AS,,1,106,85
,OTHER,,3,"1,979","1,519"
,TOTAL,,4,"2,086","1,604"
21620,AS,,19,"1,059",847
,SG,,1,444,355
,80'S,,39,"2,129","1,700"
,OTHER,,384,"156,952","123,930"
,TOTAL,,443,"160,584","126,833"
21627,AS,,220,"16,669","13,290"
,80'S,,195,"16,020","12,799"
,OTHER,,"3,404","1,519,664","1,206,234"
,TOTAL,,"3,819","1,552,354","1,232,323"
21630,AS,,23,"3,117","2,494"
,80'S,,53,"7,141","5,696"
,OTHER,,574,"441,186","350,929"
,TOTAL,,650,"451,444","359,118"
21632,AS,,5,589,471
,80'S,,11,"1,222",978
,OTHER,,76,"52,925","42,340"
,TOTAL,,92,"54,735","43,788"
21700,AS,,1,31,25
,SG,,1,213,170
,80'S,,11,498,364
,OTHER,,179,"22,991","17,711"
,TOTAL,,192,"23,733","18,270"
21705,80'S,,6,304,243
,OTHER,,26,"9,219","7,376"
,TOTAL,,32,"9,523","7,618"
21720,AS,,1,55,44
,80'S,,1,35,28
,OTHER,,25,"5,565","4,043"
,TOTAL,,27,"5,655","4,115"
21725,OTHER,,4,"1,406","1,125"
,TOTAL,,4,"1,406","1,125"
21740,AS,,7,"1,019",816
,80'S,,3,495,396
,OTHER,,28,"25,978","20,783"
,TOTAL,,38,"27,492","21,994"
21750,AS,,354,"34,254","27,397"
,80'S,,142,"16,657","13,256"
,OTHER,,"2,252","1,332,005","1,058,003"
,TOTAL,,"2,748","1,382,916","1,098,656"
21800,OTHER,,"11,057","655,507","498,426"
,TOTAL,,"11,057","655,507","498,426"
21805,OTHER,,31,"5,025","4,020"
,TOTAL,,31,"5,025","4,020"
21810,80'S,,6,308,246
,OTHER,,22,"8,029","6,423"
,TOTAL,,28,"8,337","6,670"
21820,OTHER,,157,"14,004","10,875"
,TOTAL,,157,"14,004","10,875"
21825,AS,,5,326,261
,80'S,,5,369,295
,OTHER,,71,"33,401","26,721"
,TOTAL,,81,"34,096","27,277"
21899,AS,,1,106,85
,80'S,,1,68,54
,OTHER,,183,"83,302","66,346"
,TOTAL,,185,"83,477","66,486"
21920,SG,,26,"6,828","5,357"
,OTHER,,"1,398","164,150","125,695"
,TOTAL,,"1,424","170,978","131,052"
21925,SG,,23,"8,358","6,514"
,80'S,,1,25,20
,OTHER,,576,"161,714","127,419"
,TOTAL,,600,"170,097","133,952"
21930,SG,,528,"202,379","159,932"
,OTHER,,"5,926","1,656,392","1,301,977"
,TOTAL,,"6,454","1,858,771","1,461,909"
21935,AS,,1,140,112
,SG,,39,"17,376","13,550"
,80'S,,1,185,148
,OTHER,,"1,119","1,064,792","846,434"
,TOTAL,,"1,160","1,082,494","860,244"
22100,AS,,1,94,75
,80'S,,17,"1,209",913
,OTHER,,66,"29,761","23,648"
,TOTAL,,84,"31,064","24,636"
22101,AS,,2,135,108
,80'S,,5,309,247
,OTHER,,50,"25,131","19,679"
,TOTAL,,57,"25,576","20,034"
22102,AS,,12,985,788
,SG,,1,499,399
,80'S,,12,648,519
,OTHER,,168,"87,499","69,199"
,TOTAL,,193,"89,631","70,904"
22103,AS,,9,197,158
,80'S,,15,376,300
,OTHER,,147,"26,396","20,557"
,TOTAL,,171,"26,969","21,015"
22110,AS,,4,373,298
,80'S,,15,"1,540","1,232"
,OTHER,,77,"44,508","35,474"
,TOTAL,,96,"46,422","37,004"
22112,AS,,1,135,108
,80'S,,3,350,280
,OTHER,,27,"17,144","13,659"
,TOTAL,,31,"17,630","14,047"
22114,AS,,5,401,321
,80'S,,26,"2,516","2,013"
,OTHER,,93,"50,942","40,718"
,TOTAL,,124,"53,859","43,051"
22116,AS,,4,84,67
,80'S,,25,655,524
,OTHER,,121,"17,897","14,116"
,TOTAL,,150,"18,636","14,707"
22210,AS,,3,524,420
,80'S,,12,"2,939","2,167"
,OTHER,,98,"140,000","109,372"
,TOTAL,,113,"143,463","111,959"
22212,AS,,1,176,141
,80'S,,3,657,525
,OTHER,,75,"70,858","56,119"
,TOTAL,,79,"71,690","56,785"
22214,AS,,61,"6,744","5,396"
,80'S,,94,"12,983","10,306"
,OTHER,,351,"300,622","237,866"
,TOTAL,,506,"320,350","253,568"
22216,AS,,60,"3,117","2,494"
,80'S,,115,"7,346","5,685"
,OTHER,,562,"223,660","176,673"
,TOTAL,,737,"234,123","184,852"
22220,AS,,10,"2,122","1,697"
,80'S,,26,"5,891","4,633"
,OTHER,,84,"110,764","85,606"
,TOTAL,,120,"118,776","91,936"
22222,80'S,,3,420,336
,OTHER,,50,"17,821","13,709"
,TOTAL,,53,"18,241","14,045"
22224,AS,,4,613,490
,80'S,,31,"5,516","4,412"
,OTHER,,93,"93,693","74,955"
,TOTAL,,128,"99,821","79,857"
22226,AS,,6,348,278
,80'S,,58,"3,756","3,005"
,OTHER,,139,"55,668","43,954"
,TOTAL,,203,"59,772","47,237"
22305,OTHER,,"2,938","450,522","352,201"
,TOTAL,,"2,938","450,522","352,201"
22310,OTHER,,"9,297","1,870,243","1,472,249"
,TOTAL,,"9,297","1,870,243","1,472,249"
22315,SG,,1,402,321
,80'S,,2,110,88
,OTHER,,612,"346,907","275,227"
,TOTAL,,615,"347,418","275,636"
22318,AS,,8,"1,552","1,241"
,80'S,,42,"8,698","6,916"
,OTHER,,156,"201,838","161,443"
,TOTAL,,206,"212,088","169,601"
22319,AS,,1,276,221
,80'S,,4,835,668
,OTHER,,10,"17,272","13,818"
,TOTAL,,15,"18,383","14,707"
22325,AS,,52,"6,088","4,871"
,SG,,6,"2,904","2,323"
,80'S,,137,"18,788","15,030"
,OTHER,,865,"783,469","626,082"
,TOTAL,,"1,060","811,249","648,306"
22326,AS,,24,"3,187","2,549"
,80'S,,71,"11,193","8,954"
,OTHER,,377,"361,481","289,032"
,TOTAL,,472,"375,860","300,535"
22327,AS,,27,"4,472","3,578"
,SG,,2,934,747
,80'S,,67,"12,678","10,142"
,OTHER,,578,"715,370","570,225"
,TOTAL,,674,"733,454","584,692"
22328,AS,,20,878,702
,SG,,5,"1,401","1,121"
,80'S,,43,"2,170","1,736"
,OTHER,,387,"124,083","99,266"
,TOTAL,,455,"128,531","102,825"
22505,SG,,24,"9,420","7,418"
,OTHER,,490,"64,763","50,894"
,TOTAL,,514,"74,183","58,312"
22548,AS,,4,976,781
,80'S,,24,"6,869","5,496"
,OTHER,,104,"170,672","136,042"
,TOTAL,,132,"178,518","142,319"
22554,AS,,"2,103","352,670","279,165"
,80'S,,"3,456","680,568","536,668"
,OTHER,,"16,290","19,456,308","15,276,031"
,TOTAL,,"21,849","20,489,547","16,091,863"
22556,AS,,40,"6,110","4,888"
,80'S,,151,"29,568","23,137"
,OTHER,,776,"869,111","684,147"
,TOTAL,,967,"904,790","712,172"
22558,AS,,230,"41,910","33,290"
,80'S,,594,"129,536","101,368"
,OTHER,,"4,227","4,204,624","3,301,099"
,TOTAL,,"5,051","4,376,069","3,435,756"
22585,AS,,"1,665","84,830","67,401"
,80'S,,"3,120","190,136","150,033"
,OTHER,,"13,807","5,080,469","4,002,420"
,TOTAL,,"18,592","5,355,435","4,219,854"
22590,AS,,20,"3,573","2,859"
,80'S,,91,"21,331","17,065"
,OTHER,,451,"601,750","479,100"
,TOTAL,,562,"626,654","499,023"
22595,AS,,67,"12,898","9,921"
,80'S,,168,"38,908","30,935"
,OTHER,,751,"1,024,460","805,981"
,TOTAL,,986,"1,076,266","846,837"
22600,AS,,272,"29,418","23,397"
,80'S,,547,"73,273","57,648"
,OTHER,,"2,819","2,100,390","1,660,233"
,TOTAL,,"3,638","2,203,081","1,741,277"
22610,AS,,103,"11,276","8,885"
,80'S,,250,"33,755","26,635"
,OTHER,,"1,159","924,935","731,969"
,TOTAL,,"1,512","969,967","767,490"
22612,AS,,"3,795","742,893","591,847"
,80'S,,"6,551","1,541,915","1,220,923"
,OTHER,,"24,873","35,182,966","27,860,233"
,TOTAL,,"35,219","37,467,773","29,673,003"
22614,AS,,"4,047","233,978","186,557"
,80'S,,"9,156","526,091","417,388"
,OTHER,,"30,548","12,845,609","10,196,030"
,TOTAL,,"43,751","13,605,678","10,799,975"
22630,AS,,"1,031","149,086","118,249"
,80'S,,"1,497","261,198","205,745"
,OTHER,,"5,579","5,830,209","4,603,377"
,TOTAL,,"8,107","6,240,492","4,927,371"
22632,AS,,345,"16,597","12,965"
,80'S,,456,"25,964","20,497"
,OTHER,,"2,050","660,247","521,212"
,TOTAL,,"2,851","702,808","554,673"
22800,AS,,27,"4,350","3,480"
,80'S,,116,"22,409","17,927"
,OTHER,,399,"454,098","362,681"
,TOTAL,,542,"480,857","384,088"
22802,AS,,20,"5,551","4,441"
,80'S,,81,"26,924","21,539"
,OTHER,,301,"599,776","475,325"
,TOTAL,,402,"632,251","501,305"
22804,AS,,8,"2,465","1,972"
,80'S,,30,"11,693","9,354"
,OTHER,,115,"262,438","206,328"
,TOTAL,,153,"276,596","217,654"
22808,AS,,3,586,469
,80'S,,38,"8,137","6,510"
,OTHER,,184,"199,866","158,957"
,TOTAL,,225,"208,589","165,936"
22810,AS,,1,271,217
,80'S,,41,"10,811","8,649"
,OTHER,,193,"272,245","217,124"
,TOTAL,,235,"283,326","225,989"
22812,80'S,,6,"2,191","1,541"
,OTHER,,34,"52,210","41,748"
,TOTAL,,40,"54,401","43,289"
22818,AS,,2,573,458
,80'S,,5,"1,775","1,420"
,OTHER,,35,"66,493","52,947"
,TOTAL,,42,"68,841","54,825"
22819,AS,,1,313,250
,80'S,,5,"2,361","1,889"
,OTHER,,16,"36,676","29,340"
,TOTAL,,22,"39,349","31,479"
22830,AS,,111,"8,208","6,555"
,80'S,,247,"22,131","17,405"
,OTHER,,"1,039","549,189","429,778"
,TOTAL,,"1,397","579,529","453,738"
22840,AS,,"1,006","102,164","81,270"
,80'S,,"1,651","200,850","158,622"
,OTHER,,"6,119","4,572,994","3,610,782"
,TOTAL,,"8,776","4,876,008","3,850,673"
22842,AS,,"2,342","238,237","189,376"
,80'S,,"4,513","546,304","432,903"
,OTHER,,"16,865","12,316,783","9,754,013"
,TOTAL,,"23,720","13,101,325","10,376,293"
22843,AS,,76,"8,528","6,814"
,80'S,,239,"32,695","25,964"
,OTHER,,"1,011","838,372","664,807"
,TOTAL,,"1,326","879,596","697,585"
22844,AS,,8,"1,133",907
,80'S,,44,"7,321","5,731"
,OTHER,,160,"161,218","126,539"
,TOTAL,,212,"169,672","133,177"
22845,AS,,"1,635","163,338","129,771"
,80'S,,"2,726","324,818","255,979"
,OTHER,,"12,337","8,975,077","7,060,904"
,TOTAL,,"16,698","9,463,233","7,446,653"
22846,AS,,208,"22,642","17,999"
,80'S,,365,"48,332","38,361"
,OTHER,,"1,619","1,278,913","1,014,396"
,TOTAL,,"2,192","1,349,887","1,070,757"
22847,AS,,1,120,96
,80'S,,4,547,438
,OTHER,,13,"10,597","8,477"
,TOTAL,,18,"11,264","9,011"
22848,AS,,5,291,233
,80'S,,41,"2,755","2,204"
,OTHER,,111,"47,048","37,071"
,TOTAL,,157,"50,094","39,508"
22849,AS,,53,"6,488","5,128"
,80'S,,117,"16,253","12,658"
,OTHER,,417,"351,818","276,706"
,TOTAL,,587,"374,559","294,492"
22850,AS,,71,"4,695","3,756"
,80'S,,130,"9,173","7,136"
,OTHER,,574,"265,702","209,028"
,TOTAL,,775,"279,570","219,921"
22851,AS,,"1,546","100,509","79,795"
,80'S,,"2,567","199,101","156,287"
,OTHER,,"11,116","5,210,729","4,113,072"
,TOTAL,,"15,229","5,510,340","4,349,153"
22852,AS,,346,"21,989","17,550"
,80'S,,522,"39,569","31,093"
,OTHER,,"2,403","1,144,050","891,101"
,TOTAL,,"3,271","1,205,607","939,743"
22855,AS,,91,"8,360","6,498"
,80'S,,159,"16,462","12,707"
,OTHER,,669,"421,961","330,488"
,TOTAL,,919,"446,783","349,693"
22899,AS,,74,"9,165","7,329"
,80'S,,84,"12,138","9,654"
,OTHER,,"5,738","3,580,424","2,860,564"
,TOTAL,,"5,896","3,601,727","2,877,548"
22900,AS,,18,694,551
,SG,,135,"78,443","61,752"
,80'S,,168,"6,631","5,297"
,OTHER,,"2,364","721,524","570,072"
,TOTAL,,"2,685","807,291","637,671"
22999,AS,,1,50,40
,80'S,,12,"1,203",962
,OTHER,,319,"153,933","122,979"
,TOTAL,,332,"155,186","123,981"
23000,AS,,3,95,76
,SG,,3,887,710
,80'S,,14,506,405
,OTHER,,95,"17,014","13,450"
,TOTAL,,115,"18,501","14,640"
23020,AS,,5,273,218
,SG,,11,"2,564","2,051"
,80'S,,20,"1,376","1,018"
,OTHER,,171,"65,880","51,876"
,TOTAL,,207,"70,093","55,163"
23030,SG,,19,"5,573","4,458"
,OTHER,,821,"172,772","135,804"
,TOTAL,,840,"178,344","140,262"
23031,OTHER,,170,"24,507","19,107"
,TOTAL,,170,"24,507","19,107"
23035,AS,,7,610,488
,80'S,,2,167,134
,OTHER,,140,"75,525","60,215"
,TOTAL,,149,"76,303","60,837"
23040,AS,,33,"2,948","2,359"
,SG,,3,955,764
,80'S,,28,"2,977","2,382"
,OTHER,,532,"347,767","277,234"
,TOTAL,,596,"354,647","282,738"
23044,SG,,17,"8,914","7,051"
,80'S,,1,43,35
,OTHER,,148,"65,382","51,627"
,TOTAL,,166,"74,339","58,713"
23065,SG,,7,"2,048","1,638"
,OTHER,,466,"59,068","45,837"
,TOTAL,,473,"61,116","47,475"
23066,SG,,25,"9,703","7,709"
,OTHER,,368,"87,618","68,896"
,TOTAL,,393,"97,321","76,605"
23075,SG,,189,"74,052","58,304"
,OTHER,,"1,614","260,380","203,637"
,TOTAL,,"1,803","334,432","261,941"
23076,SG,,133,"51,286","40,567"
,OTHER,,"1,716","769,256","608,667"
,TOTAL,,"1,849","820,542","649,234"
23077,AS,,8,984,787
,SG,,18,"8,298","6,638"
,80'S,,10,"1,627","1,301"
,OTHER,,468,"439,236","349,827"
,TOTAL,,504,"450,144","358,554"
23100,AS,,2,99,79
,SG,,1,199,159
,80'S,,4,156,125
,OTHER,,61,"20,904","16,259"
,TOTAL,,68,"21,359","16,623"
23101,AS,,6,200,160
,SG,,15,"12,093","9,077"
,80'S,,2,163,131
,OTHER,,266,"82,180","65,287"
,TOTAL,,289,"94,637","74,655"
23105,AS,,9,725,580
,SG,,11,"4,762","3,810"
,80'S,,32,"2,298","1,839"
,OTHER,,239,"114,497","91,281"
,TOTAL,,291,"122,283","97,509"
23106,SG,,2,812,649
,OTHER,,21,"7,261","5,809"
,TOTAL,,23,"8,073","6,458"
23107,AS,,22,"1,598","1,278"
,SG,,11,"4,689","3,751"
,80'S,,33,"2,778","2,222"
,OTHER,,327,"171,936","135,173"
,TOTAL,,393,"181,000","142,424"
23120,AS,,"2,337","90,345","71,873"
,SG,,"1,509","710,828","563,963"
,80'S,,"2,045","95,714","75,669"
,OTHER,,"21,484","5,992,421","4,724,074"
,TOTAL,,"27,375","6,889,307","5,435,579"
23125,AS,,3,247,198
,SG,,10,"5,667","4,454"
,80'S,,12,"1,060",848
,OTHER,,86,"41,457","33,166"
,TOTAL,,111,"48,433","38,666"
23130,AS,,32,"2,368","1,895"
,SG,,350,"216,933","171,507"
,80'S,,47,"4,220","3,362"
,OTHER,,"4,581","2,372,740","1,859,239"
,TOTAL,,"5,010","2,596,261","2,036,002"
23140,SG,,28,"15,567","12,449"
,OTHER,,176,"72,296","57,558"
,TOTAL,,204,"87,863","70,008"
23145,OTHER,,1,653,523
,TOTAL,,1,653,523
23146,OTHER,,6,"2,393","1,915"
,TOTAL,,6,"2,393","1,915"
23150,AS,,3,162,129
,SG,,2,885,708
,80'S,,4,218,175
,OTHER,,96,"39,075","30,977"
,TOTAL,,105,"40,340","31,989"
23155,OTHER,,5,"3,360","2,688"
,TOTAL,,5,"3,360","2,688"
23156,AS,,3,170,136
,80'S,,3,157,126
,OTHER,,22,"11,895","9,395"
,TOTAL,,28,"12,222","9,657"
23170,SG,,9,"1,833","1,466"
,80'S,,1,89,71
,OTHER,,29,"11,795","9,412"
,TOTAL,,39,"13,717","10,949"
23172,80'S,,1,84,67
,OTHER,,8,"2,841","2,273"
,TOTAL,,9,"2,926","2,340"
23174,AS,,3,245,196
,SG,,1,196,157
,80'S,,2,177,141
,OTHER,,36,"22,167","17,734"
,TOTAL,,42,"22,785","18,228"
23180,SG,,25,"12,843","9,915"
,80'S,,2,175,140
,OTHER,,385,"166,423","132,234"
,TOTAL,,412,"179,442","142,289"
23182,AS,,6,445,356
,SG,,2,"1,208",966
,80'S,,4,442,353
,OTHER,,40,"22,442","17,953"
,TOTAL,,52,"24,536","19,629"
23184,AS,,8,777,621
,SG,,6,"2,982","2,385"
,80'S,,14,"1,105",884
,OTHER,,141,"79,612","63,268"
,TOTAL,,169,"84,476","67,159"
23190,AS,,1,67,54
,80'S,,2,125,100
,OTHER,,29,"11,214","8,923"
,TOTAL,,32,"11,406","9,077"
23195,AS,,6,761,609
,80'S,,6,581,465
,OTHER,,61,"36,541","29,233"
,TOTAL,,73,"37,882","30,306"
23200,80'S,,11,"1,334","1,067"
,OTHER,,45,"31,085","24,868"
,TOTAL,,56,"32,419","25,935"
23210,AS,,1,46,37
,80'S,,4,521,417
,OTHER,,39,"26,164","20,931"
,TOTAL,,44,"26,732","21,385"
23220,AS,,1,137,109
,OTHER,,30,"25,997","20,797"
,TOTAL,,31,"26,134","20,907"
23221,OTHER,,4,"4,412","3,529"
,TOTAL,,4,"4,412","3,529"
23222,AS,,5,"1,092",873
,80'S,,8,"2,088","1,591"
,OTHER,,48,"77,244","61,796"
,TOTAL,,61,"80,424","64,259"
23330,SG,,3,643,514
,OTHER,,119,"14,350","10,732"
,TOTAL,,122,"14,993","11,247"
23331,AS,,11,554,443
,SG,,3,615,492
,80'S,,17,840,662
,OTHER,,344,"105,139","83,492"
,TOTAL,,375,"107,149","85,089"
23332,AS,,25,"1,903","1,522"
,80'S,,45,"3,980","3,172"
,OTHER,,220,"120,630","95,762"
,TOTAL,,290,"126,513","100,456"
23350,OTHER,,"22,916","1,816,641","1,414,382"
,TOTAL,,"22,916","1,816,641","1,414,382"
23395,AS,,25,"2,891","2,313"
,80'S,,57,"7,283","5,722"
,OTHER,,210,"193,745","153,184"
,TOTAL,,292,"203,919","161,219"
23397,AS,,3,376,301
,80'S,,13,"2,317","1,821"
,OTHER,,32,"31,913","25,451"
,TOTAL,,48,"34,606","27,572"
23400,SG,,1,921,737
,OTHER,,12,"6,056","4,790"
,TOTAL,,13,"6,977","5,526"
23405,AS,,6,248,195
,SG,,7,"1,701","1,361"
,80'S,,7,519,415
,OTHER,,118,"43,051","32,999"
,TOTAL,,138,"45,520","34,971"
23406,AS,,4,360,288
,80'S,,2,183,146
,OTHER,,37,"19,645","15,602"
,TOTAL,,43,"20,188","16,037"
23410,AS,,528,"60,809","48,053"
,SG,,858,"562,361","444,955"
,80'S,,506,"73,256","57,665"
,OTHER,,"5,055","4,366,532","3,451,729"
,TOTAL,,"6,947","5,062,957","4,002,402"
23412,AS,,"1,793","235,764","187,267"
,SG,,"1,123","1,052,891","838,110"
,80'S,,"1,301","207,723","164,027"
,OTHER,,"13,924","13,559,938","10,710,108"
,TOTAL,,"18,141","15,056,315","11,899,511"
23415,AS,,7,583,466
,SG,,86,"53,769","42,134"
,80'S,,12,"1,165",923
,OTHER,,"1,496","823,422","646,602"
,TOTAL,,"1,601","878,939","690,125"
23420,AS,,"3,329","459,003","363,762"
,SG,,"1,724","1,620,660","1,276,745"
,80'S,,"3,448","573,403","453,934"
,OTHER,,"29,465","29,884,584","23,625,135"
,TOTAL,,"37,966","32,537,649","25,719,576"
23430,AS,,107,"7,049","5,631"
,SG,,84,"35,758","28,607"
,80'S,,108,"9,374","7,318"
,OTHER,,"1,041","496,750","392,423"
,TOTAL,,"1,340","548,931","433,979"
23440,AS,,27,"1,994","1,595"
,SG,,7,"3,399","2,474"
,80'S,,26,"2,095","1,667"
,OTHER,,252,"128,868","101,927"
,TOTAL,,312,"136,356","107,663"
23450,AS,,18,"1,969","1,575"
,SG,,9,"5,743","4,594"
,80'S,,25,"3,638","2,910"
,OTHER,,178,"147,302","117,257"
,TOTAL,,230,"158,651","126,337"
23455,AS,,80,"11,286","8,871"
,SG,,67,"64,426","50,435"
,80'S,,134,"22,280","17,509"
,OTHER,,835,"860,110","672,804"
,TOTAL,,"1,116","958,102","749,618"
23460,AS,,4,611,488
,SG,,2,"1,051",841
,80'S,,12,"1,899","1,519"
,OTHER,,34,"32,242","25,790"
,TOTAL,,52,"35,802","28,638"
23462,AS,,4,650,520
,SG,,2,"1,786","1,429"
,80'S,,9,915,732
,OTHER,,27,"26,677","21,341"
,TOTAL,,42,"30,027","24,022"
23465,AS,,2,197,158
,SG,,1,668,534
,80'S,,8,"1,044",827
,OTHER,,43,"39,094","30,355"
,TOTAL,,54,"41,003","31,874"
23466,AS,,33,"4,424","3,539"
,SG,,11,"9,607","6,978"
,80'S,,43,"7,147","5,718"
,OTHER,,297,"305,159","241,512"
,TOTAL,,384,"326,337","257,747"
23470,AS,,780,"130,252","103,950"
,80'S,,"1,491","296,295","235,416"
,OTHER,,"6,191","7,571,602","6,018,564"
,TOTAL,,"8,462","7,998,149","6,357,930"
23472,AS,,617,"105,190","83,581"
,80'S,,"1,080","219,680","173,074"
,OTHER,,"4,244","5,385,319","4,273,317"
,TOTAL,,"5,941","5,710,188","4,529,972"
23480,SG,,5,"2,225","1,780"
,80'S,,1,115,92
,OTHER,,101,"59,885","47,414"
,TOTAL,,107,"62,225","49,286"
23485,AS,,12,"1,388","1,110"
,SG,,3,"2,764","2,211"
,80'S,,6,919,736
,OTHER,,76,"68,953","53,833"
,TOTAL,,97,"74,024","57,890"
23490,SG,,1,236,189
,OTHER,,8,"2,799","2,239"
,TOTAL,,9,"3,035","2,428"
23491,AS,,5,694,556
,80'S,,6,908,726
,OTHER,,68,"64,192","50,682"
,TOTAL,,79,"65,794","51,964"
23500,OTHER,,"8,129","1,200,344","925,500"
,TOTAL,,"8,129","1,200,344","925,500"
23505,SG,,1,301,241
,OTHER,,387,"102,778","80,563"
,TOTAL,,388,"103,078","80,803"
23515,AS,,24,"1,690","1,260"
,SG,,8,"3,835","2,839"
,80'S,,24,"2,081","1,665"
,OTHER,,270,"135,170","105,871"
,TOTAL,,326,"142,776","111,635"
23520,SG,,1,310,248
,OTHER,,85,"12,581","9,825"
,TOTAL,,86,"12,891","10,073"
23525,SG,,1,311,248
,OTHER,,28,"5,803","4,596"
,TOTAL,,29,"6,114","4,844"
23530,80'S,,1,85,68
,OTHER,,7,"3,103","2,482"
,TOTAL,,8,"3,188","2,550"
23532,OTHER,,2,"1,135",908
,TOTAL,,2,"1,135",908
23540,OTHER,,451,"65,768","50,579"
,TOTAL,,451,"65,768","50,579"
23545,SG,,2,600,480
,OTHER,,70,"14,459","11,304"
,TOTAL,,72,"15,059","11,784"
23550,AS,,22,"1,461","1,087"
,SG,,9,"3,099","2,479"
,80'S,,34,"2,660","2,106"
,OTHER,,291,"130,179","101,726"
,TOTAL,,356,"137,398","107,398"
23552,AS,,9,655,524
,SG,,2,"1,246",994
,80'S,,6,627,413
,OTHER,,49,"26,178","20,728"
,TOTAL,,66,"28,706","22,659"
23570,OTHER,,"1,678","258,008","200,520"
,TOTAL,,"1,678","258,008","200,520"
23575,SG,,1,302,242
,OTHER,,66,"17,461","13,485"
,TOTAL,,67,"17,763","13,727"
23585,AS,,18,"1,281","1,025"
,SG,,3,"1,485","1,188"
,80'S,,23,"1,628","1,302"
,OTHER,,146,"71,921","56,213"
,TOTAL,,190,"76,314","59,727"
23600,SG,,1,301,240
,OTHER,,"34,555","7,952,106","6,189,564"
,TOTAL,,"34,556","7,952,406","6,189,805"
23605,SG,,15,"5,845","4,596"
,80'S,,5,205,164
,OTHER,,"3,567","1,308,934","1,034,185"
,TOTAL,,"3,587","1,314,984","1,038,945"
23615,AS,,320,"30,429","24,050"
,SG,,18,"10,439","8,351"
,80'S,,464,"53,179","41,965"
,OTHER,,"4,238","2,873,338","2,284,559"
,TOTAL,,"5,040","2,967,386","2,358,925"
23616,AS,,295,"59,928","47,794"
,SG,,1,622,497
,80'S,,541,"133,662","106,405"
,OTHER,,"2,670","3,986,558","3,175,416"
,TOTAL,,"3,507","4,180,770","3,330,112"
23620,OTHER,,"2,952","580,767","448,351"
,TOTAL,,"2,952","580,767","448,351"
23625,OTHER,,246,"75,456","59,666"
,TOTAL,,246,"75,456","59,666"
23630,AS,,63,"4,477","3,581"
,SG,,11,"6,768","5,415"
,80'S,,59,"4,791","3,714"
,OTHER,,571,"268,567","212,461"
,TOTAL,,704,"284,603","225,171"
23650,SG,,3,961,769
,80'S,,1,41,33
,OTHER,,"9,936","2,054,881","1,607,274"
,TOTAL,,"9,940","2,055,882","1,608,075"
23655,SG,,45,"13,047","10,426"
,80'S,,2,90,72
,OTHER,,"4,705","1,320,057","1,037,840"
,TOTAL,,"4,752","1,333,193","1,048,337"
23660,AS,,9,427,341
,SG,,2,932,745
,80'S,,10,722,501
,OTHER,,152,"62,672","49,957"
,TOTAL,,173,"64,752","51,544"
23665,AS,,1,43,34
,SG,,1,423,339
,OTHER,,957,"272,150","213,774"
,TOTAL,,959,"272,616","214,147"
23670,AS,,15,"1,016",812
,SG,,2,934,747
,80'S,,13,"1,111",848
,OTHER,,152,"79,415","63,049"
,TOTAL,,182,"82,475","65,456"
23675,SG,,1,219,175
,OTHER,,355,"141,933","112,430"
,TOTAL,,356,"142,152","112,605"
23680,AS,,5,310,237
,80'S,,20,"2,132","1,705"
,OTHER,,129,"88,942","70,352"
,TOTAL,,154,"91,384","72,295"
23700,SG,,386,"114,073","89,278"
,OTHER,,"2,977","504,418","394,063"
,TOTAL,,"3,363","618,492","483,342"
23800,AS,,1,137,110
,80'S,,9,"1,570","1,134"
,OTHER,,48,"45,937","36,750"
,TOTAL,,58,"47,644","37,993"
23802,AS,,2,296,237
,80'S,,2,345,276
,OTHER,,19,"19,978","15,049"
,TOTAL,,23,"20,619","15,561"
23900,80'S,,7,"1,491","1,177"
,OTHER,,29,"35,400","27,026"
,TOTAL,,36,"36,891","28,203"
23920,AS,,1,131,105
,80'S,,8,"1,204",963
,OTHER,,35,"35,001","28,001"
,TOTAL,,44,"36,336","29,069"
23921,OTHER,,2,758,606
,TOTAL,,2,758,606
23929,AS,,8,940,752
,80'S,,15,"2,753","2,203"
,OTHER,,357,"202,794","161,041"
,TOTAL,,380,"206,487","163,996"
23930,SG,,16,"4,513","3,610"
,OTHER,,"1,599","294,052","231,065"
,TOTAL,,"1,615","298,564","234,676"
23931,SG,,35,"13,925","11,060"
,80'S,,2,46,37
,OTHER,,"1,654","222,032","171,337"
,TOTAL,,"1,691","236,003","182,434"
23935,SG,,4,"1,541","1,233"
,80'S,,1,44,36
,OTHER,,178,"80,590","63,789"
,TOTAL,,183,"82,176","65,058"
24000,SG,,20,"11,803","9,363"
,80'S,,3,186,149
,OTHER,,360,"131,547","104,360"
,TOTAL,,383,"143,537","113,872"
24006,AS,,6,390,312
,80'S,,9,681,545
,OTHER,,107,"57,687","45,202"
,TOTAL,,122,"58,758","46,059"
24065,SG,,26,"6,605","5,284"
,OTHER,,749,"113,496","89,188"
,TOTAL,,775,"120,101","94,472"
24066,SG,,36,"14,405","11,291"
,OTHER,,660,"146,671","116,104"
,TOTAL,,696,"161,076","127,395"
24075,SG,,277,"100,492","78,875"
,OTHER,,"2,487","610,301","480,132"
,TOTAL,,"2,764","710,793","559,007"
24076,SG,,161,"59,781","47,390"
,OTHER,,"1,634","641,790","507,450"
,TOTAL,,"1,795","701,571","554,840"
24077,AS,,8,939,751
,SG,,26,"12,580","9,777"
,80'S,,18,"2,540","1,952"
,OTHER,,647,"537,030","427,373"
,TOTAL,,699,"553,089","439,853"
24100,SG,,1,147,118
,80'S,,2,123,99
,OTHER,,20,"4,812","3,849"
,TOTAL,,23,"5,082","4,065"
24101,AS,,20,"1,096",875
,SG,,32,"18,065","13,597"
,80'S,,6,344,275
,OTHER,,266,"110,842","87,518"
,TOTAL,,324,"130,346","102,266"
24102,AS,,7,572,458
,SG,,15,"8,801","6,729"
,80'S,,5,408,318
,OTHER,,172,"94,790","74,948"
,TOTAL,,199,"104,571","82,453"
24105,SG,,604,"278,489","219,078"
,80'S,,1,53,43
,OTHER,,"4,918","1,340,160","1,056,843"
,TOTAL,,"5,523","1,618,702","1,275,964"
24110,SG,,13,"4,320","3,456"
,80'S,,1,57,46
,OTHER,,104,"51,050","40,272"
,TOTAL,,118,"55,426","43,774"
24115,SG,,1,501,401
,OTHER,,4,"1,791","1,433"
,TOTAL,,5,"2,292","1,834"
24116,AS,,2,242,194
,80'S,,1,47,38
,OTHER,,11,"9,308","6,958"
,TOTAL,,14,"9,598","7,189"
24120,AS,,1,71,57
,SG,,45,"20,854","16,656"
,80'S,,1,71,57
,OTHER,,229,"101,875","79,700"
,TOTAL,,276,"122,870","96,469"
24125,OTHER,,5,427,341
,TOTAL,,5,427,341
24126,OTHER,,4,"1,220",976
,TOTAL,,4,"1,220",976
24130,SG,,38,"17,376","13,584"
,80'S,,5,349,279
,OTHER,,459,"176,497","139,495"
,TOTAL,,502,"194,221","153,359"
24134,AS,,2,215,172
,80'S,,4,381,305
,OTHER,,31,"21,320","17,056"
,TOTAL,,37,"21,916","17,532"
24136,OTHER,,3,"1,180",864
,TOTAL,,3,"1,180",864
24138,SG,,3,"1,016",812
,80'S,,1,51,41
,OTHER,,49,"24,593","19,608"
,TOTAL,,53,"25,660","20,462"
24140,AS,,6,482,386
,SG,,14,"6,407","4,906"
,80'S,,8,849,679
,OTHER,,178,"119,167","95,083"
,TOTAL,,206,"126,905","101,053"
24145,SG,,6,"2,972","2,378"
,OTHER,,35,"15,745","12,108"
,TOTAL,,41,"18,718","14,486"
24147,AS,,1,76,61
,SG,,32,"11,220","8,960"
,80'S,,1,54,43
,OTHER,,375,"195,048","154,269"
,TOTAL,,409,"206,397","163,332"
24149,AS,,10,"1,150",920
,80'S,,5,795,636
,OTHER,,108,"104,786","82,957"
,TOTAL,,123,"106,731","84,514"
24150,AS,,1,65,52
,SG,,1,475,90
,80'S,,3,459,367
,OTHER,,36,"30,550","24,440"
,TOTAL,,41,"31,548","24,949"
24151,80'S,,2,398,319
,OTHER,,4,"3,851","3,081"
,TOTAL,,6,"4,249","3,399"
24152,80'S,,1,130,104
,OTHER,,6,"3,569","2,561"
,TOTAL,,7,"3,699","2,666"
24153,OTHER,,18,965,611
,TOTAL,,18,965,611
24155,AS,,2,215,172
,OTHER,,25,"16,921","13,519"
,TOTAL,,27,"17,136","13,691"
24160,SG,,7,"2,526","2,021"
,OTHER,,166,"64,041","50,366"
,TOTAL,,173,"66,568","52,387"
24164,SG,,3,"1,377","1,102"
,OTHER,,31,"11,378","9,097"
,TOTAL,,34,"12,755","10,198"
24200,OTHER,,213,"25,858","19,340"
,TOTAL,,213,"25,858","19,340"
24201,SG,,16,"6,607","5,205"
,OTHER,,145,"41,881","33,058"
,TOTAL,,161,"48,488","38,263"
24220,OTHER,,75,"7,930","6,010"
,TOTAL,,75,"7,930","6,010"
24301,AS,,5,337,270
,SG,,2,956,765
,80'S,,5,582,466
,OTHER,,56,"34,323","27,195"
,TOTAL,,68,"36,199","28,696"
24305,OTHER,,97,"28,997","22,757"
,TOTAL,,97,"28,997","22,757"
24310,SG,,6,"2,179","1,663"
,80'S,,7,271,217
,OTHER,,108,"26,179","20,171"
,TOTAL,,121,"28,629","22,051"
24320,AS,,2,207,166
,SG,,3,947,758
,80'S,,3,379,303
,OTHER,,22,"14,112","11,245"
,TOTAL,,30,"15,645","12,472"
24330,80'S,,2,221,177
,OTHER,,51,"30,315","24,155"
,TOTAL,,53,"30,536","24,332"
24331,AS,,1,110,88
,SG,,1,485,372
,OTHER,,8,"5,801","4,641"
,TOTAL,,10,"6,396","5,101"
24340,AS,,2,114,91
,SG,,7,"3,148","2,518"
,80'S,,3,224,179
,OTHER,,41,"17,171","13,708"
,TOTAL,,53,"20,657","16,497"
24341,AS,,23,"1,236",989
,80'S,,20,"1,462","1,169"
,OTHER,,364,"159,837","126,839"
,TOTAL,,407,"162,535","128,997"
24342,AS,,37,"3,712","2,970"
,SG,,37,"15,805","12,558"
,80'S,,29,"3,511","2,699"
,OTHER,,478,"348,252","275,593"
,TOTAL,,581,"371,281","293,820"
24350,AS,,2,106,85
,SG,,96,"44,710","35,332"
,80'S,,1,62,49
,OTHER,,313,"107,573","83,406"
,TOTAL,,412,"152,451","118,872"
24351,AS,,1,61,48
,SG,,32,"14,936","11,781"
,80'S,,1,33,27
,OTHER,,248,"91,361","70,747"
,TOTAL,,282,"106,391","82,603"
24352,AS,,2,91,73
,SG,,3,"1,272","1,017"
,80'S,,2,77,61
,OTHER,,46,"18,630","14,279"
,TOTAL,,53,"20,069","15,430"
24354,SG,,7,"3,084","2,467"
,OTHER,,25,"10,283","7,890"
,TOTAL,,32,"13,366","10,357"
24356,AS,,2,150,120
,SG,,73,"34,561","26,822"
,80'S,,8,614,491
,OTHER,,644,"309,412","240,264"
,TOTAL,,727,"344,737","267,697"
24360,AS,,2,253,202
,80'S,,3,459,367
,OTHER,,35,"30,486","24,046"
,TOTAL,,40,"31,198","24,615"
24361,80'S,,2,306,244
,OTHER,,17,"16,015","12,296"
,TOTAL,,19,"16,321","12,540"
24362,80'S,,3,467,374
,OTHER,,8,"6,385","5,108"
,TOTAL,,11,"6,852","5,482"
24363,AS,,58,"10,369","8,248"
,80'S,,124,"26,506","20,906"
,OTHER,,720,"964,403","763,631"
,TOTAL,,902,"1,001,277","792,785"
24365,AS,,1,78,63
,SG,,3,"1,969","1,575"
,80'S,,3,226,181
,OTHER,,21,"10,553","8,443"
,TOTAL,,28,"12,827","10,261"
24366,AS,,12,"1,148",919
,SG,,4,"2,746","2,197"
,80'S,,3,328,263
,OTHER,,79,"47,599","37,291"
,TOTAL,,98,"51,821","40,669"
24400,AS,,3,276,221
,SG,,1,298,239
,80'S,,17,"1,485","1,188"
,OTHER,,85,"47,884","37,979"
,TOTAL,,106,"49,944","39,627"
24410,AS,,2,142,114
,SG,,1,599,480
,80'S,,1,177,142
,OTHER,,7,"3,814","3,051"
,TOTAL,,11,"4,733","3,787"
24420,80'S,,2,329,263
,OTHER,,17,"14,149","11,230"
,TOTAL,,19,"14,478","11,493"
24430,AS,,31,"3,843","2,995"
,SG,,1,447,358
,80'S,,59,"8,878","7,102"
,OTHER,,403,"365,144","289,144"
,TOTAL,,494,"378,312","299,599"
24435,AS,,38,"4,980","3,931"
,SG,,1,601,481
,80'S,,84,"13,717","10,961"
,OTHER,,497,"485,473","383,651"
,TOTAL,,620,"504,772","399,023"
24495,SG,,1,416,333
,80'S,,3,331,265
,OTHER,,162,"78,656","62,817"
,TOTAL,,166,"79,402","63,415"
24498,AS,,13,"1,446","1,157"
,80'S,,10,"1,454","1,163"
,OTHER,,140,"112,974","90,199"
,TOTAL,,163,"115,875","92,520"
24500,SG,,1,299,239
,OTHER,,"6,008","1,495,893","1,165,647"
,TOTAL,,"6,009","1,496,191","1,165,886"
24505,SG,,3,923,658
,80'S,,2,155,124
,OTHER,,"2,052","835,103","657,975"
,TOTAL,,"2,057","836,181","658,757"
24515,AS,,97,"10,086","8,063"
,SG,,6,"3,254","2,604"
,80'S,,175,"23,034","18,267"
,OTHER,,"1,270","960,939","762,357"
,TOTAL,,"1,548","997,313","791,291"
24516,AS,,260,"27,479","21,855"
,SG,,12,"7,004","5,603"
,80'S,,405,"52,923","41,933"
,OTHER,,"3,371","2,619,423","2,080,490"
,TOTAL,,"4,048","2,706,829","2,149,882"
24530,SG,,1,340,272
,OTHER,,"1,889","531,167","416,901"
,TOTAL,,"1,890","531,506","417,173"
24535,SG,,1,342,274
,OTHER,,422,"199,941","159,014"
,TOTAL,,423,"200,283","159,288"
24538,AS,,1,90,72
,SG,,4,"1,572","1,257"
,80'S,,2,155,124
,OTHER,,366,"238,421","188,980"
,TOTAL,,373,"240,238","190,433"
24545,AS,,57,"5,629","4,460"
,SG,,4,"2,437","1,949"
,80'S,,108,"12,999","10,151"
,OTHER,,948,"686,056","544,217"
,TOTAL,,"1,117","707,121","560,777"
24546,AS,,73,"9,677","7,741"
,SG,,2,"1,335","1,068"
,80'S,,128,"21,286","16,784"
,OTHER,,901,"893,385","710,304"
,TOTAL,,"1,104","925,682","735,898"
24560,OTHER,,529,"115,608","89,400"
,TOTAL,,529,"115,608","89,400"
24565,80'S,,1,34,27
,OTHER,,49,"18,153","14,398"
,TOTAL,,50,"18,187","14,425"
24566,AS,,1,36,29
,SG,,1,395,316
,OTHER,,23,"12,088","9,605"
,TOTAL,,25,"12,520","9,950"
24575,AS,,8,676,540
,SG,,7,"3,517","2,777"
,80'S,,10,"1,117",893
,OTHER,,154,"96,753","76,259"
,TOTAL,,179,"102,062","80,470"
24576,OTHER,,549,"126,071","97,912"
,TOTAL,,549,"126,071","97,912"
24577,SG,,1,310,248
,OTHER,,87,"34,104","27,034"
,TOTAL,,88,"34,414","27,282"
24579,AS,,43,"4,199","3,228"
,SG,,9,"4,166","3,301"
,80'S,,56,"7,049","5,479"
,OTHER,,514,"373,098","296,207"
,TOTAL,,622,"388,512","308,216"
24582,SG,,1,421,337
,80'S,,1,114,91
,OTHER,,47,"26,274","21,019"
,TOTAL,,49,"26,809","21,447"
24586,AS,,26,"3,724","2,979"
,SG,,15,"8,490","6,792"
,80'S,,40,"6,943","5,486"
,OTHER,,402,"416,407","330,435"
,TOTAL,,483,"435,563","345,693"
24587,AS,,4,550,440
,SG,,1,645,516
,80'S,,6,996,797
,OTHER,,53,"54,083","43,224"
,TOTAL,,64,"56,274","44,976"
24600,OTHER,,988,"256,660","200,969"
,TOTAL,,988,"256,660","200,969"
24605,SG,,10,"4,212","3,369"
,OTHER,,857,"252,995","198,268"
,TOTAL,,867,"257,207","201,637"
24615,AS,,12,887,710
,SG,,4,"1,438","1,150"
,80'S,,17,"1,452","1,162"
,OTHER,,244,"134,407","106,228"
,TOTAL,,277,"138,184","109,250"
24620,SG,,2,623,418
,OTHER,,197,"81,674","64,891"
,TOTAL,,199,"82,297","65,309"
24635,AS,,27,"3,772","3,018"
,SG,,9,"3,821","3,057"
,80'S,,39,"6,941","5,534"
,OTHER,,486,"500,888","396,763"
,TOTAL,,561,"515,422","408,371"
24640,OTHER,,61,"6,212","4,784"
,TOTAL,,61,"6,212","4,784"
24650,OTHER,,"6,912","1,362,399","1,048,520"
,TOTAL,,"6,912","1,362,399","1,048,520"
24655,SG,,9,"2,146","1,717"
,OTHER,,445,"138,233","107,243"
,TOTAL,,454,"140,380","108,960"
24665,AS,,32,"2,187","1,750"
,SG,,26,"15,489","12,347"
,80'S,,25,"1,762","1,409"
,OTHER,,638,"303,274","241,564"
,TOTAL,,721,"322,712","257,070"
24666,AS,,10,997,722
,SG,,2,"1,195",956
,80'S,,20,"2,080","1,664"
,OTHER,,194,"128,147","102,230"
,TOTAL,,226,"132,419","105,572"
24670,OTHER,,"2,014","405,786","316,194"
,TOTAL,,"2,014","405,786","316,194"
24675,OTHER,,224,"77,614","61,303"
,TOTAL,,224,"77,614","61,303"
24685,AS,,314,"25,765","20,362"
,SG,,128,"61,313","48,925"
,80'S,,282,"27,229","21,681"
,OTHER,,"5,169","3,167,807","2,516,616"
,TOTAL,,"5,893","3,282,114","2,607,584"
24800,80'S,,1,118,95
,OTHER,,12,"8,768","7,014"
,TOTAL,,13,"8,886","7,109"
24802,80'S,,1,149,119
,OTHER,,12,"10,661","8,449"
,TOTAL,,13,"10,809","8,568"
24900,AS,,9,824,659
,80'S,,16,"1,793","1,354"
,OTHER,,167,"106,577","84,642"
,TOTAL,,192,"109,193","86,655"
24920,OTHER,,14,"8,785","6,924"
,TOTAL,,14,"8,785","6,924"
24925,SG,,1,471,377
,OTHER,,13,"5,491","4,393"
,TOTAL,,14,"5,962","4,769"
24930,OTHER,,17,"11,102","7,797"
,TOTAL,,17,"11,102","7,797"
24935,OTHER,,1,"1,024",820
,TOTAL,,1,"1,024",820
24999,AS,,4,246,197
,80'S,,6,"1,439","1,151"
,OTHER,,216,"104,415","83,174"
,TOTAL,,226,"106,100","84,522"
25000,SG,,529,"240,272","188,754"
,80'S,,1,27,22
,OTHER,,"3,079","844,013","661,677"
,TOTAL,,"3,609","1,084,311","850,453"
25020,SG,,24,"10,218","8,174"
,80'S,,1,84,67
,OTHER,,577,"226,859","180,657"
,TOTAL,,602,"237,160","188,899"
25023,AS,,1,63,51
,SG,,2,944,755
,80'S,,1,158,127
,OTHER,,207,"137,549","109,241"
,TOTAL,,211,"138,714","110,173"
25028,SG,,25,"7,038","5,630"
,80'S,,1,50,40
,OTHER,,"1,491","502,471","398,527"
,TOTAL,,"1,517","509,559","404,197"
25031,OTHER,,61,"14,441","11,039"
,TOTAL,,61,"14,441","11,039"
25035,AS,,1,81,65
,SG,,2,822,657
,80'S,,1,51,41
,OTHER,,137,"75,187","59,970"
,TOTAL,,141,"76,141","60,733"
25040,AS,,2,142,114
,SG,,7,"4,417","3,534"
,OTHER,,274,"122,363","96,720"
,TOTAL,,283,"126,923","100,368"
25065,SG,,25,"6,349","5,026"
,OTHER,,"1,094","124,102","95,610"
,TOTAL,,"1,119","130,451","100,636"
25066,SG,,45,"15,407","12,326"
,80'S,,1,28,23
,OTHER,,375,"93,732","74,104"
,TOTAL,,421,"109,167","86,452"
25075,SG,,237,"83,411","65,085"
,OTHER,,"2,349","573,748","452,057"
,TOTAL,,"2,586","657,159","517,143"
25076,SG,,157,"68,077","54,354"
,OTHER,,"1,322","539,487","425,625"
,TOTAL,,"1,479","607,564","479,979"
25077,SG,,24,"10,839","8,633"
,OTHER,,461,"338,413","270,501"
,TOTAL,,485,"349,252","279,133"
25085,AS,,1,29,23
,SG,,2,479,383
,OTHER,,47,"17,774","14,208"
,TOTAL,,50,"18,282","14,614"
25100,SG,,10,"3,689","2,951"
,OTHER,,50,"12,343","9,862"
,TOTAL,,60,"16,033","12,814"
25101,AS,,1,51,41
,SG,,17,"7,648","6,119"
,80'S,,2,106,85
,OTHER,,190,"56,814","45,447"
,TOTAL,,210,"64,619","51,691"
25105,AS,,4,213,170
,SG,,96,"54,259","43,327"
,80'S,,3,170,136
,OTHER,,439,"184,371","145,907"
,TOTAL,,542,"239,012","189,541"
25107,AS,,5,306,245
,SG,,15,"5,094","4,075"
,80'S,,1,95,76
,OTHER,,68,"26,488","20,962"
,TOTAL,,89,"31,983","25,358"
25110,SG,,44,"20,293","15,966"
,OTHER,,331,"93,525","74,063"
,TOTAL,,375,"113,818","90,029"
25111,SG,,911,"413,344","326,717"
,OTHER,,"5,557","1,408,733","1,104,811"
,TOTAL,,"6,468","1,822,077","1,431,528"
25112,SG,,72,"41,365","32,790"
,OTHER,,443,"148,310","116,554"
,TOTAL,,515,"189,675","149,344"
25115,SG,,354,"207,709","164,589"
,80'S,,2,225,180
,OTHER,,"3,372","2,366,333","1,871,390"
,TOTAL,,"3,728","2,574,267","2,036,159"
25116,AS,,3,223,178
,SG,,126,"69,713","55,645"
,80'S,,5,452,362
,OTHER,,960,"545,022","429,945"
,TOTAL,,"1,094","615,410","486,131"
25118,SG,,222,"70,569","55,726"
,OTHER,,"1,112","331,912","262,278"
,TOTAL,,"1,334","402,481","318,004"
25119,AS,,2,108,87
,SG,,25,"9,935","7,891"
,80'S,,8,423,339
,OTHER,,145,"54,856","43,762"
,TOTAL,,180,"65,323","52,079"
25120,SG,,18,"7,048","5,638"
,OTHER,,106,"51,475","40,975"
,TOTAL,,124,"58,523","46,613"
25125,SG,,1,256,205
,OTHER,,14,"6,996","5,453"
,TOTAL,,15,"7,252","5,658"
25126,AS,,3,185,148
,SG,,2,766,613
,OTHER,,15,"8,578","6,766"
,TOTAL,,20,"9,529","7,528"
25130,AS,,2,104,83
,SG,,37,"14,877","11,784"
,80'S,,1,67,54
,OTHER,,127,"37,211","28,948"
,TOTAL,,167,"52,260","40,869"
25135,AS,,1,66,53
,SG,,3,967,774
,OTHER,,16,"6,331","4,964"
,TOTAL,,20,"7,364","5,791"
25136,SG,,2,749,600
,OTHER,,9,"3,240","2,592"
,TOTAL,,11,"3,990","3,192"
25145,AS,,2,88,70
,SG,,1,410,328
,OTHER,,44,"20,233","15,672"
,TOTAL,,47,"20,731","16,071"
25150,AS,,1,45,36
,SG,,12,"2,967","2,373"
,OTHER,,109,"49,217","39,227"
,TOTAL,,122,"52,229","41,636"
25151,AS,,5,335,268
,SG,,7,"2,542","2,034"
,80'S,,6,476,381
,OTHER,,68,"33,632","26,295"
,TOTAL,,86,"36,985","28,978"
25170,AS,,2,180,144
,SG,,2,961,768
,80'S,,1,141,113
,OTHER,,31,"20,028","15,442"
,TOTAL,,36,"21,309","16,467"
25210,SG,,69,"26,287","20,618"
,80'S,,1,81,65
,OTHER,,446,"132,347","104,245"
,TOTAL,,516,"158,715","124,928"
25215,AS,,21,"1,878","1,503"
,SG,,50,"27,950","21,938"
,80'S,,4,412,329
,OTHER,,308,"185,896","146,680"
,TOTAL,,383,"216,136","170,450"
25230,SG,,40,"19,732","15,645"
,OTHER,,223,"63,539","49,556"
,TOTAL,,263,"83,270","65,201"
25240,AS,,19,866,693
,SG,,174,"93,187","74,186"
,80'S,,14,629,503
,OTHER,,"1,433","467,175","368,247"
,TOTAL,,"1,640","561,857","443,629"
25246,OTHER,,473,"45,671","35,489"
,TOTAL,,473,"45,671","35,489"
25248,SG,,23,"8,253","6,246"
,OTHER,,285,"94,827","73,976"
,TOTAL,,308,"103,079","80,222"
25250,AS,,1,38,30
,SG,,8,"1,731","1,385"
,80'S,,1,36,29
,OTHER,,54,"19,274","15,259"
,TOTAL,,64,"21,079","16,703"
25251,AS,,2,106,84
,OTHER,,20,"9,513","7,321"
,TOTAL,,22,"9,618","7,405"
25260,SG,,28,"14,135","11,308"
,80'S,,11,636,509
,OTHER,,880,"365,882","289,285"
,TOTAL,,919,"380,654","301,102"
25263,AS,,1,104,84
,SG,,6,"1,436","1,149"
,80'S,,2,184,147
,OTHER,,96,"41,282","33,025"
,TOTAL,,105,"43,007","34,406"
25265,80'S,,3,396,317
,OTHER,,41,"26,372","21,060"
,TOTAL,,44,"26,769","21,377"
25270,SG,,35,"19,397","15,487"
,80'S,,1,39,31
,OTHER,,689,"242,741","192,667"
,TOTAL,,725,"262,177","208,185"
25272,AS,,2,84,67
,SG,,9,"3,108","2,487"
,80'S,,1,89,71
,OTHER,,128,"49,361","38,420"
,TOTAL,,140,"52,643","41,046"
25274,AS,,2,142,69
,SG,,9,"5,273","4,219"
,80'S,,8,601,481
,OTHER,,114,"59,956","47,282"
,TOTAL,,133,"65,972","52,051"
25280,AS,,2,120,96
,SG,,42,"19,778","15,014"
,80'S,,3,146,117
,OTHER,,746,"263,059","209,359"
,TOTAL,,793,"283,104","224,586"
25290,SG,,46,"15,565","12,410"
,OTHER,,828,"236,059","185,808"
,TOTAL,,874,"251,624","198,218"
25295,SG,,58,"22,333","17,281"
,OTHER,,769,"285,237","227,576"
,TOTAL,,827,"307,570","244,857"
25300,AS,,12,524,356
,SG,,4,"1,338","1,071"
,80'S,,2,106,84
,OTHER,,70,"29,478","23,330"
,TOTAL,,88,"31,446","24,842"
25301,AS,,6,294,235
,SG,,8,"2,917","2,334"
,80'S,,7,574,459
,OTHER,,111,"45,840","36,523"
,TOTAL,,132,"49,625","39,551"
25310,AS,,148,"8,328","6,614"
,SG,,270,"79,682","62,804"
,80'S,,99,"7,036","5,587"
,OTHER,,"2,590","1,173,215","925,094"
,TOTAL,,"3,107","1,268,261","1,000,099"
25312,AS,,16,"1,429","1,143"
,SG,,4,"2,330","1,581"
,80'S,,7,869,695
,OTHER,,153,"95,971","76,295"
,TOTAL,,180,"100,599","79,714"
25315,SG,,3,"1,470","1,176"
,80'S,,2,285,228
,OTHER,,53,"43,294","34,621"
,TOTAL,,58,"45,048","36,024"
25316,SG,,1,241,193
,OTHER,,13,"11,774","9,419"
,TOTAL,,14,"12,015","9,612"
25320,AS,,21,"1,984","1,532"
,SG,,66,"24,987","19,692"
,80'S,,8,952,733
,OTHER,,421,"281,875","221,030"
,TOTAL,,516,"309,797","242,988"
25332,AS,,12,"1,272","1,017"
,SG,,45,"30,080","23,863"
,80'S,,8,"1,137",910
,OTHER,,269,"209,770","166,530"
,TOTAL,,334,"242,260","192,319"
25335,SG,,2,753,602
,OTHER,,4,"2,107","1,685"
,TOTAL,,6,"2,860","2,288"
25337,OTHER,,194,"135,832","106,994"
,TOTAL,,194,"135,832","106,994"
25350,AS,,9,829,663
,SG,,16,"6,245","4,996"
,80'S,,7,859,687
,OTHER,,140,"92,682","73,749"
,TOTAL,,172,"100,615","80,095"
25355,AS,,2,162,130
,OTHER,,10,"6,832","5,466"
,TOTAL,,12,"6,994","5,596"
25360,AS,,3,193,154
,SG,,4,"1,584","1,267"
,80'S,,15,"1,297",990
,OTHER,,143,"72,133","56,967"
,TOTAL,,165,"75,207","59,379"
25365,SG,,1,473,378
,OTHER,,10,"9,180","7,344"
,TOTAL,,11,"9,653","7,722"
25370,OTHER,,6,"4,454","3,563"
,TOTAL,,6,"4,454","3,563"
25375,OTHER,,1,925,740
,TOTAL,,1,925,740
25390,AS,,9,907,726
,SG,,23,"9,517","7,614"
,80'S,,12,"1,478","1,183"
,OTHER,,158,"124,136","99,142"
,TOTAL,,202,"136,039","108,664"
25391,AS,,2,282,226
,80'S,,2,391,313
,OTHER,,20,"21,273","17,019"
,TOTAL,,24,"21,947","17,557"
25392,OTHER,,3,"1,694","1,355"
,TOTAL,,3,"1,694","1,355"
25393,80'S,,1,99,79
,OTHER,,5,"4,123","3,298"
,TOTAL,,6,"4,222","3,377"
25400,AS,,23,"2,741","2,193"
,SG,,22,"10,061","8,049"
,80'S,,12,"1,697","1,358"
,OTHER,,338,"246,430","195,992"
,TOTAL,,395,"260,929","207,592"
25405,AS,,23,"3,271","2,602"
,SG,,20,"11,788","9,431"
,80'S,,29,"5,122","4,098"
,OTHER,,431,"453,104","361,272"
,TOTAL,,503,"473,286","377,402"
25415,AS,,1,172,137
,SG,,1,477,381
,80'S,,2,385,308
,OTHER,,33,"31,110","23,724"
,TOTAL,,37,"32,143","24,551"
25420,AS,,5,685,548
,SG,,4,"2,315","1,852"
,80'S,,2,357,286
,OTHER,,53,"63,713","50,692"
,TOTAL,,64,"67,070","53,377"
25425,AS,,1,144,115
,SG,,2,701,561
,OTHER,,40,"29,046","23,237"
,TOTAL,,43,"29,891","23,913"
25426,AS,,1,148,118
,OTHER,,1,"1,085",868
,TOTAL,,2,"1,233",986
25440,AS,,3,300,240
,SG,,5,"2,903","2,322"
,80'S,,6,754,603
,OTHER,,75,"51,566","40,765"
,TOTAL,,89,"55,523","43,930"
25441,AS,,1,120,96
,SG,,1,653,522
,80'S,,3,375,300
,OTHER,,20,"15,130","12,104"
,TOTAL,,25,"16,278","13,022"
25442,AS,,1,93,75
,SG,,1,380,304
,80'S,,2,162,129
,OTHER,,23,"13,915","11,093"
,TOTAL,,27,"14,551","11,602"
25443,AS,,2,198,158
,SG,,1,633,507
,OTHER,,11,"7,957","6,366"
,TOTAL,,14,"8,788","7,031"
25444,OTHER,,2,"1,619","1,295"
,TOTAL,,2,"1,619","1,295"
25445,AS,,4,405,277
,SG,,60,"40,466","32,052"
,80'S,,1,142,114
,OTHER,,475,"354,771","280,196"
,TOTAL,,540,"395,784","312,639"
25446,AS,,12,"1,948","1,513"
,SG,,2,"1,848","1,479"
,80'S,,1,186,149
,OTHER,,89,"106,634","84,599"
,TOTAL,,104,"110,616","87,739"
25447,AS,,302,"30,520","23,945"
,SG,,757,"509,796","402,783"
,80'S,,176,"20,608","16,095"
,OTHER,,"4,653","3,458,008","2,723,649"
,TOTAL,,"5,888","4,018,932","3,166,472"
25449,AS,,440,279,223
,SG,,10,"5,754","4,603"
,80'S,,1,156,125
,OTHER,,39,"35,587","27,690"
,TOTAL,,490,"41,776","32,641"
25450,OTHER,,2,687,550
,TOTAL,,2,687,550
25455,OTHER,,4,"1,843","1,474"
,TOTAL,,4,"1,843","1,474"
25490,AS,,1,111,89
,SG,,1,494,395
,OTHER,,25,"16,410","13,048"
,TOTAL,,27,"17,015","13,532"
25491,AS,,1,77,61
,SG,,1,483,386
,OTHER,,14,"8,757","7,006"
,TOTAL,,16,"9,316","7,453"
25492,SG,,2,478,383
,OTHER,,1,929,743
,TOTAL,,3,"1,408","1,126"
25500,OTHER,,"1,714","352,872","271,300"
,TOTAL,,"1,714","352,872","271,300"
25505,SG,,12,"3,668","2,868"
,OTHER,,648,"234,251","183,556"
,TOTAL,,660,"237,919","186,424"
25515,AS,,36,"2,925","2,340"
,SG,,25,"12,037","9,549"
,80'S,,25,"2,512","2,009"
,OTHER,,500,"303,894","239,172"
,TOTAL,,586,"321,367","253,070"
25520,SG,,3,948,755
,OTHER,,52,"24,159","19,287"
,TOTAL,,55,"25,107","20,042"
25525,AS,,5,608,486
,SG,,5,"3,007","2,405"
,80'S,,2,268,215
,OTHER,,187,"154,410","123,081"
,TOTAL,,199,"158,293","126,187"
25526,AS,,4,554,443
,SG,,3,"2,017","1,613"
,80'S,,6,963,729
,OTHER,,67,"66,780","52,132"
,TOTAL,,80,"70,314","54,917"
25530,OTHER,,"2,282","447,990","342,576"
,TOTAL,,"2,282","447,990","342,576"
25535,OTHER,,269,"89,604","70,696"
,TOTAL,,269,"89,604","70,696"
25545,AS,,40,"3,064","2,451"
,SG,,22,"9,758","7,714"
,80'S,,32,"3,053","2,352"
,OTHER,,723,"417,753","327,985"
,TOTAL,,817,"433,628","340,502"
25560,OTHER,,"1,823","382,265","292,217"
,TOTAL,,"1,823","382,265","292,217"
25565,SG,,13,"5,075","4,060"
,OTHER,,"1,372","568,327","448,236"
,TOTAL,,"1,385","573,402","452,296"
25574,AS,,15,"1,010",808
,SG,,5,"2,231","1,784"
,80'S,,8,650,520
,OTHER,,263,"136,328","107,422"
,TOTAL,,291,"140,219","110,534"
25575,AS,,45,"4,632","3,557"
,SG,,17,"8,108","6,437"
,80'S,,55,"6,775","5,340"
,OTHER,,"1,030","749,525","592,639"
,TOTAL,,"1,147","769,040","607,972"
25600,OTHER,,"46,109","10,589,029","8,183,619"
,TOTAL,,"46,109","10,589,029","8,183,619"
25605,SG,,283,"131,360","103,555"
,80'S,,12,568,454
,OTHER,,"38,082","15,768,196","12,382,096"
,TOTAL,,"38,377","15,900,124","12,486,106"
25611,AS,,27,"1,943","1,554"
,SG,,793,"373,148","296,190"
,80'S,,20,"1,646","1,237"
,OTHER,,"14,982","7,809,279","6,190,580"
,TOTAL,,"15,822","8,186,016","6,489,562"
25620,AS,,317,"25,142","19,834"
,SG,,319,"214,859","170,832"
,80'S,,239,"23,187","18,101"
,OTHER,,"5,682","3,273,736","2,590,223"
,TOTAL,,"6,557","3,536,924","2,798,991"
25622,OTHER,,"2,635","574,442","443,149"
,TOTAL,,"2,635","574,442","443,149"
25624,SG,,2,516,413
,OTHER,,143,"49,152","38,272"
,TOTAL,,145,"49,668","38,685"
25628,AS,,3,264,211
,SG,,13,"5,439","4,271"
,80'S,,5,480,384
,OTHER,,103,"57,373","45,712"
,TOTAL,,124,"63,556","50,578"
25630,OTHER,,"1,718","399,187","309,119"
,TOTAL,,"1,718","399,187","309,119"
25635,SG,,4,"1,262","1,010"
,OTHER,,68,"23,360","18,422"
,TOTAL,,72,"24,622","19,432"
25645,SG,,2,725,580
,80'S,,1,94,75
,OTHER,,40,"16,712","13,344"
,TOTAL,,43,"17,530","13,998"
25650,OTHER,,954,"212,443","165,913"
,TOTAL,,954,"212,443","165,913"
25660,SG,,2,565,438
,OTHER,,158,"43,406","33,704"
,TOTAL,,160,"43,972","34,141"
25670,AS,,3,233,186
,SG,,3,"1,011",809
,80'S,,2,100,80
,OTHER,,61,"26,455","21,084"
,TOTAL,,69,"27,799","22,159"
25675,AS,,1,22,18
,SG,,9,"2,422","1,938"
,OTHER,,133,"34,606","27,233"
,TOTAL,,143,"37,050","29,188"
25676,AS,,2,103,80
,SG,,3,"1,215",972
,OTHER,,52,"22,525","17,940"
,TOTAL,,57,"23,843","18,992"
25680,SG,,4,"1,627","1,302"
,OTHER,,166,"56,511","44,009"
,TOTAL,,170,"58,138","45,311"
25685,AS,,1,103,83
,SG,,5,"2,287","1,820"
,80'S,,2,236,189
,OTHER,,48,"27,343","21,709"
,TOTAL,,56,"29,970","23,800"
25690,SG,,1,168,134
,80'S,,1,80,64
,OTHER,,35,"12,808","9,902"
,TOTAL,,37,"13,056","10,100"
25695,SG,,1,423,338
,80'S,,3,241,193
,OTHER,,35,"17,926","13,705"
,TOTAL,,39,"18,589","14,236"
25800,AS,,22,"2,245","1,796"
,SG,,24,"13,036","9,921"
,80'S,,17,"1,984","1,587"
,OTHER,,316,"224,540","175,506"
,TOTAL,,379,"241,804","188,809"
25805,AS,,4,443,355
,SG,,5,"3,433","2,746"
,80'S,,4,551,441
,OTHER,,61,"51,657","40,510"
,TOTAL,,74,"56,084","44,052"
25810,AS,,47,"5,033","3,946"
,SG,,34,"22,002","17,270"
,80'S,,34,"4,538","3,546"
,OTHER,,519,"398,277","311,695"
,TOTAL,,634,"429,850","336,457"
25820,AS,,11,717,570
,SG,,21,"11,538","9,207"
,80'S,,9,678,542
,OTHER,,155,"76,446","59,811"
,TOTAL,,196,"89,378","70,130"
25825,AS,,25,"2,227","1,782"
,SG,,49,"33,183","26,171"
,80'S,,22,"2,490","1,917"
,OTHER,,378,"244,536","190,369"
,TOTAL,,474,"282,436","220,239"
25830,AS,,1,102,82
,80'S,,8,893,661
,OTHER,,70,"51,546","41,237"
,TOTAL,,79,"52,541","41,979"
25900,AS,,1,96,76
,80'S,,2,214,171
,OTHER,,241,"155,519","123,513"
,TOTAL,,244,"155,828","123,761"
25905,80'S,,2,181,145
,OTHER,,22,"15,494","12,269"
,TOTAL,,24,"15,675","12,414"
25907,OTHER,,13,"7,526","6,021"
,TOTAL,,13,"7,526","6,021"
25909,AS,,1,91,73
,80'S,,1,114,91
,OTHER,,26,"15,980","12,784"
,TOTAL,,28,"16,186","12,949"
25920,AS,,1,77,61
,80'S,,1,108,86
,OTHER,,74,"43,071","34,457"
,TOTAL,,76,"43,256","34,605"
25922,OTHER,,5,"2,288","1,831"
,TOTAL,,5,"2,288","1,831"
25924,OTHER,,3,"1,238",990
,TOTAL,,3,"1,238",990
25927,AS,,4,242,193
,OTHER,,91,"54,082","43,179"
,TOTAL,,95,"54,324","43,372"
25929,SG,,1,467,374
,OTHER,,4,"1,910","1,448"
,TOTAL,,5,"2,377","1,822"
25931,OTHER,,16,"7,714","6,171"
,TOTAL,,16,"7,714","6,171"
25999,AS,,2,487,390
,80'S,,11,"1,019",815
,OTHER,,269,"100,835","80,141"
,TOTAL,,282,"102,341","81,346"
26010,OTHER,,"2,902","328,399","245,999"
,TOTAL,,"2,902","328,399","245,999"
26011,SG,,71,"20,839","16,413"
,OTHER,,"1,709","328,658","256,010"
,TOTAL,,"1,780","349,498","272,423"
26020,SG,,34,"13,265","10,517"
,OTHER,,"1,323","482,901","383,202"
,TOTAL,,"1,357","496,167","393,720"
26025,AS,,1,58,46
,SG,,7,"1,963","1,570"
,OTHER,,271,"108,724","86,118"
,TOTAL,,279,"110,745","87,735"
26030,AS,,1,67,54
,SG,,6,"2,003","1,603"
,OTHER,,210,"94,598","75,282"
,TOTAL,,217,"96,668","76,938"
26034,SG,,29,"10,412","8,250"
,OTHER,,462,"217,710","173,038"
,TOTAL,,491,"228,122","181,288"
26035,SG,,13,"8,038","6,430"
,OTHER,,136,"52,223","40,315"
,TOTAL,,149,"60,261","46,745"
26037,SG,,2,992,794
,OTHER,,248,"116,447","92,706"
,TOTAL,,250,"117,439","93,499"
26040,SG,,268,"155,005","122,786"
,OTHER,,497,"167,997","132,148"
,TOTAL,,765,"323,002","254,934"
26045,SG,,312,"135,866","107,253"
,OTHER,,"1,084","479,816","377,876"
,TOTAL,,"1,396","615,682","485,129"
26055,SG,,"7,087","2,565,519","2,025,443"
,80'S,,2,61,48
,OTHER,,"38,775","8,927,842","7,008,080"
,TOTAL,,"45,864","11,493,421","9,033,571"
26060,SG,,11,"4,386","3,509"
,OTHER,,162,"25,968","20,481"
,TOTAL,,173,"30,354","23,990"
26070,SG,,31,"11,612","9,164"
,OTHER,,317,"74,684","58,024"
,TOTAL,,348,"86,295","67,188"
26075,SG,,42,"22,912","18,284"
,OTHER,,431,"118,142","92,292"
,TOTAL,,473,"141,054","110,576"
26080,SG,,105,"59,743","46,609"
,OTHER,,897,"304,504","238,568"
,TOTAL,,"1,002","364,247","285,177"
26100,SG,,10,"3,419","2,735"
,OTHER,,31,"6,753","5,383"
,TOTAL,,41,"10,172","8,118"
26105,SG,,9,"2,313","1,850"
,OTHER,,61,"18,075","14,460"
,TOTAL,,70,"20,388","16,310"
26110,SG,,46,"11,541","9,153"
,OTHER,,327,"92,253","73,341"
,TOTAL,,373,"103,794","82,494"
26115,SG,,801,"301,683","237,616"
,80'S,,1,343,274
,OTHER,,"4,573","1,192,989","937,241"
,TOTAL,,"5,375","1,495,014","1,175,131"
26116,SG,,630,"239,457","189,596"
,80'S,,1,467,373
,OTHER,,"4,318","1,873,119","1,474,978"
,TOTAL,,"4,949","2,113,042","1,664,948"
26117,SG,,50,"21,794","17,417"
,OTHER,,423,"256,536","204,333"
,TOTAL,,473,"278,330","221,750"
26121,SG,,310,"174,790","139,125"
,80'S,,1,99,79
,OTHER,,"2,092","1,289,656","1,019,160"
,TOTAL,,"2,403","1,464,545","1,158,365"
26123,SG,,"1,395","769,998","609,634"
,80'S,,1,143,114
,OTHER,,"8,536","6,462,864","5,100,543"
,TOTAL,,"9,932","7,233,004","5,710,291"
26125,SG,,674,"261,530","208,837"
,80'S,,1,40,32
,OTHER,,"4,532","1,262,979","998,814"
,TOTAL,,"5,207","1,524,549","1,207,683"
26130,AS,,1,112,89
,SG,,25,"9,830","7,809"
,OTHER,,118,"51,793","41,225"
,TOTAL,,144,"61,735","49,123"
26135,AS,,5,199,159
,SG,,122,"53,595","41,777"
,80'S,,1,55,44
,OTHER,,771,"321,907","254,741"
,TOTAL,,899,"375,757","296,722"
26140,SG,,86,"26,571","20,821"
,OTHER,,572,"245,046","191,842"
,TOTAL,,658,"271,617","212,663"
26145,SG,,663,"277,876","218,080"
,OTHER,,"3,302","1,531,460","1,210,759"
,TOTAL,,"3,965","1,809,336","1,428,839"
26160,SG,,"1,967","911,015","720,811"
,80'S,,1,51,41
,OTHER,,"10,845","2,753,685","2,160,502"
,TOTAL,,"12,813","3,664,751","2,881,354"
26170,SG,,25,"9,544","7,555"
,80'S,,2,56,45
,OTHER,,96,"24,783","19,268"
,TOTAL,,123,"34,383","26,867"
26180,SG,,27,"11,531","9,188"
,OTHER,,131,"41,777","33,274"
,TOTAL,,158,"53,309","42,462"
26185,AS,,3,133,107
,80'S,,1,31,25
,OTHER,,27,"9,361","7,489"
,TOTAL,,31,"9,526","7,621"
26200,SG,,40,"14,618","11,356"
,OTHER,,183,"77,623","61,163"
,TOTAL,,223,"92,240","72,519"
26205,SG,,3,"1,189",951
,OTHER,,8,"5,002","4,002"
,TOTAL,,11,"6,191","4,953"
26210,SG,,220,"81,272","64,312"
,OTHER,,"1,014","414,355","327,118"
,TOTAL,,"1,234","495,628","391,430"
26215,SG,,10,"4,430","3,544"
,OTHER,,41,"23,136","18,320"
,TOTAL,,51,"27,566","21,865"
26230,SG,,24,"22,070","17,007"
,OTHER,,191,"86,659","68,034"
,TOTAL,,215,"108,730","85,041"
26235,SG,,65,"27,714","21,964"
,80'S,,1,96,77
,OTHER,,383,"164,500","129,550"
,TOTAL,,449,"192,311","151,591"
26236,SG,,92,"38,759","30,709"
,OTHER,,631,"247,054","196,108"
,TOTAL,,723,"285,814","226,817"
26250,SG,,1,477,381
,OTHER,,20,"10,271","7,662"
,TOTAL,,21,"10,748","8,044"
26255,OTHER,,4,"2,609","2,087"
,TOTAL,,4,"2,609","2,087"
26260,SG,,5,"2,188","1,750"
,OTHER,,33,"17,773","14,138"
,TOTAL,,38,"19,961","15,889"
26261,SG,,1,497,398
,OTHER,,4,"2,876","2,258"
,TOTAL,,5,"3,373","2,656"
26262,SG,,4,"1,278","1,023"
,80'S,,1,89,71
,OTHER,,21,"9,561","7,604"
,TOTAL,,26,"10,928","8,698"
26320,SG,,52,"16,061","12,606"
,OTHER,,453,"120,053","93,735"
,TOTAL,,505,"136,114","106,341"
26350,SG,,50,"12,056","9,639"
,OTHER,,840,"386,177","304,177"
,TOTAL,,890,"398,233","313,816"
26352,SG,,6,"3,478","2,702"
,OTHER,,35,"23,290","18,485"
,TOTAL,,41,"26,767","21,187"
26356,SG,,70,"34,564","27,233"
,OTHER,,"1,051","619,694","490,736"
,TOTAL,,"1,121","654,258","517,969"
26357,AS,,1,97,78
,SG,,7,"3,576","2,860"
,80'S,,3,306,245
,OTHER,,69,"44,161","35,249"
,TOTAL,,80,"48,140","38,432"
26358,SG,,3,"1,507","1,206"
,OTHER,,40,"28,487","22,695"
,TOTAL,,43,"29,994","23,901"
26370,SG,,37,"19,342","15,474"
,80'S,,1,120,96
,OTHER,,295,"170,848","134,778"
,TOTAL,,333,"190,310","150,348"
26372,SG,,1,588,470
,OTHER,,13,"9,917","7,934"
,TOTAL,,14,"10,505","8,404"
26373,AS,,2,195,156
,OTHER,,17,"11,137","8,909"
,TOTAL,,19,"11,332","9,066"
26390,AS,,8,592,473
,SG,,4,"2,025","1,620"
,OTHER,,49,"32,387","25,829"
,TOTAL,,61,"35,004","27,923"
26392,SG,,2,720,576
,80'S,,1,148,118
,OTHER,,25,"20,289","15,689"
,TOTAL,,28,"21,157","16,384"
26410,SG,,121,"47,182","37,410"
,OTHER,,"1,456","513,484","406,827"
,TOTAL,,"1,577","560,666","444,237"
26412,AS,,1,82,65
,SG,,9,"3,318","2,655"
,80'S,,3,111,89
,OTHER,,99,"44,886","35,777"
,TOTAL,,112,"48,398","38,586"
26415,SG,,3,"1,431","1,145"
,OTHER,,43,"13,232","10,558"
,TOTAL,,46,"14,663","11,703"
26416,OTHER,,12,"6,985","5,588"
,TOTAL,,12,"6,985","5,588"
26418,SG,,203,"111,121","87,540"
,OTHER,,"2,533","884,778","694,106"
,TOTAL,,"2,736","995,899","781,646"
26420,AS,,1,50,40
,SG,,16,"8,509","6,807"
,80'S,,4,274,219
,OTHER,,73,"37,729","30,183"
,TOTAL,,94,"46,562","37,249"
26426,SG,,63,"25,565","19,714"
,OTHER,,432,"206,605","162,201"
,TOTAL,,495,"232,169","181,915"
26428,SG,,1,232,186
,OTHER,,11,"6,566","5,253"
,TOTAL,,12,"6,798","5,439"
26432,SG,,38,"16,747","13,390"
,OTHER,,437,"159,370","124,179"
,TOTAL,,475,"176,116","137,569"
26433,SG,,40,"18,410","14,540"
,OTHER,,370,"139,514","109,267"
,TOTAL,,410,"157,924","123,807"
26434,SG,,1,483,386
,OTHER,,13,"5,675","4,540"
,TOTAL,,14,"6,158","4,927"
26437,SG,,113,"41,996","33,201"
,OTHER,,977,"339,177","269,512"
,TOTAL,,"1,090","381,174","302,712"
26440,SG,,123,"51,388","41,056"
,OTHER,,995,"413,286","325,633"
,TOTAL,,"1,118","464,675","366,689"
26442,SG,,27,"10,318","8,207"
,OTHER,,301,"150,416","120,011"
,TOTAL,,328,"160,735","128,218"
26445,SG,,101,"37,280","29,378"
,OTHER,,631,"197,162","155,430"
,TOTAL,,732,"234,442","184,808"
26449,SG,,13,"5,114","4,091"
,80'S,,3,251,201
,OTHER,,143,"65,746","52,311"
,TOTAL,,159,"71,111","56,603"
26450,SG,,17,"5,106","4,085"
,OTHER,,293,"50,551","40,441"
,TOTAL,,310,"55,657","44,525"
26455,SG,,80,"32,459","25,724"
,OTHER,,342,"63,996","50,751"
,TOTAL,,422,"96,456","76,475"
26460,SG,,40,"12,867","9,621"
,OTHER,,309,"48,762","38,536"
,TOTAL,,349,"61,629","48,158"
26471,SG,,34,"8,530","6,667"
,80'S,,1,45,36
,OTHER,,205,"64,032","50,738"
,TOTAL,,240,"72,607","57,441"
26474,AS,,2,125,100
,SG,,4,"1,064",851
,80'S,,2,132,106
,OTHER,,39,"12,198","9,527"
,TOTAL,,47,"13,520","10,584"
26476,SG,,3,459,367
,OTHER,,89,"22,057","17,645"
,TOTAL,,92,"22,516","18,013"
26477,SG,,9,"1,385","1,108"
,OTHER,,87,"24,334","19,301"
,TOTAL,,96,"25,718","20,409"
26478,SG,,6,934,747
,OTHER,,234,"66,708","53,360"
,TOTAL,,240,"67,642","54,108"
26479,AS,,5,180,144
,SG,,2,460,368
,OTHER,,14,"4,535","3,628"
,TOTAL,,21,"5,174","4,139"
26480,AS,,13,853,677
,SG,,233,"78,438","62,638"
,80'S,,12,"1,153",922
,OTHER,,"1,317","609,232","480,538"
,TOTAL,,"1,575","689,676","544,776"
26483,AS,,5,559,447
,SG,,38,"11,683","9,346"
,80'S,,2,232,185
,OTHER,,114,"79,134","63,138"
,TOTAL,,159,"91,608","73,117"
26485,AS,,12,803,643
,SG,,36,"10,538","8,430"
,80'S,,11,839,653
,OTHER,,379,"202,083","159,381"
,TOTAL,,438,"214,263","169,107"
26489,SG,,15,"5,293","4,190"
,OTHER,,98,"31,364","24,938"
,TOTAL,,113,"36,657","29,128"
26490,SG,,24,"9,610","7,521"
,OTHER,,122,"74,354","58,844"
,TOTAL,,146,"83,964","66,366"
26492,AS,,1,110,88
,SG,,14,"5,710","4,568"
,OTHER,,54,"36,538","28,949"
,TOTAL,,69,"42,359","33,606"
26494,SG,,2,976,781
,OTHER,,6,"4,685","3,731"
,TOTAL,,8,"5,661","4,511"
26496,AS,,3,266,213
,SG,,9,"3,590","2,872"
,OTHER,,140,"99,143","78,098"
,TOTAL,,152,"102,999","81,183"
26497,AS,,3,302,242
,SG,,21,"7,945","6,258"
,OTHER,,53,"34,654","27,724"
,TOTAL,,77,"42,901","34,223"
26498,AS,,1,162,130
,SG,,8,"3,784","3,027"
,80'S,,2,300,240
,OTHER,,53,"52,592","41,993"
,TOTAL,,64,"56,838","45,391"
26499,SG,,1,231,185
,OTHER,,29,"13,990","11,192"
,TOTAL,,30,"14,220","11,376"
26500,SG,,42,"22,628","18,098"
,80'S,,1,73,58
,OTHER,,223,"86,517","68,240"
,TOTAL,,266,"109,218","86,396"
26502,AS,,3,148,118
,SG,,5,"2,972","2,377"
,OTHER,,38,"14,404","11,517"
,TOTAL,,46,"17,524","14,013"
26504,SG,,1,605,484
,OTHER,,4,"1,497","1,198"
,TOTAL,,5,"2,102","1,682"
26508,SG,,20,"6,303","4,849"
,OTHER,,103,"32,176","25,235"
,TOTAL,,123,"38,479","30,084"
26510,AS,,3,87,69
,SG,,29,"8,185","6,548"
,80'S,,1,30,24
,OTHER,,276,"68,023","54,063"
,TOTAL,,309,"76,325","60,704"
26516,AS,,1,40,32
,SG,,27,"4,886","3,651"
,OTHER,,189,"61,734","48,876"
,TOTAL,,217,"66,661","52,560"
26517,OTHER,,11,"5,427","4,342"
,TOTAL,,11,"5,427","4,342"
26518,SG,,1,241,193
,OTHER,,20,"10,447","8,358"
,TOTAL,,21,"10,689","8,551"
26520,SG,,70,"21,877","17,501"
,OTHER,,485,"175,939","138,796"
,TOTAL,,555,"197,816","156,297"
26525,SG,,118,"39,820","30,505"
,80'S,,1,72,58
,OTHER,,785,"278,395","220,895"
,TOTAL,,904,"318,287","251,457"
26530,AS,,27,"1,512","1,209"
,SG,,139,"55,652","44,339"
,80'S,,17,"1,142",913
,OTHER,,646,"299,583","237,118"
,TOTAL,,829,"357,889","283,579"
26531,AS,,279,"18,160","14,244"
,SG,,352,"235,914","188,105"
,80'S,,147,"11,331","9,065"
,OTHER,,"3,991","1,872,673","1,483,759"
,TOTAL,,"4,769","2,138,078","1,695,173"
26535,SG,,273,"162,733","129,458"
,OTHER,,"1,261","457,291","362,343"
,TOTAL,,"1,534","620,023","491,801"
26536,AS,,3,199,159
,SG,,198,"111,273","88,486"
,80'S,,7,708,566
,OTHER,,889,"442,037","349,992"
,TOTAL,,"1,097","554,216","439,203"
26540,AS,,3,221,177
,SG,,61,"33,631","26,436"
,OTHER,,678,"319,264","252,455"
,TOTAL,,742,"353,116","279,068"
26541,AS,,9,605,484
,SG,,32,"29,639","23,044"
,80'S,,10,946,757
,OTHER,,172,"111,300","88,772"
,TOTAL,,223,"142,490","113,057"
26542,SG,,22,"11,562","9,250"
,OTHER,,115,"51,090","40,872"
,TOTAL,,137,"62,652","50,122"
26545,SG,,20,"9,472","7,577"
,OTHER,,117,"44,727","35,321"
,TOTAL,,137,"54,199","42,898"
26546,AS,,3,302,161
,80'S,,1,136,109
,OTHER,,63,"42,542","33,927"
,TOTAL,,67,"42,980","34,197"
26548,AS,,3,210,168
,SG,,33,"17,564","14,051"
,80'S,,1,126,101
,OTHER,,167,"93,049","74,353"
,TOTAL,,204,"110,949","88,673"
26550,SG,,3,"1,160",928
,80'S,,1,246,197
,OTHER,,9,"4,638","3,711"
,TOTAL,,13,"6,045","4,836"
26555,SG,,2,936,749
,OTHER,,5,"4,742","3,794"
,TOTAL,,7,"5,678","4,543"
26560,SG,,5,"1,271","1,017"
,OTHER,,14,"4,108","3,286"
,TOTAL,,19,"5,378","4,303"
26561,SG,,1,483,386
,80'S,,3,327,262
,OTHER,,17,"11,551","9,241"
,TOTAL,,21,"12,361","9,889"
26565,AS,,2,156,125
,SG,,9,"6,180","4,944"
,80'S,,8,661,529
,OTHER,,68,"33,676","26,905"
,TOTAL,,87,"40,673","32,503"
26567,SG,,19,"12,070","9,430"
,OTHER,,112,"54,953","42,647"
,TOTAL,,131,"67,023","52,077"
26568,AS,,1,106,85
,SG,,5,"2,051","1,641"
,OTHER,,13,"8,702","6,962"
,TOTAL,,19,"10,859","8,687"
26580,SG,,1,676,541
,OTHER,,11,"3,190","2,552"
,TOTAL,,12,"3,865","3,092"
26585,SG,,2,"1,369","1,095"
,OTHER,,5,"4,049","3,239"
,TOTAL,,7,"5,417","4,334"
26587,SG,,1,681,545
,OTHER,,5,"2,061","1,649"
,TOTAL,,6,"2,741","2,193"
26591,SG,,11,"3,633","2,870"
,OTHER,,162,"35,137","28,044"
,TOTAL,,173,"38,771","30,914"
26593,SG,,39,"13,841","10,651"
,OTHER,,424,"115,886","91,186"
,TOTAL,,463,"129,727","101,837"
26596,SG,,3,862,690
,OTHER,,16,"5,822","4,658"
,TOTAL,,19,"6,685","5,348"
26597,AS,,1,102,81
,SG,,20,"8,180","6,544"
,OTHER,,206,"129,216","103,082"
,TOTAL,,227,"137,498","109,707"
26600,OTHER,,"13,918","2,355,541","1,808,967"
,TOTAL,,"13,918","2,355,541","1,808,967"
26605,SG,,13,"4,316","3,453"
,80'S,,1,15,12
,OTHER,,"2,366","573,199","444,261"
,TOTAL,,"2,380","577,530","447,726"
26607,SG,,31,"12,578","9,936"
,OTHER,,241,"81,609","64,543"
,TOTAL,,272,"94,187","74,479"
26608,AS,,2,123,99
,80'S,,1,67,53
,OTHER,,545,"176,406","137,724"
,TOTAL,,548,"176,596","137,876"
26615,SG,,78,"44,402","34,785"
,80'S,,1,39,31
,OTHER,,982,"339,115","268,162"
,TOTAL,,"1,061","383,555","302,978"
26641,OTHER,,139,"33,180","26,005"
,TOTAL,,139,"33,180","26,005"
26645,SG,,1,292,233
,OTHER,,112,"34,692","27,087"
,TOTAL,,113,"34,984","27,321"
26650,SG,,16,"6,449","5,000"
,OTHER,,149,"58,073","45,659"
,TOTAL,,165,"64,522","50,658"
26665,SG,,10,"5,719","4,541"
,OTHER,,83,"41,165","32,048"
,TOTAL,,93,"46,884","36,589"
26670,OTHER,,127,"26,457","20,737"
,TOTAL,,127,"26,457","20,737"
26675,SG,,1,206,165
,OTHER,,36,"11,134","8,778"
,TOTAL,,37,"11,339","8,942"
26676,SG,,8,"2,957","2,366"
,OTHER,,77,"30,620","24,309"
,TOTAL,,85,"33,577","26,675"
26685,SG,,6,"2,415","1,890"
,OTHER,,53,"22,782","17,838"
,TOTAL,,59,"25,197","19,727"
26686,AS,,1,83,66
,SG,,2,993,795
,OTHER,,31,"16,645","13,192"
,TOTAL,,34,"17,721","14,053"
26700,AS,,1,209,167
,OTHER,,616,"111,844","85,790"
,TOTAL,,617,"112,053","85,957"
26705,SG,,5,"1,641","1,313"
,OTHER,,168,"41,018","32,193"
,TOTAL,,173,"42,659","33,506"
26706,SG,,6,"1,731","1,385"
,OTHER,,45,"12,104","9,641"
,TOTAL,,51,"13,835","11,027"
26715,SG,,14,"7,618","6,033"
,OTHER,,197,"70,374","55,550"
,TOTAL,,211,"77,992","61,582"
26720,OTHER,,"8,946","937,425","707,748"
,TOTAL,,"8,946","937,425","707,748"
26725,OTHER,,"3,137","629,760","489,905"
,TOTAL,,"3,137","629,760","489,905"
26727,SG,,127,"109,941","87,103"
,OTHER,,"1,212","390,294","307,476"
,TOTAL,,"1,339","500,234","394,579"
26735,SG,,89,"48,955","39,018"
,OTHER,,"1,481","478,869","377,941"
,TOTAL,,"1,570","527,824","416,959"
26740,OTHER,,809,"103,684","78,596"
,TOTAL,,809,"103,684","78,596"
26742,SG,,8,"3,241","2,593"
,OTHER,,289,"78,840","61,434"
,TOTAL,,297,"82,081","64,027"
26746,SG,,37,"23,863","19,090"
,OTHER,,765,"263,903","206,633"
,TOTAL,,802,"287,766","225,723"
26750,OTHER,,"4,343","470,318","353,446"
,TOTAL,,"4,343","470,318","353,446"
26755,OTHER,,528,"93,177","72,656"
,TOTAL,,528,"93,177","72,656"
26756,SG,,23,"8,583","6,786"
,OTHER,,253,"65,217","51,074"
,TOTAL,,276,"73,800","57,861"
26765,SG,,69,"39,866","31,513"
,80'S,,2,88,71
,OTHER,,"2,132","529,882","412,618"
,TOTAL,,"2,203","569,837","444,202"
26770,OTHER,,"3,125","470,744","364,770"
,TOTAL,,"3,125","470,744","364,770"
26775,OTHER,,624,"136,701","106,435"
,TOTAL,,624,"136,701","106,435"
26776,SG,,17,"6,583","5,033"
,OTHER,,172,"43,768","34,407"
,TOTAL,,189,"50,351","39,441"
26785,SG,,33,"11,030","8,744"
,OTHER,,431,"111,152","87,437"
,TOTAL,,464,"122,182","96,181"
26820,AS,,3,182,146
,SG,,20,"12,797","9,957"
,80'S,,1,131,105
,OTHER,,44,"25,334","19,898"
,TOTAL,,68,"38,444","30,105"
26841,AS,,1,83,66
,SG,,64,"36,740","28,268"
,80'S,,2,140,112
,OTHER,,386,"214,998","169,405"
,TOTAL,,453,"251,962","197,852"
26842,AS,,3,241,192
,SG,,19,"11,021","8,589"
,80'S,,8,"1,049",839
,OTHER,,123,"86,855","69,325"
,TOTAL,,153,"99,166","78,945"
26843,SG,,11,"3,879","3,023"
,OTHER,,39,"19,559","15,624"
,TOTAL,,50,"23,438","18,647"
26844,AS,,4,377,302
,SG,,1,519,415
,OTHER,,24,"14,426","10,733"
,TOTAL,,29,"15,322","11,450"
26850,AS,,2,119,95
,SG,,138,"68,564","54,590"
,80'S,,4,285,228
,OTHER,,818,"333,692","262,025"
,TOTAL,,962,"402,660","316,938"
26852,AS,,5,322,257
,SG,,22,"10,709","8,310"
,80'S,,12,953,762
,OTHER,,169,"80,727","63,755"
,TOTAL,,208,"92,711","73,085"
26860,SG,,518,"218,758","173,178"
,OTHER,,"2,993","1,076,925","847,677"
,TOTAL,,"3,511","1,295,683","1,020,856"
26861,SG,,76,"15,813","12,570"
,OTHER,,476,"58,811","46,660"
,TOTAL,,552,"74,624","59,231"
26862,AS,,12,846,632
,SG,,75,"41,392","32,920"
,80'S,,19,"1,340",985
,OTHER,,378,"190,819","149,361"
,TOTAL,,484,"234,397","183,898"
26863,AS,,1,25,20
,SG,,11,"2,811","2,249"
,80'S,,5,225,180
,OTHER,,68,"16,708","13,160"
,TOTAL,,85,"19,769","15,609"
26910,SG,,64,"28,528","22,754"
,OTHER,,"1,207","609,297","478,512"
,TOTAL,,"1,271","637,824","501,265"
26951,SG,,339,"129,772","101,948"
,OTHER,,"7,017","2,369,002","1,866,905"
,TOTAL,,"7,356","2,498,774","1,968,853"
26952,SG,,97,"53,258","42,506"
,OTHER,,"1,669","758,119","598,785"
,TOTAL,,"1,766","811,377","641,291"
26989,SG,,1,487,390
,OTHER,,452,"144,752","115,519"
,TOTAL,,453,"145,240","115,909"
26990,AS,,1,38,30
,SG,,13,"3,743","2,961"
,80'S,,6,530,424
,OTHER,,"3,888","1,818,916","1,448,358"
,TOTAL,,"3,908","1,823,227","1,451,774"
26991,SG,,1,310,248
,80'S,,2,139,111
,OTHER,,179,"64,842","51,336"
,TOTAL,,182,"65,291","51,696"
26992,AS,,7,705,564
,80'S,,10,"1,434","1,134"
,OTHER,,734,"591,210","467,648"
,TOTAL,,751,"593,349","469,346"
27000,AS,,2,51,41
,SG,,6,"1,530","1,224"
,80'S,,6,201,161
,OTHER,,612,"124,597","99,443"
,TOTAL,,626,"126,380","100,869"
27001,AS,,23,"1,022",817
,SG,,2,492,393
,80'S,,37,"1,557","1,215"
,OTHER,,282,"80,757","63,963"
,TOTAL,,344,"83,828","66,389"
27003,AS,,1,41,33
,80'S,,5,331,265
,OTHER,,66,"22,739","18,158"
,TOTAL,,72,"23,111","18,455"
27005,AS,,5,262,210
,80'S,,12,745,596
,OTHER,,70,"32,077","25,661"
,TOTAL,,87,"33,084","26,467"
27006,AS,,12,893,642
,80'S,,5,745,596
,OTHER,,102,"52,379","40,896"
,TOTAL,,119,"54,016","42,134"
27025,AS,,4,367,293
,80'S,,3,292,234
,OTHER,,278,"183,168","145,707"
,TOTAL,,285,"183,827","146,234"
27030,AS,,84,"9,585","7,658"
,SG,,2,945,756
,80'S,,64,"9,175","7,327"
,OTHER,,"1,180","947,261","754,894"
,TOTAL,,"1,330","966,967","770,635"
27033,AS,,21,"2,607","2,086"
,SG,,3,"1,397","1,117"
,80'S,,40,"5,634","4,507"
,OTHER,,365,"302,463","238,953"
,TOTAL,,429,"312,100","246,663"
27035,AS,,1,168,134
,80'S,,4,787,630
,OTHER,,22,"23,540","18,820"
,TOTAL,,27,"24,496","19,585"
27036,AS,,11,"1,353","1,082"
,80'S,,14,"1,776","1,420"
,OTHER,,143,"114,964","90,866"
,TOTAL,,168,"118,092","93,369"
27040,SG,,12,"3,034","2,427"
,OTHER,,438,"76,714","60,456"
,TOTAL,,450,"79,747","62,883"
27041,SG,,13,"5,060","4,048"
,80'S,,2,147,118
,OTHER,,742,"352,539","280,069"
,TOTAL,,757,"357,746","284,235"
27047,SG,,63,"24,357","19,252"
,80'S,,1,38,30
,OTHER,,981,"385,382","304,433"
,TOTAL,,"1,045","409,776","323,715"
27048,AS,,17,750,600
,SG,,27,"12,705","10,164"
,80'S,,58,"3,158","2,501"
,OTHER,,810,"320,398","253,183"
,TOTAL,,912,"337,011","266,447"
27049,AS,,10,981,785
,SG,,2,952,762
,80'S,,49,"6,481","5,185"
,OTHER,,442,"365,727","289,544"
,TOTAL,,503,"374,140","296,275"
27050,OTHER,,37,"11,023","8,818"
,TOTAL,,37,"11,023","8,818"
27052,AS,,1,65,52
,SG,,1,493,394
,80'S,,21,"1,213",970
,OTHER,,119,"45,326","36,147"
,TOTAL,,142,"47,097","37,564"
27054,AS,,15,"1,026",821
,80'S,,21,"1,832","1,465"
,OTHER,,195,"106,049","84,196"
,TOTAL,,231,"108,907","86,482"
27060,SG,,3,"1,877","1,502"
,80'S,,2,130,104
,OTHER,,75,"23,148","18,201"
,TOTAL,,80,"25,154","19,806"
27062,AS,,2,84,67
,SG,,34,"22,666","18,103"
,80'S,,3,216,172
,OTHER,,797,"270,152","212,747"
,TOTAL,,836,"293,117","231,090"
27065,AS,,5,287,229
,SG,,3,"1,932","1,494"
,80'S,,8,550,440
,OTHER,,120,"45,758","36,030"
,TOTAL,,136,"48,528","38,193"
27066,AS,,16,"1,431","1,145"
,SG,,2,"1,362","1,089"
,80'S,,23,"2,220","1,676"
,OTHER,,206,"129,429","100,229"
,TOTAL,,247,"134,442","104,138"
27067,AS,,3,195,156
,80'S,,2,253,202
,OTHER,,14,"11,702","9,361"
,TOTAL,,19,"12,149","9,719"
27070,AS,,15,"1,323","1,058"
,80'S,,11,"1,379","1,104"
,OTHER,,320,"227,987","179,732"
,TOTAL,,346,"230,689","181,894"
27071,AS,,25,"2,721","2,176"
,80'S,,31,"3,961","3,169"
,OTHER,,548,"438,074","347,142"
,TOTAL,,604,"444,756","352,488"
27075,80'S,,12,"2,284","1,827"
,OTHER,,93,"93,971","74,247"
,TOTAL,,105,"96,255","76,074"
27076,AS,,3,414,331
,80'S,,17,"2,937","2,350"
,OTHER,,101,"121,108","95,918"
,TOTAL,,121,"124,458","98,599"
27077,OTHER,,9,"13,013","10,410"
,TOTAL,,9,"13,013","10,410"
27078,AS,,2,193,155
,80'S,,3,383,306
,OTHER,,56,"43,132","34,506"
,TOTAL,,61,"43,708","34,966"
27079,OTHER,,10,"7,337","5,869"
,TOTAL,,10,"7,337","5,869"
27080,AS,,9,530,424
,SG,,10,"4,117","3,294"
,80'S,,12,734,587
,OTHER,,195,"76,087","60,236"
,TOTAL,,226,"81,468","64,541"
27086,SG,,1,311,249
,OTHER,,159,"16,750","12,755"
,TOTAL,,160,"17,061","13,004"
27087,AS,,13,727,527
,SG,,10,"4,836","3,789"
,80'S,,29,"2,071","1,657"
,OTHER,,374,"160,479","127,138"
,TOTAL,,426,"168,113","133,111"
27090,AS,,66,"5,943","4,755"
,80'S,,119,"12,800","10,185"
,OTHER,,864,"548,713","436,513"
,TOTAL,,"1,049","567,456","451,452"
27091,AS,,181,"36,761","29,399"
,80'S,,274,"65,887","52,591"
,OTHER,,"2,371","2,269,438","1,806,588"
,TOTAL,,"2,826","2,372,086","1,888,578"
27093,OTHER,,"6,915","702,540","551,962"
,TOTAL,,"6,915","702,540","551,962"
27095,OTHER,,"2,011","222,522","174,385"
,TOTAL,,"2,011","222,522","174,385"
27096,OTHER,,"48,246","10,041,092","7,945,117"
,TOTAL,,"48,246","10,041,092","7,945,117"
27097,80'S,,1,105,84
,OTHER,,51,"17,739","14,111"
,TOTAL,,52,"17,844","14,195"
27098,SG,,1,469,375
,80'S,,1,49,39
,OTHER,,6,"1,867","1,494"
,TOTAL,,8,"2,385","1,908"
27100,AS,,2,219,175
,80'S,,3,334,268
,OTHER,,19,"11,779","9,379"
,TOTAL,,24,"12,333","9,822"
27105,80'S,,1,59,47
,OTHER,,3,"1,318","1,055"
,TOTAL,,4,"1,377","1,102"
27110,AS,,6,612,490
,OTHER,,22,"10,709","8,526"
,TOTAL,,28,"11,321","9,016"
27111,80'S,,1,81,65
,OTHER,,4,"2,744","2,195"
,TOTAL,,5,"2,825","2,260"
27120,AS,,6,"1,061",849
,80'S,,50,"11,353","9,083"
,OTHER,,78,"93,755","74,257"
,TOTAL,,134,"106,170","84,189"
27122,AS,,51,"7,637","6,109"
,80'S,,115,"21,121","16,742"
,OTHER,,840,"900,076","718,374"
,TOTAL,,"1,006","928,834","741,224"
27125,AS,,"1,100","165,392","131,596"
,80'S,,"2,323","425,021","338,600"
,OTHER,,"13,103","14,465,711","11,535,722"
,TOTAL,,"16,526","15,056,124","12,005,918"
27130,AS,,"12,494","2,525,656","2,010,609"
,SG,,2,"2,945","2,356"
,80'S,,"23,853","5,787,889","4,597,663"
,OTHER,,"78,722","118,958,329","94,498,616"
,TOTAL,,"115,071","127,274,819","101,109,244"
27132,AS,,713,"164,287","130,811"
,80'S,,"1,311","363,572","289,971"
,OTHER,,"4,695","7,833,473","6,241,998"
,TOTAL,,"6,719","8,361,332","6,662,780"
27134,AS,,"1,452","407,916","324,839"
,80'S,,"2,721","912,285","723,640"
,OTHER,,"9,760","19,834,735","15,734,990"
,TOTAL,,"13,933","21,154,937","16,783,468"
27137,AS,,791,"165,151","131,707"
,80'S,,"1,558","386,226","305,264"
,OTHER,,"5,768","8,128,153","6,442,398"
,TOTAL,,"8,117","8,679,530","6,879,369"
27138,AS,,354,"75,756","60,183"
,80'S,,789,"206,031","164,134"
,OTHER,,"2,992","4,416,204","3,510,123"
,TOTAL,,"4,135","4,697,991","3,734,440"
27140,AS,,11,802,642
,80'S,,25,"2,238","1,791"
,OTHER,,140,"84,684","67,408"
,TOTAL,,176,"87,725","69,841"
27146,AS,,4,318,255
,80'S,,15,"2,099","1,679"
,OTHER,,47,"39,607","30,480"
,TOTAL,,66,"42,025","32,414"
27147,AS,,5,808,647
,80'S,,4,678,542
,OTHER,,32,"38,769","31,009"
,TOTAL,,41,"40,255","32,198"
27151,OTHER,,18,"18,299","13,552"
,TOTAL,,18,"18,299","13,552"
27156,AS,,1,222,177
,80'S,,4,"1,141",913
,OTHER,,18,"30,669","24,457"
,TOTAL,,23,"32,032","25,548"
27158,80'S,,1,104,84
,OTHER,,3,"2,365","1,892"
,TOTAL,,4,"2,470","1,976"
27161,AS,,6,668,535
,80'S,,16,"2,959","2,367"
,OTHER,,78,"76,643","61,088"
,TOTAL,,100,"80,270","63,989"
27165,AS,,19,"2,398","1,918"
,80'S,,49,"8,942","7,073"
,OTHER,,244,"250,335","198,777"
,TOTAL,,312,"261,675","207,769"
27170,AS,,29,"4,118","3,294"
,80'S,,64,"10,860","8,363"
,OTHER,,365,"382,480","302,936"
,TOTAL,,458,"397,457","314,593"
27175,OTHER,,24,"7,205","5,764"
,TOTAL,,24,"7,205","5,764"
27176,80'S,,2,281,225
,OTHER,,29,"25,349","20,279"
,TOTAL,,31,"25,630","20,504"
27177,OTHER,,11,"11,551","9,241"
,TOTAL,,11,"11,551","9,241"
27178,OTHER,,7,"5,170","4,136"
,TOTAL,,7,"5,170","4,136"
27179,OTHER,,6,"3,923","3,138"
,TOTAL,,6,"3,923","3,138"
27181,80'S,,1,89,71
,OTHER,,7,"5,032","3,946"
,TOTAL,,8,"5,121","4,017"
27185,OTHER,,4,"1,361","1,088"
,TOTAL,,4,"1,361","1,088"
27187,AS,,35,"4,815","3,840"
,80'S,,44,"6,998","5,598"
,OTHER,,505,"494,405","392,196"
,TOTAL,,584,"506,219","401,634"
27193,SG,,1,259,207
,OTHER,,"13,278","4,541,751","3,589,348"
,TOTAL,,"13,279","4,542,010","3,589,555"
27194,OTHER,,117,"63,028","49,541"
,TOTAL,,117,"63,028","49,541"
27200,OTHER,,503,"62,940","48,244"
,TOTAL,,503,"62,940","48,244"
27202,SG,,1,203,162
,OTHER,,7,"4,336","3,469"
,TOTAL,,8,"4,539","3,631"
27215,AS,,2,202,162
,80'S,,3,302,242
,OTHER,,60,"35,340","28,227"
,TOTAL,,65,"35,845","28,631"
27216,AS,,4,420,336
,80'S,,6,789,631
,OTHER,,115,"79,163","62,786"
,TOTAL,,125,"80,372","63,753"
27217,AS,,7,892,713
,80'S,,22,"3,175","2,540"
,OTHER,,141,"124,682","98,996"
,TOTAL,,170,"128,749","102,249"
27218,AS,,1,165,132
,80'S,,12,"2,457","1,965"
,OTHER,,76,"80,881","64,499"
,TOTAL,,89,"83,502","66,596"
27220,OTHER,,"2,241","918,532","725,611"
,TOTAL,,"2,241","918,532","725,611"
27222,OTHER,,306,"230,085","182,527"
,TOTAL,,306,"230,085","182,527"
27226,AS,,8,"1,093",874
,80'S,,33,"5,404","4,200"
,OTHER,,592,"233,399","184,935"
,TOTAL,,633,"239,897","190,009"
27227,AS,,12,"2,467","1,936"
,80'S,,43,"10,300","7,942"
,OTHER,,201,"280,147","221,891"
,TOTAL,,256,"292,915","231,770"
27228,AS,,16,"3,631","2,905"
,80'S,,55,"15,604","12,103"
,OTHER,,305,"513,640","403,028"
,TOTAL,,376,"532,875","418,036"
27230,OTHER,,"2,621","959,295","761,360"
,TOTAL,,"2,621","959,295","761,360"
27232,OTHER,,375,"281,214","223,959"
,TOTAL,,375,"281,214","223,959"
27235,AS,,23,"2,618","2,094"
,80'S,,29,"4,533","3,579"
,OTHER,,"17,530","15,902,360","12,666,799"
,TOTAL,,"17,582","15,909,510","12,672,472"
27236,AS,,"7,377","1,138,987","906,546"
,80'S,,"9,881","1,868,334","1,486,774"
,OTHER,,"85,851","97,721,021","77,923,304"
,TOTAL,,"103,109","100,728,341","80,316,624"
27238,80'S,,1,37,30
,OTHER,,"1,886","744,494","590,301"
,TOTAL,,"1,887","744,531","590,330"
27240,80'S,,3,378,302
,OTHER,,475,"411,227","327,657"
,TOTAL,,478,"411,604","327,959"
27244,AS,,"6,600","1,024,878","814,688"
,80'S,,"6,314","1,198,065","952,317"
,OTHER,,"94,223","108,773,542","86,718,899"
,TOTAL,,"107,137","110,996,485","88,485,903"
27245,AS,,687,"127,159","101,297"
,80'S,,826,"183,236","145,786"
,OTHER,,"9,648","13,095,072","10,440,509"
,TOTAL,,"11,161","13,405,467","10,687,592"
27246,SG,,1,314,251
,OTHER,,"2,102","724,986","572,994"
,TOTAL,,"2,103","725,300","573,245"
27248,AS,,79,"7,262","5,809"
,80'S,,111,"11,509","9,169"
,OTHER,,919,"569,370","453,503"
,TOTAL,,"1,109","588,140","468,481"
27250,SG,,1,311,249
,OTHER,,"2,018","765,184","607,655"
,TOTAL,,"2,019","765,495","607,904"
27252,AS,,2,163,130
,SG,,8,"3,376","2,701"
,80'S,,2,218,175
,OTHER,,"2,470","1,409,351","1,116,503"
,TOTAL,,"2,482","1,413,107","1,119,508"
27253,AS,,32,"3,678","2,942"
,80'S,,46,"6,186","4,949"
,OTHER,,435,"342,529","273,481"
,TOTAL,,513,"352,393","281,372"
27254,AS,,7,"1,108",886
,80'S,,29,"5,657","4,526"
,OTHER,,152,"169,861","135,719"
,TOTAL,,188,"176,626","141,131"
27256,OTHER,,48,"11,693","9,277"
,TOTAL,,48,"11,693","9,277"
27257,80'S,,1,67,53
,OTHER,,201,"59,515","47,384"
,TOTAL,,202,"59,582","47,437"
27258,AS,,12,"1,558","1,246"
,80'S,,20,"3,509","2,807"
,OTHER,,125,"103,315","82,609"
,TOTAL,,157,"108,382","86,662"
27259,80'S,,1,172,137
,OTHER,,7,"8,029","6,414"
,TOTAL,,8,"8,201","6,551"
27265,SG,,1,325,260
,80'S,,2,123,98
,OTHER,,"3,967","1,290,049","1,022,903"
,TOTAL,,"3,970","1,290,497","1,023,262"
27266,AS,,1,64,52
,SG,,16,"6,482","5,186"
,80'S,,2,179,143
,OTHER,,"11,761","5,272,369","4,180,571"
,TOTAL,,"11,780","5,279,094","4,185,951"
27275,SG,,11,"4,620","3,696"
,OTHER,,292,"47,357","37,268"
,TOTAL,,303,"51,978","40,965"
27280,AS,,7,773,618
,80'S,,10,"1,375","1,017"
,OTHER,,101,"83,547","64,575"
,TOTAL,,118,"85,694","66,210"
27282,AS,,2,184,147
,80'S,,4,384,307
,OTHER,,10,"4,116","3,293"
,TOTAL,,16,"4,684","3,747"
27284,AS,,4,790,632
,80'S,,1,216,173
,OTHER,,19,"22,649","18,070"
,TOTAL,,24,"23,655","18,874"
27286,AS,,2,343,275
,80'S,,3,593,474
,OTHER,,25,"26,352","20,578"
,TOTAL,,30,"27,288","21,327"
27290,80'S,,2,580,464
,OTHER,,41,"60,826","48,661"
,TOTAL,,43,"61,406","49,125"
27295,AS,,9,"1,503","1,202"
,80'S,,49,"9,696","7,757"
,OTHER,,348,"409,431","325,541"
,TOTAL,,406,"420,630","334,499"
27299,AS,,12,"1,898","1,518"
,80'S,,37,"5,057","4,037"
,OTHER,,468,"357,372","284,305"
,TOTAL,,517,"364,326","289,860"
27301,SG,,47,"21,533","16,858"
,80'S,,3,277,184
,OTHER,,"5,116","2,183,255","1,729,455"
,TOTAL,,"5,166","2,205,066","1,746,497"
27303,AS,,28,"2,256","1,804"
,SG,,3,"1,078",862
,80'S,,29,"2,538","1,997"
,OTHER,,796,"395,878","313,604"
,TOTAL,,856,"401,749","318,268"
27305,AS,,5,222,178
,SG,,2,634,427
,80'S,,6,266,213
,OTHER,,95,"30,425","23,693"
,TOTAL,,108,"31,546","24,510"
27306,AS,,2,47,38
,80'S,,8,225,180
,OTHER,,45,"8,950","7,160"
,TOTAL,,55,"9,222","7,377"
27307,AS,,2,84,67
,80'S,,1,66,53
,OTHER,,103,"30,783","24,562"
,TOTAL,,106,"30,933","24,682"
27310,AS,,136,"11,879","9,503"
,SG,,16,"8,826","7,061"
,80'S,,79,"8,165","6,477"
,OTHER,,"2,370","1,443,398","1,146,954"
,TOTAL,,"2,601","1,472,268","1,169,994"
27315,AS,,1,65,52
,80'S,,1,38,31
,OTHER,,13,"3,694","2,955"
,TOTAL,,15,"3,797","3,038"
27320,SG,,2,415,332
,OTHER,,12,"3,297","2,638"
,TOTAL,,14,"3,712","2,970"
27323,SG,,18,"5,392","4,313"
,OTHER,,686,"108,000","84,167"
,TOTAL,,704,"113,391","88,480"
27324,SG,,48,"13,813","10,880"
,80'S,,1,30,24
,OTHER,,868,"267,664","211,368"
,TOTAL,,917,"281,508","222,272"
27327,SG,,181,"67,442","53,025"
,OTHER,,"1,785","510,321","402,119"
,TOTAL,,"1,966","577,763","455,143"
27328,SG,,117,"53,625","41,936"
,80'S,,1,35,28
,OTHER,,"1,553","587,796","463,320"
,TOTAL,,"1,671","641,456","505,284"
27329,AS,,29,"3,874","3,100"
,80'S,,83,"13,529","10,707"
,OTHER,,875,"837,956","665,077"
,TOTAL,,987,"855,359","678,883"
27330,SG,,6,"2,415","1,932"
,80'S,,1,35,28
,OTHER,,73,"22,038","17,550"
,TOTAL,,80,"24,488","19,510"
27331,AS,,41,"2,339","1,871"
,SG,,25,"13,470","10,717"
,80'S,,58,"3,669","2,856"
,OTHER,,757,"299,413","236,627"
,TOTAL,,881,"318,891","252,071"
27332,AS,,4,216,173
,SG,,35,"19,264","15,411"
,80'S,,11,904,723
,OTHER,,129,"69,830","55,731"
,TOTAL,,179,"90,214","72,038"
27333,SG,,17,"9,272","7,418"
,80'S,,1,44,35
,OTHER,,24,"12,160","9,706"
,TOTAL,,42,"21,477","17,159"
27334,AS,,45,"3,838","3,070"
,SG,,11,"5,327","4,261"
,80'S,,56,"5,257","4,187"
,OTHER,,627,"356,628","282,555"
,TOTAL,,739,"371,049","294,073"
27335,AS,,60,"4,708","3,767"
,80'S,,68,"6,621","5,256"
,OTHER,,519,"313,661","249,783"
,TOTAL,,647,"324,990","258,806"
27340,AS,,1,42,34
,SG,,114,"50,187","39,905"
,80'S,,1,57,45
,OTHER,,"1,060","316,025","248,807"
,TOTAL,,"1,176","366,311","288,791"
27345,AS,,62,"3,585","2,822"
,SG,,141,"68,124","53,801"
,80'S,,53,"3,509","2,807"
,OTHER,,"1,288","446,233","352,489"
,TOTAL,,"1,544","521,451","411,920"
27347,AS,,6,233,150
,80'S,,8,377,302
,OTHER,,302,"73,396","58,099"
,TOTAL,,316,"74,005","58,551"
27350,AS,,53,"4,068","3,222"
,SG,,16,"8,586","6,868"
,80'S,,59,"4,919","3,893"
,OTHER,,682,"370,839","292,485"
,TOTAL,,810,"388,412","306,468"
27355,AS,,18,"1,180",941
,SG,,13,"5,400","4,122"
,80'S,,22,"1,794","1,435"
,OTHER,,259,"124,128","97,933"
,TOTAL,,312,"132,502","104,431"
27356,AS,,6,334,267
,SG,,1,629,503
,80'S,,15,"1,342","1,026"
,OTHER,,85,"48,094","37,807"
,TOTAL,,107,"50,400","39,605"
27357,AS,,2,105,84
,80'S,,24,"1,770","1,416"
,OTHER,,191,"95,767","74,498"
,TOTAL,,217,"97,642","75,998"
27358,80'S,,2,110,88
,OTHER,,24,"8,178","6,543"
,TOTAL,,26,"8,288","6,631"
27360,AS,,31,"3,033","2,426"
,SG,,21,"14,079","11,211"
,80'S,,60,"5,860","4,677"
,OTHER,,756,"533,521","422,159"
,TOTAL,,868,"556,492","440,473"
27365,AS,,12,"1,420","1,136"
,80'S,,24,"3,304","2,643"
,OTHER,,304,"261,919","208,197"
,TOTAL,,340,"266,643","211,976"
27370,OTHER,,"1,792","158,972","124,691"
,TOTAL,,"1,792","158,972","124,691"
27372,AS,,3,62,50
,SG,,26,"23,898","18,519"
,80'S,,3,153,123
,OTHER,,578,"151,090","118,416"
,TOTAL,,610,"175,204","137,107"
27380,AS,,47,"3,103","2,461"
,SG,,14,"3,904","3,123"
,80'S,,60,"4,289","3,422"
,OTHER,,720,"334,697","265,245"
,TOTAL,,841,"345,992","274,251"
27381,AS,,40,"3,452","2,753"
,SG,,5,"2,202","1,761"
,80'S,,56,"5,932","4,708"
,OTHER,,320,"206,423","162,561"
,TOTAL,,421,"218,008","171,784"
27385,AS,,159,"12,261","9,802"
,SG,,35,"16,547","12,933"
,80'S,,126,"11,311","8,871"
,OTHER,,"2,100","1,212,987","959,457"
,TOTAL,,"2,420","1,253,107","991,063"
27386,AS,,21,"1,915","1,532"
,SG,,1,496,396
,80'S,,33,"3,803","3,042"
,OTHER,,281,"204,446","162,222"
,TOTAL,,336,"210,659","167,192"
27390,AS,,4,163,131
,80'S,,1,32,26
,OTHER,,40,"10,935","8,748"
,TOTAL,,45,"11,131","8,905"
27391,80'S,,2,182,146
,OTHER,,79,"32,312","25,801"
,TOTAL,,81,"32,494","25,946"
27392,80'S,,6,453,362
,OTHER,,52,"31,387","25,027"
,TOTAL,,58,"31,840","25,390"
27393,AS,,2,94,76
,SG,,1,198,158
,80'S,,3,157,125
,OTHER,,22,"7,342","5,874"
,TOTAL,,28,"7,791","6,233"
27394,AS,,2,103,83
,80'S,,2,132,105
,OTHER,,56,"24,978","19,708"
,TOTAL,,60,"25,213","19,896"
27395,SG,,1,58,46
,80'S,,1,173,138
,OTHER,,30,"24,972","19,342"
,TOTAL,,32,"25,203","19,526"
27396,AS,,3,99,79
,80'S,,3,200,160
,OTHER,,7,"2,390","1,912"
,TOTAL,,13,"2,689","2,151"
27397,AS,,1,104,83
,OTHER,,7,"4,881","3,905"
,TOTAL,,8,"4,986","3,989"
27400,AS,,1,87,70
,SG,,2,796,636
,80'S,,7,490,392
,OTHER,,24,"11,662","9,330"
,TOTAL,,34,"13,035","10,428"
27403,AS,,7,368,226
,SG,,4,"1,761","1,409"
,80'S,,15,"1,042",834
,OTHER,,123,"47,027","37,152"
,TOTAL,,149,"50,198","39,621"
27405,AS,,14,906,725
,SG,,1,627,501
,80'S,,24,"2,229","1,783"
,OTHER,,239,"121,306","96,426"
,TOTAL,,278,"125,068","99,435"
27407,AS,,5,339,271
,SG,,1,576,461
,80'S,,3,243,194
,OTHER,,57,"30,756","24,605"
,TOTAL,,66,"31,914","25,531"
27409,AS,,2,201,161
,80'S,,5,666,533
,OTHER,,33,"24,723","19,723"
,TOTAL,,40,"25,590","20,417"
27418,AS,,15,"1,506","1,205"
,SG,,11,"3,713","2,954"
,80'S,,24,"2,929","2,343"
,OTHER,,178,"135,097","104,278"
,TOTAL,,228,"143,246","110,780"
27420,AS,,11,"1,015",812
,SG,,5,"2,135","1,708"
,80'S,,13,"1,533","1,227"
,OTHER,,128,"85,994","68,244"
,TOTAL,,157,"90,677","71,990"
27422,AS,,47,"4,474","3,571"
,SG,,13,"11,769","9,415"
,80'S,,61,"6,640","5,196"
,OTHER,,516,"345,736","273,166"
,TOTAL,,637,"368,619","291,348"
27424,AS,,8,806,645
,SG,,2,747,598
,80'S,,5,600,480
,OTHER,,68,"45,494","36,169"
,TOTAL,,83,"47,647","37,891"
27425,AS,,3,137,110
,SG,,430,"401,094","316,035"
,80'S,,8,384,307
,OTHER,,"3,572","965,050","758,034"
,TOTAL,,"4,013","1,366,665","1,074,487"
27427,AS,,5,389,311
,SG,,2,978,782
,80'S,,10,"1,059",847
,OTHER,,99,"59,266","47,390"
,TOTAL,,116,"61,691","49,329"
27428,AS,,8,895,716
,SG,,1,594,475
,80'S,,4,680,544
,OTHER,,64,"58,467","46,745"
,TOTAL,,77,"60,636","48,480"
27429,AS,,1,133,106
,80'S,,2,341,273
,OTHER,,16,"14,586","11,669"
,TOTAL,,19,"15,061","12,049"
27430,AS,,42,"2,954","2,357"
,SG,,14,"7,891","6,313"
,80'S,,62,"4,554","3,552"
,OTHER,,446,"247,329","194,860"
,TOTAL,,564,"262,728","207,081"
27435,AS,,15,963,771
,SG,,2,"1,005",804
,80'S,,30,"1,969","1,575"
,OTHER,,130,"58,455","46,576"
,TOTAL,,177,"62,391","49,725"
27437,SG,,7,"4,221","3,377"
,80'S,,5,586,469
,OTHER,,644,"285,852","227,352"
,TOTAL,,656,"290,660","231,198"
27438,AS,,43,"4,147","3,302"
,SG,,1,651,521
,80'S,,57,"7,337","5,793"
,OTHER,,286,"215,151","171,147"
,TOTAL,,387,"227,286","180,763"
27440,AS,,1,107,86
,SG,,1,664,531
,80'S,,9,"1,140",912
,OTHER,,26,"21,572","17,258"
,TOTAL,,37,"23,483","18,787"
27441,AS,,6,641,513
,80'S,,15,"1,848","1,468"
,OTHER,,39,"29,038","23,231"
,TOTAL,,60,"31,528","25,211"
27442,AS,,16,"2,016","1,599"
,SG,,7,"4,540","3,608"
,80'S,,22,"3,291","2,633"
,OTHER,,85,"68,907","55,088"
,TOTAL,,130,"78,754","62,928"
27443,AS,,3,355,284
,SG,,4,"2,898","2,319"
,80'S,,10,"1,476","1,181"
,OTHER,,77,"63,023","50,076"
,TOTAL,,94,"67,753","53,860"
27445,AS,,11,"1,911","1,515"
,80'S,,33,"7,183","5,729"
,OTHER,,113,"141,315","111,894"
,TOTAL,,157,"150,408","119,138"
27446,AS,,395,"65,312","51,824"
,80'S,,637,"126,264","100,460"
,OTHER,,"2,107","2,594,148","2,059,413"
,TOTAL,,"3,139","2,785,724","2,211,696"
27447,AS,,"25,757","5,495,573","4,374,535"
,SG,,1,"1,558","1,246"
,80'S,,"42,949","11,024,957","8,758,502"
,OTHER,,"156,025","248,804,755","197,524,356"
,TOTAL,,"224,732","265,326,843","210,658,638"
27448,AS,,13,954,763
,80'S,,44,"4,544","3,635"
,OTHER,,112,"67,396","53,902"
,TOTAL,,169,"72,895","58,301"
27450,AS,,22,"1,805","1,429"
,80'S,,32,"4,175","3,340"
,OTHER,,163,"130,367","102,577"
,TOTAL,,217,"136,348","107,346"
27454,AS,,2,256,205
,80'S,,3,376,301
,OTHER,,17,"18,558","14,282"
,TOTAL,,22,"19,190","14,788"
27455,AS,,7,725,580
,80'S,,11,"1,399","1,119"
,OTHER,,78,"66,523","50,818"
,TOTAL,,96,"68,646","52,517"
27457,AS,,21,"2,647","2,059"
,80'S,,37,"5,730","4,563"
,OTHER,,179,"170,204","131,714"
,TOTAL,,237,"178,581","138,336"
27465,AS,,2,212,170
,80'S,,4,554,443
,OTHER,,29,"22,764","16,664"
,TOTAL,,35,"23,530","17,277"
27466,AS,,1,188,150
,80'S,,7,874,699
,OTHER,,47,"33,418","26,556"
,TOTAL,,55,"34,480","27,405"
27468,80'S,,3,629,503
,OTHER,,2,"2,023","1,618"
,TOTAL,,5,"2,652","2,121"
27470,AS,,46,"6,786","5,416"
,80'S,,63,"10,828","8,443"
,OTHER,,419,"447,972","355,535"
,TOTAL,,528,"465,586","369,395"
27472,AS,,49,"8,358","6,686"
,80'S,,89,"17,601","13,969"
,OTHER,,504,"637,909","505,588"
,TOTAL,,642,"663,868","526,243"
27475,OTHER,,10,"5,945","4,756"
,TOTAL,,10,"5,945","4,756"
27477,AS,,2,214,171
,OTHER,,50,"36,465","28,924"
,TOTAL,,52,"36,679","29,095"
27479,OTHER,,2,725,580
,TOTAL,,2,725,580
27485,OTHER,,9,"5,848","4,678"
,TOTAL,,9,"5,848","4,678"
27486,AS,,801,"150,942","120,164"
,80'S,,"1,364","307,534","244,073"
,OTHER,,"5,465","7,522,541","5,964,596"
,TOTAL,,"7,630","7,981,017","6,328,833"
27487,AS,,"1,455","360,668","287,960"
,80'S,,"2,542","748,938","595,460"
,OTHER,,"9,638","16,855,123","13,397,809"
,TOTAL,,"13,635","17,964,730","14,281,229"
27488,AS,,342,"52,358","41,776"
,80'S,,442,"79,404","63,199"
,OTHER,,"2,928","3,154,212","2,508,181"
,TOTAL,,"3,712","3,285,974","2,613,156"
27495,AS,,37,"5,940","4,752"
,80'S,,47,"8,630","6,862"
,OTHER,,527,"603,277","478,614"
,TOTAL,,611,"617,847","490,228"
27496,OTHER,,32,"10,782","8,545"
,TOTAL,,32,"10,782","8,545"
27497,OTHER,,13,"5,849","4,679"
,TOTAL,,13,"5,849","4,679"
27498,AS,,3,120,96
,80'S,,4,221,176
,OTHER,,40,"15,095","12,076"
,TOTAL,,47,"15,436","12,349"
27499,80'S,,1,107,85
,OTHER,,15,"10,574","8,459"
,TOTAL,,16,"10,681","8,544"
27500,SG,,1,306,244
,OTHER,,"1,019","470,113","373,061"
,TOTAL,,"1,020","470,418","373,305"
27501,AS,,1,45,36
,OTHER,,"1,650","798,656","633,125"
,TOTAL,,"1,651","798,701","633,161"
27502,OTHER,,570,"412,002","328,451"
,TOTAL,,570,"412,002","328,451"
27503,80'S,,2,250,200
,OTHER,,833,"604,051","480,266"
,TOTAL,,835,"604,301","480,466"
27506,AS,,569,"90,037","71,492"
,80'S,,961,"182,603","145,006"
,OTHER,,"7,395","8,757,649","6,968,108"
,TOTAL,,"8,925","9,030,290","7,184,606"
27507,AS,,296,"40,144","31,878"
,80'S,,564,"91,152","72,446"
,OTHER,,"3,497","3,424,381","2,727,351"
,TOTAL,,"4,357","3,555,677","2,831,675"
27508,OTHER,,"1,507","616,745","487,145"
,TOTAL,,"1,507","616,745","487,145"
27509,AS,,1,36,29
,80'S,,2,177,142
,OTHER,,385,"178,255","141,322"
,TOTAL,,388,"178,468","141,492"
27510,80'S,,1,110,88
,OTHER,,433,"261,175","207,747"
,TOTAL,,434,"261,285","207,835"
27511,AS,,251,"33,727","26,755"
,80'S,,389,"63,857","50,438"
,OTHER,,"3,333","3,316,168","2,641,138"
,TOTAL,,"3,973","3,413,752","2,718,331"
27513,AS,,172,"29,269","23,156"
,80'S,,321,"65,396","51,752"
,OTHER,,"2,262","2,821,891","2,241,997"
,TOTAL,,"2,755","2,916,557","2,316,905"
27514,AS,,78,"12,277","9,631"
,80'S,,134,"26,575","21,260"
,OTHER,,"1,289","1,344,166","1,065,310"
,TOTAL,,"1,501","1,383,018","1,096,201"
27516,OTHER,,25,"10,063","7,837"
,TOTAL,,25,"10,063","7,837"
27517,OTHER,,12,"7,265","5,812"
,TOTAL,,12,"7,265","5,812"
27519,AS,,1,145,116
,80'S,,1,171,137
,OTHER,,15,"14,988","11,990"
,TOTAL,,17,"15,305","12,244"
27520,SG,,1,259,207
,OTHER,,"6,963","1,752,916","1,358,385"
,TOTAL,,"6,964","1,753,174","1,358,591"
27524,AS,,313,"30,080","23,663"
,SG,,57,"26,382","20,946"
,80'S,,214,"25,095","19,824"
,OTHER,,"4,681","3,317,318","2,628,818"
,TOTAL,,"5,265","3,398,876","2,693,250"
27530,OTHER,,"6,413","1,941,225","1,516,851"
,TOTAL,,"6,413","1,941,225","1,516,851"
27532,SG,,2,451,360
,80'S,,2,173,139
,OTHER,,503,"236,344","187,334"
,TOTAL,,507,"236,968","187,833"
27535,AS,,151,"17,191","13,626"
,SG,,7,"3,109","2,487"
,80'S,,222,"30,145","23,644"
,OTHER,,"2,069","1,694,059","1,341,142"
,TOTAL,,"2,449","1,744,504","1,380,899"
27536,AS,,81,"11,003","8,723"
,80'S,,100,"15,338","11,704"
,OTHER,,965,"960,447","759,075"
,TOTAL,,"1,146","986,788","779,502"
27538,OTHER,,178,"63,613","49,366"
,TOTAL,,178,"63,613","49,366"
27540,AS,,6,652,521
,80'S,,10,"1,345","1,076"
,OTHER,,93,"70,816","56,321"
,TOTAL,,109,"72,812","57,918"
27550,OTHER,,201,"67,690","53,633"
,TOTAL,,201,"67,690","53,633"
27552,AS,,1,44,36
,SG,,4,"1,254","1,003"
,80'S,,1,75,60
,OTHER,,349,"153,873","121,684"
,TOTAL,,355,"155,245","122,783"
27556,AS,,1,140,112
,80'S,,1,155,124
,OTHER,,33,"29,953","23,962"
,TOTAL,,35,"30,249","24,199"
27557,80'S,,1,193,154
,OTHER,,12,"13,810","11,048"
,TOTAL,,13,"14,003","11,202"
27558,80'S,,2,372,298
,OTHER,,10,"10,593","8,475"
,TOTAL,,12,"10,965","8,772"
27560,OTHER,,258,"56,340","44,108"
,TOTAL,,258,"56,340","44,108"
27562,SG,,1,308,247
,OTHER,,42,"15,242","12,113"
,TOTAL,,43,"15,550","12,360"
27566,AS,,3,369,295
,SG,,3,"1,221",977
,80'S,,10,"1,377","1,102"
,OTHER,,59,"48,170","38,242"
,TOTAL,,75,"51,137","40,616"
27570,AS,,2,35,28
,SG,,488,"148,001","116,698"
,OTHER,,"5,045","654,130","511,722"
,TOTAL,,"5,535","802,167","628,449"
27580,AS,,55,"9,586","7,669"
,80'S,,85,"17,254","13,785"
,OTHER,,498,"591,938","467,764"
,TOTAL,,638,"618,779","489,218"
27590,AS,,937,"106,113","84,616"
,80'S,,"1,695","235,602","187,675"
,OTHER,,"26,092","21,481,672","17,125,206"
,TOTAL,,"28,724","21,823,388","17,397,497"
27591,AS,,10,"1,411","1,129"
,80'S,,15,"2,403","1,842"
,OTHER,,149,"140,158","111,474"
,TOTAL,,174,"143,972","114,445"
27592,AS,,14,"1,324","1,059"
,80'S,,14,"1,536","1,229"
,OTHER,,440,"304,755","241,135"
,TOTAL,,468,"307,614","243,423"
27594,80'S,,1,75,60
,OTHER,,620,"253,575","201,552"
,TOTAL,,621,"253,650","201,612"
27596,80'S,,6,769,616
,OTHER,,"1,748","1,151,159","915,946"
,TOTAL,,"1,754","1,151,929","916,561"
27598,AS,,18,"1,758","1,406"
,80'S,,59,"7,517","6,014"
,OTHER,,855,"628,674","500,904"
,TOTAL,,932,"637,949","508,324"
27599,AS,,10,"4,621","3,697"
,SG,,1,496,396
,80'S,,323,"76,707","61,365"
,OTHER,,710,"770,932","616,235"
,TOTAL,,"1,044","852,755","681,693"
27600,AS,,2,58,47
,80'S,,5,218,174
,OTHER,,760,"220,140","173,625"
,TOTAL,,767,"220,415","173,846"
27601,80'S,,2,79,64
,OTHER,,140,"44,459","35,268"
,TOTAL,,142,"44,538","35,332"
27602,AS,,51,"2,377","1,897"
,80'S,,118,"6,112","4,889"
,OTHER,,"1,648","562,546","447,003"
,TOTAL,,"1,817","571,035","453,790"
27603,SG,,44,"17,918","14,266"
,OTHER,,"3,470","1,225,567","971,601"
,TOTAL,,"3,514","1,243,485","985,866"
27604,SG,,1,228,182
,OTHER,,113,"29,962","23,386"
,TOTAL,,114,"30,190","23,568"
27605,AS,,1,13,10
,SG,,9,"2,198","1,758"
,OTHER,,171,"24,112","19,083"
,TOTAL,,181,"26,323","20,851"
27606,AS,,12,215,172
,SG,,18,"4,269","3,415"
,80'S,,4,92,74
,OTHER,,806,"137,211","108,010"
,TOTAL,,840,"141,788","111,671"
27607,SG,,12,"5,158","4,046"
,80'S,,1,56,45
,OTHER,,869,"563,332","447,554"
,TOTAL,,882,"568,546","451,645"
27610,SG,,14,"4,915","3,666"
,OTHER,,422,"231,372","182,996"
,TOTAL,,436,"236,286","186,662"
27612,AS,,9,542,434
,SG,,16,"5,839","4,302"
,80'S,,14,"1,105",884
,OTHER,,224,"104,197","82,385"
,TOTAL,,263,"111,684","88,005"
27613,SG,,22,"6,071","4,770"
,OTHER,,"1,412","226,215","177,733"
,TOTAL,,"1,434","232,287","182,503"
27614,SG,,35,"13,628","10,664"
,80'S,,2,136,81
,OTHER,,587,"196,580","155,636"
,TOTAL,,624,"210,344","166,381"
27615,AS,,2,251,201
,SG,,31,"13,430","10,624"
,80'S,,8,"1,055",844
,OTHER,,730,"621,701","494,739"
,TOTAL,,771,"636,437","506,408"
27618,SG,,115,"42,363","33,563"
,OTHER,,"1,086","338,820","267,013"
,TOTAL,,"1,201","381,183","300,576"
27619,SG,,64,"29,866","23,782"
,80'S,,1,99,79
,OTHER,,915,"464,513","368,452"
,TOTAL,,980,"494,478","392,312"
27620,AS,,13,668,534
,SG,,35,"19,981","15,642"
,80'S,,26,"1,398","1,070"
,OTHER,,350,"132,171","104,772"
,TOTAL,,424,"154,218","122,019"
27625,AS,,8,615,492
,SG,,16,"9,224","7,379"
,80'S,,15,"1,118",851
,OTHER,,152,"84,070","66,047"
,TOTAL,,191,"95,027","74,769"
27626,AS,,5,407,325
,SG,,17,"9,390","7,458"
,80'S,,23,"2,167","1,721"
,OTHER,,110,"67,774","53,966"
,TOTAL,,155,"79,738","63,471"
27630,SG,,93,"40,104","32,072"
,80'S,,2,94,75
,OTHER,,739,"224,493","176,363"
,TOTAL,,834,"264,691","208,511"
27635,SG,,44,"18,828","14,573"
,80'S,,1,58,46
,OTHER,,250,"137,950","109,160"
,TOTAL,,295,"156,836","123,779"
27637,AS,,2,148,115
,SG,,1,480,384
,80'S,,14,"1,000",800
,OTHER,,50,"28,059","22,411"
,TOTAL,,67,"29,686","23,709"
27638,AS,,5,533,426
,SG,,1,235,188
,80'S,,6,630,504
,OTHER,,68,"48,812","38,448"
,TOTAL,,80,"50,209","39,566"
27640,AS,,1,115,92
,SG,,46,"16,055","12,760"
,80'S,,3,395,316
,OTHER,,960,"794,588","626,568"
,TOTAL,,"1,010","811,153","639,736"
27641,SG,,18,"6,111","4,889"
,80'S,,9,981,785
,OTHER,,548,"350,466","275,514"
,TOTAL,,575,"357,558","281,187"
27645,AS,,2,218,174
,80'S,,4,444,355
,OTHER,,54,"47,828","37,859"
,TOTAL,,60,"48,490","38,388"
27646,AS,,1,136,109
,OTHER,,21,"18,632","14,565"
,TOTAL,,22,"18,768","14,673"
27647,AS,,1,107,86
,80'S,,7,"1,062",766
,OTHER,,116,"90,135","70,562"
,TOTAL,,124,"91,304","71,414"
27648,AS,,1,7,5
,OTHER,,158,"13,075","10,225"
,TOTAL,,159,"13,082","10,231"
27650,AS,,51,"4,953","3,955"
,SG,,137,"56,194","44,391"
,80'S,,65,"7,150","5,557"
,OTHER,,"1,025","698,577","550,955"
,TOTAL,,"1,278","766,874","604,858"
27652,SG,,16,"6,741","5,393"
,OTHER,,122,"90,844","71,418"
,TOTAL,,138,"97,585","76,811"
27654,AS,,22,"2,329","1,819"
,SG,,43,"15,481","12,240"
,80'S,,47,"5,664","4,494"
,OTHER,,484,"357,856","281,594"
,TOTAL,,596,"381,330","300,147"
27656,AS,,3,95,76
,SG,,2,850,680
,OTHER,,64,"18,450","14,697"
,TOTAL,,69,"19,395","15,452"
27658,AS,,20,867,667
,SG,,38,"8,771","6,930"
,80'S,,27,"1,090",853
,OTHER,,285,"80,346","63,321"
,TOTAL,,370,"91,073","71,771"
27659,AS,,14,742,594
,SG,,14,"3,896","3,116"
,80'S,,43,"2,265","1,802"
,OTHER,,148,"55,584","43,649"
,TOTAL,,219,"62,487","49,162"
27664,AS,,3,133,107
,SG,,16,"5,877","4,466"
,80'S,,4,213,170
,OTHER,,197,"58,159","46,146"
,TOTAL,,220,"64,383","50,889"
27665,AS,,7,268,215
,SG,,5,"1,893","1,514"
,80'S,,13,676,541
,OTHER,,86,"31,362","25,006"
,TOTAL,,111,"34,199","27,276"
27675,AS,,8,480,384
,SG,,20,"6,197","4,837"
,80'S,,13,696,557
,OTHER,,113,"46,695","36,880"
,TOTAL,,154,"54,068","42,659"
27676,AS,,2,123,99
,SG,,10,"3,885","3,108"
,80'S,,4,318,254
,OTHER,,38,"19,881","15,905"
,TOTAL,,54,"24,207","19,366"
27680,AS,,1,27,21
,SG,,24,"10,119","7,948"
,OTHER,,270,"82,978","65,616"
,TOTAL,,295,"93,124","73,585"
27681,SG,,1,219,175
,OTHER,,21,"8,576","6,710"
,TOTAL,,22,"8,795","6,885"
27685,AS,,112,"4,316","3,453"
,SG,,117,"43,756","34,507"
,80'S,,178,"8,045","6,408"
,OTHER,,"1,692","521,072","411,736"
,TOTAL,,"2,099","577,190","456,104"
27686,SG,,8,"2,895","2,116"
,80'S,,1,90,72
,OTHER,,245,"89,941","70,805"
,TOTAL,,254,"92,927","72,994"
27687,AS,,41,"1,461","1,169"
,SG,,28,"8,734","6,799"
,80'S,,83,"3,675","2,807"
,OTHER,,547,"163,061","129,308"
,TOTAL,,699,"176,930","140,083"
27690,AS,,56,"3,821","2,993"
,SG,,133,"70,192","55,241"
,80'S,,114,"8,634","6,842"
,OTHER,,"1,140","560,518","443,696"
,TOTAL,,"1,443","643,165","508,772"
27691,AS,,84,"6,928","5,543"
,SG,,108,"58,115","46,484"
,80'S,,123,"13,547","10,838"
,OTHER,,"1,003","643,698","507,445"
,TOTAL,,"1,318","722,288","570,310"
27692,AS,,22,361,289
,SG,,6,"1,930","1,544"
,80'S,,29,628,502
,OTHER,,190,"25,122","19,595"
,TOTAL,,247,"28,040","21,929"
27695,AS,,1,75,60
,SG,,22,"5,689","4,551"
,80'S,,3,218,175
,OTHER,,391,"128,484","100,806"
,TOTAL,,417,"134,466","105,592"
27696,SG,,7,"1,845","1,476"
,80'S,,1,106,85
,OTHER,,77,"35,353","27,366"
,TOTAL,,85,"37,304","28,927"
27698,AS,,32,"2,711","2,119"
,SG,,50,"15,928","12,742"
,80'S,,50,"5,053","3,977"
,OTHER,,423,"264,242","206,159"
,TOTAL,,555,"287,934","224,996"
27700,AS,,5,398,318
,SG,,34,"23,324","18,659"
,80'S,,9,949,759
,OTHER,,75,"45,258","35,918"
,TOTAL,,123,"69,928","55,655"
27702,AS,,31,"4,807","3,765"
,80'S,,90,"14,826","11,540"
,OTHER,,389,"387,506","306,553"
,TOTAL,,510,"407,140","321,858"
27703,AS,,5,677,462
,80'S,,6,"1,064",851
,OTHER,,41,"40,236","31,348"
,TOTAL,,52,"41,977","32,661"
27704,SG,,17,"6,200","4,960"
,80'S,,4,289,231
,OTHER,,152,"71,327","56,627"
,TOTAL,,173,"77,816","61,818"
27705,AS,,9,586,468
,SG,,6,"1,749","1,399"
,80'S,,29,"2,680","2,017"
,OTHER,,153,"88,484","69,043"
,TOTAL,,197,"93,498","72,928"
27707,SG,,5,"1,521","1,055"
,80'S,,4,226,181
,OTHER,,191,"44,713","35,178"
,TOTAL,,200,"46,460","36,414"
27709,AS,,2,155,124
,SG,,3,864,691
,80'S,,19,"1,799","1,439"
,OTHER,,95,"56,441","43,875"
,TOTAL,,119,"59,258","46,129"
27712,AS,,1,72,57
,80'S,,7,643,515
,OTHER,,23,"16,312","13,050"
,TOTAL,,31,"17,027","13,622"
27715,AS,,3,478,382
,SG,,1,599,479
,80'S,,3,539,431
,OTHER,,42,"40,608","30,177"
,TOTAL,,49,"42,224","31,469"
27720,AS,,30,"3,401","2,720"
,80'S,,29,"4,077","3,249"
,OTHER,,320,"269,925","214,558"
,TOTAL,,379,"277,403","220,528"
27722,AS,,5,598,474
,80'S,,6,770,616
,OTHER,,35,"27,687","22,150"
,TOTAL,,46,"29,056","23,240"
27724,AS,,35,"5,180","4,120"
,80'S,,52,"9,181","7,271"
,OTHER,,427,"455,405","359,564"
,TOTAL,,514,"469,766","370,955"
27725,AS,,2,249,199
,80'S,,6,988,791
,OTHER,,40,"40,955","32,098"
,TOTAL,,48,"42,193","33,088"
27727,OTHER,,3,"1,910","1,448"
,TOTAL,,3,"1,910","1,448"
27730,OTHER,,10,"4,145","3,316"
,TOTAL,,10,"4,145","3,316"
27732,OTHER,,2,432,345
,TOTAL,,2,432,345
27734,OTHER,,5,"1,652","1,322"
,TOTAL,,5,"1,652","1,322"
27742,80'S,,1,114,91
,TOTAL,,1,114,91
27745,AS,,4,298,239
,80'S,,4,447,358
,OTHER,,77,"46,959","36,893"
,TOTAL,,85,"47,704","37,489"
27750,SG,,1,154,123
,OTHER,,"4,413","1,198,756","936,473"
,TOTAL,,"4,414","1,198,910","936,596"
27752,SG,,5,"1,631","1,305"
,OTHER,,"3,289","1,382,190","1,091,735"
,TOTAL,,"3,294","1,383,821","1,093,039"
27756,AS,,16,"1,119",896
,SG,,2,733,587
,80'S,,13,"1,209",967
,OTHER,,361,"180,264","141,474"
,TOTAL,,392,"183,325","143,923"
27758,AS,,75,"8,622","6,729"
,SG,,3,"1,749","1,399"
,80'S,,70,"9,505","7,599"
,OTHER,,"1,105","928,530","737,003"
,TOTAL,,"1,253","948,406","752,730"
27759,AS,,171,"22,380","17,723"
,SG,,1,581,465
,80'S,,170,"26,618","20,654"
,OTHER,,"2,457","2,374,074","1,880,965"
,TOTAL,,"2,799","2,423,652","1,919,806"
27760,OTHER,,"3,111","760,600","589,033"
,TOTAL,,"3,111","760,600","589,033"
27762,OTHER,,297,"106,560","83,557"
,TOTAL,,297,"106,560","83,557"
27766,AS,,1,13,10
,SG,,55,"26,047","20,725"
,80'S,,2,162,129
,OTHER,,"1,347","649,565","510,463"
,TOTAL,,"1,405","675,786","531,328"
27780,80'S,,1,31,25
,OTHER,,"3,574","679,509","523,611"
,TOTAL,,"3,575","679,540","523,636"
27781,OTHER,,148,"43,412","33,955"
,TOTAL,,148,"43,412","33,955"
27784,SG,,3,"1,421","1,137"
,OTHER,,210,"79,555","62,815"
,TOTAL,,213,"80,976","63,952"
27786,AS,,1,37,30
,SG,,2,455,364
,OTHER,,"23,738","5,881,092","4,531,922"
,TOTAL,,"23,741","5,881,584","4,532,316"
27788,SG,,3,898,718
,OTHER,,"1,697","561,538","437,845"
,TOTAL,,"1,700","562,435","438,564"
27792,AS,,7,188,151
,SG,,110,"51,676","40,405"
,80'S,,11,911,649
,OTHER,,"3,835","1,966,550","1,550,775"
,TOTAL,,"3,963","2,019,325","1,591,980"
27808,OTHER,,"4,378","1,135,293","884,777"
,TOTAL,,"4,378","1,135,293","884,777"
27810,OTHER,,"2,000","794,850","625,639"
,TOTAL,,"2,000","794,850","625,639"
27814,AS,,536,"55,475","43,882"
,SG,,75,"35,250","28,076"
,80'S,,371,"45,658","36,307"
,OTHER,,"9,578","7,240,896","5,729,346"
,TOTAL,,"10,560","7,377,278","5,837,611"
27816,80'S,,1,45,36
,OTHER,,912,"238,102","185,720"
,TOTAL,,913,"238,147","185,757"
27818,SG,,2,624,499
,80'S,,2,125,100
,OTHER,,"1,116","472,189","370,980"
,TOTAL,,"1,120","472,938","371,579"
27822,AS,,292,"46,004","36,366"
,SG,,44,"21,036","16,822"
,80'S,,240,"46,327","36,820"
,OTHER,,"5,139","5,715,932","4,528,109"
,TOTAL,,"5,715","5,829,299","4,618,116"
27823,AS,,67,"12,248","9,748"
,SG,,4,"1,977","1,582"
,80'S,,51,"11,582","9,218"
,OTHER,,940,"1,224,933","967,517"
,TOTAL,,"1,062","1,250,740","988,064"
27824,SG,,2,609,487
,OTHER,,619,"163,669","127,289"
,TOTAL,,621,"164,278","127,776"
27825,SG,,2,615,492
,80'S,,4,220,176
,OTHER,,271,"116,338","92,433"
,TOTAL,,277,"117,173","93,101"
27826,AS,,2,300,240
,SG,,2,976,781
,80'S,,6,"1,127",902
,OTHER,,124,"127,995","99,517"
,TOTAL,,134,"130,398","101,439"
27827,AS,,26,"4,795","3,732"
,SG,,1,457,366
,80'S,,31,"7,194","5,729"
,OTHER,,400,"534,119","422,022"
,TOTAL,,458,"546,564","431,848"
27828,AS,,29,"6,069","4,844"
,SG,,2,"1,175",940
,80'S,,53,"13,849","10,845"
,OTHER,,901,"996,947","790,920"
,TOTAL,,985,"1,018,040","807,548"
27829,AS,,49,"3,867","3,052"
,SG,,10,"4,186","3,269"
,80'S,,34,"3,722","2,977"
,OTHER,,819,"495,327","392,676"
,TOTAL,,912,"507,102","401,974"
27830,OTHER,,19,"5,230","4,184"
,TOTAL,,19,"5,230","4,184"
27831,OTHER,,7,"1,946","1,557"
,TOTAL,,7,"1,946","1,557"
27832,80'S,,3,170,136
,OTHER,,16,"4,990","3,992"
,TOTAL,,19,"5,159","4,127"
27840,OTHER,,"1,168","300,218","237,028"
,TOTAL,,"1,168","300,218","237,028"
27842,SG,,3,908,726
,OTHER,,388,"116,558","91,865"
,TOTAL,,391,"117,466","92,592"
27846,AS,,5,440,348
,SG,,3,"1,558","1,247"
,80'S,,3,193,154
,OTHER,,122,"69,610","55,023"
,TOTAL,,133,"71,801","56,772"
27848,AS,,6,847,552
,SG,,6,"2,876","2,301"
,80'S,,9,"1,600","1,280"
,OTHER,,210,"209,916","166,671"
,TOTAL,,231,"215,239","170,804"
27860,AS,,1,12,9
,SG,,5,"1,700","1,280"
,OTHER,,113,"14,748","11,777"
,TOTAL,,119,"16,460","13,066"
27870,AS,,191,"26,089","20,751"
,SG,,34,"20,157","16,083"
,80'S,,350,"57,340","45,395"
,OTHER,,"2,226","2,230,631","1,755,347"
,TOTAL,,"2,801","2,334,217","1,837,577"
27871,AS,,19,"1,306","1,045"
,SG,,7,"4,162","3,249"
,80'S,,48,"3,976","3,018"
,OTHER,,236,"115,919","91,564"
,TOTAL,,310,"125,363","98,876"
27880,AS,,845,"91,655","72,992"
,80'S,,"1,174","154,995","123,639"
,OTHER,,"21,715","17,016,552","13,521,843"
,TOTAL,,"23,734","17,263,201","13,718,473"
27881,AS,,66,"7,673","6,139"
,80'S,,72,"11,010","8,631"
,OTHER,,"1,139","992,634","789,202"
,TOTAL,,"1,277","1,011,318","803,972"
27882,AS,,5,428,342
,80'S,,8,939,752
,OTHER,,"1,093","731,150","580,093"
,TOTAL,,"1,106","732,518","581,187"
27884,SG,,19,"9,195","7,203"
,OTHER,,"1,050","505,970","399,751"
,TOTAL,,"1,069","515,165","406,954"
27886,AS,,2,188,150
,80'S,,2,192,154
,OTHER,,"1,708","1,021,886","810,584"
,TOTAL,,"1,712","1,022,266","810,888"
27888,AS,,17,"1,693","1,354"
,80'S,,20,"2,338","1,870"
,OTHER,,328,"227,979","180,544"
,TOTAL,,365,"232,010","183,768"
27889,AS,,1,100,80
,80'S,,3,353,282
,OTHER,,104,"69,714","55,611"
,TOTAL,,108,"70,167","55,973"
27892,80'S,,2,132,105
,OTHER,,124,"47,716","37,851"
,TOTAL,,126,"47,848","37,956"
27893,80'S,,1,80,64
,OTHER,,30,"12,087","9,590"
,TOTAL,,31,"12,167","9,654"
27894,AS,,2,192,154
,80'S,,7,626,501
,OTHER,,116,"66,006","52,156"
,TOTAL,,125,"66,824","52,811"
27899,AS,,2,158,127
,SG,,1,480,384
,80'S,,2,171,136
,OTHER,,285,"122,194","97,011"
,TOTAL,,290,"123,003","97,658"
28001,OTHER,,"6,920","959,181","738,510"
,TOTAL,,"6,920","959,181","738,510"
28002,SG,,77,"33,549","26,675"
,80'S,,1,25,20
,OTHER,,"3,740","948,359","744,981"
,TOTAL,,"3,818","981,932","771,675"
28003,SG,,42,"16,365","12,701"
,80'S,,1,88,70
,OTHER,,"1,922","777,922","613,387"
,TOTAL,,"1,965","794,374","626,158"
28005,SG,,141,"62,986","49,984"
,80'S,,1,103,83
,OTHER,,"3,513","1,848,577","1,461,756"
,TOTAL,,"3,655","1,911,666","1,511,823"
28008,SG,,201,"87,966","69,376"
,80'S,,1,27,22
,OTHER,,"1,173","301,395","238,789"
,TOTAL,,"1,375","389,388","308,187"
28010,SG,,6,"1,720","1,376"
,OTHER,,"2,703","571,871","446,661"
,TOTAL,,"2,709","573,591","448,036"
28011,SG,,2,403,323
,OTHER,,525,"102,327","81,129"
,TOTAL,,527,"102,731","81,452"
28020,SG,,33,"11,091","8,717"
,80'S,,2,103,82
,OTHER,,341,"104,873","81,835"
,TOTAL,,376,"116,067","90,634"
28022,80'S,,1,25,20
,OTHER,,693,"168,288","133,333"
,TOTAL,,694,"168,313","133,353"
28024,OTHER,,369,"93,838","72,918"
,TOTAL,,369,"93,838","72,918"
28030,SG,,38,"20,852","16,644"
,80'S,,3,131,104
,OTHER,,228,"70,409","55,118"
,TOTAL,,269,"91,391","71,867"
28035,SG,,218,"123,428","97,229"
,80'S,,9,479,336
,OTHER,,"1,030","349,668","273,323"
,TOTAL,,"1,257","473,576","370,888"
28043,SG,,413,"148,170","117,655"
,80'S,,1,42,33
,OTHER,,"2,708","587,989","459,357"
,TOTAL,,"3,122","736,201","577,046"
28045,AS,,3,97,77
,SG,,413,"173,152","134,951"
,80'S,,8,336,269
,OTHER,,"2,462","736,259","577,406"
,TOTAL,,"2,886","909,843","712,704"
28046,SG,,32,"13,924","10,807"
,80'S,,2,225,180
,OTHER,,347,"210,843","168,228"
,TOTAL,,381,"224,991","179,215"
28050,SG,,9,"3,579","2,863"
,OTHER,,84,"20,594","16,106"
,TOTAL,,93,"24,173","18,969"
28052,OTHER,,135,"27,442","21,585"
,TOTAL,,135,"27,442","21,585"
28054,SG,,17,"6,330","4,837"
,80'S,,1,24,19
,OTHER,,74,"14,811","11,749"
,TOTAL,,92,"21,165","16,604"
28060,SG,,312,"109,217","85,981"
,80'S,,4,128,102
,OTHER,,"1,469","471,728","370,304"
,TOTAL,,"1,785","581,074","456,387"
28062,SG,,52,"22,374","17,612"
,80'S,,2,115,92
,OTHER,,402,"181,319","142,658"
,TOTAL,,456,"203,809","160,362"
28070,SG,,15,"5,854","4,652"
,OTHER,,152,"43,865","34,869"
,TOTAL,,167,"49,720","39,521"
28072,SG,,21,"8,502","6,722"
,80'S,,2,59,30
,OTHER,,205,"46,153","36,437"
,TOTAL,,228,"54,715","43,188"
28080,AS,,17,480,377
,SG,,"1,937","808,400","638,408"
,80'S,,38,"1,659","1,321"
,OTHER,,"8,599","2,120,097","1,663,063"
,TOTAL,,"10,591","2,930,637","2,303,169"
28086,AS,,6,178,143
,SG,,29,"8,468","6,775"
,80'S,,36,"1,220",976
,OTHER,,223,"55,500","44,018"
,TOTAL,,294,"65,367","51,912"
28088,SG,,9,"2,162","1,730"
,80'S,,2,108,87
,OTHER,,107,"21,557","17,246"
,TOTAL,,118,"23,828","19,062"
28090,SG,,508,"222,027","174,740"
,80'S,,1,56,45
,OTHER,,"3,492","947,736","745,387"
,TOTAL,,"4,001","1,169,819","920,172"
28092,SG,,116,"49,375","38,845"
,OTHER,,654,"160,105","124,302"
,TOTAL,,770,"209,480","163,147"
28100,AS,,7,362,290
,SG,,80,"25,062","19,745"
,80'S,,15,727,560
,OTHER,,438,"147,113","115,686"
,TOTAL,,540,"173,265","136,281"
28102,AS,,3,224,180
,SG,,2,936,749
,80'S,,3,286,229
,OTHER,,23,"10,320","8,256"
,TOTAL,,31,"11,767","9,414"
28103,AS,,1,30,24
,SG,,2,963,771
,80'S,,4,291,232
,OTHER,,28,"10,435","8,348"
,TOTAL,,35,"11,719","9,375"
28104,AS,,18,729,583
,SG,,214,"73,459","58,206"
,80'S,,32,"1,750","1,400"
,OTHER,,"1,176","387,446","306,683"
,TOTAL,,"1,440","463,385","366,872"
28106,SG,,3,"1,214",971
,80'S,,5,214,171
,OTHER,,32,"12,138","9,609"
,TOTAL,,40,"13,566","10,751"
28107,AS,,5,180,144
,SG,,12,"5,129","3,997"
,80'S,,7,415,332
,OTHER,,46,"15,135","11,891"
,TOTAL,,70,"20,858","16,364"
28108,OTHER,,"3,022","823,744","647,656"
,TOTAL,,"3,022","823,744","647,656"
28110,AS,,1,42,34
,SG,,537,"207,906","164,914"
,80'S,,7,290,232
,OTHER,,"2,430","572,881","451,505"
,TOTAL,,"2,975","781,119","616,684"
28111,SG,,123,"50,513","39,428"
,80'S,,2,104,83
,OTHER,,"1,178","411,362","325,336"
,TOTAL,,"1,303","461,979","364,847"
28112,AS,,1,46,37
,SG,,526,"185,166","146,489"
,80'S,,29,"1,201",961
,OTHER,,"5,240","1,279,618","1,016,031"
,TOTAL,,"5,796","1,466,031","1,163,518"
28113,AS,,4,100,80
,SG,,309,"122,774","96,813"
,80'S,,30,"1,476","1,181"
,OTHER,,"2,454","755,453","597,113"
,TOTAL,,"2,797","879,803","695,187"
28114,AS,,66,"6,448","5,084"
,SG,,181,"63,396","50,439"
,80'S,,143,"16,364","12,848"
,OTHER,,"1,641","1,110,709","876,036"
,TOTAL,,"2,031","1,196,918","944,407"
28116,SG,,17,"6,763","5,390"
,80'S,,2,136,109
,OTHER,,104,"45,786","35,662"
,TOTAL,,123,"52,685","41,160"
28118,AS,,23,"1,205",964
,SG,,143,"83,014","65,763"
,80'S,,120,"7,600","6,056"
,OTHER,,"1,454","566,685","447,430"
,TOTAL,,"1,740","658,503","520,212"
28119,SG,,719,"421,636","332,840"
,80'S,,7,423,338
,OTHER,,"2,641","1,011,949","790,534"
,TOTAL,,"3,367","1,434,008","1,123,712"
28120,AS,,1,60,48
,SG,,183,"168,632","132,734"
,80'S,,7,313,250
,OTHER,,"2,476","974,711","769,063"
,TOTAL,,"2,667","1,143,716","902,096"
28122,AS,,78,"4,911","3,837"
,SG,,696,"283,394","225,304"
,80'S,,265,"18,415","14,648"
,OTHER,,"7,080","3,162,077","2,501,377"
,TOTAL,,"8,119","3,468,797","2,745,166"
28124,80'S,,44,"1,870","1,458"
,OTHER,,"14,175","4,637,632","3,652,946"
,TOTAL,,"14,219","4,639,502","3,654,404"
28126,80'S,,3,75,60
,OTHER,,"4,120","931,329","730,539"
,TOTAL,,"4,123","931,403","730,599"
28130,AS,,4,262,210
,SG,,1,521,417
,80'S,,5,337,270
,OTHER,,49,"21,014","16,607"
,TOTAL,,59,"22,135","17,504"
28140,SG,,39,"15,796","12,637"
,80'S,,6,333,266
,OTHER,,863,"345,394","273,185"
,TOTAL,,908,"361,523","286,088"
28150,SG,,280,"118,953","94,656"
,80'S,,2,115,92
,OTHER,,"1,534","394,059","311,508"
,TOTAL,,"1,816","513,126","406,256"
28153,80'S,,5,110,88
,OTHER,,"5,219","1,171,313","918,683"
,TOTAL,,"5,224","1,171,423","918,771"
28160,80'S,,4,129,103
,OTHER,,"4,582","1,067,233","838,872"
,TOTAL,,"4,586","1,067,362","838,976"
28171,SG,,5,"2,418","1,935"
,80'S,,2,245,196
,OTHER,,29,"17,407","13,926"
,TOTAL,,36,"20,071","16,057"
28173,SG,,45,"18,468","14,710"
,80'S,,3,265,212
,OTHER,,229,"116,269","92,541"
,TOTAL,,277,"135,001","107,463"
28175,SG,,80,"33,975","27,142"
,OTHER,,267,"98,016","77,724"
,TOTAL,,347,"131,991","104,866"
28190,OTHER,,"4,637","707,894","539,432"
,TOTAL,,"4,637","707,894","539,432"
28192,SG,,112,"45,700","36,151"
,OTHER,,"1,427","412,512","323,237"
,TOTAL,,"1,539","458,212","359,388"
28193,SG,,40,"24,114","18,971"
,80'S,,2,93,75
,OTHER,,750,"253,523","196,939"
,TOTAL,,792,"277,730","215,985"
28200,SG,,48,"17,646","14,088"
,80'S,,3,101,81
,OTHER,,446,"117,248","93,036"
,TOTAL,,497,"134,995","107,204"
28202,AS,,6,216,173
,SG,,10,"3,137","2,510"
,80'S,,11,590,472
,OTHER,,82,"28,726","22,698"
,TOTAL,,109,"32,668","25,852"
28208,SG,,85,"32,109","25,486"
,80'S,,2,60,48
,OTHER,,"1,152","259,838","205,389"
,TOTAL,,"1,239","292,007","230,923"
28210,SG,,12,"3,603","2,882"
,80'S,,3,183,146
,OTHER,,79,"25,249","20,119"
,TOTAL,,94,"29,035","23,148"
28220,80'S,,2,54,43
,OTHER,,826,"223,758","176,457"
,TOTAL,,828,"223,812","176,500"
28222,SG,,9,"1,945","1,556"
,OTHER,,331,"136,166","107,268"
,TOTAL,,340,"138,111","108,824"
28225,SG,,129,"28,489","22,686"
,80'S,,1,24,19
,OTHER,,560,"99,144","78,589"
,TOTAL,,690,"127,657","101,295"
28226,SG,,9,"1,581","1,265"
,80'S,,2,60,48
,OTHER,,57,"12,142","9,690"
,TOTAL,,68,"13,784","11,003"
28230,SG,,16,"3,107","2,485"
,80'S,,2,50,40
,OTHER,,"2,464","517,533","406,836"
,TOTAL,,"2,482","520,690","409,362"
28232,SG,,15,"6,244","4,995"
,OTHER,,"3,745","672,923","527,099"
,TOTAL,,"3,760","679,167","532,094"
28234,SG,,3,"1,245",996
,80'S,,5,101,81
,OTHER,,"3,419","567,679","448,425"
,TOTAL,,"3,427","569,025","449,501"
28238,AS,,8,506,405
,SG,,59,"25,172","19,843"
,80'S,,40,"2,877","2,302"
,OTHER,,391,"177,105","139,654"
,TOTAL,,498,"205,661","162,204"
28240,SG,,126,"38,025","30,123"
,80'S,,1,27,22
,OTHER,,515,"103,235","80,457"
,TOTAL,,642,"141,287","110,602"
28250,AS,,9,425,340
,SG,,95,"42,037","33,613"
,80'S,,50,"3,124","2,499"
,OTHER,,584,"220,784","171,608"
,TOTAL,,738,"266,371","208,061"
28260,AS,,3,102,81
,SG,,26,"8,940","7,152"
,80'S,,13,641,513
,OTHER,,117,"39,726","31,505"
,TOTAL,,159,"49,409","39,252"
28261,SG,,49,"16,638","13,230"
,80'S,,1,123,98
,OTHER,,201,"120,520","95,738"
,TOTAL,,251,"137,280","109,066"
28262,AS,,4,566,453
,SG,,5,"2,946","2,357"
,80'S,,9,"1,580","1,264"
,OTHER,,56,"54,513","42,286"
,TOTAL,,74,"59,605","46,360"
28264,AS,,11,802,641
,SG,,13,"2,372","1,897"
,80'S,,7,877,702
,OTHER,,68,"40,416","31,517"
,TOTAL,,99,"44,467","34,757"
28270,SG,,61,"16,698","13,359"
,80'S,,16,485,388
,OTHER,,"15,907","3,436,805","2,721,252"
,TOTAL,,"15,984","3,453,989","2,734,999"
28272,SG,,1,239,191
,OTHER,,"3,778","737,450","580,891"
,TOTAL,,"3,779","737,688","581,082"
28280,AS,,1,22,18
,SG,,129,"34,101","26,568"
,80'S,,8,268,214
,OTHER,,776,"173,391","136,151"
,TOTAL,,914,"207,782","162,951"
28285,AS,,7,187,150
,SG,,"14,419","5,404,621","4,290,501"
,80'S,,180,"6,673","5,289"
,OTHER,,"78,860","20,848,224","16,473,564"
,TOTAL,,"93,466","26,259,706","20,769,503"
28286,SG,,176,"95,405","75,860"
,80'S,,1,31,24
,OTHER,,491,"130,040","103,008"
,TOTAL,,668,"225,475","178,891"
28288,SG,,"1,055","415,479","328,995"
,80'S,,8,435,348
,OTHER,,"3,730","1,111,824","877,482"
,TOTAL,,"4,793","1,527,738","1,206,825"
28289,AS,,28,"1,326","1,021"
,80'S,,28,"1,395","1,068"
,OTHER,,"1,006","335,081","264,384"
,TOTAL,,"1,062","337,802","266,473"
28290,SG,,686,"247,172","195,339"
,80'S,,3,199,160
,OTHER,,"2,742","1,132,263","892,414"
,TOTAL,,"3,431","1,379,634","1,087,912"
28292,AS,,105,"6,489","5,153"
,SG,,"2,526","796,414","628,554"
,80'S,,945,"79,302","62,896"
,OTHER,,"13,618","6,684,676","5,287,400"
,TOTAL,,"17,194","7,566,881","5,984,003"
28293,AS,,9,648,519
,SG,,444,"199,892","158,779"
,80'S,,272,"28,513","22,182"
,OTHER,,"2,416","1,496,342","1,185,432"
,TOTAL,,"3,141","1,725,395","1,366,912"
28294,AS,,2,122,97
,SG,,52,"22,592","17,598"
,80'S,,40,"3,721","2,977"
,OTHER,,281,"164,893","130,453"
,TOTAL,,375,"191,327","151,126"
28296,AS,,153,"13,028","10,231"
,SG,,"3,522","1,615,860","1,277,097"
,80'S,,"1,153","124,116","97,601"
,OTHER,,"15,395","9,643,910","7,607,850"
,TOTAL,,"20,223","11,396,914","8,992,779"
28297,AS,,14,"1,104",883
,SG,,60,"26,678","21,183"
,80'S,,42,"3,972","3,173"
,OTHER,,383,"232,288","181,288"
,TOTAL,,499,"264,042","206,527"
28298,AS,,7,492,394
,SG,,353,"157,723","124,179"
,80'S,,104,"9,013","7,028"
,OTHER,,"1,820","994,487","785,724"
,TOTAL,,"2,284","1,161,715","917,324"
28299,AS,,12,956,690
,SG,,507,"335,781","266,236"
,80'S,,203,"21,214","16,627"
,OTHER,,"1,675","1,061,921","838,346"
,TOTAL,,"2,397","1,419,872","1,121,899"
28300,AS,,40,"2,513","2,011"
,SG,,70,"17,987","14,370"
,80'S,,92,"6,648","5,126"
,OTHER,,748,"354,311","278,026"
,TOTAL,,950,"381,459","299,532"
28302,SG,,2,818,373
,80'S,,7,608,448
,OTHER,,26,"13,238","10,590"
,TOTAL,,35,"14,663","11,411"
28304,AS,,2,82,66
,SG,,27,"8,575","6,860"
,80'S,,9,634,508
,OTHER,,208,"101,508","80,138"
,TOTAL,,246,"110,801","87,572"
28305,SG,,23,"9,113","7,242"
,80'S,,11,"1,310","1,048"
,OTHER,,130,"45,204","35,358"
,TOTAL,,164,"55,627","43,648"
28306,AS,,23,830,664
,SG,,340,"196,240","155,819"
,80'S,,107,"4,088","3,243"
,OTHER,,"1,576","428,973","338,360"
,TOTAL,,"2,046","630,131","498,086"
28307,SG,,6,"3,639","2,911"
,80'S,,1,37,30
,OTHER,,51,"15,597","12,468"
,TOTAL,,58,"19,273","15,409"
28308,AS,,37,"1,337","1,028"
,SG,,"1,079","295,847","235,236"
,80'S,,328,"15,648","12,371"
,OTHER,,"6,036","1,792,228","1,412,217"
,TOTAL,,"7,480","2,105,060","1,660,852"
28309,SG,,14,"6,560","4,929"
,80'S,,1,143,114
,OTHER,,49,"34,192","26,972"
,TOTAL,,64,"40,895","32,015"
28310,AS,,1,24,20
,SG,,432,"151,718","120,772"
,80'S,,5,201,161
,OTHER,,"2,490","610,586","482,791"
,TOTAL,,"2,928","762,529","603,744"
28312,SG,,175,"61,104","48,609"
,OTHER,,790,"211,946","167,785"
,TOTAL,,965,"273,050","216,394"
28313,SG,,123,"33,339","26,615"
,80'S,,3,92,73
,OTHER,,"1,300","295,877","233,060"
,TOTAL,,"1,426","329,307","259,748"
28315,SG,,362,"210,337","166,455"
,80'S,,11,355,284
,OTHER,,"2,168","601,651","475,047"
,TOTAL,,"2,541","812,343","641,786"
28320,AS,,7,462,369
,SG,,7,"3,391","2,713"
,80'S,,10,825,660
,OTHER,,85,"45,712","36,009"
,TOTAL,,109,"50,390","39,752"
28322,AS,,8,474,379
,SG,,38,"21,403","16,408"
,80'S,,14,"1,116",858
,OTHER,,225,"106,395","82,291"
,TOTAL,,285,"129,387","99,936"
28340,OTHER,,23,"8,157","6,504"
,TOTAL,,23,"8,157","6,504"
28341,OTHER,,103,"52,333","41,589"
,TOTAL,,103,"52,333","41,589"
28344,SG,,2,"1,130",904
,OTHER,,9,"2,608","2,086"
,TOTAL,,11,"3,738","2,991"
28345,SG,,16,"9,353","7,447"
,80'S,,4,133,107
,OTHER,,105,"37,610","29,928"
,TOTAL,,125,"47,096","37,482"
28360,OTHER,,2,"1,201",961
,TOTAL,,2,"1,201",961
28400,SG,,1,302,241
,OTHER,,"3,064","676,572","524,817"
,TOTAL,,"3,065","676,874","525,058"
28405,AS,,1,24,19
,SG,,3,"1,221",977
,80'S,,1,64,51
,OTHER,,188,"62,479","48,760"
,TOTAL,,193,"63,788","49,807"
28406,SG,,3,"1,247",998
,80'S,,2,168,134
,OTHER,,109,"48,114","37,954"
,TOTAL,,114,"49,529","39,086"
28415,AS,,42,"8,303","6,627"
,SG,,10,"4,729","3,783"
,80'S,,41,"9,629","7,703"
,OTHER,,597,"817,568","641,440"
,TOTAL,,690,"840,229","659,553"
28420,AS,,7,"1,468","1,174"
,80'S,,6,"1,410","1,128"
,OTHER,,45,"60,206","48,165"
,TOTAL,,58,"63,083","50,467"
28430,OTHER,,"1,076","219,795","168,860"
,TOTAL,,"1,076","219,795","168,860"
28435,OTHER,,64,"17,284","13,601"
,TOTAL,,64,"17,284","13,601"
28436,80'S,,1,32,26
,OTHER,,24,"7,051","5,397"
,TOTAL,,25,"7,083","5,423"
28445,AS,,10,700,560
,SG,,2,683,526
,80'S,,11,960,723
,OTHER,,177,"97,082","75,655"
,TOTAL,,200,"99,426","77,464"
28450,OTHER,,"1,965","377,150","291,059"
,TOTAL,,"1,965","377,150","291,059"
28455,OTHER,,112,"26,263","20,438"
,TOTAL,,112,"26,263","20,438"
28456,80'S,,1,22,17
,OTHER,,28,"4,791","3,833"
,TOTAL,,29,"4,813","3,850"
28465,SG,,12,"5,047","4,031"
,80'S,,2,200,160
,OTHER,,151,"90,997","70,735"
,TOTAL,,165,"96,244","74,926"
28470,AS,,1,32,26
,OTHER,,"29,013","5,237,463","4,040,859"
,TOTAL,,"29,014","5,237,495","4,040,884"
28475,OTHER,,"1,514","357,295","279,584"
,TOTAL,,"1,514","357,295","279,584"
28476,SG,,14,"4,990","3,992"
,80'S,,3,109,87
,OTHER,,265,"55,872","43,630"
,TOTAL,,282,"60,971","47,709"
28485,SG,,196,"110,320","86,247"
,80'S,,5,638,510
,OTHER,,"1,225","699,436","552,341"
,TOTAL,,"1,426","810,394","639,098"
28490,OTHER,,"3,940","338,466","253,145"
,TOTAL,,"3,940","338,466","253,145"
28495,OTHER,,497,"57,981","44,765"
,TOTAL,,497,"57,981","44,765"
28496,SG,,10,"4,181","3,265"
,OTHER,,80,"14,081","10,951"
,TOTAL,,90,"18,262","14,216"
28505,SG,,19,"9,244","7,395"
,OTHER,,352,"164,339","130,212"
,TOTAL,,371,"173,583","137,607"
28510,OTHER,,"9,496","806,483","609,531"
,TOTAL,,"9,496","806,483","609,531"
28515,OTHER,,"1,596","172,625","131,036"
,TOTAL,,"1,596","172,625","131,036"
28525,SG,,19,"9,219","7,375"
,80'S,,1,200,160
,OTHER,,278,"102,936","79,706"
,TOTAL,,298,"112,355","87,241"
28530,OTHER,,110,"13,802","10,232"
,TOTAL,,110,"13,802","10,232"
28531,OTHER,,8,"1,798","1,331"
,TOTAL,,8,"1,798","1,331"
28540,OTHER,,120,"15,316","11,505"
,TOTAL,,120,"15,316","11,505"
28545,SG,,2,634,507
,OTHER,,24,"3,401","2,561"
,TOTAL,,26,"4,035","3,068"
28546,OTHER,,15,"2,654","1,978"
,TOTAL,,15,"2,654","1,978"
28555,AS,,9,375,300
,SG,,2,842,674
,OTHER,,70,"24,267","19,361"
,TOTAL,,81,"25,484","20,335"
28570,OTHER,,52,"7,303","5,641"
,TOTAL,,52,"7,303","5,641"
28575,OTHER,,45,"8,980","6,905"
,TOTAL,,45,"8,980","6,905"
28576,OTHER,,13,"3,036","2,111"
,TOTAL,,13,"3,036","2,111"
28585,AS,,12,607,485
,SG,,17,"6,048","4,839"
,80'S,,10,855,655
,OTHER,,130,"59,789","47,568"
,TOTAL,,169,"67,299","53,546"
28600,OTHER,,106,"14,904","11,517"
,TOTAL,,106,"14,904","11,517"
28605,80'S,,1,21,16
,OTHER,,45,"8,245","6,585"
,TOTAL,,46,"8,265","6,601"
28606,SG,,6,"1,865","1,492"
,OTHER,,125,"36,260","28,854"
,TOTAL,,131,"38,124","30,346"
28615,AS,,11,"1,141",913
,SG,,9,"3,899","3,119"
,80'S,,19,"2,566","2,026"
,OTHER,,379,"255,773","203,434"
,TOTAL,,418,"263,379","209,492"
28630,OTHER,,460,"30,771","22,553"
,TOTAL,,460,"30,771","22,553"
28635,SG,,5,"1,144",916
,80'S,,1,12,9
,OTHER,,141,"16,830","13,310"
,TOTAL,,147,"17,986","14,235"
28636,SG,,3,"1,183",946
,OTHER,,64,"8,642","6,914"
,TOTAL,,67,"9,825","7,860"
28645,AS,,2,69,55
,SG,,156,"56,403","44,931"
,80'S,,1,67,53
,OTHER,,810,"199,678","158,533"
,TOTAL,,969,"256,217","203,573"
28660,OTHER,,476,"45,810","34,623"
,TOTAL,,476,"45,810","34,623"
28665,AS,,9,108,87
,SG,,2,463,370
,80'S,,2,21,17
,OTHER,,223,"25,609","19,738"
,TOTAL,,236,"26,201","20,211"
28666,SG,,18,"5,583","4,466"
,OTHER,,80,"10,171","7,945"
,TOTAL,,98,"15,754","12,411"
28675,SG,,11,"4,774","3,819"
,OTHER,,130,"36,533","29,140"
,TOTAL,,141,"41,306","32,959"
28705,AS,,22,"3,173","2,539"
,SG,,2,"1,159",928
,80'S,,23,"4,129","3,303"
,OTHER,,214,"225,680","177,506"
,TOTAL,,261,"234,141","184,276"
28715,AS,,123,"15,751","12,432"
,SG,,25,"15,494","11,898"
,80'S,,240,"36,102","28,268"
,OTHER,,"1,354","1,268,873","998,236"
,TOTAL,,"1,742","1,336,220","1,050,834"
28725,AS,,86,"8,608","6,806"
,SG,,60,"34,113","26,962"
,80'S,,170,"19,854","15,858"
,OTHER,,"1,255","909,278","713,132"
,TOTAL,,"1,571","971,852","762,758"
28730,AS,,60,"5,549","4,375"
,SG,,44,"25,296","19,863"
,80'S,,112,"12,973","10,233"
,OTHER,,744,"521,201","411,917"
,TOTAL,,960,"565,020","446,388"
28735,AS,,7,727,582
,SG,,14,"7,345","5,876"
,80'S,,39,"4,333","3,379"
,OTHER,,159,"112,597","89,417"
,TOTAL,,219,"125,002","99,253"
28737,AS,,6,476,381
,SG,,26,"17,442","13,930"
,80'S,,28,"2,435","1,905"
,OTHER,,143,"77,411","61,541"
,TOTAL,,203,"97,764","77,757"
28740,AS,,65,"3,612","2,890"
,SG,,102,"53,648","41,994"
,80'S,,96,"6,632","5,303"
,OTHER,,961,"404,302","316,673"
,TOTAL,,"1,224","468,194","366,860"
28750,AS,,22,"1,311","1,049"
,SG,,429,"246,991","194,539"
,80'S,,33,"2,344","1,875"
,OTHER,,"2,961","1,325,507","1,045,189"
,TOTAL,,"3,445","1,576,153","1,242,653"
28755,AS,,1,22,18
,SG,,268,"145,637","115,077"
,80'S,,4,121,97
,OTHER,,"1,592","417,978","330,840"
,TOTAL,,"1,865","563,758","446,032"
28760,AS,,6,354,284
,SG,,68,"40,324","32,179"
,80'S,,33,"2,477","1,969"
,OTHER,,379,"172,805","136,898"
,TOTAL,,486,"215,960","171,329"
28800,AS,,27,"1,736","1,389"
,80'S,,54,"4,867","3,894"
,OTHER,,"1,124","591,745","470,120"
,TOTAL,,"1,205","598,348","475,402"
28805,AS,,22,"1,687","1,350"
,80'S,,51,"4,326","3,397"
,OTHER,,"7,008","3,789,659","3,004,975"
,TOTAL,,"7,081","3,795,673","3,009,722"
28810,AS,,33,"1,472","1,178"
,SG,,301,"114,059","90,559"
,80'S,,48,"3,076","2,461"
,OTHER,,"18,501","6,907,234","5,481,168"
,TOTAL,,"18,883","7,025,841","5,575,365"
28820,SG,,695,"273,501","217,086"
,80'S,,16,642,514
,OTHER,,"19,890","5,551,458","4,397,798"
,TOTAL,,"20,601","5,825,601","4,615,397"
28825,SG,,419,"162,325","128,341"
,80'S,,5,206,165
,OTHER,,"7,567","1,835,211","1,452,195"
,TOTAL,,"7,991","1,997,742","1,580,701"
28899,AS,,2,25,20
,SG,,1,593,475
,80'S,,3,199,159
,OTHER,,789,"166,780","132,894"
,TOTAL,,795,"167,597","133,548"
29000,OTHER,,25,"2,328","1,838"
,TOTAL,,25,"2,328","1,838"
29010,OTHER,,15,"2,645","2,116"
,TOTAL,,15,"2,645","2,116"
29015,OTHER,,14,"1,259",996
,TOTAL,,14,"1,259",996
29020,80'S,,1,20,16
,OTHER,,8,860,688
,TOTAL,,9,880,704
29025,OTHER,,18,"3,261","2,529"
,TOTAL,,18,"3,261","2,529"
29035,OTHER,,32,"6,591","4,973"
,TOTAL,,32,"6,591","4,973"
29040,OTHER,,3,217,173
,TOTAL,,3,217,173
29044,OTHER,,15,"4,095","3,196"
,TOTAL,,15,"4,095","3,196"
29046,OTHER,,14,"1,716","1,350"
,TOTAL,,14,"1,716","1,350"
29049,OTHER,,46,"4,264","3,271"
,TOTAL,,46,"4,264","3,271"
29055,OTHER,,54,"7,691","5,984"
,TOTAL,,54,"7,691","5,984"
29058,OTHER,,157,"9,749","7,716"
,TOTAL,,157,"9,749","7,716"
29065,OTHER,,"12,289","1,383,680","1,074,375"
,TOTAL,,"12,289","1,383,680","1,074,375"
29075,OTHER,,"58,211","5,811,726","4,474,294"
,TOTAL,,"58,211","5,811,726","4,474,294"
29085,OTHER,,"4,080","388,907","297,972"
,TOTAL,,"4,080","388,907","297,972"
29105,OTHER,,"11,241","776,285","595,517"
,TOTAL,,"11,241","776,285","595,517"
29125,OTHER,,"40,704","1,977,508","1,497,571"
,TOTAL,,"40,704","1,977,508","1,497,571"
29126,OTHER,,"1,140","87,647","68,632"
,TOTAL,,"1,140","87,647","68,632"
29130,OTHER,,"8,379","228,719","170,750"
,TOTAL,,"8,379","228,719","170,750"
29131,OTHER,,713,"26,853","20,792"
,TOTAL,,713,"26,853","20,792"
29200,OTHER,,389,"16,560","12,467"
,TOTAL,,389,"16,560","12,467"
29220,OTHER,,267,"12,681","9,550"
,TOTAL,,267,"12,681","9,550"
29240,80'S,,2,6,5
,OTHER,,"3,788","154,009","119,385"
,TOTAL,,"3,790","154,015","119,390"
29260,OTHER,,"3,350","111,139","83,476"
,TOTAL,,"3,350","111,139","83,476"
29280,OTHER,,"2,246","62,832","48,729"
,TOTAL,,"2,246","62,832","48,729"
29305,80'S,,15,175,140
,OTHER,,105,"17,973","14,369"
,TOTAL,,120,"18,148","14,509"
29325,OTHER,,46,"7,225","5,780"
,TOTAL,,46,"7,225","5,780"
29345,80'S,,24,164,131
,OTHER,,"4,200","573,000","447,139"
,TOTAL,,"4,224","573,164","447,271"
29355,OTHER,,808,"121,852","94,166"
,TOTAL,,808,"121,852","94,166"
29358,80'S,,1,7,6
,OTHER,,160,"21,697","16,848"
,TOTAL,,161,"21,704","16,854"
29365,OTHER,,"1,662","203,657","158,382"
,TOTAL,,"1,662","203,657","158,382"
29405,80'S,,5,26,14
,OTHER,,"40,887","4,388,964","3,380,874"
,TOTAL,,"40,892","4,388,990","3,380,888"
29425,80'S,,2,17,13
,OTHER,,"32,869","3,852,538","2,974,562"
,TOTAL,,"32,871","3,852,554","2,974,575"
29435,OTHER,,578,"88,631","68,028"
,TOTAL,,578,"88,631","68,028"
29440,80'S,,1,2,2
,OTHER,,388,"18,336","14,271"
,TOTAL,,389,"18,339","14,273"
29445,OTHER,,"6,299","1,177,697","916,693"
,TOTAL,,"6,299","1,177,697","916,693"
29450,OTHER,,250,"18,073","14,045"
,TOTAL,,250,"18,073","14,045"
29505,80'S,,1,4,3
,OTHER,,"4,459","245,415","189,367"
,TOTAL,,"4,460","245,419","189,370"
29515,OTHER,,"24,939","1,384,146","1,054,356"
,TOTAL,,"24,939","1,384,146","1,054,356"
29520,80'S,,3,7,6
,OTHER,,530,"15,551","12,341"
,TOTAL,,533,"15,558","12,346"
29530,80'S,,4,11,9
,OTHER,,"4,699","166,748","129,123"
,TOTAL,,"4,703","166,759","129,131"
29540,OTHER,,"182,364","5,368,405","4,086,246"
,TOTAL,,"182,364","5,368,405","4,086,246"
29550,OTHER,,"88,129","2,312,211","1,761,334"
,TOTAL,,"88,129","2,312,211","1,761,334"
29580,80'S,,2,20,16
,OTHER,,"326,999","16,952,733","13,032,799"
,TOTAL,,"327,001","16,952,753","13,032,815"
29590,OTHER,,"5,854","232,433","173,876"
,TOTAL,,"5,854","232,433","173,876"
29700,OTHER,,"2,934","105,191","81,455"
,TOTAL,,"2,934","105,191","81,455"
29705,OTHER,,"2,629","125,982","96,629"
,TOTAL,,"2,629","125,982","96,629"
29710,OTHER,,20,"1,196",954
,TOTAL,,20,"1,196",954
29715,OTHER,,10,"1,192",954
,TOTAL,,10,"1,192",954
29720,OTHER,,418,"27,880","21,020"
,TOTAL,,418,"27,880","21,020"
29730,OTHER,,674,"29,519","22,641"
,TOTAL,,674,"29,519","22,641"
29740,OTHER,,277,"20,656","16,066"
,TOTAL,,277,"20,656","16,066"
29750,OTHER,,16,"1,083",866
,TOTAL,,16,"1,083",866
29799,OTHER,,"1,162","63,061","49,401"
,TOTAL,,"1,162","63,061","49,401"
29800,OTHER,,18,"7,007","5,459"
,TOTAL,,18,"7,007","5,459"
29804,SG,,5,"2,267","1,515"
,80'S,,13,"1,238",861
,OTHER,,124,"74,815","58,394"
,TOTAL,,142,"78,320","60,769"
29815,SG,,65,"21,755","17,056"
,80'S,,7,357,282
,OTHER,,772,"207,663","163,726"
,TOTAL,,844,"229,775","181,065"
29819,SG,,31,"10,923","8,648"
,80'S,,4,281,225
,OTHER,,280,"92,318","72,471"
,TOTAL,,315,"103,521","81,344"
29820,AS,,33,"1,243",994
,SG,,24,"7,946","6,338"
,80'S,,18,"1,070",856
,OTHER,,457,"143,716","112,639"
,TOTAL,,532,"153,975","120,827"
29821,AS,,60,"2,038","1,631"
,SG,,54,"15,001","12,001"
,80'S,,46,"2,169","1,728"
,OTHER,,479,"133,923","105,949"
,TOTAL,,639,"153,131","121,309"
29822,AS,,491,"17,419","13,809"
,SG,,453,"136,268","107,054"
,80'S,,275,"13,012","10,353"
,OTHER,,"4,673","1,260,420","995,293"
,TOTAL,,"5,892","1,427,119","1,126,508"
29823,AS,,781,"31,034","24,755"
,SG,,709,"216,948","170,900"
,80'S,,721,"40,370","31,942"
,OTHER,,"7,570","2,509,823","1,981,751"
,TOTAL,,"9,781","2,798,174","2,209,346"
29825,AS,,21,"1,127",890
,SG,,28,"12,267","9,734"
,80'S,,16,979,771
,OTHER,,338,"151,519","119,525"
,TOTAL,,403,"165,891","130,921"
29826,AS,,"2,149","165,666","131,748"
,SG,,"2,659","1,003,103","792,784"
,80'S,,"1,298","122,786","96,623"
,OTHER,,"20,467","11,859,889","9,333,496"
,TOTAL,,"26,573","13,151,444","10,354,652"
29830,SG,,6,"1,920","1,536"
,OTHER,,29,"9,050","6,817"
,TOTAL,,35,"10,970","8,353"
29834,AS,,7,370,296
,SG,,14,"6,502","5,201"
,80'S,,2,166,133
,OTHER,,84,"21,621","17,136"
,TOTAL,,107,"28,659","22,766"
29835,SG,,5,"2,119","1,671"
,OTHER,,37,"14,772","11,302"
,TOTAL,,42,"16,891","12,973"
29836,AS,,4,185,148
,SG,,1,230,184
,80'S,,1,40,32
,OTHER,,44,"19,543","15,258"
,TOTAL,,50,"19,998","15,622"
29837,SG,,5,"2,181","1,745"
,80'S,,5,354,283
,OTHER,,47,"19,569","15,462"
,TOTAL,,57,"22,104","17,490"
29838,AS,,3,189,152
,SG,,17,"7,653","6,077"
,80'S,,1,102,82
,OTHER,,118,"58,200","45,816"
,TOTAL,,139,"66,144","52,126"
29840,SG,,38,"17,375","13,900"
,OTHER,,67,"18,995","14,922"
,TOTAL,,105,"36,370","28,822"
29843,OTHER,,19,"7,529","6,023"
,TOTAL,,19,"7,529","6,023"
29844,AS,,1,67,54
,SG,,19,"7,247","5,758"
,80'S,,3,165,132
,OTHER,,78,"31,125","24,466"
,TOTAL,,101,"38,604","30,409"
29845,AS,,3,157,125
,SG,,8,"3,480","2,784"
,80'S,,5,257,206
,OTHER,,74,"32,948","26,312"
,TOTAL,,90,"36,842","29,427"
29846,AS,,3,122,97
,SG,,75,"33,631","26,254"
,80'S,,3,131,105
,OTHER,,452,"235,145","183,155"
,TOTAL,,533,"269,030","209,612"
29847,AS,,4,282,226
,SG,,7,"3,207","2,566"
,80'S,,1,51,41
,OTHER,,44,"21,770","17,315"
,TOTAL,,56,"25,310","20,147"
29848,AS,,1,56,45
,OTHER,,"8,328","3,286,140","2,590,897"
,TOTAL,,"8,329","3,286,197","2,590,942"
29850,SG,,2,881,705
,OTHER,,57,"9,847","7,370"
,TOTAL,,59,"10,728","8,074"
29851,AS,,1,119,95
,SG,,1,571,457
,OTHER,,10,"9,206","7,341"
,TOTAL,,12,"9,896","7,892"
29855,AS,,11,"1,119",876
,SG,,4,"2,120","1,696"
,80'S,,13,"1,731","1,372"
,OTHER,,164,"123,693","96,687"
,TOTAL,,192,"128,664","100,632"
29856,AS,,3,386,309
,80'S,,3,454,363
,OTHER,,23,"20,601","16,481"
,TOTAL,,29,"21,441","17,153"
29860,AS,,1,73,58
,80'S,,3,213,171
,OTHER,,20,"8,384","6,707"
,TOTAL,,24,"8,670","6,936"
29861,AS,,1,8,6
,80'S,,3,364,291
,OTHER,,37,"21,594","17,256"
,TOTAL,,41,"21,966","17,553"
29862,AS,,4,389,311
,80'S,,6,760,608
,OTHER,,115,"82,138","63,804"
,TOTAL,,125,"83,286","64,723"
29863,OTHER,,29,"10,716","8,573"
,TOTAL,,29,"10,716","8,573"
29870,AS,,2,51,41
,SG,,217,"92,532","73,127"
,80'S,,4,246,197
,OTHER,,"1,671","463,228","363,263"
,TOTAL,,"1,894","556,058","436,628"
29871,SG,,33,"15,435","12,092"
,80'S,,2,226,181
,OTHER,,"2,103","958,426","760,537"
,TOTAL,,"2,138","974,087","772,809"
29874,AS,,7,351,281
,SG,,208,"83,734","66,279"
,80'S,,4,263,210
,OTHER,,"2,286","846,875","670,345"
,TOTAL,,"2,505","931,223","737,115"
29875,AS,,23,960,768
,SG,,311,"165,067","129,963"
,80'S,,13,842,674
,OTHER,,"2,893","977,740","767,909"
,TOTAL,,"3,240","1,144,609","899,313"
29876,AS,,16,"1,031",825
,SG,,619,"265,327","210,074"
,80'S,,8,503,402
,OTHER,,"8,964","4,072,849","3,222,937"
,TOTAL,,"9,607","4,339,710","3,434,239"
29877,AS,,328,"12,304","9,787"
,SG,,"5,366","2,357,639","1,865,392"
,80'S,,104,"5,681","4,567"
,OTHER,,"38,387","12,109,521","9,560,614"
,TOTAL,,"44,185","14,485,144","11,440,361"
29879,AS,,63,"4,019","3,208"
,SG,,688,"209,221","165,490"
,80'S,,17,"1,381","1,097"
,OTHER,,"7,342","3,436,341","2,716,188"
,TOTAL,,"8,110","3,650,962","2,885,982"
29880,AS,,313,"28,086","22,222"
,SG,,"5,462","3,169,324","2,512,012"
,80'S,,118,"12,545","10,027"
,OTHER,,"35,702","23,191,494","18,354,178"
,TOTAL,,"41,595","26,401,448","20,898,439"
29881,AS,,430,"32,959","26,308"
,SG,,"11,023","6,385,680","5,060,757"
,80'S,,141,"15,773","12,610"
,OTHER,,"63,267","35,662,679","28,129,565"
,TOTAL,,"74,861","42,097,091","33,229,240"
29882,AS,,4,345,276
,SG,,194,"82,574","65,789"
,80'S,,2,180,144
,OTHER,,764,"481,500","379,983"
,TOTAL,,964,"564,599","446,192"
29883,AS,,1,94,68
,SG,,100,"44,329","35,180"
,80'S,,1,116,93
,OTHER,,557,"392,522","311,446"
,TOTAL,,659,"437,060","346,787"
29884,AS,,21,"1,564","1,251"
,SG,,75,"33,222","26,577"
,80'S,,39,"3,393","2,714"
,OTHER,,580,"301,868","239,840"
,TOTAL,,715,"340,047","270,383"
29885,AS,,9,805,644
,SG,,13,"4,873","3,899"
,80'S,,2,219,175
,OTHER,,122,"73,778","58,580"
,TOTAL,,146,"79,674","63,297"
29886,SG,,13,"4,052","3,137"
,80'S,,1,97,78
,OTHER,,154,"51,526","40,407"
,TOTAL,,168,"55,676","43,622"
29887,AS,,15,"1,228",982
,SG,,46,"14,124","11,107"
,80'S,,11,"1,200",960
,OTHER,,300,"202,364","158,564"
,TOTAL,,372,"218,915","171,613"
29888,AS,,90,"11,547","9,053"
,SG,,121,"41,044","32,435"
,80'S,,122,"20,334","15,676"
,OTHER,,785,"789,789","616,737"
,TOTAL,,"1,118","862,714","673,901"
29889,AS,,4,334,267
,SG,,5,"1,957","1,565"
,80'S,,7,900,720
,OTHER,,35,"29,010","23,027"
,TOTAL,,51,"32,201","25,580"
29891,AS,,6,479,383
,80'S,,16,"1,450","1,160"
,OTHER,,120,"73,147","57,217"
,TOTAL,,142,"75,077","58,760"
29892,80'S,,7,470,376
,OTHER,,19,"11,021","8,737"
,TOTAL,,26,"11,491","9,113"
29893,AS,,5,225,180
,80'S,,35,"1,982","1,538"
,OTHER,,"1,182","427,660","334,309"
,TOTAL,,"1,222","429,867","336,028"
29894,AS,,4,252,202
,SG,,23,"10,005","7,333"
,80'S,,20,"1,135",840
,OTHER,,119,"56,729","43,984"
,TOTAL,,166,"68,120","52,359"
29895,AS,,6,322,244
,SG,,62,"27,976","22,186"
,80'S,,20,"1,532","1,226"
,OTHER,,266,"126,522","98,738"
,TOTAL,,354,"156,352","122,394"
29897,AS,,11,719,558
,SG,,57,"26,148","20,758"
,80'S,,11,743,594
,OTHER,,259,"127,923","101,404"
,TOTAL,,338,"155,532","123,314"
29898,AS,,23,"1,760","1,408"
,SG,,105,"48,074","37,933"
,80'S,,72,"6,912","5,452"
,OTHER,,756,"438,724","345,615"
,TOTAL,,956,"495,469","390,407"
29909,AS,,26,"2,583","2,067"
,SG,,15,"11,993","9,594"
,80'S,,73,"8,929","7,143"
,OTHER,,"1,896","1,105,606","881,719"
,TOTAL,,"2,010","1,129,111","900,522"
30000,80'S,RESPIRATORY,1,$7,$6
,OTHER,,158,"$13,458","$10,282"
,TOTAL,,159,"$13,465","$10,287"
30020,OTHER,,168,"$14,004","$10,985"
,TOTAL,,168,"$14,004","$10,985"
30100,OTHER,,"2,817","$167,399","$125,865"
,TOTAL,,"2,817","$167,399","$125,865"
30110,OTHER,,"1,205","$153,935","$115,621"
,TOTAL,,"1,205","$153,935","$115,621"
30115,SG,,77,"$25,024","$19,920"
,OTHER,,"1,414","$335,529","$264,912"
,TOTAL,,"1,491","$360,552","$284,832"
30117,SG,,169,"$72,817","$57,644"
,OTHER,,"2,059","$438,973","$344,345"
,TOTAL,,"2,228","$511,790","$401,990"
30118,SG,,25,"$11,039","$8,831"
,80'S,,20,"$1,597","$1,277"
,OTHER,,283,"$164,901","$131,655"
,TOTAL,,328,"$177,537","$141,763"
30120,SG,,41,"$11,999","$9,465"
,OTHER,,428,"$157,049","$122,896"
,TOTAL,,469,"$169,048","$132,362"
30124,SG,,17,"$5,066","$4,032"
,OTHER,,157,"$27,707","$21,276"
,TOTAL,,174,"$32,773","$25,308"
30125,SG,,11,"$4,062","$3,250"
,80'S,,1,$41,$33
,OTHER,,53,"$20,210","$15,235"
,TOTAL,,65,"$24,314","$18,518"
30130,SG,,457,"$147,489","$116,847"
,80'S,,1,$18,$14
,OTHER,,"4,665","$738,136","$581,094"
,TOTAL,,"5,123","$885,643","$697,954"
30140,SG,,"1,326","$379,344","$299,683"
,80'S,,1,$47,$38
,OTHER,,"11,891","$2,446,443","$1,922,697"
,TOTAL,,"13,218","$2,825,834","$2,222,418"
30150,SG,,38,"$16,209","$12,967"
,80'S,,2,$113,$91
,OTHER,,359,"$181,252","$143,805"
,TOTAL,,399,"$197,574","$156,863"
30160,SG,,3,"$1,738","$1,390"
,80'S,,4,$343,$275
,OTHER,,76,"$42,299","$33,224"
,TOTAL,,83,"$44,380","$34,888"
30200,OTHER,,"9,405","$456,385","$338,466"
,TOTAL,,"9,405","$456,385","$338,466"
30210,OTHER,,"1,117","$55,112","$41,163"
,TOTAL,,"1,117","$55,112","$41,163"
30220,OTHER,,333,"$33,287","$25,267"
,TOTAL,,333,"$33,287","$25,267"
30300,OTHER,,"1,480","$104,711","$78,144"
,TOTAL,,"1,480","$104,711","$78,144"
30310,SG,,7,"$1,592","$1,274"
,OTHER,,85,"$9,594","$7,674"
,TOTAL,,92,"$11,186","$8,948"
30320,SG,,1,$450,$360
,OTHER,,16,"$3,628","$2,903"
,TOTAL,,17,"$4,078","$3,262"
30400,SG,,27,"$13,715","$10,927"
,OTHER,,174,"$109,498","$87,117"
,TOTAL,,201,"$123,213","$98,044"
30410,SG,,14,"$8,601","$6,801"
,OTHER,,87,"$71,638","$56,561"
,TOTAL,,101,"$80,238","$63,362"
30420,SG,,53,"$33,892","$27,081"
,80'S,,1,$199,$159
,OTHER,,436,"$474,189","$374,064"
,TOTAL,,490,"$508,281","$401,305"
30430,SG,,11,"$4,926","$3,895"
,80'S,,1,$73,$58
,OTHER,,67,"$27,800","$21,962"
,TOTAL,,79,"$32,799","$25,915"
30435,SG,,9,"$6,294","$5,035"
,OTHER,,26,"$18,680","$14,944"
,TOTAL,,35,"$24,974","$19,979"
30450,SG,,10,"$9,315","$7,452"
,80'S,,2,$383,$307
,OTHER,,59,"$66,489","$53,078"
,TOTAL,,71,"$76,188","$60,837"
30460,OTHER,,11,"$6,419","$5,135"
,TOTAL,,11,"$6,419","$5,135"
30462,OTHER,,12,"$16,136","$11,761"
,TOTAL,,12,"$16,136","$11,761"
30520,SG,,"2,542","$1,196,116","$944,395"
,OTHER,,"18,522","$6,158,354","$4,847,443"
,TOTAL,,"21,064","$7,354,470","$5,791,838"
30540,OTHER,,22,"$8,672","$6,933"
,TOTAL,,22,"$8,672","$6,933"
30545,80'S,,1,$63,$50
,OTHER,,3,"$1,800","$1,440"
,TOTAL,,4,"$1,863","$1,491"
30560,SG,,39,"$11,611","$9,289"
,OTHER,,591,"$37,295","$28,334"
,TOTAL,,630,"$48,905","$37,623"
30580,SG,,18,"$10,289","$8,152"
,OTHER,,605,"$242,855","$190,227"
,TOTAL,,623,"$253,144","$198,378"
30600,OTHER,,80,"$23,283","$18,330"
,TOTAL,,80,"$23,283","$18,330"
30620,SG,,70,"$53,407","$42,293"
,OTHER,,297,"$101,893","$80,394"
,TOTAL,,367,"$155,300","$122,687"
30630,SG,,30,"$26,357","$20,804"
,OTHER,,218,"$99,108","$78,074"
,TOTAL,,248,"$125,465","$98,878"
30801,SG,,72,"$13,437","$10,274"
,OTHER,,"3,428","$241,601","$182,042"
,TOTAL,,"3,500","$255,038","$192,316"
30802,SG,,205,"$39,768","$31,542"
,OTHER,,"3,126","$380,446","$293,948"
,TOTAL,,"3,331","$420,214","$325,490"
30901,OTHER,,"100,551","$7,495,724","$5,615,823"
,TOTAL,,"100,551","$7,495,724","$5,615,823"
30903,SG,,41,"$10,755","$8,383"
,OTHER,,"40,419","$4,129,183","$3,161,818"
,TOTAL,,"40,460","$4,139,938","$3,170,201"
30905,SG,,13,"$3,318","$2,654"
,OTHER,,"9,380","$1,273,016","$987,478"
,TOTAL,,"9,393","$1,276,334","$990,132"
30906,SG,,1,$287,$230
,OTHER,,934,"$148,907","$116,669"
,TOTAL,,935,"$149,194","$116,899"
30915,SG,,3,$732,$586
,80'S,,1,$44,$35
,OTHER,,238,"$86,179","$68,943"
,TOTAL,,242,"$86,955","$69,564"
30920,SG,,6,"$2,053","$1,643"
,80'S,,1,$127,$102
,OTHER,,275,"$181,002","$143,707"
,TOTAL,,282,"$183,183","$145,452"
30930,OTHER,,"2,498","$148,340","$117,203"
,TOTAL,,"2,498","$148,340","$117,203"
30999,SG,,1,$470,$376
,OTHER,,265,"$59,322","$47,153"
,TOTAL,,266,"$59,792","$47,529"
31000,OTHER,,"5,792","$473,239","$364,571"
,TOTAL,,"5,792","$473,239","$364,571"
31002,OTHER,,242,"$5,776","$4,384"
,TOTAL,,242,"$5,776","$4,384"
31020,SG,,76,"$22,132","$17,706"
,OTHER,,821,"$129,691","$102,020"
,TOTAL,,897,"$151,823","$119,726"
31030,SG,,46,"$18,111","$14,143"
,80'S,,1,$74,$59
,OTHER,,895,"$289,617","$228,538"
,TOTAL,,942,"$307,803","$242,740"
31032,SG,,37,"$20,545","$16,318"
,OTHER,,456,"$209,745","$165,684"
,TOTAL,,493,"$230,290","$182,002"
31040,OTHER,,232,"$33,649","$26,590"
,TOTAL,,232,"$33,649","$26,590"
31050,SG,,7,"$1,982","$1,586"
,OTHER,,188,"$49,449","$38,840"
,TOTAL,,195,"$51,432","$40,425"
31051,SG,,10,"$4,780","$3,824"
,OTHER,,151,"$61,768","$48,947"
,TOTAL,,161,"$66,548","$52,771"
31070,SG,,36,"$9,744","$7,542"
,OTHER,,239,"$51,387","$40,864"
,TOTAL,,275,"$61,131","$48,405"
31075,SG,,6,"$2,229","$1,783"
,80'S,,4,$456,$365
,OTHER,,141,"$84,882","$67,079"
,TOTAL,,151,"$87,567","$69,227"
31080,SG,,1,$592,$473
,80'S,,4,$316,$253
,OTHER,,31,"$13,867","$11,091"
,TOTAL,,36,"$14,774","$11,817"
31081,80'S,,10,$975,$780
,OTHER,,58,"$34,138","$27,247"
,TOTAL,,68,"$35,113","$28,027"
31084,SG,,1,$310,$248
,80'S,,8,"$1,242",$993
,OTHER,,45,"$40,138","$32,089"
,TOTAL,,54,"$41,690","$33,330"
31085,80'S,,12,"$1,651","$1,321"
,OTHER,,113,"$101,034","$80,744"
,TOTAL,,125,"$102,685","$82,065"
31086,80'S,,1,$140,$112
,OTHER,,8,"$6,839","$5,471"
,TOTAL,,9,"$6,979","$5,583"
31087,80'S,,1,$65,$52
,OTHER,,14,"$8,479","$6,783"
,TOTAL,,15,"$8,544","$6,836"
31090,SG,,76,"$49,129","$38,356"
,OTHER,,661,"$523,935","$413,588"
,TOTAL,,737,"$573,064","$451,945"
31200,SG,,238,"$55,114","$44,075"
,80'S,,1,$29,$23
,OTHER,,874,"$206,290","$163,823"
,TOTAL,,"1,113","$261,433","$207,920"
31201,SG,,51,"$36,284","$28,380"
,OTHER,,352,"$211,664","$166,385"
,TOTAL,,403,"$247,948","$194,765"
31205,SG,,29,"$8,476","$6,781"
,80'S,,26,"$2,325","$1,860"
,OTHER,,431,"$231,178","$184,198"
,TOTAL,,486,"$241,980","$192,839"
31225,80'S,,91,"$19,628","$15,542"
,OTHER,,701,"$934,618","$742,189"
,TOTAL,,792,"$954,246","$757,731"
31230,80'S,,7,"$1,606","$1,285"
,OTHER,,73,"$91,809","$73,447"
,TOTAL,,80,"$93,415","$74,732"
31231,80'S,,1,$7,$6
,OTHER,,"135,493","$13,469,510","$10,199,491"
,TOTAL,,"135,494","$13,469,517","$10,199,497"
31233,SG,,18,"$5,006","$4,004"
,OTHER,,"4,530","$867,154","$671,342"
,TOTAL,,"4,548","$872,160","$675,346"
31235,SG,,6,$995,$742
,OTHER,,"1,280","$286,374","$226,167"
,TOTAL,,"1,286","$287,370","$226,909"
31237,SG,,357,"$152,036","$119,533"
,OTHER,,"31,222","$7,444,539","$5,825,049"
,TOTAL,,"31,579","$7,596,575","$5,944,582"
31238,SG,,85,"$25,116","$19,723"
,OTHER,,"9,197","$2,257,605","$1,769,439"
,TOTAL,,"9,282","$2,282,721","$1,789,161"
31239,SG,,126,"$70,914","$56,632"
,80'S,,10,$932,$746
,OTHER,,745,"$457,397","$362,916"
,TOTAL,,881,"$529,243","$420,294"
31240,SG,,239,"$61,409","$48,415"
,80'S,,1,$16,$13
,OTHER,,"2,118","$245,039","$193,025"
,TOTAL,,"2,358","$306,464","$241,453"
31254,SG,,670,"$257,087","$203,683"
,OTHER,,"5,875","$1,655,461","$1,302,324"
,TOTAL,,"6,545","$1,912,549","$1,506,007"
31255,SG,,"2,116","$1,493,444","$1,183,420"
,80'S,,1,$44,$36
,OTHER,,"17,037","$8,630,982","$6,820,390"
,TOTAL,,"19,154","$10,124,471","$8,003,845"
31256,SG,,"1,404","$433,165","$340,352"
,OTHER,,"11,518","$1,842,973","$1,454,179"
,TOTAL,,"12,922","$2,276,138","$1,794,531"
31267,SG,,"1,182","$381,222","$301,375"
,80'S,,2,$128,$103
,OTHER,,"11,706","$3,242,278","$2,560,381"
,TOTAL,,"12,890","$3,623,628","$2,861,858"
31276,SG,,703,"$220,478","$174,889"
,80'S,,1,$101,$81
,OTHER,,"6,463","$3,905,350","$3,086,758"
,TOTAL,,"7,167","$4,125,930","$3,261,728"
31287,SG,,318,"$92,239","$72,961"
,80'S,,1,$42,$34
,OTHER,,"3,617","$667,577","$527,132"
,TOTAL,,"3,936","$759,858","$600,127"
31288,SG,,349,"$109,954","$87,942"
,80'S,,5,$181,$145
,OTHER,,"3,591","$802,509","$634,395"
,TOTAL,,"3,945","$912,644","$722,483"
31290,80'S,,1,$181,$145
,OTHER,,101,"$113,391","$89,393"
,TOTAL,,102,"$113,572","$89,538"
31291,80'S,,2,$390,$312
,OTHER,,51,"$61,400","$49,040"
,TOTAL,,53,"$61,791","$49,353"
31292,80'S,,2,$309,$247
,OTHER,,67,"$63,875","$51,100"
,TOTAL,,69,"$64,183","$51,347"
31293,80'S,,5,$876,$701
,OTHER,,61,"$70,904","$56,643"
,TOTAL,,66,"$71,780","$57,344"
31294,80'S,,1,$151,$121
,OTHER,,10,"$14,546","$11,637"
,TOTAL,,11,"$14,697","$11,757"
31299,OTHER,,79,"$37,422","$29,938"
,TOTAL,,79,"$37,422","$29,938"
31300,SG,,11,"$7,134","$5,707"
,80'S,,13,"$2,084","$1,587"
,OTHER,,183,"$150,938","$119,987"
,TOTAL,,207,"$160,156","$127,282"
31320,OTHER,,19,"$8,159","$6,482"
,TOTAL,,19,"$8,159","$6,482"
31360,80'S,,201,"$41,580","$33,131"
,OTHER,,748,"$944,706","$749,734"
,TOTAL,,949,"$986,287","$782,865"
31365,80'S,,140,"$40,490","$32,220"
,OTHER,,626,"$1,104,454","$879,177"
,TOTAL,,766,"$1,144,944","$911,398"
31367,80'S,,11,"$2,686","$1,987"
,OTHER,,89,"$128,282","$101,854"
,TOTAL,,100,"$130,967","$103,840"
31368,80'S,,17,"$5,539","$4,432"
,OTHER,,98,"$195,988","$156,566"
,TOTAL,,115,"$201,527","$160,998"
31370,80'S,,16,"$3,746","$2,874"
,OTHER,,55,"$81,396","$64,258"
,TOTAL,,71,"$85,142","$67,132"
31375,80'S,,4,$884,$707
,OTHER,,56,"$66,466","$53,000"
,TOTAL,,60,"$67,351","$53,707"
31380,80'S,,3,$706,$565
,OTHER,,39,"$50,489","$39,379"
,TOTAL,,42,"$51,194","$39,944"
31382,80'S,,6,"$1,469","$1,175"
,OTHER,,62,"$91,072","$72,856"
,TOTAL,,68,"$92,541","$74,031"
31390,80'S,,14,"$4,511","$3,609"
,OTHER,,107,"$210,557","$168,382"
,TOTAL,,121,"$215,068","$171,991"
31395,80'S,,14,"$5,451","$4,360"
,OTHER,,95,"$230,802","$184,561"
,TOTAL,,109,"$236,252","$188,922"
31400,80'S,,5,$390,$312
,OTHER,,88,"$45,783","$36,480"
,TOTAL,,93,"$46,173","$36,792"
31420,80'S,,3,$354,$283
,OTHER,,41,"$29,009","$23,207"
,TOTAL,,44,"$29,363","$23,490"
31500,OTHER,,"242,182","$28,068,041","$22,198,890"
,TOTAL,,"242,182","$28,068,041","$22,198,890"
31502,80'S,,1,$7,$6
,OTHER,,"14,863","$681,398","$531,820"
,TOTAL,,"14,864","$681,405","$531,825"
31505,SG,,3,$975,$780
,80'S,,1,$3,$2
,OTHER,,"24,358","$1,331,812","$999,979"
,TOTAL,,"24,362","$1,332,790","$1,000,761"
31510,SG,,22,"$7,839","$6,252"
,OTHER,,159,"$14,116","$10,670"
,TOTAL,,181,"$21,955","$16,922"
31511,SG,,2,$895,$716
,OTHER,,268,"$34,309","$26,362"
,TOTAL,,270,"$35,205","$27,078"
31512,SG,,12,"$4,678","$3,451"
,OTHER,,57,"$5,959","$4,691"
,TOTAL,,69,"$10,637","$8,142"
31513,SG,,10,"$4,225","$3,380"
,OTHER,,534,"$73,694","$56,157"
,TOTAL,,544,"$77,919","$59,537"
31515,SG,,49,"$11,823","$9,151"
,80'S,,1,$17,$13
,OTHER,,"1,766","$175,093","$135,532"
,TOTAL,,"1,816","$186,933","$144,697"
31520,OTHER,,40,"$4,989","$3,814"
,TOTAL,,40,"$4,989","$3,814"
31525,SG,,192,"$45,243","$35,998"
,80'S,,1,$21,$17
,OTHER,,"13,357","$2,077,352","$1,631,984"
,TOTAL,,"13,550","$2,122,615","$1,667,999"
31526,SG,,106,"$39,193","$31,302"
,OTHER,,"1,627","$263,737","$207,490"
,TOTAL,,"1,733","$302,930","$238,792"
31527,OTHER,,33,"$5,184","$4,128"
,TOTAL,,33,"$5,184","$4,128"
31528,SG,,6,"$2,429","$1,943"
,OTHER,,182,"$25,925","$19,871"
,TOTAL,,188,"$28,354","$21,815"
31529,SG,,3,"$1,112",$889
,OTHER,,75,"$9,978","$7,793"
,TOTAL,,78,"$11,089","$8,682"
31530,SG,,6,"$2,485","$1,988"
,OTHER,,396,"$88,833","$70,128"
,TOTAL,,402,"$91,318","$72,115"
31531,SG,,8,"$3,813","$3,051"
,OTHER,,182,"$44,102","$34,842"
,TOTAL,,190,"$47,916","$37,893"
31535,SG,,491,"$195,054","$154,560"
,80'S,,2,$60,$48
,OTHER,,"7,892","$1,564,404","$1,236,127"
,TOTAL,,"8,385","$1,759,518","$1,390,736"
31536,SG,,623,"$292,404","$232,691"
,80'S,,1,$21,$17
,OTHER,,"7,488","$1,859,774","$1,469,026"
,TOTAL,,"8,112","$2,152,199","$1,701,734"
31540,SG,,127,"$59,341","$47,283"
,OTHER,,"1,449","$416,150","$329,080"
,TOTAL,,"1,576","$475,491","$376,363"
31541,SG,,749,"$435,717","$344,973"
,80'S,,1,$27,$21
,OTHER,,"10,182","$3,178,773","$2,513,266"
,TOTAL,,"10,932","$3,614,516","$2,858,261"
31560,SG,,2,"$1,320","$1,056"
,OTHER,,37,"$12,922","$10,222"
,TOTAL,,39,"$14,242","$11,278"
31561,SG,,4,"$2,683","$2,146"
,OTHER,,267,"$83,823","$66,034"
,TOTAL,,271,"$86,506","$68,180"
31570,SG,,31,"$13,119","$10,495"
,OTHER,,"2,062","$543,582","$422,950"
,TOTAL,,"2,093","$556,700","$433,445"
31571,SG,,35,"$11,618","$9,294"
,OTHER,,744,"$176,840","$139,825"
,TOTAL,,779,"$188,458","$149,119"
31575,OTHER,,"344,183","$34,859,829","$26,552,927"
,TOTAL,,"344,183","$34,859,829","$26,552,927"
31576,SG,,8,"$3,041","$2,433"
,OTHER,,396,"$58,296","$45,953"
,TOTAL,,404,"$61,336","$48,385"
31577,SG,,2,$794,$555
,OTHER,,162,"$30,281","$23,671"
,TOTAL,,164,"$31,075","$24,226"
31578,SG,,7,"$2,586","$2,037"
,80'S,,1,$31,$25
,OTHER,,74,"$14,491","$11,399"
,TOTAL,,82,"$17,108","$13,461"
31579,OTHER,,"10,933","$1,892,507","$1,466,954"
,TOTAL,,"10,933","$1,892,507","$1,466,954"
31580,80'S,,2,$284,$227
,OTHER,,52,"$41,852","$33,025"
,TOTAL,,54,"$42,136","$33,252"
31582,SG,,1,$649,$519
,OTHER,,123,"$169,788","$135,831"
,TOTAL,,124,"$170,437","$136,350"
31584,80'S,,5,"$1,065",$852
,OTHER,,18,"$22,880","$17,553"
,TOTAL,,23,"$23,945","$18,405"
31585,OTHER,,6,"$1,653","$1,281"
,TOTAL,,6,"$1,653","$1,281"
31586,OTHER,,5,"$2,945","$2,356"
,TOTAL,,5,"$2,945","$2,356"
31587,80'S,,3,$331,$265
,OTHER,,42,"$33,896","$27,038"
,TOTAL,,45,"$34,227","$27,303"
31588,SG,,20,"$13,271","$10,617"
,80'S,,106,"$16,350","$13,000"
,OTHER,,"1,155","$1,094,208","$869,425"
,TOTAL,,"1,281","$1,123,829","$893,042"
31590,SG,,1,$685,$548
,80'S,,4,$207,$166
,OTHER,,19,"$8,116","$6,169"
,TOTAL,,24,"$9,008","$6,883"
31595,80'S,,1,$115,$92
,OTHER,,18,"$7,306","$5,845"
,TOTAL,,19,"$7,421","$5,937"
31599,80'S,,7,$844,$675
,OTHER,,600,"$172,280","$136,707"
,TOTAL,,607,"$173,124","$137,382"
31600,SG,,2,$810,$648
,80'S,,88,"$3,889","$3,111"
,OTHER,,"39,204","$9,204,239","$7,315,608"
,TOTAL,,"39,294","$9,208,938","$7,319,367"
31601,OTHER,,35,"$10,278","$8,143"
,TOTAL,,35,"$10,278","$8,143"
31603,80'S,,7,$310,$248
,OTHER,,"2,792","$751,646","$597,442"
,TOTAL,,"2,799","$751,956","$597,690"
31605,80'S,,1,$41,$33
,OTHER,,477,"$110,386","$87,153"
,TOTAL,,478,"$110,427","$87,186"
31610,80'S,,4,$463,$371
,OTHER,,"1,421","$881,309","$700,418"
,TOTAL,,"1,425","$881,772","$700,788"
31611,SG,,36,"$16,919","$13,399"
,80'S,,66,"$3,234","$2,572"
,OTHER,,"1,037","$407,117","$320,877"
,TOTAL,,"1,139","$427,269","$336,847"
31612,SG,,6,"$1,838","$1,390"
,OTHER,,229,"$13,984","$10,909"
,TOTAL,,235,"$15,822","$12,299"
31613,SG,,20,"$8,156","$6,206"
,80'S,,2,$150,$120
,OTHER,,"1,053","$354,370","$281,027"
,TOTAL,,"1,075","$362,676","$287,353"
31614,SG,,12,"$4,814","$3,851"
,OTHER,,414,"$230,457","$182,227"
,TOTAL,,426,"$235,271","$186,078"
31615,SG,,6,"$1,567","$1,253"
,OTHER,,"4,658","$677,549","$529,508"
,TOTAL,,"4,664","$679,116","$530,761"
31622,SG,,920,"$257,348","$202,549"
,80'S,,4,$79,$63
,OTHER,,"98,815","$16,593,382","$13,156,813"
,TOTAL,,"99,739","$16,850,809","$13,359,425"
31623,OTHER,,"20,408","$2,803,445","$2,223,811"
,TOTAL,,"20,408","$2,803,445","$2,223,811"
31624,80'S,,1,$92,$74
,OTHER,,"24,636","$3,734,876","$2,963,438"
,TOTAL,,"24,637","$3,734,969","$2,963,512"
31625,SG,,580,"$236,136","$187,490"
,OTHER,,"45,522","$9,632,521","$7,643,527"
,TOTAL,,"46,102","$9,868,657","$7,831,018"
31628,SG,,404,"$163,300","$128,687"
,OTHER,,"45,977","$11,156,239","$8,848,992"
,TOTAL,,"46,381","$11,319,540","$8,977,679"
31629,SG,,56,"$21,986","$17,589"
,OTHER,,"7,315","$1,375,771","$1,090,965"
,TOTAL,,"7,371","$1,397,756","$1,108,553"
31630,SG,,1,$386,$308
,OTHER,,568,"$124,240","$98,227"
,TOTAL,,569,"$124,626","$98,535"
31631,SG,,1,$409,$327
,OTHER,,983,"$236,337","$186,780"
,TOTAL,,984,"$236,746","$187,107"
31635,SG,,2,$839,$672
,OTHER,,"1,525","$350,498","$277,202"
,TOTAL,,"1,527","$351,337","$277,873"
31640,SG,,5,"$1,529","$1,223"
,OTHER,,362,"$107,299","$85,410"
,TOTAL,,367,"$108,828","$86,633"
31641,OTHER,,"2,922","$959,268","$759,531"
,TOTAL,,"2,922","$959,268","$759,531"
31643,OTHER,,"1,446","$298,902","$238,018"
,TOTAL,,"1,446","$298,902","$238,018"
31645,SG,,32,"$7,963","$6,211"
,80'S,,3,$54,$43
,OTHER,,"24,902","$4,941,564","$3,933,281"
,TOTAL,,"24,937","$4,949,581","$3,939,535"
31646,OTHER,,"4,499","$746,351","$593,126"
,TOTAL,,"4,499","$746,351","$593,126"
31656,OTHER,,48,"$5,911","$4,655"
,TOTAL,,48,"$5,911","$4,655"
31700,OTHER,,59,"$3,785","$3,028"
,TOTAL,,59,"$3,785","$3,028"
31708,OTHER,,2,$124,$99
,TOTAL,,2,$124,$99
31710,OTHER,,95,"$5,383","$4,306"
,TOTAL,,95,"$5,383","$4,306"
31715,OTHER,,17,$979,$778
,TOTAL,,17,$979,$778
31717,OTHER,,35,"$2,321","$1,856"
,TOTAL,,35,"$2,321","$1,856"
31720,OTHER,,978,"$64,966","$51,707"
,TOTAL,,978,"$64,966","$51,707"
31725,OTHER,,783,"$84,057","$66,653"
,TOTAL,,783,"$84,057","$66,653"
31730,SG,,1,$296,$237
,OTHER,,761,"$126,130","$99,465"
,TOTAL,,762,"$126,426","$99,702"
31750,SG,,2,"$1,287","$1,030"
,80'S,,10,"$1,378","$1,102"
,OTHER,,164,"$121,210","$96,064"
,TOTAL,,176,"$123,875","$98,196"
31755,80'S,,2,$264,$212
,OTHER,,55,"$51,901","$41,338"
,TOTAL,,57,"$52,165","$41,550"
31760,80'S,,1,$240,$192
,OTHER,,20,"$12,785","$10,203"
,TOTAL,,21,"$13,025","$10,395"
31766,OTHER,,2,"$3,727","$2,982"
,TOTAL,,2,"$3,727","$2,982"
31770,80'S,,1,$76,$61
,OTHER,,11,"$7,168","$5,694"
,TOTAL,,12,"$7,244","$5,755"
31775,80'S,,1,$259,$207
,OTHER,,15,"$22,618","$18,094"
,TOTAL,,16,"$22,877","$18,301"
31780,80'S,,14,"$2,891","$2,313"
,OTHER,,87,"$94,837","$75,237"
,TOTAL,,101,"$97,728","$77,550"
31781,80'S,,2,$503,$402
,OTHER,,14,"$19,050","$15,240"
,TOTAL,,16,"$19,553","$15,642"
31785,SG,,2,"$1,131",$905
,80'S,,8,"$1,211",$969
,OTHER,,91,"$77,964","$62,291"
,TOTAL,,101,"$80,306","$64,164"
31786,80'S,,2,$444,$355
,OTHER,,18,"$24,493","$19,478"
,TOTAL,,20,"$24,937","$19,834"
31800,80'S,,3,$240,$192
,OTHER,,70,"$30,347","$24,240"
,TOTAL,,73,"$30,587","$24,431"
31805,80'S,,5,$642,$513
,OTHER,,24,"$13,081","$10,465"
,TOTAL,,29,"$13,723","$10,978"
31820,SG,,13,"$3,843","$3,074"
,80'S,,1,$64,$51
,OTHER,,261,"$91,941","$71,339"
,TOTAL,,275,"$95,848","$74,465"
31825,SG,,7,"$3,007","$2,406"
,80'S,,1,$98,$78
,OTHER,,253,"$132,458","$104,004"
,TOTAL,,261,"$135,563","$106,488"
31830,SG,,7,"$2,718","$2,094"
,80'S,,1,$65,$52
,OTHER,,151,"$51,791","$41,094"
,TOTAL,,159,"$54,574","$43,240"
31899,80'S,,1,$350,$280
,OTHER,,451,"$64,895","$51,870"
,TOTAL,,452,"$65,246","$52,150"
32000,SG,,356,"$100,762","$79,490"
,OTHER,,"149,759","$13,057,212","$10,342,788"
,TOTAL,,"150,115","$13,157,974","$10,422,278"
32001,OTHER,,14,"$2,581","$2,065"
,TOTAL,,14,"$2,581","$2,065"
32002,SG,,23,"$9,464","$7,571"
,OTHER,,"29,291","$3,510,968","$2,787,477"
,TOTAL,,"29,314","$3,520,432","$2,795,048"
32005,SG,,2,$623,$499
,80'S,,6,$84,$67
,OTHER,,"8,835","$1,015,359","$809,039"
,TOTAL,,"8,843","$1,016,066","$809,604"
32020,SG,,6,"$2,503","$2,002"
,80'S,,13,$526,$420
,OTHER,,"54,049","$12,492,383","$9,913,893"
,TOTAL,,"54,068","$12,495,411","$9,916,316"
32035,80'S,,16,"$1,485","$1,188"
,OTHER,,203,"$113,581","$90,553"
,TOTAL,,219,"$115,067","$91,741"
32036,80'S,,25,"$2,548","$2,039"
,OTHER,,281,"$184,676","$146,828"
,TOTAL,,306,"$187,225","$148,867"
32095,80'S,,276,"$27,083","$21,553"
,OTHER,,"2,540","$1,477,751","$1,173,944"
,TOTAL,,"2,816","$1,504,834","$1,195,497"
32100,80'S,,668,"$89,954","$71,724"
,OTHER,,"3,594","$2,797,613","$2,219,524"
,TOTAL,,"4,262","$2,887,566","$2,291,248"
32110,80'S,,89,"$12,297","$9,743"
,OTHER,,478,"$386,638","$307,114"
,TOTAL,,567,"$398,936","$316,857"
32120,80'S,,98,"$11,401","$8,941"
,OTHER,,751,"$494,493","$392,849"
,TOTAL,,849,"$505,894","$401,790"
32124,80'S,,153,"$15,018","$11,999"
,OTHER,,556,"$315,960","$252,688"
,TOTAL,,709,"$330,978","$264,688"
32140,80'S,,40,"$6,445","$5,029"
,OTHER,,161,"$135,243","$107,380"
,TOTAL,,201,"$141,688","$112,409"
32141,80'S,,137,"$20,080","$15,808"
,OTHER,,798,"$630,270","$495,602"
,TOTAL,,935,"$650,350","$511,411"
32150,80'S,,38,"$5,170","$4,136"
,OTHER,,206,"$161,377","$128,215"
,TOTAL,,244,"$166,548","$132,351"
32151,80'S,,6,$940,$752
,OTHER,,36,"$31,507","$25,205"
,TOTAL,,42,"$32,447","$25,958"
32160,80'S,,60,"$4,445","$3,462"
,OTHER,,354,"$172,407","$136,948"
,TOTAL,,414,"$176,853","$140,410"
32200,80'S,,14,"$1,489","$1,191"
,OTHER,,118,"$81,324","$64,358"
,TOTAL,,132,"$82,813","$65,549"
32201,OTHER,,547,"$169,358","$134,691"
,TOTAL,,547,"$169,358","$134,691"
32215,80'S,,36,"$2,996","$2,397"
,OTHER,,303,"$175,450","$139,571"
,TOTAL,,339,"$178,446","$141,968"
32220,80'S,,380,"$80,590","$64,372"
,OTHER,,"2,241","$2,672,494","$2,126,035"
,TOTAL,,"2,621","$2,753,084","$2,190,407"
32225,80'S,,106,"$14,997","$11,942"
,OTHER,,719,"$589,059","$466,761"
,TOTAL,,825,"$604,056","$478,703"
32310,80'S,,80,"$8,830","$7,064"
,OTHER,,413,"$264,154","$210,389"
,TOTAL,,493,"$272,984","$217,454"
32320,80'S,,228,"$53,553","$42,476"
,OTHER,,"1,057","$1,415,964","$1,123,588"
,TOTAL,,"1,285","$1,469,517","$1,166,064"
32400,SG,,7,"$1,681","$1,345"
,OTHER,,"3,135","$320,668","$254,640"
,TOTAL,,"3,142","$322,350","$255,985"
32402,80'S,,34,"$2,505","$2,004"
,OTHER,,347,"$166,688","$133,219"
,TOTAL,,381,"$169,194","$135,223"
32405,SG,,7,"$1,825","$1,460"
,80'S,,5,$56,$45
,OTHER,,"50,122","$6,177,123","$4,902,710"
,TOTAL,,"50,134","$6,179,004","$4,904,214"
32420,OTHER,,224,"$25,757","$20,474"
,TOTAL,,224,"$25,757","$20,474"
32440,80'S,,462,"$109,083","$86,747"
,OTHER,,"1,710","$2,274,557","$1,809,675"
,TOTAL,,"2,172","$2,383,640","$1,896,422"
32442,80'S,,4,"$1,126",$901
,OTHER,,12,"$18,551","$14,841"
,TOTAL,,16,"$19,676","$15,741"
32445,80'S,,18,"$5,092","$3,829"
,OTHER,,91,"$159,848","$127,718"
,TOTAL,,109,"$164,939","$131,547"
32480,80'S,,"4,262","$895,115","$710,539"
,OTHER,,"15,859","$18,964,398","$15,067,350"
,TOTAL,,"20,121","$19,859,513","$15,777,888"
32482,80'S,,384,"$84,190","$66,570"
,OTHER,,"1,353","$1,673,420","$1,325,772"
,TOTAL,,"1,737","$1,757,610","$1,392,342"
32484,80'S,,328,"$74,231","$59,357"
,OTHER,,"1,245","$1,687,994","$1,345,558"
,TOTAL,,"1,573","$1,762,225","$1,404,915"
32486,80'S,,22,"$5,494","$4,395"
,OTHER,,117,"$178,974","$143,179"
,TOTAL,,139,"$184,468","$147,575"
32488,80'S,,39,"$10,490","$8,392"
,OTHER,,186,"$280,068","$221,197"
,TOTAL,,225,"$290,558","$229,589"
32491,80'S,,3,$661,$529
,OTHER,,34,"$60,458","$48,367"
,TOTAL,,37,"$61,119","$48,895"
32500,80'S,,"1,473","$231,100","$184,086"
,OTHER,,"7,917","$7,084,406","$5,630,170"
,TOTAL,,"9,390","$7,315,506","$5,814,256"
32501,80'S,,22,"$1,053",$843
,OTHER,,125,"$37,970","$29,916"
,TOTAL,,147,"$39,023","$30,758"
32520,80'S,,105,"$25,715","$20,295"
,OTHER,,419,"$601,674","$475,594"
,TOTAL,,524,"$627,388","$495,888"
32522,80'S,,21,"$5,741","$4,513"
,OTHER,,95,"$149,430","$119,527"
,TOTAL,,116,"$155,171","$124,039"
32525,80'S,,45,"$13,417","$10,734"
,OTHER,,186,"$331,026","$264,063"
,TOTAL,,231,"$344,443","$274,797"
32540,80'S,,55,"$6,867","$5,493"
,OTHER,,185,"$143,855","$114,639"
,TOTAL,,240,"$150,721","$120,133"
32601,80'S,,18,$746,$596
,OTHER,,"1,109","$286,591","$227,779"
,TOTAL,,"1,127","$287,337","$228,376"
32602,80'S,,60,"$3,691","$2,953"
,OTHER,,"3,415","$1,260,101","$998,497"
,TOTAL,,"3,475","$1,263,792","$1,001,450"
32603,OTHER,,5,"$1,946","$1,545"
,TOTAL,,5,"$1,946","$1,545"
32604,OTHER,,26,"$11,616","$9,002"
,TOTAL,,26,"$11,616","$9,002"
32605,80'S,,1,$80,$64
,OTHER,,33,"$12,984","$10,387"
,TOTAL,,34,"$13,064","$10,451"
32606,80'S,,10,$722,$577
,OTHER,,272,"$128,741","$102,146"
,TOTAL,,282,"$129,463","$102,723"
32650,80'S,,400,"$44,876","$35,599"
,OTHER,,"4,454","$3,059,539","$2,435,369"
,TOTAL,,"4,854","$3,104,415","$2,470,968"
32651,80'S,,114,"$15,866","$12,613"
,OTHER,,753,"$653,052","$519,332"
,TOTAL,,867,"$668,918","$531,945"
32652,80'S,,101,"$21,057","$16,845"
,OTHER,,553,"$679,464","$539,789"
,TOTAL,,654,"$700,521","$556,635"
32653,80'S,,41,"$5,745","$4,507"
,OTHER,,315,"$262,022","$208,461"
,TOTAL,,356,"$267,766","$212,968"
32654,80'S,,4,$529,$423
,OTHER,,68,"$50,452","$39,435"
,TOTAL,,72,"$50,981","$39,858"
32655,80'S,,65,"$9,547","$7,638"
,OTHER,,503,"$434,998","$345,949"
,TOTAL,,568,"$444,545","$353,586"
32656,80'S,,79,"$12,619","$9,902"
,OTHER,,316,"$283,713","$224,968"
,TOTAL,,395,"$296,332","$234,869"
32657,80'S,,741,"$115,957","$91,999"
,OTHER,,"4,780","$4,429,663","$3,517,844"
,TOTAL,,"5,521","$4,545,619","$3,609,843"
32658,80'S,,2,$275,$220
,OTHER,,35,"$26,378","$21,022"
,TOTAL,,37,"$26,653","$21,242"
32659,80'S,,38,"$5,007","$3,992"
,OTHER,,286,"$230,544","$184,355"
,TOTAL,,324,"$235,551","$188,347"
32660,80'S,,3,$693,$555
,OTHER,,7,"$6,995","$5,596"
,TOTAL,,10,"$7,688","$6,151"
32661,80'S,,2,$221,$176
,OTHER,,24,"$19,758","$15,807"
,TOTAL,,26,"$19,979","$15,983"
32662,80'S,,23,"$4,198","$3,358"
,OTHER,,133,"$137,640","$109,964"
,TOTAL,,156,"$141,838","$113,322"
32663,80'S,,330,"$76,162","$60,770"
,OTHER,,755,"$1,001,544","$795,063"
,TOTAL,,"1,085","$1,077,706","$855,833"
32664,80'S,,6,$910,$728
,OTHER,,47,"$45,868","$36,534"
,TOTAL,,53,"$46,778","$37,263"
32665,80'S,,5,$941,$693
,OTHER,,28,"$31,103","$24,793"
,TOTAL,,33,"$32,044","$25,486"
32800,80'S,,2,$220,$147
,OTHER,,49,"$35,882","$27,872"
,TOTAL,,51,"$36,102","$28,019"
32810,80'S,,5,$531,$425
,OTHER,,56,"$41,502","$33,042"
,TOTAL,,61,"$42,033","$33,467"
32815,80'S,,29,"$6,934","$5,547"
,OTHER,,167,"$230,114","$182,947"
,TOTAL,,196,"$237,048","$188,495"
32820,80'S,,4,"$1,024",$819
,OTHER,,57,"$79,602","$63,634"
,TOTAL,,61,"$80,626","$64,453"
32851,80'S,,16,"$6,557","$5,246"
,OTHER,,117,"$284,517","$226,187"
,TOTAL,,133,"$291,074","$231,433"
32852,80'S,,1,$408,$326
,OTHER,,7,"$16,557","$13,245"
,TOTAL,,8,"$16,964","$13,572"
32853,80'S,,17,"$8,387","$6,709"
,OTHER,,60,"$178,072","$141,800"
,TOTAL,,77,"$186,459","$148,509"
32854,80'S,,3,"$1,736","$1,389"
,OTHER,,28,"$91,023","$72,818"
,TOTAL,,31,"$92,759","$74,207"
32900,80'S,,42,"$6,644","$5,315"
,OTHER,,211,"$204,318","$162,632"
,TOTAL,,253,"$210,962","$167,947"
32905,80'S,,10,"$1,741","$1,392"
,OTHER,,68,"$71,337","$57,070"
,TOTAL,,78,"$73,078","$58,462"
32906,80'S,,14,"$3,907","$3,125"
,OTHER,,53,"$77,263","$61,810"
,TOTAL,,67,"$81,170","$64,936"
32940,80'S,,6,$632,$506
,OTHER,,31,"$34,808","$27,847"
,TOTAL,,37,"$35,441","$28,353"
32960,OTHER,,78,"$6,762","$5,385"
,TOTAL,,78,"$6,762","$5,385"
32997,OTHER,,57,"$15,801","$12,440"
,TOTAL,,57,"$15,801","$12,440"
32999,80'S,,8,"$1,467","$1,173"
,OTHER,,324,"$162,091","$128,079"
,TOTAL,,332,"$163,558","$129,252"
33010,80'S,CARDIOVASCULAR,1,$24,$19
,OTHER,,"4,710","$554,450","$438,741"
,TOTAL,,"4,711","$554,474","$438,760"
33011,OTHER,,128,"$12,371","$9,896"
,TOTAL,,128,"$12,371","$9,896"
33015,OTHER,,471,"$189,090","$149,794"
,TOTAL,,471,"$189,090","$149,794"
33020,80'S,,51,"$6,252","$5,001"
,OTHER,,289,"$219,904","$175,739"
,TOTAL,,340,"$226,156","$180,741"
33025,80'S,,502,"$72,604","$57,515"
,OTHER,,"5,009","$4,230,966","$3,359,786"
,TOTAL,,"5,511","$4,303,570","$3,417,302"
33030,80'S,,137,"$29,998","$23,998"
,OTHER,,637,"$761,805","$606,032"
,TOTAL,,774,"$791,803","$630,031"
33031,80'S,,77,"$10,687","$8,460"
,OTHER,,260,"$206,623","$163,583"
,TOTAL,,337,"$217,310","$172,043"
33050,80'S,,15,"$1,501","$1,201"
,OTHER,,78,"$49,026","$39,220"
,TOTAL,,93,"$50,526","$40,421"
33120,80'S,,178,"$43,313","$34,651"
,OTHER,,604,"$807,826","$646,161"
,TOTAL,,782,"$851,139","$680,811"
33130,80'S,,7,"$1,383","$1,106"
,OTHER,,32,"$30,819","$24,637"
,TOTAL,,39,"$32,202","$25,744"
33140,80'S,,288,"$39,853","$31,798"
,OTHER,,"1,228","$981,192","$781,319"
,TOTAL,,"1,516","$1,021,046","$813,116"
33200,80'S,,3,$279,$223
,OTHER,,437,"$362,737","$288,827"
,TOTAL,,440,"$363,016","$289,050"
33201,OTHER,,172,"$127,681","$101,869"
,TOTAL,,172,"$127,681","$101,869"
33206,80'S,,3,$292,$234
,OTHER,,"2,418","$1,109,134","$883,456"
,TOTAL,,"2,421","$1,109,426","$883,689"
33207,80'S,,6,$647,$517
,OTHER,,"35,863","$21,019,261","$16,750,491"
,TOTAL,,"35,869","$21,019,908","$16,751,009"
33208,80'S,,13,"$1,374","$1,099"
,OTHER,,"107,696","$64,673,180","$51,503,321"
,TOTAL,,"107,709","$64,674,554","$51,504,420"
33210,80'S,,1,$20,$16
,OTHER,,"23,880","$4,563,261","$3,620,857"
,TOTAL,,"23,881","$4,563,281","$3,620,873"
33211,OTHER,,"1,772","$263,093","$208,555"
,TOTAL,,"1,772","$263,093","$208,555"
33212,80'S,,1,$71,$57
,OTHER,,"13,845","$5,657,755","$4,494,561"
,TOTAL,,"13,846","$5,657,826","$4,494,618"
33213,80'S,,2,$160,$128
,OTHER,,"16,519","$7,384,101","$5,871,325"
,TOTAL,,"16,521","$7,384,261","$5,871,452"
33214,80'S,,1,$78,$63
,OTHER,,"1,356","$644,977","$512,934"
,TOTAL,,"1,357","$645,055","$512,997"
33216,80'S,,2,$73,$58
,OTHER,,"4,203","$1,488,389","$1,184,905"
,TOTAL,,"4,205","$1,488,462","$1,184,963"
33217,OTHER,,"2,206","$827,738","$658,504"
,TOTAL,,"2,206","$827,738","$658,504"
33218,OTHER,,585,"$200,580","$159,844"
,TOTAL,,585,"$200,580","$159,844"
33220,OTHER,,331,"$113,443","$90,073"
,TOTAL,,331,"$113,443","$90,073"
33222,OTHER,,"2,214","$634,445","$505,178"
,TOTAL,,"2,214","$634,445","$505,178"
33223,OTHER,,618,"$220,115","$174,996"
,TOTAL,,618,"$220,115","$174,996"
33233,OTHER,,"20,483","$2,859,779","$2,271,642"
,TOTAL,,"20,483","$2,859,779","$2,271,642"
33234,80'S,,1,$86,$69
,OTHER,,"2,636","$729,972","$580,328"
,TOTAL,,"2,637","$730,058","$580,397"
33235,OTHER,,"1,942","$874,833","$697,100"
,TOTAL,,"1,942","$874,833","$697,100"
33236,80'S,,1,$70,$56
,OTHER,,77,"$55,544","$44,124"
,TOTAL,,78,"$55,615","$44,180"
33237,OTHER,,55,"$45,139","$36,111"
,TOTAL,,55,"$45,139","$36,111"
33238,80'S,,2,$171,$137
,OTHER,,61,"$32,043","$25,092"
,TOTAL,,63,"$32,214","$25,229"
33240,OTHER,,"5,774","$2,968,005","$2,349,574"
,TOTAL,,"5,774","$2,968,005","$2,349,574"
33241,80'S,,7,$249,$199
,OTHER,,"5,052","$672,294","$531,700"
,TOTAL,,"5,059","$672,543","$531,899"
33242,OTHER,,30,"$9,322","$7,297"
,TOTAL,,30,"$9,322","$7,297"
33243,80'S,,18,"$3,327","$2,662"
,OTHER,,177,"$193,239","$153,426"
,TOTAL,,195,"$196,566","$156,087"
33244,OTHER,,"1,014","$685,735","$542,277"
,TOTAL,,"1,014","$685,735","$542,277"
33245,80'S,,7,$759,$607
,OTHER,,123,"$124,085","$98,810"
,TOTAL,,130,"$124,844","$99,418"
33246,80'S,,3,$788,$630
,OTHER,,518,"$738,410","$584,831"
,TOTAL,,521,"$739,198","$585,461"
33247,OTHER,,101,"$66,030","$52,688"
,TOTAL,,101,"$66,030","$52,688"
33249,80'S,,4,$640,$512
,OTHER,,"21,522","$22,026,399","$17,501,165"
,TOTAL,,"21,526","$22,027,040","$17,501,678"
33250,OTHER,,30,"$32,285","$25,818"
,TOTAL,,30,"$32,285","$25,818"
33251,80'S,,11,"$1,418","$1,070"
,OTHER,,63,"$40,869","$32,095"
,TOTAL,,74,"$42,286","$33,165"
33253,80'S,,76,"$16,472","$13,178"
,OTHER,,377,"$382,693","$304,786"
,TOTAL,,453,"$399,166","$317,964"
33261,80'S,,6,$791,$633
,OTHER,,18,"$13,369","$10,695"
,TOTAL,,24,"$14,160","$11,328"
33282,OTHER,,"1,246","$442,829","$352,027"
,TOTAL,,"1,246","$442,829","$352,027"
33284,OTHER,,309,"$71,879","$56,560"
,TOTAL,,309,"$71,879","$56,560"
33300,80'S,,49,"$8,835","$7,068"
,OTHER,,248,"$252,295","$201,649"
,TOTAL,,297,"$261,130","$208,717"
33305,80'S,,71,"$11,295","$8,943"
,OTHER,,220,"$179,778","$142,933"
,TOTAL,,291,"$191,073","$151,876"
33310,80'S,,9,"$1,520","$1,216"
,OTHER,,65,"$59,958","$47,915"
,TOTAL,,74,"$61,478","$49,131"
33315,80'S,,34,"$5,521","$4,326"
,OTHER,,110,"$100,914","$80,408"
,TOTAL,,144,"$106,435","$84,734"
33320,80'S,,32,"$4,997","$3,980"
,OTHER,,192,"$139,919","$111,548"
,TOTAL,,224,"$144,916","$115,528"
33321,OTHER,,7,"$4,850","$3,262"
,TOTAL,,7,"$4,850","$3,262"
33322,80'S,,58,"$8,106","$6,485"
,OTHER,,177,"$144,430","$115,544"
,TOTAL,,235,"$152,537","$122,029"
33330,80'S,,10,"$1,541","$1,233"
,OTHER,,53,"$47,542","$37,954"
,TOTAL,,63,"$49,083","$39,187"
33332,OTHER,,6,"$5,280","$4,224"
,TOTAL,,6,"$5,280","$4,224"
33335,80'S,,59,"$11,739","$9,391"
,OTHER,,153,"$165,996","$132,744"
,TOTAL,,212,"$177,735","$142,135"
33400,80'S,,152,"$30,661","$24,529"
,OTHER,,333,"$366,827","$293,372"
,TOTAL,,485,"$397,488","$317,901"
33401,OTHER,,6,"$8,129","$6,503"
,TOTAL,,6,"$8,129","$6,503"
33403,80'S,,1,$153,$123
,OTHER,,7,"$5,071","$4,057"
,TOTAL,,8,"$5,225","$4,180"
33404,80'S,,14,"$4,635","$3,708"
,OTHER,,28,"$52,245","$41,796"
,TOTAL,,42,"$56,880","$45,504"
33405,80'S,,"11,679","$3,851,097","$3,067,149"
,OTHER,,"34,149","$57,809,318","$46,052,573"
,TOTAL,,"45,828","$61,660,415","$49,119,722"
33406,80'S,,237,"$89,220","$70,266"
,OTHER,,739,"$1,316,102","$1,047,857"
,TOTAL,,976,"$1,405,322","$1,118,123"
33410,80'S,,534,"$163,072","$130,030"
,OTHER,,"1,687","$2,511,231","$2,002,649"
,TOTAL,,"2,221","$2,674,302","$2,132,679"
33411,80'S,,181,"$70,336","$55,818"
,OTHER,,523,"$1,093,025","$870,359"
,TOTAL,,704,"$1,163,361","$926,177"
33412,80'S,,11,"$4,077","$3,262"
,OTHER,,28,"$59,008","$47,151"
,TOTAL,,39,"$63,085","$50,413"
33413,80'S,,13,"$5,539","$4,399"
,OTHER,,29,"$64,264","$49,290"
,TOTAL,,42,"$69,803","$53,688"
33414,80'S,,17,"$6,035","$4,828"
,OTHER,,50,"$90,690","$72,552"
,TOTAL,,67,"$96,725","$77,380"
33415,80'S,,18,"$3,653","$2,908"
,OTHER,,92,"$104,486","$83,589"
,TOTAL,,110,"$108,139","$86,497"
33416,80'S,,95,"$21,053","$16,786"
,OTHER,,316,"$388,775","$307,140"
,TOTAL,,411,"$409,828","$323,926"
33417,80'S,,34,"$10,454","$8,363"
,OTHER,,103,"$178,678","$141,433"
,TOTAL,,137,"$189,132","$149,797"
33420,80'S,,2,$139,$111
,OTHER,,391,"$30,374","$23,937"
,TOTAL,,393,"$30,513","$24,047"
33422,80'S,,28,"$6,183","$4,947"
,OTHER,,90,"$106,585","$84,398"
,TOTAL,,118,"$112,768","$89,345"
33425,80'S,,367,"$97,239","$77,295"
,OTHER,,986,"$1,378,357","$1,098,345"
,TOTAL,,"1,353","$1,475,597","$1,175,640"
33426,80'S,,"1,594","$561,683","$446,971"
,OTHER,,"5,909","$10,438,680","$8,318,081"
,TOTAL,,"7,503","$11,000,363","$8,765,051"
33427,80'S,,587,"$230,018","$183,157"
,OTHER,,"2,162","$4,349,147","$3,460,290"
,TOTAL,,"2,749","$4,579,165","$3,643,447"
33430,80'S,,"5,276","$1,937,862","$1,544,233"
,OTHER,,"15,264","$29,043,149","$23,105,669"
,TOTAL,,"20,540","$30,981,011","$24,649,902"
33460,80'S,,38,"$6,724","$5,379"
,OTHER,,133,"$110,344","$88,275"
,TOTAL,,171,"$117,068","$93,655"
33463,80'S,,214,"$38,232","$30,462"
,OTHER,,875,"$777,726","$618,142"
,TOTAL,,"1,089","$815,958","$648,605"
33464,80'S,,436,"$82,729","$66,011"
,OTHER,,"1,481","$1,400,208","$1,118,171"
,TOTAL,,"1,917","$1,482,937","$1,184,182"
33465,80'S,,90,"$23,323","$18,537"
,OTHER,,279,"$392,691","$313,171"
,TOTAL,,369,"$416,014","$331,708"
33468,80'S,,2,$874,$699
,OTHER,,5,"$11,993","$9,594"
,TOTAL,,7,"$12,867","$10,293"
33470,OTHER,,3,"$3,239","$2,591"
,TOTAL,,3,"$3,239","$2,591"
33474,80'S,,1,$134,$107
,OTHER,,10,"$9,357","$7,486"
,TOTAL,,11,"$9,491","$7,593"
33475,80'S,,5,"$1,321","$1,057"
,OTHER,,38,"$62,134","$49,707"
,TOTAL,,43,"$63,455","$50,764"
33476,80'S,,1,$122,$97
,OTHER,,10,"$9,301","$7,441"
,TOTAL,,11,"$9,423","$7,538"
33478,80'S,,1,$135,$108
,OTHER,,7,"$7,702","$6,162"
,TOTAL,,8,"$7,837","$6,270"
33496,80'S,,33,"$10,498","$8,398"
,OTHER,,113,"$185,972","$148,716"
,TOTAL,,146,"$196,470","$157,114"
33500,80'S,,14,"$2,670","$2,136"
,OTHER,,55,"$54,581","$43,641"
,TOTAL,,69,"$57,251","$45,777"
33501,80'S,,12,"$1,714","$1,371"
,OTHER,,81,"$72,097","$56,957"
,TOTAL,,93,"$73,811","$58,328"
33502,80'S,,20,"$2,672","$2,137"
,OTHER,,67,"$45,879","$36,703"
,TOTAL,,87,"$48,550","$38,840"
33503,80'S,,1,$293,$234
,OTHER,,12,"$14,678","$11,687"
,TOTAL,,13,"$14,971","$11,921"
33504,OTHER,,18,"$18,100","$13,522"
,TOTAL,,18,"$18,100","$13,522"
33505,80'S,,1,$176,$141
,OTHER,,6,"$6,208","$4,966"
,TOTAL,,7,"$6,384","$5,107"
33506,80'S,,1,$304,$243
,OTHER,,1,"$1,504","$1,203"
,TOTAL,,2,"$1,807","$1,446"
33510,80'S,,"3,316","$650,724","$517,477"
,OTHER,,"10,188","$9,908,867","$7,869,604"
,TOTAL,,"13,504","$10,559,591","$8,387,081"
33511,80'S,,"4,608","$1,238,084","$986,024"
,OTHER,,"13,764","$18,932,692","$15,063,349"
,TOTAL,,"18,372","$20,170,776","$16,049,373"
33512,80'S,,"6,334","$2,028,796","$1,613,322"
,OTHER,,"18,614","$30,054,437","$23,881,168"
,TOTAL,,"24,948","$32,083,233","$25,494,490"
33513,80'S,,"3,764","$1,405,652","$1,116,962"
,OTHER,,"10,885","$20,135,977","$16,012,296"
,TOTAL,,"14,649","$21,541,628","$17,129,258"
33514,80'S,,"1,061","$434,234","$345,398"
,OTHER,,"3,136","$6,294,780","$5,012,270"
,TOTAL,,"4,197","$6,729,014","$5,357,668"
33516,80'S,,277,"$122,514","$97,501"
,OTHER,,774,"$1,615,845","$1,286,098"
,TOTAL,,"1,051","$1,738,359","$1,383,599"
33517,80'S,,"8,502","$243,293","$193,726"
,OTHER,,"26,607","$3,893,324","$3,093,227"
,TOTAL,,"35,109","$4,136,617","$3,286,953"
33518,80'S,,"19,381","$1,035,096","$823,143"
,OTHER,,"61,105","$16,590,298","$13,186,969"
,TOTAL,,"80,486","$17,625,394","$14,010,113"
33519,80'S,,"16,663","$1,303,336","$1,034,577"
,OTHER,,"51,857","$20,136,539","$16,003,959"
,TOTAL,,"68,520","$21,439,875","$17,038,536"
33521,80'S,,"5,725","$591,106","$469,476"
,OTHER,,"18,542","$9,282,921","$7,373,212"
,TOTAL,,"24,267","$9,874,027","$7,842,689"
33522,80'S,,"1,171","$150,604","$119,801"
,OTHER,,"4,017","$2,415,738","$1,917,626"
,TOTAL,,"5,188","$2,566,342","$2,037,426"
33523,80'S,,236,"$36,698","$29,297"
,OTHER,,873,"$615,200","$490,026"
,TOTAL,,"1,109","$651,897","$519,323"
33530,80'S,,"6,842","$444,797","$353,216"
,OTHER,,"22,892","$7,749,225","$6,154,042"
,TOTAL,,"29,734","$8,194,022","$6,507,258"
33533,80'S,,"49,369","$14,731,235","$11,693,242"
,OTHER,,"155,704","$232,094,016","$184,421,346"
,TOTAL,,"205,073","$246,825,251","$196,114,589"
33534,80'S,,"5,379","$1,789,393","$1,419,816"
,OTHER,,"16,759","$28,066,194","$22,275,400"
,TOTAL,,"22,138","$29,855,588","$23,695,216"
33535,80'S,,"1,489","$549,157","$435,108"
,OTHER,,"4,591","$8,435,159","$6,670,671"
,TOTAL,,"6,080","$8,984,316","$7,105,780"
33536,80'S,,623,"$222,448","$177,383"
,OTHER,,"2,011","$4,161,965","$3,311,613"
,TOTAL,,"2,634","$4,384,414","$3,488,996"
33542,80'S,,377,"$109,687","$87,376"
,OTHER,,"1,125","$1,647,143","$1,309,391"
,TOTAL,,"1,502","$1,756,830","$1,396,767"
33545,80'S,,97,"$39,890","$31,912"
,OTHER,,274,"$561,889","$449,323"
,TOTAL,,371,"$601,779","$481,234"
33572,80'S,,"1,166","$50,053","$39,651"
,OTHER,,"4,451","$1,008,166","$801,018"
,TOTAL,,"5,617","$1,058,219","$840,669"
33600,80'S,,4,$648,$381
,OTHER,,7,"$4,495","$2,736"
,TOTAL,,11,"$5,143","$3,116"
33608,80'S,,4,"$1,481","$1,184"
,OTHER,,5,"$11,383","$9,106"
,TOTAL,,9,"$12,864","$10,291"
33610,OTHER,,6,$360,$283
,TOTAL,,6,$360,$283
33611,80'S,,1,$367,$45
,OTHER,,4,"$7,312","$4,147"
,TOTAL,,5,"$7,679","$4,192"
33612,80'S,,3,"$1,031",$825
,OTHER,,6,"$12,383","$9,907"
,TOTAL,,9,"$13,414","$10,731"
33615,OTHER,,16,"$16,622","$13,298"
,TOTAL,,16,"$16,622","$13,298"
33617,80'S,,3,"$1,028",$823
,OTHER,,8,"$16,541","$13,232"
,TOTAL,,11,"$17,569","$14,055"
33619,80'S,,2,$727,$582
,OTHER,,2,"$3,921","$1,876"
,TOTAL,,4,"$4,648","$2,458"
33641,80'S,,489,"$74,834","$59,615"
,OTHER,,"1,746","$1,437,375","$1,143,143"
,TOTAL,,"2,235","$1,512,210","$1,202,758"
33645,80'S,,16,"$3,969","$3,175"
,OTHER,,48,"$61,940","$48,613"
,TOTAL,,64,"$65,909","$51,788"
33647,80'S,,14,"$5,037","$4,030"
,OTHER,,42,"$70,551","$56,441"
,TOTAL,,56,"$75,588","$60,471"
33660,80'S,,5,$929,$743
,OTHER,,27,"$30,084","$23,987"
,TOTAL,,32,"$31,013","$24,731"
33665,80'S,,1,$399,$319
,OTHER,,3,"$5,145","$3,957"
,TOTAL,,4,"$5,543","$4,276"
33670,OTHER,,11,"$6,450","$5,160"
,TOTAL,,11,"$6,450","$5,160"
33681,80'S,,107,"$29,637","$23,710"
,OTHER,,298,"$433,095","$346,113"
,TOTAL,,405,"$462,732","$369,823"
33684,OTHER,,2,"$4,200","$3,360"
,TOTAL,,2,"$4,200","$3,360"
33688,OTHER,,1,"$1,111",$889
,TOTAL,,1,"$1,111",$889
33690,80'S,,4,$634,$507
,OTHER,,9,"$8,020","$6,416"
,TOTAL,,13,"$8,654","$6,923"
33692,OTHER,,2,"$2,625","$2,100"
,TOTAL,,2,"$2,625","$2,100"
33702,80'S,,5,"$1,148",$919
,OTHER,,11,"$17,350","$13,880"
,TOTAL,,16,"$18,498","$14,799"
33710,OTHER,,1,"$2,287","$1,830"
,TOTAL,,1,"$2,287","$1,830"
33720,80'S,,20,"$4,432","$3,545"
,OTHER,,47,"$62,086","$49,669"
,TOTAL,,67,"$66,518","$53,214"
33722,80'S,,1,$355,$284
,OTHER,,1,"$2,216","$1,773"
,TOTAL,,2,"$2,571","$2,057"
33730,80'S,,2,$641,$513
,OTHER,,5,"$9,564","$7,652"
,TOTAL,,7,"$10,205","$8,164"
33732,80'S,,1,$139,$111
,OTHER,,4,$374,$299
,TOTAL,,5,$513,$411
33735,OTHER,,20,"$4,925","$3,925"
,TOTAL,,20,"$4,925","$3,925"
33736,80'S,,2,$497,$398
,OTHER,,11,"$3,560","$2,815"
,TOTAL,,13,"$4,057","$3,213"
33737,OTHER,,2,$104,$83
,TOTAL,,2,$104,$83
33750,80'S,,1,$246,$197
,OTHER,,12,"$10,161","$8,129"
,TOTAL,,13,"$10,407","$8,326"
33762,OTHER,,1,"$1,893","$1,514"
,TOTAL,,1,"$1,893","$1,514"
33764,80'S,,1,$268,$214
,OTHER,,6,"$5,160","$4,128"
,TOTAL,,7,"$5,428","$4,343"
33766,OTHER,,23,"$23,000","$18,320"
,TOTAL,,23,"$23,000","$18,320"
33767,80'S,,1,$319,$255
,TOTAL,,1,$319,$255
33779,80'S,,1,$400,$320
,OTHER,,10,"$11,512","$9,210"
,TOTAL,,11,"$11,912","$9,530"
33780,OTHER,,2,"$4,916","$3,933"
,TOTAL,,2,"$4,916","$3,933"
33800,80'S,,1,$104,$84
,OTHER,,4,"$3,019","$1,891"
,TOTAL,,5,"$3,123","$1,975"
33802,80'S,,2,$370,$296
,OTHER,,3,"$4,056","$3,245"
,TOTAL,,5,"$4,426","$3,541"
33803,OTHER,,1,"$1,317","$1,054"
,TOTAL,,1,"$1,317","$1,054"
33813,OTHER,,2,"$1,779","$1,423"
,TOTAL,,2,"$1,779","$1,423"
33814,80'S,,2,$212,$169
,OTHER,,8,"$9,753","$7,747"
,TOTAL,,10,"$9,965","$7,916"
33820,80'S,,10,"$1,214",$972
,OTHER,,26,"$24,235","$18,398"
,TOTAL,,36,"$25,449","$19,370"
33824,80'S,,3,$575,$460
,OTHER,,10,"$9,394","$6,298"
,TOTAL,,13,"$9,968","$6,758"
33840,OTHER,,3,"$2,640","$2,112"
,TOTAL,,3,"$2,640","$2,112"
33845,80'S,,4,$845,$676
,OTHER,,9,"$11,606","$7,845"
,TOTAL,,13,"$12,451","$8,521"
33851,80'S,,3,$738,$591
,OTHER,,3,"$5,222","$4,177"
,TOTAL,,6,"$5,960","$4,768"
33852,80'S,,1,$241,$192
,OTHER,,5,"$5,076","$4,061"
,TOTAL,,6,"$5,317","$4,253"
33853,80'S,,3,"$1,170",$936
,OTHER,,15,"$31,211","$24,957"
,TOTAL,,18,"$32,381","$25,893"
33860,80'S,,908,"$342,162","$271,800"
,OTHER,,"2,545","$5,192,549","$4,132,823"
,TOTAL,,"3,453","$5,534,711","$4,404,623"
33861,80'S,,94,"$35,602","$28,402"
,OTHER,,286,"$567,640","$451,078"
,TOTAL,,380,"$603,242","$479,480"
33863,80'S,,482,"$190,021","$150,723"
,OTHER,,"1,389","$3,004,601","$2,385,679"
,TOTAL,,"1,871","$3,194,622","$2,536,403"
33870,80'S,,197,"$94,048","$74,675"
,OTHER,,602,"$1,677,057","$1,336,221"
,TOTAL,,799,"$1,771,105","$1,410,897"
33875,80'S,,281,"$100,654","$79,704"
,OTHER,,819,"$1,649,713","$1,309,154"
,TOTAL,,"1,100","$1,750,367","$1,388,857"
33877,80'S,,392,"$195,956","$155,654"
,OTHER,,"1,834","$3,445,127","$2,739,677"
,TOTAL,,"2,226","$3,641,082","$2,895,331"
33910,80'S,,19,"$4,410","$3,528"
,OTHER,,72,"$89,980","$71,984"
,TOTAL,,91,"$94,390","$75,512"
33915,80'S,,6,$928,$743
,OTHER,,27,"$29,985","$23,988"
,TOTAL,,33,"$30,913","$24,730"
33916,80'S,,10,"$2,304","$1,843"
,OTHER,,29,"$40,808","$32,646"
,TOTAL,,39,"$43,112","$34,489"
33917,80'S,,8,"$1,647","$1,318"
,OTHER,,28,"$36,239","$28,980"
,TOTAL,,36,"$37,886","$30,298"
33919,80'S,,1,$180,$144
,OTHER,,1,"$1,122",$898
,TOTAL,,2,"$1,302","$1,041"
33920,80'S,,1,$391,$313
,OTHER,,2,"$4,613","$3,691"
,TOTAL,,3,"$5,005","$4,004"
33922,OTHER,,4,"$1,949","$1,559"
,TOTAL,,4,"$1,949","$1,559"
33924,80'S,,2,$114,$91
,OTHER,,4,"$1,096",$876
,TOTAL,,6,"$1,210",$968
33930,OTHER,,1,"$1,112",$889
,TOTAL,,1,"$1,112",$889
33935,80'S,,3,"$1,952","$1,561"
,OTHER,,8,"$33,829","$27,063"
,TOTAL,,11,"$35,781","$28,625"
33945,80'S,,178,"$95,006","$75,084"
,OTHER,,476,"$1,463,171","$1,159,998"
,TOTAL,,654,"$1,558,177","$1,235,082"
33960,80'S,,18,"$2,783","$2,214"
,OTHER,,120,"$108,497","$86,666"
,TOTAL,,138,"$111,280","$88,880"
33961,OTHER,,43,"$28,541","$22,833"
,TOTAL,,43,"$28,541","$22,833"
33968,OTHER,,"2,304","$94,450","$74,811"
,TOTAL,,"2,304","$94,450","$74,811"
33970,80'S,,522,"$21,587","$16,958"
,OTHER,,"4,725","$1,307,142","$1,040,052"
,TOTAL,,"5,247","$1,328,729","$1,057,010"
33971,80'S,,1,$60,$48
,OTHER,,"1,698","$986,851","$783,989"
,TOTAL,,"1,699","$986,911","$784,037"
33973,80'S,,53,"$2,940","$2,352"
,OTHER,,378,"$141,794","$112,343"
,TOTAL,,431,"$144,734","$114,695"
33974,OTHER,,210,"$168,608","$134,887"
,TOTAL,,210,"$168,608","$134,887"
33975,80'S,,83,"$15,262","$12,210"
,OTHER,,294,"$336,990","$268,033"
,TOTAL,,377,"$352,252","$280,243"
33976,80'S,,33,"$7,383","$5,907"
,OTHER,,83,"$119,417","$93,856"
,TOTAL,,116,"$126,800","$99,762"
33977,80'S,,26,"$4,181","$3,345"
,OTHER,,127,"$117,853","$94,072"
,TOTAL,,153,"$122,034","$97,417"
33978,80'S,,5,$980,$784
,OTHER,,26,"$30,558","$24,447"
,TOTAL,,31,"$31,539","$25,231"
33999,80'S,,210,"$35,597","$28,478"
,OTHER,,"1,350","$1,142,513","$913,553"
,TOTAL,,"1,560","$1,178,110","$942,030"
34001,80'S,,42,"$4,976","$3,981"
,OTHER,,217,"$134,735","$107,628"
,TOTAL,,259,"$139,711","$111,609"
34051,80'S,,2,$232,$186
,OTHER,,38,"$32,403","$25,843"
,TOTAL,,40,"$32,636","$26,028"
34101,SG,,15,"$6,516","$5,133"
,80'S,,269,"$23,217","$18,574"
,OTHER,,"3,639","$2,119,513","$1,685,290"
,TOTAL,,"3,923","$2,149,246","$1,708,997"
34111,80'S,,60,"$4,036","$3,229"
,OTHER,,733,"$290,369","$230,007"
,TOTAL,,793,"$294,405","$233,236"
34151,80'S,,99,"$14,099","$11,142"
,OTHER,,465,"$413,784","$328,857"
,TOTAL,,564,"$427,883","$340,000"
34201,80'S,,"1,069","$86,206","$68,542"
,OTHER,,"9,064","$4,677,743","$3,723,195"
,TOTAL,,"10,133","$4,763,949","$3,791,738"
34203,80'S,,281,"$27,563","$21,956"
,OTHER,,"2,338","$1,476,859","$1,177,371"
,TOTAL,,"2,619","$1,504,422","$1,199,328"
34401,80'S,,9,$751,$601
,OTHER,,86,"$49,145","$39,316"
,TOTAL,,95,"$49,896","$39,917"
34421,80'S,,40,"$2,974","$2,380"
,OTHER,,344,"$179,058","$142,827"
,TOTAL,,384,"$182,033","$145,207"
34451,80'S,,10,"$1,148",$919
,OTHER,,46,"$34,214","$27,303"
,TOTAL,,56,"$35,362","$28,222"
34471,OTHER,,51,"$24,005","$19,082"
,TOTAL,,51,"$24,005","$19,082"
34490,OTHER,,910,"$386,493","$305,551"
,TOTAL,,910,"$386,493","$305,551"
34501,80'S,,13,"$1,289","$1,031"
,OTHER,,67,"$35,604","$28,484"
,TOTAL,,80,"$36,893","$29,515"
34502,80'S,,43,"$9,889","$7,911"
,OTHER,,157,"$222,965","$177,121"
,TOTAL,,200,"$232,854","$185,032"
34510,80'S,,3,$574,$459
,OTHER,,32,"$25,961","$20,678"
,TOTAL,,35,"$26,535","$21,137"
34520,80'S,,19,"$2,318","$1,855"
,OTHER,,137,"$71,232","$56,739"
,TOTAL,,156,"$73,550","$58,594"
34530,80'S,,3,$275,$220
,OTHER,,21,"$15,877","$12,341"
,TOTAL,,24,"$16,152","$12,561"
35001,80'S,,199,"$39,090","$30,833"
,OTHER,,680,"$756,080","$598,062"
,TOTAL,,879,"$795,170","$628,895"
35002,80'S,,5,"$1,022",$818
,OTHER,,35,"$30,594","$24,396"
,TOTAL,,40,"$31,617","$25,213"
35005,OTHER,,17,"$8,976","$7,161"
,TOTAL,,17,"$8,976","$7,161"
35011,80'S,,96,"$12,654","$9,901"
,OTHER,,"1,406","$1,108,833","$881,499"
,TOTAL,,"1,502","$1,121,488","$891,400"
35013,80'S,,18,"$3,246","$2,597"
,OTHER,,193,"$209,132","$166,314"
,TOTAL,,211,"$212,379","$168,911"
35021,80'S,,30,"$4,857","$3,886"
,OTHER,,96,"$75,996","$60,714"
,TOTAL,,126,"$80,853","$64,600"
35022,80'S,,7,"$1,266","$1,013"
,OTHER,,26,"$18,305","$14,608"
,TOTAL,,33,"$19,571","$15,621"
35045,80'S,,16,"$2,094","$1,675"
,OTHER,,632,"$297,380","$236,300"
,TOTAL,,648,"$299,474","$237,975"
35081,80'S,,"5,329","$1,494,863","$1,188,553"
,OTHER,,"14,056","$21,347,812","$16,968,648"
,TOTAL,,"19,385","$22,842,675","$18,157,201"
35082,80'S,,"1,369","$473,936","$376,164"
,OTHER,,"3,078","$6,326,653","$5,023,936"
,TOTAL,,"4,447","$6,800,589","$5,400,100"
35091,80'S,,575,"$196,388","$155,550"
,OTHER,,"2,017","$4,074,218","$3,237,868"
,TOTAL,,"2,592","$4,270,606","$3,393,418"
35092,80'S,,130,"$49,269","$38,861"
,OTHER,,395,"$884,500","$704,018"
,TOTAL,,525,"$933,769","$742,879"
35102,80'S,,"3,544","$1,096,170","$871,460"
,OTHER,,"9,852","$17,501,311","$13,907,693"
,TOTAL,,"13,396","$18,597,481","$14,779,154"
35103,80'S,,440,"$149,525","$118,560"
,OTHER,,"1,090","$2,240,475","$1,784,571"
,TOTAL,,"1,530","$2,390,000","$1,903,131"
35111,80'S,,26,"$3,847","$3,077"
,OTHER,,69,"$67,445","$52,997"
,TOTAL,,95,"$71,291","$56,074"
35112,80'S,,4,$728,$583
,OTHER,,18,"$18,868","$15,095"
,TOTAL,,22,"$19,597","$15,677"
35121,80'S,,78,"$17,530","$14,024"
,OTHER,,236,"$315,809","$249,556"
,TOTAL,,314,"$333,340","$263,580"
35122,80'S,,17,"$5,058","$4,046"
,OTHER,,46,"$86,251","$68,992"
,TOTAL,,63,"$91,309","$73,039"
35131,80'S,,358,"$60,300","$47,854"
,OTHER,,"1,143","$1,150,543","$915,372"
,TOTAL,,"1,501","$1,210,842","$963,226"
35132,80'S,,72,"$14,618","$11,614"
,OTHER,,204,"$260,382","$208,261"
,TOTAL,,276,"$275,000","$219,875"
35141,80'S,,982,"$136,012","$108,389"
,OTHER,,"5,740","$4,834,529","$3,842,975"
,TOTAL,,"6,722","$4,970,541","$3,951,364"
35142,80'S,,106,"$18,279","$14,447"
,OTHER,,560,"$567,640","$451,827"
,TOTAL,,666,"$585,920","$466,274"
35151,80'S,,263,"$46,075","$36,679"
,OTHER,,"1,077","$996,448","$792,705"
,TOTAL,,"1,340","$1,042,522","$829,384"
35152,80'S,,8,"$1,164",$931
,OTHER,,36,"$32,923","$26,271"
,TOTAL,,44,"$34,087","$27,202"
35161,80'S,,40,"$7,598","$6,078"
,OTHER,,383,"$417,863","$333,034"
,TOTAL,,423,"$425,461","$339,112"
35162,80'S,,4,$907,$725
,OTHER,,38,"$47,883","$38,307"
,TOTAL,,42,"$48,790","$39,032"
35180,80'S,,3,$370,$296
,OTHER,,5,"$3,593","$2,875"
,TOTAL,,8,"$3,963","$3,170"
35182,80'S,,4,$422,$337
,OTHER,,13,"$6,523","$5,218"
,TOTAL,,17,"$6,945","$5,556"
35184,80'S,,30,"$3,325","$2,660"
,OTHER,,191,"$134,889","$107,695"
,TOTAL,,221,"$138,214","$110,356"
35188,80'S,,8,"$1,041",$833
,OTHER,,42,"$27,468","$21,974"
,TOTAL,,50,"$28,509","$22,807"
35189,80'S,,13,"$1,358","$1,086"
,OTHER,,65,"$51,751","$41,091"
,TOTAL,,78,"$53,109","$42,178"
35190,80'S,,159,"$18,636","$14,721"
,OTHER,,"1,667","$1,197,507","$950,439"
,TOTAL,,"1,826","$1,216,144","$965,161"
35201,80'S,,117,"$11,371","$9,097"
,OTHER,,955,"$527,392","$419,417"
,TOTAL,,"1,072","$538,762","$428,513"
35206,80'S,,111,"$10,614","$8,414"
,OTHER,,"2,037","$1,231,807","$979,137"
,TOTAL,,"2,148","$1,242,421","$987,551"
35207,80'S,,1,$60,$48
,OTHER,,328,"$204,395","$162,223"
,TOTAL,,329,"$204,455","$162,272"
35211,80'S,,55,"$7,739","$5,830"
,OTHER,,227,"$159,826","$126,687"
,TOTAL,,282,"$167,565","$132,517"
35216,80'S,,31,"$4,334","$3,467"
,OTHER,,198,"$175,325","$139,707"
,TOTAL,,229,"$179,658","$143,174"
35221,80'S,,193,"$24,050","$19,147"
,OTHER,,874,"$701,400","$560,199"
,TOTAL,,"1,067","$725,450","$579,346"
35226,80'S,,523,"$47,498","$37,803"
,OTHER,,"5,005","$2,817,669","$2,242,089"
,TOTAL,,"5,528","$2,865,168","$2,279,892"
35231,80'S,,18,"$1,877","$1,495"
,OTHER,,104,"$65,667","$52,409"
,TOTAL,,122,"$67,544","$53,905"
35236,80'S,,62,"$7,158","$5,590"
,OTHER,,888,"$602,052","$477,713"
,TOTAL,,950,"$609,209","$483,304"
35241,80'S,,51,"$6,112","$4,890"
,OTHER,,133,"$87,707","$68,916"
,TOTAL,,184,"$93,818","$73,806"
35246,80'S,,4,$743,$594
,OTHER,,44,"$45,399","$36,014"
,TOTAL,,48,"$46,142","$36,608"
35251,80'S,,29,"$3,919","$3,000"
,OTHER,,126,"$97,433","$77,820"
,TOTAL,,155,"$101,352","$80,821"
35256,80'S,,193,"$25,937","$20,674"
,OTHER,,"1,366","$892,429","$710,792"
,TOTAL,,"1,559","$918,366","$731,466"
35261,80'S,,47,"$4,552","$3,641"
,OTHER,,159,"$93,573","$74,855"
,TOTAL,,206,"$98,124","$78,496"
35266,80'S,,42,"$4,795","$3,836"
,OTHER,,544,"$380,385","$301,959"
,TOTAL,,586,"$385,180","$305,795"
35271,80'S,,18,"$2,442","$1,776"
,OTHER,,80,"$59,351","$46,224"
,TOTAL,,98,"$61,793","$47,999"
35276,80'S,,12,"$2,061","$1,649"
,OTHER,,33,"$29,936","$23,949"
,TOTAL,,45,"$31,997","$25,598"
35281,80'S,,35,"$5,061","$4,049"
,OTHER,,148,"$126,593","$100,470"
,TOTAL,,183,"$131,653","$104,519"
35286,80'S,,198,"$20,321","$16,177"
,OTHER,,"1,180","$774,882","$617,111"
,TOTAL,,"1,378","$795,203","$633,288"
35301,80'S,,"30,849","$5,866,129","$4,663,861"
,OTHER,,"105,263","$114,373,549","$90,932,711"
,TOTAL,,"136,112","$120,239,678","$95,596,572"
35311,80'S,,10,"$2,067","$1,654"
,OTHER,,68,"$73,911","$59,049"
,TOTAL,,78,"$75,978","$60,703"
35321,80'S,,34,"$4,244","$3,382"
,OTHER,,746,"$643,356","$512,802"
,TOTAL,,780,"$647,600","$516,184"
35331,80'S,,69,"$10,693","$8,545"
,OTHER,,238,"$204,872","$163,838"
,TOTAL,,307,"$215,565","$172,383"
35341,80'S,,194,"$33,367","$26,693"
,OTHER,,648,"$683,695","$546,477"
,TOTAL,,842,"$717,062","$573,170"
35351,80'S,,251,"$41,067","$32,741"
,OTHER,,924,"$884,310","$704,161"
,TOTAL,,"1,175","$925,377","$736,902"
35355,80'S,,335,"$47,472","$37,898"
,OTHER,,"1,433","$1,217,078","$968,954"
,TOTAL,,"1,768","$1,264,551","$1,006,852"
35361,80'S,,47,"$10,041","$8,021"
,OTHER,,109,"$130,182","$104,048"
,TOTAL,,156,"$140,223","$112,069"
35363,80'S,,31,"$7,274","$5,819"
,OTHER,,99,"$147,648","$118,119"
,TOTAL,,130,"$154,922","$123,937"
35371,80'S,,"1,110","$102,264","$81,421"
,OTHER,,"5,376","$3,112,242","$2,474,207"
,TOTAL,,"6,486","$3,214,506","$2,555,628"
35372,80'S,,864,"$83,431","$66,596"
,OTHER,,"3,424","$2,032,620","$1,616,694"
,TOTAL,,"4,288","$2,116,051","$1,683,290"
35381,80'S,,585,"$79,919","$63,717"
,OTHER,,"2,722","$2,246,914","$1,784,462"
,TOTAL,,"3,307","$2,326,833","$1,848,179"
35390,80'S,,504,"$14,774","$11,784"
,OTHER,,"2,415","$407,219","$323,475"
,TOTAL,,"2,919","$421,993","$335,258"
35400,80'S,,11,$351,$280
,OTHER,,"1,007","$185,670","$148,118"
,TOTAL,,"1,018","$186,021","$148,399"
35450,80'S,,17,"$1,468","$1,174"
,OTHER,,309,"$161,116","$128,410"
,TOTAL,,326,"$162,584","$129,584"
35452,80'S,,53,"$1,833","$1,466"
,OTHER,,225,"$50,721","$40,497"
,TOTAL,,278,"$52,553","$41,963"
35454,80'S,,463,"$19,672","$15,615"
,OTHER,,"2,960","$723,029","$575,170"
,TOTAL,,"3,423","$742,701","$590,784"
35456,80'S,,265,"$15,267","$12,136"
,OTHER,,"2,378","$868,590","$689,784"
,TOTAL,,"2,643","$883,857","$701,920"
35458,80'S,,45,"$3,846","$3,073"
,OTHER,,"1,348","$786,718","$623,577"
,TOTAL,,"1,393","$790,564","$626,650"
35459,80'S,,55,"$3,610","$2,888"
,OTHER,,623,"$267,017","$211,570"
,TOTAL,,678,"$270,627","$214,458"
35460,80'S,,2,$89,$71
,OTHER,,"3,868","$912,253","$723,934"
,TOTAL,,"3,870","$912,341","$724,005"
35470,OTHER,,"4,782","$2,598,667","$2,071,387"
,TOTAL,,"4,782","$2,598,667","$2,071,387"
35471,80'S,,2,$245,$196
,OTHER,,"15,555","$10,180,446","$8,109,860"
,TOTAL,,"15,557","$10,180,692","$8,110,056"
35472,80'S,,4,$171,$137
,OTHER,,821,"$211,722","$168,576"
,TOTAL,,825,"$211,894","$168,714"
35473,80'S,,21,$895,$716
,OTHER,,"19,969","$5,763,068","$4,586,097"
,TOTAL,,"19,990","$5,763,963","$4,586,814"
35474,80'S,,21,"$1,599","$1,279"
,OTHER,,"23,401","$10,314,512","$8,204,186"
,TOTAL,,"23,422","$10,316,110","$8,205,465"
35475,80'S,,1,$112,$89
,OTHER,,"9,806","$5,751,904","$4,572,195"
,TOTAL,,"9,807","$5,752,016","$4,572,285"
35476,OTHER,,"78,193","$22,248,987","$17,667,444"
,TOTAL,,"78,193","$22,248,987","$17,667,444"
35480,80'S,,6,$541,$433
,OTHER,,17,"$10,878","$8,339"
,TOTAL,,23,"$11,419","$8,772"
35481,80'S,,2,$77,$62
,OTHER,,16,"$4,781","$3,825"
,TOTAL,,18,"$4,858","$3,887"
35482,80'S,,14,$613,$490
,OTHER,,66,"$22,967","$18,294"
,TOTAL,,80,"$23,580","$18,784"
35483,80'S,,25,"$1,654","$1,324"
,OTHER,,112,"$46,524","$36,769"
,TOTAL,,137,"$48,178","$38,092"
35484,80'S,,6,$632,$506
,OTHER,,42,"$27,210","$21,768"
,TOTAL,,48,"$27,842","$22,274"
35485,80'S,,2,$90,$72
,OTHER,,26,"$10,733","$8,587"
,TOTAL,,28,"$10,823","$8,659"
35490,80'S,,2,$209,$167
,OTHER,,69,"$48,488","$38,420"
,TOTAL,,71,"$48,696","$38,587"
35491,80'S,,2,$77,$62
,OTHER,,28,"$9,196","$7,357"
,TOTAL,,30,"$9,273","$7,419"
35492,80'S,,3,$231,$185
,OTHER,,106,"$34,940","$27,952"
,TOTAL,,109,"$35,171","$28,137"
35493,OTHER,,427,"$220,132","$174,585"
,TOTAL,,427,"$220,132","$174,585"
35494,OTHER,,156,"$99,698","$78,621"
,TOTAL,,156,"$99,698","$78,621"
35495,OTHER,,171,"$62,396","$49,651"
,TOTAL,,171,"$62,396","$49,651"
35500,80'S,,211,"$11,758","$9,267"
,OTHER,,"1,254","$402,196","$320,969"
,TOTAL,,"1,465","$413,954","$330,236"
35501,80'S,,58,"$12,529","$9,870"
,OTHER,,205,"$245,339","$194,345"
,TOTAL,,263,"$257,868","$204,215"
35506,80'S,,63,"$13,192","$10,553"
,OTHER,,171,"$199,619","$157,533"
,TOTAL,,234,"$212,811","$168,087"
35507,80'S,,16,"$3,305","$2,465"
,OTHER,,64,"$76,828","$61,462"
,TOTAL,,80,"$80,133","$63,927"
35508,80'S,,6,"$1,054",$843
,OTHER,,28,"$32,019","$25,539"
,TOTAL,,34,"$33,073","$26,383"
35509,80'S,,18,"$3,515","$2,812"
,OTHER,,114,"$126,416","$100,875"
,TOTAL,,132,"$129,931","$103,688"
35511,80'S,,7,"$1,183",$946
,OTHER,,26,"$25,263","$20,211"
,TOTAL,,33,"$26,446","$21,157"
35515,80'S,,4,$693,$554
,OTHER,,12,"$11,790","$9,432"
,TOTAL,,16,"$12,483","$9,986"
35516,80'S,,25,"$4,486","$3,589"
,OTHER,,447,"$95,111","$76,009"
,TOTAL,,472,"$99,597","$79,598"
35518,80'S,,21,"$3,417","$2,733"
,OTHER,,129,"$124,749","$99,729"
,TOTAL,,150,"$128,166","$102,463"
35521,80'S,,44,"$8,176","$6,541"
,OTHER,,110,"$116,823","$93,307"
,TOTAL,,154,"$124,999","$99,848"
35526,80'S,,3,$425,$340
,OTHER,,20,"$16,954","$13,443"
,TOTAL,,23,"$17,378","$13,783"
35531,80'S,,80,"$16,817","$13,454"
,OTHER,,254,"$320,153","$256,085"
,TOTAL,,334,"$336,971","$269,539"
35533,80'S,,35,"$7,339","$5,871"
,OTHER,,122,"$147,898","$117,341"
,TOTAL,,157,"$155,238","$123,212"
35536,80'S,,18,"$4,115","$3,292"
,OTHER,,57,"$80,176","$64,141"
,TOTAL,,75,"$84,291","$67,433"
35541,80'S,,50,"$11,734","$9,387"
,OTHER,,109,"$135,347","$107,277"
,TOTAL,,159,"$147,081","$116,664"
35546,80'S,,180,"$44,642","$35,614"
,OTHER,,526,"$749,258","$596,432"
,TOTAL,,706,"$793,899","$632,047"
35548,80'S,,11,"$2,095","$1,676"
,OTHER,,19,"$19,596","$15,677"
,TOTAL,,30,"$21,691","$17,353"
35549,80'S,,19,"$4,805","$3,823"
,OTHER,,39,"$59,274","$47,286"
,TOTAL,,58,"$64,079","$51,109"
35551,80'S,,12,"$3,180","$2,544"
,OTHER,,45,"$70,031","$55,256"
,TOTAL,,57,"$73,211","$57,799"
35556,80'S,,"2,381","$543,263","$431,612"
,OTHER,,"8,617","$11,474,005","$9,121,426"
,TOTAL,,"10,998","$12,017,267","$9,553,039"
35558,80'S,,221,"$31,134","$24,646"
,OTHER,,747,"$595,124","$472,300"
,TOTAL,,968,"$626,258","$496,946"
35560,80'S,,104,"$19,008","$15,169"
,OTHER,,281,"$303,050","$241,418"
,TOTAL,,385,"$322,058","$256,587"
35563,80'S,,15,"$1,734","$1,387"
,OTHER,,26,"$18,209","$14,567"
,TOTAL,,41,"$19,942","$15,954"
35565,80'S,,97,"$14,615","$11,669"
,OTHER,,347,"$299,538","$237,394"
,TOTAL,,444,"$314,153","$249,063"
35566,80'S,,"2,487","$713,595","$568,014"
,OTHER,,"9,901","$15,392,135","$12,243,053"
,TOTAL,,"12,388","$16,105,730","$12,811,067"
35571,80'S,,"1,006","$216,027","$171,671"
,OTHER,,"4,528","$5,648,640","$4,498,281"
,TOTAL,,"5,534","$5,864,667","$4,669,952"
35582,80'S,,25,"$6,893","$5,514"
,OTHER,,90,"$148,122","$118,418"
,TOTAL,,115,"$155,015","$123,932"
35583,80'S,,"1,061","$250,641","$198,953"
,OTHER,,"4,109","$5,679,519","$4,514,901"
,TOTAL,,"5,170","$5,930,160","$4,713,853"
35585,80'S,,"1,781","$530,670","$422,491"
,OTHER,,"6,898","$12,102,968","$9,629,222"
,TOTAL,,"8,679","$12,633,638","$10,051,713"
35587,80'S,,218,"$48,534","$38,721"
,OTHER,,912,"$1,171,961","$934,922"
,TOTAL,,"1,130","$1,220,494","$973,643"
35601,80'S,,151,"$29,490","$23,592"
,OTHER,,420,"$502,125","$399,377"
,TOTAL,,571,"$531,616","$422,969"
35606,80'S,,277,"$55,049","$43,297"
,OTHER,,940,"$1,059,723","$838,139"
,TOTAL,,"1,217","$1,114,772","$881,435"
35612,80'S,,19,"$2,955","$2,364"
,OTHER,,112,"$114,947","$91,617"
,TOTAL,,131,"$117,902","$93,981"
35616,80'S,,29,"$5,144","$4,099"
,OTHER,,131,"$143,282","$114,507"
,TOTAL,,160,"$148,427","$118,606"
35621,80'S,,345,"$49,162","$39,096"
,OTHER,,"1,163","$982,089","$781,568"
,TOTAL,,"1,508","$1,031,252","$820,664"
35623,80'S,,18,"$2,285","$1,748"
,OTHER,,91,"$74,277","$59,262"
,TOTAL,,109,"$76,563","$61,010"
35626,80'S,,42,"$9,515","$7,407"
,OTHER,,139,"$153,961","$121,799"
,TOTAL,,181,"$163,475","$129,206"
35631,80'S,,425,"$67,310","$53,663"
,OTHER,,"1,280","$1,318,728","$1,049,763"
,TOTAL,,"1,705","$1,386,039","$1,103,426"
35636,80'S,,7,"$1,179",$943
,OTHER,,24,"$24,370","$19,349"
,TOTAL,,31,"$25,548","$20,292"
35641,80'S,,549,"$116,885","$93,113"
,OTHER,,"1,498","$1,856,132","$1,479,126"
,TOTAL,,"2,047","$1,973,017","$1,572,239"
35642,80'S,,3,$318,$254
,OTHER,,9,"$4,289","$3,385"
,TOTAL,,12,"$4,607","$3,639"
35645,80'S,,5,$744,$595
,OTHER,,19,"$8,041","$6,331"
,TOTAL,,24,"$8,785","$6,926"
35646,80'S,,"2,270","$592,505","$470,112"
,OTHER,,"5,725","$8,852,517","$7,016,082"
,TOTAL,,"7,995","$9,445,022","$7,486,194"
35650,80'S,,50,"$7,864","$6,211"
,OTHER,,195,"$182,715","$145,553"
,TOTAL,,245,"$190,579","$151,764"
35651,80'S,,54,"$13,939","$11,151"
,OTHER,,170,"$214,290","$170,591"
,TOTAL,,224,"$228,229","$181,742"
35654,80'S,,462,"$93,762","$74,756"
,OTHER,,"1,451","$1,744,379","$1,385,095"
,TOTAL,,"1,913","$1,838,141","$1,459,852"
35656,80'S,,"5,579","$1,135,873","$902,769"
,OTHER,,"20,458","$24,146,447","$19,189,711"
,TOTAL,,"26,037","$25,282,320","$20,092,480"
35661,80'S,,"1,476","$187,414","$147,976"
,OTHER,,"5,464","$4,102,349","$3,259,360"
,TOTAL,,"6,940","$4,289,763","$3,407,337"
35663,80'S,,37,"$4,967","$3,851"
,OTHER,,138,"$91,839","$71,744"
,TOTAL,,175,"$96,806","$75,595"
35665,80'S,,583,"$85,241","$67,767"
,OTHER,,"2,346","$2,036,404","$1,619,843"
,TOTAL,,"2,929","$2,121,645","$1,687,610"
35666,80'S,,817,"$181,655","$144,689"
,OTHER,,"3,095","$4,033,683","$3,208,230"
,TOTAL,,"3,912","$4,215,338","$3,352,919"
35671,80'S,,96,"$14,994","$11,995"
,OTHER,,474,"$447,398","$356,806"
,TOTAL,,570,"$462,392","$368,801"
35681,80'S,,554,"$25,546","$20,385"
,OTHER,,"2,394","$658,345","$525,315"
,TOTAL,,"2,948","$683,891","$545,700"
35682,80'S,,100,"$8,229","$6,583"
,OTHER,,"1,413","$719,997","$571,201"
,TOTAL,,"1,513","$728,226","$577,785"
35683,80'S,,14,"$1,278","$1,023"
,OTHER,,165,"$92,541","$73,909"
,TOTAL,,179,"$93,820","$74,932"
35691,80'S,,27,"$4,826","$3,817"
,OTHER,,87,"$95,284","$76,168"
,TOTAL,,114,"$100,109","$79,985"
35693,80'S,,3,$399,$199
,OTHER,,15,"$9,127","$7,302"
,TOTAL,,18,"$9,527","$7,501"
35694,80'S,,20,"$2,933","$2,347"
,OTHER,,92,"$85,517","$67,831"
,TOTAL,,112,"$88,450","$70,178"
35695,80'S,,14,"$2,054","$1,628"
,OTHER,,48,"$42,349","$33,880"
,TOTAL,,62,"$44,403","$35,507"
35700,80'S,,751,"$26,153","$20,770"
,OTHER,,"4,066","$829,555","$659,875"
,TOTAL,,"4,817","$855,707","$680,645"
35701,80'S,,79,"$4,481","$3,497"
,OTHER,,513,"$161,250","$128,240"
,TOTAL,,592,"$165,731","$131,737"
35721,80'S,,151,"$8,305","$6,639"
,OTHER,,"1,229","$413,148","$328,591"
,TOTAL,,"1,380","$421,453","$335,230"
35741,80'S,,72,"$3,365","$2,637"
,OTHER,,498,"$136,262","$108,634"
,TOTAL,,570,"$139,626","$111,271"
35761,80'S,,268,"$13,200","$10,506"
,OTHER,,"2,863","$872,065","$692,818"
,TOTAL,,"3,131","$885,265","$703,324"
35800,80'S,,143,"$8,808","$7,043"
,OTHER,,"1,869","$681,566","$541,575"
,TOTAL,,"2,012","$690,374","$548,617"
35820,80'S,,788,"$85,043","$67,614"
,OTHER,,"9,067","$5,121,362","$4,077,821"
,TOTAL,,"9,855","$5,206,404","$4,145,435"
35840,80'S,,142,"$12,477","$9,846"
,OTHER,,"1,128","$571,700","$453,907"
,TOTAL,,"1,270","$584,177","$463,753"
35860,80'S,,193,"$10,185","$8,047"
,OTHER,,"3,522","$1,165,510","$924,640"
,TOTAL,,"3,715","$1,175,695","$932,687"
35870,80'S,,19,"$2,930","$2,187"
,OTHER,,105,"$119,272","$94,814"
,TOTAL,,124,"$122,202","$97,001"
35875,80'S,,44,"$3,257","$2,476"
,OTHER,,"7,489","$4,384,791","$3,486,024"
,TOTAL,,"7,533","$4,388,047","$3,488,500"
35876,80'S,,449,"$63,940","$50,777"
,OTHER,,"3,735","$3,322,249","$2,638,592"
,TOTAL,,"4,184","$3,386,189","$2,689,369"
35879,80'S,,209,"$28,021","$22,417"
,OTHER,,"1,263","$1,031,178","$822,309"
,TOTAL,,"1,472","$1,059,200","$844,726"
35881,80'S,,122,"$18,548","$14,614"
,OTHER,,779,"$724,359","$575,681"
,TOTAL,,901,"$742,906","$590,295"
35901,80'S,,21,"$1,346","$1,077"
,OTHER,,191,"$85,429","$68,343"
,TOTAL,,212,"$86,775","$69,420"
35903,80'S,,516,"$41,553","$33,182"
,OTHER,,"10,086","$5,636,466","$4,481,275"
,TOTAL,,"10,602","$5,678,019","$4,514,457"
35905,80'S,,8,"$1,207",$966
,OTHER,,85,"$81,639","$65,291"
,TOTAL,,93,"$82,847","$66,257"
35907,80'S,,105,"$13,483","$10,659"
,OTHER,,441,"$372,640","$292,133"
,TOTAL,,546,"$386,124","$302,792"
36000,80'S,,2,$3,$3
,OTHER,,"109,453","$1,765,962","$1,373,292"
,TOTAL,,"109,455","$1,765,965","$1,373,295"
36005,80'S,,2,$13,$10
,OTHER,,"67,392","$3,499,391","$2,770,489"
,TOTAL,,"67,394","$3,499,403","$2,770,499"
36010,80'S,,9,$211,$169
,OTHER,,"64,211","$7,632,735","$6,065,323"
,TOTAL,,"64,220","$7,632,947","$6,065,492"
36011,80'S,,2,$44,$36
,OTHER,,"13,662","$1,861,105","$1,476,752"
,TOTAL,,"13,664","$1,861,149","$1,476,788"
36012,OTHER,,"4,786","$654,731","$518,745"
,TOTAL,,"4,786","$654,731","$518,745"
36013,OTHER,,"6,675","$248,286","$197,330"
,TOTAL,,"6,675","$248,286","$197,330"
36014,OTHER,,"9,937","$1,466,421","$1,166,827"
,TOTAL,,"9,937","$1,466,421","$1,166,827"
36015,OTHER,,"1,895","$322,917","$256,393"
,TOTAL,,"1,895","$322,917","$256,393"
36100,80'S,,1,$17,$14
,OTHER,,"2,235","$374,633","$298,152"
,TOTAL,,"2,236","$374,650","$298,165"
36120,OTHER,,"3,717","$380,219","$301,774"
,TOTAL,,"3,717","$380,219","$301,774"
36140,80'S,,4,$41,$33
,OTHER,,"36,112","$2,892,942","$2,296,387"
,TOTAL,,"36,116","$2,892,983","$2,296,420"
36145,80'S,,2,$45,$36
,OTHER,,"116,529","$9,800,574","$7,760,044"
,TOTAL,,"116,531","$9,800,619","$7,760,080"
36160,OTHER,,687,"$100,031","$79,301"
,TOTAL,,687,"$100,031","$79,301"
36200,80'S,,6,$228,$182
,OTHER,,"126,084","$20,277,507","$16,082,129"
,TOTAL,,"126,090","$20,277,735","$16,082,312"
36215,80'S,,1,$6,$5
,OTHER,,"94,057","$13,953,239","$11,098,830"
,TOTAL,,"94,058","$13,953,245","$11,098,834"
36216,OTHER,,"107,567","$26,942,249","$21,420,575"
,TOTAL,,"107,567","$26,942,249","$21,420,575"
36217,OTHER,,"23,547","$7,464,914","$5,926,811"
,TOTAL,,"23,547","$7,464,914","$5,926,811"
36218,OTHER,,"20,997","$1,186,771","$943,264"
,TOTAL,,"20,997","$1,186,771","$943,264"
36245,80'S,,8,$197,$157
,OTHER,,"123,453","$26,633,162","$21,179,670"
,TOTAL,,"123,461","$26,633,358","$21,179,827"
36246,80'S,,2,$101,$81
,OTHER,,"45,880","$11,343,289","$9,012,712"
,TOTAL,,"45,882","$11,343,390","$9,012,793"
36247,80'S,,2,$59,$47
,OTHER,,"30,426","$8,138,227","$6,468,655"
,TOTAL,,"30,428","$8,138,286","$6,468,702"
36248,OTHER,,"7,168","$407,667","$324,383"
,TOTAL,,"7,168","$407,667","$324,383"
36260,80'S,,1,$55,$44
,OTHER,,481,"$221,504","$176,305"
,TOTAL,,482,"$221,559","$176,349"
36261,80'S,,1,$49,$39
,OTHER,,27,"$6,893","$5,514"
,TOTAL,,28,"$6,942","$5,553"
36262,SG,,8,"$2,312","$1,849"
,OTHER,,290,"$60,627","$47,479"
,TOTAL,,298,"$62,939","$49,329"
36299,OTHER,,462,"$209,560","$165,876"
,TOTAL,,462,"$209,560","$165,876"
36400,OTHER,,485,"$5,383","$3,958"
,TOTAL,,485,"$5,383","$3,958"
36405,OTHER,,49,"$1,071",$812
,TOTAL,,49,"$1,071",$812
36406,OTHER,,"1,884","$28,694","$22,242"
,TOTAL,,"1,884","$28,694","$22,242"
36410,OTHER,,"246,996","$4,295,291","$3,196,194"
,TOTAL,,"246,996","$4,295,291","$3,196,194"
36420,OTHER,,7,$323,$258
,TOTAL,,7,$323,$258
36425,OTHER,,"10,260","$294,822","$226,693"
,TOTAL,,"10,260","$294,822","$226,693"
36430,OTHER,,"28,461","$1,065,661","$832,891"
,TOTAL,,"28,461","$1,065,661","$832,891"
36440,OTHER,,20,$974,$746
,TOTAL,,20,$974,$746
36450,OTHER,,3,$261,$209
,TOTAL,,3,$261,$209
36455,OTHER,,124,"$19,605","$15,413"
,TOTAL,,124,"$19,605","$15,413"
36460,OTHER,,3,$352,$281
,TOTAL,,3,$352,$281
36468,OTHER,,6,$537,$430
,TOTAL,,6,$537,$430
36470,OTHER,,"1,938","$170,053","$128,485"
,TOTAL,,"1,938","$170,053","$128,485"
36471,OTHER,,"23,933","$2,781,402","$2,128,669"
,TOTAL,,"23,933","$2,781,402","$2,128,669"
36481,OTHER,,"2,700","$876,318","$694,847"
,TOTAL,,"2,700","$876,318","$694,847"
36488,OTHER,,"1,705","$127,874","$101,418"
,TOTAL,,"1,705","$127,874","$101,418"
36489,SG,,263,"$76,492","$60,955"
,80'S,,111,"$1,436","$1,149"
,OTHER,,"744,970","$53,303,436","$42,229,510"
,TOTAL,,"745,344","$53,381,364","$42,291,614"
36490,OTHER,,89,"$8,742","$6,780"
,TOTAL,,89,"$8,742","$6,780"
36491,SG,,78,"$22,746","$18,001"
,80'S,,5,$84,$67
,OTHER,,"22,315","$1,803,230","$1,422,145"
,TOTAL,,"22,398","$1,826,059","$1,440,214"
36493,OTHER,,"8,643","$527,148","$417,444"
,TOTAL,,"8,643","$527,148","$417,444"
36500,OTHER,,"2,278","$242,173","$192,174"
,TOTAL,,"2,278","$242,173","$192,174"
36510,OTHER,,10,$308,$245
,TOTAL,,10,$308,$245
36520,OTHER,,"13,808","$1,585,880","$1,253,734"
,TOTAL,,"13,808","$1,585,880","$1,253,734"
36521,OTHER,,77,"$7,071","$5,654"
,TOTAL,,77,"$7,071","$5,654"
36522,OTHER,,"2,093","$263,026","$206,510"
,TOTAL,,"2,093","$263,026","$206,510"
36530,SG,,39,"$12,637","$10,110"
,OTHER,,631,"$207,188","$165,112"
,TOTAL,,670,"$219,824","$175,222"
36531,OTHER,,51,"$12,764","$10,053"
,TOTAL,,51,"$12,764","$10,053"
36532,SG,,34,"$10,471","$8,377"
,OTHER,,887,"$158,365","$124,887"
,TOTAL,,921,"$168,836","$133,264"
36533,SG,,"2,453","$1,148,431","$913,853"
,80'S,,113,"$5,105","$4,080"
,OTHER,,"201,677","$66,378,401","$52,669,308"
,TOTAL,,"204,243","$67,531,938","$53,587,240"
36534,SG,,41,"$17,366","$13,649"
,80'S,,3,$100,$80
,OTHER,,"14,611","$2,646,547","$2,096,439"
,TOTAL,,"14,655","$2,664,013","$2,110,168"
36535,SG,,"1,373","$377,596","$298,830"
,80'S,,82,"$2,119","$1,696"
,OTHER,,"89,358","$12,877,670","$10,092,204"
,TOTAL,,"90,813","$13,257,386","$10,392,729"
36550,OTHER,,"5,752","$119,980","$94,691"
,TOTAL,,"5,752","$119,980","$94,691"
36600,OTHER,,"97,442","$2,236,156","$1,736,282"
,TOTAL,,"97,442","$2,236,156","$1,736,282"
36620,OTHER,,"637,233","$35,669,864","$28,368,985"
,TOTAL,,"637,233","$35,669,864","$28,368,985"
36625,OTHER,,"4,857","$424,462","$337,497"
,TOTAL,,"4,857","$424,462","$337,497"
36640,SG,,9,"$2,822","$2,152"
,OTHER,,396,"$47,055","$37,243"
,TOTAL,,405,"$49,876","$39,395"
36660,OTHER,,4,$272,$218
,TOTAL,,4,$272,$218
36680,OTHER,,604,"$32,549","$25,552"
,TOTAL,,604,"$32,549","$25,552"
36800,SG,,26,"$11,695","$9,356"
,80'S,,31,$879,$704
,OTHER,,"44,249","$7,120,205","$5,647,400"
,TOTAL,,"44,306","$7,132,780","$5,657,460"
36810,SG,,7,"$3,429","$2,743"
,80'S,,3,$144,$115
,OTHER,,869,"$224,253","$178,227"
,TOTAL,,879,"$227,826","$181,085"
36815,SG,,4,"$1,912","$1,530"
,OTHER,,595,"$108,018","$84,690"
,TOTAL,,599,"$109,930","$86,220"
36819,80'S,,145,"$18,896","$15,016"
,OTHER,,"2,908","$2,243,410","$1,780,552"
,TOTAL,,"3,053","$2,262,306","$1,795,568"
36821,SG,,220,"$104,230","$83,060"
,80'S,,757,"$69,201","$55,154"
,OTHER,,"21,038","$11,730,224","$9,272,707"
,TOTAL,,"22,015","$11,903,655","$9,410,922"
36822,80'S,,1,$94,$75
,OTHER,,284,"$111,389","$88,277"
,TOTAL,,285,"$111,483","$88,352"
36823,OTHER,,56,"$51,091","$40,873"
,TOTAL,,56,"$51,091","$40,873"
36825,SG,,64,"$36,485","$29,108"
,80'S,,364,"$41,801","$33,217"
,OTHER,,"8,533","$5,734,713","$4,543,372"
,TOTAL,,"8,961","$5,813,000","$4,605,697"
36830,SG,,147,"$85,230","$67,898"
,80'S,,"2,506","$315,907","$249,898"
,OTHER,,"50,547","$37,984,569","$30,114,138"
,TOTAL,,"53,200","$38,385,706","$30,431,934"
36831,80'S,,494,"$30,446","$24,234"
,OTHER,,"29,355","$10,674,797","$8,451,803"
,TOTAL,,"29,849","$10,705,243","$8,476,038"
36832,SG,,128,"$73,644","$57,940"
,80'S,,534,"$56,083","$44,516"
,OTHER,,"16,971","$10,315,794","$8,171,183"
,TOTAL,,"17,633","$10,445,521","$8,273,639"
36833,SG,,19,"$11,043","$8,835"
,80'S,,821,"$79,287","$62,419"
,OTHER,,"21,851","$12,902,818","$10,225,474"
,TOTAL,,"22,691","$12,993,148","$10,296,728"
36834,80'S,,55,"$5,219","$4,128"
,OTHER,,"1,164","$651,567","$517,697"
,TOTAL,,"1,219","$656,786","$521,825"
36835,SG,,1,$618,$494
,80'S,,2,$75,$60
,OTHER,,140,"$49,601","$38,839"
,TOTAL,,143,"$50,293","$39,394"
36860,SG,,34,"$13,413","$10,731"
,OTHER,,"3,572","$443,092","$348,994"
,TOTAL,,"3,606","$456,505","$359,725"
36861,SG,,5,"$2,274","$1,819"
,OTHER,,"7,083","$837,377","$661,942"
,TOTAL,,"7,088","$839,651","$663,762"
37140,80'S,,2,$494,$396
,OTHER,,435,"$586,125","$461,365"
,TOTAL,,437,"$586,620","$461,761"
37145,OTHER,,2,"$2,130","$1,704"
,TOTAL,,2,"$2,130","$1,704"
37160,80'S,,6,"$1,212",$970
,OTHER,,24,"$24,270","$18,060"
,TOTAL,,30,"$25,482","$19,030"
37180,80'S,,1,$235,$188
,OTHER,,11,"$15,147","$12,117"
,TOTAL,,12,"$15,382","$12,305"
37181,80'S,,4,"$1,075",$860
,OTHER,,32,"$47,975","$38,380"
,TOTAL,,36,"$49,050","$39,240"
37195,OTHER,,29,"$8,113","$6,490"
,TOTAL,,29,"$8,113","$6,490"
37200,OTHER,,"1,439","$295,881","$234,119"
,TOTAL,,"1,439","$295,881","$234,119"
37201,80'S,,3,$114,$91
,OTHER,,"22,232","$5,948,567","$4,718,722"
,TOTAL,,"22,235","$5,948,681","$4,718,814"
37202,80'S,,2,$56,$44
,OTHER,,"8,170","$1,883,402","$1,491,126"
,TOTAL,,"8,172","$1,883,457","$1,491,170"
37203,OTHER,,"3,950","$1,096,424","$871,319"
,TOTAL,,"3,950","$1,096,424","$871,319"
37204,OTHER,,"9,874","$9,921,133","$7,892,220"
,TOTAL,,"9,874","$9,921,133","$7,892,220"
37205,80'S,,73,"$4,636","$3,709"
,OTHER,,"45,163","$17,081,123","$13,588,429"
,TOTAL,,"45,236","$17,085,759","$13,592,138"
37206,80'S,,26,"$1,001",$801
,OTHER,,"9,852","$2,294,487","$1,826,293"
,TOTAL,,"9,878","$2,295,488","$1,827,094"
37207,80'S,,272,"$13,900","$10,952"
,OTHER,,"2,620","$871,122","$692,325"
,TOTAL,,"2,892","$885,022","$703,277"
37208,80'S,,80,"$3,195","$2,556"
,OTHER,,653,"$152,284","$121,270"
,TOTAL,,733,"$155,479","$123,826"
37209,OTHER,,"2,099","$187,611","$149,022"
,TOTAL,,"2,099","$187,611","$149,022"
37250,80'S,,1,$20,$16
,OTHER,,"2,177","$258,295","$205,640"
,TOTAL,,"2,178","$258,315","$205,655"
37251,80'S,,1,$15,$12
,OTHER,,963,"$88,233","$70,111"
,TOTAL,,964,"$88,248","$70,123"
37565,80'S,,3,$98,$79
,OTHER,,85,"$18,809","$15,024"
,TOTAL,,88,"$18,908","$15,103"
37600,80'S,,18,$749,$599
,OTHER,,98,"$21,861","$17,267"
,TOTAL,,116,"$22,610","$17,867"
37605,80'S,,22,$905,$724
,OTHER,,108,"$30,438","$24,174"
,TOTAL,,130,"$31,343","$24,898"
37606,80'S,,3,$155,$124
,OTHER,,19,"$6,666","$5,187"
,TOTAL,,22,"$6,821","$5,312"
37607,80'S,,6,$348,$278
,OTHER,,"6,008","$1,865,627","$1,475,007"
,TOTAL,,"6,014","$1,865,974","$1,475,285"
37609,SG,,"1,520","$621,467","$495,469"
,OTHER,,"24,880","$4,494,330","$3,558,867"
,TOTAL,,"26,400","$5,115,798","$4,054,336"
37615,80'S,,9,$486,$352
,OTHER,,89,"$27,646","$21,557"
,TOTAL,,98,"$28,132","$21,909"
37616,80'S,,12,"$1,528","$1,222"
,OTHER,,96,"$61,479","$48,911"
,TOTAL,,108,"$63,006","$50,133"
37617,80'S,,97,"$11,141","$8,913"
,OTHER,,438,"$314,462","$250,440"
,TOTAL,,535,"$325,603","$259,354"
37618,80'S,,92,"$3,356","$2,682"
,OTHER,,"1,015","$274,170","$217,651"
,TOTAL,,"1,107","$277,526","$220,333"
37620,80'S,,16,"$1,896","$1,517"
,OTHER,,"33,639","$22,711,418","$18,103,172"
,TOTAL,,"33,655","$22,713,314","$18,104,689"
37650,80'S,,2,$82,$66
,OTHER,,111,"$29,828","$23,689"
,TOTAL,,113,"$29,910","$23,754"
37660,80'S,,14,$938,$750
,OTHER,,51,"$23,994","$19,063"
,TOTAL,,65,"$24,931","$19,814"
37700,SG,,72,"$25,415","$20,332"
,80'S,,6,$241,$193
,OTHER,,"1,460","$345,984","$272,554"
,TOTAL,,"1,538","$371,640","$293,078"
37720,SG,,223,"$105,759","$84,176"
,80'S,,27,"$1,764","$1,412"
,OTHER,,"3,150","$1,182,192","$933,029"
,TOTAL,,"3,400","$1,289,716","$1,018,616"
37730,SG,,56,"$24,974","$19,878"
,80'S,,12,"$1,021",$817
,OTHER,,"1,307","$628,387","$495,910"
,TOTAL,,"1,375","$654,382","$516,605"
37735,SG,,22,"$11,431","$8,985"
,80'S,,23,"$2,583","$2,040"
,OTHER,,442,"$293,309","$232,680"
,TOTAL,,487,"$307,323","$243,705"
37760,SG,,168,"$75,428","$60,056"
,80'S,,76,"$8,093","$6,423"
,OTHER,,"1,547","$914,121","$721,179"
,TOTAL,,"1,791","$997,642","$787,658"
37780,SG,,11,"$5,344","$4,128"
,80'S,,2,$60,$48
,OTHER,,168,"$34,996","$27,744"
,TOTAL,,181,"$40,401","$31,920"
37785,SG,,157,"$72,469","$57,699"
,80'S,,8,$267,$214
,OTHER,,"3,663","$688,301","$539,459"
,TOTAL,,"3,828","$761,036","$597,371"
37790,80'S,,1,$185,$148
,OTHER,,10,"$3,548","$2,728"
,TOTAL,,11,"$3,732","$2,875"
37799,SG,,2,$951,$723
,80'S,,700,"$223,073","$178,053"
,OTHER,,"10,949","$7,816,344","$6,244,304"
,TOTAL,,"11,651","$8,040,369","$6,423,080"
38100,80'S,LYMPHATIC,"1,414","$154,563","$122,857"
,OTHER,,"4,673","$3,095,292","$2,458,344"
,TOTAL,,"6,087","$3,249,855","$2,581,201"
38101,80'S,,15,"$1,641","$1,313"
,OTHER,,43,"$24,402","$19,514"
,TOTAL,,58,"$26,044","$20,827"
38102,80'S,,204,"$8,786","$6,961"
,OTHER,,660,"$172,984","$137,950"
,TOTAL,,864,"$181,770","$144,911"
38115,80'S,,54,"$4,951","$3,961"
,OTHER,,244,"$139,448","$111,477"
,TOTAL,,298,"$144,400","$115,438"
38120,80'S,,202,"$29,221","$23,377"
,OTHER,,674,"$593,472","$471,747"
,TOTAL,,876,"$622,693","$495,124"
38129,80'S,,1,$140,$112
,OTHER,,16,"$6,676","$5,310"
,TOTAL,,17,"$6,816","$5,422"
38200,OTHER,,56,"$5,370","$4,180"
,TOTAL,,56,"$5,370","$4,180"
38230,OTHER,,42,"$10,058","$8,096"
,TOTAL,,42,"$10,058","$8,096"
38231,OTHER,,873,"$80,697","$63,911"
,TOTAL,,873,"$80,697","$63,911"
38240,OTHER,,110,"$15,624","$12,215"
,TOTAL,,110,"$15,624","$12,215"
38241,OTHER,,214,"$29,913","$23,731"
,TOTAL,,214,"$29,913","$23,731"
38300,SG,,3,$480,$384
,OTHER,,264,"$28,452","$21,927"
,TOTAL,,267,"$28,932","$22,311"
38305,SG,,6,"$2,331","$1,865"
,OTHER,,333,"$74,783","$58,944"
,TOTAL,,339,"$77,114","$60,809"
38308,SG,,68,"$15,968","$12,774"
,80'S,,64,"$2,335","$1,823"
,OTHER,,"1,052","$233,492","$185,758"
,TOTAL,,"1,184","$251,794","$200,355"
38380,80'S,,2,$114,$92
,OTHER,,23,"$8,311","$6,569"
,TOTAL,,25,"$8,425","$6,660"
38381,80'S,,11,"$1,160",$928
,OTHER,,90,"$53,908","$42,393"
,TOTAL,,101,"$55,068","$43,321"
38382,OTHER,,5,"$2,953","$2,362"
,TOTAL,,5,"$2,953","$2,362"
38500,SG,,525,"$201,430","$160,251"
,80'S,,6,$127,$102
,OTHER,,"10,878","$1,741,192","$1,375,401"
,TOTAL,,"11,409","$1,942,749","$1,535,754"
38505,SG,,38,"$10,214","$8,171"
,80'S,,1,$20,$16
,OTHER,,"6,319","$604,943","$469,006"
,TOTAL,,"6,358","$615,178","$477,193"
38510,SG,,580,"$235,385","$186,757"
,80'S,,6,$196,$156
,OTHER,,"9,275","$2,430,344","$1,924,429"
,TOTAL,,"9,861","$2,665,924","$2,111,342"
38520,SG,,51,"$20,700","$16,480"
,80'S,,1,$60,$48
,OTHER,,"1,239","$408,330","$324,340"
,TOTAL,,"1,291","$429,090","$340,868"
38525,SG,,652,"$226,936","$179,959"
,80'S,,20,$843,$674
,OTHER,,"12,545","$2,959,970","$2,347,558"
,TOTAL,,"13,217","$3,187,749","$2,528,191"
38530,SG,,11,"$3,929","$3,143"
,80'S,,18,$945,$756
,OTHER,,147,"$45,158","$35,641"
,TOTAL,,176,"$50,032","$39,541"
38542,SG,,33,"$12,335","$9,851"
,80'S,,98,"$5,120","$4,054"
,OTHER,,"1,133","$394,915","$313,382"
,TOTAL,,"1,264","$412,370","$327,287"
38550,SG,,23,"$10,714","$8,558"
,80'S,,2,$137,$110
,OTHER,,114,"$44,896","$35,785"
,TOTAL,,139,"$55,748","$44,453"
38555,SG,,9,"$5,269","$4,197"
,80'S,,7,"$1,101",$881
,OTHER,,65,"$49,805","$39,316"
,TOTAL,,81,"$56,175","$44,394"
38562,80'S,,305,"$25,638","$20,438"
,OTHER,,"1,353","$680,010","$539,368"
,TOTAL,,"1,658","$705,647","$559,806"
38564,80'S,,118,"$8,903","$7,108"
,OTHER,,461,"$210,767","$168,077"
,TOTAL,,579,"$219,670","$175,185"
38570,80'S,,45,"$3,495","$2,796"
,OTHER,,280,"$125,004","$99,008"
,TOTAL,,325,"$128,499","$101,805"
38571,80'S,,130,"$14,051","$11,069"
,OTHER,,289,"$185,460","$146,656"
,TOTAL,,419,"$199,511","$157,725"
38572,80'S,,43,"$5,547","$4,438"
,OTHER,,112,"$88,638","$70,678"
,TOTAL,,155,"$94,185","$75,116"
38589,80'S,,2,$146,$117
,OTHER,,29,"$8,208","$6,566"
,TOTAL,,31,"$8,354","$6,683"
38700,SG,,12,"$4,205","$3,364"
,80'S,,119,"$10,800","$8,561"
,OTHER,,769,"$426,506","$339,376"
,TOTAL,,900,"$441,511","$351,301"
38720,80'S,,344,"$55,011","$43,754"
,OTHER,,"1,280","$1,212,644","$960,833"
,TOTAL,,"1,624","$1,267,655","$1,004,587"
38724,80'S,,632,"$101,027","$80,080"
,OTHER,,"3,224","$3,130,054","$2,488,706"
,TOTAL,,"3,856","$3,231,082","$2,568,786"
38740,SG,,108,"$36,574","$29,222"
,80'S,,125,"$8,181","$6,531"
,OTHER,,"2,137","$837,714","$665,030"
,TOTAL,,"2,370","$882,469","$700,782"
38745,SG,,123,"$76,778","$61,342"
,80'S,,587,"$58,919","$46,602"
,OTHER,,"4,956","$2,917,026","$2,313,276"
,TOTAL,,"5,666","$3,052,723","$2,421,220"
38746,80'S,,"1,017","$41,926","$33,286"
,OTHER,,"6,063","$1,479,994","$1,177,406"
,TOTAL,,"7,080","$1,521,920","$1,210,691"
38747,80'S,,259,"$11,748","$9,366"
,OTHER,,851,"$234,804","$186,414"
,TOTAL,,"1,110","$246,552","$195,780"
38760,SG,,66,"$27,123","$21,429"
,80'S,,153,"$12,979","$10,293"
,OTHER,,"1,807","$952,404","$755,542"
,TOTAL,,"2,026","$992,505","$787,264"
38765,80'S,,40,"$6,056","$4,845"
,OTHER,,255,"$246,813","$194,266"
,TOTAL,,295,"$252,869","$199,110"
38770,80'S,,721,"$101,435","$80,506"
,OTHER,,"2,020","$1,776,974","$1,409,492"
,TOTAL,,"2,741","$1,878,408","$1,489,998"
38780,80'S,,244,"$38,169","$30,516"
,OTHER,,645,"$616,913","$490,732"
,TOTAL,,889,"$655,081","$521,248"
38790,SG,,17,"$3,029","$2,423"
,80'S,,2,$15,$12
,OTHER,,"1,080","$95,679","$76,139"
,TOTAL,,"1,099","$98,724","$78,575"
38792,80'S,,29,$85,$68
,OTHER,,"11,763","$349,996","$278,939"
,TOTAL,,"11,792","$350,080","$279,007"
38794,OTHER,,9,"$2,361","$1,884"
,TOTAL,,9,"$2,361","$1,884"
38999,SG,,1,$591,$472
,80'S,,4,$224,$180
,OTHER,,198,"$72,477","$57,740"
,TOTAL,,203,"$73,292","$58,392"
39000,80'S,MEDIASTINUM,70,"$4,094","$3,211"
,OTHER,,962,"$405,752","$322,258"
,TOTAL,,"1,032","$409,846","$325,469"
39010,80'S,,294,"$35,090","$27,838"
,OTHER,,"2,669","$1,867,874","$1,487,078"
,TOTAL,,"2,963","$1,902,964","$1,514,917"
39200,80'S,,15,"$1,724","$1,379"
,OTHER,,87,"$65,707","$52,565"
,TOTAL,,102,"$67,431","$53,945"
39220,80'S,,103,"$17,619","$14,079"
,OTHER,,493,"$505,018","$400,456"
,TOTAL,,596,"$522,637","$414,535"
39400,80'S,,6,$355,$284
,OTHER,,"11,564","$5,010,598","$3,983,710"
,TOTAL,,"11,570","$5,010,952","$3,983,994"
39499,80'S,,1,$131,$105
,OTHER,,54,"$17,395","$13,587"
,TOTAL,,55,"$17,526","$13,692"
39501,80'S,,47,"$4,676","$3,581"
,OTHER,,249,"$156,285","$123,866"
,TOTAL,,296,"$160,960","$127,446"
39502,80'S,,751,"$114,833","$91,300"
,OTHER,,"2,159","$2,009,742","$1,596,396"
,TOTAL,,"2,910","$2,124,575","$1,687,696"
39503,80'S,,2,$768,$614
,OTHER,,29,"$50,813","$40,651"
,TOTAL,,31,"$51,581","$41,265"
39520,80'S,,96,"$16,102","$12,826"
,OTHER,,339,"$339,707","$270,783"
,TOTAL,,435,"$355,809","$283,609"
39530,80'S,,23,"$3,036","$2,429"
,OTHER,,77,"$63,079","$50,451"
,TOTAL,,100,"$66,115","$52,879"
39531,80'S,,6,$732,$586
,OTHER,,12,"$8,181","$6,545"
,TOTAL,,18,"$8,914","$7,131"
39540,80'S,,19,"$2,302","$1,841"
,OTHER,,107,"$76,400","$60,788"
,TOTAL,,126,"$78,701","$62,629"
39541,80'S,,76,"$9,206","$7,365"
,OTHER,,227,"$157,787","$125,523"
,TOTAL,,303,"$166,994","$132,888"
39545,80'S,,8,$811,$649
,OTHER,,76,"$58,411","$46,043"
,TOTAL,,84,"$59,222","$46,692"
39560,80'S,,37,"$2,757","$2,206"
,OTHER,,201,"$89,092","$70,868"
,TOTAL,,238,"$91,849","$73,074"
39561,80'S,,20,"$2,615","$2,092"
,OTHER,,88,"$60,718","$48,575"
,TOTAL,,108,"$63,333","$50,667"
39599,80'S,,14,"$1,561","$1,249"
,OTHER,,79,"$58,308","$46,001"
,TOTAL,,93,"$59,870","$47,250"
40490,OTHER,DIGESTIVE,"17,640","$1,450,507","$1,077,638"
,TOTAL,,"17,640","$1,450,507","$1,077,638"
40500,SG,,90,"$36,187","$28,420"
,OTHER,,964,"$300,994","$236,616"
,TOTAL,,"1,054","$337,181","$265,036"
40510,SG,,142,"$55,552","$44,406"
,OTHER,,"1,607","$559,788","$439,954"
,TOTAL,,"1,749","$615,339","$484,360"
40520,SG,,138,"$54,386","$42,920"
,OTHER,,"2,182","$753,938","$594,777"
,TOTAL,,"2,320","$808,324","$637,697"
40525,SG,,39,"$14,761","$11,786"
,OTHER,,359,"$188,868","$149,883"
,TOTAL,,398,"$203,629","$161,669"
40527,SG,,12,"$4,828","$3,863"
,80'S,,7,$689,$551
,OTHER,,134,"$85,884","$68,546"
,TOTAL,,153,"$91,401","$72,960"
40530,SG,,38,"$12,371","$9,739"
,OTHER,,256,"$80,582","$63,749"
,TOTAL,,294,"$92,953","$73,488"
40650,SG,,10,"$4,272","$3,418"
,80'S,,1,$33,$26
,OTHER,,190,"$49,886","$39,000"
,TOTAL,,201,"$54,191","$42,444"
40652,SG,,10,"$4,675","$3,740"
,OTHER,,219,"$71,580","$56,458"
,TOTAL,,229,"$76,255","$60,198"
40654,SG,,47,"$21,959","$17,488"
,OTHER,,554,"$219,046","$172,387"
,TOTAL,,601,"$241,006","$189,875"
40700,OTHER,,8,"$6,417","$4,674"
,TOTAL,,8,"$6,417","$4,674"
40701,OTHER,,7,"$7,205","$5,764"
,TOTAL,,7,"$7,205","$5,764"
40702,OTHER,,10,$771,$601
,TOTAL,,10,$771,$601
40720,OTHER,,13,"$10,572","$8,414"
,TOTAL,,13,"$10,572","$8,414"
40761,OTHER,,29,"$24,917","$19,853"
,TOTAL,,29,"$24,917","$19,853"
40799,OTHER,,12,"$3,914","$3,131"
,TOTAL,,12,"$3,914","$3,131"
40800,OTHER,,853,"$69,187","$50,333"
,TOTAL,,853,"$69,187","$50,333"
40801,SG,,12,"$5,134","$3,947"
,OTHER,,400,"$62,293","$46,735"
,TOTAL,,412,"$67,427","$50,682"
40804,OTHER,,141,"$11,806","$8,804"
,TOTAL,,141,"$11,806","$8,804"
40805,80'S,,1,$16,$13
,OTHER,,77,"$12,722","$9,641"
,TOTAL,,78,"$12,738","$9,654"
40806,SG,,1,$316,$253
,OTHER,,32,$848,$594
,TOTAL,,33,"$1,164",$847
40808,OTHER,,"7,284","$546,208","$405,307"
,TOTAL,,"7,284","$546,208","$405,307"
40810,OTHER,,"2,111","$218,660","$165,532"
,TOTAL,,"2,111","$218,660","$165,532"
40812,OTHER,,"6,510","$989,247","$755,906"
,TOTAL,,"6,510","$989,247","$755,906"
40814,SG,,75,"$30,106","$23,846"
,OTHER,,"1,656","$400,368","$314,131"
,TOTAL,,"1,731","$430,474","$337,977"
40816,SG,,19,"$7,552","$6,042"
,OTHER,,981,"$228,191","$178,466"
,TOTAL,,"1,000","$235,743","$184,508"
40818,SG,,9,"$1,911","$1,529"
,80'S,,1,$20,$16
,OTHER,,195,"$27,221","$21,490"
,TOTAL,,205,"$29,152","$23,035"
40819,SG,,15,"$4,160","$3,328"
,OTHER,,173,"$26,970","$20,135"
,TOTAL,,188,"$31,130","$23,462"
40820,SG,,18,"$5,157","$4,126"
,OTHER,,"1,025","$85,075","$65,182"
,TOTAL,,"1,043","$90,232","$69,308"
40830,OTHER,,257,"$24,986","$19,345"
,TOTAL,,257,"$24,986","$19,345"
40831,SG,,2,$499,$399
,OTHER,,167,"$22,307","$17,353"
,TOTAL,,169,"$22,806","$17,753"
40840,SG,,1,$407,$325
,80'S,,3,$282,$225
,OTHER,,98,"$39,185","$30,901"
,TOTAL,,102,"$39,873","$31,452"
40842,SG,,1,$451,$361
,OTHER,,14,"$6,101","$4,881"
,TOTAL,,15,"$6,551","$5,241"
40843,OTHER,,2,"$1,339","$1,071"
,TOTAL,,2,"$1,339","$1,071"
40844,OTHER,,10,"$8,665","$6,932"
,TOTAL,,10,"$8,665","$6,932"
40845,SG,,2,"$1,456","$1,165"
,80'S,,2,$387,$310
,OTHER,,48,"$58,980","$46,495"
,TOTAL,,52,"$60,824","$47,969"
40899,80'S,,1,$16,$13
,OTHER,,84,"$16,687","$13,350"
,TOTAL,,85,"$16,703","$13,362"
41000,SG,,1,$313,$250
,OTHER,,214,"$16,685","$12,492"
,TOTAL,,215,"$16,998","$12,742"
41005,OTHER,,65,"$5,061","$3,798"
,TOTAL,,65,"$5,061","$3,798"
41006,OTHER,,54,"$8,742","$6,782"
,TOTAL,,54,"$8,742","$6,782"
41007,SG,,1,$151,$121
,80'S,,1,$17,$14
,OTHER,,41,"$7,954","$6,258"
,TOTAL,,43,"$8,122","$6,393"
41008,OTHER,,133,"$22,707","$17,397"
,TOTAL,,133,"$22,707","$17,397"
41009,SG,,1,$311,$249
,OTHER,,135,"$31,552","$24,621"
,TOTAL,,136,"$31,863","$24,869"
41010,OTHER,,26,"$1,672","$1,198"
,TOTAL,,26,"$1,672","$1,198"
41015,OTHER,,70,"$10,903","$8,632"
,TOTAL,,70,"$10,903","$8,632"
41016,OTHER,,94,"$22,044","$17,268"
,TOTAL,,94,"$22,044","$17,268"
41017,SG,,3,$779,$623
,80'S,,1,$32,$26
,OTHER,,171,"$31,853","$24,923"
,TOTAL,,175,"$32,664","$25,572"
41018,OTHER,,77,"$22,396","$17,353"
,TOTAL,,77,"$22,396","$17,353"
41100,SG,,1,$436,$349
,80'S,,1,$20,$16
,OTHER,,"5,434","$592,503","$451,550"
,TOTAL,,"5,436","$592,959","$451,914"
41105,SG,,36,"$12,904","$10,323"
,OTHER,,"1,739","$162,506","$124,122"
,TOTAL,,"1,775","$175,410","$134,445"
41108,OTHER,,"2,142","$170,299","$128,728"
,TOTAL,,"2,142","$170,299","$128,728"
41110,SG,,60,"$17,339","$13,608"
,OTHER,,"1,441","$165,067","$126,215"
,TOTAL,,"1,501","$182,406","$139,823"
41112,SG,,137,"$54,181","$43,150"
,80'S,,1,$33,$9
,OTHER,,"3,719","$702,007","$543,584"
,TOTAL,,"3,857","$756,221","$586,743"
41113,SG,,43,"$17,175","$13,641"
,OTHER,,910,"$197,690","$153,983"
,TOTAL,,953,"$214,865","$167,624"
41114,SG,,8,"$3,140","$2,512"
,80'S,,1,$42,$34
,OTHER,,231,"$106,420","$83,936"
,TOTAL,,240,"$109,602","$86,481"
41115,SG,,2,$455,$364
,OTHER,,56,"$6,667","$4,943"
,TOTAL,,58,"$7,121","$5,306"
41116,SG,,50,"$13,181","$10,410"
,OTHER,,"1,482","$250,098","$194,254"
,TOTAL,,"1,532","$263,279","$204,665"
41120,SG,,44,"$28,960","$22,537"
,80'S,,50,"$3,945","$3,156"
,OTHER,,"1,367","$845,535","$670,024"
,TOTAL,,"1,461","$878,440","$695,717"
41130,80'S,,23,"$2,111","$1,689"
,OTHER,,259,"$171,375","$135,864"
,TOTAL,,282,"$173,486","$137,553"
41135,80'S,,64,"$15,225","$11,915"
,OTHER,,353,"$512,553","$408,520"
,TOTAL,,417,"$527,778","$420,434"
41140,80'S,,2,$539,$431
,OTHER,,21,"$30,974","$24,779"
,TOTAL,,23,"$31,512","$25,210"
41145,80'S,,11,"$3,269","$2,615"
,OTHER,,46,"$83,270","$66,515"
,TOTAL,,57,"$86,539","$69,131"
41150,80'S,,30,"$7,217","$5,774"
,OTHER,,243,"$356,828","$283,312"
,TOTAL,,273,"$364,045","$289,085"
41153,80'S,,49,"$13,235","$10,588"
,OTHER,,193,"$317,988","$254,150"
,TOTAL,,242,"$331,223","$264,738"
41155,80'S,,87,"$27,614","$21,705"
,OTHER,,582,"$1,140,603","$903,251"
,TOTAL,,669,"$1,168,218","$924,956"
41250,SG,,4,"$1,684","$1,347"
,OTHER,,341,"$39,762","$30,719"
,TOTAL,,345,"$41,446","$32,066"
41251,OTHER,,19,"$2,822","$2,225"
,TOTAL,,19,"$2,822","$2,225"
41252,SG,,1,$500,$400
,OTHER,,149,"$26,231","$20,765"
,TOTAL,,150,"$26,730","$21,165"
41500,SG,,2,$325,$260
,80'S,,1,$21,$17
,OTHER,,37,"$6,432","$5,034"
,TOTAL,,40,"$6,779","$5,311"
41510,OTHER,,3,$678,$543
,TOTAL,,3,$678,$543
41520,SG,,4,"$1,475","$1,180"
,OTHER,,75,"$13,637","$10,515"
,TOTAL,,79,"$15,112","$11,695"
41599,OTHER,,90,"$28,858","$23,082"
,TOTAL,,90,"$28,858","$23,082"
41800,SG,,7,"$2,175","$1,740"
,OTHER,,348,"$26,943","$19,317"
,TOTAL,,355,"$29,118","$21,057"
41805,SG,,3,$903,$722
,OTHER,,121,"$10,181","$7,436"
,TOTAL,,124,"$11,083","$8,158"
41806,SG,,5,"$1,272","$1,018"
,OTHER,,186,"$22,295","$17,148"
,TOTAL,,191,"$23,567","$18,165"
41820,OTHER,,9,"$1,880","$1,504"
,TOTAL,,9,"$1,880","$1,504"
41821,OTHER,,1,$90,$72
,TOTAL,,1,$90,$72
41822,OTHER,,19,"$2,920","$2,336"
,TOTAL,,19,"$2,920","$2,336"
41823,OTHER,,47,"$9,376","$7,501"
,TOTAL,,47,"$9,376","$7,501"
41825,OTHER,,816,"$84,287","$62,642"
,TOTAL,,816,"$84,287","$62,642"
41826,SG,,1,$423,$338
,OTHER,,"1,032","$161,895","$124,678"
,TOTAL,,"1,033","$162,318","$125,017"
41827,SG,,7,"$2,291","$1,833"
,OTHER,,364,"$80,051","$61,821"
,TOTAL,,371,"$82,342","$63,653"
41828,OTHER,,125,"$25,204","$19,783"
,TOTAL,,125,"$25,204","$19,783"
41830,80'S,,1,$38,$30
,OTHER,,120,"$22,852","$18,103"
,TOTAL,,121,"$22,890","$18,133"
41850,OTHER,,23,"$2,967","$2,334"
,TOTAL,,23,"$2,967","$2,334"
41872,OTHER,,2,$431,$344
,TOTAL,,2,$431,$344
41874,OTHER,,582,"$79,453","$62,748"
,TOTAL,,582,"$79,453","$62,748"
41899,OTHER,,"2,514","$128,377","$102,396"
,TOTAL,,"2,514","$128,377","$102,396"
42000,OTHER,,82,"$5,588","$4,059"
,TOTAL,,82,"$5,588","$4,059"
42100,OTHER,,"2,892","$264,859","$199,625"
,TOTAL,,"2,892","$264,859","$199,625"
42104,SG,,39,"$15,388","$12,310"
,OTHER,,"1,522","$187,431","$142,460"
,TOTAL,,"1,561","$202,818","$154,770"
42106,SG,,25,"$9,463","$7,568"
,OTHER,,"1,278","$199,564","$152,572"
,TOTAL,,"1,303","$209,027","$160,141"
42107,SG,,10,"$3,993","$3,175"
,80'S,,1,$46,$37
,OTHER,,237,"$67,384","$52,448"
,TOTAL,,248,"$71,424","$55,660"
42120,SG,,20,"$9,848","$7,878"
,80'S,,40,"$2,024","$1,560"
,OTHER,,638,"$234,926","$185,906"
,TOTAL,,698,"$246,797","$195,344"
42140,SG,,46,"$13,564","$10,825"
,OTHER,,568,"$60,436","$46,382"
,TOTAL,,614,"$74,000","$57,207"
42145,SG,,201,"$131,338","$103,132"
,OTHER,,"3,455","$1,967,867","$1,542,033"
,TOTAL,,"3,656","$2,099,205","$1,645,165"
42160,SG,,6,"$1,445","$1,156"
,OTHER,,193,"$23,130","$17,687"
,TOTAL,,199,"$24,575","$18,843"
42180,OTHER,,25,"$3,674","$2,754"
,TOTAL,,25,"$3,674","$2,754"
42182,OTHER,,20,"$3,916","$3,133"
,TOTAL,,20,"$3,916","$3,133"
42200,80'S,,1,$117,$94
,OTHER,,21,"$15,113","$12,090"
,TOTAL,,22,"$15,229","$12,184"
42205,80'S,,2,$233,$186
,OTHER,,7,"$4,611","$3,689"
,TOTAL,,9,"$4,844","$3,875"
42210,OTHER,,8,"$5,836","$4,657"
,TOTAL,,8,"$5,836","$4,657"
42215,80'S,,1,$53,$43
,OTHER,,11,"$6,493","$5,195"
,TOTAL,,12,"$6,547","$5,237"
42220,OTHER,,3,"$1,148",$918
,TOTAL,,3,"$1,148",$918
42225,SG,,1,$557,$446
,80'S,,2,$224,$180
,OTHER,,21,"$12,119","$9,679"
,TOTAL,,24,"$12,901","$10,304"
42226,80'S,,1,$110,$88
,OTHER,,26,"$14,481","$10,796"
,TOTAL,,27,"$14,591","$10,884"
42227,80'S,,3,$240,$192
,OTHER,,5,"$2,612","$2,090"
,TOTAL,,8,"$2,852","$2,282"
42235,SG,,1,$658,$527
,OTHER,,30,"$11,130","$8,479"
,TOTAL,,31,"$11,788","$9,006"
42260,OTHER,,11,"$4,827","$3,371"
,TOTAL,,11,"$4,827","$3,371"
42280,OTHER,,90,"$9,367","$7,233"
,TOTAL,,90,"$9,367","$7,233"
42281,SG,,1,$466,$373
,OTHER,,30,"$2,153","$1,722"
,TOTAL,,31,"$2,619","$2,095"
42299,OTHER,,53,"$17,696","$13,832"
,TOTAL,,53,"$17,696","$13,832"
42300,SG,,4,"$1,261","$1,009"
,OTHER,,240,"$28,830","$22,296"
,TOTAL,,244,"$30,091","$23,304"
42305,SG,,4,"$1,738","$1,382"
,80'S,,1,$56,$45
,OTHER,,175,"$58,907","$46,073"
,TOTAL,,180,"$60,701","$47,500"
42310,OTHER,,146,"$15,005","$11,634"
,TOTAL,,146,"$15,005","$11,634"
42320,SG,,1,$316,$253
,80'S,,1,$12,$10
,OTHER,,56,"$7,938","$6,331"
,TOTAL,,58,"$8,266","$6,593"
42325,SG,,6,"$2,323","$1,848"
,OTHER,,27,"$4,859","$3,535"
,TOTAL,,33,"$7,183","$5,383"
42326,OTHER,,1,$362,$290
,TOTAL,,1,$362,$290
42330,OTHER,,"1,364","$190,151","$143,645"
,TOTAL,,"1,364","$190,151","$143,645"
42335,SG,,11,"$5,143","$4,078"
,OTHER,,508,"$107,877","$84,065"
,TOTAL,,519,"$113,020","$88,142"
42340,SG,,3,"$1,048",$838
,OTHER,,106,"$31,348","$24,727"
,TOTAL,,109,"$32,396","$25,565"
42400,OTHER,,"2,429","$175,625","$134,945"
,TOTAL,,"2,429","$175,625","$134,945"
42405,SG,,41,"$16,764","$13,395"
,OTHER,,705,"$132,809","$104,929"
,TOTAL,,746,"$149,573","$118,324"
42408,SG,,10,"$4,530","$3,624"
,80'S,,1,$23,$19
,OTHER,,120,"$33,385","$26,353"
,TOTAL,,131,"$37,938","$29,996"
42409,SG,,3,"$1,477","$1,182"
,OTHER,,79,"$15,417","$11,778"
,TOTAL,,82,"$16,894","$12,960"
42410,SG,,79,"$37,559","$30,047"
,80'S,,158,"$14,672","$11,526"
,OTHER,,"1,034","$580,206","$457,297"
,TOTAL,,"1,271","$632,437","$498,870"
42415,SG,,5,"$4,589","$3,671"
,80'S,,"1,058","$184,793","$146,198"
,OTHER,,"4,241","$4,501,577","$3,568,330"
,TOTAL,,"5,304","$4,690,959","$3,718,200"
42420,SG,,67,"$62,186","$49,640"
,80'S,,469,"$96,484","$76,778"
,OTHER,,"1,714","$2,143,755","$1,697,250"
,TOTAL,,"2,250","$2,302,424","$1,823,668"
42425,SG,,3,"$2,754","$2,203"
,80'S,,26,"$3,340","$2,613"
,OTHER,,172,"$120,536","$95,770"
,TOTAL,,201,"$126,629","$100,586"
42426,80'S,,82,"$19,414","$15,371"
,OTHER,,452,"$673,205","$535,818"
,TOTAL,,534,"$692,619","$551,190"
42440,SG,,169,"$80,225","$63,664"
,80'S,,323,"$25,237","$19,818"
,OTHER,,"2,927","$1,418,027","$1,124,675"
,TOTAL,,"3,419","$1,523,489","$1,208,157"
42450,SG,,8,"$2,697","$2,051"
,80'S,,3,$82,$66
,OTHER,,133,"$33,454","$26,412"
,TOTAL,,144,"$36,234","$28,529"
42500,SG,,5,"$2,223","$1,739"
,80'S,,2,$55,$44
,OTHER,,161,"$45,881","$36,479"
,TOTAL,,168,"$48,159","$38,262"
42505,SG,,6,"$3,001","$2,401"
,80'S,,1,$35,$28
,OTHER,,94,"$36,707","$29,225"
,TOTAL,,101,"$39,742","$31,653"
42507,OTHER,,9,"$3,005","$2,374"
,TOTAL,,9,"$3,005","$2,374"
42508,OTHER,,4,"$2,613","$2,091"
,TOTAL,,4,"$2,613","$2,091"
42509,SG,,1,$620,$496
,OTHER,,3,"$2,381","$1,905"
,TOTAL,,4,"$3,001","$2,401"
42510,SG,,2,"$1,228",$983
,OTHER,,3,"$1,763","$1,400"
,TOTAL,,5,"$2,992","$2,383"
42550,OTHER,,959,"$75,753","$59,013"
,TOTAL,,959,"$75,753","$59,013"
42600,SG,,1,$155,$124
,OTHER,,17,"$4,539","$3,419"
,TOTAL,,18,"$4,694","$3,543"
42650,OTHER,,"1,267","$64,106","$47,084"
,TOTAL,,"1,267","$64,106","$47,084"
42660,OTHER,,320,"$20,137","$15,458"
,TOTAL,,320,"$20,137","$15,458"
42665,OTHER,,15,"$2,023","$1,538"
,TOTAL,,15,"$2,023","$1,538"
42699,OTHER,,36,"$13,951","$11,160"
,TOTAL,,36,"$13,951","$11,160"
42700,SG,,1,$314,$207
,OTHER,,796,"$85,438","$63,211"
,TOTAL,,797,"$85,752","$63,418"
42720,SG,,1,$144,$115
,OTHER,,153,"$44,535","$35,015"
,TOTAL,,154,"$44,679","$35,130"
42725,80'S,,6,$505,$404
,OTHER,,94,"$54,820","$42,844"
,TOTAL,,100,"$55,325","$43,248"
42800,OTHER,,"2,208","$211,610","$162,219"
,TOTAL,,"2,208","$211,610","$162,219"
42802,SG,,7,"$1,386","$1,109"
,OTHER,,263,"$22,186","$17,449"
,TOTAL,,270,"$23,572","$18,558"
42804,SG,,58,"$12,742","$9,983"
,OTHER,,803,"$66,561","$51,994"
,TOTAL,,861,"$79,303","$61,977"
42806,SG,,13,"$4,227","$3,381"
,OTHER,,559,"$52,574","$41,238"
,TOTAL,,572,"$56,800","$44,619"
42808,SG,,55,"$20,209","$16,167"
,OTHER,,774,"$132,918","$104,098"
,TOTAL,,829,"$153,126","$120,265"
42809,OTHER,,536,"$62,100","$46,463"
,TOTAL,,536,"$62,100","$46,463"
42810,SG,,7,"$2,819","$2,243"
,80'S,,1,$20,$16
,OTHER,,64,"$15,125","$11,814"
,TOTAL,,72,"$17,964","$14,073"
42815,SG,,10,"$7,005","$5,550"
,80'S,,22,"$1,863","$1,490"
,OTHER,,238,"$119,010","$93,254"
,TOTAL,,270,"$127,877","$100,294"
42820,OTHER,,25,"$6,457","$4,879"
,TOTAL,,25,"$6,457","$4,879"
42821,SG,,31,"$19,001","$14,499"
,OTHER,,259,"$65,882","$50,764"
,TOTAL,,290,"$84,884","$65,263"
42825,OTHER,,10,"$1,760","$1,408"
,TOTAL,,10,"$1,760","$1,408"
42826,SG,,235,"$119,631","$93,096"
,OTHER,,"2,842","$581,508","$456,018"
,TOTAL,,"3,077","$701,139","$549,114"
42830,OTHER,,12,"$1,298",$998
,TOTAL,,12,"$1,298",$998
42831,SG,,22,"$12,093","$9,289"
,OTHER,,195,"$30,460","$24,128"
,TOTAL,,217,"$42,552","$33,417"
42835,OTHER,,3,$263,$211
,TOTAL,,3,$263,$211
42836,SG,,2,"$1,129",$903
,OTHER,,32,"$6,135","$4,908"
,TOTAL,,34,"$7,264","$5,811"
42842,80'S,,5,$278,$223
,OTHER,,290,"$134,293","$106,505"
,TOTAL,,295,"$134,572","$106,728"
42844,80'S,,10,"$1,069",$855
,OTHER,,88,"$65,299","$51,740"
,TOTAL,,98,"$66,368","$52,595"
42845,80'S,,8,"$1,839","$1,471"
,OTHER,,78,"$107,856","$86,285"
,TOTAL,,86,"$109,694","$87,756"
42860,SG,,9,"$4,005","$3,204"
,OTHER,,103,"$16,703","$12,899"
,TOTAL,,112,"$20,708","$16,103"
42870,SG,,3,"$1,178",$781
,OTHER,,118,"$36,796","$29,129"
,TOTAL,,121,"$37,974","$29,910"
42890,80'S,,19,"$1,360","$1,088"
,OTHER,,184,"$118,044","$93,955"
,TOTAL,,203,"$119,404","$95,043"
42892,80'S,,14,"$1,412","$1,130"
,OTHER,,121,"$83,515","$65,891"
,TOTAL,,135,"$84,927","$67,020"
42894,80'S,,17,"$3,434","$2,634"
,OTHER,,114,"$136,473","$107,877"
,TOTAL,,131,"$139,907","$110,511"
42900,OTHER,,42,"$11,390","$9,112"
,TOTAL,,42,"$11,390","$9,112"
42950,SG,,4,"$1,661","$1,328"
,80'S,,8,$461,$369
,OTHER,,185,"$88,855","$70,429"
,TOTAL,,197,"$90,977","$72,126"
42953,80'S,,14,$981,$785
,OTHER,,167,"$71,019","$56,251"
,TOTAL,,181,"$72,000","$57,036"
42955,80'S,,2,$93,$75
,OTHER,,49,"$17,976","$14,381"
,TOTAL,,51,"$18,070","$14,456"
42960,SG,,1,$311,$249
,OTHER,,183,"$24,349","$18,924"
,TOTAL,,184,"$24,660","$19,173"
42961,OTHER,,77,"$24,399","$19,182"
,TOTAL,,77,"$24,399","$19,182"
42962,80'S,,1,$62,$50
,OTHER,,129,"$54,407","$42,596"
,TOTAL,,130,"$54,469","$42,646"
42970,OTHER,,159,"$39,834","$30,703"
,TOTAL,,159,"$39,834","$30,703"
42971,OTHER,,36,"$12,736","$10,189"
,TOTAL,,36,"$12,736","$10,189"
42972,OTHER,,14,"$5,494","$4,395"
,TOTAL,,14,"$5,494","$4,395"
42999,OTHER,,44,"$15,427","$12,284"
,TOTAL,,44,"$15,427","$12,284"
43020,80'S,,6,$419,$335
,OTHER,,34,"$16,599","$13,279"
,TOTAL,,40,"$17,018","$13,615"
43030,80'S,,178,"$13,535","$10,718"
,OTHER,,940,"$442,792","$353,089"
,TOTAL,,"1,118","$456,328","$363,807"
43045,80'S,,3,$638,$510
,OTHER,,8,"$8,475","$6,780"
,TOTAL,,11,"$9,113","$7,290"
43100,80'S,,9,$680,$540
,OTHER,,48,"$23,512","$18,810"
,TOTAL,,57,"$24,192","$19,350"
43101,80'S,,11,"$1,534","$1,174"
,OTHER,,49,"$39,278","$31,375"
,TOTAL,,60,"$40,811","$32,549"
43107,80'S,,196,"$58,809","$46,746"
,OTHER,,835,"$1,487,317","$1,181,917"
,TOTAL,,"1,031","$1,546,125","$1,228,663"
43108,80'S,,6,"$2,088","$1,671"
,OTHER,,29,"$60,050","$47,994"
,TOTAL,,35,"$62,138","$49,664"
43112,80'S,,51,"$15,871","$12,411"
,OTHER,,290,"$528,627","$418,981"
,TOTAL,,341,"$544,498","$431,393"
43113,80'S,,5,"$1,899","$1,520"
,OTHER,,21,"$45,922","$36,737"
,TOTAL,,26,"$47,821","$38,257"
43116,80'S,,2,$668,$534
,OTHER,,8,"$12,173","$9,739"
,TOTAL,,10,"$12,841","$10,273"
43117,80'S,,285,"$90,985","$72,562"
,OTHER,,"1,105","$1,944,276","$1,542,503"
,TOTAL,,"1,390","$2,035,260","$1,615,064"
43118,80'S,,5,"$1,433","$1,147"
,OTHER,,21,"$32,520","$26,016"
,TOTAL,,26,"$33,953","$27,162"
43121,80'S,,31,"$9,220","$7,126"
,OTHER,,85,"$155,298","$122,591"
,TOTAL,,116,"$164,518","$129,716"
43122,80'S,,136,"$40,467","$32,133"
,OTHER,,397,"$692,351","$552,054"
,TOTAL,,533,"$732,817","$584,187"
43123,80'S,,9,"$3,301","$2,641"
,OTHER,,22,"$43,579","$34,791"
,TOTAL,,31,"$46,880","$37,432"
43124,80'S,,12,"$3,558","$2,846"
,OTHER,,54,"$89,546","$71,637"
,TOTAL,,66,"$93,104","$74,483"
43130,80'S,,377,"$49,142","$38,942"
,OTHER,,"1,398","$1,109,904","$881,636"
,TOTAL,,"1,775","$1,159,046","$920,578"
43135,80'S,,33,"$5,657","$4,525"
,OTHER,,133,"$130,976","$104,621"
,TOTAL,,166,"$136,632","$109,146"
43200,SG,,928,"$225,057","$177,435"
,80'S,,4,$40,$32
,OTHER,,"15,941","$1,304,903","$1,024,796"
,TOTAL,,"16,873","$1,530,000","$1,202,263"
43202,SG,,748,"$203,710","$159,645"
,80'S,,2,$13,$10
,OTHER,,"6,121","$621,004","$482,216"
,TOTAL,,"6,871","$824,727","$641,872"
43204,SG,,15,"$4,408","$3,526"
,OTHER,,762,"$188,339","$148,192"
,TOTAL,,777,"$192,747","$151,718"
43205,SG,,4,"$1,204",$756
,OTHER,,593,"$128,489","$100,644"
,TOTAL,,597,"$129,693","$101,400"
43215,SG,,55,"$14,692","$11,594"
,80'S,,1,$16,$13
,OTHER,,"2,874","$466,864","$363,971"
,TOTAL,,"2,930","$481,572","$375,577"
43216,SG,,25,"$7,417","$5,853"
,OTHER,,183,"$24,785","$19,264"
,TOTAL,,208,"$32,202","$25,117"
43217,SG,,9,"$2,047","$1,638"
,OTHER,,266,"$44,614","$35,185"
,TOTAL,,275,"$46,662","$36,823"
43219,SG,,14,"$3,224","$2,579"
,80'S,,2,$34,$27
,OTHER,,"1,758","$293,314","$233,000"
,TOTAL,,"1,774","$296,572","$235,606"
43220,SG,,819,"$204,787","$162,119"
,OTHER,,"10,018","$1,067,788","$834,777"
,TOTAL,,"10,837","$1,272,576","$996,896"
43226,SG,,"1,134","$303,484","$240,521"
,OTHER,,"6,262","$829,529","$643,700"
,TOTAL,,"7,396","$1,133,013","$884,221"
43227,SG,,12,"$3,725","$2,980"
,OTHER,,843,"$191,591","$151,634"
,TOTAL,,855,"$195,316","$154,614"
43228,SG,,77,"$31,073","$24,467"
,OTHER,,720,"$172,093","$136,737"
,TOTAL,,797,"$203,166","$161,204"
43234,SG,,271,"$67,300","$52,887"
,OTHER,,"3,221","$393,920","$309,204"
,TOTAL,,"3,492","$461,219","$362,090"
43235,SG,,"34,585","$9,264,176","$7,303,174"
,OTHER,,"434,508","$62,671,655","$49,241,075"
,TOTAL,,"469,093","$71,935,831","$56,544,249"
43239,SG,,"125,399","$47,146,778","$37,260,290"
,80'S,,1,$32,$26
,OTHER,,"1,018,291","$165,050,563","$129,714,295"
,TOTAL,,"1,143,691","$212,197,374","$166,974,610"
43241,SG,,77,"$26,753","$20,875"
,OTHER,,"4,035","$599,209","$473,520"
,TOTAL,,"4,112","$625,963","$494,395"
43243,SG,,191,"$74,144","$58,830"
,OTHER,,"7,927","$2,385,668","$1,886,545"
,TOTAL,,"8,118","$2,459,813","$1,945,376"
43244,SG,,12,"$4,853","$3,550"
,OTHER,,"8,193","$2,174,694","$1,708,707"
,TOTAL,,"8,205","$2,179,547","$1,712,257"
43245,SG,,"1,278","$488,301","$385,187"
,80'S,,1,$40,$32
,OTHER,,"14,093","$2,978,507","$2,339,217"
,TOTAL,,"15,372","$3,466,849","$2,724,436"
43246,SG,,"1,315","$540,013","$428,768"
,80'S,,"1,408","$67,253","$53,440"
,OTHER,,"154,043","$41,902,749","$33,336,604"
,TOTAL,,"156,766","$42,510,015","$33,818,812"
43247,SG,,918,"$363,085","$287,209"
,OTHER,,"23,981","$5,143,613","$4,026,295"
,TOTAL,,"24,899","$5,506,698","$4,313,503"
43248,SG,,"15,028","$5,797,984","$4,581,271"
,OTHER,,"78,285","$15,816,351","$12,376,465"
,TOTAL,,"93,313","$21,614,335","$16,957,736"
43249,SG,,"6,927","$2,636,851","$2,079,781"
,OTHER,,"56,668","$9,989,605","$7,819,314"
,TOTAL,,"63,595","$12,626,456","$9,899,094"
43250,SG,,870,"$310,840","$246,291"
,OTHER,,"6,982","$1,270,142","$1,003,286"
,TOTAL,,"7,852","$1,580,982","$1,249,576"
43251,SG,,"1,847","$676,104","$536,635"
,OTHER,,"15,635","$3,413,339","$2,695,211"
,TOTAL,,"17,482","$4,089,443","$3,231,846"
43255,SG,,725,"$272,523","$216,112"
,OTHER,,"50,335","$14,223,112","$11,287,189"
,TOTAL,,"51,060","$14,495,635","$11,503,301"
43258,SG,,382,"$182,669","$145,411"
,OTHER,,"6,664","$1,953,334","$1,548,417"
,TOTAL,,"7,046","$2,136,003","$1,693,827"
43259,SG,,196,"$93,213","$74,327"
,OTHER,,"10,410","$3,109,656","$2,463,919"
,TOTAL,,"10,606","$3,202,870","$2,538,245"
43260,SG,,124,"$49,505","$39,147"
,OTHER,,"32,366","$12,269,801","$9,738,470"
,TOTAL,,"32,490","$12,319,306","$9,777,617"
43261,SG,,18,"$6,121","$4,897"
,OTHER,,"6,108","$1,060,973","$841,661"
,TOTAL,,"6,126","$1,067,094","$846,558"
43262,SG,,51,"$15,763","$12,530"
,80'S,,1,$44,$35
,OTHER,,"41,239","$13,048,155","$10,371,350"
,TOTAL,,"41,291","$13,063,962","$10,383,916"
43263,SG,,4,"$1,639","$1,311"
,OTHER,,506,"$62,611","$49,022"
,TOTAL,,510,"$64,250","$50,333"
43264,SG,,50,"$18,608","$14,887"
,OTHER,,"26,092","$14,821,958","$11,792,353"
,TOTAL,,"26,142","$14,840,566","$11,807,240"
43265,SG,,4,"$1,642","$1,177"
,OTHER,,"1,540","$487,393","$388,283"
,TOTAL,,"1,544","$489,035","$389,460"
43267,OTHER,,796,"$197,142","$156,892"
,TOTAL,,796,"$197,142","$156,892"
43268,SG,,38,"$9,884","$7,851"
,OTHER,,"22,406","$6,833,781","$5,428,349"
,TOTAL,,"22,444","$6,843,666","$5,436,200"
43269,SG,,85,"$30,934","$24,482"
,OTHER,,"8,798","$2,078,908","$1,644,303"
,TOTAL,,"8,883","$2,109,842","$1,668,785"
43271,SG,,21,"$8,469","$6,775"
,OTHER,,"4,952","$1,030,035","$816,349"
,TOTAL,,"4,973","$1,038,503","$823,124"
43272,OTHER,,247,"$50,032","$39,757"
,TOTAL,,247,"$50,032","$39,757"
43280,80'S,,"2,637","$438,302","$344,557"
,OTHER,,"7,150","$7,018,679","$5,532,045"
,TOTAL,,"9,787","$7,456,980","$5,876,602"
43289,80'S,,31,"$4,600","$3,680"
,OTHER,,166,"$142,336","$113,842"
,TOTAL,,197,"$146,936","$117,522"
43300,80'S,,8,$772,$618
,OTHER,,76,"$39,527","$31,105"
,TOTAL,,84,"$40,299","$31,723"
43305,80'S,,7,"$1,080",$864
,OTHER,,87,"$86,536","$68,177"
,TOTAL,,94,"$87,616","$69,041"
43310,80'S,,32,"$9,025","$7,220"
,OTHER,,107,"$165,832","$130,281"
,TOTAL,,139,"$174,856","$137,500"
43312,80'S,,4,"$1,167",$933
,OTHER,,25,"$42,562","$34,050"
,TOTAL,,29,"$43,729","$34,983"
43320,80'S,,32,"$4,899","$3,919"
,OTHER,,136,"$119,529","$94,130"
,TOTAL,,168,"$124,428","$98,049"
43324,80'S,,785,"$121,438","$95,999"
,OTHER,,"2,244","$2,064,985","$1,630,773"
,TOTAL,,"3,029","$2,186,423","$1,726,772"
43325,80'S,,32,"$4,524","$3,500"
,OTHER,,96,"$82,178","$64,089"
,TOTAL,,128,"$86,702","$67,589"
43326,80'S,,30,"$3,817","$3,001"
,OTHER,,108,"$83,091","$65,868"
,TOTAL,,138,"$86,908","$68,869"
43330,80'S,,63,"$8,708","$6,967"
,OTHER,,232,"$157,859","$125,988"
,TOTAL,,295,"$166,567","$132,954"
43331,80'S,,24,"$3,924","$3,060"
,OTHER,,86,"$80,952","$63,687"
,TOTAL,,110,"$84,876","$66,747"
43340,80'S,,9,$893,$714
,OTHER,,39,"$29,225","$23,380"
,TOTAL,,48,"$30,118","$24,094"
43341,80'S,,1,$83,$67
,OTHER,,4,"$4,000","$3,120"
,TOTAL,,5,"$4,084","$3,187"
43350,80'S,,3,$265,$212
,OTHER,,8,"$4,966","$3,973"
,TOTAL,,11,"$5,231","$4,185"
43351,OTHER,,11,"$10,161","$8,129"
,TOTAL,,11,"$10,161","$8,129"
43352,80'S,,17,"$1,543","$1,229"
,OTHER,,101,"$65,045","$51,956"
,TOTAL,,118,"$66,588","$53,185"
43360,80'S,,5,"$1,510","$1,208"
,OTHER,,35,"$54,584","$43,667"
,TOTAL,,40,"$56,095","$44,876"
43361,80'S,,4,$866,$693
,OTHER,,27,"$46,963","$37,570"
,TOTAL,,31,"$47,829","$38,263"
43400,80'S,,1,$183,$147
,OTHER,,36,"$32,357","$25,886"
,TOTAL,,37,"$32,541","$26,032"
43401,80'S,,1,$161,$129
,OTHER,,3,"$2,656","$2,125"
,TOTAL,,4,"$2,817","$2,254"
43405,80'S,,13,"$2,166","$1,733"
,OTHER,,37,"$37,530","$30,000"
,TOTAL,,50,"$39,696","$31,733"
43410,80'S,,14,"$1,605","$1,284"
,OTHER,,99,"$66,644","$52,736"
,TOTAL,,113,"$68,249","$54,020"
43415,80'S,,82,"$14,000","$11,200"
,OTHER,,328,"$321,439","$255,832"
,TOTAL,,410,"$335,439","$267,032"
43420,OTHER,,82,"$26,332","$20,984"
,TOTAL,,82,"$26,332","$20,984"
43425,80'S,,9,"$1,292","$1,034"
,OTHER,,30,"$26,646","$21,317"
,TOTAL,,39,"$27,938","$22,351"
43450,SG,,"12,411","$2,515,275","$1,987,483"
,OTHER,,"70,109","$3,341,170","$2,605,359"
,TOTAL,,"82,520","$5,856,445","$4,592,842"
43453,SG,,"2,374","$429,580","$341,061"
,OTHER,,"11,472","$617,374","$488,619"
,TOTAL,,"13,846","$1,046,954","$829,680"
43456,SG,,535,"$174,047","$138,600"
,OTHER,,"4,062","$527,611","$417,186"
,TOTAL,,"4,597","$701,657","$555,786"
43458,SG,,127,"$42,971","$34,232"
,OTHER,,"3,360","$441,998","$348,847"
,TOTAL,,"3,487","$484,969","$383,079"
43460,OTHER,,110,"$18,911","$15,084"
,TOTAL,,110,"$18,911","$15,084"
43496,80'S,,5,"$2,967","$2,374"
,OTHER,,41,"$73,072","$58,457"
,TOTAL,,46,"$76,039","$60,831"
43499,80'S,,7,$945,$756
,OTHER,,424,"$139,899","$111,658"
,TOTAL,,431,"$140,844","$112,414"
43500,80'S,,101,"$6,500","$5,200"
,OTHER,,487,"$190,111","$151,623"
,TOTAL,,588,"$196,611","$156,823"
43501,80'S,,261,"$35,672","$28,305"
,OTHER,,"1,111","$889,114","$708,769"
,TOTAL,,"1,372","$924,786","$737,074"
43502,80'S,,24,"$3,720","$2,976"
,OTHER,,123,"$96,403","$76,905"
,TOTAL,,147,"$100,124","$79,881"
43510,80'S,,7,$642,$514
,OTHER,,57,"$30,788","$24,598"
,TOTAL,,64,"$31,431","$25,112"
43520,80'S,,18,$867,$682
,OTHER,,94,"$23,541","$18,692"
,TOTAL,,112,"$24,408","$19,374"
43600,SG,,1,$163,$130
,OTHER,,537,"$26,380","$20,893"
,TOTAL,,538,"$26,543","$21,023"
43605,80'S,,33,"$2,221","$1,777"
,OTHER,,217,"$82,694","$65,637"
,TOTAL,,250,"$84,915","$67,413"
43610,80'S,,320,"$30,510","$24,403"
,OTHER,,"1,283","$742,070","$591,687"
,TOTAL,,"1,603","$772,580","$616,090"
43611,80'S,,164,"$17,909","$14,300"
,OTHER,,552,"$358,039","$284,547"
,TOTAL,,716,"$375,948","$298,848"
43620,80'S,,91,"$19,946","$15,957"
,OTHER,,259,"$330,553","$261,747"
,TOTAL,,350,"$350,499","$277,704"
43621,80'S,,235,"$52,396","$41,653"
,OTHER,,688,"$940,390","$748,414"
,TOTAL,,923,"$992,787","$790,067"
43622,80'S,,66,"$15,548","$12,436"
,OTHER,,185,"$269,106","$215,205"
,TOTAL,,251,"$284,654","$227,640"
43631,80'S,,676,"$124,963","$99,074"
,OTHER,,"1,885","$2,127,867","$1,692,523"
,TOTAL,,"2,561","$2,252,830","$1,791,597"
43632,80'S,,"1,164","$218,496","$173,174"
,OTHER,,"3,529","$3,972,380","$3,162,703"
,TOTAL,,"4,693","$4,190,877","$3,335,877"
43633,80'S,,404,"$74,060","$58,767"
,OTHER,,"1,264","$1,419,139","$1,124,275"
,TOTAL,,"1,668","$1,493,199","$1,183,042"
43634,80'S,,20,"$5,055","$4,005"
,OTHER,,36,"$54,691","$43,753"
,TOTAL,,56,"$59,746","$47,757"
43635,80'S,,274,"$5,058","$4,028"
,OTHER,,"1,146","$129,032","$102,559"
,TOTAL,,"1,420","$134,091","$106,587"
43638,80'S,,133,"$25,953","$20,762"
,OTHER,,355,"$428,277","$341,173"
,TOTAL,,488,"$454,230","$361,935"
43639,80'S,,153,"$32,114","$25,691"
,OTHER,,352,"$439,832","$350,748"
,TOTAL,,505,"$471,946","$376,439"
43640,80'S,,429,"$59,988","$47,830"
,OTHER,,"1,641","$1,396,409","$1,112,125"
,TOTAL,,"2,070","$1,456,397","$1,159,955"
43641,80'S,,12,"$1,389","$1,112"
,OTHER,,39,"$28,718","$22,974"
,TOTAL,,51,"$30,107","$24,086"
43651,80'S,,3,$193,$154
,OTHER,,9,"$3,197","$2,558"
,TOTAL,,12,"$3,390","$2,712"
43652,80'S,,2,$115,$92
,OTHER,,15,"$6,733","$5,345"
,TOTAL,,17,"$6,848","$5,437"
43653,80'S,,46,"$2,584","$2,067"
,OTHER,,450,"$192,389","$153,039"
,TOTAL,,496,"$194,973","$155,106"
43659,80'S,,48,"$7,852","$6,282"
,OTHER,,184,"$162,702","$129,893"
,TOTAL,,232,"$170,554","$136,175"
43750,SG,,111,"$45,465","$36,372"
,80'S,,21,"$1,013",$811
,OTHER,,"33,759","$10,074,346","$8,011,839"
,TOTAL,,"33,891","$10,120,825","$8,049,022"
43760,SG,,"1,742","$512,552","$404,134"
,80'S,,2,$16,$13
,OTHER,,"73,539","$4,715,646","$3,647,618"
,TOTAL,,"75,283","$5,228,214","$4,051,765"
43761,80'S,,2,$34,$27
,OTHER,,"8,989","$921,387","$730,733"
,TOTAL,,"8,991","$921,421","$730,760"
43800,80'S,,196,"$13,918","$11,037"
,OTHER,,859,"$371,608","$295,810"
,TOTAL,,"1,055","$385,526","$306,846"
43810,80'S,,31,"$2,635","$2,108"
,OTHER,,128,"$66,106","$52,885"
,TOTAL,,159,"$68,741","$54,993"
43820,80'S,,916,"$87,336","$69,718"
,OTHER,,"3,509","$1,991,476","$1,585,991"
,TOTAL,,"4,425","$2,078,812","$1,655,709"
43825,80'S,,100,"$14,520","$11,309"
,OTHER,,298,"$255,054","$201,186"
,TOTAL,,398,"$269,573","$212,495"
43830,80'S,,"1,363","$73,642","$58,663"
,OTHER,,"12,898","$5,066,208","$4,033,661"
,TOTAL,,"14,261","$5,139,850","$4,092,324"
43831,80'S,,4,$209,$167
,OTHER,,67,"$27,908","$21,917"
,TOTAL,,71,"$28,117","$22,084"
43832,80'S,,299,"$32,547","$26,021"
,OTHER,,"3,178","$2,243,926","$1,791,084"
,TOTAL,,"3,477","$2,276,473","$1,817,105"
43840,80'S,,"1,099","$118,837","$94,187"
,OTHER,,"5,570","$3,683,457","$2,933,986"
,TOTAL,,"6,669","$3,802,293","$3,028,173"
43842,80'S,,82,"$12,915","$10,113"
,OTHER,,201,"$199,518","$155,708"
,TOTAL,,283,"$212,433","$165,821"
43843,80'S,,3,$471,$377
,OTHER,,9,"$8,163","$6,530"
,TOTAL,,12,"$8,633","$6,907"
43846,80'S,,402,"$79,634","$62,682"
,OTHER,,"1,192","$1,399,244","$1,096,447"
,TOTAL,,"1,594","$1,478,878","$1,159,129"
43847,80'S,,89,"$18,885","$14,981"
,OTHER,,400,"$538,237","$424,165"
,TOTAL,,489,"$557,122","$439,146"
43848,80'S,,67,"$15,473","$12,359"
,OTHER,,229,"$320,450","$252,845"
,TOTAL,,296,"$335,923","$265,204"
43850,80'S,,13,"$2,377","$1,822"
,OTHER,,53,"$51,891","$41,505"
,TOTAL,,66,"$54,268","$43,326"
43855,80'S,,3,$585,$468
,OTHER,,8,"$9,477","$7,582"
,TOTAL,,11,"$10,063","$8,050"
43860,80'S,,239,"$42,581","$34,065"
,OTHER,,729,"$782,251","$620,029"
,TOTAL,,968,"$824,832","$654,094"
43865,80'S,,5,$909,$709
,OTHER,,29,"$33,231","$26,585"
,TOTAL,,34,"$34,140","$27,294"
43870,SG,,10,"$2,995","$2,396"
,80'S,,63,"$4,042","$3,233"
,OTHER,,839,"$328,235","$261,011"
,TOTAL,,912,"$335,272","$266,640"
43880,80'S,,33,"$5,149","$4,119"
,OTHER,,174,"$167,279","$133,757"
,TOTAL,,207,"$172,428","$137,877"
43999,SG,,1,$146,$117
,80'S,,15,"$2,636","$2,109"
,OTHER,,655,"$149,656","$118,695"
,TOTAL,,671,"$152,438","$120,921"
44005,80'S,,"3,470","$451,338","$357,927"
,OTHER,,"16,826","$13,118,865","$10,427,840"
,TOTAL,,"20,296","$13,570,203","$10,785,768"
44010,80'S,,139,"$9,862","$7,840"
,OTHER,,545,"$249,638","$198,917"
,TOTAL,,684,"$259,500","$206,758"
44015,80'S,,"1,345","$38,148","$30,412"
,OTHER,,"9,686","$1,646,190","$1,308,853"
,TOTAL,,"11,031","$1,684,338","$1,339,265"
44020,80'S,,193,"$19,597","$15,598"
,OTHER,,963,"$590,645","$470,959"
,TOTAL,,"1,156","$610,242","$486,557"
44021,80'S,,175,"$15,533","$12,375"
,OTHER,,"1,102","$606,053","$483,271"
,TOTAL,,"1,277","$621,586","$495,646"
44025,80'S,,144,"$13,897","$11,118"
,OTHER,,602,"$354,506","$282,333"
,TOTAL,,746,"$368,403","$293,451"
44050,80'S,,435,"$40,758","$32,473"
,OTHER,,"2,076","$1,174,481","$934,856"
,TOTAL,,"2,511","$1,215,239","$967,328"
44055,80'S,,69,"$6,456","$5,165"
,OTHER,,242,"$148,531","$117,359"
,TOTAL,,311,"$154,987","$122,524"
44100,OTHER,,582,"$38,651","$30,592"
,TOTAL,,582,"$38,651","$30,592"
44110,80'S,,398,"$29,093","$23,194"
,OTHER,,"1,604","$733,525","$582,688"
,TOTAL,,"2,002","$762,618","$605,883"
44111,80'S,,90,"$9,131","$7,118"
,OTHER,,321,"$186,497","$149,137"
,TOTAL,,411,"$195,629","$156,256"
44120,80'S,,"6,541","$815,988","$649,034"
,OTHER,,"27,732","$21,303,468","$16,959,518"
,TOTAL,,"34,273","$22,119,457","$17,608,552"
44121,80'S,,551,"$22,188","$17,743"
,OTHER,,"2,401","$590,444","$470,812"
,TOTAL,,"2,952","$612,631","$488,554"
44125,80'S,,252,"$34,023","$27,081"
,OTHER,,"1,189","$975,642","$775,909"
,TOTAL,,"1,441","$1,009,665","$802,990"
44130,80'S,,818,"$89,035","$70,594"
,OTHER,,"3,145","$2,064,464","$1,640,951"
,TOTAL,,"3,963","$2,153,499","$1,711,544"
44139,80'S,,"4,848","$97,966","$77,931"
,OTHER,,"19,097","$2,357,270","$1,877,711"
,TOTAL,,"23,945","$2,455,236","$1,955,642"
44140,80'S,,"18,630","$3,256,129","$2,591,357"
,OTHER,,"58,687","$61,480,266","$48,933,063"
,TOTAL,,"77,317","$64,736,396","$51,524,419"
44141,80'S,,917,"$176,321","$140,368"
,OTHER,,"3,696","$4,265,462","$3,396,007"
,TOTAL,,"4,613","$4,441,783","$3,536,375"
44143,80'S,,"4,564","$916,353","$729,275"
,OTHER,,"16,963","$20,515,490","$16,338,033"
,TOTAL,,"21,527","$21,431,843","$17,067,309"
44144,80'S,,989,"$185,354","$147,714"
,OTHER,,"3,902","$4,454,867","$3,550,769"
,TOTAL,,"4,891","$4,640,220","$3,698,482"
44145,80'S,,"7,136","$1,559,375","$1,240,024"
,OTHER,,"18,211","$24,019,501","$19,120,390"
,TOTAL,,"25,347","$25,578,876","$20,360,414"
44146,80'S,,676,"$162,706","$129,339"
,OTHER,,"1,895","$2,773,563","$2,210,012"
,TOTAL,,"2,571","$2,936,269","$2,339,351"
44147,80'S,,634,"$117,782","$93,076"
,OTHER,,"1,340","$1,506,532","$1,196,629"
,TOTAL,,"1,974","$1,624,313","$1,289,705"
44150,80'S,,"1,609","$346,469","$275,929"
,OTHER,,"5,397","$7,063,194","$5,626,537"
,TOTAL,,"7,006","$7,409,663","$5,902,466"
44151,80'S,,17,"$3,414","$2,731"
,OTHER,,75,"$93,545","$74,836"
,TOTAL,,92,"$96,959","$77,567"
44152,80'S,,53,"$13,091","$10,184"
,OTHER,,191,"$284,402","$225,176"
,TOTAL,,244,"$297,494","$235,360"
44153,80'S,,49,"$13,650","$10,791"
,OTHER,,195,"$331,010","$259,702"
,TOTAL,,244,"$344,660","$270,493"
44155,80'S,,381,"$94,125","$74,709"
,OTHER,,991,"$1,475,693","$1,172,779"
,TOTAL,,"1,372","$1,569,818","$1,247,488"
44156,80'S,,5,"$1,065",$852
,OTHER,,26,"$33,625","$26,900"
,TOTAL,,31,"$34,690","$27,752"
44160,80'S,,"5,772","$918,602","$730,530"
,OTHER,,"19,570","$18,834,997","$14,994,658"
,TOTAL,,"25,342","$19,753,599","$15,725,188"
44200,80'S,,616,"$77,850","$61,422"
,OTHER,,"3,572","$2,751,275","$2,173,402"
,TOTAL,,"4,188","$2,829,125","$2,234,823"
44201,80'S,,37,"$2,808","$2,247"
,OTHER,,403,"$186,679","$148,584"
,TOTAL,,440,"$189,488","$150,830"
44202,80'S,,"1,212","$255,334","$202,904"
,OTHER,,"3,352","$4,283,271","$3,406,968"
,TOTAL,,"4,564","$4,538,604","$3,609,872"
44209,80'S,,75,"$12,860","$10,288"
,OTHER,,340,"$279,662","$223,577"
,TOTAL,,415,"$292,522","$233,865"
44300,80'S,,531,"$34,879","$27,863"
,OTHER,,"4,166","$1,964,977","$1,560,462"
,TOTAL,,"4,697","$1,999,856","$1,588,325"
44310,80'S,,350,"$36,670","$29,169"
,OTHER,,"1,945","$1,242,308","$987,426"
,TOTAL,,"2,295","$1,278,978","$1,016,595"
44312,SG,,13,"$3,928","$3,142"
,80'S,,4,$249,$199
,OTHER,,386,"$122,756","$96,934"
,TOTAL,,403,"$126,933","$100,275"
44314,80'S,,146,"$15,515","$12,315"
,OTHER,,741,"$480,144","$380,308"
,TOTAL,,887,"$495,658","$392,623"
44316,80'S,,12,"$1,661","$1,329"
,OTHER,,45,"$40,687","$31,514"
,TOTAL,,57,"$42,348","$32,843"
44320,80'S,,"1,359","$177,611","$141,673"
,OTHER,,"7,513","$5,938,963","$4,733,409"
,TOTAL,,"8,872","$6,116,574","$4,875,082"
44322,80'S,,22,"$2,829","$2,263"
,OTHER,,94,"$71,759","$56,744"
,TOTAL,,116,"$74,588","$59,007"
44340,SG,,15,"$7,372","$5,776"
,80'S,,10,$482,$386
,OTHER,,872,"$253,408","$201,091"
,TOTAL,,897,"$261,263","$207,253"
44345,SG,,2,"$1,170",$936
,80'S,,178,"$17,451","$13,782"
,OTHER,,"1,109","$655,177","$519,908"
,TOTAL,,"1,289","$673,799","$534,626"
44346,SG,,4,"$2,360","$1,888"
,80'S,,321,"$36,776","$29,301"
,OTHER,,"1,580","$1,098,238","$871,833"
,TOTAL,,"1,905","$1,137,374","$903,022"
44360,SG,,245,"$96,076","$75,856"
,OTHER,,"6,807","$1,217,774","$964,585"
,TOTAL,,"7,052","$1,313,850","$1,040,441"
44361,SG,,659,"$246,164","$194,989"
,OTHER,,"10,510","$1,986,201","$1,569,660"
,TOTAL,,"11,169","$2,232,365","$1,764,649"
44363,SG,,1,$441,$352
,80'S,,1,$16,$13
,OTHER,,103,"$20,320","$15,745"
,TOTAL,,105,"$20,776","$16,110"
44364,SG,,8,"$3,149","$2,199"
,OTHER,,228,"$61,007","$48,162"
,TOTAL,,236,"$64,155","$50,361"
44365,SG,,3,"$1,063",$850
,OTHER,,189,"$41,494","$32,879"
,TOTAL,,192,"$42,557","$33,729"
44366,SG,,21,"$8,736","$6,728"
,OTHER,,"1,958","$628,226","$499,028"
,TOTAL,,"1,979","$636,962","$505,755"
44369,SG,,8,"$3,153","$2,522"
,OTHER,,546,"$183,037","$145,552"
,TOTAL,,554,"$186,190","$148,075"
44372,SG,,6,"$2,106","$1,502"
,OTHER,,"1,767","$564,536","$448,807"
,TOTAL,,"1,773","$566,642","$450,309"
44373,SG,,16,"$6,104","$4,883"
,OTHER,,"3,243","$644,460","$512,972"
,TOTAL,,"3,259","$650,564","$517,855"
44376,80'S,,2,$76,$61
,OTHER,,991,"$321,266","$254,890"
,TOTAL,,993,"$321,342","$254,951"
44377,OTHER,,745,"$246,397","$195,335"
,TOTAL,,745,"$246,397","$195,335"
44378,SG,,1,$413,$331
,OTHER,,376,"$172,352","$136,014"
,TOTAL,,377,"$172,766","$136,345"
44380,SG,,73,"$19,403","$15,294"
,OTHER,,"1,287","$102,518","$80,069"
,TOTAL,,"1,360","$121,921","$95,363"
44382,SG,,23,"$5,630","$4,504"
,OTHER,,467,"$47,084","$36,550"
,TOTAL,,490,"$52,714","$41,054"
44385,SG,,9,"$2,556","$2,045"
,OTHER,,502,"$68,224","$51,303"
,TOTAL,,511,"$70,781","$53,348"
44386,SG,,11,"$3,307","$2,594"
,OTHER,,180,"$24,587","$18,575"
,TOTAL,,191,"$27,894","$21,168"
44388,SG,,517,"$155,536","$122,339"
,OTHER,,"5,406","$1,022,883","$801,739"
,TOTAL,,"5,923","$1,178,419","$924,078"
44389,SG,,120,"$35,679","$28,463"
,OTHER,,"1,379","$269,241","$212,124"
,TOTAL,,"1,499","$304,919","$240,587"
44390,SG,,1,$329,$263
,OTHER,,17,"$3,735","$2,988"
,TOTAL,,18,"$4,063","$3,251"
44391,SG,,6,"$1,896","$1,517"
,OTHER,,163,"$42,290","$33,363"
,TOTAL,,169,"$44,186","$34,880"
44392,SG,,133,"$39,172","$31,054"
,OTHER,,"1,096","$265,914","$208,724"
,TOTAL,,"1,229","$305,085","$239,778"
44393,SG,,20,"$5,961","$4,726"
,OTHER,,336,"$103,055","$81,612"
,TOTAL,,356,"$109,016","$86,338"
44394,SG,,123,"$35,166","$28,038"
,OTHER,,974,"$282,673","$223,327"
,TOTAL,,"1,097","$317,839","$251,365"
44500,OTHER,,"23,928","$644,998","$510,106"
,TOTAL,,"23,928","$644,998","$510,106"
44602,80'S,,855,"$66,481","$52,839"
,OTHER,,"4,042","$1,956,359","$1,551,791"
,TOTAL,,"4,897","$2,022,840","$1,604,631"
44603,80'S,,267,"$26,324","$21,000"
,OTHER,,"1,178","$742,146","$588,389"
,TOTAL,,"1,445","$768,470","$609,389"
44604,80'S,,381,"$44,094","$35,124"
,OTHER,,"1,860","$1,285,485","$1,023,774"
,TOTAL,,"2,241","$1,329,579","$1,058,897"
44605,80'S,,112,"$15,185","$12,103"
,OTHER,,436,"$361,989","$289,026"
,TOTAL,,548,"$377,174","$301,129"
44615,80'S,,122,"$12,821","$10,106"
,OTHER,,571,"$382,625","$305,180"
,TOTAL,,693,"$395,446","$315,286"
44620,80'S,,529,"$48,172","$38,339"
,OTHER,,"2,767","$1,479,345","$1,174,168"
,TOTAL,,"3,296","$1,527,518","$1,212,507"
44625,80'S,,893,"$113,449","$89,794"
,OTHER,,"3,183","$2,463,957","$1,954,870"
,TOTAL,,"4,076","$2,577,405","$2,044,665"
44626,80'S,,"1,316","$270,656","$214,834"
,OTHER,,"3,657","$4,510,050","$3,591,300"
,TOTAL,,"4,973","$4,780,705","$3,806,133"
44640,80'S,,166,"$18,148","$14,298"
,OTHER,,903,"$610,002","$484,151"
,TOTAL,,"1,069","$628,150","$498,449"
44650,80'S,,92,"$9,119","$7,183"
,OTHER,,300,"$188,973","$149,034"
,TOTAL,,392,"$198,092","$156,217"
44660,80'S,,94,"$9,441","$7,367"
,OTHER,,349,"$231,262","$184,004"
,TOTAL,,443,"$240,702","$191,371"
44661,80'S,,221,"$33,964","$27,023"
,OTHER,,711,"$661,920","$525,864"
,TOTAL,,932,"$695,884","$552,887"
44680,80'S,,20,"$2,343","$1,874"
,OTHER,,89,"$60,159","$47,938"
,TOTAL,,109,"$62,501","$49,812"
44700,80'S,,163,"$14,223","$11,378"
,OTHER,,436,"$224,724","$178,164"
,TOTAL,,599,"$238,947","$189,542"
44799,SG,,1,$274,$219
,80'S,,36,"$5,112","$4,090"
,OTHER,,"1,033","$359,525","$287,384"
,TOTAL,,"1,070","$364,911","$291,692"
44800,80'S,,177,"$11,990","$9,544"
,OTHER,,779,"$336,889","$267,769"
,TOTAL,,956,"$348,879","$277,313"
44820,80'S,,33,"$2,595","$2,076"
,OTHER,,156,"$75,543","$60,041"
,TOTAL,,189,"$78,138","$62,117"
44850,80'S,,23,"$1,381","$1,080"
,OTHER,,81,"$36,987","$29,451"
,TOTAL,,104,"$38,368","$30,530"
44899,80'S,,2,$247,$198
,OTHER,,19,"$9,956","$7,964"
,TOTAL,,21,"$10,203","$8,162"
44900,80'S,,21,"$1,470","$1,176"
,OTHER,,219,"$86,568","$68,711"
,TOTAL,,240,"$88,039","$69,888"
44901,80'S,,1,$19,$15
,OTHER,,79,"$17,968","$14,095"
,TOTAL,,80,"$17,987","$14,110"
44950,80'S,,660,"$53,232","$41,825"
,OTHER,,"6,914","$3,463,925","$2,730,869"
,TOTAL,,"7,574","$3,517,157","$2,772,694"
44955,80'S,,603,"$9,996","$7,959"
,OTHER,,"3,185","$319,056","$253,490"
,TOTAL,,"3,788","$329,052","$261,449"
44960,80'S,,650,"$65,880","$51,547"
,OTHER,,"5,168","$3,116,698","$2,468,746"
,TOTAL,,"5,818","$3,182,578","$2,520,293"
44970,80'S,,273,"$20,770","$16,542"
,OTHER,,"3,743","$1,782,873","$1,407,410"
,TOTAL,,"4,016","$1,803,643","$1,423,952"
44979,80'S,,1,$221,$177
,OTHER,,29,"$11,748","$9,398"
,TOTAL,,30,"$11,969","$9,575"
45000,80'S,,2,$47,$37
,OTHER,,229,"$53,602","$42,781"
,TOTAL,,231,"$53,648","$42,818"
45005,SG,,6,"$2,276","$1,821"
,OTHER,,396,"$54,677","$41,272"
,TOTAL,,402,"$56,952","$43,093"
45020,SG,,4,"$1,670","$1,336"
,80'S,,1,$27,$21
,OTHER,,705,"$199,277","$158,047"
,TOTAL,,710,"$200,974","$159,405"
45100,SG,,56,"$15,587","$12,198"
,OTHER,,"1,265","$259,809","$205,115"
,TOTAL,,"1,321","$275,396","$217,314"
45108,SG,,4,"$1,525","$1,220"
,80'S,,1,$18,$14
,OTHER,,62,"$15,528","$12,343"
,TOTAL,,67,"$17,071","$13,577"
45110,80'S,,"1,861","$435,432","$346,829"
,OTHER,,"4,121","$5,784,044","$4,605,444"
,TOTAL,,"5,982","$6,219,476","$4,952,273"
45111,80'S,,149,"$24,117","$19,185"
,OTHER,,496,"$462,847","$367,907"
,TOTAL,,645,"$486,964","$387,091"
45112,80'S,,109,"$27,344","$21,868"
,OTHER,,306,"$481,673","$382,645"
,TOTAL,,415,"$509,018","$404,513"
45113,80'S,,16,"$3,980","$3,067"
,OTHER,,65,"$95,927","$74,265"
,TOTAL,,81,"$99,907","$77,332"
45114,80'S,,34,"$7,602","$6,040"
,OTHER,,109,"$153,799","$121,456"
,TOTAL,,143,"$161,401","$127,495"
45116,80'S,,6,"$1,153",$922
,OTHER,,46,"$51,712","$41,290"
,TOTAL,,52,"$52,865","$42,212"
45119,80'S,,91,"$22,990","$18,313"
,OTHER,,278,"$422,435","$334,798"
,TOTAL,,369,"$445,425","$353,111"
45120,80'S,,11,"$2,715","$2,007"
,OTHER,,22,"$31,112","$24,889"
,TOTAL,,33,"$33,827","$26,897"
45121,80'S,,11,"$2,672","$2,137"
,OTHER,,33,"$45,444","$36,163"
,TOTAL,,44,"$48,115","$38,301"
45123,80'S,,54,"$7,715","$6,172"
,OTHER,,345,"$309,652","$246,311"
,TOTAL,,399,"$317,367","$252,483"
45126,80'S,,20,"$6,619","$5,295"
,OTHER,,86,"$153,126","$122,501"
,TOTAL,,106,"$159,745","$127,796"
45130,80'S,,299,"$41,086","$32,584"
,OTHER,,"1,377","$1,176,748","$933,340"
,TOTAL,,"1,676","$1,217,835","$965,924"
45135,80'S,,24,"$4,129","$3,303"
,OTHER,,62,"$64,491","$50,709"
,TOTAL,,86,"$68,620","$54,013"
45150,SG,,3,"$1,279","$1,023"
,OTHER,,59,"$18,350","$14,261"
,TOTAL,,62,"$19,629","$15,284"
45160,80'S,,25,"$2,877","$2,302"
,OTHER,,242,"$179,736","$143,064"
,TOTAL,,267,"$182,613","$145,366"
45170,SG,,190,"$75,952","$60,266"
,80'S,,368,"$32,108","$25,434"
,OTHER,,"6,998","$3,834,434","$3,044,627"
,TOTAL,,"7,556","$3,942,493","$3,130,327"
45190,80'S,,18,"$1,397","$1,118"
,OTHER,,573,"$280,087","$223,065"
,TOTAL,,591,"$281,484","$224,183"
45300,SG,,1,$72,$58
,OTHER,,"73,614","$4,288,849","$3,141,369"
,TOTAL,,"73,615","$4,288,921","$3,141,427"
45303,OTHER,,"1,460","$67,739","$50,683"
,TOTAL,,"1,460","$67,739","$50,683"
45305,SG,,54,"$14,243","$11,254"
,OTHER,,"2,841","$196,814","$149,354"
,TOTAL,,"2,895","$211,057","$160,608"
45307,OTHER,,136,"$14,172","$11,002"
,TOTAL,,136,"$14,172","$11,002"
45308,SG,,20,"$6,013","$4,811"
,OTHER,,443,"$40,618","$30,473"
,TOTAL,,463,"$46,631","$35,284"
45309,SG,,12,"$2,908","$2,327"
,OTHER,,431,"$47,996","$36,883"
,TOTAL,,443,"$50,904","$39,210"
45315,SG,,10,"$3,041","$2,433"
,OTHER,,188,"$24,261","$19,038"
,TOTAL,,198,"$27,301","$21,471"
45317,SG,,6,"$1,724","$1,379"
,80'S,,1,$25,$20
,OTHER,,656,"$105,261","$82,357"
,TOTAL,,663,"$107,010","$83,757"
45320,SG,,11,"$2,971","$2,377"
,OTHER,,332,"$54,373","$42,421"
,TOTAL,,343,"$57,344","$44,798"
45321,SG,,1,$157,$125
,OTHER,,428,"$51,151","$40,040"
,TOTAL,,429,"$51,308","$40,165"
45330,80'S,,1,$5,$4
,OTHER,,"395,008","$29,714,972","$21,390,941"
,TOTAL,,"395,009","$29,714,976","$21,390,945"
45331,SG,,"5,509","$1,583,296","$1,244,004"
,OTHER,,"70,873","$6,771,979","$5,096,138"
,TOTAL,,"76,382","$8,355,274","$6,340,142"
45332,SG,,16,"$4,729","$3,623"
,OTHER,,286,"$36,531","$27,671"
,TOTAL,,302,"$41,260","$31,294"
45333,SG,,650,"$190,092","$149,549"
,OTHER,,"8,034","$1,075,398","$824,815"
,TOTAL,,"8,684","$1,265,490","$974,364"
45334,SG,,145,"$43,480","$34,175"
,OTHER,,"3,605","$681,803","$534,571"
,TOTAL,,"3,750","$725,282","$568,746"
45337,SG,,5,"$1,424","$1,139"
,OTHER,,"1,115","$165,110","$130,297"
,TOTAL,,"1,120","$166,534","$131,437"
45338,SG,,836,"$246,311","$194,372"
,OTHER,,"6,896","$1,098,008","$849,709"
,TOTAL,,"7,732","$1,344,318","$1,044,081"
45339,SG,,124,"$36,310","$28,258"
,OTHER,,"3,025","$638,097","$494,233"
,TOTAL,,"3,149","$674,407","$522,491"
45355,SG,,107,"$30,363","$23,935"
,80'S,,1,$15,$12
,OTHER,,"1,533","$265,173","$206,637"
,TOTAL,,"1,641","$295,551","$230,583"
45378,SG,,"125,888","$52,781,156","$41,651,701"
,80'S,,5,$110,$88
,OTHER,,"922,792","$231,613,354","$181,713,061"
,TOTAL,,"1,048,685","$284,394,620","$223,364,849"
45379,SG,,145,"$56,133","$44,508"
,OTHER,,"1,130","$369,807","$291,726"
,TOTAL,,"1,275","$425,941","$336,234"
45380,SG,,"59,067","$23,752,785","$18,762,486"
,80'S,,1,$273,$218
,OTHER,,"423,794","$105,092,080","$82,694,129"
,TOTAL,,"482,862","$128,845,139","$101,456,833"
45382,SG,,865,"$345,582","$273,331"
,OTHER,,"17,916","$6,557,305","$5,203,099"
,TOTAL,,"18,781","$6,902,887","$5,476,430"
45383,SG,,"7,860","$3,145,648","$2,485,154"
,OTHER,,"48,678","$18,416,274","$14,525,949"
,TOTAL,,"56,538","$21,561,923","$17,011,104"
45384,SG,,"38,670","$15,363,727","$12,125,190"
,OTHER,,"249,823","$69,407,276","$54,490,345"
,TOTAL,,"288,493","$84,771,003","$66,615,536"
45385,SG,,"80,140","$33,349,199","$26,349,275"
,OTHER,,"522,091","$185,905,076","$146,234,666"
,TOTAL,,"602,231","$219,254,275","$172,583,941"
45500,SG,,3,"$1,324","$1,059"
,80'S,,2,$116,$93
,OTHER,,128,"$54,394","$43,263"
,TOTAL,,133,"$55,834","$44,416"
45505,SG,,14,"$4,783","$3,827"
,80'S,,1,$35,$28
,OTHER,,439,"$151,869","$120,634"
,TOTAL,,454,"$156,687","$124,489"
45520,OTHER,,203,"$6,266","$4,744"
,TOTAL,,203,"$6,266","$4,744"
45540,80'S,,134,"$16,116","$12,879"
,OTHER,,411,"$287,642","$228,773"
,TOTAL,,545,"$303,758","$241,652"
45541,80'S,,42,"$4,788","$3,820"
,OTHER,,300,"$205,256","$163,873"
,TOTAL,,342,"$210,044","$167,694"
45550,80'S,,147,"$24,644","$19,635"
,OTHER,,475,"$497,838","$395,625"
,TOTAL,,622,"$522,482","$415,260"
45560,SG,,26,"$10,427","$8,341"
,80'S,,287,"$17,770","$14,138"
,OTHER,,"1,415","$562,897","$447,064"
,TOTAL,,"1,728","$591,094","$469,544"
45562,80'S,,17,"$1,786","$1,409"
,OTHER,,116,"$74,486","$59,587"
,TOTAL,,133,"$76,273","$60,996"
45563,80'S,,9,"$1,672","$1,337"
,OTHER,,46,"$49,212","$39,324"
,TOTAL,,55,"$50,883","$40,661"
45800,80'S,,31,"$2,916","$2,333"
,OTHER,,115,"$70,256","$56,111"
,TOTAL,,146,"$73,173","$58,444"
45805,80'S,,1,$167,$133
,OTHER,,23,"$19,203","$15,363"
,TOTAL,,24,"$19,370","$15,496"
45820,80'S,,4,$510,$408
,OTHER,,24,"$18,332","$14,585"
,TOTAL,,28,"$18,842","$14,993"
45825,80'S,,1,$174,$139
,OTHER,,5,"$3,043","$2,434"
,TOTAL,,6,"$3,217","$2,573"
45900,SG,,3,$931,$745
,OTHER,,173,"$15,610","$12,162"
,TOTAL,,176,"$16,541","$12,907"
45905,SG,,43,"$12,105","$9,420"
,OTHER,,717,"$61,720","$47,658"
,TOTAL,,760,"$73,825","$57,078"
45910,SG,,77,"$21,569","$16,981"
,OTHER,,731,"$74,390","$56,820"
,TOTAL,,808,"$95,958","$73,801"
45915,SG,,11,"$3,510","$2,808"
,OTHER,,"3,158","$403,694","$314,470"
,TOTAL,,"3,169","$407,203","$317,278"
45999,SG,,1,$308,$247
,80'S,,4,$709,$567
,OTHER,,761,"$154,827","$123,499"
,TOTAL,,766,"$155,844","$124,313"
46030,SG,,3,$625,$500
,OTHER,,109,"$9,016","$6,989"
,TOTAL,,112,"$9,641","$7,489"
46040,SG,,43,"$20,351","$16,183"
,OTHER,,"4,608","$1,277,497","$995,171"
,TOTAL,,"4,651","$1,297,848","$1,011,354"
46045,SG,,7,"$2,684","$2,147"
,OTHER,,301,"$71,453","$55,979"
,TOTAL,,308,"$74,137","$58,126"
46050,SG,,11,"$3,418","$2,683"
,OTHER,,"2,471","$235,065","$174,257"
,TOTAL,,"2,482","$238,483","$176,939"
46060,SG,,27,"$10,306","$8,165"
,80'S,,1,$71,$56
,OTHER,,"1,004","$380,258","$298,800"
,TOTAL,,"1,032","$390,635","$307,021"
46070,OTHER,,1,$176,$140
,TOTAL,,1,$176,$140
46080,SG,,178,"$83,939","$66,189"
,80'S,,1,$13,$10
,OTHER,,"2,240","$353,354","$275,996"
,TOTAL,,"2,419","$437,305","$342,195"
46083,OTHER,,"3,403","$401,253","$289,616"
,TOTAL,,"3,403","$401,253","$289,616"
46200,SG,,126,"$50,943","$40,455"
,80'S,,1,$43,$35
,OTHER,,"1,972","$438,591","$344,687"
,TOTAL,,"2,099","$489,578","$385,176"
46210,SG,,1,$394,$316
,OTHER,,58,"$6,468","$5,049"
,TOTAL,,59,"$6,863","$5,365"
46211,SG,,4,"$1,447","$1,157"
,OTHER,,56,"$11,211","$8,766"
,TOTAL,,60,"$12,658","$9,923"
46220,SG,,51,"$14,164","$11,332"
,OTHER,,958,"$82,281","$62,151"
,TOTAL,,"1,009","$96,446","$73,482"
46221,OTHER,,"35,255","$3,848,188","$2,904,219"
,TOTAL,,"35,255","$3,848,188","$2,904,219"
46230,80'S,,1,$12,$10
,OTHER,,"1,299","$188,131","$144,169"
,TOTAL,,"1,300","$188,144","$144,179"
46250,SG,,123,"$57,152","$44,923"
,OTHER,,"1,764","$477,090","$373,199"
,TOTAL,,"1,887","$534,242","$418,122"
46255,SG,,393,"$185,210","$146,501"
,OTHER,,"5,303","$1,818,612","$1,430,755"
,TOTAL,,"5,696","$2,003,822","$1,577,256"
46257,SG,,20,"$9,565","$7,436"
,OTHER,,332,"$129,839","$102,476"
,TOTAL,,352,"$139,404","$109,912"
46258,SG,,14,"$6,846","$5,332"
,OTHER,,127,"$54,599","$42,938"
,TOTAL,,141,"$61,445","$48,270"
46260,SG,,511,"$247,329","$196,124"
,80'S,,3,$232,$186
,OTHER,,"10,256","$4,868,721","$3,835,305"
,TOTAL,,"10,770","$5,116,283","$4,031,615"
46261,SG,,23,"$13,917","$10,973"
,80'S,,1,$96,$76
,OTHER,,753,"$400,246","$315,540"
,TOTAL,,777,"$414,258","$326,590"
46262,SG,,20,"$12,422","$9,883"
,OTHER,,297,"$165,179","$128,926"
,TOTAL,,317,"$177,601","$138,808"
46270,SG,,157,"$74,749","$58,199"
,OTHER,,"1,548","$332,009","$259,046"
,TOTAL,,"1,705","$406,758","$317,245"
46275,SG,,48,"$23,019","$18,416"
,OTHER,,"1,205","$378,075","$295,497"
,TOTAL,,"1,253","$401,095","$313,913"
46280,SG,,72,"$43,147","$33,779"
,80'S,,2,$109,$87
,OTHER,,"1,425","$580,749","$456,211"
,TOTAL,,"1,499","$624,005","$490,078"
46285,SG,,5,"$1,516","$1,213"
,OTHER,,135,"$30,666","$23,628"
,TOTAL,,140,"$32,182","$24,841"
46288,80'S,,1,$70,$56
,OTHER,,177,"$54,526","$42,964"
,TOTAL,,178,"$54,596","$43,020"
46320,OTHER,,"2,912","$365,814","$265,264"
,TOTAL,,"2,912","$365,814","$265,264"
46500,OTHER,,"9,536","$1,064,364","$810,411"
,TOTAL,,"9,536","$1,064,364","$810,411"
46600,OTHER,,"79,592","$2,888,332","$2,062,507"
,TOTAL,,"79,592","$2,888,332","$2,062,507"
46604,OTHER,,"3,059","$195,535","$149,775"
,TOTAL,,"3,059","$195,535","$149,775"
46606,OTHER,,"1,185","$49,091","$37,225"
,TOTAL,,"1,185","$49,091","$37,225"
46608,OTHER,,90,"$8,254","$6,290"
,TOTAL,,90,"$8,254","$6,290"
46610,SG,,159,"$30,716","$24,481"
,OTHER,,314,"$24,237","$18,624"
,TOTAL,,473,"$54,953","$43,105"
46611,SG,,5,"$1,572",$997
,OTHER,,155,"$13,473","$10,219"
,TOTAL,,160,"$15,044","$11,217"
46612,SG,,11,"$3,028","$2,379"
,OTHER,,120,"$15,969","$12,639"
,TOTAL,,131,"$18,997","$15,019"
46614,OTHER,,"1,073","$136,813","$106,183"
,TOTAL,,"1,073","$136,813","$106,183"
46615,OTHER,,306,"$46,050","$36,018"
,TOTAL,,306,"$46,050","$36,018"
46700,SG,,66,"$31,414","$24,971"
,80'S,,2,$171,$137
,OTHER,,951,"$420,295","$331,081"
,TOTAL,,"1,019","$451,880","$356,188"
46705,80'S,,1,$76,$61
,OTHER,,2,$676,$541
,TOTAL,,3,$753,$602
46715,80'S,,1,$68,$54
,OTHER,,4,"$1,448","$1,158"
,TOTAL,,5,"$1,516","$1,212"
46716,OTHER,,2,$755,$604
,TOTAL,,2,$755,$604
46730,80'S,,2,$385,$308
,OTHER,,3,"$3,891","$3,113"
,TOTAL,,5,"$4,276","$3,421"
46735,OTHER,,1,"$1,571","$1,257"
,TOTAL,,1,"$1,571","$1,257"
46742,OTHER,,1,"$2,066","$1,652"
,TOTAL,,1,"$2,066","$1,652"
46744,OTHER,,1,"$1,875","$1,500"
,TOTAL,,1,"$1,875","$1,500"
46750,SG,,4,"$1,690","$1,352"
,80'S,,74,"$4,022","$3,218"
,OTHER,,527,"$212,517","$167,184"
,TOTAL,,605,"$218,229","$171,754"
46753,SG,,12,"$5,818","$4,654"
,OTHER,,209,"$83,985","$66,698"
,TOTAL,,221,"$89,803","$71,353"
46754,SG,,1,$216,$173
,OTHER,,52,"$4,178","$3,221"
,TOTAL,,53,"$4,394","$3,393"
46760,80'S,,3,$330,$264
,OTHER,,24,"$13,033","$10,426"
,TOTAL,,27,"$13,362","$10,690"
46761,80'S,,21,"$1,631","$1,305"
,OTHER,,139,"$66,866","$52,953"
,TOTAL,,160,"$68,497","$54,258"
46762,80'S,,8,$663,$531
,OTHER,,22,"$12,232","$9,785"
,TOTAL,,30,"$12,895","$10,316"
46900,OTHER,,"2,291","$289,011","$221,686"
,TOTAL,,"2,291","$289,011","$221,686"
46910,OTHER,,666,"$83,182","$62,690"
,TOTAL,,666,"$83,182","$62,690"
46916,OTHER,,"1,109","$145,851","$109,808"
,TOTAL,,"1,109","$145,851","$109,808"
46917,OTHER,,216,"$25,712","$19,660"
,TOTAL,,216,"$25,712","$19,660"
46922,SG,,108,"$30,179","$23,886"
,OTHER,,"1,081","$124,578","$96,849"
,TOTAL,,"1,189","$154,757","$120,735"
46924,SG,,111,"$30,022","$23,889"
,OTHER,,"1,879","$383,047","$299,839"
,TOTAL,,"1,990","$413,069","$323,728"
46934,OTHER,,"13,013","$3,366,334","$2,626,696"
,TOTAL,,"13,013","$3,366,334","$2,626,696"
46935,OTHER,,466,"$80,664","$62,682"
,TOTAL,,466,"$80,664","$62,682"
46936,OTHER,,"2,160","$663,158","$521,664"
,TOTAL,,"2,160","$663,158","$521,664"
46937,OTHER,,9,"$1,886","$1,402"
,TOTAL,,9,"$1,886","$1,402"
46938,OTHER,,8,"$2,078","$1,662"
,TOTAL,,8,"$2,078","$1,662"
46940,OTHER,,435,"$65,913","$50,622"
,TOTAL,,435,"$65,913","$50,622"
46942,OTHER,,278,"$42,285","$32,559"
,TOTAL,,278,"$42,285","$32,559"
46945,OTHER,,"2,018","$281,781","$216,848"
,TOTAL,,"2,018","$281,781","$216,848"
46946,OTHER,,"1,443","$246,910","$193,429"
,TOTAL,,"1,443","$246,910","$193,429"
46999,80'S,,3,$178,$143
,OTHER,,180,"$38,682","$30,878"
,TOTAL,,183,"$38,860","$31,021"
47000,SG,,391,"$121,351","$95,657"
,80'S,,9,$121,$97
,OTHER,,"44,163","$4,851,747","$3,812,973"
,TOTAL,,"44,563","$4,973,219","$3,908,727"
47001,80'S,,60,"$1,139",$912
,OTHER,,"8,137","$918,889","$729,605"
,TOTAL,,"8,197","$920,028","$730,517"
47010,80'S,,83,"$5,765","$4,612"
,OTHER,,839,"$439,458","$350,284"
,TOTAL,,922,"$445,222","$354,895"
47011,80'S,,4,$95,$76
,OTHER,,"1,964","$540,200","$429,350"
,TOTAL,,"1,968","$540,295","$429,426"
47015,80'S,,18,"$1,370","$1,096"
,OTHER,,107,"$49,407","$39,121"
,TOTAL,,125,"$50,777","$40,218"
47100,80'S,,"1,250","$50,893","$40,568"
,OTHER,,"6,599","$1,673,877","$1,328,651"
,TOTAL,,"7,849","$1,724,771","$1,369,219"
47120,80'S,,356,"$73,099","$58,177"
,OTHER,,"1,551","$1,962,151","$1,561,442"
,TOTAL,,"1,907","$2,035,250","$1,619,618"
47122,80'S,,30,"$10,119","$8,095"
,OTHER,,153,"$318,285","$252,962"
,TOTAL,,183,"$328,404","$261,057"
47125,80'S,,60,"$18,205","$14,335"
,OTHER,,261,"$487,779","$389,970"
,TOTAL,,321,"$505,984","$404,306"
47130,80'S,,117,"$38,268","$30,604"
,OTHER,,436,"$895,953","$712,954"
,TOTAL,,553,"$934,221","$743,559"
47133,OTHER,,6,"$3,551","$2,841"
,TOTAL,,6,"$3,551","$2,841"
47134,80'S,,6,"$2,202","$1,918"
,OTHER,,25,"$50,820","$41,468"
,TOTAL,,31,"$53,021","$43,386"
47135,80'S,,241,"$210,024","$167,135"
,OTHER,,793,"$3,582,318","$2,848,186"
,TOTAL,,"1,034","$3,792,342","$3,015,321"
47300,80'S,,44,"$3,296","$2,557"
,OTHER,,179,"$77,137","$61,302"
,TOTAL,,223,"$80,433","$63,858"
47350,80'S,,47,"$4,829","$3,863"
,OTHER,,275,"$163,736","$130,717"
,TOTAL,,322,"$168,565","$134,581"
47360,80'S,,16,"$2,780","$2,224"
,OTHER,,120,"$100,618","$80,210"
,TOTAL,,136,"$103,398","$82,434"
47361,80'S,,23,"$6,168","$4,935"
,OTHER,,193,"$231,384","$179,358"
,TOTAL,,216,"$237,552","$184,292"
47362,80'S,,13,"$1,247",$997
,OTHER,,81,"$44,713","$35,771"
,TOTAL,,94,"$45,960","$36,768"
47399,80'S,,21,"$2,330","$1,864"
,OTHER,,341,"$219,668","$175,474"
,TOTAL,,362,"$221,997","$177,338"
47400,80'S,,2,$382,$306
,OTHER,,27,"$19,173","$15,338"
,TOTAL,,29,"$19,555","$15,644"
47420,80'S,,267,"$39,927","$31,862"
,OTHER,,797,"$705,386","$563,234"
,TOTAL,,"1,064","$745,313","$595,095"
47425,80'S,,22,"$3,494","$2,795"
,OTHER,,69,"$67,400","$53,524"
,TOTAL,,91,"$70,894","$56,319"
47460,80'S,,21,"$3,151","$2,401"
,OTHER,,157,"$155,949","$123,729"
,TOTAL,,178,"$159,100","$126,131"
47480,80'S,,145,"$12,252","$9,802"
,OTHER,,752,"$388,861","$308,783"
,TOTAL,,897,"$401,113","$318,584"
47490,OTHER,,"1,925","$865,028","$689,496"
,TOTAL,,"1,925","$865,028","$689,496"
47500,80'S,,1,$17,$14
,OTHER,,"7,305","$527,188","$419,719"
,TOTAL,,"7,306","$527,205","$419,733"
47505,80'S,,5,$21,$17
,OTHER,,"15,521","$666,690","$527,778"
,TOTAL,,"15,526","$666,711","$527,795"
47510,80'S,,1,$44,$35
,OTHER,,"3,068","$1,490,359","$1,187,759"
,TOTAL,,"3,069","$1,490,403","$1,187,794"
47511,OTHER,,"4,621","$2,829,233","$2,255,557"
,TOTAL,,"4,621","$2,829,233","$2,255,557"
47525,OTHER,,"8,179","$2,052,369","$1,629,186"
,TOTAL,,"8,179","$2,052,369","$1,629,186"
47530,OTHER,,361,"$97,973","$77,960"
,TOTAL,,361,"$97,973","$77,960"
47550,80'S,,276,"$7,446","$5,913"
,OTHER,,"1,573","$261,713","$208,642"
,TOTAL,,"1,849","$269,160","$214,555"
47552,OTHER,,228,"$54,186","$42,948"
,TOTAL,,228,"$54,186","$42,948"
47553,OTHER,,320,"$74,480","$58,928"
,TOTAL,,320,"$74,480","$58,928"
47554,80'S,,1,$43,$34
,OTHER,,199,"$65,036","$51,911"
,TOTAL,,200,"$65,079","$51,945"
47555,OTHER,,847,"$245,230","$195,670"
,TOTAL,,847,"$245,230","$195,670"
47556,OTHER,,"1,935","$680,794","$543,106"
,TOTAL,,"1,935","$680,794","$543,106"
47560,SG,,1,$489,$391
,80'S,,13,$439,$351
,OTHER,,172,"$37,974","$29,858"
,TOTAL,,186,"$38,902","$30,600"
47561,SG,,2,"$1,010",$808
,80'S,,3,$110,$88
,OTHER,,82,"$19,972","$15,978"
,TOTAL,,87,"$21,092","$16,873"
47562,80'S,,"24,271","$2,635,053","$2,086,349"
,OTHER,,"102,127","$65,812,807","$52,215,805"
,TOTAL,,"126,398","$68,447,860","$54,302,153"
47563,80'S,,"13,177","$1,506,596","$1,193,529"
,OTHER,,"55,768","$38,012,581","$30,160,155"
,TOTAL,,"68,945","$39,519,176","$31,353,684"
47564,80'S,,484,"$66,461","$52,816"
,OTHER,,"1,851","$1,528,352","$1,215,527"
,TOTAL,,"2,335","$1,594,813","$1,268,343"
47570,80'S,,26,"$3,300","$2,613"
,OTHER,,60,"$44,786","$35,829"
,TOTAL,,86,"$48,086","$38,442"
47579,80'S,,6,$479,$383
,OTHER,,96,"$45,598","$36,478"
,TOTAL,,102,"$46,077","$36,861"
47600,80'S,,"8,274","$752,097","$596,087"
,OTHER,,"31,870","$17,696,287","$14,064,299"
,TOTAL,,"40,144","$18,448,384","$14,660,387"
47605,80'S,,"2,628","$294,373","$233,753"
,OTHER,,"10,322","$6,934,343","$5,511,477"
,TOTAL,,"12,950","$7,228,716","$5,745,231"
47610,80'S,,"1,750","$257,871","$204,498"
,OTHER,,"5,693","$4,915,429","$3,915,646"
,TOTAL,,"7,443","$5,173,300","$4,120,144"
47612,80'S,,305,"$50,355","$40,269"
,OTHER,,883,"$865,278","$690,712"
,TOTAL,,"1,188","$915,633","$730,981"
47620,80'S,,48,"$8,142","$6,513"
,OTHER,,205,"$197,761","$157,297"
,TOTAL,,253,"$205,902","$163,811"
47630,80'S,,6,$315,$252
,OTHER,,681,"$262,196","$209,484"
,TOTAL,,687,"$262,512","$209,736"
47700,80'S,,15,"$1,953","$1,562"
,OTHER,,81,"$59,913","$47,880"
,TOTAL,,96,"$61,865","$49,442"
47701,OTHER,,7,"$10,482","$8,386"
,TOTAL,,7,"$10,482","$8,386"
47711,80'S,,34,"$4,764","$3,811"
,OTHER,,154,"$128,290","$101,834"
,TOTAL,,188,"$133,053","$105,645"
47712,80'S,,8,"$1,663","$1,330"
,OTHER,,46,"$56,385","$45,108"
,TOTAL,,54,"$58,048","$46,438"
47715,80'S,,5,$391,$313
,OTHER,,19,"$10,532","$8,425"
,TOTAL,,24,"$10,923","$8,738"
47716,80'S,,1,$65,$52
,OTHER,,6,"$3,686","$2,948"
,TOTAL,,7,"$3,750","$3,000"
47720,80'S,,133,"$16,185","$12,937"
,OTHER,,353,"$265,352","$211,475"
,TOTAL,,486,"$281,537","$224,412"
47721,80'S,,70,"$11,066","$8,736"
,OTHER,,213,"$210,898","$167,423"
,TOTAL,,283,"$221,964","$176,159"
47740,80'S,,41,"$5,830","$4,664"
,OTHER,,162,"$133,143","$106,316"
,TOTAL,,203,"$138,973","$110,980"
47741,80'S,,58,"$10,553","$8,443"
,OTHER,,179,"$189,693","$151,664"
,TOTAL,,237,"$200,246","$160,107"
47760,80'S,,258,"$51,146","$40,838"
,OTHER,,862,"$1,016,672","$811,538"
,TOTAL,,"1,120","$1,067,818","$852,375"
47765,80'S,,15,"$3,024","$2,298"
,OTHER,,64,"$72,384","$57,040"
,TOTAL,,79,"$75,408","$59,338"
47780,80'S,,342,"$70,472","$55,865"
,OTHER,,"1,155","$1,464,945","$1,167,307"
,TOTAL,,"1,497","$1,535,417","$1,223,172"
47785,80'S,,41,"$9,934","$7,947"
,OTHER,,204,"$288,309","$229,903"
,TOTAL,,245,"$298,242","$237,850"
47800,80'S,,24,"$4,343","$3,474"
,OTHER,,66,"$66,297","$52,444"
,TOTAL,,90,"$70,640","$55,919"
47801,80'S,,20,"$1,492","$1,194"
,OTHER,,292,"$187,384","$149,339"
,TOTAL,,312,"$188,876","$150,533"
47802,80'S,,4,$728,$582
,OTHER,,15,"$13,943","$11,155"
,TOTAL,,19,"$14,671","$11,737"
47900,80'S,,33,"$5,346","$4,277"
,OTHER,,131,"$119,817","$94,684"
,TOTAL,,164,"$125,163","$98,962"
47999,80'S,,17,"$2,232","$1,785"
,OTHER,,227,"$113,468","$90,715"
,TOTAL,,244,"$115,700","$92,501"
48000,80'S,,25,"$3,078","$2,462"
,OTHER,,185,"$137,004","$109,489"
,TOTAL,,210,"$140,082","$111,951"
48001,80'S,,16,"$2,263","$1,811"
,OTHER,,64,"$55,619","$44,415"
,TOTAL,,80,"$57,882","$46,226"
48005,80'S,,96,"$18,499","$14,791"
,OTHER,,568,"$667,101","$533,422"
,TOTAL,,664,"$685,599","$548,213"
48020,80'S,,1,$62,$49
,OTHER,,6,"$3,156","$2,525"
,TOTAL,,7,"$3,218","$2,574"
48100,80'S,,327,"$19,535","$15,601"
,OTHER,,"1,554","$587,513","$468,762"
,TOTAL,,"1,881","$607,048","$484,363"
48102,OTHER,,"5,273","$1,295,667","$1,028,936"
,TOTAL,,"5,273","$1,295,667","$1,028,936"
48120,80'S,,37,"$5,138","$4,111"
,OTHER,,180,"$136,003","$107,995"
,TOTAL,,217,"$141,142","$112,106"
48140,80'S,,366,"$67,750","$53,703"
,OTHER,,"1,107","$1,272,904","$1,009,778"
,TOTAL,,"1,473","$1,340,654","$1,063,482"
48145,80'S,,12,"$2,383","$1,722"
,OTHER,,40,"$50,297","$40,053"
,TOTAL,,52,"$52,680","$41,775"
48146,80'S,,18,"$4,268","$3,414"
,OTHER,,41,"$60,134","$48,107"
,TOTAL,,59,"$64,401","$51,521"
48148,80'S,,19,"$2,162","$1,729"
,OTHER,,57,"$43,105","$34,445"
,TOTAL,,76,"$45,267","$36,174"
48150,80'S,,577,"$234,687","$186,688"
,OTHER,,"2,036","$4,281,740","$3,409,803"
,TOTAL,,"2,613","$4,516,427","$3,596,491"
48152,80'S,,13,"$4,552","$3,642"
,OTHER,,48,"$109,591","$85,878"
,TOTAL,,61,"$114,143","$89,520"
48153,80'S,,196,"$80,252","$64,159"
,OTHER,,783,"$1,983,009","$1,581,973"
,TOTAL,,979,"$2,063,261","$1,646,133"
48154,80'S,,11,"$4,145","$3,316"
,OTHER,,25,"$59,554","$47,643"
,TOTAL,,36,"$63,699","$50,959"
48155,80'S,,20,"$4,747","$3,779"
,OTHER,,59,"$87,879","$70,210"
,TOTAL,,79,"$92,626","$73,989"
48180,80'S,,27,"$5,139","$4,111"
,OTHER,,129,"$158,981","$127,105"
,TOTAL,,156,"$164,121","$131,216"
48400,80'S,,1,$16,$12
,OTHER,,60,"$6,488","$5,136"
,TOTAL,,61,"$6,504","$5,148"
48500,80'S,,1,$140,$112
,OTHER,,17,"$10,509","$8,407"
,TOTAL,,18,"$10,648","$8,519"
48510,80'S,,35,"$3,325","$2,660"
,OTHER,,186,"$121,861","$96,943"
,TOTAL,,221,"$125,186","$99,603"
48511,80'S,,1,$23,$19
,OTHER,,488,"$129,532","$102,637"
,TOTAL,,489,"$129,556","$102,655"
48520,80'S,,89,"$11,860","$9,464"
,OTHER,,273,"$225,965","$179,390"
,TOTAL,,362,"$237,825","$188,854"
48540,80'S,,36,"$5,906","$4,725"
,OTHER,,127,"$126,676","$101,274"
,TOTAL,,163,"$132,582","$105,998"
48545,80'S,,3,$467,$374
,OTHER,,21,"$17,765","$14,212"
,TOTAL,,24,"$18,232","$14,586"
48547,80'S,,12,"$2,385","$1,908"
,OTHER,,47,"$57,378","$45,842"
,TOTAL,,59,"$59,763","$47,750"
48550,OTHER,,4,$954,$763
,TOTAL,,4,$954,$763
48554,80'S,,47,"$14,852","$11,842"
,OTHER,,496,"$935,831","$727,860"
,TOTAL,,543,"$950,683","$739,702"
48556,80'S,,6,$941,$753
,OTHER,,84,"$67,607","$53,050"
,TOTAL,,90,"$68,548","$53,803"
48999,80'S,,9,"$2,096","$1,676"
,OTHER,,116,"$75,094","$59,851"
,TOTAL,,125,"$77,189","$61,527"
49000,SG,,19,"$10,252","$8,129"
,80'S,,"2,753","$303,776","$240,864"
,OTHER,,"13,665","$9,005,110","$7,153,369"
,TOTAL,,"16,437","$9,319,138","$7,402,362"
49002,80'S,,459,"$39,221","$31,255"
,OTHER,,"3,590","$1,866,089","$1,483,751"
,TOTAL,,"4,049","$1,905,310","$1,515,006"
49010,80'S,,398,"$45,672","$36,243"
,OTHER,,"1,936","$1,332,861","$1,055,469"
,TOTAL,,"2,334","$1,378,533","$1,091,712"
49020,80'S,,621,"$80,513","$63,777"
,OTHER,,"5,529","$4,409,860","$3,503,622"
,TOTAL,,"6,150","$4,490,373","$3,567,399"
49021,80'S,,1,$47,$37
,OTHER,,"8,447","$2,317,197","$1,842,084"
,TOTAL,,"8,448","$2,317,243","$1,842,121"
49040,80'S,,104,"$8,105","$6,484"
,OTHER,,886,"$442,033","$352,623"
,TOTAL,,990,"$450,138","$359,107"
49041,80'S,,2,$51,$41
,OTHER,,"1,338","$390,150","$309,496"
,TOTAL,,"1,340","$390,201","$309,537"
49060,80'S,,56,"$4,618","$3,684"
,OTHER,,"2,740","$1,672,400","$1,329,586"
,TOTAL,,"2,796","$1,677,018","$1,333,270"
49061,OTHER,,"3,732","$1,020,600","$810,216"
,TOTAL,,"3,732","$1,020,600","$810,216"
49062,80'S,,20,"$2,073","$1,547"
,OTHER,,265,"$172,160","$135,914"
,TOTAL,,285,"$174,233","$137,461"
49080,SG,,598,"$251,203","$195,033"
,80'S,,13,$84,$62
,OTHER,,"66,719","$5,294,203","$4,166,889"
,TOTAL,,"67,330","$5,545,490","$4,361,984"
49081,SG,,179,"$72,955","$58,001"
,OTHER,,"7,960","$598,028","$467,811"
,TOTAL,,"8,139","$670,982","$525,812"
49085,SG,,12,"$4,960","$3,968"
,80'S,,8,$529,$423
,OTHER,,"1,467","$505,554","$400,091"
,TOTAL,,"1,487","$511,043","$404,482"
49180,SG,,14,"$4,022","$3,138"
,80'S,,3,$29,$23
,OTHER,,"15,181","$1,698,250","$1,347,036"
,TOTAL,,"15,198","$1,702,302","$1,350,197"
49200,80'S,,594,"$46,703","$37,228"
,OTHER,,"3,208","$1,670,139","$1,328,746"
,TOTAL,,"3,802","$1,716,842","$1,365,975"
49201,80'S,,769,"$98,928","$78,463"
,OTHER,,"2,830","$2,298,650","$1,823,560"
,TOTAL,,"3,599","$2,397,578","$1,902,024"
49215,80'S,,35,"$6,630","$5,304"
,OTHER,,198,"$189,696","$149,657"
,TOTAL,,233,"$196,327","$154,961"
49220,80'S,,18,"$2,552","$2,042"
,OTHER,,70,"$55,883","$44,701"
,TOTAL,,88,"$58,435","$46,743"
49250,SG,,6,"$3,599","$2,879"
,80'S,,1,$39,$31
,OTHER,,257,"$101,784","$81,201"
,TOTAL,,264,"$105,422","$84,111"
49255,80'S,,185,"$15,878","$12,658"
,OTHER,,941,"$480,909","$383,100"
,TOTAL,,"1,126","$496,787","$395,757"
49320,SG,,131,"$61,183","$48,031"
,80'S,,969,"$35,904","$28,546"
,OTHER,,"8,813","$2,169,740","$1,714,931"
,TOTAL,,"9,913","$2,266,827","$1,791,509"
49321,SG,,28,"$17,595","$13,706"
,80'S,,277,"$13,264","$10,609"
,OTHER,,"3,211","$900,112","$714,930"
,TOTAL,,"3,516","$930,971","$739,246"
49322,SG,,24,"$12,944","$10,355"
,80'S,,35,"$1,539","$1,231"
,OTHER,,565,"$169,440","$134,281"
,TOTAL,,624,"$183,923","$145,868"
49323,80'S,,17,"$1,423","$1,138"
,OTHER,,160,"$82,945","$64,915"
,TOTAL,,177,"$84,368","$66,053"
49329,80'S,,24,"$3,700","$2,960"
,OTHER,,356,"$156,932","$125,495"
,TOTAL,,380,"$160,631","$128,455"
49400,SG,,1,$325,$260
,OTHER,,564,"$49,394","$38,730"
,TOTAL,,565,"$49,719","$38,990"
49420,SG,,58,"$17,893","$12,943"
,80'S,,9,$118,$94
,OTHER,,"5,233","$641,259","$505,368"
,TOTAL,,"5,300","$659,270","$518,406"
49421,SG,,82,"$24,006","$18,818"
,80'S,,12,$707,$565
,OTHER,,"9,792","$3,354,169","$2,619,116"
,TOTAL,,"9,886","$3,378,881","$2,638,500"
49422,80'S,,4,$231,$185
,OTHER,,"7,485","$2,560,070","$2,002,523"
,TOTAL,,"7,489","$2,560,300","$2,002,707"
49423,OTHER,,"2,511","$208,687","$164,844"
,TOTAL,,"2,511","$208,687","$164,844"
49424,OTHER,,"6,917","$272,235","$215,056"
,TOTAL,,"6,917","$272,235","$215,056"
49425,80'S,,54,"$6,650","$5,161"
,OTHER,,841,"$607,902","$483,394"
,TOTAL,,895,"$614,552","$488,555"
49426,SG,,2,$838,$670
,80'S,,2,$165,$132
,OTHER,,291,"$159,217","$125,335"
,TOTAL,,295,"$160,220","$126,138"
49427,OTHER,,260,"$11,321","$8,856"
,TOTAL,,260,"$11,321","$8,856"
49428,OTHER,,22,"$2,835","$2,268"
,TOTAL,,22,"$2,835","$2,268"
49429,OTHER,,268,"$93,670","$74,369"
,TOTAL,,268,"$93,670","$74,369"
49495,80'S,,2,$67,$53
,OTHER,,21,"$7,535","$5,957"
,TOTAL,,23,"$7,602","$6,010"
49496,80'S,,2,$132,$60
,OTHER,,50,"$24,965","$19,960"
,TOTAL,,52,"$25,097","$20,020"
49500,80'S,,6,$281,$225
,OTHER,,34,"$9,560","$7,612"
,TOTAL,,40,"$9,841","$7,837"
49501,80'S,,3,$199,$159
,OTHER,,55,"$24,082","$18,877"
,TOTAL,,58,"$24,281","$19,036"
49505,SG,,"6,928","$4,107,784","$3,253,338"
,80'S,,"6,525","$426,614","$335,858"
,OTHER,,"101,552","$41,095,507","$32,446,538"
,TOTAL,,"115,005","$45,629,905","$36,035,734"
49507,80'S,,990,"$77,724","$61,395"
,OTHER,,"11,006","$5,336,476","$4,224,426"
,TOTAL,,"11,996","$5,414,200","$4,285,821"
49520,SG,,758,"$715,286","$567,751"
,80'S,,954,"$77,884","$61,466"
,OTHER,,"14,075","$7,103,265","$5,613,801"
,TOTAL,,"15,787","$7,896,436","$6,243,019"
49521,80'S,,237,"$21,597","$17,216"
,OTHER,,"3,009","$1,692,253","$1,344,443"
,TOTAL,,"3,246","$1,713,851","$1,361,658"
49525,SG,,143,"$85,214","$66,607"
,80'S,,303,"$23,439","$18,558"
,OTHER,,"3,607","$1,685,864","$1,332,671"
,TOTAL,,"4,053","$1,794,517","$1,417,836"
49540,SG,,4,"$1,678","$1,342"
,80'S,,18,"$1,439","$1,151"
,OTHER,,201,"$99,433","$78,668"
,TOTAL,,223,"$102,550","$81,162"
49550,SG,,155,"$103,031","$81,817"
,80'S,,171,"$10,451","$8,204"
,OTHER,,"2,361","$963,637","$763,704"
,TOTAL,,"2,687","$1,077,119","$853,724"
49553,80'S,,339,"$21,920","$17,224"
,OTHER,,"3,555","$1,454,024","$1,153,827"
,TOTAL,,"3,894","$1,475,943","$1,171,051"
49555,SG,,19,"$12,720","$10,176"
,80'S,,22,"$1,400","$1,120"
,OTHER,,296,"$133,811","$106,388"
,TOTAL,,337,"$147,931","$117,684"
49557,80'S,,47,"$3,468","$2,775"
,OTHER,,471,"$236,401","$188,004"
,TOTAL,,518,"$239,869","$190,779"
49560,SG,,681,"$394,514","$313,892"
,80'S,,"4,348","$375,824","$296,864"
,OTHER,,"38,755","$20,898,182","$16,521,556"
,TOTAL,,"43,784","$21,668,520","$17,132,313"
49561,SG,,3,"$1,726","$1,381"
,80'S,,"1,438","$152,337","$120,452"
,OTHER,,"10,725","$6,874,421","$5,444,051"
,TOTAL,,"12,166","$7,028,484","$5,565,884"
49565,SG,,114,"$66,347","$52,882"
,80'S,,"1,166","$107,410","$84,578"
,OTHER,,"9,172","$5,154,362","$4,065,619"
,TOTAL,,"10,452","$5,328,120","$4,203,078"
49566,80'S,,583,"$63,571","$50,107"
,OTHER,,"3,749","$2,469,475","$1,956,516"
,TOTAL,,"4,332","$2,533,046","$2,006,622"
49568,SG,,3,"$1,714","$1,371"
,80'S,,"3,205","$143,634","$114,290"
,OTHER,,"33,761","$9,056,423","$7,175,958"
,TOTAL,,"36,969","$9,201,771","$7,291,619"
49570,SG,,77,"$44,197","$34,496"
,80'S,,105,"$4,694","$3,755"
,OTHER,,"1,335","$392,299","$309,766"
,TOTAL,,"1,517","$441,190","$348,018"
49572,80'S,,71,"$3,677","$2,915"
,OTHER,,775,"$268,833","$212,300"
,TOTAL,,846,"$272,509","$215,215"
49580,80'S,,12,$323,$259
,OTHER,,106,"$12,322","$9,453"
,TOTAL,,118,"$12,645","$9,712"
49582,80'S,,24,$973,$778
,OTHER,,191,"$60,183","$47,505"
,TOTAL,,215,"$61,156","$48,283"
49585,SG,,"1,082","$606,514","$478,808"
,80'S,,"1,767","$68,625","$54,214"
,OTHER,,"22,556","$6,266,339","$4,941,533"
,TOTAL,,"25,405","$6,941,477","$5,474,556"
49587,SG,,3,"$1,738","$1,310"
,80'S,,695,"$36,133","$28,408"
,OTHER,,"8,024","$2,781,492","$2,195,313"
,TOTAL,,"8,722","$2,819,362","$2,225,031"
49590,SG,,33,"$15,063","$11,854"
,80'S,,139,"$9,437","$7,489"
,OTHER,,"1,249","$540,471","$428,118"
,TOTAL,,"1,421","$564,971","$447,461"
49600,80'S,,5,$385,$308
,OTHER,,29,"$11,991","$9,593"
,TOTAL,,34,"$12,376","$9,901"
49605,80'S,,5,$778,$623
,OTHER,,25,"$26,708","$21,367"
,TOTAL,,30,"$27,487","$21,989"
49606,80'S,,1,$178,$142
,OTHER,,21,"$20,231","$15,202"
,TOTAL,,22,"$20,408","$15,344"
49610,OTHER,,2,$870,$696
,TOTAL,,2,$870,$696
49650,SG,,387,"$233,041","$184,709"
,80'S,,"1,305","$86,399","$68,059"
,OTHER,,"10,987","$4,365,081","$3,454,258"
,TOTAL,,"12,679","$4,684,521","$3,707,026"
49651,SG,,51,"$46,081","$36,865"
,80'S,,249,"$20,930","$16,598"
,OTHER,,"1,948","$971,331","$769,002"
,TOTAL,,"2,248","$1,038,342","$822,464"
49659,80'S,,254,"$26,832","$21,459"
,OTHER,,"1,392","$783,517","$623,907"
,TOTAL,,"1,646","$810,349","$645,366"
49900,80'S,,150,"$15,089","$11,982"
,OTHER,,"1,923","$1,096,745","$871,638"
,TOTAL,,"2,073","$1,111,834","$883,620"
49905,80'S,,125,"$7,210","$5,768"
,OTHER,,797,"$281,980","$224,522"
,TOTAL,,922,"$289,190","$230,290"
49906,80'S,,1,$256,$205
,OTHER,,18,"$13,646","$10,764"
,TOTAL,,19,"$13,902","$10,969"
49999,SG,,2,$626,$501
,80'S,,56,"$7,348","$5,873"
,OTHER,,"1,150","$461,573","$368,256"
,TOTAL,,"1,208","$469,547","$374,631"
50010,80'S,URINARY,54,"$4,739","$3,742"
,OTHER,,236,"$138,353","$109,935"
,TOTAL,,290,"$143,091","$113,677"
50020,SG,,2,$861,$689
,80'S,,3,$291,$232
,OTHER,,327,"$217,128","$171,303"
,TOTAL,,332,"$218,280","$172,224"
50021,80'S,,1,$60,$48
,OTHER,,685,"$220,697","$174,646"
,TOTAL,,686,"$220,757","$174,695"
50040,SG,,2,$934,$747
,80'S,,2,$286,$229
,OTHER,,204,"$146,450","$116,157"
,TOTAL,,208,"$147,669","$117,133"
50045,80'S,,2,$294,$235
,OTHER,,18,"$11,475","$9,180"
,TOTAL,,20,"$11,769","$9,415"
50060,80'S,,32,"$5,074","$3,979"
,OTHER,,111,"$112,946","$89,551"
,TOTAL,,143,"$118,020","$93,531"
50065,80'S,,2,$386,$309
,OTHER,,6,"$6,625","$4,755"
,TOTAL,,8,"$7,011","$5,063"
50070,80'S,,2,$394,$315
,OTHER,,6,"$6,918","$5,459"
,TOTAL,,8,"$7,312","$5,775"
50075,80'S,,39,"$9,287","$7,263"
,OTHER,,79,"$110,191","$87,061"
,TOTAL,,118,"$119,478","$94,324"
50080,80'S,,3,$523,$418
,OTHER,,"1,163","$1,073,207","$849,050"
,TOTAL,,"1,166","$1,073,729","$849,468"
50081,80'S,,173,"$36,853","$29,306"
,OTHER,,"1,683","$2,196,522","$1,737,403"
,TOTAL,,"1,856","$2,233,375","$1,766,709"
50100,80'S,,5,$523,$418
,OTHER,,35,"$18,413","$14,295"
,TOTAL,,40,"$18,936","$14,713"
50120,80'S,,5,$670,$536
,OTHER,,45,"$39,330","$31,426"
,TOTAL,,50,"$40,000","$31,962"
50125,OTHER,,5,"$4,902","$3,922"
,TOTAL,,5,"$4,902","$3,922"
50130,80'S,,100,"$15,407","$12,230"
,OTHER,,189,"$175,657","$138,647"
,TOTAL,,289,"$191,064","$150,877"
50135,80'S,,25,"$4,273","$3,419"
,OTHER,,46,"$49,514","$39,346"
,TOTAL,,71,"$53,787","$42,764"
50200,SG,,9,"$2,751","$2,201"
,OTHER,,"18,313","$3,012,238","$2,369,847"
,TOTAL,,"18,322","$3,014,989","$2,372,048"
50205,80'S,,86,"$7,280","$5,824"
,OTHER,,790,"$397,972","$311,504"
,TOTAL,,876,"$405,252","$317,328"
50220,80'S,,"1,472","$244,595","$194,114"
,OTHER,,"2,971","$2,935,970","$2,321,642"
,TOTAL,,"4,443","$3,180,565","$2,515,756"
50225,80'S,,166,"$33,630","$26,786"
,OTHER,,347,"$425,147","$337,913"
,TOTAL,,513,"$458,777","$364,699"
50230,80'S,,"5,329","$1,171,494","$931,683"
,OTHER,,"8,989","$12,124,993","$9,631,558"
,TOTAL,,"14,318","$13,296,487","$10,563,241"
50234,80'S,,738,"$154,902","$123,041"
,OTHER,,"1,269","$1,642,622","$1,306,834"
,TOTAL,,"2,007","$1,797,524","$1,429,875"
50236,80'S,,684,"$166,123","$132,017"
,OTHER,,"1,003","$1,497,605","$1,190,456"
,TOTAL,,"1,687","$1,663,728","$1,322,473"
50240,80'S,,690,"$150,176","$119,118"
,OTHER,,"1,620","$2,165,079","$1,718,872"
,TOTAL,,"2,310","$2,315,255","$1,837,989"
50280,80'S,,114,"$15,322","$12,188"
,OTHER,,299,"$230,917","$182,376"
,TOTAL,,413,"$246,239","$194,563"
50290,80'S,,2,$269,$216
,OTHER,,14,"$10,754","$8,720"
,TOTAL,,16,"$11,023","$8,935"
50300,OTHER,,7,"$1,750","$1,750"
,TOTAL,,7,"$1,750","$1,750"
50320,80'S,,145,"$31,689","$28,432"
,OTHER,,945,"$1,225,924","$1,187,036"
,TOTAL,,"1,090","$1,257,613","$1,215,469"
50340,80'S,,10,"$1,819","$1,455"
,OTHER,,73,"$71,699","$55,350"
,TOTAL,,83,"$73,518","$56,805"
50360,80'S,,"1,011","$332,928","$262,061"
,OTHER,,"7,634","$15,088,972","$11,762,306"
,TOTAL,,"8,645","$15,421,900","$12,024,366"
50365,80'S,,6,"$2,343","$1,875"
,OTHER,,97,"$230,538","$178,123"
,TOTAL,,103,"$232,882","$179,998"
50370,80'S,,100,"$13,510","$10,663"
,OTHER,,"1,104","$968,128","$761,597"
,TOTAL,,"1,204","$981,638","$772,259"
50380,80'S,,2,$195,$156
,OTHER,,36,"$33,740","$25,550"
,TOTAL,,38,"$33,934","$25,706"
50390,SG,,6,"$1,685","$1,348"
,80'S,,1,$10,$8
,OTHER,,"6,178","$527,517","$417,539"
,TOTAL,,"6,185","$529,212","$418,894"
50392,SG,,4,$926,$741
,OTHER,,"12,718","$2,192,394","$1,743,519"
,TOTAL,,"12,722","$2,193,320","$1,744,260"
50393,SG,,5,"$1,081",$865
,80'S,,1,$20,$16
,OTHER,,"8,022","$1,788,912","$1,421,916"
,TOTAL,,"8,028","$1,790,013","$1,422,796"
50394,SG,,1,$152,$122
,80'S,,1,$4,$3
,OTHER,,"26,480","$994,785","$785,121"
,TOTAL,,"26,482","$994,940","$785,245"
50395,SG,,6,"$1,414","$1,131"
,OTHER,,"3,118","$566,634","$451,822"
,TOTAL,,"3,124","$568,048","$452,954"
50396,SG,,1,$313,$250
,OTHER,,133,"$11,379","$9,042"
,TOTAL,,134,"$11,692","$9,292"
50398,SG,,31,"$8,939","$7,151"
,OTHER,,"15,915","$1,104,588","$866,330"
,TOTAL,,"15,946","$1,113,527","$873,480"
50400,80'S,,154,"$27,804","$21,850"
,OTHER,,337,"$359,629","$286,806"
,TOTAL,,491,"$387,433","$308,655"
50405,80'S,,58,"$13,682","$10,945"
,OTHER,,253,"$192,234","$151,631"
,TOTAL,,311,"$205,916","$162,576"
50500,80'S,,3,$540,$432
,OTHER,,33,"$31,306","$25,045"
,TOTAL,,36,"$31,846","$25,477"
50520,80'S,,1,$83,$67
,OTHER,,5,"$5,237","$4,189"
,TOTAL,,6,"$5,320","$4,256"
50525,80'S,,1,$222,$178
,OTHER,,5,"$5,623","$4,498"
,TOTAL,,6,"$5,845","$4,676"
50526,OTHER,,1,"$1,097",$877
,TOTAL,,1,"$1,097",$877
50540,80'S,,2,$273,$219
,OTHER,,14,"$10,031","$8,025"
,TOTAL,,16,"$10,304","$8,243"
50541,80'S,,24,"$3,212","$2,453"
,OTHER,,97,"$77,371","$61,824"
,TOTAL,,121,"$80,583","$64,277"
50544,OTHER,,16,"$17,864","$14,291"
,TOTAL,,16,"$17,864","$14,291"
50546,80'S,,180,"$30,774","$24,639"
,OTHER,,585,"$598,652","$477,799"
,TOTAL,,765,"$629,426","$502,438"
50547,80'S,,131,"$33,049","$27,792"
,OTHER,,772,"$1,019,612","$988,660"
,TOTAL,,903,"$1,052,661","$1,016,452"
50548,80'S,,36,"$7,366","$5,892"
,OTHER,,174,"$212,979","$169,386"
,TOTAL,,210,"$220,344","$175,279"
50549,80'S,,6,"$1,020",$816
,OTHER,,122,"$127,036","$101,586"
,TOTAL,,128,"$128,056","$102,402"
50551,SG,,4,"$1,223",$978
,OTHER,,176,"$45,551","$35,773"
,TOTAL,,180,"$46,774","$36,751"
50553,80'S,,1,$26,$21
,OTHER,,146,"$41,027","$32,797"
,TOTAL,,147,"$41,053","$32,818"
50555,80'S,,1,$60,$48
,OTHER,,61,"$22,174","$17,452"
,TOTAL,,62,"$22,234","$17,500"
50557,OTHER,,96,"$32,569","$25,945"
,TOTAL,,96,"$32,569","$25,945"
50559,OTHER,,22,"$4,655","$3,724"
,TOTAL,,22,"$4,655","$3,724"
50561,SG,,7,"$1,994","$1,595"
,80'S,,2,$146,$117
,OTHER,,287,"$120,337","$95,794"
,TOTAL,,296,"$122,477","$97,506"
50570,OTHER,,76,"$26,837","$21,373"
,TOTAL,,76,"$26,837","$21,373"
50572,80'S,,1,$51,$40
,OTHER,,52,"$29,550","$23,640"
,TOTAL,,53,"$29,600","$23,680"
50574,80'S,,1,$106,$84
,OTHER,,7,"$4,397","$3,518"
,TOTAL,,8,"$4,503","$3,602"
50575,80'S,,3,$386,$308
,OTHER,,465,"$367,873","$292,159"
,TOTAL,,468,"$368,259","$292,467"
50576,OTHER,,33,"$21,011","$16,078"
,TOTAL,,33,"$21,011","$16,078"
50578,OTHER,,3,"$1,435","$1,148"
,TOTAL,,3,"$1,435","$1,148"
50580,SG,,1,$300,$240
,80'S,,2,$105,$84
,OTHER,,61,"$32,557","$25,630"
,TOTAL,,64,"$32,962","$25,955"
50590,SG,,3,"$16,468","$13,108"
,OTHER,,"37,522","$23,174,472","$18,350,736"
,TOTAL,,"37,525","$23,190,939","$18,363,843"
50600,80'S,,29,"$3,816","$3,021"
,OTHER,,116,"$89,899","$71,250"
,TOTAL,,145,"$93,715","$74,271"
50605,80'S,,71,"$5,937","$4,750"
,OTHER,,415,"$226,245","$178,306"
,TOTAL,,486,"$232,182","$183,056"
50610,80'S,,70,"$9,916","$7,845"
,OTHER,,171,"$133,293","$104,896"
,TOTAL,,241,"$143,210","$112,741"
50620,80'S,,32,"$4,417","$3,533"
,OTHER,,85,"$69,346","$54,944"
,TOTAL,,117,"$73,762","$58,477"
50630,80'S,,58,"$8,035","$6,348"
,OTHER,,149,"$122,252","$97,073"
,TOTAL,,207,"$130,287","$103,421"
50650,80'S,,195,"$23,458","$18,387"
,OTHER,,405,"$294,314","$232,694"
,TOTAL,,600,"$317,772","$251,081"
50660,80'S,,18,"$2,956","$2,365"
,OTHER,,36,"$35,917","$28,677"
,TOTAL,,54,"$38,873","$31,042"
50684,SG,,203,"$35,456","$28,268"
,OTHER,,"2,238","$80,359","$63,565"
,TOTAL,,"2,441","$115,815","$91,833"
50686,OTHER,,25,"$1,250",$974
,TOTAL,,25,"$1,250",$974
50688,SG,,7,"$1,198",$959
,OTHER,,922,"$64,209","$50,427"
,TOTAL,,929,"$65,407","$51,385"
50690,SG,,11,"$3,235","$2,588"
,OTHER,,"3,481","$306,918","$239,651"
,TOTAL,,"3,492","$310,153","$242,239"
50700,80'S,,27,"$3,406","$2,724"
,OTHER,,203,"$179,243","$141,790"
,TOTAL,,230,"$182,649","$144,514"
50715,80'S,,581,"$98,277","$77,638"
,OTHER,,"1,959","$2,062,709","$1,632,394"
,TOTAL,,"2,540","$2,160,986","$1,710,033"
50722,80'S,,5,$596,$477
,OTHER,,22,"$17,189","$13,751"
,TOTAL,,27,"$17,785","$14,228"
50725,80'S,,5,$717,$574
,OTHER,,18,"$16,380","$13,104"
,TOTAL,,23,"$17,097","$13,677"
50727,80'S,,30,"$2,126","$1,700"
,OTHER,,163,"$73,799","$57,576"
,TOTAL,,193,"$75,925","$59,276"
50728,80'S,,25,"$2,712","$2,139"
,OTHER,,79,"$52,239","$41,681"
,TOTAL,,104,"$54,950","$43,820"
50740,80'S,,12,"$2,136","$1,565"
,OTHER,,65,"$62,893","$49,360"
,TOTAL,,77,"$65,029","$50,925"
50750,80'S,,2,$291,$232
,OTHER,,7,"$6,885","$5,508"
,TOTAL,,9,"$7,175","$5,740"
50760,80'S,,130,"$20,735","$16,322"
,OTHER,,460,"$458,816","$363,748"
,TOTAL,,590,"$479,551","$380,070"
50770,80'S,,8,"$1,345","$1,076"
,OTHER,,35,"$36,765","$29,412"
,TOTAL,,43,"$38,110","$30,488"
50780,80'S,,262,"$44,890","$34,751"
,OTHER,,975,"$1,049,093","$826,823"
,TOTAL,,"1,237","$1,093,983","$861,573"
50782,OTHER,,30,"$16,162","$12,929"
,TOTAL,,30,"$16,162","$12,929"
50783,80'S,,4,$796,$637
,OTHER,,14,"$15,238","$12,110"
,TOTAL,,18,"$16,033","$12,747"
50785,80'S,,120,"$23,458","$18,711"
,OTHER,,341,"$391,526","$311,806"
,TOTAL,,461,"$414,984","$330,517"
50800,80'S,,38,"$5,719","$4,575"
,OTHER,,127,"$113,387","$89,705"
,TOTAL,,165,"$119,106","$94,280"
50810,80'S,,6,"$1,112",$890
,OTHER,,30,"$28,170","$22,536"
,TOTAL,,36,"$29,282","$23,426"
50815,80'S,,28,"$6,122","$4,897"
,OTHER,,85,"$111,720","$89,376"
,TOTAL,,113,"$117,842","$94,273"
50820,80'S,,352,"$77,026","$60,344"
,OTHER,,984,"$1,301,310","$1,026,534"
,TOTAL,,"1,336","$1,378,337","$1,086,878"
50825,80'S,,33,"$9,737","$7,789"
,OTHER,,156,"$282,487","$224,479"
,TOTAL,,189,"$292,223","$232,269"
50830,80'S,,16,"$4,665","$3,695"
,OTHER,,62,"$100,219","$78,941"
,TOTAL,,78,"$104,884","$82,636"
50840,80'S,,11,"$1,941","$1,553"
,OTHER,,37,"$41,458","$32,089"
,TOTAL,,48,"$43,399","$33,642"
50845,80'S,,14,"$2,418","$1,935"
,OTHER,,59,"$59,249","$46,615"
,TOTAL,,73,"$61,667","$48,549"
50860,80'S,,16,"$1,947","$1,558"
,OTHER,,50,"$43,613","$34,810"
,TOTAL,,66,"$45,560","$36,368"
50900,80'S,,8,$975,$780
,OTHER,,99,"$71,265","$56,857"
,TOTAL,,107,"$72,240","$57,637"
50920,80'S,,4,$341,$273
,OTHER,,15,"$11,189","$8,951"
,TOTAL,,19,"$11,530","$9,224"
50930,80'S,,1,$172,$137
,OTHER,,11,"$7,771","$6,217"
,TOTAL,,12,"$7,942","$6,354"
50940,OTHER,,10,"$7,411","$5,929"
,TOTAL,,10,"$7,411","$5,929"
50945,80'S,,1,$72,$57
,OTHER,,2,"$1,290","$1,032"
,TOTAL,,3,"$1,362","$1,089"
50951,SG,,44,"$7,667","$6,134"
,OTHER,,209,"$52,015","$41,112"
,TOTAL,,253,"$59,682","$47,246"
50953,SG,,3,$484,$387
,OTHER,,206,"$54,526","$43,324"
,TOTAL,,209,"$55,010","$43,711"
50955,OTHER,,70,"$20,649","$16,440"
,TOTAL,,70,"$20,649","$16,440"
50957,SG,,1,$157,$125
,OTHER,,39,"$11,597","$9,278"
,TOTAL,,40,"$11,754","$9,403"
50959,OTHER,,26,"$3,702","$2,962"
,TOTAL,,26,"$3,702","$2,962"
50961,SG,,1,$299,$240
,OTHER,,111,"$33,520","$26,569"
,TOTAL,,112,"$33,819","$26,809"
50970,OTHER,,62,"$20,481","$16,385"
,TOTAL,,62,"$20,481","$16,385"
50972,OTHER,,87,"$21,730","$17,362"
,TOTAL,,87,"$21,730","$17,362"
50974,OTHER,,13,"$6,797","$5,438"
,TOTAL,,13,"$6,797","$5,438"
50976,80'S,,1,$93,$75
,OTHER,,21,"$9,626","$7,701"
,TOTAL,,22,"$9,719","$7,775"
50978,OTHER,,1,$159,$127
,TOTAL,,1,$159,$127
50980,OTHER,,61,"$18,780","$14,964"
,TOTAL,,61,"$18,780","$14,964"
51000,OTHER,,168,"$7,402","$5,357"
,TOTAL,,168,"$7,402","$5,357"
51005,SG,,3,$624,$499
,OTHER,,636,"$40,246","$30,425"
,TOTAL,,639,"$40,870","$30,923"
51010,SG,,109,"$27,488","$21,911"
,80'S,,13,$249,$199
,OTHER,,"14,245","$2,120,500","$1,673,493"
,TOTAL,,"14,367","$2,148,237","$1,695,603"
51020,SG,,8,"$4,707","$3,686"
,80'S,,9,$484,$387
,OTHER,,190,"$72,831","$58,132"
,TOTAL,,207,"$78,022","$62,205"
51030,SG,,2,"$1,108",$886
,OTHER,,28,"$8,338","$6,649"
,TOTAL,,30,"$9,445","$7,535"
51040,SG,,82,"$48,056","$38,032"
,80'S,,497,"$18,364","$14,607"
,OTHER,,"7,160","$1,995,006","$1,580,994"
,TOTAL,,"7,739","$2,061,427","$1,633,633"
51045,SG,,21,"$12,512","$10,009"
,80'S,,80,"$3,714","$2,878"
,OTHER,,"1,163","$384,687","$304,386"
,TOTAL,,"1,264","$400,913","$317,273"
51050,80'S,,165,"$11,165","$8,928"
,OTHER,,"1,235","$484,894","$385,122"
,TOTAL,,"1,400","$496,059","$394,050"
51060,80'S,,2,$168,$135
,OTHER,,22,"$12,240","$9,792"
,TOTAL,,24,"$12,408","$9,927"
51065,OTHER,,165,"$61,759","$48,803"
,TOTAL,,165,"$61,759","$48,803"
51080,80'S,,13,$524,$414
,OTHER,,100,"$31,522","$25,138"
,TOTAL,,113,"$32,046","$25,551"
51500,80'S,,7,$457,$366
,OTHER,,55,"$24,981","$19,671"
,TOTAL,,62,"$25,438","$20,037"
51520,80'S,,11,$800,$640
,OTHER,,70,"$37,150","$29,640"
,TOTAL,,81,"$37,950","$30,280"
51525,80'S,,174,"$19,664","$15,616"
,OTHER,,364,"$257,952","$205,379"
,TOTAL,,538,"$277,616","$220,995"
51530,80'S,,48,"$4,940","$3,907"
,OTHER,,182,"$116,478","$92,277"
,TOTAL,,230,"$121,418","$96,184"
51535,80'S,,9,$707,$539
,OTHER,,69,"$40,522","$31,915"
,TOTAL,,78,"$41,229","$32,454"
51550,80'S,,386,"$50,974","$40,639"
,OTHER,,"1,054","$834,909","$662,781"
,TOTAL,,"1,440","$885,883","$703,420"
51555,80'S,,221,"$43,147","$34,372"
,OTHER,,578,"$659,630","$524,920"
,TOTAL,,799,"$702,777","$559,292"
51565,80'S,,65,"$13,595","$10,690"
,OTHER,,168,"$207,609","$165,810"
,TOTAL,,233,"$221,203","$176,500"
51570,80'S,,61,"$14,194","$11,356"
,OTHER,,130,"$172,446","$136,817"
,TOTAL,,191,"$186,640","$148,173"
51575,80'S,,90,"$26,820","$21,410"
,OTHER,,242,"$440,192","$349,450"
,TOTAL,,332,"$467,011","$370,860"
51580,80'S,,17,"$4,934","$3,868"
,OTHER,,36,"$63,024","$50,373"
,TOTAL,,53,"$67,959","$54,241"
51585,80'S,,28,"$9,093","$7,274"
,OTHER,,48,"$98,771","$79,017"
,TOTAL,,76,"$107,865","$86,292"
51590,80'S,,617,"$195,095","$155,429"
,OTHER,,"1,134","$2,126,980","$1,689,814"
,TOTAL,,"1,751","$2,322,075","$1,845,243"
51595,80'S,,"1,300","$488,446","$388,063"
,OTHER,,"2,546","$5,830,115","$4,639,595"
,TOTAL,,"3,846","$6,318,562","$5,027,658"
51596,80'S,,283,"$113,919","$90,584"
,OTHER,,702,"$1,720,116","$1,365,850"
,TOTAL,,985,"$1,834,036","$1,456,435"
51597,80'S,,191,"$72,602","$57,840"
,OTHER,,547,"$1,059,313","$845,744"
,TOTAL,,738,"$1,131,916","$903,584"
51600,SG,,369,"$72,052","$57,372"
,80'S,,1,$4,$3
,OTHER,,"30,020","$2,037,952","$1,601,695"
,TOTAL,,"30,390","$2,110,008","$1,659,070"
51605,OTHER,,252,"$11,057","$8,709"
,TOTAL,,252,"$11,057","$8,709"
51610,SG,,74,"$12,989","$10,356"
,OTHER,,"5,599","$389,954","$307,261"
,TOTAL,,"5,673","$402,943","$317,617"
51700,OTHER,,"60,449","$4,959,089","$3,818,214"
,TOTAL,,"60,449","$4,959,089","$3,818,214"
51705,OTHER,,"35,205","$2,789,347","$2,108,141"
,TOTAL,,"35,205","$2,789,347","$2,108,141"
51710,SG,,53,"$15,013","$11,930"
,80'S,,2,$32,$26
,OTHER,,"5,067","$601,777","$464,780"
,TOTAL,,"5,122","$616,822","$476,736"
51715,80'S,,2,$68,$54
,OTHER,,"16,438","$3,662,665","$2,874,991"
,TOTAL,,"16,440","$3,662,733","$2,875,046"
51720,OTHER,,"177,355","$24,367,305","$19,141,897"
,TOTAL,,"177,355","$24,367,305","$19,141,897"
51725,SG,,491,"$82,452","$65,700"
,80'S,,1,$15,$12
,OTHER,,"18,669","$1,224,735","$949,909"
,TOTAL,,"19,161","$1,307,201","$1,015,621"
51726,SG,,"6,630","$1,586,935","$1,259,161"
,OTHER,,"135,678","$10,109,865","$7,845,859"
,TOTAL,,"142,308","$11,696,800","$9,105,021"
51736,OTHER,,"13,226","$395,673","$296,715"
,TOTAL,,"13,226","$395,673","$296,715"
51741,OTHER,,"286,039","$15,575,588","$11,763,230"
,TOTAL,,"286,039","$15,575,588","$11,763,230"
51772,SG,,830,"$170,562","$135,628"
,OTHER,,"30,232","$1,582,610","$1,251,536"
,TOTAL,,"31,062","$1,753,172","$1,387,164"
51784,OTHER,,"56,562","$3,733,105","$2,915,045"
,TOTAL,,"56,562","$3,733,105","$2,915,045"
51785,SG,,"1,197","$223,725","$178,082"
,OTHER,,"19,491","$978,102","$774,127"
,TOTAL,,"20,688","$1,201,827","$952,209"
51792,OTHER,,"6,437","$683,442","$537,415"
,TOTAL,,"6,437","$683,442","$537,415"
51795,OTHER,,"64,767","$5,403,215","$4,255,159"
,TOTAL,,"64,767","$5,403,215","$4,255,159"
51797,OTHER,,"53,542","$2,631,674","$2,082,103"
,TOTAL,,"53,542","$2,631,674","$2,082,103"
51800,80'S,,121,"$16,311","$13,049"
,OTHER,,472,"$365,138","$289,638"
,TOTAL,,593,"$381,449","$302,687"
51820,80'S,,8,"$1,280","$1,024"
,OTHER,,33,"$14,106","$11,161"
,TOTAL,,41,"$15,386","$12,186"
51840,80'S,,"2,018","$199,504","$157,371"
,OTHER,,"5,315","$3,159,167","$2,490,698"
,TOTAL,,"7,333","$3,358,671","$2,648,069"
51841,80'S,,470,"$56,271","$44,083"
,OTHER,,"1,276","$951,475","$750,602"
,TOTAL,,"1,746","$1,007,746","$794,685"
51845,80'S,,615,"$61,672","$48,698"
,OTHER,,"3,164","$1,988,168","$1,571,632"
,TOTAL,,"3,779","$2,049,840","$1,620,330"
51860,80'S,,168,"$14,669","$11,644"
,OTHER,,937,"$530,972","$420,881"
,TOTAL,,"1,105","$545,641","$432,525"
51865,SG,,2,$874,$699
,80'S,,166,"$22,201","$17,739"
,OTHER,,582,"$497,220","$396,566"
,TOTAL,,750,"$520,296","$415,005"
51880,SG,,1,$167,$134
,80'S,,20,"$1,055",$844
,OTHER,,166,"$58,496","$46,176"
,TOTAL,,187,"$59,718","$47,153"
51900,80'S,,31,"$4,240","$3,392"
,OTHER,,100,"$73,969","$58,551"
,TOTAL,,131,"$78,210","$61,944"
51920,80'S,,1,$109,$87
,OTHER,,7,"$4,258","$3,406"
,TOTAL,,8,"$4,367","$3,493"
51925,80'S,,2,$279,$223
,OTHER,,4,"$3,908","$3,127"
,TOTAL,,6,"$4,187","$3,350"
51940,80'S,,1,$229,$183
,OTHER,,2,"$3,044","$2,435"
,TOTAL,,3,"$3,273","$2,618"
51960,80'S,,50,"$11,660","$9,230"
,OTHER,,184,"$267,552","$210,797"
,TOTAL,,234,"$279,212","$220,027"
51980,80'S,,10,$992,$794
,OTHER,,53,"$29,240","$22,795"
,TOTAL,,63,"$30,232","$23,588"
51990,80'S,,241,"$21,610","$17,104"
,OTHER,,533,"$287,138","$227,777"
,TOTAL,,774,"$308,747","$244,881"
51992,80'S,,88,"$9,623","$7,624"
,OTHER,,297,"$198,928","$157,941"
,TOTAL,,385,"$208,551","$165,565"
52000,SG,,"33,238","$10,095,823","$7,990,804"
,80'S,,5,$171,$137
,OTHER,,"802,431","$115,906,033","$88,177,127"
,TOTAL,,"835,674","$126,002,026","$96,168,068"
52005,SG,,"4,219","$1,642,857","$1,304,632"
,80'S,,5,$78,$62
,OTHER,,"62,182","$8,597,789","$6,749,453"
,TOTAL,,"66,406","$10,240,724","$8,054,148"
52007,SG,,28,"$11,028","$8,758"
,OTHER,,901,"$148,262","$115,835"
,TOTAL,,929,"$159,290","$124,593"
52010,SG,,3,"$1,250","$1,000"
,OTHER,,104,"$14,917","$11,722"
,TOTAL,,107,"$16,166","$12,722"
52204,SG,,"2,012","$813,954","$646,642"
,OTHER,,"30,676","$4,957,823","$3,871,199"
,TOTAL,,"32,688","$5,771,777","$4,517,841"
52214,SG,,575,"$230,192","$183,697"
,OTHER,,"12,166","$2,723,416","$2,145,902"
,TOTAL,,"12,741","$2,953,608","$2,329,599"
52224,SG,,"1,423","$565,978","$450,100"
,OTHER,,"20,727","$4,241,285","$3,326,799"
,TOTAL,,"22,150","$4,807,263","$3,776,899"
52234,SG,,"1,812","$749,037","$595,476"
,OTHER,,"30,445","$8,925,099","$7,050,137"
,TOTAL,,"32,257","$9,674,136","$7,645,613"
52235,SG,,"1,041","$499,293","$396,623"
,80'S,,1,$64,$51
,OTHER,,"30,484","$10,670,294","$8,453,850"
,TOTAL,,"31,526","$11,169,651","$8,850,524"
52240,SG,,578,"$280,263","$222,988"
,80'S,,1,$57,$46
,OTHER,,"24,301","$15,456,687","$12,280,691"
,TOTAL,,"24,880","$15,737,007","$12,503,725"
52250,SG,,24,"$13,798","$10,911"
,OTHER,,462,"$133,974","$105,115"
,TOTAL,,486,"$147,773","$116,026"
52260,SG,,562,"$224,305","$178,099"
,OTHER,,"5,843","$1,200,493","$938,650"
,TOTAL,,"6,405","$1,424,798","$1,116,748"
52265,OTHER,,"1,495","$278,542","$217,018"
,TOTAL,,"1,495","$278,542","$217,018"
52270,SG,,60,"$21,037","$16,622"
,OTHER,,813,"$184,591","$145,970"
,TOTAL,,873,"$205,629","$162,592"
52275,SG,,177,"$68,563","$54,206"
,OTHER,,"1,954","$537,665","$424,187"
,TOTAL,,"2,131","$606,227","$478,393"
52276,SG,,739,"$343,687","$273,730"
,OTHER,,"13,710","$4,168,662","$3,292,491"
,TOTAL,,"14,449","$4,512,349","$3,566,221"
52277,SG,,6,"$1,592","$1,274"
,80'S,,1,$60,$48
,OTHER,,162,"$50,577","$39,967"
,TOTAL,,169,"$52,229","$41,288"
52281,SG,,"5,468","$2,190,759","$1,741,259"
,OTHER,,"107,288","$20,409,903","$15,886,321"
,TOTAL,,"112,756","$22,600,662","$17,627,580"
52282,80'S,,3,$158,$101
,OTHER,,"1,186","$420,106","$331,541"
,TOTAL,,"1,189","$420,263","$331,643"
52283,SG,,26,"$8,051","$6,441"
,OTHER,,407,"$52,380","$41,474"
,TOTAL,,433,"$60,431","$47,914"
52285,SG,,406,"$164,566","$131,014"
,OTHER,,"10,621","$2,896,243","$2,272,860"
,TOTAL,,"11,027","$3,060,809","$2,403,874"
52290,SG,,24,"$8,194","$6,522"
,OTHER,,400,"$73,074","$57,766"
,TOTAL,,424,"$81,268","$64,287"
52300,SG,,5,"$1,632","$1,306"
,OTHER,,176,"$42,197","$33,429"
,TOTAL,,181,"$43,830","$34,735"
52301,OTHER,,191,"$16,793","$13,202"
,TOTAL,,191,"$16,793","$13,202"
52305,SG,,5,"$1,899","$1,519"
,OTHER,,264,"$56,839","$45,209"
,TOTAL,,269,"$58,738","$46,728"
52310,SG,,"2,213","$846,654","$670,934"
,80'S,,1,$16,$13
,OTHER,,"57,770","$15,005,746","$11,799,225"
,TOTAL,,"59,984","$15,852,416","$12,470,172"
52315,SG,,331,"$130,376","$103,473"
,80'S,,1,$55,$44
,OTHER,,"4,018","$1,340,950","$1,057,486"
,TOTAL,,"4,350","$1,471,381","$1,161,003"
52317,SG,,172,"$44,525","$35,082"
,OTHER,,"6,145","$2,209,931","$1,748,298"
,TOTAL,,"6,317","$2,254,456","$1,783,380"
52318,SG,,108,"$42,985","$34,006"
,OTHER,,"5,382","$2,630,301","$2,083,376"
,TOTAL,,"5,490","$2,673,286","$2,117,382"
52320,SG,,86,"$58,917","$46,763"
,80'S,,1,$81,$65
,OTHER,,"1,856","$514,416","$406,525"
,TOTAL,,"1,943","$573,414","$453,353"
52325,SG,,36,"$18,914","$15,002"
,OTHER,,866,"$301,010","$238,629"
,TOTAL,,902,"$319,924","$253,631"
52327,OTHER,,192,"$56,084","$44,594"
,TOTAL,,192,"$56,084","$44,594"
52330,SG,,38,"$13,485","$10,764"
,OTHER,,"1,989","$539,015","$425,948"
,TOTAL,,"2,027","$552,500","$436,713"
52332,SG,,"1,306","$488,585","$387,867"
,80'S,,2,$38,$30
,OTHER,,"66,105","$10,915,100","$8,623,813"
,TOTAL,,"67,413","$11,403,723","$9,011,710"
52334,SG,,26,"$12,058","$9,266"
,OTHER,,728,"$186,772","$148,052"
,TOTAL,,754,"$198,830","$157,318"
52335,SG,,555,"$261,314","$208,195"
,80'S,,2,$125,$100
,OTHER,,"17,275","$5,735,474","$4,529,895"
,TOTAL,,"17,832","$5,996,913","$4,738,190"
52336,SG,,270,"$156,649","$124,234"
,OTHER,,"12,941","$5,548,260","$4,377,105"
,TOTAL,,"13,211","$5,704,908","$4,501,339"
52337,SG,,322,"$182,970","$145,752"
,80'S,,5,$468,$375
,OTHER,,"11,567","$5,858,134","$4,636,501"
,TOTAL,,"11,894","$6,041,572","$4,782,628"
52338,SG,,100,"$59,622","$47,222"
,OTHER,,"3,921","$1,675,431","$1,328,072"
,TOTAL,,"4,021","$1,735,053","$1,375,295"
52339,80'S,,1,$76,$61
,OTHER,,563,"$275,440","$219,252"
,TOTAL,,564,"$275,516","$219,313"
52340,SG,,179,"$82,450","$65,410"
,OTHER,,"2,718","$1,457,897","$1,155,304"
,TOTAL,,"2,897","$1,540,347","$1,220,714"
52450,SG,,124,"$58,762","$46,823"
,OTHER,,"2,882","$1,323,059","$1,047,407"
,TOTAL,,"3,006","$1,381,822","$1,094,230"
52500,SG,,382,"$175,194","$139,189"
,OTHER,,"6,972","$3,816,884","$3,027,009"
,TOTAL,,"7,354","$3,992,079","$3,166,198"
52510,OTHER,,93,"$41,360","$33,054"
,TOTAL,,93,"$41,360","$33,054"
52601,SG,,715,"$422,174","$336,316"
,80'S,,3,$452,$362
,OTHER,,"87,414","$72,317,676","$57,400,729"
,TOTAL,,"88,132","$72,740,303","$57,737,407"
52606,SG,,6,"$1,715","$1,372"
,OTHER,,571,"$240,460","$190,514"
,TOTAL,,577,"$242,174","$191,886"
52612,SG,,17,"$6,270","$5,016"
,OTHER,,423,"$231,702","$183,524"
,TOTAL,,440,"$237,972","$188,540"
52614,OTHER,,247,"$112,218","$89,088"
,TOTAL,,247,"$112,218","$89,088"
52620,SG,,9,"$2,663","$2,130"
,OTHER,,916,"$413,914","$328,225"
,TOTAL,,925,"$416,577","$330,355"
52630,SG,,24,"$9,096","$7,276"
,OTHER,,"3,871","$2,085,482","$1,660,460"
,TOTAL,,"3,895","$2,094,578","$1,667,737"
52640,SG,,83,"$34,176","$27,206"
,OTHER,,"2,719","$1,200,686","$949,452"
,TOTAL,,"2,802","$1,234,863","$976,658"
52647,OTHER,,"2,713","$1,839,350","$1,454,871"
,TOTAL,,"2,713","$1,839,350","$1,454,871"
52648,OTHER,,"3,110","$2,256,867","$1,788,749"
,TOTAL,,"3,110","$2,256,867","$1,788,749"
52700,SG,,1,$452,$361
,OTHER,,46,"$13,453","$10,763"
,TOTAL,,47,"$13,905","$11,124"
53000,SG,,6,"$1,550","$1,240"
,OTHER,,236,"$24,362","$19,017"
,TOTAL,,242,"$25,912","$20,257"
53010,SG,,3,$779,$623
,OTHER,,361,"$46,825","$36,745"
,TOTAL,,364,"$47,604","$37,369"
53020,SG,,50,"$12,537","$9,940"
,OTHER,,"1,015","$82,573","$64,323"
,TOTAL,,"1,065","$95,111","$74,263"
53025,OTHER,,2,$215,$121
,TOTAL,,2,$215,$121
53040,SG,,3,"$1,078",$862
,OTHER,,97,"$37,085","$29,313"
,TOTAL,,100,"$38,163","$30,175"
53060,OTHER,,27,"$3,678","$2,565"
,TOTAL,,27,"$3,678","$2,565"
53080,OTHER,,9,"$3,717","$2,509"
,TOTAL,,9,"$3,717","$2,509"
53085,80'S,,1,$52,$35
,OTHER,,14,"$8,974","$7,180"
,TOTAL,,15,"$9,026","$7,214"
53200,SG,,19,"$4,532","$3,626"
,OTHER,,642,"$67,629","$52,949"
,TOTAL,,661,"$72,162","$56,575"
53210,SG,,3,"$1,929","$1,543"
,80'S,,19,"$1,578","$1,263"
,OTHER,,82,"$42,523","$34,001"
,TOTAL,,104,"$46,030","$36,806"
53215,SG,,1,$658,$527
,80'S,,87,"$9,376","$7,214"
,OTHER,,275,"$203,101","$158,936"
,TOTAL,,363,"$213,135","$166,676"
53220,SG,,1,$405,$324
,80'S,,1,$68,$54
,OTHER,,155,"$59,277","$47,004"
,TOTAL,,157,"$59,750","$47,383"
53230,SG,,1,$419,$335
,80'S,,31,"$2,902","$2,276"
,OTHER,,185,"$103,278","$81,996"
,TOTAL,,217,"$106,599","$84,607"
53235,SG,,1,$506,$405
,80'S,,6,$528,$422
,OTHER,,42,"$21,545","$17,121"
,TOTAL,,49,"$22,578","$17,948"
53240,SG,,1,$417,$333
,OTHER,,27,"$9,517","$7,613"
,TOTAL,,28,"$9,933","$7,947"
53250,OTHER,,6,"$1,906","$1,305"
,TOTAL,,6,"$1,906","$1,305"
53260,SG,,9,"$3,346","$2,677"
,OTHER,,397,"$65,903","$51,744"
,TOTAL,,406,"$69,250","$54,421"
53265,SG,,49,"$19,763","$15,724"
,OTHER,,"1,162","$214,256","$168,923"
,TOTAL,,"1,211","$234,019","$184,647"
53270,OTHER,,18,"$2,679","$2,143"
,TOTAL,,18,"$2,679","$2,143"
53275,SG,,12,"$4,978","$3,903"
,OTHER,,328,"$83,597","$66,383"
,TOTAL,,340,"$88,575","$70,286"
53400,SG,,1,$455,$364
,80'S,,22,"$2,275","$1,820"
,OTHER,,155,"$104,263","$82,939"
,TOTAL,,178,"$106,993","$85,123"
53405,80'S,,3,$437,$349
,OTHER,,19,"$16,741","$13,345"
,TOTAL,,22,"$17,178","$13,694"
53410,SG,,2,$811,$649
,80'S,,34,"$5,068","$4,010"
,OTHER,,215,"$195,186","$154,524"
,TOTAL,,251,"$201,065","$159,182"
53415,80'S,,17,"$3,112","$2,484"
,OTHER,,101,"$111,865","$89,412"
,TOTAL,,118,"$114,978","$91,896"
53420,OTHER,,35,"$12,442","$9,612"
,TOTAL,,35,"$12,442","$9,612"
53425,80'S,,1,$143,$115
,OTHER,,8,"$7,203","$4,997"
,TOTAL,,9,"$7,346","$5,112"
53430,SG,,1,$452,$361
,80'S,,55,"$8,100","$6,415"
,OTHER,,272,"$229,281","$181,015"
,TOTAL,,328,"$237,833","$187,791"
53440,SG,,1,$403,$322
,80'S,,59,"$7,692","$6,073"
,OTHER,,219,"$172,886","$137,180"
,TOTAL,,279,"$180,981","$143,576"
53442,SG,,2,$447,$358
,80'S,,6,$541,$433
,OTHER,,48,"$21,428","$17,143"
,TOTAL,,56,"$22,416","$17,933"
53443,80'S,,21,"$2,172","$1,738"
,OTHER,,38,"$28,176","$22,541"
,TOTAL,,59,"$30,348","$24,279"
53445,80'S,,412,"$64,459","$50,570"
,OTHER,,"1,601","$1,519,023","$1,199,128"
,TOTAL,,"2,013","$1,583,482","$1,249,698"
53447,SG,,11,"$2,975","$2,380"
,80'S,,181,"$22,792","$18,061"
,OTHER,,"1,217","$910,239","$719,345"
,TOTAL,,"1,409","$936,006","$739,786"
53449,80'S,,1,$97,$78
,OTHER,,29,"$17,220","$13,753"
,TOTAL,,30,"$17,317","$13,830"
53450,SG,,12,"$2,802","$2,241"
,OTHER,,229,"$69,431","$54,576"
,TOTAL,,241,"$72,232","$56,818"
53460,SG,,2,$459,$368
,80'S,,1,$72,$58
,OTHER,,59,"$20,406","$16,191"
,TOTAL,,62,"$20,937","$16,616"
53502,SG,,1,$404,$323
,OTHER,,41,"$17,087","$13,639"
,TOTAL,,42,"$17,491","$13,962"
53505,SG,,2,$911,$729
,80'S,,5,$276,$221
,OTHER,,41,"$14,536","$11,417"
,TOTAL,,48,"$15,723","$12,367"
53510,80'S,,1,$97,$77
,OTHER,,35,"$14,870","$11,896"
,TOTAL,,36,"$14,966","$11,973"
53515,80'S,,1,$137,$110
,OTHER,,14,"$9,634","$7,707"
,TOTAL,,15,"$9,771","$7,817"
53520,OTHER,,48,"$23,315","$18,603"
,TOTAL,,48,"$23,315","$18,603"
53600,SG,,2,$647,$474
,OTHER,,"15,581","$1,438,955","$1,078,801"
,TOTAL,,"15,583","$1,439,601","$1,079,275"
53601,OTHER,,"25,802","$2,360,834","$1,745,258"
,TOTAL,,"25,802","$2,360,834","$1,745,258"
53605,SG,,32,"$12,815","$10,252"
,OTHER,,950,"$48,603","$37,603"
,TOTAL,,982,"$61,418","$47,855"
53620,80'S,,1,$37,$30
,OTHER,,"12,608","$1,458,884","$1,119,588"
,TOTAL,,"12,609","$1,458,921","$1,119,617"
53621,OTHER,,"9,253","$1,207,580","$903,993"
,TOTAL,,"9,253","$1,207,580","$903,993"
53660,SG,,2,$466,$373
,OTHER,,"37,747","$3,010,750","$2,240,225"
,TOTAL,,"37,749","$3,011,216","$2,240,597"
53661,SG,,6,"$1,804","$1,444"
,OTHER,,"64,590","$5,466,053","$4,008,140"
,TOTAL,,"64,596","$5,467,857","$4,009,584"
53665,SG,,23,"$5,921","$4,737"
,OTHER,,754,"$24,730","$18,731"
,TOTAL,,777,"$30,651","$23,468"
53670,80'S,,14,$49,$39
,OTHER,,"172,793","$9,943,999","$7,529,637"
,TOTAL,,"172,807","$9,944,048","$7,529,676"
53675,OTHER,,"39,573","$4,017,905","$3,122,149"
,TOTAL,,"39,573","$4,017,905","$3,122,149"
53850,OTHER,,"7,084","$4,177,274","$3,300,819"
,TOTAL,,"7,084","$4,177,274","$3,300,819"
53852,OTHER,,"1,923","$1,113,557","$880,790"
,TOTAL,,"1,923","$1,113,557","$880,790"
53899,SG,,5,"$1,769","$1,415"
,80'S,,25,"$4,338","$3,470"
,OTHER,,988,"$423,100","$338,059"
,TOTAL,,"1,018","$429,207","$342,944"
54000,OTHER,MALE GENITAL,61,"$5,516","$4,163"
,TOTAL,,61,"$5,516","$4,163"
54001,SG,,70,"$27,971","$22,362"
,OTHER,,"1,808","$241,187","$188,212"
,TOTAL,,"1,878","$269,158","$210,575"
54015,SG,,3,"$1,728","$1,383"
,OTHER,,127,"$30,051","$23,801"
,TOTAL,,130,"$31,779","$25,183"
54050,OTHER,,883,"$73,152","$54,298"
,TOTAL,,883,"$73,152","$54,298"
54055,OTHER,,667,"$88,932","$67,403"
,TOTAL,,667,"$88,932","$67,403"
54056,OTHER,,"1,696","$164,544","$119,803"
,TOTAL,,"1,696","$164,544","$119,803"
54057,SG,,31,"$8,961","$6,956"
,OTHER,,347,"$29,305","$22,257"
,TOTAL,,378,"$38,267","$29,213"
54060,SG,,83,"$22,402","$17,826"
,OTHER,,675,"$89,170","$68,809"
,TOTAL,,758,"$111,572","$86,635"
54065,SG,,34,"$8,835","$7,068"
,OTHER,,859,"$167,260","$130,372"
,TOTAL,,893,"$176,094","$137,440"
54100,SG,,64,"$17,195","$13,537"
,OTHER,,"1,759","$196,647","$150,352"
,TOTAL,,"1,823","$213,843","$163,889"
54105,SG,,19,"$4,839","$3,871"
,OTHER,,315,"$51,979","$41,126"
,TOTAL,,334,"$56,818","$44,997"
54110,SG,,2,$603,$483
,80'S,,1,$95,$76
,OTHER,,52,"$27,700","$21,680"
,TOTAL,,55,"$28,398","$22,238"
54111,80'S,,8,$872,$697
,OTHER,,41,"$28,355","$22,503"
,TOTAL,,49,"$29,227","$23,200"
54112,80'S,,5,$757,$513
,OTHER,,34,"$33,650","$25,075"
,TOTAL,,39,"$34,407","$25,588"
54115,SG,,1,$332,$266
,80'S,,6,$313,$251
,OTHER,,75,"$27,427","$21,721"
,TOTAL,,82,"$28,073","$22,238"
54120,SG,,4,"$1,619","$1,295"
,80'S,,72,"$7,283","$5,826"
,OTHER,,507,"$306,278","$243,852"
,TOTAL,,583,"$315,179","$250,974"
54125,SG,,1,$385,$308
,80'S,,24,"$3,385","$2,708"
,OTHER,,140,"$112,836","$88,800"
,TOTAL,,165,"$116,605","$91,816"
54130,80'S,,4,$776,$621
,OTHER,,17,"$18,886","$15,108"
,TOTAL,,21,"$19,661","$15,729"
54135,OTHER,,2,"$3,622","$2,898"
,TOTAL,,2,"$3,622","$2,898"
54150,OTHER,,10,"$1,074",$815
,TOTAL,,10,"$1,074",$815
54152,SG,,51,"$14,996","$11,686"
,80'S,,1,$29,$23
,OTHER,,476,"$58,223","$45,271"
,TOTAL,,528,"$73,247","$56,980"
54160,OTHER,,35,"$4,715","$3,736"
,TOTAL,,35,"$4,715","$3,736"
54161,SG,,"1,165","$474,526","$374,976"
,OTHER,,"12,953","$2,450,819","$1,912,479"
,TOTAL,,"14,118","$2,925,345","$2,287,455"
54200,OTHER,,"1,134","$88,692","$66,276"
,TOTAL,,"1,134","$88,692","$66,276"
54205,SG,,2,"$1,167",$934
,OTHER,,3,$678,$428
,TOTAL,,5,"$1,846","$1,362"
54220,SG,,1,$153,$122
,OTHER,,250,"$33,144","$25,615"
,TOTAL,,251,"$33,297","$25,737"
54230,OTHER,,76,"$4,888","$3,608"
,TOTAL,,76,"$4,888","$3,608"
54231,OTHER,,426,"$58,626","$46,198"
,TOTAL,,426,"$58,626","$46,198"
54235,OTHER,,"14,938","$1,029,055","$758,150"
,TOTAL,,"14,938","$1,029,055","$758,150"
54240,OTHER,,"2,013","$142,357","$109,336"
,TOTAL,,"2,013","$142,357","$109,336"
54250,OTHER,,"3,645","$430,771","$335,776"
,TOTAL,,"3,645","$430,771","$335,776"
54300,SG,,4,"$1,956","$1,565"
,80'S,,4,$404,$323
,OTHER,,67,"$37,309","$28,880"
,TOTAL,,75,"$39,670","$30,768"
54304,80'S,,1,$119,$95
,OTHER,,17,"$13,482","$10,625"
,TOTAL,,18,"$13,601","$10,721"
54308,OTHER,,7,"$4,984","$3,942"
,TOTAL,,7,"$4,984","$3,942"
54312,OTHER,,2,"$1,723","$1,378"
,TOTAL,,2,"$1,723","$1,378"
54316,80'S,,1,$159,$47
,OTHER,,4,"$4,208","$3,366"
,TOTAL,,5,"$4,367","$3,413"
54318,OTHER,,1,$433,$346
,TOTAL,,1,$433,$346
54322,80'S,,2,$246,$197
,OTHER,,16,"$11,821","$9,435"
,TOTAL,,18,"$12,067","$9,632"
54324,80'S,,2,$328,$263
,OTHER,,10,"$10,773","$8,618"
,TOTAL,,12,"$11,101","$8,881"
54326,OTHER,,7,"$5,729","$4,583"
,TOTAL,,7,"$5,729","$4,583"
54328,OTHER,,2,"$1,516","$1,213"
,TOTAL,,2,"$1,516","$1,213"
54332,80'S,,1,$179,$143
,OTHER,,2,"$2,332","$1,866"
,TOTAL,,3,"$2,511","$2,009"
54336,OTHER,,2,"$2,806","$2,245"
,TOTAL,,2,"$2,806","$2,245"
54340,OTHER,,4,"$1,873","$1,498"
,TOTAL,,4,"$1,873","$1,498"
54344,80'S,,1,$160,$128
,OTHER,,6,"$6,454","$5,163"
,TOTAL,,7,"$6,614","$5,291"
54348,80'S,,1,$170,$136
,OTHER,,4,"$4,264","$3,411"
,TOTAL,,5,"$4,434","$3,548"
54352,80'S,,1,$232,$186
,OTHER,,12,"$18,174","$14,183"
,TOTAL,,13,"$18,406","$14,368"
54360,SG,,5,"$2,089","$1,671"
,80'S,,24,"$2,459","$1,967"
,OTHER,,275,"$166,561","$129,584"
,TOTAL,,304,"$171,109","$133,222"
54380,OTHER,,2,"$1,543",$974
,TOTAL,,2,"$1,543",$974
54400,80'S,,8,$909,$727
,OTHER,,725,"$447,755","$353,758"
,TOTAL,,733,"$448,664","$354,485"
54401,OTHER,,239,"$168,135","$132,393"
,TOTAL,,239,"$168,135","$132,393"
54402,80'S,,52,"$4,736","$3,789"
,OTHER,,517,"$272,531","$215,812"
,TOTAL,,569,"$277,268","$219,601"
54405,80'S,,943,"$139,471","$110,233"
,OTHER,,"3,954","$3,589,132","$2,833,731"
,TOTAL,,"4,897","$3,728,603","$2,943,963"
54407,80'S,,403,"$54,356","$42,969"
,OTHER,,"2,239","$1,717,867","$1,357,573"
,TOTAL,,"2,642","$1,772,223","$1,400,542"
54409,80'S,,12,"$1,392","$1,114"
,OTHER,,89,"$61,203","$47,789"
,TOTAL,,101,"$62,596","$48,903"
54420,80'S,,2,$176,$141
,OTHER,,13,"$7,943","$6,251"
,TOTAL,,15,"$8,119","$6,392"
54430,80'S,,1,$118,$94
,OTHER,,49,"$30,650","$24,226"
,TOTAL,,50,"$30,768","$24,320"
54435,OTHER,,57,"$21,425","$17,102"
,TOTAL,,57,"$21,425","$17,102"
54440,SG,,1,$587,$470
,80'S,,6,$815,$652
,OTHER,,81,"$58,342","$46,595"
,TOTAL,,88,"$59,744","$47,717"
54450,SG,,19,"$5,071","$4,056"
,OTHER,,"1,537","$92,408","$71,340"
,TOTAL,,"1,556","$97,478","$75,397"
54500,SG,,1,$161,$128
,OTHER,,37,"$3,456","$2,707"
,TOTAL,,38,"$3,617","$2,835"
54505,SG,,5,"$1,395","$1,116"
,80'S,,1,$34,$27
,OTHER,,112,"$22,509","$17,754"
,TOTAL,,118,"$23,938","$18,897"
54510,SG,,17,"$6,194","$4,875"
,OTHER,,196,"$49,589","$39,107"
,TOTAL,,213,"$55,782","$43,982"
54520,SG,,460,"$214,974","$170,743"
,80'S,,10,$423,$339
,OTHER,,"7,731","$2,901,426","$2,302,235"
,TOTAL,,"8,201","$3,116,824","$2,473,317"
54530,SG,,86,"$49,943","$39,880"
,80'S,,91,"$8,116","$6,425"
,OTHER,,"1,584","$869,592","$687,051"
,TOTAL,,"1,761","$927,651","$733,356"
54535,80'S,,10,$946,$757
,OTHER,,51,"$36,712","$28,770"
,TOTAL,,61,"$37,658","$29,528"
54550,SG,,3,"$1,463","$1,171"
,80'S,,4,$504,$404
,OTHER,,81,"$34,602","$27,681"
,TOTAL,,88,"$36,569","$29,256"
54560,80'S,,2,$107,$85
,OTHER,,17,"$9,697","$7,627"
,TOTAL,,19,"$9,804","$7,712"
54600,SG,,1,$544,$435
,80'S,,5,$332,$245
,OTHER,,22,"$7,972","$6,042"
,TOTAL,,28,"$8,848","$6,723"
54620,SG,,1,$241,$192
,OTHER,,19,"$4,352","$3,482"
,TOTAL,,20,"$4,593","$3,674"
54640,SG,,15,"$8,515","$6,812"
,OTHER,,208,"$96,872","$76,534"
,TOTAL,,223,"$105,387","$83,346"
54650,80'S,,1,$125,$100
,OTHER,,7,"$3,912","$3,056"
,TOTAL,,8,"$4,037","$3,156"
54660,OTHER,,8,"$2,867","$2,088"
,TOTAL,,8,"$2,867","$2,088"
54670,OTHER,,20,"$6,980","$5,584"
,TOTAL,,20,"$6,980","$5,584"
54680,OTHER,,19,"$12,912","$10,330"
,TOTAL,,19,"$12,912","$10,330"
54690,80'S,,3,$265,$212
,OTHER,,76,"$9,357","$7,485"
,TOTAL,,79,"$9,622","$7,697"
54699,OTHER,,9,"$3,468","$2,774"
,TOTAL,,9,"$3,468","$2,774"
54700,SG,,22,"$8,637","$6,910"
,80'S,,1,$18,$15
,OTHER,,"1,324","$257,926","$200,446"
,TOTAL,,"1,347","$266,582","$207,370"
54800,OTHER,,6,"$2,454","$1,922"
,TOTAL,,6,"$2,454","$1,922"
54820,SG,,2,$322,$258
,OTHER,,21,"$4,916","$3,933"
,TOTAL,,23,"$5,238","$4,191"
54830,SG,,17,"$6,648","$5,238"
,OTHER,,210,"$55,451","$43,218"
,TOTAL,,227,"$62,099","$48,456"
54840,SG,,200,"$112,300","$88,887"
,OTHER,,"1,859","$571,879","$447,941"
,TOTAL,,"2,059","$684,179","$536,827"
54860,SG,,67,"$27,913","$21,979"
,OTHER,,652,"$250,464","$194,467"
,TOTAL,,719,"$278,377","$216,447"
54861,SG,,16,"$8,516","$6,733"
,OTHER,,81,"$43,079","$33,377"
,TOTAL,,97,"$51,595","$40,110"
54900,OTHER,,4,"$3,095","$2,476"
,TOTAL,,4,"$3,095","$2,476"
54901,OTHER,,1,"$1,131",$905
,TOTAL,,1,"$1,131",$905
55000,OTHER,,"4,088","$349,229","$247,104"
,TOTAL,,"4,088","$349,229","$247,104"
55040,SG,,496,"$222,694","$176,258"
,80'S,,7,$354,$283
,OTHER,,"6,507","$2,055,594","$1,615,201"
,TOTAL,,"7,010","$2,278,641","$1,791,741"
55041,SG,,59,"$39,443","$31,368"
,80'S,,1,$93,$75
,OTHER,,683,"$339,354","$268,417"
,TOTAL,,743,"$378,891","$299,859"
55060,SG,,80,"$46,463","$36,702"
,80'S,,4,$199,$160
,OTHER,,769,"$243,299","$191,057"
,TOTAL,,853,"$289,961","$227,918"
55100,SG,,13,"$3,731","$2,777"
,OTHER,,777,"$106,565","$81,146"
,TOTAL,,790,"$110,296","$83,923"
55110,SG,,24,"$6,445","$5,156"
,80'S,,3,$139,$111
,OTHER,,666,"$178,370","$141,476"
,TOTAL,,693,"$184,954","$146,744"
55120,SG,,5,"$2,023","$1,618"
,OTHER,,122,"$29,471","$23,351"
,TOTAL,,127,"$31,493","$24,969"
55150,SG,,11,"$3,229","$2,583"
,80'S,,27,"$1,744","$1,395"
,OTHER,,421,"$164,394","$130,765"
,TOTAL,,459,"$169,367","$134,743"
55175,SG,,8,"$1,732","$1,385"
,OTHER,,88,"$23,161","$18,338"
,TOTAL,,96,"$24,892","$19,723"
55180,SG,,1,$411,$329
,80'S,,2,$107,$85
,OTHER,,105,"$61,087","$48,869"
,TOTAL,,108,"$61,605","$49,283"
55200,OTHER,,12,"$2,960","$2,288"
,TOTAL,,12,"$2,960","$2,288"
55250,OTHER,,135,"$35,801","$26,920"
,TOTAL,,135,"$35,801","$26,920"
55300,OTHER,,11,"$1,608","$1,168"
,TOTAL,,11,"$1,608","$1,168"
55400,SG,,2,$405,$324
,80'S,,2,$84,$67
,OTHER,,15,"$9,058","$7,141"
,TOTAL,,19,"$9,547","$7,532"
55450,OTHER,,9,"$1,572","$1,257"
,TOTAL,,9,"$1,572","$1,257"
55500,SG,,68,"$29,625","$23,553"
,80'S,,2,$88,$70
,OTHER,,646,"$194,378","$153,254"
,TOTAL,,716,"$224,091","$176,877"
55520,SG,,124,"$52,675","$42,093"
,80'S,,55,"$1,921","$1,532"
,OTHER,,"1,599","$331,247","$263,386"
,TOTAL,,"1,778","$385,843","$307,010"
55530,SG,,14,"$7,164","$5,651"
,OTHER,,152,"$53,464","$42,304"
,TOTAL,,166,"$60,628","$47,955"
55535,SG,,2,"$1,177",$942
,80'S,,4,$227,$181
,OTHER,,44,"$15,973","$12,663"
,TOTAL,,50,"$17,377","$13,786"
55540,SG,,9,"$5,440","$4,352"
,80'S,,11,$820,$656
,OTHER,,198,"$80,289","$63,805"
,TOTAL,,218,"$86,549","$68,814"
55550,80'S,,1,$63,$51
,OTHER,,1,$378,$303
,TOTAL,,2,$442,$353
55559,80'S,,1,$425,$340
,OTHER,,9,"$3,424","$2,739"
,TOTAL,,10,"$3,849","$3,079"
55600,SG,,1,$329,$263
,OTHER,,89,"$41,872","$33,299"
,TOTAL,,90,"$42,200","$33,562"
55605,SG,,1,$331,$265
,OTHER,,5,"$1,687","$1,349"
,TOTAL,,6,"$2,017","$1,614"
55650,SG,,1,$329,$263
,80'S,,34,"$2,758","$2,206"
,OTHER,,77,"$36,776","$29,350"
,TOTAL,,112,"$39,862","$31,819"
55680,OTHER,,4,"$1,254","$1,003"
,TOTAL,,4,"$1,254","$1,003"
55700,SG,,"12,349","$5,116,243","$4,052,090"
,80'S,,2,$28,$23
,OTHER,,"257,837","$34,629,164","$26,772,813"
,TOTAL,,"270,188","$39,745,436","$30,824,926"
55705,SG,,12,"$4,480","$3,584"
,OTHER,,378,"$100,840","$80,046"
,TOTAL,,390,"$105,320","$83,630"
55720,80'S,,1,$72,$58
,OTHER,,20,"$6,836","$5,469"
,TOTAL,,21,"$6,908","$5,526"
55725,80'S,,1,$87,$69
,OTHER,,7,"$3,285","$2,548"
,TOTAL,,8,"$3,372","$2,617"
55801,80'S,,13,"$2,018","$1,614"
,OTHER,,29,"$26,962","$21,569"
,TOTAL,,42,"$28,980","$23,184"
55810,80'S,,659,"$143,835","$112,693"
,OTHER,,"1,192","$1,541,851","$1,212,880"
,TOTAL,,"1,851","$1,685,686","$1,325,573"
55812,80'S,,25,"$6,260","$4,864"
,OTHER,,65,"$98,902","$79,122"
,TOTAL,,90,"$105,162","$83,985"
55815,80'S,,92,"$26,890","$21,512"
,OTHER,,165,"$274,177","$216,488"
,TOTAL,,257,"$301,066","$238,000"
55821,80'S,,"1,015","$152,281","$120,449"
,OTHER,,"2,005","$1,841,120","$1,460,982"
,TOTAL,,"3,020","$1,993,401","$1,581,431"
55831,80'S,,732,"$121,148","$95,957"
,OTHER,,"1,202","$1,220,031","$965,521"
,TOTAL,,"1,934","$1,341,178","$1,061,478"
55840,80'S,,"1,115","$215,871","$169,611"
,OTHER,,"2,215","$2,543,479","$2,008,364"
,TOTAL,,"3,330","$2,759,351","$2,177,976"
55842,80'S,,547,"$128,205","$100,952"
,OTHER,,"1,261","$1,743,357","$1,374,596"
,TOTAL,,"1,808","$1,871,562","$1,475,548"
55845,80'S,,"8,744","$2,503,377","$1,976,501"
,OTHER,,"14,703","$25,740,199","$20,309,524"
,TOTAL,,"23,447","$28,243,575","$22,286,024"
55859,80'S,,17,"$1,620","$1,296"
,OTHER,,"19,185","$13,719,871","$10,854,544"
,TOTAL,,"19,202","$13,721,491","$10,855,840"
55860,OTHER,,559,"$394,036","$311,698"
,TOTAL,,559,"$394,036","$311,698"
55862,80'S,,3,$542,$434
,OTHER,,3,"$3,387","$2,710"
,TOTAL,,6,"$3,929","$3,143"
55865,80'S,,3,$763,$610
,OTHER,,30,"$46,178","$36,803"
,TOTAL,,33,"$46,941","$37,414"
55870,OTHER,,23,"$3,425","$2,580"
,TOTAL,,23,"$3,425","$2,580"
55899,80'S,,5,$885,$708
,OTHER,,196,"$108,244","$86,279"
,TOTAL,,201,"$109,129","$86,987"
56405,SG,FEMALE GENITAL,13,"$4,922","$3,897"
,OTHER,,"2,512","$243,717","$181,319"
,TOTAL,,"2,525","$248,639","$185,216"
56420,OTHER,,"1,289","$124,750","$91,115"
,TOTAL,,"1,289","$124,750","$91,115"
56440,SG,,25,"$10,208","$7,981"
,OTHER,,427,"$81,345","$62,923"
,TOTAL,,452,"$91,553","$70,905"
56441,SG,,17,"$4,898","$3,907"
,80'S,,3,$57,$46
,OTHER,,283,"$36,086","$28,201"
,TOTAL,,303,"$41,041","$32,153"
56501,OTHER,,"3,345","$313,129","$235,825"
,TOTAL,,"3,345","$313,129","$235,825"
56515,SG,,91,"$43,911","$34,617"
,OTHER,,"1,483","$212,597","$165,376"
,TOTAL,,"1,574","$256,509","$199,993"
56605,SG,,182,"$50,379","$39,615"
,80'S,,1,$5,$4
,OTHER,,"23,416","$1,843,506","$1,375,871"
,TOTAL,,"23,599","$1,893,890","$1,415,490"
56606,OTHER,,"3,611","$161,889","$127,869"
,TOTAL,,"3,611","$161,889","$127,869"
56620,SG,,76,"$51,103","$40,532"
,80'S,,102,"$7,560","$5,979"
,OTHER,,"1,797","$862,047","$683,834"
,TOTAL,,"1,975","$920,710","$730,345"
56625,SG,,4,"$3,754","$2,412"
,80'S,,20,"$1,873","$1,491"
,OTHER,,195,"$109,452","$87,296"
,TOTAL,,219,"$115,079","$91,199"
56630,80'S,,67,"$9,232","$7,374"
,OTHER,,579,"$490,707","$391,433"
,TOTAL,,646,"$499,939","$398,807"
56631,80'S,,38,"$6,878","$5,423"
,OTHER,,237,"$268,927","$213,608"
,TOTAL,,275,"$275,805","$219,030"
56632,80'S,,37,"$7,882","$6,157"
,OTHER,,198,"$244,538","$194,508"
,TOTAL,,235,"$252,420","$200,665"
56633,80'S,,22,"$3,709","$2,967"
,OTHER,,171,"$179,548","$143,262"
,TOTAL,,193,"$183,257","$146,229"
56634,80'S,,20,"$3,878","$3,084"
,OTHER,,97,"$116,254","$91,200"
,TOTAL,,117,"$120,132","$94,284"
56637,80'S,,57,"$13,507","$10,620"
,OTHER,,239,"$339,748","$271,412"
,TOTAL,,296,"$353,256","$282,032"
56640,80'S,,8,"$1,957","$1,566"
,OTHER,,18,"$26,350","$21,060"
,TOTAL,,26,"$28,307","$22,625"
56700,SG,,6,"$1,423","$1,139"
,OTHER,,57,"$8,156","$6,116"
,TOTAL,,63,"$9,580","$7,255"
56720,SG,,4,$632,$448
,OTHER,,46,"$1,589","$1,235"
,TOTAL,,50,"$2,221","$1,683"
56740,SG,,32,"$15,149","$11,941"
,OTHER,,463,"$108,765","$85,548"
,TOTAL,,495,"$123,914","$97,489"
56800,SG,,4,"$2,097","$1,678"
,80'S,,9,$246,$197
,OTHER,,123,"$23,232","$18,517"
,TOTAL,,136,"$25,576","$20,392"
56805,OTHER,,2,"$1,159",$928
,TOTAL,,2,"$1,159",$928
56810,SG,,16,"$10,635","$8,428"
,80'S,,75,"$1,912","$1,517"
,OTHER,,583,"$109,617","$86,056"
,TOTAL,,674,"$122,164","$96,000"
57000,SG,,31,"$9,792","$7,833"
,OTHER,,105,"$16,016","$12,673"
,TOTAL,,136,"$25,808","$20,506"
57010,SG,,2,$810,$648
,80'S,,3,$135,$108
,OTHER,,131,"$37,576","$29,190"
,TOTAL,,136,"$38,522","$29,947"
57020,SG,,3,$893,$715
,OTHER,,115,"$9,252","$7,158"
,TOTAL,,118,"$10,146","$7,873"
57061,OTHER,,"1,683","$149,550","$112,411"
,TOTAL,,"1,683","$149,550","$112,411"
57065,SG,,65,"$18,091","$14,466"
,OTHER,,"1,014","$188,091","$147,557"
,TOTAL,,"1,079","$206,183","$162,023"
57100,OTHER,,"6,039","$396,592","$295,528"
,TOTAL,,"6,039","$396,592","$295,528"
57105,SG,,45,"$17,880","$14,140"
,OTHER,,916,"$92,023","$71,439"
,TOTAL,,961,"$109,903","$85,579"
57106,80'S,,166,"$5,818","$4,655"
,OTHER,,931,"$221,822","$175,998"
,TOTAL,,"1,097","$227,641","$180,653"
57107,80'S,,24,"$3,886","$3,109"
,OTHER,,88,"$87,027","$69,035"
,TOTAL,,112,"$90,912","$72,144"
57109,80'S,,3,$601,$480
,OTHER,,19,"$25,969","$20,695"
,TOTAL,,22,"$26,570","$21,176"
57110,80'S,,123,"$15,169","$12,093"
,OTHER,,440,"$317,405","$252,860"
,TOTAL,,563,"$332,574","$264,952"
57111,80'S,,5,$997,$797
,OTHER,,28,"$36,867","$29,494"
,TOTAL,,33,"$37,864","$30,291"
57112,80'S,,1,$264,$211
,OTHER,,13,"$17,442","$13,953"
,TOTAL,,14,"$17,705","$14,164"
57120,80'S,,503,"$36,466","$29,038"
,OTHER,,"1,728","$749,051","$596,259"
,TOTAL,,"2,231","$785,517","$625,297"
57130,SG,,3,$838,$671
,80'S,,2,$40,$32
,OTHER,,42,"$6,252","$4,922"
,TOTAL,,47,"$7,130","$5,624"
57135,SG,,82,"$32,722","$25,880"
,OTHER,,"1,412","$236,599","$184,749"
,TOTAL,,"1,494","$269,321","$210,629"
57150,OTHER,,"11,401","$460,097","$343,608"
,TOTAL,,"11,401","$460,097","$343,608"
57160,OTHER,,"96,254","$5,612,896","$4,058,232"
,TOTAL,,"96,254","$5,612,896","$4,058,232"
57170,OTHER,,271,"$16,459","$12,013"
,TOTAL,,271,"$16,459","$12,013"
57180,OTHER,,283,"$24,749","$19,558"
,TOTAL,,283,"$24,749","$19,558"
57200,SG,,5,"$1,498","$1,198"
,80'S,,41,"$1,281","$1,025"
,OTHER,,312,"$61,770","$48,919"
,TOTAL,,358,"$64,548","$51,142"
57210,SG,,6,"$2,340","$1,854"
,80'S,,59,"$1,894","$1,515"
,OTHER,,344,"$72,570","$57,569"
,TOTAL,,409,"$76,804","$60,938"
57220,SG,,1,$448,$358
,80'S,,53,"$1,431","$1,145"
,OTHER,,302,"$50,821","$40,458"
,TOTAL,,356,"$52,701","$41,961"
57230,80'S,,5,$132,$106
,OTHER,,43,"$10,449","$8,321"
,TOTAL,,48,"$10,582","$8,427"
57240,SG,,41,"$28,271","$22,251"
,80'S,,"3,468","$163,522","$129,270"
,OTHER,,"11,268","$3,202,963","$2,541,773"
,TOTAL,,"14,777","$3,394,756","$2,693,293"
57250,SG,,37,"$25,140","$19,845"
,80'S,,"3,152","$144,314","$113,619"
,OTHER,,"9,371","$2,654,283","$2,096,067"
,TOTAL,,"12,560","$2,823,737","$2,229,531"
57260,SG,,14,"$9,583","$7,186"
,80'S,,"7,072","$441,184","$347,924"
,OTHER,,"17,742","$6,704,916","$5,305,905"
,TOTAL,,"24,828","$7,155,683","$5,661,015"
57265,SG,,14,"$12,769","$10,095"
,80'S,,"2,639","$258,207","$203,686"
,OTHER,,"6,607","$3,913,297","$3,103,268"
,TOTAL,,"9,260","$4,184,272","$3,317,049"
57268,SG,,2,$477,$382
,80'S,,468,"$30,881","$24,315"
,OTHER,,"1,386","$544,753","$431,431"
,TOTAL,,"1,856","$576,111","$456,128"
57270,80'S,,323,"$24,703","$19,630"
,OTHER,,963,"$450,023","$354,893"
,TOTAL,,"1,286","$474,727","$374,523"
57280,80'S,,"1,449","$193,831","$153,377"
,OTHER,,"3,603","$2,923,027","$2,311,678"
,TOTAL,,"5,052","$3,116,858","$2,465,055"
57282,80'S,,"2,804","$193,039","$152,451"
,OTHER,,"7,258","$2,989,251","$2,374,537"
,TOTAL,,"10,062","$3,182,290","$2,526,988"
57284,80'S,,"1,016","$98,835","$78,275"
,OTHER,,"2,704","$1,577,825","$1,251,192"
,TOTAL,,"3,720","$1,676,660","$1,329,466"
57288,80'S,,"5,234","$670,347","$529,678"
,OTHER,,"22,105","$17,321,232","$13,708,766"
,TOTAL,,"27,339","$17,991,578","$14,238,444"
57289,80'S,,99,"$10,014","$7,958"
,OTHER,,266,"$166,825","$132,346"
,TOTAL,,365,"$176,840","$140,304"
57291,80'S,,1,$41,$32
,OTHER,,18,"$6,432","$4,843"
,TOTAL,,19,"$6,472","$4,875"
57292,80'S,,17,"$1,740","$1,392"
,OTHER,,41,"$23,233","$18,586"
,TOTAL,,58,"$24,973","$19,979"
57300,SG,,4,"$1,885","$1,508"
,80'S,,42,"$2,745","$2,196"
,OTHER,,192,"$82,974","$65,905"
,TOTAL,,238,"$87,604","$69,609"
57305,80'S,,102,"$7,635","$6,012"
,OTHER,,303,"$141,070","$112,812"
,TOTAL,,405,"$148,705","$118,824"
57307,80'S,,11,"$1,071",$857
,OTHER,,36,"$25,024","$20,003"
,TOTAL,,47,"$26,095","$20,860"
57308,80'S,,13,"$1,117",$894
,OTHER,,60,"$31,523","$25,139"
,TOTAL,,73,"$32,640","$26,032"
57310,80'S,,5,$308,$246
,OTHER,,39,"$13,423","$10,720"
,TOTAL,,44,"$13,731","$10,967"
57311,80'S,,2,$151,$121
,OTHER,,14,"$5,389","$4,311"
,TOTAL,,16,"$5,540","$4,432"
57320,80'S,,21,"$1,833","$1,466"
,OTHER,,98,"$48,058","$38,139"
,TOTAL,,119,"$49,891","$39,605"
57330,80'S,,4,$397,$318
,OTHER,,11,"$7,180","$5,734"
,TOTAL,,15,"$7,577","$6,051"
57335,80'S,,1,$152,$121
,OTHER,,13,"$11,505","$8,439"
,TOTAL,,14,"$11,657","$8,561"
57400,SG,,5,"$1,894","$1,493"
,OTHER,,127,"$12,214","$9,748"
,TOTAL,,132,"$14,108","$11,241"
57410,SG,,214,"$70,953","$56,262"
,80'S,,1,$15,$12
,OTHER,,"6,198","$436,062","$336,103"
,TOTAL,,"6,413","$507,029","$392,377"
57415,OTHER,,337,"$38,705","$30,467"
,TOTAL,,337,"$38,705","$30,467"
57452,OTHER,,"16,996","$1,228,836","$890,847"
,TOTAL,,"16,996","$1,228,836","$890,847"
57454,OTHER,,"33,071","$3,218,069","$2,356,320"
,TOTAL,,"33,071","$3,218,069","$2,356,320"
57460,OTHER,,"2,426","$394,131","$302,228"
,TOTAL,,"2,426","$394,131","$302,228"
57500,OTHER,,"12,202","$819,055","$596,413"
,TOTAL,,"12,202","$819,055","$596,413"
57505,OTHER,,"5,406","$443,163","$331,618"
,TOTAL,,"5,406","$443,163","$331,618"
57510,80'S,,1,$9,$7
,OTHER,,911,"$108,260","$81,939"
,TOTAL,,912,"$108,269","$81,946"
57511,OTHER,,"3,732","$457,392","$341,963"
,TOTAL,,"3,732","$457,392","$341,963"
57513,SG,,33,"$12,606","$9,993"
,OTHER,,463,"$60,933","$46,190"
,TOTAL,,496,"$73,539","$56,183"
57520,SG,,217,"$88,053","$68,351"
,80'S,,1,$44,$35
,OTHER,,"3,679","$941,640","$741,208"
,TOTAL,,"3,897","$1,029,738","$809,595"
57522,SG,,214,"$86,934","$68,833"
,OTHER,,"2,918","$706,456","$549,528"
,TOTAL,,"3,132","$793,389","$618,361"
57530,80'S,,58,"$1,670","$1,336"
,OTHER,,196,"$35,472","$28,313"
,TOTAL,,254,"$37,142","$29,649"
57531,80'S,,2,$554,$443
,OTHER,,13,"$21,199","$16,959"
,TOTAL,,15,"$21,753","$17,402"
57540,80'S,,7,$719,$575
,OTHER,,40,"$22,224","$17,779"
,TOTAL,,47,"$22,943","$18,355"
57545,80'S,,3,$283,$226
,OTHER,,15,"$5,515","$4,412"
,TOTAL,,18,"$5,798","$4,639"
57550,SG,,4,"$1,393","$1,114"
,80'S,,8,$374,$299
,OTHER,,47,"$14,969","$11,976"
,TOTAL,,59,"$16,736","$13,389"
57555,80'S,,20,"$1,778","$1,422"
,OTHER,,60,"$34,307","$27,278"
,TOTAL,,80,"$36,085","$28,700"
57556,80'S,,94,"$6,233","$4,892"
,OTHER,,224,"$99,551","$79,362"
,TOTAL,,318,"$105,784","$84,253"
57700,OTHER,,20,"$4,076","$3,054"
,TOTAL,,20,"$4,076","$3,054"
57720,SG,,2,"$1,020",$816
,80'S,,5,$157,$125
,OTHER,,50,"$8,954","$7,164"
,TOTAL,,57,"$10,131","$8,105"
57800,SG,,7,"$2,040","$1,608"
,OTHER,,904,"$46,322","$33,690"
,TOTAL,,911,"$48,362","$35,298"
57820,SG,,22,"$10,357","$8,286"
,OTHER,,222,"$24,389","$18,932"
,TOTAL,,244,"$34,746","$27,217"
58100,OTHER,,"106,632","$6,629,159","$4,859,923"
,TOTAL,,"106,632","$6,629,159","$4,859,923"
58120,SG,,"1,742","$720,569","$570,693"
,80'S,,6,$132,$106
,OTHER,,"28,843","$6,294,187","$4,958,187"
,TOTAL,,"30,591","$7,014,888","$5,528,985"
58140,80'S,,119,"$14,900","$11,697"
,OTHER,,379,"$285,266","$226,143"
,TOTAL,,498,"$300,166","$237,840"
58145,SG,,7,"$4,707","$3,685"
,80'S,,10,$735,$588
,OTHER,,179,"$93,737","$73,437"
,TOTAL,,196,"$99,179","$77,710"
58150,80'S,,"12,045","$1,690,402","$1,337,633"
,OTHER,,"27,825","$23,590,694","$18,682,129"
,TOTAL,,"39,870","$25,281,096","$20,019,761"
58152,80'S,,798,"$117,073","$92,287"
,OTHER,,"1,702","$1,520,088","$1,199,124"
,TOTAL,,"2,500","$1,637,161","$1,291,412"
58180,80'S,,281,"$38,498","$30,429"
,OTHER,,799,"$660,764","$524,474"
,TOTAL,,"1,080","$699,261","$554,903"
58200,80'S,,710,"$143,761","$114,441"
,OTHER,,"2,683","$3,286,642","$2,619,403"
,TOTAL,,"3,393","$3,430,403","$2,733,844"
58210,80'S,,721,"$195,571","$156,014"
,OTHER,,"2,697","$4,370,257","$3,484,255"
,TOTAL,,"3,418","$4,565,827","$3,640,269"
58240,80'S,,81,"$30,884","$24,707"
,OTHER,,273,"$610,729","$488,275"
,TOTAL,,354,"$641,613","$512,982"
58260,80'S,,"5,154","$610,840","$480,453"
,OTHER,,"10,623","$7,676,609","$6,082,244"
,TOTAL,,"15,777","$8,287,450","$6,562,697"
58262,80'S,,"2,001","$260,838","$204,052"
,OTHER,,"4,327","$3,461,351","$2,732,335"
,TOTAL,,"6,328","$3,722,189","$2,936,387"
58263,80'S,,632,"$93,442","$73,810"
,OTHER,,"1,546","$1,369,919","$1,087,128"
,TOTAL,,"2,178","$1,463,360","$1,160,939"
58267,80'S,,346,"$52,711","$41,882"
,OTHER,,752,"$678,424","$539,280"
,TOTAL,,"1,098","$731,136","$581,163"
58270,80'S,,548,"$71,709","$56,327"
,OTHER,,"1,323","$1,066,568","$846,832"
,TOTAL,,"1,871","$1,138,277","$903,159"
58275,80'S,,74,"$10,902","$8,583"
,OTHER,,233,"$201,553","$159,673"
,TOTAL,,307,"$212,455","$168,256"
58280,80'S,,112,"$16,370","$12,743"
,OTHER,,282,"$255,700","$202,777"
,TOTAL,,394,"$272,070","$215,520"
58285,80'S,,6,$825,$660
,OTHER,,18,"$15,707","$12,566"
,TOTAL,,24,"$16,532","$13,226"
58300,OTHER,,3,$0,$0
,TOTAL,,3,$0,$0
58301,OTHER,,275,"$19,170","$13,982"
,TOTAL,,275,"$19,170","$13,982"
58321,OTHER,,19,"$1,282",$835
,TOTAL,,19,"$1,282",$835
58322,OTHER,,82,"$5,955","$4,404"
,TOTAL,,82,"$5,955","$4,404"
58323,OTHER,,33,$400,$256
,TOTAL,,33,$400,$256
58340,OTHER,,"5,195","$803,798","$624,619"
,TOTAL,,"5,195","$803,798","$624,619"
58345,OTHER,,39,"$10,202","$7,630"
,TOTAL,,39,"$10,202","$7,630"
58350,OTHER,,89,"$4,182","$3,160"
,TOTAL,,89,"$4,182","$3,160"
58400,80'S,,31,"$1,282","$1,023"
,OTHER,,148,"$36,182","$28,851"
,TOTAL,,179,"$37,463","$29,873"
58410,80'S,,2,$221,$177
,OTHER,,7,"$3,145","$2,516"
,TOTAL,,9,"$3,366","$2,693"
58520,80'S,,2,$108,$86
,OTHER,,15,"$6,543","$5,234"
,TOTAL,,17,"$6,651","$5,320"
58540,80'S,,1,$129,$103
,OTHER,,2,"$1,250","$1,000"
,TOTAL,,3,"$1,379","$1,103"
58550,80'S,,"1,464","$190,173","$149,587"
,OTHER,,"3,131","$2,492,954","$1,961,881"
,TOTAL,,"4,595","$2,683,126","$2,111,468"
58551,SG,,2,$880,$704
,80'S,,15,"$1,837","$1,377"
,OTHER,,118,"$84,300","$67,023"
,TOTAL,,135,"$87,017","$69,104"
58555,SG,,151,"$33,697","$26,683"
,80'S,,10,$410,$328
,OTHER,,"2,599","$368,978","$291,963"
,TOTAL,,"2,760","$403,085","$318,973"
58558,SG,,"2,811","$1,339,989","$1,064,295"
,80'S,,10,$334,$267
,OTHER,,"31,666","$8,061,663","$6,382,102"
,TOTAL,,"34,487","$9,401,985","$7,446,664"
58559,SG,,15,"$5,129","$4,069"
,80'S,,2,$86,$69
,OTHER,,175,"$55,302","$43,479"
,TOTAL,,192,"$60,517","$47,617"
58560,80'S,,3,$161,$128
,OTHER,,66,"$24,795","$19,831"
,TOTAL,,69,"$24,955","$19,960"
58561,SG,,62,"$27,497","$21,504"
,80'S,,1,$89,$71
,OTHER,,853,"$458,693","$363,251"
,TOTAL,,916,"$486,279","$384,826"
58562,OTHER,,48,"$12,801","$10,241"
,TOTAL,,48,"$12,801","$10,241"
58563,SG,,125,"$74,891","$58,681"
,80'S,,2,$120,$96
,OTHER,,"1,438","$500,899","$392,547"
,TOTAL,,"1,565","$575,910","$451,323"
58578,80'S,,8,"$1,758","$1,406"
,OTHER,,70,"$38,813","$30,988"
,TOTAL,,78,"$40,571","$32,394"
58579,OTHER,,9,"$4,038","$3,208"
,TOTAL,,9,"$4,038","$3,208"
58600,80'S,,7,$229,$162
,OTHER,,45,"$10,647","$8,202"
,TOTAL,,52,"$10,876","$8,364"
58605,80'S,,2,$57,$46
,OTHER,,53,"$11,349","$9,029"
,TOTAL,,55,"$11,406","$9,075"
58611,80'S,,14,$79,$59
,OTHER,,63,"$3,048","$2,378"
,TOTAL,,77,"$3,127","$2,438"
58615,OTHER,,6,"$1,529","$1,223"
,TOTAL,,6,"$1,529","$1,223"
58660,SG,,108,"$69,313","$54,142"
,80'S,,493,"$35,994","$28,661"
,OTHER,,"3,048","$1,556,345","$1,225,493"
,TOTAL,,"3,649","$1,661,653","$1,308,296"
58661,SG,,83,"$53,819","$41,681"
,80'S,,994,"$99,387","$78,406"
,OTHER,,"4,073","$2,526,237","$1,991,996"
,TOTAL,,"5,150","$2,679,443","$2,112,082"
58662,SG,,62,"$40,771","$32,536"
,80'S,,124,"$11,949","$9,503"
,OTHER,,"1,044","$638,252","$496,883"
,TOTAL,,"1,230","$690,972","$538,923"
58670,SG,,55,"$25,725","$20,450"
,80'S,,2,$114,$82
,OTHER,,530,"$181,198","$140,951"
,TOTAL,,587,"$207,037","$161,483"
58671,SG,,25,"$11,643","$8,766"
,OTHER,,326,"$116,723","$91,442"
,TOTAL,,351,"$128,366","$100,209"
58672,OTHER,,11,"$7,744","$5,842"
,TOTAL,,11,"$7,744","$5,842"
58673,SG,,1,$715,$572
,80'S,,7,$806,$644
,OTHER,,30,"$21,989","$17,126"
,TOTAL,,38,"$23,510","$18,343"
58679,OTHER,,10,"$4,049","$3,239"
,TOTAL,,10,"$4,049","$3,239"
58700,80'S,,103,"$5,283","$4,213"
,OTHER,,368,"$108,637","$85,395"
,TOTAL,,471,"$113,919","$89,608"
58720,80'S,,"2,640","$241,662","$191,705"
,OTHER,,"7,832","$4,250,380","$3,370,021"
,TOTAL,,"10,472","$4,492,042","$3,561,726"
58740,80'S,,466,"$20,264","$16,088"
,OTHER,,"1,454","$374,417","$295,968"
,TOTAL,,"1,920","$394,682","$312,056"
58750,80'S,,3,$428,$342
,OTHER,,11,"$6,615","$5,292"
,TOTAL,,14,"$7,042","$5,634"
58752,OTHER,,2,"$1,300","$1,019"
,TOTAL,,2,"$1,300","$1,019"
58760,80'S,,4,$370,$296
,OTHER,,7,"$4,474","$3,579"
,TOTAL,,11,"$4,844","$3,875"
58770,80'S,,2,$187,$150
,OTHER,,8,"$5,617","$4,494"
,TOTAL,,10,"$5,805","$4,644"
58800,SG,,4,"$1,461","$1,168"
,OTHER,,55,"$12,258","$9,443"
,TOTAL,,59,"$13,718","$10,612"
58805,80'S,,17,$818,$654
,OTHER,,87,"$24,973","$19,701"
,TOTAL,,104,"$25,791","$20,355"
58820,80'S,,2,$68,$54
,OTHER,,13,"$3,085","$2,468"
,TOTAL,,15,"$3,153","$2,522"
58822,80'S,,11,$760,$608
,OTHER,,30,"$12,665","$10,052"
,TOTAL,,41,"$13,425","$10,660"
58823,80'S,,10,$221,$176
,OTHER,,519,"$109,938","$87,354"
,TOTAL,,529,"$110,159","$87,530"
58825,80'S,,1,$69,$55
,OTHER,,5,"$1,152",$921
,TOTAL,,6,"$1,220",$976
58900,80'S,,15,$734,$587
,OTHER,,69,"$19,143","$15,314"
,TOTAL,,84,"$19,877","$15,902"
58920,80'S,,19,"$1,125",$900
,OTHER,,44,"$13,968","$11,095"
,TOTAL,,63,"$15,093","$11,995"
58925,80'S,,258,"$22,079","$17,488"
,OTHER,,778,"$394,027","$312,422"
,TOTAL,,"1,036","$416,106","$329,910"
58940,80'S,,"1,114","$62,326","$49,080"
,OTHER,,"3,641","$1,219,380","$969,065"
,TOTAL,,"4,755","$1,281,706","$1,018,146"
58943,80'S,,189,"$30,884","$24,612"
,OTHER,,570,"$572,941","$457,481"
,TOTAL,,759,"$603,825","$482,092"
58950,80'S,,251,"$35,041","$28,032"
,OTHER,,911,"$776,629","$617,853"
,TOTAL,,"1,162","$811,670","$645,886"
58951,80'S,,292,"$64,084","$51,075"
,OTHER,,"1,174","$1,564,955","$1,243,836"
,TOTAL,,"1,466","$1,629,038","$1,294,911"
58952,80'S,,551,"$130,254","$103,825"
,OTHER,,"2,430","$3,574,886","$2,851,321"
,TOTAL,,"2,981","$3,705,140","$2,955,145"
58960,80'S,,255,"$36,297","$28,570"
,OTHER,,857,"$745,403","$593,139"
,TOTAL,,"1,112","$781,700","$621,709"
58970,OTHER,,3,$702,$561
,TOTAL,,3,$702,$561
58999,80'S,,46,"$7,784","$6,228"
,OTHER,,509,"$223,535","$178,479"
,TOTAL,,555,"$231,320","$184,707"
59000,OTHER,MATERNITY,699,"$61,848","$46,005"
,TOTAL,,699,"$61,848","$46,005"
59012,OTHER,,7,"$1,286","$1,028"
,TOTAL,,7,"$1,286","$1,028"
59015,OTHER,,12,"$1,739","$1,391"
,TOTAL,,12,"$1,739","$1,391"
59020,OTHER,,31,"$1,496","$1,154"
,TOTAL,,31,"$1,496","$1,154"
59025,OTHER,,"7,301","$262,926","$197,612"
,TOTAL,,"7,301","$262,926","$197,612"
59030,OTHER,,3,$333,$186
,TOTAL,,3,$333,$186
59050,OTHER,,19,"$1,053",$843
,TOTAL,,19,"$1,053",$843
59051,OTHER,,64,"$3,042","$2,428"
,TOTAL,,64,"$3,042","$2,428"
59100,OTHER,,40,"$12,731","$10,009"
,TOTAL,,40,"$12,731","$10,009"
59120,80'S,,6,$680,$544
,OTHER,,46,"$30,378","$23,925"
,TOTAL,,52,"$31,058","$24,469"
59121,80'S,,1,$112,$89
,OTHER,,6,"$3,963","$3,170"
,TOTAL,,7,"$4,074","$3,260"
59135,OTHER,,1,$929,$743
,TOTAL,,1,$929,$743
59136,OTHER,,1,$902,$722
,TOTAL,,1,$902,$722
59140,OTHER,,1,$398,$318
,TOTAL,,1,$398,$318
59150,80'S,,3,$195,$156
,OTHER,,32,"$12,925","$10,011"
,TOTAL,,35,"$13,121","$10,167"
59151,80'S,,8,$698,$559
,OTHER,,61,"$32,578","$25,971"
,TOTAL,,69,"$33,277","$26,529"
59160,OTHER,,82,"$13,516","$10,656"
,TOTAL,,82,"$13,516","$10,656"
59200,OTHER,,403,"$21,872","$17,042"
,TOTAL,,403,"$21,872","$17,042"
59300,80'S,,1,$9,$7
,OTHER,,77,"$6,393","$4,785"
,TOTAL,,78,"$6,403","$4,793"
59320,OTHER,,63,"$9,652","$7,488"
,TOTAL,,63,"$9,652","$7,488"
59325,OTHER,,1,$241,$193
,TOTAL,,1,$241,$193
59350,80'S,,1,$47,$38
,OTHER,,5,"$1,170",$899
,TOTAL,,6,"$1,217",$936
59400,OTHER,,"2,539","$3,640,243","$2,810,813"
,TOTAL,,"2,539","$3,640,243","$2,810,813"
59409,OTHER,,859,"$691,148","$545,138"
,TOTAL,,859,"$691,148","$545,138"
59410,OTHER,,"1,579","$826,933","$650,477"
,TOTAL,,"1,579","$826,933","$650,477"
59412,OTHER,,29,"$3,041","$2,323"
,TOTAL,,29,"$3,041","$2,323"
59414,OTHER,,25,"$2,420","$1,766"
,TOTAL,,25,"$2,420","$1,766"
59425,OTHER,,"1,409","$145,123","$110,510"
,TOTAL,,"1,409","$145,123","$110,510"
59426,OTHER,,"1,509","$283,468","$221,026"
,TOTAL,,"1,509","$283,468","$221,026"
59430,OTHER,,651,"$57,535","$41,907"
,TOTAL,,651,"$57,535","$41,907"
59510,80'S,,6,"$1,679","$1,343"
,OTHER,,"1,209","$1,986,914","$1,527,149"
,TOTAL,,"1,215","$1,988,593","$1,528,493"
59514,80'S,,456,"$70,598","$54,167"
,OTHER,,452,"$418,360","$332,085"
,TOTAL,,908,"$488,959","$386,252"
59515,80'S,,4,$714,$571
,OTHER,,510,"$534,851","$425,196"
,TOTAL,,514,"$535,565","$425,767"
59525,OTHER,,4,"$1,856","$1,417"
,TOTAL,,4,"$1,856","$1,417"
59610,80'S,,1,$227,$182
,OTHER,,66,"$91,812","$69,143"
,TOTAL,,67,"$92,039","$69,325"
59612,OTHER,,26,"$24,415","$19,506"
,TOTAL,,26,"$24,415","$19,506"
59614,OTHER,,20,"$19,908","$15,898"
,TOTAL,,20,"$19,908","$15,898"
59618,OTHER,,20,"$32,306","$24,332"
,TOTAL,,20,"$32,306","$24,332"
59620,80'S,,3,$480,$384
,OTHER,,7,"$7,171","$5,640"
,TOTAL,,10,"$7,651","$6,024"
59622,OTHER,,13,"$10,186","$7,459"
,TOTAL,,13,"$10,186","$7,459"
59812,OTHER,,462,"$82,121","$64,028"
,TOTAL,,462,"$82,121","$64,028"
59820,OTHER,,372,"$104,337","$80,883"
,TOTAL,,372,"$104,337","$80,883"
59821,OTHER,,18,"$5,202","$3,957"
,TOTAL,,18,"$5,202","$3,957"
59840,OTHER,,18,"$4,385","$3,447"
,TOTAL,,18,"$4,385","$3,447"
59841,OTHER,,12,"$4,089","$3,192"
,TOTAL,,12,"$4,089","$3,192"
59851,OTHER,,1,$301,$241
,TOTAL,,1,$301,$241
59852,OTHER,,1,$287,$230
,TOTAL,,1,$287,$230
59855,OTHER,,3,"$1,186",$949
,TOTAL,,3,"$1,186",$949
59870,OTHER,,11,"$2,799","$2,159"
,TOTAL,,11,"$2,799","$2,159"
59871,OTHER,,16,"$1,981","$1,585"
,TOTAL,,16,"$1,981","$1,585"
59898,OTHER,,1,$947,$758
,TOTAL,,1,$947,$758
59899,OTHER,,1,$876,$701
,TOTAL,,1,$876,$701
60000,SG,ENDOCRINE,2,$515,$412
,OTHER,,50,"$3,168","$2,503"
,TOTAL,,52,"$3,683","$2,915"
60001,OTHER,,"5,156","$154,831","$117,480"
,TOTAL,,"5,156","$154,831","$117,480"
60100,OTHER,,"15,934","$1,145,380","$885,903"
,TOTAL,,"15,934","$1,145,380","$885,903"
60200,SG,,20,"$8,586","$6,869"
,80'S,,124,"$9,319","$7,362"
,OTHER,,"1,124","$572,367","$455,576"
,TOTAL,,"1,268","$590,271","$469,806"
60210,80'S,,451,"$45,977","$36,687"
,OTHER,,"1,785","$1,064,929","$847,318"
,TOTAL,,"2,236","$1,110,906","$884,006"
60212,80'S,,87,"$13,096","$10,357"
,OTHER,,311,"$273,804","$217,486"
,TOTAL,,398,"$286,900","$227,843"
60220,SG,,14,"$5,712","$4,569"
,80'S,,"1,795","$193,463","$153,645"
,OTHER,,"5,597","$3,626,951","$2,875,744"
,TOTAL,,"7,406","$3,826,126","$3,033,959"
60225,80'S,,372,"$52,808","$41,932"
,OTHER,,"1,276","$1,092,392","$863,641"
,TOTAL,,"1,648","$1,145,201","$905,573"
60240,80'S,,946,"$148,623","$118,374"
,OTHER,,"3,873","$2,997,284","$2,379,225"
,TOTAL,,"4,819","$3,145,906","$2,497,600"
60252,80'S,,171,"$31,966","$25,342"
,OTHER,,573,"$640,050","$509,754"
,TOTAL,,744,"$672,016","$535,096"
60254,80'S,,48,"$12,100","$9,578"
,OTHER,,177,"$265,159","$210,667"
,TOTAL,,225,"$277,259","$220,245"
60260,80'S,,112,"$14,642","$11,672"
,OTHER,,458,"$354,459","$282,540"
,TOTAL,,570,"$369,101","$294,212"
60270,80'S,,40,"$7,714","$6,091"
,OTHER,,189,"$201,893","$161,423"
,TOTAL,,229,"$209,607","$167,514"
60271,80'S,,147,"$22,650","$18,088"
,OTHER,,622,"$599,776","$476,565"
,TOTAL,,769,"$622,425","$494,653"
60280,SG,,20,"$11,879","$9,503"
,80'S,,31,"$2,182","$1,746"
,OTHER,,312,"$134,725","$105,625"
,TOTAL,,363,"$148,786","$116,874"
60281,80'S,,1,$88,$70
,OTHER,,10,"$5,292","$3,834"
,TOTAL,,11,"$5,379","$3,904"
60500,80'S,,"2,209","$350,460","$278,102"
,OTHER,,"8,778","$8,524,240","$6,768,113"
,TOTAL,,"10,987","$8,874,700","$7,046,215"
60502,80'S,,62,"$12,031","$9,625"
,OTHER,,319,"$377,165","$300,885"
,TOTAL,,381,"$389,197","$310,510"
60505,80'S,,23,"$4,942","$3,953"
,OTHER,,80,"$99,703","$79,682"
,TOTAL,,103,"$104,645","$83,636"
60512,80'S,,211,"$8,534","$6,786"
,OTHER,,"1,096","$274,573","$218,786"
,TOTAL,,"1,307","$283,107","$225,572"
60520,80'S,,31,"$5,528","$4,422"
,OTHER,,154,"$160,586","$128,348"
,TOTAL,,185,"$166,114","$132,770"
60521,80'S,,53,"$8,876","$6,927"
,OTHER,,234,"$236,601","$186,645"
,TOTAL,,287,"$245,477","$193,571"
60522,80'S,,27,"$6,020","$4,816"
,OTHER,,123,"$163,953","$130,074"
,TOTAL,,150,"$169,973","$134,890"
60540,80'S,,290,"$41,134","$32,674"
,OTHER,,795,"$659,461","$521,811"
,TOTAL,,"1,085","$700,595","$554,486"
60545,80'S,,85,"$15,089","$12,055"
,OTHER,,187,"$199,704","$159,555"
,TOTAL,,272,"$214,793","$171,610"
60600,80'S,,39,"$7,424","$5,939"
,OTHER,,120,"$134,787","$106,936"
,TOTAL,,159,"$142,211","$112,875"
60605,80'S,,9,"$1,838","$1,470"
,OTHER,,18,"$20,113","$16,090"
,TOTAL,,27,"$21,951","$17,561"
60650,80'S,,66,"$11,477","$9,110"
,OTHER,,285,"$300,437","$238,737"
,TOTAL,,351,"$311,914","$247,847"
60659,OTHER,,26,"$24,779","$19,744"
,TOTAL,,26,"$24,779","$19,744"
60699,80'S,,43,"$1,780","$1,424"
,OTHER,,271,"$99,299","$79,415"
,TOTAL,,314,"$101,079","$80,839"
61000,OTHER,,259,"$6,352","$4,784"
,TOTAL,,259,"$6,352","$4,784"
61001,OTHER,,115,"$3,651","$2,772"
,TOTAL,,115,"$3,651","$2,772"
61020,80'S,,1,$22,$18
,OTHER,,497,"$52,537","$41,754"
,TOTAL,,498,"$52,559","$41,771"
61026,80'S,,1,$22,$18
,OTHER,,593,"$72,397","$57,520"
,TOTAL,,594,"$72,419","$57,537"
61050,OTHER,,161,"$16,433","$13,078"
,TOTAL,,161,"$16,433","$13,078"
61055,SG,,11,"$3,503","$2,775"
,OTHER,,"2,768","$386,325","$303,603"
,TOTAL,,"2,779","$389,828","$306,378"
61070,SG,,1,$153,$123
,OTHER,,"3,124","$361,262","$286,486"
,TOTAL,,"3,125","$361,415","$286,608"
61105,80'S,,1,$35,$28
,OTHER,,142,"$46,182","$36,669"
,TOTAL,,143,"$46,217","$36,697"
61107,80'S,,1,$63,$51
,OTHER,,"3,224","$1,204,334","$956,060"
,TOTAL,,"3,225","$1,204,398","$956,111"
61108,80'S,,1,$116,$93
,OTHER,,720,"$496,227","$394,361"
,TOTAL,,721,"$496,343","$394,454"
61120,80'S,,1,$105,$84
,OTHER,,94,"$48,792","$38,753"
,TOTAL,,95,"$48,897","$38,837"
61140,80'S,,31,"$5,333","$4,266"
,OTHER,,406,"$402,530","$319,983"
,TOTAL,,437,"$407,862","$324,249"
61150,OTHER,,81,"$90,591","$72,401"
,TOTAL,,81,"$90,591","$72,401"
61151,OTHER,,21,"$13,309","$10,512"
,TOTAL,,21,"$13,309","$10,512"
61154,80'S,,337,"$62,026","$49,493"
,OTHER,,"7,194","$7,662,125","$6,101,048"
,TOTAL,,"7,531","$7,724,151","$6,150,541"
61156,80'S,,25,"$4,059","$3,247"
,OTHER,,149,"$161,680","$128,212"
,TOTAL,,174,"$165,738","$131,459"
61210,80'S,,6,$427,$342
,OTHER,,"1,509","$648,622","$515,632"
,TOTAL,,"1,515","$649,049","$515,974"
61215,OTHER,,320,"$114,422","$90,695"
,TOTAL,,320,"$114,422","$90,695"
61250,80'S,,3,$184,$147
,OTHER,,22,"$13,258","$10,606"
,TOTAL,,25,"$13,442","$10,753"
61253,80'S,,7,$593,$474
,OTHER,,10,"$5,643","$4,514"
,TOTAL,,17,"$6,236","$4,989"
61304,80'S,,26,"$6,499","$5,199"
,OTHER,,308,"$466,526","$367,827"
,TOTAL,,334,"$473,025","$373,026"
61305,80'S,,3,$850,$680
,OTHER,,47,"$86,785","$69,348"
,TOTAL,,50,"$87,636","$70,029"
61312,80'S,,813,"$225,989","$179,961"
,OTHER,,"7,818","$12,660,188","$10,085,028"
,TOTAL,,"8,631","$12,886,177","$10,264,989"
61313,80'S,,250,"$70,130","$55,812"
,OTHER,,"2,490","$4,103,352","$3,268,667"
,TOTAL,,"2,740","$4,173,482","$3,324,479"
61314,80'S,,62,"$16,859","$13,487"
,OTHER,,734,"$777,172","$621,562"
,TOTAL,,796,"$794,031","$635,049"
61315,80'S,,74,"$22,213","$17,663"
,OTHER,,682,"$1,232,786","$982,468"
,TOTAL,,756,"$1,254,999","$1,000,131"
61320,80'S,,37,"$9,482","$7,514"
,OTHER,,242,"$369,940","$293,638"
,TOTAL,,279,"$379,421","$301,152"
61321,80'S,,2,$579,$463
,OTHER,,12,"$21,441","$17,153"
,TOTAL,,14,"$22,019","$17,615"
61330,OTHER,,16,"$18,829","$15,063"
,TOTAL,,16,"$18,829","$15,063"
61332,80'S,,1,$296,$237
,OTHER,,24,"$40,476","$32,276"
,TOTAL,,25,"$40,772","$32,513"
61333,80'S,,2,$290,$232
,OTHER,,31,"$43,532","$32,481"
,TOTAL,,33,"$43,821","$32,712"
61334,OTHER,,7,"$7,652","$6,122"
,TOTAL,,7,"$7,652","$6,122"
61340,80'S,,13,"$1,697","$1,358"
,OTHER,,94,"$88,039","$70,212"
,TOTAL,,107,"$89,737","$71,570"
61343,80'S,,61,"$19,669","$15,259"
,OTHER,,337,"$695,489","$539,817"
,TOTAL,,398,"$715,158","$555,076"
61345,80'S,,14,"$3,684","$2,947"
,OTHER,,67,"$116,123","$91,462"
,TOTAL,,81,"$119,807","$94,409"
61440,80'S,,1,$246,$197
,OTHER,,1,"$1,615","$1,292"
,TOTAL,,2,"$1,862","$1,489"
61450,80'S,,1,$261,$209
,OTHER,,24,"$34,751","$26,694"
,TOTAL,,25,"$35,012","$26,903"
61458,80'S,,81,"$24,443","$19,092"
,OTHER,,574,"$1,025,865","$803,545"
,TOTAL,,655,"$1,050,308","$822,637"
61460,80'S,,7,"$2,129","$1,703"
,OTHER,,85,"$138,968","$111,028"
,TOTAL,,92,"$141,097","$112,731"
61470,OTHER,,6,"$9,661","$7,386"
,TOTAL,,6,"$9,661","$7,386"
61490,80'S,,1,$123,$98
,OTHER,,15,"$18,377","$14,701"
,TOTAL,,16,"$18,499","$14,799"
61500,80'S,,54,"$10,173","$8,065"
,OTHER,,417,"$489,641","$389,319"
,TOTAL,,471,"$499,815","$397,384"
61501,80'S,,11,"$1,605","$1,284"
,OTHER,,90,"$78,830","$62,871"
,TOTAL,,101,"$80,434","$64,155"
61510,80'S,,"1,116","$364,302","$289,607"
,OTHER,,"6,095","$11,628,150","$9,233,742"
,TOTAL,,"7,211","$11,992,452","$9,523,349"
61512,80'S,,552,"$212,409","$169,196"
,OTHER,,"2,633","$5,906,541","$4,701,711"
,TOTAL,,"3,185","$6,118,950","$4,870,907"
61514,80'S,,27,"$8,059","$6,009"
,OTHER,,146,"$241,343","$192,914"
,TOTAL,,173,"$249,401","$198,923"
61516,80'S,,31,"$5,718","$4,575"
,OTHER,,124,"$184,932","$146,235"
,TOTAL,,155,"$190,650","$150,809"
61518,80'S,,212,"$87,272","$69,620"
,OTHER,,"1,107","$2,661,603","$2,121,580"
,TOTAL,,"1,319","$2,748,875","$2,191,200"
61519,80'S,,94,"$41,437","$32,594"
,OTHER,,407,"$1,044,926","$830,511"
,TOTAL,,501,"$1,086,363","$863,106"
61520,80'S,,61,"$34,475","$27,580"
,OTHER,,389,"$1,183,183","$945,140"
,TOTAL,,450,"$1,217,658","$972,720"
61521,80'S,,13,"$6,366","$5,093"
,OTHER,,58,"$164,661","$129,454"
,TOTAL,,71,"$171,027","$134,546"
61522,80'S,,6,"$1,771","$1,417"
,OTHER,,18,"$33,874","$27,099"
,TOTAL,,24,"$35,645","$28,516"
61524,80'S,,15,"$4,581","$3,665"
,OTHER,,54,"$100,557","$78,770"
,TOTAL,,69,"$105,138","$82,435"
61526,80'S,,3,"$1,616","$1,293"
,OTHER,,153,"$427,577","$340,264"
,TOTAL,,156,"$429,193","$341,557"
61530,OTHER,,31,"$71,308","$57,046"
,TOTAL,,31,"$71,308","$57,046"
61531,80'S,,1,$160,$128
,OTHER,,42,"$36,611","$29,244"
,TOTAL,,43,"$36,771","$29,372"
61533,80'S,,8,"$1,889","$1,512"
,OTHER,,70,"$97,108","$76,671"
,TOTAL,,78,"$98,998","$78,183"
61534,80'S,,2,$264,$211
,OTHER,,29,"$31,853","$25,444"
,TOTAL,,31,"$32,117","$25,655"
61535,80'S,,1,$155,$124
,OTHER,,27,"$19,309","$15,447"
,TOTAL,,28,"$19,464","$15,571"
61536,80'S,,4,"$1,527","$1,222"
,OTHER,,39,"$87,390","$69,912"
,TOTAL,,43,"$88,917","$71,134"
61538,80'S,,31,"$8,169","$6,535"
,OTHER,,190,"$339,812","$270,313"
,TOTAL,,221,"$347,981","$276,848"
61539,80'S,,11,"$3,574","$2,859"
,OTHER,,43,"$78,959","$63,167"
,TOTAL,,54,"$82,533","$66,026"
61541,80'S,,2,$553,$442
,OTHER,,10,"$17,667","$14,134"
,TOTAL,,12,"$18,220","$14,576"
61542,OTHER,,3,"$6,236","$4,989"
,TOTAL,,3,"$6,236","$4,989"
61543,80'S,,1,$139,$111
,OTHER,,5,"$8,323","$6,659"
,TOTAL,,6,"$8,463","$6,770"
61544,OTHER,,3,"$5,702","$4,269"
,TOTAL,,3,"$5,702","$4,269"
61545,80'S,,6,"$2,875","$2,300"
,OTHER,,42,"$103,798","$80,803"
,TOTAL,,48,"$106,673","$83,103"
61546,80'S,,14,"$4,550","$3,519"
,OTHER,,79,"$144,756","$113,586"
,TOTAL,,93,"$149,306","$117,105"
61548,80'S,,137,"$35,439","$28,331"
,OTHER,,"1,699","$2,116,268","$1,683,216"
,TOTAL,,"1,836","$2,151,707","$1,711,546"
61550,OTHER,,2,$999,$799
,TOTAL,,2,$999,$799
61556,80'S,,2,$467,$304
,OTHER,,12,"$12,593","$10,052"
,TOTAL,,14,"$13,061","$10,355"
61557,OTHER,,5,"$6,603","$5,282"
,TOTAL,,5,"$6,603","$5,282"
61559,80'S,,1,$195,$156
,OTHER,,2,"$3,244","$2,595"
,TOTAL,,3,"$3,439","$2,751"
61563,80'S,,1,$299,$239
,OTHER,,21,"$29,330","$23,431"
,TOTAL,,22,"$29,628","$23,670"
61564,80'S,,1,$159,$127
,OTHER,,6,"$9,706","$7,765"
,TOTAL,,7,"$9,865","$7,892"
61570,80'S,,1,$232,$185
,OTHER,,18,"$27,182","$21,745"
,TOTAL,,19,"$27,413","$21,930"
61571,80'S,,4,"$1,043",$834
,OTHER,,22,"$36,091","$28,873"
,TOTAL,,26,"$37,133","$29,707"
61575,80'S,,8,"$2,846","$2,276"
,OTHER,,152,"$277,098","$219,692"
,TOTAL,,160,"$279,944","$221,969"
61576,80'S,,2,"$1,050",$840
,OTHER,,6,"$16,146","$12,917"
,TOTAL,,8,"$17,196","$13,757"
61580,80'S,,3,$802,$641
,OTHER,,96,"$183,085","$144,561"
,TOTAL,,99,"$183,887","$145,202"
61581,OTHER,,42,"$83,482","$63,002"
,TOTAL,,42,"$83,482","$63,002"
61582,80'S,,19,"$4,365","$3,412"
,OTHER,,54,"$93,598","$74,232"
,TOTAL,,73,"$97,962","$77,644"
61583,80'S,,39,"$12,789","$10,232"
,OTHER,,153,"$318,190","$252,670"
,TOTAL,,192,"$330,979","$262,902"
61584,80'S,,55,"$11,203","$8,583"
,OTHER,,166,"$301,010","$236,557"
,TOTAL,,221,"$312,213","$245,140"
61585,80'S,,2,$919,$735
,OTHER,,18,"$38,960","$31,050"
,TOTAL,,20,"$39,880","$31,785"
61586,80'S,,5,$845,$676
,OTHER,,23,"$25,774","$20,619"
,TOTAL,,28,"$26,619","$21,295"
61590,80'S,,15,"$5,348","$4,242"
,OTHER,,115,"$273,945","$219,156"
,TOTAL,,130,"$279,292","$223,397"
61591,80'S,,4,"$1,442","$1,154"
,OTHER,,79,"$181,334","$144,993"
,TOTAL,,83,"$182,777","$146,147"
61592,80'S,,37,"$11,358","$9,023"
,OTHER,,228,"$406,927","$321,423"
,TOTAL,,265,"$418,285","$330,446"
61595,80'S,,5,"$1,481","$1,185"
,OTHER,,174,"$240,602","$191,072"
,TOTAL,,179,"$242,083","$192,256"
61596,80'S,,11,"$3,824","$3,059"
,OTHER,,60,"$91,076","$72,734"
,TOTAL,,71,"$94,899","$75,793"
61597,80'S,,11,"$2,843","$2,274"
,OTHER,,71,"$120,887","$94,454"
,TOTAL,,82,"$123,730","$96,729"
61598,80'S,,4,"$1,147",$917
,OTHER,,49,"$71,472","$55,573"
,TOTAL,,53,"$72,619","$56,490"
61600,80'S,,14,"$2,634","$1,769"
,OTHER,,192,"$167,016","$132,133"
,TOTAL,,206,"$169,650","$133,902"
61601,80'S,,43,"$5,746","$4,597"
,OTHER,,217,"$240,999","$192,150"
,TOTAL,,260,"$246,745","$196,747"
61605,80'S,,22,"$5,330","$3,965"
,OTHER,,146,"$194,002","$155,042"
,TOTAL,,168,"$199,332","$159,006"
61606,80'S,,12,"$4,145","$3,316"
,OTHER,,56,"$102,740","$81,233"
,TOTAL,,68,"$106,884","$84,549"
61607,80'S,,4,$996,$797
,OTHER,,39,"$73,932","$59,146"
,TOTAL,,43,"$74,928","$59,943"
61608,80'S,,35,"$15,879","$12,703"
,OTHER,,142,"$383,986","$307,189"
,TOTAL,,177,"$399,865","$319,892"
61609,80'S,,1,$105,$84
,OTHER,,2,"$1,358","$1,087"
,TOTAL,,3,"$1,463","$1,171"
61610,OTHER,,2,"$1,784","$1,427"
,TOTAL,,2,"$1,784","$1,427"
61612,OTHER,,2,"$2,355","$1,884"
,TOTAL,,2,"$2,355","$1,884"
61613,80'S,,2,$855,$684
,OTHER,,24,"$55,572","$44,457"
,TOTAL,,26,"$56,427","$45,142"
61615,80'S,,3,$959,$767
,OTHER,,54,"$88,000","$70,344"
,TOTAL,,57,"$88,959","$71,111"
61616,80'S,,28,"$13,009","$10,407"
,OTHER,,237,"$567,285","$449,270"
,TOTAL,,265,"$580,293","$459,677"
61618,80'S,,74,"$7,413","$5,841"
,OTHER,,501,"$338,383","$269,626"
,TOTAL,,575,"$345,796","$275,468"
61619,80'S,,16,"$2,006","$1,605"
,OTHER,,86,"$68,040","$54,432"
,TOTAL,,102,"$70,046","$56,037"
61624,OTHER,,"1,243","$1,422,650","$1,135,240"
,TOTAL,,"1,243","$1,422,650","$1,135,240"
61626,OTHER,,914,"$802,261","$636,494"
,TOTAL,,914,"$802,261","$636,494"
61680,80'S,,16,"$5,448","$4,318"
,OTHER,,87,"$175,536","$139,381"
,TOTAL,,103,"$180,984","$143,698"
61682,80'S,,27,"$17,369","$13,558"
,OTHER,,134,"$501,464","$395,575"
,TOTAL,,161,"$518,832","$409,133"
61684,80'S,,3,"$1,184",$947
,OTHER,,23,"$56,322","$44,832"
,TOTAL,,26,"$57,506","$45,779"
61686,80'S,,7,"$4,483","$3,586"
,OTHER,,27,"$107,747","$86,197"
,TOTAL,,34,"$112,229","$89,783"
61690,80'S,,3,"$1,002",$802
,OTHER,,12,"$21,963","$15,487"
,TOTAL,,15,"$22,965","$16,289"
61692,80'S,,2,"$1,087",$870
,OTHER,,17,"$52,172","$41,738"
,TOTAL,,19,"$53,259","$42,607"
61700,80'S,,674,"$346,223","$274,898"
,OTHER,,"2,431","$7,399,990","$5,866,222"
,TOTAL,,"3,105","$7,746,213","$6,141,120"
61702,80'S,,42,"$21,511","$17,209"
,OTHER,,156,"$440,639","$352,043"
,TOTAL,,198,"$462,150","$369,252"
61703,80'S,,3,$283,$226
,OTHER,,15,"$13,360","$10,688"
,TOTAL,,18,"$13,643","$10,914"
61705,80'S,,7,"$2,671","$2,137"
,OTHER,,35,"$84,590","$66,623"
,TOTAL,,42,"$87,261","$68,759"
61708,80'S,,24,"$8,883","$7,107"
,OTHER,,231,"$473,581","$378,865"
,TOTAL,,255,"$482,464","$385,972"
61710,80'S,,12,"$3,509","$2,807"
,OTHER,,270,"$460,620","$366,766"
,TOTAL,,282,"$464,129","$369,573"
61711,80'S,,6,"$2,156","$1,725"
,OTHER,,54,"$125,559","$99,839"
,TOTAL,,60,"$127,715","$101,564"
61720,OTHER,,285,"$328,995","$259,335"
,TOTAL,,285,"$328,995","$259,335"
61735,OTHER,,27,"$32,642","$26,097"
,TOTAL,,27,"$32,642","$26,097"
61750,80'S,,2,$311,$249
,OTHER,,497,"$559,954","$445,407"
,TOTAL,,499,"$560,265","$445,656"
61751,80'S,,6,"$1,197",$958
,OTHER,,"2,051","$2,612,377","$2,070,954"
,TOTAL,,"2,057","$2,613,575","$2,071,912"
61760,OTHER,,49,"$55,574","$43,911"
,TOTAL,,49,"$55,574","$43,911"
61770,OTHER,,94,"$144,388","$115,397"
,TOTAL,,94,"$144,388","$115,397"
61790,SG,,17,"$7,905","$6,279"
,OTHER,,"1,015","$779,813","$619,025"
,TOTAL,,"1,032","$787,718","$625,303"
61791,OTHER,,156,"$147,458","$115,404"
,TOTAL,,156,"$147,458","$115,404"
61793,OTHER,,"4,052","$5,242,499","$4,157,226"
,TOTAL,,"4,052","$5,242,499","$4,157,226"
61795,80'S,,8,$408,$326
,OTHER,,"6,935","$2,058,400","$1,625,407"
,TOTAL,,"6,943","$2,058,807","$1,625,734"
61850,OTHER,,7,"$5,080","$4,064"
,TOTAL,,7,"$5,080","$4,064"
61855,80'S,,1,$154,$123
,OTHER,,27,"$20,909","$15,969"
,TOTAL,,28,"$21,062","$16,092"
61860,OTHER,,16,"$16,659","$12,509"
,TOTAL,,16,"$16,659","$12,509"
61862,80'S,,40,"$7,428","$5,848"
,OTHER,,916,"$1,050,103","$825,389"
,TOTAL,,956,"$1,057,530","$831,236"
61865,OTHER,,2,"$3,691","$2,953"
,TOTAL,,2,"$3,691","$2,953"
61870,80'S,,1,$133,$106
,OTHER,,6,"$4,148","$3,318"
,TOTAL,,7,"$4,281","$3,425"
61875,OTHER,,2,$403,$322
,TOTAL,,2,$403,$322
61880,OTHER,,119,"$46,335","$36,926"
,TOTAL,,119,"$46,335","$36,926"
61885,80'S,,7,$363,$290
,OTHER,,"1,241","$290,146","$228,864"
,TOTAL,,"1,248","$290,509","$229,154"
61886,OTHER,,25,"$11,471","$8,891"
,TOTAL,,25,"$11,471","$8,891"
61888,OTHER,,161,"$45,702","$35,811"
,TOTAL,,161,"$45,702","$35,811"
62000,80'S,,2,$245,$196
,OTHER,,41,"$15,641","$11,919"
,TOTAL,,43,"$15,886","$12,115"
62005,80'S,,5,$688,$550
,OTHER,,36,"$22,072","$16,863"
,TOTAL,,41,"$22,760","$17,413"
62010,80'S,,17,"$2,515","$2,012"
,OTHER,,138,"$138,948","$110,273"
,TOTAL,,155,"$141,464","$112,285"
62100,80'S,,43,"$7,617","$6,093"
,OTHER,,209,"$247,359","$197,271"
,TOTAL,,252,"$254,976","$203,364"
62115,80'S,,1,$245,$196
,OTHER,,4,"$2,141","$1,713"
,TOTAL,,5,"$2,386","$1,909"
62116,OTHER,,4,"$4,070","$3,252"
,TOTAL,,4,"$4,070","$3,252"
62120,80'S,,1,$303,$242
,OTHER,,24,"$32,936","$25,229"
,TOTAL,,25,"$33,239","$25,471"
62121,80'S,,7,"$1,245",$996
,OTHER,,33,"$41,941","$32,696"
,TOTAL,,40,"$43,186","$33,692"
62140,80'S,,150,"$12,713","$10,103"
,OTHER,,"1,053","$550,146","$437,866"
,TOTAL,,"1,203","$562,859","$447,970"
62141,80'S,,114,"$13,342","$10,584"
,OTHER,,687,"$493,029","$389,243"
,TOTAL,,801,"$506,370","$399,827"
62142,80'S,,44,"$3,947","$3,158"
,OTHER,,237,"$156,628","$123,894"
,TOTAL,,281,"$160,575","$127,052"
62143,80'S,,66,"$4,522","$3,612"
,OTHER,,292,"$153,825","$122,686"
,TOTAL,,358,"$158,348","$126,298"
62145,80'S,,11,"$1,235",$939
,OTHER,,73,"$52,428","$40,551"
,TOTAL,,84,"$53,663","$41,490"
62146,80'S,,4,$357,$286
,OTHER,,43,"$24,180","$19,344"
,TOTAL,,47,"$24,537","$19,630"
62147,80'S,,9,"$1,084",$867
,OTHER,,55,"$47,828","$38,124"
,TOTAL,,64,"$48,912","$38,991"
62180,80'S,,5,$491,$393
,OTHER,,69,"$80,322","$61,152"
,TOTAL,,74,"$80,813","$61,545"
62190,OTHER,,35,"$20,143","$15,446"
,TOTAL,,35,"$20,143","$15,446"
62192,80'S,,53,"$5,684","$4,454"
,OTHER,,293,"$210,096","$167,566"
,TOTAL,,346,"$215,780","$172,020"
62194,SG,,3,$461,$369
,OTHER,,70,"$15,248","$12,071"
,TOTAL,,73,"$15,709","$12,440"
62200,80'S,,14,"$2,201","$1,761"
,OTHER,,169,"$183,428","$144,325"
,TOTAL,,183,"$185,629","$146,085"
62201,OTHER,,11,"$8,748","$6,998"
,TOTAL,,11,"$8,748","$6,998"
62220,80'S,,25,"$3,962","$3,169"
,OTHER,,189,"$158,281","$126,431"
,TOTAL,,214,"$162,243","$129,600"
62223,80'S,,822,"$126,262","$100,549"
,OTHER,,"5,867","$5,107,187","$4,061,615"
,TOTAL,,"6,689","$5,233,448","$4,162,164"
62225,80'S,,2,$136,$109
,OTHER,,382,"$125,313","$99,347"
,TOTAL,,384,"$125,449","$99,456"
62230,80'S,,157,"$17,997","$14,048"
,OTHER,,"2,017","$1,232,892","$979,520"
,TOTAL,,"2,174","$1,250,889","$993,568"
62256,80'S,,28,"$1,902","$1,521"
,OTHER,,549,"$229,821","$183,085"
,TOTAL,,577,"$231,723","$184,606"
62258,80'S,,48,"$8,083","$6,106"
,OTHER,,458,"$425,278","$335,423"
,TOTAL,,506,"$433,361","$341,529"
62263,SG,,520,"$141,007","$112,317"
,80'S,,1,$28,$23
,OTHER,,"8,570","$2,976,070","$2,358,052"
,TOTAL,,"9,091","$3,117,105","$2,470,391"
62268,SG,,8,"$2,437","$1,950"
,OTHER,,209,"$52,475","$41,617"
,TOTAL,,217,"$54,912","$43,567"
62269,SG,,7,"$2,302","$1,841"
,OTHER,,197,"$39,885","$31,432"
,TOTAL,,204,"$42,187","$33,273"
62270,SG,,93,"$28,786","$22,253"
,OTHER,,"63,842","$4,415,373","$3,461,497"
,TOTAL,,"63,935","$4,444,159","$3,483,750"
62272,SG,,14,"$4,099","$3,251"
,OTHER,,"3,810","$311,008","$243,770"
,TOTAL,,"3,824","$315,106","$247,021"
62273,SG,,212,"$62,768","$49,510"
,OTHER,,"2,738","$330,592","$257,397"
,TOTAL,,"2,950","$393,360","$306,907"
62274,SG,,106,"$32,444","$25,519"
,OTHER,,"1,466","$134,743","$103,559"
,TOTAL,,"1,572","$167,187","$129,077"
62275,SG,,"1,253","$376,008","$290,732"
,OTHER,,"2,494","$375,755","$286,069"
,TOTAL,,"3,747","$751,763","$576,801"
62276,SG,,18,"$4,581","$3,627"
,OTHER,,50,"$6,465","$4,955"
,TOTAL,,68,"$11,046","$8,582"
62277,SG,,78,"$14,536","$11,591"
,OTHER,,133,"$15,250","$11,074"
,TOTAL,,211,"$29,786","$22,665"
62278,SG,,"4,334","$1,324,533","$1,019,966"
,OTHER,,"10,752","$1,381,898","$1,010,212"
,TOTAL,,"15,086","$2,706,431","$2,030,178"
62279,SG,,299,"$88,497","$70,054"
,OTHER,,"7,448","$653,937","$514,387"
,TOTAL,,"7,747","$742,434","$584,441"
62280,SG,,89,"$24,859","$19,875"
,OTHER,,297,"$40,034","$31,267"
,TOTAL,,386,"$64,893","$51,141"
62281,OTHER,,"1,307","$168,044","$132,995"
,TOTAL,,"1,307","$168,044","$132,995"
62282,SG,,"1,925","$536,904","$426,268"
,OTHER,,"11,586","$2,083,496","$1,648,274"
,TOTAL,,"13,511","$2,620,399","$2,074,542"
62284,OTHER,,"85,590","$9,362,905","$7,337,908"
,TOTAL,,"85,590","$9,362,905","$7,337,908"
62287,OTHER,,834,"$417,960","$329,707"
,TOTAL,,834,"$417,960","$329,707"
62288,SG,,39,"$11,873","$9,062"
,OTHER,,215,"$22,719","$16,971"
,TOTAL,,254,"$34,592","$26,033"
62289,SG,,"12,425","$3,768,222","$2,911,056"
,OTHER,,"34,737","$4,527,961","$3,348,956"
,TOTAL,,"47,162","$8,296,183","$6,260,012"
62290,OTHER,,"12,886","$1,643,636","$1,282,632"
,TOTAL,,"12,886","$1,643,636","$1,282,632"
62291,OTHER,,"1,599","$187,459","$146,323"
,TOTAL,,"1,599","$187,459","$146,323"
62292,80'S,,1,$37,$29
,OTHER,,284,"$133,211","$104,352"
,TOTAL,,285,"$133,247","$104,382"
62294,SG,,8,"$4,101","$3,281"
,OTHER,,30,"$13,567","$10,541"
,TOTAL,,38,"$17,668","$13,822"
62298,SG,,3,$923,$738
,OTHER,,"2,855","$336,358","$245,322"
,TOTAL,,"2,858","$337,281","$246,061"
62310,SG,,"9,087","$2,815,068","$2,225,380"
,OTHER,,"75,902","$8,929,151","$7,012,275"
,TOTAL,,"84,989","$11,744,219","$9,237,655"
62311,SG,,"80,071","$24,753,970","$19,664,578"
,80'S,,4,$80,$64
,OTHER,,"612,412","$64,117,556","$50,546,351"
,TOTAL,,"692,487","$88,871,606","$70,210,994"
62318,SG,,610,"$186,709","$147,407"
,OTHER,,"25,539","$2,453,852","$1,950,640"
,TOTAL,,"26,149","$2,640,561","$2,098,047"
62319,SG,,"3,060","$912,896","$727,294"
,OTHER,,"94,261","$8,385,025","$6,668,001"
,TOTAL,,"97,321","$9,297,921","$7,395,294"
62350,SG,,201,"$80,747","$62,749"
,80'S,,27,"$1,497","$1,192"
,OTHER,,"5,549","$1,581,967","$1,245,543"
,TOTAL,,"5,777","$1,664,211","$1,309,483"
62351,SG,,1,$436,$349
,80'S,,33,"$2,085","$1,593"
,OTHER,,285,"$142,331","$112,087"
,TOTAL,,319,"$144,852","$114,029"
62355,SG,,1,$298,$238
,80'S,,4,$184,$147
,OTHER,,998,"$233,475","$184,412"
,TOTAL,,"1,003","$233,957","$184,797"
62360,SG,,18,"$5,504","$4,404"
,80'S,,5,$126,$101
,OTHER,,675,"$86,276","$67,744"
,TOTAL,,698,"$91,906","$72,248"
62361,SG,,13,"$3,624","$2,899"
,80'S,,2,$80,$64
,OTHER,,438,"$68,763","$54,645"
,TOTAL,,453,"$72,466","$57,608"
62362,SG,,108,"$36,763","$28,261"
,80'S,,30,"$1,923","$1,538"
,OTHER,,"4,806","$1,710,611","$1,345,938"
,TOTAL,,"4,944","$1,749,297","$1,375,737"
62365,SG,,37,"$14,825","$11,860"
,80'S,,1,$28,$22
,OTHER,,966,"$279,201","$219,150"
,TOTAL,,"1,004","$294,055","$231,033"
62367,SG,,282,"$123,157","$98,006"
,80'S,,1,$12,$10
,OTHER,,"6,027","$238,659","$182,886"
,TOTAL,,"6,310","$361,828","$280,902"
62368,SG,,"4,620","$2,032,751","$1,612,528"
,OTHER,,"74,638","$4,464,933","$3,435,151"
,TOTAL,,"79,258","$6,497,684","$5,047,679"
63001,80'S,,105,"$15,317","$12,254"
,OTHER,,624,"$528,876","$420,533"
,TOTAL,,729,"$544,194","$432,787"
63003,80'S,,34,"$5,116","$4,093"
,OTHER,,269,"$244,275","$194,080"
,TOTAL,,303,"$249,391","$198,173"
63005,80'S,,414,"$65,009","$51,665"
,OTHER,,"2,289","$2,087,060","$1,654,084"
,TOTAL,,"2,703","$2,152,069","$1,705,750"
63011,80'S,,14,"$1,263","$1,010"
,OTHER,,130,"$63,806","$51,045"
,TOTAL,,144,"$65,069","$52,055"
63012,80'S,,221,"$24,517","$19,442"
,OTHER,,"1,222","$746,061","$592,779"
,TOTAL,,"1,443","$770,578","$612,221"
63015,80'S,,284,"$64,110","$50,969"
,OTHER,,"1,757","$2,334,935","$1,855,132"
,TOTAL,,"2,041","$2,399,045","$1,906,101"
63016,80'S,,32,"$6,075","$4,860"
,OTHER,,172,"$211,399","$167,434"
,TOTAL,,204,"$217,474","$172,294"
63017,80'S,,445,"$76,220","$60,587"
,OTHER,,"2,214","$2,235,568","$1,780,254"
,TOTAL,,"2,659","$2,311,788","$1,840,841"
63020,80'S,,276,"$45,805","$36,161"
,OTHER,,"1,892","$1,856,419","$1,458,583"
,TOTAL,,"2,168","$1,902,224","$1,494,744"
63030,80'S,,"4,752","$691,667","$547,547"
,OTHER,,"27,676","$22,437,857","$17,754,796"
,TOTAL,,"32,428","$23,129,524","$18,302,343"
63035,80'S,,"2,629","$104,386","$82,809"
,OTHER,,"12,075","$2,690,744","$2,137,425"
,TOTAL,,"14,704","$2,795,130","$2,220,234"
63040,80'S,,44,"$8,495","$6,796"
,OTHER,,301,"$332,869","$264,703"
,TOTAL,,345,"$341,364","$271,499"
63042,80'S,,"2,686","$470,438","$372,973"
,OTHER,,"12,476","$12,246,619","$9,664,896"
,TOTAL,,"15,162","$12,717,058","$10,037,869"
63045,80'S,,842,"$162,102","$128,950"
,OTHER,,"4,578","$4,957,691","$3,927,761"
,TOTAL,,"5,420","$5,119,793","$4,056,711"
63046,80'S,,231,"$33,826","$26,757"
,OTHER,,"1,007","$887,191","$702,575"
,TOTAL,,"1,238","$921,017","$729,332"
63047,80'S,,"12,887","$1,940,984","$1,539,824"
,OTHER,,"64,999","$55,233,252","$43,864,820"
,TOTAL,,"77,886","$57,174,236","$45,404,644"
63048,80'S,,"20,216","$771,631","$614,546"
,OTHER,,"101,136","$21,036,620","$16,729,600"
,TOTAL,,"121,352","$21,808,251","$17,344,146"
63055,80'S,,81,"$19,307","$15,446"
,OTHER,,410,"$584,722","$464,152"
,TOTAL,,491,"$604,029","$479,598"
63056,80'S,,347,"$77,494","$61,716"
,OTHER,,"2,366","$2,980,087","$2,362,310"
,TOTAL,,"2,713","$3,057,581","$2,424,026"
63057,80'S,,93,"$5,174","$4,139"
,OTHER,,646,"$203,813","$161,931"
,TOTAL,,739,"$208,987","$166,071"
63064,80'S,,28,"$7,507","$5,814"
,OTHER,,124,"$188,063","$145,040"
,TOTAL,,152,"$195,570","$150,855"
63066,80'S,,6,$207,$153
,OTHER,,48,"$10,100","$8,080"
,TOTAL,,54,"$10,306","$8,233"
63075,80'S,,"2,756","$351,640","$277,361"
,OTHER,,"14,571","$10,366,259","$8,143,166"
,TOTAL,,"17,327","$10,717,899","$8,420,527"
63076,80'S,,"1,715","$79,561","$62,906"
,OTHER,,"8,504","$2,200,296","$1,734,493"
,TOTAL,,"10,219","$2,279,858","$1,797,399"
63077,80'S,,102,"$16,412","$12,576"
,OTHER,,360,"$317,837","$245,852"
,TOTAL,,462,"$334,249","$258,429"
63078,80'S,,78,"$2,677","$2,141"
,OTHER,,223,"$43,909","$34,491"
,TOTAL,,301,"$46,586","$36,633"
63081,80'S,,887,"$251,803","$199,527"
,OTHER,,"4,056","$6,567,371","$5,191,207"
,TOTAL,,"4,943","$6,819,174","$5,390,733"
63082,80'S,,705,"$36,143","$28,716"
,OTHER,,"3,282","$966,060","$764,882"
,TOTAL,,"3,987","$1,002,202","$793,598"
63085,80'S,,127,"$38,819","$30,961"
,OTHER,,685,"$1,004,979","$802,041"
,TOTAL,,812,"$1,043,799","$833,002"
63086,80'S,,64,"$2,365","$1,889"
,OTHER,,307,"$63,777","$50,804"
,TOTAL,,371,"$66,142","$52,693"
63087,80'S,,111,"$42,418","$33,527"
,OTHER,,565,"$1,033,329","$815,274"
,TOTAL,,676,"$1,075,747","$848,801"
63088,80'S,,48,"$2,381","$1,815"
,OTHER,,220,"$59,638","$46,680"
,TOTAL,,268,"$62,019","$48,495"
63090,80'S,,176,"$57,030","$45,363"
,OTHER,,988,"$1,391,087","$1,105,213"
,TOTAL,,"1,164","$1,448,117","$1,150,576"
63091,80'S,,111,"$3,784","$3,027"
,OTHER,,546,"$85,225","$67,779"
,TOTAL,,657,"$89,009","$70,806"
63170,80'S,,3,$712,$570
,OTHER,,31,"$38,278","$30,622"
,TOTAL,,34,"$38,990","$31,192"
63172,80'S,,40,"$7,762","$6,209"
,OTHER,,162,"$180,420","$142,134"
,TOTAL,,202,"$188,182","$148,344"
63173,80'S,,5,"$1,014",$811
,OTHER,,44,"$53,923","$43,059"
,TOTAL,,49,"$54,937","$43,869"
63180,80'S,,1,$163,$130
,OTHER,,2,"$2,360","$1,888"
,TOTAL,,3,"$2,523","$2,018"
63182,80'S,,3,$335,$268
,OTHER,,9,"$9,400","$7,520"
,TOTAL,,12,"$9,736","$7,788"
63185,80'S,,6,$852,$682
,OTHER,,73,"$64,826","$51,000"
,TOTAL,,79,"$65,679","$51,682"
63190,80'S,,4,$642,$514
,OTHER,,49,"$58,209","$44,933"
,TOTAL,,53,"$58,852","$45,447"
63194,80'S,,1,$230,$184
,OTHER,,5,"$4,929","$3,944"
,TOTAL,,6,"$5,159","$4,128"
63195,80'S,,1,$161,$129
,OTHER,,5,"$5,930","$4,744"
,TOTAL,,6,"$6,091","$4,873"
63196,OTHER,,1,"$1,401","$1,121"
,TOTAL,,1,"$1,401","$1,121"
63197,OTHER,,4,"$4,762","$3,810"
,TOTAL,,4,"$4,762","$3,810"
63198,80'S,,1,$256,$205
,TOTAL,,1,$256,$205
63200,80'S,,9,"$1,708","$1,367"
,OTHER,,88,"$85,385","$68,054"
,TOTAL,,97,"$87,093","$69,421"
63250,80'S,,4,"$1,859","$1,487"
,OTHER,,15,"$36,081","$28,865"
,TOTAL,,19,"$37,940","$30,352"
63251,80'S,,8,"$3,309","$2,647"
,OTHER,,43,"$107,559","$84,041"
,TOTAL,,51,"$110,868","$86,688"
63252,80'S,,4,"$1,779","$1,423"
,OTHER,,24,"$65,749","$52,600"
,TOTAL,,28,"$67,528","$54,023"
63265,80'S,,40,"$8,862","$7,068"
,OTHER,,225,"$294,923","$234,476"
,TOTAL,,265,"$303,785","$241,543"
63266,80'S,,66,"$15,926","$12,741"
,OTHER,,357,"$513,226","$408,475"
,TOTAL,,423,"$529,152","$421,216"
63267,80'S,,287,"$56,234","$44,405"
,OTHER,,"1,455","$1,626,904","$1,291,274"
,TOTAL,,"1,742","$1,683,137","$1,335,679"
63268,80'S,,10,"$1,403","$1,065"
,OTHER,,45,"$34,572","$27,220"
,TOTAL,,55,"$35,975","$28,285"
63270,80'S,,15,"$3,558","$2,846"
,OTHER,,56,"$83,482","$66,522"
,TOTAL,,71,"$87,040","$69,369"
63271,80'S,,39,"$11,642","$9,298"
,OTHER,,177,"$308,315","$245,880"
,TOTAL,,216,"$319,956","$255,178"
63272,80'S,,56,"$16,550","$13,160"
,OTHER,,268,"$418,737","$333,370"
,TOTAL,,324,"$435,286","$346,530"
63273,80'S,,1,$144,$115
,OTHER,,21,"$28,580","$22,864"
,TOTAL,,22,"$28,723","$22,979"
63275,80'S,,24,"$6,935","$5,544"
,OTHER,,170,"$260,733","$205,881"
,TOTAL,,194,"$267,668","$211,425"
63276,80'S,,138,"$36,810","$29,448"
,OTHER,,761,"$1,180,939","$940,878"
,TOTAL,,899,"$1,217,749","$970,326"
63277,80'S,,103,"$24,803","$19,750"
,OTHER,,554,"$759,121","$602,042"
,TOTAL,,657,"$783,925","$621,792"
63278,80'S,,5,"$1,103",$883
,OTHER,,51,"$66,216","$51,599"
,TOTAL,,56,"$67,319","$52,481"
63280,80'S,,43,"$13,380","$10,704"
,OTHER,,157,"$288,166","$228,671"
,TOTAL,,200,"$301,547","$239,375"
63281,80'S,,114,"$36,330","$28,788"
,OTHER,,480,"$896,555","$715,171"
,TOTAL,,594,"$932,885","$743,959"
63282,80'S,,66,"$19,970","$15,976"
,OTHER,,303,"$506,972","$405,345"
,TOTAL,,369,"$526,942","$421,321"
63283,80'S,,3,$697,$558
,OTHER,,14,"$19,678","$15,742"
,TOTAL,,17,"$20,375","$16,300"
63285,80'S,,16,"$6,057","$4,845"
,OTHER,,68,"$152,749","$122,199"
,TOTAL,,84,"$158,806","$127,045"
63286,80'S,,16,"$6,191","$4,953"
,OTHER,,92,"$212,665","$170,052"
,TOTAL,,108,"$218,856","$175,005"
63287,80'S,,16,"$6,561","$5,249"
,OTHER,,51,"$119,340","$95,461"
,TOTAL,,67,"$125,901","$100,710"
63290,80'S,,16,"$6,286","$4,992"
,OTHER,,54,"$124,942","$98,313"
,TOTAL,,70,"$131,228","$103,305"
63300,80'S,,20,"$5,316","$4,253"
,OTHER,,106,"$149,722","$119,626"
,TOTAL,,126,"$155,038","$123,879"
63301,80'S,,9,"$2,560","$2,048"
,OTHER,,73,"$103,962","$83,170"
,TOTAL,,82,"$106,523","$85,218"
63302,80'S,,3,"$1,006",$805
,OTHER,,14,"$24,108","$19,286"
,TOTAL,,17,"$25,114","$20,091"
63303,80'S,,8,"$2,296","$1,836"
,OTHER,,54,"$86,746","$68,956"
,TOTAL,,62,"$89,042","$70,792"
63304,80'S,,8,"$1,954","$1,563"
,OTHER,,13,"$21,542","$17,234"
,TOTAL,,21,"$23,496","$18,797"
63305,80'S,,3,"$1,065",$852
,OTHER,,11,"$19,596","$15,676"
,TOTAL,,14,"$20,661","$16,529"
63306,OTHER,,4,"$5,024","$4,019"
,TOTAL,,4,"$5,024","$4,019"
63307,80'S,,2,$731,$585
,OTHER,,10,"$11,396","$9,044"
,TOTAL,,12,"$12,127","$9,629"
63308,80'S,,29,"$1,686","$1,349"
,OTHER,,130,"$44,127","$35,274"
,TOTAL,,159,"$45,813","$36,623"
63600,SG,,19,"$7,547","$6,038"
,OTHER,,131,"$101,062","$80,440"
,TOTAL,,150,"$108,609","$86,478"
63610,OTHER,,5,"$1,634","$1,307"
,TOTAL,,5,"$1,634","$1,307"
63615,OTHER,,21,"$3,960","$3,149"
,TOTAL,,21,"$3,960","$3,149"
63650,SG,,108,"$40,830","$31,378"
,80'S,,1,$69,$55
,OTHER,,"3,595","$1,362,289","$1,074,514"
,TOTAL,,"3,704","$1,403,188","$1,105,947"
63655,80'S,,65,"$7,376","$5,830"
,OTHER,,526,"$348,475","$275,368"
,TOTAL,,591,"$355,851","$281,197"
63660,SG,,108,"$32,385","$25,512"
,80'S,,6,$341,$273
,OTHER,,"1,473","$588,660","$461,731"
,TOTAL,,"1,587","$621,386","$487,516"
63685,SG,,15,"$5,599","$4,399"
,80'S,,75,"$4,580","$3,562"
,OTHER,,"1,491","$636,532","$503,539"
,TOTAL,,"1,581","$646,711","$511,500"
63688,SG,,71,"$19,594","$14,734"
,80'S,,3,$136,$109
,OTHER,,"1,409","$426,441","$334,544"
,TOTAL,,"1,483","$446,171","$349,386"
63700,80'S,,4,$344,$275
,OTHER,,30,"$19,933","$15,247"
,TOTAL,,34,"$20,277","$15,522"
63702,80'S,,2,$265,$212
,OTHER,,18,"$6,539","$4,961"
,TOTAL,,20,"$6,804","$5,173"
63704,OTHER,,5,"$4,467","$3,574"
,TOTAL,,5,"$4,467","$3,574"
63706,80'S,,2,$509,$407
,OTHER,,5,"$5,188","$4,151"
,TOTAL,,7,"$5,698","$4,558"
63707,80'S,,104,"$10,908","$8,614"
,OTHER,,774,"$460,238","$363,790"
,TOTAL,,878,"$471,146","$372,404"
63709,80'S,,147,"$20,260","$16,128"
,OTHER,,656,"$486,636","$387,114"
,TOTAL,,803,"$506,896","$403,242"
63710,80'S,,70,"$6,514","$5,171"
,OTHER,,333,"$179,174","$141,919"
,TOTAL,,403,"$185,688","$147,090"
63740,80'S,,27,"$3,343","$2,664"
,OTHER,,177,"$129,423","$101,949"
,TOTAL,,204,"$132,766","$104,613"
63741,80'S,,20,"$1,548","$1,199"
,OTHER,,352,"$180,079","$142,869"
,TOTAL,,372,"$181,627","$144,068"
63744,80'S,,12,"$1,095",$876
,OTHER,,129,"$65,539","$50,725"
,TOTAL,,141,"$66,634","$51,601"
63746,OTHER,,41,"$14,334","$11,140"
,TOTAL,,41,"$14,334","$11,140"
64400,80'S,,1,$8,$7
,OTHER,,"7,432","$520,021","$403,047"
,TOTAL,,"7,433","$520,029","$403,054"
64402,OTHER,,"2,168","$186,394","$144,873"
,TOTAL,,"2,168","$186,394","$144,873"
64405,OTHER,,"25,883","$1,940,157","$1,492,220"
,TOTAL,,"25,883","$1,940,157","$1,492,220"
64408,OTHER,,516,"$58,789","$45,593"
,TOTAL,,516,"$58,789","$45,593"
64410,SG,,18,"$5,649","$4,399"
,OTHER,,58,"$4,687","$3,710"
,TOTAL,,76,"$10,336","$8,110"
64412,OTHER,,"1,384","$95,004","$74,171"
,TOTAL,,"1,384","$95,004","$74,171"
64413,OTHER,,"5,930","$468,602","$360,472"
,TOTAL,,"5,930","$468,602","$360,472"
64415,SG,,433,"$106,814","$83,166"
,OTHER,,"19,344","$1,229,489","$969,073"
,TOTAL,,"19,777","$1,336,303","$1,052,238"
64417,SG,,57,"$14,609","$11,687"
,OTHER,,"2,143","$157,875","$122,640"
,TOTAL,,"2,200","$172,484","$134,327"
64418,OTHER,,"10,896","$814,968","$634,875"
,TOTAL,,"10,896","$814,968","$634,875"
64420,SG,,369,"$104,880","$82,513"
,OTHER,,"8,421","$500,645","$386,176"
,TOTAL,,"8,790","$605,525","$468,689"
64421,SG,,"1,304","$337,467","$265,193"
,OTHER,,"17,339","$1,496,559","$1,166,612"
,TOTAL,,"18,643","$1,834,026","$1,431,806"
64425,OTHER,,"5,768","$519,238","$401,694"
,TOTAL,,"5,768","$519,238","$401,694"
64430,SG,,34,"$9,329","$7,383"
,OTHER,,834,"$66,987","$52,625"
,TOTAL,,868,"$76,316","$60,008"
64435,OTHER,,"1,859","$161,034","$124,240"
,TOTAL,,"1,859","$161,034","$124,240"
64440,OTHER,,"4,379","$286,862","$196,396"
,TOTAL,,"4,379","$286,862","$196,396"
64441,OTHER,,"3,467","$317,864","$226,129"
,TOTAL,,"3,467","$317,864","$226,129"
64442,SG,,"3,015","$651,634","$505,624"
,OTHER,,"8,285","$851,344","$629,627"
,TOTAL,,"11,300","$1,502,978","$1,135,251"
64443,SG,,"4,336","$997,395","$794,773"
,OTHER,,"12,927","$900,977","$715,116"
,TOTAL,,"17,263","$1,898,372","$1,509,890"
64445,OTHER,,"20,274","$1,931,238","$1,507,678"
,TOTAL,,"20,274","$1,931,238","$1,507,678"
64450,80'S,,4,$20,$16
,OTHER,,"125,857","$9,172,786","$7,087,889"
,TOTAL,,"125,861","$9,172,806","$7,087,905"
64470,SG,,"1,422","$337,533","$267,451"
,OTHER,,"24,833","$3,788,944","$2,992,087"
,TOTAL,,"26,255","$4,126,477","$3,259,538"
64472,SG,,"1,639","$396,961","$313,868"
,OTHER,,"34,289","$3,784,194","$3,002,775"
,TOTAL,,"35,928","$4,181,154","$3,316,643"
64475,SG,,"15,728","$4,120,966","$3,263,669"
,OTHER,,"99,601","$11,229,169","$8,860,221"
,TOTAL,,"115,329","$15,350,135","$12,123,890"
64476,SG,,"14,478","$3,088,789","$2,457,088"
,OTHER,,"148,763","$13,433,730","$10,679,327"
,TOTAL,,"163,241","$16,522,519","$13,136,415"
64479,SG,,401,"$119,241","$93,225"
,80'S,,1,$36,$26
,OTHER,,"13,591","$2,008,094","$1,578,562"
,TOTAL,,"13,993","$2,127,372","$1,671,814"
64480,SG,,124,"$27,841","$21,961"
,OTHER,,"8,889","$1,084,319","$860,227"
,TOTAL,,"9,013","$1,112,159","$882,188"
64483,SG,,"4,200","$1,227,250","$972,170"
,OTHER,,"83,009","$10,995,911","$8,676,702"
,TOTAL,,"87,209","$12,223,161","$9,648,872"
64484,SG,,"1,135","$235,157","$185,665"
,OTHER,,"35,875","$4,073,751","$3,235,233"
,TOTAL,,"37,010","$4,308,908","$3,420,898"
64505,OTHER,,"5,739","$586,373","$460,069"
,TOTAL,,"5,739","$586,373","$460,069"
64508,OTHER,,7,$631,$485
,TOTAL,,7,$631,$485
64510,SG,,"1,564","$479,921","$373,838"
,OTHER,,"10,638","$835,663","$648,247"
,TOTAL,,"12,202","$1,315,583","$1,022,085"
64520,SG,,"2,033","$591,721","$466,804"
,OTHER,,"12,906","$1,025,875","$801,858"
,TOTAL,,"14,939","$1,617,596","$1,268,662"
64530,SG,,161,"$47,249","$37,142"
,OTHER,,"1,473","$136,207","$105,858"
,TOTAL,,"1,634","$183,456","$143,000"
64550,OTHER,,"16,112","$337,651","$259,097"
,TOTAL,,"16,112","$337,651","$259,097"
64553,OTHER,,33,"$2,451","$1,961"
,TOTAL,,33,"$2,451","$1,961"
64555,OTHER,,"2,107","$218,347","$172,182"
,TOTAL,,"2,107","$218,347","$172,182"
64560,OTHER,,28,"$3,780","$2,944"
,TOTAL,,28,"$3,780","$2,944"
64565,OTHER,,228,"$25,630","$19,860"
,TOTAL,,228,"$25,630","$19,860"
64573,80'S,,17,"$1,180",$944
,OTHER,,751,"$322,157","$252,689"
,TOTAL,,768,"$323,337","$253,633"
64575,SG,,5,"$1,423",$962
,80'S,,1,$51,$40
,OTHER,,229,"$66,076","$51,229"
,TOTAL,,235,"$67,549","$52,232"
64577,OTHER,,7,"$1,801","$1,441"
,TOTAL,,7,"$1,801","$1,441"
64580,80'S,,5,$128,$102
,OTHER,,12,"$2,826","$2,260"
,TOTAL,,17,"$2,954","$2,363"
64585,80'S,,2,$44,$35
,OTHER,,112,"$12,596","$9,653"
,TOTAL,,114,"$12,640","$9,688"
64590,SG,,1,$210,$168
,80'S,,26,$694,$510
,OTHER,,325,"$35,727","$28,178"
,TOTAL,,352,"$36,631","$28,856"
64595,SG,,4,"$1,249","$1,000"
,OTHER,,89,"$8,983","$7,036"
,TOTAL,,93,"$10,233","$8,036"
64600,SG,,92,"$20,256","$16,205"
,OTHER,,664,"$116,645","$90,989"
,TOTAL,,756,"$136,901","$107,194"
64605,SG,,12,"$3,676","$2,861"
,OTHER,,211,"$61,549","$48,018"
,TOTAL,,223,"$65,226","$50,879"
64610,SG,,2,$634,$507
,OTHER,,641,"$285,677","$224,838"
,TOTAL,,643,"$286,311","$225,345"
64612,OTHER,,"41,886","$5,790,235","$4,404,493"
,TOTAL,,"41,886","$5,790,235","$4,404,493"
64613,OTHER,,"14,515","$1,744,236","$1,319,556"
,TOTAL,,"14,515","$1,744,236","$1,319,556"
64620,SG,,105,"$27,908","$22,272"
,OTHER,,"2,252","$218,579","$172,912"
,TOTAL,,"2,357","$246,487","$195,184"
64622,SG,,"2,530","$681,118","$535,304"
,OTHER,,"16,214","$2,835,260","$2,232,819"
,TOTAL,,"18,744","$3,516,378","$2,768,123"
64623,SG,,"4,811","$921,582","$731,527"
,OTHER,,"40,644","$2,914,677","$2,312,156"
,TOTAL,,"45,455","$3,836,260","$3,043,683"
64626,SG,,163,"$41,129","$32,566"
,OTHER,,"2,948","$519,242","$406,619"
,TOTAL,,"3,111","$560,371","$439,185"
64627,SG,,305,"$70,885","$56,087"
,OTHER,,"6,185","$491,220","$387,387"
,TOTAL,,"6,490","$562,105","$443,474"
64630,SG,,10,"$4,502","$3,601"
,OTHER,,65,"$9,773","$7,747"
,TOTAL,,75,"$14,275","$11,348"
64640,80'S,,1,$12,$10
,OTHER,,"35,141","$5,257,678","$4,111,356"
,TOTAL,,"35,142","$5,257,690","$4,111,366"
64680,SG,,77,"$31,626","$24,499"
,OTHER,,"1,347","$169,250","$134,161"
,TOTAL,,"1,424","$200,877","$158,660"
64702,SG,,46,"$9,646","$7,717"
,OTHER,,496,"$100,823","$79,421"
,TOTAL,,542,"$110,469","$87,138"
64704,SG,,181,"$41,554","$33,163"
,80'S,,90,"$3,450","$2,760"
,OTHER,,"1,054","$233,270","$184,092"
,TOTAL,,"1,325","$278,275","$220,015"
64708,SG,,147,"$52,289","$41,044"
,80'S,,87,"$4,964","$3,953"
,OTHER,,"1,495","$530,894","$417,984"
,TOTAL,,"1,729","$588,147","$462,981"
64712,SG,,15,"$5,021","$3,879"
,80'S,,53,"$3,617","$2,784"
,OTHER,,821,"$367,096","$291,478"
,TOTAL,,889,"$375,733","$298,141"
64713,SG,,9,"$3,156","$2,525"
,80'S,,29,"$2,521","$2,017"
,OTHER,,328,"$183,750","$144,815"
,TOTAL,,366,"$189,427","$149,357"
64714,SG,,200,"$83,919","$66,727"
,80'S,,32,"$1,779","$1,404"
,OTHER,,"2,187","$1,045,584","$832,303"
,TOTAL,,"2,419","$1,131,282","$900,434"
64716,SG,,6,"$2,662","$1,840"
,80'S,,20,$850,$680
,OTHER,,204,"$54,497","$43,437"
,TOTAL,,230,"$58,008","$45,957"
64718,SG,,982,"$352,303","$278,126"
,80'S,,35,"$2,474","$1,929"
,OTHER,,"7,164","$2,990,447","$2,349,894"
,TOTAL,,"8,181","$3,345,224","$2,629,950"
64719,SG,,515,"$143,484","$114,268"
,OTHER,,"2,952","$865,954","$686,418"
,TOTAL,,"3,467","$1,009,437","$800,686"
64721,SG,,"15,637","$6,262,120","$4,952,224"
,80'S,,11,$612,$489
,OTHER,,"82,802","$27,351,737","$21,549,932"
,TOTAL,,"98,450","$33,614,468","$26,502,646"
64722,SG,,146,"$41,203","$32,519"
,80'S,,148,"$4,667","$3,689"
,OTHER,,"2,128","$584,061","$460,663"
,TOTAL,,"2,422","$629,931","$496,871"
64726,SG,,23,"$4,833","$3,834"
,OTHER,,126,"$21,447","$16,668"
,TOTAL,,149,"$26,280","$20,502"
64727,SG,,213,"$38,972","$31,130"
,OTHER,,"1,961","$406,273","$323,016"
,TOTAL,,"2,174","$445,244","$354,146"
64732,SG,,3,"$1,047",$837
,80'S,,1,$52,$41
,OTHER,,33,"$9,142","$7,314"
,TOTAL,,37,"$10,240","$8,192"
64734,SG,,2,$429,$343
,80'S,,1,$63,$51
,OTHER,,52,"$16,161","$12,823"
,TOTAL,,55,"$16,653","$13,218"
64736,OTHER,,22,"$5,375","$4,220"
,TOTAL,,22,"$5,375","$4,220"
64738,80'S,,3,$125,$100
,OTHER,,21,"$7,451","$5,900"
,TOTAL,,24,"$7,576","$6,000"
64740,80'S,,1,$34,$27
,OTHER,,10,"$2,611","$2,009"
,TOTAL,,11,"$2,645","$2,036"
64742,SG,,5,"$1,104",$883
,80'S,,2,$113,$90
,OTHER,,33,"$8,765","$7,012"
,TOTAL,,40,"$9,982","$7,986"
64744,SG,,8,"$3,265","$2,612"
,OTHER,,63,"$22,443","$17,911"
,TOTAL,,71,"$25,709","$20,524"
64746,80'S,,1,$31,$25
,OTHER,,8,"$2,232","$1,626"
,TOTAL,,9,"$2,263","$1,650"
64752,80'S,,3,$150,$120
,OTHER,,13,"$5,345","$4,276"
,TOTAL,,16,"$5,495","$4,396"
64755,80'S,,12,$868,$694
,OTHER,,27,"$14,785","$11,828"
,TOTAL,,39,"$15,652","$12,522"
64760,80'S,,15,$570,$456
,OTHER,,112,"$18,059","$14,413"
,TOTAL,,127,"$18,629","$14,869"
64761,OTHER,,7,"$1,172",$905
,TOTAL,,7,"$1,172",$905
64763,80'S,,4,$182,$146
,OTHER,,26,"$9,107","$7,286"
,TOTAL,,30,"$9,290","$7,432"
64766,OTHER,,6,"$2,586","$2,068"
,TOTAL,,6,"$2,586","$2,068"
64771,SG,,8,"$2,691","$2,153"
,OTHER,,24,"$10,013","$7,242"
,TOTAL,,32,"$12,704","$9,395"
64772,SG,,2,$655,$524
,80'S,,20,$966,$765
,OTHER,,171,"$59,696","$47,157"
,TOTAL,,193,"$61,318","$48,446"
64774,SG,,49,"$17,894","$14,099"
,80'S,,1,$27,$22
,OTHER,,392,"$99,965","$78,184"
,TOTAL,,442,"$117,886","$92,304"
64776,SG,,45,"$18,216","$14,223"
,80'S,,4,$126,$101
,OTHER,,284,"$68,185","$53,764"
,TOTAL,,333,"$86,527","$68,088"
64778,SG,,1,$208,$166
,OTHER,,14,"$2,745","$2,181"
,TOTAL,,15,"$2,953","$2,347"
64782,SG,,144,"$69,046","$54,983"
,OTHER,,885,"$281,743","$222,937"
,TOTAL,,"1,029","$350,790","$277,920"
64783,SG,,11,"$2,961","$2,368"
,OTHER,,26,"$5,878","$4,702"
,TOTAL,,37,"$8,838","$7,071"
64784,SG,,28,"$11,640","$9,312"
,80'S,,13,$926,$741
,OTHER,,408,"$197,543","$157,075"
,TOTAL,,449,"$210,109","$167,128"
64786,80'S,,6,$754,$603
,OTHER,,40,"$32,993","$26,395"
,TOTAL,,46,"$33,747","$26,998"
64787,SG,,37,"$9,455","$7,564"
,80'S,,6,$244,$195
,OTHER,,234,"$63,116","$50,390"
,TOTAL,,277,"$72,815","$58,149"
64788,SG,,26,"$9,807","$7,846"
,OTHER,,247,"$60,998","$47,946"
,TOTAL,,273,"$70,806","$55,792"
64790,SG,,11,"$4,050","$3,240"
,80'S,,8,$815,$652
,OTHER,,174,"$112,499","$89,203"
,TOTAL,,193,"$117,363","$93,095"
64792,SG,,1,$484,$388
,80'S,,14,"$2,166","$1,733"
,OTHER,,73,"$64,244","$51,351"
,TOTAL,,88,"$66,895","$53,471"
64795,SG,,90,"$36,441","$29,149"
,OTHER,,"1,735","$344,693","$272,078"
,TOTAL,,"1,825","$381,134","$301,227"
64802,SG,,2,$860,$688
,80'S,,7,$566,$453
,OTHER,,41,"$18,641","$14,889"
,TOTAL,,50,"$20,067","$16,030"
64804,80'S,,2,$307,$245
,OTHER,,37,"$31,914","$25,467"
,TOTAL,,39,"$32,221","$25,712"
64809,80'S,,1,$133,$107
,OTHER,,19,"$13,600","$10,880"
,TOTAL,,20,"$13,733","$10,986"
64818,80'S,,80,"$7,539","$5,984"
,OTHER,,538,"$313,106","$247,671"
,TOTAL,,618,"$320,645","$253,656"
64820,OTHER,,492,"$138,348","$107,526"
,TOTAL,,492,"$138,348","$107,526"
64831,SG,,89,"$47,487","$37,518"
,OTHER,,"1,214","$458,548","$362,215"
,TOTAL,,"1,303","$506,035","$399,734"
64832,SG,,18,"$2,969","$2,301"
,OTHER,,287,"$85,491","$67,994"
,TOTAL,,305,"$88,461","$70,296"
64834,SG,,8,"$1,602","$1,282"
,80'S,,1,$45,$36
,OTHER,,144,"$59,716","$47,490"
,TOTAL,,153,"$61,362","$48,807"
64835,SG,,5,"$1,931","$1,465"
,80'S,,3,$231,$185
,OTHER,,44,"$22,728","$18,182"
,TOTAL,,52,"$24,890","$19,832"
64836,SG,,4,"$1,869","$1,495"
,80'S,,2,$181,$145
,OTHER,,58,"$34,317","$27,373"
,TOTAL,,64,"$36,366","$29,013"
64837,SG,,1,$132,$106
,OTHER,,22,"$8,754","$6,413"
,TOTAL,,23,"$8,887","$6,519"
64840,OTHER,,12,"$4,612","$3,690"
,TOTAL,,12,"$4,612","$3,690"
64856,SG,,6,"$2,064","$1,651"
,OTHER,,169,"$130,422","$103,661"
,TOTAL,,175,"$132,486","$105,313"
64857,SG,,4,"$1,490","$1,192"
,80'S,,2,$317,$254
,OTHER,,84,"$73,834","$58,722"
,TOTAL,,90,"$75,642","$60,168"
64858,OTHER,,6,"$6,292","$5,034"
,TOTAL,,6,"$6,292","$5,034"
64859,SG,,1,$154,$123
,80'S,,1,$50,$40
,OTHER,,30,"$7,177","$5,741"
,TOTAL,,32,"$7,380","$5,904"
64861,80'S,,7,$994,$795
,OTHER,,13,"$14,298","$11,438"
,TOTAL,,20,"$15,291","$12,233"
64862,80'S,,2,$336,$268
,OTHER,,10,"$13,609","$10,887"
,TOTAL,,12,"$13,945","$11,156"
64864,SG,,1,$484,$387
,80'S,,17,"$1,451","$1,161"
,OTHER,,102,"$49,336","$39,428"
,TOTAL,,120,"$51,271","$40,976"
64865,80'S,,1,$79,$63
,OTHER,,16,"$10,397","$8,318"
,TOTAL,,17,"$10,476","$8,381"
64866,OTHER,,5,"$2,844","$2,275"
,TOTAL,,5,"$2,844","$2,275"
64868,80'S,,4,$362,$290
,OTHER,,46,"$29,592","$23,593"
,TOTAL,,50,"$29,954","$23,883"
64870,OTHER,,1,$549,$439
,TOTAL,,1,$549,$439
64872,SG,,1,$219,$175
,80'S,,1,$23,$19
,OTHER,,10,"$1,304","$1,043"
,TOTAL,,12,"$1,546","$1,237"
64874,80'S,,3,$97,$78
,OTHER,,20,"$4,077","$3,253"
,TOTAL,,23,"$4,174","$3,331"
64885,80'S,,6,$915,$711
,OTHER,,61,"$45,301","$36,005"
,TOTAL,,67,"$46,216","$36,715"
64886,80'S,,3,$534,$427
,OTHER,,110,"$108,541","$86,832"
,TOTAL,,113,"$109,075","$87,260"
64890,SG,,5,"$1,044",$835
,80'S,,1,$155,$124
,OTHER,,38,"$33,621","$26,897"
,TOTAL,,44,"$34,820","$27,856"
64891,OTHER,,11,"$2,356","$1,885"
,TOTAL,,11,"$2,356","$1,885"
64892,OTHER,,9,"$6,055","$4,801"
,TOTAL,,9,"$6,055","$4,801"
64893,OTHER,,9,"$9,193","$7,355"
,TOTAL,,9,"$9,193","$7,355"
64895,OTHER,,41,"$20,712","$16,570"
,TOTAL,,41,"$20,712","$16,570"
64896,80'S,,1,$256,$205
,OTHER,,8,"$9,546","$7,637"
,TOTAL,,9,"$9,802","$7,842"
64897,80'S,,1,$195,$156
,OTHER,,17,"$14,384","$11,508"
,TOTAL,,18,"$14,579","$11,663"
64898,OTHER,,24,"$26,479","$21,183"
,TOTAL,,24,"$26,479","$21,183"
64901,OTHER,,8,"$6,324","$5,059"
,TOTAL,,8,"$6,324","$5,059"
64902,OTHER,,22,"$18,031","$14,425"
,TOTAL,,22,"$18,031","$14,425"
64905,OTHER,,2,"$1,548","$1,238"
,TOTAL,,2,"$1,548","$1,238"
64907,80'S,,1,$197,$157
,OTHER,,2,"$2,224","$1,779"
,TOTAL,,3,"$2,421","$1,936"
64999,SG,,4,"$1,367","$1,093"
,80'S,,66,"$4,084","$3,264"
,OTHER,,"1,732","$770,845","$612,604"
,TOTAL,,"1,802","$776,295","$616,962"
65091,SG,EYE,19,"$8,669","$6,935"
,80'S,,1,$42,$33
,OTHER,,145,"$75,259","$59,783"
,TOTAL,,165,"$83,970","$66,752"
65093,SG,,75,"$33,733","$26,986"
,80'S,,1,$92,$74
,OTHER,,863,"$351,767","$279,011"
,TOTAL,,939,"$385,593","$306,071"
65101,SG,,30,"$13,881","$10,881"
,OTHER,,203,"$111,669","$88,673"
,TOTAL,,233,"$125,550","$99,554"
65103,SG,,42,"$19,397","$15,492"
,OTHER,,394,"$235,361","$187,164"
,TOTAL,,436,"$254,758","$202,656"
65105,SG,,106,"$60,759","$48,527"
,80'S,,49,"$5,491","$4,393"
,OTHER,,"1,113","$743,373","$587,304"
,TOTAL,,"1,268","$809,624","$640,225"
65110,SG,,5,"$3,415","$2,732"
,80'S,,7,"$1,181",$944
,OTHER,,110,"$112,113","$89,530"
,TOTAL,,122,"$116,708","$93,207"
65112,SG,,2,"$1,886","$1,508"
,80'S,,2,$342,$274
,OTHER,,42,"$44,672","$35,714"
,TOTAL,,46,"$46,900","$37,496"
65114,SG,,1,$950,$760
,80'S,,3,$501,$401
,OTHER,,23,"$22,329","$17,863"
,TOTAL,,27,"$23,780","$19,024"
65125,OTHER,,48,"$8,529","$6,575"
,TOTAL,,48,"$8,529","$6,575"
65130,SG,,9,"$4,266","$3,413"
,OTHER,,31,"$15,720","$12,537"
,TOTAL,,40,"$19,987","$15,950"
65135,SG,,9,"$2,915","$2,332"
,OTHER,,40,"$19,550","$15,560"
,TOTAL,,49,"$22,464","$17,892"
65140,SG,,9,"$3,674","$2,940"
,OTHER,,42,"$21,114","$16,811"
,TOTAL,,51,"$24,788","$19,751"
65150,SG,,8,"$2,740","$2,137"
,OTHER,,47,"$21,138","$16,671"
,TOTAL,,55,"$23,877","$18,809"
65155,SG,,22,"$8,841","$6,974"
,OTHER,,105,"$65,233","$51,287"
,TOTAL,,127,"$74,074","$58,260"
65175,SG,,25,"$5,455","$4,364"
,OTHER,,157,"$61,122","$48,639"
,TOTAL,,182,"$66,576","$53,003"
65205,OTHER,,"16,849","$1,695,482","$1,230,021"
,TOTAL,,"16,849","$1,695,482","$1,230,021"
65210,OTHER,,"18,410","$2,258,505","$1,680,291"
,TOTAL,,"18,410","$2,258,505","$1,680,291"
65220,OTHER,,"2,811","$241,575","$171,733"
,TOTAL,,"2,811","$241,575","$171,733"
65222,OTHER,,"29,033","$3,660,982","$2,679,926"
,TOTAL,,"29,033","$3,660,982","$2,679,926"
65235,SG,,86,"$34,659","$27,522"
,80'S,,2,$124,$99
,OTHER,,201,"$73,652","$57,989"
,TOTAL,,289,"$108,435","$85,611"
65260,SG,,1,$258,$207
,80'S,,3,$193,$155
,OTHER,,27,"$9,993","$7,994"
,TOTAL,,31,"$10,445","$8,356"
65265,SG,,9,"$3,659","$2,927"
,80'S,,9,$970,$776
,OTHER,,205,"$141,382","$111,050"
,TOTAL,,223,"$146,011","$114,753"
65270,SG,,21,"$8,591","$6,873"
,OTHER,,134,"$17,080","$13,280"
,TOTAL,,155,"$25,670","$20,153"
65272,SG,,6,"$2,296","$1,837"
,OTHER,,55,"$10,516","$8,250"
,TOTAL,,61,"$12,812","$10,086"
65273,OTHER,,24,"$6,129","$4,878"
,TOTAL,,24,"$6,129","$4,878"
65275,SG,,22,"$12,006","$9,556"
,OTHER,,160,"$35,274","$27,612"
,TOTAL,,182,"$47,280","$37,168"
65280,SG,,37,"$20,520","$16,416"
,80'S,,1,$48,$39
,OTHER,,293,"$147,220","$115,672"
,TOTAL,,331,"$167,788","$132,127"
65285,SG,,75,"$38,947","$31,077"
,80'S,,41,"$5,962","$4,769"
,OTHER,,"1,266","$1,155,623","$918,654"
,TOTAL,,"1,382","$1,200,531","$954,501"
65286,80'S,,1,$84,$67
,OTHER,,374,"$143,792","$113,910"
,TOTAL,,375,"$143,876","$113,977"
65290,SG,,5,"$2,441","$1,873"
,OTHER,,58,"$18,332","$14,559"
,TOTAL,,63,"$20,773","$16,431"
65400,SG,,616,"$172,753","$136,784"
,80'S,,3,$266,$213
,OTHER,,"3,322","$1,367,793","$1,080,338"
,TOTAL,,"3,941","$1,540,812","$1,217,336"
65410,SG,,18,"$6,740","$5,392"
,OTHER,,144,"$14,085","$11,155"
,TOTAL,,162,"$20,825","$16,547"
65420,SG,,"1,750","$559,184","$440,547"
,80'S,,1,$60,$48
,OTHER,,"5,956","$1,609,242","$1,261,971"
,TOTAL,,"7,707","$2,168,486","$1,702,566"
65426,SG,,"1,120","$693,366","$546,402"
,OTHER,,"4,009","$1,582,031","$1,241,211"
,TOTAL,,"5,129","$2,275,397","$1,787,613"
65430,OTHER,,"3,564","$510,732","$395,346"
,TOTAL,,"3,564","$510,732","$395,346"
65435,OTHER,,"3,318","$216,326","$159,183"
,TOTAL,,"3,318","$216,326","$159,183"
65436,OTHER,,811,"$198,257","$155,963"
,TOTAL,,811,"$198,257","$155,963"
65450,OTHER,,529,"$123,368","$96,578"
,TOTAL,,529,"$123,368","$96,578"
65600,OTHER,,543,"$130,369","$100,460"
,TOTAL,,543,"$130,369","$100,460"
65710,SG,,308,"$290,083","$229,481"
,80'S,,30,"$4,647","$3,718"
,OTHER,,797,"$706,538","$561,541"
,TOTAL,,"1,135","$1,001,269","$794,740"
65730,SG,,"1,932","$1,787,146","$1,420,645"
,80'S,,512,"$92,183","$73,084"
,OTHER,,"5,590","$5,817,947","$4,612,665"
,TOTAL,,"8,034","$7,697,276","$6,106,393"
65750,SG,,492,"$458,670","$365,302"
,80'S,,150,"$29,285","$23,428"
,OTHER,,"1,483","$1,669,273","$1,328,223"
,TOTAL,,"2,125","$2,157,228","$1,716,952"
65755,SG,,"2,667","$2,510,240","$2,003,971"
,80'S,,934,"$177,204","$139,988"
,OTHER,,"10,530","$11,552,183","$9,183,561"
,TOTAL,,"14,131","$14,239,626","$11,327,520"
65760,OTHER,,1,$0,$0
,TOTAL,,1,$0,$0
65770,SG,,4,"$3,219","$2,575"
,80'S,,9,"$1,823","$1,458"
,OTHER,,61,"$69,931","$55,746"
,TOTAL,,74,"$74,973","$59,780"
65772,OTHER,,"4,444","$1,308,620","$1,025,854"
,TOTAL,,"4,444","$1,308,620","$1,025,854"
65775,OTHER,,121,"$54,540","$43,043"
,TOTAL,,121,"$54,540","$43,043"
65800,SG,,101,"$26,536","$21,149"
,OTHER,,"1,348","$137,843","$108,905"
,TOTAL,,"1,449","$164,379","$130,053"
65805,SG,,74,"$21,770","$17,214"
,80'S,,4,$41,$33
,OTHER,,"4,931","$467,308","$368,593"
,TOTAL,,"5,009","$489,119","$385,840"
65810,SG,,217,"$67,585","$53,942"
,80'S,,2,$116,$93
,OTHER,,873,"$224,981","$179,266"
,TOTAL,,"1,092","$292,683","$233,302"
65815,SG,,81,"$28,098","$22,382"
,OTHER,,468,"$134,772","$106,643"
,TOTAL,,549,"$162,870","$129,025"
65820,OTHER,,170,"$105,553","$83,751"
,TOTAL,,170,"$105,553","$83,751"
65850,SG,,399,"$177,370","$141,315"
,OTHER,,657,"$497,344","$395,494"
,TOTAL,,"1,056","$674,715","$536,809"
65855,SG,,2,$680,$544
,80'S,,1,$50,$40
,OTHER,,"77,439","$27,815,217","$21,829,562"
,TOTAL,,"77,442","$27,815,947","$21,830,146"
65860,SG,,8,"$2,415","$1,932"
,80'S,,1,$23,$19
,OTHER,,"1,702","$408,151","$320,040"
,TOTAL,,"1,711","$410,589","$321,990"
65865,SG,,185,"$39,451","$31,401"
,80'S,,1,$40,$32
,OTHER,,"1,628","$440,915","$351,119"
,TOTAL,,"1,814","$480,407","$382,552"
65870,SG,,199,"$76,697","$61,198"
,80'S,,2,$83,$66
,OTHER,,"1,419","$477,485","$379,391"
,TOTAL,,"1,620","$554,265","$440,655"
65875,SG,,"1,329","$455,670","$363,163"
,80'S,,9,$400,$285
,OTHER,,"5,551","$1,570,822","$1,251,569"
,TOTAL,,"6,889","$2,026,892","$1,615,017"
65880,SG,,38,"$19,619","$15,616"
,OTHER,,216,"$83,542","$66,627"
,TOTAL,,254,"$103,161","$82,242"
65900,SG,,10,"$5,218","$4,172"
,80'S,,5,$487,$389
,OTHER,,65,"$37,228","$29,392"
,TOTAL,,80,"$42,933","$33,953"
65920,SG,,251,"$223,677","$176,530"
,80'S,,4,$224,$179
,OTHER,,"1,224","$577,268","$458,166"
,TOTAL,,"1,479","$801,168","$634,875"
65930,SG,,67,"$38,717","$30,560"
,80'S,,6,$332,$266
,OTHER,,384,"$157,607","$124,316"
,TOTAL,,457,"$196,656","$155,141"
66020,SG,,172,"$35,054","$27,442"
,OTHER,,"1,325","$132,701","$104,221"
,TOTAL,,"1,497","$167,754","$131,663"
66030,SG,,104,"$19,567","$14,953"
,OTHER,,681,"$52,197","$41,043"
,TOTAL,,785,"$71,764","$55,996"
66130,SG,,32,"$29,637","$23,710"
,OTHER,,158,"$73,694","$58,204"
,TOTAL,,190,"$103,331","$81,913"
66150,SG,,21,"$10,500","$8,400"
,OTHER,,99,"$49,107","$38,954"
,TOTAL,,120,"$59,608","$47,354"
66155,SG,,246,"$144,088","$115,031"
,OTHER,,119,"$58,839","$46,615"
,TOTAL,,365,"$202,928","$161,647"
66160,SG,,60,"$18,424","$14,739"
,80'S,,19,"$1,377","$1,102"
,OTHER,,396,"$285,160","$226,618"
,TOTAL,,475,"$304,961","$242,459"
66165,OTHER,,16,"$6,158","$4,926"
,TOTAL,,16,"$6,158","$4,926"
66170,SG,,"9,898","$4,119,888","$3,277,829"
,80'S,,"1,725","$266,546","$211,856"
,OTHER,,"32,083","$26,768,755","$21,280,162"
,TOTAL,,"43,706","$31,155,188","$24,769,846"
66172,SG,,"2,492","$1,200,835","$955,542"
,80'S,,739,"$129,511","$102,698"
,OTHER,,"11,766","$11,849,497","$9,412,708"
,TOTAL,,"14,997","$13,179,843","$10,470,949"
66180,SG,,893,"$572,772","$455,433"
,80'S,,380,"$69,950","$55,646"
,OTHER,,"4,889","$4,966,049","$3,937,629"
,TOTAL,,"6,162","$5,608,771","$4,448,709"
66185,SG,,110,"$39,930","$31,944"
,80'S,,44,"$4,048","$3,146"
,OTHER,,773,"$381,283","$302,661"
,TOTAL,,927,"$425,261","$337,751"
66220,SG,,1,$518,$415
,80'S,,1,$93,$75
,OTHER,,28,"$11,811","$9,249"
,TOTAL,,30,"$12,423","$9,738"
66225,SG,,43,"$16,746","$13,317"
,80'S,,25,"$2,096","$1,645"
,OTHER,,449,"$234,760","$185,372"
,TOTAL,,517,"$253,602","$200,334"
66250,SG,,"1,826","$739,954","$588,256"
,80'S,,6,$257,$205
,OTHER,,"9,640","$3,790,305","$2,999,132"
,TOTAL,,"11,472","$4,530,516","$3,587,593"
66500,SG,,15,"$3,627","$2,901"
,OTHER,,109,"$24,325","$19,155"
,TOTAL,,124,"$27,951","$22,056"
66505,SG,,11,"$2,944","$2,355"
,OTHER,,19,"$3,454","$2,763"
,TOTAL,,30,"$6,398","$5,119"
66600,SG,,16,"$5,219","$4,175"
,OTHER,,94,"$46,999","$37,288"
,TOTAL,,110,"$52,218","$41,464"
66605,SG,,3,$951,$761
,OTHER,,30,"$22,950","$17,586"
,TOTAL,,33,"$23,901","$18,347"
66625,SG,,460,"$183,489","$144,704"
,80'S,,4,$157,$126
,OTHER,,"1,905","$718,735","$567,531"
,TOTAL,,"2,369","$902,380","$712,360"
66630,SG,,21,"$7,527","$6,022"
,80'S,,1,$97,
,OTHER,,209,"$73,486","$57,692"
,TOTAL,,231,"$81,111","$63,714"
66635,SG,,139,"$42,892","$34,313"
,OTHER,,865,"$245,356","$195,071"
,TOTAL,,"1,004","$288,247","$229,384"
66680,SG,,161,"$64,612","$51,530"
,80'S,,4,$146,$93
,OTHER,,714,"$220,652","$173,556"
,TOTAL,,879,"$285,410","$225,179"
66682,SG,,243,"$73,942","$58,637"
,OTHER,,"1,194","$378,112","$300,875"
,TOTAL,,"1,437","$452,055","$359,512"
66700,SG,,20,"$4,591","$3,673"
,80'S,,1,$33,$27
,OTHER,,111,"$31,872","$25,192"
,TOTAL,,132,"$36,497","$28,891"
66710,SG,,"1,328","$391,690","$311,244"
,80'S,,1,$36,$29
,OTHER,,"4,225","$1,406,720","$1,110,881"
,TOTAL,,"5,554","$1,798,447","$1,422,155"
66720,SG,,132,"$48,706","$38,300"
,80'S,,1,$36,$29
,OTHER,,"1,093","$355,171","$278,883"
,TOTAL,,"1,226","$403,913","$317,212"
66740,SG,,98,"$24,543","$19,635"
,OTHER,,289,"$67,215","$53,269"
,TOTAL,,387,"$91,758","$72,904"
66761,SG,,2,$611,$489
,OTHER,,"64,933","$20,240,272","$15,894,325"
,TOTAL,,"64,935","$20,240,883","$15,894,813"
66762,SG,,4,$956,$765
,OTHER,,"2,990","$942,661","$741,501"
,TOTAL,,"2,994","$943,617","$742,266"
66770,OTHER,,227,"$81,966","$64,274"
,TOTAL,,227,"$81,966","$64,274"
66820,80'S,,1,$31,$25
,OTHER,,"1,001","$296,805","$234,677"
,TOTAL,,"1,002","$296,836","$234,702"
66821,SG,,"170,399","$71,374,615","$56,472,286"
,80'S,,1,$27,$22
,OTHER,,"674,739","$131,645,122","$102,037,302"
,TOTAL,,"845,139","$203,019,764","$158,509,610"
66825,80'S,,57,"$3,805","$3,044"
,OTHER,,"3,606","$1,770,750","$1,404,091"
,TOTAL,,"3,663","$1,774,555","$1,407,135"
66830,SG,,125,"$51,909","$41,246"
,80'S,,4,$236,$189
,OTHER,,"1,654","$671,961","$529,962"
,TOTAL,,"1,783","$724,106","$571,397"
66840,SG,,343,"$193,644","$154,754"
,80'S,,2,$105,$84
,OTHER,,"1,423","$607,694","$483,321"
,TOTAL,,"1,768","$801,443","$638,159"
66850,SG,,696,"$657,363","$525,471"
,80'S,,39,"$2,475","$1,980"
,OTHER,,"3,859","$2,060,237","$1,637,794"
,TOTAL,,"4,594","$2,720,074","$2,165,245"
66852,SG,,221,"$101,464","$81,043"
,80'S,,12,"$1,911","$1,529"
,OTHER,,"1,979","$1,018,207","$812,469"
,TOTAL,,"2,212","$1,121,581","$895,041"
66920,SG,,31,"$18,195","$14,556"
,OTHER,,176,"$92,638","$73,744"
,TOTAL,,207,"$110,833","$88,300"
66930,SG,,54,"$64,873","$51,819"
,OTHER,,263,"$142,334","$112,730"
,TOTAL,,317,"$207,207","$164,549"
66940,SG,,231,"$147,306","$117,100"
,80'S,,1,$115,$92
,OTHER,,"1,134","$683,846","$542,820"
,TOTAL,,"1,366","$831,268","$660,012"
66983,SG,,403,"$367,433","$291,717"
,OTHER,,"1,853","$840,400","$664,205"
,TOTAL,,"2,256","$1,207,833","$955,923"
66984,SG,,"626,712","$579,706,859","$461,020,929"
,80'S,,15,"$1,736","$1,384"
,OTHER,,"2,085,378","$1,300,620,895","$1,032,259,638"
,TOTAL,,"2,712,105","$1,880,329,489","$1,493,281,951"
66985,SG,,"2,977","$2,291,648","$1,819,611"
,80'S,,4,$342,$274
,OTHER,,"10,324","$5,320,238","$4,220,415"
,TOTAL,,"13,305","$7,612,227","$6,040,300"
66986,SG,,"2,228","$1,545,779","$1,230,609"
,80'S,,11,"$1,160",$805
,OTHER,,"7,225","$4,679,960","$3,714,295"
,TOTAL,,"9,464","$6,226,899","$4,945,709"
66999,SG,,27,"$14,729","$11,784"
,80'S,,8,"$1,494","$1,195"
,OTHER,,"5,284","$707,329","$561,302"
,TOTAL,,"5,319","$723,552","$574,280"
67005,SG,,486,"$186,231","$148,180"
,OTHER,,"1,871","$445,336","$354,851"
,TOTAL,,"2,357","$631,568","$503,031"
67010,SG,,"1,370","$509,080","$406,160"
,80'S,,207,"$14,733","$11,521"
,OTHER,,"5,195","$1,444,249","$1,149,796"
,TOTAL,,"6,772","$1,968,063","$1,567,477"
67015,SG,,221,"$56,650","$44,609"
,80'S,,2,$140,$112
,OTHER,,"2,061","$914,993","$729,121"
,TOTAL,,"2,284","$971,783","$773,842"
67025,SG,,211,"$39,397","$30,842"
,80'S,,3,$233,$186
,OTHER,,"1,952","$853,371","$676,629"
,TOTAL,,"2,166","$893,000","$707,656"
67027,80'S,,34,"$3,751","$3,001"
,OTHER,,286,"$207,707","$164,739"
,TOTAL,,320,"$211,458","$167,740"
67028,SG,,4,"$1,193",$955
,80'S,,1,$16,$12
,OTHER,,"2,922","$636,299","$503,165"
,TOTAL,,"2,927","$637,508","$504,132"
67030,SG,,14,"$3,489","$2,711"
,80'S,,5,$221,$177
,OTHER,,319,"$100,270","$79,573"
,TOTAL,,338,"$103,980","$82,461"
67031,SG,,550,"$231,804","$183,247"
,80'S,,1,$29,$23
,OTHER,,"3,927","$1,054,208","$827,639"
,TOTAL,,"4,478","$1,286,041","$1,010,910"
67036,SG,,"1,878","$878,673","$698,565"
,80'S,,"1,706","$242,825","$192,576"
,OTHER,,"12,902","$10,348,308","$8,223,570"
,TOTAL,,"16,486","$11,469,806","$9,114,711"
67038,SG,,"3,908","$2,092,258","$1,658,352"
,80'S,,"5,845","$1,380,511","$1,097,297"
,OTHER,,"40,371","$54,167,913","$42,933,424"
,TOTAL,,"50,124","$57,640,683","$45,689,072"
67039,SG,,688,"$614,328","$486,782"
,80'S,,298,"$39,692","$31,461"
,OTHER,,"2,568","$1,985,003","$1,580,558"
,TOTAL,,"3,554","$2,639,023","$2,098,802"
67040,SG,,"1,668","$1,525,560","$1,202,053"
,80'S,,"2,079","$326,067","$259,286"
,OTHER,,"15,198","$13,868,110","$10,981,867"
,TOTAL,,"18,945","$15,719,737","$12,443,205"
67101,80'S,,2,$104,$83
,OTHER,,"1,306","$629,729","$498,120"
,TOTAL,,"1,308","$629,833","$498,203"
67105,SG,,3,"$1,158",$926
,OTHER,,"4,379","$2,547,449","$2,010,010"
,TOTAL,,"4,382","$2,548,607","$2,010,936"
67107,SG,,452,"$300,103","$237,971"
,80'S,,743,"$138,184","$109,776"
,OTHER,,"6,502","$6,859,274","$5,431,841"
,TOTAL,,"7,697","$7,297,560","$5,779,588"
67108,SG,,"1,288","$1,190,630","$945,525"
,80'S,,"2,273","$571,913","$454,802"
,OTHER,,"14,984","$21,611,781","$17,160,906"
,TOTAL,,"18,545","$23,374,325","$18,561,233"
67110,80'S,,1,$157,$126
,OTHER,,"3,033","$2,416,031","$1,908,934"
,TOTAL,,"3,034","$2,416,188","$1,909,060"
67112,SG,,232,"$223,749","$178,974"
,80'S,,48,"$7,688","$6,047"
,OTHER,,850,"$769,707","$613,477"
,TOTAL,,"1,130","$1,001,144","$798,499"
67115,SG,,11,"$4,387","$3,510"
,OTHER,,111,"$38,741","$30,655"
,TOTAL,,122,"$43,128","$34,164"
67120,SG,,119,"$46,058","$36,519"
,80'S,,4,$316,$253
,OTHER,,915,"$396,361","$314,338"
,TOTAL,,"1,038","$442,735","$351,110"
67121,SG,,133,"$40,792","$31,990"
,80'S,,84,"$8,398","$6,644"
,OTHER,,762,"$509,279","$404,558"
,TOTAL,,979,"$558,469","$443,192"
67141,SG,,186,"$75,702","$59,912"
,80'S,,1,$34,$28
,OTHER,,"2,653","$1,026,844","$808,263"
,TOTAL,,"2,840","$1,102,580","$868,203"
67145,SG,,1,$357,$286
,80'S,,1,$58,$46
,OTHER,,"15,899","$6,412,824","$5,029,319"
,TOTAL,,"15,901","$6,413,239","$5,029,651"
67208,SG,,1,$307,$245
,OTHER,,644,"$321,904","$253,799"
,TOTAL,,645,"$322,211","$254,044"
67210,SG,,1,$618,$495
,OTHER,,"178,610","$112,981,719","$89,159,908"
,TOTAL,,"178,611","$112,982,337","$89,160,403"
67218,SG,,7,"$4,528","$3,622"
,OTHER,,368,"$370,475","$293,573"
,TOTAL,,375,"$375,002","$297,195"
67220,OTHER,,"48,968","$35,703,046","$28,383,209"
,TOTAL,,"48,968","$35,703,046","$28,383,209"
67227,SG,,233,"$69,714","$54,938"
,OTHER,,"1,332","$649,172","$508,754"
,TOTAL,,"1,565","$718,886","$563,692"
67228,80'S,,6,$360,$288
,OTHER,,"104,865","$86,537,361","$68,183,822"
,TOTAL,,"104,871","$86,537,721","$68,184,110"
67250,SG,,17,"$5,851","$4,681"
,OTHER,,57,"$25,823","$20,658"
,TOTAL,,74,"$31,674","$25,339"
67255,SG,,388,"$111,141","$88,675"
,80'S,,154,"$11,578","$9,192"
,OTHER,,"2,943","$1,149,846","$913,997"
,TOTAL,,"3,485","$1,272,564","$1,011,863"
67299,80'S,,8,"$1,299","$1,023"
,OTHER,,"25,391","$14,280,100","$11,408,374"
,TOTAL,,"25,399","$14,281,399","$11,409,396"
67311,SG,,542,"$233,966","$185,476"
,80'S,,7,$495,$396
,OTHER,,"2,440","$1,078,050","$853,199"
,TOTAL,,"2,989","$1,312,511","$1,039,070"
67312,SG,,405,"$226,764","$179,210"
,80'S,,6,$621,$417
,OTHER,,"1,831","$1,123,129","$883,208"
,TOTAL,,"2,242","$1,350,514","$1,062,835"
67314,SG,,317,"$174,845","$139,352"
,OTHER,,"1,634","$882,331","$699,100"
,TOTAL,,"1,951","$1,057,175","$838,452"
67316,SG,,45,"$23,638","$18,831"
,OTHER,,234,"$161,464","$126,328"
,TOTAL,,279,"$185,103","$145,159"
67318,SG,,36,"$19,076","$15,261"
,80'S,,1,$86,$69
,OTHER,,208,"$91,468","$71,840"
,TOTAL,,245,"$110,630","$87,170"
67320,SG,,41,"$21,217","$16,974"
,80'S,,2,$110,$88
,OTHER,,273,"$132,159","$104,552"
,TOTAL,,316,"$153,487","$121,614"
67331,SG,,50,"$25,612","$20,489"
,OTHER,,338,"$143,501","$114,243"
,TOTAL,,388,"$169,113","$134,733"
67332,SG,,133,"$65,826","$52,259"
,80'S,,50,"$4,667","$3,626"
,OTHER,,"1,136","$546,320","$432,229"
,TOTAL,,"1,319","$616,813","$488,115"
67334,OTHER,,74,"$29,104","$23,210"
,TOTAL,,74,"$29,104","$23,210"
67335,80'S,,2,$55,$44
,OTHER,,"1,415","$251,810","$199,089"
,TOTAL,,"1,417","$251,865","$199,133"
67340,SG,,8,"$4,153","$3,322"
,80'S,,3,$213,$170
,OTHER,,60,"$26,888","$21,511"
,TOTAL,,71,"$31,254","$25,003"
67343,80'S,,3,$210,$105
,OTHER,,68,"$25,055","$19,669"
,TOTAL,,71,"$25,265","$19,774"
67345,OTHER,,930,"$191,853","$148,231"
,TOTAL,,930,"$191,853","$148,231"
67350,SG,,1,$163,$131
,80'S,,1,$31,$25
,OTHER,,32,"$3,922","$3,138"
,TOTAL,,34,"$4,117","$3,293"
67399,OTHER,,48,"$23,835","$19,068"
,TOTAL,,48,"$23,835","$19,068"
67400,SG,,171,"$66,521","$53,009"
,80'S,,59,"$6,462","$5,170"
,OTHER,,"1,205","$844,217","$669,752"
,TOTAL,,"1,435","$917,201","$727,931"
67405,SG,,8,"$4,143","$3,315"
,80'S,,5,$521,$417
,OTHER,,117,"$65,782","$52,261"
,TOTAL,,130,"$70,447","$55,993"
67412,SG,,215,"$146,803","$116,687"
,80'S,,51,"$6,526","$5,054"
,OTHER,,"1,003","$782,581","$620,097"
,TOTAL,,"1,269","$935,909","$741,838"
67413,SG,,14,"$9,185","$7,348"
,80'S,,2,$254,$203
,OTHER,,102,"$68,568","$54,318"
,TOTAL,,118,"$78,008","$61,869"
67414,80'S,,9,"$1,238",$991
,OTHER,,185,"$156,565","$124,533"
,TOTAL,,194,"$157,803","$125,524"
67415,80'S,,1,$11,$8
,OTHER,,69,"$7,527","$5,809"
,TOTAL,,70,"$7,539","$5,817"
67420,SG,,13,"$8,877","$7,102"
,80'S,,20,"$4,731","$3,785"
,OTHER,,145,"$177,427","$140,321"
,TOTAL,,178,"$191,035","$151,208"
67430,SG,,4,"$2,011","$1,345"
,OTHER,,9,"$5,158","$4,127"
,TOTAL,,13,"$7,170","$5,472"
67440,SG,,2,"$1,026",$821
,80'S,,2,$332,$266
,OTHER,,21,"$20,237","$15,511"
,TOTAL,,25,"$21,595","$16,598"
67445,80'S,,22,"$3,949","$3,159"
,OTHER,,150,"$155,920","$122,618"
,TOTAL,,172,"$159,869","$125,778"
67450,SG,,3,"$1,963","$1,490"
,80'S,,7,"$1,219",$975
,OTHER,,116,"$112,741","$90,113"
,TOTAL,,126,"$115,923","$92,578"
67500,OTHER,,"27,926","$4,040,250","$3,203,936"
,TOTAL,,"27,926","$4,040,250","$3,203,936"
67505,OTHER,,"1,099","$99,635","$77,801"
,TOTAL,,"1,099","$99,635","$77,801"
67515,OTHER,,"23,371","$2,893,355","$2,241,664"
,TOTAL,,"23,371","$2,893,355","$2,241,664"
67550,SG,,43,"$22,436","$17,692"
,OTHER,,312,"$202,455","$160,189"
,TOTAL,,355,"$224,891","$177,881"
67560,SG,,24,"$8,591","$6,836"
,80'S,,1,$123,$98
,OTHER,,146,"$97,072","$77,016"
,TOTAL,,171,"$105,786","$83,951"
67570,80'S,,12,"$1,452","$1,162"
,OTHER,,73,"$61,817","$47,380"
,TOTAL,,85,"$63,269","$48,542"
67599,80'S,,1,$110,$88
,OTHER,,189,"$44,223","$35,324"
,TOTAL,,190,"$44,332","$35,412"
67700,80'S,,1,$5,$4
,OTHER,,"3,514","$497,522","$375,431"
,TOTAL,,"3,515","$497,527","$375,435"
67710,OTHER,,778,"$91,997","$69,818"
,TOTAL,,778,"$91,997","$69,818"
67715,SG,,59,"$11,785","$9,428"
,OTHER,,521,"$33,542","$26,375"
,TOTAL,,580,"$45,327","$35,803"
67800,OTHER,,"22,549","$3,645,404","$2,718,696"
,TOTAL,,"22,549","$3,645,404","$2,718,696"
67801,SG,,1,$397,$318
,OTHER,,"3,613","$712,669","$546,920"
,TOTAL,,"3,614","$713,066","$547,238"
67805,OTHER,,"1,161","$236,159","$181,033"
,TOTAL,,"1,161","$236,159","$181,033"
67808,SG,,86,"$31,368","$24,772"
,OTHER,,288,"$63,052","$49,354"
,TOTAL,,374,"$94,419","$74,126"
67810,OTHER,,"23,071","$3,194,495","$2,438,168"
,TOTAL,,"23,071","$3,194,495","$2,438,168"
67820,OTHER,,"210,509","$12,875,968","$9,501,450"
,TOTAL,,"210,509","$12,875,968","$9,501,450"
67825,SG,,2,$284,$227
,OTHER,,"11,875","$1,845,090","$1,421,834"
,TOTAL,,"11,877","$1,845,374","$1,422,061"
67830,SG,,67,"$22,507","$17,794"
,OTHER,,731,"$125,388","$97,387"
,TOTAL,,798,"$147,895","$115,181"
67835,SG,,25,"$7,634","$6,107"
,80'S,,1,$64,$51
,OTHER,,139,"$41,852","$33,313"
,TOTAL,,165,"$49,550","$39,471"
67840,OTHER,,"39,224","$7,058,275","$5,431,735"
,TOTAL,,"39,224","$7,058,275","$5,431,735"
67850,OTHER,,"3,138","$548,523","$421,439"
,TOTAL,,"3,138","$548,523","$421,439"
67875,SG,,1,$112,$90
,80'S,,1,$10,$8
,OTHER,,"3,319","$435,851","$343,104"
,TOTAL,,"3,321","$435,973","$343,201"
67880,SG,,446,"$181,303","$144,052"
,80'S,,2,$103,$82
,OTHER,,"3,085","$830,044","$656,172"
,TOTAL,,"3,533","$1,011,450","$800,306"
67882,SG,,141,"$58,321","$45,923"
,OTHER,,743,"$257,456","$202,560"
,TOTAL,,884,"$315,776","$248,483"
67900,SG,,2,$669,$535
,80'S,,1,$37,$30
,OTHER,,"3,564","$955,274","$758,392"
,TOTAL,,"3,567","$955,981","$758,957"
67901,SG,,523,"$350,818","$277,736"
,OTHER,,850,"$455,398","$361,127"
,TOTAL,,"1,373","$806,216","$638,863"
67902,SG,,61,"$42,815","$33,406"
,80'S,,1,$130,$104
,OTHER,,191,"$105,747","$83,935"
,TOTAL,,253,"$148,692","$117,446"
67903,SG,,691,"$425,970","$340,183"
,OTHER,,"1,693","$842,504","$668,899"
,TOTAL,,"2,384","$1,268,473","$1,009,081"
67904,SG,,"10,302","$6,146,679","$4,880,385"
,80'S,,1,$73,$58
,OTHER,,"33,785","$16,821,133","$13,382,184"
,TOTAL,,"44,088","$22,967,884","$18,262,627"
67906,SG,,10,"$7,345","$5,876"
,OTHER,,18,"$9,608","$7,686"
,TOTAL,,28,"$16,952","$13,562"
67908,SG,,"1,006","$608,745","$483,901"
,80'S,,4,$321,$257
,OTHER,,"3,184","$1,336,264","$1,060,494"
,TOTAL,,"4,194","$1,945,331","$1,544,652"
67909,SG,,77,"$43,671","$34,777"
,OTHER,,265,"$103,519","$82,135"
,TOTAL,,342,"$147,190","$116,912"
67911,SG,,529,"$210,836","$167,606"
,OTHER,,"2,575","$820,234","$649,965"
,TOTAL,,"3,104","$1,031,071","$817,571"
67914,SG,,836,"$379,838","$300,590"
,OTHER,,"2,098","$610,555","$481,149"
,TOTAL,,"2,934","$990,393","$781,739"
67915,OTHER,,398,"$108,828","$86,056"
,TOTAL,,398,"$108,828","$86,056"
67916,SG,,"1,093","$676,224","$539,075"
,OTHER,,"3,854","$1,623,228","$1,284,325"
,TOTAL,,"4,947","$2,299,451","$1,823,399"
67917,SG,,"4,975","$2,819,941","$2,245,225"
,80'S,,9,$758,$607
,OTHER,,"19,049","$8,498,303","$6,741,703"
,TOTAL,,"24,033","$11,319,002","$8,987,535"
67921,SG,,"1,308","$602,699","$478,628"
,OTHER,,"5,805","$1,779,765","$1,395,409"
,TOTAL,,"7,113","$2,382,464","$1,874,037"
67922,OTHER,,378,"$101,216","$78,052"
,TOTAL,,378,"$101,216","$78,052"
67923,SG,,"1,124","$656,873","$522,808"
,80'S,,1,$76,$60
,OTHER,,"4,368","$2,038,409","$1,610,863"
,TOTAL,,"5,493","$2,695,358","$2,133,732"
67924,SG,,"2,937","$1,749,720","$1,391,341"
,80'S,,3,$207,$166
,OTHER,,"10,219","$4,550,520","$3,606,480"
,TOTAL,,"13,159","$6,300,448","$4,997,987"
67930,OTHER,,274,"$59,847","$46,485"
,TOTAL,,274,"$59,847","$46,485"
67935,SG,,75,"$27,230","$21,274"
,OTHER,,572,"$194,607","$152,231"
,TOTAL,,647,"$221,837","$173,505"
67938,OTHER,,"1,810","$253,396","$192,244"
,TOTAL,,"1,810","$253,396","$192,244"
67950,SG,,"1,282","$364,039","$288,124"
,80'S,,7,$500,$400
,OTHER,,"6,379","$2,055,229","$1,633,131"
,TOTAL,,"7,668","$2,419,768","$1,921,655"
67961,SG,,"1,679","$689,390","$548,062"
,80'S,,11,$670,$483
,OTHER,,"6,650","$2,485,190","$1,967,154"
,TOTAL,,"8,340","$3,175,250","$2,515,698"
67966,SG,,"1,528","$646,010","$514,215"
,80'S,,2,$131,$105
,OTHER,,"7,270","$2,939,199","$2,333,856"
,TOTAL,,"8,800","$3,585,340","$2,848,176"
67971,SG,,224,"$100,827","$80,385"
,80'S,,21,"$2,313","$1,840"
,OTHER,,946,"$606,678","$480,243"
,TOTAL,,"1,191","$709,818","$562,469"
67973,SG,,285,"$109,081","$87,105"
,80'S,,58,"$9,294","$7,376"
,OTHER,,797,"$668,870","$531,846"
,TOTAL,,"1,140","$787,246","$626,327"
67974,SG,,58,"$24,316","$19,453"
,80'S,,31,"$4,751","$3,801"
,OTHER,,229,"$203,555","$161,363"
,TOTAL,,318,"$232,621","$184,616"
67975,SG,,173,"$79,824","$63,544"
,OTHER,,833,"$431,464","$341,303"
,TOTAL,,"1,006","$511,288","$404,847"
67999,SG,,1,$499,$399
,80'S,,13,"$2,432","$1,918"
,OTHER,,583,"$275,361","$219,852"
,TOTAL,,597,"$278,291","$222,169"
68020,OTHER,,"2,277","$315,546","$235,560"
,TOTAL,,"2,277","$315,546","$235,560"
68040,OTHER,,"1,499","$179,358","$139,796"
,TOTAL,,"1,499","$179,358","$139,796"
68100,OTHER,,"1,046","$129,976","$101,231"
,TOTAL,,"1,046","$129,976","$101,231"
68110,SG,,1,$195,$156
,OTHER,,"2,747","$434,120","$332,653"
,TOTAL,,"2,748","$434,315","$332,809"
68115,OTHER,,921,"$167,332","$130,418"
,TOTAL,,921,"$167,332","$130,418"
68130,SG,,62,"$25,396","$19,898"
,80'S,,1,$58,$46
,OTHER,,240,"$65,531","$51,241"
,TOTAL,,303,"$90,985","$71,185"
68135,OTHER,,436,"$69,856","$53,651"
,TOTAL,,436,"$69,856","$53,651"
68200,OTHER,,"14,218","$1,492,564","$1,159,971"
,TOTAL,,"14,218","$1,492,564","$1,159,971"
68320,SG,,"1,430","$696,076","$553,467"
,80'S,,1,$37,$30
,OTHER,,"4,769","$1,322,600","$1,051,585"
,TOTAL,,"6,200","$2,018,714","$1,605,082"
68325,SG,,26,"$14,438","$11,547"
,OTHER,,123,"$57,700","$45,856"
,TOTAL,,149,"$72,139","$57,404"
68326,SG,,283,"$138,874","$110,415"
,80'S,,1,$97,$77
,OTHER,,"1,513","$609,887","$482,267"
,TOTAL,,"1,797","$748,857","$592,759"
68328,SG,,48,"$25,350","$20,280"
,80'S,,4,$334,$267
,OTHER,,238,"$107,406","$85,796"
,TOTAL,,290,"$133,089","$106,343"
68330,SG,,33,"$17,094","$13,675"
,OTHER,,159,"$45,902","$36,483"
,TOTAL,,192,"$62,996","$50,158"
68335,SG,,22,"$12,177","$9,460"
,OTHER,,122,"$54,112","$42,872"
,TOTAL,,144,"$66,290","$52,332"
68340,SG,,9,"$3,840","$3,034"
,OTHER,,88,"$23,597","$18,725"
,TOTAL,,97,"$27,437","$21,760"
68360,SG,,101,"$29,239","$23,226"
,OTHER,,409,"$112,264","$89,490"
,TOTAL,,510,"$141,503","$112,716"
68362,SG,,126,"$49,525","$39,501"
,OTHER,,486,"$250,170","$198,398"
,TOTAL,,612,"$299,695","$237,899"
68399,OTHER,,82,"$21,389","$16,985"
,TOTAL,,82,"$21,389","$16,985"
68400,OTHER,,161,"$29,700","$22,957"
,TOTAL,,161,"$29,700","$22,957"
68420,OTHER,,632,"$135,553","$105,571"
,TOTAL,,632,"$135,553","$105,571"
68440,OTHER,,"6,745","$656,577","$505,876"
,TOTAL,,"6,745","$656,577","$505,876"
68500,SG,,2,$942,$754
,OTHER,,11,"$5,922","$4,615"
,TOTAL,,13,"$6,864","$5,369"
68505,SG,,5,"$1,844","$1,395"
,OTHER,,30,"$16,947","$13,478"
,TOTAL,,35,"$18,791","$14,873"
68510,SG,,13,"$3,482","$2,785"
,OTHER,,68,"$16,856","$13,159"
,TOTAL,,81,"$20,337","$15,944"
68520,SG,,37,"$17,542","$14,017"
,80'S,,1,$86,$69
,OTHER,,160,"$78,884","$62,847"
,TOTAL,,198,"$96,511","$76,932"
68525,SG,,15,"$3,100","$2,480"
,OTHER,,99,"$17,248","$13,779"
,TOTAL,,114,"$20,349","$16,260"
68530,OTHER,,888,"$292,221","$228,416"
,TOTAL,,888,"$292,221","$228,416"
68540,SG,,13,"$5,280","$4,224"
,OTHER,,33,"$19,740","$15,434"
,TOTAL,,46,"$25,020","$19,658"
68550,OTHER,,3,"$2,945","$2,356"
,TOTAL,,3,"$2,945","$2,356"
68700,SG,,411,"$108,998","$87,021"
,OTHER,,"2,101","$566,806","$449,920"
,TOTAL,,"2,512","$675,803","$536,941"
68705,OTHER,,697,"$98,951","$76,772"
,TOTAL,,697,"$98,951","$76,772"
68720,SG,,"1,468","$853,305","$678,284"
,80'S,,242,"$24,843","$19,778"
,OTHER,,"6,298","$3,709,956","$2,943,235"
,TOTAL,,"8,008","$4,588,103","$3,641,297"
68745,SG,,4,"$2,481","$1,985"
,OTHER,,20,"$9,014","$7,104"
,TOTAL,,24,"$11,495","$9,089"
68750,SG,,186,"$106,671","$84,774"
,80'S,,32,"$3,172","$2,538"
,OTHER,,944,"$525,951","$417,692"
,TOTAL,,"1,162","$635,794","$505,004"
68760,SG,,1,$139,$111
,OTHER,,"17,292","$2,729,483","$2,127,512"
,TOTAL,,"17,293","$2,729,622","$2,127,623"
68761,OTHER,,"223,348","$31,173,362","$24,326,256"
,TOTAL,,"223,348","$31,173,362","$24,326,256"
68770,OTHER,,27,"$9,163","$6,866"
,TOTAL,,27,"$9,163","$6,866"
68801,OTHER,,"38,786","$5,048,426","$3,884,372"
,TOTAL,,"38,786","$5,048,426","$3,884,372"
68810,SG,,135,"$32,067","$25,468"
,OTHER,,"21,658","$4,691,058","$3,658,206"
,TOTAL,,"21,793","$4,723,125","$3,683,674"
68811,SG,,139,"$46,562","$37,079"
,80'S,,1,$24,$19
,OTHER,,643,"$87,764","$68,914"
,TOTAL,,783,"$134,350","$106,012"
68815,SG,,573,"$148,496","$118,411"
,80'S,,2,$29,$23
,OTHER,,"3,829","$597,809","$472,926"
,TOTAL,,"4,404","$746,334","$591,361"
68840,80'S,,1,$5,$4
,OTHER,,"27,878","$4,363,833","$3,387,477"
,TOTAL,,"27,879","$4,363,838","$3,387,481"
68850,OTHER,,284,"$23,607","$18,552"
,TOTAL,,284,"$23,607","$18,552"
68899,OTHER,,259,"$36,459","$28,510"
,TOTAL,,259,"$36,459","$28,510"
69000,OTHER,EAR,"1,315","$107,303","$79,434"
,TOTAL,,"1,315","$107,303","$79,434"
69005,OTHER,,643,"$82,014","$63,642"
,TOTAL,,643,"$82,014","$63,642"
69020,OTHER,,"1,512","$136,407","$102,620"
,TOTAL,,"1,512","$136,407","$102,620"
69100,OTHER,,"31,351","$1,989,413","$1,471,578"
,TOTAL,,"31,351","$1,989,413","$1,471,578"
69105,OTHER,,"1,109","$70,611","$53,067"
,TOTAL,,"1,109","$70,611","$53,067"
69110,SG,,203,"$54,115","$43,174"
,OTHER,,"2,586","$527,479","$413,721"
,TOTAL,,"2,789","$581,593","$456,895"
69120,SG,,4,"$1,416","$1,133"
,OTHER,,261,"$36,296","$27,948"
,TOTAL,,265,"$37,713","$29,081"
69140,SG,,14,"$5,534","$4,341"
,OTHER,,178,"$92,634","$72,778"
,TOTAL,,192,"$98,168","$77,118"
69145,SG,,163,"$63,301","$49,544"
,OTHER,,"2,073","$394,400","$308,314"
,TOTAL,,"2,236","$457,701","$357,858"
69150,SG,,17,"$7,498","$5,971"
,80'S,,2,$152,$122
,OTHER,,278,"$219,122","$174,583"
,TOTAL,,297,"$226,773","$180,676"
69155,OTHER,,26,"$32,306","$25,420"
,TOTAL,,26,"$32,306","$25,420"
69200,OTHER,,"19,951","$1,084,532","$783,694"
,TOTAL,,"19,951","$1,084,532","$783,694"
69205,SG,,37,"$9,267","$7,219"
,OTHER,,491,"$42,310","$32,755"
,TOTAL,,528,"$51,578","$39,974"
69210,OTHER,,"998,800","$44,398,444","$30,442,644"
,TOTAL,,"998,800","$44,398,444","$30,442,644"
69220,OTHER,,"40,575","$2,593,589","$1,846,460"
,TOTAL,,"40,575","$2,593,589","$1,846,460"
69222,OTHER,,"5,876","$601,558","$440,198"
,TOTAL,,"5,876","$601,558","$440,198"
69300,OTHER,,12,"$4,784","$3,827"
,TOTAL,,12,"$4,784","$3,827"
69310,SG,,54,"$24,176","$19,261"
,80'S,,1,$131,$105
,OTHER,,778,"$461,555","$365,725"
,TOTAL,,833,"$485,863","$385,091"
69320,SG,,1,$982,$786
,OTHER,,45,"$42,858","$33,696"
,TOTAL,,46,"$43,840","$34,482"
69399,80'S,,1,$87,$70
,OTHER,,159,"$15,478","$12,101"
,TOTAL,,160,"$15,565","$12,171"
69400,OTHER,,"1,445","$85,626","$64,714"
,TOTAL,,"1,445","$85,626","$64,714"
69401,OTHER,,"3,523","$164,821","$126,111"
,TOTAL,,"3,523","$164,821","$126,111"
69405,OTHER,,77,"$7,464","$5,847"
,TOTAL,,77,"$7,464","$5,847"
69410,OTHER,,127,"$4,576","$3,316"
,TOTAL,,127,"$4,576","$3,316"
69420,SG,,3,$625,$500
,OTHER,,"11,540","$1,112,753","$837,957"
,TOTAL,,"11,543","$1,113,377","$838,456"
69421,SG,,125,"$56,126","$44,623"
,OTHER,,551,"$77,834","$61,054"
,TOTAL,,676,"$133,960","$105,678"
69424,SG,,40,"$10,207","$8,086"
,OTHER,,"1,179","$72,563","$54,830"
,TOTAL,,"1,219","$82,771","$62,916"
69433,OTHER,,"35,652","$4,216,471","$3,194,340"
,TOTAL,,"35,652","$4,216,471","$3,194,340"
69436,SG,,"1,295","$603,305","$477,993"
,OTHER,,"9,804","$1,553,849","$1,225,097"
,TOTAL,,"11,099","$2,157,154","$1,703,090"
69440,SG,,52,"$22,615","$18,084"
,OTHER,,981,"$494,272","$390,047"
,TOTAL,,"1,033","$516,887","$408,130"
69450,SG,,14,"$3,014","$2,411"
,OTHER,,185,"$66,353","$52,873"
,TOTAL,,199,"$69,367","$55,283"
69501,SG,,2,"$1,846","$1,477"
,OTHER,,75,"$42,961","$33,277"
,TOTAL,,77,"$44,807","$34,754"
69502,SG,,14,"$12,790","$10,232"
,80'S,,2,$171,$136
,OTHER,,259,"$206,618","$162,301"
,TOTAL,,275,"$219,579","$172,670"
69505,SG,,16,"$14,559","$11,647"
,80'S,,1,$153,$122
,OTHER,,129,"$118,721","$93,531"
,TOTAL,,146,"$133,433","$105,300"
69511,SG,,5,"$4,553","$3,643"
,OTHER,,102,"$95,885","$76,014"
,TOTAL,,107,"$100,438","$79,657"
69530,80'S,,1,$201,$161
,OTHER,,28,"$30,489","$23,069"
,TOTAL,,29,"$30,691","$23,230"
69535,80'S,,1,$304,$243
,OTHER,,139,"$315,794","$252,475"
,TOTAL,,140,"$316,098","$252,718"
69540,OTHER,,489,"$45,923","$34,752"
,TOTAL,,489,"$45,923","$34,752"
69550,SG,,1,$650,$520
,OTHER,,59,"$46,470","$37,043"
,TOTAL,,60,"$47,121","$37,563"
69552,80'S,,1,$200,$160
,OTHER,,18,"$22,871","$18,288"
,TOTAL,,19,"$23,072","$18,448"
69554,OTHER,,6,"$10,862","$8,613"
,TOTAL,,6,"$10,862","$8,613"
69601,SG,,8,"$7,287","$5,829"
,80'S,,1,$517,$413
,OTHER,,76,"$71,035","$55,894"
,TOTAL,,85,"$78,839","$62,137"
69602,SG,,3,"$2,801","$2,241"
,OTHER,,99,"$95,922","$76,337"
,TOTAL,,102,"$98,723","$78,578"
69603,OTHER,,64,"$64,168","$51,155"
,TOTAL,,64,"$64,168","$51,155"
69604,SG,,6,"$5,510","$4,408"
,OTHER,,70,"$71,368","$56,232"
,TOTAL,,76,"$76,878","$60,640"
69605,SG,,1,$916,$733
,OTHER,,6,"$6,628","$5,261"
,TOTAL,,7,"$7,544","$5,994"
69610,OTHER,,"2,497","$580,971","$452,337"
,TOTAL,,"2,497","$580,971","$452,337"
69620,SG,,56,"$21,612","$17,272"
,OTHER,,495,"$199,634","$157,422"
,TOTAL,,551,"$221,246","$174,694"
69631,SG,,304,"$199,236","$157,693"
,OTHER,,"2,768","$1,965,195","$1,552,463"
,TOTAL,,"3,072","$2,164,431","$1,710,156"
69632,SG,,44,"$28,300","$22,480"
,OTHER,,437,"$404,812","$319,964"
,TOTAL,,481,"$433,112","$342,444"
69633,SG,,91,"$59,816","$47,169"
,OTHER,,594,"$522,545","$411,823"
,TOTAL,,685,"$582,360","$458,992"
69635,SG,,20,"$18,738","$14,990"
,OTHER,,311,"$300,595","$239,024"
,TOTAL,,331,"$319,333","$254,014"
69636,SG,,11,"$10,185","$8,101"
,OTHER,,147,"$164,870","$130,612"
,TOTAL,,158,"$175,054","$138,713"
69637,SG,,4,"$3,922","$3,137"
,OTHER,,97,"$107,013","$85,591"
,TOTAL,,101,"$110,934","$88,728"
69641,SG,,107,"$97,054","$75,854"
,OTHER,,910,"$829,400","$652,197"
,TOTAL,,"1,017","$926,453","$728,051"
69642,SG,,62,"$57,416","$45,887"
,OTHER,,333,"$401,904","$318,984"
,TOTAL,,395,"$459,320","$364,871"
69643,SG,,23,"$21,384","$16,966"
,OTHER,,556,"$615,289","$486,564"
,TOTAL,,579,"$636,673","$503,531"
69644,SG,,37,"$33,769","$26,922"
,OTHER,,356,"$440,724","$349,920"
,TOTAL,,393,"$474,494","$376,842"
69645,SG,,22,"$20,058","$16,047"
,OTHER,,307,"$370,557","$294,922"
,TOTAL,,329,"$390,615","$310,969"
69646,SG,,12,"$10,953","$8,763"
,OTHER,,257,"$334,780","$263,699"
,TOTAL,,269,"$345,733","$272,462"
69650,SG,,9,"$8,245","$6,516"
,OTHER,,70,"$40,553","$31,773"
,TOTAL,,79,"$48,798","$38,289"
69660,SG,,110,"$73,043","$57,669"
,OTHER,,938,"$799,810","$628,341"
,TOTAL,,"1,048","$872,853","$686,010"
69661,SG,,22,"$14,462","$11,397"
,OTHER,,141,"$157,680","$125,311"
,TOTAL,,163,"$172,142","$136,708"
69662,SG,,46,"$30,427","$24,246"
,OTHER,,262,"$288,858","$228,209"
,TOTAL,,308,"$319,285","$252,455"
69666,SG,,11,"$5,791","$4,633"
,OTHER,,130,"$61,342","$48,471"
,TOTAL,,141,"$67,134","$53,104"
69667,SG,,11,"$5,018","$4,015"
,OTHER,,128,"$75,154","$59,506"
,TOTAL,,139,"$80,172","$63,521"
69670,80'S,,2,$180,$144
,OTHER,,38,"$20,452","$16,361"
,TOTAL,,40,"$20,632","$16,505"
69676,OTHER,,9,"$6,820","$5,456"
,TOTAL,,9,"$6,820","$5,456"
69700,SG,,3,"$1,386","$1,055"
,OTHER,,22,"$9,081","$6,560"
,TOTAL,,25,"$10,467","$7,615"
69711,OTHER,,21,"$11,332","$8,430"
,TOTAL,,21,"$11,332","$8,430"
69720,SG,,1,$650,$520
,80'S,,1,$160,$128
,OTHER,,78,"$61,930","$49,542"
,TOTAL,,80,"$62,739","$50,190"
69725,80'S,,2,$266,$213
,OTHER,,7,"$7,581","$6,065"
,TOTAL,,9,"$7,848","$6,278"
69740,SG,,1,$662,$530
,OTHER,,15,"$8,469","$6,249"
,TOTAL,,16,"$9,131","$6,778"
69745,80'S,,1,$184,$147
,OTHER,,5,"$3,400","$2,720"
,TOTAL,,6,"$3,584","$2,867"
69799,OTHER,,89,"$27,308","$21,759"
,TOTAL,,89,"$27,308","$21,759"
69801,SG,,273,"$176,568","$140,334"
,OTHER,,"1,129","$660,655","$519,844"
,TOTAL,,"1,402","$837,223","$660,178"
69802,SG,,2,$922,$737
,OTHER,,13,"$10,946","$8,477"
,TOTAL,,15,"$11,868","$9,214"
69805,SG,,2,"$1,817","$1,453"
,OTHER,,49,"$47,436","$37,949"
,TOTAL,,51,"$49,253","$39,402"
69806,SG,,15,"$13,734","$10,987"
,OTHER,,230,"$204,199","$160,981"
,TOTAL,,245,"$217,933","$171,968"
69820,SG,,1,$377,$302
,OTHER,,15,"$8,002","$6,349"
,TOTAL,,16,"$8,379","$6,651"
69840,OTHER,,2,$389,$311
,TOTAL,,2,$389,$311
69905,OTHER,,41,"$28,348","$21,699"
,TOTAL,,41,"$28,348","$21,699"
69910,SG,,4,"$3,566","$2,853"
,OTHER,,120,"$114,447","$91,147"
,TOTAL,,124,"$118,014","$94,000"
69915,80'S,,1,$219,$175
,OTHER,,26,"$28,644","$22,370"
,TOTAL,,27,"$28,863","$22,545"
69930,SG,,1,$942,$754
,OTHER,,555,"$682,497","$544,283"
,TOTAL,,556,"$683,439","$545,037"
69949,OTHER,,56,"$4,746","$3,763"
,TOTAL,,56,"$4,746","$3,763"
69950,OTHER,,16,"$20,042","$15,282"
,TOTAL,,16,"$20,042","$15,282"
69955,80'S,,1,$279,$223
,OTHER,,14,"$21,472","$17,178"
,TOTAL,,15,"$21,751","$17,401"
69960,OTHER,,17,"$22,342","$16,456"
,TOTAL,,17,"$22,342","$16,456"
69970,80'S,,2,$338,$270
,OTHER,,47,"$70,940","$55,159"
,TOTAL,,49,"$71,277","$55,430"
69979,OTHER,,20,"$7,491","$5,826"
,TOTAL,,20,"$7,491","$5,826"
69990,80'S,,"1,314","$46,845","$37,376"
,OTHER,,"16,047","$3,196,799","$2,530,073"
,TOTAL,,"17,361","$3,243,644","$2,567,449"
