HCPCS,MODIFIER,DESCRIPTION,ALLOWED SERVICES,ALLOWED CHARGES,PAYMENT
W0002,TOTAL,MISC.,24,"$27,200","$21,760"
W1886,TOTAL,,501,"$3,021","$2,328"
W1887,TOTAL,,988,"$6,262","$4,822"
W1990,TOTAL,,2,$110,$88
W1999,TOTAL,,20,"$2,405","$1,928"
W2016,TOTAL,,"2,730","$59,559","$47,537"
W2965,TOTAL,,38,$303,$207
W3016,TOTAL,,452,"$3,522","$2,635"
W3025,TOTAL,,12,$26,$19
W3065,TOTAL,,"1,920","$5,607","$4,454"
W3701,TOTAL,,517,"$2,025","$1,615"
W3703,TOTAL,,5,$21,$16
W3708,TOTAL,,280,"$1,301","$1,019"
W4001,TOTAL,,66,$117,$87
W4003,TOTAL,,4,$27,$22
W4034,TOTAL,,4,$30,$24
W4072,TOTAL,,437,"$3,021","$2,151"
W4081,TOTAL,,"5,429","$146,198","$109,926"
W4125,TOTAL,,"2,826","$74,350","$58,878"
W4126,TOTAL,,215,$229,$159
W4128,TOTAL,,2,$1,$1
W4130,TOTAL,,"1,259","$36,712","$29,335"
W4131,TOTAL,,"1,731","$159,265","$127,140"
W4132,TOTAL,,"1,376","$74,321","$58,492"
W4134,TOTAL,,"2,647","$59,734","$47,362"
W4136,TOTAL,,177,"$2,406","$1,902"
W4139,TOTAL,,392,"$6,993","$5,487"
W4140,TOTAL,,"3,439","$72,634","$57,703"
W4141,TOTAL,,564,"$7,494","$5,921"
W4142,TOTAL,,468,"$52,716","$41,944"
W4143,TOTAL,,"4,012","$70,967","$56,721"
W4144,TOTAL,,500,"$6,875","$5,489"
W4147,TOTAL,,1,$20,$16
W4149,TOTAL,,5,$69,$55
W4150,TOTAL,,445,"$8,612","$6,778"
W4151,TOTAL,,"14,302","$257,273","$203,079"
W4153,TOTAL,,"1,103","$22,722","$18,006"
W4156,TOTAL,,565,"$16,004","$12,734"
W4158,TOTAL,,251,"$68,580","$54,864"
W5555,TOTAL,,95,"$14,333","$11,467"
W6103,TOTAL,,207,"$1,529","$1,223"
W6105,TOTAL,,"1,267","$35,141","$27,828"
W6345,TOTAL,,1,$15,$12
W6666,TOTAL,,4,"$1,054",$843
W7681,TOTAL,,"6,833","$427,696","$336,081"
W7682,TOTAL,,"2,367","$124,482","$97,930"
W7683,TOTAL,,974,"$46,352","$36,488"
W7684,TOTAL,,353,"$15,359","$11,858"
W7777,TOTAL,,"1,355","$13,774","$10,919"
W7800,TOTAL,,"55,278","$34,194","$26,835"
W7811,TOTAL,,587,"$14,515","$11,482"
W7821,TOTAL,,598,"$7,159","$5,685"
W7822,TOTAL,,117,"$1,107",$879
W7823,TOTAL,,208,"$70,225","$56,058"
W7824,TOTAL,,8,$600,$453
W7825,TOTAL,,485,"$7,253","$5,682"
W7827,TOTAL,,644,"$8,580","$6,792"
W7828,TOTAL,,763,"$14,778","$11,693"
W8634,TOTAL,,198,"$4,950","$4,950"
W8888,TOTAL,,115,"$3,932","$3,126"
W8889,TOTAL,,37,$542,$505
W9200,TOTAL,,78,"$33,374","$26,034"
W9205,TOTAL,,55,"$1,450","$1,145"
W9610,TOTAL,,189,"$7,045","$5,536"
W9612,TOTAL,,"12,322","$458,457","$352,081"
W9614,TOTAL,,"53,932","$2,034,604","$1,565,270"
W9616,TOTAL,,127,"$4,781","$3,743"
W9618,TOTAL,,434,"$18,248","$14,264"
W9620,TOTAL,,"6,653","$276,878","$215,437"
W9622,TOTAL,,"23,533","$973,928","$751,905"
W9624,TOTAL,,"63,793","$2,686,531","$2,080,983"
W9626,TOTAL,,283,"$11,905","$9,268"
W9628,TOTAL,,55,"$1,999","$1,599"
W9630,TOTAL,,"2,817","$101,350","$78,116"
W9632,TOTAL,,"1,089","$38,898","$29,864"
W9634,TOTAL,,"3,759","$135,957","$104,664"
W9638,TOTAL,,135,"$5,535","$4,358"
W9640,TOTAL,,"6,370","$258,945","$199,263"
W9642,TOTAL,,"2,322","$93,044","$72,211"
W9644,TOTAL,,"6,754","$270,994","$210,921"
W9999,TOTAL,,203,"$12,596","$10,050"
X0001,TOTAL,,"7,903","$1,073,293","$851,491"
X0002,TOTAL,,"2,980","$202,772","$159,375"
X0003,TOTAL,,"1,093","$42,323","$32,883"
X0004,TOTAL,,430,"$9,197","$7,216"
X0005,TOTAL,,323,"$7,956","$6,226"
X0006,TOTAL,,71,"$1,410","$1,128"
X0007,TOTAL,,87,"$1,535","$1,214"
X0008,TOTAL,,2,$31,$12
X1002,TOTAL,,"51,304","$2,018,861","$1,613,181"
X1015,TOTAL,,554,"$17,470","$13,976"
X1090,TOTAL,,185,$619,$431
X1200,TOTAL,,1,$1,$1
X1415,TOTAL,,1,$15,$12
X1453,TOTAL,,3,$180,$144
X1525,TOTAL,,225,"$1,314",$863
X1550,TOTAL,,11,$5,$3
X1573,TOTAL,,"4,665","$124,439","$84,980"
X1574,TOTAL,,"7,142","$321,101","$230,381"
X1655,TOTAL,,799,"$2,866","$2,126"
X1705,TOTAL,,81,$74,$56
X1717,TOTAL,,"3,896","$12,417","$9,234"
X1730,TOTAL,,46,$340,$252
X7930,TOTAL,,7,$665,$532
X7933,TOTAL,,252,"$22,110","$17,685"
X7935,TOTAL,,45,"$2,837","$2,129"
X9250,TOTAL,,91,$182,$140
X9253,TOTAL,,106,$701,$479
Y1006,TOTAL,,"7,234","$539,331","$422,013"
Y1007,TOTAL,,"2,715","$134,621","$104,358"
Y1008,TOTAL,,"1,322","$49,283","$37,817"
Y3700,TOTAL,,40,$37,$29
Y3800,TOTAL,,8,$21,$15
Y4100,TOTAL,,742,$467,$330
Y4351,TOTAL,,1,$12,$10
Y5000,TOTAL,,900,$945,$741
Y5595,TOTAL,,70,"$150,375","$120,300"
Y6000,TOTAL,,"3,629","$51,667","$51,664"
Y7002,TOTAL,,"11,287","$578,941","$452,419"
Y7003,TOTAL,,"4,221","$143,305","$111,051"
Y7004,TOTAL,,"2,291","$58,047","$44,661"
Y7617,TOTAL,,2,$90,$72
Y8030,TOTAL,,35,$538,$538
Y8038,TOTAL,,"5,685","$136,408","$136,374"
Y8900,TOTAL,,"1,257","$3,771","$3,757"
Y9212,TOTAL,,119,"$5,202","$4,140"
Y9214,TOTAL,,"116,923","$10,947,382","$8,747,159"
Z0007,TOTAL,,"24,336","$651,264","$520,163"
Z0117,TOTAL,,1,$6,$5
Z0137,TOTAL,,2,$21,$17
Z4036,TOTAL,,416,"$4,588","$3,643"
Z7900,TOTAL,,153,"$1,086",$953
Z9024,TOTAL,,14,$631,$504
Z9999,TOTAL,,7,$357,$286
0001T,TOTAL,,41,"$51,553","$41,242"
0002T,TOTAL,,52,"$57,196","$45,757"
0003T,TOTAL,,1,$40,
0005T,TOTAL,,231,"$81,985","$65,372"
0006T,TOTAL,,3,$647,$517
0007T,TOTAL,,217,"$14,589","$11,635"
0008T,TOTAL,,13,"$3,534","$2,828"
10021,TOTAL,,"48,306","$4,000,423","$3,142,739"
10022,TOTAL,,"30,630","$2,616,146","$2,073,859"
10040,OTHER,INTEGUMENTARY,"25,475","$1,790,922","$1,322,683"
,TOTAL,,"25,475","$1,790,922","$1,322,683"
10060,OTHER,,"603,733","$55,201,396","$41,044,762"
,TOTAL,,"603,733","$55,201,396","$41,044,762"
10061,80'S,,1,$19,$15
,OTHER,,"128,166","$19,520,149","$14,993,599"
,TOTAL,,"128,167","$19,520,168","$14,993,614"
10080,OTHER,,"2,022","$205,773","$149,753"
,TOTAL,,"2,022","$205,773","$149,753"
10081,OTHER,,740,"$125,682","$96,914"
,TOTAL,,740,"$125,682","$96,914"
10120,OTHER,,"39,590","$3,468,521","$2,521,855"
,TOTAL,,"39,590","$3,468,521","$2,521,855"
10121,OTHER,,"7,703","$1,359,548","$1,051,001"
,TOTAL,,"7,703","$1,359,548","$1,051,001"
10140,OTHER,,"69,487","$7,126,562","$5,480,648"
,TOTAL,,"69,487","$7,126,562","$5,480,648"
10160,OTHER,,"58,772","$4,066,884","$3,081,499"
,TOTAL,,"58,772","$4,066,884","$3,081,499"
10180,SG,,296,"$121,003","$94,501"
,OTHER,,"15,445","$1,829,252","$1,436,034"
,TOTAL,,"15,741","$1,950,255","$1,530,535"
11000,OTHER,,"193,696","$8,585,842","$6,436,223"
,TOTAL,,"193,696","$8,585,842","$6,436,223"
11001,OTHER,,"2,803","$67,851","$52,868"
,TOTAL,,"2,803","$67,851","$52,868"
11010,80'S,,3,$62,$49
,OTHER,,"3,277","$533,024","$418,317"
,TOTAL,,"3,280","$533,086","$418,366"
11011,80'S,,5,$162,$129
,OTHER,,"3,620","$906,261","$717,721"
,TOTAL,,"3,625","$906,423","$717,851"
11012,80'S,,17,$747,$597
,OTHER,,"6,065","$1,788,691","$1,415,253"
,TOTAL,,"6,082","$1,789,437","$1,415,851"
11040,OTHER,,"1,205,218","$41,478,834","$31,099,128"
,TOTAL,,"1,205,218","$41,478,834","$31,099,128"
11041,OTHER,,"615,293","$30,930,746","$23,615,061"
,TOTAL,,"615,293","$30,930,746","$23,615,061"
11042,SG,,"1,611","$602,510","$478,205"
,80'S,,7,$53,$42
,OTHER,,"702,263","$44,833,180","$34,970,141"
,TOTAL,,"703,881","$45,435,743","$35,448,389"
11043,SG,,566,"$200,708","$159,784"
,80'S,,2,$44,$35
,OTHER,,"152,279","$21,463,399","$16,979,814"
,TOTAL,,"152,847","$21,664,151","$17,139,633"
11044,SG,,639,"$224,058","$176,964"
,80'S,,3,$48,$37
,OTHER,,"44,346","$7,576,458","$5,998,285"
,TOTAL,,"44,988","$7,800,564","$6,175,286"
11055,OTHER,,"544,493","$18,074,266","$13,337,315"
,TOTAL,,"544,493","$18,074,266","$13,337,315"
11056,OTHER,,"1,092,491","$46,933,487","$34,811,076"
,TOTAL,,"1,092,491","$46,933,487","$34,811,076"
11057,OTHER,,"218,398","$11,288,739","$8,356,829"
,TOTAL,,"218,398","$11,288,739","$8,356,829"
11100,OTHER,,"1,770,070","$140,324,471","$104,696,298"
,TOTAL,,"1,770,070","$140,324,471","$104,696,298"
11101,OTHER,,"713,476","$28,802,175","$22,709,646"
,TOTAL,,"713,476","$28,802,175","$22,709,646"
11200,OTHER,,"114,162","$7,101,504","$5,062,362"
,TOTAL,,"114,162","$7,101,504","$5,062,362"
11201,OTHER,,"14,208","$370,335","$284,099"
,TOTAL,,"14,208","$370,335","$284,099"
11300,OTHER,,"88,499","$3,307,630","$2,449,294"
,TOTAL,,"88,499","$3,307,630","$2,449,294"
11301,OTHER,,"151,625","$8,288,860","$6,195,597"
,TOTAL,,"151,625","$8,288,860","$6,195,597"
11302,OTHER,,"88,498","$5,886,498","$4,424,704"
,TOTAL,,"88,498","$5,886,498","$4,424,704"
11303,OTHER,,"15,999","$1,352,767","$1,018,239"
,TOTAL,,"15,999","$1,352,767","$1,018,239"
11305,OTHER,,"109,100","$4,602,218","$3,412,395"
,TOTAL,,"109,100","$4,602,218","$3,412,395"
11306,OTHER,,"83,561","$4,954,011","$3,703,391"
,TOTAL,,"83,561","$4,954,011","$3,703,391"
11307,OTHER,,"40,003","$2,797,088","$2,104,848"
,TOTAL,,"40,003","$2,797,088","$2,104,848"
11308,80'S,,1,$15,$12
,OTHER,,"9,403","$780,420","$592,355"
,TOTAL,,"9,404","$780,435","$592,367"
11310,OTHER,,"101,993","$5,127,438","$3,794,750"
,TOTAL,,"101,993","$5,127,438","$3,794,750"
11311,OTHER,,"120,510","$8,220,767","$6,138,469"
,TOTAL,,"120,510","$8,220,767","$6,138,469"
11312,OTHER,,"50,493","$4,027,423","$3,031,147"
,TOTAL,,"50,493","$4,027,423","$3,031,147"
11313,OTHER,,"7,472","$803,202","$613,227"
,TOTAL,,"7,472","$803,202","$613,227"
11400,OTHER,,"70,019","$5,026,454","$3,745,503"
,TOTAL,,"70,019","$5,026,454","$3,745,503"
11401,OTHER,,"113,728","$9,980,407","$7,546,002"
,TOTAL,,"113,728","$9,980,407","$7,546,002"
11402,OTHER,,"119,757","$13,988,555","$10,696,287"
,TOTAL,,"119,757","$13,988,555","$10,696,287"
11403,OTHER,,"53,976","$7,272,520","$5,587,838"
,TOTAL,,"53,976","$7,272,520","$5,587,838"
11404,SG,,"1,195","$334,672","$264,672"
,OTHER,,"20,716","$2,919,523","$2,250,684"
,TOTAL,,"21,911","$3,254,195","$2,515,356"
11406,SG,,"1,619","$621,121","$490,674"
,OTHER,,"22,003","$3,546,128","$2,760,012"
,TOTAL,,"23,622","$4,167,249","$3,250,686"
11420,OTHER,,"40,834","$3,044,576","$2,287,589"
,TOTAL,,"40,834","$3,044,576","$2,287,589"
11421,OTHER,,"54,147","$5,249,805","$3,974,948"
,TOTAL,,"54,147","$5,249,805","$3,974,948"
11422,OTHER,,"51,309","$6,397,224","$4,888,714"
,TOTAL,,"51,309","$6,397,224","$4,888,714"
11423,OTHER,,"21,084","$3,149,352","$2,415,552"
,TOTAL,,"21,084","$3,149,352","$2,415,552"
11424,SG,,677,"$259,217","$205,444"
,OTHER,,"6,992","$1,186,860","$919,717"
,TOTAL,,"7,669","$1,446,077","$1,125,161"
11426,SG,,463,"$178,742","$140,695"
,OTHER,,"5,251","$1,142,627","$889,921"
,TOTAL,,"5,714","$1,321,368","$1,030,616"
11440,OTHER,,"82,884","$7,859,465","$5,940,856"
,TOTAL,,"82,884","$7,859,465","$5,940,856"
11441,OTHER,,"87,460","$10,030,265","$7,648,389"
,TOTAL,,"87,460","$10,030,265","$7,648,389"
11442,OTHER,,"57,828","$7,736,045","$5,948,296"
,TOTAL,,"57,828","$7,736,045","$5,948,296"
11443,OTHER,,"16,477","$2,878,686","$2,235,053"
,TOTAL,,"16,477","$2,878,686","$2,235,053"
11444,SG,,586,"$152,697","$121,047"
,OTHER,,"4,711","$1,023,506","$799,933"
,TOTAL,,"5,297","$1,176,203","$920,981"
11446,SG,,226,"$76,469","$60,953"
,OTHER,,"2,760","$730,734","$575,090"
,TOTAL,,"2,986","$807,204","$636,043"
11450,SG,,54,"$20,730","$16,371"
,OTHER,,722,"$105,530","$82,262"
,TOTAL,,776,"$126,260","$98,633"
11451,SG,,20,"$7,799","$6,239"
,OTHER,,251,"$47,298","$36,637"
,TOTAL,,271,"$55,097","$42,876"
11462,SG,,23,"$9,116","$7,239"
,OTHER,,366,"$46,536","$36,380"
,TOTAL,,389,"$55,651","$43,619"
11463,SG,,11,"$4,978","$3,982"
,80'S,,1,$14,$11
,OTHER,,114,"$21,784","$16,784"
,TOTAL,,126,"$26,776","$20,777"
11470,SG,,13,"$5,104","$4,038"
,OTHER,,474,"$74,206","$58,367"
,TOTAL,,487,"$79,310","$62,405"
11471,SG,,14,"$5,729","$4,503"
,80'S,,1,$15,$12
,OTHER,,134,"$28,538","$22,477"
,TOTAL,,149,"$34,282","$26,993"
11600,OTHER,,"13,937","$1,495,933","$1,149,189"
,TOTAL,,"13,937","$1,495,933","$1,149,189"
11601,OTHER,,"64,703","$7,734,031","$5,984,296"
,TOTAL,,"64,703","$7,734,031","$5,984,296"
11602,OTHER,,"104,790","$12,897,709","$10,013,527"
,TOTAL,,"104,790","$12,897,709","$10,013,527"
11603,OTHER,,"42,935","$6,023,835","$4,700,397"
,TOTAL,,"42,935","$6,023,835","$4,700,397"
11604,SG,,685,"$229,515","$181,248"
,OTHER,,"16,254","$2,651,579","$2,073,903"
,TOTAL,,"16,939","$2,881,094","$2,255,151"
11606,SG,,904,"$317,240","$251,998"
,80'S,,2,$43,$34
,OTHER,,"15,305","$2,977,052","$2,345,129"
,TOTAL,,"16,211","$3,294,335","$2,597,162"
11620,OTHER,,"7,927","$792,776","$610,548"
,TOTAL,,"7,927","$792,776","$610,548"
11621,OTHER,,"32,834","$3,886,048","$3,006,864"
,TOTAL,,"32,834","$3,886,048","$3,006,864"
11622,OTHER,,"44,758","$6,172,826","$4,793,730"
,TOTAL,,"44,758","$6,172,826","$4,793,730"
11623,OTHER,,"16,708","$3,015,948","$2,362,697"
,TOTAL,,"16,708","$3,015,948","$2,362,697"
11624,SG,,479,"$148,169","$117,192"
,OTHER,,"6,168","$1,223,591","$963,901"
,TOTAL,,"6,647","$1,371,760","$1,081,092"
11626,SG,,350,"$111,650","$88,757"
,80'S,,1,$40,$32
,OTHER,,"4,716","$1,086,054","$857,363"
,TOTAL,,"5,067","$1,197,744","$946,152"
11640,OTHER,,"46,857","$5,076,556","$3,902,747"
,TOTAL,,"46,857","$5,076,556","$3,902,747"
11641,OTHER,,"129,359","$18,311,694","$14,205,771"
,TOTAL,,"129,359","$18,311,694","$14,205,771"
11642,OTHER,,"124,285","$22,666,925","$17,716,366"
,TOTAL,,"124,285","$22,666,925","$17,716,366"
11643,OTHER,,"38,335","$8,003,066","$6,284,238"
,TOTAL,,"38,335","$8,003,066","$6,284,238"
11644,SG,,"1,298","$394,574","$314,438"
,OTHER,,"12,444","$3,202,033","$2,524,204"
,TOTAL,,"13,742","$3,596,607","$2,838,642"
11646,SG,,713,"$218,331","$173,382"
,OTHER,,"7,614","$2,458,048","$1,945,292"
,TOTAL,,"8,327","$2,676,379","$2,118,675"
11719,OTHER,,"1,262,405","$14,284,105","$10,517,867"
,TOTAL,,"1,262,405","$14,284,105","$10,517,867"
11720,OTHER,,"1,686,454","$41,011,031","$29,707,673"
,TOTAL,,"1,686,454","$41,011,031","$29,707,673"
11721,OTHER,,"5,991,940","$218,294,824","$157,842,706"
,TOTAL,,"5,991,940","$218,294,824","$157,842,706"
11730,OTHER,,"680,904","$49,688,573","$36,971,987"
,TOTAL,,"680,904","$49,688,573","$36,971,987"
11732,OTHER,,"95,004","$3,282,402","$2,548,412"
,TOTAL,,"95,004","$3,282,402","$2,548,412"
11740,OTHER,,"27,757","$1,055,791","$796,750"
,TOTAL,,"27,757","$1,055,791","$796,750"
11750,OTHER,,"252,088","$30,426,558","$23,004,756"
,TOTAL,,"252,088","$30,426,558","$23,004,756"
11752,OTHER,,"2,561","$379,848","$294,876"
,TOTAL,,"2,561","$379,848","$294,876"
11755,OTHER,,"12,367","$1,040,138","$811,470"
,TOTAL,,"12,367","$1,040,138","$811,470"
11760,OTHER,,"5,070","$444,251","$340,130"
,TOTAL,,"5,070","$444,251","$340,130"
11762,OTHER,,878,"$145,939","$111,493"
,TOTAL,,878,"$145,939","$111,493"
11765,OTHER,,"82,639","$4,798,644","$3,594,910"
,TOTAL,,"82,639","$4,798,644","$3,594,910"
11770,SG,,57,"$27,417","$21,500"
,OTHER,,506,"$76,964","$59,406"
,TOTAL,,563,"$104,381","$80,907"
11771,SG,,44,"$20,713","$15,995"
,OTHER,,514,"$176,683","$138,914"
,TOTAL,,558,"$197,395","$154,908"
11772,SG,,20,"$9,936","$7,861"
,OTHER,,411,"$170,683","$134,483"
,TOTAL,,431,"$180,619","$142,343"
11900,OTHER,,"107,719","$4,341,827","$3,176,371"
,TOTAL,,"107,719","$4,341,827","$3,176,371"
11901,OTHER,,"52,764","$3,109,527","$2,314,208"
,TOTAL,,"52,764","$3,109,527","$2,314,208"
11920,OTHER,,149,"$16,730","$12,796"
,TOTAL,,149,"$16,730","$12,796"
11921,OTHER,,237,"$36,564","$28,549"
,TOTAL,,237,"$36,564","$28,549"
11922,OTHER,,20,$660,$528
,TOTAL,,20,$660,$528
11950,OTHER,,51,"$3,074","$2,265"
,TOTAL,,51,"$3,074","$2,265"
11951,80'S,,1,$11,$9
,OTHER,,76,"$5,113","$3,971"
,TOTAL,,77,"$5,124","$3,980"
11952,OTHER,,146,"$5,913","$4,730"
,TOTAL,,146,"$5,913","$4,730"
11954,OTHER,,81,"$5,358","$4,266"
,TOTAL,,81,"$5,358","$4,266"
11960,SG,,15,"$5,262","$4,209"
,80'S,,1,$112,$90
,OTHER,,257,"$167,048","$133,418"
,TOTAL,,273,"$172,422","$137,717"
11970,SG,,142,"$52,914","$42,233"
,OTHER,,"1,175","$361,952","$285,042"
,TOTAL,,"1,317","$414,866","$327,275"
11971,SG,,51,"$12,425","$9,940"
,80'S,,5,$127,$101
,OTHER,,399,"$64,462","$50,807"
,TOTAL,,455,"$77,014","$60,848"
11976,OTHER,,40,"$4,636","$3,001"
,TOTAL,,40,"$4,636","$3,001"
11980,OTHER,,"2,982","$286,595","$215,729"
,TOTAL,,"2,982","$286,595","$215,729"
11981,OTHER,,"6,994","$751,064","$592,747"
,TOTAL,,"6,994","$751,064","$592,747"
11982,OTHER,,417,"$46,635","$36,874"
,TOTAL,,417,"$46,635","$36,874"
11983,OTHER,,"1,102","$225,525","$178,642"
,TOTAL,,"1,102","$225,525","$178,642"
12001,OTHER,,"167,765","$14,670,515","$10,984,506"
,TOTAL,,"167,765","$14,670,515","$10,984,506"
12002,OTHER,,"128,214","$13,731,698","$10,396,438"
,TOTAL,,"128,214","$13,731,698","$10,396,438"
12004,OTHER,,"17,746","$2,206,952","$1,697,984"
,TOTAL,,"17,746","$2,206,952","$1,697,984"
12005,SG,,9,"$3,831","$3,065"
,OTHER,,"4,547","$685,984","$535,732"
,TOTAL,,"4,556","$689,815","$538,797"
12006,SG,,2,$838,$671
,OTHER,,868,"$164,149","$128,428"
,TOTAL,,870,"$164,988","$129,099"
12007,SG,,1,$405,$324
,OTHER,,341,"$72,028","$56,282"
,TOTAL,,342,"$72,433","$56,606"
12011,OTHER,,"81,526","$7,006,370","$5,361,545"
,TOTAL,,"81,526","$7,006,370","$5,361,545"
12013,OTHER,,"46,783","$5,231,224","$4,036,962"
,TOTAL,,"46,783","$5,231,224","$4,036,962"
12014,OTHER,,"5,933","$777,017","$602,110"
,TOTAL,,"5,933","$777,017","$602,110"
12015,OTHER,,"2,710","$445,069","$347,572"
,TOTAL,,"2,710","$445,069","$347,572"
12016,OTHER,,401,"$77,734","$60,544"
,TOTAL,,401,"$77,734","$60,544"
12017,OTHER,,75,"$16,502","$13,007"
,TOTAL,,75,"$16,502","$13,007"
12018,OTHER,,37,"$9,018","$7,057"
,TOTAL,,37,"$9,018","$7,057"
12020,SG,,150,"$45,497","$35,989"
,OTHER,,"3,976","$608,744","$477,259"
,TOTAL,,"4,126","$654,241","$513,247"
12021,SG,,11,"$3,223","$2,419"
,OTHER,,"3,523","$398,851","$313,574"
,TOTAL,,"3,534","$402,073","$315,993"
12031,80'S,,1,$18,$14
,OTHER,,"44,031","$4,962,434","$3,879,360"
,TOTAL,,"44,032","$4,962,452","$3,879,374"
12032,OTHER,,"111,036","$18,188,437","$14,287,567"
,TOTAL,,"111,036","$18,188,437","$14,287,567"
12034,SG,,438,"$143,569","$113,906"
,OTHER,,"14,313","$2,396,162","$1,878,711"
,TOTAL,,"14,751","$2,539,731","$1,992,617"
12035,SG,,90,"$30,021","$23,817"
,80'S,,1,$17,$14
,OTHER,,"3,713","$654,078","$514,159"
,TOTAL,,"3,804","$684,117","$537,990"
12036,SG,,19,"$7,138","$5,655"
,OTHER,,944,"$210,959","$166,754"
,TOTAL,,963,"$218,097","$172,409"
12037,SG,,20,"$6,616","$5,281"
,80'S,,2,$47,$37
,OTHER,,411,"$102,755","$81,291"
,TOTAL,,433,"$109,418","$86,609"
12041,OTHER,,"16,536","$2,189,110","$1,698,966"
,TOTAL,,"16,536","$2,189,110","$1,698,966"
12042,OTHER,,"29,714","$5,112,332","$4,009,257"
,TOTAL,,"29,714","$5,112,332","$4,009,257"
12044,SG,,71,"$21,238","$16,708"
,OTHER,,"2,153","$362,168","$281,697"
,TOTAL,,"2,224","$383,406","$298,405"
12045,SG,,8,"$2,205","$1,764"
,OTHER,,454,"$81,942","$64,717"
,TOTAL,,462,"$84,147","$66,480"
12046,SG,,1,$443,$355
,OTHER,,108,"$23,649","$18,492"
,TOTAL,,109,"$24,092","$18,847"
12047,80'S,,2,$42,$33
,OTHER,,48,"$11,781","$9,239"
,TOTAL,,50,"$11,823","$9,273"
12051,OTHER,,"65,015","$10,385,373","$8,165,922"
,TOTAL,,"65,015","$10,385,373","$8,165,922"
12052,OTHER,,"67,512","$10,450,993","$8,237,313"
,TOTAL,,"67,512","$10,450,993","$8,237,313"
12053,OTHER,,"8,880","$1,557,563","$1,228,071"
,TOTAL,,"8,880","$1,557,563","$1,228,071"
12054,SG,,105,"$35,349","$28,279"
,OTHER,,"3,287","$612,635","$483,121"
,TOTAL,,"3,392","$647,984","$511,400"
12055,SG,,22,"$7,290","$5,752"
,OTHER,,521,"$114,616","$90,479"
,TOTAL,,543,"$121,906","$96,231"
12056,SG,,4,"$1,095",$876
,OTHER,,53,"$14,632","$11,485"
,TOTAL,,57,"$15,727","$12,362"
12057,OTHER,,59,"$16,016","$12,733"
,TOTAL,,59,"$16,016","$12,733"
13100,SG,,253,"$92,914","$73,471"
,OTHER,,"3,302","$675,546","$528,756"
,TOTAL,,"3,555","$768,460","$602,227"
13101,SG,,"1,290","$592,227","$470,369"
,OTHER,,"25,510","$6,272,291","$4,950,831"
,TOTAL,,"26,800","$6,864,518","$5,421,200"
13102,OTHER,,"7,407","$519,866","$412,862"
,TOTAL,,"7,407","$519,866","$412,862"
13120,SG,,396,"$153,603","$122,397"
,OTHER,,"4,627","$985,405","$777,784"
,TOTAL,,"5,023","$1,139,007","$900,181"
13121,SG,,"1,847","$855,581","$678,628"
,80'S,,1,$22,$18
,OTHER,,"36,723","$9,890,297","$7,807,430"
,TOTAL,,"38,571","$10,745,901","$8,486,076"
13122,80'S,,1,$14,$11
,OTHER,,"8,627","$700,646","$556,797"
,TOTAL,,"8,628","$700,660","$556,808"
13131,SG,,"1,763","$674,906","$535,550"
,OTHER,,"20,680","$5,081,150","$4,005,991"
,TOTAL,,"22,443","$5,756,056","$4,541,541"
13132,SG,,"4,830","$2,266,100","$1,794,205"
,OTHER,,"88,002","$31,448,469","$24,870,964"
,TOTAL,,"92,832","$33,714,569","$26,665,168"
13133,OTHER,,"6,341","$786,404","$625,094"
,TOTAL,,"6,341","$786,404","$625,094"
13150,SG,,365,"$169,586","$133,358"
,OTHER,,"2,713","$739,707","$582,167"
,TOTAL,,"3,078","$909,293","$715,525"
13151,SG,,"1,442","$681,337","$539,591"
,OTHER,,"19,116","$5,933,726","$4,689,712"
,TOTAL,,"20,558","$6,615,063","$5,229,302"
13152,SG,,"1,370","$642,316","$508,675"
,OTHER,,"24,795","$10,069,458","$7,970,192"
,TOTAL,,"26,165","$10,711,774","$8,478,867"
13153,OTHER,,993,"$133,115","$105,878"
,TOTAL,,993,"$133,115","$105,878"
13160,SG,,370,"$146,538","$115,952"
,OTHER,,"11,153","$5,893,792","$4,668,381"
,TOTAL,,"11,523","$6,040,330","$4,784,334"
14000,SG,,"1,080","$412,670","$327,191"
,OTHER,,"9,076","$3,725,806","$2,942,850"
,TOTAL,,"10,156","$4,138,476","$3,270,040"
14001,SG,,531,"$242,610","$193,661"
,OTHER,,"5,539","$2,951,623","$2,341,170"
,TOTAL,,"6,070","$3,194,233","$2,534,831"
14020,SG,,"2,344","$1,099,005","$873,269"
,80'S,,2,$125,$93
,OTHER,,"16,304","$7,516,485","$5,953,087"
,TOTAL,,"18,650","$8,615,615","$6,826,450"
14021,SG,,789,"$375,144","$298,946"
,80'S,,1,$58,$46
,OTHER,,"7,941","$5,280,701","$4,192,111"
,TOTAL,,"8,731","$5,655,903","$4,491,103"
14040,SG,,"9,037","$3,343,914","$2,652,970"
,OTHER,,"73,714","$38,415,788","$30,453,556"
,TOTAL,,"82,751","$41,759,701","$33,106,527"
14041,SG,,"1,875","$882,297","$702,958"
,OTHER,,"19,634","$14,723,000","$11,680,501"
,TOTAL,,"21,509","$15,605,297","$12,383,459"
14060,SG,,"11,124","$5,218,993","$4,141,362"
,OTHER,,"85,345","$49,785,971","$39,470,216"
,TOTAL,,"96,469","$55,004,964","$43,611,577"
14061,SG,,"1,267","$604,873","$481,012"
,OTHER,,"11,163","$9,230,686","$7,325,214"
,TOTAL,,"12,430","$9,835,559","$7,806,227"
14300,SG,,609,"$371,136","$294,508"
,80'S,,11,$789,$631
,OTHER,,"7,931","$5,704,230","$4,521,614"
,TOTAL,,"8,551","$6,076,154","$4,816,752"
14350,SG,,15,"$5,230","$3,902"
,80'S,,1,$50,$40
,OTHER,,308,"$147,498","$116,234"
,TOTAL,,324,"$152,778","$120,176"
15000,SG,,"1,829","$479,270","$381,563"
,80'S,,1,$35,$28
,OTHER,,"41,040","$9,292,432","$7,367,758"
,TOTAL,,"42,870","$9,771,737","$7,749,350"
15001,80'S,,694,"$6,569","$5,255"
,OTHER,,"27,864","$1,522,353","$1,215,468"
,TOTAL,,"28,558","$1,528,922","$1,220,723"
15050,SG,,50,"$16,323","$12,899"
,OTHER,,849,"$225,739","$178,376"
,TOTAL,,899,"$242,062","$191,275"
15100,SG,,723,"$263,790","$209,738"
,80'S,,4,$335,$268
,OTHER,,"23,619","$11,631,963","$9,237,481"
,TOTAL,,"24,346","$11,896,087","$9,447,487"
15101,SG,,25,"$11,179","$8,943"
,80'S,,2,$31,$25
,OTHER,,"22,075","$2,051,253","$1,633,540"
,TOTAL,,"22,102","$2,062,463","$1,642,508"
15120,SG,,827,"$288,695","$229,176"
,80'S,,1,$45,$36
,OTHER,,"11,149","$6,098,134","$4,836,232"
,TOTAL,,"11,977","$6,386,874","$5,065,444"
15121,SG,,12,"$5,398","$4,318"
,OTHER,,"1,864","$278,394","$222,112"
,TOTAL,,"1,876","$283,792","$226,430"
15200,SG,,131,"$58,663","$46,733"
,OTHER,,924,"$426,879","$336,526"
,TOTAL,,"1,055","$485,542","$383,258"
15201,SG,,6,"$1,323","$1,058"
,OTHER,,254,"$19,720","$15,736"
,TOTAL,,260,"$21,043","$16,794"
15220,SG,,756,"$260,098","$207,159"
,OTHER,,"5,168","$2,669,257","$2,122,978"
,TOTAL,,"5,924","$2,929,355","$2,330,137"
15221,SG,,81,"$19,410","$15,528"
,OTHER,,"1,317","$92,066","$73,455"
,TOTAL,,"1,398","$111,477","$88,984"
15240,SG,,"1,626","$713,070","$567,069"
,OTHER,,"11,071","$6,306,004","$5,007,391"
,TOTAL,,"12,697","$7,019,074","$5,574,460"
15241,SG,,81,"$23,363","$18,691"
,OTHER,,"1,106","$122,581","$97,531"
,TOTAL,,"1,187","$145,944","$116,221"
15260,SG,,"6,461","$2,238,016","$1,778,094"
,OTHER,,"44,185","$28,707,268","$22,781,105"
,TOTAL,,"50,646","$30,945,284","$24,559,199"
15261,SG,,80,"$21,131","$16,905"
,OTHER,,465,"$61,016","$48,683"
,TOTAL,,545,"$82,147","$65,588"
15342,OTHER,,"10,920","$876,470","$695,554"
,TOTAL,,"10,920","$876,470","$695,554"
15343,OTHER,,"9,076","$121,042","$95,330"
,TOTAL,,"9,076","$121,042","$95,330"
15350,SG,,56,"$17,011","$13,309"
,OTHER,,"5,568","$1,595,307","$1,268,864"
,TOTAL,,"5,624","$1,612,318","$1,282,173"
15351,OTHER,,"6,641","$359,156","$287,127"
,TOTAL,,"6,641","$359,156","$287,127"
15400,SG,,111,"$39,884","$31,683"
,OTHER,,"20,624","$6,159,718","$4,872,733"
,TOTAL,,"20,735","$6,199,602","$4,904,416"
15401,OTHER,,"1,679","$97,592","$77,918"
,TOTAL,,"1,679","$97,592","$77,918"
15570,SG,,106,"$42,336","$33,869"
,80'S,,1,$49,$39
,OTHER,,495,"$249,287","$197,996"
,TOTAL,,602,"$291,673","$231,904"
15572,SG,,132,"$45,815","$36,652"
,OTHER,,614,"$307,909","$244,771"
,TOTAL,,746,"$353,724","$281,424"
15574,SG,,489,"$195,472","$155,798"
,80'S,,1,$121,$97
,OTHER,,"2,165","$1,172,566","$932,211"
,TOTAL,,"2,655","$1,368,159","$1,088,107"
15576,SG,,610,"$242,029","$192,073"
,OTHER,,"3,228","$1,589,124","$1,260,684"
,TOTAL,,"3,838","$1,831,152","$1,452,758"
15600,SG,,16,"$7,497","$5,918"
,80'S,,1,$24,$19
,OTHER,,225,"$31,049","$24,571"
,TOTAL,,242,"$38,571","$30,509"
15610,SG,,12,"$4,983","$3,986"
,80'S,,1,$29,$23
,OTHER,,167,"$24,553","$19,258"
,TOTAL,,180,"$29,565","$23,268"
15620,SG,,177,"$106,001","$83,469"
,OTHER,,742,"$160,335","$126,050"
,TOTAL,,919,"$266,336","$209,519"
15630,SG,,355,"$167,408","$132,116"
,OTHER,,"2,299","$576,865","$455,766"
,TOTAL,,"2,654","$744,273","$587,881"
15650,SG,,36,"$23,804","$18,963"
,80'S,,1,$53,$42
,OTHER,,150,"$32,936","$26,242"
,TOTAL,,187,"$56,792","$45,247"
15732,SG,,"1,620","$665,514","$529,983"
,80'S,,419,"$62,079","$49,366"
,OTHER,,"9,137","$9,243,257","$7,351,124"
,TOTAL,,"11,176","$9,970,850","$7,930,472"
15734,SG,,120,"$48,291","$38,505"
,80'S,,985,"$136,639","$108,690"
,OTHER,,"13,422","$11,559,267","$9,189,869"
,TOTAL,,"14,527","$11,744,197","$9,337,064"
15736,SG,,66,"$28,051","$22,314"
,80'S,,1,$168,$135
,OTHER,,937,"$873,205","$694,245"
,TOTAL,,"1,004","$901,424","$716,693"
15738,SG,,119,"$52,709","$42,006"
,80'S,,275,"$42,040","$33,055"
,OTHER,,"5,206","$4,898,910","$3,891,131"
,TOTAL,,"5,600","$4,993,659","$3,966,192"
15740,SG,,346,"$124,578","$98,787"
,80'S,,1,$51,$41
,OTHER,,"3,430","$2,183,526","$1,727,862"
,TOTAL,,"3,777","$2,308,154","$1,826,690"
15750,SG,,80,"$25,455","$20,364"
,80'S,,8,$622,$498
,OTHER,,397,"$252,177","$200,476"
,TOTAL,,485,"$278,254","$221,338"
15756,SG,,1,$491,$393
,80'S,,81,"$27,808","$21,999"
,OTHER,,623,"$1,213,167","$958,788"
,TOTAL,,705,"$1,241,466","$981,179"
15757,SG,,3,"$1,243",$994
,80'S,,48,"$15,546","$12,437"
,OTHER,,457,"$923,093","$738,394"
,TOTAL,,508,"$939,882","$751,826"
15758,SG,,5,"$2,105","$1,684"
,80'S,,30,"$10,252","$8,201"
,OTHER,,172,"$348,413","$275,888"
,TOTAL,,207,"$360,770","$285,774"
15760,SG,,143,"$47,752","$37,651"
,OTHER,,784,"$416,618","$328,707"
,TOTAL,,927,"$464,371","$366,359"
15770,SG,,102,"$35,851","$28,134"
,80'S,,79,"$3,477","$2,760"
,OTHER,,"1,232","$369,744","$293,309"
,TOTAL,,"1,413","$409,072","$324,203"
15780,OTHER,,48,"$18,649","$14,699"
,TOTAL,,48,"$18,649","$14,699"
15781,OTHER,,426,"$136,201","$106,877"
,TOTAL,,426,"$136,201","$106,877"
15782,OTHER,,65,"$19,438","$15,251"
,TOTAL,,65,"$19,438","$15,251"
15783,OTHER,,97,"$27,339","$21,055"
,TOTAL,,97,"$27,339","$21,055"
15786,OTHER,,552,"$64,902","$49,345"
,TOTAL,,552,"$64,902","$49,345"
15787,OTHER,,54,"$1,358","$1,086"
,TOTAL,,54,"$1,358","$1,086"
15788,OTHER,,926,"$187,614","$147,811"
,TOTAL,,926,"$187,614","$147,811"
15789,OTHER,,181,"$71,508","$56,620"
,TOTAL,,181,"$71,508","$56,620"
15792,OTHER,,95,"$10,657","$8,441"
,TOTAL,,95,"$10,657","$8,441"
15793,OTHER,,29,"$7,340","$5,749"
,TOTAL,,29,"$7,340","$5,749"
15810,OTHER,,9,$528,$422
,TOTAL,,9,$528,$422
15811,OTHER,,4,$789,$614
,TOTAL,,4,$789,$614
15819,OTHER,,6,"$2,204","$1,712"
,TOTAL,,6,"$2,204","$1,712"
15820,OTHER,,106,"$51,508","$41,145"
,TOTAL,,106,"$51,508","$41,145"
15821,OTHER,,177,"$81,258","$64,668"
,TOTAL,,177,"$81,258","$64,668"
15822,OTHER,,"2,214","$1,080,145","$855,421"
,TOTAL,,"2,214","$1,080,145","$855,421"
15823,80'S,,1,$105,$84
,OTHER,,"38,547","$23,845,753","$18,920,321"
,TOTAL,,"38,548","$23,845,859","$18,920,405"
15824,OTHER,,9,"$5,250","$4,200"
,TOTAL,,9,"$5,250","$4,200"
15826,OTHER,,1,$518,$414
,TOTAL,,1,$518,$414
15828,OTHER,,12,"$9,001","$7,201"
,TOTAL,,12,"$9,001","$7,201"
15829,OTHER,,8,"$6,206","$4,965"
,TOTAL,,8,"$6,206","$4,965"
15831,80'S,,178,"$19,155","$15,197"
,OTHER,,"1,321","$889,737","$702,310"
,TOTAL,,"1,499","$908,892","$717,507"
15832,80'S,,5,$489,$391
,OTHER,,63,"$37,683","$29,468"
,TOTAL,,68,"$38,172","$29,858"
15833,80'S,,1,$52,$42
,OTHER,,23,"$13,198","$10,558"
,TOTAL,,24,"$13,250","$10,600"
15834,OTHER,,17,"$7,072","$5,658"
,TOTAL,,17,"$7,072","$5,658"
15835,OTHER,,10,"$5,378","$4,302"
,TOTAL,,10,"$5,378","$4,302"
15836,OTHER,,66,"$25,806","$19,602"
,TOTAL,,66,"$25,806","$19,602"
15837,OTHER,,18,"$8,047","$6,417"
,TOTAL,,18,"$8,047","$6,417"
15838,80'S,,1,$47,$38
,OTHER,,59,"$16,938","$13,311"
,TOTAL,,60,"$16,986","$13,349"
15839,80'S,,7,$537,$429
,OTHER,,211,"$92,678","$73,651"
,TOTAL,,218,"$93,215","$74,080"
15840,SG,,17,"$9,752","$7,802"
,OTHER,,235,"$170,829","$136,234"
,TOTAL,,252,"$180,581","$144,035"
15841,SG,,7,"$3,961","$3,169"
,80'S,,4,$661,$529
,OTHER,,23,"$31,812","$25,450"
,TOTAL,,34,"$36,434","$29,147"
15842,OTHER,,8,"$10,869","$8,695"
,TOTAL,,8,"$10,869","$8,695"
15845,SG,,52,"$28,924","$23,139"
,80'S,,33,"$3,473","$2,778"
,OTHER,,205,"$139,694","$109,951"
,TOTAL,,290,"$172,090","$135,868"
15851,OTHER,,"4,074","$276,593","$212,937"
,TOTAL,,"4,074","$276,593","$212,937"
15852,OTHER,,"6,114","$345,662","$270,289"
,TOTAL,,"6,114","$345,662","$270,289"
15860,OTHER,,125,"$7,911","$6,214"
,TOTAL,,125,"$7,911","$6,214"
15876,80'S,,3,$120,$96
,OTHER,,14,"$4,825","$3,860"
,TOTAL,,17,"$4,945","$3,956"
15877,80'S,,2,$183,$146
,OTHER,,22,"$10,506","$8,405"
,TOTAL,,24,"$10,689","$8,551"
15878,OTHER,,6,"$1,501","$1,200"
,TOTAL,,6,"$1,501","$1,200"
15879,OTHER,,8,"$4,598","$3,678"
,TOTAL,,8,"$4,598","$3,678"
15920,SG,,2,$963,$770
,80'S,,2,$172,$137
,OTHER,,186,"$79,976","$63,626"
,TOTAL,,190,"$81,110","$64,533"
15922,SG,,2,"$1,217",$974
,80'S,,2,$101,$81
,OTHER,,77,"$37,672","$30,137"
,TOTAL,,81,"$38,989","$31,192"
15931,SG,,13,"$6,167","$4,887"
,OTHER,,"1,104","$570,933","$454,342"
,TOTAL,,"1,117","$577,099","$459,229"
15933,SG,,1,$459,$367
,80'S,,2,$163,$130
,OTHER,,274,"$182,540","$145,328"
,TOTAL,,277,"$183,162","$145,825"
15934,SG,,7,"$3,589","$2,871"
,OTHER,,399,"$292,235","$232,812"
,TOTAL,,406,"$295,824","$235,683"
15935,80'S,,20,"$2,987","$2,389"
,OTHER,,248,"$201,514","$160,987"
,TOTAL,,268,"$204,500","$163,376"
15936,SG,,12,"$7,349","$5,879"
,80'S,,1,$135,$108
,OTHER,,"2,100","$1,358,572","$1,081,006"
,TOTAL,,"2,113","$1,366,057","$1,086,994"
15937,SG,,4,"$2,433","$1,947"
,80'S,,129,"$11,269","$9,015"
,OTHER,,"2,512","$1,646,224","$1,313,012"
,TOTAL,,"2,645","$1,659,926","$1,323,974"
15940,SG,,5,"$2,197","$1,757"
,OTHER,,532,"$266,607","$210,787"
,TOTAL,,537,"$268,804","$212,544"
15941,SG,,1,$494,$395
,OTHER,,280,"$188,103","$148,874"
,TOTAL,,281,"$188,597","$149,269"
15944,SG,,1,$493,$394
,OTHER,,251,"$157,825","$124,849"
,TOTAL,,252,"$158,317","$125,243"
15945,SG,,1,$637,$510
,80'S,,2,$123,$98
,OTHER,,190,"$127,632","$102,006"
,TOTAL,,193,"$128,391","$102,613"
15946,SG,,6,"$3,744","$2,995"
,80'S,,86,"$17,963","$14,027"
,OTHER,,"2,622","$3,393,153","$2,694,931"
,TOTAL,,"2,714","$3,414,861","$2,711,954"
15950,SG,,3,"$1,466","$1,173"
,OTHER,,412,"$157,842","$125,861"
,TOTAL,,415,"$159,308","$127,034"
15951,SG,,1,$304,$244
,OTHER,,125,"$69,219","$54,195"
,TOTAL,,126,"$69,524","$54,438"
15952,SG,,3,"$1,495","$1,196"
,80'S,,2,$214,$171
,OTHER,,158,"$94,020","$74,772"
,TOTAL,,163,"$95,729","$76,139"
15953,SG,,1,$609,$487
,OTHER,,63,"$42,387","$33,910"
,TOTAL,,64,"$42,996","$34,397"
15956,80'S,,1,$87,$70
,OTHER,,739,"$586,488","$467,420"
,TOTAL,,740,"$586,575","$467,490"
15958,80'S,,61,"$5,405","$4,324"
,OTHER,,744,"$494,783","$394,613"
,TOTAL,,805,"$500,188","$398,936"
15999,80'S,,3,$412,$330
,OTHER,,813,"$330,148","$262,707"
,TOTAL,,816,"$330,560","$263,037"
16000,OTHER,,"2,464","$138,903","$101,171"
,TOTAL,,"2,464","$138,903","$101,171"
16010,OTHER,,"1,481","$93,243","$71,216"
,TOTAL,,"1,481","$93,243","$71,216"
16015,SG,,5,"$1,900","$1,520"
,OTHER,,848,"$98,590","$77,306"
,TOTAL,,853,"$100,490","$78,826"
16020,OTHER,,"19,016","$1,103,993","$833,399"
,TOTAL,,"19,016","$1,103,993","$833,399"
16025,OTHER,,"3,940","$452,599","$347,927"
,TOTAL,,"3,940","$452,599","$347,927"
16030,SG,,1,$343,$274
,OTHER,,"2,070","$279,153","$214,561"
,TOTAL,,"2,071","$279,496","$214,835"
16035,SG,,2,$635,$508
,OTHER,,339,"$61,780","$48,007"
,TOTAL,,341,"$62,415","$48,515"
16036,OTHER,,297,"$23,322","$18,645"
,TOTAL,,297,"$23,322","$18,645"
17000,OTHER,,"4,646,548","$253,307,104","$179,837,975"
,TOTAL,,"4,646,548","$253,307,104","$179,837,975"
17003,OTHER,,"14,047,863","$197,260,841","$152,248,397"
,TOTAL,,"14,047,863","$197,260,841","$152,248,397"
17004,OTHER,,"389,550","$74,399,885","$56,616,786"
,TOTAL,,"389,550","$74,399,885","$56,616,786"
17106,OTHER,,"3,347","$1,032,469","$804,004"
,TOTAL,,"3,347","$1,032,469","$804,004"
17107,OTHER,,"1,367","$803,440","$633,121"
,TOTAL,,"1,367","$803,440","$633,121"
17108,OTHER,,"3,322","$2,692,404","$2,136,383"
,TOTAL,,"3,322","$2,692,404","$2,136,383"
17110,OTHER,,"75,900","$4,409,844","$3,139,141"
,TOTAL,,"75,900","$4,409,844","$3,139,141"
17111,OTHER,,"4,188","$279,295","$198,955"
,TOTAL,,"4,188","$279,295","$198,955"
17250,OTHER,,"31,996","$1,304,116","$991,804"
,TOTAL,,"31,996","$1,304,116","$991,804"
17260,OTHER,,"23,204","$1,453,408","$1,101,046"
,TOTAL,,"23,204","$1,453,408","$1,101,046"
17261,OTHER,,"117,401","$9,381,029","$7,161,383"
,TOTAL,,"117,401","$9,381,029","$7,161,383"
17262,OTHER,,"138,136","$14,505,683","$11,170,919"
,TOTAL,,"138,136","$14,505,683","$11,170,919"
17263,OTHER,,"27,414","$3,354,409","$2,598,289"
,TOTAL,,"27,414","$3,354,409","$2,598,289"
17264,OTHER,,"4,926","$641,970","$496,750"
,TOTAL,,"4,926","$641,970","$496,750"
17266,OTHER,,"1,513","$226,025","$175,458"
,TOTAL,,"1,513","$226,025","$175,458"
17270,OTHER,,"12,691","$1,115,032","$848,607"
,TOTAL,,"12,691","$1,115,032","$848,607"
17271,OTHER,,"52,602","$5,047,309","$3,865,548"
,TOTAL,,"52,602","$5,047,309","$3,865,548"
17272,OTHER,,"51,368","$5,969,165","$4,593,212"
,TOTAL,,"51,368","$5,969,165","$4,593,212"
17273,OTHER,,"9,461","$1,286,988","$996,140"
,TOTAL,,"9,461","$1,286,988","$996,140"
17274,OTHER,,"1,813","$301,487","$235,265"
,TOTAL,,"1,813","$301,487","$235,265"
17276,OTHER,,675,"$132,919","$104,381"
,TOTAL,,675,"$132,919","$104,381"
17280,80'S,,1,$7,$6
,OTHER,,"63,775","$4,982,419","$3,758,523"
,TOTAL,,"63,776","$4,982,426","$3,758,529"
17281,80'S,,1,$20,$16
,OTHER,,"154,260","$17,418,862","$13,324,306"
,TOTAL,,"154,261","$17,418,882","$13,324,322"
17282,OTHER,,"104,237","$14,090,022","$10,865,108"
,TOTAL,,"104,237","$14,090,022","$10,865,108"
17283,OTHER,,"15,860","$2,699,575","$2,095,418"
,TOTAL,,"15,860","$2,699,575","$2,095,418"
17284,OTHER,,"2,701","$544,441","$424,133"
,TOTAL,,"2,701","$544,441","$424,133"
17286,OTHER,,944,"$250,004","$195,247"
,TOTAL,,944,"$250,004","$195,247"
17304,OTHER,,"273,830","$150,867,730","$119,179,507"
,TOTAL,,"273,830","$150,867,730","$119,179,507"
17305,OTHER,,"148,029","$34,324,586","$27,284,347"
,TOTAL,,"148,029","$34,324,586","$27,284,347"
17306,OTHER,,"45,280","$10,623,504","$8,446,166"
,TOTAL,,"45,280","$10,623,504","$8,446,166"
17307,OTHER,,"23,806","$5,530,463","$4,398,318"
,TOTAL,,"23,806","$5,530,463","$4,398,318"
17310,OTHER,,"33,972","$2,789,658","$2,214,524"
,TOTAL,,"33,972","$2,789,658","$2,214,524"
17340,OTHER,,"13,758","$530,501","$365,855"
,TOTAL,,"13,758","$530,501","$365,855"
17360,OTHER,,"1,586","$162,733","$125,317"
,TOTAL,,"1,586","$162,733","$125,317"
17380,OTHER,,2,$146,$117
,TOTAL,,2,$146,$117
17999,OTHER,,"1,318","$188,276","$147,980"
,TOTAL,,"1,318","$188,276","$147,980"
19000,OTHER,,"39,043","$2,463,677","$1,869,154"
,TOTAL,,"39,043","$2,463,677","$1,869,154"
19001,OTHER,,"6,908","$252,035","$198,011"
,TOTAL,,"6,908","$252,035","$198,011"
19020,SG,,49,"$18,723","$14,850"
,OTHER,,"1,412","$373,419","$292,460"
,TOTAL,,"1,461","$392,142","$307,310"
19030,OTHER,,"2,303","$234,061","$183,266"
,TOTAL,,"2,303","$234,061","$183,266"
19100,SG,,170,"$52,068","$40,895"
,OTHER,,"17,440","$1,530,336","$1,179,194"
,TOTAL,,"17,610","$1,582,404","$1,220,089"
19101,SG,,756,"$315,968","$251,089"
,OTHER,,"9,267","$1,960,469","$1,543,980"
,TOTAL,,"10,023","$2,276,437","$1,795,070"
19102,SG,,350,"$141,063","$112,357"
,OTHER,,"39,499","$6,149,900","$4,850,225"
,TOTAL,,"39,849","$6,290,963","$4,962,583"
19103,SG,,"1,944","$810,785","$641,613"
,OTHER,,"58,972","$16,328,132","$12,918,205"
,TOTAL,,"60,916","$17,138,917","$13,559,818"
19110,SG,,150,"$63,242","$50,370"
,OTHER,,"1,572","$498,138","$394,112"
,TOTAL,,"1,722","$561,379","$444,481"
19112,SG,,22,"$10,575","$8,380"
,OTHER,,105,"$25,265","$20,176"
,TOTAL,,127,"$35,841","$28,556"
19120,SG,,"6,658","$3,229,987","$2,553,273"
,80'S,,3,$140,$112
,OTHER,,"53,146","$16,765,951","$13,225,027"
,TOTAL,,"59,807","$19,996,078","$15,778,413"
19125,SG,,"4,218","$2,055,076","$1,629,870"
,80'S,,1,$23,$19
,OTHER,,"56,135","$19,396,393","$15,337,388"
,TOTAL,,"60,354","$21,451,492","$16,967,277"
19126,SG,,173,"$53,190","$42,552"
,OTHER,,"2,687","$416,441","$331,437"
,TOTAL,,"2,860","$469,631","$373,989"
19140,SG,,262,"$162,004","$127,397"
,OTHER,,"2,183","$729,639","$575,617"
,TOTAL,,"2,445","$891,644","$703,014"
19160,SG,,"1,209","$596,749","$473,655"
,80'S,,145,"$9,669","$7,735"
,OTHER,,"25,013","$9,765,865","$7,750,686"
,TOTAL,,"26,367","$10,372,283","$8,232,076"
19162,SG,,617,"$591,898","$469,275"
,80'S,,"1,759","$233,341","$185,672"
,OTHER,,"15,896","$12,452,338","$9,891,693"
,TOTAL,,"18,272","$13,277,576","$10,546,640"
19180,SG,,160,"$95,115","$75,967"
,80'S,,"1,577","$138,467","$109,876"
,OTHER,,"13,762","$6,926,838","$5,503,065"
,TOTAL,,"15,499","$7,160,419","$5,688,908"
19182,SG,,81,"$48,973","$39,052"
,80'S,,63,"$4,944","$3,891"
,OTHER,,913,"$422,873","$334,604"
,TOTAL,,"1,057","$476,790","$377,548"
19200,80'S,,73,"$9,654","$7,595"
,OTHER,,489,"$369,436","$292,726"
,TOTAL,,562,"$379,090","$300,320"
19220,80'S,,13,"$2,050","$1,640"
,OTHER,,95,"$79,353","$62,483"
,TOTAL,,108,"$81,402","$64,123"
19240,80'S,,"4,908","$742,421","$589,676"
,OTHER,,"28,327","$24,937,925","$19,828,086"
,TOTAL,,"33,235","$25,680,347","$20,417,762"
19260,SG,,103,"$69,147","$55,180"
,80'S,,51,"$6,549","$5,239"
,OTHER,,614,"$488,409","$385,153"
,TOTAL,,768,"$564,105","$445,572"
19271,80'S,,24,"$4,077","$3,252"
,OTHER,,156,"$155,973","$122,935"
,TOTAL,,180,"$160,049","$126,187"
19272,80'S,,11,"$1,539","$1,231"
,OTHER,,32,"$25,978","$20,782"
,TOTAL,,43,"$27,517","$22,013"
19290,SG,,908,"$150,611","$119,676"
,OTHER,,"68,362","$4,881,591","$3,855,481"
,TOTAL,,"69,270","$5,032,202","$3,975,157"
19291,SG,,60,"$9,870","$7,843"
,OTHER,,"3,867","$155,475","$123,565"
,TOTAL,,"3,927","$165,345","$131,408"
19295,OTHER,,"49,913","$4,837,702","$3,842,063"
,TOTAL,,"49,913","$4,837,702","$3,842,063"
19316,80'S,,15,"$1,219",$975
,OTHER,,659,"$381,350","$301,285"
,TOTAL,,674,"$382,568","$302,260"
19318,SG,,383,"$238,953","$187,696"
,80'S,,356,"$62,339","$48,906"
,OTHER,,"3,513","$3,858,315","$3,041,368"
,TOTAL,,"4,252","$4,159,607","$3,277,970"
19324,OTHER,,7,"$1,934","$1,547"
,TOTAL,,7,"$1,934","$1,547"
19325,80'S,,3,$203,$163
,OTHER,,221,"$91,229","$72,323"
,TOTAL,,224,"$91,433","$72,486"
19328,SG,,160,"$39,555","$31,567"
,OTHER,,"1,113","$337,009","$267,117"
,TOTAL,,"1,273","$376,563","$298,685"
19330,SG,,117,"$27,282","$21,666"
,OTHER,,736,"$265,687","$209,051"
,TOTAL,,853,"$292,970","$230,716"
19340,SG,,104,"$29,556","$23,380"
,OTHER,,592,"$232,528","$184,419"
,TOTAL,,696,"$262,083","$207,799"
19342,SG,,132,"$54,025","$42,521"
,80'S,,6,$676,$541
,OTHER,,"1,214","$874,395","$691,288"
,TOTAL,,"1,352","$929,097","$734,350"
19350,SG,,245,"$133,875","$104,870"
,OTHER,,"1,471","$812,708","$638,119"
,TOTAL,,"1,716","$946,583","$742,989"
19355,OTHER,,34,"$16,782","$13,054"
,TOTAL,,34,"$16,782","$13,054"
19357,SG,,70,"$48,811","$38,006"
,80'S,,147,"$30,540","$24,234"
,OTHER,,"2,212","$2,768,365","$2,177,064"
,TOTAL,,"2,429","$2,847,717","$2,239,305"
19361,80'S,,44,"$7,910","$6,311"
,OTHER,,443,"$489,804","$385,322"
,TOTAL,,487,"$497,713","$391,632"
19364,SG,,4,"$2,953","$2,363"
,80'S,,24,"$9,875","$7,900"
,OTHER,,133,"$315,092","$246,496"
,TOTAL,,161,"$327,921","$256,759"
19366,SG,,24,"$15,266","$12,212"
,80'S,,9,"$1,882","$1,488"
,OTHER,,116,"$136,207","$108,052"
,TOTAL,,149,"$153,355","$121,752"
19367,80'S,,68,"$17,585","$13,919"
,OTHER,,359,"$569,086","$450,515"
,TOTAL,,427,"$586,671","$464,434"
19368,80'S,,2,$722,$578
,OTHER,,12,"$22,959","$18,367"
,TOTAL,,14,"$23,681","$18,945"
19369,80'S,,6,"$1,581","$1,265"
,OTHER,,46,"$76,845","$61,435"
,TOTAL,,52,"$78,426","$62,699"
19370,SG,,110,"$59,832","$47,305"
,OTHER,,764,"$340,224","$269,947"
,TOTAL,,874,"$400,056","$317,252"
19371,SG,,261,"$157,400","$123,348"
,OTHER,,"1,963","$1,029,283","$811,347"
,TOTAL,,"2,224","$1,186,683","$934,695"
19380,SG,,220,"$155,337","$123,251"
,80'S,,1,$97,$78
,OTHER,,"1,476","$796,634","$630,088"
,TOTAL,,"1,697","$952,068","$753,417"
19396,OTHER,,5,$792,$554
,TOTAL,,5,$792,$554
19499,80'S,,2,$205,$164
,OTHER,,593,"$209,606","$165,788"
,TOTAL,,595,"$209,812","$165,952"
20000,OTHER,MUSCULOSKELETAL,"3,662","$514,855","$394,742"
,TOTAL,,"3,662","$514,855","$394,742"
20005,SG,,56,"$22,836","$18,116"
,80'S,,1,$17,$13
,OTHER,,"2,965","$584,754","$459,378"
,TOTAL,,"3,022","$607,607","$477,507"
20100,AS,,1,$70,$56
,80'S,,15,"$1,197",$957
,OTHER,,240,"$114,281","$90,442"
,TOTAL,,256,"$115,548","$91,456"
20101,OTHER,,115,"$17,447","$13,728"
,TOTAL,,115,"$17,447","$13,728"
20102,AS,,9,$243,$194
,80'S,,17,$493,$366
,OTHER,,465,"$89,246","$70,749"
,TOTAL,,491,"$89,982","$71,309"
20103,AS,,3,$128,$103
,80'S,,3,$120,$96
,OTHER,,"1,210","$318,748","$249,969"
,TOTAL,,"1,216","$318,996","$250,167"
20150,80'S,,1,$149,$119
,OTHER,,14,"$4,164","$3,331"
,TOTAL,,15,"$4,313","$3,450"
20200,SG,,49,"$20,041","$15,860"
,OTHER,,"1,189","$90,371","$70,603"
,TOTAL,,"1,238","$110,412","$86,462"
20205,SG,,182,"$89,124","$70,897"
,80'S,,1,$11,$9
,OTHER,,"3,575","$456,527","$358,742"
,TOTAL,,"3,758","$545,663","$429,648"
20206,SG,,19,"$5,212","$4,154"
,OTHER,,"6,261","$443,368","$347,902"
,TOTAL,,"6,280","$448,580","$352,055"
20220,SG,,33,"$8,801","$6,951"
,OTHER,,"7,317","$1,179,238","$934,055"
,TOTAL,,"7,350","$1,188,039","$941,007"
20225,AS,,1,$13,$11
,SG,,45,"$17,689","$14,151"
,80'S,,2,$43,$34
,OTHER,,"15,025","$2,409,455","$1,913,679"
,TOTAL,,"15,073","$2,427,200","$1,927,875"
20240,SG,,62,"$21,730","$17,384"
,OTHER,,"1,339","$323,013","$255,143"
,TOTAL,,"1,401","$344,743","$272,527"
20245,SG,,32,"$14,759","$11,727"
,OTHER,,"1,567","$664,889","$526,445"
,TOTAL,,"1,599","$679,648","$538,172"
20250,AS,,3,$94,$75
,SG,,1,$586,$469
,80'S,,6,$169,$135
,OTHER,,519,"$119,847","$95,805"
,TOTAL,,529,"$120,695","$96,483"
20251,AS,,46,"$2,027","$1,621"
,SG,,2,$894,$715
,80'S,,62,"$2,845","$2,276"
,OTHER,,774,"$222,923","$177,831"
,TOTAL,,884,"$228,689","$182,443"
20500,OTHER,,736,"$114,852","$88,675"
,TOTAL,,736,"$114,852","$88,675"
20501,OTHER,,"8,810","$326,650","$257,630"
,TOTAL,,"8,810","$326,650","$257,630"
20520,OTHER,,"2,664","$519,857","$397,853"
,TOTAL,,"2,664","$519,857","$397,853"
20525,SG,,238,"$111,035","$86,180"
,OTHER,,"1,799","$480,547","$374,719"
,TOTAL,,"2,037","$591,582","$460,899"
20526,OTHER,,"19,848","$1,091,514","$840,420"
,TOTAL,,"19,848","$1,091,514","$840,420"
20550,OTHER,,"908,135","$49,487,245","$37,164,681"
,TOTAL,,"908,135","$49,487,245","$37,164,681"
20551,OTHER,,"75,154","$3,555,654","$2,750,419"
,TOTAL,,"75,154","$3,555,654","$2,750,419"
20552,OTHER,,"197,044","$10,416,113","$8,062,006"
,TOTAL,,"197,044","$10,416,113","$8,062,006"
20553,OTHER,,"55,811","$2,699,878","$2,086,547"
,TOTAL,,"55,811","$2,699,878","$2,086,547"
20600,OTHER,,"338,642","$15,692,425","$11,732,372"
,TOTAL,,"338,642","$15,692,425","$11,732,372"
20605,OTHER,,"417,894","$20,998,348","$15,661,539"
,TOTAL,,"417,894","$20,998,348","$15,661,539"
20610,OTHER,,"3,426,810","$213,397,646","$161,573,844"
,TOTAL,,"3,426,810","$213,397,646","$161,573,844"
20615,OTHER,,"1,662","$391,888","$308,080"
,TOTAL,,"1,662","$391,888","$308,080"
20650,AS,,3,$45,$36
,SG,,176,"$56,226","$44,953"
,OTHER,,"2,679","$361,412","$285,701"
,TOTAL,,"2,858","$417,683","$330,690"
20660,AS,,1,$23,$18
,SG,,21,"$7,558","$5,967"
,OTHER,,"2,714","$418,907","$331,035"
,TOTAL,,"2,736","$426,488","$337,020"
20661,AS,,1,$33,$26
,OTHER,,"1,418","$504,375","$400,082"
,TOTAL,,"1,419","$504,407","$400,108"
20662,SG,,1,$512,$410
,OTHER,,25,"$5,323","$4,091"
,TOTAL,,26,"$5,835","$4,500"
20663,OTHER,,1,$360,$288
,TOTAL,,1,$360,$288
20664,OTHER,,35,"$19,695","$15,756"
,TOTAL,,35,"$19,695","$15,756"
20665,OTHER,,129,"$14,044","$11,016"
,TOTAL,,129,"$14,044","$11,016"
20670,SG,,762,"$209,074","$165,494"
,OTHER,,"14,826","$3,035,683","$2,378,276"
,TOTAL,,"15,588","$3,244,757","$2,543,769"
20680,AS,,262,"$8,744","$6,957"
,SG,,"6,339","$2,826,509","$2,234,964"
,80'S,,235,"$8,422","$6,736"
,OTHER,,"44,046","$10,710,459","$8,440,221"
,TOTAL,,"50,882","$13,554,135","$10,688,879"
20690,AS,,2,$43,$34
,SG,,185,"$49,444","$39,429"
,80'S,,2,$37,$29
,OTHER,,"3,620","$431,878","$342,471"
,TOTAL,,"3,809","$481,402","$381,963"
20692,AS,,57,"$2,083","$1,620"
,80'S,,91,"$3,570","$2,851"
,OTHER,,"1,135","$258,688","$205,065"
,TOTAL,,"1,283","$264,341","$209,537"
20693,OTHER,,537,"$280,206","$222,659"
,TOTAL,,537,"$280,206","$222,659"
20694,SG,,780,"$231,924","$183,735"
,OTHER,,"4,602","$1,557,310","$1,230,950"
,TOTAL,,"5,382","$1,789,234","$1,414,685"
20802,OTHER,,13,"$1,402","$1,122"
,TOTAL,,13,"$1,402","$1,122"
20805,OTHER,,22,"$19,762","$15,712"
,TOTAL,,22,"$19,762","$15,712"
20808,OTHER,,4,"$4,312","$3,370"
,TOTAL,,4,"$4,312","$3,370"
20816,80'S,,1,$621,$497
,OTHER,,16,"$41,829","$33,463"
,TOTAL,,17,"$42,450","$33,960"
20822,OTHER,,19,"$39,311","$31,418"
,TOTAL,,19,"$39,311","$31,418"
20824,OTHER,,3,"$9,951","$7,961"
,TOTAL,,3,"$9,951","$7,961"
20827,AS,,1,$349,$279
,OTHER,,12,"$28,293","$22,634"
,TOTAL,,13,"$28,641","$22,913"
20838,OTHER,,1,"$3,256","$2,605"
,TOTAL,,1,"$3,256","$2,605"
20900,AS,,133,"$4,489","$3,536"
,SG,,129,"$35,770","$28,116"
,80'S,,142,"$5,581","$4,456"
,OTHER,,"1,787","$426,814","$337,869"
,TOTAL,,"2,191","$472,654","$373,977"
20902,AS,,390,"$18,334","$14,578"
,SG,,71,"$27,154","$21,723"
,80'S,,416,"$22,892","$18,225"
,OTHER,,"3,566","$1,249,870","$988,503"
,TOTAL,,"4,443","$1,318,250","$1,043,029"
20910,SG,,6,"$2,175","$1,660"
,OTHER,,62,"$14,608","$11,686"
,TOTAL,,68,"$16,783","$13,346"
20912,SG,,50,"$16,664","$13,251"
,80'S,,4,$264,$211
,OTHER,,415,"$130,106","$103,004"
,TOTAL,,469,"$147,034","$116,467"
20920,SG,,7,"$3,243","$2,594"
,80'S,,1,$74,$59
,OTHER,,121,"$25,443","$20,274"
,TOTAL,,129,"$28,759","$22,928"
20922,AS,,14,$480,$384
,SG,,14,"$4,003","$3,193"
,80'S,,79,"$3,348","$2,678"
,OTHER,,730,"$190,919","$150,811"
,TOTAL,,837,"$198,750","$157,066"
20924,AS,,42,"$1,571","$1,257"
,SG,,57,"$21,376","$16,556"
,80'S,,13,$620,$496
,OTHER,,424,"$112,499","$88,651"
,TOTAL,,536,"$136,066","$106,960"
20926,AS,,1,$33,$27
,SG,,238,"$113,344","$89,472"
,OTHER,,"3,405","$973,574","$772,787"
,TOTAL,,"3,644","$1,086,951","$862,286"
20930,OTHER,,1,$110,$88
,TOTAL,,1,$110,$88
20931,AS,,20,$308,$247
,80'S,,39,$714,$571
,OTHER,,"15,999","$1,739,403","$1,371,678"
,TOTAL,,"16,058","$1,740,425","$1,372,495"
20936,AS,,1,$79,$63
,80'S,,1,$46,$37
,OTHER,,3,$56,$45
,TOTAL,,5,$182,$145
20937,AS,,"3,364","$76,146","$60,655"
,80'S,,"3,742","$100,858","$79,848"
,OTHER,,"19,470","$3,268,613","$2,584,051"
,TOTAL,,"26,576","$3,445,617","$2,724,553"
20938,AS,,822,"$20,419","$16,181"
,80'S,,"1,205","$34,896","$27,750"
,OTHER,,"6,400","$1,162,682","$917,584"
,TOTAL,,"8,427","$1,217,997","$961,515"
20950,OTHER,,312,"$30,169","$23,596"
,TOTAL,,312,"$30,169","$23,596"
20955,AS,,2,$747,$597
,80'S,,13,"$5,221","$4,177"
,OTHER,,125,"$298,228","$234,762"
,TOTAL,,140,"$304,196","$239,536"
20956,AS,,2,$653,$522
,80'S,,16,"$6,943","$5,554"
,OTHER,,71,"$178,359","$142,476"
,TOTAL,,89,"$185,954","$148,552"
20957,80'S,,1,$355,$284
,OTHER,,3,"$4,508","$3,606"
,TOTAL,,4,"$4,863","$3,890"
20962,80'S,,4,"$1,692","$1,026"
,OTHER,,45,"$107,084","$83,619"
,TOTAL,,49,"$108,775","$84,645"
20969,AS,,1,$397,$318
,SG,,1,$613,$491
,80'S,,18,"$10,738","$8,590"
,OTHER,,221,"$623,397","$492,484"
,TOTAL,,241,"$635,146","$501,883"
20970,AS,,1,$362,$289
,80'S,,4,"$1,669","$1,335"
,OTHER,,24,"$51,425","$41,140"
,TOTAL,,29,"$53,455","$42,764"
20972,SG,,1,$298,$238
,OTHER,,3,"$7,330","$5,864"
,TOTAL,,4,"$7,627","$6,102"
20974,OTHER,,"1,487","$60,485","$46,105"
,TOTAL,,"1,487","$60,485","$46,105"
20975,AS,,231,"$4,857","$3,867"
,SG,,9,"$2,403","$1,905"
,80'S,,297,"$7,382","$5,862"
,OTHER,,"1,994","$308,930","$244,783"
,TOTAL,,"2,531","$323,572","$256,417"
20979,OTHER,,103,"$4,833","$3,751"
,TOTAL,,103,"$4,833","$3,751"
20999,AS,,16,$270,$216
,80'S,,2,$126,$101
,OTHER,,402,"$84,587","$67,165"
,TOTAL,,420,"$84,983","$67,483"
21010,SG,,1,$413,$331
,OTHER,,46,"$15,575","$12,394"
,TOTAL,,47,"$15,988","$12,724"
21015,80'S,,1,$32,$26
,OTHER,,"3,560","$1,195,079","$949,990"
,TOTAL,,"3,561","$1,195,111","$950,015"
21025,SG,,26,"$10,219","$7,954"
,OTHER,,"1,156","$604,585","$479,132"
,TOTAL,,"1,182","$614,804","$487,086"
21026,SG,,16,"$5,612","$4,490"
,OTHER,,353,"$108,872","$85,979"
,TOTAL,,369,"$114,484","$90,469"
21029,OTHER,,78,"$35,524","$27,994"
,TOTAL,,78,"$35,524","$27,994"
21030,OTHER,,"1,874","$718,642","$564,529"
,TOTAL,,"1,874","$718,642","$564,529"
21031,OTHER,,"1,138","$220,552","$167,916"
,TOTAL,,"1,138","$220,552","$167,916"
21032,OTHER,,474,"$97,599","$74,353"
,TOTAL,,474,"$97,599","$74,353"
21034,SG,,12,"$5,377","$4,301"
,80'S,,15,"$1,849","$1,479"
,OTHER,,204,"$171,101","$135,814"
,TOTAL,,231,"$178,327","$141,595"
21040,SG,,44,"$17,466","$13,961"
,OTHER,,"1,331","$233,813","$179,942"
,TOTAL,,"1,375","$251,279","$193,903"
21041,SG,,27,"$11,172","$8,937"
,OTHER,,"1,075","$437,451","$345,254"
,TOTAL,,"1,102","$448,623","$354,192"
21044,AS,,3,$256,$205
,SG,,8,"$3,501","$2,801"
,80'S,,27,"$2,325","$1,860"
,OTHER,,300,"$169,915","$134,726"
,TOTAL,,338,"$175,996","$139,591"
21045,AS,,2,$200,$160
,80'S,,47,"$5,531","$4,425"
,OTHER,,298,"$207,407","$165,846"
,TOTAL,,347,"$213,139","$170,431"
21050,SG,,2,$815,$652
,80'S,,3,$257,$206
,OTHER,,42,"$24,806","$19,141"
,TOTAL,,47,"$25,878","$19,998"
21060,80'S,,12,$996,$797
,OTHER,,28,"$16,955","$11,954"
,TOTAL,,40,"$17,952","$12,751"
21070,SG,,3,"$1,302","$1,042"
,80'S,,2,$138,$110
,OTHER,,60,"$25,921","$20,677"
,TOTAL,,65,"$27,361","$21,829"
21076,OTHER,,339,"$260,344","$207,867"
,TOTAL,,339,"$260,344","$207,867"
21077,OTHER,,66,"$137,046","$109,120"
,TOTAL,,66,"$137,046","$109,120"
21079,OTHER,,434,"$551,323","$438,219"
,TOTAL,,434,"$551,323","$438,219"
21080,OTHER,,660,"$890,840","$708,191"
,TOTAL,,660,"$890,840","$708,191"
21081,OTHER,,214,"$293,483","$233,073"
,TOTAL,,214,"$293,483","$233,073"
21082,OTHER,,82,"$84,566","$67,612"
,TOTAL,,82,"$84,566","$67,612"
21083,OTHER,,49,"$59,035","$47,047"
,TOTAL,,49,"$59,035","$47,047"
21084,OTHER,,97,"$121,255","$95,864"
,TOTAL,,97,"$121,255","$95,864"
21085,OTHER,,824,"$407,126","$322,146"
,TOTAL,,824,"$407,126","$322,146"
21086,OTHER,,60,"$92,122","$73,348"
,TOTAL,,60,"$92,122","$73,348"
21087,OTHER,,182,"$261,240","$205,971"
,TOTAL,,182,"$261,240","$205,971"
21088,OTHER,,33,"$149,592","$119,673"
,TOTAL,,33,"$149,592","$119,673"
21089,OTHER,,939,"$533,037","$425,012"
,TOTAL,,939,"$533,037","$425,012"
21100,SG,,1,$415,$332
,OTHER,,30,"$3,661","$2,911"
,TOTAL,,31,"$4,076","$3,243"
21110,OTHER,,461,"$146,770","$116,056"
,TOTAL,,461,"$146,770","$116,056"
21116,OTHER,,139,"$19,343","$14,906"
,TOTAL,,139,"$19,343","$14,906"
21120,OTHER,,9,"$1,719","$1,361"
,TOTAL,,9,"$1,719","$1,361"
21121,80'S,,7,$531,$415
,OTHER,,18,"$6,298","$5,038"
,TOTAL,,25,"$6,829","$5,454"
21122,OTHER,,5,"$2,108","$1,686"
,TOTAL,,5,"$2,108","$1,686"
21123,OTHER,,6,"$1,636","$1,309"
,TOTAL,,6,"$1,636","$1,309"
21125,80'S,,7,$734,$588
,OTHER,,62,"$12,622","$10,040"
,TOTAL,,69,"$13,357","$10,627"
21127,80'S,,2,$155,$124
,OTHER,,10,"$5,605","$4,484"
,TOTAL,,12,"$5,759","$4,608"
21137,OTHER,,2,"$1,313","$1,050"
,TOTAL,,2,"$1,313","$1,050"
21138,80'S,,2,$127,$101
,OTHER,,2,$792,$634
,TOTAL,,4,$919,$735
21139,OTHER,,2,"$1,603","$1,282"
,TOTAL,,2,"$1,603","$1,282"
21141,80'S,,2,$161,$129
,OTHER,,25,"$17,666","$14,053"
,TOTAL,,27,"$17,827","$14,181"
21142,OTHER,,14,"$5,756","$4,605"
,TOTAL,,14,"$5,756","$4,605"
21143,OTHER,,1,$536,$429
,TOTAL,,1,$536,$429
21145,80'S,,2,$371,$297
,OTHER,,15,"$15,898","$12,718"
,TOTAL,,17,"$16,269","$13,015"
21146,OTHER,,3,"$3,534","$2,308"
,TOTAL,,3,"$3,534","$2,308"
21147,OTHER,,1,$936,$749
,TOTAL,,1,$936,$749
21150,OTHER,,3,"$3,448","$2,741"
,TOTAL,,3,"$3,448","$2,741"
21151,OTHER,,1,"$2,067","$1,654"
,TOTAL,,1,"$2,067","$1,654"
21154,OTHER,,2,"$3,520","$2,816"
,TOTAL,,2,"$3,520","$2,816"
21159,OTHER,,1,"$1,371","$1,097"
,TOTAL,,1,"$1,371","$1,097"
21160,OTHER,,3,$846,$677
,TOTAL,,3,$846,$677
21172,AS,,1,$220,$159
,80'S,,3,$685,$548
,OTHER,,41,"$46,400","$36,991"
,TOTAL,,45,"$47,306","$37,697"
21175,AS,,1,$235,$188
,OTHER,,2,"$4,226","$3,381"
,TOTAL,,3,"$4,461","$3,569"
21179,80'S,,8,"$1,274","$1,019"
,OTHER,,24,"$31,335","$24,701"
,TOTAL,,32,"$32,609","$25,721"
21180,OTHER,,5,"$5,128","$4,102"
,TOTAL,,5,"$5,128","$4,102"
21181,OTHER,,12,"$7,233","$5,787"
,TOTAL,,12,"$7,233","$5,787"
21182,80'S,,2,$602,$482
,OTHER,,24,"$38,468","$30,775"
,TOTAL,,26,"$39,071","$31,256"
21183,OTHER,,2,"$4,548","$3,638"
,TOTAL,,2,"$4,548","$3,638"
21184,OTHER,,4,"$8,037","$6,430"
,TOTAL,,4,"$8,037","$6,430"
21188,OTHER,,10,"$15,057","$12,046"
,TOTAL,,10,"$15,057","$12,046"
21193,80'S,,6,$791,$511
,OTHER,,31,"$26,429","$20,756"
,TOTAL,,37,"$27,219","$21,267"
21194,AS,,1,$170,$136
,80'S,,1,$211,$169
,OTHER,,19,"$16,650","$13,320"
,TOTAL,,21,"$17,031","$13,625"
21195,80'S,,2,$250,$200
,OTHER,,7,"$5,113","$3,681"
,TOTAL,,9,"$5,363","$3,881"
21196,80'S,,19,"$2,303","$1,843"
,OTHER,,116,"$95,668","$74,726"
,TOTAL,,135,"$97,972","$76,568"
21198,AS,,1,$71,$57
,80'S,,19,"$1,855","$1,484"
,OTHER,,199,"$129,637","$102,024"
,TOTAL,,219,"$131,563","$103,565"
21199,80'S,,5,$751,$601
,OTHER,,59,"$32,314","$25,773"
,TOTAL,,64,"$33,065","$26,373"
21206,SG,,1,$703,$563
,80'S,,1,$66,$53
,OTHER,,46,"$26,466","$20,975"
,TOTAL,,48,"$27,235","$21,591"
21208,SG,,13,"$13,614","$10,852"
,80'S,,2,$101,$81
,OTHER,,94,"$46,340","$36,814"
,TOTAL,,109,"$60,056","$47,747"
21209,SG,,3,"$2,179","$1,743"
,80'S,,4,$149,$119
,OTHER,,41,"$12,655","$9,903"
,TOTAL,,48,"$14,982","$11,764"
21210,SG,,24,"$23,658","$18,924"
,OTHER,,512,"$322,971","$255,559"
,TOTAL,,536,"$346,629","$274,483"
21215,SG,,9,"$8,788","$7,031"
,OTHER,,375,"$223,097","$176,367"
,TOTAL,,384,"$231,885","$183,398"
21230,SG,,2,"$1,438","$1,150"
,80'S,,1,$120,$96
,OTHER,,63,"$40,186","$32,009"
,TOTAL,,66,"$41,743","$33,255"
21235,SG,,300,"$285,170","$227,445"
,OTHER,,"2,003","$698,878","$554,658"
,TOTAL,,"2,303","$984,048","$782,103"
21240,AS,,1,$68,$55
,SG,,4,"$2,186","$1,749"
,80'S,,26,"$3,922","$2,997"
,OTHER,,150,"$155,174","$120,401"
,TOTAL,,181,"$161,350","$125,201"
21242,SG,,1,$690,$497
,OTHER,,15,"$14,431","$11,545"
,TOTAL,,16,"$15,121","$12,042"
21243,80'S,,14,"$2,699","$2,159"
,OTHER,,54,"$66,288","$51,038"
,TOTAL,,68,"$68,987","$53,198"
21244,AS,,1,$102,$81
,80'S,,19,"$1,768","$1,415"
,OTHER,,228,"$116,846","$92,781"
,TOTAL,,248,"$118,716","$94,277"
21245,SG,,2,"$1,908","$1,526"
,80'S,,5,$465,$372
,OTHER,,34,"$16,438","$13,151"
,TOTAL,,41,"$18,811","$15,049"
21246,SG,,1,$896,$717
,OTHER,,17,"$9,556","$7,252"
,TOTAL,,18,"$10,452","$7,969"
21247,80'S,,1,$129,$103
,OTHER,,17,"$22,216","$17,773"
,TOTAL,,18,"$22,345","$17,876"
21248,SG,,10,"$7,911","$6,329"
,OTHER,,293,"$174,608","$137,217"
,TOTAL,,303,"$182,518","$143,545"
21249,SG,,2,"$1,971","$1,577"
,OTHER,,110,"$88,659","$70,439"
,TOTAL,,112,"$90,630","$72,015"
21255,80'S,,1,$83,$66
,OTHER,,3,"$2,023","$1,619"
,TOTAL,,4,"$2,106","$1,685"
21256,80'S,,1,$85,$68
,OTHER,,17,"$13,460","$10,760"
,TOTAL,,18,"$13,546","$10,829"
21260,OTHER,,17,"$4,912","$3,729"
,TOTAL,,17,"$4,912","$3,729"
21261,OTHER,,1,$80,$64
,TOTAL,,1,$80,$64
21267,SG,,1,$998,$798
,OTHER,,16,"$19,469","$15,575"
,TOTAL,,17,"$20,467","$16,374"
21268,OTHER,,2,"$2,955","$2,364"
,TOTAL,,2,"$2,955","$2,364"
21270,AS,,1,$100,$80
,80'S,,3,$316,$253
,OTHER,,32,"$19,128","$15,302"
,TOTAL,,36,"$19,544","$15,635"
21275,OTHER,,23,"$17,542","$13,836"
,TOTAL,,23,"$17,542","$13,836"
21280,SG,,146,"$96,150","$76,788"
,OTHER,,383,"$106,776","$84,995"
,TOTAL,,529,"$202,926","$161,783"
21282,SG,,411,"$272,428","$217,196"
,OTHER,,"1,210","$242,424","$192,756"
,TOTAL,,"1,621","$514,852","$409,952"
21295,OTHER,,6,$929,$735
,TOTAL,,6,$929,$735
21296,OTHER,,2,$300,$240
,TOTAL,,2,$300,$240
21299,80'S,,3,$418,$334
,OTHER,,359,"$141,105","$111,491"
,TOTAL,,362,"$141,522","$111,825"
21300,OTHER,,36,"$1,760","$1,396"
,TOTAL,,36,"$1,760","$1,396"
21310,SG,,13,"$4,985","$3,988"
,OTHER,,"2,320","$70,442","$55,214"
,TOTAL,,"2,333","$75,427","$59,202"
21315,SG,,21,"$8,350","$6,419"
,OTHER,,451,"$52,060","$40,276"
,TOTAL,,472,"$60,411","$46,694"
21320,SG,,152,"$58,690","$46,169"
,OTHER,,"1,286","$182,967","$143,707"
,TOTAL,,"1,438","$241,657","$189,876"
21325,SG,,17,"$10,179","$8,064"
,OTHER,,947,"$87,277","$67,155"
,TOTAL,,964,"$97,457","$75,218"
21330,SG,,15,"$9,697","$7,677"
,80'S,,1,$34,$27
,OTHER,,124,"$38,652","$30,677"
,TOTAL,,140,"$48,382","$38,381"
21335,SG,,96,"$84,252","$67,266"
,OTHER,,445,"$243,834","$191,970"
,TOTAL,,541,"$328,086","$259,236"
21336,OTHER,,106,"$37,831","$30,211"
,TOTAL,,106,"$37,831","$30,211"
21337,SG,,18,"$7,568","$6,021"
,80'S,,2,$59,$47
,OTHER,,275,"$56,584","$44,695"
,TOTAL,,295,"$64,211","$50,763"
21338,80'S,,1,$71,$57
,OTHER,,28,"$7,352","$5,882"
,TOTAL,,29,"$7,424","$5,939"
21339,OTHER,,13,"$4,243","$3,394"
,TOTAL,,13,"$4,243","$3,394"
21340,SG,,2,$917,$733
,OTHER,,14,"$5,642","$4,514"
,TOTAL,,16,"$6,558","$5,247"
21343,SG,,1,$335,$268
,80'S,,1,$61,$49
,OTHER,,20,"$14,042","$11,233"
,TOTAL,,22,"$14,439","$11,551"
21344,AS,,1,$163,$130
,80'S,,8,"$1,485","$1,188"
,OTHER,,49,"$53,545","$42,101"
,TOTAL,,58,"$55,193","$43,419"
21345,OTHER,,15,"$8,602","$6,637"
,TOTAL,,15,"$8,602","$6,637"
21346,OTHER,,41,"$27,707","$21,666"
,TOTAL,,41,"$27,707","$21,666"
21347,80'S,,4,$414,$331
,OTHER,,62,"$37,091","$29,660"
,TOTAL,,66,"$37,504","$29,991"
21348,OTHER,,9,"$9,468","$7,574"
,TOTAL,,9,"$9,468","$7,574"
21355,SG,,2,$716,$573
,OTHER,,54,"$8,591","$6,793"
,TOTAL,,56,"$9,307","$7,365"
21356,OTHER,,102,"$23,832","$18,906"
,TOTAL,,102,"$23,832","$18,906"
21360,SG,,6,"$3,770","$3,016"
,80'S,,6,$325,$260
,OTHER,,124,"$42,922","$33,701"
,TOTAL,,136,"$47,017","$36,977"
21365,AS,,1,$132,$106
,SG,,8,"$5,657","$4,526"
,80'S,,40,"$6,096","$4,797"
,OTHER,,508,"$480,178","$378,765"
,TOTAL,,557,"$492,063","$388,193"
21366,80'S,,1,$182,$145
,OTHER,,14,"$14,271","$11,417"
,TOTAL,,15,"$14,453","$11,562"
21385,AS,,1,$44,$35
,80'S,,2,$154,$123
,OTHER,,39,"$20,467","$16,343"
,TOTAL,,42,"$20,664","$16,501"
21386,SG,,5,"$3,488","$2,790"
,80'S,,3,$256,$205
,OTHER,,95,"$44,987","$35,640"
,TOTAL,,103,"$48,732","$38,635"
21387,SG,,2,"$1,345","$1,076"
,80'S,,4,$250,$200
,OTHER,,40,"$19,849","$15,879"
,TOTAL,,46,"$21,445","$17,156"
21390,AS,,1,$100,$80
,SG,,54,"$51,109","$40,169"
,80'S,,40,"$4,256","$3,325"
,OTHER,,507,"$322,403","$254,570"
,TOTAL,,602,"$377,868","$298,144"
21395,SG,,1,$971,$777
,80'S,,1,$121,$97
,OTHER,,40,"$25,409","$20,327"
,TOTAL,,42,"$26,501","$21,201"
21400,OTHER,,91,"$8,596","$6,708"
,TOTAL,,91,"$8,596","$6,708"
21401,OTHER,,6,"$1,240",$992
,TOTAL,,6,"$1,240",$992
21406,SG,,6,"$3,696","$2,957"
,80'S,,7,$324,$260
,OTHER,,80,"$28,870","$22,930"
,TOTAL,,93,"$32,890","$26,146"
21407,SG,,7,"$4,488","$3,590"
,80'S,,13,$920,$736
,OTHER,,119,"$46,757","$37,405"
,TOTAL,,139,"$52,165","$41,732"
21408,OTHER,,12,"$7,420","$5,936"
,TOTAL,,12,"$7,420","$5,936"
21421,OTHER,,45,"$15,920","$12,531"
,TOTAL,,45,"$15,920","$12,531"
21422,SG,,2,"$1,046",$837
,80'S,,13,$848,$678
,OTHER,,123,"$49,541","$38,852"
,TOTAL,,138,"$51,435","$40,367"
21423,80'S,,6,$447,$358
,OTHER,,70,"$36,510","$28,673"
,TOTAL,,76,"$36,957","$29,031"
21431,OTHER,,2,$826,$634
,TOTAL,,2,$826,$634
21432,80'S,,2,$98,$79
,OTHER,,14,"$5,908","$4,726"
,TOTAL,,16,"$6,006","$4,805"
21433,80'S,,4,"$1,046",$837
,OTHER,,28,"$43,504","$33,879"
,TOTAL,,32,"$44,550","$34,716"
21435,80'S,,3,$290,$232
,OTHER,,19,"$19,009","$15,207"
,TOTAL,,22,"$19,299","$15,439"
21436,OTHER,,2,"$2,620",$943
,TOTAL,,2,"$2,620",$943
21440,SG,,1,$477,$382
,OTHER,,137,"$33,516","$26,292"
,TOTAL,,138,"$33,994","$26,674"
21445,80'S,,1,$29,$23
,OTHER,,61,"$21,143","$16,225"
,TOTAL,,62,"$21,172","$16,248"
21450,OTHER,,145,"$36,235","$28,819"
,TOTAL,,145,"$36,235","$28,819"
21451,SG,,1,$609,$487
,OTHER,,88,"$28,729","$22,574"
,TOTAL,,89,"$29,338","$23,062"
21452,80'S,,1,$32,$26
,OTHER,,33,"$3,606","$2,839"
,TOTAL,,34,"$3,639","$2,865"
21453,SG,,2,$991,$793
,80'S,,1,$85,$68
,OTHER,,338,"$141,123","$111,498"
,TOTAL,,341,"$142,200","$112,359"
21454,OTHER,,35,"$12,913","$10,330"
,TOTAL,,35,"$12,913","$10,330"
21461,SG,,2,"$1,218",$974
,80'S,,15,"$1,411","$1,129"
,OTHER,,217,"$109,563","$86,400"
,TOTAL,,234,"$112,191","$88,503"
21462,SG,,7,"$4,022","$3,218"
,80'S,,17,"$1,733","$1,378"
,OTHER,,421,"$169,040","$133,895"
,TOTAL,,445,"$174,795","$138,491"
21465,80'S,,1,$126,$101
,OTHER,,26,"$16,616","$12,928"
,TOTAL,,27,"$16,743","$13,029"
21470,AS,,1,$130,$104
,SG,,1,$707,$565
,80'S,,38,"$6,450","$5,160"
,OTHER,,496,"$422,390","$336,534"
,TOTAL,,536,"$429,676","$342,363"
21480,SG,,2,$464,$371
,OTHER,,"1,314","$55,728","$42,441"
,TOTAL,,"1,316","$56,192","$42,812"
21485,SG,,4,"$1,734","$1,387"
,OTHER,,459,"$94,896","$74,513"
,TOTAL,,463,"$96,630","$75,900"
21490,OTHER,,24,"$11,404","$9,082"
,TOTAL,,24,"$11,404","$9,082"
21493,OTHER,,1,$192,$153
,TOTAL,,1,$192,$153
21494,OTHER,,1,$313,$171
,TOTAL,,1,$313,$171
21495,OTHER,,7,"$2,004","$1,604"
,TOTAL,,7,"$2,004","$1,604"
21497,OTHER,,29,"$6,369","$5,095"
,TOTAL,,29,"$6,369","$5,095"
21499,AS,,1,$84,$67
,OTHER,,122,"$41,890","$33,063"
,TOTAL,,123,"$41,974","$33,130"
21501,SG,,53,"$22,101","$17,365"
,OTHER,,"3,122","$737,027","$583,814"
,TOTAL,,"3,175","$759,127","$601,179"
21502,AS,,1,$34,$27
,SG,,1,$424,$339
,80'S,,4,$272,$218
,OTHER,,52,"$20,981","$16,440"
,TOTAL,,58,"$21,711","$17,024"
21510,SG,,2,$966,$773
,OTHER,,90,"$36,993","$29,594"
,TOTAL,,92,"$37,959","$30,367"
21550,SG,,124,"$35,960","$28,654"
,OTHER,,"3,577","$463,167","$360,636"
,TOTAL,,"3,701","$499,127","$389,290"
21555,SG,,827,"$326,955","$258,590"
,80'S,,1,$45,$36
,OTHER,,"6,544","$1,593,334","$1,247,120"
,TOTAL,,"7,372","$1,920,335","$1,505,746"
21556,SG,,686,"$276,710","$218,733"
,80'S,,3,$145,$116
,OTHER,,"5,354","$1,665,918","$1,312,452"
,TOTAL,,"6,043","$1,942,773","$1,531,302"
21557,AS,,24,"$1,660","$1,312"
,80'S,,128,"$11,109","$8,887"
,OTHER,,"1,691","$918,784","$731,339"
,TOTAL,,"1,843","$931,553","$741,538"
21600,AS,,26,"$1,368","$1,094"
,SG,,3,"$1,295","$1,036"
,80'S,,79,"$4,233","$3,280"
,OTHER,,753,"$267,827","$212,946"
,TOTAL,,861,"$274,723","$218,357"
21610,AS,,3,$201,$161
,SG,,1,$424,$340
,80'S,,4,$479,$383
,OTHER,,38,"$15,737","$11,914"
,TOTAL,,46,"$16,842","$12,797"
21615,AS,,3,$291,$233
,80'S,,34,"$3,420","$2,736"
,OTHER,,106,"$60,381","$46,190"
,TOTAL,,143,"$64,092","$49,159"
21616,OTHER,,3,"$2,430","$1,944"
,TOTAL,,3,"$2,430","$1,944"
21620,AS,,26,"$1,326","$1,060"
,SG,,3,"$1,067",$797
,80'S,,47,"$2,461","$1,969"
,OTHER,,417,"$160,270","$127,083"
,TOTAL,,493,"$165,124","$130,909"
21627,AS,,305,"$25,993","$20,762"
,80'S,,181,"$16,660","$13,145"
,OTHER,,"3,415","$1,823,983","$1,450,263"
,TOTAL,,"3,901","$1,866,636","$1,484,169"
21630,AS,,25,"$3,843","$3,074"
,80'S,,73,"$13,983","$11,110"
,OTHER,,573,"$643,969","$512,649"
,TOTAL,,671,"$661,795","$526,833"
21632,AS,,13,"$1,004",$803
,80'S,,11,"$1,254","$1,003"
,OTHER,,75,"$50,162","$40,130"
,TOTAL,,99,"$52,420","$41,936"
21700,AS,,9,$337,$270
,80'S,,19,$836,$666
,OTHER,,198,"$28,805","$21,321"
,TOTAL,,226,"$29,979","$22,257"
21705,AS,,3,$172,$138
,80'S,,11,$578,$451
,OTHER,,20,"$7,396","$5,917"
,TOTAL,,34,"$8,146","$6,505"
21720,AS,,1,$28,$22
,SG,,1,$460,$368
,80'S,,1,$30,
,OTHER,,34,"$8,959","$7,064"
,TOTAL,,37,"$9,477","$7,455"
21725,AS,,1,$71,$57
,OTHER,,2,$608,$486
,TOTAL,,3,$678,$543
21740,AS,,2,$183,$146
,80'S,,2,$288,$231
,OTHER,,17,"$15,206","$12,165"
,TOTAL,,21,"$15,677","$12,542"
21750,AS,,417,"$38,536","$30,774"
,80'S,,191,"$20,732","$16,535"
,OTHER,,"2,445","$1,443,055","$1,148,022"
,TOTAL,,"3,053","$1,502,322","$1,195,332"
21800,OTHER,,"13,910","$952,662","$730,083"
,TOTAL,,"13,910","$952,662","$730,083"
21805,OTHER,,34,"$5,256","$3,649"
,TOTAL,,34,"$5,256","$3,649"
21810,80'S,,1,$87,$69
,OTHER,,11,"$3,512","$2,809"
,TOTAL,,12,"$3,598","$2,879"
21820,OTHER,,188,"$19,505","$14,777"
,TOTAL,,188,"$19,505","$14,777"
21825,AS,,10,$612,$489
,80'S,,6,$548,$438
,OTHER,,104,"$51,957","$41,424"
,TOTAL,,120,"$53,117","$42,351"
21899,80'S,,3,$220,$176
,OTHER,,182,"$71,899","$57,519"
,TOTAL,,185,"$72,120","$57,696"
21920,SG,,58,"$16,631","$13,305"
,OTHER,,"1,434","$204,653","$158,030"
,TOTAL,,"1,492","$221,284","$171,335"
21925,SG,,55,"$20,807","$16,645"
,OTHER,,773,"$264,378","$207,467"
,TOTAL,,828,"$285,185","$224,112"
21930,SG,,919,"$359,222","$282,917"
,OTHER,,"7,211","$1,945,321","$1,525,646"
,TOTAL,,"8,130","$2,304,543","$1,808,563"
21935,SG,,69,"$33,058","$26,447"
,80'S,,1,$189,$151
,OTHER,,"1,245","$1,451,979","$1,150,180"
,TOTAL,,"1,315","$1,485,227","$1,176,778"
22100,AS,,3,$240,$192
,SG,,1,$474,$379
,80'S,,8,$598,$479
,OTHER,,60,"$31,545","$24,752"
,TOTAL,,72,"$32,857","$25,801"
22101,AS,,1,$45,$36
,SG,,1,$237,$189
,80'S,,8,$659,$527
,OTHER,,69,"$37,601","$30,081"
,TOTAL,,79,"$38,542","$30,833"
22102,AS,,5,$436,$349
,SG,,76,"$38,986","$31,189"
,80'S,,12,$887,$709
,OTHER,,203,"$125,443","$99,397"
,TOTAL,,296,"$165,751","$131,643"
22103,AS,,3,$55,$28
,SG,,72,"$20,951","$16,380"
,80'S,,17,$406,$325
,OTHER,,215,"$26,727","$21,342"
,TOTAL,,307,"$48,139","$38,075"
22110,AS,,9,$912,$729
,80'S,,10,"$1,392","$1,114"
,OTHER,,82,"$56,565","$45,252"
,TOTAL,,101,"$58,869","$47,095"
22112,AS,,2,$119,$95
,80'S,,6,$805,$644
,OTHER,,30,"$18,491","$14,270"
,TOTAL,,38,"$19,415","$15,009"
22114,AS,,11,$683,$546
,80'S,,39,"$3,530","$2,662"
,OTHER,,109,"$64,788","$50,814"
,TOTAL,,159,"$69,001","$54,022"
22116,AS,,18,$333,$251
,80'S,,34,$758,$573
,OTHER,,129,"$17,463","$13,760"
,TOTAL,,181,"$18,555","$14,584"
22210,AS,,12,"$2,551","$2,041"
,80'S,,39,"$9,671","$7,580"
,OTHER,,157,"$241,785","$189,675"
,TOTAL,,208,"$254,007","$199,296"
22212,AS,,7,$764,$612
,80'S,,19,"$2,757","$2,127"
,OTHER,,90,"$69,091","$54,638"
,TOTAL,,116,"$72,612","$57,377"
22214,AS,,103,"$11,183","$8,766"
,80'S,,148,"$20,642","$16,471"
,OTHER,,538,"$479,012","$378,100"
,TOTAL,,789,"$510,837","$403,337"
22216,AS,,113,"$5,463","$4,284"
,80'S,,225,"$13,402","$10,589"
,OTHER,,870,"$324,414","$254,754"
,TOTAL,,"1,208","$343,279","$269,628"
22220,AS,,8,"$1,522","$1,218"
,80'S,,21,"$4,445","$3,527"
,OTHER,,100,"$96,344","$74,162"
,TOTAL,,129,"$102,310","$78,906"
22222,AS,,3,$359,$287
,80'S,,5,$948,$651
,OTHER,,60,"$27,899","$21,117"
,TOTAL,,68,"$29,206","$22,056"
22224,AS,,15,"$2,334","$1,867"
,80'S,,37,"$6,856","$5,380"
,OTHER,,142,"$150,372","$119,367"
,TOTAL,,194,"$159,562","$126,614"
22226,AS,,17,$831,$665
,80'S,,56,"$3,643","$2,799"
,OTHER,,180,"$68,363","$54,400"
,TOTAL,,253,"$72,837","$57,864"
22305,OTHER,,"3,047","$504,995","$395,980"
,TOTAL,,"3,047","$504,995","$395,980"
22310,OTHER,,"9,440","$2,231,773","$1,762,156"
,TOTAL,,"9,440","$2,231,773","$1,762,156"
22315,OTHER,,"1,007","$653,715","$520,825"
,TOTAL,,"1,007","$653,715","$520,825"
22318,AS,,40,"$7,710","$6,023"
,80'S,,61,"$13,591","$10,873"
,OTHER,,291,"$392,082","$310,191"
,TOTAL,,392,"$413,384","$327,086"
22319,80'S,,1,$265,$212
,OTHER,,10,"$14,856","$11,885"
,TOTAL,,11,"$15,121","$12,097"
22325,AS,,235,"$31,799","$25,433"
,80'S,,248,"$39,277","$31,012"
,OTHER,,"1,884","$1,960,300","$1,558,570"
,TOTAL,,"2,367","$2,031,376","$1,615,014"
22326,AS,,51,"$8,822","$7,058"
,80'S,,101,"$19,938","$15,929"
,OTHER,,472,"$549,143","$437,535"
,TOTAL,,624,"$577,902","$460,521"
22327,AS,,157,"$26,462","$21,141"
,SG,,1,$478,$382
,80'S,,148,"$28,177","$22,132"
,OTHER,,"1,400","$1,736,473","$1,382,336"
,TOTAL,,"1,706","$1,791,591","$1,425,991"
22328,AS,,90,"$3,266","$2,607"
,80'S,,129,"$5,542","$4,434"
,OTHER,,896,"$241,628","$192,461"
,TOTAL,,"1,115","$250,437","$199,502"
22505,SG,,39,"$16,620","$13,275"
,OTHER,,454,"$78,575","$62,392"
,TOTAL,,493,"$95,196","$75,667"
22520,AS,,1,$74,$59
,80'S,,2,$32,$26
,OTHER,,"9,734","$4,654,036","$3,711,133"
,TOTAL,,"9,737","$4,654,143","$3,711,219"
22521,OTHER,,"9,604","$4,142,143","$3,302,381"
,TOTAL,,"9,604","$4,142,143","$3,302,381"
22522,OTHER,,"6,058","$1,347,643","$1,074,694"
,TOTAL,,"6,058","$1,347,643","$1,074,694"
22548,AS,,8,"$1,768","$1,414"
,80'S,,9,"$2,464","$1,971"
,OTHER,,80,"$120,631","$96,381"
,TOTAL,,97,"$124,863","$99,766"
22554,AS,,"3,753","$334,115","$265,032"
,80'S,,"4,149","$475,403","$374,848"
,OTHER,,"20,492","$13,744,678","$10,801,439"
,TOTAL,,"28,394","$14,554,196","$11,441,319"
22556,AS,,57,"$8,946","$7,157"
,80'S,,151,"$27,539","$22,032"
,OTHER,,945,"$973,086","$774,458"
,TOTAL,,"1,153","$1,009,572","$803,647"
22558,AS,,260,"$42,926","$33,660"
,80'S,,513,"$101,549","$79,939"
,OTHER,,"4,594","$4,139,143","$3,251,119"
,TOTAL,,"5,367","$4,283,618","$3,364,718"
22585,AS,,"2,937","$131,095","$104,415"
,80'S,,"3,633","$192,445","$151,807"
,OTHER,,"18,112","$5,761,912","$4,541,185"
,TOTAL,,"24,682","$6,085,452","$4,797,407"
22590,AS,,47,"$8,250","$6,520"
,80'S,,84,"$18,274","$14,619"
,OTHER,,473,"$597,044","$477,204"
,TOTAL,,604,"$623,568","$498,343"
22595,AS,,120,"$19,436","$15,512"
,80'S,,206,"$39,672","$31,359"
,OTHER,,896,"$1,013,241","$806,395"
,TOTAL,,"1,222","$1,072,349","$853,267"
22600,AS,,501,"$48,381","$38,395"
,80'S,,776,"$91,758","$73,094"
,OTHER,,"3,733","$2,609,984","$2,064,427"
,TOTAL,,"5,010","$2,750,123","$2,175,917"
22610,AS,,212,"$22,856","$18,137"
,80'S,,336,"$40,724","$32,337"
,OTHER,,"1,554","$1,158,105","$922,094"
,TOTAL,,"2,102","$1,221,684","$972,568"
22612,AS,,"7,238","$1,196,455","$951,743"
,80'S,,"8,387","$1,657,046","$1,311,234"
,OTHER,,"33,758","$41,451,718","$32,772,874"
,TOTAL,,"49,383","$44,305,220","$35,035,851"
22614,AS,,"7,727","$405,440","$323,322"
,80'S,,"10,130","$629,085","$499,601"
,OTHER,,"43,122","$16,585,186","$13,168,527"
,TOTAL,,"60,979","$17,619,711","$13,991,450"
22630,AS,,"2,135","$392,507","$311,708"
,80'S,,"2,452","$526,500","$415,525"
,OTHER,,"9,172","$12,117,539","$9,566,332"
,TOTAL,,"13,759","$13,036,546","$10,293,565"
22632,AS,,691,"$28,978","$22,967"
,80'S,,875,"$43,234","$34,374"
,OTHER,,"3,300","$1,004,039","$793,955"
,TOTAL,,"4,866","$1,076,251","$851,295"
22800,AS,,68,"$9,364","$7,491"
,80'S,,123,"$20,259","$16,207"
,OTHER,,533,"$529,198","$422,712"
,TOTAL,,724,"$558,821","$446,410"
22802,AS,,50,"$12,864","$10,291"
,80'S,,118,"$38,092","$30,035"
,OTHER,,392,"$770,085","$607,779"
,TOTAL,,560,"$821,041","$648,104"
22804,AS,,16,"$4,961","$3,969"
,80'S,,30,"$11,800","$9,440"
,OTHER,,151,"$336,992","$269,446"
,TOTAL,,197,"$353,754","$282,855"
22808,AS,,12,"$2,375","$1,900"
,80'S,,52,"$12,617","$9,893"
,OTHER,,231,"$322,042","$255,047"
,TOTAL,,295,"$337,034","$266,840"
22810,AS,,9,"$2,019","$1,615"
,80'S,,40,"$11,650","$9,094"
,OTHER,,191,"$276,095","$219,588"
,TOTAL,,240,"$289,764","$230,297"
22812,AS,,3,$869,$695
,80'S,,7,"$2,172","$1,738"
,OTHER,,44,"$64,238","$50,691"
,TOTAL,,54,"$67,279","$53,124"
22818,80'S,,13,"$4,109","$3,034"
,OTHER,,41,"$77,927","$61,245"
,TOTAL,,54,"$82,036","$64,279"
22819,AS,,1,$320,$256
,80'S,,2,$652,$522
,OTHER,,12,"$23,696","$17,462"
,TOTAL,,15,"$24,668","$18,240"
22830,AS,,265,"$18,951","$14,960"
,80'S,,376,"$31,527","$25,009"
,OTHER,,"1,863","$932,490","$736,399"
,TOTAL,,"2,504","$982,968","$776,368"
22840,AS,,"2,567","$257,404","$204,437"
,80'S,,"2,696","$317,485","$251,386"
,OTHER,,"11,100","$8,045,399","$6,345,999"
,TOTAL,,"16,363","$8,620,288","$6,801,822"
22842,AS,,"4,784","$429,538","$342,361"
,80'S,,"5,621","$678,360","$537,670"
,OTHER,,"22,500","$16,866,755","$13,369,668"
,TOTAL,,"32,905","$17,974,653","$14,249,699"
22843,AS,,173,"$18,917","$15,133"
,80'S,,329,"$42,974","$34,121"
,OTHER,,"1,340","$1,086,197","$863,132"
,TOTAL,,"1,842","$1,148,088","$912,387"
22844,AS,,24,"$3,172","$2,537"
,80'S,,57,"$9,375","$7,500"
,OTHER,,192,"$191,794","$153,435"
,TOTAL,,273,"$204,341","$163,473"
22845,AS,,"3,035","$293,681","$233,000"
,80'S,,"3,483","$400,929","$315,256"
,OTHER,,"16,513","$11,759,498","$9,241,826"
,TOTAL,,"23,031","$12,454,108","$9,790,082"
22846,AS,,493,"$49,595","$39,310"
,80'S,,607,"$73,074","$58,001"
,OTHER,,"2,653","$1,978,008","$1,560,173"
,TOTAL,,"3,753","$2,100,676","$1,657,484"
22847,AS,,1,$105,$84
,80'S,,9,"$1,218",$975
,OTHER,,25,"$19,391","$15,512"
,TOTAL,,35,"$20,714","$16,571"
22848,AS,,25,"$1,210",$968
,80'S,,63,"$3,690","$2,929"
,OTHER,,176,"$65,143","$51,263"
,TOTAL,,264,"$70,044","$55,160"
22849,AS,,105,"$14,140","$11,077"
,80'S,,193,"$29,821","$23,273"
,OTHER,,641,"$597,784","$470,842"
,TOTAL,,939,"$641,744","$505,193"
22850,AS,,181,"$10,818","$8,571"
,80'S,,154,"$10,768","$8,331"
,OTHER,,906,"$400,889","$312,125"
,TOTAL,,"1,241","$422,475","$329,026"
22851,AS,,"3,714","$198,973","$158,271"
,80'S,,"4,841","$307,356","$242,645"
,OTHER,,"20,224","$7,959,766","$6,280,883"
,TOTAL,,"28,779","$8,466,094","$6,681,799"
22852,AS,,561,"$33,939","$27,123"
,80'S,,657,"$47,206","$36,798"
,OTHER,,"3,234","$1,451,703","$1,139,645"
,TOTAL,,"4,452","$1,532,848","$1,203,566"
22855,AS,,179,"$15,408","$11,989"
,80'S,,203,"$22,483","$17,855"
,OTHER,,"1,036","$681,557","$530,735"
,TOTAL,,"1,418","$719,448","$560,579"
22899,AS,,189,"$35,485","$28,373"
,80'S,,218,"$29,696","$23,757"
,OTHER,,"8,708","$5,386,306","$4,303,460"
,TOTAL,,"9,115","$5,451,488","$4,355,590"
22900,AS,,41,"$1,668","$1,321"
,SG,,224,"$126,822","$99,706"
,80'S,,171,"$7,072","$5,573"
,OTHER,,"2,665","$832,849","$657,679"
,TOTAL,,"3,101","$968,411","$764,279"
22999,AS,,3,$105,$84
,80'S,,8,$602,$481
,OTHER,,311,"$140,858","$112,399"
,TOTAL,,322,"$141,565","$112,965"
23000,AS,,10,$363,$291
,SG,,5,"$1,150",$920
,80'S,,4,$161,$129
,OTHER,,108,"$22,256","$16,698"
,TOTAL,,127,"$23,931","$18,037"
23020,AS,,23,"$1,506","$1,204"
,SG,,30,"$7,126","$5,701"
,80'S,,24,"$2,012","$1,520"
,OTHER,,224,"$106,178","$82,693"
,TOTAL,,301,"$116,821","$91,118"
23030,SG,,43,"$12,919","$10,091"
,OTHER,,"1,056","$270,679","$214,816"
,TOTAL,,"1,099","$283,598","$224,906"
23031,OTHER,,188,"$36,503","$28,718"
,TOTAL,,188,"$36,503","$28,718"
23035,AS,,9,"$1,018",$815
,SG,,1,$470,$376
,80'S,,7,$926,$741
,OTHER,,127,"$101,829","$81,055"
,TOTAL,,144,"$104,244","$82,987"
23040,AS,,54,"$5,327","$4,262"
,SG,,10,"$3,789","$2,844"
,80'S,,25,"$2,708","$2,167"
,OTHER,,634,"$437,995","$349,062"
,TOTAL,,723,"$449,820","$358,334"
23044,SG,,16,"$7,624","$6,099"
,OTHER,,202,"$108,806","$86,074"
,TOTAL,,218,"$116,430","$92,173"
23065,SG,,18,"$5,192","$4,073"
,OTHER,,447,"$65,255","$50,129"
,TOTAL,,465,"$70,446","$54,202"
23066,SG,,29,"$11,185","$8,868"
,OTHER,,353,"$117,508","$93,437"
,TOTAL,,382,"$128,693","$102,305"
23075,SG,,280,"$108,184","$85,233"
,OTHER,,"1,963","$379,382","$298,056"
,TOTAL,,"2,243","$487,566","$383,290"
23076,SG,,240,"$91,706","$72,813"
,OTHER,,"1,808","$978,186","$772,712"
,TOTAL,,"2,048","$1,069,892","$845,525"
23077,AS,,9,"$1,353","$1,082"
,SG,,31,"$12,687","$10,127"
,80'S,,24,"$4,312","$3,450"
,OTHER,,537,"$600,811","$478,045"
,TOTAL,,601,"$619,163","$492,704"
23100,AS,,3,$180,$144
,SG,,2,$654,$523
,80'S,,7,$406,$325
,OTHER,,76,"$29,619","$23,590"
,TOTAL,,88,"$30,858","$24,581"
23101,AS,,1,$39,$31
,SG,,30,"$27,089","$21,655"
,80'S,,1,$99,$79
,OTHER,,267,"$84,679","$67,543"
,TOTAL,,299,"$111,907","$89,308"
23105,AS,,19,"$1,590","$1,272"
,SG,,10,"$3,947","$3,113"
,80'S,,41,"$2,825","$2,260"
,OTHER,,277,"$135,375","$107,884"
,TOTAL,,347,"$143,737","$114,528"
23106,OTHER,,26,"$11,636","$9,309"
,TOTAL,,26,"$11,636","$9,309"
23107,AS,,35,"$2,896","$2,317"
,SG,,15,"$7,272","$5,817"
,80'S,,24,"$1,932","$1,545"
,OTHER,,341,"$186,482","$147,426"
,TOTAL,,415,"$198,581","$157,106"
23120,AS,,"3,182","$151,447","$120,284"
,SG,,"2,869","$1,282,172","$1,009,497"
,80'S,,"1,796","$100,120","$79,357"
,OTHER,,"21,545","$7,015,115","$5,529,345"
,TOTAL,,"29,392","$8,548,853","$6,738,482"
23125,AS,,4,$257,$205
,SG,,7,"$3,393","$2,714"
,80'S,,6,$630,$495
,OTHER,,75,"$33,212","$25,401"
,TOTAL,,92,"$37,491","$28,816"
23130,AS,,25,"$1,858","$1,487"
,SG,,707,"$417,929","$329,790"
,80'S,,24,"$2,392","$1,877"
,OTHER,,"5,529","$2,905,347","$2,274,022"
,TOTAL,,"6,285","$3,327,527","$2,607,175"
23140,SG,,32,"$18,132","$14,462"
,OTHER,,212,"$98,247","$77,557"
,TOTAL,,244,"$116,379","$92,018"
23145,SG,,1,$687,$550
,80'S,,1,$65,$52
,OTHER,,5,"$2,733","$2,186"
,TOTAL,,7,"$3,485","$2,788"
23146,80'S,,1,$111,$89
,OTHER,,4,"$2,384","$1,907"
,TOTAL,,5,"$2,495","$1,996"
23150,AS,,18,"$1,035",$828
,SG,,11,"$5,125","$4,055"
,80'S,,13,$889,$711
,OTHER,,115,"$53,277","$41,762"
,TOTAL,,157,"$60,326","$47,356"
23155,AS,,1,$112,$90
,80'S,,2,$278,$132
,OTHER,,8,"$6,388","$5,030"
,TOTAL,,11,"$6,778","$5,252"
23156,AS,,5,$240,$192
,SG,,3,"$1,396","$1,117"
,80'S,,2,$275,$220
,OTHER,,27,"$13,913","$10,768"
,TOTAL,,37,"$15,824","$12,296"
23170,SG,,4,"$1,075",$860
,OTHER,,39,"$21,766","$17,413"
,TOTAL,,43,"$22,841","$18,273"
23172,AS,,1,$92,$74
,80'S,,1,$49,$39
,OTHER,,3,"$1,589","$1,272"
,TOTAL,,5,"$1,731","$1,385"
23174,AS,,4,$325,$260
,80'S,,4,$414,$332
,OTHER,,33,"$22,144","$16,892"
,TOTAL,,41,"$22,884","$17,484"
23180,SG,,111,"$51,384","$40,498"
,OTHER,,479,"$301,191","$237,404"
,TOTAL,,590,"$352,575","$277,902"
23182,AS,,6,$532,$426
,80'S,,5,$571,$457
,OTHER,,50,"$33,153","$25,195"
,TOTAL,,61,"$34,256","$26,078"
23184,AS,,12,"$1,436","$1,149"
,SG,,9,"$3,918","$3,135"
,80'S,,21,"$2,072","$1,657"
,OTHER,,160,"$114,341","$90,278"
,TOTAL,,202,"$121,767","$96,219"
23190,AS,,2,$159,$127
,SG,,2,"$1,210",$631
,80'S,,3,$251,$147
,OTHER,,28,"$13,169","$10,078"
,TOTAL,,35,"$14,788","$10,983"
23195,AS,,6,$561,$449
,80'S,,3,$256,$205
,OTHER,,93,"$51,198","$40,871"
,TOTAL,,102,"$52,015","$41,525"
23200,AS,,1,$85,$68
,80'S,,4,$546,$436
,OTHER,,38,"$29,853","$23,883"
,TOTAL,,43,"$30,484","$24,387"
23210,AS,,1,$137,$109
,80'S,,2,$226,$181
,OTHER,,42,"$31,450","$25,160"
,TOTAL,,45,"$31,812","$25,450"
23220,80'S,,4,$650,$520
,OTHER,,31,"$29,058","$23,236"
,TOTAL,,35,"$29,707","$23,756"
23221,80'S,,1,$261,$209
,OTHER,,2,"$2,882","$2,306"
,TOTAL,,3,"$3,143","$2,514"
23222,AS,,4,$913,$730
,80'S,,5,"$1,409","$1,127"
,OTHER,,59,"$100,569","$80,375"
,TOTAL,,68,"$102,890","$82,232"
23330,SG,,6,"$1,656","$1,324"
,OTHER,,144,"$25,281","$19,538"
,TOTAL,,150,"$26,937","$20,862"
23331,AS,,13,$599,$479
,SG,,6,"$1,776","$1,420"
,80'S,,35,"$2,337","$1,869"
,OTHER,,497,"$205,947","$162,864"
,TOTAL,,551,"$210,658","$166,633"
23332,AS,,37,"$3,228","$2,582"
,80'S,,72,"$6,816","$5,453"
,OTHER,,253,"$163,541","$129,941"
,TOTAL,,362,"$173,584","$137,976"
23350,OTHER,,"22,873","$2,438,774","$1,904,553"
,TOTAL,,"22,873","$2,438,774","$1,904,553"
23395,AS,,34,"$4,349","$3,480"
,SG,,12,"$5,901","$4,721"
,80'S,,33,"$5,225","$4,143"
,OTHER,,245,"$230,806","$179,283"
,TOTAL,,324,"$246,282","$191,626"
23397,SG,,6,"$4,029","$3,223"
,80'S,,6,$833,$667
,OTHER,,42,"$39,558","$31,646"
,TOTAL,,54,"$44,420","$35,536"
23400,AS,,2,$303,$242
,SG,,3,"$2,927","$1,847"
,80'S,,2,$403,$323
,OTHER,,10,"$10,595","$8,476"
,TOTAL,,17,"$14,229","$10,888"
23405,AS,,62,"$3,042","$2,434"
,SG,,41,"$8,917","$7,134"
,80'S,,22,"$1,483","$1,161"
,OTHER,,311,"$114,807","$90,538"
,TOTAL,,436,"$128,248","$101,267"
23406,AS,,2,$245,$196
,SG,,1,$231,$185
,80'S,,3,$369,$174
,OTHER,,33,"$20,253","$14,407"
,TOTAL,,39,"$21,098","$14,963"
23410,AS,,993,"$122,285","$97,029"
,SG,,"2,137","$1,395,523","$1,105,064"
,80'S,,610,"$90,913","$71,762"
,OTHER,,"7,053","$6,056,097","$4,777,779"
,TOTAL,,"10,793","$7,664,818","$6,051,634"
23412,AS,,"3,937","$506,008","$401,253"
,SG,,"3,473","$3,347,190","$2,644,944"
,80'S,,"2,055","$305,627","$241,505"
,OTHER,,"22,832","$21,001,665","$16,554,348"
,TOTAL,,"32,297","$25,160,489","$19,842,050"
23415,AS,,1,$107,$86
,SG,,149,"$92,760","$73,492"
,80'S,,2,$187,$150
,OTHER,,"1,545","$967,462","$760,811"
,TOTAL,,"1,697","$1,060,516","$834,538"
23420,AS,,"4,661","$642,136","$509,250"
,SG,,"3,147","$3,007,869","$2,380,620"
,80'S,,"3,173","$516,179","$408,448"
,OTHER,,"29,618","$29,747,212","$23,492,580"
,TOTAL,,"40,599","$33,913,396","$26,790,898"
23430,AS,,299,"$20,241","$16,082"
,SG,,324,"$125,077","$98,933"
,80'S,,217,"$17,616","$13,953"
,OTHER,,"2,036","$997,530","$786,628"
,TOTAL,,"2,876","$1,160,463","$915,597"
23440,AS,,82,"$5,852","$4,682"
,SG,,38,"$14,387","$11,510"
,80'S,,53,"$4,125","$3,300"
,OTHER,,507,"$266,329","$209,089"
,TOTAL,,680,"$290,693","$228,580"
23450,AS,,24,"$2,972","$2,289"
,SG,,11,"$6,911","$5,529"
,80'S,,20,"$2,875","$2,300"
,OTHER,,211,"$173,158","$136,527"
,TOTAL,,266,"$185,917","$146,645"
23455,AS,,87,"$11,564","$9,178"
,SG,,58,"$54,819","$43,626"
,80'S,,91,"$14,150","$11,279"
,OTHER,,553,"$539,167","$428,023"
,TOTAL,,789,"$619,700","$492,106"
23460,AS,,8,$929,$744
,SG,,1,$682,$545
,80'S,,6,$800,$640
,OTHER,,39,"$38,161","$30,528"
,TOTAL,,54,"$40,572","$32,458"
23462,AS,,6,$718,$575
,SG,,1,$921,$737
,80'S,,7,"$1,006",$805
,OTHER,,35,"$34,255","$27,245"
,TOTAL,,49,"$36,900","$29,361"
23465,AS,,8,$960,$768
,SG,,2,"$1,026",$821
,80'S,,9,"$1,222",$977
,OTHER,,54,"$45,422","$35,347"
,TOTAL,,73,"$48,630","$37,913"
23466,AS,,32,"$4,634","$3,707"
,SG,,8,"$6,739","$5,391"
,80'S,,31,"$5,169","$4,135"
,OTHER,,223,"$218,585","$169,933"
,TOTAL,,294,"$235,126","$183,165"
23470,AS,,"1,358","$223,178","$177,603"
,80'S,,"1,828","$356,246","$281,919"
,OTHER,,"7,733","$9,283,573","$7,357,849"
,TOTAL,,"10,919","$9,862,997","$7,817,371"
23472,AS,,"1,188","$230,793","$183,500"
,80'S,,"1,418","$328,361","$260,984"
,OTHER,,"5,858","$8,442,881","$6,706,762"
,TOTAL,,"8,464","$9,002,035","$7,151,246"
23480,SG,,13,"$6,577","$5,262"
,OTHER,,94,"$54,769","$43,470"
,TOTAL,,107,"$61,346","$48,731"
23485,AS,,14,"$1,866","$1,493"
,SG,,1,"$1,050",$840
,80'S,,13,"$2,077","$1,642"
,OTHER,,96,"$93,138","$72,819"
,TOTAL,,124,"$98,132","$76,793"
23490,AS,,2,$270,$216
,80'S,,2,$286,$229
,OTHER,,7,"$5,155","$4,124"
,TOTAL,,11,"$5,711","$4,569"
23491,AS,,4,$391,$313
,80'S,,5,$832,$666
,OTHER,,45,"$42,709","$34,167"
,TOTAL,,54,"$43,932","$35,146"
23500,SG,,1,$308,$247
,OTHER,,"9,120","$1,643,059","$1,271,757"
,TOTAL,,"9,121","$1,643,367","$1,272,004"
23505,OTHER,,388,"$122,416","$95,720"
,TOTAL,,388,"$122,416","$95,720"
23515,AS,,49,"$3,471","$2,767"
,SG,,13,"$6,061","$4,837"
,80'S,,30,"$2,235","$1,788"
,OTHER,,355,"$179,076","$139,271"
,TOTAL,,447,"$190,843","$148,663"
23520,SG,,2,$316,$75
,OTHER,,57,"$10,448","$8,191"
,TOTAL,,59,"$10,764","$8,266"
23525,OTHER,,21,"$6,430","$5,045"
,TOTAL,,21,"$6,430","$5,045"
23530,OTHER,,10,"$4,180","$3,344"
,TOTAL,,10,"$4,180","$3,344"
23532,AS,,1,$78,$63
,SG,,1,$603,$482
,OTHER,,6,"$3,933","$3,146"
,TOTAL,,8,"$4,614","$3,691"
23540,SG,,1,$157,$126
,OTHER,,434,"$78,149","$60,941"
,TOTAL,,435,"$78,306","$61,066"
23545,OTHER,,91,"$22,529","$17,544"
,TOTAL,,91,"$22,529","$17,544"
23550,AS,,28,"$1,649","$1,319"
,SG,,29,"$11,180","$8,944"
,80'S,,47,"$3,069","$2,418"
,OTHER,,337,"$145,084","$114,510"
,TOTAL,,441,"$160,981","$127,192"
23552,AS,,8,$568,$377
,SG,,5,"$2,814","$1,838"
,80'S,,11,$942,$754
,OTHER,,68,"$36,123","$27,795"
,TOTAL,,92,"$40,447","$30,764"
23570,80'S,,1,$18,$14
,OTHER,,"1,917","$354,288","$274,678"
,TOTAL,,"1,918","$354,306","$274,692"
23575,SG,,1,$156,$125
,OTHER,,66,"$20,712","$16,040"
,TOTAL,,67,"$20,868","$16,165"
23585,AS,,29,"$1,991","$1,592"
,SG,,12,"$3,503","$2,803"
,80'S,,36,"$2,743","$2,087"
,OTHER,,212,"$101,390","$80,854"
,TOTAL,,289,"$109,627","$87,336"
23600,SG,,1,$326,$261
,80'S,,2,$97,$78
,OTHER,,"36,133","$9,918,048","$7,755,659"
,TOTAL,,"36,136","$9,918,471","$7,755,997"
23605,SG,,27,"$10,854","$8,683"
,OTHER,,"3,303","$1,376,023","$1,088,940"
,TOTAL,,"3,330","$1,386,877","$1,097,624"
23615,AS,,496,"$47,436","$37,896"
,SG,,34,"$20,568","$16,385"
,80'S,,510,"$57,808","$45,970"
,OTHER,,"4,677","$3,181,782","$2,527,786"
,TOTAL,,"5,717","$3,307,593","$2,628,036"
23616,AS,,476,"$92,565","$73,822"
,80'S,,646,"$148,435","$118,544"
,OTHER,,"3,187","$4,460,542","$3,554,308"
,TOTAL,,"4,309","$4,701,542","$3,746,673"
23620,OTHER,,"3,483","$850,480","$661,370"
,TOTAL,,"3,483","$850,480","$661,370"
23625,SG,,3,"$1,104",$883
,OTHER,,286,"$102,435","$80,669"
,TOTAL,,289,"$103,539","$81,553"
23630,AS,,78,"$4,900","$3,920"
,SG,,31,"$19,704","$15,683"
,80'S,,73,"$5,744","$4,595"
,OTHER,,691,"$318,456","$252,299"
,TOTAL,,873,"$348,803","$276,497"
23650,SG,,8,"$2,425","$1,940"
,OTHER,,"11,955","$2,783,420","$2,181,007"
,TOTAL,,"11,963","$2,785,845","$2,182,947"
23655,SG,,91,"$26,874","$21,110"
,OTHER,,"4,344","$1,327,869","$1,045,839"
,TOTAL,,"4,435","$1,354,743","$1,066,949"
23660,AS,,11,$598,$479
,SG,,3,"$1,253","$1,003"
,80'S,,24,"$1,834","$1,395"
,OTHER,,197,"$85,796","$68,221"
,TOTAL,,235,"$89,482","$71,098"
23665,SG,,7,"$2,751","$2,179"
,OTHER,,874,"$320,542","$253,411"
,TOTAL,,881,"$323,293","$255,591"
23670,AS,,18,"$1,346","$1,076"
,SG,,8,"$3,183","$2,546"
,80'S,,13,"$1,191",$953
,OTHER,,157,"$81,251","$64,620"
,TOTAL,,196,"$86,970","$69,195"
23675,SG,,1,$208,$166
,OTHER,,387,"$177,157","$140,670"
,TOTAL,,388,"$177,365","$140,836"
23680,AS,,17,"$1,546","$1,237"
,SG,,1,$482,$385
,80'S,,26,"$2,779","$2,143"
,OTHER,,164,"$109,822","$87,785"
,TOTAL,,208,"$114,629","$91,550"
23700,SG,,787,"$233,722","$183,085"
,OTHER,,"3,817","$729,867","$569,404"
,TOTAL,,"4,604","$963,589","$752,489"
23800,AS,,2,$271,$217
,SG,,4,"$2,480","$1,984"
,80'S,,5,$889,$711
,OTHER,,33,"$34,072","$27,013"
,TOTAL,,44,"$37,712","$29,925"
23802,AS,,4,$660,$448
,80'S,,2,$357,$285
,OTHER,,16,"$19,286","$14,484"
,TOTAL,,22,"$20,303","$15,218"
23900,80'S,,2,$414,$331
,OTHER,,17,"$21,678","$17,342"
,TOTAL,,19,"$22,092","$17,674"
23920,AS,,1,$158,$114
,80'S,,3,$510,$408
,OTHER,,41,"$41,184","$32,947"
,TOTAL,,45,"$41,852","$33,469"
23921,OTHER,,4,"$1,228",$983
,TOTAL,,4,"$1,228",$983
23929,AS,,52,"$5,838","$4,623"
,80'S,,32,"$5,314","$4,251"
,OTHER,,436,"$288,759","$228,824"
,TOTAL,,520,"$299,911","$237,698"
23930,SG,,34,"$10,167","$8,056"
,OTHER,,"1,963","$458,181","$361,321"
,TOTAL,,"1,997","$468,348","$369,377"
23931,SG,,50,"$20,259","$15,922"
,OTHER,,"1,654","$341,821","$267,077"
,TOTAL,,"1,704","$362,080","$282,999"
23935,AS,,1,$38,$30
,SG,,8,"$2,761","$2,209"
,80'S,,3,$271,$217
,OTHER,,221,"$125,308","$99,569"
,TOTAL,,233,"$128,378","$102,025"
24000,AS,,4,$211,$169
,SG,,18,"$10,670","$8,536"
,OTHER,,413,"$149,209","$118,641"
,TOTAL,,435,"$160,090","$127,346"
24006,AS,,7,$543,$434
,80'S,,2,$162,$129
,OTHER,,104,"$59,103","$46,613"
,TOTAL,,113,"$59,808","$47,176"
24065,SG,,35,"$9,024","$7,209"
,OTHER,,812,"$179,497","$139,587"
,TOTAL,,847,"$188,521","$146,796"
24066,SG,,35,"$12,529","$10,023"
,OTHER,,431,"$162,719","$128,651"
,TOTAL,,466,"$175,248","$138,674"
24075,SG,,439,"$164,243","$129,074"
,OTHER,,"2,980","$956,283","$755,427"
,TOTAL,,"3,419","$1,120,526","$884,502"
24076,SG,,292,"$108,935","$85,312"
,80'S,,1,$47,$38
,OTHER,,"1,761","$825,335","$650,725"
,TOTAL,,"2,054","$934,317","$736,074"
24077,AS,,8,"$1,024",$819
,SG,,53,"$22,374","$17,637"
,80'S,,23,"$3,159","$2,516"
,OTHER,,853,"$782,269","$618,502"
,TOTAL,,937,"$808,826","$639,475"
24100,SG,,1,$185,$148
,OTHER,,9,"$2,550","$2,040"
,TOTAL,,10,"$2,735","$2,188"
24101,AS,,17,"$1,025",$820
,SG,,38,"$22,600","$17,464"
,80'S,,10,$611,$489
,OTHER,,290,"$120,781","$95,773"
,TOTAL,,355,"$145,018","$114,546"
24102,AS,,11,$820,$656
,SG,,35,"$21,817","$16,816"
,80'S,,4,$380,$304
,OTHER,,194,"$99,919","$79,036"
,TOTAL,,244,"$122,936","$96,811"
24105,SG,,"1,049","$496,199","$391,391"
,OTHER,,"5,240","$1,572,232","$1,239,177"
,TOTAL,,"6,289","$2,068,431","$1,630,568"
24110,AS,,1,$47,$37
,SG,,14,"$4,018","$3,214"
,OTHER,,88,"$47,345","$37,840"
,TOTAL,,103,"$51,410","$41,092"
24115,80'S,,1,$137,$109
,OTHER,,5,"$2,633","$2,106"
,TOTAL,,6,"$2,769","$2,215"
24116,OTHER,,19,"$18,673","$14,938"
,TOTAL,,19,"$18,673","$14,938"
24120,AS,,2,$147,$118
,SG,,74,"$33,679","$26,169"
,80'S,,1,$51,$41
,OTHER,,255,"$112,870","$89,950"
,TOTAL,,332,"$146,746","$116,277"
24125,SG,,1,$469,$375
,80'S,,1,$36,$29
,OTHER,,6,"$1,351","$1,061"
,TOTAL,,8,"$1,855","$1,465"
24126,SG,,1,$282,$225
,OTHER,,3,"$1,232",$986
,TOTAL,,4,"$1,514","$1,211"
24130,SG,,63,"$29,081","$22,660"
,80'S,,2,$85,$68
,OTHER,,512,"$199,489","$157,131"
,TOTAL,,577,"$228,654","$179,859"
24134,AS,,2,$202,$162
,80'S,,6,$673,$538
,OTHER,,25,"$21,961","$17,569"
,TOTAL,,33,"$22,837","$18,269"
24136,OTHER,,2,$976,$781
,TOTAL,,2,$976,$781
24138,AS,,3,$237,$189
,SG,,6,"$2,142","$1,713"
,80'S,,2,$203,$163
,OTHER,,56,"$31,066","$24,451"
,TOTAL,,67,"$33,647","$26,516"
24140,AS,,12,"$1,489","$1,191"
,SG,,25,"$10,583","$8,452"
,80'S,,9,"$1,236",$989
,OTHER,,191,"$166,655","$132,522"
,TOTAL,,237,"$179,963","$143,155"
24145,SG,,12,"$5,431","$4,344"
,OTHER,,49,"$26,934","$20,517"
,TOTAL,,61,"$32,364","$24,861"
24147,AS,,1,$88,$70
,SG,,72,"$25,005","$19,221"
,80'S,,1,$52,$41
,OTHER,,491,"$311,653","$245,547"
,TOTAL,,565,"$336,797","$264,880"
24149,AS,,12,"$1,429","$1,132"
,80'S,,10,"$1,250","$1,000"
,OTHER,,157,"$141,655","$112,576"
,TOTAL,,179,"$144,334","$114,708"
24150,AS,,1,$153,$122
,SG,,2,$727,$582
,80'S,,3,$526,$420
,OTHER,,53,"$47,589","$38,067"
,TOTAL,,59,"$48,994","$39,192"
24151,OTHER,,1,"$1,324","$1,059"
,TOTAL,,1,"$1,324","$1,059"
24152,SG,,1,$523,$418
,80'S,,1,$114,$91
,OTHER,,5,"$3,066","$2,453"
,TOTAL,,7,"$3,702","$2,962"
24153,OTHER,,14,$732,$533
,TOTAL,,14,$732,$533
24155,SG,,4,"$1,987","$1,589"
,OTHER,,14,"$10,523","$8,378"
,TOTAL,,18,"$12,510","$9,967"
24160,SG,,11,"$4,446","$3,460"
,OTHER,,207,"$84,258","$66,949"
,TOTAL,,218,"$88,704","$70,410"
24164,SG,,4,"$1,697","$1,357"
,OTHER,,46,"$15,295","$11,968"
,TOTAL,,50,"$16,992","$13,326"
24200,OTHER,,262,"$46,548","$35,420"
,TOTAL,,262,"$46,548","$35,420"
24201,SG,,11,"$4,790","$3,832"
,OTHER,,133,"$48,515","$38,220"
,TOTAL,,144,"$53,305","$42,053"
24220,OTHER,,95,"$12,984","$10,319"
,TOTAL,,95,"$12,984","$10,319"
24300,OTHER,,118,"$30,253","$23,913"
,TOTAL,,118,"$30,253","$23,913"
24301,SG,,7,"$3,970","$3,176"
,80'S,,4,$353,$283
,OTHER,,53,"$32,056","$25,280"
,TOTAL,,64,"$36,379","$28,738"
24305,AS,,5,$376,$301
,OTHER,,121,"$47,899","$37,980"
,TOTAL,,126,"$48,276","$38,281"
24310,AS,,5,$210,$168
,SG,,14,"$4,989","$3,804"
,80'S,,1,$89,$71
,OTHER,,131,"$40,116","$31,740"
,TOTAL,,151,"$45,404","$35,782"
24320,SG,,1,$488,$391
,OTHER,,25,"$17,796","$13,845"
,TOTAL,,26,"$18,284","$14,235"
24330,SG,,1,$511,$409
,80'S,,1,$57,$46
,OTHER,,37,"$19,807","$15,841"
,TOTAL,,39,"$20,375","$16,295"
24331,SG,,1,$264,$211
,OTHER,,5,"$2,551","$2,041"
,TOTAL,,6,"$2,815","$2,252"
24332,OTHER,,23,"$8,238","$6,409"
,TOTAL,,23,"$8,238","$6,409"
24340,AS,,9,$477,$381
,SG,,21,"$7,694","$5,855"
,80'S,,5,$333,$266
,OTHER,,55,"$24,423","$18,941"
,TOTAL,,90,"$32,927","$25,444"
24341,AS,,43,"$2,624","$2,096"
,80'S,,25,"$1,626","$1,301"
,OTHER,,436,"$193,528","$152,090"
,TOTAL,,504,"$197,778","$155,487"
24342,AS,,64,"$6,308","$4,969"
,SG,,82,"$36,973","$29,540"
,80'S,,51,"$5,981","$4,703"
,OTHER,,592,"$421,686","$329,578"
,TOTAL,,789,"$470,949","$368,789"
24343,AS,,12,$562,$450
,80'S,,17,$969,$775
,OTHER,,147,"$55,947","$44,212"
,TOTAL,,176,"$57,478","$45,437"
24344,AS,,1,$129,$103
,80'S,,7,$815,$652
,OTHER,,26,"$21,299","$16,960"
,TOTAL,,34,"$22,243","$17,714"
24345,AS,,7,$444,$355
,80'S,,8,$459,$367
,OTHER,,70,"$29,141","$23,313"
,TOTAL,,85,"$30,044","$24,035"
24346,AS,,1,$126,$101
,80'S,,3,$459,$367
,OTHER,,14,"$10,443","$8,354"
,TOTAL,,18,"$11,028","$8,822"
24350,AS,,2,$120,$96
,SG,,120,"$56,214","$43,194"
,80'S,,1,$77,$62
,OTHER,,314,"$115,254","$90,387"
,TOTAL,,437,"$171,666","$133,739"
24351,AS,,2,$140,$112
,SG,,68,"$31,266","$23,349"
,OTHER,,263,"$111,468","$86,517"
,TOTAL,,333,"$142,874","$109,978"
24352,SG,,9,"$4,501","$3,601"
,80'S,,3,$208,$167
,OTHER,,36,"$14,501","$11,169"
,TOTAL,,48,"$19,211","$14,937"
24354,SG,,6,"$2,690","$2,152"
,OTHER,,38,"$17,254","$13,066"
,TOTAL,,44,"$19,943","$15,218"
24356,AS,,5,$336,$269
,SG,,191,"$92,201","$71,464"
,80'S,,4,$264,$211
,OTHER,,735,"$358,657","$279,539"
,TOTAL,,935,"$451,459","$351,483"
24360,AS,,3,$347,$278
,80'S,,5,$712,$570
,OTHER,,29,"$22,601","$17,977"
,TOTAL,,37,"$23,660","$18,824"
24361,80'S,,3,$473,$378
,OTHER,,24,"$21,883","$17,481"
,TOTAL,,27,"$22,355","$17,860"
24362,AS,,1,$133,
,80'S,,2,$322,$258
,OTHER,,5,"$4,035","$2,500"
,TOTAL,,8,"$4,491","$2,758"
24363,AS,,106,"$17,145","$13,636"
,SG,,2,"$1,938","$1,550"
,80'S,,169,"$33,440","$26,512"
,OTHER,,859,"$1,048,819","$829,375"
,TOTAL,,"1,136","$1,101,342","$871,073"
24365,SG,,1,$674,$539
,80'S,,1,$49,$39
,OTHER,,40,"$18,807","$14,965"
,TOTAL,,42,"$19,529","$15,543"
24366,AS,,12,$958,$766
,SG,,11,"$7,624","$6,099"
,80'S,,16,"$1,507","$1,206"
,OTHER,,170,"$92,965","$73,385"
,TOTAL,,209,"$103,054","$81,456"
24400,AS,,10,$958,$766
,SG,,5,"$2,622","$2,098"
,80'S,,23,"$2,455","$1,964"
,OTHER,,105,"$75,170","$59,684"
,TOTAL,,143,"$81,205","$64,512"
24410,SG,,1,$580,$464
,80'S,,1,$86,$69
,OTHER,,10,"$8,690","$6,952"
,TOTAL,,12,"$9,356","$7,485"
24420,80'S,,2,$165,$132
,OTHER,,19,"$17,546","$14,037"
,TOTAL,,21,"$17,711","$14,169"
24430,AS,,67,"$8,468","$6,774"
,SG,,8,"$3,473","$2,778"
,80'S,,83,"$12,259","$9,796"
,OTHER,,549,"$493,053","$390,994"
,TOTAL,,707,"$517,253","$410,343"
24435,AS,,71,"$9,223","$7,264"
,SG,,3,"$1,882","$1,506"
,80'S,,87,"$14,258","$11,406"
,OTHER,,596,"$587,078","$466,622"
,TOTAL,,757,"$612,441","$486,798"
24470,AS,,1,$81,$65
,OTHER,,2,$743,$595
,TOTAL,,3,$824,$659
24495,AS,,1,$93,$74
,SG,,3,$851,$681
,OTHER,,157,"$89,573","$71,511"
,TOTAL,,161,"$90,517","$72,267"
24498,AS,,10,"$1,153",$922
,80'S,,12,"$1,379","$1,103"
,OTHER,,135,"$107,548","$84,353"
,TOTAL,,157,"$110,080","$86,378"
24500,SG,,1,$319,$255
,OTHER,,"6,459","$1,716,057","$1,342,176"
,TOTAL,,"6,460","$1,716,376","$1,342,431"
24505,SG,,9,"$2,718","$2,166"
,OTHER,,"1,859","$842,833","$666,940"
,TOTAL,,"1,868","$845,552","$669,107"
24515,AS,,153,"$17,198","$13,758"
,SG,,11,"$6,778","$5,422"
,80'S,,181,"$24,299","$19,301"
,OTHER,,"1,443","$1,152,800","$918,166"
,TOTAL,,"1,788","$1,201,074","$956,648"
24516,AS,,400,"$46,063","$36,535"
,SG,,17,"$9,859","$7,887"
,80'S,,397,"$53,970","$42,995"
,OTHER,,"3,780","$3,118,701","$2,478,736"
,TOTAL,,"4,594","$3,228,593","$2,566,153"
24530,AS,,1,$51,$40
,SG,,2,$489,$392
,OTHER,,"1,966","$628,864","$496,674"
,TOTAL,,"1,969","$629,404","$497,106"
24535,SG,,1,$302,$242
,OTHER,,431,"$219,466","$174,626"
,TOTAL,,432,"$219,768","$174,868"
24538,SG,,13,"$5,516","$4,413"
,80'S,,1,$115,$92
,OTHER,,312,"$213,898","$170,249"
,TOTAL,,326,"$219,529","$174,754"
24545,AS,,88,"$9,259","$7,327"
,SG,,13,"$8,060","$6,031"
,80'S,,127,"$14,893","$11,871"
,OTHER,,"1,034","$750,675","$595,397"
,TOTAL,,"1,262","$782,887","$620,627"
24546,AS,,86,"$12,828","$10,237"
,SG,,5,"$3,475","$2,780"
,80'S,,121,"$21,218","$16,974"
,OTHER,,921,"$1,006,472","$798,955"
,TOTAL,,"1,133","$1,043,993","$828,946"
24560,OTHER,,518,"$123,497","$96,372"
,TOTAL,,518,"$123,497","$96,372"
24565,SG,,1,$447,$358
,OTHER,,58,"$24,387","$19,390"
,TOTAL,,59,"$24,835","$19,748"
24566,SG,,1,$210,$168
,OTHER,,31,"$15,927","$12,742"
,TOTAL,,32,"$16,137","$12,910"
24575,AS,,20,"$1,821","$1,449"
,SG,,12,"$5,145","$4,104"
,80'S,,18,"$1,691","$1,273"
,OTHER,,153,"$94,793","$74,536"
,TOTAL,,203,"$103,450","$81,362"
24576,OTHER,,536,"$127,816","$100,581"
,TOTAL,,536,"$127,816","$100,581"
24577,OTHER,,72,"$32,816","$26,051"
,TOTAL,,72,"$32,816","$26,051"
24579,AS,,31,"$3,441","$2,753"
,SG,,9,"$4,293","$3,434"
,80'S,,43,"$5,689","$4,540"
,OTHER,,489,"$395,519","$314,199"
,TOTAL,,572,"$408,942","$324,925"
24582,SG,,4,"$1,691","$1,353"
,OTHER,,31,"$18,127","$14,429"
,TOTAL,,35,"$19,818","$15,782"
24586,AS,,36,"$4,944","$3,955"
,SG,,11,"$6,515","$5,132"
,80'S,,41,"$6,358","$5,087"
,OTHER,,396,"$385,149","$307,237"
,TOTAL,,484,"$402,966","$321,411"
24587,AS,,5,$658,$526
,SG,,2,"$1,415","$1,068"
,80'S,,8,"$1,346","$1,076"
,OTHER,,45,"$43,960","$34,585"
,TOTAL,,60,"$47,378","$37,255"
24600,SG,,1,$329,$263
,OTHER,,"1,264","$388,292","$304,384"
,TOTAL,,"1,265","$388,622","$304,648"
24605,SG,,15,"$5,825","$4,660"
,OTHER,,854,"$293,677","$232,844"
,TOTAL,,869,"$299,503","$237,505"
24615,AS,,17,"$1,157",$925
,SG,,10,"$4,116","$3,293"
,80'S,,26,"$2,042","$1,557"
,OTHER,,252,"$128,002","$101,620"
,TOTAL,,305,"$135,317","$107,395"
24620,80'S,,2,$170,$136
,OTHER,,172,"$81,764","$64,429"
,TOTAL,,174,"$81,934","$64,565"
24635,AS,,41,"$6,068","$4,855"
,SG,,12,"$5,677","$4,174"
,80'S,,43,"$7,817","$6,173"
,OTHER,,580,"$630,517","$498,899"
,TOTAL,,676,"$650,079","$514,101"
24640,OTHER,,84,"$9,412","$7,201"
,TOTAL,,84,"$9,412","$7,201"
24650,OTHER,,"7,599","$1,602,926","$1,238,987"
,TOTAL,,"7,599","$1,602,926","$1,238,987"
24655,SG,,6,"$1,411","$1,118"
,OTHER,,365,"$130,302","$101,852"
,TOTAL,,371,"$131,713","$102,970"
24665,AS,,36,"$2,722","$2,170"
,SG,,42,"$25,255","$19,937"
,80'S,,40,"$3,009","$2,407"
,OTHER,,625,"$315,576","$249,872"
,TOTAL,,743,"$346,562","$274,387"
24666,AS,,19,"$1,668","$1,335"
,SG,,10,"$6,134","$4,907"
,80'S,,32,"$3,703","$2,962"
,OTHER,,310,"$205,666","$162,750"
,TOTAL,,371,"$217,171","$171,954"
24670,SG,,1,$302,$242
,OTHER,,"2,192","$472,628","$369,455"
,TOTAL,,"2,193","$472,930","$369,697"
24675,SG,,1,$318,$254
,OTHER,,178,"$68,728","$54,392"
,TOTAL,,179,"$69,046","$54,646"
24685,AS,,457,"$40,888","$32,448"
,SG,,224,"$109,135","$86,993"
,80'S,,263,"$26,299","$20,923"
,OTHER,,"5,184","$3,362,324","$2,673,975"
,TOTAL,,"6,128","$3,538,645","$2,814,338"
24800,AS,,3,$329,$263
,SG,,1,$610,$488
,OTHER,,17,"$10,704","$8,529"
,TOTAL,,21,"$11,644","$9,281"
24802,AS,,1,$124,$99
,OTHER,,8,"$6,902","$5,521"
,TOTAL,,9,"$7,025","$5,620"
24900,AS,,5,$510,$408
,80'S,,8,$971,$777
,OTHER,,154,"$110,860","$88,547"
,TOTAL,,167,"$112,341","$89,732"
24920,80'S,,3,$433,$346
,OTHER,,16,"$12,496","$9,251"
,TOTAL,,19,"$12,929","$9,597"
24925,SG,,2,$973,$778
,OTHER,,12,"$6,735","$5,195"
,TOTAL,,14,"$7,709","$5,973"
24930,AS,,1,$99,$79
,OTHER,,10,"$6,894","$5,515"
,TOTAL,,11,"$6,993","$5,594"
24935,OTHER,,1,$804,$643
,TOTAL,,1,$804,$643
24940,OTHER,,1,$430,$344
,TOTAL,,1,$430,$344
24999,AS,,1,$42,$34
,80'S,,1,$61,$48
,OTHER,,152,"$77,109","$61,687"
,TOTAL,,154,"$77,212","$61,769"
25000,SG,,979,"$441,729","$347,424"
,OTHER,,"3,346","$1,131,812","$886,838"
,TOTAL,,"4,325","$1,573,541","$1,234,262"
25001,OTHER,,74,"$13,338","$10,573"
,TOTAL,,74,"$13,338","$10,573"
25020,SG,,51,"$19,169","$15,256"
,OTHER,,629,"$335,243","$265,507"
,TOTAL,,680,"$354,412","$280,763"
25023,SG,,6,"$2,837","$1,964"
,80'S,,1,$203,$162
,OTHER,,151,"$154,288","$121,621"
,TOTAL,,158,"$157,328","$123,747"
25024,SG,,21,"$5,880","$4,704"
,OTHER,,186,"$55,147","$43,703"
,TOTAL,,207,"$61,027","$48,407"
25025,SG,,2,"$1,022",$818
,80'S,,1,$191,$153
,OTHER,,70,"$37,055","$29,355"
,TOTAL,,73,"$38,269","$30,326"
25028,SG,,49,"$13,873","$10,964"
,OTHER,,"1,609","$772,365","$613,791"
,TOTAL,,"1,658","$786,238","$624,755"
25031,SG,,6,"$1,904","$1,523"
,OTHER,,68,"$26,565","$21,252"
,TOTAL,,74,"$28,469","$22,775"
25035,AS,,1,$117,$93
,SG,,2,$654,$523
,OTHER,,117,"$87,944","$69,458"
,TOTAL,,120,"$88,715","$70,074"
25040,SG,,39,"$19,953","$15,399"
,80'S,,1,$101,$81
,OTHER,,373,"$193,804","$153,159"
,TOTAL,,413,"$213,857","$168,639"
25065,SG,,43,"$10,278","$7,959"
,OTHER,,"1,042","$155,363","$120,103"
,TOTAL,,"1,085","$165,642","$128,062"
25066,SG,,69,"$26,502","$21,121"
,OTHER,,338,"$130,605","$102,590"
,TOTAL,,407,"$157,106","$123,712"
25075,SG,,423,"$149,627","$117,467"
,OTHER,,"2,812","$919,068","$722,983"
,TOTAL,,"3,235","$1,068,695","$840,450"
25076,SG,,322,"$147,587","$115,175"
,OTHER,,"1,486","$874,483","$690,436"
,TOTAL,,"1,808","$1,022,071","$805,610"
25077,SG,,47,"$20,926","$16,661"
,80'S,,1,$142,$114
,OTHER,,640,"$570,114","$453,573"
,TOTAL,,688,"$591,182","$470,348"
25085,AS,,2,$165,$132
,SG,,4,"$1,257","$1,006"
,80'S,,3,$223,$179
,OTHER,,44,"$21,141","$16,912"
,TOTAL,,53,"$22,786","$18,229"
25100,SG,,2,$627,$501
,OTHER,,56,"$19,370","$15,278"
,TOTAL,,58,"$19,997","$15,780"
25101,AS,,3,$183,$147
,SG,,38,"$14,827","$11,722"
,80'S,,2,$147,$117
,OTHER,,386,"$69,310","$54,496"
,TOTAL,,429,"$84,467","$66,482"
25105,AS,,4,$232,$186
,SG,,124,"$69,962","$53,908"
,80'S,,3,$132,$106
,OTHER,,434,"$220,273","$174,472"
,TOTAL,,565,"$290,600","$228,672"
25107,AS,,2,$132,$105
,SG,,18,"$6,820","$5,322"
,80'S,,1,$104,$83
,OTHER,,67,"$33,778","$26,295"
,TOTAL,,88,"$40,833","$31,806"
25110,SG,,81,"$36,461","$29,015"
,OTHER,,365,"$151,107","$118,995"
,TOTAL,,446,"$187,568","$148,010"
25111,SG,,"1,541","$713,851","$557,610"
,OTHER,,"5,945","$1,838,440","$1,443,211"
,TOTAL,,"7,486","$2,552,291","$2,000,820"
25112,SG,,114,"$68,040","$53,929"
,OTHER,,532,"$213,411","$166,304"
,TOTAL,,646,"$281,451","$220,233"
25115,SG,,831,"$498,849","$395,373"
,OTHER,,"3,860","$3,657,335","$2,895,671"
,TOTAL,,"4,691","$4,156,184","$3,291,043"
25116,AS,,17,"$1,541","$1,233"
,SG,,244,"$140,819","$111,180"
,80'S,,5,$587,$469
,OTHER,,"1,006","$743,728","$585,099"
,TOTAL,,"1,272","$886,676","$697,982"
25118,SG,,244,"$82,716","$64,259"
,OTHER,,"1,076","$375,823","$294,457"
,TOTAL,,"1,320","$458,540","$358,716"
25119,AS,,9,$520,$416
,SG,,39,"$15,337","$12,231"
,80'S,,4,$282,$226
,OTHER,,139,"$57,652","$45,404"
,TOTAL,,191,"$73,792","$58,277"
25120,SG,,28,"$9,419","$7,514"
,80'S,,1,$65,$52
,OTHER,,130,"$89,408","$69,578"
,TOTAL,,159,"$98,892","$77,144"
25125,SG,,2,$766,$613
,OTHER,,20,"$10,055","$8,044"
,TOTAL,,22,"$10,821","$8,656"
25126,AS,,2,$193,$154
,80'S,,1,$105,$84
,OTHER,,18,"$13,664","$10,535"
,TOTAL,,21,"$13,961","$10,773"
25130,AS,,1,$30,$24
,SG,,49,"$18,413","$14,319"
,80'S,,1,$80,$64
,OTHER,,151,"$55,243","$43,195"
,TOTAL,,202,"$73,766","$57,602"
25135,AS,,2,$150,$120
,SG,,7,"$2,761","$2,209"
,80'S,,2,$185,$148
,OTHER,,19,"$9,672","$7,309"
,TOTAL,,30,"$12,769","$9,787"
25136,SG,,2,$720,$576
,OTHER,,9,"$3,860","$3,008"
,TOTAL,,11,"$4,579","$3,583"
25145,AS,,1,$99,$79
,SG,,5,"$1,701","$1,360"
,80'S,,3,$456,$365
,OTHER,,51,"$33,273","$26,430"
,TOTAL,,60,"$35,528","$28,235"
25150,AS,,1,$49,$39
,SG,,28,"$9,296","$7,334"
,OTHER,,101,"$55,831","$43,953"
,TOTAL,,130,"$65,176","$51,327"
25151,AS,,3,$281,$224
,SG,,18,"$5,001","$3,921"
,80'S,,2,$202,$162
,OTHER,,67,"$44,579","$35,010"
,TOTAL,,90,"$50,063","$39,317"
25170,80'S,,2,$329,$263
,OTHER,,23,"$23,682","$18,945"
,TOTAL,,25,"$24,011","$19,209"
25210,AS,,5,$299,$239
,SG,,179,"$61,703","$48,861"
,80'S,,3,$265,$189
,OTHER,,677,"$235,859","$184,793"
,TOTAL,,864,"$298,127","$234,082"
25215,AS,,17,"$1,757","$1,405"
,SG,,97,"$55,768","$44,189"
,80'S,,10,"$1,122",$898
,OTHER,,349,"$238,320","$188,174"
,TOTAL,,473,"$296,966","$234,666"
25230,AS,,1,$72,$58
,SG,,88,"$41,360","$32,989"
,OTHER,,267,"$81,733","$64,253"
,TOTAL,,356,"$123,165","$97,300"
25240,AS,,19,$955,$764
,SG,,290,"$158,377","$125,387"
,80'S,,6,$336,$269
,OTHER,,"1,529","$615,308","$485,132"
,TOTAL,,"1,844","$774,976","$611,551"
25246,OTHER,,596,"$84,381","$66,343"
,TOTAL,,596,"$84,381","$66,343"
25248,SG,,29,"$11,557","$9,135"
,OTHER,,280,"$133,361","$104,710"
,TOTAL,,309,"$144,917","$113,845"
25250,AS,,2,$74,$59
,SG,,5,"$1,298",$848
,80'S,,3,$152,$122
,OTHER,,43,"$15,905","$12,724"
,TOTAL,,53,"$17,429","$13,753"
25251,AS,,2,$227,$181
,SG,,2,$459,$367
,80'S,,1,$63,$50
,OTHER,,22,"$13,021","$10,417"
,TOTAL,,27,"$13,770","$11,016"
25259,OTHER,,162,"$37,683","$29,973"
,TOTAL,,162,"$37,683","$29,973"
25260,SG,,77,"$39,878","$31,890"
,80'S,,5,$824,$659
,OTHER,,"1,066","$653,007","$517,345"
,TOTAL,,"1,148","$693,708","$549,894"
25263,AS,,3,$224,$179
,SG,,17,"$4,409","$3,527"
,80'S,,1,$74,$59
,OTHER,,130,"$73,390","$58,631"
,TOTAL,,151,"$78,097","$62,396"
25265,AS,,2,$270,$216
,SG,,10,"$3,955","$3,164"
,80'S,,1,$200,$160
,OTHER,,56,"$47,940","$36,787"
,TOTAL,,69,"$52,365","$40,326"
25270,AS,,14,"$1,197",$957
,SG,,81,"$38,694","$30,709"
,80'S,,3,$309,$247
,OTHER,,787,"$416,424","$330,148"
,TOTAL,,885,"$456,623","$362,061"
25272,AS,,2,$241,$193
,SG,,20,"$6,959","$5,567"
,80'S,,1,$80,$64
,OTHER,,152,"$96,215","$75,884"
,TOTAL,,175,"$103,495","$81,708"
25274,AS,,4,$442,$354
,SG,,18,"$9,444","$7,555"
,80'S,,3,$350,$280
,OTHER,,147,"$108,051","$86,014"
,TOTAL,,172,"$118,287","$94,203"
25275,AS,,2,$76,$61
,SG,,9,"$4,862","$3,889"
,80'S,,1,$111,$89
,OTHER,,32,"$13,411","$10,332"
,TOTAL,,44,"$18,460","$14,371"
25280,AS,,14,"$1,350","$1,080"
,SG,,67,"$29,629","$22,883"
,80'S,,4,$299,$239
,OTHER,,910,"$474,252","$374,848"
,TOTAL,,995,"$505,530","$399,051"
25290,SG,,99,"$29,881","$23,905"
,OTHER,,"1,059","$528,673","$421,207"
,TOTAL,,"1,158","$558,554","$445,112"
25295,SG,,130,"$44,345","$35,236"
,OTHER,,823,"$428,304","$338,248"
,TOTAL,,953,"$472,648","$373,484"
25300,SG,,10,"$3,571","$2,792"
,OTHER,,71,"$26,303","$20,678"
,TOTAL,,81,"$29,874","$23,470"
25301,AS,,3,$190,$91
,SG,,15,"$4,946","$3,938"
,80'S,,5,$415,$252
,OTHER,,107,"$48,843","$38,874"
,TOTAL,,130,"$54,395","$43,155"
25310,AS,,268,"$28,083","$22,264"
,SG,,683,"$199,627","$158,344"
,80'S,,113,"$13,390","$10,295"
,OTHER,,"3,000","$2,264,142","$1,782,765"
,TOTAL,,"4,064","$2,505,243","$1,973,668"
25312,AS,,16,"$2,132","$1,706"
,SG,,59,"$24,521","$19,229"
,80'S,,13,"$1,542","$1,233"
,OTHER,,182,"$158,602","$125,137"
,TOTAL,,270,"$186,796","$147,305"
25315,AS,,6,$753,$603
,SG,,3,"$1,229",$983
,80'S,,6,$891,$713
,OTHER,,64,"$67,611","$54,089"
,TOTAL,,79,"$70,484","$56,387"
25316,OTHER,,18,"$18,969","$15,175"
,TOTAL,,18,"$18,969","$15,175"
25320,AS,,22,"$2,192","$1,722"
,SG,,89,"$37,193","$29,470"
,80'S,,18,"$2,233","$1,582"
,OTHER,,475,"$347,144","$272,875"
,TOTAL,,604,"$388,763","$305,649"
25332,AS,,19,"$2,168","$1,735"
,SG,,102,"$68,624","$54,747"
,80'S,,14,"$1,812","$1,449"
,OTHER,,269,"$215,619","$170,854"
,TOTAL,,404,"$288,223","$228,784"
25335,SG,,1,$301,$240
,TOTAL,,1,$301,$240
25337,OTHER,,227,"$174,876","$137,879"
,TOTAL,,227,"$174,876","$137,879"
25350,AS,,20,"$2,431","$1,945"
,SG,,10,"$4,412","$3,529"
,80'S,,4,$508,$406
,OTHER,,149,"$120,319","$95,563"
,TOTAL,,183,"$127,670","$101,444"
25355,AS,,4,$463,$371
,SG,,1,$491,$393
,OTHER,,10,"$7,950","$6,360"
,TOTAL,,15,"$8,904","$7,123"
25360,AS,,10,"$1,075",$860
,SG,,19,"$7,563","$6,050"
,80'S,,12,"$1,625","$1,300"
,OTHER,,143,"$108,363","$86,483"
,TOTAL,,184,"$118,625","$94,693"
25365,80'S,,1,$214,$171
,OTHER,,13,"$14,381","$10,153"
,TOTAL,,14,"$14,595","$10,324"
25390,AS,,12,"$1,549","$1,239"
,SG,,24,"$10,001","$7,812"
,80'S,,7,$907,$725
,OTHER,,159,"$152,307","$118,539"
,TOTAL,,202,"$164,763","$128,316"
25391,SG,,1,$653,$523
,80'S,,4,$796,$636
,OTHER,,29,"$33,558","$26,847"
,TOTAL,,34,"$35,007","$28,006"
25392,AS,,2,$278,$223
,80'S,,1,$198,$158
,OTHER,,9,"$9,707","$6,834"
,TOTAL,,12,"$10,183","$7,215"
25393,OTHER,,2,"$3,122","$2,498"
,TOTAL,,2,"$3,122","$2,498"
25394,OTHER,,4,"$1,728","$1,383"
,TOTAL,,4,"$1,728","$1,383"
25400,AS,,41,"$5,898","$4,657"
,SG,,32,"$14,966","$11,973"
,80'S,,33,"$5,370","$4,296"
,OTHER,,450,"$447,722","$352,922"
,TOTAL,,556,"$473,955","$373,847"
25405,AS,,45,"$7,732","$6,185"
,SG,,38,"$22,468","$17,894"
,80'S,,26,"$5,379","$4,303"
,OTHER,,467,"$575,047","$448,511"
,TOTAL,,576,"$610,626","$476,894"
25415,AS,,5,$806,$645
,SG,,1,$230,$184
,80'S,,5,$924,$739
,OTHER,,46,"$50,792","$40,634"
,TOTAL,,57,"$52,752","$42,202"
25420,AS,,5,$969,$775
,SG,,3,"$1,794","$1,435"
,80'S,,6,"$1,459","$1,167"
,OTHER,,77,"$102,162","$78,924"
,TOTAL,,91,"$106,383","$82,301"
25425,SG,,3,"$1,251","$1,001"
,80'S,,3,$676,$541
,OTHER,,40,"$36,067","$28,778"
,TOTAL,,46,"$37,994","$30,320"
25426,OTHER,,4,"$2,748","$2,199"
,TOTAL,,4,"$2,748","$2,199"
25430,OTHER,,4,"$1,287","$1,029"
,TOTAL,,4,"$1,287","$1,029"
25431,OTHER,,13,"$7,136","$5,708"
,TOTAL,,13,"$7,136","$5,708"
25440,AS,,10,"$1,010",$808
,SG,,22,"$12,574","$9,709"
,80'S,,4,$540,$432
,OTHER,,103,"$83,575","$66,782"
,TOTAL,,139,"$97,699","$77,730"
25441,AS,,1,$142,$113
,OTHER,,21,"$19,478","$14,724"
,TOTAL,,22,"$19,619","$14,838"
25442,AS,,1,$104,$83
,SG,,1,$720,$576
,80'S,,1,$136,$109
,OTHER,,34,"$20,917","$16,666"
,TOTAL,,37,"$21,877","$17,434"
25443,SG,,3,"$1,696","$1,314"
,OTHER,,7,"$5,263","$4,211"
,TOTAL,,10,"$6,959","$5,525"
25444,SG,,1,$687,$550
,OTHER,,2,"$1,889","$1,512"
,TOTAL,,3,"$2,577","$2,061"
25445,SG,,109,"$73,874","$58,052"
,OTHER,,410,"$327,718","$257,298"
,TOTAL,,519,"$401,592","$315,350"
25446,AS,,8,"$1,227",$981
,SG,,6,"$5,380","$4,304"
,80'S,,13,"$2,338","$1,870"
,OTHER,,86,"$96,544","$75,249"
,TOTAL,,113,"$105,490","$82,405"
25447,AS,,643,"$58,333","$46,262"
,SG,,"1,736","$1,185,526","$936,311"
,80'S,,225,"$23,574","$18,685"
,OTHER,,"6,259","$4,074,318","$3,214,859"
,TOTAL,,"8,863","$5,341,751","$4,216,116"
25449,AS,,6,$899,$719
,SG,,9,"$6,390","$5,112"
,80'S,,6,"$1,174",$923
,OTHER,,47,"$51,607","$40,348"
,TOTAL,,68,"$60,070","$47,102"
25450,OTHER,,5,"$4,219","$3,339"
,TOTAL,,5,"$4,219","$3,339"
25455,OTHER,,2,$991,$793
,TOTAL,,2,$991,$793
25490,SG,,1,$489,$391
,80'S,,3,$351,$281
,OTHER,,27,"$17,876","$13,715"
,TOTAL,,31,"$18,716","$14,387"
25491,SG,,2,"$1,242",$994
,80'S,,2,$255,$204
,OTHER,,6,"$4,750","$3,800"
,TOTAL,,10,"$6,247","$4,998"
25492,OTHER,,1,"$1,010",$808
,TOTAL,,1,"$1,010",$808
25500,OTHER,,"1,699","$370,998","$286,748"
,TOTAL,,"1,699","$370,998","$286,748"
25505,SG,,14,"$4,470","$3,496"
,OTHER,,609,"$259,959","$204,790"
,TOTAL,,623,"$264,429","$208,286"
25515,AS,,33,"$3,101","$2,406"
,SG,,32,"$14,794","$11,835"
,80'S,,28,"$2,766","$2,213"
,OTHER,,493,"$325,377","$258,493"
,TOTAL,,586,"$346,038","$274,947"
25520,SG,,2,$488,$391
,OTHER,,75,"$34,627","$27,508"
,TOTAL,,77,"$35,116","$27,899"
25525,AS,,12,"$1,514","$1,211"
,SG,,6,"$3,646","$2,917"
,80'S,,9,"$1,241",$901
,OTHER,,199,"$170,083","$134,469"
,TOTAL,,226,"$176,485","$139,498"
25526,AS,,5,$718,$574
,SG,,10,"$7,090","$5,672"
,80'S,,6,"$1,040",$769
,OTHER,,92,"$92,766","$73,721"
,TOTAL,,113,"$101,613","$80,736"
25530,OTHER,,"2,419","$497,648","$384,942"
,TOTAL,,"2,419","$497,648","$384,942"
25535,SG,,2,$327,$262
,OTHER,,235,"$95,040","$75,142"
,TOTAL,,237,"$95,367","$75,403"
25545,AS,,50,"$4,376","$3,465"
,SG,,57,"$26,597","$21,187"
,80'S,,52,"$5,241","$4,188"
,OTHER,,837,"$530,146","$418,401"
,TOTAL,,996,"$566,360","$447,240"
25560,OTHER,,"1,768","$383,383","$297,011"
,TOTAL,,"1,768","$383,383","$297,011"
25565,SG,,27,"$11,720","$9,326"
,OTHER,,"1,365","$604,906","$476,359"
,TOTAL,,"1,392","$616,626","$485,686"
25574,AS,,21,"$1,589","$1,168"
,SG,,8,"$3,961","$3,169"
,80'S,,17,"$1,561","$1,249"
,OTHER,,332,"$179,431","$142,417"
,TOTAL,,378,"$186,541","$148,002"
25575,AS,,83,"$8,656","$6,714"
,SG,,19,"$9,374","$7,426"
,80'S,,53,"$6,497","$5,197"
,OTHER,,"1,021","$764,282","$605,546"
,TOTAL,,"1,176","$788,809","$624,883"
25600,AS,,1,$35,$10
,OTHER,,"47,980","$11,379,737","$8,827,659"
,TOTAL,,"47,981","$11,379,772","$8,827,669"
25605,SG,,481,"$232,296","$184,033"
,OTHER,,"36,019","$16,578,842","$13,059,514"
,TOTAL,,"36,500","$16,811,138","$13,243,547"
25611,AS,,18,"$1,493","$1,194"
,SG,,"1,383","$670,708","$529,781"
,80'S,,5,$517,$348
,OTHER,,"15,905","$9,673,597","$7,663,636"
,TOTAL,,"17,311","$10,346,314","$8,194,959"
25620,AS,,530,"$47,068","$37,257"
,SG,,704,"$486,379","$386,486"
,80'S,,330,"$34,719","$26,936"
,OTHER,,"7,669","$4,722,896","$3,743,306"
,TOTAL,,"9,233","$5,291,062","$4,193,985"
25622,OTHER,,"2,817","$649,814","$504,274"
,TOTAL,,"2,817","$649,814","$504,274"
25624,SG,,5,"$1,542","$1,233"
,80'S,,1,$32,$26
,OTHER,,114,"$46,029","$36,126"
,TOTAL,,120,"$47,604","$37,386"
25628,AS,,9,$662,$493
,SG,,20,"$8,610","$6,871"
,80'S,,6,$594,$475
,OTHER,,151,"$86,907","$69,200"
,TOTAL,,186,"$96,773","$77,038"
25630,OTHER,,"1,829","$467,903","$363,522"
,TOTAL,,"1,829","$467,903","$363,522"
25635,SG,,6,"$1,749","$1,399"
,OTHER,,81,"$31,559","$24,477"
,TOTAL,,87,"$33,308","$25,876"
25645,AS,,2,$81,$64
,SG,,7,"$3,513","$2,811"
,80'S,,3,$232,$185
,OTHER,,48,"$20,599","$16,399"
,TOTAL,,60,"$24,425","$19,460"
25650,OTHER,,"1,006","$242,106","$188,683"
,TOTAL,,"1,006","$242,106","$188,683"
25651,80'S,,1,$27,$22
,OTHER,,62,"$9,698","$7,749"
,TOTAL,,63,"$9,725","$7,770"
25652,OTHER,,89,"$29,291","$22,945"
,TOTAL,,89,"$29,291","$22,945"
25660,SG,,3,$827,$662
,OTHER,,123,"$40,276","$31,645"
,TOTAL,,126,"$41,104","$32,307"
25670,AS,,4,$310,$248
,SG,,1,$246,$197
,80'S,,5,$411,$300
,OTHER,,72,"$30,359","$24,051"
,TOTAL,,82,"$31,327","$24,796"
25671,SG,,5,"$1,229",$983
,OTHER,,54,"$12,153","$9,723"
,TOTAL,,59,"$13,382","$10,706"
25675,SG,,3,$803,$643
,OTHER,,147,"$41,841","$33,141"
,TOTAL,,150,"$42,644","$33,784"
25676,AS,,3,$181,$145
,SG,,2,$840,$672
,80'S,,4,$202,$161
,OTHER,,56,"$24,082","$19,266"
,TOTAL,,65,"$25,305","$20,244"
25680,SG,,5,"$2,148","$1,718"
,80'S,,1,$43,$34
,OTHER,,173,"$70,297","$54,965"
,TOTAL,,179,"$72,488","$56,717"
25685,AS,,1,$49,$39
,SG,,3,"$1,433","$1,146"
,OTHER,,26,"$16,643","$13,315"
,TOTAL,,30,"$18,124","$14,500"
25690,OTHER,,28,"$12,177","$9,731"
,TOTAL,,28,"$12,177","$9,731"
25695,AS,,4,$309,$248
,SG,,5,"$1,718","$1,374"
,OTHER,,41,"$23,595","$18,740"
,TOTAL,,50,"$25,622","$20,362"
25800,AS,,35,"$3,368","$2,694"
,SG,,31,"$17,637","$14,029"
,80'S,,15,"$1,677","$1,342"
,OTHER,,463,"$241,930","$190,981"
,TOTAL,,544,"$264,612","$209,046"
25805,AS,,1,$58,$46
,SG,,5,"$3,492","$2,391"
,80'S,,2,$264,$211
,OTHER,,47,"$38,090","$30,366"
,TOTAL,,55,"$41,904","$33,015"
25810,AS,,58,"$5,951","$4,661"
,SG,,81,"$51,841","$37,883"
,80'S,,30,"$3,540","$2,832"
,OTHER,,545,"$388,158","$299,957"
,TOTAL,,714,"$449,489","$345,333"
25820,AS,,18,"$1,312","$1,050"
,SG,,31,"$16,321","$12,966"
,80'S,,6,$517,$414
,OTHER,,154,"$77,466","$59,827"
,TOTAL,,209,"$95,616","$74,257"
25825,AS,,38,"$3,491","$2,790"
,SG,,88,"$59,808","$46,678"
,80'S,,24,"$2,708","$2,152"
,OTHER,,479,"$316,180","$247,482"
,TOTAL,,629,"$382,186","$299,102"
25830,AS,,17,"$2,278","$1,822"
,80'S,,7,$990,$792
,OTHER,,98,"$92,879","$73,333"
,TOTAL,,122,"$96,146","$75,947"
25900,AS,,1,$124,$99
,80'S,,2,$297,$238
,OTHER,,217,"$174,379","$137,167"
,TOTAL,,220,"$174,800","$137,504"
25905,AS,,2,$220,$176
,80'S,,1,$135,$108
,OTHER,,21,"$14,091","$11,272"
,TOTAL,,24,"$14,445","$11,556"
25907,AS,,1,$106,$85
,SG,,1,$511,$409
,OTHER,,14,"$8,395","$6,716"
,TOTAL,,16,"$9,012","$7,210"
25909,AS,,4,$463,$370
,80'S,,1,$144,$115
,OTHER,,28,"$21,098","$16,799"
,TOTAL,,33,"$21,705","$17,284"
25915,OTHER,,1,$120,$96
,TOTAL,,1,$120,$96
25920,AS,,1,$90,$72
,OTHER,,90,"$58,764","$46,423"
,TOTAL,,91,"$58,854","$46,495"
25922,SG,,2,$610,$488
,OTHER,,1,$537,$429
,TOTAL,,3,"$1,147",$918
25924,OTHER,,1,$643,$514
,TOTAL,,1,$643,$514
25927,OTHER,,89,"$61,195","$48,341"
,TOTAL,,89,"$61,195","$48,341"
25929,SG,,1,$495,$396
,OTHER,,11,"$4,543","$3,634"
,TOTAL,,12,"$5,038","$4,031"
25931,OTHER,,10,"$7,620","$6,096"
,TOTAL,,10,"$7,620","$6,096"
25999,AS,,1,$148,$119
,80'S,,2,$377,$302
,OTHER,,206,"$87,302","$69,351"
,TOTAL,,209,"$87,828","$69,771"
26010,OTHER,,"3,279","$572,559","$442,592"
,TOTAL,,"3,279","$572,559","$442,592"
26011,SG,,147,"$40,503","$32,172"
,OTHER,,"1,985","$580,694","$456,344"
,TOTAL,,"2,132","$621,197","$488,517"
26020,SG,,79,"$27,817","$21,896"
,80'S,,2,$102,$81
,OTHER,,"1,566","$846,587","$669,164"
,TOTAL,,"1,647","$874,505","$691,141"
26025,SG,,12,"$3,057","$2,445"
,80'S,,1,$60,$48
,OTHER,,354,"$209,785","$165,213"
,TOTAL,,367,"$212,902","$167,706"
26030,AS,,1,$96,$77
,SG,,5,"$2,286","$1,797"
,80'S,,1,$57,$46
,OTHER,,219,"$137,337","$109,161"
,TOTAL,,226,"$139,776","$111,080"
26034,SG,,53,"$21,127","$16,447"
,OTHER,,532,"$369,355","$292,081"
,TOTAL,,585,"$390,482","$308,528"
26035,AS,,2,$256,$205
,SG,,18,"$11,087","$8,354"
,OTHER,,108,"$87,709","$69,488"
,TOTAL,,128,"$99,052","$78,047"
26037,AS,,1,$98,$78
,SG,,16,"$9,306","$7,445"
,80'S,,2,$248,$199
,OTHER,,239,"$155,100","$123,333"
,TOTAL,,258,"$164,752","$131,054"
26040,SG,,342,"$198,140","$156,470"
,OTHER,,420,"$212,138","$166,711"
,TOTAL,,762,"$410,278","$323,181"
26045,SG,,476,"$210,789","$165,606"
,OTHER,,944,"$599,443","$472,409"
,TOTAL,,"1,420","$810,232","$638,015"
26055,SG,,"12,294","$4,442,903","$3,503,794"
,OTHER,,"40,783","$12,421,845","$9,766,808"
,TOTAL,,"53,077","$16,864,748","$13,270,603"
26060,SG,,35,"$9,573","$7,658"
,OTHER,,139,"$37,680","$29,712"
,TOTAL,,174,"$47,253","$37,370"
26070,SG,,38,"$12,558","$9,735"
,OTHER,,351,"$133,434","$103,921"
,TOTAL,,389,"$145,992","$113,656"
26075,SG,,56,"$31,800","$24,647"
,OTHER,,511,"$206,361","$162,779"
,TOTAL,,567,"$238,161","$187,426"
26080,SG,,181,"$103,829","$81,659"
,OTHER,,"1,052","$537,057","$422,803"
,TOTAL,,"1,233","$640,886","$504,463"
26100,SG,,7,"$2,126","$1,701"
,OTHER,,37,"$13,522","$10,787"
,TOTAL,,44,"$15,648","$12,488"
26105,SG,,12,"$2,424","$1,817"
,OTHER,,69,"$32,860","$25,157"
,TOTAL,,81,"$35,284","$26,974"
26110,SG,,74,"$20,317","$16,051"
,OTHER,,382,"$182,596","$144,999"
,TOTAL,,456,"$202,913","$161,050"
26115,SG,,"1,323","$501,272","$396,820"
,OTHER,,"4,973","$1,814,270","$1,428,866"
,TOTAL,,"6,296","$2,315,542","$1,825,686"
26116,SG,,"1,288","$493,075","$388,221"
,OTHER,,"5,031","$3,184,994","$2,514,524"
,TOTAL,,"6,319","$3,678,070","$2,902,744"
26117,SG,,72,"$32,869","$25,790"
,OTHER,,440,"$366,063","$292,139"
,TOTAL,,512,"$398,932","$317,928"
26121,SG,,457,"$261,631","$206,586"
,80'S,,1,$71,$57
,OTHER,,"2,120","$1,649,252","$1,299,894"
,TOTAL,,"2,578","$1,910,955","$1,506,537"
26123,SG,,"2,692","$1,543,656","$1,216,407"
,OTHER,,"9,050","$8,522,295","$6,726,626"
,TOTAL,,"11,742","$10,065,951","$7,943,033"
26125,SG,,"1,367","$505,294","$401,021"
,OTHER,,"4,653","$1,284,878","$1,019,114"
,TOTAL,,"6,020","$1,790,172","$1,420,135"
26130,SG,,42,"$15,253","$11,434"
,OTHER,,135,"$85,793","$68,564"
,TOTAL,,177,"$101,046","$79,998"
26135,AS,,12,$928,$742
,SG,,182,"$82,974","$65,060"
,OTHER,,898,"$523,936","$414,815"
,TOTAL,,"1,092","$607,838","$480,618"
26140,SG,,156,"$48,402","$37,409"
,OTHER,,615,"$407,435","$321,021"
,TOTAL,,771,"$455,837","$358,429"
26145,SG,,"1,191","$490,289","$387,763"
,OTHER,,"3,780","$2,564,060","$2,033,094"
,TOTAL,,"4,971","$3,054,349","$2,420,857"
26160,SG,,"3,524","$1,658,289","$1,306,679"
,OTHER,,"11,514","$4,175,698","$3,281,353"
,TOTAL,,"15,038","$5,833,987","$4,588,032"
26170,SG,,33,"$13,928","$10,731"
,OTHER,,169,"$57,396","$45,113"
,TOTAL,,202,"$71,324","$55,844"
26180,SG,,57,"$23,368","$18,614"
,OTHER,,162,"$63,440","$50,394"
,TOTAL,,219,"$86,808","$69,008"
26185,AS,,2,$129,$99
,80'S,,1,$78,$63
,OTHER,,19,"$7,762","$6,091"
,TOTAL,,22,"$7,970","$6,253"
26200,SG,,63,"$21,349","$16,999"
,80'S,,1,$90,$72
,OTHER,,181,"$111,244","$85,536"
,TOTAL,,245,"$132,683","$102,607"
26205,SG,,3,"$1,264","$1,011"
,OTHER,,18,"$14,987","$11,925"
,TOTAL,,21,"$16,250","$12,936"
26210,SG,,413,"$151,002","$120,165"
,OTHER,,"1,097","$671,289","$531,646"
,TOTAL,,"1,510","$822,291","$651,811"
26215,SG,,10,"$4,770","$3,816"
,OTHER,,45,"$34,366","$26,630"
,TOTAL,,55,"$39,136","$30,446"
26230,AS,,2,$140,$112
,SG,,38,"$36,576","$29,222"
,OTHER,,206,"$121,219","$95,923"
,TOTAL,,246,"$157,935","$125,257"
26235,AS,,1,$47,$37
,SG,,90,"$37,521","$29,513"
,80'S,,1,$125,$100
,OTHER,,454,"$267,936","$210,368"
,TOTAL,,546,"$305,628","$240,018"
26236,SG,,170,"$76,398","$60,338"
,OTHER,,722,"$403,920","$319,306"
,TOTAL,,892,"$480,318","$379,644"
26250,SG,,2,$995,$796
,OTHER,,21,"$15,334","$12,267"
,TOTAL,,23,"$16,329","$13,063"
26255,OTHER,,3,"$2,420","$1,936"
,TOTAL,,3,"$2,420","$1,936"
26260,AS,,2,$220,$176
,SG,,14,"$6,546","$5,237"
,OTHER,,52,"$36,279","$28,638"
,TOTAL,,68,"$43,044","$34,051"
26261,OTHER,,3,"$2,766","$2,213"
,TOTAL,,3,"$2,766","$2,213"
26262,AS,,1,$96,$77
,SG,,4,"$1,763","$1,411"
,OTHER,,38,"$25,276","$20,221"
,TOTAL,,43,"$27,135","$21,708"
26320,SG,,72,"$23,067","$18,454"
,OTHER,,411,"$173,384","$136,421"
,TOTAL,,483,"$196,451","$154,875"
26340,OTHER,,"1,042","$155,363","$123,490"
,TOTAL,,"1,042","$155,363","$123,490"
26350,SG,,101,"$21,401","$16,764"
,OTHER,,922,"$618,078","$488,835"
,TOTAL,,"1,023","$639,479","$505,599"
26352,SG,,11,"$6,454","$5,163"
,OTHER,,46,"$39,612","$31,610"
,TOTAL,,57,"$46,066","$36,773"
26356,SG,,135,"$67,010","$53,230"
,OTHER,,"1,052","$915,869","$722,612"
,TOTAL,,"1,187","$982,879","$775,842"
26357,AS,,1,$134,$107
,SG,,9,"$4,900","$3,920"
,80'S,,2,$324,$259
,OTHER,,54,"$44,985","$34,053"
,TOTAL,,66,"$50,342","$38,339"
26358,AS,,2,$320,$256
,SG,,9,"$4,824","$3,859"
,OTHER,,31,"$33,479","$26,051"
,TOTAL,,42,"$38,623","$30,166"
26370,AS,,1,$124,$99
,SG,,62,"$31,401","$25,121"
,80'S,,1,$182,$146
,OTHER,,266,"$234,090","$184,405"
,TOTAL,,330,"$265,797","$209,770"
26372,SG,,6,"$3,615","$2,892"
,OTHER,,11,"$12,194","$9,026"
,TOTAL,,17,"$15,809","$11,918"
26373,AS,,1,$140,$112
,SG,,5,"$2,194","$1,712"
,OTHER,,11,"$9,924","$7,860"
,TOTAL,,17,"$12,258","$9,683"
26390,AS,,1,$68,$54
,SG,,6,"$3,572","$2,565"
,80'S,,3,$457,$366
,OTHER,,41,"$34,042","$27,191"
,TOTAL,,51,"$38,139","$30,176"
26392,AS,,1,$146,$117
,SG,,9,"$3,762","$3,010"
,80'S,,3,$643,$514
,OTHER,,29,"$32,659","$26,047"
,TOTAL,,42,"$37,211","$29,689"
26410,SG,,146,"$58,971","$46,701"
,OTHER,,"1,483","$853,235","$675,207"
,TOTAL,,"1,629","$912,206","$721,908"
26412,SG,,20,"$7,876","$6,301"
,80'S,,2,$102,$81
,OTHER,,72,"$49,247","$38,816"
,TOTAL,,94,"$57,225","$45,198"
26415,SG,,12,"$6,607","$5,286"
,OTHER,,48,"$23,749","$18,777"
,TOTAL,,60,"$30,356","$24,063"
26416,SG,,1,$505,$404
,OTHER,,4,"$2,724","$2,179"
,TOTAL,,5,"$3,229","$2,583"
26418,SG,,379,"$200,813","$158,779"
,OTHER,,"2,526","$1,508,583","$1,185,015"
,TOTAL,,"2,905","$1,709,395","$1,343,793"
26420,AS,,3,$331,$265
,SG,,35,"$16,482","$13,104"
,80'S,,2,$279,$223
,OTHER,,61,"$46,497","$37,118"
,TOTAL,,101,"$63,589","$50,710"
26426,SG,,96,"$38,866","$30,683"
,OTHER,,393,"$266,551","$207,354"
,TOTAL,,489,"$305,417","$238,036"
26428,SG,,2,$991,$793
,OTHER,,16,"$10,537","$8,369"
,TOTAL,,18,"$11,529","$9,162"
26432,SG,,31,"$14,923","$11,785"
,OTHER,,517,"$301,259","$236,549"
,TOTAL,,548,"$316,183","$248,335"
26433,SG,,65,"$28,517","$22,633"
,OTHER,,389,"$231,476","$180,822"
,TOTAL,,454,"$259,992","$203,456"
26434,AS,,2,$201,$160
,SG,,8,"$3,363","$2,610"
,80'S,,1,$131,$105
,OTHER,,13,"$8,586","$6,869"
,TOTAL,,24,"$12,280","$9,744"
26437,SG,,185,"$71,922","$57,372"
,OTHER,,"1,114","$564,597","$448,066"
,TOTAL,,"1,299","$636,519","$505,437"
26440,SG,,192,"$79,096","$61,613"
,OTHER,,989,"$661,730","$523,023"
,TOTAL,,"1,181","$740,826","$584,636"
26442,SG,,59,"$24,681","$19,626"
,OTHER,,267,"$224,542","$178,244"
,TOTAL,,326,"$249,223","$197,870"
26445,SG,,216,"$71,998","$56,551"
,OTHER,,810,"$439,552","$343,093"
,TOTAL,,"1,026","$511,550","$399,644"
26449,SG,,14,"$5,444","$4,355"
,OTHER,,128,"$95,868","$76,694"
,TOTAL,,142,"$101,311","$81,049"
26450,AS,,1,$32,$26
,SG,,18,"$6,269","$5,015"
,OTHER,,259,"$69,408","$55,441"
,TOTAL,,278,"$75,708","$60,482"
26455,SG,,76,"$27,795","$22,156"
,80'S,,3,$100,$80
,OTHER,,259,"$70,784","$55,373"
,TOTAL,,338,"$98,679","$77,609"
26460,SG,,56,"$18,802","$14,934"
,OTHER,,243,"$59,127","$46,942"
,TOTAL,,299,"$77,929","$61,875"
26471,SG,,44,"$12,923","$10,316"
,OTHER,,212,"$92,816","$72,477"
,TOTAL,,256,"$105,739","$82,793"
26474,SG,,6,"$1,726","$1,380"
,80'S,,1,$117,$93
,OTHER,,39,"$18,410","$14,555"
,TOTAL,,46,"$20,252","$16,029"
26476,SG,,20,"$3,397","$2,718"
,OTHER,,81,"$27,557","$21,209"
,TOTAL,,101,"$30,954","$23,926"
26477,SG,,16,"$3,057","$2,446"
,OTHER,,117,"$46,835","$36,971"
,TOTAL,,133,"$49,892","$39,417"
26478,SG,,38,"$6,965","$5,572"
,80'S,,1,$114,$91
,OTHER,,220,"$95,458","$75,929"
,TOTAL,,259,"$102,537","$81,592"
26479,AS,,1,$87,$70
,SG,,7,"$1,285","$1,028"
,OTHER,,23,"$9,509","$7,608"
,TOTAL,,31,"$10,882","$8,705"
26480,AS,,21,"$2,579","$2,063"
,SG,,441,"$137,188","$107,944"
,80'S,,13,"$1,886","$1,509"
,OTHER,,"1,665","$1,392,612","$1,096,597"
,TOTAL,,"2,140","$1,534,265","$1,208,114"
26483,AS,,9,"$1,215",$972
,SG,,120,"$36,857","$29,405"
,80'S,,4,$644,$515
,OTHER,,189,"$176,681","$140,390"
,TOTAL,,322,"$215,396","$171,282"
26485,AS,,34,"$4,374","$3,438"
,SG,,77,"$18,949","$14,799"
,80'S,,14,"$1,879","$1,503"
,OTHER,,346,"$297,956","$237,346"
,TOTAL,,471,"$323,158","$257,086"
26489,AS,,1,$126,$101
,SG,,26,"$9,116","$7,293"
,OTHER,,82,"$52,786","$42,077"
,TOTAL,,109,"$62,029","$49,471"
26490,SG,,31,"$14,483","$11,587"
,80'S,,4,$338,$270
,OTHER,,111,"$85,411","$68,133"
,TOTAL,,146,"$100,232","$79,990"
26492,AS,,4,$502,$401
,SG,,29,"$12,981","$10,385"
,OTHER,,52,"$43,793","$34,419"
,TOTAL,,85,"$57,276","$45,205"
26494,AS,,1,$106,$85
,SG,,5,"$2,443","$1,954"
,OTHER,,10,"$7,804","$5,820"
,TOTAL,,16,"$10,353","$7,859"
26496,AS,,2,$253,$202
,SG,,38,"$18,444","$14,609"
,OTHER,,132,"$117,406","$93,135"
,TOTAL,,172,"$136,103","$107,946"
26497,AS,,3,$387,$309
,SG,,36,"$13,801","$10,937"
,80'S,,2,$320,$256
,OTHER,,49,"$41,336","$32,909"
,TOTAL,,90,"$55,844","$44,412"
26498,AS,,1,$156,$125
,SG,,14,"$6,880","$5,424"
,80'S,,2,$408,$326
,OTHER,,35,"$40,119","$30,605"
,TOTAL,,52,"$47,563","$36,480"
26499,AS,,2,$225,$180
,SG,,4,"$1,459","$1,167"
,OTHER,,27,"$14,194","$11,004"
,TOTAL,,33,"$15,878","$12,351"
26500,SG,,54,"$29,456","$23,167"
,OTHER,,200,"$112,390","$89,226"
,TOTAL,,254,"$141,846","$112,394"
26502,AS,,3,$200,$160
,SG,,7,"$4,219","$3,376"
,80'S,,3,$351,$281
,OTHER,,36,"$18,307","$14,645"
,TOTAL,,49,"$23,077","$18,462"
26504,AS,,1,$48,$38
,OTHER,,5,"$1,889","$1,511"
,TOTAL,,6,"$1,937","$1,550"
26508,AS,,1,$93,$75
,SG,,17,"$6,768","$5,414"
,80'S,,1,$68,$54
,OTHER,,106,"$48,069","$38,415"
,TOTAL,,125,"$54,998","$43,958"
26510,AS,,1,$49,$40
,SG,,62,"$17,577","$14,019"
,80'S,,1,$60,$48
,OTHER,,317,"$116,653","$92,460"
,TOTAL,,381,"$134,340","$106,566"
26516,AS,,6,$460,$368
,SG,,67,"$12,178","$9,596"
,80'S,,1,$68,$54
,OTHER,,272,"$146,794","$116,635"
,TOTAL,,346,"$159,500","$126,653"
26517,OTHER,,5,"$3,956","$3,165"
,TOTAL,,5,"$3,956","$3,165"
26518,SG,,4,"$1,221",$977
,OTHER,,26,"$17,639","$13,951"
,TOTAL,,30,"$18,860","$14,928"
26520,SG,,123,"$45,275","$36,159"
,OTHER,,546,"$313,700","$248,167"
,TOTAL,,669,"$358,975","$284,326"
26525,SG,,189,"$69,624","$55,153"
,OTHER,,922,"$582,779","$458,491"
,TOTAL,,"1,111","$652,403","$513,644"
26530,AS,,34,"$3,320","$2,656"
,SG,,226,"$90,167","$71,700"
,80'S,,43,"$4,845","$3,803"
,OTHER,,593,"$422,969","$332,121"
,TOTAL,,896,"$521,300","$410,280"
26531,AS,,298,"$27,091","$21,585"
,SG,,400,"$278,403","$217,980"
,80'S,,161,"$16,920","$13,165"
,OTHER,,"3,649","$2,427,454","$1,914,792"
,TOTAL,,"4,508","$2,749,868","$2,167,522"
26535,SG,,505,"$311,681","$248,598"
,OTHER,,"1,187","$564,654","$448,755"
,TOTAL,,"1,692","$876,335","$697,352"
26536,AS,,10,$947,$757
,SG,,268,"$158,674","$125,169"
,80'S,,13,"$1,678","$1,342"
,OTHER,,"1,081","$794,313","$625,694"
,TOTAL,,"1,372","$955,611","$752,963"
26540,AS,,2,$195,$156
,SG,,179,"$97,139","$77,181"
,80'S,,6,$600,$480
,OTHER,,822,"$500,991","$397,480"
,TOTAL,,"1,009","$598,924","$475,296"
26541,AS,,19,"$2,202","$1,762"
,SG,,66,"$61,759","$48,640"
,80'S,,8,$894,$715
,OTHER,,186,"$149,115","$116,320"
,TOTAL,,279,"$213,971","$167,437"
26542,AS,,5,$471,$377
,SG,,24,"$14,564","$11,651"
,80'S,,1,$71,$57
,OTHER,,149,"$84,430","$66,164"
,TOTAL,,179,"$99,537","$78,250"
26545,SG,,11,"$5,545","$4,436"
,OTHER,,103,"$60,556","$47,904"
,TOTAL,,114,"$66,101","$52,340"
26546,AS,,9,"$1,056",$845
,OTHER,,86,"$72,184","$55,707"
,TOTAL,,95,"$73,240","$56,552"
26548,AS,,7,$728,$582
,SG,,48,"$24,191","$18,924"
,80'S,,5,$734,$587
,OTHER,,224,"$167,982","$133,623"
,TOTAL,,284,"$193,635","$153,717"
26550,SG,,2,$418,$334
,OTHER,,8,"$6,358","$5,006"
,TOTAL,,10,"$6,776","$5,341"
26551,OTHER,,1,"$1,750","$1,394"
,TOTAL,,1,"$1,750","$1,394"
26553,OTHER,,2,$214,$168
,TOTAL,,2,$214,$168
26555,AS,,1,$200,$160
,OTHER,,9,"$11,819","$9,455"
,TOTAL,,10,"$12,019","$9,615"
26560,AS,,1,$84,$67
,OTHER,,13,"$5,812","$4,650"
,TOTAL,,14,"$5,895","$4,716"
26561,SG,,3,"$1,507","$1,206"
,OTHER,,26,"$21,983","$17,533"
,TOTAL,,29,"$23,489","$18,738"
26565,AS,,7,$481,$385
,SG,,27,"$16,845","$13,476"
,80'S,,5,$509,$407
,OTHER,,70,"$40,876","$32,154"
,TOTAL,,109,"$58,711","$46,422"
26567,AS,,1,$111,$89
,SG,,23,"$14,613","$11,691"
,80'S,,2,$201,$161
,OTHER,,112,"$72,310","$56,709"
,TOTAL,,138,"$87,235","$68,649"
26568,AS,,1,$144,$115
,SG,,5,"$2,463","$1,971"
,80'S,,1,$166,$133
,OTHER,,9,"$8,317","$6,653"
,TOTAL,,16,"$11,089","$8,871"
26580,SG,,1,$693,$554
,OTHER,,17,"$4,018","$2,992"
,TOTAL,,18,"$4,711","$3,546"
26585,OTHER,,1,$80,$49
,TOTAL,,1,$80,$49
26587,SG,,2,"$1,411","$1,129"
,OTHER,,4,"$1,918","$1,520"
,TOTAL,,6,"$3,329","$2,649"
26590,OTHER,,8,"$2,931","$2,225"
,TOTAL,,8,"$2,931","$2,225"
26591,AS,,1,$79,$64
,SG,,8,"$2,918","$2,335"
,OTHER,,175,"$72,775","$58,051"
,TOTAL,,184,"$75,773","$60,450"
26593,SG,,60,"$18,288","$14,185"
,OTHER,,496,"$189,175","$150,326"
,TOTAL,,556,"$207,463","$164,511"
26596,SG,,8,"$2,236","$1,789"
,OTHER,,67,"$32,704","$26,102"
,TOTAL,,75,"$34,941","$27,891"
26597,SG,,2,$962,$769
,80'S,,1,$142,$113
,OTHER,,20,"$11,642","$9,030"
,TOTAL,,23,"$12,745","$9,913"
26600,OTHER,,"15,247","$2,901,799","$2,240,899"
,TOTAL,,"15,247","$2,901,799","$2,240,899"
26605,SG,,25,"$9,212","$7,370"
,OTHER,,"2,385","$678,545","$530,451"
,TOTAL,,"2,410","$687,757","$537,821"
26607,SG,,44,"$16,541","$13,233"
,80'S,,1,$92,$74
,OTHER,,190,"$80,050","$63,382"
,TOTAL,,235,"$96,683","$76,688"
26608,OTHER,,699,"$301,942","$238,551"
,TOTAL,,699,"$301,942","$238,551"
26615,SG,,168,"$95,894","$75,113"
,OTHER,,"1,100","$448,641","$351,577"
,TOTAL,,"1,268","$544,536","$426,689"
26641,OTHER,,152,"$45,795","$36,036"
,TOTAL,,152,"$45,795","$36,036"
26645,SG,,3,$814,$651
,OTHER,,103,"$38,649","$30,590"
,TOTAL,,106,"$39,463","$31,241"
26650,SG,,22,"$8,802","$6,984"
,OTHER,,157,"$76,589","$60,497"
,TOTAL,,179,"$85,391","$67,481"
26665,SG,,24,"$14,149","$11,218"
,OTHER,,89,"$48,715","$38,401"
,TOTAL,,113,"$62,863","$49,619"
26670,OTHER,,147,"$38,786","$30,527"
,TOTAL,,147,"$38,786","$30,527"
26675,SG,,3,"$1,240",$992
,OTHER,,30,"$9,374","$7,378"
,TOTAL,,33,"$10,614","$8,369"
26676,AS,,1,$80,$64
,SG,,21,"$8,433","$6,667"
,OTHER,,100,"$46,041","$36,127"
,TOTAL,,122,"$54,553","$42,857"
26685,SG,,11,"$3,986","$3,189"
,OTHER,,62,"$31,017","$24,469"
,TOTAL,,73,"$35,004","$27,658"
26686,SG,,4,"$1,786","$1,349"
,80'S,,1,$132,$106
,OTHER,,44,"$26,192","$20,838"
,TOTAL,,49,"$28,111","$22,293"
26700,OTHER,,782,"$165,275","$129,411"
,TOTAL,,782,"$165,275","$129,411"
26705,SG,,4,"$1,704","$1,363"
,OTHER,,153,"$44,904","$35,428"
,TOTAL,,157,"$46,608","$36,791"
26706,SG,,11,"$3,913","$3,131"
,OTHER,,68,"$20,036","$15,948"
,TOTAL,,79,"$23,949","$19,079"
26715,AS,,1,$72,$58
,SG,,30,"$15,670","$12,520"
,80'S,,2,$138,$110
,OTHER,,223,"$95,716","$75,756"
,TOTAL,,256,"$111,596","$88,443"
26720,OTHER,,"10,447","$1,417,175","$1,091,248"
,TOTAL,,"10,447","$1,417,175","$1,091,248"
26725,OTHER,,"3,222","$830,607","$651,945"
,TOTAL,,"3,222","$830,607","$651,945"
26727,SG,,194,"$170,301","$133,956"
,OTHER,,"1,302","$565,024","$443,741"
,TOTAL,,"1,496","$735,325","$577,698"
26735,SG,,172,"$97,672","$76,719"
,OTHER,,"1,558","$652,005","$513,817"
,TOTAL,,"1,730","$749,677","$590,536"
26740,OTHER,,872,"$157,050","$120,721"
,TOTAL,,872,"$157,050","$120,721"
26742,SG,,13,"$4,906","$3,890"
,OTHER,,313,"$105,848","$82,764"
,TOTAL,,326,"$110,753","$86,654"
26746,SG,,93,"$63,605","$50,250"
,OTHER,,803,"$338,372","$266,751"
,TOTAL,,896,"$401,977","$317,001"
26750,OTHER,,"5,089","$752,634","$579,168"
,TOTAL,,"5,089","$752,634","$579,168"
26755,OTHER,,613,"$140,339","$109,619"
,TOTAL,,613,"$140,339","$109,619"
26756,AS,,1,$61,$49
,SG,,38,"$15,016","$11,701"
,OTHER,,277,"$103,541","$80,631"
,TOTAL,,316,"$118,618","$92,381"
26765,SG,,126,"$71,359","$56,261"
,OTHER,,"2,051","$733,879","$573,704"
,TOTAL,,"2,177","$805,238","$629,965"
26770,OTHER,,"4,173","$775,056","$604,320"
,TOTAL,,"4,173","$775,056","$604,320"
26775,OTHER,,549,"$151,350","$117,903"
,TOTAL,,549,"$151,350","$117,903"
26776,SG,,44,"$15,168","$12,017"
,OTHER,,221,"$76,637","$60,775"
,TOTAL,,265,"$91,805","$72,792"
26785,SG,,43,"$15,063","$11,913"
,OTHER,,485,"$174,392","$137,591"
,TOTAL,,528,"$189,455","$149,504"
26820,AS,,1,$133,$107
,SG,,15,"$9,531","$7,625"
,OTHER,,48,"$40,157","$31,636"
,TOTAL,,64,"$49,821","$39,367"
26841,AS,,2,$200,$160
,SG,,108,"$63,263","$49,429"
,80'S,,1,$142,$114
,OTHER,,374,"$285,369","$223,121"
,TOTAL,,485,"$348,975","$272,824"
26842,AS,,10,"$1,165",$932
,SG,,36,"$21,939","$17,401"
,80'S,,5,$741,$592
,OTHER,,124,"$105,121","$80,662"
,TOTAL,,175,"$128,966","$99,588"
26843,AS,,1,$102,$82
,SG,,11,"$4,437","$3,550"
,80'S,,1,$121,$97
,OTHER,,29,"$16,730","$13,304"
,TOTAL,,42,"$21,390","$17,032"
26844,AS,,1,$127,$102
,SG,,16,"$5,724","$3,691"
,80'S,,2,$264,$211
,OTHER,,31,"$24,672","$19,658"
,TOTAL,,50,"$30,788","$23,662"
26850,AS,,6,$363,$291
,SG,,202,"$102,353","$80,498"
,80'S,,4,$408,$326
,OTHER,,884,"$508,987","$399,452"
,TOTAL,,"1,096","$612,111","$480,567"
26852,AS,,13,"$1,329","$1,063"
,SG,,52,"$23,629","$18,616"
,80'S,,6,$612,$490
,OTHER,,184,"$121,234","$93,536"
,TOTAL,,255,"$146,803","$113,705"
26860,SG,,888,"$384,386","$303,755"
,OTHER,,"3,187","$1,706,049","$1,346,375"
,TOTAL,,"4,075","$2,090,435","$1,650,130"
26861,SG,,135,"$30,056","$23,188"
,OTHER,,629,"$52,261","$40,748"
,TOTAL,,764,"$82,316","$63,936"
26862,AS,,23,"$2,116","$1,693"
,SG,,120,"$67,481","$53,547"
,80'S,,15,"$1,852","$1,382"
,OTHER,,382,"$259,917","$206,490"
,TOTAL,,540,"$331,366","$263,112"
26863,AS,,4,$128,$103
,SG,,14,"$3,962","$3,170"
,80'S,,3,$107,$85
,OTHER,,45,"$10,617","$8,494"
,TOTAL,,66,"$14,814","$11,852"
26910,SG,,91,"$41,725","$33,153"
,OTHER,,"1,299","$864,251","$684,971"
,TOTAL,,"1,390","$905,976","$718,124"
26951,SG,,449,"$175,161","$139,254"
,OTHER,,"6,957","$3,622,229","$2,854,646"
,TOTAL,,"7,406","$3,797,389","$2,993,900"
26952,SG,,181,"$106,139","$83,848"
,OTHER,,"1,818","$1,193,329","$938,303"
,TOTAL,,"1,999","$1,299,468","$1,022,151"
26989,OTHER,,425,"$176,173","$140,177"
,TOTAL,,425,"$176,173","$140,177"
26990,AS,,1,$123,$98
,SG,,35,"$10,729","$8,583"
,OTHER,,"4,510","$3,077,193","$2,445,960"
,TOTAL,,"4,546","$3,088,045","$2,454,642"
26991,AS,,2,$125,$100
,SG,,2,$641,$513
,80'S,,1,$92,$74
,OTHER,,216,"$103,323","$82,266"
,TOTAL,,221,"$104,182","$82,952"
26992,AS,,10,"$1,405","$1,124"
,SG,,3,"$1,064",$851
,80'S,,9,"$1,388","$1,110"
,OTHER,,815,"$884,454","$699,049"
,TOTAL,,837,"$888,311","$702,135"
27000,SG,,2,$691,$553
,80'S,,4,$167,$134
,OTHER,,618,"$163,187","$129,563"
,TOTAL,,624,"$164,046","$130,250"
27001,AS,,23,"$1,101",$881
,80'S,,35,"$2,024","$1,620"
,OTHER,,278,"$107,448","$85,475"
,TOTAL,,336,"$110,573","$87,976"
27003,AS,,2,$87,$70
,80'S,,5,$304,$244
,OTHER,,45,"$16,585","$13,257"
,TOTAL,,52,"$16,977","$13,571"
27005,AS,,13,$949,$759
,80'S,,21,"$1,491","$1,174"
,OTHER,,106,"$57,984","$45,731"
,TOTAL,,140,"$60,424","$47,664"
27006,AS,,9,$745,$596
,80'S,,10,$939,$751
,OTHER,,121,"$69,699","$55,665"
,TOTAL,,140,"$71,383","$57,012"
27025,AS,,6,$480,$384
,80'S,,1,$145,$116
,OTHER,,313,"$229,661","$181,133"
,TOTAL,,320,"$230,286","$181,633"
27030,AS,,167,"$20,898","$16,589"
,SG,,2,$966,$773
,80'S,,76,"$11,359","$9,087"
,OTHER,,"1,490","$1,212,820","$964,304"
,TOTAL,,"1,735","$1,246,043","$990,753"
27033,AS,,34,"$4,259","$3,369"
,SG,,5,"$2,002","$1,601"
,80'S,,44,"$5,674","$4,540"
,OTHER,,414,"$336,448","$266,136"
,TOTAL,,497,"$348,383","$275,646"
27035,SG,,13,"$8,542","$6,834"
,80'S,,4,$911,$729
,OTHER,,21,"$27,053","$19,720"
,TOTAL,,38,"$36,507","$27,282"
27036,AS,,29,"$3,147","$2,505"
,80'S,,29,"$3,966","$3,056"
,OTHER,,211,"$170,107","$132,289"
,TOTAL,,269,"$177,220","$137,850"
27040,SG,,10,"$3,022","$2,205"
,OTHER,,463,"$115,990","$91,583"
,TOTAL,,473,"$119,012","$93,787"
27041,SG,,17,"$6,837","$5,397"
,OTHER,,827,"$468,710","$372,285"
,TOTAL,,844,"$475,547","$377,681"
27047,SG,,103,"$41,750","$33,150"
,OTHER,,"1,109","$549,433","$433,320"
,TOTAL,,"1,212","$591,183","$466,470"
27048,AS,,44,"$2,421","$1,937"
,SG,,83,"$39,458","$31,390"
,80'S,,50,"$3,317","$2,646"
,OTHER,,829,"$391,525","$310,628"
,TOTAL,,"1,006","$436,721","$346,601"
27049,AS,,18,"$1,883","$1,506"
,SG,,3,"$1,443","$1,154"
,80'S,,59,"$7,830","$6,264"
,OTHER,,491,"$435,684","$344,130"
,TOTAL,,571,"$446,840","$353,055"
27050,SG,,2,"$1,000",$800
,OTHER,,16,"$5,898","$4,719"
,TOTAL,,18,"$6,898","$5,519"
27052,AS,,13,$877,$702
,SG,,1,$493,$394
,80'S,,19,"$1,044",$835
,OTHER,,123,"$51,930","$41,088"
,TOTAL,,156,"$54,344","$43,019"
27054,AS,,25,"$2,099","$1,679"
,80'S,,19,"$1,968","$1,575"
,OTHER,,186,"$100,641","$80,151"
,TOTAL,,230,"$104,708","$83,405"
27060,SG,,9,"$6,149","$4,866"
,OTHER,,54,"$21,538","$17,141"
,TOTAL,,63,"$27,687","$22,007"
27062,AS,,1,$30,$24
,SG,,84,"$57,475","$45,551"
,OTHER,,902,"$337,697","$266,835"
,TOTAL,,987,"$395,202","$312,410"
27065,AS,,4,$178,$142
,SG,,8,"$5,749","$4,599"
,80'S,,4,$305,$244
,OTHER,,125,"$53,616","$42,690"
,TOTAL,,141,"$59,848","$47,676"
27066,AS,,27,"$2,247","$1,792"
,SG,,2,"$1,369","$1,096"
,80'S,,26,"$2,607","$2,086"
,OTHER,,208,"$133,876","$106,070"
,TOTAL,,263,"$140,099","$111,043"
27067,80'S,,1,$88,$70
,OTHER,,18,"$13,211","$10,569"
,TOTAL,,19,"$13,299","$10,640"
27070,AS,,13,"$1,742","$1,394"
,80'S,,24,"$3,209","$2,567"
,OTHER,,450,"$384,936","$305,844"
,TOTAL,,487,"$389,887","$309,804"
27071,AS,,43,"$5,606","$4,485"
,80'S,,47,"$6,622","$5,298"
,OTHER,,557,"$554,091","$438,708"
,TOTAL,,647,"$566,319","$448,491"
27075,AS,,9,"$2,708","$2,167"
,80'S,,5,"$1,803","$1,442"
,OTHER,,113,"$224,380","$179,504"
,TOTAL,,127,"$228,891","$183,113"
27076,AS,,5,"$1,076",$861
,80'S,,18,"$4,650","$3,695"
,OTHER,,134,"$190,946","$152,240"
,TOTAL,,157,"$196,672","$156,796"
27077,AS,,1,$397,$318
,OTHER,,7,"$18,329","$14,663"
,TOTAL,,8,"$18,727","$14,981"
27078,AS,,2,$211,$169
,80'S,,5,$577,$462
,OTHER,,63,"$54,922","$43,938"
,TOTAL,,70,"$55,711","$44,569"
27079,80'S,,1,$199,$159
,OTHER,,8,"$6,211","$4,969"
,TOTAL,,9,"$6,410","$5,128"
27080,AS,,16,"$1,054",$816
,SG,,7,"$2,920","$2,162"
,80'S,,5,$308,$246
,OTHER,,219,"$95,680","$75,132"
,TOTAL,,247,"$99,961","$78,355"
27086,AS,,1,$15,$12
,SG,,3,$957,$766
,80'S,,1,$16,$13
,OTHER,,168,"$30,692","$23,860"
,TOTAL,,173,"$31,680","$24,650"
27087,AS,,28,"$2,092","$1,673"
,SG,,11,"$4,751","$3,801"
,80'S,,41,"$3,082","$2,418"
,OTHER,,380,"$195,454","$154,667"
,TOTAL,,460,"$205,379","$162,558"
27090,AS,,101,"$9,835","$7,864"
,80'S,,116,"$12,921","$10,204"
,OTHER,,906,"$588,636","$469,473"
,TOTAL,,"1,123","$611,393","$487,541"
27091,AS,,306,"$57,746","$45,882"
,80'S,,270,"$59,648","$47,461"
,OTHER,,"1,846","$2,448,363","$1,939,454"
,TOTAL,,"2,422","$2,565,757","$2,032,797"
27093,OTHER,,"8,269","$1,274,810","$1,002,417"
,TOTAL,,"8,269","$1,274,810","$1,002,417"
27095,OTHER,,"3,147","$586,487","$461,287"
,TOTAL,,"3,147","$586,487","$461,287"
27096,AS,,1,$9,$8
,OTHER,,"100,860","$24,734,183","$19,467,234"
,TOTAL,,"100,861","$24,734,192","$19,467,241"
27097,AS,,3,$191,$152
,SG,,1,$586,$469
,OTHER,,34,"$16,916","$13,276"
,TOTAL,,38,"$17,692","$13,897"
27098,AS,,1,$50,$40
,SG,,1,$469,$375
,80'S,,3,$158,$127
,OTHER,,19,"$9,234","$7,137"
,TOTAL,,24,"$9,911","$7,679"
27100,80'S,,8,$816,$653
,OTHER,,26,"$16,396","$13,116"
,TOTAL,,34,"$17,212","$13,770"
27105,AS,,1,$67,$54
,OTHER,,6,"$2,822","$2,257"
,TOTAL,,7,"$2,889","$2,311"
27110,AS,,13,"$1,334","$1,067"
,SG,,1,$603,$482
,80'S,,3,$440,$352
,OTHER,,39,"$23,553","$18,821"
,TOTAL,,56,"$25,929","$20,722"
27111,AS,,1,$116,$92
,80'S,,1,$67,$54
,OTHER,,2,"$1,272","$1,017"
,TOTAL,,4,"$1,455","$1,164"
27120,AS,,16,"$2,849","$2,279"
,80'S,,35,"$7,465","$5,972"
,OTHER,,75,"$81,705","$64,469"
,TOTAL,,126,"$92,019","$72,720"
27122,AS,,86,"$12,337","$9,870"
,80'S,,103,"$17,512","$13,914"
,OTHER,,842,"$863,657","$685,868"
,TOTAL,,"1,031","$893,507","$709,652"
27125,AS,,"1,728","$257,848","$205,335"
,80'S,,"2,240","$399,216","$317,370"
,OTHER,,"14,121","$15,116,913","$12,045,595"
,TOTAL,,"18,089","$15,773,977","$12,568,301"
27130,AS,,"20,935","$4,032,128","$3,209,036"
,80'S,,"24,808","$5,657,025","$4,489,636"
,OTHER,,"93,250","$132,909,106","$105,535,876"
,TOTAL,,"138,993","$142,598,258","$113,234,549"
27132,AS,,"1,040","$225,225","$179,765"
,80'S,,"1,264","$324,419","$257,977"
,OTHER,,"5,188","$8,130,674","$6,475,004"
,TOTAL,,"7,492","$8,680,318","$6,912,747"
27134,AS,,"2,411","$628,517","$500,436"
,80'S,,"2,704","$836,911","$664,750"
,OTHER,,"10,801","$20,428,311","$16,231,631"
,TOTAL,,"15,916","$21,893,739","$17,396,817"
27137,AS,,"1,105","$218,703","$173,997"
,80'S,,"1,493","$349,379","$277,032"
,OTHER,,"5,815","$8,084,938","$6,419,138"
,TOTAL,,"8,413","$8,653,021","$6,870,167"
27138,AS,,488,"$100,063","$79,835"
,80'S,,681,"$165,173","$131,377"
,OTHER,,"2,901","$4,193,498","$3,333,405"
,TOTAL,,"4,070","$4,458,735","$3,544,617"
27140,AS,,19,"$1,456","$1,165"
,80'S,,27,"$2,701","$2,016"
,OTHER,,177,"$105,239","$83,261"
,TOTAL,,223,"$109,396","$86,442"
27146,AS,,10,"$1,082",$865
,80'S,,12,"$1,743","$1,394"
,OTHER,,35,"$33,421","$26,737"
,TOTAL,,57,"$36,245","$28,996"
27147,AS,,7,"$1,404","$1,123"
,80'S,,5,"$1,273","$1,019"
,OTHER,,15,"$19,653","$15,714"
,TOTAL,,27,"$22,330","$17,856"
27151,AS,,2,$378,$302
,80'S,,3,$541,$433
,OTHER,,24,"$34,960","$27,968"
,TOTAL,,29,"$35,879","$28,703"
27156,AS,,16,"$2,731","$2,185"
,80'S,,4,$850,$680
,OTHER,,32,"$41,852","$33,482"
,TOTAL,,52,"$45,434","$36,347"
27161,AS,,12,"$1,523","$1,218"
,80'S,,37,"$7,532","$6,026"
,OTHER,,111,"$122,552","$96,633"
,TOTAL,,160,"$131,607","$103,877"
27165,AS,,32,"$4,222","$3,331"
,80'S,,39,"$5,515","$4,390"
,OTHER,,246,"$234,129","$186,880"
,TOTAL,,317,"$243,867","$194,601"
27170,AS,,38,"$5,611","$4,489"
,80'S,,68,"$11,161","$8,768"
,OTHER,,390,"$391,583","$309,983"
,TOTAL,,496,"$408,355","$323,240"
27175,OTHER,,26,"$10,704","$8,563"
,TOTAL,,26,"$10,704","$8,563"
27176,AS,,4,$476,$381
,80'S,,4,$569,$455
,OTHER,,31,"$27,482","$21,981"
,TOTAL,,39,"$28,527","$22,817"
27177,AS,,1,$133,$107
,80'S,,1,$179,$143
,OTHER,,14,"$15,021","$12,017"
,TOTAL,,16,"$15,334","$12,267"
27178,OTHER,,5,"$3,837","$3,063"
,TOTAL,,5,"$3,837","$3,063"
27179,OTHER,,4,"$3,005","$2,404"
,TOTAL,,4,"$3,005","$2,404"
27181,80'S,,2,$224,$179
,OTHER,,6,"$4,146","$3,317"
,TOTAL,,8,"$4,369","$3,496"
27185,OTHER,,1,$25,$20
,TOTAL,,1,$25,$20
27187,AS,,66,"$8,457","$6,732"
,80'S,,30,"$5,039","$4,032"
,OTHER,,465,"$450,105","$358,490"
,TOTAL,,561,"$463,601","$369,254"
27193,SG,,1,$320,$256
,OTHER,,"15,043","$6,189,657","$4,906,817"
,TOTAL,,"15,044","$6,189,977","$4,907,072"
27194,AS,,1,$90,$72
,OTHER,,139,"$87,652","$68,702"
,TOTAL,,140,"$87,742","$68,774"
27200,OTHER,,543,"$80,123","$62,397"
,TOTAL,,543,"$80,123","$62,397"
27202,AS,,1,$129,$103
,SG,,1,$215,$172
,80'S,,1,$79,$63
,OTHER,,6,"$4,851","$3,881"
,TOTAL,,9,"$5,274","$4,219"
27215,AS,,7,$514,$411
,80'S,,16,"$1,645","$1,316"
,OTHER,,70,"$40,238","$31,526"
,TOTAL,,93,"$42,396","$33,253"
27216,AS,,8,"$1,175",$940
,80'S,,12,"$1,965","$1,512"
,OTHER,,183,"$187,519","$144,683"
,TOTAL,,203,"$190,658","$147,135"
27217,AS,,10,"$1,161",$928
,80'S,,14,"$1,673","$1,338"
,OTHER,,177,"$132,649","$105,744"
,TOTAL,,201,"$135,482","$108,011"
27218,AS,,11,"$1,894","$1,515"
,80'S,,15,"$2,473","$1,978"
,OTHER,,108,"$125,769","$100,615"
,TOTAL,,134,"$130,135","$104,108"
27220,OTHER,,"2,470","$1,114,554","$885,882"
,TOTAL,,"2,470","$1,114,554","$885,882"
27222,OTHER,,245,"$207,512","$163,587"
,TOTAL,,245,"$207,512","$163,587"
27226,AS,,15,"$1,571","$1,257"
,80'S,,28,"$4,149","$3,319"
,OTHER,,264,"$220,045","$175,533"
,TOTAL,,307,"$225,765","$180,109"
27227,AS,,23,"$4,494","$3,595"
,80'S,,39,"$9,252","$7,391"
,OTHER,,257,"$367,085","$291,196"
,TOTAL,,319,"$380,831","$302,182"
27228,AS,,35,"$8,533","$6,826"
,80'S,,70,"$20,090","$15,972"
,OTHER,,416,"$712,868","$565,912"
,TOTAL,,521,"$741,490","$588,710"
27230,80'S,,3,$216,$173
,OTHER,,"2,684","$1,177,635","$935,309"
,TOTAL,,"2,687","$1,177,851","$935,482"
27232,OTHER,,380,"$293,911","$234,298"
,TOTAL,,380,"$293,911","$234,298"
27235,80'S,,1,$173,$138
,OTHER,,"18,128","$15,949,548","$12,711,662"
,TOTAL,,"18,129","$15,949,721","$12,711,801"
27236,AS,,"10,297","$1,506,284","$1,196,951"
,80'S,,"8,760","$1,543,086","$1,227,243"
,OTHER,,"85,983","$92,397,936","$73,675,848"
,TOTAL,,"105,040","$95,447,306","$76,100,042"
27238,SG,,1,$330,$264
,OTHER,,"2,268","$985,267","$781,977"
,TOTAL,,"2,269","$985,597","$782,242"
27240,OTHER,,476,"$423,969","$338,687"
,TOTAL,,476,"$423,969","$338,687"
27244,AS,,"8,082","$1,211,862","$963,718"
,80'S,,"5,088","$911,506","$725,228"
,OTHER,,"83,163","$91,965,405","$73,321,775"
,TOTAL,,"96,333","$94,088,774","$75,010,721"
27245,AS,,"2,171","$402,417","$320,690"
,80'S,,"1,443","$323,231","$257,771"
,OTHER,,"19,812","$26,574,598","$21,195,127"
,TOTAL,,"23,426","$27,300,246","$21,773,588"
27246,OTHER,,"2,332","$934,072","$739,820"
,TOTAL,,"2,332","$934,072","$739,820"
27248,AS,,116,"$9,982","$7,944"
,80'S,,160,"$16,725","$13,380"
,OTHER,,"1,179","$680,346","$541,288"
,TOTAL,,"1,455","$707,053","$562,613"
27250,OTHER,,"2,676","$1,123,375","$893,594"
,TOTAL,,"2,676","$1,123,375","$893,594"
27252,SG,,5,"$1,840","$1,427"
,OTHER,,"2,320","$1,493,724","$1,185,630"
,TOTAL,,"2,325","$1,495,564","$1,187,056"
27253,AS,,34,"$3,934","$3,075"
,80'S,,46,"$6,177","$4,938"
,OTHER,,476,"$294,433","$234,135"
,TOTAL,,556,"$304,543","$242,148"
27254,AS,,7,"$1,306","$1,045"
,80'S,,24,"$4,772","$3,798"
,OTHER,,162,"$187,067","$148,733"
,TOTAL,,193,"$193,145","$153,576"
27256,OTHER,,99,"$28,144","$22,499"
,TOTAL,,99,"$28,144","$22,499"
27257,80'S,,1,$37,$29
,OTHER,,212,"$71,720","$57,190"
,TOTAL,,213,"$71,757","$57,219"
27258,AS,,11,"$1,560","$1,248"
,80'S,,12,"$1,765","$1,398"
,OTHER,,109,"$96,362","$76,897"
,TOTAL,,132,"$99,687","$79,543"
27259,AS,,1,$189,$151
,OTHER,,9,"$8,629","$6,903"
,TOTAL,,10,"$8,817","$7,054"
27265,OTHER,,"4,740","$1,744,281","$1,383,442"
,TOTAL,,"4,740","$1,744,281","$1,383,442"
27266,SG,,16,"$6,862","$5,410"
,OTHER,,"12,541","$6,377,038","$5,057,434"
,TOTAL,,"12,557","$6,383,900","$5,062,844"
27275,SG,,7,"$3,025","$2,420"
,OTHER,,315,"$60,823","$48,249"
,TOTAL,,322,"$63,849","$50,669"
27280,AS,,9,$960,$768
,80'S,,11,"$1,798","$1,412"
,OTHER,,81,"$66,877","$53,206"
,TOTAL,,101,"$69,636","$55,386"
27282,80'S,,3,$431,$344
,OTHER,,6,"$2,299","$1,839"
,TOTAL,,9,"$2,730","$2,184"
27284,AS,,1,$227,$182
,80'S,,4,"$1,058",$846
,OTHER,,12,"$18,511","$14,809"
,TOTAL,,17,"$19,797","$15,837"
27286,80'S,,2,$461,$369
,OTHER,,16,"$21,812","$17,449"
,TOTAL,,18,"$22,273","$17,818"
27290,AS,,2,$411,$329
,80'S,,3,$682,$546
,OTHER,,31,"$44,519","$35,615"
,TOTAL,,36,"$45,613","$36,490"
27295,AS,,23,"$3,796","$3,037"
,80'S,,40,"$8,004","$6,403"
,OTHER,,292,"$333,811","$266,840"
,TOTAL,,355,"$345,611","$276,280"
27299,AS,,46,"$7,029","$5,623"
,80'S,,42,"$7,465","$5,865"
,OTHER,,624,"$545,685","$432,678"
,TOTAL,,712,"$560,179","$444,166"
27301,SG,,114,"$54,567","$43,372"
,80'S,,1,$133,
,OTHER,,"6,048","$3,749,201","$2,974,345"
,TOTAL,,"6,163","$3,803,901","$3,017,717"
27303,AS,,45,"$4,290","$3,432"
,SG,,4,"$1,550","$1,240"
,80'S,,26,"$2,781","$2,225"
,OTHER,,724,"$511,939","$407,353"
,TOTAL,,799,"$520,561","$414,251"
27305,AS,,16,"$1,058",$846
,SG,,13,"$3,891","$3,113"
,80'S,,19,"$1,252","$1,001"
,OTHER,,148,"$61,804","$49,223"
,TOTAL,,196,"$68,005","$54,183"
27306,AS,,4,$171,$137
,SG,,1,$245,$196
,80'S,,1,$33,$26
,OTHER,,62,"$18,726","$14,981"
,TOTAL,,68,"$19,175","$15,340"
27307,80'S,,2,$96,$77
,OTHER,,103,"$38,871","$30,243"
,TOTAL,,105,"$38,967","$30,320"
27310,AS,,254,"$23,245","$18,521"
,SG,,35,"$20,044","$15,720"
,80'S,,123,"$12,820","$10,079"
,OTHER,,"3,053","$1,869,136","$1,482,591"
,TOTAL,,"3,465","$1,925,244","$1,526,910"
27315,OTHER,,1,$470,$376
,TOTAL,,1,$470,$376
27320,AS,,1,$28,$22
,SG,,2,$421,$336
,OTHER,,13,"$4,381","$3,424"
,TOTAL,,16,"$4,830","$3,783"
27323,SG,,44,"$12,618","$10,003"
,OTHER,,701,"$156,270","$121,673"
,TOTAL,,745,"$168,888","$131,676"
27324,SG,,63,"$17,847","$14,251"
,OTHER,,931,"$356,250","$282,261"
,TOTAL,,994,"$374,097","$296,512"
27327,SG,,327,"$125,369","$98,768"
,OTHER,,"2,311","$851,759","$672,241"
,TOTAL,,"2,638","$977,128","$771,009"
27328,SG,,213,"$99,383","$78,916"
,OTHER,,"1,751","$774,185","$612,061"
,TOTAL,,"1,964","$873,568","$690,978"
27329,AS,,20,"$2,725","$2,180"
,80'S,,66,"$10,828","$8,663"
,OTHER,,924,"$971,120","$773,838"
,TOTAL,,"1,010","$984,673","$784,680"
27330,SG,,4,"$1,872","$1,498"
,OTHER,,92,"$30,163","$23,928"
,TOTAL,,96,"$32,035","$25,425"
27331,AS,,50,"$2,910","$2,320"
,SG,,49,"$27,972","$22,206"
,80'S,,57,"$3,774","$3,019"
,OTHER,,738,"$294,811","$235,157"
,TOTAL,,894,"$329,467","$262,702"
27332,AS,,7,$557,$445
,SG,,13,"$6,449","$5,160"
,80'S,,9,$676,$541
,OTHER,,125,"$59,918","$47,043"
,TOTAL,,154,"$67,600","$53,189"
27333,AS,,4,$247,$198
,SG,,18,"$7,376","$5,901"
,80'S,,1,$106,$85
,OTHER,,30,"$14,820","$11,856"
,TOTAL,,53,"$22,550","$18,040"
27334,AS,,70,"$5,616","$4,489"
,SG,,13,"$5,762","$4,530"
,80'S,,59,"$5,384","$4,307"
,OTHER,,718,"$399,598","$317,554"
,TOTAL,,860,"$416,359","$330,879"
27335,AS,,104,"$8,390","$6,712"
,80'S,,59,"$5,271","$4,217"
,OTHER,,660,"$368,045","$290,969"
,TOTAL,,823,"$381,706","$301,898"
27340,SG,,191,"$89,021","$70,198"
,OTHER,,"1,260","$424,306","$334,444"
,TOTAL,,"1,451","$513,327","$404,642"
27345,AS,,81,"$5,049","$3,988"
,SG,,240,"$115,104","$90,347"
,80'S,,53,"$3,821","$3,057"
,OTHER,,"1,242","$464,559","$365,857"
,TOTAL,,"1,616","$588,533","$463,249"
27347,AS,,17,$703,$530
,80'S,,3,$122,$98
,OTHER,,289,"$71,842","$56,108"
,TOTAL,,309,"$72,667","$56,736"
27350,AS,,92,"$6,502","$5,201"
,SG,,24,"$12,497","$9,885"
,80'S,,66,"$4,931","$3,945"
,OTHER,,744,"$381,280","$303,157"
,TOTAL,,926,"$405,210","$322,188"
27355,AS,,47,"$2,860","$2,285"
,SG,,17,"$6,268","$4,884"
,80'S,,20,"$1,367",$979
,OTHER,,285,"$143,556","$113,010"
,TOTAL,,369,"$154,051","$121,159"
27356,AS,,7,$671,$537
,SG,,1,$606,$485
,80'S,,9,$748,$599
,OTHER,,98,"$60,689","$48,276"
,TOTAL,,115,"$62,714","$49,896"
27357,AS,,5,$287,$230
,80'S,,26,"$1,996","$1,597"
,OTHER,,147,"$84,161","$66,279"
,TOTAL,,178,"$86,444","$68,105"
27358,AS,,4,$159,$127
,80'S,,2,$96,$76
,OTHER,,33,"$9,387","$7,509"
,TOTAL,,39,"$9,641","$7,713"
27360,AS,,59,"$7,679","$6,103"
,SG,,24,"$16,239","$12,166"
,80'S,,45,"$5,762","$4,610"
,OTHER,,803,"$717,200","$566,859"
,TOTAL,,931,"$746,880","$589,738"
27365,AS,,17,"$1,737","$1,390"
,80'S,,23,"$3,079","$2,325"
,OTHER,,347,"$307,812","$243,724"
,TOTAL,,387,"$312,628","$247,438"
27370,OTHER,,"2,021","$308,050","$242,209"
,TOTAL,,"2,021","$308,050","$242,209"
27372,AS,,6,$276,$221
,SG,,33,"$30,654","$24,107"
,80'S,,5,$181,$145
,OTHER,,550,"$185,666","$145,648"
,TOTAL,,594,"$216,778","$170,121"
27380,AS,,92,"$6,193","$4,955"
,SG,,24,"$6,685","$5,348"
,80'S,,64,"$4,243","$3,355"
,OTHER,,816,"$382,572","$302,993"
,TOTAL,,996,"$399,693","$316,650"
27381,AS,,41,"$3,822","$3,058"
,SG,,3,"$1,439","$1,151"
,80'S,,61,"$6,316","$4,954"
,OTHER,,324,"$215,177","$171,000"
,TOTAL,,429,"$226,754","$180,163"
27385,AS,,261,"$20,484","$16,356"
,SG,,70,"$33,665","$26,757"
,80'S,,122,"$11,124","$8,821"
,OTHER,,"2,224","$1,288,149","$1,015,081"
,TOTAL,,"2,677","$1,353,421","$1,067,014"
27386,AS,,51,"$5,098","$4,078"
,SG,,6,"$3,022","$2,337"
,80'S,,44,"$5,092","$3,978"
,OTHER,,337,"$247,197","$194,971"
,TOTAL,,438,"$260,409","$205,365"
27390,AS,,3,$137,$109
,SG,,1,$323,$258
,80'S,,3,$127,$101
,OTHER,,32,"$10,674","$8,521"
,TOTAL,,39,"$11,260","$8,989"
27391,SG,,1,$214,$171
,OTHER,,90,"$38,606","$30,533"
,TOTAL,,91,"$38,820","$30,704"
27392,AS,,4,$298,$238
,OTHER,,33,"$20,230","$16,184"
,TOTAL,,37,"$20,528","$16,422"
27393,AS,,2,$104,$83
,80'S,,4,$161,$129
,OTHER,,24,"$9,864","$7,891"
,TOTAL,,30,"$10,129","$8,103"
27394,AS,,7,$521,$417
,SG,,1,$473,$379
,80'S,,6,$536,$380
,OTHER,,117,"$53,918","$42,381"
,TOTAL,,131,"$55,447","$43,556"
27395,AS,,5,$634,$507
,SG,,1,$251,$201
,80'S,,1,$135,$108
,OTHER,,38,"$32,258","$25,803"
,TOTAL,,45,"$33,279","$26,619"
27396,AS,,4,$177,$142
,80'S,,1,$47,$38
,OTHER,,11,"$4,501","$3,601"
,TOTAL,,16,"$4,726","$3,781"
27397,AS,,2,$174,$139
,80'S,,2,$278,$223
,OTHER,,5,"$4,142","$3,314"
,TOTAL,,9,"$4,595","$3,676"
27400,AS,,1,$95,$76
,80'S,,3,$197,$157
,OTHER,,16,"$9,739","$7,735"
,TOTAL,,20,"$10,030","$7,969"
27403,AS,,17,$808,$646
,SG,,2,$860,$688
,80'S,,11,$703,$562
,OTHER,,147,"$55,263","$43,408"
,TOTAL,,177,"$57,634","$45,305"
27405,AS,,28,"$1,965","$1,518"
,SG,,10,"$4,933","$3,946"
,80'S,,21,"$1,520","$1,216"
,OTHER,,331,"$163,427","$129,948"
,TOTAL,,390,"$171,845","$136,628"
27407,AS,,4,$283,$226
,SG,,3,"$1,528","$1,222"
,80'S,,4,$345,$276
,OTHER,,51,"$29,169","$23,333"
,TOTAL,,62,"$31,325","$25,058"
27409,AS,,2,$251,$201
,SG,,1,$660,$528
,80'S,,4,$495,$396
,OTHER,,24,"$19,325","$14,477"
,TOTAL,,31,"$20,731","$15,602"
27418,AS,,34,"$3,752","$3,002"
,SG,,14,"$4,167","$3,252"
,80'S,,19,"$2,257","$1,806"
,OTHER,,179,"$131,490","$103,702"
,TOTAL,,246,"$141,667","$111,761"
27420,AS,,20,"$1,874","$1,499"
,SG,,8,"$2,682","$2,146"
,80'S,,20,"$2,225","$1,700"
,OTHER,,132,"$86,054","$68,048"
,TOTAL,,180,"$92,835","$73,392"
27422,AS,,91,"$8,287","$6,553"
,SG,,22,"$21,515","$16,723"
,80'S,,63,"$5,883","$4,706"
,OTHER,,551,"$346,523","$273,466"
,TOTAL,,727,"$382,208","$301,448"
27424,AS,,9,$792,$633
,SG,,2,$787,$407
,80'S,,6,$576,$381
,OTHER,,74,"$47,402","$37,356"
,TOTAL,,91,"$49,556","$38,777"
27425,SG,,778,"$744,335","$582,624"
,OTHER,,"4,093","$1,099,669","$867,329"
,TOTAL,,"4,871","$1,844,004","$1,449,953"
27427,AS,,10,$630,$504
,SG,,4,"$1,008",$806
,80'S,,14,"$1,388","$1,110"
,OTHER,,77,"$42,735","$34,106"
,TOTAL,,105,"$45,760","$36,526"
27428,AS,,6,$695,$556
,SG,,3,"$1,029",$823
,80'S,,8,"$2,003","$1,602"
,OTHER,,53,"$47,054","$37,210"
,TOTAL,,70,"$50,781","$40,191"
27429,AS,,2,$293,$234
,OTHER,,16,"$16,617","$13,294"
,TOTAL,,18,"$16,910","$13,528"
27430,AS,,74,"$5,792","$4,626"
,SG,,26,"$14,645","$11,713"
,80'S,,80,"$6,443","$5,111"
,OTHER,,572,"$330,261","$262,073"
,TOTAL,,752,"$357,141","$283,523"
27435,AS,,78,"$3,998","$3,198"
,SG,,3,"$1,814","$1,451"
,80'S,,30,"$2,287","$1,829"
,OTHER,,273,"$127,368","$101,717"
,TOTAL,,384,"$135,466","$108,196"
27437,SG,,17,"$9,049","$7,239"
,OTHER,,"1,104","$479,985","$382,020"
,TOTAL,,"1,121","$489,033","$389,259"
27438,AS,,60,"$6,240","$4,992"
,80'S,,105,"$13,525","$10,820"
,OTHER,,410,"$318,653","$252,065"
,TOTAL,,575,"$338,418","$267,878"
27440,AS,,4,$448,$358
,SG,,2,"$1,338","$1,070"
,80'S,,11,"$1,466","$1,160"
,OTHER,,33,"$24,730","$19,481"
,TOTAL,,50,"$27,981","$22,070"
27441,AS,,5,$549,$439
,80'S,,11,"$1,479","$1,184"
,OTHER,,40,"$32,456","$25,224"
,TOTAL,,56,"$34,485","$26,847"
27442,AS,,16,"$1,958","$1,552"
,SG,,12,"$8,284","$6,547"
,80'S,,21,"$3,099","$2,479"
,OTHER,,92,"$77,478","$61,937"
,TOTAL,,141,"$90,818","$72,515"
27443,AS,,14,"$1,458","$1,167"
,SG,,6,"$4,060","$3,248"
,80'S,,7,$946,$757
,OTHER,,45,"$38,071","$29,608"
,TOTAL,,72,"$44,536","$34,780"
27445,AS,,20,"$3,365","$2,692"
,80'S,,34,"$7,183","$5,746"
,OTHER,,175,"$207,472","$164,035"
,TOTAL,,229,"$218,020","$172,473"
27446,AS,,"2,087","$327,617","$260,810"
,80'S,,"2,209","$410,495","$326,499"
,OTHER,,"8,351","$9,648,167","$7,643,417"
,TOTAL,,"12,647","$10,386,279","$8,230,725"
27447,AS,,"42,899","$8,606,183","$6,848,978"
,80'S,,"46,439","$11,012,375","$8,733,797"
,OTHER,,"189,515","$280,724,119","$222,612,614"
,TOTAL,,"278,853","$300,342,677","$238,195,390"
27448,AS,,33,"$2,447","$1,869"
,80'S,,43,"$4,270","$3,416"
,OTHER,,150,"$83,704","$66,650"
,TOTAL,,226,"$90,421","$71,935"
27450,AS,,24,"$2,345","$1,876"
,80'S,,32,"$4,145","$3,316"
,OTHER,,171,"$132,631","$105,159"
,TOTAL,,227,"$139,122","$110,351"
27454,AS,,4,$636,$509
,80'S,,2,$303,$243
,OTHER,,20,"$21,797","$17,437"
,TOTAL,,26,"$22,736","$18,189"
27455,AS,,7,$784,$627
,80'S,,16,"$2,492","$1,993"
,OTHER,,81,"$63,412","$48,806"
,TOTAL,,104,"$66,688","$51,427"
27457,AS,,20,"$2,458","$1,886"
,80'S,,26,"$3,434","$2,667"
,OTHER,,155,"$138,334","$106,213"
,TOTAL,,201,"$144,227","$110,766"
27465,AS,,1,$73,$58
,80'S,,4,$467,$374
,OTHER,,22,"$17,443","$13,955"
,TOTAL,,27,"$17,983","$14,387"
27466,AS,,4,$594,$475
,80'S,,7,$956,$765
,OTHER,,38,"$37,518","$28,331"
,TOTAL,,49,"$39,067","$29,570"
27468,AS,,2,$345,$276
,80'S,,2,$206,$165
,OTHER,,5,"$4,455","$3,564"
,TOTAL,,9,"$5,006","$4,005"
27470,AS,,68,"$10,601","$8,480"
,80'S,,75,"$13,111","$10,328"
,OTHER,,519,"$571,657","$452,994"
,TOTAL,,662,"$595,369","$471,803"
27472,AS,,68,"$11,494","$9,031"
,80'S,,83,"$15,748","$12,525"
,OTHER,,550,"$676,380","$533,974"
,TOTAL,,701,"$703,622","$555,529"
27475,OTHER,,1,$369,$295
,TOTAL,,1,$369,$295
27477,OTHER,,46,"$33,367","$26,300"
,TOTAL,,46,"$33,367","$26,300"
27479,OTHER,,1,"$1,117",$894
,TOTAL,,1,"$1,117",$894
27485,OTHER,,9,"$5,251","$4,201"
,TOTAL,,9,"$5,251","$4,201"
27486,AS,,"1,368","$243,737","$194,024"
,80'S,,"1,375","$288,788","$229,497"
,OTHER,,"6,317","$8,143,074","$6,457,464"
,TOTAL,,"9,060","$8,675,599","$6,880,985"
27487,AS,,"2,349","$536,819","$427,029"
,80'S,,"2,611","$699,773","$555,048"
,OTHER,,"11,009","$17,832,027","$14,145,682"
,TOTAL,,"15,969","$19,068,618","$15,127,759"
27488,AS,,589,"$87,717","$70,109"
,80'S,,483,"$85,478","$67,996"
,OTHER,,"3,438","$3,633,936","$2,878,648"
,TOTAL,,"4,510","$3,807,131","$3,016,753"
27495,AS,,73,"$11,141","$8,913"
,80'S,,51,"$9,348","$7,478"
,OTHER,,631,"$716,387","$567,610"
,TOTAL,,755,"$736,876","$584,002"
27496,OTHER,,41,"$16,739","$13,286"
,TOTAL,,41,"$16,739","$13,286"
27497,AS,,1,$82,$66
,80'S,,1,$105,$84
,OTHER,,22,"$10,885","$8,628"
,TOTAL,,24,"$11,072","$8,777"
27498,80'S,,6,$316,$253
,OTHER,,39,"$18,939","$15,151"
,TOTAL,,45,"$19,255","$15,404"
27499,AS,,1,$45,$36
,80'S,,2,$174,$139
,OTHER,,18,"$10,403","$8,322"
,TOTAL,,21,"$10,621","$8,497"
27500,SG,,1,$156,$125
,OTHER,,"1,001","$510,350","$403,849"
,TOTAL,,"1,002","$510,506","$403,974"
27501,AS,,2,$153,$122
,80'S,,1,$72,$58
,OTHER,,"1,638","$906,590","$720,416"
,TOTAL,,"1,641","$906,814","$720,595"
27502,OTHER,,549,"$436,731","$347,468"
,TOTAL,,549,"$436,731","$347,468"
27503,AS,,5,$442,$354
,SG,,1,$472,$378
,80'S,,4,$547,$437
,OTHER,,938,"$753,036","$599,153"
,TOTAL,,948,"$754,498","$600,322"
27506,AS,,935,"$147,914","$117,561"
,80'S,,895,"$166,611","$132,451"
,OTHER,,"8,276","$9,651,143","$7,675,544"
,TOTAL,,"10,106","$9,965,669","$7,925,557"
27507,AS,,462,"$60,696","$48,239"
,SG,,1,$662,$530
,80'S,,601,"$88,441","$70,092"
,OTHER,,"3,797","$3,525,126","$2,807,267"
,TOTAL,,"4,861","$3,674,925","$2,926,128"
27508,OTHER,,"1,590","$686,083","$542,080"
,TOTAL,,"1,590","$686,083","$542,080"
27509,AS,,4,$289,$231
,SG,,3,"$1,193",$955
,80'S,,1,$118,$94
,OTHER,,392,"$225,583","$180,099"
,TOTAL,,400,"$227,183","$181,379"
27510,SG,,4,$966,$773
,OTHER,,391,"$236,369","$187,971"
,TOTAL,,395,"$237,336","$188,744"
27511,AS,,411,"$54,554","$43,435"
,SG,,1,$595,$476
,80'S,,413,"$66,489","$52,551"
,OTHER,,"3,632","$3,553,004","$2,829,085"
,TOTAL,,"4,457","$3,674,642","$2,925,548"
27513,AS,,257,"$43,992","$34,974"
,SG,,2,"$1,438","$1,151"
,80'S,,304,"$62,098","$49,314"
,OTHER,,"2,376","$2,976,361","$2,370,939"
,TOTAL,,"2,939","$3,083,888","$2,456,378"
27514,AS,,128,"$19,634","$15,492"
,80'S,,174,"$33,812","$27,050"
,OTHER,,"1,125","$1,265,970","$1,008,505"
,TOTAL,,"1,427","$1,319,416","$1,051,046"
27516,OTHER,,31,"$13,540","$10,832"
,TOTAL,,31,"$13,540","$10,832"
27517,SG,,1,$320,$256
,OTHER,,9,"$4,900","$3,920"
,TOTAL,,10,"$5,221","$4,176"
27519,AS,,2,$220,$176
,OTHER,,21,"$20,638","$14,878"
,TOTAL,,23,"$20,858","$15,054"
27520,SG,,1,$329,$263
,80'S,,1,$49,$39
,OTHER,,"7,284","$2,002,945","$1,559,216"
,TOTAL,,"7,286","$2,003,323","$1,559,518"
27524,AS,,468,"$44,876","$35,442"
,SG,,100,"$48,212","$38,018"
,80'S,,256,"$28,220","$21,983"
,OTHER,,"4,790","$3,292,467","$2,607,583"
,TOTAL,,"5,614","$3,413,775","$2,703,027"
27530,SG,,3,$640,$512
,OTHER,,"6,923","$2,220,091","$1,741,846"
,TOTAL,,"6,926","$2,220,731","$1,742,358"
27532,SG,,3,$966,$773
,OTHER,,523,"$248,024","$196,334"
,TOTAL,,526,"$248,990","$197,107"
27535,AS,,221,"$24,792","$19,390"
,SG,,12,"$5,198","$4,158"
,80'S,,180,"$24,445","$19,280"
,OTHER,,"2,414","$1,839,750","$1,454,117"
,TOTAL,,"2,827","$1,894,184","$1,496,945"
27536,AS,,99,"$13,703","$10,825"
,80'S,,98,"$16,307","$12,771"
,OTHER,,"1,137","$1,156,168","$911,757"
,TOTAL,,"1,334","$1,186,177","$935,353"
27538,80'S,,1,$35,$28
,OTHER,,156,"$63,092","$49,799"
,TOTAL,,157,"$63,127","$49,827"
27540,AS,,12,"$1,348",$984
,80'S,,13,"$1,502","$1,201"
,OTHER,,115,"$86,645","$68,360"
,TOTAL,,140,"$89,494","$70,545"
27550,OTHER,,297,"$105,517","$83,844"
,TOTAL,,297,"$105,517","$83,844"
27552,SG,,3,$999,$799
,80'S,,1,$84,$68
,OTHER,,396,"$211,531","$166,529"
,TOTAL,,400,"$212,614","$167,395"
27556,AS,,1,$149,$119
,80'S,,5,$611,$489
,OTHER,,48,"$45,606","$35,959"
,TOTAL,,54,"$46,366","$36,567"
27557,AS,,1,$121,$97
,80'S,,2,$363,$290
,OTHER,,17,"$18,144","$14,515"
,TOTAL,,20,"$18,628","$14,902"
27558,AS,,1,$190,$152
,80'S,,2,$415,$332
,OTHER,,10,"$11,818","$9,454"
,TOTAL,,13,"$12,422","$9,938"
27560,OTHER,,314,"$82,099","$64,714"
,TOTAL,,314,"$82,099","$64,714"
27562,80'S,,1,$42,$34
,OTHER,,46,"$16,635","$13,068"
,TOTAL,,47,"$16,677","$13,102"
27566,AS,,6,$640,$474
,SG,,2,$638,$510
,80'S,,5,$709,$487
,OTHER,,77,"$58,275","$45,470"
,TOTAL,,90,"$60,261","$46,942"
27570,SG,,"1,057","$330,929","$262,242"
,OTHER,,"6,683","$1,041,097","$816,564"
,TOTAL,,"7,740","$1,372,026","$1,078,806"
27580,AS,,67,"$12,192","$9,752"
,80'S,,80,"$17,009","$13,607"
,OTHER,,504,"$637,147","$507,332"
,TOTAL,,651,"$666,348","$530,692"
27590,AS,,"1,230","$148,951","$118,891"
,80'S,,"1,462","$217,008","$173,015"
,OTHER,,"25,519","$22,507,191","$17,941,418"
,TOTAL,,"28,211","$22,873,150","$18,233,324"
27591,AS,,14,"$1,878","$1,502"
,80'S,,5,$986,$789
,OTHER,,171,"$161,065","$128,852"
,TOTAL,,190,"$163,929","$131,143"
27592,AS,,18,"$1,969","$1,575"
,80'S,,25,"$3,373","$2,698"
,OTHER,,379,"$296,810","$235,689"
,TOTAL,,422,"$302,152","$239,962"
27594,OTHER,,682,"$338,376","$268,793"
,TOTAL,,682,"$338,376","$268,793"
27596,AS,,5,$575,$460
,80'S,,3,$403,$323
,OTHER,,"1,835","$1,389,792","$1,108,137"
,TOTAL,,"1,843","$1,390,771","$1,108,921"
27598,AS,,34,"$3,664","$2,931"
,80'S,,89,"$12,478","$9,918"
,OTHER,,859,"$623,676","$496,165"
,TOTAL,,982,"$639,818","$509,014"
27599,AS,,61,"$9,996","$7,997"
,80'S,,25,"$4,451","$3,552"
,OTHER,,551,"$385,290","$306,602"
,TOTAL,,637,"$399,737","$318,151"
27600,OTHER,,785,"$267,669","$211,401"
,TOTAL,,785,"$267,669","$211,401"
27601,OTHER,,146,"$50,728","$40,286"
,TOTAL,,146,"$50,728","$40,286"
27602,AS,,71,"$3,684","$2,947"
,80'S,,141,"$8,590","$6,802"
,OTHER,,"1,877","$784,034","$622,222"
,TOTAL,,"2,089","$796,308","$631,971"
27603,SG,,83,"$32,977","$25,810"
,OTHER,,"4,100","$2,107,512","$1,667,188"
,TOTAL,,"4,183","$2,140,489","$1,692,998"
27604,AS,,1,$74,$59
,SG,,5,"$1,578","$1,262"
,OTHER,,158,"$62,167","$48,598"
,TOTAL,,164,"$63,819","$49,920"
27605,SG,,14,"$3,091","$2,421"
,80'S,,3,$76,$61
,OTHER,,234,"$40,310","$31,801"
,TOTAL,,251,"$43,477","$34,282"
27606,AS,,1,$44,$35
,SG,,47,"$11,290","$8,926"
,80'S,,4,$113,$91
,OTHER,,"1,022","$214,562","$169,678"
,TOTAL,,"1,074","$226,009","$178,730"
27607,SG,,8,"$2,992","$2,393"
,OTHER,,603,"$420,185","$332,690"
,TOTAL,,611,"$423,176","$335,083"
27610,SG,,36,"$11,446","$9,077"
,OTHER,,569,"$328,902","$257,631"
,TOTAL,,605,"$340,348","$266,707"
27612,AS,,18,$971,$777
,SG,,46,"$18,878","$14,954"
,80'S,,17,"$1,247",$998
,OTHER,,252,"$110,376","$87,442"
,TOTAL,,333,"$131,473","$104,171"
27613,SG,,48,"$13,372","$10,617"
,OTHER,,"1,620","$359,113","$282,862"
,TOTAL,,"1,668","$372,485","$293,479"
27614,SG,,50,"$18,957","$15,166"
,OTHER,,694,"$307,715","$243,608"
,TOTAL,,744,"$326,672","$258,774"
27615,AS,,2,$283,$226
,SG,,54,"$25,246","$20,197"
,80'S,,6,"$1,060",$848
,OTHER,,901,"$949,858","$755,746"
,TOTAL,,963,"$976,447","$777,017"
27618,SG,,192,"$74,076","$58,767"
,OTHER,,"1,191","$505,021","$397,430"
,TOTAL,,"1,383","$579,097","$456,197"
27619,SG,,146,"$65,444","$51,838"
,OTHER,,"1,012","$642,754","$507,603"
,TOTAL,,"1,158","$708,197","$559,440"
27620,AS,,30,"$1,730","$1,384"
,SG,,57,"$33,469","$26,676"
,80'S,,28,"$1,669","$1,335"
,OTHER,,392,"$149,229","$117,257"
,TOTAL,,507,"$186,097","$146,652"
27625,AS,,10,$827,$662
,SG,,30,"$17,554","$14,043"
,80'S,,18,"$1,720","$1,376"
,OTHER,,172,"$94,643","$75,155"
,TOTAL,,230,"$114,744","$91,236"
27626,AS,,10,$925,$740
,SG,,43,"$23,629","$18,215"
,80'S,,38,"$3,594","$2,875"
,OTHER,,139,"$86,132","$66,856"
,TOTAL,,230,"$114,279","$88,685"
27630,SG,,174,"$76,046","$59,392"
,OTHER,,840,"$304,043","$238,818"
,TOTAL,,"1,014","$380,089","$298,210"
27635,SG,,63,"$25,634","$19,928"
,OTHER,,239,"$149,868","$117,383"
,TOTAL,,302,"$175,501","$137,311"
27637,AS,,3,$232,$186
,SG,,1,$506,$405
,80'S,,4,$383,$307
,OTHER,,43,"$26,183","$20,946"
,TOTAL,,51,"$27,304","$21,843"
27638,AS,,7,$767,$614
,SG,,4,"$1,315","$1,052"
,80'S,,9,"$1,051",$841
,OTHER,,88,"$68,282","$54,359"
,TOTAL,,108,"$71,415","$56,865"
27640,SG,,113,"$35,134","$27,927"
,80'S,,2,$352,$282
,OTHER,,"1,018","$1,058,429","$836,504"
,TOTAL,,"1,133","$1,093,915","$864,712"
27641,AS,,1,$67,$54
,SG,,33,"$10,902","$8,721"
,80'S,,1,$155,$124
,OTHER,,631,"$510,045","$401,439"
,TOTAL,,666,"$521,169","$410,338"
27645,AS,,10,"$1,622","$1,298"
,80'S,,4,$869,$695
,OTHER,,54,"$60,607","$48,485"
,TOTAL,,68,"$63,097","$50,478"
27646,AS,,6,$508,$406
,80'S,,2,$374,$299
,OTHER,,28,"$29,107","$23,286"
,TOTAL,,36,"$29,989","$23,991"
27647,AS,,7,$462,$369
,80'S,,12,"$1,541","$1,233"
,OTHER,,125,"$102,625","$82,035"
,TOTAL,,144,"$104,628","$83,638"
27648,OTHER,,304,"$51,678","$40,957"
,TOTAL,,304,"$51,678","$40,957"
27650,AS,,106,"$10,129","$8,103"
,SG,,277,"$114,407","$90,918"
,80'S,,59,"$6,673","$5,287"
,OTHER,,"1,305","$914,305","$722,002"
,TOTAL,,"1,747","$1,045,514","$826,311"
27652,SG,,27,"$12,431","$9,945"
,80'S,,1,$118,$94
,OTHER,,159,"$115,824","$92,429"
,TOTAL,,187,"$128,373","$102,468"
27654,AS,,43,"$4,012","$3,143"
,SG,,135,"$47,930","$37,787"
,80'S,,77,"$8,862","$6,986"
,OTHER,,755,"$537,742","$424,249"
,TOTAL,,"1,010","$598,546","$472,164"
27656,AS,,2,$112,$90
,SG,,8,"$2,978","$2,382"
,OTHER,,79,"$26,488","$20,944"
,TOTAL,,89,"$29,578","$23,416"
27658,AS,,21,"$1,032",$826
,SG,,50,"$10,590","$8,342"
,80'S,,24,"$1,434","$1,090"
,OTHER,,352,"$129,502","$102,814"
,TOTAL,,447,"$142,558","$113,072"
27659,AS,,14,$743,$594
,SG,,35,"$10,937","$8,749"
,80'S,,26,"$1,668","$1,297"
,OTHER,,171,"$79,467","$62,711"
,TOTAL,,246,"$92,813","$73,351"
27664,AS,,3,$173,$138
,SG,,34,"$12,543","$10,014"
,80'S,,4,$304,$243
,OTHER,,259,"$101,159","$80,190"
,TOTAL,,300,"$114,179","$90,586"
27665,AS,,5,$239,$191
,SG,,15,"$5,326","$4,261"
,80'S,,13,$885,$664
,OTHER,,100,"$42,665","$33,100"
,TOTAL,,133,"$49,114","$38,216"
27675,AS,,11,$649,$519
,SG,,49,"$16,648","$12,815"
,80'S,,16,"$1,150",$920
,OTHER,,141,"$63,756","$50,354"
,TOTAL,,217,"$82,203","$64,608"
27676,AS,,8,$545,$436
,SG,,10,"$4,056","$3,244"
,80'S,,4,$399,$319
,OTHER,,116,"$25,515","$19,580"
,TOTAL,,138,"$30,515","$23,579"
27680,SG,,46,"$18,278","$14,031"
,OTHER,,375,"$144,416","$113,638"
,TOTAL,,421,"$162,694","$127,669"
27681,SG,,4,"$1,360","$1,088"
,OTHER,,30,"$12,830","$10,184"
,TOTAL,,34,"$14,190","$11,272"
27685,AS,,138,"$6,901","$5,521"
,SG,,180,"$66,709","$52,965"
,80'S,,177,"$10,742","$8,552"
,OTHER,,"2,075","$810,846","$643,512"
,TOTAL,,"2,570","$895,198","$710,550"
27686,SG,,9,"$2,741","$1,895"
,80'S,,1,$110,$88
,OTHER,,308,"$140,511","$109,507"
,TOTAL,,318,"$143,362","$111,490"
27687,AS,,83,"$3,921","$3,134"
,SG,,182,"$65,264","$51,989"
,80'S,,175,"$10,112","$7,931"
,OTHER,,"1,069","$377,304","$297,822"
,TOTAL,,"1,509","$456,601","$360,875"
27690,AS,,80,"$5,751","$4,600"
,SG,,215,"$114,902","$90,965"
,80'S,,168,"$14,669","$11,735"
,OTHER,,"1,359","$750,196","$594,296"
,TOTAL,,"1,822","$885,517","$701,597"
27691,AS,,155,"$15,370","$12,216"
,SG,,192,"$108,088","$85,472"
,80'S,,137,"$15,048","$11,922"
,OTHER,,"1,376","$988,683","$778,190"
,TOTAL,,"1,860","$1,127,190","$887,800"
27692,AS,,42,$600,$480
,SG,,31,"$8,412","$6,730"
,80'S,,22,$397,$317
,OTHER,,248,"$27,250","$21,800"
,TOTAL,,343,"$36,658","$29,327"
27695,AS,,1,$93,$74
,SG,,58,"$17,247","$13,582"
,OTHER,,454,"$165,222","$130,119"
,TOTAL,,513,"$182,561","$143,776"
27696,SG,,17,"$5,913","$4,731"
,OTHER,,100,"$53,704","$42,917"
,TOTAL,,117,"$59,618","$47,648"
27698,AS,,50,"$4,208","$3,366"
,SG,,87,"$24,846","$19,033"
,80'S,,61,"$5,327","$4,209"
,OTHER,,504,"$313,645","$244,272"
,TOTAL,,702,"$348,025","$270,881"
27700,AS,,3,$278,$223
,SG,,23,"$15,597","$12,282"
,80'S,,13,"$1,328","$1,009"
,OTHER,,98,"$54,325","$42,111"
,TOTAL,,137,"$71,529","$55,624"
27702,AS,,60,"$7,822","$6,171"
,80'S,,146,"$22,540","$17,803"
,OTHER,,477,"$458,368","$357,010"
,TOTAL,,683,"$488,730","$380,984"
27703,AS,,5,$760,$608
,80'S,,14,"$2,437","$1,950"
,OTHER,,58,"$61,687","$49,291"
,TOTAL,,77,"$64,884","$51,849"
27704,SG,,30,"$12,134","$9,604"
,80'S,,2,$168,$134
,OTHER,,147,"$77,176","$61,568"
,TOTAL,,179,"$89,478","$71,306"
27705,AS,,22,"$1,862","$1,490"
,SG,,8,"$2,159","$1,727"
,80'S,,19,"$1,996","$1,597"
,OTHER,,185,"$109,568","$86,191"
,TOTAL,,234,"$115,585","$91,005"
27707,SG,,7,"$2,286","$1,829"
,OTHER,,240,"$65,519","$51,427"
,TOTAL,,247,"$67,805","$53,256"
27709,AS,,18,"$1,422","$1,138"
,SG,,1,$218,$175
,80'S,,17,"$1,732","$1,386"
,OTHER,,135,"$83,443","$65,561"
,TOTAL,,171,"$86,815","$68,259"
27712,AS,,2,$146,$117
,80'S,,9,"$1,245",$996
,OTHER,,25,"$23,633","$16,717"
,TOTAL,,36,"$25,023","$17,829"
27715,AS,,4,$528,$422
,SG,,1,$634,$507
,80'S,,4,$604,$434
,OTHER,,54,"$57,553","$44,887"
,TOTAL,,63,"$59,319","$46,250"
27720,AS,,52,"$6,135","$4,908"
,80'S,,34,"$4,698","$3,687"
,OTHER,,477,"$415,194","$328,745"
,TOTAL,,563,"$426,027","$337,340"
27722,AS,,3,$308,$247
,80'S,,2,$315,$252
,OTHER,,36,"$31,349","$25,072"
,TOTAL,,41,"$31,972","$25,570"
27724,AS,,55,"$9,637","$7,709"
,80'S,,38,"$7,824","$5,868"
,OTHER,,454,"$571,459","$448,801"
,TOTAL,,547,"$588,920","$462,378"
27725,AS,,3,$480,$384
,80'S,,5,$962,$770
,OTHER,,37,"$42,718","$33,630"
,TOTAL,,45,"$44,159","$34,783"
27730,OTHER,,5,"$2,386","$1,908"
,TOTAL,,5,"$2,386","$1,908"
27732,OTHER,,4,"$1,642","$1,313"
,TOTAL,,4,"$1,642","$1,313"
27734,OTHER,,1,$732,$586
,TOTAL,,1,$732,$586
27742,AS,,1,$107,$86
,OTHER,,1,$5,$4
,TOTAL,,2,$112,$90
27745,AS,,3,$219,$175
,SG,,1,$530,$424
,80'S,,8,$951,$761
,OTHER,,78,"$54,467","$43,493"
,TOTAL,,90,"$56,167","$44,854"
27750,SG,,3,$969,$776
,OTHER,,"4,206","$1,185,816","$930,218"
,TOTAL,,"4,209","$1,186,786","$930,994"
27752,SG,,9,"$2,715","$2,172"
,80'S,,1,$67,$53
,OTHER,,"3,030","$1,345,798","$1,064,413"
,TOTAL,,"3,040","$1,348,580","$1,066,638"
27756,AS,,21,"$1,493","$1,194"
,SG,,4,"$1,730","$1,127"
,80'S,,22,"$2,008","$1,523"
,OTHER,,316,"$184,467","$145,700"
,TOTAL,,363,"$189,698","$149,545"
27758,AS,,120,"$13,967","$11,094"
,SG,,6,"$3,604","$2,884"
,80'S,,98,"$13,087","$10,291"
,OTHER,,"1,435","$1,067,049","$842,512"
,TOTAL,,"1,659","$1,097,708","$866,780"
27759,AS,,308,"$40,782","$32,324"
,SG,,5,"$2,950","$2,360"
,80'S,,245,"$39,978","$31,365"
,OTHER,,"3,042","$2,960,681","$2,341,962"
,TOTAL,,"3,600","$3,044,390","$2,408,011"
27760,SG,,,$13,$11
,OTHER,,"3,459","$950,733","$740,114"
,TOTAL,,"3,459","$950,746","$740,125"
27762,SG,,2,$502,$401
,OTHER,,324,"$128,403","$101,203"
,TOTAL,,326,"$128,905","$101,604"
27766,SG,,98,"$47,314","$37,244"
,OTHER,,"1,278","$706,966","$556,300"
,TOTAL,,"1,376","$754,280","$593,544"
27780,SG,,1,$148,$118
,OTHER,,"3,853","$950,918","$736,737"
,TOTAL,,"3,854","$951,066","$736,855"
27781,SG,,1,$150,$120
,OTHER,,161,"$51,035","$40,062"
,TOTAL,,162,"$51,185","$40,182"
27784,SG,,10,"$4,924","$3,939"
,OTHER,,258,"$109,406","$87,066"
,TOTAL,,268,"$114,329","$91,005"
27786,AS,,1,$27,$22
,SG,,1,$321,$257
,OTHER,,"25,299","$6,992,712","$5,420,730"
,TOTAL,,"25,301","$6,993,061","$5,421,008"
27788,SG,,8,"$2,446","$1,957"
,OTHER,,"1,598","$597,456","$467,548"
,TOTAL,,"1,606","$599,902","$469,505"
27792,SG,,228,"$110,225","$87,425"
,80'S,,1,$86,$69
,OTHER,,"4,263","$2,316,571","$1,829,073"
,TOTAL,,"4,492","$2,426,882","$1,916,568"
27808,SG,,1,$350,$280
,OTHER,,"4,681","$1,398,652","$1,092,976"
,TOTAL,,"4,682","$1,399,003","$1,093,257"
27810,SG,,9,"$2,548","$2,038"
,OTHER,,"2,057","$843,549","$667,075"
,TOTAL,,"2,066","$846,096","$669,113"
27814,AS,,872,"$94,152","$74,627"
,SG,,165,"$80,151","$63,279"
,80'S,,392,"$49,761","$39,341"
,OTHER,,"10,719","$8,203,417","$6,494,532"
,TOTAL,,"12,148","$8,427,481","$6,671,778"
27816,OTHER,,"1,012","$284,373","$221,780"
,TOTAL,,"1,012","$284,373","$221,780"
27818,OTHER,,"1,265","$522,861","$414,876"
,TOTAL,,"1,265","$522,861","$414,876"
27822,AS,,450,"$54,025","$42,743"
,SG,,78,"$38,064","$30,090"
,80'S,,246,"$35,360","$27,698"
,OTHER,,"5,316","$4,671,686","$3,692,626"
,TOTAL,,"6,090","$4,799,134","$3,793,157"
27823,AS,,88,"$12,034","$9,487"
,SG,,12,"$6,117","$4,859"
,80'S,,49,"$8,520","$6,816"
,OTHER,,"1,035","$1,028,856","$816,037"
,TOTAL,,"1,184","$1,055,527","$837,199"
27824,SG,,2,$327,$262
,OTHER,,755,"$221,466","$173,374"
,TOTAL,,757,"$221,793","$173,636"
27825,AS,,3,$197,$153
,SG,,2,$865,$692
,80'S,,1,$40,$32
,OTHER,,330,"$134,091","$105,677"
,TOTAL,,336,"$135,193","$106,554"
27826,AS,,12,"$1,170",$936
,SG,,2,$703,$563
,80'S,,10,"$1,131",$900
,OTHER,,154,"$102,557","$80,819"
,TOTAL,,178,"$105,561","$83,218"
27827,AS,,40,"$5,720","$4,464"
,SG,,5,"$2,504","$2,004"
,80'S,,39,"$6,830","$5,333"
,OTHER,,496,"$510,679","$402,078"
,TOTAL,,580,"$525,733","$413,879"
27828,AS,,69,"$10,844","$8,588"
,SG,,4,"$2,455","$1,964"
,80'S,,44,"$8,329","$6,557"
,OTHER,,747,"$855,810","$677,129"
,TOTAL,,864,"$877,438","$694,237"
27829,AS,,100,"$5,312","$4,244"
,SG,,28,"$7,923","$6,086"
,80'S,,48,"$3,047","$2,437"
,OTHER,,"1,099","$354,706","$280,612"
,TOTAL,,"1,275","$370,988","$293,379"
27830,OTHER,,22,"$6,010","$4,749"
,TOTAL,,22,"$6,010","$4,749"
27831,OTHER,,9,"$2,835","$2,268"
,TOTAL,,9,"$2,835","$2,268"
27832,AS,,1,$74,$59
,SG,,1,$433,$347
,80'S,,1,$87,$70
,OTHER,,13,"$5,335","$4,188"
,TOTAL,,16,"$5,930","$4,664"
27840,OTHER,,"1,567","$513,529","$406,793"
,TOTAL,,"1,567","$513,529","$406,793"
27842,SG,,1,$303,$243
,OTHER,,396,"$137,205","$107,749"
,TOTAL,,397,"$137,509","$107,992"
27846,AS,,6,$452,$362
,SG,,1,$494,$395
,80'S,,6,$647,$518
,OTHER,,129,"$73,176","$58,381"
,TOTAL,,142,"$74,769","$59,655"
27848,AS,,14,"$1,529","$1,223"
,SG,,4,"$2,035","$1,606"
,80'S,,20,"$2,566","$2,053"
,OTHER,,258,"$198,648","$158,076"
,TOTAL,,296,"$204,778","$162,958"
27860,SG,,18,"$4,630","$3,695"
,OTHER,,161,"$26,238","$20,852"
,TOTAL,,179,"$30,868","$24,547"
27870,AS,,290,"$40,350","$32,064"
,SG,,58,"$34,147","$26,925"
,80'S,,788,"$60,119","$47,029"
,OTHER,,"2,484","$2,525,044","$1,985,715"
,TOTAL,,"3,620","$2,659,660","$2,091,733"
27871,AS,,32,"$2,750","$2,200"
,SG,,8,"$4,181","$3,345"
,80'S,,65,"$6,062","$4,685"
,OTHER,,352,"$198,716","$156,066"
,TOTAL,,457,"$211,708","$166,296"
27880,AS,,"1,146","$135,556","$108,124"
,80'S,,"1,051","$150,818","$119,847"
,OTHER,,"21,453","$17,962,230","$14,277,751"
,TOTAL,,"23,650","$18,248,604","$14,505,722"
27881,AS,,85,"$10,926","$8,635"
,80'S,,79,"$12,417","$9,933"
,OTHER,,"1,179","$1,096,721","$870,456"
,TOTAL,,"1,343","$1,120,064","$889,025"
27882,AS,,9,"$1,327","$1,062"
,80'S,,3,$395,$316
,OTHER,,"1,199","$952,032","$755,274"
,TOTAL,,"1,211","$953,754","$756,651"
27884,SG,,19,"$9,213","$7,370"
,OTHER,,"1,026","$620,508","$490,021"
,TOTAL,,"1,045","$629,721","$497,392"
27886,AS,,2,$215,$172
,80'S,,3,$364,$291
,OTHER,,"1,707","$1,157,523","$917,406"
,TOTAL,,"1,712","$1,158,102","$917,869"
27888,AS,,11,"$1,228",$982
,80'S,,20,"$2,646","$2,117"
,OTHER,,274,"$202,613","$160,529"
,TOTAL,,305,"$206,487","$163,628"
27889,80'S,,1,$137,$109
,OTHER,,117,"$88,290","$69,963"
,TOTAL,,118,"$88,427","$70,072"
27892,AS,,4,$237,$190
,80'S,,2,$100,$80
,OTHER,,157,"$78,953","$63,011"
,TOTAL,,163,"$79,290","$63,281"
27893,AS,,2,$172,$138
,OTHER,,52,"$28,203","$22,563"
,TOTAL,,54,"$28,376","$22,701"
27894,AS,,5,$451,$361
,80'S,,3,$354,$283
,OTHER,,160,"$113,217","$90,526"
,TOTAL,,168,"$114,022","$91,170"
27899,AS,,2,$240,$192
,80'S,,7,$800,$640
,OTHER,,250,"$119,638","$95,157"
,TOTAL,,259,"$120,679","$95,989"
28001,OTHER,,"6,819","$1,099,901","$856,207"
,TOTAL,,"6,819","$1,099,901","$856,207"
28002,SG,,104,"$47,152","$37,569"
,OTHER,,"4,217","$1,271,053","$999,766"
,TOTAL,,"4,321","$1,318,205","$1,037,335"
28003,SG,,41,"$17,986","$14,379"
,OTHER,,"2,236","$1,264,703","$1,002,041"
,TOTAL,,"2,277","$1,282,689","$1,016,420"
28005,SG,,131,"$61,214","$48,246"
,OTHER,,"3,942","$2,622,816","$2,077,163"
,TOTAL,,"4,073","$2,684,031","$2,125,409"
28008,SG,,288,"$125,471","$99,173"
,OTHER,,"1,143","$384,647","$303,670"
,TOTAL,,"1,431","$510,119","$402,843"
28010,OTHER,,"3,485","$1,014,002","$795,493"
,TOTAL,,"3,485","$1,014,002","$795,493"
28011,OTHER,,631,"$211,248","$166,208"
,TOTAL,,631,"$211,248","$166,208"
28020,SG,,49,"$16,385","$13,108"
,OTHER,,332,"$111,938","$88,093"
,TOTAL,,381,"$128,322","$101,201"
28022,OTHER,,799,"$278,014","$220,010"
,TOTAL,,799,"$278,014","$220,010"
28024,OTHER,,534,"$206,194","$162,995"
,TOTAL,,534,"$206,194","$162,995"
28030,SG,,57,"$29,900","$23,368"
,80'S,,5,$222,$177
,OTHER,,228,"$58,999","$45,854"
,TOTAL,,290,"$89,121","$69,400"
28035,SG,,429,"$251,671","$197,206"
,OTHER,,"1,436","$424,553","$334,184"
,TOTAL,,"1,865","$676,224","$531,390"
28043,SG,,654,"$232,153","$183,458"
,OTHER,,"2,995","$891,943","$700,165"
,TOTAL,,"3,649","$1,124,096","$883,623"
28045,AS,,6,$254,$203
,SG,,670,"$281,101","$222,877"
,80'S,,8,$394,$315
,OTHER,,"2,904","$973,097","$766,536"
,TOTAL,,"3,588","$1,254,845","$989,932"
28046,SG,,52,"$23,291","$18,348"
,OTHER,,420,"$322,963","$257,214"
,TOTAL,,472,"$346,254","$275,562"
28050,SG,,15,"$5,200","$4,160"
,OTHER,,88,"$25,365","$20,137"
,TOTAL,,103,"$30,564","$24,297"
28052,OTHER,,144,"$38,886","$30,522"
,TOTAL,,144,"$38,886","$30,522"
28054,SG,,14,"$4,517","$3,614"
,OTHER,,92,"$24,563","$19,447"
,TOTAL,,106,"$29,080","$23,061"
28060,SG,,416,"$149,687","$118,457"
,OTHER,,"1,432","$569,626","$446,745"
,TOTAL,,"1,848","$719,313","$565,202"
28062,SG,,85,"$36,043","$28,213"
,OTHER,,384,"$177,313","$138,006"
,TOTAL,,469,"$213,356","$166,219"
28070,SG,,37,"$12,715","$10,172"
,OTHER,,160,"$47,477","$37,721"
,TOTAL,,197,"$60,192","$47,893"
28072,SG,,40,"$16,145","$12,916"
,OTHER,,211,"$59,240","$47,217"
,TOTAL,,251,"$75,385","$60,133"
28080,AS,,10,$424,$339
,SG,,"2,786","$1,166,738","$916,113"
,80'S,,37,"$1,677","$1,340"
,OTHER,,"8,173","$2,219,075","$1,736,770"
,TOTAL,,"11,006","$3,387,914","$2,654,562"
28086,AS,,11,$455,$364
,SG,,43,"$12,496","$9,997"
,80'S,,46,"$2,082","$1,666"
,OTHER,,239,"$71,376","$55,882"
,TOTAL,,339,"$86,409","$67,909"
28088,AS,,1,$24,$19
,SG,,21,"$6,186","$4,949"
,80'S,,3,$104,$83
,OTHER,,129,"$34,816","$27,668"
,TOTAL,,154,"$41,130","$32,719"
28090,SG,,829,"$364,256","$287,786"
,OTHER,,"3,856","$1,271,688","$999,665"
,TOTAL,,"4,685","$1,635,945","$1,287,451"
28092,SG,,196,"$87,870","$69,589"
,OTHER,,650,"$207,951","$162,004"
,TOTAL,,846,"$295,821","$231,593"
28100,AS,,11,$628,$503
,SG,,124,"$40,256","$31,654"
,80'S,,28,"$1,515","$1,212"
,OTHER,,450,"$189,461","$148,452"
,TOTAL,,613,"$231,861","$181,820"
28102,AS,,1,$44,$35
,SG,,3,"$1,039",$831
,80'S,,2,$113,$90
,OTHER,,19,"$8,710","$6,968"
,TOTAL,,25,"$9,905","$7,924"
28103,AS,,1,$71,$57
,SG,,5,"$1,935","$1,548"
,80'S,,2,$134,$107
,OTHER,,30,"$13,279","$10,622"
,TOTAL,,38,"$15,419","$12,333"
28104,AS,,24,"$1,348","$1,079"
,SG,,418,"$141,079","$110,680"
,80'S,,34,"$2,128","$1,703"
,OTHER,,"1,229","$468,728","$367,531"
,TOTAL,,"1,705","$613,284","$480,992"
28106,AS,,2,$137,$109
,SG,,14,"$4,372","$3,498"
,80'S,,15,$662,$530
,OTHER,,46,"$15,882","$11,882"
,TOTAL,,77,"$21,053","$16,019"
28107,AS,,1,$58,$46
,SG,,9,"$3,472","$2,778"
,80'S,,5,$328,$262
,OTHER,,51,"$20,327","$16,181"
,TOTAL,,66,"$24,185","$19,268"
28108,OTHER,,"2,895","$998,533","$784,536"
,TOTAL,,"2,895","$998,533","$784,536"
28110,SG,,857,"$331,044","$260,669"
,OTHER,,"2,542","$734,832","$579,828"
,TOTAL,,"3,399","$1,065,876","$840,497"
28111,SG,,176,"$73,685","$58,721"
,OTHER,,"1,181","$480,028","$378,712"
,TOTAL,,"1,357","$553,713","$437,432"
28112,SG,,965,"$333,673","$264,536"
,80'S,,4,$247,$97
,OTHER,,"5,491","$1,667,362","$1,314,324"
,TOTAL,,"6,460","$2,001,282","$1,578,957"
28113,AS,,4,$201,$160
,SG,,449,"$182,184","$145,017"
,80'S,,10,$603,$482
,OTHER,,"2,601","$923,305","$728,266"
,TOTAL,,"3,064","$1,106,293","$873,926"
28114,AS,,74,"$7,253","$5,727"
,SG,,252,"$91,982","$73,586"
,80'S,,178,"$21,846","$17,052"
,OTHER,,"1,630","$1,188,168","$931,711"
,TOTAL,,"2,134","$1,309,249","$1,028,076"
28116,AS,,1,$35,$28
,SG,,29,"$11,531","$9,225"
,OTHER,,110,"$50,915","$40,526"
,TOTAL,,140,"$62,480","$49,779"
28118,AS,,41,"$2,081","$1,665"
,SG,,222,"$131,468","$103,220"
,80'S,,86,"$5,998","$4,721"
,OTHER,,"1,505","$603,656","$474,167"
,TOTAL,,"1,854","$743,203","$583,772"
28119,SG,,953,"$573,383","$450,527"
,OTHER,,"2,364","$931,943","$730,383"
,TOTAL,,"3,317","$1,505,326","$1,180,910"
28120,AS,,5,$385,$308
,SG,,327,"$306,412","$241,204"
,80'S,,6,$425,$340
,OTHER,,"2,916","$1,408,207","$1,112,758"
,TOTAL,,"3,254","$1,715,429","$1,354,610"
28122,AS,,144,"$10,704","$8,563"
,SG,,"1,308","$548,301","$434,861"
,80'S,,313,"$28,405","$22,513"
,OTHER,,"8,292","$4,624,234","$3,651,484"
,TOTAL,,"10,057","$5,211,645","$4,117,422"
28124,AS,,1,$63,$51
,80'S,,23,"$1,326",$992
,OTHER,,"15,557","$7,008,730","$5,530,509"
,TOTAL,,"15,581","$7,010,119","$5,531,551"
28126,OTHER,,"4,020","$1,273,825","$1,000,327"
,TOTAL,,"4,020","$1,273,825","$1,000,327"
28130,AS,,2,$131,$105
,80'S,,3,$202,$162
,OTHER,,81,"$37,093","$27,739"
,TOTAL,,86,"$37,426","$28,006"
28140,SG,,104,"$42,678","$33,720"
,80'S,,1,$44,$35
,OTHER,,986,"$476,455","$376,996"
,TOTAL,,"1,091","$519,177","$410,751"
28150,SG,,417,"$180,154","$142,691"
,OTHER,,"1,651","$557,553","$440,848"
,TOTAL,,"2,068","$737,708","$583,538"
28153,OTHER,,"4,837","$1,494,020","$1,175,740"
,TOTAL,,"4,837","$1,494,020","$1,175,740"
28160,OTHER,,"4,232","$1,362,339","$1,076,206"
,TOTAL,,"4,232","$1,362,339","$1,076,206"
28171,AS,,1,$99,$79
,SG,,2,$858,$686
,80'S,,1,$122,$97
,OTHER,,26,"$16,528","$13,223"
,TOTAL,,30,"$17,606","$14,085"
28173,SG,,45,"$18,000","$14,351"
,OTHER,,254,"$151,511","$119,153"
,TOTAL,,299,"$169,511","$133,505"
28175,SG,,80,"$33,521","$26,399"
,OTHER,,236,"$112,099","$88,773"
,TOTAL,,316,"$145,620","$115,172"
28190,OTHER,,"5,277","$1,277,165","$991,255"
,TOTAL,,"5,277","$1,277,165","$991,255"
28192,SG,,192,"$80,353","$63,465"
,OTHER,,"1,510","$567,105","$445,142"
,TOTAL,,"1,702","$647,457","$508,607"
28193,SG,,42,"$24,656","$19,725"
,OTHER,,684,"$291,982","$230,339"
,TOTAL,,726,"$316,638","$250,063"
28200,SG,,137,"$46,521","$37,132"
,OTHER,,524,"$143,318","$114,063"
,TOTAL,,661,"$189,839","$151,195"
28202,AS,,2,$76,$61
,SG,,22,"$6,780","$5,335"
,80'S,,9,$517,$413
,OTHER,,77,"$28,852","$22,597"
,TOTAL,,110,"$36,225","$28,406"
28208,SG,,133,"$50,552","$40,248"
,OTHER,,"1,207","$333,877","$264,029"
,TOTAL,,"1,340","$384,429","$304,276"
28210,AS,,2,$91,$73
,SG,,13,"$4,243","$3,305"
,80'S,,3,$239,$191
,OTHER,,73,"$26,999","$21,142"
,TOTAL,,91,"$31,572","$24,711"
28220,OTHER,,981,"$328,655","$259,025"
,TOTAL,,981,"$328,655","$259,025"
28222,SG,,21,"$4,149","$3,308"
,OTHER,,284,"$125,422","$99,118"
,TOTAL,,305,"$129,572","$102,426"
28225,SG,,104,"$22,142","$17,690"
,OTHER,,617,"$136,075","$107,430"
,TOTAL,,721,"$158,217","$125,120"
28226,SG,,51,"$10,575","$8,460"
,OTHER,,145,"$38,956","$31,120"
,TOTAL,,196,"$49,530","$39,580"
28230,AS,,1,$28,$22
,OTHER,,"2,902","$919,060","$724,485"
,TOTAL,,"2,903","$919,088","$724,507"
28232,OTHER,,"5,806","$1,661,214","$1,311,724"
,TOTAL,,"5,806","$1,661,214","$1,311,724"
28234,OTHER,,"4,517","$1,138,328","$901,026"
,TOTAL,,"4,517","$1,138,328","$901,026"
28238,AS,,6,$385,$308
,SG,,105,"$42,985","$33,956"
,80'S,,31,"$2,170","$1,729"
,OTHER,,375,"$173,356","$136,648"
,TOTAL,,517,"$218,897","$172,641"
28240,SG,,127,"$33,580","$26,671"
,OTHER,,600,"$152,201","$120,544"
,TOTAL,,727,"$185,780","$147,215"
28250,AS,,20,"$1,075",$759
,SG,,98,"$44,475","$34,827"
,80'S,,28,"$1,903","$1,425"
,OTHER,,482,"$204,281","$158,836"
,TOTAL,,628,"$251,734","$195,848"
28260,AS,,3,$161,$129
,SG,,29,"$10,027","$7,726"
,80'S,,31,"$2,109","$1,660"
,OTHER,,132,"$59,681","$46,253"
,TOTAL,,195,"$71,979","$55,767"
28261,AS,,2,$186,$149
,SG,,60,"$17,877","$14,302"
,80'S,,3,$311,$249
,OTHER,,283,"$193,903","$153,827"
,TOTAL,,348,"$212,278","$168,527"
28262,AS,,2,$400,$320
,SG,,11,"$5,827","$4,662"
,80'S,,37,"$6,962","$5,569"
,OTHER,,87,"$100,136","$78,241"
,TOTAL,,137,"$113,325","$88,792"
28264,AS,,10,$647,$517
,SG,,5,$982,$786
,80'S,,6,$745,$552
,OTHER,,55,"$38,288","$29,770"
,TOTAL,,76,"$40,662","$31,626"
28270,OTHER,,"19,508","$6,638,477","$5,268,345"
,TOTAL,,"19,508","$6,638,477","$5,268,345"
28272,OTHER,,"4,733","$1,333,682","$1,055,935"
,TOTAL,,"4,733","$1,333,682","$1,055,935"
28280,AS,,2,$117,$94
,SG,,203,"$54,168","$42,879"
,80'S,,6,$399,$319
,OTHER,,692,"$235,890","$186,125"
,TOTAL,,903,"$290,574","$229,417"
28285,AS,,2,$58,$46
,SG,,"23,878","$8,908,420","$7,056,706"
,80'S,,20,$886,$615
,OTHER,,"83,226","$25,315,860","$20,007,660"
,TOTAL,,"107,126","$34,225,224","$27,065,027"
28286,SG,,183,"$103,421","$81,634"
,80'S,,1,$49,$39
,OTHER,,510,"$157,505","$125,443"
,TOTAL,,694,"$260,974","$207,116"
28288,SG,,"1,537","$608,850","$481,765"
,80'S,,1,$82,$65
,OTHER,,"3,838","$1,433,661","$1,129,651"
,TOTAL,,"5,376","$2,042,592","$1,611,481"
28289,AS,,75,"$6,266","$4,969"
,80'S,,39,"$4,037","$3,189"
,OTHER,,"1,695","$1,024,079","$805,955"
,TOTAL,,"1,809","$1,034,382","$814,113"
28290,SG,,906,"$327,599","$257,096"
,80'S,,1,$111,$89
,OTHER,,"2,727","$1,322,340","$1,037,632"
,TOTAL,,"3,634","$1,650,050","$1,294,818"
28292,AS,,176,"$11,459","$9,164"
,SG,,"3,885","$1,254,725","$993,873"
,80'S,,868,"$77,990","$61,557"
,OTHER,,"13,256","$7,039,007","$5,565,037"
,TOTAL,,"18,185","$8,383,181","$6,629,631"
28293,AS,,14,"$1,096",$877
,SG,,857,"$396,231","$312,237"
,80'S,,276,"$28,720","$22,798"
,OTHER,,"2,726","$1,729,820","$1,365,816"
,TOTAL,,"3,873","$2,155,867","$1,701,728"
28294,AS,,3,$248,$199
,SG,,82,"$38,518","$30,795"
,80'S,,24,"$2,427","$1,942"
,OTHER,,304,"$191,290","$152,179"
,TOTAL,,413,"$232,484","$185,115"
28296,AS,,268,"$23,345","$18,339"
,SG,,"5,951","$2,787,043","$2,193,402"
,80'S,,"1,166","$129,542","$101,828"
,OTHER,,"16,703","$11,080,905","$8,718,727"
,TOTAL,,"24,088","$14,020,834","$11,032,297"
28297,AS,,56,"$4,968","$3,974"
,SG,,177,"$75,295","$59,718"
,80'S,,57,"$5,870","$4,572"
,OTHER,,660,"$444,815","$349,578"
,TOTAL,,950,"$530,948","$417,842"
28298,AS,,37,"$2,858","$2,287"
,SG,,586,"$261,131","$205,928"
,80'S,,89,"$8,207","$6,566"
,OTHER,,"1,922","$1,093,884","$862,576"
,TOTAL,,"2,634","$1,366,081","$1,077,356"
28299,AS,,35,"$3,334","$2,667"
,SG,,876,"$602,504","$476,960"
,80'S,,223,"$27,100","$21,389"
,OTHER,,"2,183","$1,596,353","$1,255,704"
,TOTAL,,"3,317","$2,229,292","$1,756,720"
28300,AS,,82,"$5,474","$4,379"
,SG,,97,"$26,166","$20,754"
,80'S,,127,"$10,168","$8,051"
,OTHER,,961,"$476,621","$375,355"
,TOTAL,,"1,267","$518,430","$408,539"
28302,SG,,4,$874,$699
,80'S,,3,$227,$181
,OTHER,,22,"$11,548","$8,658"
,TOTAL,,29,"$12,649","$9,538"
28304,AS,,8,$609,$487
,SG,,29,"$8,258","$6,606"
,80'S,,13,$936,$749
,OTHER,,217,"$110,306","$86,579"
,TOTAL,,267,"$120,108","$94,421"
28305,AS,,1,$53,$42
,SG,,10,"$2,941","$2,273"
,80'S,,8,$783,$546
,OTHER,,123,"$43,579","$34,437"
,TOTAL,,142,"$47,356","$37,299"
28306,AS,,45,"$1,690","$1,352"
,SG,,529,"$307,737","$242,680"
,80'S,,130,"$6,206","$4,896"
,OTHER,,"1,725","$496,053","$392,837"
,TOTAL,,"2,429","$811,685","$641,765"
28307,SG,,31,"$18,042","$14,023"
,80'S,,3,$200,$153
,OTHER,,86,"$27,398","$21,876"
,TOTAL,,120,"$45,639","$36,052"
28308,AS,,152,"$5,614","$4,480"
,SG,,"1,974","$527,963","$418,948"
,80'S,,374,"$17,474","$13,685"
,OTHER,,"6,740","$1,810,316","$1,427,023"
,TOTAL,,"9,240","$2,361,368","$1,864,136"
28309,AS,,1,$138,$110
,SG,,26,"$13,999","$11,039"
,80'S,,1,$153,$122
,OTHER,,61,"$50,770","$40,489"
,TOTAL,,89,"$65,058","$51,760"
28310,SG,,587,"$203,912","$160,820"
,80'S,,1,$45,$36
,OTHER,,"2,638","$773,708","$613,021"
,TOTAL,,"3,226","$977,666","$773,878"
28312,SG,,270,"$101,813","$81,055"
,OTHER,,839,"$262,168","$208,113"
,TOTAL,,"1,109","$363,980","$289,168"
28313,SG,,278,"$73,552","$57,452"
,OTHER,,"1,346","$486,590","$385,245"
,TOTAL,,"1,624","$560,142","$442,697"
28315,SG,,579,"$342,724","$272,002"
,OTHER,,"2,218","$678,350","$534,155"
,TOTAL,,"2,797","$1,021,074","$806,157"
28320,AS,,6,$412,$330
,SG,,23,"$13,420","$10,499"
,80'S,,14,"$1,139",$911
,OTHER,,90,"$50,646","$39,256"
,TOTAL,,133,"$65,618","$50,997"
28322,AS,,20,"$1,682","$1,266"
,SG,,52,"$30,052","$23,586"
,80'S,,13,"$1,113",$838
,OTHER,,260,"$145,834","$112,828"
,TOTAL,,345,"$178,681","$138,518"
28340,OTHER,,25,"$11,377","$9,022"
,TOTAL,,25,"$11,377","$9,022"
28341,SG,,8,"$3,972","$3,178"
,OTHER,,60,"$35,796","$28,555"
,TOTAL,,68,"$39,769","$31,733"
28344,SG,,1,$597,$478
,OTHER,,7,"$2,127","$1,702"
,TOTAL,,8,"$2,724","$2,179"
28345,SG,,30,"$16,229","$12,939"
,OTHER,,149,"$41,352","$33,082"
,TOTAL,,179,"$57,582","$46,021"
28360,OTHER,,3,"$2,890","$2,312"
,TOTAL,,3,"$2,890","$2,312"
28400,SG,,1,$160,$128
,OTHER,,"3,458","$913,729","$709,728"
,TOTAL,,"3,459","$913,889","$709,856"
28405,AS,,2,$89,$71
,SG,,6,"$1,880","$1,504"
,OTHER,,204,"$74,890","$58,283"
,TOTAL,,212,"$76,859","$59,859"
28406,AS,,2,$114,$91
,SG,,3,"$1,026",$821
,OTHER,,116,"$56,093","$43,518"
,TOTAL,,121,"$57,232","$44,430"
28415,AS,,60,"$9,474","$7,579"
,SG,,47,"$22,709","$17,954"
,80'S,,73,"$13,967","$10,942"
,OTHER,,713,"$830,451","$651,980"
,TOTAL,,893,"$876,600","$688,456"
28420,AS,,2,$337,$269
,SG,,2,"$1,265","$1,012"
,80'S,,4,$699,$559
,OTHER,,60,"$69,765","$53,871"
,TOTAL,,68,"$72,066","$55,712"
28430,OTHER,,"1,177","$275,927","$214,435"
,TOTAL,,"1,177","$275,927","$214,435"
28435,SG,,1,$408,$327
,OTHER,,88,"$24,058","$18,610"
,TOTAL,,89,"$24,466","$18,936"
28436,OTHER,,14,"$5,480","$4,384"
,TOTAL,,14,"$5,480","$4,384"
28445,AS,,9,"$1,078",$863
,SG,,7,"$3,015","$2,412"
,80'S,,22,"$3,476","$2,781"
,OTHER,,220,"$213,116","$166,179"
,TOTAL,,258,"$220,686","$172,235"
28450,OTHER,,"2,240","$527,773","$410,417"
,TOTAL,,"2,240","$527,773","$410,417"
28455,OTHER,,117,"$33,766","$26,695"
,TOTAL,,117,"$33,766","$26,695"
28456,OTHER,,27,"$6,139","$4,775"
,TOTAL,,27,"$6,139","$4,775"
28465,SG,,29,"$10,902","$8,564"
,OTHER,,218,"$97,879","$77,410"
,TOTAL,,247,"$108,781","$85,973"
28470,OTHER,,"34,409","$7,117,378","$5,529,202"
,TOTAL,,"34,409","$7,117,378","$5,529,202"
28475,OTHER,,"1,534","$425,558","$333,554"
,TOTAL,,"1,534","$425,558","$333,554"
28476,AS,,2,$75,$60
,SG,,46,"$15,934","$12,421"
,80'S,,2,$97,$78
,OTHER,,344,"$90,696","$71,712"
,TOTAL,,394,"$106,801","$84,271"
28485,SG,,354,"$202,645","$160,820"
,OTHER,,"1,627","$695,123","$548,809"
,TOTAL,,"1,981","$897,768","$709,629"
28490,AS,,1,$19,$15
,OTHER,,"4,713","$574,814","$440,738"
,TOTAL,,"4,714","$574,833","$440,753"
28495,OTHER,,613,"$95,691","$74,676"
,TOTAL,,613,"$95,691","$74,676"
28496,SG,,27,"$9,437","$7,386"
,OTHER,,121,"$25,378","$19,935"
,TOTAL,,148,"$34,814","$27,321"
28505,SG,,47,"$22,118","$17,156"
,OTHER,,366,"$135,023","$106,014"
,TOTAL,,413,"$157,141","$123,171"
28510,OTHER,,"11,153","$1,316,599","$1,008,829"
,TOTAL,,"11,153","$1,316,599","$1,008,829"
28515,OTHER,,"1,730","$251,613","$193,822"
,TOTAL,,"1,730","$251,613","$193,822"
28525,SG,,43,"$19,399","$14,537"
,80'S,,1,$31,$24
,OTHER,,355,"$105,962","$83,560"
,TOTAL,,399,"$125,391","$98,121"
28530,OTHER,,131,"$18,662","$14,417"
,TOTAL,,131,"$18,662","$14,417"
28531,OTHER,,17,"$4,877","$3,902"
,TOTAL,,17,"$4,877","$3,902"
28540,OTHER,,142,"$26,034","$20,275"
,TOTAL,,142,"$26,034","$20,275"
28545,SG,,3,$823,$659
,OTHER,,34,"$6,247","$4,475"
,TOTAL,,37,"$7,070","$5,134"
28546,SG,,2,$670,$536
,OTHER,,14,"$3,742","$2,783"
,TOTAL,,16,"$4,411","$3,319"
28555,AS,,16,$623,$498
,SG,,7,"$2,319","$1,856"
,80'S,,6,$458,$366
,OTHER,,91,"$31,683","$25,337"
,TOTAL,,120,"$35,083","$28,057"
28570,OTHER,,76,"$13,017","$10,012"
,TOTAL,,76,"$13,017","$10,012"
28575,OTHER,,53,"$13,740","$10,807"
,TOTAL,,53,"$13,740","$10,807"
28576,AS,,2,$92,$74
,SG,,2,$992,$794
,80'S,,1,$30,$24
,OTHER,,26,"$7,767","$6,062"
,TOTAL,,31,"$8,881","$6,953"
28585,AS,,13,$611,$489
,SG,,24,"$8,423","$6,739"
,80'S,,11,$842,$674
,OTHER,,141,"$58,490","$46,446"
,TOTAL,,189,"$68,367","$54,347"
28600,OTHER,,142,"$28,367","$22,071"
,TOTAL,,142,"$28,367","$22,071"
28605,SG,,1,$159,$127
,OTHER,,57,"$11,448","$8,986"
,TOTAL,,58,"$11,607","$9,113"
28606,SG,,8,"$2,372","$1,897"
,OTHER,,128,"$43,457","$33,887"
,TOTAL,,136,"$45,829","$35,785"
28615,AS,,40,"$2,519","$2,015"
,SG,,22,"$8,905","$6,980"
,80'S,,43,"$3,656","$2,925"
,OTHER,,579,"$291,456","$228,237"
,TOTAL,,684,"$306,536","$240,157"
28630,OTHER,,214,"$29,245","$22,535"
,TOTAL,,214,"$29,245","$22,535"
28635,SG,,24,"$5,400","$4,140"
,OTHER,,166,"$24,275","$18,752"
,TOTAL,,190,"$29,674","$22,891"
28636,SG,,18,"$6,076","$4,366"
,OTHER,,57,"$8,336","$6,637"
,TOTAL,,75,"$14,412","$11,003"
28645,SG,,226,"$76,270","$60,973"
,OTHER,,911,"$171,611","$136,201"
,TOTAL,,"1,137","$247,881","$197,174"
28660,OTHER,,546,"$71,392","$54,844"
,TOTAL,,546,"$71,392","$54,844"
28665,SG,,9,"$1,802","$1,441"
,80'S,,2,$26,$21
,OTHER,,244,"$36,022","$28,342"
,TOTAL,,255,"$37,850","$29,805"
28666,SG,,20,"$5,733","$4,587"
,OTHER,,68,"$10,378","$8,062"
,TOTAL,,88,"$16,111","$12,649"
28675,SG,,21,"$9,293","$7,434"
,OTHER,,127,"$29,202","$23,362"
,TOTAL,,148,"$38,495","$30,796"
28705,AS,,19,"$3,295","$2,636"
,SG,,5,"$2,714","$2,171"
,80'S,,29,"$6,108","$4,887"
,OTHER,,267,"$339,862","$267,599"
,TOTAL,,320,"$351,980","$277,293"
28715,AS,,152,"$19,676","$15,635"
,SG,,56,"$33,009","$25,521"
,80'S,,246,"$37,247","$29,219"
,OTHER,,"1,465","$1,389,771","$1,094,588"
,TOTAL,,"1,919","$1,479,703","$1,164,964"
28725,AS,,139,"$14,123","$11,052"
,SG,,104,"$61,483","$48,337"
,80'S,,200,"$23,789","$18,598"
,OTHER,,"1,573","$1,183,203","$930,444"
,TOTAL,,"2,016","$1,282,598","$1,008,430"
28730,AS,,111,"$10,809","$8,647"
,SG,,107,"$60,870","$47,795"
,80'S,,104,"$12,183","$9,389"
,OTHER,,988,"$737,829","$577,095"
,TOTAL,,"1,310","$821,691","$642,926"
28735,AS,,14,"$1,495","$1,196"
,SG,,26,"$15,825","$12,660"
,80'S,,43,"$5,232","$4,185"
,OTHER,,232,"$172,870","$136,955"
,TOTAL,,315,"$195,421","$154,996"
28737,AS,,11,$631,$505
,SG,,53,"$35,423","$28,129"
,80'S,,32,"$2,550","$2,007"
,OTHER,,164,"$87,031","$68,486"
,TOTAL,,260,"$125,636","$99,126"
28740,AS,,124,"$7,721","$6,058"
,SG,,194,"$106,378","$83,022"
,80'S,,108,"$8,003","$6,379"
,OTHER,,"1,213","$582,702","$457,659"
,TOTAL,,"1,639","$704,804","$553,117"
28750,AS,,31,"$2,209","$1,768"
,SG,,708,"$421,776","$331,310"
,80'S,,41,"$3,032","$2,426"
,OTHER,,"3,558","$1,859,612","$1,461,483"
,TOTAL,,"4,338","$2,286,629","$1,796,986"
28755,AS,,1,$62,$49
,SG,,511,"$278,044","$220,709"
,80'S,,4,$177,$142
,OTHER,,"1,757","$507,258","$400,973"
,TOTAL,,"2,273","$785,541","$621,873"
28760,AS,,19,"$1,134",$849
,SG,,91,"$52,636","$42,063"
,80'S,,25,"$2,218","$1,775"
,OTHER,,400,"$204,209","$161,684"
,TOTAL,,535,"$260,197","$206,371"
28800,AS,,26,"$2,020","$1,616"
,80'S,,42,"$4,203","$3,363"
,OTHER,,"1,055","$606,651","$481,851"
,TOTAL,,"1,123","$612,874","$486,829"
28805,AS,,25,"$2,137","$1,709"
,80'S,,40,"$3,695","$2,956"
,OTHER,,"6,822","$4,062,369","$3,222,998"
,TOTAL,,"6,887","$4,068,200","$3,227,663"
28810,AS,,27,"$1,597","$1,277"
,SG,,383,"$147,843","$116,441"
,80'S,,43,"$2,847","$2,278"
,OTHER,,"18,680","$8,327,409","$6,605,349"
,TOTAL,,"19,133","$8,479,696","$6,725,346"
28820,SG,,"1,290","$503,850","$398,810"
,80'S,,1,$79,$63
,OTHER,,"20,770","$7,552,056","$5,988,699"
,TOTAL,,"22,061","$8,055,985","$6,387,573"
28825,SG,,850,"$335,485","$266,892"
,80'S,,6,$366,$293
,OTHER,,"8,600","$2,860,988","$2,261,219"
,TOTAL,,"9,456","$3,196,839","$2,528,404"
28899,AS,,6,$450,$360
,80'S,,5,$433,$346
,OTHER,,646,"$162,179","$128,610"
,TOTAL,,657,"$163,061","$129,316"
29000,OTHER,,44,"$4,801","$3,799"
,TOTAL,,44,"$4,801","$3,799"
29010,OTHER,,17,"$2,353","$1,718"
,TOTAL,,17,"$2,353","$1,718"
29015,OTHER,,16,"$1,592","$1,223"
,TOTAL,,16,"$1,592","$1,223"
29020,OTHER,,7,$426,$341
,TOTAL,,7,$426,$341
29025,OTHER,,8,"$1,005",$804
,TOTAL,,8,"$1,005",$804
29035,OTHER,,30,"$5,021","$3,910"
,TOTAL,,30,"$5,021","$3,910"
29040,OTHER,,1,$45,$36
,TOTAL,,1,$45,$36
29044,OTHER,,11,"$1,606","$1,285"
,TOTAL,,11,"$1,606","$1,285"
29046,OTHER,,21,"$1,770","$1,416"
,TOTAL,,21,"$1,770","$1,416"
29049,OTHER,,20,"$1,120",$896
,TOTAL,,20,"$1,120",$896
29055,OTHER,,38,"$5,072","$4,057"
,TOTAL,,38,"$5,072","$4,057"
29058,OTHER,,138,"$8,570","$6,856"
,TOTAL,,138,"$8,570","$6,856"
29065,OTHER,,"12,406","$874,532","$671,034"
,TOTAL,,"12,406","$874,532","$671,034"
29075,OTHER,,"63,056","$4,170,066","$3,195,008"
,TOTAL,,"63,056","$4,170,066","$3,195,008"
29085,OTHER,,"4,819","$337,275","$257,230"
,TOTAL,,"4,819","$337,275","$257,230"
29086,OTHER,,67,"$3,068","$2,263"
,TOTAL,,67,"$3,068","$2,263"
29105,OTHER,,"13,868","$838,090","$643,026"
,TOTAL,,"13,868","$838,090","$643,026"
29125,OTHER,,"52,052","$2,253,104","$1,713,550"
,TOTAL,,"52,052","$2,253,104","$1,713,550"
29126,OTHER,,"1,373","$81,651","$63,567"
,TOTAL,,"1,373","$81,651","$63,567"
29130,OTHER,,"10,486","$291,957","$219,167"
,TOTAL,,"10,486","$291,957","$219,167"
29131,OTHER,,793,"$25,582","$19,683"
,TOTAL,,793,"$25,582","$19,683"
29200,OTHER,,483,"$18,747","$14,252"
,TOTAL,,483,"$18,747","$14,252"
29220,OTHER,,"1,522","$74,601","$58,868"
,TOTAL,,"1,522","$74,601","$58,868"
29240,OTHER,,"5,100","$236,650","$184,189"
,TOTAL,,"5,100","$236,650","$184,189"
29260,OTHER,,"4,068","$150,439","$114,713"
,TOTAL,,"4,068","$150,439","$114,713"
29280,OTHER,,"2,981","$108,037","$84,914"
,TOTAL,,"2,981","$108,037","$84,914"
29305,OTHER,,68,"$9,400","$7,440"
,TOTAL,,68,"$9,400","$7,440"
29325,OTHER,,27,"$3,910","$3,073"
,TOTAL,,27,"$3,910","$3,073"
29345,OTHER,,"3,880","$390,018","$300,932"
,TOTAL,,"3,880","$390,018","$300,932"
29355,OTHER,,753,"$82,018","$63,256"
,TOTAL,,753,"$82,018","$63,256"
29358,OTHER,,155,"$14,903","$11,654"
,TOTAL,,155,"$14,903","$11,654"
29365,OTHER,,"1,466","$132,695","$101,431"
,TOTAL,,"1,466","$132,695","$101,431"
29405,OTHER,,"43,579","$2,978,119","$2,275,114"
,TOTAL,,"43,579","$2,978,119","$2,275,114"
29425,OTHER,,"33,594","$2,563,068","$1,962,184"
,TOTAL,,"33,594","$2,563,068","$1,962,184"
29435,OTHER,,588,"$53,185","$40,996"
,TOTAL,,588,"$53,185","$40,996"
29440,OTHER,,201,"$7,565","$5,677"
,TOTAL,,201,"$7,565","$5,677"
29445,OTHER,,"8,156","$1,000,803","$765,217"
,TOTAL,,"8,156","$1,000,803","$765,217"
29450,OTHER,,406,"$40,164","$31,080"
,TOTAL,,406,"$40,164","$31,080"
29505,OTHER,,"6,034","$276,428","$213,522"
,TOTAL,,"6,034","$276,428","$213,522"
29515,OTHER,,"33,387","$1,588,825","$1,212,050"
,TOTAL,,"33,387","$1,588,825","$1,212,050"
29520,OTHER,,909,"$32,706","$25,917"
,TOTAL,,909,"$32,706","$25,917"
29530,OTHER,,"6,935","$269,446","$208,930"
,TOTAL,,"6,935","$269,446","$208,930"
29540,OTHER,,"210,129","$6,040,377","$4,621,898"
,TOTAL,,"210,129","$6,040,377","$4,621,898"
29550,OTHER,,"79,730","$2,198,448","$1,681,871"
,TOTAL,,"79,730","$2,198,448","$1,681,871"
29580,OTHER,,"379,610","$15,459,322","$11,886,212"
,TOTAL,,"379,610","$15,459,322","$11,886,212"
29590,OTHER,,"6,226","$246,741","$187,377"
,TOTAL,,"6,226","$246,741","$187,377"
29700,OTHER,,"3,514","$151,057","$116,542"
,TOTAL,,"3,514","$151,057","$116,542"
29705,OTHER,,"2,444","$128,980","$98,766"
,TOTAL,,"2,444","$128,980","$98,766"
29710,OTHER,,16,"$1,360","$1,088"
,TOTAL,,16,"$1,360","$1,088"
29715,OTHER,,8,$600,$480
,TOTAL,,8,$600,$480
29720,OTHER,,301,"$15,503","$12,116"
,TOTAL,,301,"$15,503","$12,116"
29730,OTHER,,677,"$32,378","$25,233"
,TOTAL,,677,"$32,378","$25,233"
29740,OTHER,,258,"$18,309","$13,397"
,TOTAL,,258,"$18,309","$13,397"
29750,OTHER,,8,$596,$408
,TOTAL,,8,$596,$408
29799,OTHER,,"1,266","$50,196","$39,636"
,TOTAL,,"1,266","$50,196","$39,636"
29800,OTHER,,26,"$10,535","$8,382"
,TOTAL,,26,"$10,535","$8,382"
29804,AS,,1,$49,$39
,SG,,12,"$5,114","$3,548"
,80'S,,11,"$1,127",$902
,OTHER,,87,"$55,553","$43,123"
,TOTAL,,111,"$61,843","$47,612"
29805,SG,,100,"$35,513","$28,356"
,80'S,,1,$24,$19
,OTHER,,863,"$185,101","$146,199"
,TOTAL,,964,"$220,637","$174,574"
29806,SG,,95,"$31,888","$24,304"
,OTHER,,421,"$366,442","$288,040"
,TOTAL,,516,"$398,330","$312,344"
29807,SG,,369,"$115,915","$91,312"
,80'S,,2,"$1,206",$965
,OTHER,,"1,606","$1,341,065","$1,055,190"
,TOTAL,,"1,977","$1,458,186","$1,147,466"
29815,SG,,8,"$2,661","$2,129"
,OTHER,,75,"$22,696","$17,639"
,TOTAL,,83,"$25,358","$19,768"
29819,AS,,1,$44,$35
,SG,,83,"$28,127","$22,431"
,80'S,,1,$121,$97
,OTHER,,487,"$186,503","$148,772"
,TOTAL,,572,"$214,795","$171,335"
29820,AS,,40,"$1,919","$1,519"
,SG,,81,"$23,545","$18,571"
,80'S,,31,"$1,938","$1,550"
,OTHER,,526,"$184,889","$145,608"
,TOTAL,,678,"$212,291","$167,248"
29821,AS,,61,"$2,825","$2,260"
,SG,,111,"$33,905","$26,807"
,80'S,,48,"$2,849","$2,279"
,OTHER,,687,"$251,805","$198,405"
,TOTAL,,907,"$291,384","$229,752"
29822,AS,,689,"$32,309","$25,768"
,SG,,785,"$238,844","$187,427"
,80'S,,342,"$19,868","$15,812"
,OTHER,,"6,113","$2,115,126","$1,666,543"
,TOTAL,,"7,929","$2,406,146","$1,895,551"
29823,AS,,"1,567","$78,056","$62,184"
,SG,,"2,226","$676,705","$534,068"
,80'S,,867,"$54,406","$42,965"
,OTHER,,"10,678","$4,253,357","$3,358,493"
,TOTAL,,"15,338","$5,062,525","$3,997,711"
29824,AS,,"1,789","$53,435","$42,446"
,SG,,"2,527","$1,434,425","$1,127,150"
,80'S,,797,"$31,188","$24,659"
,OTHER,,"10,679","$2,612,778","$2,062,642"
,TOTAL,,"15,792","$4,131,826","$3,256,898"
29825,AS,,64,"$4,359","$3,487"
,SG,,109,"$44,124","$34,729"
,80'S,,25,"$2,137","$1,594"
,OTHER,,685,"$271,221","$213,012"
,TOTAL,,883,"$321,840","$252,822"
29826,AS,,"4,782","$383,631","$304,475"
,SG,,"7,572","$2,642,743","$2,086,805"
,80'S,,"2,182","$207,854","$165,133"
,OTHER,,"32,527","$19,525,405","$15,363,646"
,TOTAL,,"47,063","$22,759,633","$17,920,059"
29830,SG,,6,"$2,351","$1,880"
,OTHER,,28,"$9,053","$6,949"
,TOTAL,,34,"$11,404","$8,829"
29834,AS,,8,$441,$353
,SG,,33,"$13,226","$10,183"
,80'S,,6,$362,$290
,OTHER,,101,"$31,422","$24,311"
,TOTAL,,148,"$45,451","$35,136"
29835,SG,,12,"$5,594","$4,100"
,80'S,,1,$81,$65
,OTHER,,33,"$15,357","$11,629"
,TOTAL,,46,"$21,032","$15,794"
29836,AS,,3,$234,$187
,SG,,8,"$3,408","$2,727"
,80'S,,5,$355,$221
,OTHER,,44,"$19,042","$14,796"
,TOTAL,,60,"$23,039","$17,930"
29837,AS,,5,$315,$252
,SG,,16,"$6,901","$5,521"
,80'S,,2,$172,$73
,OTHER,,71,"$32,343","$25,527"
,TOTAL,,94,"$39,731","$31,373"
29838,AS,,3,$229,$183
,SG,,26,"$12,525","$9,940"
,80'S,,4,$319,$255
,OTHER,,159,"$86,344","$67,565"
,TOTAL,,192,"$99,417","$77,944"
29840,AS,,1,$33,$26
,SG,,44,"$20,806","$16,397"
,OTHER,,81,"$32,531","$25,352"
,TOTAL,,126,"$53,370","$41,775"
29843,AS,,3,$174,$139
,SG,,2,$722,$578
,80'S,,1,$38,$30
,OTHER,,35,"$15,339","$12,271"
,TOTAL,,41,"$16,273","$13,018"
29844,AS,,4,$297,$238
,SG,,19,"$8,752","$6,735"
,80'S,,3,$270,$216
,OTHER,,74,"$33,435","$26,585"
,TOTAL,,100,"$42,754","$33,774"
29845,AS,,3,$128,$103
,SG,,26,"$12,243","$9,795"
,80'S,,16,"$1,305","$1,044"
,OTHER,,112,"$56,686","$44,118"
,TOTAL,,157,"$70,362","$55,059"
29846,AS,,4,$222,$177
,SG,,199,"$90,444","$70,242"
,80'S,,4,$424,$339
,OTHER,,624,"$381,378","$300,307"
,TOTAL,,831,"$472,468","$371,066"
29847,SG,,11,"$5,997","$4,797"
,80'S,,2,$194,$155
,OTHER,,50,"$33,663","$26,668"
,TOTAL,,63,"$39,854","$31,621"
29848,OTHER,,"10,167","$5,054,177","$3,989,834"
,TOTAL,,"10,167","$5,054,177","$3,989,834"
29850,AS,,1,$42,$34
,SG,,2,"$1,222",$978
,OTHER,,39,"$7,485","$5,837"
,TOTAL,,42,"$8,749","$6,849"
29851,AS,,1,$141,$113
,SG,,2,"$1,227",$982
,80'S,,1,$68,$54
,OTHER,,14,"$12,077","$9,582"
,TOTAL,,18,"$13,513","$10,730"
29855,AS,,16,"$1,526","$1,179"
,SG,,5,"$2,348","$1,879"
,80'S,,13,"$1,569","$1,255"
,OTHER,,177,"$127,713","$101,165"
,TOTAL,,211,"$133,156","$105,478"
29856,AS,,1,$155,$124
,80'S,,1,$148,$118
,OTHER,,25,"$25,096","$19,976"
,TOTAL,,27,"$25,399","$20,219"
29860,AS,,2,$187,$150
,80'S,,1,$94,$75
,OTHER,,22,"$11,587","$9,270"
,TOTAL,,25,"$11,869","$9,495"
29861,AS,,1,$95,$76
,80'S,,1,$103,$83
,OTHER,,35,"$18,194","$14,213"
,TOTAL,,37,"$18,393","$14,372"
29862,AS,,9,$645,$478
,80'S,,9,$772,$617
,OTHER,,144,"$85,796","$65,830"
,TOTAL,,162,"$87,213","$66,926"
29863,AS,,9,"$1,142",$913
,80'S,,1,$116,$93
,OTHER,,51,"$39,644","$29,394"
,TOTAL,,61,"$40,902","$30,401"
29870,AS,,2,$50,$40
,SG,,272,"$119,975","$94,616"
,OTHER,,"1,940","$574,753","$452,846"
,TOTAL,,"2,214","$694,778","$547,502"
29871,SG,,83,"$31,048","$24,661"
,OTHER,,"2,558","$1,208,767","$960,289"
,TOTAL,,"2,641","$1,239,815","$984,950"
29874,AS,,16,$459,$367
,SG,,430,"$154,547","$120,809"
,80'S,,10,$457,$366
,OTHER,,"3,136","$967,683","$760,200"
,TOTAL,,"3,592","$1,123,146","$881,742"
29875,AS,,26,"$1,235",$988
,SG,,774,"$355,558","$278,804"
,80'S,,6,$250,$200
,OTHER,,"3,924","$1,079,156","$849,514"
,TOTAL,,"4,730","$1,436,199","$1,129,507"
29876,AS,,8,$629,$503
,SG,,"1,989","$794,819","$628,351"
,80'S,,6,$523,$418
,OTHER,,"11,183","$5,162,335","$4,078,698"
,TOTAL,,"13,186","$5,958,305","$4,707,969"
29877,AS,,180,"$7,050","$5,626"
,SG,,"5,845","$2,637,458","$2,082,275"
,80'S,,79,"$3,997","$3,197"
,OTHER,,"27,697","$8,687,140","$6,836,212"
,TOTAL,,"33,801","$11,335,646","$8,927,310"
29879,AS,,120,"$5,985","$4,788"
,SG,,"1,997","$558,346","$442,489"
,80'S,,13,$761,$609
,OTHER,,"9,211","$3,845,828","$3,024,812"
,TOTAL,,"11,341","$4,410,921","$3,472,697"
29880,AS,,518,"$47,211","$37,768"
,SG,,"12,046","$7,217,778","$5,683,013"
,80'S,,126,"$13,062","$10,450"
,OTHER,,"43,560","$28,598,796","$22,585,375"
,TOTAL,,"56,250","$35,876,846","$28,316,606"
29881,AS,,578,"$45,560","$36,392"
,SG,,"18,818","$11,244,256","$8,859,549"
,80'S,,153,"$13,706","$10,958"
,OTHER,,"67,319","$37,786,434","$29,720,773"
,TOTAL,,"86,868","$49,089,956","$38,627,672"
29882,SG,,193,"$80,602","$64,148"
,80'S,,1,$45,$36
,OTHER,,837,"$523,899","$414,366"
,TOTAL,,"1,031","$604,546","$478,550"
29883,AS,,4,$364,$292
,SG,,111,"$46,940","$36,876"
,80'S,,2,$289,$232
,OTHER,,519,"$415,254","$327,999"
,TOTAL,,636,"$462,848","$365,398"
29884,AS,,68,"$5,576","$4,418"
,SG,,133,"$58,999","$45,950"
,80'S,,34,"$3,078","$2,383"
,OTHER,,780,"$409,589","$324,208"
,TOTAL,,"1,015","$477,242","$376,958"
29885,AS,,8,$767,$596
,SG,,15,"$4,893","$3,511"
,80'S,,7,$688,$551
,OTHER,,93,"$64,231","$50,840"
,TOTAL,,123,"$70,579","$55,497"
29886,SG,,22,"$7,506","$5,814"
,OTHER,,136,"$66,052","$52,296"
,TOTAL,,158,"$73,559","$58,110"
29887,AS,,11,"$1,033",$826
,SG,,92,"$24,928","$19,682"
,80'S,,11,"$1,249",$999
,OTHER,,322,"$225,301","$178,403"
,TOTAL,,436,"$252,511","$199,909"
29888,AS,,136,"$18,519","$14,598"
,SG,,206,"$68,086","$53,151"
,80'S,,140,"$21,768","$17,110"
,OTHER,,"1,002","$962,969","$752,934"
,TOTAL,,"1,484","$1,071,341","$837,794"
29889,AS,,4,$604,$483
,SG,,3,"$1,241",$993
,80'S,,8,"$1,368","$1,014"
,OTHER,,54,"$60,688","$46,843"
,TOTAL,,69,"$63,901","$49,333"
29891,AS,,9,$746,$597
,80'S,,10,"$1,011",$808
,OTHER,,184,"$112,148","$86,486"
,TOTAL,,203,"$113,905","$87,891"
29892,AS,,2,$137,$110
,80'S,,2,$242,$193
,OTHER,,38,"$23,631","$18,861"
,TOTAL,,42,"$24,010","$19,164"
29893,AS,,3,$161,$129
,80'S,,38,"$2,385","$1,908"
,OTHER,,"1,226","$466,835","$363,780"
,TOTAL,,"1,267","$469,380","$365,817"
29894,AS,,14,"$1,031",$825
,SG,,38,"$17,542","$13,954"
,80'S,,8,$553,$442
,OTHER,,143,"$64,429","$50,922"
,TOTAL,,203,"$83,555","$66,143"
29895,AS,,10,$671,$537
,SG,,93,"$43,710","$34,161"
,80'S,,15,"$1,226",$981
,OTHER,,269,"$126,676","$99,074"
,TOTAL,,387,"$172,282","$134,752"
29897,AS,,17,"$1,250",$978
,SG,,77,"$34,675","$27,199"
,80'S,,16,"$1,361","$1,074"
,OTHER,,301,"$156,137","$122,627"
,TOTAL,,411,"$193,424","$151,877"
29898,AS,,44,"$3,410","$2,715"
,SG,,228,"$107,298","$84,392"
,80'S,,73,"$7,017","$5,536"
,OTHER,,905,"$513,332","$403,986"
,TOTAL,,"1,250","$631,056","$496,629"
29900,OTHER,,4,$928,$743
,TOTAL,,4,$928,$743
29901,SG,,8,"$2,946","$2,357"
,OTHER,,9,"$3,052","$2,441"
,TOTAL,,17,"$5,997","$4,798"
29902,SG,,1,$228,$182
,OTHER,,2,$975,$780
,TOTAL,,3,"$1,203",$963
29909,AS,,3,$364,$292
,80'S,,1,$169,$135
,OTHER,,171,"$123,879","$98,963"
,TOTAL,,175,"$124,412","$99,390"
29999,AS,,436,"$62,773","$50,193"
,80'S,,315,"$51,984","$41,587"
,OTHER,,"3,276","$2,692,433","$2,144,923"
,TOTAL,,"4,027","$2,807,190","$2,236,703"
30000,OTHER,RESPIRATORY,201,"$23,754","$18,248"
,TOTAL,,201,"$23,754","$18,248"
30020,OTHER,,198,"$22,045","$17,364"
,TOTAL,,198,"$22,045","$17,364"
30100,OTHER,,"2,926","$203,534","$154,496"
,TOTAL,,"2,926","$203,534","$154,496"
30110,OTHER,,993,"$155,370","$118,607"
,TOTAL,,993,"$155,370","$118,607"
30115,SG,,162,"$52,459","$41,531"
,OTHER,,"1,272","$354,128","$280,955"
,TOTAL,,"1,434","$406,587","$322,486"
30117,SG,,271,"$120,672","$94,633"
,OTHER,,"2,061","$473,860","$372,700"
,TOTAL,,"2,332","$594,532","$467,333"
30118,SG,,30,"$14,262","$11,410"
,80'S,,14,"$1,306","$1,042"
,OTHER,,279,"$173,217","$137,650"
,TOTAL,,323,"$188,785","$150,101"
30120,SG,,69,"$20,850","$16,278"
,OTHER,,382,"$140,706","$110,250"
,TOTAL,,451,"$161,556","$126,527"
30124,SG,,19,"$4,969","$3,895"
,OTHER,,166,"$36,495","$28,552"
,TOTAL,,185,"$41,464","$32,447"
30125,SG,,9,"$3,480","$2,784"
,OTHER,,53,"$22,399","$17,690"
,TOTAL,,62,"$25,879","$20,473"
30130,SG,,916,"$279,000","$221,661"
,OTHER,,"5,091","$942,450","$742,848"
,TOTAL,,"6,007","$1,221,450","$964,509"
30140,SG,,"2,793","$832,762","$657,151"
,OTHER,,"13,667","$3,726,222","$2,920,086"
,TOTAL,,"16,460","$4,558,984","$3,577,237"
30150,SG,,67,"$30,696","$24,557"
,OTHER,,394,"$218,416","$172,318"
,TOTAL,,461,"$249,112","$196,875"
30160,SG,,1,$578,$462
,80'S,,4,$289,$231
,OTHER,,77,"$43,825","$35,060"
,TOTAL,,82,"$44,692","$35,753"
30200,OTHER,,"7,294","$492,172","$372,138"
,TOTAL,,"7,294","$492,172","$372,138"
30210,OTHER,,"1,122","$89,593","$68,688"
,TOTAL,,"1,122","$89,593","$68,688"
30220,OTHER,,323,"$33,273","$25,915"
,TOTAL,,323,"$33,273","$25,915"
30300,OTHER,,"1,848","$199,005","$152,405"
,TOTAL,,"1,848","$199,005","$152,405"
30310,SG,,17,"$3,846","$3,077"
,OTHER,,100,"$11,071","$8,641"
,TOTAL,,117,"$14,917","$11,718"
30320,OTHER,,4,$858,$686
,TOTAL,,4,$858,$686
30400,SG,,54,"$28,992","$22,825"
,OTHER,,139,"$85,164","$67,697"
,TOTAL,,193,"$114,156","$90,522"
30410,SG,,20,"$12,063","$9,650"
,OTHER,,73,"$56,842","$45,454"
,TOTAL,,93,"$68,904","$55,104"
30420,SG,,89,"$58,362","$46,610"
,OTHER,,392,"$395,762","$313,974"
,TOTAL,,481,"$454,124","$360,584"
30430,SG,,21,"$8,753","$6,963"
,OTHER,,79,"$35,904","$28,618"
,TOTAL,,100,"$44,657","$35,581"
30435,SG,,6,"$3,663","$2,930"
,OTHER,,34,"$27,147","$21,718"
,TOTAL,,40,"$30,810","$24,648"
30450,SG,,16,"$14,087","$11,083"
,80'S,,1,$217,$174
,OTHER,,61,"$73,215","$58,497"
,TOTAL,,78,"$87,519","$69,754"
30460,OTHER,,13,"$6,987","$5,589"
,TOTAL,,13,"$6,987","$5,589"
30462,OTHER,,11,"$12,703","$10,163"
,TOTAL,,11,"$12,703","$10,163"
30465,80'S,,3,$335,$268
,OTHER,,572,"$419,213","$330,559"
,TOTAL,,575,"$419,548","$330,827"
30520,SG,,"4,018","$1,882,253","$1,483,069"
,OTHER,,"19,322","$5,971,824","$4,688,986"
,TOTAL,,"23,340","$7,854,077","$6,172,055"
30540,SG,,4,"$2,366","$1,893"
,OTHER,,20,"$6,582","$5,212"
,TOTAL,,24,"$8,949","$7,105"
30545,OTHER,,1,$839,$671
,TOTAL,,1,$839,$671
30560,SG,,56,"$14,308","$11,300"
,OTHER,,576,"$48,523","$37,758"
,TOTAL,,632,"$62,830","$49,058"
30580,SG,,27,"$15,042","$11,954"
,OTHER,,608,"$237,314","$184,466"
,TOTAL,,635,"$252,356","$196,420"
30600,SG,,5,"$2,061","$1,649"
,OTHER,,86,"$27,076","$21,366"
,TOTAL,,91,"$29,137","$23,015"
30620,SG,,53,"$51,599","$40,901"
,OTHER,,230,"$80,968","$64,107"
,TOTAL,,283,"$132,567","$105,008"
30630,SG,,47,"$42,172","$33,721"
,OTHER,,217,"$97,798","$77,361"
,TOTAL,,264,"$139,970","$111,082"
30801,SG,,154,"$28,159","$21,616"
,OTHER,,"4,066","$465,127","$354,963"
,TOTAL,,"4,220","$493,287","$376,579"
30802,SG,,255,"$47,370","$37,442"
,OTHER,,"2,733","$386,748","$301,957"
,TOTAL,,"2,988","$434,119","$339,399"
30901,OTHER,,"117,197","$8,952,017","$6,760,554"
,TOTAL,,"117,197","$8,952,017","$6,760,554"
30903,SG,,57,"$16,927","$13,542"
,OTHER,,"43,418","$5,587,485","$4,328,194"
,TOTAL,,"43,475","$5,604,411","$4,341,736"
30905,SG,,19,"$4,575","$3,650"
,OTHER,,"10,296","$1,357,449","$1,059,403"
,TOTAL,,"10,315","$1,362,025","$1,063,053"
30906,SG,,3,$647,$517
,OTHER,,975,"$179,000","$140,781"
,TOTAL,,978,"$179,647","$141,298"
30915,SG,,1,$444,$355
,OTHER,,163,"$68,252","$54,466"
,TOTAL,,164,"$68,696","$54,821"
30920,SG,,1,$254,$203
,OTHER,,190,"$120,122","$95,829"
,TOTAL,,191,"$120,376","$96,031"
30930,OTHER,,"2,643","$206,577","$162,863"
,TOTAL,,"2,643","$206,577","$162,863"
30999,80'S,,1,$119,$95
,OTHER,,198,"$50,443","$40,083"
,TOTAL,,199,"$50,562","$40,178"
31000,OTHER,,"5,521","$735,116","$571,953"
,TOTAL,,"5,521","$735,116","$571,953"
31002,OTHER,,335,"$15,216","$11,143"
,TOTAL,,335,"$15,216","$11,143"
31020,SG,,103,"$29,136","$22,649"
,OTHER,,650,"$107,346","$84,898"
,TOTAL,,753,"$136,482","$107,547"
31030,SG,,58,"$22,537","$17,748"
,OTHER,,811,"$217,616","$171,487"
,TOTAL,,869,"$240,153","$189,235"
31032,SG,,42,"$22,160","$17,329"
,OTHER,,426,"$184,501","$145,273"
,TOTAL,,468,"$206,661","$162,602"
31040,OTHER,,196,"$37,685","$29,852"
,TOTAL,,196,"$37,685","$29,852"
31050,SG,,18,"$5,362","$4,048"
,OTHER,,155,"$36,496","$28,984"
,TOTAL,,173,"$41,858","$33,032"
31051,SG,,14,"$4,406","$3,525"
,OTHER,,128,"$48,868","$38,433"
,TOTAL,,142,"$53,275","$41,958"
31070,SG,,48,"$12,577","$9,876"
,OTHER,,254,"$57,615","$44,795"
,TOTAL,,302,"$70,192","$54,671"
31075,SG,,7,"$2,827","$2,262"
,80'S,,10,$907,$726
,OTHER,,144,"$84,217","$65,522"
,TOTAL,,161,"$87,952","$68,509"
31080,SG,,2,$900,$720
,80'S,,7,$685,$495
,OTHER,,44,"$21,353","$17,059"
,TOTAL,,53,"$22,938","$18,274"
31081,80'S,,6,$518,$415
,OTHER,,62,"$34,449","$26,492"
,TOTAL,,68,"$34,967","$26,906"
31084,SG,,2,"$1,225",$980
,80'S,,5,$672,$538
,OTHER,,36,"$29,461","$23,569"
,TOTAL,,43,"$31,358","$25,086"
31085,80'S,,11,"$1,517","$1,137"
,OTHER,,83,"$65,701","$51,301"
,TOTAL,,94,"$67,217","$52,438"
31086,SG,,1,$641,$513
,80'S,,2,$195,$156
,OTHER,,16,"$13,028","$10,422"
,TOTAL,,19,"$13,864","$11,091"
31087,80'S,,4,$406,$324
,OTHER,,22,"$15,418","$11,772"
,TOTAL,,26,"$15,824","$12,097"
31090,SG,,194,"$122,209","$96,430"
,OTHER,,534,"$419,069","$331,572"
,TOTAL,,728,"$541,278","$428,002"
31200,SG,,260,"$64,572","$51,657"
,OTHER,,865,"$201,386","$160,085"
,TOTAL,,"1,125","$265,958","$211,742"
31201,SG,,69,"$53,921","$42,322"
,OTHER,,309,"$201,682","$159,397"
,TOTAL,,378,"$255,603","$201,720"
31205,SG,,71,"$21,504","$17,203"
,80'S,,33,"$3,169","$2,455"
,OTHER,,443,"$248,991","$197,190"
,TOTAL,,547,"$273,664","$216,849"
31225,80'S,,88,"$17,600","$13,984"
,OTHER,,741,"$914,496","$727,598"
,TOTAL,,829,"$932,096","$741,582"
31230,80'S,,10,"$2,376","$1,901"
,OTHER,,72,"$89,325","$70,082"
,TOTAL,,82,"$91,702","$71,983"
31231,OTHER,,"176,743","$19,508,895","$14,908,232"
,TOTAL,,"176,743","$19,508,895","$14,908,232"
31233,SG,,19,"$7,535","$6,028"
,OTHER,,"6,447","$1,193,184","$928,490"
,TOTAL,,"6,466","$1,200,720","$934,518"
31235,SG,,8,"$1,727","$1,382"
,OTHER,,"2,061","$480,198","$379,492"
,TOTAL,,"2,069","$481,925","$380,874"
31237,SG,,531,"$213,901","$169,033"
,OTHER,,"40,445","$10,093,029","$7,873,929"
,TOTAL,,"40,976","$10,306,929","$8,042,962"
31238,SG,,152,"$45,561","$36,272"
,OTHER,,"12,673","$3,185,213","$2,494,368"
,TOTAL,,"12,825","$3,230,774","$2,530,640"
31239,SG,,225,"$129,941","$102,890"
,80'S,,14,"$1,261",$937
,OTHER,,873,"$449,556","$354,429"
,TOTAL,,"1,112","$580,757","$458,256"
31240,SG,,465,"$116,464","$92,319"
,OTHER,,"2,099","$200,772","$158,671"
,TOTAL,,"2,564","$317,236","$250,989"
31254,SG,,"1,156","$441,819","$347,532"
,OTHER,,"5,892","$1,235,455","$970,605"
,TOTAL,,"7,048","$1,677,274","$1,318,137"
31255,SG,,"4,130","$2,947,058","$2,322,385"
,80'S,,1,$64,$51
,OTHER,,"18,488","$7,528,402","$5,933,126"
,TOTAL,,"22,619","$10,475,524","$8,255,562"
31256,SG,,"2,653","$835,861","$658,091"
,OTHER,,"11,309","$1,501,469","$1,181,554"
,TOTAL,,"13,962","$2,337,329","$1,839,644"
31267,SG,,"2,685","$869,882","$686,778"
,OTHER,,"13,745","$3,382,159","$2,666,910"
,TOTAL,,"16,430","$4,252,042","$3,353,687"
31276,SG,,"1,686","$519,095","$410,362"
,80'S,,1,$83,$66
,OTHER,,"8,137","$4,891,990","$3,859,726"
,TOTAL,,"9,824","$5,411,168","$4,270,155"
31287,SG,,858,"$261,372","$206,518"
,80'S,,3,$56,$45
,OTHER,,"4,310","$656,990","$519,404"
,TOTAL,,"5,171","$918,419","$725,967"
31288,SG,,766,"$239,432","$187,791"
,80'S,,3,$127,$101
,OTHER,,"4,301","$803,329","$634,311"
,TOTAL,,"5,070","$1,042,887","$822,203"
31290,80'S,,1,$163,$130
,OTHER,,85,"$86,332","$68,203"
,TOTAL,,86,"$86,495","$68,334"
31291,OTHER,,64,"$69,790","$55,778"
,TOTAL,,64,"$69,790","$55,778"
31292,OTHER,,54,"$52,334","$41,787"
,TOTAL,,54,"$52,334","$41,787"
31293,80'S,,3,$493,$394
,OTHER,,66,"$63,933","$47,683"
,TOTAL,,69,"$64,426","$48,077"
31294,OTHER,,12,"$12,476","$9,981"
,TOTAL,,12,"$12,476","$9,981"
31299,80'S,,1,$86,$69
,OTHER,,88,"$34,456","$27,518"
,TOTAL,,89,"$34,542","$27,587"
31300,SG,,7,"$4,746","$3,797"
,80'S,,6,"$1,107",$886
,OTHER,,115,"$111,451","$88,224"
,TOTAL,,128,"$117,304","$92,906"
31320,OTHER,,9,"$4,783","$3,826"
,TOTAL,,9,"$4,783","$3,826"
31360,80'S,,184,"$38,116","$30,260"
,OTHER,,755,"$973,923","$772,471"
,TOTAL,,939,"$1,012,039","$802,731"
31365,80'S,,111,"$30,217","$23,963"
,OTHER,,574,"$972,976","$764,936"
,TOTAL,,685,"$1,003,194","$788,900"
31367,80'S,,7,"$1,863","$1,491"
,OTHER,,66,"$110,318","$85,837"
,TOTAL,,73,"$112,181","$87,328"
31368,80'S,,13,"$4,187","$3,350"
,OTHER,,87,"$176,677","$141,318"
,TOTAL,,100,"$180,864","$144,668"
31370,80'S,,3,$810,$648
,OTHER,,53,"$82,160","$64,672"
,TOTAL,,56,"$82,969","$65,320"
31375,80'S,,2,$451,$361
,OTHER,,59,"$72,290","$57,832"
,TOTAL,,61,"$72,741","$58,193"
31380,80'S,,1,$230,$184
,OTHER,,31,"$46,518","$37,214"
,TOTAL,,32,"$46,748","$37,398"
31382,80'S,,10,"$2,627","$1,917"
,OTHER,,56,"$91,639","$71,249"
,TOTAL,,66,"$94,266","$73,166"
31390,80'S,,6,"$1,813","$1,451"
,OTHER,,93,"$181,155","$144,890"
,TOTAL,,99,"$182,968","$146,341"
31395,80'S,,6,"$2,366","$1,892"
,OTHER,,98,"$240,486","$190,315"
,TOTAL,,104,"$242,852","$192,208"
31400,80'S,,8,$803,$642
,OTHER,,98,"$59,467","$47,133"
,TOTAL,,106,"$60,269","$47,776"
31420,80'S,,1,$146,$117
,OTHER,,39,"$31,982","$25,560"
,TOTAL,,40,"$32,128","$25,676"
31500,OTHER,,"261,786","$28,699,309","$22,727,034"
,TOTAL,,"261,786","$28,699,309","$22,727,034"
31502,OTHER,,"16,281","$781,937","$609,851"
,TOTAL,,"16,281","$781,937","$609,851"
31505,OTHER,,"25,272","$2,036,904","$1,556,971"
,TOTAL,,"25,272","$2,036,904","$1,556,971"
31510,SG,,30,"$11,292","$8,953"
,OTHER,,166,"$15,277","$12,040"
,TOTAL,,196,"$26,569","$20,993"
31511,OTHER,,270,"$37,901","$29,408"
,TOTAL,,270,"$37,901","$29,408"
31512,SG,,13,"$4,845","$3,876"
,OTHER,,20,"$2,762","$2,070"
,TOTAL,,33,"$7,608","$5,946"
31513,SG,,12,"$5,100","$4,080"
,OTHER,,659,"$78,490","$60,096"
,TOTAL,,671,"$83,590","$64,176"
31515,SG,,37,"$8,812","$6,970"
,OTHER,,"2,094","$232,073","$180,728"
,TOTAL,,"2,131","$240,885","$187,698"
31520,OTHER,,36,"$4,140","$3,261"
,TOTAL,,36,"$4,140","$3,261"
31525,SG,,343,"$79,385","$62,691"
,OTHER,,"12,992","$2,061,411","$1,620,479"
,TOTAL,,"13,335","$2,140,795","$1,683,170"
31526,SG,,184,"$72,061","$56,293"
,OTHER,,"1,527","$200,391","$157,798"
,TOTAL,,"1,711","$272,452","$214,091"
31527,80'S,,1,$28,$23
,OTHER,,38,"$6,056","$4,725"
,TOTAL,,39,"$6,085","$4,747"
31528,SG,,4,"$1,491","$1,192"
,OTHER,,128,"$13,287","$10,382"
,TOTAL,,132,"$14,778","$11,574"
31529,SG,,5,"$1,886","$1,509"
,OTHER,,75,"$9,379","$7,411"
,TOTAL,,80,"$11,265","$8,920"
31530,SG,,11,"$4,568","$3,655"
,OTHER,,369,"$69,204","$53,876"
,TOTAL,,380,"$73,772","$57,531"
31531,SG,,36,"$17,505","$14,004"
,OTHER,,129,"$25,291","$19,712"
,TOTAL,,165,"$42,796","$33,716"
31535,SG,,744,"$300,526","$237,200"
,OTHER,,"7,889","$1,298,287","$1,025,309"
,TOTAL,,"8,633","$1,598,813","$1,262,509"
31536,SG,,"1,093","$523,906","$411,267"
,OTHER,,"7,705","$1,488,670","$1,174,208"
,TOTAL,,"8,798","$2,012,576","$1,585,475"
31540,SG,,207,"$98,582","$77,575"
,OTHER,,"1,309","$303,199","$238,646"
,TOTAL,,"1,516","$401,780","$316,221"
31541,SG,,"1,343","$802,915","$632,695"
,OTHER,,"10,815","$2,827,556","$2,225,199"
,TOTAL,,"12,158","$3,630,470","$2,857,894"
31560,SG,,3,"$2,059","$1,647"
,OTHER,,36,"$10,243","$8,194"
,TOTAL,,39,"$12,302","$9,842"
31561,SG,,6,"$4,061","$3,249"
,OTHER,,324,"$83,974","$66,693"
,TOTAL,,330,"$88,035","$69,942"
31570,SG,,50,"$20,161","$16,061"
,OTHER,,"1,892","$474,362","$364,421"
,TOTAL,,"1,942","$494,522","$380,482"
31571,SG,,70,"$24,961","$19,629"
,OTHER,,908,"$194,895","$154,404"
,TOTAL,,978,"$219,856","$174,034"
31575,OTHER,,"433,339","$47,769,503","$36,696,728"
,TOTAL,,"433,339","$47,769,503","$36,696,728"
31576,SG,,14,"$5,865","$4,612"
,OTHER,,405,"$51,373","$40,060"
,TOTAL,,419,"$57,238","$44,672"
31577,SG,,1,$411,$329
,OTHER,,160,"$26,800","$21,114"
,TOTAL,,161,"$27,212","$21,443"
31578,SG,,5,"$2,124","$1,699"
,OTHER,,99,"$16,830","$13,247"
,TOTAL,,104,"$18,954","$14,945"
31579,OTHER,,"15,946","$2,928,192","$2,271,467"
,TOTAL,,"15,946","$2,928,192","$2,271,467"
31580,80'S,,2,$368,$295
,OTHER,,66,"$57,099","$45,596"
,TOTAL,,68,"$57,467","$45,890"
31582,SG,,2,"$1,345","$1,076"
,OTHER,,163,"$233,726","$184,310"
,TOTAL,,165,"$235,071","$185,386"
31584,80'S,,2,$466,$192
,OTHER,,21,"$28,472","$22,778"
,TOTAL,,23,"$28,939","$22,970"
31585,OTHER,,5,"$1,707","$1,200"
,TOTAL,,5,"$1,707","$1,200"
31586,OTHER,,13,"$8,971","$7,074"
,TOTAL,,13,"$8,971","$7,074"
31587,OTHER,,24,"$19,229","$14,932"
,TOTAL,,24,"$19,229","$14,932"
31588,SG,,43,"$29,019","$23,215"
,80'S,,116,"$20,659","$16,417"
,OTHER,,"1,414","$1,376,640","$1,088,579"
,TOTAL,,"1,573","$1,426,318","$1,128,211"
31590,SG,,1,$708,$566
,80'S,,3,$244,$195
,OTHER,,15,"$9,002","$7,201"
,TOTAL,,19,"$9,954","$7,963"
31595,80'S,,1,$58,$47
,OTHER,,25,"$14,470","$11,155"
,TOTAL,,26,"$14,529","$11,201"
31599,80'S,,15,"$2,736","$2,189"
,OTHER,,535,"$219,676","$175,375"
,TOTAL,,550,"$222,411","$177,564"
31600,SG,,6,"$2,557","$2,045"
,80'S,,4,$277,$221
,OTHER,,"42,747","$15,468,854","$12,302,517"
,TOTAL,,"42,757","$15,471,688","$12,304,783"
31601,80'S,,1,$48,$38
,OTHER,,35,"$8,325","$6,660"
,TOTAL,,36,"$8,373","$6,698"
31603,OTHER,,"2,682","$579,676","$459,043"
,TOTAL,,"2,682","$579,676","$459,043"
31605,OTHER,,472,"$83,376","$65,741"
,TOTAL,,472,"$83,376","$65,741"
31610,OTHER,,"1,481","$1,050,407","$833,954"
,TOTAL,,"1,481","$1,050,407","$833,954"
31611,SG,,50,"$24,381","$19,290"
,80'S,,52,"$2,902","$2,287"
,OTHER,,"1,150","$523,270","$411,096"
,TOTAL,,"1,252","$550,554","$432,673"
31612,SG,,15,"$4,295","$3,436"
,OTHER,,297,"$15,056","$11,727"
,TOTAL,,312,"$19,352","$15,164"
31613,SG,,36,"$15,292","$12,042"
,OTHER,,"1,158","$526,620","$416,260"
,TOTAL,,"1,194","$541,912","$428,302"
31614,SG,,16,"$6,355","$5,048"
,OTHER,,443,"$297,398","$236,090"
,TOTAL,,459,"$303,753","$241,138"
31615,SG,,9,"$2,125","$1,700"
,OTHER,,"6,728","$1,038,652","$812,595"
,TOTAL,,"6,737","$1,040,778","$814,295"
31622,SG,,"1,304","$367,500","$290,108"
,80'S,,3,$67,$54
,OTHER,,"99,488","$13,480,118","$10,685,700"
,TOTAL,,"100,795","$13,847,685","$10,975,862"
31623,80'S,,1,$12,$9
,OTHER,,"29,668","$2,428,643","$1,923,072"
,TOTAL,,"29,669","$2,428,655","$1,923,081"
31624,OTHER,,"40,850","$3,688,251","$2,922,285"
,TOTAL,,"40,850","$3,688,251","$2,922,285"
31625,SG,,661,"$273,163","$215,752"
,80'S,,4,$112,$89
,OTHER,,"45,275","$7,538,217","$5,972,197"
,TOTAL,,"45,940","$7,811,492","$6,188,039"
31628,SG,,624,"$259,554","$203,034"
,OTHER,,"50,789","$9,660,690","$7,654,239"
,TOTAL,,"51,413","$9,920,244","$7,857,273"
31629,SG,,146,"$53,243","$42,010"
,OTHER,,"9,005","$1,172,909","$928,858"
,TOTAL,,"9,151","$1,226,151","$970,868"
31630,SG,,6,"$2,375","$1,900"
,OTHER,,687,"$129,129","$102,090"
,TOTAL,,693,"$131,504","$103,990"
31631,OTHER,,"1,275","$267,180","$211,458"
,TOTAL,,"1,275","$267,180","$211,458"
31635,SG,,7,"$2,895","$2,316"
,OTHER,,"1,689","$320,473","$254,004"
,TOTAL,,"1,696","$323,368","$256,320"
31640,SG,,4,"$1,260","$1,008"
,OTHER,,436,"$116,558","$92,821"
,TOTAL,,440,"$117,818","$93,829"
31641,SG,,8,"$2,902","$2,321"
,OTHER,,"2,938","$774,363","$612,313"
,TOTAL,,"2,946","$777,265","$614,634"
31643,OTHER,,"1,553","$258,340","$204,679"
,TOTAL,,"1,553","$258,340","$204,679"
31645,SG,,38,"$9,796","$7,628"
,OTHER,,"26,849","$4,195,124","$3,333,269"
,TOTAL,,"26,887","$4,204,920","$3,340,897"
31646,OTHER,,"5,005","$686,962","$545,728"
,TOTAL,,"5,005","$686,962","$545,728"
31656,SG,,1,$265,$212
,OTHER,,46,"$4,171","$3,337"
,TOTAL,,47,"$4,436","$3,549"
31700,OTHER,,52,"$2,867","$2,210"
,TOTAL,,52,"$2,867","$2,210"
31708,OTHER,,16,"$1,041",$799
,TOTAL,,16,"$1,041",$799
31710,OTHER,,64,"$2,148","$1,719"
,TOTAL,,64,"$2,148","$1,719"
31715,OTHER,,5,$242,$194
,TOTAL,,5,$242,$194
31717,OTHER,,115,"$11,340","$9,072"
,TOTAL,,115,"$11,340","$9,072"
31720,OTHER,,368,"$20,439","$16,160"
,TOTAL,,368,"$20,439","$16,160"
31725,OTHER,,766,"$69,175","$54,980"
,TOTAL,,766,"$69,175","$54,980"
31730,SG,,11,"$2,911","$2,329"
,OTHER,,685,"$98,355","$77,595"
,TOTAL,,696,"$101,267","$79,924"
31750,SG,,1,$698,$559
,80'S,,13,"$1,846","$1,477"
,OTHER,,181,"$159,249","$126,835"
,TOTAL,,195,"$161,793","$128,870"
31755,SG,,5,"$2,149","$1,719"
,80'S,,4,$763,$610
,OTHER,,51,"$60,665","$48,532"
,TOTAL,,60,"$63,577","$50,861"
31760,80'S,,2,$302,$242
,OTHER,,14,"$13,468","$9,871"
,TOTAL,,16,"$13,771","$10,113"
31766,OTHER,,1,"$1,651","$1,321"
,TOTAL,,1,"$1,651","$1,321"
31770,80'S,,1,$115,$92
,OTHER,,13,"$15,104","$12,083"
,TOTAL,,14,"$15,219","$12,175"
31775,OTHER,,8,"$11,323","$9,059"
,TOTAL,,8,"$11,323","$9,059"
31780,80'S,,9,"$1,479","$1,162"
,OTHER,,87,"$91,620","$73,296"
,TOTAL,,96,"$93,099","$74,458"
31781,80'S,,1,$257,$206
,OTHER,,14,"$20,075","$16,060"
,TOTAL,,15,"$20,332","$16,266"
31785,80'S,,4,$510,$408
,OTHER,,78,"$68,111","$54,019"
,TOTAL,,82,"$68,620","$54,427"
31786,80'S,,2,$470,$376
,OTHER,,15,"$17,678","$14,142"
,TOTAL,,17,"$18,147","$14,518"
31800,OTHER,,66,"$29,338","$23,194"
,TOTAL,,66,"$29,338","$23,194"
31805,80'S,,3,$435,$348
,OTHER,,20,"$13,786","$10,957"
,TOTAL,,23,"$14,222","$11,305"
31820,SG,,21,"$6,293","$4,778"
,80'S,,2,$121,$96
,OTHER,,284,"$116,880","$92,618"
,TOTAL,,307,"$123,294","$97,492"
31825,SG,,11,"$4,071","$3,257"
,80'S,,3,$301,$241
,OTHER,,243,"$151,100","$119,893"
,TOTAL,,257,"$155,472","$123,390"
31830,SG,,13,"$5,207","$4,166"
,OTHER,,138,"$56,539","$44,564"
,TOTAL,,151,"$61,746","$48,730"
31899,OTHER,,424,"$67,459","$53,951"
,TOTAL,,424,"$67,459","$53,951"
32000,SG,,489,"$148,268","$117,957"
,80'S,,3,$41,$33
,OTHER,,"166,080","$13,485,992","$10,689,074"
,TOTAL,,"166,572","$13,634,301","$10,807,064"
32002,SG,,14,"$5,394","$4,315"
,OTHER,,"40,773","$4,620,182","$3,670,944"
,TOTAL,,"40,787","$4,625,576","$3,675,259"
32005,SG,,1,$217,$174
,OTHER,,"9,145","$994,438","$790,683"
,TOTAL,,"9,146","$994,655","$790,856"
32020,SG,,12,"$3,797","$3,037"
,OTHER,,"60,076","$12,363,833","$9,814,161"
,TOTAL,,"60,088","$12,367,630","$9,817,199"
32035,80'S,,20,"$1,666","$1,333"
,OTHER,,199,"$103,284","$82,590"
,TOTAL,,219,"$104,951","$83,923"
32036,80'S,,27,"$2,756","$2,205"
,OTHER,,325,"$195,168","$156,066"
,TOTAL,,352,"$197,924","$158,271"
32095,80'S,,243,"$20,351","$16,202"
,OTHER,,"2,507","$1,263,386","$1,001,682"
,TOTAL,,"2,750","$1,283,737","$1,017,883"
32100,80'S,,686,"$98,181","$78,204"
,OTHER,,"3,750","$3,084,368","$2,446,012"
,TOTAL,,"4,436","$3,182,549","$2,524,217"
32110,80'S,,94,"$18,880","$14,780"
,OTHER,,535,"$600,344","$476,757"
,TOTAL,,629,"$619,224","$491,537"
32120,80'S,,105,"$10,691","$8,553"
,OTHER,,943,"$529,155","$421,300"
,TOTAL,,"1,048","$539,845","$429,852"
32124,80'S,,211,"$18,266","$14,538"
,OTHER,,991,"$496,267","$395,018"
,TOTAL,,"1,202","$514,532","$409,557"
32140,80'S,,33,"$4,178","$3,342"
,OTHER,,129,"$93,090","$73,442"
,TOTAL,,162,"$97,268","$76,785"
32141,80'S,,122,"$15,266","$12,120"
,OTHER,,783,"$522,698","$414,442"
,TOTAL,,905,"$537,964","$426,562"
32150,80'S,,41,"$4,590","$3,672"
,OTHER,,266,"$187,773","$150,125"
,TOTAL,,307,"$192,363","$153,797"
32151,80'S,,10,"$1,232",$985
,OTHER,,37,"$26,503","$21,122"
,TOTAL,,47,"$27,734","$22,107"
32160,80'S,,63,"$4,174","$3,303"
,OTHER,,368,"$153,775","$121,029"
,TOTAL,,431,"$157,948","$124,332"
32200,80'S,,14,"$1,514","$1,211"
,OTHER,,289,"$58,002","$45,671"
,TOTAL,,303,"$59,515","$46,882"
32201,OTHER,,553,"$188,294","$150,175"
,TOTAL,,553,"$188,294","$150,175"
32215,80'S,,17,"$1,422","$1,137"
,OTHER,,277,"$148,451","$117,862"
,TOTAL,,294,"$149,873","$118,999"
32220,80'S,,466,"$104,610","$82,874"
,OTHER,,"2,921","$3,586,031","$2,846,450"
,TOTAL,,"3,387","$3,690,640","$2,929,324"
32225,80'S,,139,"$16,501","$13,041"
,OTHER,,949,"$642,294","$509,977"
,TOTAL,,"1,088","$658,795","$523,017"
32310,80'S,,100,"$9,358","$7,482"
,OTHER,,498,"$262,256","$209,389"
,TOTAL,,598,"$271,613","$216,871"
32320,80'S,,246,"$56,048","$44,727"
,OTHER,,"1,294","$1,644,412","$1,301,303"
,TOTAL,,"1,540","$1,700,459","$1,346,030"
32400,SG,,3,$942,$753
,80'S,,1,$8,$6
,OTHER,,"2,616","$223,842","$177,223"
,TOTAL,,"2,620","$224,792","$177,983"
32402,80'S,,56,"$3,179","$2,523"
,OTHER,,438,"$165,975","$131,664"
,TOTAL,,494,"$169,155","$134,188"
32405,SG,,54,"$16,195","$12,855"
,80'S,,1,$9,$7
,OTHER,,"55,295","$5,339,078","$4,236,172"
,TOTAL,,"55,350","$5,355,282","$4,249,034"
32420,OTHER,,223,"$23,659","$18,852"
,TOTAL,,223,"$23,659","$18,852"
32440,80'S,,398,"$92,716","$73,568"
,OTHER,,"1,528","$1,978,384","$1,572,933"
,TOTAL,,"1,926","$2,071,100","$1,646,501"
32442,80'S,,3,$810,$648
,OTHER,,15,"$20,095","$16,076"
,TOTAL,,18,"$20,905","$16,724"
32445,80'S,,18,"$4,440","$3,552"
,OTHER,,94,"$141,521","$113,217"
,TOTAL,,112,"$145,961","$116,769"
32480,80'S,,"4,243","$928,222","$736,918"
,OTHER,,"17,486","$21,355,421","$16,950,288"
,TOTAL,,"21,729","$22,283,642","$17,687,207"
32482,80'S,,378,"$86,267","$68,644"
,OTHER,,"1,477","$1,848,159","$1,468,587"
,TOTAL,,"1,855","$1,934,426","$1,537,231"
32484,80'S,,271,"$51,903","$41,353"
,OTHER,,"1,327","$1,476,740","$1,177,128"
,TOTAL,,"1,598","$1,528,643","$1,218,482"
32486,80'S,,28,"$6,330","$5,044"
,OTHER,,135,"$178,282","$141,549"
,TOTAL,,163,"$184,613","$146,593"
32488,80'S,,46,"$11,059","$8,847"
,OTHER,,184,"$249,987","$199,830"
,TOTAL,,230,"$261,046","$208,677"
32491,80'S,,4,$739,$591
,OTHER,,21,"$26,602","$21,281"
,TOTAL,,25,"$27,340","$21,872"
32500,80'S,,"1,761","$317,922","$253,108"
,OTHER,,"9,460","$9,698,169","$7,706,693"
,TOTAL,,"11,221","$10,016,091","$7,959,801"
32501,80'S,,40,"$1,603","$1,282"
,OTHER,,178,"$41,203","$32,794"
,TOTAL,,218,"$42,806","$34,076"
32520,80'S,,97,"$19,314","$15,238"
,OTHER,,465,"$508,423","$402,557"
,TOTAL,,562,"$527,737","$417,795"
32522,80'S,,24,"$5,387","$4,299"
,OTHER,,102,"$135,013","$107,930"
,TOTAL,,126,"$140,400","$112,229"
32525,80'S,,38,"$9,674","$7,739"
,OTHER,,231,"$325,428","$259,966"
,TOTAL,,269,"$335,102","$267,705"
32540,80'S,,29,"$3,684","$2,869"
,OTHER,,164,"$116,522","$93,196"
,TOTAL,,193,"$120,206","$96,065"
32601,80'S,,31,"$1,102",$881
,OTHER,,"1,669","$376,427","$299,214"
,TOTAL,,"1,700","$377,528","$300,096"
32602,80'S,,75,"$3,975","$3,180"
,OTHER,,"3,882","$1,299,258","$1,031,301"
,TOTAL,,"3,957","$1,303,233","$1,034,482"
32603,OTHER,,30,"$10,373","$8,182"
,TOTAL,,30,"$10,373","$8,182"
32604,80'S,,2,$83,$66
,OTHER,,26,"$10,057","$8,045"
,TOTAL,,28,"$10,140","$8,112"
32605,OTHER,,21,"$7,962","$6,369"
,TOTAL,,21,"$7,962","$6,369"
32606,80'S,,10,$713,$570
,OTHER,,560,"$128,535","$101,385"
,TOTAL,,570,"$129,248","$101,955"
32650,80'S,,583,"$60,100","$47,931"
,OTHER,,"6,270","$3,884,127","$3,092,691"
,TOTAL,,"6,853","$3,944,226","$3,140,622"
32651,80'S,,133,"$16,577","$13,181"
,OTHER,,970,"$705,025","$559,831"
,TOTAL,,"1,103","$721,602","$573,012"
32652,80'S,,129,"$24,354","$19,421"
,OTHER,,924,"$986,854","$783,370"
,TOTAL,,"1,053","$1,011,208","$802,791"
32653,80'S,,54,"$6,344","$5,076"
,OTHER,,471,"$351,617","$278,782"
,TOTAL,,525,"$357,961","$283,857"
32654,80'S,,8,$912,$730
,OTHER,,72,"$47,648","$36,838"
,TOTAL,,80,"$48,560","$37,567"
32655,80'S,,67,"$8,627","$6,852"
,OTHER,,543,"$398,661","$314,595"
,TOTAL,,610,"$407,288","$321,447"
32656,80'S,,96,"$12,582","$10,065"
,OTHER,,441,"$329,032","$262,503"
,TOTAL,,537,"$341,614","$272,568"
32657,80'S,,913,"$120,436","$96,101"
,OTHER,,"6,121","$4,797,954","$3,806,452"
,TOTAL,,"7,034","$4,918,389","$3,902,554"
32658,80'S,,5,$505,$404
,OTHER,,27,"$18,458","$14,759"
,TOTAL,,32,"$18,962","$15,162"
32659,80'S,,49,"$5,554","$4,443"
,OTHER,,416,"$278,499","$221,502"
,TOTAL,,465,"$284,053","$225,945"
32660,80'S,,1,$171,$137
,OTHER,,17,"$8,544","$6,818"
,TOTAL,,18,"$8,716","$6,955"
32661,80'S,,7,$822,$658
,OTHER,,30,"$19,798","$15,838"
,TOTAL,,37,"$20,620","$16,496"
32662,80'S,,35,"$5,578","$4,462"
,OTHER,,187,"$171,953","$137,562"
,TOTAL,,222,"$177,531","$142,025"
32663,80'S,,354,"$69,623","$55,306"
,OTHER,,887,"$989,883","$786,836"
,TOTAL,,"1,241","$1,059,506","$842,142"
32664,80'S,,17,"$2,211","$1,768"
,OTHER,,115,"$102,671","$80,959"
,TOTAL,,132,"$104,882","$82,727"
32665,80'S,,4,$555,$444
,OTHER,,27,"$19,694","$15,675"
,TOTAL,,31,"$20,249","$16,119"
32800,80'S,,13,"$1,471","$1,177"
,OTHER,,56,"$38,246","$30,364"
,TOTAL,,69,"$39,718","$31,541"
32810,80'S,,3,$319,$255
,OTHER,,50,"$36,884","$28,910"
,TOTAL,,53,"$37,203","$29,165"
32815,80'S,,28,"$6,055","$4,806"
,OTHER,,214,"$229,478","$182,177"
,TOTAL,,242,"$235,533","$186,984"
32820,80'S,,5,$997,$790
,OTHER,,35,"$41,130","$32,856"
,TOTAL,,40,"$42,127","$33,645"
32851,80'S,,29,"$10,677","$8,490"
,OTHER,,127,"$278,097","$218,566"
,TOTAL,,156,"$288,773","$227,055"
32852,80'S,,2,$816,$653
,OTHER,,16,"$34,572","$25,674"
,TOTAL,,18,"$35,388","$26,327"
32853,80'S,,24,"$11,804","$9,443"
,OTHER,,82,"$212,970","$168,319"
,TOTAL,,106,"$224,774","$177,763"
32854,80'S,,30,"$14,078","$10,869"
,OTHER,,50,"$133,866","$103,390"
,TOTAL,,80,"$147,945","$114,258"
32900,80'S,,53,"$7,820","$6,256"
,OTHER,,246,"$236,126","$186,506"
,TOTAL,,299,"$243,945","$192,762"
32905,80'S,,15,"$2,582","$2,066"
,OTHER,,66,"$59,883","$47,907"
,TOTAL,,81,"$62,465","$49,972"
32906,80'S,,7,"$1,822","$1,458"
,OTHER,,53,"$73,364","$58,582"
,TOTAL,,60,"$75,186","$60,040"
32940,80'S,,5,$594,$476
,OTHER,,34,"$28,210","$22,568"
,TOTAL,,39,"$28,804","$23,043"
32960,OTHER,,60,"$5,124","$4,077"
,TOTAL,,60,"$5,124","$4,077"
32997,OTHER,,75,"$17,198","$13,759"
,TOTAL,,75,"$17,198","$13,759"
32999,80'S,,5,$570,$456
,OTHER,,480,"$203,201","$162,445"
,TOTAL,,485,"$203,771","$162,901"
33010,OTHER,CARDIOVASCULAR,"4,592","$481,440","$380,712"
,TOTAL,,"4,592","$481,440","$380,712"
33011,OTHER,,137,"$12,231","$9,578"
,TOTAL,,137,"$12,231","$9,578"
33015,OTHER,,533,"$201,720","$160,698"
,TOTAL,,533,"$201,720","$160,698"
33020,80'S,,43,"$4,428","$3,542"
,OTHER,,299,"$172,484","$136,224"
,TOTAL,,342,"$176,911","$139,766"
33025,80'S,,581,"$64,731","$51,283"
,OTHER,,"6,086","$3,928,086","$3,119,735"
,TOTAL,,"6,667","$3,992,817","$3,171,018"
33030,80'S,,155,"$24,989","$19,946"
,OTHER,,735,"$665,631","$529,571"
,TOTAL,,890,"$690,620","$549,517"
33031,80'S,,70,"$9,321","$7,394"
,OTHER,,281,"$204,958","$162,967"
,TOTAL,,351,"$214,279","$170,361"
33050,80'S,,27,"$2,776","$2,221"
,OTHER,,121,"$70,161","$56,129"
,TOTAL,,148,"$72,937","$58,350"
33120,80'S,,223,"$45,417","$35,923"
,OTHER,,723,"$762,338","$606,308"
,TOTAL,,946,"$807,755","$642,231"
33130,80'S,,14,"$2,164","$1,731"
,OTHER,,48,"$45,539","$36,431"
,TOTAL,,62,"$47,703","$38,162"
33140,80'S,,38,"$6,896","$5,517"
,OTHER,,239,"$227,498","$178,125"
,TOTAL,,277,"$234,395","$183,642"
33141,80'S,,371,"$14,671","$11,671"
,OTHER,,"1,862","$360,332","$286,319"
,TOTAL,,"2,233","$375,004","$297,990"
33200,80'S,,2,$240,$192
,OTHER,,956,"$685,374","$544,627"
,TOTAL,,958,"$685,614","$544,819"
33201,80'S,,2,$113,$91
,OTHER,,267,"$138,366","$110,073"
,TOTAL,,269,"$138,480","$110,164"
33206,OTHER,,"1,786","$709,973","$564,583"
,TOTAL,,"1,786","$709,973","$564,583"
33207,80'S,,1,$92,$74
,OTHER,,"36,643","$18,117,677","$14,435,758"
,TOTAL,,"36,644","$18,117,769","$14,435,831"
33208,80'S,,1,$87,$70
,OTHER,,"133,212","$67,485,794","$53,726,068"
,TOTAL,,"133,213","$67,485,881","$53,726,137"
33210,OTHER,,"25,253","$3,529,801","$2,799,991"
,TOTAL,,"25,253","$3,529,801","$2,799,991"
33211,OTHER,,"1,758","$206,790","$163,479"
,TOTAL,,"1,758","$206,790","$163,479"
33212,OTHER,,"13,564","$4,932,551","$3,917,490"
,TOTAL,,"13,564","$4,932,551","$3,917,490"
33213,OTHER,,"24,290","$9,885,836","$7,849,113"
,TOTAL,,"24,290","$9,885,836","$7,849,113"
33214,80'S,,1,$38,$30
,OTHER,,"1,616","$740,220","$589,195"
,TOTAL,,"1,617","$740,258","$589,226"
33216,OTHER,,"4,943","$1,599,110","$1,268,593"
,TOTAL,,"4,943","$1,599,110","$1,268,593"
33217,80'S,,1,$64,$51
,OTHER,,"3,202","$1,111,679","$883,725"
,TOTAL,,"3,203","$1,111,743","$883,776"
33218,OTHER,,820,"$250,289","$199,088"
,TOTAL,,820,"$250,289","$199,088"
33220,OTHER,,396,"$116,433","$92,703"
,TOTAL,,396,"$116,433","$92,703"
33222,OTHER,,"3,101","$753,502","$598,699"
,TOTAL,,"3,101","$753,502","$598,699"
33223,80'S,,1,$32,$26
,OTHER,,"1,547","$473,478","$376,224"
,TOTAL,,"1,548","$473,510","$376,250"
33233,80'S,,4,$126,$101
,OTHER,,"33,988","$4,729,196","$3,756,734"
,TOTAL,,"33,992","$4,729,322","$3,756,835"
33234,OTHER,,"2,802","$1,020,806","$812,843"
,TOTAL,,"2,802","$1,020,806","$812,843"
33235,80'S,,1,$109,$88
,OTHER,,"2,701","$1,422,875","$1,134,305"
,TOTAL,,"2,702","$1,422,984","$1,134,392"
33236,80'S,,2,$130,$104
,OTHER,,109,"$76,398","$60,959"
,TOTAL,,111,"$76,528","$61,063"
33237,80'S,,2,$312,$250
,OTHER,,89,"$68,590","$54,291"
,TOTAL,,91,"$68,902","$54,541"
33238,80'S,,3,$236,$189
,OTHER,,72,"$45,430","$35,775"
,TOTAL,,75,"$45,666","$35,964"
33240,OTHER,,"9,295","$4,406,094","$3,489,501"
,TOTAL,,"9,295","$4,406,094","$3,489,501"
33241,80'S,,13,$328,$262
,OTHER,,"10,937","$1,443,935","$1,143,592"
,TOTAL,,"10,950","$1,444,263","$1,143,854"
33243,80'S,,22,"$3,044","$2,435"
,OTHER,,237,"$232,252","$182,677"
,TOTAL,,259,"$235,296","$185,112"
33244,OTHER,,"1,997","$1,187,295","$939,082"
,TOTAL,,"1,997","$1,187,295","$939,082"
33245,80'S,,39,"$5,134","$4,107"
,OTHER,,429,"$335,603","$267,572"
,TOTAL,,468,"$340,737","$271,680"
33246,80'S,,22,"$3,922","$3,138"
,OTHER,,381,"$497,622","$395,941"
,TOTAL,,403,"$501,544","$399,079"
33249,80'S,,2,$270,$216
,OTHER,,"41,181","$34,285,030","$27,221,422"
,TOTAL,,"41,183","$34,285,300","$27,221,638"
33250,80'S,,3,$348,$279
,OTHER,,26,"$15,453","$12,282"
,TOTAL,,29,"$15,801","$12,561"
33251,80'S,,74,"$10,582","$8,465"
,OTHER,,479,"$262,640","$209,036"
,TOTAL,,553,"$273,222","$217,501"
33253,80'S,,712,"$131,575","$104,886"
,OTHER,,"2,616","$2,383,692","$1,899,400"
,TOTAL,,"3,328","$2,515,267","$2,004,286"
33261,80'S,,9,"$1,086",$869
,OTHER,,62,"$37,136","$29,629"
,TOTAL,,71,"$38,222","$30,498"
33282,OTHER,,"2,961","$916,350","$728,104"
,TOTAL,,"2,961","$916,350","$728,104"
33284,OTHER,,"1,186","$237,460","$186,617"
,TOTAL,,"1,186","$237,460","$186,617"
33300,80'S,,56,"$8,288","$6,551"
,OTHER,,287,"$236,304","$186,746"
,TOTAL,,343,"$244,593","$193,297"
33305,80'S,,116,"$16,170","$12,877"
,OTHER,,289,"$208,137","$166,139"
,TOTAL,,405,"$224,307","$179,016"
33310,80'S,,13,"$1,991","$1,592"
,OTHER,,78,"$67,867","$54,129"
,TOTAL,,91,"$69,858","$55,722"
33315,80'S,,34,"$4,880","$3,904"
,OTHER,,198,"$142,480","$113,147"
,TOTAL,,232,"$147,361","$117,052"
33320,80'S,,26,"$3,319","$2,655"
,OTHER,,206,"$124,006","$97,435"
,TOTAL,,232,"$127,325","$100,090"
33321,80'S,,1,$103,$82
,OTHER,,4,"$3,742","$2,994"
,TOTAL,,5,"$3,845","$3,076"
33322,80'S,,77,"$8,878","$7,103"
,OTHER,,210,"$135,002","$107,501"
,TOTAL,,287,"$143,881","$114,604"
33330,80'S,,10,"$1,207",$966
,OTHER,,42,"$34,200","$27,306"
,TOTAL,,52,"$35,407","$28,272"
33332,80'S,,4,$729,$583
,OTHER,,7,"$5,743","$4,594"
,TOTAL,,11,"$6,472","$5,177"
33335,80'S,,63,"$13,519","$10,815"
,OTHER,,210,"$206,298","$162,075"
,TOTAL,,273,"$219,817","$172,890"
33400,80'S,,121,"$20,207","$16,166"
,OTHER,,344,"$309,883","$247,852"
,TOTAL,,465,"$330,091","$264,018"
33401,OTHER,,1,"$1,352","$1,082"
,TOTAL,,1,"$1,352","$1,082"
33403,80'S,,2,$363,$291
,OTHER,,5,"$6,231","$4,985"
,TOTAL,,7,"$6,594","$5,275"
33404,80'S,,16,"$3,890","$3,006"
,OTHER,,50,"$66,858","$52,828"
,TOTAL,,66,"$70,747","$55,834"
33405,80'S,,"12,138","$3,809,025","$3,032,312"
,OTHER,,"37,709","$59,683,380","$47,503,433"
,TOTAL,,"49,847","$63,492,406","$50,535,745"
33406,80'S,,245,"$77,570","$61,606"
,OTHER,,923,"$1,491,865","$1,188,424"
,TOTAL,,"1,168","$1,569,435","$1,250,031"
33410,80'S,,575,"$158,053","$125,573"
,OTHER,,"2,210","$2,973,841","$2,372,728"
,TOTAL,,"2,785","$3,131,894","$2,498,302"
33411,80'S,,214,"$71,679","$57,084"
,OTHER,,836,"$1,379,270","$1,097,550"
,TOTAL,,"1,050","$1,450,949","$1,154,635"
33412,80'S,,8,"$3,136","$2,509"
,OTHER,,26,"$58,744","$46,995"
,TOTAL,,34,"$61,880","$49,504"
33413,80'S,,8,"$3,219","$2,575"
,OTHER,,32,"$63,209","$48,665"
,TOTAL,,40,"$66,428","$51,240"
33414,80'S,,16,"$2,518","$1,900"
,OTHER,,48,"$47,325","$37,860"
,TOTAL,,64,"$49,843","$39,761"
33415,80'S,,29,"$4,899","$3,919"
,OTHER,,119,"$97,128","$77,181"
,TOTAL,,148,"$102,028","$81,100"
33416,80'S,,151,"$23,798","$18,590"
,OTHER,,499,"$421,113","$335,422"
,TOTAL,,650,"$444,911","$354,012"
33417,80'S,,61,"$9,170","$7,264"
,OTHER,,163,"$129,709","$102,231"
,TOTAL,,224,"$138,878","$109,495"
33420,80'S,,2,$226,$181
,OTHER,,287,"$34,634","$27,312"
,TOTAL,,289,"$34,860","$27,492"
33422,80'S,,28,"$4,164","$3,097"
,OTHER,,97,"$71,398","$55,863"
,TOTAL,,125,"$75,562","$58,960"
33425,80'S,,395,"$63,737","$50,871"
,OTHER,,"1,009","$855,609","$678,943"
,TOTAL,,"1,404","$919,346","$729,815"
33426,80'S,,"2,204","$615,722","$489,011"
,OTHER,,"8,396","$11,800,463","$9,388,907"
,TOTAL,,"10,600","$12,416,185","$9,877,918"
33427,80'S,,841,"$303,087","$240,674"
,OTHER,,"3,216","$5,952,600","$4,726,899"
,TOTAL,,"4,057","$6,255,687","$4,967,573"
33430,80'S,,"4,968","$1,389,809","$1,104,954"
,OTHER,,"15,633","$22,209,343","$17,653,340"
,TOTAL,,"20,601","$23,599,152","$18,758,294"
33460,80'S,,44,"$6,004","$4,799"
,OTHER,,111,"$79,483","$63,587"
,TOTAL,,155,"$85,488","$68,386"
33463,80'S,,288,"$40,002","$31,906"
,OTHER,,"1,105","$780,964","$621,373"
,TOTAL,,"1,393","$820,966","$653,279"
33464,80'S,,631,"$87,743","$69,723"
,OTHER,,"2,292","$1,604,157","$1,277,341"
,TOTAL,,"2,923","$1,691,900","$1,347,064"
33465,80'S,,114,"$21,747","$17,249"
,OTHER,,367,"$398,033","$313,998"
,TOTAL,,481,"$419,779","$331,248"
33468,80'S,,6,"$1,174",$939
,OTHER,,20,"$22,928","$18,342"
,TOTAL,,26,"$24,102","$19,282"
33470,OTHER,,3,"$2,131","$1,704"
,TOTAL,,3,"$2,131","$1,704"
33471,OTHER,,1,"$1,667","$1,333"
,TOTAL,,1,"$1,667","$1,333"
33472,80'S,,2,$351,$281
,OTHER,,1,$643,$515
,TOTAL,,3,$995,$796
33474,80'S,,2,$315,$252
,OTHER,,13,"$10,405","$8,324"
,TOTAL,,15,"$10,720","$8,576"
33475,80'S,,18,"$5,071","$4,057"
,OTHER,,54,"$75,939","$60,751"
,TOTAL,,72,"$81,010","$64,808"
33476,80'S,,2,$229,$184
,OTHER,,22,"$16,835","$12,896"
,TOTAL,,24,"$17,064","$13,079"
33478,80'S,,5,$747,$598
,OTHER,,15,"$13,358","$10,686"
,TOTAL,,20,"$14,105","$11,284"
33496,80'S,,24,"$4,969","$3,975"
,OTHER,,136,"$144,768","$115,746"
,TOTAL,,160,"$149,737","$119,721"
33500,80'S,,17,"$2,007","$1,606"
,OTHER,,60,"$38,930","$31,144"
,TOTAL,,77,"$40,938","$32,750"
33501,80'S,,9,"$1,597","$1,278"
,OTHER,,75,"$47,918","$38,092"
,TOTAL,,84,"$49,515","$39,370"
33502,80'S,,19,"$2,588","$2,071"
,OTHER,,108,"$54,995","$43,996"
,TOTAL,,127,"$57,583","$46,067"
33503,OTHER,,27,"$27,115","$21,202"
,TOTAL,,27,"$27,115","$21,202"
33504,80'S,,4,$702,$562
,OTHER,,24,"$15,633","$12,506"
,TOTAL,,28,"$16,335","$13,068"
33505,80'S,,1,$262,$210
,OTHER,,7,"$3,591","$2,873"
,TOTAL,,8,"$3,854","$3,083"
33510,80'S,,"3,271","$554,819","$441,894"
,OTHER,,"10,496","$8,852,261","$7,041,930"
,TOTAL,,"13,767","$9,407,080","$7,483,824"
33511,80'S,,"4,157","$932,294","$740,553"
,OTHER,,"13,360","$14,335,108","$11,405,360"
,TOTAL,,"17,517","$15,267,402","$12,145,912"
33512,80'S,,"4,806","$1,256,291","$997,732"
,OTHER,,"14,705","$19,244,232","$15,281,819"
,TOTAL,,"19,511","$20,500,523","$16,279,551"
33513,80'S,,"2,627","$719,843","$571,103"
,OTHER,,"7,655","$10,438,713","$8,290,079"
,TOTAL,,"10,282","$11,158,556","$8,861,182"
33514,80'S,,718,"$204,437","$162,660"
,OTHER,,"2,459","$2,999,283","$2,383,273"
,TOTAL,,"3,177","$3,203,720","$2,545,932"
33516,80'S,,199,"$64,219","$51,271"
,OTHER,,532,"$832,235","$663,658"
,TOTAL,,731,"$896,453","$714,929"
33517,80'S,,"8,860","$187,866","$149,698"
,OTHER,,"29,574","$3,147,510","$2,502,201"
,TOTAL,,"38,434","$3,335,377","$2,651,899"
33518,80'S,,"19,052","$756,774","$602,414"
,OTHER,,"65,174","$12,980,071","$10,319,679"
,TOTAL,,"84,226","$13,736,845","$10,922,093"
33519,80'S,,"16,334","$953,254","$758,641"
,OTHER,,"52,879","$15,265,194","$12,121,214"
,TOTAL,,"69,213","$16,218,449","$12,879,855"
33521,80'S,,"5,454","$419,738","$333,866"
,OTHER,,"18,056","$6,728,876","$5,346,522"
,TOTAL,,"23,510","$7,148,613","$5,680,388"
33522,80'S,,"1,034","$98,526","$78,483"
,OTHER,,"3,603","$1,627,149","$1,290,129"
,TOTAL,,"4,637","$1,725,676","$1,368,612"
33523,80'S,,236,"$27,211","$21,680"
,OTHER,,652,"$366,991","$291,778"
,TOTAL,,888,"$394,202","$313,458"
33530,80'S,,"6,434","$312,571","$248,460"
,OTHER,,"22,504","$5,615,718","$4,463,045"
,TOTAL,,"28,938","$5,928,289","$4,711,506"
33533,80'S,,"48,721","$13,106,158","$10,397,921"
,OTHER,,"162,545","$215,296,617","$170,891,205"
,TOTAL,,"211,266","$228,402,774","$181,289,126"
33534,80'S,,"5,027","$1,444,603","$1,147,596"
,OTHER,,"17,731","$25,123,535","$19,927,606"
,TOTAL,,"22,758","$26,568,138","$21,075,201"
33535,80'S,,"1,360","$425,288","$337,301"
,OTHER,,"4,599","$7,180,733","$5,697,227"
,TOTAL,,"5,959","$7,606,022","$6,034,528"
33536,80'S,,614,"$205,938","$163,937"
,OTHER,,"1,998","$3,260,980","$2,593,376"
,TOTAL,,"2,612","$3,466,918","$2,757,314"
33542,80'S,,412,"$72,958","$58,238"
,OTHER,,"1,413","$1,218,698","$970,020"
,TOTAL,,"1,825","$1,291,656","$1,028,258"
33545,80'S,,82,"$27,690","$22,152"
,OTHER,,259,"$435,180","$345,531"
,TOTAL,,341,"$462,870","$367,684"
33572,80'S,,"1,235","$44,747","$35,637"
,OTHER,,"4,985","$919,443","$730,854"
,TOTAL,,"6,220","$964,190","$766,491"
33600,80'S,,2,$439,$351
,OTHER,,6,"$7,591","$6,073"
,TOTAL,,8,"$8,029","$6,424"
33602,80'S,,1,$253,$202
,OTHER,,2,"$1,691","$1,353"
,TOTAL,,3,"$1,944","$1,555"
33608,80'S,,4,$715,$572
,OTHER,,8,"$10,291","$8,233"
,TOTAL,,12,"$11,007","$8,806"
33610,80'S,,4,"$1,308","$1,046"
,OTHER,,2,"$3,537","$2,830"
,TOTAL,,6,"$4,845","$3,876"
33611,80'S,,2,$621,$497
,OTHER,,9,"$11,998","$9,598"
,TOTAL,,11,"$12,619","$10,095"
33612,80'S,,2,$643,$515
,OTHER,,5,"$10,786","$8,629"
,TOTAL,,7,"$11,429","$9,143"
33615,80'S,,6,"$1,208",$966
,OTHER,,28,"$18,936","$15,078"
,TOTAL,,34,"$20,144","$16,044"
33617,80'S,,1,$321,$257
,OTHER,,8,"$14,622","$11,697"
,TOTAL,,9,"$14,943","$11,954"
33619,80'S,,1,$327,$262
,TOTAL,,1,$327,$262
33641,80'S,,638,"$74,907","$59,741"
,OTHER,,"2,450","$1,476,750","$1,172,998"
,TOTAL,,"3,088","$1,551,656","$1,232,739"
33645,80'S,,15,"$2,648","$2,118"
,OTHER,,54,"$49,857","$39,264"
,TOTAL,,69,"$52,504","$41,382"
33647,80'S,,13,"$2,871","$2,256"
,OTHER,,64,"$90,192","$72,074"
,TOTAL,,77,"$93,064","$74,330"
33660,80'S,,8,"$1,722","$1,378"
,OTHER,,46,"$52,068","$39,513"
,TOTAL,,54,"$53,791","$40,891"
33665,OTHER,,3,"$5,096","$4,076"
,TOTAL,,3,"$5,096","$4,076"
33670,80'S,,1,$255,$204
,OTHER,,10,"$6,570","$5,012"
,TOTAL,,11,"$6,826","$5,216"
33681,80'S,,81,"$18,771","$14,946"
,OTHER,,246,"$304,395","$242,929"
,TOTAL,,327,"$323,166","$257,876"
33684,80'S,,1,$275,$220
,OTHER,,3,"$4,548","$3,638"
,TOTAL,,4,"$4,823","$3,859"
33688,80'S,,1,$302,$242
,OTHER,,1,"$1,887","$1,510"
,TOTAL,,2,"$2,189","$1,751"
33690,80'S,,1,$98,$38
,OTHER,,10,"$6,756","$4,952"
,TOTAL,,11,"$6,854","$4,990"
33692,OTHER,,1,"$1,026",$821
,TOTAL,,1,"$1,026",$821
33694,80'S,,1,$396,$317
,OTHER,,3,"$4,777","$3,822"
,TOTAL,,4,"$5,173","$4,139"
33697,80'S,,1,$333,$266
,OTHER,,12,"$18,191","$14,553"
,TOTAL,,13,"$18,524","$14,819"
33702,80'S,,2,$276,$221
,OTHER,,14,"$15,715","$12,019"
,TOTAL,,16,"$15,991","$12,240"
33710,80'S,,1,$291,$233
,OTHER,,5,"$3,094","$2,475"
,TOTAL,,6,"$3,385","$2,708"
33720,80'S,,18,"$2,811","$2,248"
,OTHER,,45,"$39,782","$31,826"
,TOTAL,,63,"$42,593","$34,074"
33722,80'S,,2,$298,$239
,OTHER,,3,"$2,885","$2,308"
,TOTAL,,5,"$3,184","$2,547"
33730,OTHER,,5,"$4,505","$3,604"
,TOTAL,,5,"$4,505","$3,604"
33732,OTHER,,5,"$2,934","$2,348"
,TOTAL,,5,"$2,934","$2,348"
33735,OTHER,,11,$932,$681
,TOTAL,,11,$932,$681
33736,80'S,,2,$336,$269
,OTHER,,12,"$6,890","$5,512"
,TOTAL,,14,"$7,226","$5,781"
33737,80'S,,1,$125,$100
,OTHER,,3,"$3,902","$3,121"
,TOTAL,,4,"$4,026","$3,221"
33750,OTHER,,3,"$2,796","$2,184"
,TOTAL,,3,"$2,796","$2,184"
33755,80'S,,1,$117,$94
,OTHER,,2,"$2,202","$1,761"
,TOTAL,,3,"$2,319","$1,855"
33762,OTHER,,20,"$25,714","$20,447"
,TOTAL,,20,"$25,714","$20,447"
33764,OTHER,,6,"$3,749","$2,999"
,TOTAL,,6,"$3,749","$2,999"
33766,OTHER,,12,"$12,644","$10,115"
,TOTAL,,12,"$12,644","$10,115"
33767,80'S,,1,$214,$171
,OTHER,,2,"$1,532","$1,225"
,TOTAL,,3,"$1,746","$1,397"
33774,OTHER,,2,"$3,545","$2,836"
,TOTAL,,2,"$3,545","$2,836"
33779,OTHER,,2,"$3,374","$2,699"
,TOTAL,,2,"$3,374","$2,699"
33780,OTHER,,2,"$3,285","$2,628"
,TOTAL,,2,"$3,285","$2,628"
33786,OTHER,,1,"$2,216","$1,772"
,TOTAL,,1,"$2,216","$1,772"
33788,80'S,,2,$406,$324
,OTHER,,2,"$2,535","$2,028"
,TOTAL,,4,"$2,940","$2,352"
33800,80'S,,1,$84,$67
,OTHER,,5,"$2,330","$1,864"
,TOTAL,,6,"$2,414","$1,931"
33802,OTHER,,3,"$1,483","$1,186"
,TOTAL,,3,"$1,483","$1,186"
33813,OTHER,,2,"$2,508","$2,007"
,TOTAL,,2,"$2,508","$2,007"
33814,80'S,,2,$251,$201
,OTHER,,8,"$4,589","$3,671"
,TOTAL,,10,"$4,840","$3,872"
33820,80'S,,5,$523,$418
,OTHER,,43,"$27,310","$21,848"
,TOTAL,,48,"$27,833","$22,266"
33822,80'S,,2,$311,$249
,OTHER,,1,$514,$411
,TOTAL,,3,$825,$660
33824,80'S,,1,$243,$194
,OTHER,,1,$758,$606
,TOTAL,,2,"$1,001",$800
33840,OTHER,,8,"$6,986","$4,477"
,TOTAL,,8,"$6,986","$4,477"
33845,80'S,,1,$216,$172
,OTHER,,6,"$4,433","$3,546"
,TOTAL,,7,"$4,648","$3,719"
33851,OTHER,,1,"$1,345","$1,076"
,TOTAL,,1,"$1,345","$1,076"
33852,OTHER,,7,"$7,995","$6,396"
,TOTAL,,7,"$7,995","$6,396"
33853,80'S,,8,"$1,648","$1,318"
,OTHER,,40,"$47,181","$37,745"
,TOTAL,,48,"$48,828","$39,063"
33860,80'S,,"1,020","$331,242","$263,485"
,OTHER,,"3,062","$5,196,495","$4,137,139"
,TOTAL,,"4,082","$5,527,737","$4,400,624"
33861,80'S,,96,"$34,586","$27,589"
,OTHER,,341,"$632,303","$505,667"
,TOTAL,,437,"$666,889","$533,256"
33863,80'S,,569,"$228,161","$180,975"
,OTHER,,"2,234","$3,836,330","$3,051,368"
,TOTAL,,"2,803","$4,064,492","$3,232,344"
33870,80'S,,269,"$98,010","$78,229"
,OTHER,,948,"$1,902,049","$1,514,895"
,TOTAL,,"1,217","$2,000,058","$1,593,124"
33875,80'S,,300,"$88,081","$69,930"
,OTHER,,838,"$1,365,487","$1,085,095"
,TOTAL,,"1,138","$1,453,568","$1,155,025"
33877,80'S,,389,"$152,941","$121,715"
,OTHER,,"1,197","$2,567,136","$2,047,671"
,TOTAL,,"1,586","$2,720,077","$2,169,387"
33910,80'S,,21,"$4,155","$3,144"
,OTHER,,86,"$104,265","$82,486"
,TOTAL,,107,"$108,420","$85,630"
33915,OTHER,,25,"$26,288","$21,017"
,TOTAL,,25,"$26,288","$21,017"
33916,80'S,,8,"$1,851","$1,481"
,OTHER,,27,"$33,722","$26,978"
,TOTAL,,35,"$35,573","$28,459"
33917,80'S,,9,"$1,322","$1,058"
,OTHER,,27,"$28,545","$22,756"
,TOTAL,,36,"$29,867","$23,814"
33919,80'S,,2,$616,$493
,OTHER,,4,"$6,928","$5,542"
,TOTAL,,6,"$7,544","$6,035"
33920,80'S,,1,$165,$132
,OTHER,,3,"$2,158","$1,726"
,TOTAL,,4,"$2,323","$1,858"
33922,80'S,,3,$567,$454
,OTHER,,13,"$9,396","$7,467"
,TOTAL,,16,"$9,963","$7,921"
33924,80'S,,2,$106,$85
,OTHER,,2,$661,$529
,TOTAL,,4,$767,$613
33935,80'S,,2,"$1,026",$820
,OTHER,,4,"$13,652","$8,333"
,TOTAL,,6,"$14,678","$9,153"
33945,80'S,,237,"$94,340","$74,846"
,OTHER,,552,"$1,298,352","$1,026,698"
,TOTAL,,789,"$1,392,692","$1,101,544"
33960,80'S,,11,"$1,567","$1,254"
,OTHER,,89,"$74,908","$59,914"
,TOTAL,,100,"$76,475","$61,168"
33961,80'S,,1,$85,$68
,OTHER,,37,"$22,861","$18,289"
,TOTAL,,38,"$22,946","$18,357"
33967,80'S,,59,"$1,548","$1,239"
,OTHER,,"22,467","$4,123,221","$3,279,854"
,TOTAL,,"22,526","$4,124,770","$3,281,093"
33968,OTHER,,"4,482","$148,537","$117,601"
,TOTAL,,"4,482","$148,537","$117,601"
33970,80'S,,482,"$14,626","$11,577"
,OTHER,,"4,082","$837,877","$666,370"
,TOTAL,,"4,564","$852,503","$677,947"
33971,OTHER,,"1,408","$790,360","$627,364"
,TOTAL,,"1,408","$790,360","$627,364"
33973,80'S,,43,"$1,953","$1,562"
,OTHER,,292,"$94,554","$75,362"
,TOTAL,,335,"$96,507","$76,924"
33974,OTHER,,133,"$110,154","$87,596"
,TOTAL,,133,"$110,154","$87,596"
33975,80'S,,102,"$12,788","$10,230"
,OTHER,,284,"$194,714","$155,470"
,TOTAL,,386,"$207,501","$165,700"
33976,80'S,,24,"$3,324","$2,659"
,OTHER,,132,"$116,291","$92,414"
,TOTAL,,156,"$119,615","$95,073"
33977,80'S,,32,"$4,207","$3,225"
,OTHER,,126,"$108,531","$84,437"
,TOTAL,,158,"$112,738","$87,663"
33978,80'S,,13,"$2,345","$1,876"
,OTHER,,42,"$44,659","$35,727"
,TOTAL,,55,"$47,004","$37,603"
33979,80'S,,21,"$5,972","$4,778"
,OTHER,,55,"$59,630","$47,704"
,TOTAL,,76,"$65,602","$52,481"
33980,80'S,,8,"$1,236",$989
,OTHER,,30,"$30,859","$24,688"
,TOTAL,,38,"$32,095","$25,676"
33999,80'S,,100,"$27,508","$22,007"
,OTHER,,"11,499","$4,625,862","$3,694,590"
,TOTAL,,"11,599","$4,653,371","$3,716,597"
34001,80'S,,49,"$5,259","$4,207"
,OTHER,,291,"$162,329","$129,848"
,TOTAL,,340,"$167,588","$134,055"
34051,80'S,,7,$491,$393
,OTHER,,30,"$14,774","$11,739"
,TOTAL,,37,"$15,265","$12,132"
34101,SG,,4,"$1,910","$1,528"
,80'S,,238,"$16,367","$12,930"
,OTHER,,"3,184","$1,543,646","$1,227,789"
,TOTAL,,"3,426","$1,561,923","$1,242,248"
34111,80'S,,39,"$3,025","$2,420"
,OTHER,,"1,153","$327,012","$260,118"
,TOTAL,,"1,192","$330,036","$262,538"
34151,80'S,,84,"$15,779","$12,543"
,OTHER,,396,"$456,324","$363,609"
,TOTAL,,480,"$472,103","$376,152"
34201,80'S,,917,"$64,047","$50,787"
,OTHER,,"8,582","$3,857,440","$3,067,104"
,TOTAL,,"9,499","$3,921,487","$3,117,892"
34203,80'S,,288,"$33,583","$26,451"
,OTHER,,"2,698","$1,971,726","$1,569,940"
,TOTAL,,"2,986","$2,005,309","$1,596,391"
34401,80'S,,17,"$2,680","$2,144"
,OTHER,,88,"$95,715","$76,572"
,TOTAL,,105,"$98,395","$78,716"
34421,80'S,,29,"$2,796","$2,237"
,OTHER,,301,"$167,396","$132,144"
,TOTAL,,330,"$170,192","$134,381"
34451,80'S,,10,"$1,963","$1,570"
,OTHER,,33,"$38,948","$31,158"
,TOTAL,,43,"$40,911","$32,729"
34471,80'S,,1,$40,$32
,OTHER,,53,"$28,507","$22,805"
,TOTAL,,54,"$28,546","$22,837"
34490,OTHER,,547,"$241,500","$192,145"
,TOTAL,,547,"$241,500","$192,145"
34501,80'S,,11,"$1,039",$831
,OTHER,,61,"$47,737","$37,571"
,TOTAL,,72,"$48,776","$38,402"
34502,80'S,,41,"$8,153","$6,522"
,OTHER,,163,"$196,728","$156,773"
,TOTAL,,204,"$204,881","$163,295"
34510,80'S,,5,$899,$719
,OTHER,,21,"$20,731","$16,585"
,TOTAL,,26,"$21,630","$17,304"
34520,80'S,,9,"$1,465","$1,172"
,OTHER,,147,"$104,733","$83,540"
,TOTAL,,156,"$106,198","$84,712"
34530,80'S,,2,$177,$142
,OTHER,,15,"$10,006","$8,005"
,TOTAL,,17,"$10,184","$8,147"
34800,80'S,,93,"$16,959","$13,567"
,OTHER,,458,"$441,261","$352,907"
,TOTAL,,551,"$458,220","$366,474"
34802,80'S,,"1,338","$264,278","$210,184"
,OTHER,,"8,973","$8,916,161","$7,107,096"
,TOTAL,,"10,311","$9,180,438","$7,317,280"
34804,80'S,,742,"$145,920","$116,220"
,OTHER,,"4,289","$4,196,685","$3,333,845"
,TOTAL,,"5,031","$4,342,605","$3,450,065"
34808,80'S,,37,"$1,383","$1,106"
,OTHER,,225,"$46,032","$36,826"
,TOTAL,,262,"$47,415","$37,932"
34812,80'S,,"1,743","$68,358","$54,530"
,OTHER,,"11,497","$2,673,423","$2,127,580"
,TOTAL,,"13,240","$2,741,781","$2,182,110"
34813,80'S,,47,"$1,865","$1,492"
,OTHER,,281,"$67,801","$54,241"
,TOTAL,,328,"$69,666","$55,733"
34820,80'S,,121,"$7,057","$5,591"
,OTHER,,618,"$189,302","$150,630"
,TOTAL,,739,"$196,359","$156,221"
34825,80'S,,893,"$54,627","$43,491"
,OTHER,,"6,792","$2,224,037","$1,771,484"
,TOTAL,,"7,685","$2,278,664","$1,814,975"
34826,80'S,,399,"$13,946","$11,062"
,OTHER,,"3,268","$612,706","$488,345"
,TOTAL,,"3,667","$626,652","$499,407"
34830,80'S,,7,"$2,019","$1,615"
,OTHER,,47,"$79,013","$63,210"
,TOTAL,,54,"$81,031","$64,825"
34831,80'S,,15,"$4,457","$3,566"
,OTHER,,126,"$215,703","$172,337"
,TOTAL,,141,"$220,160","$175,903"
34832,80'S,,9,"$2,789","$2,231"
,OTHER,,60,"$108,328","$86,518"
,TOTAL,,69,"$111,117","$88,749"
35001,80'S,,185,"$31,338","$24,883"
,OTHER,,590,"$550,063","$432,804"
,TOTAL,,775,"$581,401","$457,686"
35002,80'S,,11,"$1,955","$1,564"
,OTHER,,52,"$33,797","$26,958"
,TOTAL,,63,"$35,752","$28,522"
35005,OTHER,,20,"$9,332","$7,466"
,TOTAL,,20,"$9,332","$7,466"
35011,80'S,,91,"$13,500","$10,800"
,OTHER,,"1,500","$1,358,526","$1,081,481"
,TOTAL,,"1,591","$1,372,026","$1,092,281"
35013,80'S,,19,"$3,575","$2,841"
,OTHER,,285,"$314,499","$250,851"
,TOTAL,,304,"$318,074","$253,692"
35021,80'S,,22,"$2,933","$2,346"
,OTHER,,81,"$48,682","$38,782"
,TOTAL,,103,"$51,615","$41,128"
35022,80'S,,2,$313,$250
,OTHER,,19,"$10,112","$8,090"
,TOTAL,,21,"$10,425","$8,340"
35045,80'S,,15,"$2,225","$1,780"
,OTHER,,374,"$341,014","$267,926"
,TOTAL,,389,"$343,239","$269,706"
35081,80'S,,"3,963","$926,766","$736,212"
,OTHER,,"10,703","$13,676,394","$10,866,529"
,TOTAL,,"14,666","$14,603,160","$11,602,741"
35082,80'S,,"1,206","$391,346","$310,859"
,OTHER,,"3,005","$5,539,212","$4,411,293"
,TOTAL,,"4,211","$5,930,557","$4,722,152"
35091,80'S,,589,"$176,285","$140,056"
,OTHER,,"2,047","$3,596,107","$2,861,563"
,TOTAL,,"2,636","$3,772,392","$3,001,619"
35092,80'S,,174,"$66,110","$52,555"
,OTHER,,477,"$1,053,371","$839,955"
,TOTAL,,651,"$1,119,481","$892,510"
35102,80'S,,"2,439","$638,213","$505,310"
,OTHER,,"6,979","$10,423,504","$8,270,890"
,TOTAL,,"9,418","$11,061,717","$8,776,201"
35103,80'S,,376,"$128,234","$101,985"
,OTHER,,"1,056","$2,137,114","$1,700,491"
,TOTAL,,"1,432","$2,265,348","$1,802,475"
35111,80'S,,26,"$5,183","$4,138"
,OTHER,,69,"$85,992","$68,298"
,TOTAL,,95,"$91,176","$72,436"
35112,80'S,,6,"$1,490","$1,185"
,OTHER,,21,"$29,196","$22,656"
,TOTAL,,27,"$30,686","$23,841"
35121,80'S,,68,"$15,654","$12,476"
,OTHER,,211,"$286,432","$227,690"
,TOTAL,,279,"$302,086","$240,165"
35122,80'S,,13,"$3,810","$3,048"
,OTHER,,39,"$65,714","$52,491"
,TOTAL,,52,"$69,524","$55,539"
35131,80'S,,329,"$63,425","$50,398"
,OTHER,,"1,018","$1,158,334","$920,865"
,TOTAL,,"1,347","$1,221,758","$971,263"
35132,80'S,,56,"$13,861","$10,873"
,OTHER,,187,"$275,342","$220,034"
,TOTAL,,243,"$289,203","$230,907"
35141,80'S,,890,"$134,853","$107,254"
,OTHER,,"5,381","$4,962,499","$3,941,144"
,TOTAL,,"6,271","$5,097,352","$4,048,398"
35142,80'S,,95,"$17,797","$14,238"
,OTHER,,570,"$650,547","$518,881"
,TOTAL,,665,"$668,345","$533,119"
35151,80'S,,251,"$45,780","$36,406"
,OTHER,,"1,097","$1,178,086","$937,934"
,TOTAL,,"1,348","$1,223,866","$974,340"
35152,80'S,,13,"$2,525","$2,020"
,OTHER,,50,"$56,451","$44,748"
,TOTAL,,63,"$58,975","$46,768"
35161,80'S,,32,"$4,324","$3,304"
,OTHER,,315,"$279,867","$221,815"
,TOTAL,,347,"$284,192","$225,119"
35162,80'S,,7,"$1,172",$938
,OTHER,,29,"$30,359","$24,287"
,TOTAL,,36,"$31,532","$25,225"
35180,80'S,,1,$123,$98
,OTHER,,3,"$2,020","$1,616"
,TOTAL,,4,"$2,143","$1,714"
35182,80'S,,10,"$1,689","$1,351"
,OTHER,,19,"$18,829","$14,162"
,TOTAL,,29,"$20,518","$15,513"
35184,80'S,,21,"$3,132","$2,506"
,OTHER,,121,"$105,044","$82,642"
,TOTAL,,142,"$108,176","$85,148"
35188,80'S,,10,$760,$608
,OTHER,,87,"$43,930","$35,144"
,TOTAL,,97,"$44,690","$35,752"
35189,80'S,,24,"$4,136","$3,308"
,OTHER,,87,"$94,705","$75,764"
,TOTAL,,111,"$98,841","$79,073"
35190,80'S,,143,"$14,458","$11,491"
,OTHER,,"1,584","$961,998","$766,689"
,TOTAL,,"1,727","$976,457","$778,180"
35201,80'S,,160,"$19,247","$15,026"
,OTHER,,"1,114","$750,989","$594,284"
,TOTAL,,"1,274","$770,236","$609,310"
35206,80'S,,115,"$13,379","$10,563"
,OTHER,,"2,279","$1,591,454","$1,261,890"
,TOTAL,,"2,394","$1,604,833","$1,272,453"
35207,OTHER,,338,"$177,966","$140,909"
,TOTAL,,338,"$177,966","$140,909"
35211,80'S,,72,"$8,986","$7,189"
,OTHER,,282,"$176,434","$140,973"
,TOTAL,,354,"$185,420","$148,162"
35216,80'S,,48,"$7,165","$5,732"
,OTHER,,304,"$245,338","$196,175"
,TOTAL,,352,"$252,503","$201,908"
35221,80'S,,204,"$32,452","$25,738"
,OTHER,,"1,031","$1,031,053","$816,751"
,TOTAL,,"1,235","$1,063,505","$842,488"
35226,80'S,,446,"$50,712","$40,138"
,OTHER,,"3,928","$2,787,749","$2,216,424"
,TOTAL,,"4,374","$2,838,460","$2,256,562"
35231,80'S,,28,"$4,768","$3,814"
,OTHER,,125,"$114,638","$90,161"
,TOTAL,,153,"$119,405","$93,975"
35236,80'S,,68,"$10,016","$7,893"
,OTHER,,"1,106","$952,311","$751,324"
,TOTAL,,"1,174","$962,327","$759,216"
35241,80'S,,38,"$4,342","$3,474"
,OTHER,,152,"$86,222","$68,977"
,TOTAL,,190,"$90,564","$72,451"
35246,80'S,,5,$835,$668
,OTHER,,32,"$38,573","$30,859"
,TOTAL,,37,"$39,408","$31,527"
35251,80'S,,29,"$6,313","$4,915"
,OTHER,,112,"$143,918","$115,134"
,TOTAL,,141,"$150,231","$120,050"
35256,80'S,,186,"$25,946","$20,719"
,OTHER,,"1,335","$1,093,698","$867,823"
,TOTAL,,"1,521","$1,119,644","$888,542"
35261,80'S,,51,"$5,519","$4,415"
,OTHER,,198,"$113,649","$90,814"
,TOTAL,,249,"$119,168","$95,229"
35266,80'S,,34,"$4,600","$3,680"
,OTHER,,494,"$393,706","$311,664"
,TOTAL,,528,"$398,306","$315,344"
35271,80'S,,15,"$1,834","$1,467"
,OTHER,,105,"$73,983","$59,048"
,TOTAL,,120,"$75,816","$60,515"
35276,80'S,,11,"$1,973","$1,539"
,OTHER,,46,"$51,878","$41,502"
,TOTAL,,57,"$53,851","$43,041"
35281,80'S,,35,"$6,583","$5,090"
,OTHER,,182,"$202,434","$159,286"
,TOTAL,,217,"$209,017","$164,376"
35286,80'S,,217,"$25,566","$20,361"
,OTHER,,"1,411","$996,441","$791,397"
,TOTAL,,"1,628","$1,022,006","$811,758"
35301,80'S,,"28,804","$4,717,629","$3,748,316"
,OTHER,,"109,968","$100,471,554","$79,838,724"
,TOTAL,,"138,772","$105,189,183","$83,587,040"
35311,80'S,,26,"$5,452","$4,362"
,OTHER,,124,"$110,806","$87,653"
,TOTAL,,150,"$116,259","$92,015"
35321,80'S,,22,"$2,371","$1,897"
,OTHER,,591,"$475,483","$378,502"
,TOTAL,,613,"$477,855","$380,399"
35331,80'S,,94,"$16,687","$13,080"
,OTHER,,366,"$339,365","$270,554"
,TOTAL,,460,"$356,053","$283,635"
35341,80'S,,206,"$29,033","$23,172"
,OTHER,,717,"$620,053","$492,158"
,TOTAL,,923,"$649,086","$515,330"
35351,80'S,,256,"$43,188","$34,343"
,OTHER,,"1,037","$1,005,509","$797,397"
,TOTAL,,"1,293","$1,048,697","$831,740"
35355,80'S,,371,"$46,665","$37,324"
,OTHER,,"1,731","$1,309,194","$1,041,581"
,TOTAL,,"2,102","$1,355,859","$1,078,904"
35361,80'S,,64,"$14,814","$11,851"
,OTHER,,123,"$136,356","$108,951"
,TOTAL,,187,"$151,170","$120,802"
35363,80'S,,27,"$5,977","$4,582"
,OTHER,,112,"$166,935","$129,748"
,TOTAL,,139,"$172,912","$134,329"
35371,80'S,,"1,195","$107,471","$85,524"
,OTHER,,"6,554","$3,586,786","$2,850,821"
,TOTAL,,"7,749","$3,694,257","$2,936,345"
35372,80'S,,864,"$88,674","$70,505"
,OTHER,,"4,179","$2,612,273","$2,082,889"
,TOTAL,,"5,043","$2,700,947","$2,153,394"
35381,80'S,,547,"$60,014","$47,751"
,OTHER,,"3,087","$1,976,667","$1,571,430"
,TOTAL,,"3,634","$2,036,682","$1,619,181"
35390,80'S,,560,"$14,694","$11,669"
,OTHER,,"2,636","$400,182","$317,646"
,TOTAL,,"3,196","$414,876","$329,316"
35400,80'S,,6,$144,$113
,OTHER,,799,"$127,478","$101,597"
,TOTAL,,805,"$127,623","$101,710"
35450,80'S,,19,"$1,263",$931
,OTHER,,248,"$102,120","$81,077"
,TOTAL,,267,"$103,383","$82,008"
35452,80'S,,14,$576,$461
,OTHER,,170,"$37,776","$30,090"
,TOTAL,,184,"$38,352","$30,551"
35454,80'S,,324,"$10,278","$8,163"
,OTHER,,"2,982","$572,015","$454,980"
,TOTAL,,"3,306","$582,293","$463,143"
35456,80'S,,211,"$8,783","$6,967"
,OTHER,,"2,589","$660,132","$524,318"
,TOTAL,,"2,800","$668,916","$531,285"
35458,80'S,,42,"$2,747","$2,134"
,OTHER,,"1,378","$581,406","$462,059"
,TOTAL,,"1,420","$584,153","$464,193"
35459,80'S,,60,"$2,749","$2,199"
,OTHER,,637,"$218,548","$174,205"
,TOTAL,,697,"$221,297","$176,404"
35460,80'S,,1,$26,$21
,OTHER,,"4,828","$1,099,848","$873,110"
,TOTAL,,"4,829","$1,099,874","$873,131"
35470,OTHER,,"6,611","$2,763,742","$2,202,372"
,TOTAL,,"6,611","$2,763,742","$2,202,372"
35471,OTHER,,"19,949","$10,294,727","$8,193,602"
,TOTAL,,"19,949","$10,294,727","$8,193,602"
35472,80'S,,2,$93,$74
,OTHER,,828,"$206,776","$164,109"
,TOTAL,,830,"$206,869","$164,183"
35473,80'S,,3,$79,$41
,OTHER,,"22,589","$5,019,670","$3,989,506"
,TOTAL,,"22,592","$5,019,749","$3,989,547"
35474,80'S,,1,$70,$56
,OTHER,,"29,320","$8,894,772","$7,071,019"
,TOTAL,,"29,321","$8,894,843","$7,071,076"
35475,80'S,,1,$42,$34
,OTHER,,"12,398","$5,832,966","$4,636,546"
,TOTAL,,"12,399","$5,833,008","$4,636,580"
35476,OTHER,,"109,757","$31,806,029","$25,248,015"
,TOTAL,,"109,757","$31,806,029","$25,248,015"
35480,80'S,,4,$308,$246
,OTHER,,18,"$7,172","$5,737"
,TOTAL,,22,"$7,479","$5,984"
35481,80'S,,5,$151,$121
,OTHER,,28,"$6,851","$5,481"
,TOTAL,,33,"$7,002","$5,601"
35482,80'S,,4,$123,$98
,OTHER,,44,"$10,589","$8,471"
,TOTAL,,48,"$10,712","$8,569"
35483,80'S,,21,$954,$763
,OTHER,,141,"$40,506","$31,940"
,TOTAL,,162,"$41,460","$32,703"
35484,80'S,,5,$350,$280
,OTHER,,26,"$10,404","$8,323"
,TOTAL,,31,"$10,754","$8,603"
35485,80'S,,11,$783,$627
,OTHER,,64,"$21,423","$17,138"
,TOTAL,,75,"$22,206","$17,765"
35490,OTHER,,108,"$58,808","$47,047"
,TOTAL,,108,"$58,808","$47,047"
35491,OTHER,,13,"$4,443","$3,554"
,TOTAL,,13,"$4,443","$3,554"
35492,OTHER,,206,"$51,617","$40,967"
,TOTAL,,206,"$51,617","$40,967"
35493,OTHER,,819,"$260,992","$207,115"
,TOTAL,,819,"$260,992","$207,115"
35494,OTHER,,78,"$39,750","$31,800"
,TOTAL,,78,"$39,750","$31,800"
35495,OTHER,,449,"$214,677","$171,018"
,TOTAL,,449,"$214,677","$171,018"
35500,80'S,,301,"$15,753","$12,586"
,OTHER,,"1,433","$452,449","$360,484"
,TOTAL,,"1,734","$468,201","$373,071"
35501,80'S,,36,"$5,870","$4,616"
,OTHER,,186,"$176,347","$139,654"
,TOTAL,,222,"$182,217","$144,270"
35506,80'S,,51,"$8,546","$6,837"
,OTHER,,130,"$124,157","$99,056"
,TOTAL,,181,"$132,704","$105,893"
35507,80'S,,13,"$2,253","$1,803"
,OTHER,,59,"$56,742","$45,242"
,TOTAL,,72,"$58,995","$47,045"
35508,80'S,,5,$638,$511
,OTHER,,15,"$12,176","$9,740"
,TOTAL,,20,"$12,814","$10,251"
35509,80'S,,24,"$3,037","$2,430"
,OTHER,,115,"$80,064","$64,009"
,TOTAL,,139,"$83,101","$66,439"
35511,80'S,,3,$504,$404
,OTHER,,17,"$16,968","$13,431"
,TOTAL,,20,"$17,472","$13,835"
35515,80'S,,2,$311,$249
,OTHER,,9,"$9,067","$7,239"
,TOTAL,,11,"$9,378","$7,488"
35516,80'S,,21,"$2,732","$2,186"
,OTHER,,124,"$91,905","$72,750"
,TOTAL,,145,"$94,638","$74,936"
35518,80'S,,17,"$2,955","$2,364"
,OTHER,,116,"$112,751","$90,201"
,TOTAL,,133,"$115,706","$92,565"
35521,80'S,,22,"$4,270","$3,416"
,OTHER,,77,"$79,117","$62,776"
,TOTAL,,99,"$83,386","$66,192"
35526,80'S,,4,$757,$605
,OTHER,,74,"$25,931","$20,712"
,TOTAL,,78,"$26,688","$21,318"
35531,80'S,,104,"$29,082","$23,266"
,OTHER,,297,"$482,274","$384,825"
,TOTAL,,401,"$511,356","$408,091"
35533,80'S,,31,"$7,359","$5,887"
,OTHER,,108,"$142,384","$112,651"
,TOTAL,,139,"$149,743","$118,538"
35536,80'S,,12,"$3,294","$2,635"
,OTHER,,39,"$60,528","$48,343"
,TOTAL,,51,"$63,822","$50,978"
35541,80'S,,36,"$6,947","$5,558"
,OTHER,,103,"$110,868","$87,153"
,TOTAL,,139,"$117,815","$92,711"
35546,80'S,,134,"$26,765","$21,173"
,OTHER,,722,"$420,438","$331,521"
,TOTAL,,856,"$447,202","$352,693"
35548,80'S,,11,"$2,270","$1,816"
,OTHER,,24,"$26,038","$20,830"
,TOTAL,,35,"$28,308","$22,646"
35549,80'S,,9,"$1,348","$1,070"
,OTHER,,30,"$33,081","$26,465"
,TOTAL,,39,"$34,430","$27,536"
35551,80'S,,20,"$4,544","$3,636"
,OTHER,,40,"$56,339","$45,071"
,TOTAL,,60,"$60,883","$48,706"
35556,80'S,,"2,069","$390,610","$310,205"
,OTHER,,"8,710","$9,127,636","$7,239,840"
,TOTAL,,"10,779","$9,518,246","$7,550,045"
35558,80'S,,196,"$32,544","$25,789"
,OTHER,,689,"$672,486","$533,992"
,TOTAL,,885,"$705,030","$559,781"
35560,80'S,,111,"$27,197","$21,758"
,OTHER,,294,"$409,059","$325,679"
,TOTAL,,405,"$436,256","$347,437"
35563,80'S,,11,"$2,076","$1,661"
,OTHER,,27,"$29,722","$23,777"
,TOTAL,,38,"$31,797","$25,438"
35565,80'S,,107,"$19,323","$15,417"
,OTHER,,367,"$393,834","$314,150"
,TOTAL,,474,"$413,158","$329,567"
35566,80'S,,"2,094","$498,251","$397,282"
,OTHER,,"8,557","$11,811,918","$9,401,814"
,TOTAL,,"10,651","$12,310,168","$9,799,096"
35571,80'S,,964,"$211,347","$167,996"
,OTHER,,"4,649","$5,837,514","$4,644,030"
,TOTAL,,"5,613","$6,048,860","$4,812,026"
35582,80'S,,20,"$4,135","$3,308"
,OTHER,,68,"$92,133","$72,471"
,TOTAL,,88,"$96,268","$75,779"
35583,80'S,,908,"$179,937","$143,163"
,OTHER,,"3,864","$4,345,968","$3,450,002"
,TOTAL,,"4,772","$4,525,905","$3,593,165"
35585,80'S,,"1,449","$382,232","$304,323"
,OTHER,,"5,963","$9,030,507","$7,188,154"
,TOTAL,,"7,412","$9,412,739","$7,492,477"
35587,80'S,,180,"$40,792","$32,471"
,OTHER,,849,"$1,100,564","$877,783"
,TOTAL,,"1,029","$1,141,356","$910,254"
35600,80'S,,"2,825","$119,073","$94,782"
,OTHER,,"12,409","$2,827,647","$2,245,019"
,TOTAL,,"15,234","$2,946,720","$2,339,801"
35601,80'S,,86,"$11,821","$9,332"
,OTHER,,444,"$319,674","$252,780"
,TOTAL,,530,"$331,496","$262,111"
35606,80'S,,266,"$38,667","$30,590"
,OTHER,,"1,011","$822,216","$652,180"
,TOTAL,,"1,277","$860,883","$682,770"
35612,80'S,,19,"$2,312","$1,814"
,OTHER,,101,"$69,927","$55,699"
,TOTAL,,120,"$72,239","$57,513"
35616,80'S,,16,"$1,970","$1,576"
,OTHER,,89,"$68,657","$54,910"
,TOTAL,,105,"$70,626","$56,486"
35621,80'S,,312,"$49,397","$39,381"
,OTHER,,"1,086","$1,028,040","$816,698"
,TOTAL,,"1,398","$1,077,437","$856,079"
35623,80'S,,34,"$6,856","$5,485"
,OTHER,,124,"$142,379","$113,844"
,TOTAL,,158,"$149,236","$119,329"
35626,80'S,,51,"$10,069","$8,055"
,OTHER,,186,"$191,738","$151,182"
,TOTAL,,237,"$201,807","$159,237"
35631,80'S,,407,"$102,654","$81,791"
,OTHER,,"1,367","$2,014,526","$1,608,038"
,TOTAL,,"1,774","$2,117,180","$1,689,829"
35636,80'S,,7,"$1,526","$1,124"
,OTHER,,31,"$39,557","$31,566"
,TOTAL,,38,"$41,083","$32,689"
35641,80'S,,438,"$72,559","$57,660"
,OTHER,,"1,338","$1,272,028","$1,008,825"
,TOTAL,,"1,776","$1,344,587","$1,066,485"
35642,OTHER,,24,"$2,913","$2,306"
,TOTAL,,24,"$2,913","$2,306"
35645,80'S,,9,"$1,087",$869
,OTHER,,4,"$2,745","$2,196"
,TOTAL,,13,"$3,832","$3,065"
35646,80'S,,"2,104","$550,163","$437,710"
,OTHER,,"5,480","$8,125,207","$6,437,789"
,TOTAL,,"7,584","$8,675,370","$6,875,499"
35647,80'S,,131,"$27,343","$21,874"
,OTHER,,397,"$494,238","$390,656"
,TOTAL,,528,"$521,581","$412,530"
35650,80'S,,30,"$4,736","$3,682"
,OTHER,,194,"$184,354","$145,699"
,TOTAL,,224,"$189,090","$149,381"
35651,80'S,,32,"$6,440","$5,152"
,OTHER,,124,"$108,479","$86,532"
,TOTAL,,156,"$114,919","$91,684"
35654,80'S,,455,"$93,522","$74,240"
,OTHER,,"1,483","$1,795,415","$1,427,892"
,TOTAL,,"1,938","$1,888,937","$1,502,132"
35656,80'S,,"4,711","$773,316","$614,180"
,OTHER,,"19,850","$18,612,479","$14,785,583"
,TOTAL,,"24,561","$19,385,795","$15,399,763"
35661,80'S,,"1,250","$176,932","$139,538"
,OTHER,,"5,649","$4,631,098","$3,673,657"
,TOTAL,,"6,899","$4,808,030","$3,813,195"
35663,80'S,,44,"$6,165","$4,932"
,OTHER,,147,"$125,683","$99,798"
,TOTAL,,191,"$131,848","$104,729"
35665,80'S,,594,"$93,770","$74,644"
,OTHER,,"2,713","$2,512,067","$1,994,695"
,TOTAL,,"3,307","$2,605,837","$2,069,339"
35666,80'S,,767,"$158,341","$126,099"
,OTHER,,"3,573","$4,259,730","$3,386,700"
,TOTAL,,"4,340","$4,418,071","$3,512,799"
35671,80'S,,89,"$15,199","$12,026"
,OTHER,,418,"$421,478","$336,213"
,TOTAL,,507,"$436,677","$348,239"
35681,80'S,,333,"$4,544","$3,615"
,OTHER,,"2,194","$148,272","$118,161"
,TOTAL,,"2,527","$152,816","$121,775"
35682,80'S,,86,"$5,154","$4,118"
,OTHER,,"1,454","$552,246","$440,249"
,TOTAL,,"1,540","$557,399","$444,368"
35683,80'S,,13,$916,$733
,OTHER,,171,"$75,533","$60,115"
,TOTAL,,184,"$76,449","$60,848"
35685,80'S,,80,"$2,832","$2,266"
,OTHER,,616,"$128,761","$102,740"
,TOTAL,,696,"$131,593","$105,006"
35686,80'S,,22,$639,$508
,OTHER,,188,"$33,941","$27,153"
,TOTAL,,210,"$34,580","$27,662"
35691,80'S,,32,"$4,084","$3,140"
,OTHER,,115,"$86,958","$68,223"
,TOTAL,,147,"$91,043","$71,363"
35693,80'S,,3,$421,$337
,OTHER,,11,"$7,202","$5,762"
,TOTAL,,14,"$7,623","$6,098"
35694,80'S,,19,"$2,973","$2,378"
,OTHER,,91,"$84,664","$67,731"
,TOTAL,,110,"$87,637","$70,109"
35695,80'S,,19,"$2,639","$2,042"
,OTHER,,51,"$45,093","$35,653"
,TOTAL,,70,"$47,732","$37,696"
35700,80'S,,731,"$18,824","$15,019"
,OTHER,,"4,245","$640,012","$508,944"
,TOTAL,,"4,976","$658,836","$523,963"
35701,80'S,,79,"$5,403","$4,319"
,OTHER,,599,"$224,057","$177,878"
,TOTAL,,678,"$229,460","$182,197"
35721,80'S,,157,"$9,754","$7,762"
,OTHER,,"1,287","$453,204","$360,377"
,TOTAL,,"1,444","$462,958","$368,139"
35741,80'S,,65,"$4,462","$3,545"
,OTHER,,511,"$191,558","$152,549"
,TOTAL,,576,"$196,020","$156,094"
35761,80'S,,256,"$10,621","$8,410"
,OTHER,,"2,911","$772,224","$611,340"
,TOTAL,,"3,167","$782,845","$619,750"
35800,80'S,,144,"$7,932","$6,343"
,OTHER,,"2,093","$679,016","$540,108"
,TOTAL,,"2,237","$686,948","$546,452"
35820,80'S,,777,"$73,039","$58,033"
,OTHER,,"9,091","$4,440,739","$3,527,833"
,TOTAL,,"9,868","$4,513,778","$3,585,866"
35840,80'S,,164,"$12,819","$10,203"
,OTHER,,"1,305","$589,357","$468,232"
,TOTAL,,"1,469","$602,176","$478,435"
35860,80'S,,217,"$9,915","$7,827"
,OTHER,,"4,397","$1,179,298","$936,687"
,TOTAL,,"4,614","$1,189,213","$944,514"
35870,80'S,,20,"$4,741","$3,788"
,OTHER,,119,"$123,876","$97,968"
,TOTAL,,139,"$128,617","$101,757"
35875,80'S,,13,"$1,002",$802
,OTHER,,"4,829","$2,549,204","$2,023,607"
,TOTAL,,"4,842","$2,550,206","$2,024,408"
35876,80'S,,315,"$45,053","$35,843"
,OTHER,,"3,107","$2,610,452","$2,074,629"
,TOTAL,,"3,422","$2,655,505","$2,110,472"
35879,80'S,,235,"$29,253","$23,264"
,OTHER,,"1,749","$1,305,120","$1,037,480"
,TOTAL,,"1,984","$1,334,374","$1,060,743"
35881,80'S,,126,"$18,762","$14,768"
,OTHER,,998,"$839,890","$666,686"
,TOTAL,,"1,124","$858,653","$681,454"
35901,80'S,,31,"$1,697","$1,353"
,OTHER,,173,"$64,882","$51,629"
,TOTAL,,204,"$66,580","$52,982"
35903,80'S,,559,"$44,486","$35,338"
,OTHER,,"10,862","$5,896,780","$4,684,101"
,TOTAL,,"11,421","$5,941,267","$4,719,439"
35905,80'S,,8,"$1,977","$1,581"
,OTHER,,103,"$157,646","$125,508"
,TOTAL,,111,"$159,623","$127,090"
35907,80'S,,119,"$33,456","$26,705"
,OTHER,,529,"$854,379","$681,029"
,TOTAL,,648,"$887,835","$707,734"
36000,OTHER,,"147,622","$3,419,345","$2,679,193"
,TOTAL,,"147,622","$3,419,345","$2,679,193"
36002,OTHER,,"2,776","$301,331","$239,893"
,TOTAL,,"2,776","$301,331","$239,893"
36005,80'S,,4,$31,$25
,OTHER,,"74,158","$3,802,791","$3,010,932"
,TOTAL,,"74,162","$3,802,822","$3,010,957"
36010,80'S,,1,$11,$9
,OTHER,,"68,945","$6,250,020","$4,966,192"
,TOTAL,,"68,946","$6,250,031","$4,966,200"
36011,OTHER,,"17,098","$1,965,973","$1,559,552"
,TOTAL,,"17,098","$1,965,973","$1,559,552"
36012,OTHER,,"5,200","$615,818","$487,358"
,TOTAL,,"5,200","$615,818","$487,358"
36013,OTHER,,"2,177","$196,574","$156,424"
,TOTAL,,"2,177","$196,574","$156,424"
36014,OTHER,,"6,589","$827,407","$657,523"
,TOTAL,,"6,589","$827,407","$657,523"
36015,OTHER,,"1,740","$249,453","$198,193"
,TOTAL,,"1,740","$249,453","$198,193"
36100,80'S,,3,$86,$69
,OTHER,,"1,749","$208,175","$165,367"
,TOTAL,,"1,752","$208,261","$165,436"
36120,OTHER,,"3,937","$285,800","$226,425"
,TOTAL,,"3,937","$285,800","$226,425"
36140,80'S,,2,$107,$86
,OTHER,,"42,306","$2,693,791","$2,140,684"
,TOTAL,,"42,308","$2,693,898","$2,140,770"
36145,OTHER,,"161,525","$10,072,161","$7,975,307"
,TOTAL,,"161,525","$10,072,161","$7,975,307"
36160,OTHER,,799,"$89,706","$71,002"
,TOTAL,,799,"$89,706","$71,002"
36200,80'S,,4,$55,$34
,OTHER,,"124,560","$15,961,148","$12,635,743"
,TOTAL,,"124,564","$15,961,203","$12,635,777"
36215,80'S,,1,$38,$30
,OTHER,,"100,866","$13,766,006","$10,942,281"
,TOTAL,,"100,867","$13,766,044","$10,942,311"
36216,80'S,,1,$22,$18
,OTHER,,"106,332","$23,418,495","$18,600,859"
,TOTAL,,"106,333","$23,418,517","$18,600,877"
36217,OTHER,,"27,436","$7,748,491","$6,150,082"
,TOTAL,,"27,436","$7,748,491","$6,150,082"
36218,OTHER,,"25,214","$1,278,844","$1,016,294"
,TOTAL,,"25,214","$1,278,844","$1,016,294"
36245,OTHER,,"158,606","$30,191,569","$23,991,045"
,TOTAL,,"158,606","$30,191,569","$23,991,045"
36246,OTHER,,"55,324","$12,140,202","$9,643,053"
,TOTAL,,"55,324","$12,140,202","$9,643,053"
36247,OTHER,,"39,657","$9,068,951","$7,208,576"
,TOTAL,,"39,657","$9,068,951","$7,208,576"
36248,80'S,,1,$9,$7
,OTHER,,"9,810","$496,534","$395,711"
,TOTAL,,"9,811","$496,543","$395,718"
36260,OTHER,,440,"$181,570","$143,740"
,TOTAL,,440,"$181,570","$143,740"
36261,SG,,1,$427,$342
,OTHER,,25,"$7,214","$5,771"
,TOTAL,,26,"$7,641","$6,112"
36262,SG,,8,"$2,582","$1,985"
,OTHER,,292,"$65,101","$51,306"
,TOTAL,,300,"$67,683","$53,291"
36299,OTHER,,"1,877","$265,233","$211,691"
,TOTAL,,"1,877","$265,233","$211,691"
36400,OTHER,,121,"$2,917","$2,233"
,TOTAL,,121,"$2,917","$2,233"
36405,OTHER,,70,"$2,148","$1,718"
,TOTAL,,70,"$2,148","$1,718"
36406,OTHER,,"2,287","$64,020","$50,841"
,TOTAL,,"2,287","$64,020","$50,841"
36410,OTHER,,"186,021","$3,849,278","$2,831,355"
,TOTAL,,"186,021","$3,849,278","$2,831,355"
36420,OTHER,,6,$277,$184
,TOTAL,,6,$277,$184
36425,OTHER,,"11,949","$490,203","$385,944"
,TOTAL,,"11,949","$490,203","$385,944"
36430,OTHER,,"22,824","$792,490","$620,291"
,TOTAL,,"22,824","$792,490","$620,291"
36440,OTHER,,18,$579,$439
,TOTAL,,18,$579,$439
36450,OTHER,,5,$357,$285
,TOTAL,,5,$357,$285
36455,OTHER,,141,"$18,360","$14,179"
,TOTAL,,141,"$18,360","$14,179"
36460,OTHER,,4,$901,$721
,TOTAL,,4,$901,$721
36468,OTHER,,1,$149,$119
,TOTAL,,1,$149,$119
36469,OTHER,,2,$118,$94
,TOTAL,,2,$118,$94
36470,OTHER,,"1,565","$175,050","$134,644"
,TOTAL,,"1,565","$175,050","$134,644"
36471,OTHER,,"37,930","$5,435,664","$4,249,283"
,TOTAL,,"37,930","$5,435,664","$4,249,283"
36481,80'S,,1,$57,$46
,OTHER,,"2,874","$743,767","$588,210"
,TOTAL,,"2,875","$743,824","$588,256"
36488,OTHER,,"1,456","$108,436","$86,205"
,TOTAL,,"1,456","$108,436","$86,205"
36489,SG,,406,"$123,960","$97,797"
,80'S,,2,$42,$34
,OTHER,,"880,618","$112,018,244","$88,912,391"
,TOTAL,,"881,026","$112,142,246","$89,010,221"
36490,OTHER,,59,"$5,325","$4,185"
,TOTAL,,59,"$5,325","$4,185"
36491,SG,,87,"$27,055","$21,442"
,80'S,,2,$29,$23
,OTHER,,"13,625","$1,057,825","$836,100"
,TOTAL,,"13,714","$1,084,909","$857,564"
36493,OTHER,,"12,704","$941,204","$746,617"
,TOTAL,,"12,704","$941,204","$746,617"
36500,OTHER,,"1,545","$189,093","$150,171"
,TOTAL,,"1,545","$189,093","$150,171"
36510,OTHER,,12,$617,$381
,TOTAL,,12,$617,$381
36520,OTHER,,"14,982","$1,520,410","$1,200,105"
,TOTAL,,"14,982","$1,520,410","$1,200,105"
36521,OTHER,,180,"$18,454","$13,892"
,TOTAL,,180,"$18,454","$13,892"
36522,OTHER,,"3,141","$490,519","$387,451"
,TOTAL,,"3,141","$490,519","$387,451"
36530,SG,,23,"$9,081","$7,265"
,OTHER,,459,"$160,672","$128,157"
,TOTAL,,482,"$169,754","$135,422"
36531,SG,,2,$431,$345
,80'S,,1,$50,$40
,OTHER,,60,"$17,548","$13,722"
,TOTAL,,63,"$18,029","$14,107"
36532,SG,,48,"$14,386","$11,269"
,80'S,,1,$32,$26
,OTHER,,925,"$157,351","$123,891"
,TOTAL,,974,"$171,769","$135,186"
36533,SG,,"4,665","$2,258,455","$1,792,835"
,80'S,,72,"$2,812","$2,250"
,OTHER,,"238,739","$75,520,170","$59,920,681"
,TOTAL,,"243,476","$77,781,437","$61,715,767"
36534,SG,,73,"$30,151","$24,057"
,OTHER,,"20,130","$3,035,609","$2,399,424"
,TOTAL,,"20,203","$3,065,760","$2,423,482"
36535,SG,,"2,720","$787,240","$621,229"
,80'S,,7,$120,$96
,OTHER,,"116,118","$17,073,684","$13,367,221"
,TOTAL,,"118,845","$17,861,043","$13,988,546"
36540,OTHER,,4,$19,$15
,TOTAL,,4,$19,$15
36550,OTHER,,"13,371","$328,673","$257,588"
,TOTAL,,"13,371","$328,673","$257,588"
36600,OTHER,,"88,022","$2,071,058","$1,608,772"
,TOTAL,,"88,022","$2,071,058","$1,608,772"
36620,OTHER,,"657,137","$32,040,641","$25,475,086"
,TOTAL,,"657,137","$32,040,641","$25,475,086"
36625,OTHER,,"4,494","$378,937","$301,623"
,TOTAL,,"4,494","$378,937","$301,623"
36640,SG,,6,"$2,004","$1,603"
,OTHER,,219,"$20,224","$15,711"
,TOTAL,,225,"$22,228","$17,314"
36660,OTHER,,5,$341,$273
,TOTAL,,5,$341,$273
36680,OTHER,,335,"$15,666","$12,506"
,TOTAL,,335,"$15,666","$12,506"
36800,SG,,15,"$7,350","$5,880"
,80'S,,1,$26,$21
,OTHER,,"40,577","$5,803,741","$4,603,284"
,TOTAL,,"40,593","$5,811,118","$4,609,185"
36810,SG,,7,"$3,119","$2,495"
,OTHER,,820,"$179,238","$142,476"
,TOTAL,,827,"$182,356","$144,971"
36815,SG,,12,"$5,885","$4,708"
,OTHER,,471,"$65,300","$51,302"
,TOTAL,,483,"$71,184","$56,010"
36819,SG,,16,"$7,689","$6,151"
,80'S,,300,"$37,354","$29,681"
,OTHER,,"6,130","$4,605,935","$3,645,236"
,TOTAL,,"6,446","$4,650,979","$3,681,069"
36820,SG,,10,"$4,861","$3,889"
,80'S,,49,"$5,897","$4,718"
,OTHER,,"1,225","$924,988","$730,342"
,TOTAL,,"1,284","$935,746","$738,948"
36821,SG,,400,"$193,576","$154,241"
,80'S,,"1,000","$80,852","$64,173"
,OTHER,,"25,762","$12,765,988","$10,091,475"
,TOTAL,,"27,162","$13,040,417","$10,309,889"
36822,80'S,,2,$65,$52
,OTHER,,281,"$95,457","$76,365"
,TOTAL,,283,"$95,522","$76,417"
36823,OTHER,,93,"$105,413","$83,337"
,TOTAL,,93,"$105,413","$83,337"
36825,SG,,103,"$61,596","$49,100"
,80'S,,263,"$24,841","$19,794"
,OTHER,,"7,416","$3,993,996","$3,162,826"
,TOTAL,,"7,782","$4,080,432","$3,231,721"
36830,SG,,205,"$121,564","$96,279"
,80'S,,"2,516","$275,084","$218,125"
,OTHER,,"50,249","$32,676,370","$25,901,244"
,TOTAL,,"52,970","$33,073,018","$26,215,648"
36831,80'S,,488,"$33,757","$26,888"
,OTHER,,"24,692","$10,134,821","$8,023,343"
,TOTAL,,"25,180","$10,168,578","$8,050,232"
36832,SG,,131,"$78,928","$62,410"
,80'S,,536,"$49,169","$39,172"
,OTHER,,"15,637","$8,682,440","$6,879,798"
,TOTAL,,"16,304","$8,810,536","$6,981,380"
36833,SG,,68,"$40,641","$31,882"
,80'S,,870,"$91,970","$73,050"
,OTHER,,"21,618","$13,702,587","$10,848,869"
,TOTAL,,"22,556","$13,835,197","$10,953,801"
36834,80'S,,59,"$4,425","$3,540"
,OTHER,,"1,337","$624,835","$495,587"
,TOTAL,,"1,396","$629,260","$499,127"
36835,OTHER,,104,"$38,181","$30,545"
,TOTAL,,104,"$38,181","$30,545"
36860,SG,,1,$213,$170
,OTHER,,"1,485","$192,236","$151,448"
,TOTAL,,"1,486","$192,449","$151,618"
36861,SG,,1,$535,$428
,OTHER,,"1,164","$130,914","$103,081"
,TOTAL,,"1,165","$131,449","$103,508"
36870,OTHER,,"44,325","$15,259,280","$12,139,769"
,TOTAL,,"44,325","$15,259,280","$12,139,769"
37140,80'S,,2,$327,$262
,OTHER,,294,"$340,749","$271,010"
,TOTAL,,296,"$341,076","$271,272"
37160,80'S,,8,"$1,530","$1,224"
,OTHER,,22,"$13,862","$11,090"
,TOTAL,,30,"$15,392","$12,314"
37180,OTHER,,7,"$9,861","$7,809"
,TOTAL,,7,"$9,861","$7,809"
37181,80'S,,6,"$1,390","$1,112"
,OTHER,,18,"$24,697","$19,678"
,TOTAL,,24,"$26,087","$20,790"
37195,OTHER,,22,"$5,738","$4,581"
,TOTAL,,22,"$5,738","$4,581"
37200,OTHER,,"2,169","$458,172","$361,403"
,TOTAL,,"2,169","$458,172","$361,403"
37201,OTHER,,"15,772","$3,269,222","$2,595,475"
,TOTAL,,"15,772","$3,269,222","$2,595,475"
37202,OTHER,,"10,145","$2,082,283","$1,655,303"
,TOTAL,,"10,145","$2,082,283","$1,655,303"
37203,OTHER,,"2,718","$680,041","$540,555"
,TOTAL,,"2,718","$680,041","$540,555"
37204,80'S,,1,$153,$123
,OTHER,,"14,995","$13,223,437","$10,511,471"
,TOTAL,,"14,996","$13,223,591","$10,511,594"
37205,80'S,,72,"$4,739","$3,783"
,OTHER,,"67,877","$25,303,955","$20,114,648"
,TOTAL,,"67,949","$25,308,694","$20,118,431"
37206,80'S,,20,$684,$547
,OTHER,,"16,295","$3,381,041","$2,692,030"
,TOTAL,,"16,315","$3,381,725","$2,692,578"
37207,80'S,,298,"$14,144","$11,252"
,OTHER,,"3,471","$1,050,591","$833,008"
,TOTAL,,"3,769","$1,064,735","$844,260"
37208,80'S,,80,"$2,741","$2,188"
,OTHER,,816,"$166,332","$132,186"
,TOTAL,,896,"$169,073","$134,373"
37209,OTHER,,"2,516","$208,339","$165,210"
,TOTAL,,"2,516","$208,339","$165,210"
37250,80'S,,1,$17,$14
,OTHER,,"2,252","$239,869","$191,053"
,TOTAL,,"2,253","$239,886","$191,066"
37251,OTHER,,"1,547","$121,717","$97,140"
,TOTAL,,"1,547","$121,717","$97,140"
37565,80'S,,2,$143,$114
,OTHER,,141,"$73,527","$58,565"
,TOTAL,,143,"$73,670","$58,679"
37600,80'S,,29,"$1,952","$1,562"
,OTHER,,237,"$74,758","$59,806"
,TOTAL,,266,"$76,710","$61,368"
37605,80'S,,26,"$2,010","$1,608"
,OTHER,,136,"$66,350","$53,080"
,TOTAL,,162,"$68,359","$54,688"
37606,80'S,,1,$68,$44
,OTHER,,18,"$5,984","$4,787"
,TOTAL,,19,"$6,052","$4,832"
37607,OTHER,,"7,529","$2,350,951","$1,857,025"
,TOTAL,,"7,529","$2,350,951","$1,857,025"
37609,SG,,"2,378","$1,022,744","$812,976"
,80'S,,1,$37,$30
,OTHER,,"26,051","$5,923,197","$4,695,336"
,TOTAL,,"28,430","$6,945,978","$5,508,342"
37615,80'S,,6,$221,$177
,OTHER,,80,"$22,129","$17,448"
,TOTAL,,86,"$22,350","$17,625"
37616,80'S,,20,"$2,224","$1,779"
,OTHER,,103,"$71,748","$56,923"
,TOTAL,,123,"$73,972","$58,703"
37617,80'S,,124,"$18,971","$15,177"
,OTHER,,604,"$563,461","$447,866"
,TOTAL,,728,"$582,431","$463,042"
37618,80'S,,87,"$2,897","$2,318"
,OTHER,,"1,078","$242,777","$193,062"
,TOTAL,,"1,165","$245,674","$195,380"
37620,80'S,,5,$480,$341
,OTHER,,"43,394","$26,209,218","$20,877,304"
,TOTAL,,"43,399","$26,209,698","$20,877,645"
37650,80'S,,1,$67,$54
,OTHER,,98,"$35,715","$28,410"
,TOTAL,,99,"$35,783","$28,463"
37660,80'S,,15,"$1,778","$1,364"
,OTHER,,61,"$50,862","$40,690"
,TOTAL,,76,"$52,641","$42,054"
37700,SG,,155,"$57,380","$45,414"
,80'S,,2,$62,$50
,OTHER,,"1,672","$345,139","$271,478"
,TOTAL,,"1,829","$402,581","$316,942"
37720,SG,,412,"$189,398","$148,422"
,80'S,,7,$412,$330
,OTHER,,"3,489","$1,189,599","$934,804"
,TOTAL,,"3,908","$1,379,409","$1,083,555"
37730,SG,,112,"$52,653","$41,554"
,80'S,,3,$210,$168
,OTHER,,"1,219","$525,502","$414,408"
,TOTAL,,"1,334","$578,365","$456,130"
37735,SG,,19,"$9,855","$7,884"
,80'S,,29,"$2,867","$2,293"
,OTHER,,437,"$270,531","$214,197"
,TOTAL,,485,"$283,252","$224,374"
37760,SG,,248,"$117,704","$91,818"
,80'S,,61,"$5,879","$4,657"
,OTHER,,"1,941","$1,067,558","$847,075"
,TOTAL,,"2,250","$1,191,141","$943,549"
37780,SG,,24,"$11,064","$8,850"
,OTHER,,211,"$42,846","$34,037"
,TOTAL,,235,"$53,910","$42,887"
37785,SG,,483,"$222,847","$174,812"
,OTHER,,"5,613","$1,288,811","$1,015,432"
,TOTAL,,"6,096","$1,511,658","$1,190,243"
37788,OTHER,,4,"$6,027","$4,822"
,TOTAL,,4,"$6,027","$4,822"
37790,80'S,,1,$90,$72
,OTHER,,16,"$6,989","$4,966"
,TOTAL,,17,"$7,078","$5,037"
37799,80'S,,93,"$15,452","$12,249"
,OTHER,,"3,759","$1,740,093","$1,386,740"
,TOTAL,,"3,852","$1,755,545","$1,398,989"
38100,80'S,LYMPHATIC,"1,363","$148,696","$117,716"
,OTHER,,"4,691","$3,059,814","$2,425,291"
,TOTAL,,"6,054","$3,208,509","$2,543,006"
38101,80'S,,11,$928,$743
,OTHER,,41,"$23,265","$18,574"
,TOTAL,,52,"$24,193","$19,317"
38102,80'S,,213,"$8,546","$6,837"
,OTHER,,691,"$169,177","$134,567"
,TOTAL,,904,"$177,723","$141,404"
38115,80'S,,61,"$5,253","$4,202"
,OTHER,,247,"$141,306","$112,429"
,TOTAL,,308,"$146,559","$116,631"
38120,80'S,,323,"$46,779","$37,200"
,OTHER,,902,"$788,660","$626,505"
,TOTAL,,"1,225","$835,440","$663,704"
38129,80'S,,1,$138,$111
,OTHER,,26,"$9,016","$7,213"
,TOTAL,,27,"$9,154","$7,323"
38200,OTHER,,43,"$3,707","$2,862"
,TOTAL,,43,"$3,707","$2,862"
38220,80'S,,22,$147,$117
,OTHER,,"71,082","$5,589,977","$4,426,203"
,TOTAL,,"71,104","$5,590,124","$4,426,320"
38221,80'S,,2,$18,$14
,OTHER,,"121,103","$17,188,226","$13,626,324"
,TOTAL,,"121,105","$17,188,243","$13,626,338"
38230,80'S,,9,$215,$172
,OTHER,,360,"$78,823","$62,766"
,TOTAL,,369,"$79,038","$62,938"
38231,OTHER,,"1,487","$114,366","$91,337"
,TOTAL,,"1,487","$114,366","$91,337"
38240,OTHER,,136,"$15,832","$12,549"
,TOTAL,,136,"$15,832","$12,549"
38241,OTHER,,453,"$51,500","$41,200"
,TOTAL,,453,"$51,500","$41,200"
38300,SG,,4,"$1,117",$894
,OTHER,,237,"$41,655","$32,358"
,TOTAL,,241,"$42,772","$33,251"
38305,SG,,1,$435,$348
,OTHER,,337,"$100,203","$79,130"
,TOTAL,,338,"$100,638","$79,478"
38308,SG,,32,"$9,139","$7,311"
,80'S,,118,"$5,457","$4,342"
,OTHER,,"1,409","$454,620","$360,134"
,TOTAL,,"1,559","$469,217","$371,788"
38380,80'S,,5,$419,$335
,OTHER,,26,"$11,226","$8,981"
,TOTAL,,31,"$11,645","$9,316"
38381,80'S,,7,$711,$569
,OTHER,,100,"$60,054","$47,437"
,TOTAL,,107,"$60,766","$48,006"
38382,80'S,,1,$107,$85
,OTHER,,8,"$4,470","$3,576"
,TOTAL,,9,"$4,577","$3,662"
38500,SG,,717,"$286,285","$226,729"
,80'S,,1,$18,$14
,OTHER,,"12,112","$2,370,253","$1,876,840"
,TOTAL,,"12,830","$2,656,556","$2,103,583"
38505,SG,,80,"$23,009","$18,017"
,80'S,,3,$39,$31
,OTHER,,"7,135","$829,991","$649,788"
,TOTAL,,"7,218","$853,039","$667,837"
38510,SG,,783,"$320,315","$253,977"
,80'S,,1,$40,$32
,OTHER,,"9,428","$3,812,852","$3,020,166"
,TOTAL,,"10,212","$4,133,207","$3,274,175"
38520,SG,,57,"$23,347","$18,328"
,OTHER,,"1,200","$515,856","$407,819"
,TOTAL,,"1,257","$539,204","$426,147"
38525,SG,,"1,332","$445,992","$352,944"
,80'S,,3,$156,$125
,OTHER,,"21,802","$6,263,881","$4,972,846"
,TOTAL,,"23,137","$6,710,029","$5,325,914"
38530,SG,,14,"$4,361","$3,489"
,80'S,,31,"$1,461","$1,169"
,OTHER,,266,"$91,055","$72,276"
,TOTAL,,311,"$96,877","$76,934"
38542,SG,,45,"$17,571","$13,962"
,80'S,,128,"$6,553","$5,242"
,OTHER,,"1,179","$406,243","$321,560"
,TOTAL,,"1,352","$430,367","$340,764"
38550,SG,,9,"$4,161","$3,329"
,80'S,,2,$125,$100
,OTHER,,102,"$41,966","$33,493"
,TOTAL,,113,"$46,252","$36,922"
38555,SG,,7,"$4,195","$3,315"
,80'S,,9,"$1,197",$957
,OTHER,,81,"$67,339","$52,694"
,TOTAL,,97,"$72,731","$56,966"
38562,80'S,,292,"$24,077","$19,136"
,OTHER,,"1,503","$734,149","$583,938"
,TOTAL,,"1,795","$758,226","$603,074"
38564,80'S,,100,"$7,177","$5,741"
,OTHER,,430,"$194,390","$155,202"
,TOTAL,,530,"$201,566","$160,943"
38570,80'S,,57,"$3,826","$3,061"
,OTHER,,327,"$137,865","$110,109"
,TOTAL,,384,"$141,691","$113,170"
38571,80'S,,203,"$24,345","$19,253"
,OTHER,,409,"$283,750","$221,540"
,TOTAL,,612,"$308,096","$240,793"
38572,80'S,,64,"$9,207","$7,202"
,OTHER,,145,"$129,341","$103,313"
,TOTAL,,209,"$138,548","$110,515"
38589,80'S,,1,$120,$96
,OTHER,,43,"$15,534","$12,427"
,TOTAL,,44,"$15,655","$12,524"
38700,SG,,8,"$3,015","$2,412"
,80'S,,152,"$16,530","$13,224"
,OTHER,,847,"$561,195","$444,084"
,TOTAL,,"1,007","$580,741","$459,721"
38720,80'S,,272,"$44,494","$35,341"
,OTHER,,"1,106","$1,082,851","$863,394"
,TOTAL,,"1,378","$1,127,346","$898,735"
38724,80'S,,685,"$118,267","$93,453"
,OTHER,,"3,934","$4,053,796","$3,216,376"
,TOTAL,,"4,619","$4,172,063","$3,309,829"
38740,SG,,131,"$41,034","$32,437"
,80'S,,113,"$10,277","$8,157"
,OTHER,,"2,317","$1,255,303","$996,916"
,TOTAL,,"2,561","$1,306,614","$1,037,510"
38745,SG,,160,"$99,623","$79,539"
,80'S,,440,"$56,359","$44,811"
,OTHER,,"4,632","$3,387,268","$2,688,229"
,TOTAL,,"5,232","$3,543,251","$2,812,578"
38746,80'S,,"1,365","$56,506","$44,839"
,OTHER,,"8,493","$2,009,751","$1,598,884"
,TOTAL,,"9,858","$2,066,257","$1,643,724"
38747,80'S,,344,"$14,726","$11,748"
,OTHER,,"1,123","$286,219","$228,196"
,TOTAL,,"1,467","$300,945","$239,944"
38760,SG,,83,"$33,496","$26,747"
,80'S,,158,"$17,325","$13,651"
,OTHER,,"1,860","$1,298,596","$1,027,409"
,TOTAL,,"2,101","$1,349,416","$1,067,807"
38765,80'S,,41,"$7,617","$6,075"
,OTHER,,255,"$280,145","$223,072"
,TOTAL,,296,"$287,762","$229,147"
38770,80'S,,580,"$61,333","$48,275"
,OTHER,,"1,742","$1,232,340","$973,958"
,TOTAL,,"2,322","$1,293,673","$1,022,234"
38780,80'S,,201,"$28,583","$22,866"
,OTHER,,556,"$478,421","$380,212"
,TOTAL,,757,"$507,004","$403,079"
38790,SG,,143,"$23,923","$18,909"
,OTHER,,"1,412","$76,317","$60,607"
,TOTAL,,"1,555","$100,240","$79,516"
38792,OTHER,,"24,302","$428,980","$341,372"
,TOTAL,,"24,302","$428,980","$341,372"
38999,80'S,,10,"$1,146",$917
,OTHER,,255,"$110,160","$87,795"
,TOTAL,,265,"$111,306","$88,712"
39000,80'S,MEDIASTINUM,73,"$4,172","$3,337"
,OTHER,,"1,024","$419,127","$331,889"
,TOTAL,,"1,097","$423,298","$335,226"
39010,80'S,,311,"$33,051","$26,229"
,OTHER,,"2,583","$1,645,459","$1,310,591"
,TOTAL,,"2,894","$1,678,511","$1,336,820"
39200,80'S,,12,"$1,469","$1,175"
,OTHER,,90,"$61,026","$48,432"
,TOTAL,,102,"$62,495","$49,608"
39220,80'S,,119,"$16,903","$13,441"
,OTHER,,581,"$473,169","$376,042"
,TOTAL,,700,"$490,073","$389,484"
39400,80'S,,4,$265,$212
,OTHER,,"12,903","$5,383,748","$4,268,925"
,TOTAL,,"12,907","$5,384,012","$4,269,137"
39499,80'S,,1,$122,$98
,OTHER,,27,"$11,908","$9,527"
,TOTAL,,28,"$12,031","$9,625"
39501,80'S,,43,"$3,806","$3,045"
,OTHER,,246,"$130,522","$103,542"
,TOTAL,,289,"$134,328","$106,588"
39502,80'S,,784,"$107,057","$84,801"
,OTHER,,"2,449","$2,024,713","$1,606,408"
,TOTAL,,"3,233","$2,131,770","$1,691,209"
39503,80'S,,5,"$3,158","$2,526"
,OTHER,,11,"$22,425","$17,940"
,TOTAL,,16,"$25,583","$20,466"
39520,80'S,,88,"$11,452","$9,105"
,OTHER,,342,"$231,590","$184,857"
,TOTAL,,430,"$243,043","$193,962"
39530,80'S,,30,"$3,340","$2,672"
,OTHER,,82,"$55,035","$43,949"
,TOTAL,,112,"$58,375","$46,621"
39531,80'S,,6,$727,$581
,OTHER,,14,"$11,637","$8,954"
,TOTAL,,20,"$12,364","$9,536"
39540,80'S,,23,"$2,058","$1,646"
,OTHER,,96,"$53,874","$43,025"
,TOTAL,,119,"$55,932","$44,671"
39541,80'S,,76,"$7,800","$6,240"
,OTHER,,244,"$152,999","$122,232"
,TOTAL,,320,"$160,799","$128,472"
39545,80'S,,13,"$1,445","$1,156"
,OTHER,,81,"$57,477","$44,743"
,TOTAL,,94,"$58,922","$45,898"
39560,80'S,,81,"$5,803","$4,576"
,OTHER,,300,"$129,276","$102,166"
,TOTAL,,381,"$135,079","$106,742"
39561,80'S,,18,"$2,200","$1,760"
,OTHER,,136,"$87,586","$69,439"
,TOTAL,,154,"$89,786","$71,199"
39599,80'S,,70,"$10,272","$8,218"
,OTHER,,234,"$181,131","$143,929"
,TOTAL,,304,"$191,403","$152,147"
40490,OTHER,DIGESTIVE,"21,856","$2,100,412","$1,588,125"
,TOTAL,,"21,856","$2,100,412","$1,588,125"
40500,SG,,83,"$32,833","$25,603"
,OTHER,,866,"$285,892","$224,119"
,TOTAL,,949,"$318,725","$249,722"
40510,SG,,185,"$74,476","$59,258"
,OTHER,,"1,539","$581,985","$458,797"
,TOTAL,,"1,724","$656,461","$518,055"
40520,SG,,220,"$87,945","$69,414"
,OTHER,,"2,076","$852,833","$673,027"
,TOTAL,,"2,296","$940,779","$742,441"
40525,SG,,58,"$23,121","$18,421"
,OTHER,,383,"$211,917","$168,540"
,TOTAL,,441,"$235,038","$186,960"
40527,SG,,20,"$7,556","$6,044"
,80'S,,1,$120,$96
,OTHER,,121,"$74,629","$59,657"
,TOTAL,,142,"$82,304","$65,797"
40530,SG,,45,"$12,736","$10,029"
,OTHER,,284,"$99,527","$78,918"
,TOTAL,,329,"$112,263","$88,947"
40650,SG,,15,"$7,305","$5,844"
,OTHER,,239,"$71,840","$56,740"
,TOTAL,,254,"$79,145","$62,584"
40652,SG,,29,"$13,919","$11,082"
,80'S,,1,$35,$28
,OTHER,,219,"$84,254","$66,375"
,TOTAL,,249,"$98,208","$77,485"
40654,SG,,70,"$33,365","$25,770"
,OTHER,,644,"$288,379","$228,957"
,TOTAL,,714,"$321,744","$254,727"
40700,OTHER,,8,"$4,797","$3,762"
,TOTAL,,8,"$4,797","$3,762"
40701,OTHER,,2,"$2,326","$1,861"
,TOTAL,,2,"$2,326","$1,861"
40702,OTHER,,8,"$1,555","$1,244"
,TOTAL,,8,"$1,555","$1,244"
40720,OTHER,,7,"$7,293","$5,834"
,TOTAL,,7,"$7,293","$5,834"
40761,OTHER,,36,"$35,731","$28,472"
,TOTAL,,36,"$35,731","$28,472"
40799,80'S,,1,$118,$95
,OTHER,,22,"$6,251","$4,791"
,TOTAL,,23,"$6,369","$4,886"
40800,OTHER,,"1,318","$124,715","$93,826"
,TOTAL,,"1,318","$124,715","$93,826"
40801,SG,,13,"$5,633","$4,506"
,OTHER,,476,"$79,475","$61,435"
,TOTAL,,489,"$85,107","$65,941"
40804,OTHER,,151,"$18,248","$13,952"
,TOTAL,,151,"$18,248","$13,952"
40805,SG,,2,$677,$542
,OTHER,,74,"$14,042","$10,929"
,TOTAL,,76,"$14,719","$11,470"
40806,OTHER,,34,"$1,427","$1,064"
,TOTAL,,34,"$1,427","$1,064"
40808,OTHER,,"8,363","$856,100","$647,498"
,TOTAL,,"8,363","$856,100","$647,498"
40810,OTHER,,"2,532","$337,332","$256,680"
,TOTAL,,"2,532","$337,332","$256,680"
40812,OTHER,,"7,567","$1,373,924","$1,064,792"
,TOTAL,,"7,567","$1,373,924","$1,064,792"
40814,SG,,94,"$37,688","$29,826"
,OTHER,,"1,884","$497,619","$390,082"
,TOTAL,,"1,978","$535,307","$419,908"
40816,SG,,43,"$16,324","$12,795"
,OTHER,,"1,016","$254,343","$199,792"
,TOTAL,,"1,059","$270,668","$212,587"
40818,SG,,36,"$6,500","$5,200"
,80'S,,1,$36,$29
,OTHER,,221,"$35,339","$27,767"
,TOTAL,,258,"$41,874","$32,996"
40819,SG,,13,"$3,869","$3,056"
,OTHER,,225,"$43,832","$33,368"
,TOTAL,,238,"$47,702","$36,424"
40820,SG,,34,"$9,627","$7,685"
,OTHER,,"1,060","$123,791","$94,092"
,TOTAL,,"1,094","$133,418","$101,777"
40830,OTHER,,301,"$39,748","$30,920"
,TOTAL,,301,"$39,748","$30,920"
40831,SG,,1,$191,$153
,OTHER,,206,"$30,701","$24,296"
,TOTAL,,207,"$30,892","$24,449"
40840,SG,,4,"$1,281","$1,018"
,80'S,,1,$84,$67
,OTHER,,43,"$19,062","$14,797"
,TOTAL,,48,"$20,426","$15,882"
40842,80'S,,1,$42,$33
,OTHER,,13,"$5,644","$4,516"
,TOTAL,,14,"$5,686","$4,549"
40843,OTHER,,3,"$1,604","$1,283"
,TOTAL,,3,"$1,604","$1,283"
40844,OTHER,,10,"$9,171","$7,336"
,TOTAL,,10,"$9,171","$7,336"
40845,SG,,1,$706,$565
,OTHER,,53,"$50,284","$40,227"
,TOTAL,,54,"$50,990","$40,792"
40899,OTHER,,46,"$15,586","$12,469"
,TOTAL,,46,"$15,586","$12,469"
41000,SG,,1,$318,$255
,OTHER,,205,"$22,166","$16,380"
,TOTAL,,206,"$22,484","$16,634"
41005,OTHER,,58,"$6,119","$4,720"
,TOTAL,,58,"$6,119","$4,720"
41006,OTHER,,67,"$13,295","$10,542"
,TOTAL,,67,"$13,295","$10,542"
41007,OTHER,,53,"$9,975","$7,794"
,TOTAL,,53,"$9,975","$7,794"
41008,SG,,4,$938,$751
,OTHER,,133,"$28,109","$22,040"
,TOTAL,,137,"$29,048","$22,791"
41009,SG,,2,$643,$514
,OTHER,,167,"$38,777","$30,742"
,TOTAL,,169,"$39,420","$31,257"
41010,OTHER,,31,"$3,434","$2,436"
,TOTAL,,31,"$3,434","$2,436"
41015,SG,,1,$160,$128
,OTHER,,64,"$11,399","$8,865"
,TOTAL,,65,"$11,560","$8,993"
41016,SG,,2,$468,$374
,80'S,,1,$43,$34
,OTHER,,112,"$24,967","$19,480"
,TOTAL,,115,"$25,477","$19,888"
41017,SG,,2,$328,$263
,80'S,,1,$36,$28
,OTHER,,235,"$51,729","$40,654"
,TOTAL,,238,"$52,093","$40,946"
41018,SG,,3,$961,$769
,OTHER,,85,"$24,135","$18,844"
,TOTAL,,88,"$25,096","$19,612"
41100,OTHER,,"6,630","$970,084","$747,103"
,TOTAL,,"6,630","$970,084","$747,103"
41105,SG,,65,"$22,703","$18,007"
,OTHER,,"1,994","$234,295","$182,525"
,TOTAL,,"2,059","$256,999","$200,531"
41108,OTHER,,"2,328","$262,540","$200,331"
,TOTAL,,"2,328","$262,540","$200,331"
41110,SG,,76,"$20,847","$16,556"
,OTHER,,"1,699","$243,330","$187,171"
,TOTAL,,"1,775","$264,177","$203,727"
41112,SG,,270,"$111,758","$88,690"
,OTHER,,"4,559","$985,381","$767,386"
,TOTAL,,"4,829","$1,097,139","$856,076"
41113,SG,,61,"$25,104","$20,006"
,OTHER,,"1,078","$248,148","$194,885"
,TOTAL,,"1,139","$273,252","$214,891"
41114,SG,,19,"$6,258","$5,006"
,80'S,,2,$86,$69
,OTHER,,214,"$102,287","$81,098"
,TOTAL,,235,"$108,631","$86,173"
41115,SG,,2,$619,$495
,OTHER,,64,"$9,184","$7,210"
,TOTAL,,66,"$9,803","$7,705"
41116,SG,,84,"$22,005","$17,088"
,OTHER,,"1,542","$276,999","$216,071"
,TOTAL,,"1,626","$299,004","$233,159"
41120,SG,,109,"$73,023","$57,807"
,80'S,,59,"$4,835","$3,788"
,OTHER,,"1,649","$1,051,585","$828,708"
,TOTAL,,"1,817","$1,129,443","$890,304"
41130,80'S,,40,"$3,438","$2,751"
,OTHER,,267,"$164,430","$130,142"
,TOTAL,,307,"$167,868","$132,893"
41135,80'S,,65,"$14,722","$11,517"
,OTHER,,346,"$484,566","$383,319"
,TOTAL,,411,"$499,287","$394,836"
41140,80'S,,5,"$1,047",$838
,OTHER,,21,"$30,992","$22,250"
,TOTAL,,26,"$32,039","$23,088"
41145,80'S,,9,"$2,741","$2,192"
,OTHER,,60,"$112,209","$88,839"
,TOTAL,,69,"$114,950","$91,032"
41150,80'S,,28,"$6,533","$5,227"
,OTHER,,212,"$296,726","$235,258"
,TOTAL,,240,"$303,260","$240,485"
41153,80'S,,29,"$7,104","$5,683"
,OTHER,,173,"$255,957","$203,834"
,TOTAL,,202,"$263,061","$209,517"
41155,80'S,,74,"$20,377","$16,302"
,OTHER,,536,"$913,882","$726,841"
,TOTAL,,610,"$934,259","$743,142"
41250,SG,,3,"$1,049",$839
,OTHER,,418,"$55,491","$43,159"
,TOTAL,,421,"$56,540","$43,998"
41251,OTHER,,30,"$4,277","$3,421"
,TOTAL,,30,"$4,277","$3,421"
41252,SG,,2,$621,$497
,80'S,,1,$16,$13
,OTHER,,152,"$25,750","$20,180"
,TOTAL,,155,"$26,388","$20,690"
41500,OTHER,,24,"$3,994","$3,195"
,TOTAL,,24,"$3,994","$3,195"
41510,OTHER,,5,"$1,220",$896
,TOTAL,,5,"$1,220",$896
41520,SG,,2,$899,$719
,OTHER,,67,"$12,759","$9,966"
,TOTAL,,69,"$13,658","$10,686"
41599,OTHER,,100,"$28,591","$22,864"
,TOTAL,,100,"$28,591","$22,864"
41800,SG,,8,"$2,578","$2,063"
,OTHER,,398,"$38,855","$28,908"
,TOTAL,,406,"$41,433","$30,970"
41805,SG,,9,"$2,478","$1,923"
,OTHER,,124,"$12,956","$9,957"
,TOTAL,,133,"$15,434","$11,880"
41806,SG,,5,$931,$745
,80'S,,2,$29,$23
,OTHER,,134,"$21,738","$16,848"
,TOTAL,,141,"$22,697","$17,616"
41820,OTHER,,6,$628,$493
,TOTAL,,6,$628,$493
41821,OTHER,,1,$64,$51
,TOTAL,,1,$64,$51
41822,OTHER,,20,"$2,859","$2,248"
,TOTAL,,20,"$2,859","$2,248"
41823,OTHER,,70,"$14,312","$11,347"
,TOTAL,,70,"$14,312","$11,347"
41825,OTHER,,855,"$103,383","$78,804"
,TOTAL,,855,"$103,383","$78,804"
41826,OTHER,,976,"$162,835","$124,695"
,TOTAL,,976,"$162,835","$124,695"
41827,SG,,11,"$4,482","$3,505"
,OTHER,,354,"$79,306","$62,214"
,TOTAL,,365,"$83,788","$65,720"
41828,OTHER,,99,"$19,138","$15,084"
,TOTAL,,99,"$19,138","$15,084"
41830,OTHER,,104,"$20,893","$16,351"
,TOTAL,,104,"$20,893","$16,351"
41850,OTHER,,11,"$1,376","$1,101"
,TOTAL,,11,"$1,376","$1,101"
41870,OTHER,,1,$275,$215
,TOTAL,,1,$275,$215
41872,OTHER,,7,$445,$326
,TOTAL,,7,$445,$326
41874,OTHER,,788,"$108,750","$85,887"
,TOTAL,,788,"$108,750","$85,887"
41899,80'S,,2,$150,$120
,OTHER,,"2,745","$136,465","$108,470"
,TOTAL,,"2,747","$136,615","$108,590"
42000,OTHER,,85,"$8,787","$6,489"
,TOTAL,,85,"$8,787","$6,489"
42100,OTHER,,"3,208","$403,505","$308,540"
,TOTAL,,"3,208","$403,505","$308,540"
42104,SG,,60,"$23,091","$18,313"
,OTHER,,"1,558","$220,343","$169,155"
,TOTAL,,"1,618","$243,434","$187,468"
42106,SG,,51,"$20,078","$15,982"
,OTHER,,"1,370","$230,090","$176,749"
,TOTAL,,"1,421","$250,167","$192,731"
42107,SG,,13,"$5,333","$4,266"
,OTHER,,239,"$71,643","$56,220"
,TOTAL,,252,"$76,975","$60,486"
42120,SG,,32,"$17,505","$13,924"
,80'S,,33,"$1,535","$1,228"
,OTHER,,601,"$207,213","$163,716"
,TOTAL,,666,"$226,253","$178,868"
42140,SG,,97,"$28,298","$22,250"
,OTHER,,569,"$77,313","$60,027"
,TOTAL,,666,"$105,611","$82,276"
42145,SG,,236,"$152,598","$120,479"
,OTHER,,"3,024","$1,575,681","$1,232,379"
,TOTAL,,"3,260","$1,728,280","$1,352,858"
42160,SG,,14,"$3,782","$2,832"
,OTHER,,236,"$37,400","$28,912"
,TOTAL,,250,"$41,182","$31,744"
42180,OTHER,,20,"$3,156","$2,338"
,TOTAL,,20,"$3,156","$2,338"
42182,OTHER,,25,"$4,697","$3,678"
,TOTAL,,25,"$4,697","$3,678"
42200,SG,,2,"$1,449","$1,159"
,OTHER,,15,"$10,790","$8,445"
,TOTAL,,17,"$12,238","$9,604"
42205,OTHER,,5,"$3,666","$2,933"
,TOTAL,,5,"$3,666","$2,933"
42210,80'S,,2,$294,$155
,OTHER,,8,"$6,063","$4,797"
,TOTAL,,10,"$6,357","$4,953"
42215,OTHER,,5,"$3,255","$2,604"
,TOTAL,,5,"$3,255","$2,604"
42225,OTHER,,13,"$6,925","$5,540"
,TOTAL,,13,"$6,925","$5,540"
42226,80'S,,1,$135,$108
,OTHER,,16,"$10,086","$8,069"
,TOTAL,,17,"$10,221","$8,177"
42227,80'S,,2,$113,$90
,OTHER,,8,"$4,398","$3,447"
,TOTAL,,10,"$4,511","$3,537"
42235,SG,,2,"$1,448","$1,159"
,OTHER,,32,"$12,587","$9,803"
,TOTAL,,34,"$14,035","$10,962"
42260,SG,,1,$592,$420
,OTHER,,12,"$6,174","$4,778"
,TOTAL,,13,"$6,766","$5,198"
42280,OTHER,,118,"$11,309","$8,626"
,TOTAL,,118,"$11,309","$8,626"
42281,SG,,2,$835,$668
,80'S,,1,$17,$14
,OTHER,,33,"$2,265","$1,812"
,TOTAL,,36,"$3,118","$2,494"
42299,OTHER,,50,"$15,402","$12,202"
,TOTAL,,50,"$15,402","$12,202"
42300,SG,,3,$790,$632
,OTHER,,288,"$43,432","$34,151"
,TOTAL,,291,"$44,222","$34,783"
42305,SG,,3,$644,$515
,OTHER,,173,"$67,714","$53,964"
,TOTAL,,176,"$68,358","$54,479"
42310,SG,,4,$940,$508
,OTHER,,142,"$17,561","$13,445"
,TOTAL,,146,"$18,501","$13,953"
42320,OTHER,,73,"$11,085","$8,355"
,TOTAL,,73,"$11,085","$8,355"
42325,SG,,1,$225,$180
,80'S,,2,$35,$28
,OTHER,,23,"$3,989","$3,111"
,TOTAL,,26,"$4,249","$3,319"
42326,OTHER,,2,$294,$235
,TOTAL,,2,$294,$235
42330,OTHER,,"1,328","$222,568","$172,213"
,TOTAL,,"1,328","$222,568","$172,213"
42335,SG,,26,"$12,878","$10,222"
,OTHER,,515,"$126,063","$98,019"
,TOTAL,,541,"$138,941","$108,241"
42340,SG,,7,"$3,030","$2,412"
,OTHER,,109,"$36,263","$28,547"
,TOTAL,,116,"$39,293","$30,959"
42400,OTHER,,"2,407","$243,657","$189,048"
,TOTAL,,"2,407","$243,657","$189,048"
42405,SG,,65,"$27,086","$21,509"
,OTHER,,802,"$181,693","$143,356"
,TOTAL,,867,"$208,780","$164,865"
42408,SG,,12,"$5,796","$4,637"
,80'S,,1,$62,$50
,OTHER,,110,"$33,871","$26,731"
,TOTAL,,123,"$39,729","$31,418"
42409,SG,,5,"$2,516","$2,012"
,OTHER,,67,"$13,879","$10,981"
,TOTAL,,72,"$16,394","$12,993"
42410,SG,,103,"$49,546","$39,422"
,80'S,,116,"$11,719","$9,369"
,OTHER,,"1,003","$600,098","$475,091"
,TOTAL,,"1,222","$661,363","$523,882"
42415,80'S,,"1,075","$182,338","$144,553"
,OTHER,,"4,326","$4,466,393","$3,536,096"
,TOTAL,,"5,401","$4,648,731","$3,680,649"
42420,SG,,100,"$95,459","$73,573"
,80'S,,432,"$87,814","$69,626"
,OTHER,,"1,605","$1,978,645","$1,566,097"
,TOTAL,,"2,137","$2,161,918","$1,709,296"
42425,SG,,1,$992,$794
,80'S,,36,"$4,012","$3,210"
,OTHER,,196,"$133,909","$107,128"
,TOTAL,,233,"$138,913","$111,131"
42426,80'S,,81,"$17,244","$13,364"
,OTHER,,430,"$572,127","$455,799"
,TOTAL,,511,"$589,371","$469,163"
42440,SG,,253,"$123,057","$97,507"
,80'S,,289,"$20,394","$16,128"
,OTHER,,"2,782","$1,204,986","$950,653"
,TOTAL,,"3,324","$1,348,437","$1,064,287"
42450,SG,,11,"$4,118","$3,241"
,80'S,,2,$50,$40
,OTHER,,144,"$34,160","$27,083"
,TOTAL,,157,"$38,329","$30,364"
42500,SG,,19,"$9,066","$7,253"
,OTHER,,187,"$55,880","$44,339"
,TOTAL,,206,"$64,946","$51,592"
42505,SG,,8,"$5,062","$4,050"
,80'S,,1,$69,$56
,OTHER,,109,"$39,674","$31,468"
,TOTAL,,118,"$44,805","$35,573"
42507,SG,,1,$256,$205
,80'S,,2,$70,$56
,OTHER,,13,"$4,437","$3,549"
,TOTAL,,16,"$4,763","$3,811"
42508,80'S,,1,$49,$39
,OTHER,,5,"$2,740","$2,192"
,TOTAL,,6,"$2,788","$2,231"
42510,SG,,1,$584,$421
,OTHER,,2,$650,$520
,TOTAL,,3,"$1,234",$941
42550,OTHER,,820,"$87,913","$68,458"
,TOTAL,,820,"$87,913","$68,458"
42600,SG,,1,$302,$241
,OTHER,,16,"$5,684","$4,547"
,TOTAL,,17,"$5,986","$4,789"
42650,OTHER,,"1,247","$78,032","$59,462"
,TOTAL,,"1,247","$78,032","$59,462"
42660,OTHER,,377,"$26,898","$19,459"
,TOTAL,,377,"$26,898","$19,459"
42665,OTHER,,18,"$2,412","$1,930"
,TOTAL,,18,"$2,412","$1,930"
42699,80'S,,4,$362,$289
,OTHER,,51,"$23,401","$18,692"
,TOTAL,,55,"$23,763","$18,982"
42700,SG,,2,$676,$541
,OTHER,,842,"$125,493","$95,998"
,TOTAL,,844,"$126,169","$96,538"
42720,OTHER,,160,"$54,861","$43,834"
,TOTAL,,160,"$54,861","$43,834"
42725,80'S,,7,$634,$507
,OTHER,,85,"$56,076","$44,180"
,TOTAL,,92,"$56,710","$44,687"
42800,OTHER,,"2,481","$351,781","$273,425"
,TOTAL,,"2,481","$351,781","$273,425"
42802,SG,,10,"$2,218","$1,774"
,OTHER,,294,"$34,676","$27,587"
,TOTAL,,304,"$36,894","$29,361"
42804,SG,,60,"$12,663","$10,130"
,OTHER,,842,"$95,816","$75,695"
,TOTAL,,902,"$108,479","$85,825"
42806,SG,,53,"$15,392","$12,138"
,OTHER,,576,"$68,617","$54,466"
,TOTAL,,629,"$84,010","$66,603"
42808,SG,,80,"$28,846","$22,761"
,OTHER,,821,"$165,111","$129,531"
,TOTAL,,901,"$193,957","$152,291"
42809,OTHER,,599,"$89,505","$68,292"
,TOTAL,,599,"$89,505","$68,292"
42810,SG,,17,"$8,454","$6,683"
,80'S,,1,$48,$38
,OTHER,,73,"$19,336","$15,223"
,TOTAL,,91,"$27,838","$21,944"
42815,SG,,20,"$13,622","$10,739"
,80'S,,26,"$1,919","$1,473"
,OTHER,,249,"$119,916","$93,813"
,TOTAL,,295,"$135,456","$106,025"
42820,OTHER,,26,"$7,196","$5,753"
,TOTAL,,26,"$7,196","$5,753"
42821,SG,,43,"$28,800","$22,519"
,OTHER,,255,"$70,110","$53,885"
,TOTAL,,298,"$98,909","$76,404"
42825,OTHER,,9,"$1,755","$1,404"
,TOTAL,,9,"$1,755","$1,404"
42826,SG,,341,"$199,055","$155,109"
,OTHER,,"2,239","$511,727","$399,482"
,TOTAL,,"2,580","$710,782","$554,591"
42830,OTHER,,12,"$1,800","$1,360"
,TOTAL,,12,"$1,800","$1,360"
42831,SG,,27,"$14,047","$10,432"
,OTHER,,182,"$27,512","$21,344"
,TOTAL,,209,"$41,558","$31,776"
42836,SG,,1,$604,$483
,OTHER,,40,"$8,262","$6,511"
,TOTAL,,41,"$8,866","$6,995"
42842,80'S,,3,$213,$170
,OTHER,,275,"$131,241","$104,245"
,TOTAL,,278,"$131,454","$104,415"
42844,80'S,,17,"$1,612","$1,290"
,OTHER,,87,"$65,371","$52,278"
,TOTAL,,104,"$66,983","$53,568"
42845,80'S,,7,"$1,738","$1,391"
,OTHER,,69,"$95,155","$76,124"
,TOTAL,,76,"$96,894","$77,515"
42860,SG,,4,"$1,771","$1,337"
,OTHER,,92,"$16,050","$12,595"
,TOTAL,,96,"$17,821","$13,932"
42870,SG,,15,"$6,836","$5,075"
,OTHER,,105,"$38,156","$30,184"
,TOTAL,,120,"$44,992","$35,259"
42890,80'S,,26,"$2,408","$1,846"
,OTHER,,223,"$146,693","$116,569"
,TOTAL,,249,"$149,101","$118,414"
42892,80'S,,20,"$2,190","$1,752"
,OTHER,,137,"$109,151","$87,195"
,TOTAL,,157,"$111,341","$88,947"
42894,80'S,,25,"$5,161","$4,129"
,OTHER,,97,"$120,401","$94,889"
,TOTAL,,122,"$125,563","$99,018"
42900,SG,,1,$168,$134
,OTHER,,45,"$11,890","$9,512"
,TOTAL,,46,"$12,057","$9,646"
42950,SG,,4,"$1,254","$1,003"
,80'S,,13,$701,$561
,OTHER,,204,"$78,423","$62,546"
,TOTAL,,221,"$80,378","$64,110"
42953,80'S,,12,$978,$783
,OTHER,,162,"$77,283","$61,221"
,TOTAL,,174,"$78,262","$62,004"
42955,SG,,1,$418,$334
,80'S,,3,$199,$159
,OTHER,,36,"$15,033","$11,918"
,TOTAL,,40,"$15,650","$12,412"
42960,SG,,4,"$1,266","$1,013"
,OTHER,,278,"$34,411","$26,928"
,TOTAL,,282,"$35,677","$27,941"
42961,OTHER,,100,"$37,274","$29,636"
,TOTAL,,100,"$37,274","$29,636"
42962,80'S,,1,$78,$63
,OTHER,,124,"$53,680","$41,909"
,TOTAL,,125,"$53,759","$41,971"
42970,OTHER,,216,"$70,137","$55,519"
,TOTAL,,216,"$70,137","$55,519"
42971,OTHER,,31,"$12,548","$10,038"
,TOTAL,,31,"$12,548","$10,038"
42972,OTHER,,22,"$8,603","$6,883"
,TOTAL,,22,"$8,603","$6,883"
42999,80'S,,1,$166,$133
,OTHER,,75,"$24,730","$19,651"
,TOTAL,,76,"$24,897","$19,784"
43020,80'S,,5,$247,$197
,OTHER,,41,"$18,681","$14,945"
,TOTAL,,46,"$18,928","$15,142"
43030,80'S,,166,"$11,941","$9,463"
,OTHER,,"1,003","$441,040","$349,598"
,TOTAL,,"1,169","$452,981","$359,061"
43045,OTHER,,19,"$13,650","$10,920"
,TOTAL,,19,"$13,650","$10,920"
43100,80'S,,11,$885,$628
,OTHER,,52,"$25,899","$20,719"
,TOTAL,,63,"$26,784","$21,348"
43101,80'S,,15,"$1,891","$1,513"
,OTHER,,67,"$48,535","$38,156"
,TOTAL,,82,"$50,426","$39,669"
43107,80'S,,225,"$79,404","$63,036"
,OTHER,,"1,015","$2,019,806","$1,604,430"
,TOTAL,,"1,240","$2,099,210","$1,667,466"
43108,80'S,,8,"$2,380","$1,904"
,OTHER,,23,"$39,156","$31,244"
,TOTAL,,31,"$41,536","$33,149"
43112,80'S,,61,"$23,822","$19,057"
,OTHER,,250,"$567,321","$450,768"
,TOTAL,,311,"$591,142","$469,825"
43113,80'S,,7,"$2,280","$1,824"
,OTHER,,24,"$45,079","$36,063"
,TOTAL,,31,"$47,359","$37,887"
43116,80'S,,3,$701,$561
,OTHER,,8,"$13,423","$10,739"
,TOTAL,,11,"$14,125","$11,300"
43117,80'S,,281,"$98,711","$77,871"
,OTHER,,"1,102","$2,122,886","$1,682,088"
,TOTAL,,"1,383","$2,221,598","$1,759,959"
43118,80'S,,2,$588,$471
,OTHER,,12,"$18,926","$15,141"
,TOTAL,,14,"$19,514","$15,612"
43121,80'S,,20,"$5,468","$4,374"
,OTHER,,77,"$120,811","$96,595"
,TOTAL,,97,"$126,278","$100,969"
43122,80'S,,130,"$45,590","$36,292"
,OTHER,,381,"$764,161","$611,329"
,TOTAL,,511,"$809,751","$647,620"
43123,80'S,,7,"$2,084","$1,667"
,OTHER,,18,"$34,799","$27,839"
,TOTAL,,25,"$36,883","$29,507"
43124,80'S,,9,"$2,314","$1,851"
,OTHER,,56,"$78,786","$63,029"
,TOTAL,,65,"$81,101","$64,880"
43130,80'S,,367,"$44,934","$35,733"
,OTHER,,"1,464","$1,084,748","$863,818"
,TOTAL,,"1,831","$1,129,682","$899,551"
43135,80'S,,31,"$4,253","$3,358"
,OTHER,,122,"$94,742","$75,232"
,TOTAL,,153,"$98,995","$78,590"
43200,SG,,"1,237","$280,658","$221,187"
,OTHER,,"16,285","$1,514,598","$1,191,557"
,TOTAL,,"17,522","$1,795,256","$1,412,744"
43202,SG,,900,"$240,283","$187,211"
,OTHER,,"5,242","$475,618","$370,971"
,TOTAL,,"6,142","$715,902","$558,181"
43204,SG,,14,"$3,839","$3,071"
,OTHER,,489,"$97,849","$76,861"
,TOTAL,,503,"$101,688","$79,933"
43205,OTHER,,483,"$97,098","$76,074"
,TOTAL,,483,"$97,098","$76,074"
43215,SG,,57,"$17,465","$13,591"
,OTHER,,"2,522","$342,576","$264,381"
,TOTAL,,"2,579","$360,041","$277,972"
43216,SG,,31,"$8,570","$6,743"
,OTHER,,143,"$17,372","$13,563"
,TOTAL,,174,"$25,942","$20,307"
43217,SG,,13,"$3,344","$2,475"
,OTHER,,228,"$30,634","$24,100"
,TOTAL,,241,"$33,978","$26,575"
43219,SG,,38,"$10,356","$8,205"
,OTHER,,980,"$150,510","$119,422"
,TOTAL,,"1,018","$160,867","$127,627"
43220,SG,,611,"$163,887","$129,253"
,OTHER,,"6,278","$640,850","$497,778"
,TOTAL,,"6,889","$804,738","$627,030"
43226,SG,,"1,278","$389,218","$308,282"
,OTHER,,"4,511","$539,528","$415,929"
,TOTAL,,"5,789","$928,746","$724,211"
43227,SG,,20,"$8,502","$6,802"
,OTHER,,902,"$170,610","$135,153"
,TOTAL,,922,"$179,112","$141,955"
43228,SG,,109,"$45,457","$36,282"
,OTHER,,728,"$145,930","$115,754"
,TOTAL,,837,"$191,387","$152,036"
43231,OTHER,,243,"$42,238","$33,460"
,TOTAL,,243,"$42,238","$33,460"
43232,OTHER,,209,"$46,293","$36,610"
,TOTAL,,209,"$46,293","$36,610"
43234,SG,,602,"$146,065","$115,419"
,OTHER,,"3,324","$338,485","$266,257"
,TOTAL,,"3,926","$484,550","$381,675"
43235,SG,,"61,253","$16,301,104","$12,850,744"
,80'S,,2,$34,$27
,OTHER,,"487,403","$59,873,465","$46,978,041"
,TOTAL,,"548,658","$76,174,602","$59,828,812"
43239,SG,,"231,761","$87,777,752","$69,328,033"
,OTHER,,"1,177,363","$162,485,325","$127,554,554"
,TOTAL,,"1,409,124","$250,263,078","$196,882,587"
43240,OTHER,,125,"$34,731","$27,785"
,TOTAL,,125,"$34,731","$27,785"
43241,SG,,125,"$45,122","$35,320"
,OTHER,,"3,706","$457,163","$361,035"
,TOTAL,,"3,831","$502,286","$396,355"
43242,OTHER,,"4,460","$1,630,140","$1,295,352"
,TOTAL,,"4,460","$1,630,140","$1,295,352"
43243,SG,,231,"$86,688","$68,050"
,OTHER,,"6,663","$1,555,986","$1,229,468"
,TOTAL,,"6,894","$1,642,674","$1,297,518"
43244,OTHER,,"8,792","$2,321,580","$1,821,853"
,TOTAL,,"8,792","$2,321,580","$1,821,853"
43245,SG,,"2,313","$855,869","$677,041"
,OTHER,,"13,800","$2,333,817","$1,826,626"
,TOTAL,,"16,113","$3,189,686","$2,503,667"
43246,SG,,"1,705","$713,073","$566,189"
,80'S,,"1,255","$45,990","$36,647"
,OTHER,,"153,353","$33,062,875","$26,292,475"
,TOTAL,,"156,313","$33,821,938","$26,895,311"
43247,SG,,"1,342","$546,986","$433,593"
,OTHER,,"25,038","$4,313,938","$3,366,326"
,TOTAL,,"26,380","$4,860,925","$3,799,919"
43248,SG,,"27,960","$10,840,379","$8,554,056"
,OTHER,,"84,124","$13,185,513","$10,286,308"
,TOTAL,,"112,084","$24,025,892","$18,840,364"
43249,SG,,"12,373","$4,698,410","$3,714,179"
,OTHER,,"70,934","$10,023,826","$7,806,668"
,TOTAL,,"83,307","$14,722,236","$11,520,847"
43250,SG,,"1,929","$745,273","$588,679"
,OTHER,,"8,366","$1,189,356","$935,752"
,TOTAL,,"10,295","$1,934,629","$1,524,431"
43251,SG,,"4,253","$1,605,938","$1,271,325"
,OTHER,,"20,683","$3,528,572","$2,772,878"
,TOTAL,,"24,936","$5,134,510","$4,044,203"
43255,SG,,"1,281","$482,025","$381,474"
,OTHER,,"53,610","$12,913,790","$10,243,855"
,TOTAL,,"54,891","$13,395,815","$10,625,328"
43256,OTHER,,"1,252","$281,074","$223,237"
,TOTAL,,"1,252","$281,074","$223,237"
43258,SG,,"1,134","$555,161","$438,414"
,OTHER,,"8,116","$1,853,595","$1,459,511"
,TOTAL,,"9,250","$2,408,756","$1,897,925"
43259,SG,,934,"$455,660","$363,195"
,OTHER,,"13,132","$3,333,317","$2,633,793"
,TOTAL,,"14,066","$3,788,977","$2,996,988"
43260,SG,,156,"$65,399","$51,913"
,80'S,,2,$114,$92
,OTHER,,"29,299","$9,021,144","$7,142,935"
,TOTAL,,"29,457","$9,086,657","$7,194,939"
43261,SG,,62,"$19,438","$15,550"
,OTHER,,"7,395","$942,597","$746,952"
,TOTAL,,"7,457","$962,035","$762,502"
43262,SG,,158,"$54,337","$42,980"
,OTHER,,"47,537","$10,022,752","$7,945,519"
,TOTAL,,"47,695","$10,077,090","$7,988,499"
43263,SG,,9,"$3,166","$2,533"
,OTHER,,715,"$97,826","$76,721"
,TOTAL,,724,"$100,992","$79,254"
43264,SG,,84,"$30,813","$24,520"
,OTHER,,"31,006","$13,925,941","$11,073,550"
,TOTAL,,"31,090","$13,956,753","$11,098,070"
43265,SG,,8,"$2,814","$2,251"
,OTHER,,"2,036","$1,050,566","$837,400"
,TOTAL,,"2,044","$1,053,380","$839,651"
43267,OTHER,,671,"$177,995","$142,160"
,TOTAL,,671,"$177,995","$142,160"
43268,SG,,67,"$21,256","$16,864"
,OTHER,,"26,087","$6,452,661","$5,124,593"
,TOTAL,,"26,154","$6,473,917","$5,141,457"
43269,SG,,131,"$49,115","$39,212"
,OTHER,,"11,726","$3,957,524","$3,135,445"
,TOTAL,,"11,857","$4,006,640","$3,174,658"
43271,SG,,21,"$6,397","$5,118"
,OTHER,,"5,946","$763,723","$605,854"
,TOTAL,,"5,967","$770,120","$610,971"
43272,SG,,2,$858,$687
,OTHER,,274,"$80,787","$64,399"
,TOTAL,,276,"$81,646","$65,086"
43280,80'S,,"2,417","$364,047","$286,883"
,OTHER,,"6,925","$6,188,816","$4,879,137"
,TOTAL,,"9,342","$6,552,863","$5,166,021"
43289,80'S,,98,"$17,399","$13,825"
,OTHER,,406,"$386,440","$307,000"
,TOTAL,,504,"$403,839","$320,825"
43300,80'S,,10,$822,$658
,OTHER,,57,"$26,092","$20,752"
,TOTAL,,67,"$26,914","$21,410"
43305,80'S,,2,$256,$205
,OTHER,,76,"$79,542","$62,914"
,TOTAL,,78,"$79,798","$63,119"
43310,80'S,,24,"$5,994","$4,796"
,OTHER,,90,"$126,194","$98,731"
,TOTAL,,114,"$132,188","$103,526"
43312,80'S,,4,"$1,215",$972
,OTHER,,15,"$24,326","$19,371"
,TOTAL,,19,"$25,541","$20,342"
43320,80'S,,28,"$4,524","$3,619"
,OTHER,,87,"$75,855","$60,596"
,TOTAL,,115,"$80,379","$64,215"
43324,80'S,,708,"$120,873","$95,194"
,OTHER,,"2,233","$2,153,970","$1,705,446"
,TOTAL,,"2,941","$2,274,843","$1,800,640"
43325,80'S,,30,"$4,822","$3,858"
,OTHER,,91,"$90,567","$72,421"
,TOTAL,,121,"$95,389","$76,279"
43326,80'S,,31,"$5,401","$4,185"
,OTHER,,163,"$174,603","$139,327"
,TOTAL,,194,"$180,004","$143,512"
43330,80'S,,58,"$9,858","$7,628"
,OTHER,,216,"$218,054","$172,022"
,TOTAL,,274,"$227,912","$179,650"
43331,80'S,,19,"$3,365","$2,692"
,OTHER,,60,"$63,473","$50,723"
,TOTAL,,79,"$66,839","$53,415"
43340,80'S,,4,$698,$559
,OTHER,,30,"$25,965","$20,772"
,TOTAL,,34,"$26,664","$21,331"
43341,80'S,,1,$184,$148
,OTHER,,6,"$6,702","$5,361"
,TOTAL,,7,"$6,886","$5,509"
43350,80'S,,2,$328,$263
,OTHER,,18,"$10,359","$8,287"
,TOTAL,,20,"$10,687","$8,550"
43351,80'S,,1,$166,$133
,OTHER,,14,"$12,153","$9,722"
,TOTAL,,15,"$12,318","$9,855"
43352,80'S,,11,"$1,190",$952
,OTHER,,100,"$65,887","$52,654"
,TOTAL,,111,"$67,077","$53,606"
43360,80'S,,10,"$3,283","$2,627"
,OTHER,,38,"$65,500","$52,400"
,TOTAL,,48,"$68,783","$55,026"
43361,80'S,,3,"$1,140",$912
,OTHER,,30,"$53,369","$42,696"
,TOTAL,,33,"$54,509","$43,608"
43400,80'S,,1,$102,$82
,OTHER,,24,"$26,107","$20,885"
,TOTAL,,25,"$26,209","$20,967"
43401,80'S,,2,$431,$344
,OTHER,,9,"$10,349","$8,280"
,TOTAL,,11,"$10,780","$8,624"
43405,80'S,,12,"$1,891","$1,433"
,OTHER,,49,"$42,454","$33,963"
,TOTAL,,61,"$44,344","$35,395"
43410,80'S,,9,"$1,074",$859
,OTHER,,80,"$53,991","$43,122"
,TOTAL,,89,"$55,065","$43,981"
43415,80'S,,95,"$19,654","$15,597"
,OTHER,,352,"$421,048","$333,365"
,TOTAL,,447,"$440,702","$348,962"
43420,80'S,,2,$294,$235
,OTHER,,69,"$37,315","$29,824"
,TOTAL,,71,"$37,609","$30,059"
43425,80'S,,7,"$1,298","$1,038"
,OTHER,,28,"$27,558","$21,966"
,TOTAL,,35,"$28,856","$23,005"
43450,SG,,"20,020","$3,924,886","$3,107,966"
,OTHER,,"73,151","$3,145,884","$2,460,686"
,TOTAL,,"93,171","$7,070,769","$5,568,652"
43453,SG,,"1,989","$364,114","$287,340"
,OTHER,,"8,395","$364,414","$288,512"
,TOTAL,,"10,384","$728,528","$575,852"
43456,SG,,643,"$220,790","$176,043"
,OTHER,,"3,806","$353,902","$279,817"
,TOTAL,,"4,449","$574,692","$455,860"
43458,SG,,217,"$82,383","$64,609"
,OTHER,,"2,549","$378,438","$298,424"
,TOTAL,,"2,766","$460,822","$363,032"
43460,OTHER,,82,"$13,968","$10,529"
,TOTAL,,82,"$13,968","$10,529"
43496,80'S,,4,"$1,930","$1,544"
,OTHER,,44,"$61,834","$49,467"
,TOTAL,,48,"$63,764","$51,011"
43499,80'S,,15,"$1,930","$1,544"
,OTHER,,646,"$202,026","$160,697"
,TOTAL,,661,"$203,955","$162,241"
43500,80'S,,92,"$6,429","$5,106"
,OTHER,,445,"$196,280","$156,024"
,TOTAL,,537,"$202,709","$161,130"
43501,80'S,,207,"$34,359","$27,464"
,OTHER,,988,"$975,872","$777,314"
,TOTAL,,"1,195","$1,010,231","$804,778"
43502,80'S,,18,"$3,293","$2,634"
,OTHER,,89,"$87,050","$68,897"
,TOTAL,,107,"$90,342","$71,531"
43510,80'S,,6,$810,$648
,OTHER,,60,"$36,371","$28,998"
,TOTAL,,66,"$37,181","$29,645"
43520,80'S,,28,"$1,585","$1,264"
,OTHER,,111,"$35,859","$28,664"
,TOTAL,,139,"$37,444","$29,928"
43600,SG,,1,$160,$128
,OTHER,,386,"$21,490","$17,095"
,TOTAL,,387,"$21,650","$17,223"
43605,80'S,,42,"$2,774","$2,215"
,OTHER,,275,"$115,158","$91,910"
,TOTAL,,317,"$117,932","$94,125"
43610,80'S,,321,"$34,954","$27,703"
,OTHER,,"1,329","$898,573","$714,796"
,TOTAL,,"1,650","$933,526","$742,499"
43611,80'S,,201,"$26,798","$21,120"
,OTHER,,649,"$523,914","$416,938"
,TOTAL,,850,"$550,712","$438,059"
43620,80'S,,68,"$17,226","$13,781"
,OTHER,,232,"$349,705","$279,643"
,TOTAL,,300,"$366,931","$293,423"
43621,80'S,,251,"$64,882","$51,633"
,OTHER,,760,"$1,208,592","$964,458"
,TOTAL,,"1,011","$1,273,474","$1,016,091"
43622,80'S,,58,"$15,873","$12,699"
,OTHER,,153,"$254,367","$203,323"
,TOTAL,,211,"$270,241","$216,022"
43631,80'S,,604,"$113,741","$90,515"
,OTHER,,"1,776","$2,032,626","$1,616,856"
,TOTAL,,"2,380","$2,146,367","$1,707,371"
43632,80'S,,988,"$191,836","$152,719"
,OTHER,,"3,153","$3,697,502","$2,946,365"
,TOTAL,,"4,141","$3,889,338","$3,099,084"
43633,80'S,,467,"$87,589","$69,569"
,OTHER,,"1,485","$1,686,729","$1,338,219"
,TOTAL,,"1,952","$1,774,318","$1,407,787"
43634,80'S,,20,"$4,122","$3,298"
,OTHER,,46,"$55,237","$44,190"
,TOTAL,,66,"$59,360","$47,488"
43635,80'S,,218,"$3,716","$2,967"
,OTHER,,910,"$93,881","$74,655"
,TOTAL,,"1,128","$97,597","$77,622"
43638,80'S,,120,"$28,078","$22,361"
,OTHER,,329,"$470,683","$375,630"
,TOTAL,,449,"$498,761","$397,991"
43639,80'S,,128,"$30,958","$24,738"
,OTHER,,324,"$476,533","$378,871"
,TOTAL,,452,"$507,490","$403,609"
43640,80'S,,294,"$41,086","$32,653"
,OTHER,,"1,267","$1,062,896","$846,705"
,TOTAL,,"1,561","$1,103,981","$879,358"
43641,80'S,,10,"$1,317","$1,053"
,OTHER,,43,"$31,890","$25,423"
,TOTAL,,53,"$33,207","$26,476"
43651,80'S,,4,$223,$178
,OTHER,,12,"$4,435","$3,548"
,TOTAL,,16,"$4,658","$3,726"
43652,80'S,,10,$754,$603
,OTHER,,18,"$7,911","$6,329"
,TOTAL,,28,"$8,665","$6,932"
43653,80'S,,73,"$4,143","$3,314"
,OTHER,,541,"$212,738","$168,685"
,TOTAL,,614,"$216,881","$171,999"
43659,80'S,,265,"$58,405","$46,063"
,OTHER,,869,"$940,403","$747,485"
,TOTAL,,"1,134","$998,807","$793,548"
43750,SG,,113,"$46,646","$37,015"
,80'S,,1,$45,$36
,OTHER,,"33,323","$8,664,109","$6,893,972"
,TOTAL,,"33,437","$8,710,800","$6,931,022"
43752,OTHER,,7,"$1,024",$819
,TOTAL,,7,"$1,024",$819
43760,SG,,"1,984","$593,337","$468,292"
,OTHER,,"73,447","$4,425,894","$3,428,559"
,TOTAL,,"75,431","$5,019,231","$3,896,851"
43761,80'S,,1,$10,$8
,OTHER,,"8,647","$865,792","$686,073"
,TOTAL,,"8,648","$865,802","$686,080"
43800,80'S,,179,"$15,715","$12,342"
,OTHER,,812,"$418,539","$332,756"
,TOTAL,,991,"$434,254","$345,097"
43810,80'S,,31,"$3,038","$2,422"
,OTHER,,100,"$63,681","$50,945"
,TOTAL,,131,"$66,719","$53,367"
43820,80'S,,794,"$88,845","$70,685"
,OTHER,,"3,124","$2,096,533","$1,668,294"
,TOTAL,,"3,918","$2,185,378","$1,738,979"
43825,80'S,,53,"$8,001","$6,262"
,OTHER,,192,"$176,272","$139,214"
,TOTAL,,245,"$184,273","$145,476"
43830,80'S,,"1,467","$87,893","$70,136"
,OTHER,,"12,128","$5,170,842","$4,124,322"
,TOTAL,,"13,595","$5,258,735","$4,194,458"
43831,80'S,,2,$122,$98
,OTHER,,36,"$13,564","$10,808"
,TOTAL,,38,"$13,686","$10,906"
43832,80'S,,231,"$29,020","$23,122"
,OTHER,,"2,230","$1,810,628","$1,445,884"
,TOTAL,,"2,461","$1,839,648","$1,469,006"
43840,80'S,,"1,017","$130,340","$103,618"
,OTHER,,"5,794","$4,472,680","$3,561,992"
,TOTAL,,"6,811","$4,603,020","$3,665,610"
43842,80'S,,38,"$6,545","$5,220"
,OTHER,,132,"$136,977","$108,514"
,TOTAL,,170,"$143,522","$113,734"
43843,80'S,,80,"$13,838","$11,001"
,OTHER,,152,"$165,740","$131,661"
,TOTAL,,232,"$179,578","$142,662"
43846,80'S,,995,"$222,677","$174,426"
,OTHER,,"2,459","$3,290,557","$2,583,605"
,TOTAL,,"3,454","$3,513,234","$2,758,031"
43847,80'S,,374,"$91,066","$71,899"
,OTHER,,"1,065","$1,621,331","$1,276,195"
,TOTAL,,"1,439","$1,712,396","$1,348,094"
43848,80'S,,100,"$26,973","$21,552"
,OTHER,,290,"$477,047","$371,736"
,TOTAL,,390,"$504,020","$393,289"
43850,80'S,,14,"$2,597","$2,077"
,OTHER,,42,"$44,318","$35,419"
,TOTAL,,56,"$46,915","$37,496"
43855,80'S,,1,$265,$212
,OTHER,,9,"$11,735","$9,388"
,TOTAL,,10,"$12,001","$9,600"
43860,80'S,,203,"$41,775","$33,254"
,OTHER,,706,"$859,364","$683,042"
,TOTAL,,909,"$901,139","$716,296"
43865,80'S,,10,"$2,177","$1,572"
,OTHER,,39,"$52,559","$39,867"
,TOTAL,,49,"$54,735","$41,440"
43870,SG,,10,"$3,212","$2,569"
,80'S,,40,"$3,017","$2,414"
,OTHER,,757,"$355,802","$282,276"
,TOTAL,,807,"$362,031","$287,259"
43880,80'S,,27,"$5,380","$4,304"
,OTHER,,187,"$229,467","$181,951"
,TOTAL,,214,"$234,848","$186,255"
43999,80'S,,17,"$4,201","$3,361"
,OTHER,,"1,033","$234,350","$187,263"
,TOTAL,,"1,050","$238,551","$190,624"
44005,80'S,,"3,341","$472,102","$374,905"
,OTHER,,"17,843","$15,006,011","$11,926,036"
,TOTAL,,"21,184","$15,478,113","$12,300,941"
44010,80'S,,156,"$12,803","$10,200"
,OTHER,,581,"$271,811","$216,527"
,TOTAL,,737,"$284,615","$226,728"
44015,80'S,,"1,140","$24,851","$19,773"
,OTHER,,"8,472","$1,092,257","$870,023"
,TOTAL,,"9,612","$1,117,108","$889,796"
44020,80'S,,185,"$17,888","$14,277"
,OTHER,,928,"$571,501","$454,552"
,TOTAL,,"1,113","$589,390","$468,829"
44021,80'S,,163,"$15,470","$12,302"
,OTHER,,969,"$571,283","$454,191"
,TOTAL,,"1,132","$586,752","$466,493"
44025,80'S,,158,"$17,529","$13,917"
,OTHER,,660,"$415,322","$330,557"
,TOTAL,,818,"$432,852","$344,474"
44050,80'S,,416,"$40,987","$32,623"
,OTHER,,"2,310","$1,395,526","$1,113,445"
,TOTAL,,"2,726","$1,436,513","$1,146,068"
44055,80'S,,52,"$8,720","$6,964"
,OTHER,,300,"$310,801","$246,679"
,TOTAL,,352,"$319,521","$253,643"
44100,SG,,35,"$6,226","$4,942"
,OTHER,,598,"$36,925","$29,466"
,TOTAL,,633,"$43,152","$34,408"
44110,80'S,,397,"$30,658","$24,360"
,OTHER,,"1,698","$805,840","$639,983"
,TOTAL,,"2,095","$836,498","$664,344"
44111,80'S,,63,"$5,919","$4,735"
,OTHER,,256,"$136,416","$107,903"
,TOTAL,,319,"$142,334","$112,638"
44120,80'S,,"6,355","$831,232","$660,939"
,OTHER,,"30,924","$24,277,612","$19,321,673"
,TOTAL,,"37,279","$25,108,844","$19,982,612"
44121,80'S,,530,"$19,800","$15,787"
,OTHER,,"2,956","$637,898","$507,913"
,TOTAL,,"3,486","$657,699","$523,701"
44125,80'S,,260,"$35,609","$28,314"
,OTHER,,"1,246","$1,016,048","$808,306"
,TOTAL,,"1,506","$1,051,657","$836,620"
44126,80'S,,18,"$5,487","$4,390"
,OTHER,,84,"$154,498","$123,518"
,TOTAL,,102,"$159,985","$127,908"
44127,OTHER,,1,"$2,066","$1,653"
,TOTAL,,1,"$2,066","$1,653"
44128,80'S,,3,$116,$93
,OTHER,,11,"$2,701","$2,161"
,TOTAL,,14,"$2,817","$2,254"
44130,80'S,,754,"$81,261","$64,590"
,OTHER,,"3,192","$2,066,412","$1,646,229"
,TOTAL,,"3,946","$2,147,673","$1,710,818"
44135,80'S,,1,$189,$151
,OTHER,,6,"$9,489","$7,591"
,TOTAL,,7,"$9,678","$7,742"
44139,80'S,,"5,037","$93,388","$74,447"
,OTHER,,"21,223","$2,384,431","$1,898,635"
,TOTAL,,"26,260","$2,477,819","$1,973,082"
44140,80'S,,"17,226","$3,042,233","$2,419,525"
,OTHER,,"56,420","$61,008,549","$48,552,202"
,TOTAL,,"73,646","$64,050,782","$50,971,727"
44141,80'S,,948,"$177,448","$141,274"
,OTHER,,"4,066","$4,340,576","$3,461,569"
,TOTAL,,"5,014","$4,518,023","$3,602,844"
44143,80'S,,"4,641","$1,006,063","$800,685"
,OTHER,,"18,357","$23,809,412","$18,958,200"
,TOTAL,,"22,998","$24,815,475","$19,758,885"
44144,80'S,,882,"$174,632","$138,915"
,OTHER,,"3,823","$4,549,037","$3,616,887"
,TOTAL,,"4,705","$4,723,669","$3,755,803"
44145,80'S,,"7,204","$1,659,984","$1,319,641"
,OTHER,,"18,770","$25,978,277","$20,632,516"
,TOTAL,,"25,974","$27,638,260","$21,952,157"
44146,80'S,,716,"$184,879","$147,374"
,OTHER,,"2,192","$3,411,006","$2,717,987"
,TOTAL,,"2,908","$3,595,885","$2,865,361"
44147,80'S,,558,"$101,448","$80,712"
,OTHER,,"1,363","$1,470,419","$1,168,205"
,TOTAL,,"1,921","$1,571,867","$1,248,917"
44150,80'S,,"1,569","$355,713","$282,552"
,OTHER,,"5,768","$7,890,179","$6,268,435"
,TOTAL,,"7,337","$8,245,891","$6,550,987"
44151,80'S,,22,"$5,886","$4,709"
,OTHER,,99,"$148,671","$118,937"
,TOTAL,,121,"$154,557","$123,646"
44152,80'S,,33,"$9,142","$7,313"
,OTHER,,163,"$254,352","$203,461"
,TOTAL,,196,"$263,494","$210,774"
44153,80'S,,57,"$16,388","$12,794"
,OTHER,,182,"$312,735","$247,670"
,TOTAL,,239,"$329,122","$260,464"
44155,80'S,,311,"$79,762","$63,708"
,OTHER,,976,"$1,500,027","$1,190,785"
,TOTAL,,"1,287","$1,579,790","$1,254,493"
44156,80'S,,11,"$3,187","$2,550"
,OTHER,,30,"$49,094","$39,275"
,TOTAL,,41,"$52,281","$41,825"
44160,80'S,,"6,724","$1,087,383","$865,149"
,OTHER,,"24,764","$23,854,631","$18,978,332"
,TOTAL,,"31,488","$24,942,014","$19,843,481"
44200,80'S,,492,"$60,154","$47,386"
,OTHER,,"3,918","$2,719,744","$2,146,578"
,TOTAL,,"4,410","$2,779,898","$2,193,964"
44201,80'S,,65,"$4,743","$3,791"
,OTHER,,633,"$294,203","$233,972"
,TOTAL,,698,"$298,947","$237,762"
44202,80'S,,528,"$103,264","$81,863"
,OTHER,,"1,718","$2,007,245","$1,595,076"
,TOTAL,,"2,246","$2,110,509","$1,676,938"
44203,80'S,,8,$312,$250
,OTHER,,35,"$8,003","$6,403"
,TOTAL,,43,"$8,316","$6,653"
44204,80'S,,"1,206","$258,228","$205,511"
,OTHER,,"3,389","$4,374,817","$3,470,426"
,TOTAL,,"4,595","$4,633,045","$3,675,937"
44205,80'S,,534,"$101,841","$81,210"
,OTHER,,"1,593","$1,833,867","$1,461,595"
,TOTAL,,"2,127","$1,935,708","$1,542,805"
44209,80'S,,110,"$20,050","$16,018"
,OTHER,,724,"$667,788","$532,788"
,TOTAL,,834,"$687,837","$548,806"
44300,80'S,,446,"$37,338","$29,704"
,OTHER,,"4,179","$2,429,605","$1,935,569"
,TOTAL,,"4,625","$2,466,943","$1,965,273"
44310,80'S,,409,"$55,114","$43,856"
,OTHER,,"2,393","$1,938,471","$1,544,277"
,TOTAL,,"2,802","$1,993,585","$1,588,133"
44312,SG,,9,"$2,667","$2,133"
,80'S,,6,$349,$280
,OTHER,,435,"$187,990","$149,353"
,TOTAL,,450,"$191,006","$151,766"
44314,80'S,,137,"$19,154","$14,864"
,OTHER,,724,"$614,045","$482,572"
,TOTAL,,861,"$633,199","$497,436"
44316,80'S,,9,"$1,787","$1,343"
,OTHER,,38,"$44,238","$35,391"
,TOTAL,,47,"$46,025","$36,733"
44320,80'S,,"1,351","$233,391","$185,914"
,OTHER,,"7,712","$7,977,157","$6,348,920"
,TOTAL,,"9,063","$8,210,549","$6,534,834"
44322,80'S,,17,"$2,050","$1,640"
,OTHER,,86,"$64,972","$51,898"
,TOTAL,,103,"$67,022","$53,538"
44340,SG,,21,"$9,894","$7,755"
,80'S,,8,$468,$374
,OTHER,,899,"$368,214","$292,247"
,TOTAL,,928,"$378,576","$300,376"
44345,SG,,2,"$1,199",$959
,80'S,,168,"$22,596","$17,999"
,OTHER,,"1,068","$838,003","$665,510"
,TOTAL,,"1,238","$861,797","$684,467"
44346,SG,,5,"$2,840","$2,272"
,80'S,,280,"$41,481","$32,918"
,OTHER,,"1,586","$1,414,486","$1,120,272"
,TOTAL,,"1,871","$1,458,807","$1,155,462"
44360,SG,,375,"$145,963","$115,323"
,OTHER,,"7,697","$1,027,279","$811,031"
,TOTAL,,"8,072","$1,173,242","$926,354"
44361,SG,,"1,784","$660,760","$524,109"
,OTHER,,"13,230","$1,811,173","$1,424,290"
,TOTAL,,"15,014","$2,471,933","$1,948,399"
44363,SG,,3,"$1,329",$984
,OTHER,,120,"$19,497","$15,284"
,TOTAL,,123,"$20,827","$16,267"
44364,SG,,43,"$14,562","$11,533"
,OTHER,,308,"$56,231","$43,955"
,TOTAL,,351,"$70,793","$55,488"
44365,SG,,23,"$9,536","$7,252"
,OTHER,,230,"$37,044","$29,534"
,TOTAL,,253,"$46,580","$36,786"
44366,SG,,51,"$21,355","$16,995"
,OTHER,,"2,297","$536,975","$425,567"
,TOTAL,,"2,348","$558,330","$442,562"
44369,SG,,99,"$31,612","$25,042"
,OTHER,,639,"$146,485","$116,228"
,TOTAL,,738,"$178,097","$141,270"
44370,OTHER,,62,"$14,005","$11,118"
,TOTAL,,62,"$14,005","$11,118"
44372,SG,,8,"$3,260","$2,608"
,OTHER,,"2,051","$481,062","$381,240"
,TOTAL,,"2,059","$484,322","$383,848"
44373,SG,,12,"$4,710","$3,768"
,OTHER,,"3,253","$490,378","$389,545"
,TOTAL,,"3,265","$495,088","$393,313"
44376,80'S,,3,$69,$55
,OTHER,,"3,238","$916,276","$726,225"
,TOTAL,,"3,241","$916,346","$726,280"
44377,OTHER,,944,"$273,093","$215,879"
,TOTAL,,944,"$273,093","$215,879"
44378,OTHER,,358,"$134,553","$106,911"
,TOTAL,,358,"$134,553","$106,911"
44379,OTHER,,14,"$4,759","$3,729"
,TOTAL,,14,"$4,759","$3,729"
44380,SG,,127,"$36,339","$28,278"
,OTHER,,"1,633","$85,489","$66,531"
,TOTAL,,"1,760","$121,828","$94,809"
44382,SG,,72,"$19,295","$15,205"
,OTHER,,900,"$64,301","$50,183"
,TOTAL,,972,"$83,596","$65,388"
44383,OTHER,,116,"$16,972","$13,282"
,TOTAL,,116,"$16,972","$13,282"
44385,SG,,30,"$8,801","$6,791"
,OTHER,,638,"$94,338","$72,158"
,TOTAL,,668,"$103,140","$78,949"
44386,SG,,28,"$8,598","$6,784"
,OTHER,,277,"$35,909","$27,712"
,TOTAL,,305,"$44,507","$34,497"
44388,SG,,942,"$289,861","$228,702"
,OTHER,,"5,609","$894,827","$698,675"
,TOTAL,,"6,551","$1,184,688","$927,377"
44389,SG,,217,"$64,959","$51,083"
,OTHER,,"1,483","$243,671","$190,720"
,TOTAL,,"1,700","$308,630","$241,803"
44390,OTHER,,23,"$5,219","$4,134"
,TOTAL,,23,"$5,219","$4,134"
44391,SG,,14,"$3,863","$3,055"
,OTHER,,144,"$30,275","$24,036"
,TOTAL,,158,"$34,137","$27,090"
44392,SG,,155,"$45,675","$36,227"
,OTHER,,994,"$199,455","$156,793"
,TOTAL,,"1,149","$245,130","$193,020"
44393,SG,,87,"$19,328","$15,287"
,OTHER,,291,"$76,423","$59,665"
,TOTAL,,378,"$95,751","$74,952"
44394,SG,,212,"$66,024","$52,159"
,OTHER,,975,"$229,924","$180,573"
,TOTAL,,"1,187","$295,947","$232,732"
44397,OTHER,,16,"$3,967","$3,173"
,TOTAL,,16,"$3,967","$3,173"
44500,80'S,,2,$10,$8
,OTHER,,"19,280","$586,909","$464,857"
,TOTAL,,"19,282","$586,919","$464,866"
44602,80'S,,953,"$105,885","$84,034"
,OTHER,,"4,791","$3,189,505","$2,532,103"
,TOTAL,,"5,744","$3,295,390","$2,616,136"
44603,80'S,,308,"$40,241","$31,788"
,OTHER,,"1,437","$1,170,812","$931,551"
,TOTAL,,"1,745","$1,211,053","$963,338"
44604,80'S,,392,"$46,691","$36,989"
,OTHER,,"2,149","$1,559,700","$1,239,810"
,TOTAL,,"2,541","$1,606,391","$1,276,799"
44605,80'S,,97,"$15,604","$12,304"
,OTHER,,381,"$362,133","$286,306"
,TOTAL,,478,"$377,737","$298,610"
44615,80'S,,143,"$17,930","$14,156"
,OTHER,,707,"$504,907","$397,893"
,TOTAL,,850,"$522,837","$412,049"
44620,80'S,,521,"$50,270","$39,636"
,OTHER,,"2,885","$1,629,488","$1,294,289"
,TOTAL,,"3,406","$1,679,758","$1,333,924"
44625,80'S,,863,"$107,205","$85,285"
,OTHER,,"3,313","$2,493,957","$1,979,681"
,TOTAL,,"4,176","$2,601,162","$2,064,967"
44626,80'S,,"1,636","$355,626","$282,549"
,OTHER,,"4,593","$5,937,491","$4,717,718"
,TOTAL,,"6,229","$6,293,117","$5,000,267"
44640,80'S,,224,"$38,155","$30,370"
,OTHER,,"1,063","$1,109,632","$881,362"
,TOTAL,,"1,287","$1,147,787","$911,731"
44650,80'S,,81,"$14,471","$11,374"
,OTHER,,341,"$347,631","$276,694"
,TOTAL,,422,"$362,102","$288,068"
44660,80'S,,72,"$9,680","$7,579"
,OTHER,,306,"$261,151","$207,181"
,TOTAL,,378,"$270,831","$214,760"
44661,80'S,,265,"$51,033","$40,440"
,OTHER,,820,"$936,654","$742,779"
,TOTAL,,"1,085","$987,687","$783,219"
44680,80'S,,14,"$1,745","$1,396"
,OTHER,,87,"$61,793","$49,435"
,TOTAL,,101,"$63,538","$50,831"
44700,80'S,,167,"$12,814","$10,134"
,OTHER,,557,"$258,250","$204,399"
,TOTAL,,724,"$271,064","$214,532"
44799,80'S,,37,"$6,031","$4,782"
,OTHER,,"1,969","$599,745","$478,780"
,TOTAL,,"2,006","$605,777","$483,563"
44800,80'S,,215,"$13,199","$10,552"
,OTHER,,938,"$366,023","$289,440"
,TOTAL,,"1,153","$379,222","$299,992"
44820,80'S,,30,"$2,917","$2,334"
,OTHER,,140,"$82,310","$65,345"
,TOTAL,,170,"$85,227","$67,678"
44850,80'S,,13,$987,$790
,OTHER,,83,"$41,070","$32,723"
,TOTAL,,96,"$42,058","$33,512"
44899,80'S,,3,$157,$126
,OTHER,,31,"$17,373","$13,191"
,TOTAL,,34,"$17,530","$13,316"
44900,80'S,,19,"$1,527","$1,222"
,OTHER,,220,"$101,150","$80,429"
,TOTAL,,239,"$102,678","$81,651"
44901,OTHER,,152,"$45,627","$35,748"
,TOTAL,,152,"$45,627","$35,748"
44950,80'S,,529,"$48,029","$37,857"
,OTHER,,"7,106","$3,894,381","$3,068,877"
,TOTAL,,"7,635","$3,942,410","$3,106,734"
44955,80'S,,653,"$8,423","$6,709"
,OTHER,,"3,760","$294,495","$234,580"
,TOTAL,,"4,413","$302,918","$241,289"
44960,80'S,,571,"$63,576","$49,912"
,OTHER,,"5,265","$3,554,440","$2,811,382"
,TOTAL,,"5,836","$3,618,016","$2,861,294"
44970,80'S,,329,"$23,439","$18,303"
,OTHER,,"5,877","$2,692,807","$2,114,294"
,TOTAL,,"6,206","$2,716,246","$2,132,597"
44979,80'S,,2,$252,$201
,OTHER,,41,"$21,494","$17,196"
,TOTAL,,43,"$21,746","$17,397"
45000,OTHER,,235,"$60,814","$48,101"
,TOTAL,,235,"$60,814","$48,101"
45005,SG,,19,"$7,080","$5,584"
,OTHER,,392,"$61,143","$46,641"
,TOTAL,,411,"$68,222","$52,225"
45020,SG,,5,"$1,537","$1,166"
,OTHER,,673,"$207,808","$164,023"
,TOTAL,,678,"$209,345","$165,189"
45100,SG,,78,"$20,370","$16,025"
,OTHER,,"1,583","$304,627","$240,647"
,TOTAL,,"1,661","$324,996","$256,672"
45108,SG,,13,"$5,040","$4,021"
,OTHER,,81,"$21,854","$17,074"
,TOTAL,,94,"$26,894","$21,095"
45110,80'S,,"1,699","$419,998","$333,794"
,OTHER,,"3,956","$5,778,943","$4,591,399"
,TOTAL,,"5,655","$6,198,941","$4,925,193"
45111,80'S,,155,"$21,871","$17,472"
,OTHER,,573,"$458,675","$366,318"
,TOTAL,,728,"$480,546","$383,790"
45112,80'S,,112,"$30,306","$23,844"
,OTHER,,354,"$583,775","$463,146"
,TOTAL,,466,"$614,081","$486,990"
45113,80'S,,17,"$4,358","$3,487"
,OTHER,,68,"$112,387","$88,234"
,TOTAL,,85,"$116,746","$91,721"
45114,80'S,,30,"$7,101","$5,600"
,OTHER,,101,"$143,965","$115,172"
,TOTAL,,131,"$151,065","$120,772"
45116,80'S,,7,"$1,528","$1,223"
,OTHER,,38,"$50,732","$40,506"
,TOTAL,,45,"$52,260","$41,728"
45119,80'S,,97,"$25,722","$20,339"
,OTHER,,366,"$584,555","$463,675"
,TOTAL,,463,"$610,277","$484,014"
45120,80'S,,4,$902,$721
,OTHER,,16,"$22,245","$17,796"
,TOTAL,,20,"$23,147","$18,517"
45121,80'S,,9,"$2,219","$1,775"
,OTHER,,23,"$31,160","$24,928"
,TOTAL,,32,"$33,379","$26,703"
45123,80'S,,49,"$7,050","$5,640"
,OTHER,,328,"$293,829","$233,387"
,TOTAL,,377,"$300,879","$239,027"
45126,80'S,,30,"$11,770","$9,416"
,OTHER,,107,"$228,834","$182,763"
,TOTAL,,137,"$240,604","$192,179"
45130,80'S,,305,"$44,918","$35,922"
,OTHER,,"1,636","$1,455,625","$1,157,303"
,TOTAL,,"1,941","$1,500,543","$1,193,225"
45135,80'S,,22,"$3,402","$2,722"
,OTHER,,55,"$51,550","$40,579"
,TOTAL,,77,"$54,952","$43,301"
45136,80'S,,9,"$1,855","$1,484"
,OTHER,,28,"$36,881","$29,505"
,TOTAL,,37,"$38,736","$30,989"
45150,SG,,2,$878,$622
,80'S,,2,$52,$42
,OTHER,,63,"$18,556","$14,845"
,TOTAL,,67,"$19,486","$15,509"
45160,80'S,,13,"$1,698","$1,358"
,OTHER,,196,"$157,507","$123,976"
,TOTAL,,209,"$159,205","$125,334"
45170,SG,,354,"$145,708","$114,688"
,80'S,,377,"$36,527","$28,972"
,OTHER,,"7,383","$4,593,273","$3,636,381"
,TOTAL,,"8,114","$4,775,508","$3,780,041"
45190,80'S,,15,"$1,190",$952
,OTHER,,539,"$300,497","$238,965"
,TOTAL,,554,"$301,687","$239,917"
45300,80'S,,1,$2,$2
,OTHER,,"62,882","$3,596,321","$2,673,494"
,TOTAL,,"62,883","$3,596,323","$2,673,496"
45303,OTHER,,937,"$41,708","$31,401"
,TOTAL,,937,"$41,708","$31,401"
45305,SG,,57,"$16,766","$13,047"
,OTHER,,"2,392","$178,370","$137,145"
,TOTAL,,"2,449","$195,136","$150,192"
45307,OTHER,,127,"$9,597","$7,283"
,TOTAL,,127,"$9,597","$7,283"
45308,SG,,13,"$4,212","$3,370"
,OTHER,,350,"$22,534","$16,615"
,TOTAL,,363,"$26,746","$19,985"
45309,SG,,7,"$2,114","$1,691"
,OTHER,,262,"$31,878","$24,771"
,TOTAL,,269,"$33,992","$26,462"
45315,SG,,4,"$1,160",$841
,OTHER,,109,"$9,416","$7,328"
,TOTAL,,113,"$10,576","$8,169"
45317,SG,,9,"$2,730","$2,184"
,OTHER,,747,"$81,748","$63,182"
,TOTAL,,756,"$84,478","$65,365"
45320,SG,,10,"$2,909","$2,327"
,OTHER,,209,"$19,598","$15,125"
,TOTAL,,219,"$22,507","$17,452"
45321,OTHER,,283,"$18,016","$14,270"
,TOTAL,,283,"$18,016","$14,270"
45327,OTHER,,27,"$2,436","$1,869"
,TOTAL,,27,"$2,436","$1,869"
45330,OTHER,,"187,939","$15,441,065","$11,345,155"
,TOTAL,,"187,939","$15,441,065","$11,345,155"
45331,SG,,"4,355","$1,311,135","$1,030,948"
,OTHER,,"44,288","$3,433,952","$2,608,607"
,TOTAL,,"48,643","$4,745,088","$3,639,555"
45332,SG,,26,"$8,361","$6,623"
,OTHER,,257,"$29,205","$22,739"
,TOTAL,,283,"$37,567","$29,362"
45333,SG,,643,"$194,687","$153,342"
,OTHER,,"5,281","$564,005","$430,257"
,TOTAL,,"5,924","$758,693","$583,599"
45334,SG,,257,"$79,515","$62,709"
,OTHER,,"4,006","$567,616","$440,282"
,TOTAL,,"4,263","$647,131","$502,991"
45337,SG,,5,"$1,458","$1,166"
,OTHER,,924,"$110,260","$87,063"
,TOTAL,,929,"$111,718","$88,229"
45338,SG,,980,"$300,753","$236,448"
,OTHER,,"5,757","$723,992","$556,037"
,TOTAL,,"6,737","$1,024,745","$792,485"
45339,SG,,227,"$69,410","$54,083"
,OTHER,,"3,108","$580,339","$450,516"
,TOTAL,,"3,335","$649,749","$504,600"
45341,OTHER,,"1,498","$224,006","$175,216"
,TOTAL,,"1,498","$224,006","$175,216"
45342,OTHER,,135,"$28,521","$22,523"
,TOTAL,,135,"$28,521","$22,523"
45345,OTHER,,241,"$38,275","$30,197"
,TOTAL,,241,"$38,275","$30,197"
45355,SG,,123,"$35,558","$28,072"
,OTHER,,"1,438","$245,557","$192,203"
,TOTAL,,"1,561","$281,115","$220,274"
45378,SG,,"250,332","$106,806,280","$84,084,107"
,80'S,,1,$36,$28
,OTHER,,"1,131,963","$240,928,274","$188,113,441"
,TOTAL,,"1,382,296","$347,734,590","$272,197,576"
45379,SG,,223,"$99,333","$78,824"
,OTHER,,"1,153","$313,785","$247,666"
,TOTAL,,"1,376","$413,118","$326,490"
45380,SG,,"117,785","$47,503,451","$37,426,670"
,OTHER,,"532,340","$119,764,571","$93,984,617"
,TOTAL,,"650,125","$167,268,022","$131,411,287"
45382,SG,,"1,618","$627,999","$497,077"
,OTHER,,"20,100","$5,899,073","$4,677,146"
,TOTAL,,"21,718","$6,527,072","$5,174,223"
45383,SG,,"16,950","$6,692,238","$5,287,332"
,OTHER,,"66,140","$21,365,660","$16,784,990"
,TOTAL,,"83,090","$28,057,897","$22,072,323"
45384,SG,,"84,959","$34,054,718","$26,841,026"
,OTHER,,"312,461","$70,529,402","$55,093,791"
,TOTAL,,"397,420","$104,584,120","$81,934,817"
45385,SG,,"166,966","$70,468,834","$55,475,923"
,OTHER,,"674,387","$199,790,367","$156,520,116"
,TOTAL,,"841,353","$270,259,201","$211,996,038"
45387,OTHER,,461,"$144,293","$114,312"
,TOTAL,,461,"$144,293","$114,312"
45500,SG,,25,"$8,175","$6,488"
,OTHER,,135,"$52,825","$41,904"
,TOTAL,,160,"$61,000","$48,391"
45505,SG,,51,"$17,486","$13,909"
,OTHER,,613,"$241,355","$190,644"
,TOTAL,,664,"$258,841","$204,553"
45520,OTHER,,180,"$5,881","$4,565"
,TOTAL,,180,"$5,881","$4,565"
45540,80'S,,136,"$18,041","$14,350"
,OTHER,,417,"$334,834","$264,801"
,TOTAL,,553,"$352,875","$279,150"
45541,80'S,,61,"$6,705","$5,329"
,OTHER,,508,"$365,436","$291,104"
,TOTAL,,569,"$372,141","$296,433"
45550,80'S,,172,"$34,334","$27,183"
,OTHER,,519,"$595,544","$475,107"
,TOTAL,,691,"$629,878","$502,290"
45560,SG,,64,"$25,317","$20,026"
,80'S,,330,"$25,480","$20,256"
,OTHER,,"1,615","$812,464","$642,693"
,TOTAL,,"2,009","$863,261","$682,975"
45562,80'S,,17,"$1,817","$1,454"
,OTHER,,140,"$102,849","$81,441"
,TOTAL,,157,"$104,666","$82,895"
45563,80'S,,12,"$2,402","$1,781"
,OTHER,,61,"$78,976","$60,997"
,TOTAL,,73,"$81,378","$62,778"
45800,80'S,,29,"$2,970","$2,376"
,OTHER,,112,"$74,700","$58,683"
,TOTAL,,141,"$77,671","$61,059"
45805,80'S,,9,"$1,522","$1,217"
,OTHER,,51,"$42,609","$34,087"
,TOTAL,,60,"$44,131","$35,305"
45820,80'S,,7,"$1,072",$724
,OTHER,,31,"$25,419","$19,646"
,TOTAL,,38,"$26,491","$20,370"
45825,80'S,,2,$398,$318
,OTHER,,6,"$4,242","$3,393"
,TOTAL,,8,"$4,639","$3,712"
45900,SG,,2,$459,$367
,OTHER,,221,"$28,418","$22,374"
,TOTAL,,223,"$28,876","$22,741"
45905,SG,,71,"$20,726","$16,517"
,OTHER,,712,"$91,026","$70,716"
,TOTAL,,783,"$111,752","$87,233"
45910,SG,,61,"$18,085","$14,216"
,OTHER,,699,"$109,167","$85,463"
,TOTAL,,760,"$127,252","$99,679"
45915,SG,,40,"$11,987","$9,509"
,OTHER,,"3,310","$617,821","$488,013"
,TOTAL,,"3,350","$629,808","$497,522"
45999,80'S,,18,"$2,675","$2,140"
,OTHER,,998,"$235,864","$187,980"
,TOTAL,,"1,016","$238,538","$190,120"
46020,SG,,14,"$6,101","$4,880"
,OTHER,,196,"$32,085","$25,399"
,TOTAL,,210,"$38,185","$30,279"
46030,SG,,4,$853,$682
,OTHER,,102,"$10,732","$8,139"
,TOTAL,,106,"$11,585","$8,822"
46040,SG,,54,"$25,960","$19,605"
,OTHER,,"5,027","$1,562,109","$1,218,459"
,TOTAL,,"5,081","$1,588,068","$1,238,065"
46045,SG,,7,"$2,686","$2,149"
,OTHER,,330,"$82,415","$63,784"
,TOTAL,,337,"$85,101","$65,933"
46050,SG,,26,"$7,244","$5,653"
,OTHER,,"2,701","$358,814","$273,135"
,TOTAL,,"2,727","$366,058","$278,787"
46060,SG,,47,"$19,658","$15,683"
,OTHER,,"1,073","$362,782","$285,982"
,TOTAL,,"1,120","$382,440","$301,666"
46070,OTHER,,1,$207,$165
,TOTAL,,1,$207,$165
46080,SG,,240,"$115,776","$91,594"
,OTHER,,"2,267","$331,177","$257,533"
,TOTAL,,"2,507","$446,953","$349,127"
46083,OTHER,,"3,467","$570,297","$422,124"
,TOTAL,,"3,467","$570,297","$422,124"
46200,SG,,209,"$85,343","$67,045"
,OTHER,,"1,904","$382,014","$297,808"
,TOTAL,,"2,113","$467,356","$364,853"
46210,SG,,3,$853,$682
,OTHER,,50,"$7,993","$6,314"
,TOTAL,,53,"$8,846","$6,997"
46211,OTHER,,24,"$6,216","$4,870"
,TOTAL,,24,"$6,216","$4,870"
46220,SG,,82,"$24,799","$19,331"
,OTHER,,983,"$88,899","$65,956"
,TOTAL,,"1,065","$113,698","$85,287"
46221,OTHER,,"36,573","$4,684,457","$3,573,927"
,TOTAL,,"36,573","$4,684,457","$3,573,927"
46230,OTHER,,"1,388","$246,676","$190,291"
,TOTAL,,"1,388","$246,676","$190,291"
46250,SG,,201,"$94,254","$74,696"
,80'S,,1,$48,$38
,OTHER,,"1,973","$506,200","$395,849"
,TOTAL,,"2,175","$600,501","$470,584"
46255,SG,,510,"$247,737","$195,528"
,OTHER,,"5,139","$1,448,820","$1,140,153"
,TOTAL,,"5,649","$1,696,557","$1,335,681"
46257,SG,,53,"$26,047","$19,984"
,OTHER,,325,"$100,220","$78,999"
,TOTAL,,378,"$126,267","$98,982"
46258,SG,,19,"$9,268","$7,414"
,OTHER,,103,"$33,331","$26,098"
,TOTAL,,122,"$42,598","$33,513"
46260,SG,,816,"$402,707","$317,988"
,OTHER,,"11,067","$4,243,609","$3,335,725"
,TOTAL,,"11,883","$4,646,316","$3,653,713"
46261,SG,,66,"$40,657","$32,318"
,OTHER,,805,"$326,708","$254,679"
,TOTAL,,871,"$367,365","$286,996"
46262,SG,,24,"$14,803","$10,930"
,OTHER,,334,"$146,775","$114,789"
,TOTAL,,358,"$161,579","$125,719"
46270,SG,,262,"$127,314","$100,122"
,OTHER,,"1,618","$366,052","$285,407"
,TOTAL,,"1,880","$493,366","$385,529"
46275,SG,,86,"$42,811","$34,020"
,OTHER,,"1,183","$313,468","$245,811"
,TOTAL,,"1,269","$356,279","$279,831"
46280,SG,,123,"$75,623","$59,667"
,OTHER,,"1,558","$550,947","$432,979"
,TOTAL,,"1,681","$626,570","$492,646"
46285,SG,,16,"$4,995","$3,755"
,OTHER,,123,"$30,454","$23,706"
,TOTAL,,139,"$35,449","$27,461"
46288,OTHER,,181,"$71,244","$56,225"
,TOTAL,,181,"$71,244","$56,225"
46320,OTHER,,"2,845","$487,381","$365,024"
,TOTAL,,"2,845","$487,381","$365,024"
46500,OTHER,,"9,937","$1,593,641","$1,224,006"
,TOTAL,,"9,937","$1,593,641","$1,224,006"
46600,OTHER,,"86,242","$3,895,159","$2,845,209"
,TOTAL,,"86,242","$3,895,159","$2,845,209"
46604,OTHER,,"2,224","$160,040","$122,498"
,TOTAL,,"2,224","$160,040","$122,498"
46606,OTHER,,"1,478","$68,920","$52,883"
,TOTAL,,"1,478","$68,920","$52,883"
46608,SG,,1,$313,$251
,OTHER,,111,"$9,349","$7,149"
,TOTAL,,112,"$9,662","$7,399"
46610,SG,,52,"$16,650","$12,948"
,OTHER,,268,"$19,298","$14,808"
,TOTAL,,320,"$35,948","$27,756"
46611,SG,,8,"$2,094","$1,675"
,80'S,,1,$7,$6
,OTHER,,139,"$15,211","$11,730"
,TOTAL,,148,"$17,312","$13,410"
46612,SG,,27,"$7,056","$5,352"
,OTHER,,74,"$8,439","$6,535"
,TOTAL,,101,"$15,495","$11,888"
46614,OTHER,,"1,297","$171,122","$132,222"
,TOTAL,,"1,297","$171,122","$132,222"
46615,OTHER,,336,"$51,385","$40,483"
,TOTAL,,336,"$51,385","$40,483"
46700,SG,,70,"$34,471","$27,077"
,OTHER,,914,"$444,157","$350,880"
,TOTAL,,984,"$478,628","$377,957"
46705,OTHER,,3,$810,$648
,TOTAL,,3,$810,$648
46730,OTHER,,3,"$3,841","$3,073"
,TOTAL,,3,"$3,841","$3,073"
46740,OTHER,,3,"$3,971","$3,177"
,TOTAL,,3,"$3,971","$3,177"
46742,OTHER,,1,"$1,521","$1,217"
,TOTAL,,1,"$1,521","$1,217"
46744,80'S,,1,$453,$363
,OTHER,,5,"$8,678","$6,942"
,TOTAL,,6,"$9,131","$7,305"
46750,SG,,14,"$6,316","$4,973"
,80'S,,99,"$6,818","$5,443"
,OTHER,,555,"$257,017","$202,411"
,TOTAL,,668,"$270,152","$212,828"
46753,SG,,9,"$4,644","$3,715"
,OTHER,,182,"$81,210","$64,161"
,TOTAL,,191,"$85,854","$67,876"
46754,SG,,1,$446,$357
,OTHER,,57,"$7,118","$5,442"
,TOTAL,,58,"$7,564","$5,799"
46760,OTHER,,22,"$16,439","$12,777"
,TOTAL,,22,"$16,439","$12,777"
46761,80'S,,28,"$2,714","$2,171"
,OTHER,,158,"$88,963","$71,130"
,TOTAL,,186,"$91,677","$73,302"
46762,80'S,,3,$276,$221
,OTHER,,16,"$10,374","$8,046"
,TOTAL,,19,"$10,650","$8,267"
46900,OTHER,,"2,387","$421,451","$322,972"
,TOTAL,,"2,387","$421,451","$322,972"
46910,OTHER,,629,"$104,654","$80,745"
,TOTAL,,629,"$104,654","$80,745"
46916,OTHER,,958,"$161,668","$124,782"
,TOTAL,,958,"$161,668","$124,782"
46917,OTHER,,224,"$31,431","$24,617"
,TOTAL,,224,"$31,431","$24,617"
46922,SG,,182,"$51,795","$40,996"
,80'S,,1,$20,$16
,OTHER,,"1,340","$160,471","$124,350"
,TOTAL,,"1,523","$212,286","$165,362"
46924,SG,,126,"$35,714","$28,149"
,OTHER,,"2,106","$367,684","$288,444"
,TOTAL,,"2,232","$403,398","$316,592"
46934,OTHER,,"18,577","$6,351,629","$4,993,432"
,TOTAL,,"18,577","$6,351,629","$4,993,432"
46935,OTHER,,414,"$87,915","$68,250"
,TOTAL,,414,"$87,915","$68,250"
46936,OTHER,,"2,067","$785,935","$618,836"
,TOTAL,,"2,067","$785,935","$618,836"
46937,SG,,1,$434,$347
,OTHER,,5,"$1,118",$867
,TOTAL,,6,"$1,552","$1,215"
46938,OTHER,,13,"$3,558","$2,831"
,TOTAL,,13,"$3,558","$2,831"
46940,OTHER,,448,"$91,330","$70,662"
,TOTAL,,448,"$91,330","$70,662"
46942,OTHER,,282,"$56,880","$44,930"
,TOTAL,,282,"$56,880","$44,930"
46945,OTHER,,"1,809","$324,908","$252,419"
,TOTAL,,"1,809","$324,908","$252,419"
46946,OTHER,,"1,130","$234,994","$183,496"
,TOTAL,,"1,130","$234,994","$183,496"
46999,80'S,,1,$37,$29
,OTHER,,310,"$81,910","$65,093"
,TOTAL,,311,"$81,947","$65,123"
47000,SG,,571,"$181,565","$142,587"
,80'S,,2,$18,$14
,OTHER,,"51,827","$5,156,921","$4,047,801"
,TOTAL,,"52,400","$5,338,504","$4,190,402"
47001,80'S,,25,$398,$319
,OTHER,,"8,882","$860,233","$681,711"
,TOTAL,,"8,907","$860,631","$682,029"
47010,80'S,,79,"$9,928","$7,942"
,OTHER,,590,"$462,903","$367,646"
,TOTAL,,669,"$472,831","$375,589"
47011,80'S,,8,$236,$169
,OTHER,,"2,691","$779,933","$619,586"
,TOTAL,,"2,699","$780,169","$619,754"
47015,80'S,,20,"$2,304","$1,843"
,OTHER,,83,"$54,560","$43,648"
,TOTAL,,103,"$56,864","$45,491"
47100,80'S,,"1,215","$82,542","$65,751"
,OTHER,,"7,105","$2,975,346","$2,365,648"
,TOTAL,,"8,320","$3,057,888","$2,431,399"
47120,80'S,,415,"$128,416","$102,063"
,OTHER,,"1,665","$3,100,959","$2,461,137"
,TOTAL,,"2,080","$3,229,375","$2,563,200"
47122,80'S,,24,"$11,725","$9,380"
,OTHER,,146,"$394,354","$309,315"
,TOTAL,,170,"$406,079","$318,695"
47125,80'S,,61,"$26,529","$21,195"
,OTHER,,271,"$703,580","$559,205"
,TOTAL,,332,"$730,109","$580,400"
47130,80'S,,90,"$41,699","$32,921"
,OTHER,,426,"$1,227,411","$971,137"
,TOTAL,,516,"$1,269,111","$1,004,058"
47134,80'S,,10,"$2,793","$2,235"
,OTHER,,22,"$36,597","$29,278"
,TOTAL,,32,"$39,391","$31,513"
47135,80'S,,371,"$301,757","$239,598"
,OTHER,,919,"$3,975,302","$3,148,845"
,TOTAL,,"1,290","$4,277,060","$3,388,442"
47300,80'S,,42,"$4,584","$3,596"
,OTHER,,209,"$137,689","$109,332"
,TOTAL,,251,"$142,274","$112,928"
47350,80'S,,63,"$9,883","$7,906"
,OTHER,,341,"$308,489","$246,396"
,TOTAL,,404,"$318,372","$254,302"
47360,80'S,,14,"$3,254","$2,603"
,OTHER,,103,"$130,609","$102,965"
,TOTAL,,117,"$133,864","$105,569"
47361,80'S,,32,"$12,438","$9,870"
,OTHER,,164,"$337,274","$269,510"
,TOTAL,,196,"$349,711","$279,380"
47362,80'S,,13,"$1,909","$1,528"
,OTHER,,111,"$91,516","$73,088"
,TOTAL,,124,"$93,425","$74,616"
47370,80'S,,62,"$10,048","$8,038"
,OTHER,,336,"$293,439","$234,630"
,TOTAL,,398,"$303,487","$242,668"
47371,80'S,,1,$153,$122
,OTHER,,11,"$9,784","$7,827"
,TOTAL,,12,"$9,937","$7,950"
47379,80'S,,44,"$3,945","$3,074"
,OTHER,,457,"$208,963","$166,520"
,TOTAL,,501,"$212,908","$169,594"
47380,80'S,,104,"$14,709","$11,690"
,OTHER,,632,"$561,373","$448,138"
,TOTAL,,736,"$576,082","$459,828"
47381,80'S,,7,"$1,191",$938
,OTHER,,32,"$26,522","$21,218"
,TOTAL,,39,"$27,712","$22,156"
47382,80'S,,13,"$1,303","$1,042"
,OTHER,,778,"$493,983","$393,258"
,TOTAL,,791,"$495,286","$394,300"
47399,80'S,,9,"$1,054",$843
,OTHER,,139,"$98,108","$77,921"
,TOTAL,,148,"$99,162","$78,764"
47400,80'S,,13,"$3,297","$2,638"
,OTHER,,66,"$63,962","$51,170"
,TOTAL,,79,"$67,260","$53,808"
47420,80'S,,235,"$38,713","$30,750"
,OTHER,,837,"$805,131","$642,246"
,TOTAL,,"1,072","$843,844","$672,997"
47425,80'S,,20,"$2,987","$2,390"
,OTHER,,68,"$60,052","$48,042"
,TOTAL,,88,"$63,040","$50,432"
47460,80'S,,15,"$1,949","$1,559"
,OTHER,,146,"$138,134","$109,894"
,TOTAL,,161,"$140,083","$111,453"
47480,80'S,,124,"$11,536","$9,229"
,OTHER,,628,"$346,903","$275,928"
,TOTAL,,752,"$358,439","$285,157"
47490,OTHER,,"2,887","$1,555,950","$1,239,214"
,TOTAL,,"2,887","$1,555,950","$1,239,214"
47500,OTHER,,"7,735","$468,851","$372,260"
,TOTAL,,"7,735","$468,851","$372,260"
47505,80'S,,3,$9,$7
,OTHER,,"18,001","$575,464","$454,450"
,TOTAL,,"18,004","$575,473","$454,457"
47510,SG,,1,$427,$342
,OTHER,,"3,052","$1,792,890","$1,428,862"
,TOTAL,,"3,053","$1,793,317","$1,429,204"
47511,OTHER,,"5,241","$3,887,299","$3,096,781"
,TOTAL,,"5,241","$3,887,299","$3,096,781"
47525,OTHER,,"9,073","$2,580,603","$2,043,484"
,TOTAL,,"9,073","$2,580,603","$2,043,484"
47530,OTHER,,440,"$153,432","$122,506"
,TOTAL,,440,"$153,432","$122,506"
47550,80'S,,261,"$6,529","$5,205"
,OTHER,,"1,632","$247,130","$196,922"
,TOTAL,,"1,893","$253,659","$202,127"
47552,OTHER,,219,"$47,417","$37,856"
,TOTAL,,219,"$47,417","$37,856"
47553,SG,,3,"$1,381","$1,105"
,OTHER,,367,"$85,187","$67,455"
,TOTAL,,370,"$86,567","$68,559"
47554,OTHER,,232,"$77,982","$61,937"
,TOTAL,,232,"$77,982","$61,937"
47555,OTHER,,"1,102","$334,585","$265,882"
,TOTAL,,"1,102","$334,585","$265,882"
47556,OTHER,,"1,955","$742,135","$591,291"
,TOTAL,,"1,955","$742,135","$591,291"
47560,80'S,,9,$366,$293
,OTHER,,137,"$26,880","$21,454"
,TOTAL,,146,"$27,247","$21,747"
47561,SG,,2,$756,$605
,80'S,,1,$24,$20
,OTHER,,49,"$10,265","$8,212"
,TOTAL,,52,"$11,046","$8,836"
47562,80'S,,"24,765","$2,427,558","$1,916,602"
,OTHER,,"119,265","$69,038,328","$54,655,674"
,TOTAL,,"144,030","$71,465,886","$56,572,275"
47563,80'S,,"12,857","$1,328,409","$1,048,866"
,OTHER,,"63,226","$38,707,780","$30,655,102"
,TOTAL,,"76,083","$40,036,189","$31,703,969"
47564,80'S,,469,"$57,866","$45,939"
,OTHER,,"2,147","$1,569,448","$1,245,882"
,TOTAL,,"2,616","$1,627,313","$1,291,821"
47570,80'S,,19,"$1,703","$1,363"
,OTHER,,44,"$23,849","$18,776"
,TOTAL,,63,"$25,552","$20,139"
47579,80'S,,10,$789,$632
,OTHER,,130,"$69,541","$55,633"
,TOTAL,,140,"$70,331","$56,264"
47600,80'S,,"7,782","$753,391","$597,641"
,OTHER,,"32,567","$19,300,419","$15,319,054"
,TOTAL,,"40,349","$20,053,810","$15,916,695"
47605,80'S,,"2,196","$263,631","$208,762"
,OTHER,,"9,395","$6,792,218","$5,399,981"
,TOTAL,,"11,591","$7,055,849","$5,608,743"
47610,80'S,,"1,402","$226,515","$180,364"
,OTHER,,"5,026","$4,764,003","$3,796,336"
,TOTAL,,"6,428","$4,990,517","$3,976,700"
47612,80'S,,228,"$37,451","$29,849"
,OTHER,,793,"$760,471","$606,591"
,TOTAL,,"1,021","$797,922","$636,440"
47620,80'S,,59,"$10,229","$8,183"
,OTHER,,200,"$213,564","$169,828"
,TOTAL,,259,"$223,793","$178,011"
47630,80'S,,2,$109,$87
,OTHER,,567,"$217,245","$172,893"
,TOTAL,,569,"$217,354","$172,980"
47700,80'S,,11,"$1,345","$1,076"
,OTHER,,41,"$29,419","$23,535"
,TOTAL,,52,"$30,764","$24,611"
47701,OTHER,,10,"$14,666","$11,733"
,TOTAL,,10,"$14,666","$11,733"
47711,80'S,,34,"$5,609","$4,487"
,OTHER,,160,"$141,819","$113,411"
,TOTAL,,194,"$147,428","$117,898"
47712,80'S,,7,"$1,876","$1,501"
,OTHER,,30,"$41,478","$32,736"
,TOTAL,,37,"$43,355","$34,237"
47715,80'S,,6,$492,$393
,OTHER,,28,"$19,642","$15,713"
,TOTAL,,34,"$20,134","$16,107"
47716,OTHER,,4,"$3,256","$2,605"
,TOTAL,,4,"$3,256","$2,605"
47720,80'S,,89,"$12,200","$9,687"
,OTHER,,281,"$229,490","$183,537"
,TOTAL,,370,"$241,690","$193,224"
47721,80'S,,48,"$8,196","$6,524"
,OTHER,,165,"$164,373","$131,031"
,TOTAL,,213,"$172,569","$137,555"
47740,80'S,,32,"$5,129","$4,090"
,OTHER,,116,"$108,376","$86,379"
,TOTAL,,148,"$113,504","$90,469"
47741,80'S,,50,"$8,951","$7,161"
,OTHER,,145,"$150,524","$119,508"
,TOTAL,,195,"$159,475","$126,669"
47760,80'S,,237,"$53,067","$42,437"
,OTHER,,811,"$1,093,809","$871,176"
,TOTAL,,"1,048","$1,146,877","$913,614"
47765,80'S,,6,"$1,332","$1,066"
,OTHER,,59,"$77,496","$61,997"
,TOTAL,,65,"$78,828","$63,063"
47780,80'S,,300,"$67,862","$53,780"
,OTHER,,"1,123","$1,559,625","$1,240,373"
,TOTAL,,"1,423","$1,627,487","$1,294,153"
47785,80'S,,50,"$12,931","$10,265"
,OTHER,,231,"$354,394","$282,177"
,TOTAL,,281,"$367,325","$292,442"
47800,80'S,,49,"$8,537","$6,790"
,OTHER,,106,"$113,634","$90,907"
,TOTAL,,155,"$122,171","$97,697"
47801,80'S,,25,"$2,609","$2,011"
,OTHER,,351,"$283,423","$225,955"
,TOTAL,,376,"$286,031","$227,966"
47802,80'S,,5,$667,$533
,OTHER,,16,"$13,634","$10,907"
,TOTAL,,21,"$14,301","$11,441"
47900,80'S,,27,"$4,488","$3,590"
,OTHER,,138,"$129,734","$102,813"
,TOTAL,,165,"$134,222","$106,403"
47999,80'S,,20,"$2,755","$2,204"
,OTHER,,364,"$134,889","$107,844"
,TOTAL,,384,"$137,644","$110,048"
48000,80'S,,18,"$3,999","$3,199"
,OTHER,,155,"$200,170","$157,643"
,TOTAL,,173,"$204,168","$160,842"
48001,80'S,,12,"$3,342","$2,674"
,OTHER,,43,"$64,645","$51,704"
,TOTAL,,55,"$67,987","$54,378"
48005,80'S,,109,"$37,571","$29,751"
,OTHER,,591,"$1,205,049","$961,021"
,TOTAL,,700,"$1,242,619","$990,771"
48020,80'S,,1,$71,$57
,OTHER,,4,"$2,467","$1,974"
,TOTAL,,5,"$2,538","$2,030"
48100,80'S,,309,"$21,068","$16,835"
,OTHER,,"1,457","$640,150","$509,385"
,TOTAL,,"1,766","$661,218","$526,221"
48102,SG,,14,"$3,157","$2,525"
,OTHER,,"5,009","$1,270,889","$1,008,345"
,TOTAL,,"5,023","$1,274,045","$1,010,870"
48120,80'S,,51,"$6,015","$4,583"
,OTHER,,164,"$120,766","$96,349"
,TOTAL,,215,"$126,781","$100,932"
48140,80'S,,375,"$71,690","$56,932"
,OTHER,,"1,345","$1,573,982","$1,242,996"
,TOTAL,,"1,720","$1,645,672","$1,299,929"
48145,80'S,,11,"$2,178","$1,743"
,OTHER,,46,"$55,618","$43,758"
,TOTAL,,57,"$57,796","$45,501"
48146,80'S,,16,"$3,780","$3,024"
,OTHER,,57,"$85,363","$68,290"
,TOTAL,,73,"$89,142","$71,314"
48148,80'S,,23,"$3,005","$2,404"
,OTHER,,71,"$60,316","$48,211"
,TOTAL,,94,"$63,321","$50,615"
48150,80'S,,585,"$247,315","$196,089"
,OTHER,,"1,993","$5,237,495","$4,167,548"
,TOTAL,,"2,578","$5,484,809","$4,363,636"
48152,80'S,,8,"$3,025","$2,420"
,OTHER,,47,"$109,421","$87,537"
,TOTAL,,55,"$112,446","$89,957"
48153,80'S,,182,"$78,382","$62,191"
,OTHER,,"1,064","$2,433,205","$1,927,623"
,TOTAL,,"1,246","$2,511,587","$1,989,813"
48154,80'S,,9,"$3,620","$2,896"
,OTHER,,17,"$41,845","$32,708"
,TOTAL,,26,"$45,465","$35,603"
48155,80'S,,18,"$3,577","$2,862"
,OTHER,,75,"$100,331","$80,185"
,TOTAL,,93,"$103,908","$83,046"
48180,80'S,,15,"$2,951","$2,361"
,OTHER,,108,"$132,911","$106,240"
,TOTAL,,123,"$135,862","$108,601"
48400,OTHER,,53,"$5,089","$4,013"
,TOTAL,,53,"$5,089","$4,013"
48500,80'S,,3,$343,$275
,OTHER,,18,"$11,964","$9,571"
,TOTAL,,21,"$12,307","$9,846"
48510,80'S,,27,"$3,046","$2,437"
,OTHER,,175,"$110,110","$87,869"
,TOTAL,,202,"$113,156","$90,306"
48511,80'S,,2,$44,$35
,OTHER,,528,"$145,386","$115,545"
,TOTAL,,530,"$145,430","$115,580"
48520,80'S,,73,"$9,581","$7,584"
,OTHER,,253,"$199,765","$158,772"
,TOTAL,,326,"$209,346","$166,356"
48540,80'S,,34,"$5,297","$4,238"
,OTHER,,129,"$121,001","$95,900"
,TOTAL,,163,"$126,298","$100,138"
48545,80'S,,4,$628,$502
,OTHER,,27,"$22,335","$17,868"
,TOTAL,,31,"$22,963","$18,371"
48547,80'S,,15,"$3,346","$2,677"
,OTHER,,47,"$62,155","$49,689"
,TOTAL,,62,"$65,501","$52,367"
48554,80'S,,112,"$23,913","$18,383"
,OTHER,,631,"$795,482","$625,202"
,TOTAL,,743,"$819,394","$643,585"
48556,80'S,,11,"$1,509","$1,207"
,OTHER,,71,"$55,562","$43,113"
,TOTAL,,82,"$57,071","$44,320"
48999,80'S,,8,"$1,241",$993
,OTHER,,95,"$64,988","$50,772"
,TOTAL,,103,"$66,229","$51,765"
49000,SG,,25,"$14,592","$11,545"
,80'S,,"2,409","$256,827","$203,621"
,OTHER,,"13,697","$8,300,862","$6,596,424"
,TOTAL,,"16,131","$8,572,282","$6,811,589"
49002,80'S,,407,"$36,752","$29,235"
,OTHER,,"3,850","$1,993,676","$1,586,578"
,TOTAL,,"4,257","$2,030,428","$1,615,813"
49010,80'S,,336,"$37,360","$29,538"
,OTHER,,"1,714","$1,122,069","$889,489"
,TOTAL,,"2,050","$1,159,429","$919,027"
49020,80'S,,659,"$123,891","$98,638"
,OTHER,,"5,212","$5,692,197","$4,521,493"
,TOTAL,,"5,871","$5,816,088","$4,620,131"
49021,OTHER,,"11,554","$3,755,134","$2,982,872"
,TOTAL,,"11,554","$3,755,134","$2,982,872"
49040,80'S,,109,"$10,920","$8,656"
,OTHER,,849,"$544,900","$434,452"
,TOTAL,,958,"$555,820","$443,108"
49041,80'S,,4,$194,$155
,OTHER,,"1,681","$606,105","$481,599"
,TOTAL,,"1,685","$606,298","$481,754"
49060,80'S,,26,"$3,514","$2,811"
,OTHER,,"2,070","$1,714,896","$1,362,860"
,TOTAL,,"2,096","$1,718,410","$1,365,671"
49061,80'S,,2,$87,$70
,OTHER,,"4,891","$1,695,625","$1,348,349"
,TOTAL,,"4,893","$1,695,712","$1,348,419"
49062,80'S,,12,"$1,163",$841
,OTHER,,229,"$139,501","$107,881"
,TOTAL,,241,"$140,665","$108,722"
49080,SG,,886,"$381,287","$303,257"
,80'S,,2,$11,$9
,OTHER,,"84,000","$6,196,284","$4,880,762"
,TOTAL,,"84,888","$6,577,582","$5,184,028"
49081,SG,,395,"$164,642","$128,824"
,OTHER,,"9,548","$732,429","$571,778"
,TOTAL,,"9,943","$897,071","$700,602"
49085,SG,,21,"$8,664","$6,920"
,80'S,,3,$334,$267
,OTHER,,"1,633","$851,408","$669,876"
,TOTAL,,"1,657","$860,406","$677,062"
49180,SG,,58,"$16,632","$13,306"
,OTHER,,"16,345","$1,532,635","$1,214,920"
,TOTAL,,"16,403","$1,549,268","$1,228,226"
49200,80'S,,506,"$35,581","$28,029"
,OTHER,,"2,916","$1,399,428","$1,110,275"
,TOTAL,,"3,422","$1,435,009","$1,138,304"
49201,80'S,,812,"$97,349","$77,027"
,OTHER,,"3,066","$2,207,665","$1,749,791"
,TOTAL,,"3,878","$2,305,014","$1,826,818"
49215,80'S,,27,"$7,715","$6,172"
,OTHER,,163,"$260,036","$205,618"
,TOTAL,,190,"$267,751","$211,790"
49220,80'S,,16,"$1,854","$1,483"
,OTHER,,61,"$43,337","$34,560"
,TOTAL,,77,"$45,192","$36,044"
49250,SG,,9,"$5,502","$4,392"
,OTHER,,252,"$100,775","$79,837"
,TOTAL,,261,"$106,278","$84,228"
49255,80'S,,163,"$14,920","$11,882"
,OTHER,,830,"$449,271","$356,724"
,TOTAL,,993,"$464,191","$368,606"
49320,SG,,214,"$95,978","$73,795"
,80'S,,992,"$32,897","$26,194"
,OTHER,,"9,758","$2,195,868","$1,735,398"
,TOTAL,,"10,964","$2,324,743","$1,835,388"
49321,SG,,35,"$20,344","$15,930"
,80'S,,294,"$12,471","$9,887"
,OTHER,,"3,223","$843,822","$668,518"
,TOTAL,,"3,552","$876,636","$694,334"
49322,SG,,33,"$17,630","$13,452"
,80'S,,51,"$2,327","$1,830"
,OTHER,,675,"$194,438","$154,091"
,TOTAL,,759,"$214,394","$169,374"
49323,80'S,,18,"$1,140",$912
,OTHER,,185,"$82,542","$63,614"
,TOTAL,,203,"$83,682","$64,527"
49329,80'S,,38,"$3,738","$2,991"
,OTHER,,723,"$306,931","$243,788"
,TOTAL,,761,"$310,670","$246,778"
49400,SG,,2,$638,$510
,OTHER,,642,"$55,317","$42,983"
,TOTAL,,644,"$55,955","$43,494"
49420,SG,,140,"$38,506","$30,462"
,OTHER,,"5,254","$536,058","$421,667"
,TOTAL,,"5,394","$574,564","$452,129"
49421,SG,,115,"$32,649","$25,262"
,OTHER,,"9,820","$3,258,503","$2,540,841"
,TOTAL,,"9,935","$3,291,152","$2,566,103"
49422,OTHER,,"7,783","$2,407,476","$1,879,179"
,TOTAL,,"7,783","$2,407,476","$1,879,179"
49423,OTHER,,"3,575","$272,885","$215,833"
,TOTAL,,"3,575","$272,885","$215,833"
49424,OTHER,,"10,092","$394,258","$311,783"
,TOTAL,,"10,092","$394,258","$311,783"
49425,SG,,1,$449,$279
,80'S,,51,"$5,392","$4,262"
,OTHER,,716,"$461,813","$364,650"
,TOTAL,,768,"$467,653","$369,191"
49426,SG,,3,"$1,290",$952
,OTHER,,227,"$122,915","$96,172"
,TOTAL,,230,"$124,205","$97,124"
49427,OTHER,,221,"$10,829","$8,378"
,TOTAL,,221,"$10,829","$8,378"
49428,OTHER,,32,"$9,661","$7,728"
,TOTAL,,32,"$9,661","$7,728"
49429,OTHER,,214,"$69,742","$55,226"
,TOTAL,,214,"$69,742","$55,226"
49491,80'S,,1,$58,$46
,OTHER,,1,$378,$303
,TOTAL,,2,$436,$349
49492,80'S,,2,$201,$161
,OTHER,,10,"$6,481","$5,185"
,TOTAL,,12,"$6,682","$5,346"
49495,80'S,,1,$70,$56
,OTHER,,9,"$2,819","$2,255"
,TOTAL,,10,"$2,889","$2,311"
49496,80'S,,5,$312,$250
,OTHER,,27,"$12,215","$9,718"
,TOTAL,,32,"$12,527","$9,968"
49500,80'S,,6,$245,$196
,OTHER,,36,"$9,669","$7,693"
,TOTAL,,42,"$9,914","$7,889"
49501,80'S,,6,$488,$391
,OTHER,,33,"$14,810","$11,187"
,TOTAL,,39,"$15,298","$11,577"
49505,SG,,"9,653","$5,859,360","$4,627,925"
,80'S,,"5,413","$373,694","$295,679"
,OTHER,,"100,831","$43,016,002","$33,945,957"
,TOTAL,,"115,897","$49,249,056","$38,869,561"
49507,80'S,,859,"$75,897","$59,603"
,OTHER,,"12,160","$6,691,244","$5,295,284"
,TOTAL,,"13,019","$6,767,140","$5,354,887"
49520,SG,,"1,078","$1,040,838","$825,627"
,80'S,,756,"$66,900","$52,755"
,OTHER,,"13,559","$7,296,238","$5,770,611"
,TOTAL,,"15,393","$8,403,976","$6,648,993"
49521,80'S,,221,"$22,685","$18,139"
,OTHER,,"3,280","$2,090,582","$1,658,851"
,TOTAL,,"3,501","$2,113,267","$1,676,989"
49525,SG,,246,"$150,076","$119,537"
,80'S,,228,"$18,201","$14,521"
,OTHER,,"3,451","$1,703,627","$1,347,864"
,TOTAL,,"3,925","$1,871,904","$1,481,922"
49540,SG,,4,"$1,735","$1,388"
,80'S,,20,"$1,425","$1,140"
,OTHER,,185,"$98,334","$77,784"
,TOTAL,,209,"$101,494","$80,312"
49550,SG,,169,"$114,896","$91,267"
,80'S,,159,"$10,165","$8,016"
,OTHER,,"2,217","$959,835","$760,544"
,TOTAL,,"2,545","$1,084,897","$859,827"
49553,80'S,,261,"$18,785","$14,955"
,OTHER,,"3,803","$1,717,726","$1,364,889"
,TOTAL,,"4,064","$1,736,511","$1,379,844"
49555,SG,,15,"$9,725","$7,620"
,80'S,,15,"$1,137",$836
,OTHER,,209,"$100,564","$78,959"
,TOTAL,,239,"$111,425","$87,416"
49557,80'S,,41,"$3,710","$2,959"
,OTHER,,489,"$262,866","$209,082"
,TOTAL,,530,"$266,576","$212,041"
49560,SG,,"1,014","$599,398","$474,380"
,80'S,,"4,477","$434,549","$343,776"
,OTHER,,"41,686","$24,911,752","$19,646,922"
,TOTAL,,"47,177","$25,945,699","$20,465,078"
49561,80'S,,"1,751","$204,377","$161,597"
,OTHER,,"13,684","$9,778,882","$7,737,349"
,TOTAL,,"15,435","$9,983,259","$7,898,946"
49565,SG,,187,"$111,514","$87,909"
,80'S,,"1,174","$115,261","$90,696"
,OTHER,,"9,578","$5,810,873","$4,575,639"
,TOTAL,,"10,939","$6,037,649","$4,754,244"
49566,80'S,,639,"$75,996","$60,072"
,OTHER,,"4,760","$3,405,960","$2,699,134"
,TOTAL,,"5,399","$3,481,956","$2,759,206"
49568,80'S,,"3,690","$152,262","$120,927"
,OTHER,,"40,052","$9,899,449","$7,835,796"
,TOTAL,,"43,742","$10,051,711","$7,956,723"
49570,SG,,107,"$62,738","$49,188"
,80'S,,78,"$3,457","$2,751"
,OTHER,,"1,197","$358,446","$280,036"
,TOTAL,,"1,382","$424,641","$331,975"
49572,80'S,,66,"$3,529","$2,784"
,OTHER,,851,"$292,632","$230,702"
,TOTAL,,917,"$296,161","$233,486"
49580,80'S,,11,$286,$229
,OTHER,,48,"$8,750","$6,793"
,TOTAL,,59,"$9,036","$7,022"
49582,80'S,,15,$796,$637
,OTHER,,135,"$47,835","$37,548"
,TOTAL,,150,"$48,630","$38,184"
49585,SG,,"1,730","$989,055","$776,785"
,80'S,,"1,935","$77,940","$61,692"
,OTHER,,"24,977","$7,317,197","$5,763,110"
,TOTAL,,"28,642","$8,384,193","$6,601,587"
49587,80'S,,717,"$39,481","$31,019"
,OTHER,,"9,420","$3,544,601","$2,795,490"
,TOTAL,,"10,137","$3,584,082","$2,826,509"
49590,SG,,67,"$30,381","$23,940"
,80'S,,129,"$9,150","$7,320"
,OTHER,,"1,374","$619,344","$492,170"
,TOTAL,,"1,570","$658,876","$523,430"
49600,80'S,,6,$317,$253
,OTHER,,31,"$14,256","$11,405"
,TOTAL,,37,"$14,572","$11,658"
49605,80'S,,2,"$1,398","$1,118"
,OTHER,,28,"$87,530","$70,024"
,TOTAL,,30,"$88,928","$71,142"
49606,80'S,,6,$961,$769
,OTHER,,43,"$44,485","$35,566"
,TOTAL,,49,"$45,445","$36,335"
49610,OTHER,,2,$473,$379
,TOTAL,,2,$473,$379
49650,SG,,955,"$581,478","$457,728"
,80'S,,"1,419","$86,071","$67,670"
,OTHER,,"12,852","$4,661,038","$3,667,893"
,TOTAL,,"15,226","$5,328,588","$4,193,291"
49651,SG,,154,"$152,483","$118,574"
,80'S,,265,"$21,035","$16,666"
,OTHER,,"2,419","$1,123,209","$887,027"
,TOTAL,,"2,838","$1,296,727","$1,022,267"
49659,80'S,,718,"$91,417","$73,008"
,OTHER,,"4,434","$3,063,447","$2,432,867"
,TOTAL,,"5,152","$3,154,863","$2,505,875"
49900,80'S,,165,"$18,020","$14,336"
,OTHER,,"2,210","$1,349,816","$1,072,224"
,TOTAL,,"2,375","$1,367,836","$1,086,560"
49905,80'S,,117,"$6,231","$4,985"
,OTHER,,844,"$275,168","$218,898"
,TOTAL,,961,"$281,399","$223,883"
49906,OTHER,,12,"$9,922","$7,938"
,TOTAL,,12,"$9,922","$7,938"
49999,80'S,,51,"$5,710","$4,568"
,OTHER,,"1,020","$396,974","$316,335"
,TOTAL,,"1,071","$402,684","$320,904"
50010,80'S,URINARY,87,"$6,804","$5,443"
,OTHER,,264,"$134,963","$106,959"
,TOTAL,,351,"$141,767","$112,402"
50020,SG,,1,$25,$4
,80'S,,2,$331,$265
,OTHER,,301,"$188,242","$149,501"
,TOTAL,,304,"$188,598","$149,770"
50021,OTHER,,827,"$398,625","$315,991"
,TOTAL,,827,"$398,625","$315,991"
50040,80'S,,1,$160,$128
,OTHER,,212,"$175,734","$140,563"
,TOTAL,,213,"$175,894","$140,691"
50045,80'S,,6,$586,$469
,OTHER,,25,"$18,127","$14,416"
,TOTAL,,31,"$18,714","$14,885"
50060,80'S,,25,"$4,080","$3,193"
,OTHER,,75,"$70,666","$56,336"
,TOTAL,,100,"$74,747","$59,529"
50065,80'S,,3,$455,$364
,OTHER,,10,"$10,543","$8,434"
,TOTAL,,13,"$10,998","$8,798"
50070,80'S,,1,$191,$153
,OTHER,,4,"$3,518","$2,814"
,TOTAL,,5,"$3,709","$2,967"
50075,80'S,,15,"$3,299","$2,585"
,OTHER,,42,"$55,824","$44,090"
,TOTAL,,57,"$59,124","$46,674"
50080,OTHER,,"1,350","$1,215,187","$961,912"
,TOTAL,,"1,350","$1,215,187","$961,912"
50081,80'S,,215,"$44,625","$35,501"
,OTHER,,"2,046","$2,583,154","$2,041,514"
,TOTAL,,"2,261","$2,627,779","$2,077,015"
50100,80'S,,10,"$1,219",$975
,OTHER,,23,"$12,690","$10,057"
,TOTAL,,33,"$13,909","$11,032"
50120,80'S,,5,$585,$468
,OTHER,,38,"$31,593","$25,275"
,TOTAL,,43,"$32,179","$25,743"
50125,80'S,,1,$73,$58
,OTHER,,5,"$4,015","$3,212"
,TOTAL,,6,"$4,088","$3,270"
50130,80'S,,61,"$8,447","$6,637"
,OTHER,,131,"$109,825","$86,411"
,TOTAL,,192,"$118,272","$93,048"
50135,80'S,,10,"$1,621","$1,297"
,OTHER,,26,"$25,910","$20,728"
,TOTAL,,36,"$27,531","$22,025"
50200,SG,,27,"$8,486","$6,789"
,OTHER,,"21,027","$2,768,597","$2,172,243"
,TOTAL,,"21,054","$2,777,083","$2,179,032"
50205,80'S,,89,"$7,285","$5,817"
,OTHER,,865,"$421,522","$333,269"
,TOTAL,,954,"$428,808","$339,086"
50220,80'S,,"1,347","$203,959","$161,523"
,OTHER,,"2,788","$2,505,309","$1,983,730"
,TOTAL,,"4,135","$2,709,268","$2,145,253"
50225,80'S,,169,"$29,966","$23,476"
,OTHER,,333,"$356,240","$279,910"
,TOTAL,,502,"$386,205","$303,386"
50230,80'S,,"5,301","$1,025,792","$812,926"
,OTHER,,"8,725","$10,332,098","$8,200,889"
,TOTAL,,"14,026","$11,357,891","$9,013,816"
50234,80'S,,"1,483","$137,661","$109,625"
,OTHER,,"2,002","$1,425,198","$1,133,947"
,TOTAL,,"3,485","$1,562,859","$1,243,572"
50236,80'S,,641,"$146,923","$116,522"
,OTHER,,988,"$1,380,623","$1,095,328"
,TOTAL,,"1,629","$1,527,547","$1,211,850"
50240,80'S,,"1,110","$231,785","$183,802"
,OTHER,,"2,258","$2,927,681","$2,323,826"
,TOTAL,,"3,368","$3,159,466","$2,507,628"
50280,80'S,,115,"$14,480","$11,584"
,OTHER,,270,"$197,368","$156,505"
,TOTAL,,385,"$211,848","$168,088"
50290,80'S,,7,$837,$669
,OTHER,,20,"$13,796","$10,430"
,TOTAL,,27,"$14,633","$11,099"
50320,80'S,,157,"$30,039","$25,972"
,OTHER,,634,"$760,976","$741,032"
,TOTAL,,791,"$791,015","$767,004"
50340,80'S,,8,"$1,224",$940
,OTHER,,90,"$77,748","$60,962"
,TOTAL,,98,"$78,972","$61,902"
50360,80'S,,"1,204","$363,265","$282,334"
,OTHER,,"8,730","$16,084,983","$12,528,335"
,TOTAL,,"9,934","$16,448,248","$12,810,670"
50365,80'S,,11,"$4,061","$2,990"
,OTHER,,141,"$304,027","$239,130"
,TOTAL,,152,"$308,088","$242,120"
50370,80'S,,165,"$22,480","$17,478"
,OTHER,,"1,268","$964,954","$758,693"
,TOTAL,,"1,433","$987,434","$776,172"
50380,80'S,,6,$843,$608
,OTHER,,45,"$42,159","$33,030"
,TOTAL,,51,"$43,002","$33,638"
50390,SG,,14,"$3,932","$3,141"
,OTHER,,"7,726","$519,162","$411,611"
,TOTAL,,"7,740","$523,095","$414,752"
50392,SG,,2,$483,$387
,OTHER,,"14,977","$2,329,951","$1,851,814"
,TOTAL,,"14,979","$2,330,434","$1,852,200"
50393,SG,,6,"$1,646","$1,317"
,OTHER,,"9,399","$1,835,125","$1,459,338"
,TOTAL,,"9,405","$1,836,772","$1,460,655"
50394,OTHER,,"29,348","$898,191","$709,625"
,TOTAL,,"29,348","$898,191","$709,625"
50395,SG,,4,"$1,256","$1,005"
,OTHER,,"3,378","$428,405","$340,794"
,TOTAL,,"3,382","$429,661","$341,799"
50396,SG,,2,$476,$381
,OTHER,,111,"$11,079","$8,535"
,TOTAL,,113,"$11,555","$8,916"
50398,SG,,37,"$10,836","$8,619"
,OTHER,,"18,398","$1,279,096","$1,004,596"
,TOTAL,,"18,435","$1,289,931","$1,013,215"
50400,80'S,,130,"$21,805","$17,318"
,OTHER,,257,"$258,961","$206,270"
,TOTAL,,387,"$280,766","$223,588"
50405,80'S,,43,"$9,111","$7,172"
,OTHER,,113,"$148,603","$117,982"
,TOTAL,,156,"$157,714","$125,155"
50500,80'S,,5,$921,$737
,OTHER,,34,"$32,956","$26,258"
,TOTAL,,39,"$33,877","$26,995"
50520,OTHER,,12,"$11,462","$9,169"
,TOTAL,,12,"$11,462","$9,169"
50525,OTHER,,2,"$1,261","$1,009"
,TOTAL,,2,"$1,261","$1,009"
50526,OTHER,,1,$110,$88
,TOTAL,,1,$110,$88
50540,80'S,,5,$786,$629
,OTHER,,15,"$13,587","$10,870"
,TOTAL,,20,"$14,373","$11,498"
50541,80'S,,87,"$11,504","$9,113"
,OTHER,,232,"$183,366","$143,843"
,TOTAL,,319,"$194,870","$152,956"
50544,80'S,,9,"$1,753","$1,403"
,OTHER,,40,"$48,253","$38,120"
,TOTAL,,49,"$50,006","$39,522"
50545,80'S,,761,"$151,993","$120,974"
,OTHER,,"1,566","$1,923,497","$1,528,252"
,TOTAL,,"2,327","$2,075,489","$1,649,225"
50546,80'S,,387,"$65,183","$51,598"
,OTHER,,957,"$970,757","$769,972"
,TOTAL,,"1,344","$1,035,940","$821,570"
50547,80'S,,408,"$93,696","$77,457"
,OTHER,,"1,510","$1,991,599","$1,908,132"
,TOTAL,,"1,918","$2,085,295","$1,985,589"
50548,80'S,,168,"$33,829","$26,715"
,OTHER,,416,"$515,020","$408,166"
,TOTAL,,584,"$548,849","$434,881"
50549,80'S,,39,"$12,269","$9,733"
,OTHER,,276,"$284,788","$224,946"
,TOTAL,,315,"$297,057","$234,679"
50551,SG,,3,$949,$759
,80'S,,1,$44,$35
,OTHER,,167,"$44,360","$35,050"
,TOTAL,,171,"$45,353","$35,844"
50553,SG,,3,$789,$551
,OTHER,,409,"$113,369","$90,153"
,TOTAL,,412,"$114,158","$90,704"
50555,OTHER,,56,"$18,069","$14,085"
,TOTAL,,56,"$18,069","$14,085"
50557,80'S,,2,$107,$85
,OTHER,,100,"$31,137","$24,909"
,TOTAL,,102,"$31,243","$24,994"
50559,OTHER,,9,"$2,441","$1,953"
,TOTAL,,9,"$2,441","$1,953"
50561,SG,,11,"$3,482","$2,786"
,80'S,,3,$182,$145
,OTHER,,347,"$134,332","$106,735"
,TOTAL,,361,"$137,996","$109,666"
50570,80'S,,2,$114,$91
,OTHER,,67,"$27,785","$22,161"
,TOTAL,,69,"$27,900","$22,253"
50572,OTHER,,59,"$33,122","$26,028"
,TOTAL,,59,"$33,122","$26,028"
50574,80'S,,1,$83,$67
,OTHER,,13,"$6,750","$5,400"
,TOTAL,,14,"$6,833","$5,466"
50575,80'S,,1,$54,$43
,OTHER,,295,"$195,956","$154,064"
,TOTAL,,296,"$196,010","$154,107"
50576,80'S,,1,$81,$65
,OTHER,,38,"$20,087","$16,070"
,TOTAL,,39,"$20,168","$16,134"
50580,SG,,1,$156,$125
,80'S,,2,$137,$110
,OTHER,,62,"$29,767","$23,192"
,TOTAL,,65,"$30,060","$23,426"
50590,SG,,4,"$5,258","$4,206"
,OTHER,,"44,689","$23,761,940","$18,772,227"
,TOTAL,,"44,693","$23,767,198","$18,776,433"
50600,80'S,,29,"$3,420","$2,736"
,OTHER,,102,"$82,069","$65,526"
,TOTAL,,131,"$85,490","$68,263"
50605,80'S,,156,"$14,392","$11,375"
,OTHER,,880,"$511,910","$404,162"
,TOTAL,,"1,036","$526,301","$415,537"
50610,80'S,,44,"$5,799","$4,640"
,OTHER,,142,"$99,401","$79,208"
,TOTAL,,186,"$105,201","$83,847"
50620,80'S,,26,"$3,366","$2,693"
,OTHER,,66,"$50,160","$39,761"
,TOTAL,,92,"$53,526","$42,453"
50630,80'S,,42,"$5,188","$4,150"
,OTHER,,135,"$82,788","$66,230"
,TOTAL,,177,"$87,975","$70,380"
50650,80'S,,214,"$25,003","$19,823"
,OTHER,,627,"$323,752","$257,386"
,TOTAL,,841,"$348,755","$277,209"
50660,80'S,,22,"$3,163","$2,530"
,OTHER,,44,"$40,312","$32,250"
,TOTAL,,66,"$43,475","$34,780"
50684,SG,,209,"$34,256","$27,404"
,OTHER,,"1,834","$69,680","$55,092"
,TOTAL,,"2,043","$103,936","$82,496"
50686,OTHER,,23,"$1,277","$1,022"
,TOTAL,,23,"$1,277","$1,022"
50688,SG,,9,"$2,617","$2,094"
,OTHER,,"1,255","$121,010","$95,439"
,TOTAL,,"1,264","$123,627","$97,532"
50690,SG,,29,"$9,103","$7,283"
,OTHER,,"3,438","$485,648","$383,749"
,TOTAL,,"3,467","$494,751","$391,032"
50700,80'S,,18,"$2,008","$1,607"
,OTHER,,168,"$136,741","$108,994"
,TOTAL,,186,"$138,749","$110,601"
50715,80'S,,426,"$75,860","$59,553"
,OTHER,,"1,816","$1,774,983","$1,405,233"
,TOTAL,,"2,242","$1,850,844","$1,464,786"
50722,80'S,,13,"$1,808","$1,446"
,OTHER,,35,"$29,969","$23,975"
,TOTAL,,48,"$31,777","$25,421"
50725,80'S,,3,$448,$359
,OTHER,,17,"$14,821","$11,856"
,TOTAL,,20,"$15,269","$12,215"
50727,80'S,,23,"$1,622","$1,298"
,OTHER,,157,"$74,521","$59,282"
,TOTAL,,180,"$76,144","$60,580"
50728,80'S,,20,"$2,110","$1,688"
,OTHER,,89,"$55,470","$43,751"
,TOTAL,,109,"$57,580","$45,439"
50740,80'S,,14,"$2,277","$1,757"
,OTHER,,64,"$62,277","$48,042"
,TOTAL,,78,"$64,554","$49,798"
50750,OTHER,,8,"$7,686","$5,607"
,TOTAL,,8,"$7,686","$5,607"
50760,80'S,,125,"$18,114","$14,297"
,OTHER,,609,"$418,286","$331,522"
,TOTAL,,734,"$436,400","$345,818"
50770,80'S,,17,"$2,754","$2,203"
,OTHER,,37,"$37,064","$29,652"
,TOTAL,,54,"$39,818","$31,855"
50780,80'S,,232,"$37,194","$29,398"
,OTHER,,"1,027","$1,025,329","$806,800"
,TOTAL,,"1,259","$1,062,524","$836,198"
50782,80'S,,2,$500,$400
,OTHER,,13,"$7,581","$6,057"
,TOTAL,,15,"$8,081","$6,457"
50783,80'S,,9,"$1,583","$1,266"
,OTHER,,15,"$16,528","$13,171"
,TOTAL,,24,"$18,111","$14,438"
50785,80'S,,130,"$22,768","$18,059"
,OTHER,,363,"$383,386","$300,757"
,TOTAL,,493,"$406,155","$318,816"
50800,80'S,,49,"$6,128","$4,902"
,OTHER,,138,"$113,675","$89,652"
,TOTAL,,187,"$119,803","$94,555"
50810,80'S,,5,$897,$717
,OTHER,,26,"$29,372","$23,498"
,TOTAL,,31,"$30,269","$24,215"
50815,80'S,,30,"$5,412","$4,330"
,OTHER,,79,"$87,050","$67,569"
,TOTAL,,109,"$92,463","$71,899"
50820,80'S,,368,"$72,051","$57,415"
,OTHER,,899,"$1,077,105","$855,248"
,TOTAL,,"1,267","$1,149,156","$912,662"
50825,80'S,,41,"$9,152","$7,220"
,OTHER,,174,"$262,799","$207,561"
,TOTAL,,215,"$271,951","$214,781"
50830,80'S,,18,"$4,842","$3,874"
,OTHER,,60,"$90,788","$72,550"
,TOTAL,,78,"$95,630","$76,424"
50840,80'S,,15,"$2,381","$1,904"
,OTHER,,41,"$42,023","$33,538"
,TOTAL,,56,"$44,404","$35,443"
50845,80'S,,8,"$1,058",$846
,OTHER,,57,"$50,855","$40,306"
,TOTAL,,65,"$51,913","$41,152"
50860,80'S,,10,"$1,298","$1,038"
,OTHER,,63,"$45,374","$36,219"
,TOTAL,,73,"$46,672","$37,257"
50900,80'S,,29,"$2,606","$2,085"
,OTHER,,135,"$83,769","$66,629"
,TOTAL,,164,"$86,375","$68,714"
50920,80'S,,3,$254,$203
,OTHER,,12,"$9,552","$7,641"
,TOTAL,,15,"$9,806","$7,845"
50930,OTHER,,12,"$9,393","$7,133"
,TOTAL,,12,"$9,393","$7,133"
50940,80'S,,2,$128,$103
,OTHER,,10,"$6,385","$5,108"
,TOTAL,,12,"$6,514","$5,211"
50945,80'S,,3,$438,$350
,OTHER,,7,"$4,949","$3,959"
,TOTAL,,10,"$5,387","$4,310"
50947,80'S,,4,$846,$677
,OTHER,,20,"$23,380","$18,704"
,TOTAL,,24,"$24,226","$19,381"
50948,OTHER,,3,"$2,587","$2,069"
,TOTAL,,3,"$2,587","$2,069"
50949,80'S,,3,$356,$285
,OTHER,,34,"$26,105","$20,255"
,TOTAL,,37,"$26,461","$20,540"
50951,SG,,81,"$17,473","$13,721"
,OTHER,,171,"$41,241","$32,768"
,TOTAL,,252,"$58,714","$46,489"
50953,SG,,3,$797,$638
,80'S,,1,$24,$19
,OTHER,,144,"$41,950","$33,276"
,TOTAL,,148,"$42,771","$33,933"
50955,SG,,4,"$1,311","$1,049"
,OTHER,,50,"$16,550","$13,240"
,TOTAL,,54,"$17,861","$14,289"
50957,SG,,1,$167,$133
,OTHER,,28,"$8,305","$6,602"
,TOTAL,,29,"$8,472","$6,735"
50959,OTHER,,2,$427,$342
,TOTAL,,2,$427,$342
50961,SG,,1,$312,$250
,OTHER,,141,"$39,822","$31,515"
,TOTAL,,142,"$40,134","$31,764"
50970,80'S,,2,$55,$44
,OTHER,,32,"$8,046","$6,435"
,TOTAL,,34,"$8,101","$6,479"
50972,OTHER,,88,"$26,347","$21,077"
,TOTAL,,88,"$26,347","$21,077"
50974,OTHER,,11,"$4,901","$3,921"
,TOTAL,,11,"$4,901","$3,921"
50976,SG,,2,$648,$519
,OTHER,,17,"$7,352","$5,804"
,TOTAL,,19,"$8,000","$6,322"
50980,OTHER,,73,"$22,285","$17,686"
,TOTAL,,73,"$22,285","$17,686"
51000,OTHER,,181,"$8,797","$6,470"
,TOTAL,,181,"$8,797","$6,470"
51005,SG,,1,$171,$137
,OTHER,,656,"$44,689","$34,224"
,TOTAL,,657,"$44,860","$34,361"
51010,SG,,223,"$59,162","$46,446"
,OTHER,,"15,326","$2,786,007","$2,202,407"
,TOTAL,,"15,549","$2,845,169","$2,248,853"
51020,SG,,10,"$5,503","$4,402"
,80'S,,17,$874,$671
,OTHER,,156,"$57,451","$45,801"
,TOTAL,,183,"$63,828","$50,874"
51030,OTHER,,18,"$4,829","$3,863"
,TOTAL,,18,"$4,829","$3,863"
51040,SG,,178,"$106,361","$84,699"
,80'S,,493,"$16,974","$13,513"
,OTHER,,"7,175","$1,956,223","$1,551,925"
,TOTAL,,"7,846","$2,079,558","$1,650,137"
51045,SG,,15,"$9,185","$7,348"
,80'S,,79,"$3,656","$2,922"
,OTHER,,929,"$328,852","$260,342"
,TOTAL,,"1,023","$341,693","$270,612"
51050,80'S,,174,"$10,565","$8,390"
,OTHER,,"1,223","$449,044","$357,257"
,TOTAL,,"1,397","$459,609","$365,647"
51060,80'S,,7,$499,$399
,OTHER,,24,"$10,303","$7,932"
,TOTAL,,31,"$10,802","$8,331"
51065,OTHER,,126,"$60,879","$48,638"
,TOTAL,,126,"$60,879","$48,638"
51080,80'S,,13,$604,$483
,OTHER,,99,"$34,707","$27,686"
,TOTAL,,112,"$35,311","$28,169"
51500,SG,,1,$601,$481
,80'S,,9,$591,$473
,OTHER,,76,"$33,457","$26,757"
,TOTAL,,86,"$34,650","$27,711"
51520,80'S,,16,$845,$676
,OTHER,,62,"$29,366","$23,332"
,TOTAL,,78,"$30,211","$24,007"
51525,80'S,,150,"$15,759","$12,514"
,OTHER,,347,"$228,141","$181,062"
,TOTAL,,497,"$243,899","$193,576"
51530,80'S,,53,"$4,858","$3,887"
,OTHER,,181,"$105,308","$84,174"
,TOTAL,,234,"$110,166","$88,060"
51535,80'S,,9,$789,$631
,OTHER,,63,"$43,627","$34,145"
,TOTAL,,72,"$44,416","$34,776"
51550,80'S,,370,"$47,040","$37,509"
,OTHER,,"1,026","$755,624","$601,905"
,TOTAL,,"1,396","$802,663","$639,413"
51555,80'S,,202,"$36,812","$29,231"
,OTHER,,557,"$613,818","$487,586"
,TOTAL,,759,"$650,630","$516,817"
51565,80'S,,54,"$10,321","$8,257"
,OTHER,,127,"$148,694","$118,795"
,TOTAL,,181,"$159,015","$127,052"
51570,80'S,,77,"$16,397","$12,925"
,OTHER,,163,"$200,339","$158,326"
,TOTAL,,240,"$216,736","$171,251"
51575,80'S,,111,"$29,780","$23,631"
,OTHER,,227,"$378,465","$297,562"
,TOTAL,,338,"$408,245","$321,192"
51580,80'S,,10,"$2,748","$2,198"
,OTHER,,22,"$36,120","$28,896"
,TOTAL,,32,"$38,867","$31,094"
51585,80'S,,24,"$7,425","$5,940"
,OTHER,,34,"$63,135","$50,508"
,TOTAL,,58,"$70,561","$56,448"
51590,80'S,,585,"$166,510","$132,045"
,OTHER,,"1,152","$1,947,355","$1,550,751"
,TOTAL,,"1,737","$2,113,864","$1,682,796"
51595,80'S,,"1,291","$416,036","$330,436"
,OTHER,,"2,681","$5,237,590","$4,160,231"
,TOTAL,,"3,972","$5,653,626","$4,490,667"
51596,80'S,,254,"$87,155","$69,283"
,OTHER,,684,"$1,456,595","$1,158,071"
,TOTAL,,938,"$1,543,750","$1,227,354"
51597,80'S,,202,"$67,956","$54,257"
,OTHER,,513,"$1,033,463","$824,090"
,TOTAL,,715,"$1,101,419","$878,347"
51600,SG,,"1,028","$247,322","$194,590"
,OTHER,,"32,317","$2,179,159","$1,707,032"
,TOTAL,,"33,345","$2,426,481","$1,901,621"
51605,SG,,19,"$3,222","$2,577"
,OTHER,,181,"$11,093","$8,783"
,TOTAL,,200,"$14,315","$11,360"
51610,SG,,147,"$31,400","$24,951"
,OTHER,,"5,950","$817,161","$645,221"
,TOTAL,,"6,097","$848,562","$670,172"
51700,OTHER,,"82,535","$5,511,358","$4,234,087"
,TOTAL,,"82,535","$5,511,358","$4,234,087"
51705,OTHER,,"48,622","$4,946,500","$3,773,971"
,TOTAL,,"48,622","$4,946,500","$3,773,971"
51710,SG,,77,"$19,845","$15,602"
,OTHER,,"5,718","$1,097,572","$855,145"
,TOTAL,,"5,795","$1,117,417","$870,746"
51715,80'S,,4,$87,$70
,OTHER,,"14,890","$3,099,760","$2,424,227"
,TOTAL,,"14,894","$3,099,848","$2,424,297"
51720,OTHER,,"199,897","$25,973,258","$20,352,911"
,TOTAL,,"199,897","$25,973,258","$20,352,911"
51725,SG,,731,"$130,914","$103,854"
,80'S,,2,$59,$47
,OTHER,,"19,843","$3,695,157","$2,910,297"
,TOTAL,,"20,576","$3,826,130","$3,014,198"
51726,SG,,"9,679","$2,297,338","$1,821,033"
,OTHER,,"146,885","$17,529,531","$13,700,731"
,TOTAL,,"156,564","$19,826,869","$15,521,764"
51736,OTHER,,"15,994","$757,990","$581,279"
,TOTAL,,"15,994","$757,990","$581,279"
51741,OTHER,,"368,938","$33,328,655","$25,688,995"
,TOTAL,,"368,938","$33,328,655","$25,688,995"
51772,SG,,"1,269","$238,925","$189,274"
,OTHER,,"34,800","$3,659,793","$2,902,703"
,TOTAL,,"36,069","$3,898,718","$3,091,977"
51784,OTHER,,"122,235","$17,421,243","$13,856,645"
,TOTAL,,"122,235","$17,421,243","$13,856,645"
51785,SG,,"1,899","$328,866","$262,118"
,OTHER,,"16,785","$1,166,058","$924,682"
,TOTAL,,"18,684","$1,494,923","$1,186,800"
51792,OTHER,,"42,354","$3,906,694","$3,118,893"
,TOTAL,,"42,354","$3,906,694","$3,118,893"
51795,OTHER,,"83,918","$10,597,798","$8,374,692"
,TOTAL,,"83,918","$10,597,798","$8,374,692"
51797,OTHER,,"74,794","$12,840,704","$10,187,660"
,TOTAL,,"74,794","$12,840,704","$10,187,660"
51800,80'S,,178,"$21,805","$17,178"
,OTHER,,474,"$347,911","$275,337"
,TOTAL,,652,"$369,716","$292,515"
51820,80'S,,3,$539,$431
,OTHER,,15,"$12,973","$10,379"
,TOTAL,,18,"$13,512","$10,810"
51840,80'S,,"1,544","$136,854","$107,332"
,OTHER,,"4,112","$2,190,592","$1,728,555"
,TOTAL,,"5,656","$2,327,445","$1,835,887"
51841,80'S,,311,"$32,803","$25,892"
,OTHER,,878,"$593,234","$468,957"
,TOTAL,,"1,189","$626,037","$494,849"
51845,80'S,,298,"$25,613","$20,269"
,OTHER,,"1,509","$830,910","$655,969"
,TOTAL,,"1,807","$856,523","$676,237"
51860,80'S,,183,"$15,072","$12,019"
,OTHER,,987,"$548,082","$436,502"
,TOTAL,,"1,170","$563,155","$448,521"
51865,SG,,2,$942,$754
,80'S,,135,"$16,967","$13,554"
,OTHER,,584,"$462,384","$367,327"
,TOTAL,,721,"$480,294","$381,635"
51880,SG,,1,$172,$137
,80'S,,29,"$1,484","$1,180"
,OTHER,,218,"$81,205","$64,471"
,TOTAL,,248,"$82,861","$65,788"
51900,80'S,,35,"$3,661","$2,752"
,OTHER,,104,"$67,138","$53,002"
,TOTAL,,139,"$70,799","$55,754"
51920,80'S,,1,$113,$90
,OTHER,,5,"$2,607","$2,086"
,TOTAL,,6,"$2,720","$2,176"
51925,80'S,,2,$300,$240
,OTHER,,15,"$3,484","$2,787"
,TOTAL,,17,"$3,785","$3,028"
51940,OTHER,,5,"$6,103","$4,882"
,TOTAL,,5,"$6,103","$4,882"
51960,80'S,,57,"$11,975","$9,580"
,OTHER,,192,"$257,489","$204,530"
,TOTAL,,249,"$269,464","$214,110"
51980,80'S,,7,$534,$427
,OTHER,,53,"$30,659","$24,322"
,TOTAL,,60,"$31,194","$24,749"
51990,80'S,,206,"$18,373","$14,490"
,OTHER,,489,"$276,043","$218,520"
,TOTAL,,695,"$294,416","$233,010"
51992,80'S,,124,"$13,660","$10,744"
,OTHER,,458,"$254,459","$200,393"
,TOTAL,,582,"$268,119","$211,137"
52000,SG,,"53,195","$16,582,534","$13,085,835"
,OTHER,,"872,314","$151,793,563","$116,542,032"
,TOTAL,,"925,509","$168,376,098","$129,627,867"
52001,SG,,143,"$53,998","$42,490"
,OTHER,,"7,472","$827,074","$653,362"
,TOTAL,,"7,615","$881,072","$695,852"
52005,SG,,"7,724","$3,024,137","$2,394,357"
,OTHER,,"65,156","$9,055,407","$7,108,553"
,TOTAL,,"72,880","$12,079,545","$9,502,910"
52007,SG,,18,"$7,457","$5,965"
,OTHER,,823,"$106,750","$83,831"
,TOTAL,,841,"$114,207","$89,796"
52010,SG,,9,"$3,767","$3,013"
,OTHER,,136,"$33,076","$26,151"
,TOTAL,,145,"$36,843","$29,164"
52204,SG,,"3,434","$1,387,620","$1,099,840"
,OTHER,,"34,071","$4,641,917","$3,618,627"
,TOTAL,,"37,505","$6,029,537","$4,718,467"
52214,SG,,"1,049","$432,457","$344,091"
,80'S,,1,$34,$27
,OTHER,,"12,416","$2,464,286","$1,942,813"
,TOTAL,,"13,466","$2,896,777","$2,286,931"
52224,SG,,"2,719","$1,095,807","$869,510"
,OTHER,,"23,033","$4,092,817","$3,204,543"
,TOTAL,,"25,752","$5,188,624","$4,074,053"
52234,SG,,"3,847","$1,627,166","$1,290,626"
,OTHER,,"30,795","$6,935,622","$5,458,143"
,TOTAL,,"34,642","$8,562,788","$6,748,769"
52235,SG,,"2,294","$1,124,225","$892,948"
,OTHER,,"33,093","$8,789,419","$6,954,978"
,TOTAL,,"35,387","$9,913,643","$7,847,926"
52240,SG,,"1,039","$511,020","$404,972"
,OTHER,,"25,514","$12,341,857","$9,797,358"
,TOTAL,,"26,553","$12,852,877","$10,202,330"
52250,SG,,25,"$14,690","$11,752"
,OTHER,,322,"$65,013","$51,636"
,TOTAL,,347,"$79,703","$63,388"
52260,SG,,"1,112","$453,446","$357,661"
,OTHER,,"6,121","$1,133,183","$884,378"
,TOTAL,,"7,233","$1,586,630","$1,242,038"
52265,OTHER,,"2,138","$408,780","$321,482"
,TOTAL,,"2,138","$408,780","$321,482"
52270,SG,,87,"$28,161","$22,198"
,OTHER,,588,"$99,815","$78,541"
,TOTAL,,675,"$127,977","$100,739"
52275,SG,,273,"$105,861","$83,932"
,OTHER,,"1,723","$414,419","$327,341"
,TOTAL,,"1,996","$520,280","$411,273"
52276,SG,,"1,404","$670,446","$530,311"
,OTHER,,"14,049","$3,449,117","$2,716,793"
,TOTAL,,"15,453","$4,119,563","$3,247,104"
52277,SG,,10,"$3,697","$2,804"
,OTHER,,138,"$35,242","$27,507"
,TOTAL,,148,"$38,939","$30,311"
52281,SG,,"9,320","$3,800,265","$3,009,950"
,80'S,,2,$16,$13
,OTHER,,"130,027","$57,953,702","$45,728,506"
,TOTAL,,"139,349","$61,753,983","$48,738,469"
52282,OTHER,,"1,345","$421,261","$332,997"
,TOTAL,,"1,345","$421,261","$332,997"
52283,SG,,45,"$13,471","$10,777"
,OTHER,,425,"$54,724","$43,221"
,TOTAL,,470,"$68,195","$53,998"
52285,SG,,647,"$263,848","$209,431"
,OTHER,,"9,484","$3,011,266","$2,370,024"
,TOTAL,,"10,131","$3,275,115","$2,579,455"
52290,SG,,21,"$7,928","$6,342"
,OTHER,,397,"$66,659","$52,468"
,TOTAL,,418,"$74,587","$58,811"
52300,SG,,12,"$3,870","$3,096"
,OTHER,,218,"$43,867","$34,365"
,TOTAL,,230,"$47,737","$37,461"
52301,OTHER,,160,"$12,366","$9,351"
,TOTAL,,160,"$12,366","$9,351"
52305,SG,,17,"$6,578","$5,262"
,OTHER,,332,"$60,530","$47,793"
,TOTAL,,349,"$67,108","$53,056"
52310,SG,,"3,179","$1,351,770","$1,067,696"
,OTHER,,"50,119","$9,797,573","$7,644,966"
,TOTAL,,"53,298","$11,149,343","$8,712,662"
52315,SG,,245,"$104,500","$80,529"
,OTHER,,"3,440","$1,445,715","$1,137,084"
,TOTAL,,"3,685","$1,550,214","$1,217,612"
52317,SG,,335,"$87,387","$69,165"
,OTHER,,"7,012","$2,229,403","$1,764,348"
,TOTAL,,"7,347","$2,316,789","$1,833,512"
52318,SG,,234,"$93,685","$74,183"
,OTHER,,"6,315","$2,501,224","$1,973,284"
,TOTAL,,"6,549","$2,594,910","$2,047,467"
52320,SG,,128,"$88,531","$70,117"
,OTHER,,"1,988","$382,591","$300,786"
,TOTAL,,"2,116","$471,123","$370,903"
52325,SG,,70,"$40,156","$31,965"
,OTHER,,819,"$221,318","$175,036"
,TOTAL,,889,"$261,474","$207,000"
52327,OTHER,,156,"$39,043","$30,308"
,TOTAL,,156,"$39,043","$30,308"
52330,SG,,72,"$30,164","$24,000"
,OTHER,,"2,265","$548,987","$432,429"
,TOTAL,,"2,337","$579,151","$456,429"
52332,SG,,"3,165","$1,200,955","$951,346"
,80'S,,1,$22,$18
,OTHER,,"80,621","$10,169,276","$8,018,904"
,TOTAL,,"83,787","$11,370,253","$8,970,267"
52334,SG,,55,"$25,946","$20,658"
,OTHER,,585,"$113,341","$89,659"
,TOTAL,,640,"$139,287","$110,317"
52341,OTHER,,"1,405","$405,026","$319,289"
,TOTAL,,"1,405","$405,026","$319,289"
52342,OTHER,,353,"$114,903","$90,451"
,TOTAL,,353,"$114,903","$90,451"
52343,OTHER,,21,"$7,630","$5,960"
,TOTAL,,21,"$7,630","$5,960"
52344,OTHER,,"1,558","$604,308","$478,978"
,TOTAL,,"1,558","$604,308","$478,978"
52345,OTHER,,347,"$141,790","$112,382"
,TOTAL,,347,"$141,790","$112,382"
52346,OTHER,,49,"$22,386","$17,710"
,TOTAL,,49,"$22,386","$17,710"
52347,OTHER,,18,"$4,244","$3,315"
,TOTAL,,18,"$4,244","$3,315"
52351,SG,,"1,143","$545,810","$432,882"
,OTHER,,"17,192","$4,784,086","$3,781,536"
,TOTAL,,"18,335","$5,329,896","$4,214,418"
52352,SG,,714,"$423,038","$334,690"
,OTHER,,"13,609","$4,456,313","$3,511,759"
,TOTAL,,"14,323","$4,879,351","$3,846,448"
52353,SG,,824,"$497,460","$391,734"
,OTHER,,"15,540","$5,995,123","$4,739,121"
,TOTAL,,"16,364","$6,492,583","$5,130,855"
52354,SG,,296,"$173,842","$138,867"
,OTHER,,"4,902","$1,731,577","$1,372,809"
,TOTAL,,"5,198","$1,905,418","$1,511,676"
52355,OTHER,,718,"$307,335","$244,561"
,TOTAL,,718,"$307,335","$244,561"
52400,SG,,151,"$72,940","$57,949"
,OTHER,,"1,691","$942,138","$744,437"
,TOTAL,,"1,842","$1,015,078","$802,386"
52450,SG,,330,"$154,984","$122,363"
,OTHER,,"3,102","$1,561,173","$1,233,496"
,TOTAL,,"3,432","$1,716,157","$1,355,859"
52500,SG,,726,"$336,450","$266,017"
,OTHER,,"7,186","$3,849,393","$3,049,791"
,TOTAL,,"7,912","$4,185,843","$3,315,808"
52510,OTHER,,109,"$47,584","$37,989"
,TOTAL,,109,"$47,584","$37,989"
52601,SG,,"1,057","$641,811","$510,249"
,OTHER,,"83,341","$62,600,665","$49,618,418"
,TOTAL,,"84,398","$63,242,476","$50,128,667"
52606,SG,,10,"$3,243","$2,594"
,OTHER,,500,"$243,120","$193,489"
,TOTAL,,510,"$246,363","$196,083"
52612,SG,,24,"$8,826","$7,061"
,OTHER,,522,"$266,966","$211,847"
,TOTAL,,546,"$275,792","$218,908"
52614,SG,,9,"$2,705","$2,164"
,OTHER,,312,"$140,061","$110,764"
,TOTAL,,321,"$142,766","$112,927"
52620,SG,,21,"$5,421","$4,337"
,OTHER,,856,"$387,975","$306,742"
,TOTAL,,877,"$393,397","$311,080"
52630,SG,,83,"$33,457","$26,344"
,OTHER,,"3,899","$1,909,818","$1,519,454"
,TOTAL,,"3,982","$1,943,275","$1,545,797"
52640,SG,,134,"$54,341","$43,140"
,OTHER,,"2,631","$1,113,289","$882,170"
,TOTAL,,"2,765","$1,167,631","$925,310"
52647,OTHER,,"4,864","$7,549,622","$6,001,323"
,TOTAL,,"4,864","$7,549,622","$6,001,323"
52648,OTHER,,"2,563","$1,793,534","$1,420,308"
,TOTAL,,"2,563","$1,793,534","$1,420,308"
52700,SG,,2,$881,$705
,OTHER,,54,"$20,011","$15,904"
,TOTAL,,56,"$20,892","$16,609"
53000,SG,,10,"$2,844","$2,275"
,OTHER,,196,"$24,362","$18,967"
,TOTAL,,206,"$27,206","$21,242"
53010,SG,,10,"$1,867","$1,494"
,OTHER,,390,"$52,388","$41,262"
,TOTAL,,400,"$54,256","$42,756"
53020,SG,,79,"$18,376","$14,473"
,OTHER,,"1,039","$94,088","$72,245"
,TOTAL,,"1,118","$112,465","$86,718"
53025,OTHER,,8,$148,$119
,TOTAL,,8,$148,$119
53040,SG,,1,$443,$355
,OTHER,,101,"$49,229","$38,205"
,TOTAL,,102,"$49,672","$38,559"
53060,OTHER,,23,"$4,583","$3,508"
,TOTAL,,23,"$4,583","$3,508"
53080,OTHER,,9,"$3,835","$2,725"
,TOTAL,,9,"$3,835","$2,725"
53085,OTHER,,79,"$26,026","$20,821"
,TOTAL,,79,"$26,026","$20,821"
53200,SG,,23,"$4,784","$3,828"
,OTHER,,555,"$68,940","$54,631"
,TOTAL,,578,"$73,724","$58,458"
53210,SG,,2,"$1,384","$1,107"
,80'S,,21,"$1,692","$1,354"
,OTHER,,89,"$51,169","$40,882"
,TOTAL,,112,"$54,245","$43,343"
53215,80'S,,88,"$9,684","$7,747"
,OTHER,,259,"$183,725","$146,169"
,TOTAL,,347,"$193,409","$153,915"
53220,SG,,2,$647,$518
,80'S,,1,$38,$31
,OTHER,,165,"$67,094","$53,403"
,TOTAL,,168,"$67,780","$53,952"
53230,SG,,6,"$2,354","$1,883"
,80'S,,24,"$2,028","$1,543"
,OTHER,,211,"$109,904","$86,712"
,TOTAL,,241,"$114,287","$90,139"
53235,SG,,5,"$2,404","$1,923"
,80'S,,6,$428,$343
,OTHER,,33,"$15,206","$12,165"
,TOTAL,,44,"$18,038","$14,431"
53240,SG,,1,$415,$332
,OTHER,,23,"$9,161","$7,289"
,TOTAL,,24,"$9,576","$7,621"
53250,SG,,1,$428,$342
,OTHER,,5,"$1,482","$1,186"
,TOTAL,,6,"$1,910","$1,528"
53260,SG,,22,"$8,248","$6,598"
,OTHER,,352,"$70,871","$55,962"
,TOTAL,,374,"$79,119","$62,560"
53265,SG,,95,"$36,714","$28,973"
,OTHER,,"1,122","$226,059","$178,915"
,TOTAL,,"1,217","$262,773","$207,887"
53270,OTHER,,21,"$3,806","$2,829"
,TOTAL,,21,"$3,806","$2,829"
53275,SG,,23,"$9,544","$7,353"
,OTHER,,342,"$92,363","$73,343"
,TOTAL,,365,"$101,907","$80,696"
53400,SG,,7,"$3,104","$2,403"
,80'S,,23,"$2,982","$2,385"
,OTHER,,169,"$124,564","$99,485"
,TOTAL,,199,"$130,650","$104,274"
53405,SG,,1,$413,$331
,80'S,,4,$520,$416
,OTHER,,16,"$13,336","$10,669"
,TOTAL,,21,"$14,270","$11,416"
53410,SG,,3,"$1,350","$1,080"
,80'S,,33,"$4,858","$3,886"
,OTHER,,222,"$203,099","$159,790"
,TOTAL,,258,"$209,306","$164,755"
53415,80'S,,23,"$3,854","$2,866"
,OTHER,,130,"$136,293","$108,244"
,TOTAL,,153,"$140,147","$111,110"
53420,OTHER,,27,"$13,464","$10,669"
,TOTAL,,27,"$13,464","$10,669"
53425,OTHER,,7,"$6,773","$5,419"
,TOTAL,,7,"$6,773","$5,419"
53430,SG,,4,"$1,569","$1,255"
,80'S,,83,"$13,659","$10,667"
,OTHER,,227,"$213,776","$167,607"
,TOTAL,,314,"$229,004","$179,529"
53431,SG,,1,$429,$343
,80'S,,31,"$2,671","$2,101"
,OTHER,,44,"$28,915","$23,052"
,TOTAL,,76,"$32,015","$25,496"
53440,SG,,4,"$1,731","$1,141"
,80'S,,197,"$23,767","$18,865"
,OTHER,,774,"$554,767","$439,487"
,TOTAL,,975,"$580,265","$459,493"
53442,SG,,6,"$1,638","$1,310"
,80'S,,8,$636,$509
,OTHER,,63,"$29,676","$23,741"
,TOTAL,,77,"$31,951","$25,560"
53443,80'S,,2,$190,$152
,OTHER,,3,"$2,344","$1,875"
,TOTAL,,5,"$2,535","$2,028"
53444,80'S,,13,"$1,475","$1,180"
,OTHER,,79,"$51,626","$41,020"
,TOTAL,,92,"$53,101","$42,199"
53445,80'S,,419,"$55,552","$43,578"
,OTHER,,"1,723","$1,392,719","$1,103,147"
,TOTAL,,"2,142","$1,448,272","$1,146,726"
53446,SG,,6,"$1,756","$1,324"
,80'S,,63,"$6,146","$4,910"
,OTHER,,554,"$337,262","$266,146"
,TOTAL,,623,"$345,164","$272,380"
53447,SG,,3,$959,$767
,80'S,,109,"$13,143","$10,498"
,OTHER,,637,"$473,085","$374,548"
,TOTAL,,749,"$487,186","$385,814"
53448,80'S,,4,$811,$649
,OTHER,,48,"$54,543","$43,458"
,TOTAL,,52,"$55,354","$44,107"
53449,SG,,2,$671,$537
,80'S,,23,"$2,123","$1,699"
,OTHER,,343,"$98,701","$78,174"
,TOTAL,,368,"$101,496","$80,410"
53450,SG,,19,"$3,970","$3,120"
,OTHER,,183,"$67,172","$52,382"
,TOTAL,,202,"$71,142","$55,502"
53460,SG,,4,"$1,079",$863
,OTHER,,50,"$20,789","$16,558"
,TOTAL,,54,"$21,868","$17,421"
53502,SG,,2,$658,$527
,OTHER,,39,"$15,130","$12,001"
,TOTAL,,41,"$15,788","$12,528"
53505,80'S,,4,$229,$183
,OTHER,,44,"$15,273","$12,061"
,TOTAL,,48,"$15,502","$12,244"
53510,80'S,,2,$152,$122
,OTHER,,27,"$12,313","$9,681"
,TOTAL,,29,"$12,465","$9,803"
53515,80'S,,2,$117,$93
,OTHER,,13,"$8,130","$6,504"
,TOTAL,,15,"$8,247","$6,597"
53520,OTHER,,51,"$24,620","$19,626"
,TOTAL,,51,"$24,620","$19,626"
53600,OTHER,,"13,305","$1,011,170","$754,550"
,TOTAL,,"13,305","$1,011,170","$754,550"
53601,OTHER,,"21,997","$1,717,021","$1,257,619"
,TOTAL,,"21,997","$1,717,021","$1,257,619"
53605,SG,,28,"$10,612","$8,348"
,OTHER,,632,"$31,950","$24,630"
,TOTAL,,660,"$42,561","$32,978"
53620,OTHER,,"11,672","$1,235,049","$948,827"
,TOTAL,,"11,672","$1,235,049","$948,827"
53621,OTHER,,"8,227","$936,321","$696,228"
,TOTAL,,"8,227","$936,321","$696,228"
53660,OTHER,,"31,186","$2,062,606","$1,532,603"
,TOTAL,,"31,186","$2,062,606","$1,532,603"
53661,OTHER,,"56,221","$3,802,541","$2,776,042"
,TOTAL,,"56,221","$3,802,541","$2,776,042"
53665,SG,,8,"$2,224","$1,779"
,OTHER,,335,"$11,446","$8,394"
,TOTAL,,343,"$13,670","$10,173"
53670,OTHER,,"220,898","$14,210,445","$10,806,752"
,TOTAL,,"220,898","$14,210,445","$10,806,752"
53675,OTHER,,"45,241","$4,907,132","$3,825,269"
,TOTAL,,"45,241","$4,907,132","$3,825,269"
53850,OTHER,,"16,938","$53,334,534","$42,281,238"
,TOTAL,,"16,938","$53,334,534","$42,281,238"
53852,OTHER,,"7,935","$22,490,157","$17,854,447"
,TOTAL,,"7,935","$22,490,157","$17,854,447"
53853,OTHER,,580,"$1,146,756","$914,322"
,TOTAL,,580,"$1,146,756","$914,322"
53899,80'S,,42,"$7,590","$6,072"
,OTHER,,932,"$482,257","$385,159"
,TOTAL,,974,"$489,848","$391,231"
54000,OTHER,MALE GENITAL,51,"$6,066","$4,762"
,TOTAL,,51,"$6,066","$4,762"
54001,SG,,78,"$31,761","$25,165"
,OTHER,,"1,928","$344,543","$270,701"
,TOTAL,,"2,006","$376,304","$295,866"
54015,SG,,3,"$1,779","$1,423"
,80'S,,1,$52,$41
,OTHER,,147,"$41,124","$32,788"
,TOTAL,,151,"$42,954","$34,252"
54050,OTHER,,"1,055","$131,024","$98,958"
,TOTAL,,"1,055","$131,024","$98,958"
54055,OTHER,,696,"$154,813","$120,370"
,TOTAL,,696,"$154,813","$120,370"
54056,OTHER,,"2,024","$273,763","$205,584"
,TOTAL,,"2,024","$273,763","$205,584"
54057,SG,,37,"$10,476","$8,381"
,OTHER,,317,"$28,318","$21,576"
,TOTAL,,354,"$38,794","$29,956"
54060,SG,,108,"$29,077","$22,666"
,OTHER,,796,"$133,294","$103,600"
,TOTAL,,904,"$162,371","$126,266"
54065,SG,,50,"$14,193","$11,132"
,OTHER,,906,"$221,616","$172,461"
,TOTAL,,956,"$235,809","$183,593"
54100,SG,,115,"$29,684","$23,488"
,OTHER,,"2,130","$285,165","$220,007"
,TOTAL,,"2,245","$314,849","$243,495"
54105,SG,,24,"$6,281","$5,025"
,OTHER,,290,"$58,223","$45,983"
,TOTAL,,314,"$64,504","$51,007"
54110,SG,,2,$890,$712
,80'S,,1,$106,$85
,OTHER,,60,"$29,171","$23,076"
,TOTAL,,63,"$30,167","$23,873"
54111,80'S,,5,$722,$578
,OTHER,,46,"$35,842","$28,423"
,TOTAL,,51,"$36,564","$29,001"
54112,80'S,,4,$602,$401
,OTHER,,33,"$31,586","$24,564"
,TOTAL,,37,"$32,188","$24,964"
54115,SG,,5,"$1,545","$1,236"
,80'S,,1,$92,$73
,OTHER,,68,"$29,411","$23,338"
,TOTAL,,74,"$31,048","$24,647"
54120,SG,,7,"$2,779","$2,223"
,80'S,,63,"$6,677","$5,342"
,OTHER,,516,"$325,554","$257,561"
,TOTAL,,586,"$335,010","$265,126"
54125,SG,,1,$428,$342
,80'S,,36,"$4,556","$3,441"
,OTHER,,149,"$114,384","$90,265"
,TOTAL,,186,"$119,368","$94,048"
54130,80'S,,1,$185,$148
,OTHER,,10,"$11,267","$8,293"
,TOTAL,,11,"$11,453","$8,442"
54135,OTHER,,3,"$3,975","$3,180"
,TOTAL,,3,"$3,975","$3,180"
54150,OTHER,,9,"$1,095",$876
,TOTAL,,9,"$1,095",$876
54152,SG,,91,"$27,084","$21,540"
,80'S,,1,$28,$23
,OTHER,,333,"$41,472","$32,559"
,TOTAL,,425,"$68,584","$54,122"
54160,OTHER,,37,"$6,039","$4,831"
,TOTAL,,37,"$6,039","$4,831"
54161,SG,,"1,956","$808,912","$637,031"
,OTHER,,"13,855","$2,519,553","$1,962,690"
,TOTAL,,"15,811","$3,328,465","$2,599,722"
54162,SG,,23,"$9,419","$7,450"
,OTHER,,172,"$34,008","$26,734"
,TOTAL,,195,"$43,427","$34,184"
54163,SG,,16,"$6,209","$4,967"
,OTHER,,87,"$16,276","$12,725"
,TOTAL,,103,"$22,485","$17,692"
54164,SG,,4,"$1,700","$1,360"
,OTHER,,53,"$8,174","$6,423"
,TOTAL,,57,"$9,874","$7,783"
54200,OTHER,,"1,830","$228,092","$174,471"
,TOTAL,,"1,830","$228,092","$174,471"
54205,80'S,,1,$43,$34
,OTHER,,11,"$3,248","$2,598"
,TOTAL,,12,"$3,290","$2,632"
54220,SG,,1,$334,$267
,OTHER,,310,"$40,293","$30,374"
,TOTAL,,311,"$40,627","$30,641"
54230,OTHER,,68,"$3,999","$2,906"
,TOTAL,,68,"$3,999","$2,906"
54231,OTHER,,261,"$38,551","$30,069"
,TOTAL,,261,"$38,551","$30,069"
54235,OTHER,,"13,715","$1,140,747","$856,183"
,TOTAL,,"13,715","$1,140,747","$856,183"
54240,OTHER,,"1,406","$117,141","$91,515"
,TOTAL,,"1,406","$117,141","$91,515"
54250,OTHER,,"2,798","$495,982","$389,918"
,TOTAL,,"2,798","$495,982","$389,918"
54300,SG,,15,"$7,302","$5,842"
,80'S,,4,$390,$312
,OTHER,,86,"$50,343","$39,518"
,TOTAL,,105,"$58,035","$45,672"
54304,80'S,,3,$326,$261
,OTHER,,23,"$17,519","$13,907"
,TOTAL,,26,"$17,845","$14,168"
54308,OTHER,,2,"$1,576","$1,261"
,TOTAL,,2,"$1,576","$1,261"
54312,80'S,,1,$143,$115
,OTHER,,1,$895,$716
,TOTAL,,2,"$1,038",$830
54318,OTHER,,1,$749,$600
,TOTAL,,1,$749,$600
54322,80'S,,2,$189,$152
,OTHER,,11,"$7,900","$6,320"
,TOTAL,,13,"$8,089","$6,472"
54324,80'S,,2,$341,$273
,OTHER,,10,"$9,311","$7,449"
,TOTAL,,12,"$9,653","$7,722"
54326,OTHER,,9,"$9,108","$7,286"
,TOTAL,,9,"$9,108","$7,286"
54328,OTHER,,7,"$6,838","$5,470"
,TOTAL,,7,"$6,838","$5,470"
54332,80'S,,1,$188,$151
,OTHER,,2,"$2,182","$1,745"
,TOTAL,,3,"$2,370","$1,896"
54336,OTHER,,1,"$1,539","$1,231"
,TOTAL,,1,"$1,539","$1,231"
54340,OTHER,,4,"$2,698","$2,158"
,TOTAL,,4,"$2,698","$2,158"
54344,OTHER,,3,"$2,992","$2,394"
,TOTAL,,3,"$2,992","$2,394"
54348,OTHER,,2,"$1,256","$1,005"
,TOTAL,,2,"$1,256","$1,005"
54352,OTHER,,9,"$12,976","$10,301"
,TOTAL,,9,"$12,976","$10,301"
54360,SG,,19,"$9,322","$7,021"
,80'S,,36,"$2,919","$2,335"
,OTHER,,342,"$207,241","$161,246"
,TOTAL,,397,"$219,483","$170,603"
54380,OTHER,,5,"$4,533","$3,626"
,TOTAL,,5,"$4,533","$3,626"
54385,OTHER,,3,"$2,683","$2,146"
,TOTAL,,3,"$2,683","$2,146"
54390,OTHER,,1,$504,$403
,TOTAL,,1,$504,$403
54400,OTHER,,630,"$352,083","$277,545"
,TOTAL,,630,"$352,083","$277,545"
54401,80'S,,2,$224,$179
,OTHER,,266,"$172,451","$136,954"
,TOTAL,,268,"$172,675","$137,133"
54402,80'S,,4,$415,$252
,OTHER,,23,"$13,246","$10,357"
,TOTAL,,27,"$13,661","$10,609"
54405,80'S,,"1,220","$155,490","$121,840"
,OTHER,,"4,785","$3,690,109","$2,902,523"
,TOTAL,,"6,005","$3,845,599","$3,024,364"
54406,80'S,,79,"$8,203","$6,241"
,OTHER,,688,"$429,571","$337,492"
,TOTAL,,767,"$437,773","$343,733"
54407,80'S,,22,"$2,920","$2,144"
,OTHER,,114,"$90,304","$70,732"
,TOTAL,,136,"$93,224","$72,876"
54408,80'S,,45,"$4,947","$3,800"
,OTHER,,362,"$233,033","$182,042"
,TOTAL,,407,"$237,980","$185,842"
54409,80'S,,1,$136,$109
,OTHER,,3,"$2,349","$1,719"
,TOTAL,,4,"$2,485","$1,828"
54410,80'S,,326,"$42,984","$33,931"
,OTHER,,"1,370","$1,104,141","$870,669"
,TOTAL,,"1,696","$1,147,125","$904,600"
54411,80'S,,39,"$5,669","$4,535"
,OTHER,,171,"$149,662","$118,346"
,TOTAL,,210,"$155,331","$122,882"
54415,80'S,,22,"$1,532","$1,225"
,OTHER,,289,"$128,007","$101,664"
,TOTAL,,311,"$129,538","$102,889"
54416,80'S,,37,"$3,804","$3,043"
,OTHER,,200,"$124,243","$98,658"
,TOTAL,,237,"$128,046","$101,700"
54417,80'S,,8,"$1,569","$1,255"
,OTHER,,30,"$22,797","$18,238"
,TOTAL,,38,"$24,366","$19,493"
54420,SG,,3,"$1,864","$1,491"
,80'S,,1,$112,$90
,OTHER,,8,"$5,212","$4,170"
,TOTAL,,12,"$7,188","$5,751"
54430,80'S,,10,"$1,133",$906
,OTHER,,50,"$33,019","$26,360"
,TOTAL,,60,"$34,152","$27,266"
54435,OTHER,,93,"$39,250","$31,193"
,TOTAL,,93,"$39,250","$31,193"
54440,SG,,1,$617,$494
,80'S,,7,"$1,071",$857
,OTHER,,71,"$56,997","$45,389"
,TOTAL,,79,"$58,685","$46,739"
54450,SG,,29,"$7,558","$5,966"
,OTHER,,"1,864","$116,111","$89,806"
,TOTAL,,"1,893","$123,669","$95,772"
54500,SG,,1,$320,$256
,OTHER,,29,"$4,452","$3,521"
,TOTAL,,30,"$4,772","$3,776"
54505,SG,,11,"$3,331","$2,505"
,OTHER,,97,"$18,349","$14,634"
,TOTAL,,108,"$21,680","$17,139"
54510,SG,,1,$208,$166
,OTHER,,9,"$2,292","$1,739"
,TOTAL,,10,"$2,499","$1,905"
54512,SG,,6,"$1,710","$1,368"
,80'S,,3,$244,$195
,OTHER,,116,"$55,125","$42,909"
,TOTAL,,125,"$57,079","$44,472"
54520,SG,,566,"$282,418","$225,260"
,80'S,,3,$123,$98
,OTHER,,"6,310","$2,047,499","$1,621,589"
,TOTAL,,"6,879","$2,330,041","$1,846,947"
54522,80'S,,2,$166,$132
,OTHER,,62,"$31,966","$25,573"
,TOTAL,,64,"$32,132","$25,705"
54530,SG,,145,"$86,229","$68,023"
,80'S,,86,"$6,985","$5,509"
,OTHER,,"1,544","$792,729","$627,482"
,TOTAL,,"1,775","$885,943","$701,014"
54535,80'S,,7,$739,$511
,OTHER,,51,"$34,387","$27,510"
,TOTAL,,58,"$35,126","$28,021"
54550,SG,,4,"$2,396","$1,917"
,80'S,,4,$257,$206
,OTHER,,60,"$24,925","$19,894"
,TOTAL,,68,"$27,579","$22,017"
54560,80'S,,1,$115,$92
,OTHER,,14,"$8,624","$6,900"
,TOTAL,,15,"$8,740","$6,992"
54600,OTHER,,31,"$11,915","$9,488"
,TOTAL,,31,"$11,915","$9,488"
54620,OTHER,,15,"$2,474","$1,979"
,TOTAL,,15,"$2,474","$1,979"
54640,SG,,12,"$6,996","$5,597"
,80'S,,1,$37,$30
,OTHER,,200,"$73,528","$58,197"
,TOTAL,,213,"$80,561","$63,824"
54650,80'S,,2,$224,$179
,OTHER,,7,"$5,470","$4,349"
,TOTAL,,9,"$5,694","$4,529"
54660,OTHER,,11,"$3,541","$2,833"
,TOTAL,,11,"$3,541","$2,833"
54670,OTHER,,17,"$5,973","$4,698"
,TOTAL,,17,"$5,973","$4,698"
54680,80'S,,1,$119,$95
,OTHER,,37,"$25,895","$20,664"
,TOTAL,,38,"$26,014","$20,760"
54690,80'S,,3,$314,$251
,OTHER,,14,"$9,226","$7,381"
,TOTAL,,17,"$9,540","$7,632"
54699,OTHER,,22,"$14,145","$11,316"
,TOTAL,,22,"$14,145","$11,316"
54700,SG,,41,"$16,112","$12,768"
,OTHER,,"1,491","$374,258","$292,861"
,TOTAL,,"1,532","$390,369","$305,629"
54800,OTHER,,7,"$1,141",$854
,TOTAL,,7,"$1,141",$854
54820,SG,,5,"$1,029",$743
,80'S,,1,$53,$42
,OTHER,,37,"$8,510","$6,808"
,TOTAL,,43,"$9,591","$7,593"
54830,SG,,41,"$18,681","$14,824"
,OTHER,,260,"$72,709","$57,139"
,TOTAL,,301,"$91,391","$71,963"
54840,SG,,322,"$187,769","$147,283"
,OTHER,,"2,034","$544,867","$425,272"
,TOTAL,,"2,356","$732,636","$572,555"
54860,SG,,113,"$49,256","$38,352"
,OTHER,,675,"$245,965","$192,357"
,TOTAL,,788,"$295,221","$230,709"
54861,SG,,12,"$7,213","$5,771"
,OTHER,,96,"$45,424","$36,056"
,TOTAL,,108,"$52,637","$41,827"
54901,OTHER,,1,$974,$732
,TOTAL,,1,$974,$732
55000,OTHER,,"4,031","$480,414","$353,595"
,TOTAL,,"4,031","$480,414","$353,595"
55040,SG,,872,"$401,937","$317,024"
,80'S,,2,$79,$63
,OTHER,,"6,529","$1,870,419","$1,467,835"
,TOTAL,,"7,403","$2,272,436","$1,784,923"
55041,SG,,72,"$48,931","$39,018"
,OTHER,,754,"$320,746","$252,844"
,TOTAL,,826,"$369,677","$291,862"
55060,SG,,141,"$78,026","$62,221"
,80'S,,3,$109,$87
,OTHER,,889,"$273,905","$214,743"
,TOTAL,,"1,033","$352,040","$277,052"
55100,SG,,19,"$5,756","$4,605"
,OTHER,,897,"$212,618","$166,552"
,TOTAL,,916,"$218,373","$171,157"
55110,SG,,32,"$10,581","$8,445"
,OTHER,,661,"$193,424","$152,843"
,TOTAL,,693,"$204,005","$161,288"
55120,SG,,13,"$5,330","$4,264"
,80'S,,1,$48,$38
,OTHER,,116,"$30,514","$24,161"
,TOTAL,,130,"$35,892","$28,464"
55150,SG,,19,"$5,134","$4,108"
,80'S,,19,"$1,174",$939
,OTHER,,457,"$178,485","$140,386"
,TOTAL,,495,"$184,793","$145,433"
55175,SG,,5,$817,$654
,80'S,,1,$60,$48
,OTHER,,108,"$29,556","$23,342"
,TOTAL,,114,"$30,434","$24,044"
55180,SG,,5,"$1,898","$1,518"
,80'S,,4,$358,$287
,OTHER,,104,"$59,258","$47,359"
,TOTAL,,113,"$61,514","$49,164"
55200,OTHER,,13,"$3,213","$2,429"
,TOTAL,,13,"$3,213","$2,429"
55250,OTHER,,170,"$60,667","$45,633"
,TOTAL,,170,"$60,667","$45,633"
55300,OTHER,,8,"$1,186",$949
,TOTAL,,8,"$1,186",$949
55400,SG,,1,$338,$271
,80'S,,1,$80,$64
,OTHER,,8,"$3,496","$2,796"
,TOTAL,,10,"$3,914","$3,131"
55450,OTHER,,1,$139,$111
,TOTAL,,1,$139,$111
55500,SG,,134,"$55,778","$44,175"
,80'S,,5,$191,$153
,OTHER,,658,"$186,360","$145,955"
,TOTAL,,797,"$242,330","$190,283"
55520,SG,,266,"$100,691","$80,369"
,80'S,,85,"$3,040","$2,376"
,OTHER,,"2,001","$410,581","$325,679"
,TOTAL,,"2,352","$514,312","$408,424"
55530,SG,,21,"$12,316","$9,368"
,OTHER,,156,"$51,044","$39,460"
,TOTAL,,177,"$63,361","$48,828"
55535,SG,,3,"$1,707","$1,365"
,80'S,,1,$59,$47
,OTHER,,50,"$19,493","$15,553"
,TOTAL,,54,"$21,259","$16,965"
55540,SG,,6,"$4,092","$3,274"
,80'S,,11,$705,$564
,OTHER,,167,"$67,817","$54,140"
,TOTAL,,184,"$72,614","$57,978"
55550,80'S,,1,$58,$47
,OTHER,,7,"$2,285","$1,828"
,TOTAL,,8,"$2,343","$1,874"
55559,OTHER,,13,"$3,877","$3,057"
,TOTAL,,13,"$3,877","$3,057"
55600,OTHER,,82,"$45,296","$35,944"
,TOTAL,,82,"$45,296","$35,944"
55605,OTHER,,3,$890,$712
,TOTAL,,3,$890,$712
55650,80'S,,39,"$2,342","$1,873"
,OTHER,,64,"$25,217","$19,693"
,TOTAL,,103,"$27,559","$21,567"
55680,OTHER,,3,$615,$492
,TOTAL,,3,$615,$492
55700,SG,,"22,053","$9,341,214","$7,363,622"
,OTHER,,"269,554","$50,531,113","$39,208,291"
,TOTAL,,"291,607","$59,872,327","$46,571,912"
55705,SG,,106,"$42,760","$34,064"
,OTHER,,332,"$94,397","$73,837"
,TOTAL,,438,"$137,157","$107,901"
55720,SG,,1,$338,$271
,OTHER,,23,"$10,017","$8,013"
,TOTAL,,24,"$10,355","$8,284"
55725,OTHER,,5,"$1,985","$1,588"
,TOTAL,,5,"$1,985","$1,588"
55801,80'S,,16,"$2,416","$1,933"
,OTHER,,36,"$33,521","$26,737"
,TOTAL,,52,"$35,938","$28,670"
55810,80'S,,594,"$120,060","$93,960"
,OTHER,,"1,091","$1,307,363","$1,021,711"
,TOTAL,,"1,685","$1,427,423","$1,115,672"
55812,80'S,,10,"$2,396","$1,917"
,OTHER,,20,"$28,342","$21,990"
,TOTAL,,30,"$30,738","$23,906"
55815,80'S,,62,"$16,247","$12,997"
,OTHER,,111,"$183,713","$142,487"
,TOTAL,,173,"$199,960","$155,484"
55821,80'S,,"1,130","$148,714","$117,284"
,OTHER,,"2,158","$1,729,882","$1,371,515"
,TOTAL,,"3,288","$1,878,596","$1,488,799"
55831,80'S,,706,"$101,723","$79,939"
,OTHER,,"1,194","$1,060,213","$835,735"
,TOTAL,,"1,900","$1,161,936","$915,673"
55840,80'S,,"1,452","$261,978","$205,754"
,OTHER,,"2,962","$3,117,549","$2,448,888"
,TOTAL,,"4,414","$3,379,527","$2,654,642"
55842,80'S,,567,"$121,421","$95,123"
,OTHER,,"1,206","$1,504,069","$1,182,472"
,TOTAL,,"1,773","$1,625,490","$1,277,595"
55845,80'S,,"8,636","$2,149,634","$1,692,515"
,OTHER,,"14,834","$22,383,444","$17,625,965"
,TOTAL,,"23,470","$24,533,079","$19,318,481"
55859,80'S,,69,"$8,967","$7,173"
,OTHER,,"24,850","$18,606,249","$14,708,609"
,TOTAL,,"24,919","$18,615,215","$14,715,782"
55860,OTHER,,492,"$425,008","$335,637"
,TOTAL,,492,"$425,008","$335,637"
55862,80'S,,4,$635,$508
,OTHER,,5,"$4,956","$3,965"
,TOTAL,,9,"$5,591","$4,473"
55865,80'S,,2,$392,$313
,OTHER,,29,"$38,509","$30,807"
,TOTAL,,31,"$38,901","$31,120"
55870,OTHER,,35,"$5,333","$4,028"
,TOTAL,,35,"$5,333","$4,028"
55873,OTHER,,"1,398","$1,542,666","$1,220,047"
,TOTAL,,"1,398","$1,542,666","$1,220,047"
55899,80'S,,88,"$21,800","$17,440"
,OTHER,,557,"$502,452","$400,188"
,TOTAL,,645,"$524,252","$417,628"
56405,SG,FEMALE GENITAL,17,"$7,295","$5,836"
,OTHER,,"3,163","$399,529","$301,429"
,TOTAL,,"3,180","$406,824","$307,265"
56420,OTHER,,"1,517","$186,515","$138,362"
,TOTAL,,"1,517","$186,515","$138,362"
56440,SG,,40,"$15,988","$12,790"
,OTHER,,476,"$90,478","$70,924"
,TOTAL,,516,"$106,466","$83,715"
56441,SG,,28,"$8,133","$6,269"
,OTHER,,393,"$45,795","$35,418"
,TOTAL,,421,"$53,928","$41,687"
56501,OTHER,,"3,381","$422,845","$320,903"
,TOTAL,,"3,381","$422,845","$320,903"
56515,SG,,109,"$51,768","$40,584"
,OTHER,,"1,471","$276,486","$216,891"
,TOTAL,,"1,580","$328,254","$257,475"
56605,SG,,230,"$65,568","$51,791"
,OTHER,,"26,253","$2,580,710","$1,948,333"
,TOTAL,,"26,483","$2,646,278","$2,000,124"
56606,OTHER,,"4,397","$270,694","$214,279"
,TOTAL,,"4,397","$270,694","$214,279"
56620,SG,,111,"$77,312","$60,703"
,80'S,,108,"$7,545","$5,884"
,OTHER,,"2,103","$950,360","$749,290"
,TOTAL,,"2,322","$1,035,216","$815,877"
56625,SG,,5,"$4,628","$3,703"
,80'S,,15,"$1,193",$955
,OTHER,,168,"$86,617","$68,836"
,TOTAL,,188,"$92,439","$73,493"
56630,80'S,,61,"$7,006","$5,524"
,OTHER,,653,"$471,313","$374,568"
,TOTAL,,714,"$478,318","$380,092"
56631,80'S,,25,"$4,067","$3,254"
,OTHER,,246,"$243,555","$193,332"
,TOTAL,,271,"$247,622","$196,586"
56632,80'S,,35,"$6,943","$5,555"
,OTHER,,214,"$251,522","$201,205"
,TOTAL,,249,"$258,466","$206,759"
56633,80'S,,25,"$3,904","$3,123"
,OTHER,,198,"$179,511","$142,922"
,TOTAL,,223,"$183,415","$146,045"
56634,80'S,,14,"$2,100","$1,680"
,OTHER,,75,"$77,888","$62,298"
,TOTAL,,89,"$79,987","$63,978"
56637,80'S,,32,"$6,780","$5,424"
,OTHER,,260,"$329,867","$263,512"
,TOTAL,,292,"$336,646","$268,935"
56640,80'S,,8,"$1,650","$1,320"
,OTHER,,30,"$36,555","$29,244"
,TOTAL,,38,"$38,204","$30,563"
56700,SG,,3,$621,$460
,80'S,,2,$40,$32
,OTHER,,66,"$8,070","$6,089"
,TOTAL,,71,"$8,731","$6,581"
56720,SG,,2,$307,$245
,OTHER,,43,"$1,708","$1,311"
,TOTAL,,45,"$2,015","$1,556"
56740,SG,,50,"$24,126","$19,096"
,OTHER,,479,"$127,985","$100,440"
,TOTAL,,529,"$152,111","$119,536"
56800,SG,,10,"$4,450","$3,560"
,80'S,,23,$514,$396
,OTHER,,203,"$35,922","$28,513"
,TOTAL,,236,"$40,886","$32,469"
56805,OTHER,,2,"$2,553","$2,043"
,TOTAL,,2,"$2,553","$2,043"
56810,SG,,26,"$17,603","$12,885"
,80'S,,74,"$2,077","$1,634"
,OTHER,,602,"$109,172","$85,934"
,TOTAL,,702,"$128,852","$100,452"
57000,SG,,6,"$1,137",$875
,80'S,,1,$18,$15
,OTHER,,110,"$16,825","$12,991"
,TOTAL,,117,"$17,980","$13,880"
57010,SG,,1,$417,$334
,80'S,,1,$61,$49
,OTHER,,104,"$33,003","$26,237"
,TOTAL,,106,"$33,481","$26,620"
57020,SG,,4,"$1,265","$1,012"
,OTHER,,95,"$7,756","$6,031"
,TOTAL,,99,"$9,021","$7,043"
57022,OTHER,,6,$560,$448
,TOTAL,,6,$560,$448
57023,OTHER,,65,"$16,236","$12,989"
,TOTAL,,65,"$16,236","$12,989"
57061,OTHER,,"2,044","$232,958","$177,839"
,TOTAL,,"2,044","$232,958","$177,839"
57065,SG,,83,"$23,688","$18,437"
,OTHER,,"1,072","$188,641","$145,555"
,TOTAL,,"1,155","$212,329","$163,992"
57100,OTHER,,"6,602","$602,416","$456,511"
,TOTAL,,"6,602","$602,416","$456,511"
57105,SG,,62,"$24,420","$19,272"
,OTHER,,"1,052","$142,310","$110,082"
,TOTAL,,"1,114","$166,729","$129,354"
57106,80'S,,185,"$6,360","$5,023"
,OTHER,,"1,061","$258,570","$205,537"
,TOTAL,,"1,246","$264,930","$210,559"
57107,80'S,,40,"$6,564","$5,178"
,OTHER,,139,"$152,081","$119,933"
,TOTAL,,179,"$158,645","$125,111"
57109,80'S,,7,"$1,465","$1,172"
,OTHER,,33,"$44,065","$35,252"
,TOTAL,,40,"$45,529","$36,424"
57110,80'S,,135,"$17,369","$13,844"
,OTHER,,495,"$382,662","$305,460"
,TOTAL,,630,"$400,031","$319,304"
57111,80'S,,5,"$1,133",$906
,OTHER,,38,"$49,517","$39,614"
,TOTAL,,43,"$50,650","$40,520"
57112,80'S,,1,$285,$228
,OTHER,,11,"$9,538","$7,630"
,TOTAL,,12,"$9,823","$7,858"
57120,80'S,,612,"$39,673","$31,507"
,OTHER,,"2,045","$794,330","$631,765"
,TOTAL,,"2,657","$834,003","$663,272"
57130,SG,,5,"$1,674","$1,339"
,80'S,,5,$100,$80
,OTHER,,58,"$8,158","$6,343"
,TOTAL,,68,"$9,932","$7,762"
57135,SG,,143,"$56,719","$44,765"
,OTHER,,"1,392","$243,042","$190,194"
,TOTAL,,"1,535","$299,761","$234,959"
57150,80'S,,1,$2,$2
,OTHER,,"16,616","$924,679","$695,881"
,TOTAL,,"16,617","$924,681","$695,883"
57155,OTHER,,"1,941","$710,669","$566,702"
,TOTAL,,"1,941","$710,669","$566,702"
57160,OTHER,,"104,522","$7,333,691","$5,426,570"
,TOTAL,,"104,522","$7,333,691","$5,426,570"
57170,OTHER,,249,"$18,811","$13,743"
,TOTAL,,249,"$18,811","$13,743"
57180,OTHER,,441,"$50,277","$39,291"
,TOTAL,,441,"$50,277","$39,291"
57200,SG,,7,"$1,493","$1,195"
,80'S,,40,"$1,238",$991
,OTHER,,332,"$66,456","$52,367"
,TOTAL,,379,"$69,188","$54,552"
57210,SG,,4,"$1,520","$1,216"
,80'S,,56,"$1,772","$1,377"
,OTHER,,411,"$84,070","$66,362"
,TOTAL,,471,"$87,361","$68,955"
57220,SG,,1,$467,$374
,80'S,,63,"$1,618","$1,295"
,OTHER,,312,"$49,141","$39,016"
,TOTAL,,376,"$51,226","$40,685"
57230,SG,,1,$476,$380
,80'S,,4,$149,$78
,OTHER,,33,"$8,641","$6,763"
,TOTAL,,38,"$9,266","$7,221"
57240,SG,,73,"$50,565","$39,857"
,80'S,,"4,089","$171,587","$135,649"
,OTHER,,"13,408","$3,400,725","$2,688,049"
,TOTAL,,"17,570","$3,622,877","$2,863,555"
57250,SG,,55,"$37,690","$29,834"
,80'S,,"3,337","$135,200","$106,405"
,OTHER,,"9,961","$2,496,196","$1,970,156"
,TOTAL,,"13,353","$2,669,086","$2,106,395"
57260,SG,,35,"$24,581","$18,699"
,80'S,,"7,515","$410,388","$323,940"
,OTHER,,"18,735","$6,176,960","$4,887,896"
,TOTAL,,"26,285","$6,611,929","$5,230,535"
57265,SG,,15,"$13,663","$10,930"
,80'S,,"2,728","$243,937","$192,504"
,OTHER,,"7,007","$3,825,163","$3,028,022"
,TOTAL,,"9,750","$4,082,763","$3,231,456"
57268,SG,,8,"$3,378","$2,702"
,80'S,,578,"$34,008","$26,891"
,OTHER,,"1,563","$571,791","$452,307"
,TOTAL,,"2,149","$609,176","$481,900"
57270,80'S,,344,"$27,142","$21,161"
,OTHER,,865,"$402,956","$316,847"
,TOTAL,,"1,209","$430,098","$338,008"
57280,80'S,,"1,691","$220,688","$174,402"
,OTHER,,"4,147","$3,294,956","$2,605,254"
,TOTAL,,"5,838","$3,515,644","$2,779,656"
57282,80'S,,"3,120","$185,589","$146,769"
,OTHER,,"8,195","$2,933,021","$2,326,238"
,TOTAL,,"11,315","$3,118,610","$2,473,008"
57284,80'S,,"1,087","$99,441","$78,244"
,OTHER,,"2,888","$1,652,116","$1,304,491"
,TOTAL,,"3,975","$1,751,557","$1,382,734"
57287,80'S,,140,"$13,408","$10,556"
,OTHER,,"1,152","$682,608","$539,663"
,TOTAL,,"1,292","$696,016","$550,219"
57288,80'S,,"7,239","$818,516","$645,532"
,OTHER,,"32,381","$22,905,685","$18,072,152"
,TOTAL,,"39,620","$23,724,200","$18,717,684"
57289,80'S,,60,"$5,727","$4,520"
,OTHER,,171,"$99,226","$78,920"
,TOTAL,,231,"$104,953","$83,440"
57291,80'S,,2,$83,$67
,OTHER,,16,"$4,988","$3,990"
,TOTAL,,18,"$5,071","$4,057"
57292,80'S,,6,$714,$571
,OTHER,,31,"$17,965","$14,372"
,TOTAL,,37,"$18,679","$14,943"
57300,SG,,5,"$2,470","$1,976"
,80'S,,37,"$2,233","$1,786"
,OTHER,,229,"$85,556","$68,135"
,TOTAL,,271,"$90,259","$71,897"
57305,80'S,,103,"$7,805","$6,244"
,OTHER,,314,"$139,294","$111,390"
,TOTAL,,417,"$147,099","$117,634"
57307,80'S,,8,$872,$698
,OTHER,,50,"$31,857","$25,486"
,TOTAL,,58,"$32,729","$26,183"
57308,80'S,,19,"$1,580","$1,264"
,OTHER,,73,"$36,090","$28,806"
,TOTAL,,92,"$37,670","$30,070"
57310,SG,,2,$975,$780
,80'S,,9,$514,$412
,OTHER,,49,"$16,474","$12,951"
,TOTAL,,60,"$17,963","$14,143"
57311,80'S,,4,$288,$231
,OTHER,,10,"$4,084","$3,267"
,TOTAL,,14,"$4,372","$3,498"
57320,SG,,1,$488,$391
,80'S,,16,"$1,202",$962
,OTHER,,89,"$39,347","$31,284"
,TOTAL,,106,"$41,037","$32,636"
57330,80'S,,6,$630,$504
,OTHER,,23,"$15,143","$12,114"
,TOTAL,,29,"$15,773","$12,619"
57335,OTHER,,11,"$11,444","$9,155"
,TOTAL,,11,"$11,444","$9,155"
57400,SG,,11,"$4,283","$3,426"
,OTHER,,126,"$12,903","$10,189"
,TOTAL,,137,"$17,186","$13,615"
57410,SG,,349,"$122,161","$96,942"
,OTHER,,"6,531","$553,984","$428,293"
,TOTAL,,"6,880","$676,145","$525,235"
57415,80'S,,3,$44,$36
,OTHER,,431,"$68,216","$52,681"
,TOTAL,,434,"$68,261","$52,716"
57452,OTHER,,"19,100","$1,713,892","$1,256,989"
,TOTAL,,"19,100","$1,713,892","$1,256,989"
57454,OTHER,,"34,396","$3,788,260","$2,807,824"
,TOTAL,,"34,396","$3,788,260","$2,807,824"
57460,OTHER,,"2,308","$374,021","$286,248"
,TOTAL,,"2,308","$374,021","$286,248"
57500,OTHER,,"11,830","$1,245,913","$929,109"
,TOTAL,,"11,830","$1,245,913","$929,109"
57505,OTHER,,"4,876","$504,015","$382,589"
,TOTAL,,"4,876","$504,015","$382,589"
57510,OTHER,,804,"$131,675","$101,844"
,TOTAL,,804,"$131,675","$101,844"
57511,OTHER,,"3,384","$513,904","$389,696"
,TOTAL,,"3,384","$513,904","$389,696"
57513,SG,,46,"$18,680","$14,763"
,OTHER,,372,"$45,971","$35,687"
,TOTAL,,418,"$64,650","$50,450"
57520,SG,,278,"$111,111","$88,489"
,OTHER,,"3,217","$803,729","$630,997"
,TOTAL,,"3,495","$914,840","$719,486"
57522,SG,,273,"$112,136","$88,117"
,OTHER,,"3,030","$715,503","$556,579"
,TOTAL,,"3,303","$827,639","$644,696"
57530,SG,,2,"$1,001",$801
,80'S,,41,"$1,203",$962
,OTHER,,176,"$32,375","$25,873"
,TOTAL,,219,"$34,579","$27,635"
57531,80'S,,5,"$1,276","$1,021"
,OTHER,,16,"$24,878","$19,055"
,TOTAL,,21,"$26,154","$20,075"
57540,80'S,,6,$598,$478
,OTHER,,34,"$19,411","$15,529"
,TOTAL,,40,"$20,008","$16,007"
57545,80'S,,1,$97,$78
,OTHER,,9,"$4,386","$3,509"
,TOTAL,,10,"$4,484","$3,587"
57550,80'S,,4,$173,$139
,OTHER,,48,"$13,302","$10,461"
,TOTAL,,52,"$13,475","$10,600"
57555,80'S,,23,"$1,799","$1,386"
,OTHER,,70,"$31,562","$24,775"
,TOTAL,,93,"$33,361","$26,160"
57556,80'S,,73,"$4,726","$3,781"
,OTHER,,195,"$72,901","$57,844"
,TOTAL,,268,"$77,627","$61,625"
57700,SG,,2,$480,$384
,OTHER,,13,"$2,611","$1,939"
,TOTAL,,15,"$3,090","$2,323"
57720,SG,,4,"$1,492","$1,194"
,80'S,,5,$122,$98
,OTHER,,49,"$9,987","$7,964"
,TOTAL,,58,"$11,602","$9,256"
57800,SG,,13,"$4,261","$3,409"
,OTHER,,882,"$57,209","$42,748"
,TOTAL,,895,"$61,470","$46,157"
57820,SG,,22,"$10,411","$7,724"
,OTHER,,175,"$20,341","$15,773"
,TOTAL,,197,"$30,752","$23,497"
58100,OTHER,,"103,257","$11,073,643","$8,323,985"
,TOTAL,,"103,257","$11,073,643","$8,323,985"
58120,SG,,"2,144","$898,162","$709,356"
,OTHER,,"25,233","$5,504,628","$4,334,807"
,TOTAL,,"27,377","$6,402,789","$5,044,163"
58140,80'S,,131,"$15,913","$12,446"
,OTHER,,381,"$274,825","$214,828"
,TOTAL,,512,"$290,739","$227,274"
58145,SG,,20,"$13,673","$10,522"
,80'S,,8,$456,$365
,OTHER,,191,"$92,569","$72,413"
,TOTAL,,219,"$106,698","$83,300"
58150,80'S,,"12,157","$1,659,063","$1,307,983"
,OTHER,,"28,006","$23,217,139","$18,315,639"
,TOTAL,,"40,163","$24,876,202","$19,623,622"
58152,80'S,,720,"$127,916","$100,294"
,OTHER,,"1,694","$1,718,728","$1,348,007"
,TOTAL,,"2,414","$1,846,644","$1,448,301"
58180,80'S,,394,"$54,080","$42,740"
,OTHER,,"1,088","$908,346","$717,176"
,TOTAL,,"1,482","$962,426","$759,916"
58200,80'S,,702,"$140,991","$112,119"
,OTHER,,"3,011","$3,646,739","$2,905,884"
,TOTAL,,"3,713","$3,787,730","$3,018,003"
58210,80'S,,680,"$180,833","$144,295"
,OTHER,,"3,227","$5,064,595","$4,028,695"
,TOTAL,,"3,907","$5,245,427","$4,172,990"
58240,80'S,,104,"$36,832","$29,231"
,OTHER,,258,"$539,414","$429,880"
,TOTAL,,362,"$576,246","$459,111"
58260,80'S,,"4,967","$579,481","$455,666"
,OTHER,,"10,443","$7,408,114","$5,844,150"
,TOTAL,,"15,410","$7,987,595","$6,299,815"
58262,80'S,,"2,208","$290,241","$228,267"
,OTHER,,"4,899","$3,951,815","$3,122,553"
,TOTAL,,"7,107","$4,242,056","$3,350,820"
58263,80'S,,643,"$94,111","$74,152"
,OTHER,,"1,647","$1,469,101","$1,162,630"
,TOTAL,,"2,290","$1,563,213","$1,236,782"
58267,80'S,,220,"$34,353","$27,430"
,OTHER,,492,"$456,553","$362,916"
,TOTAL,,712,"$490,906","$390,346"
58270,80'S,,603,"$77,337","$60,827"
,OTHER,,"1,327","$1,059,938","$839,513"
,TOTAL,,"1,930","$1,137,275","$900,339"
58275,80'S,,66,"$9,561","$7,486"
,OTHER,,189,"$163,093","$128,639"
,TOTAL,,255,"$172,654","$136,125"
58280,80'S,,77,"$12,352","$9,737"
,OTHER,,228,"$218,905","$173,010"
,TOTAL,,305,"$231,257","$182,748"
58285,80'S,,11,"$2,052","$1,642"
,OTHER,,26,"$30,642","$24,501"
,TOTAL,,37,"$32,694","$26,142"
58301,OTHER,,331,"$28,758","$21,176"
,TOTAL,,331,"$28,758","$21,176"
58321,OTHER,,10,$514,$411
,TOTAL,,10,$514,$411
58322,OTHER,,102,"$7,912","$5,785"
,TOTAL,,102,"$7,912","$5,785"
58323,OTHER,,54,$764,$589
,TOTAL,,54,$764,$589
58340,OTHER,,"6,646","$1,860,714","$1,448,743"
,TOTAL,,"6,646","$1,860,714","$1,448,743"
58345,OTHER,,13,"$2,739","$2,191"
,TOTAL,,13,"$2,739","$2,191"
58346,OTHER,,18,"$7,132","$5,706"
,TOTAL,,18,"$7,132","$5,706"
58350,OTHER,,109,"$5,151","$3,907"
,TOTAL,,109,"$5,151","$3,907"
58353,SG,,37,"$22,117","$15,568"
,80'S,,5,$155,$124
,OTHER,,318,"$63,614","$49,137"
,TOTAL,,360,"$85,885","$64,828"
58400,80'S,,63,"$2,311","$1,849"
,OTHER,,183,"$44,353","$35,232"
,TOTAL,,246,"$46,664","$37,081"
58410,OTHER,,3,"$1,015",$812
,TOTAL,,3,"$1,015",$812
58520,80'S,,2,$160,$128
,OTHER,,19,"$9,492","$7,594"
,TOTAL,,21,"$9,652","$7,722"
58540,80'S,,3,$397,$318
,OTHER,,6,"$4,797","$3,823"
,TOTAL,,9,"$5,194","$4,141"
58550,80'S,,"2,007","$248,844","$194,411"
,OTHER,,"4,127","$3,152,973","$2,477,635"
,TOTAL,,"6,134","$3,401,817","$2,672,046"
58551,SG,,5,"$3,583","$2,858"
,80'S,,17,"$2,153","$1,722"
,OTHER,,107,"$85,806","$67,330"
,TOTAL,,129,"$91,542","$71,910"
58555,SG,,238,"$49,367","$39,096"
,80'S,,2,$64,$51
,OTHER,,"2,334","$354,535","$277,326"
,TOTAL,,"2,574","$403,966","$316,473"
58558,SG,,"5,346","$2,604,349","$2,059,043"
,80'S,,7,$216,$173
,OTHER,,"40,147","$10,436,543","$8,224,345"
,TOTAL,,"45,500","$13,041,108","$10,283,561"
58559,SG,,36,"$12,434","$9,644"
,80'S,,3,$81,$65
,OTHER,,217,"$63,436","$50,039"
,TOTAL,,256,"$75,951","$59,748"
58560,80'S,,4,$218,$174
,OTHER,,88,"$32,519","$25,935"
,TOTAL,,92,"$32,737","$26,109"
58561,SG,,114,"$49,041","$38,748"
,80'S,,3,$206,$165
,OTHER,,"1,210","$609,378","$482,303"
,TOTAL,,"1,327","$658,625","$521,216"
58562,OTHER,,77,"$21,039","$16,431"
,TOTAL,,77,"$21,039","$16,431"
58563,SG,,248,"$149,087","$117,596"
,80'S,,4,$183,$146
,OTHER,,"1,991","$627,366","$485,587"
,TOTAL,,"2,243","$776,635","$603,328"
58578,80'S,,16,"$4,366","$3,492"
,OTHER,,133,"$90,939","$72,378"
,TOTAL,,149,"$95,304","$75,871"
58579,OTHER,,26,"$11,003","$8,763"
,TOTAL,,26,"$11,003","$8,763"
58600,80'S,,5,$271,$217
,OTHER,,50,"$15,222","$11,925"
,TOTAL,,55,"$15,494","$12,142"
58605,80'S,,2,$88,$70
,OTHER,,52,"$13,410","$10,659"
,TOTAL,,54,"$13,498","$10,730"
58611,80'S,,11,$135,$108
,OTHER,,109,"$8,132","$6,450"
,TOTAL,,120,"$8,267","$6,558"
58660,SG,,148,"$101,387","$77,920"
,80'S,,292,"$24,884","$19,632"
,OTHER,,"2,577","$1,468,291","$1,151,986"
,TOTAL,,"3,017","$1,594,562","$1,249,538"
58661,SG,,161,"$112,272","$88,910"
,80'S,,"1,308","$124,004","$97,137"
,OTHER,,"5,750","$3,286,780","$2,582,799"
,TOTAL,,"7,219","$3,523,056","$2,768,846"
58662,SG,,130,"$88,619","$67,812"
,80'S,,140,"$14,641","$11,394"
,OTHER,,"1,308","$819,873","$639,100"
,TOTAL,,"1,578","$923,133","$718,307"
58670,SG,,64,"$30,850","$23,690"
,OTHER,,565,"$187,568","$145,986"
,TOTAL,,629,"$218,418","$169,676"
58671,SG,,31,"$15,144","$12,035"
,OTHER,,354,"$118,324","$92,324"
,TOTAL,,385,"$133,468","$104,359"
58672,OTHER,,7,"$4,664","$3,731"
,TOTAL,,7,"$4,664","$3,731"
58673,SG,,2,"$1,365","$1,092"
,80'S,,5,$631,$505
,OTHER,,35,"$26,839","$19,745"
,TOTAL,,42,"$28,835","$21,342"
58679,OTHER,,17,"$7,435","$5,921"
,TOTAL,,17,"$7,435","$5,921"
58700,80'S,,103,"$8,218","$6,567"
,OTHER,,419,"$200,664","$159,578"
,TOTAL,,522,"$208,882","$166,145"
58720,80'S,,"2,963","$252,435","$199,892"
,OTHER,,"9,181","$4,643,215","$3,673,485"
,TOTAL,,"12,144","$4,895,650","$3,873,377"
58740,80'S,,504,"$54,324","$43,357"
,OTHER,,"1,560","$994,944","$787,161"
,TOTAL,,"2,064","$1,049,268","$830,518"
58750,80'S,,2,$146,$117
,OTHER,,12,"$8,389","$6,205"
,TOTAL,,14,"$8,535","$6,321"
58760,80'S,,5,$650,$520
,OTHER,,5,"$4,113","$3,290"
,TOTAL,,10,"$4,763","$3,810"
58770,80'S,,1,$127,$102
,OTHER,,7,"$5,540","$4,352"
,TOTAL,,8,"$5,667","$4,454"
58800,OTHER,,47,"$11,578","$9,054"
,TOTAL,,47,"$11,578","$9,054"
58805,80'S,,12,$516,$413
,OTHER,,116,"$32,388","$25,421"
,TOTAL,,128,"$32,904","$25,834"
58820,OTHER,,10,"$1,741","$1,393"
,TOTAL,,10,"$1,741","$1,393"
58822,80'S,,12,$709,$567
,OTHER,,36,"$14,561","$11,649"
,TOTAL,,48,"$15,270","$12,216"
58823,80'S,,15,$325,$260
,OTHER,,625,"$124,609","$99,094"
,TOTAL,,640,"$124,934","$99,354"
58825,80'S,,3,$147,$118
,OTHER,,5,"$1,556","$1,245"
,TOTAL,,8,"$1,703","$1,363"
58900,SG,,1,$490,$392
,80'S,,6,$196,$157
,OTHER,,68,"$17,980","$14,384"
,TOTAL,,75,"$18,666","$14,933"
58920,80'S,,14,"$1,171",$937
,OTHER,,54,"$26,495","$20,657"
,TOTAL,,68,"$27,667","$21,594"
58925,80'S,,225,"$18,942","$15,018"
,OTHER,,834,"$408,637","$324,181"
,TOTAL,,"1,059","$427,579","$339,200"
58940,80'S,,"1,106","$56,918","$45,224"
,OTHER,,"3,491","$1,064,444","$842,306"
,TOTAL,,"4,597","$1,121,362","$887,530"
58943,80'S,,148,"$23,307","$18,646"
,OTHER,,521,"$494,124","$394,285"
,TOTAL,,669,"$517,432","$412,931"
58950,80'S,,227,"$32,584","$25,956"
,OTHER,,943,"$822,563","$655,189"
,TOTAL,,"1,170","$855,147","$681,144"
58951,80'S,,254,"$51,706","$41,342"
,OTHER,,"1,055","$1,296,244","$1,034,326"
,TOTAL,,"1,309","$1,347,950","$1,075,668"
58952,80'S,,422,"$93,449","$74,740"
,OTHER,,"1,787","$2,440,808","$1,944,909"
,TOTAL,,"2,209","$2,534,257","$2,019,649"
58953,80'S,,266,"$75,651","$60,281"
,OTHER,,"1,235","$2,162,654","$1,721,863"
,TOTAL,,"1,501","$2,238,305","$1,782,145"
58954,80'S,,107,"$33,289","$26,498"
,OTHER,,596,"$1,142,701","$912,647"
,TOTAL,,703,"$1,175,989","$939,145"
58960,80'S,,247,"$31,100","$24,807"
,OTHER,,789,"$578,355","$460,220"
,TOTAL,,"1,036","$609,455","$485,026"
58970,OTHER,,2,$736,$589
,TOTAL,,2,$736,$589
58999,80'S,,42,"$4,941","$3,953"
,OTHER,,440,"$171,005","$135,907"
,TOTAL,,482,"$175,946","$139,860"
59000,OTHER,MATERNITY,747,"$70,632","$53,546"
,TOTAL,,747,"$70,632","$53,546"
59001,OTHER,,7,"$1,130",$904
,TOTAL,,7,"$1,130",$904
59012,OTHER,,2,$320,$256
,TOTAL,,2,$320,$256
59015,OTHER,,12,"$1,831","$1,377"
,TOTAL,,12,"$1,831","$1,377"
59020,OTHER,,46,"$1,620","$1,283"
,TOTAL,,46,"$1,620","$1,283"
59025,OTHER,,"8,782","$289,377","$220,546"
,TOTAL,,"8,782","$289,377","$220,546"
59030,OTHER,,1,$77,$61
,TOTAL,,1,$77,$61
59050,OTHER,,10,$427,$342
,TOTAL,,10,$427,$342
59051,OTHER,,41,"$1,566","$1,193"
,TOTAL,,41,"$1,566","$1,193"
59100,80'S,,1,$132,$106
,OTHER,,22,"$7,230","$5,784"
,TOTAL,,23,"$7,362","$5,890"
59120,80'S,,10,"$1,028",$743
,OTHER,,60,"$40,083","$31,395"
,TOTAL,,70,"$41,111","$32,138"
59121,80'S,,1,$121,$97
,OTHER,,17,"$11,912","$9,450"
,TOTAL,,18,"$12,033","$9,547"
59130,80'S,,1,$129,$103
,OTHER,,1,$804,$644
,TOTAL,,2,$933,$746
59140,OTHER,,2,$543,$435
,TOTAL,,2,$543,$435
59150,80'S,,8,$791,$633
,OTHER,,28,"$16,966","$13,164"
,TOTAL,,36,"$17,757","$13,797"
59151,80'S,,4,$399,$319
,OTHER,,52,"$34,414","$26,377"
,TOTAL,,56,"$34,813","$26,696"
59160,OTHER,,74,"$12,197","$9,443"
,TOTAL,,74,"$12,197","$9,443"
59200,OTHER,,405,"$27,464","$21,091"
,TOTAL,,405,"$27,464","$21,091"
59300,OTHER,,73,"$4,908","$3,831"
,TOTAL,,73,"$4,908","$3,831"
59320,OTHER,,78,"$11,706","$9,193"
,TOTAL,,78,"$11,706","$9,193"
59350,80'S,,2,$96,$40
,OTHER,,6,"$1,125",$900
,TOTAL,,8,"$1,222",$940
59400,OTHER,,"2,747","$4,054,560","$3,132,212"
,TOTAL,,"2,747","$4,054,560","$3,132,212"
59409,OTHER,,968,"$734,208","$576,692"
,TOTAL,,968,"$734,208","$576,692"
59410,OTHER,,902,"$765,332","$599,346"
,TOTAL,,902,"$765,332","$599,346"
59412,OTHER,,33,"$3,075","$2,318"
,TOTAL,,33,"$3,075","$2,318"
59414,OTHER,,17,"$1,816","$1,373"
,TOTAL,,17,"$1,816","$1,373"
59425,OTHER,,"1,756","$222,841","$171,796"
,TOTAL,,"1,756","$222,841","$171,796"
59426,OTHER,,"1,710","$390,782","$304,415"
,TOTAL,,"1,710","$390,782","$304,415"
59430,OTHER,,743,"$80,957","$59,716"
,TOTAL,,743,"$80,957","$59,716"
59510,OTHER,,"1,671","$2,837,193","$2,194,552"
,TOTAL,,"1,671","$2,837,193","$2,194,552"
59514,80'S,,646,"$92,357","$71,555"
,OTHER,,681,"$542,872","$428,902"
,TOTAL,,"1,327","$635,229","$500,457"
59515,OTHER,,540,"$545,158","$431,717"
,TOTAL,,540,"$545,158","$431,717"
59525,80'S,,2,$145,$116
,OTHER,,5,"$2,317","$1,854"
,TOTAL,,7,"$2,462","$1,969"
59610,OTHER,,59,"$92,798","$72,797"
,TOTAL,,59,"$92,798","$72,797"
59612,OTHER,,25,"$20,030","$15,794"
,TOTAL,,25,"$20,030","$15,794"
59614,OTHER,,19,"$17,492","$13,994"
,TOTAL,,19,"$17,492","$13,994"
59618,80'S,,1,$294,$235
,OTHER,,23,"$41,881","$32,405"
,TOTAL,,24,"$42,175","$32,640"
59620,80'S,,5,$832,$586
,OTHER,,12,"$12,735","$10,188"
,TOTAL,,17,"$13,567","$10,774"
59622,80'S,,1,$199,$159
,OTHER,,10,"$5,871","$4,697"
,TOTAL,,11,"$6,069","$4,856"
59812,OTHER,,461,"$93,203","$72,624"
,TOTAL,,461,"$93,203","$72,624"
59820,OTHER,,446,"$117,491","$90,511"
,TOTAL,,446,"$117,491","$90,511"
59821,OTHER,,28,"$7,850","$6,068"
,TOTAL,,28,"$7,850","$6,068"
59830,OTHER,,4,"$1,508","$1,126"
,TOTAL,,4,"$1,508","$1,126"
59840,OTHER,,39,"$8,709","$6,390"
,TOTAL,,39,"$8,709","$6,390"
59841,OTHER,,23,"$9,005","$6,931"
,TOTAL,,23,"$9,005","$6,931"
59851,OTHER,,2,$748,$598
,TOTAL,,2,$748,$598
59855,OTHER,,5,"$1,786","$1,429"
,TOTAL,,5,"$1,786","$1,429"
59870,OTHER,,5,"$2,010","$1,608"
,TOTAL,,5,"$2,010","$1,608"
59871,OTHER,,19,"$1,941","$1,553"
,TOTAL,,19,"$1,941","$1,553"
59899,OTHER,,4,"$2,491","$1,993"
,TOTAL,,4,"$2,491","$1,993"
60000,SG,ENDOCRINE,1,$349,$279
,OTHER,,37,"$3,009","$2,292"
,TOTAL,,38,"$3,357","$2,570"
60001,OTHER,,"4,082","$170,125","$126,978"
,TOTAL,,"4,082","$170,125","$126,978"
60100,80'S,,1,$6,$5
,OTHER,,"18,144","$1,911,417","$1,492,159"
,TOTAL,,"18,145","$1,911,423","$1,492,164"
60200,SG,,15,"$6,201","$4,881"
,80'S,,156,"$11,010","$8,808"
,OTHER,,"1,654","$866,461","$688,942"
,TOTAL,,"1,825","$883,673","$702,631"
60210,80'S,,509,"$47,919","$38,009"
,OTHER,,"1,769","$975,114","$770,642"
,TOTAL,,"2,278","$1,023,033","$808,651"
60212,80'S,,68,"$9,859","$7,887"
,OTHER,,479,"$275,572","$219,011"
,TOTAL,,547,"$285,431","$226,899"
60220,SG,,39,"$16,453","$13,003"
,80'S,,"2,004","$221,114","$174,762"
,OTHER,,"6,447","$4,253,881","$3,360,462"
,TOTAL,,"8,490","$4,491,448","$3,548,228"
60225,SG,,4,"$1,935","$1,548"
,80'S,,378,"$49,748","$39,444"
,OTHER,,"1,407","$1,097,568","$867,422"
,TOTAL,,"1,789","$1,149,252","$908,414"
60240,80'S,,"1,264","$191,396","$151,456"
,OTHER,,"4,348","$3,985,665","$3,151,981"
,TOTAL,,"5,612","$4,177,061","$3,303,437"
60252,80'S,,182,"$35,322","$27,974"
,OTHER,,722,"$846,963","$673,750"
,TOTAL,,904,"$882,285","$701,724"
60254,80'S,,51,"$13,157","$10,483"
,OTHER,,177,"$276,255","$220,168"
,TOTAL,,228,"$289,412","$230,651"
60260,80'S,,172,"$28,451","$22,453"
,OTHER,,681,"$668,483","$527,703"
,TOTAL,,853,"$696,933","$550,156"
60270,80'S,,69,"$13,067","$10,325"
,OTHER,,222,"$239,424","$191,353"
,TOTAL,,291,"$252,491","$201,678"
60271,80'S,,181,"$27,416","$21,730"
,OTHER,,753,"$730,008","$580,570"
,TOTAL,,934,"$757,424","$602,300"
60280,SG,,25,"$14,567","$11,335"
,80'S,,38,"$2,192","$1,753"
,OTHER,,315,"$119,332","$94,175"
,TOTAL,,378,"$136,090","$107,263"
60281,SG,,2,$912,$730
,80'S,,3,$276,$221
,OTHER,,15,"$8,053","$6,443"
,TOTAL,,20,"$9,241","$7,393"
60500,80'S,,"3,038","$438,084","$347,575"
,OTHER,,"12,428","$10,833,656","$8,591,125"
,TOTAL,,"15,466","$11,271,741","$8,938,700"
60502,80'S,,114,"$21,120","$16,749"
,OTHER,,542,"$601,620","$479,881"
,TOTAL,,656,"$622,740","$496,630"
60505,80'S,,45,"$8,753","$6,797"
,OTHER,,164,"$196,747","$156,261"
,TOTAL,,209,"$205,500","$163,059"
60512,80'S,,296,"$10,963","$8,731"
,OTHER,,"1,662","$381,656","$302,154"
,TOTAL,,"1,958","$392,620","$310,884"
60520,80'S,,45,"$6,805","$5,307"
,OTHER,,219,"$201,770","$158,825"
,TOTAL,,264,"$208,575","$164,132"
60521,80'S,,54,"$8,108","$6,487"
,OTHER,,539,"$236,560","$186,941"
,TOTAL,,593,"$244,668","$193,428"
60522,80'S,,28,"$5,564","$4,305"
,OTHER,,140,"$162,177","$128,258"
,TOTAL,,168,"$167,741","$132,563"
60540,80'S,,335,"$40,902","$32,543"
,OTHER,,878,"$660,785","$526,385"
,TOTAL,,"1,213","$701,687","$558,928"
60545,80'S,,69,"$10,521","$8,417"
,OTHER,,186,"$171,053","$136,683"
,TOTAL,,255,"$181,574","$145,099"
60600,80'S,,36,"$6,623","$5,298"
,OTHER,,124,"$129,020","$100,332"
,TOTAL,,160,"$135,643","$105,630"
60605,80'S,,8,"$1,697","$1,358"
,OTHER,,36,"$46,737","$37,389"
,TOTAL,,44,"$48,434","$38,747"
60650,80'S,,134,"$23,001","$18,213"
,OTHER,,443,"$467,812","$371,363"
,TOTAL,,577,"$490,813","$389,576"
60659,OTHER,,17,"$9,408","$7,526"
,TOTAL,,17,"$9,408","$7,526"
60699,80'S,,50,"$1,839","$1,471"
,OTHER,,221,"$65,767","$52,461"
,TOTAL,,271,"$67,606","$53,932"
61000,OTHER,,118,"$3,827","$3,010"
,TOTAL,,118,"$3,827","$3,010"
61001,OTHER,,26,$975,$666
,TOTAL,,26,$975,$666
61020,OTHER,,442,"$51,033","$39,957"
,TOTAL,,442,"$51,033","$39,957"
61026,OTHER,,529,"$66,950","$53,019"
,TOTAL,,529,"$66,950","$53,019"
61050,OTHER,,245,"$28,065","$21,367"
,TOTAL,,245,"$28,065","$21,367"
61055,SG,,75,"$24,161","$18,306"
,OTHER,,"2,253","$315,510","$246,900"
,TOTAL,,"2,328","$339,671","$265,206"
61070,SG,,4,"$1,257","$1,005"
,OTHER,,"2,213","$235,623","$183,761"
,TOTAL,,"2,217","$236,880","$184,767"
61105,OTHER,,127,"$35,994","$28,793"
,TOTAL,,127,"$35,994","$28,793"
61107,OTHER,,"3,275","$1,057,832","$840,945"
,TOTAL,,"3,275","$1,057,832","$840,945"
61108,OTHER,,576,"$357,606","$284,506"
,TOTAL,,576,"$357,606","$284,506"
61120,80'S,,1,$40,$32
,OTHER,,56,"$29,119","$23,296"
,TOTAL,,57,"$29,160","$23,328"
61140,80'S,,29,"$4,414","$3,531"
,OTHER,,419,"$380,667","$303,911"
,TOTAL,,448,"$385,081","$307,442"
61150,80'S,,1,$192,$153
,OTHER,,81,"$81,974","$65,533"
,TOTAL,,82,"$82,166","$65,686"
61151,OTHER,,25,"$17,446","$13,957"
,TOTAL,,25,"$17,446","$13,957"
61154,80'S,,332,"$50,179","$40,099"
,OTHER,,"7,733","$7,225,573","$5,754,195"
,TOTAL,,"8,065","$7,275,752","$5,794,294"
61156,80'S,,39,"$5,978","$4,783"
,OTHER,,171,"$154,824","$123,594"
,TOTAL,,210,"$160,802","$128,377"
61210,OTHER,,"1,745","$652,834","$517,528"
,TOTAL,,"1,745","$652,834","$517,528"
61215,OTHER,,345,"$112,891","$89,609"
,TOTAL,,345,"$112,891","$89,609"
61250,80'S,,2,$217,$174
,OTHER,,30,"$16,517","$13,214"
,TOTAL,,32,"$16,735","$13,388"
61253,OTHER,,10,"$5,801","$4,578"
,TOTAL,,10,"$5,801","$4,578"
61304,80'S,,32,"$6,961","$5,569"
,OTHER,,295,"$373,871","$295,758"
,TOTAL,,327,"$380,832","$301,327"
61305,80'S,,12,"$3,135","$2,508"
,OTHER,,45,"$69,400","$55,381"
,TOTAL,,57,"$72,535","$57,889"
61312,80'S,,811,"$197,203","$156,717"
,OTHER,,"9,201","$12,445,321","$9,900,512"
,TOTAL,,"10,012","$12,642,524","$10,057,230"
61313,80'S,,249,"$60,933","$48,594"
,OTHER,,"2,523","$3,607,371","$2,868,952"
,TOTAL,,"2,772","$3,668,304","$2,917,546"
61314,80'S,,44,"$9,499","$7,445"
,OTHER,,454,"$551,451","$438,975"
,TOTAL,,498,"$560,950","$446,420"
61315,80'S,,70,"$19,149","$15,241"
,OTHER,,689,"$1,106,264","$878,945"
,TOTAL,,759,"$1,125,414","$894,187"
61320,80'S,,31,"$7,936","$6,349"
,OTHER,,264,"$348,989","$275,760"
,TOTAL,,295,"$356,925","$282,109"
61321,80'S,,3,$781,$625
,OTHER,,26,"$42,550","$34,040"
,TOTAL,,29,"$43,330","$34,664"
61330,80'S,,2,$422,$337
,OTHER,,23,"$30,993","$23,783"
,TOTAL,,25,"$31,415","$24,121"
61332,OTHER,,29,"$47,649","$38,039"
,TOTAL,,29,"$47,649","$38,039"
61333,80'S,,8,"$1,864","$1,491"
,OTHER,,45,"$61,799","$49,440"
,TOTAL,,53,"$63,663","$50,931"
61334,80'S,,1,$97,$78
,OTHER,,3,"$1,789","$1,432"
,TOTAL,,4,"$1,887","$1,510"
61340,80'S,,16,"$1,638","$1,225"
,OTHER,,103,"$89,620","$70,046"
,TOTAL,,119,"$91,258","$71,271"
61343,80'S,,56,"$15,726","$12,275"
,OTHER,,322,"$541,300","$422,321"
,TOTAL,,378,"$557,026","$434,596"
61345,80'S,,31,"$4,584","$3,667"
,OTHER,,103,"$133,048","$103,002"
,TOTAL,,134,"$137,631","$106,669"
61440,80'S,,1,$241,$193
,OTHER,,1,$813,$650
,TOTAL,,2,"$1,054",$843
61450,80'S,,3,$833,$666
,OTHER,,24,"$35,442","$28,354"
,TOTAL,,27,"$36,275","$29,020"
61458,80'S,,74,"$19,432","$15,155"
,OTHER,,673,"$1,052,588","$833,552"
,TOTAL,,747,"$1,072,020","$848,707"
61460,80'S,,6,"$1,517","$1,214"
,OTHER,,66,"$96,432","$74,455"
,TOTAL,,72,"$97,950","$75,669"
61470,80'S,,1,$239,$191
,OTHER,,2,"$3,016","$2,413"
,TOTAL,,3,"$3,255","$2,604"
61480,OTHER,,3,"$2,236","$1,789"
,TOTAL,,3,"$2,236","$1,789"
61490,80'S,,7,"$1,398","$1,118"
,OTHER,,30,"$42,920","$34,336"
,TOTAL,,37,"$44,318","$35,455"
61500,80'S,,54,"$9,204","$7,356"
,OTHER,,437,"$428,211","$339,558"
,TOTAL,,491,"$437,415","$346,913"
61501,80'S,,8,"$1,000",$683
,OTHER,,97,"$77,786","$61,808"
,TOTAL,,105,"$78,786","$62,491"
61510,80'S,,"1,149","$329,189","$260,888"
,OTHER,,"6,802","$11,233,405","$8,912,734"
,TOTAL,,"7,951","$11,562,593","$9,173,622"
61512,80'S,,541,"$190,598","$152,153"
,OTHER,,"2,947","$5,907,261","$4,687,444"
,TOTAL,,"3,488","$6,097,859","$4,839,597"
61514,80'S,,18,"$4,440","$3,464"
,OTHER,,155,"$223,169","$177,891"
,TOTAL,,173,"$227,609","$181,354"
61516,80'S,,20,"$4,832","$3,866"
,OTHER,,131,"$173,360","$137,114"
,TOTAL,,151,"$178,192","$140,979"
61518,80'S,,240,"$91,296","$72,953"
,OTHER,,"1,197","$2,603,836","$2,070,673"
,TOTAL,,"1,437","$2,695,132","$2,143,626"
61519,80'S,,105,"$43,885","$35,010"
,OTHER,,392,"$945,768","$748,545"
,TOTAL,,497,"$989,653","$783,555"
61520,80'S,,39,"$21,036","$16,669"
,OTHER,,333,"$957,066","$763,332"
,TOTAL,,372,"$978,101","$780,002"
61521,80'S,,13,"$6,274","$5,019"
,OTHER,,73,"$181,930","$145,268"
,TOTAL,,86,"$188,204","$150,287"
61522,80'S,,2,$627,$501
,OTHER,,31,"$55,092","$43,042"
,TOTAL,,33,"$55,719","$43,543"
61524,80'S,,6,"$1,480","$1,184"
,OTHER,,64,"$91,871","$73,376"
,TOTAL,,70,"$93,351","$74,560"
61526,OTHER,,106,"$284,457","$227,566"
,TOTAL,,106,"$284,457","$227,566"
61530,OTHER,,33,"$67,057","$51,340"
,TOTAL,,33,"$67,057","$51,340"
61531,80'S,,3,$383,$307
,OTHER,,27,"$20,854","$16,683"
,TOTAL,,30,"$21,237","$16,990"
61533,80'S,,4,$774,$619
,OTHER,,102,"$118,627","$93,320"
,TOTAL,,106,"$119,401","$93,939"
61534,80'S,,1,$188,$151
,OTHER,,36,"$45,062","$36,050"
,TOTAL,,37,"$45,251","$36,200"
61535,80'S,,3,$375,$300
,OTHER,,30,"$23,556","$18,767"
,TOTAL,,33,"$23,931","$19,067"
61536,80'S,,4,"$1,428","$1,112"
,OTHER,,47,"$97,207","$77,766"
,TOTAL,,51,"$98,635","$78,877"
61538,80'S,,22,"$4,874","$3,899"
,OTHER,,192,"$299,540","$236,899"
,TOTAL,,214,"$304,413","$240,798"
61539,80'S,,5,"$1,058",$846
,OTHER,,34,"$64,382","$51,301"
,TOTAL,,39,"$65,440","$52,147"
61541,OTHER,,8,"$12,642","$10,114"
,TOTAL,,8,"$12,642","$10,114"
61543,80'S,,1,$376,$301
,OTHER,,12,"$21,050","$16,803"
,TOTAL,,13,"$21,426","$17,103"
61544,80'S,,4,$831,$665
,OTHER,,5,"$6,106","$4,885"
,TOTAL,,9,"$6,937","$5,550"
61545,80'S,,3,"$1,336","$1,069"
,OTHER,,31,"$81,104","$64,883"
,TOTAL,,34,"$82,440","$65,952"
61546,80'S,,13,"$3,954","$2,886"
,OTHER,,107,"$180,003","$142,481"
,TOTAL,,120,"$183,957","$145,367"
61548,80'S,,137,"$29,738","$23,734"
,OTHER,,"2,228","$2,330,936","$1,850,487"
,TOTAL,,"2,365","$2,360,675","$1,874,221"
61552,OTHER,,2,"$1,695","$1,356"
,TOTAL,,2,"$1,695","$1,356"
61556,80'S,,2,$401,$320
,OTHER,,17,"$18,643","$14,914"
,TOTAL,,19,"$19,043","$15,235"
61557,OTHER,,2,"$1,877","$1,501"
,TOTAL,,2,"$1,877","$1,501"
61559,OTHER,,1,$191,$103
,TOTAL,,1,$191,$103
61563,80'S,,1,$245,$196
,OTHER,,15,"$24,095","$19,276"
,TOTAL,,16,"$24,340","$19,472"
61564,80'S,,4,"$1,139",$652
,OTHER,,9,"$16,582","$11,646"
,TOTAL,,13,"$17,721","$12,298"
61570,80'S,,6,"$1,548","$1,238"
,OTHER,,25,"$27,226","$21,652"
,TOTAL,,31,"$28,774","$22,890"
61571,80'S,,3,$628,$503
,OTHER,,38,"$50,191","$40,123"
,TOTAL,,41,"$50,820","$40,625"
61575,80'S,,7,"$2,500","$2,000"
,OTHER,,118,"$191,620","$152,913"
,TOTAL,,125,"$194,120","$154,913"
61576,OTHER,,6,"$12,579","$10,063"
,TOTAL,,6,"$12,579","$10,063"
61580,80'S,,9,"$2,881","$2,305"
,OTHER,,112,"$191,999","$152,284"
,TOTAL,,121,"$194,880","$154,589"
61581,80'S,,4,"$1,473","$1,178"
,OTHER,,62,"$122,431","$97,256"
,TOTAL,,66,"$123,904","$98,434"
61582,80'S,,5,"$1,236",$989
,OTHER,,74,"$118,609","$94,627"
,TOTAL,,79,"$119,845","$95,616"
61583,80'S,,47,"$15,555","$12,444"
,OTHER,,182,"$376,164","$300,000"
,TOTAL,,229,"$391,720","$312,445"
61584,80'S,,35,"$9,804","$7,688"
,OTHER,,225,"$382,803","$303,302"
,TOTAL,,260,"$392,607","$310,990"
61585,80'S,,3,"$1,164",$931
,OTHER,,16,"$36,539","$29,231"
,TOTAL,,19,"$37,703","$30,162"
61586,80'S,,6,"$1,111",$889
,OTHER,,31,"$32,538","$25,950"
,TOTAL,,37,"$33,649","$26,839"
61590,80'S,,28,"$11,140","$8,735"
,OTHER,,138,"$324,675","$258,957"
,TOTAL,,166,"$335,815","$267,692"
61591,80'S,,9,"$4,039","$3,231"
,OTHER,,86,"$203,317","$160,400"
,TOTAL,,95,"$207,356","$163,631"
61592,80'S,,30,"$8,524","$6,602"
,OTHER,,245,"$424,454","$336,930"
,TOTAL,,275,"$432,978","$343,532"
61595,80'S,,15,"$3,280","$2,624"
,OTHER,,190,"$261,046","$205,550"
,TOTAL,,205,"$264,326","$208,174"
61596,80'S,,23,"$8,419","$6,736"
,OTHER,,75,"$151,579","$121,031"
,TOTAL,,98,"$159,998","$127,767"
61597,80'S,,19,"$6,101","$4,881"
,OTHER,,87,"$129,204","$103,363"
,TOTAL,,106,"$135,306","$108,244"
61598,80'S,,5,$865,$692
,OTHER,,61,"$80,869","$64,695"
,TOTAL,,66,"$81,734","$65,387"
61600,80'S,,19,"$3,019","$2,401"
,OTHER,,193,"$194,285","$154,503"
,TOTAL,,212,"$197,304","$156,904"
61601,80'S,,57,"$10,244","$8,195"
,OTHER,,283,"$279,361","$223,345"
,TOTAL,,340,"$289,605","$231,540"
61605,80'S,,24,"$5,411","$4,329"
,OTHER,,186,"$249,045","$197,604"
,TOTAL,,210,"$254,455","$201,933"
61606,80'S,,17,"$5,230","$3,915"
,OTHER,,103,"$176,214","$140,942"
,TOTAL,,120,"$181,444","$144,857"
61607,80'S,,3,$971,$776
,OTHER,,48,"$90,131","$70,327"
,TOTAL,,51,"$91,102","$71,104"
61608,80'S,,31,"$13,377","$10,701"
,OTHER,,177,"$449,231","$357,770"
,TOTAL,,208,"$462,608","$368,472"
61609,80'S,,1,$106,$85
,OTHER,,1,$662,$529
,TOTAL,,2,$768,$614
61612,OTHER,,1,$163,$130
,TOTAL,,1,$163,$130
61613,80'S,,6,"$2,049","$1,639"
,OTHER,,33,"$61,783","$49,427"
,TOTAL,,39,"$63,832","$51,066"
61615,80'S,,10,"$3,188","$2,470"
,OTHER,,79,"$132,208","$104,634"
,TOTAL,,89,"$135,396","$107,104"
61616,80'S,,57,"$26,526","$21,221"
,OTHER,,317,"$783,106","$623,553"
,TOTAL,,374,"$809,631","$644,774"
61618,80'S,,72,"$7,790","$6,232"
,OTHER,,524,"$346,623","$276,461"
,TOTAL,,596,"$354,413","$282,693"
61619,80'S,,14,"$1,675","$1,340"
,OTHER,,113,"$81,330","$64,881"
,TOTAL,,127,"$83,004","$66,221"
61624,OTHER,,"1,896","$1,934,785","$1,539,432"
,TOTAL,,"1,896","$1,934,785","$1,539,432"
61626,OTHER,,"1,071","$840,180","$667,526"
,TOTAL,,"1,071","$840,180","$667,526"
61680,80'S,,18,"$5,433","$4,329"
,OTHER,,102,"$170,336","$134,787"
,TOTAL,,120,"$175,769","$139,117"
61682,80'S,,23,"$13,407","$10,212"
,OTHER,,105,"$384,686","$304,457"
,TOTAL,,128,"$398,093","$314,669"
61684,80'S,,2,$576,$461
,OTHER,,23,"$51,175","$40,317"
,TOTAL,,25,"$51,752","$40,778"
61686,80'S,,2,"$1,315","$1,052"
,OTHER,,35,"$129,854","$94,544"
,TOTAL,,37,"$131,168","$95,596"
61690,OTHER,,6,"$9,708","$7,767"
,TOTAL,,6,"$9,708","$7,767"
61692,80'S,,4,"$2,205","$1,764"
,OTHER,,21,"$69,510","$55,606"
,TOTAL,,25,"$71,715","$57,370"
61697,80'S,,152,"$74,550","$58,894"
,OTHER,,652,"$1,969,733","$1,564,023"
,TOTAL,,804,"$2,044,283","$1,622,917"
61698,80'S,,14,"$6,774","$5,284"
,OTHER,,69,"$195,818","$153,556"
,TOTAL,,83,"$202,592","$158,841"
61700,80'S,,433,"$206,198","$163,230"
,OTHER,,"1,654","$4,733,989","$3,758,380"
,TOTAL,,"2,087","$4,940,187","$3,921,610"
61702,80'S,,7,"$3,281","$2,625"
,OTHER,,71,"$188,328","$148,528"
,TOTAL,,78,"$191,609","$151,153"
61703,80'S,,2,$181,$145
,OTHER,,13,"$11,344","$9,075"
,TOTAL,,15,"$11,524","$9,220"
61705,80'S,,5,"$1,822","$1,458"
,OTHER,,26,"$49,973","$39,898"
,TOTAL,,31,"$51,795","$41,356"
61708,80'S,,13,"$3,990","$3,192"
,OTHER,,167,"$319,527","$254,481"
,TOTAL,,180,"$323,517","$257,673"
61710,80'S,,4,$905,$724
,OTHER,,201,"$330,534","$261,134"
,TOTAL,,205,"$331,439","$261,858"
61711,80'S,,12,"$3,979","$3,183"
,OTHER,,88,"$187,281","$149,825"
,TOTAL,,100,"$191,260","$153,008"
61720,OTHER,,152,"$132,906","$105,535"
,TOTAL,,152,"$132,906","$105,535"
61735,OTHER,,14,"$15,217","$11,956"
,TOTAL,,14,"$15,217","$11,956"
61750,80'S,,1,$153,$123
,OTHER,,505,"$555,590","$442,178"
,TOTAL,,506,"$555,743","$442,301"
61751,80'S,,2,$398,$318
,OTHER,,"1,925","$2,131,927","$1,697,727"
,TOTAL,,"1,927","$2,132,325","$1,698,045"
61760,OTHER,,50,"$71,198","$56,483"
,TOTAL,,50,"$71,198","$56,483"
61770,OTHER,,127,"$156,978","$125,197"
,TOTAL,,127,"$156,978","$125,197"
61790,SG,,27,"$11,939","$9,551"
,OTHER,,"1,008","$687,952","$547,864"
,TOTAL,,"1,035","$699,891","$557,415"
61791,SG,,5,"$2,383","$1,907"
,OTHER,,94,"$89,519","$71,472"
,TOTAL,,99,"$91,902","$73,379"
61793,OTHER,,"5,304","$5,867,040","$4,654,677"
,TOTAL,,"5,304","$5,867,040","$4,654,677"
61795,80'S,,3,$115,$92
,OTHER,,"8,141","$2,032,393","$1,610,710"
,TOTAL,,"8,144","$2,032,509","$1,610,802"
61850,80'S,,1,$126,$101
,OTHER,,4,"$2,448","$1,959"
,TOTAL,,5,"$2,574","$2,060"
61860,OTHER,,35,"$41,126","$31,762"
,TOTAL,,35,"$41,126","$31,762"
61862,80'S,,69,"$12,097","$9,464"
,OTHER,,"1,898","$2,123,733","$1,668,330"
,TOTAL,,"1,967","$2,135,830","$1,677,794"
61875,80'S,,1,$143,$114
,OTHER,,1,$840,$672
,TOTAL,,2,$983,$786
61880,80'S,,6,$430,$344
,OTHER,,258,"$105,200","$83,493"
,TOTAL,,264,"$105,630","$83,837"
61885,80'S,,33,"$1,374","$1,100"
,OTHER,,"2,892","$777,139","$614,638"
,TOTAL,,"2,925","$778,513","$615,738"
61886,OTHER,,92,"$38,340","$30,329"
,TOTAL,,92,"$38,340","$30,329"
61888,OTHER,,693,"$227,528","$178,309"
,TOTAL,,693,"$227,528","$178,309"
62000,80'S,,1,$54,$43
,OTHER,,45,"$14,943","$11,621"
,TOTAL,,46,"$14,997","$11,664"
62005,OTHER,,41,"$29,946","$23,877"
,TOTAL,,41,"$29,946","$23,877"
62010,80'S,,11,"$1,349","$1,080"
,OTHER,,100,"$93,816","$74,163"
,TOTAL,,111,"$95,165","$75,243"
62100,80'S,,43,"$6,870","$5,496"
,OTHER,,229,"$237,203","$189,410"
,TOTAL,,272,"$244,073","$194,906"
62116,OTHER,,1,"$1,379","$1,104"
,TOTAL,,1,"$1,379","$1,104"
62117,OTHER,,3,"$4,129","$3,303"
,TOTAL,,3,"$4,129","$3,303"
62120,OTHER,,26,"$33,406","$26,725"
,TOTAL,,26,"$33,406","$26,725"
62121,OTHER,,22,"$29,282","$22,519"
,TOTAL,,22,"$29,282","$22,519"
62140,80'S,,170,"$13,630","$10,803"
,OTHER,,"1,282","$580,993","$462,319"
,TOTAL,,"1,452","$594,623","$473,122"
62141,80'S,,148,"$14,583","$11,508"
,OTHER,,877,"$527,193","$416,410"
,TOTAL,,"1,025","$541,776","$427,919"
62142,80'S,,25,"$2,136","$1,569"
,OTHER,,269,"$150,248","$119,365"
,TOTAL,,294,"$152,384","$120,934"
62143,80'S,,34,"$2,879","$2,303"
,OTHER,,261,"$151,517","$121,060"
,TOTAL,,295,"$154,396","$123,363"
62145,80'S,,23,"$3,091","$2,387"
,OTHER,,93,"$64,192","$50,595"
,TOTAL,,116,"$67,284","$52,982"
62146,80'S,,9,"$1,076",$861
,OTHER,,49,"$31,292","$24,995"
,TOTAL,,58,"$32,368","$25,855"
62147,80'S,,10,"$1,240",$975
,OTHER,,51,"$44,992","$35,865"
,TOTAL,,61,"$46,232","$36,840"
62180,80'S,,7,$945,$756
,OTHER,,57,"$59,401","$47,520"
,TOTAL,,64,"$60,346","$48,276"
62190,OTHER,,19,"$11,774","$9,265"
,TOTAL,,19,"$11,774","$9,265"
62192,80'S,,58,"$5,957","$4,765"
,OTHER,,314,"$188,909","$149,963"
,TOTAL,,372,"$194,866","$154,729"
62194,OTHER,,79,"$19,580","$15,366"
,TOTAL,,79,"$19,580","$15,366"
62200,80'S,,20,"$3,524","$2,714"
,OTHER,,164,"$171,743","$134,936"
,TOTAL,,184,"$175,267","$137,650"
62201,OTHER,,16,"$14,988","$11,990"
,TOTAL,,16,"$14,988","$11,990"
62220,80'S,,18,"$2,301","$1,841"
,OTHER,,190,"$141,202","$111,663"
,TOTAL,,208,"$143,503","$113,504"
62223,80'S,,801,"$105,871","$84,244"
,OTHER,,"6,475","$4,768,654","$3,795,543"
,TOTAL,,"7,276","$4,874,526","$3,879,787"
62225,OTHER,,456,"$141,350","$110,925"
,TOTAL,,456,"$141,350","$110,925"
62230,SG,,3,"$1,261","$1,009"
,80'S,,164,"$16,593","$13,127"
,OTHER,,"2,007","$1,162,653","$917,220"
,TOTAL,,"2,174","$1,180,507","$931,355"
62252,OTHER,,"1,642","$117,781","$91,298"
,TOTAL,,"1,642","$117,781","$91,298"
62256,SG,,2,$877,$702
,80'S,,37,"$2,133","$1,706"
,OTHER,,657,"$259,889","$206,356"
,TOTAL,,696,"$262,899","$208,764"
62258,80'S,,39,"$5,833","$4,537"
,OTHER,,509,"$409,938","$322,300"
,TOTAL,,548,"$415,771","$326,837"
62263,SG,,"3,638","$1,132,188","$891,277"
,OTHER,,"15,116","$4,895,647","$3,866,405"
,TOTAL,,"18,754","$6,027,835","$4,757,683"
62268,SG,,20,"$5,824","$4,579"
,OTHER,,187,"$49,851","$39,567"
,TOTAL,,207,"$55,675","$44,146"
62269,SG,,3,$786,$629
,OTHER,,226,"$55,517","$44,358"
,TOTAL,,229,"$56,303","$44,987"
62270,SG,,179,"$53,552","$41,988"
,OTHER,,"73,053","$4,950,686","$3,881,753"
,TOTAL,,"73,232","$5,004,238","$3,923,741"
62272,SG,,40,"$11,915","$9,383"
,80'S,,1,$7,$6
,OTHER,,"4,262","$324,765","$254,060"
,TOTAL,,"4,303","$336,688","$263,449"
62273,SG,,355,"$109,711","$86,150"
,OTHER,,"3,027","$341,272","$266,030"
,TOTAL,,"3,382","$450,983","$352,179"
62280,SG,,14,"$4,663","$3,690"
,OTHER,,317,"$34,934","$27,608"
,TOTAL,,331,"$39,597","$31,298"
62281,OTHER,,"1,343","$254,532","$201,805"
,TOTAL,,"1,343","$254,532","$201,805"
62282,SG,,"1,412","$422,801","$335,014"
,OTHER,,"10,399","$1,808,394","$1,426,390"
,TOTAL,,"11,811","$2,231,195","$1,761,404"
62284,OTHER,,"80,885","$9,036,175","$7,085,206"
,TOTAL,,"80,885","$9,036,175","$7,085,206"
62287,OTHER,,"1,237","$554,211","$438,272"
,TOTAL,,"1,237","$554,211","$438,272"
62290,OTHER,,"17,176","$2,443,186","$1,896,745"
,TOTAL,,"17,176","$2,443,186","$1,896,745"
62291,OTHER,,"1,943","$271,200","$209,904"
,TOTAL,,"1,943","$271,200","$209,904"
62292,OTHER,,72,"$31,255","$24,844"
,TOTAL,,72,"$31,255","$24,844"
62294,OTHER,,21,"$10,983","$8,786"
,TOTAL,,21,"$10,983","$8,786"
62310,SG,,"23,623","$7,458,194","$5,848,539"
,OTHER,,"98,224","$10,942,984","$8,522,516"
,TOTAL,,"121,847","$18,401,178","$14,371,055"
62311,SG,,"167,707","$53,179,464","$41,871,448"
,80'S,,4,$50,$40
,OTHER,,"777,590","$78,030,612","$61,033,226"
,TOTAL,,"945,301","$131,210,126","$102,904,714"
62318,SG,,"1,207","$381,942","$301,616"
,OTHER,,"40,542","$3,709,066","$2,946,586"
,TOTAL,,"41,749","$4,091,008","$3,248,202"
62319,SG,,"5,992","$1,888,992","$1,492,284"
,OTHER,,"92,908","$7,811,381","$6,191,520"
,TOTAL,,"98,900","$9,700,373","$7,683,804"
62350,SG,,320,"$125,502","$96,952"
,80'S,,26,"$1,276","$1,021"
,OTHER,,"6,334","$1,613,653","$1,269,774"
,TOTAL,,"6,680","$1,740,432","$1,367,747"
62351,80'S,,62,"$4,392","$3,301"
,OTHER,,265,"$131,684","$103,166"
,TOTAL,,327,"$136,076","$106,466"
62355,80'S,,8,$196,$157
,OTHER,,"1,196","$260,309","$205,201"
,TOTAL,,"1,204","$260,504","$205,357"
62360,SG,,22,"$7,990","$6,346"
,80'S,,3,$85,$68
,OTHER,,677,"$84,108","$65,497"
,TOTAL,,702,"$92,183","$71,912"
62361,SG,,20,"$5,475","$4,252"
,OTHER,,244,"$51,772","$40,699"
,TOTAL,,264,"$57,247","$44,951"
62362,SG,,178,"$68,033","$51,878"
,80'S,,35,"$2,206","$1,739"
,OTHER,,"5,685","$2,219,522","$1,732,504"
,TOTAL,,"5,898","$2,289,762","$1,786,122"
62365,SG,,91,"$38,141","$29,312"
,80'S,,10,$537,$430
,OTHER,,"1,340","$415,165","$326,566"
,TOTAL,,"1,441","$453,844","$356,308"
62367,SG,,871,"$379,770","$300,575"
,OTHER,,"9,784","$314,757","$236,293"
,TOTAL,,"10,655","$694,527","$536,868"
62368,SG,,"7,326","$3,256,867","$2,574,799"
,OTHER,,"114,112","$5,879,467","$4,477,552"
,TOTAL,,"121,438","$9,136,335","$7,052,350"
63001,80'S,,109,"$14,296","$11,437"
,OTHER,,671,"$465,770","$369,311"
,TOTAL,,780,"$480,067","$380,748"
63003,80'S,,40,"$5,904","$4,723"
,OTHER,,273,"$203,200","$160,127"
,TOTAL,,313,"$209,104","$164,850"
63005,80'S,,420,"$60,205","$47,843"
,OTHER,,"2,368","$1,746,627","$1,386,951"
,TOTAL,,"2,788","$1,806,832","$1,434,794"
63011,80'S,,18,"$1,317","$1,053"
,OTHER,,218,"$101,160","$80,803"
,TOTAL,,236,"$102,477","$81,856"
63012,80'S,,270,"$25,792","$20,545"
,OTHER,,"1,250","$663,266","$525,626"
,TOTAL,,"1,520","$689,059","$546,170"
63015,80'S,,275,"$53,084","$42,194"
,OTHER,,"1,916","$2,123,266","$1,687,155"
,TOTAL,,"2,191","$2,176,350","$1,729,349"
63016,80'S,,51,"$8,281","$6,625"
,OTHER,,212,"$217,380","$172,813"
,TOTAL,,263,"$225,661","$179,438"
63017,80'S,,290,"$44,123","$34,869"
,OTHER,,"1,810","$1,566,616","$1,245,511"
,TOTAL,,"2,100","$1,610,739","$1,280,380"
63020,80'S,,295,"$45,473","$35,726"
,OTHER,,"1,861","$1,596,376","$1,250,532"
,TOTAL,,"2,156","$1,641,849","$1,286,258"
63030,80'S,,"4,835","$619,971","$489,977"
,OTHER,,"32,597","$21,810,231","$17,247,154"
,TOTAL,,"37,432","$22,430,202","$17,737,131"
63035,80'S,,"2,472","$82,348","$65,276"
,OTHER,,"12,745","$2,303,710","$1,830,659"
,TOTAL,,"15,217","$2,386,058","$1,895,936"
63040,80'S,,68,"$12,252","$9,727"
,OTHER,,326,"$356,961","$282,048"
,TOTAL,,394,"$369,214","$291,775"
63042,80'S,,"2,720","$452,957","$358,910"
,OTHER,,"15,067","$14,033,067","$11,083,241"
,TOTAL,,"17,787","$14,486,023","$11,442,151"
63043,80'S,,34,"$1,415","$1,130"
,OTHER,,226,"$58,916","$46,850"
,TOTAL,,260,"$60,331","$47,980"
63044,80'S,,"1,304","$71,845","$57,097"
,OTHER,,"6,468","$1,608,558","$1,276,185"
,TOTAL,,"7,772","$1,680,404","$1,333,282"
63045,80'S,,995,"$168,078","$133,184"
,OTHER,,"5,539","$5,178,907","$4,095,167"
,TOTAL,,"6,534","$5,346,986","$4,228,350"
63046,80'S,,301,"$39,101","$31,201"
,OTHER,,"1,436","$1,070,175","$852,259"
,TOTAL,,"1,737","$1,109,276","$883,459"
63047,80'S,,"14,181","$1,877,261","$1,489,248"
,OTHER,,"81,715","$59,161,567","$46,957,315"
,TOTAL,,"95,896","$61,038,828","$48,446,563"
63048,80'S,,"23,136","$693,893","$552,446"
,OTHER,,"124,089","$21,232,751","$16,887,530"
,TOTAL,,"147,225","$21,926,644","$17,439,976"
63055,80'S,,81,"$15,807","$12,582"
,OTHER,,517,"$601,870","$477,005"
,TOTAL,,598,"$617,677","$489,587"
63056,80'S,,443,"$82,546","$65,698"
,OTHER,,"3,409","$3,513,611","$2,787,059"
,TOTAL,,"3,852","$3,596,157","$2,852,757"
63057,80'S,,108,"$5,379","$4,263"
,OTHER,,974,"$279,150","$221,213"
,TOTAL,,"1,082","$284,529","$225,477"
63064,80'S,,23,"$5,763","$4,611"
,OTHER,,159,"$219,631","$175,409"
,TOTAL,,182,"$225,394","$180,019"
63066,80'S,,17,$547,$438
,OTHER,,80,"$14,706","$11,747"
,TOTAL,,97,"$15,254","$12,185"
63075,80'S,,"3,283","$658,856","$519,074"
,OTHER,,"19,376","$20,489,665","$16,082,328"
,TOTAL,,"22,659","$21,148,521","$16,601,401"
63076,80'S,,"2,085","$80,723","$63,795"
,OTHER,,"11,777","$2,455,068","$1,936,397"
,TOTAL,,"13,862","$2,535,792","$2,000,192"
63077,80'S,,84,"$15,561","$12,025"
,OTHER,,376,"$329,419","$258,892"
,TOTAL,,460,"$344,980","$270,917"
63078,80'S,,41,"$1,317","$1,054"
,OTHER,,235,"$38,002","$30,290"
,TOTAL,,276,"$39,319","$31,343"
63081,80'S,,"1,148","$283,528","$223,795"
,OTHER,,"5,494","$7,504,497","$5,907,726"
,TOTAL,,"6,642","$7,788,025","$6,131,521"
63082,80'S,,937,"$40,268","$31,959"
,OTHER,,"4,508","$1,085,534","$856,138"
,TOTAL,,"5,445","$1,125,802","$888,097"
63085,80'S,,111,"$29,289","$23,413"
,OTHER,,754,"$925,627","$734,915"
,TOTAL,,865,"$954,916","$758,327"
63086,80'S,,61,"$1,864","$1,491"
,OTHER,,339,"$57,017","$45,518"
,TOTAL,,400,"$58,880","$47,009"
63087,80'S,,160,"$56,791","$44,550"
,OTHER,,736,"$1,207,444","$958,197"
,TOTAL,,896,"$1,264,235","$1,002,747"
63088,80'S,,77,"$3,281","$2,568"
,OTHER,,330,"$73,029","$58,011"
,TOTAL,,407,"$76,310","$60,578"
63090,80'S,,172,"$47,832","$37,675"
,OTHER,,"1,109","$1,375,480","$1,087,805"
,TOTAL,,"1,281","$1,423,313","$1,125,480"
63091,80'S,,112,"$3,225","$2,560"
,OTHER,,659,"$98,433","$77,863"
,TOTAL,,771,"$101,658","$80,423"
63170,80'S,,5,$602,$467
,OTHER,,25,"$28,666","$22,853"
,TOTAL,,30,"$29,268","$23,319"
63172,80'S,,14,"$2,563","$2,050"
,OTHER,,125,"$128,973","$103,179"
,TOTAL,,139,"$131,536","$105,229"
63173,80'S,,8,"$1,860","$1,488"
,OTHER,,36,"$45,605","$35,812"
,TOTAL,,44,"$47,465","$37,300"
63180,OTHER,,4,"$2,963","$2,370"
,TOTAL,,4,"$2,963","$2,370"
63182,OTHER,,4,"$3,097","$2,478"
,TOTAL,,4,"$3,097","$2,478"
63185,80'S,,6,$548,$439
,OTHER,,59,"$42,072","$33,323"
,TOTAL,,65,"$42,620","$33,761"
63190,80'S,,2,$289,$231
,OTHER,,28,"$27,079","$21,660"
,TOTAL,,30,"$27,367","$21,891"
63191,OTHER,,1,"$1,327","$1,062"
,TOTAL,,1,"$1,327","$1,062"
63194,OTHER,,3,"$2,106","$1,685"
,TOTAL,,3,"$2,106","$1,685"
63195,80'S,,2,$412,$330
,OTHER,,12,"$12,831","$10,265"
,TOTAL,,14,"$13,243","$10,595"
63197,OTHER,,6,"$6,031","$4,825"
,TOTAL,,6,"$6,031","$4,825"
63200,80'S,,15,"$2,917","$2,334"
,OTHER,,82,"$87,189","$69,732"
,TOTAL,,97,"$90,106","$72,065"
63250,80'S,,3,"$1,018",$814
,OTHER,,10,"$22,122","$17,625"
,TOTAL,,13,"$23,139","$18,439"
63251,80'S,,6,"$2,445","$1,956"
,OTHER,,33,"$82,680","$66,068"
,TOTAL,,39,"$85,125","$68,024"
63252,80'S,,3,"$1,077",$861
,OTHER,,21,"$48,821","$39,057"
,TOTAL,,24,"$49,897","$39,918"
63265,80'S,,49,"$9,423","$7,539"
,OTHER,,287,"$317,319","$250,836"
,TOTAL,,336,"$326,742","$258,375"
63266,80'S,,49,"$11,096","$8,877"
,OTHER,,446,"$543,978","$431,620"
,TOTAL,,495,"$555,074","$440,496"
63267,80'S,,376,"$63,003","$50,106"
,OTHER,,"2,216","$2,056,937","$1,632,524"
,TOTAL,,"2,592","$2,119,940","$1,682,630"
63268,80'S,,9,"$1,384","$1,001"
,OTHER,,67,"$44,202","$35,006"
,TOTAL,,76,"$45,587","$36,006"
63270,80'S,,6,"$1,480","$1,184"
,OTHER,,58,"$80,516","$60,712"
,TOTAL,,64,"$81,996","$61,896"
63271,80'S,,35,"$8,192","$6,363"
,OTHER,,187,"$290,638","$230,583"
,TOTAL,,222,"$298,830","$236,945"
63272,80'S,,66,"$16,384","$13,108"
,OTHER,,338,"$451,852","$361,415"
,TOTAL,,404,"$468,237","$374,523"
63273,80'S,,3,$633,$507
,OTHER,,16,"$20,198","$16,158"
,TOTAL,,19,"$20,831","$16,665"
63275,80'S,,29,"$6,132","$4,905"
,OTHER,,161,"$202,729","$162,100"
,TOTAL,,190,"$208,860","$167,005"
63276,80'S,,141,"$31,570","$25,171"
,OTHER,,835,"$1,059,272","$840,912"
,TOTAL,,976,"$1,090,841","$866,083"
63277,80'S,,119,"$22,462","$17,957"
,OTHER,,601,"$641,838","$506,162"
,TOTAL,,720,"$664,300","$524,119"
63278,80'S,,9,"$1,354","$1,083"
,OTHER,,61,"$58,084","$46,062"
,TOTAL,,70,"$59,438","$47,145"
63280,80'S,,44,"$11,743","$9,394"
,OTHER,,179,"$289,259","$230,804"
,TOTAL,,223,"$301,001","$240,198"
63281,80'S,,110,"$31,093","$24,874"
,OTHER,,543,"$869,227","$693,827"
,TOTAL,,653,"$900,320","$718,702"
63282,80'S,,71,"$18,501","$14,791"
,OTHER,,374,"$544,562","$429,770"
,TOTAL,,445,"$563,063","$444,561"
63283,80'S,,2,$527,$422
,OTHER,,25,"$33,836","$27,069"
,TOTAL,,27,"$34,363","$27,491"
63285,80'S,,13,"$4,654","$3,607"
,OTHER,,65,"$141,422","$109,451"
,TOTAL,,78,"$146,076","$113,058"
63286,80'S,,25,"$8,910","$7,128"
,OTHER,,113,"$229,805","$183,330"
,TOTAL,,138,"$238,715","$190,458"
63287,80'S,,12,"$4,599","$3,442"
,OTHER,,64,"$132,414","$104,123"
,TOTAL,,76,"$137,013","$107,564"
63290,80'S,,12,"$4,587","$3,669"
,OTHER,,50,"$112,394","$89,915"
,TOTAL,,62,"$116,981","$93,585"
63300,80'S,,23,"$5,574","$4,459"
,OTHER,,134,"$174,304","$138,674"
,TOTAL,,157,"$179,878","$143,133"
63301,80'S,,16,"$4,339","$3,471"
,OTHER,,110,"$138,870","$108,463"
,TOTAL,,126,"$143,209","$111,934"
63302,80'S,,5,"$1,014",$811
,OTHER,,33,"$46,274","$37,019"
,TOTAL,,38,"$47,287","$37,830"
63303,80'S,,9,"$2,701","$2,160"
,OTHER,,63,"$88,963","$71,170"
,TOTAL,,72,"$91,663","$73,331"
63304,80'S,,2,$557,$445
,OTHER,,14,"$20,309","$16,222"
,TOTAL,,16,"$20,866","$16,668"
63305,80'S,,1,$315,$252
,OTHER,,12,"$21,631","$17,260"
,TOTAL,,13,"$21,947","$17,512"
63306,OTHER,,8,"$12,366","$9,893"
,TOTAL,,8,"$12,366","$9,893"
63307,80'S,,1,$319,$256
,OTHER,,14,"$16,777","$13,422"
,TOTAL,,15,"$17,097","$13,677"
63308,80'S,,32,"$1,611","$1,289"
,OTHER,,136,"$42,853","$34,082"
,TOTAL,,168,"$44,464","$35,371"
63600,SG,,38,"$16,121","$12,772"
,OTHER,,187,"$125,430","$99,385"
,TOTAL,,225,"$141,551","$112,156"
63610,SG,,5,"$1,726","$1,381"
,OTHER,,11,"$3,610","$2,888"
,TOTAL,,16,"$5,336","$4,269"
63615,OTHER,,9,"$3,027","$1,736"
,TOTAL,,9,"$3,027","$1,736"
63650,SG,,429,"$168,000","$131,313"
,80'S,,1,$57,$46
,OTHER,,"5,859","$1,701,597","$1,336,678"
,TOTAL,,"6,289","$1,869,654","$1,468,037"
63655,80'S,,111,"$11,511","$8,755"
,OTHER,,890,"$524,833","$409,224"
,TOTAL,,"1,001","$536,344","$417,979"
63660,SG,,246,"$71,741","$56,233"
,80'S,,6,$276,$221
,OTHER,,"2,158","$686,347","$536,262"
,TOTAL,,"2,410","$758,365","$592,715"
63685,SG,,68,"$26,652","$20,537"
,80'S,,119,"$6,304","$4,999"
,OTHER,,"2,181","$768,527","$603,440"
,TOTAL,,"2,368","$801,483","$628,976"
63688,SG,,149,"$42,727","$33,629"
,OTHER,,"1,882","$493,417","$384,465"
,TOTAL,,"2,031","$536,144","$418,094"
63700,80'S,,9,"$1,276","$1,021"
,OTHER,,49,"$35,238","$28,110"
,TOTAL,,58,"$36,514","$29,131"
63702,80'S,,3,$343,$274
,OTHER,,14,"$9,617","$7,694"
,TOTAL,,17,"$9,960","$7,968"
63704,OTHER,,4,"$3,789","$3,031"
,TOTAL,,4,"$3,789","$3,031"
63706,80'S,,6,"$1,280","$1,024"
,OTHER,,10,"$13,357","$10,686"
,TOTAL,,16,"$14,637","$11,710"
63707,80'S,,155,"$14,551","$11,552"
,OTHER,,"1,084","$539,869","$428,259"
,TOTAL,,"1,239","$554,420","$439,811"
63709,80'S,,186,"$21,026","$16,710"
,OTHER,,908,"$572,107","$455,080"
,TOTAL,,"1,094","$593,133","$471,791"
63710,80'S,,65,"$5,540","$4,287"
,OTHER,,339,"$173,506","$137,599"
,TOTAL,,404,"$179,046","$141,886"
63740,80'S,,15,"$1,511","$1,118"
,OTHER,,145,"$82,967","$64,679"
,TOTAL,,160,"$84,479","$65,796"
63741,80'S,,14,$852,$660
,OTHER,,237,"$93,312","$73,809"
,TOTAL,,251,"$94,164","$74,470"
63744,80'S,,6,$388,$311
,OTHER,,128,"$52,450","$40,889"
,TOTAL,,134,"$52,838","$41,200"
63746,OTHER,,40,"$13,972","$10,479"
,TOTAL,,40,"$13,972","$10,479"
64400,OTHER,,"7,438","$782,413","$611,285"
,TOTAL,,"7,438","$782,413","$611,285"
64402,OTHER,,"2,073","$208,753","$163,006"
,TOTAL,,"2,073","$208,753","$163,006"
64405,OTHER,,"34,602","$2,521,482","$1,942,053"
,TOTAL,,"34,602","$2,521,482","$1,942,053"
64408,OTHER,,747,"$73,281","$57,639"
,TOTAL,,747,"$73,281","$57,639"
64410,SG,,2,$648,$518
,OTHER,,50,"$4,188","$3,276"
,TOTAL,,52,"$4,836","$3,794"
64412,OTHER,,"1,515","$135,165","$104,908"
,TOTAL,,"1,515","$135,165","$104,908"
64413,OTHER,,"5,822","$622,781","$484,669"
,TOTAL,,"5,822","$622,781","$484,669"
64415,SG,,"1,232","$269,290","$212,699"
,OTHER,,"30,500","$2,023,462","$1,594,784"
,TOTAL,,"31,732","$2,292,752","$1,807,483"
64417,SG,,130,"$30,359","$23,949"
,OTHER,,"2,754","$185,120","$145,526"
,TOTAL,,"2,884","$215,479","$169,475"
64418,OTHER,,"10,915","$1,120,268","$871,292"
,TOTAL,,"10,915","$1,120,268","$871,292"
64420,SG,,482,"$132,630","$103,386"
,OTHER,,"6,372","$522,895","$404,475"
,TOTAL,,"6,854","$655,525","$507,861"
64421,SG,,"1,536","$421,607","$332,870"
,OTHER,,"16,874","$1,703,891","$1,333,628"
,TOTAL,,"18,410","$2,125,498","$1,666,498"
64425,OTHER,,"7,093","$756,311","$588,041"
,TOTAL,,"7,093","$756,311","$588,041"
64430,SG,,97,"$20,388","$16,104"
,OTHER,,"5,433","$467,420","$367,947"
,TOTAL,,"5,530","$487,808","$384,051"
64435,OTHER,,"2,003","$216,086","$168,883"
,TOTAL,,"2,003","$216,086","$168,883"
64445,OTHER,,"27,376","$2,540,120","$1,985,456"
,TOTAL,,"27,376","$2,540,120","$1,985,456"
64450,OTHER,,"191,167","$16,682,539","$12,989,366"
,TOTAL,,"191,167","$16,682,539","$12,989,366"
64470,SG,,"7,355","$2,098,091","$1,653,369"
,OTHER,,"42,031","$6,846,570","$5,360,210"
,TOTAL,,"49,386","$8,944,661","$7,013,579"
64472,SG,,"10,999","$2,345,907","$1,860,356"
,OTHER,,"62,084","$7,878,393","$6,236,324"
,TOTAL,,"73,083","$10,224,299","$8,096,681"
64475,SG,,"30,542","$8,880,619","$7,016,306"
,OTHER,,"156,120","$19,545,902","$15,345,246"
,TOTAL,,"186,662","$28,426,521","$22,361,552"
64476,SG,,"45,575","$9,525,488","$7,570,426"
,OTHER,,"241,736","$25,364,203","$20,113,392"
,TOTAL,,"287,311","$34,889,691","$27,683,818"
64479,SG,,"3,218","$1,001,546","$782,709"
,OTHER,,"18,568","$3,145,132","$2,460,850"
,TOTAL,,"21,786","$4,146,678","$3,243,559"
64480,SG,,"1,400","$274,120","$213,103"
,OTHER,,"10,934","$1,666,796","$1,323,008"
,TOTAL,,"12,334","$1,940,916","$1,536,111"
64483,SG,,"43,385","$13,441,961","$10,617,786"
,OTHER,,"175,643","$23,795,547","$18,626,985"
,TOTAL,,"219,028","$37,237,508","$29,244,770"
64484,SG,,"15,667","$3,063,973","$2,426,273"
,OTHER,,"78,606","$9,077,831","$7,204,169"
,TOTAL,,"94,273","$12,141,804","$9,630,441"
64505,OTHER,,"4,863","$667,814","$525,847"
,TOTAL,,"4,863","$667,814","$525,847"
64508,OTHER,,17,"$1,573","$1,223"
,TOTAL,,17,"$1,573","$1,223"
64510,SG,,"2,229","$698,823","$550,075"
,OTHER,,"10,171","$705,531","$544,539"
,TOTAL,,"12,400","$1,404,354","$1,094,614"
64520,SG,,"2,994","$894,714","$698,700"
,OTHER,,"15,964","$1,528,865","$1,196,755"
,TOTAL,,"18,958","$2,423,579","$1,895,455"
64530,SG,,231,"$71,262","$54,493"
,OTHER,,"1,465","$115,372","$88,726"
,TOTAL,,"1,696","$186,634","$143,218"
64550,OTHER,,"20,279","$463,019","$359,788"
,TOTAL,,"20,279","$463,019","$359,788"
64553,OTHER,,63,"$6,134","$4,850"
,TOTAL,,63,"$6,134","$4,850"
64555,OTHER,,538,"$80,110","$62,617"
,TOTAL,,538,"$80,110","$62,617"
64560,OTHER,,16,"$1,468","$1,053"
,TOTAL,,16,"$1,468","$1,053"
64561,OTHER,,"1,395","$589,468","$464,550"
,TOTAL,,"1,395","$589,468","$464,550"
64565,OTHER,,699,"$125,064","$98,749"
,TOTAL,,699,"$125,064","$98,749"
64573,80'S,,25,"$1,981","$1,585"
,OTHER,,"1,134","$558,281","$438,252"
,TOTAL,,"1,159","$560,262","$439,837"
64575,SG,,8,"$2,393","$1,915"
,80'S,,1,$44,$35
,OTHER,,72,"$16,771","$12,928"
,TOTAL,,81,"$19,208","$14,878"
64577,OTHER,,6,"$1,296","$1,036"
,TOTAL,,6,"$1,296","$1,036"
64580,OTHER,,14,"$2,832","$1,845"
,TOTAL,,14,"$2,832","$1,845"
64581,OTHER,,"1,065","$758,876","$599,571"
,TOTAL,,"1,065","$758,876","$599,571"
64585,80'S,,8,$203,$163
,OTHER,,453,"$64,704","$50,888"
,TOTAL,,461,"$64,908","$51,050"
64590,SG,,6,"$1,944","$1,555"
,80'S,,33,$801,$641
,OTHER,,989,"$142,516","$112,581"
,TOTAL,,"1,028","$145,261","$114,777"
64595,SG,,5,"$1,653","$1,323"
,80'S,,2,$23,$18
,OTHER,,219,"$24,106","$18,873"
,TOTAL,,226,"$25,782","$20,214"
64600,SG,,32,"$9,587","$7,503"
,OTHER,,759,"$137,411","$106,585"
,TOTAL,,791,"$146,998","$114,087"
64605,SG,,19,"$4,980","$3,984"
,80'S,,1,$63,$51
,OTHER,,68,"$19,822","$15,283"
,TOTAL,,88,"$24,865","$19,318"
64610,SG,,8,"$2,649","$1,810"
,OTHER,,647,"$226,690","$179,616"
,TOTAL,,655,"$229,339","$181,426"
64612,OTHER,,"52,744","$8,738,941","$6,701,143"
,TOTAL,,"52,744","$8,738,941","$6,701,143"
64613,OTHER,,"25,042","$2,961,194","$2,254,035"
,TOTAL,,"25,042","$2,961,194","$2,254,035"
64614,OTHER,,"16,074","$2,508,875","$1,943,590"
,TOTAL,,"16,074","$2,508,875","$1,943,590"
64620,SG,,163,"$43,305","$34,543"
,OTHER,,"2,182","$240,523","$189,272"
,TOTAL,,"2,345","$283,829","$223,815"
64622,SG,,"6,712","$1,970,010","$1,556,000"
,OTHER,,"25,778","$4,527,040","$3,554,616"
,TOTAL,,"32,490","$6,497,050","$5,110,616"
64623,SG,,"12,966","$2,469,560","$1,958,782"
,OTHER,,"63,471","$5,082,500","$4,027,993"
,TOTAL,,"76,437","$7,552,060","$5,986,774"
64626,SG,,"1,418","$403,645","$316,478"
,OTHER,,"5,278","$983,738","$768,720"
,TOTAL,,"6,696","$1,387,383","$1,085,198"
64627,SG,,"2,825","$545,777","$428,265"
,OTHER,,"12,309","$1,151,947","$913,146"
,TOTAL,,"15,134","$1,697,724","$1,341,411"
64630,SG,,15,"$6,625","$5,229"
,OTHER,,363,"$51,534","$41,147"
,TOTAL,,378,"$58,158","$46,376"
64640,OTHER,,"75,519","$14,471,513","$11,341,729"
,TOTAL,,"75,519","$14,471,513","$11,341,729"
64680,SG,,65,"$25,428","$20,029"
,OTHER,,"1,449","$207,445","$163,101"
,TOTAL,,"1,514","$232,874","$183,130"
64702,SG,,118,"$23,920","$19,126"
,OTHER,,583,"$112,398","$88,689"
,TOTAL,,701,"$136,318","$107,815"
64704,SG,,320,"$72,488","$57,422"
,80'S,,223,"$7,489","$5,991"
,OTHER,,"1,744","$311,989","$247,022"
,TOTAL,,"2,287","$391,966","$310,436"
64708,SG,,267,"$85,543","$67,364"
,80'S,,163,"$8,607","$6,746"
,OTHER,,"1,901","$597,474","$470,875"
,TOTAL,,"2,331","$691,623","$544,985"
64712,SG,,36,"$11,494","$8,924"
,80'S,,96,"$4,657","$3,665"
,OTHER,,715,"$289,325","$228,962"
,TOTAL,,847,"$305,477","$241,551"
64713,SG,,16,"$5,833","$4,622"
,80'S,,49,"$3,561","$2,849"
,OTHER,,295,"$119,047","$94,370"
,TOTAL,,360,"$128,442","$101,841"
64714,SG,,574,"$209,362","$166,985"
,80'S,,39,"$2,026","$1,621"
,OTHER,,"1,058","$449,214","$356,324"
,TOTAL,,"1,671","$660,601","$524,930"
64716,SG,,16,"$7,149","$5,719"
,80'S,,38,"$1,504","$1,197"
,OTHER,,205,"$53,782","$42,988"
,TOTAL,,259,"$62,435","$49,904"
64718,SG,,"1,973","$711,632","$560,740"
,80'S,,52,"$3,007","$2,400"
,OTHER,,"8,666","$3,332,024","$2,614,760"
,TOTAL,,"10,691","$4,046,663","$3,177,900"
64719,SG,,940,"$264,122","$209,054"
,OTHER,,"3,157","$634,131","$501,629"
,TOTAL,,"4,097","$898,253","$710,683"
64721,SG,,"27,559","$11,267,100","$8,892,915"
,80'S,,5,$328,$262
,OTHER,,"93,685","$33,934,655","$26,718,161"
,TOTAL,,"121,249","$45,202,082","$35,611,339"
64722,SG,,254,"$58,534","$46,289"
,80'S,,63,"$2,187","$1,750"
,OTHER,,"2,276","$527,267","$418,669"
,TOTAL,,"2,593","$587,988","$466,707"
64726,SG,,55,"$11,542","$8,913"
,OTHER,,227,"$51,083","$39,179"
,TOTAL,,282,"$62,625","$48,091"
64727,SG,,361,"$60,006","$47,522"
,OTHER,,"2,037","$378,568","$300,399"
,TOTAL,,"2,398","$438,574","$347,921"
64732,SG,,2,$827,$661
,80'S,,2,$70,$56
,OTHER,,28,"$7,263","$5,542"
,TOTAL,,32,"$8,160","$6,260"
64734,SG,,5,"$1,900","$1,520"
,OTHER,,74,"$22,184","$17,532"
,TOTAL,,79,"$24,084","$19,052"
64736,80'S,,1,$25,$20
,OTHER,,34,"$8,639","$6,724"
,TOTAL,,35,"$8,663","$6,744"
64738,80'S,,2,$110,$88
,OTHER,,20,"$7,067","$5,574"
,TOTAL,,22,"$7,178","$5,662"
64740,80'S,,3,$89,$71
,OTHER,,11,"$2,723","$2,179"
,TOTAL,,14,"$2,813","$2,250"
64742,SG,,6,"$1,987","$1,589"
,80'S,,1,$38,$31
,OTHER,,30,"$8,223","$6,578"
,TOTAL,,37,"$10,247","$8,198"
64744,SG,,5,"$1,938","$1,550"
,OTHER,,71,"$22,915","$17,851"
,TOTAL,,76,"$24,852","$19,401"
64746,80'S,,4,$131,$105
,OTHER,,13,"$3,703","$2,962"
,TOTAL,,17,"$3,834","$3,067"
64752,80'S,,6,$301,$241
,OTHER,,17,"$5,169","$4,135"
,TOTAL,,23,"$5,470","$4,376"
64755,80'S,,3,$229,$183
,OTHER,,13,"$6,026","$4,821"
,TOTAL,,16,"$6,255","$5,004"
64760,80'S,,9,$306,$245
,OTHER,,116,"$19,042","$15,220"
,TOTAL,,125,"$19,348","$15,464"
64761,OTHER,,8,"$1,672","$1,338"
,TOTAL,,8,"$1,672","$1,338"
64763,80'S,,4,$213,$170
,OTHER,,13,"$5,097","$4,078"
,TOTAL,,17,"$5,310","$4,248"
64766,OTHER,,3,"$1,032",$826
,TOTAL,,3,"$1,032",$826
64771,SG,,5,"$1,492","$1,193"
,80'S,,2,$106,$30
,OTHER,,42,"$14,355","$11,442"
,TOTAL,,49,"$15,954","$12,665"
64772,SG,,22,"$6,961","$5,566"
,80'S,,10,$538,$425
,OTHER,,215,"$67,057","$52,744"
,TOTAL,,247,"$74,556","$58,735"
64774,SG,,68,"$22,338","$17,643"
,OTHER,,480,"$99,862","$78,251"
,TOTAL,,548,"$122,200","$95,895"
64776,SG,,178,"$74,748","$58,730"
,OTHER,,292,"$69,652","$54,579"
,TOTAL,,470,"$144,400","$113,308"
64778,SG,,9,"$2,154","$1,447"
,OTHER,,13,"$2,301","$1,737"
,TOTAL,,22,"$4,455","$3,184"
64782,SG,,299,"$120,483","$95,731"
,OTHER,,916,"$254,627","$200,805"
,TOTAL,,"1,215","$375,110","$296,537"
64783,SG,,21,"$5,796","$4,637"
,OTHER,,43,"$8,911","$7,129"
,TOTAL,,64,"$14,707","$11,765"
64784,SG,,75,"$28,312","$22,410"
,80'S,,5,$374,$300
,OTHER,,471,"$229,575","$180,852"
,TOTAL,,551,"$258,261","$203,562"
64786,SG,,2,"$1,015",$812
,80'S,,5,$653,$522
,OTHER,,56,"$47,379","$37,453"
,TOTAL,,63,"$49,046","$38,787"
64787,SG,,85,"$19,621","$15,482"
,80'S,,4,$172,$138
,OTHER,,314,"$77,513","$60,486"
,TOTAL,,403,"$97,306","$76,105"
64788,SG,,30,"$13,738","$10,911"
,OTHER,,265,"$64,955","$51,417"
,TOTAL,,295,"$78,693","$62,327"
64790,SG,,19,"$8,831","$7,065"
,80'S,,3,$310,$248
,OTHER,,164,"$114,931","$90,819"
,TOTAL,,186,"$124,072","$98,133"
64792,SG,,7,"$3,149","$2,519"
,80'S,,6,$745,$518
,OTHER,,74,"$59,661","$47,125"
,TOTAL,,87,"$63,555","$50,163"
64795,SG,,117,"$46,551","$36,685"
,OTHER,,"1,630","$291,010","$229,147"
,TOTAL,,"1,747","$337,561","$265,832"
64802,SG,,1,$412,$329
,80'S,,1,$47,$38
,OTHER,,17,"$6,809","$5,447"
,TOTAL,,19,"$7,268","$5,814"
64804,80'S,,5,$523,$419
,OTHER,,43,"$31,068","$23,774"
,TOTAL,,48,"$31,592","$24,192"
64809,80'S,,2,$231,$185
,OTHER,,21,"$12,768","$10,192"
,TOTAL,,23,"$12,999","$10,377"
64818,80'S,,49,"$4,089","$3,271"
,OTHER,,428,"$213,228","$167,494"
,TOTAL,,477,"$217,317","$170,765"
64820,OTHER,,317,"$127,812","$98,709"
,TOTAL,,317,"$127,812","$98,709"
64821,OTHER,,49,"$17,327","$13,862"
,TOTAL,,49,"$17,327","$13,862"
64822,OTHER,,53,"$18,325","$14,660"
,TOTAL,,53,"$18,325","$14,660"
64823,OTHER,,43,"$22,317","$17,748"
,TOTAL,,43,"$22,317","$17,748"
64831,SG,,176,"$90,765","$71,523"
,OTHER,,"1,168","$479,774","$378,122"
,TOTAL,,"1,344","$570,540","$449,645"
64832,SG,,32,"$5,190","$4,152"
,80'S,,5,$320,$256
,OTHER,,267,"$87,318","$69,854"
,TOTAL,,304,"$92,828","$74,262"
64834,SG,,14,"$4,592","$3,674"
,OTHER,,134,"$60,367","$47,486"
,TOTAL,,148,"$64,960","$51,160"
64835,SG,,7,"$3,166","$2,251"
,80'S,,3,$336,$269
,OTHER,,52,"$24,826","$19,343"
,TOTAL,,62,"$28,328","$21,863"
64836,SG,,6,"$2,242","$1,793"
,80'S,,1,$119,$95
,OTHER,,60,"$25,150","$20,061"
,TOTAL,,67,"$27,511","$21,949"
64837,OTHER,,16,"$5,971","$4,777"
,TOTAL,,16,"$5,971","$4,777"
64840,SG,,1,$440,$352
,80'S,,1,$109,$87
,OTHER,,13,"$7,403","$5,765"
,TOTAL,,15,"$7,952","$6,204"
64856,SG,,9,"$2,422","$1,937"
,OTHER,,170,"$111,203","$86,578"
,TOTAL,,179,"$113,625","$88,515"
64857,SG,,9,"$2,842","$2,273"
,80'S,,4,$562,$449
,OTHER,,136,"$110,046","$86,852"
,TOTAL,,149,"$113,449","$89,574"
64858,OTHER,,5,"$5,187","$4,150"
,TOTAL,,5,"$5,187","$4,150"
64859,SG,,1,$169,$135
,80'S,,1,$45,$36
,OTHER,,17,"$4,239","$3,372"
,TOTAL,,19,"$4,453","$3,542"
64861,80'S,,1,$196,$157
,OTHER,,5,"$5,104","$4,083"
,TOTAL,,6,"$5,301","$4,241"
64864,SG,,6,"$1,266","$1,013"
,80'S,,20,"$1,226",$981
,OTHER,,108,"$59,239","$47,260"
,TOTAL,,134,"$61,731","$49,254"
64865,80'S,,3,$316,$253
,OTHER,,26,"$16,114","$12,891"
,TOTAL,,29,"$16,430","$13,144"
64866,80'S,,3,$238,$191
,OTHER,,6,"$3,692","$2,953"
,TOTAL,,9,"$3,930","$3,144"
64868,80'S,,5,$366,$293
,OTHER,,28,"$17,136","$13,709"
,TOTAL,,33,"$17,502","$14,002"
64870,OTHER,,1,$19,$15
,TOTAL,,1,$19,$15
64872,SG,,3,$658,$526
,OTHER,,21,"$2,438","$1,950"
,TOTAL,,24,"$3,096","$2,477"
64874,OTHER,,10,"$1,663","$1,330"
,TOTAL,,10,"$1,663","$1,330"
64885,80'S,,7,$774,$619
,OTHER,,76,"$55,447","$44,358"
,TOTAL,,83,"$56,221","$44,977"
64886,80'S,,9,"$1,240",$992
,OTHER,,95,"$91,693","$72,608"
,TOTAL,,104,"$92,932","$73,600"
64890,SG,,5,"$1,308","$1,029"
,80'S,,3,$333,$150
,OTHER,,46,"$34,916","$27,896"
,TOTAL,,54,"$36,557","$29,074"
64891,OTHER,,20,"$6,820","$4,904"
,TOTAL,,20,"$6,820","$4,904"
64892,SG,,2,$623,$498
,OTHER,,8,"$4,069","$3,255"
,TOTAL,,10,"$4,692","$3,753"
64893,80'S,,1,$147,$117
,OTHER,,7,"$4,750","$3,800"
,TOTAL,,8,"$4,897","$3,918"
64895,SG,,1,$496,$397
,80'S,,1,$145,$116
,OTHER,,31,"$15,009","$11,927"
,TOTAL,,33,"$15,650","$12,440"
64896,80'S,,1,$202,$162
,OTHER,,7,"$7,685","$5,545"
,TOTAL,,8,"$7,887","$5,707"
64897,80'S,,3,$511,$374
,OTHER,,18,"$12,730","$9,845"
,TOTAL,,21,"$13,241","$10,219"
64898,80'S,,2,$294,$235
,OTHER,,41,"$48,637","$38,909"
,TOTAL,,43,"$48,931","$39,144"
64901,SG,,1,$217,$156
,80'S,,2,$193,$154
,OTHER,,17,"$10,431","$8,345"
,TOTAL,,20,"$10,841","$8,655"
64902,80'S,,4,$431,$345
,OTHER,,24,"$16,337","$13,069"
,TOTAL,,28,"$16,767","$13,414"
64905,OTHER,,4,"$2,718","$2,175"
,TOTAL,,4,"$2,718","$2,175"
64999,80'S,,59,"$8,975","$7,180"
,OTHER,,"1,759","$983,043","$781,315"
,TOTAL,,"1,818","$992,018","$788,495"
65091,SG,EYE,23,"$10,637","$8,385"
,80'S,,1,$139,$111
,OTHER,,141,"$86,355","$68,740"
,TOTAL,,165,"$97,131","$77,236"
65093,SG,,168,"$78,459","$61,909"
,OTHER,,717,"$454,575","$360,032"
,TOTAL,,885,"$533,034","$421,941"
65101,SG,,21,"$10,079","$7,777"
,OTHER,,155,"$95,722","$76,453"
,TOTAL,,176,"$105,801","$84,230"
65103,SG,,54,"$25,484","$20,146"
,OTHER,,354,"$244,773","$194,287"
,TOTAL,,408,"$270,258","$214,433"
65105,SG,,188,"$112,108","$89,147"
,80'S,,56,"$7,012","$5,610"
,OTHER,,"1,095","$811,221","$641,011"
,TOTAL,,"1,339","$930,341","$735,768"
65110,SG,,8,"$5,469","$4,375"
,80'S,,6,"$1,094",$875
,OTHER,,108,"$109,900","$87,804"
,TOTAL,,122,"$116,463","$93,055"
65112,80'S,,4,$742,$593
,OTHER,,39,"$42,477","$33,889"
,TOTAL,,43,"$43,219","$34,482"
65114,80'S,,1,$221,$177
,OTHER,,28,"$37,124","$29,699"
,TOTAL,,29,"$37,345","$29,876"
65125,OTHER,,39,"$6,722","$5,248"
,TOTAL,,39,"$6,722","$5,248"
65130,SG,,13,"$5,761","$4,549"
,OTHER,,27,"$15,727","$12,494"
,TOTAL,,40,"$21,488","$17,043"
65135,SG,,10,"$3,413","$2,731"
,OTHER,,48,"$30,666","$24,453"
,TOTAL,,58,"$34,079","$27,184"
65140,SG,,13,"$5,746","$4,597"
,OTHER,,35,"$23,144","$18,487"
,TOTAL,,48,"$28,890","$23,083"
65150,SG,,6,"$2,340","$1,872"
,OTHER,,45,"$24,450","$18,829"
,TOTAL,,51,"$26,789","$20,701"
65155,SG,,18,"$7,619","$6,065"
,OTHER,,82,"$55,224","$42,820"
,TOTAL,,100,"$62,844","$48,884"
65175,SG,,26,"$6,065","$4,852"
,OTHER,,158,"$73,596","$58,427"
,TOTAL,,184,"$79,661","$63,279"
65205,OTHER,,"20,280","$930,981","$656,169"
,TOTAL,,"20,280","$930,981","$656,169"
65210,OTHER,,"21,171","$1,215,025","$881,928"
,TOTAL,,"21,171","$1,215,025","$881,928"
65220,OTHER,,"3,568","$571,547","$435,425"
,TOTAL,,"3,568","$571,547","$435,425"
65222,OTHER,,"31,603","$1,926,629","$1,362,392"
,TOTAL,,"31,603","$1,926,629","$1,362,392"
65235,SG,,113,"$45,085","$35,810"
,OTHER,,182,"$76,301","$60,793"
,TOTAL,,295,"$121,386","$96,603"
65260,SG,,3,"$1,290","$1,032"
,80'S,,1,$66,$53
,OTHER,,24,"$14,541","$11,428"
,TOTAL,,28,"$15,898","$12,514"
65265,SG,,24,"$10,865","$8,692"
,80'S,,21,"$2,402","$1,921"
,OTHER,,181,"$136,761","$108,264"
,TOTAL,,226,"$150,028","$118,877"
65270,SG,,33,"$12,753","$10,197"
,OTHER,,127,"$19,760","$15,528"
,TOTAL,,160,"$32,513","$25,725"
65272,SG,,17,"$6,213","$4,971"
,OTHER,,55,"$14,269","$11,083"
,TOTAL,,72,"$20,483","$16,054"
65273,OTHER,,19,"$5,195","$4,126"
,TOTAL,,19,"$5,195","$4,126"
65275,SG,,25,"$13,927","$11,141"
,OTHER,,140,"$42,340","$32,949"
,TOTAL,,165,"$56,267","$44,090"
65280,SG,,46,"$24,643","$19,512"
,80'S,,2,$153,$122
,OTHER,,313,"$147,491","$116,176"
,TOTAL,,361,"$172,287","$135,810"
65285,SG,,129,"$70,756","$56,246"
,80'S,,41,"$6,356","$5,085"
,OTHER,,"1,244","$1,152,666","$914,467"
,TOTAL,,"1,414","$1,229,778","$975,798"
65286,OTHER,,505,"$238,410","$188,810"
,TOTAL,,505,"$238,410","$188,810"
65290,SG,,8,"$4,166","$3,333"
,OTHER,,63,"$19,255","$15,386"
,TOTAL,,71,"$23,421","$18,719"
65400,SG,,"1,005","$275,138","$217,876"
,80'S,,1,$90,$72
,OTHER,,"3,857","$1,695,784","$1,338,340"
,TOTAL,,"4,863","$1,971,013","$1,556,289"
65410,SG,,37,"$14,595","$11,628"
,OTHER,,178,"$12,873","$9,924"
,TOTAL,,215,"$27,467","$21,552"
65420,SG,,"2,279","$742,664","$586,058"
,OTHER,,"6,059","$2,012,607","$1,581,711"
,TOTAL,,"8,338","$2,755,271","$2,167,769"
65426,SG,,"1,782","$1,193,916","$941,156"
,OTHER,,"4,040","$1,612,895","$1,266,790"
,TOTAL,,"5,822","$2,806,811","$2,207,947"
65430,OTHER,,"4,571","$1,289,643","$1,011,489"
,TOTAL,,"4,571","$1,289,643","$1,011,489"
65435,OTHER,,"4,194","$303,146","$226,873"
,TOTAL,,"4,194","$303,146","$226,873"
65436,OTHER,,931,"$301,076","$237,961"
,TOTAL,,931,"$301,076","$237,961"
65450,OTHER,,607,"$190,735","$150,786"
,TOTAL,,607,"$190,735","$150,786"
65600,OTHER,,729,"$192,359","$148,945"
,TOTAL,,729,"$192,359","$148,945"
65710,SG,,317,"$306,588","$243,970"
,80'S,,26,"$4,254","$3,403"
,OTHER,,731,"$660,466","$523,706"
,TOTAL,,"1,074","$971,308","$771,079"
65730,SG,,"2,432","$2,315,074","$1,841,159"
,80'S,,401,"$64,734","$51,413"
,OTHER,,"5,275","$4,916,383","$3,896,461"
,TOTAL,,"8,108","$7,296,190","$5,789,034"
65750,SG,,549,"$527,567","$419,583"
,80'S,,184,"$32,936","$26,218"
,OTHER,,"1,313","$1,404,409","$1,114,576"
,TOTAL,,"2,046","$1,964,912","$1,560,378"
65755,SG,,"3,321","$3,196,019","$2,543,970"
,80'S,,948,"$171,636","$135,923"
,OTHER,,"9,870","$10,385,637","$8,243,682"
,TOTAL,,"14,139","$13,753,292","$10,923,575"
65760,OTHER,,7,"$2,149","$1,719"
,TOTAL,,7,"$2,149","$1,719"
65770,SG,,9,"$6,727","$5,381"
,80'S,,16,"$3,500","$2,800"
,OTHER,,77,"$95,206","$75,846"
,TOTAL,,102,"$105,433","$84,027"
65771,OTHER,,2,$10,$8
,TOTAL,,2,$10,$8
65772,OTHER,,"3,529","$1,270,817","$999,717"
,TOTAL,,"3,529","$1,270,817","$999,717"
65775,OTHER,,87,"$41,854","$33,314"
,TOTAL,,87,"$41,854","$33,314"
65800,SG,,112,"$29,435","$23,548"
,OTHER,,"1,866","$178,661","$141,738"
,TOTAL,,"1,978","$208,096","$165,286"
65805,SG,,292,"$83,917","$66,315"
,OTHER,,"5,675","$638,945","$504,253"
,TOTAL,,"5,967","$722,862","$570,568"
65810,SG,,143,"$55,092","$43,571"
,OTHER,,559,"$183,155","$145,989"
,TOTAL,,702,"$238,247","$189,560"
65815,SG,,123,"$43,250","$34,301"
,OTHER,,568,"$207,003","$163,163"
,TOTAL,,691,"$250,252","$197,465"
65820,OTHER,,93,"$62,402","$49,889"
,TOTAL,,93,"$62,402","$49,889"
65850,SG,,249,"$133,086","$106,092"
,OTHER,,360,"$258,826","$205,435"
,TOTAL,,609,"$391,912","$311,527"
65855,OTHER,,"109,143","$35,872,637","$28,232,696"
,TOTAL,,"109,143","$35,872,637","$28,232,696"
65860,OTHER,,"1,709","$431,471","$339,416"
,TOTAL,,"1,709","$431,471","$339,416"
65865,SG,,272,"$56,723","$44,339"
,OTHER,,"1,037","$311,833","$246,339"
,TOTAL,,"1,309","$368,556","$290,678"
65870,SG,,320,"$127,876","$101,471"
,OTHER,,"1,068","$335,867","$266,636"
,TOTAL,,"1,388","$463,742","$368,106"
65875,SG,,725,"$313,902","$250,532"
,OTHER,,"2,438","$759,297","$605,115"
,TOTAL,,"3,163","$1,073,199","$855,647"
65880,SG,,43,"$21,400","$17,040"
,OTHER,,174,"$66,666","$53,139"
,TOTAL,,217,"$88,066","$70,179"
65900,SG,,26,"$17,787","$14,149"
,80'S,,4,$524,$419
,OTHER,,105,"$73,697","$58,931"
,TOTAL,,135,"$92,008","$73,500"
65920,SG,,294,"$265,365","$210,838"
,OTHER,,"1,041","$461,337","$365,746"
,TOTAL,,"1,335","$726,702","$576,584"
65930,SG,,121,"$75,177","$59,631"
,OTHER,,474,"$202,452","$160,341"
,TOTAL,,595,"$277,628","$219,973"
66020,SG,,191,"$43,827","$35,036"
,OTHER,,942,"$106,347","$84,064"
,TOTAL,,"1,133","$150,175","$119,101"
66030,SG,,84,"$19,324","$15,327"
,OTHER,,"1,021","$90,311","$69,783"
,TOTAL,,"1,105","$109,635","$85,109"
66130,SG,,46,"$43,216","$34,436"
,OTHER,,127,"$60,778","$48,335"
,TOTAL,,173,"$103,994","$82,771"
66150,SG,,52,"$24,111","$19,194"
,OTHER,,152,"$84,083","$66,390"
,TOTAL,,204,"$108,194","$85,583"
66155,SG,,270,"$166,165","$132,552"
,OTHER,,86,"$61,003","$47,964"
,TOTAL,,356,"$227,168","$180,517"
66160,SG,,183,"$60,229","$48,161"
,80'S,,1,$71,$57
,OTHER,,328,"$243,650","$194,117"
,TOTAL,,512,"$303,950","$242,335"
66165,SG,,8,"$3,696","$2,957"
,OTHER,,11,"$7,844","$6,276"
,TOTAL,,19,"$11,541","$9,233"
66170,SG,,"12,446","$5,301,002","$4,212,966"
,80'S,,"1,391","$255,923","$203,093"
,OTHER,,"26,414","$27,476,006","$21,823,595"
,TOTAL,,"40,251","$33,032,931","$26,239,654"
66172,SG,,"3,508","$1,884,444","$1,497,166"
,80'S,,603,"$116,940","$92,635"
,OTHER,,"11,321","$12,661,372","$10,058,162"
,TOTAL,,"15,432","$14,662,756","$11,647,963"
66180,SG,,"2,373","$1,531,165","$1,219,144"
,80'S,,505,"$79,466","$63,293"
,OTHER,,"6,538","$6,060,502","$4,809,132"
,TOTAL,,"9,416","$7,671,133","$6,091,570"
66185,SG,,276,"$97,631","$77,595"
,80'S,,48,"$4,187","$3,263"
,OTHER,,901,"$439,940","$346,766"
,TOTAL,,"1,225","$541,759","$427,625"
66220,SG,,12,"$5,003","$4,002"
,80'S,,1,$112,$90
,OTHER,,26,"$11,226","$8,861"
,TOTAL,,39,"$16,342","$12,953"
66225,SG,,77,"$33,170","$26,376"
,80'S,,46,"$3,627","$2,877"
,OTHER,,402,"$190,946","$152,068"
,TOTAL,,525,"$227,743","$181,321"
66250,SG,,"2,688","$1,097,562","$873,211"
,80'S,,1,$85,$68
,OTHER,,"10,216","$4,062,617","$3,217,205"
,TOTAL,,"12,905","$5,160,265","$4,090,484"
66500,SG,,45,"$9,364","$7,492"
,OTHER,,131,"$26,776","$21,210"
,TOTAL,,176,"$36,141","$28,702"
66505,SG,,6,"$1,240",$992
,OTHER,,16,"$3,380","$2,704"
,TOTAL,,22,"$4,620","$3,696"
66600,SG,,24,"$8,091","$6,473"
,OTHER,,94,"$43,972","$34,312"
,TOTAL,,118,"$52,063","$40,785"
66605,SG,,6,"$2,482","$1,985"
,OTHER,,34,"$25,064","$20,046"
,TOTAL,,40,"$27,546","$22,031"
66625,SG,,609,"$266,217","$210,987"
,OTHER,,"1,933","$752,563","$596,052"
,TOTAL,,"2,542","$1,018,779","$807,039"
66630,SG,,26,"$8,894","$7,115"
,OTHER,,201,"$70,623","$55,810"
,TOTAL,,227,"$79,517","$62,924"
66635,SG,,151,"$45,406","$36,325"
,OTHER,,512,"$152,497","$121,084"
,TOTAL,,663,"$197,902","$157,408"
66680,SG,,272,"$108,345","$86,139"
,OTHER,,681,"$190,422","$151,337"
,TOTAL,,953,"$298,767","$237,476"
66682,SG,,476,"$138,548","$109,816"
,OTHER,,"1,215","$380,915","$302,822"
,TOTAL,,"1,691","$519,463","$412,638"
66700,SG,,6,"$2,581","$2,065"
,OTHER,,87,"$33,562","$26,520"
,TOTAL,,93,"$36,143","$28,585"
66710,SG,,"3,152","$912,732","$725,017"
,OTHER,,"6,066","$2,184,256","$1,728,658"
,TOTAL,,"9,218","$3,096,988","$2,453,674"
66720,SG,,199,"$79,872","$63,041"
,OTHER,,"1,018","$367,256","$289,440"
,TOTAL,,"1,217","$447,128","$352,481"
66740,SG,,371,"$81,270","$64,579"
,OTHER,,527,"$117,593","$93,885"
,TOTAL,,898,"$198,863","$158,464"
66761,80'S,,1,$52,$41
,OTHER,,"76,160","$26,469,812","$20,840,976"
,TOTAL,,"76,161","$26,469,864","$20,841,018"
66762,OTHER,,"3,411","$1,244,829","$982,918"
,TOTAL,,"3,411","$1,244,829","$982,918"
66770,OTHER,,302,"$116,147","$91,814"
,TOTAL,,302,"$116,147","$91,814"
66820,OTHER,,877,"$306,810","$242,907"
,TOTAL,,877,"$306,810","$242,907"
66821,SG,,"267,773","$114,623,732","$90,721,040"
,OTHER,,"689,782","$141,296,361","$110,158,338"
,TOTAL,,"957,555","$255,920,093","$200,879,378"
66825,80'S,,37,"$2,847","$2,278"
,OTHER,,"3,902","$2,101,696","$1,661,679"
,TOTAL,,"3,939","$2,104,543","$1,663,956"
66830,SG,,242,"$98,159","$78,203"
,80'S,,2,$104,$83
,OTHER,,"1,483","$551,358","$435,498"
,TOTAL,,"1,727","$649,621","$513,784"
66840,SG,,771,"$445,158","$354,231"
,OTHER,,"1,484","$611,326","$484,840"
,TOTAL,,"2,255","$1,056,484","$839,071"
66850,SG,,"1,198","$1,134,607","$901,109"
,80'S,,1,$55,$44
,OTHER,,"5,109","$2,372,167","$1,883,634"
,TOTAL,,"6,308","$3,506,829","$2,784,787"
66852,SG,,402,"$184,001","$146,827"
,80'S,,15,"$1,410","$1,128"
,OTHER,,"1,789","$807,159","$639,975"
,TOTAL,,"2,206","$992,570","$787,929"
66920,SG,,41,"$20,478","$16,383"
,OTHER,,141,"$70,721","$55,661"
,TOTAL,,182,"$91,199","$72,044"
66930,SG,,91,"$52,361","$41,753"
,OTHER,,213,"$121,223","$96,789"
,TOTAL,,304,"$173,584","$138,542"
66940,SG,,231,"$153,306","$122,030"
,80'S,,1,$50,$40
,OTHER,,"1,059","$604,295","$479,213"
,TOTAL,,"1,291","$757,652","$601,284"
66982,SG,,"12,205","$11,695,265","$9,310,712"
,OTHER,,"36,590","$27,901,342","$22,174,018"
,TOTAL,,"48,795","$39,596,607","$31,484,731"
66983,SG,,"1,360","$1,254,235","$995,864"
,OTHER,,"1,084","$252,510","$198,642"
,TOTAL,,"2,444","$1,506,746","$1,194,507"
66984,SG,,"934,343","$884,906,157","$702,786,098"
,80'S,,3,$296,$157
,OTHER,,"2,108,557","$1,135,506,587","$900,489,934"
,TOTAL,,"3,042,903","$2,020,413,040","$1,603,276,188"
66985,SG,,"3,484","$2,728,096","$2,166,462"
,OTHER,,"8,044","$3,683,056","$2,917,952"
,TOTAL,,"11,528","$6,411,153","$5,084,413"
66986,SG,,"3,144","$2,311,190","$1,837,403"
,80'S,,1,$69,$56
,OTHER,,"6,318","$3,764,492","$2,987,215"
,TOTAL,,"9,463","$6,075,751","$4,824,673"
66999,80'S,,4,$557,$445
,OTHER,,"1,152","$442,462","$351,267"
,TOTAL,,"1,156","$443,018","$351,712"
67005,SG,,806,"$305,069","$242,002"
,OTHER,,"1,917","$335,753","$267,530"
,TOTAL,,"2,723","$640,822","$509,532"
67010,SG,,"1,655","$642,765","$511,112"
,80'S,,160,"$8,940","$7,039"
,OTHER,,"4,497","$952,902","$759,126"
,TOTAL,,"6,312","$1,604,607","$1,277,277"
67015,SG,,372,"$94,887","$74,911"
,80'S,,2,$210,$168
,OTHER,,"2,001","$978,837","$775,225"
,TOTAL,,"2,375","$1,073,934","$850,304"
67025,SG,,203,"$45,618","$35,915"
,80'S,,1,$69,$55
,OTHER,,"2,188","$1,198,181","$949,702"
,TOTAL,,"2,392","$1,243,867","$985,672"
67027,80'S,,20,"$2,340","$1,872"
,OTHER,,121,"$86,216","$68,973"
,TOTAL,,141,"$88,556","$70,845"
67028,OTHER,,"14,946","$6,555,865","$5,192,776"
,TOTAL,,"14,946","$6,555,865","$5,192,776"
67030,SG,,121,"$33,564","$26,771"
,80'S,,1,$41,$33
,OTHER,,227,"$86,050","$67,674"
,TOTAL,,349,"$119,656","$94,478"
67031,SG,,718,"$309,138","$243,660"
,OTHER,,"4,290","$1,166,956","$916,282"
,TOTAL,,"5,008","$1,476,094","$1,159,943"
67036,SG,,"2,796","$1,378,420","$1,095,435"
,80'S,,"1,637","$209,112","$166,011"
,OTHER,,"13,648","$9,997,821","$7,939,100"
,TOTAL,,"18,081","$11,585,353","$9,200,546"
67038,SG,,"8,605","$4,527,036","$3,595,521"
,80'S,,"6,580","$1,358,608","$1,079,170"
,OTHER,,"46,509","$56,465,403","$44,640,229"
,TOTAL,,"61,694","$62,351,047","$49,314,921"
67039,SG,,"1,086","$989,783","$785,157"
,80'S,,241,"$29,536","$23,629"
,OTHER,,"2,979","$2,020,799","$1,601,869"
,TOTAL,,"4,306","$3,040,118","$2,410,656"
67040,SG,,"3,342","$3,117,189","$2,469,278"
,80'S,,"2,240","$309,529","$245,431"
,OTHER,,"17,591","$14,186,155","$11,207,832"
,TOTAL,,"23,173","$17,612,872","$13,922,541"
67101,OTHER,,"1,535","$736,975","$584,104"
,TOTAL,,"1,535","$736,975","$584,104"
67105,OTHER,,"5,565","$3,102,897","$2,440,231"
,TOTAL,,"5,565","$3,102,897","$2,440,231"
67107,SG,,750,"$513,042","$406,140"
,80'S,,535,"$93,002","$73,857"
,OTHER,,"5,391","$5,402,645","$4,274,921"
,TOTAL,,"6,676","$6,008,689","$4,754,918"
67108,SG,,"2,786","$2,648,526","$2,096,769"
,80'S,,"2,462","$576,107","$457,087"
,OTHER,,"17,926","$24,572,583","$19,468,334"
,TOTAL,,"23,174","$27,797,216","$22,022,191"
67110,OTHER,,"3,620","$3,680,637","$2,912,208"
,TOTAL,,"3,620","$3,680,637","$2,912,208"
67112,SG,,296,"$294,385","$234,150"
,80'S,,37,"$6,200","$4,960"
,OTHER,,776,"$800,212","$631,864"
,TOTAL,,"1,109","$1,100,797","$870,974"
67115,SG,,29,"$10,578","$8,462"
,OTHER,,129,"$43,663","$34,501"
,TOTAL,,158,"$54,241","$42,963"
67120,SG,,225,"$87,540","$69,298"
,OTHER,,973,"$453,259","$357,723"
,TOTAL,,"1,198","$540,799","$427,022"
67121,SG,,186,"$68,174","$53,977"
,80'S,,68,"$9,305","$7,444"
,OTHER,,897,"$684,202","$539,857"
,TOTAL,,"1,151","$761,682","$601,278"
67141,SG,,302,"$126,708","$99,391"
,OTHER,,"2,674","$1,173,574","$925,085"
,TOTAL,,"2,976","$1,300,282","$1,024,476"
67145,OTHER,,"17,826","$6,773,446","$5,299,343"
,TOTAL,,"17,826","$6,773,446","$5,299,343"
67208,OTHER,,560,"$295,151","$233,391"
,TOTAL,,560,"$295,151","$233,391"
67210,OTHER,,"188,351","$111,643,336","$87,915,122"
,TOTAL,,"188,351","$111,643,336","$87,915,122"
67218,SG,,29,"$19,921","$15,737"
,OTHER,,818,"$1,062,002","$838,503"
,TOTAL,,847,"$1,081,923","$854,240"
67220,OTHER,,"32,482","$28,739,247","$22,852,496"
,TOTAL,,"32,482","$28,739,247","$22,852,496"
67221,OTHER,,"101,674","$31,589,378","$25,065,606"
,TOTAL,,"101,674","$31,589,378","$25,065,606"
67225,OTHER,,"4,743","$211,603","$168,797"
,TOTAL,,"4,743","$211,603","$168,797"
67227,SG,,317,"$97,125","$77,096"
,OTHER,,"1,056","$531,658","$420,181"
,TOTAL,,"1,373","$628,783","$497,278"
67228,OTHER,,"109,364","$90,377,637","$71,072,642"
,TOTAL,,"109,364","$90,377,637","$71,072,642"
67250,SG,,24,"$8,305","$6,564"
,OTHER,,51,"$29,386","$23,508"
,TOTAL,,75,"$37,690","$30,072"
67255,SG,,"1,268","$358,531","$285,405"
,80'S,,188,"$14,047","$11,238"
,OTHER,,"4,009","$1,741,726","$1,385,422"
,TOTAL,,"5,465","$2,114,304","$1,682,065"
67299,80'S,,9,"$2,038","$1,603"
,OTHER,,175,"$109,147","$86,649"
,TOTAL,,184,"$111,185","$88,252"
67311,SG,,973,"$391,648","$308,703"
,OTHER,,"2,447","$1,027,698","$810,797"
,TOTAL,,"3,420","$1,419,346","$1,119,500"
67312,SG,,574,"$326,365","$257,089"
,OTHER,,"1,764","$1,010,125","$793,396"
,TOTAL,,"2,338","$1,336,490","$1,050,485"
67314,SG,,573,"$315,899","$250,613"
,OTHER,,"1,735","$852,591","$675,587"
,TOTAL,,"2,308","$1,168,489","$926,200"
67316,SG,,63,"$34,848","$27,758"
,80'S,,1,$106,$85
,OTHER,,251,"$161,509","$127,466"
,TOTAL,,315,"$196,464","$155,309"
67318,SG,,38,"$21,115","$16,812"
,OTHER,,212,"$100,025","$79,131"
,TOTAL,,250,"$121,141","$95,943"
67320,SG,,52,"$21,669","$17,280"
,OTHER,,294,"$70,592","$56,293"
,TOTAL,,346,"$92,261","$73,573"
67331,SG,,90,"$43,938","$34,372"
,OTHER,,455,"$105,408","$83,862"
,TOTAL,,545,"$149,346","$118,234"
67332,SG,,226,"$116,952","$91,970"
,80'S,,35,"$1,481","$1,164"
,OTHER,,"1,227","$314,896","$248,825"
,TOTAL,,"1,488","$433,329","$341,959"
67334,OTHER,,83,"$18,104","$14,483"
,TOTAL,,83,"$18,104","$14,483"
67335,OTHER,,"1,620","$227,130","$180,196"
,TOTAL,,"1,620","$227,130","$180,196"
67340,SG,,11,"$4,813","$3,851"
,80'S,,1,$47,$38
,OTHER,,61,"$17,540","$13,747"
,TOTAL,,73,"$22,400","$17,635"
67343,80'S,,1,$106,$85
,OTHER,,95,"$37,968","$30,215"
,TOTAL,,96,"$38,074","$30,300"
67345,OTHER,,929,"$226,945","$177,783"
,TOTAL,,929,"$226,945","$177,783"
67350,SG,,6,"$1,379","$1,103"
,80'S,,1,$18,$14
,OTHER,,31,"$4,053","$3,242"
,TOTAL,,38,"$5,449","$4,359"
67399,OTHER,,21,"$9,622","$7,528"
,TOTAL,,21,"$9,622","$7,528"
67400,SG,,305,"$124,468","$98,958"
,80'S,,67,"$9,246","$7,349"
,OTHER,,"1,410","$1,105,750","$877,912"
,TOTAL,,"1,782","$1,239,464","$984,219"
67405,SG,,15,"$7,788","$6,230"
,80'S,,7,$704,$564
,OTHER,,146,"$95,637","$75,413"
,TOTAL,,168,"$104,130","$82,207"
67412,SG,,412,"$283,779","$223,972"
,80'S,,35,"$5,433","$4,347"
,OTHER,,"1,307","$1,189,003","$937,523"
,TOTAL,,"1,754","$1,478,216","$1,165,842"
67413,SG,,25,"$17,045","$13,556"
,OTHER,,124,"$96,419","$76,629"
,TOTAL,,149,"$113,463","$90,185"
67414,80'S,,24,"$3,563","$2,836"
,OTHER,,194,"$190,232","$151,164"
,TOTAL,,218,"$193,795","$154,000"
67415,SG,,4,"$1,148",$919
,80'S,,4,$45,$36
,OTHER,,78,"$6,469","$5,018"
,TOTAL,,86,"$7,663","$5,972"
67420,SG,,24,"$16,548","$13,205"
,80'S,,15,"$3,519","$2,816"
,OTHER,,184,"$241,882","$193,266"
,TOTAL,,223,"$261,950","$209,286"
67430,SG,,3,"$2,093","$1,674"
,80'S,,1,$212,$169
,OTHER,,10,"$7,793","$6,219"
,TOTAL,,14,"$10,097","$8,063"
67440,SG,,2,"$1,036",$829
,OTHER,,20,"$21,036","$16,785"
,TOTAL,,22,"$22,072","$17,614"
67445,80'S,,28,"$5,148","$4,118"
,OTHER,,159,"$187,424","$148,211"
,TOTAL,,187,"$192,572","$152,329"
67450,SG,,12,"$8,282","$6,084"
,80'S,,1,$189,$151
,OTHER,,91,"$99,175","$78,914"
,TOTAL,,104,"$107,646","$85,150"
67500,OTHER,,"17,985","$981,267","$769,901"
,TOTAL,,"17,985","$981,267","$769,901"
67505,OTHER,,"1,194","$74,208","$57,971"
,TOTAL,,"1,194","$74,208","$57,971"
67515,OTHER,,"32,167","$1,620,690","$1,241,155"
,TOTAL,,"32,167","$1,620,690","$1,241,155"
67550,SG,,45,"$24,008","$19,206"
,OTHER,,279,"$227,916","$181,738"
,TOTAL,,324,"$251,924","$200,945"
67560,SG,,46,"$15,078","$12,048"
,80'S,,1,$69,$55
,OTHER,,186,"$151,598","$119,544"
,TOTAL,,233,"$166,744","$131,646"
67570,80'S,,32,"$4,595","$3,676"
,OTHER,,187,"$174,087","$139,149"
,TOTAL,,219,"$178,682","$142,825"
67599,OTHER,,44,"$12,603","$9,999"
,TOTAL,,44,"$12,603","$9,999"
67700,OTHER,,"4,160","$1,091,521","$852,660"
,TOTAL,,"4,160","$1,091,521","$852,660"
67710,OTHER,,922,"$201,505","$156,629"
,TOTAL,,922,"$201,505","$156,629"
67715,SG,,161,"$29,972","$23,978"
,OTHER,,517,"$20,497","$16,088"
,TOTAL,,678,"$50,469","$40,066"
67800,OTHER,,"22,824","$3,190,929","$2,389,624"
,TOTAL,,"22,824","$3,190,929","$2,389,624"
67801,OTHER,,"4,209","$1,365,492","$1,068,610"
,TOTAL,,"4,209","$1,365,492","$1,068,610"
67805,OTHER,,"1,109","$350,415","$272,657"
,TOTAL,,"1,109","$350,415","$272,657"
67808,SG,,111,"$42,346","$33,272"
,OTHER,,237,"$61,021","$47,546"
,TOTAL,,348,"$103,367","$80,817"
67810,OTHER,,"29,236","$6,322,976","$4,918,813"
,TOTAL,,"29,236","$6,322,976","$4,918,813"
67820,OTHER,,"272,701","$24,704,664","$18,769,984"
,TOTAL,,"272,701","$24,704,664","$18,769,984"
67825,OTHER,,"13,626","$2,793,714","$2,183,084"
,TOTAL,,"13,626","$2,793,714","$2,183,084"
67830,SG,,159,"$51,981","$41,286"
,OTHER,,891,"$222,720","$175,165"
,TOTAL,,"1,050","$274,701","$216,451"
67835,SG,,54,"$18,270","$14,574"
,OTHER,,122,"$36,200","$28,638"
,TOTAL,,176,"$54,470","$43,213"
67840,OTHER,,"46,417","$13,999,881","$10,962,715"
,TOTAL,,"46,417","$13,999,881","$10,962,715"
67850,OTHER,,"3,946","$1,258,503","$989,355"
,TOTAL,,"3,946","$1,258,503","$989,355"
67875,OTHER,,"4,358","$1,009,143","$797,272"
,TOTAL,,"4,358","$1,009,143","$797,272"
67880,SG,,727,"$282,218","$223,762"
,80'S,,1,$48,$38
,OTHER,,"3,164","$1,038,609","$819,913"
,TOTAL,,"3,892","$1,320,876","$1,043,714"
67882,SG,,206,"$85,073","$67,565"
,OTHER,,944,"$389,793","$309,437"
,TOTAL,,"1,150","$474,865","$377,002"
67900,OTHER,,"4,918","$1,603,321","$1,271,655"
,TOTAL,,"4,918","$1,603,321","$1,271,655"
67901,SG,,565,"$376,792","$299,979"
,OTHER,,721,"$363,580","$289,275"
,TOTAL,,"1,286","$740,372","$589,254"
67902,SG,,58,"$39,465","$31,572"
,OTHER,,137,"$66,717","$53,154"
,TOTAL,,195,"$106,182","$84,727"
67903,SG,,"1,387","$796,135","$631,898"
,OTHER,,"2,211","$1,042,205","$827,835"
,TOTAL,,"3,598","$1,838,340","$1,459,733"
67904,SG,,"20,848","$11,918,528","$9,461,864"
,OTHER,,"36,714","$19,954,003","$15,847,617"
,TOTAL,,"57,562","$31,872,531","$25,309,481"
67906,SG,,35,"$26,072","$20,778"
,OTHER,,10,"$4,573","$3,532"
,TOTAL,,45,"$30,645","$24,310"
67908,SG,,"1,416","$814,420","$647,466"
,OTHER,,"3,053","$1,290,699","$1,022,420"
,TOTAL,,"4,469","$2,105,119","$1,669,887"
67909,SG,,67,"$39,182","$30,967"
,OTHER,,284,"$123,337","$97,877"
,TOTAL,,351,"$162,519","$128,844"
67911,SG,,959,"$375,455","$297,651"
,OTHER,,"2,864","$932,792","$740,079"
,TOTAL,,"3,823","$1,308,247","$1,037,730"
67914,SG,,"1,030","$468,892","$371,371"
,OTHER,,"2,181","$705,420","$556,698"
,TOTAL,,"3,211","$1,174,312","$928,069"
67915,OTHER,,616,"$261,981","$207,140"
,TOTAL,,616,"$261,981","$207,140"
67916,SG,,"1,804","$1,026,078","$816,148"
,OTHER,,"5,114","$2,548,421","$2,022,893"
,TOTAL,,"6,918","$3,574,499","$2,839,041"
67917,SG,,"7,880","$4,430,432","$3,523,299"
,80'S,,1,$86,$68
,OTHER,,"19,226","$8,348,885","$6,624,443"
,TOTAL,,"27,107","$12,779,402","$10,147,810"
67921,SG,,"1,443","$666,512","$527,465"
,OTHER,,"6,059","$2,513,070","$1,984,042"
,TOTAL,,"7,502","$3,179,582","$2,511,508"
67922,OTHER,,506,"$225,253","$176,237"
,TOTAL,,506,"$225,253","$176,237"
67923,SG,,"1,742","$1,035,247","$822,652"
,OTHER,,"4,770","$2,482,710","$1,966,093"
,TOTAL,,"6,512","$3,517,957","$2,788,745"
67924,SG,,"4,026","$2,354,947","$1,872,854"
,80'S,,1,$79,$64
,OTHER,,"9,653","$4,223,772","$3,347,888"
,TOTAL,,"13,680","$6,578,798","$5,220,806"
67930,OTHER,,270,"$97,248","$76,901"
,TOTAL,,270,"$97,248","$76,901"
67935,SG,,90,"$33,177","$26,347"
,OTHER,,578,"$236,791","$188,097"
,TOTAL,,668,"$269,969","$214,444"
67938,OTHER,,"2,416","$678,445","$531,491"
,TOTAL,,"2,416","$678,445","$531,491"
67950,SG,,"2,516","$698,579","$555,104"
,80'S,,6,$303,$242
,OTHER,,"6,840","$2,495,811","$1,984,961"
,TOTAL,,"9,362","$3,194,692","$2,540,307"
67961,SG,,"2,910","$1,221,509","$970,745"
,80'S,,5,$346,$277
,OTHER,,"6,610","$2,478,594","$1,964,343"
,TOTAL,,"9,525","$3,700,449","$2,935,365"
67966,SG,,"2,321","$994,589","$791,017"
,OTHER,,"6,295","$2,386,034","$1,893,968"
,TOTAL,,"8,616","$3,380,623","$2,684,985"
67971,SG,,371,"$160,056","$127,710"
,80'S,,28,"$2,626","$2,037"
,OTHER,,964,"$461,720","$365,896"
,TOTAL,,"1,363","$624,402","$495,643"
67973,SG,,383,"$145,218","$115,611"
,80'S,,44,"$5,302","$4,207"
,OTHER,,862,"$648,117","$516,361"
,TOTAL,,"1,289","$798,637","$636,178"
67974,SG,,103,"$41,103","$32,649"
,80'S,,36,"$4,172","$3,337"
,OTHER,,293,"$221,951","$176,186"
,TOTAL,,432,"$267,225","$212,172"
67975,SG,,291,"$137,551","$108,893"
,OTHER,,920,"$518,114","$410,183"
,TOTAL,,"1,211","$655,664","$519,076"
67999,80'S,,1,$64,$51
,OTHER,,599,"$254,424","$202,249"
,TOTAL,,600,"$254,488","$202,300"
68020,OTHER,,"3,013","$800,621","$623,980"
,TOTAL,,"3,013","$800,621","$623,980"
68040,OTHER,,"1,735","$439,226","$349,085"
,TOTAL,,"1,735","$439,226","$349,085"
68100,OTHER,,"1,428","$282,880","$222,290"
,TOTAL,,"1,428","$282,880","$222,290"
68110,OTHER,,"3,625","$1,016,109","$793,692"
,TOTAL,,"3,625","$1,016,109","$793,692"
68115,80'S,,1,$37,$29
,OTHER,,"1,012","$246,416","$193,230"
,TOTAL,,"1,013","$246,453","$193,260"
68130,SG,,119,"$49,041","$38,961"
,OTHER,,242,"$51,979","$41,149"
,TOTAL,,361,"$101,020","$80,110"
68135,OTHER,,556,"$145,361","$114,622"
,TOTAL,,556,"$145,361","$114,622"
68200,OTHER,,"16,082","$640,449","$490,989"
,TOTAL,,"16,082","$640,449","$490,989"
68320,SG,,"1,821","$941,334","$751,644"
,OTHER,,"4,469","$1,085,450","$863,047"
,TOTAL,,"6,290","$2,026,784","$1,614,691"
68325,SG,,45,"$24,253","$19,403"
,OTHER,,116,"$44,197","$34,287"
,TOTAL,,161,"$68,450","$53,689"
68326,SG,,395,"$200,862","$160,255"
,OTHER,,"1,659","$564,512","$448,576"
,TOTAL,,"2,054","$765,374","$608,830"
68328,SG,,91,"$44,439","$35,552"
,80'S,,1,$42,$34
,OTHER,,309,"$130,337","$103,829"
,TOTAL,,401,"$174,819","$139,414"
68330,SG,,39,"$19,708","$15,736"
,80'S,,2,$108,$86
,OTHER,,180,"$52,506","$41,716"
,TOTAL,,221,"$72,322","$57,538"
68335,SG,,30,"$14,707","$11,765"
,OTHER,,147,"$50,392","$40,294"
,TOTAL,,177,"$65,099","$52,059"
68340,SG,,18,"$7,705","$6,164"
,OTHER,,197,"$93,292","$73,324"
,TOTAL,,215,"$100,997","$79,487"
68360,SG,,137,"$42,782","$33,773"
,OTHER,,346,"$83,875","$66,271"
,TOTAL,,483,"$126,657","$100,045"
68362,SG,,218,"$86,920","$69,280"
,OTHER,,567,"$284,046","$225,791"
,TOTAL,,785,"$370,966","$295,071"
68399,OTHER,,93,"$17,143","$13,637"
,TOTAL,,93,"$17,143","$13,637"
68400,OTHER,,163,"$49,529","$38,496"
,TOTAL,,163,"$49,529","$38,496"
68420,OTHER,,619,"$241,383","$189,776"
,TOTAL,,619,"$241,383","$189,776"
68440,OTHER,,"8,691","$1,862,133","$1,463,657"
,TOTAL,,"8,691","$1,862,133","$1,463,657"
68500,SG,,2,$744,$595
,OTHER,,18,"$10,984","$8,704"
,TOTAL,,20,"$11,728","$9,299"
68505,SG,,5,"$1,725","$1,380"
,OTHER,,40,"$25,220","$20,176"
,TOTAL,,45,"$26,946","$21,557"
68510,SG,,22,"$5,827","$4,662"
,OTHER,,90,"$26,372","$21,097"
,TOTAL,,112,"$32,199","$25,759"
68520,SG,,41,"$17,966","$14,373"
,OTHER,,157,"$72,481","$57,840"
,TOTAL,,198,"$90,447","$72,213"
68525,SG,,28,"$5,824","$4,521"
,OTHER,,119,"$17,666","$14,029"
,TOTAL,,147,"$23,491","$18,550"
68530,OTHER,,"1,229","$680,082","$535,484"
,TOTAL,,"1,229","$680,082","$535,484"
68540,SG,,16,"$7,105","$5,684"
,OTHER,,28,"$19,571","$15,644"
,TOTAL,,44,"$26,676","$21,328"
68550,SG,,2,$771,$617
,OTHER,,3,"$2,191","$1,753"
,TOTAL,,5,"$2,962","$2,370"
68700,SG,,895,"$231,805","$185,271"
,OTHER,,"2,539","$919,440","$731,830"
,TOTAL,,"3,434","$1,151,245","$917,101"
68705,OTHER,,872,"$217,665","$170,455"
,TOTAL,,872,"$217,665","$170,455"
68720,SG,,"2,090","$1,232,329","$979,252"
,80'S,,240,"$22,985","$18,045"
,OTHER,,"6,575","$3,595,295","$2,852,128"
,TOTAL,,"8,905","$4,850,610","$3,849,425"
68745,SG,,4,"$2,178","$1,742"
,80'S,,1,$98,$79
,OTHER,,20,"$11,068","$8,767"
,TOTAL,,25,"$13,344","$10,588"
68750,SG,,276,"$159,804","$127,177"
,80'S,,37,"$3,586","$2,814"
,OTHER,,963,"$525,333","$413,416"
,TOTAL,,"1,276","$688,723","$543,407"
68760,OTHER,,"19,092","$5,080,235","$4,001,741"
,TOTAL,,"19,092","$5,080,235","$4,001,741"
68761,OTHER,,"294,435","$40,931,214","$32,024,636"
,TOTAL,,"294,435","$40,931,214","$32,024,636"
68770,OTHER,,53,"$34,762","$27,651"
,TOTAL,,53,"$34,762","$27,651"
68801,80'S,,1,$12,$10
,OTHER,,"36,652","$2,272,478","$1,696,793"
,TOTAL,,"36,653","$2,272,490","$1,696,802"
68810,SG,,183,"$45,373","$35,941"
,OTHER,,"25,777","$4,104,327","$3,192,009"
,TOTAL,,"25,960","$4,149,700","$3,227,950"
68811,SG,,226,"$74,905","$59,644"
,OTHER,,640,"$96,274","$75,286"
,TOTAL,,866,"$171,180","$134,930"
68815,SG,,"1,311","$358,830","$285,746"
,80'S,,1,$37,$29
,OTHER,,"5,637","$1,237,560","$980,289"
,TOTAL,,"6,949","$1,596,427","$1,266,065"
68840,80'S,,1,$19,$15
,OTHER,,"36,606","$3,266,628","$2,512,328"
,TOTAL,,"36,607","$3,266,647","$2,512,343"
68850,OTHER,,399,"$42,846","$33,458"
,TOTAL,,399,"$42,846","$33,458"
68899,OTHER,,157,"$26,600","$20,838"
,TOTAL,,157,"$26,600","$20,838"
69000,OTHER,EAR,"1,338","$155,583","$118,538"
,TOTAL,,"1,338","$155,583","$118,538"
69005,OTHER,,694,"$106,318","$82,799"
,TOTAL,,694,"$106,318","$82,799"
69020,OTHER,,"1,635","$203,822","$156,704"
,TOTAL,,"1,635","$203,822","$156,704"
69100,OTHER,,"38,181","$2,386,408","$1,792,620"
,TOTAL,,"38,181","$2,386,408","$1,792,620"
69105,OTHER,,"1,231","$96,634","$74,204"
,TOTAL,,"1,231","$96,634","$74,204"
69110,SG,,236,"$63,192","$50,154"
,OTHER,,"2,748","$575,606","$452,153"
,TOTAL,,"2,984","$638,798","$502,306"
69120,SG,,9,"$3,171","$2,537"
,OTHER,,289,"$50,438","$39,215"
,TOTAL,,298,"$53,609","$41,752"
69140,SG,,35,"$13,234","$10,126"
,80'S,,1,$105,$84
,OTHER,,209,"$107,789","$86,208"
,TOTAL,,245,"$121,129","$96,419"
69145,SG,,203,"$78,494","$61,724"
,OTHER,,"2,041","$404,953","$318,096"
,TOTAL,,"2,244","$483,447","$379,819"
69150,SG,,22,"$10,750","$8,600"
,80'S,,1,$76,$60
,OTHER,,367,"$300,862","$238,983"
,TOTAL,,390,"$311,687","$247,644"
69155,80'S,,3,$635,$508
,OTHER,,29,"$33,467","$26,226"
,TOTAL,,32,"$34,102","$26,735"
69200,OTHER,,"23,523","$1,707,152","$1,258,622"
,TOTAL,,"23,523","$1,707,152","$1,258,622"
69205,SG,,66,"$18,305","$14,524"
,OTHER,,482,"$41,279","$31,355"
,TOTAL,,548,"$59,584","$45,878"
69210,OTHER,,"1,214,815","$51,342,383","$35,795,613"
,TOTAL,,"1,214,815","$51,342,383","$35,795,613"
69220,OTHER,,"47,729","$4,059,038","$2,948,400"
,TOTAL,,"47,729","$4,059,038","$2,948,400"
69222,OTHER,,"7,193","$962,187","$722,421"
,TOTAL,,"7,193","$962,187","$722,421"
69300,OTHER,,18,"$7,179","$5,743"
,TOTAL,,18,"$7,179","$5,743"
69310,SG,,121,"$49,976","$39,736"
,OTHER,,803,"$495,516","$391,633"
,TOTAL,,924,"$545,492","$431,368"
69320,SG,,1,$992,$794
,OTHER,,39,"$41,680","$33,221"
,TOTAL,,40,"$42,672","$34,014"
69399,OTHER,,140,"$18,540","$14,797"
,TOTAL,,140,"$18,540","$14,797"
69400,OTHER,,"1,843","$153,583","$119,931"
,TOTAL,,"1,843","$153,583","$119,931"
69401,OTHER,,"3,567","$251,308","$194,279"
,TOTAL,,"3,567","$251,308","$194,279"
69405,OTHER,,40,"$5,251","$4,075"
,TOTAL,,40,"$5,251","$4,075"
69410,OTHER,,149,"$7,533","$5,657"
,TOTAL,,149,"$7,533","$5,657"
69420,OTHER,,"12,069","$1,596,778","$1,225,025"
,TOTAL,,"12,069","$1,596,778","$1,225,025"
69421,SG,,168,"$69,991","$55,242"
,OTHER,,503,"$70,107","$54,849"
,TOTAL,,671,"$140,098","$110,091"
69424,SG,,93,"$22,720","$18,018"
,OTHER,,"1,419","$113,599","$86,725"
,TOTAL,,"1,512","$136,319","$104,743"
69433,OTHER,,"37,258","$5,208,131","$3,992,679"
,TOTAL,,"37,258","$5,208,131","$3,992,679"
69436,SG,,"2,327","$1,088,691","$861,019"
,OTHER,,"9,793","$1,494,581","$1,173,622"
,TOTAL,,"12,120","$2,583,272","$2,034,640"
69440,SG,,86,"$36,212","$28,970"
,OTHER,,972,"$473,677","$375,092"
,TOTAL,,"1,058","$509,889","$404,062"
69450,SG,,33,"$8,131","$6,505"
,OTHER,,518,"$134,210","$105,746"
,TOTAL,,551,"$142,341","$112,250"
69501,SG,,9,"$8,499","$6,777"
,OTHER,,75,"$40,874","$32,130"
,TOTAL,,84,"$49,373","$38,907"
69502,SG,,19,"$16,849","$13,479"
,80'S,,1,$141,$112
,OTHER,,266,"$200,050","$159,447"
,TOTAL,,286,"$217,040","$173,038"
69505,SG,,15,"$13,734","$10,987"
,OTHER,,139,"$116,462","$91,977"
,TOTAL,,154,"$130,196","$102,965"
69511,SG,,14,"$13,468","$10,774"
,OTHER,,66,"$57,590","$45,046"
,TOTAL,,80,"$71,058","$55,820"
69530,80'S,,1,$211,$169
,OTHER,,25,"$24,462","$17,770"
,TOTAL,,26,"$24,674","$17,939"
69535,80'S,,1,$373,$298
,OTHER,,144,"$320,009","$254,523"
,TOTAL,,145,"$320,382","$254,821"
69540,OTHER,,578,"$65,470","$50,143"
,TOTAL,,578,"$65,470","$50,143"
69550,SG,,9,"$5,943","$4,754"
,80'S,,1,$140,$112
,OTHER,,72,"$52,048","$41,030"
,TOTAL,,82,"$58,131","$45,897"
69552,OTHER,,37,"$45,951","$35,370"
,TOTAL,,37,"$45,951","$35,370"
69554,OTHER,,8,"$16,977","$13,582"
,TOTAL,,8,"$16,977","$13,582"
69601,SG,,8,"$7,530","$6,024"
,OTHER,,59,"$52,943","$41,554"
,TOTAL,,67,"$60,473","$47,579"
69602,SG,,5,"$4,989","$3,991"
,OTHER,,122,"$93,027","$72,780"
,TOTAL,,127,"$98,016","$76,771"
69603,SG,,9,"$8,594","$6,391"
,OTHER,,65,"$59,950","$47,375"
,TOTAL,,74,"$68,544","$53,765"
69604,SG,,11,"$10,136","$8,108"
,OTHER,,386,"$71,936","$55,742"
,TOTAL,,397,"$82,071","$63,851"
69605,OTHER,,4,"$4,642","$3,714"
,TOTAL,,4,"$4,642","$3,714"
69610,OTHER,,"2,651","$783,656","$613,185"
,TOTAL,,"2,651","$783,656","$613,185"
69620,SG,,100,"$38,445","$30,487"
,OTHER,,545,"$196,722","$154,577"
,TOTAL,,645,"$235,167","$185,064"
69631,SG,,517,"$346,805","$272,856"
,OTHER,,"2,778","$1,874,705","$1,477,249"
,TOTAL,,"3,295","$2,221,510","$1,750,105"
69632,SG,,63,"$41,989","$32,846"
,OTHER,,371,"$324,573","$256,876"
,TOTAL,,434,"$366,562","$289,722"
69633,SG,,175,"$110,968","$87,806"
,OTHER,,655,"$539,267","$424,073"
,TOTAL,,830,"$650,235","$511,879"
69635,SG,,56,"$53,545","$42,014"
,OTHER,,296,"$261,949","$208,428"
,TOTAL,,352,"$315,494","$250,442"
69636,SG,,15,"$14,102","$11,281"
,OTHER,,128,"$129,459","$103,098"
,TOTAL,,143,"$143,561","$114,379"
69637,SG,,11,"$10,370","$8,296"
,OTHER,,116,"$120,545","$95,485"
,TOTAL,,127,"$130,915","$103,782"
69641,SG,,137,"$130,355","$102,471"
,OTHER,,875,"$735,344","$576,877"
,TOTAL,,"1,012","$865,699","$679,348"
69642,SG,,43,"$40,444","$31,226"
,OTHER,,318,"$352,089","$278,191"
,TOTAL,,361,"$392,533","$309,417"
69643,SG,,75,"$71,159","$56,256"
,OTHER,,666,"$683,952","$539,307"
,TOTAL,,741,"$755,112","$595,563"
69644,SG,,34,"$32,196","$25,122"
,OTHER,,355,"$406,243","$318,724"
,TOTAL,,389,"$438,440","$343,846"
69645,SG,,36,"$34,094","$25,533"
,OTHER,,346,"$381,201","$300,096"
,TOTAL,,382,"$415,296","$325,629"
69646,SG,,20,"$19,150","$15,320"
,OTHER,,288,"$345,672","$273,383"
,TOTAL,,308,"$364,822","$288,703"
69650,SG,,12,"$10,657","$8,525"
,OTHER,,75,"$39,603","$31,349"
,TOTAL,,87,"$50,260","$39,875"
69660,SG,,115,"$78,428","$61,532"
,OTHER,,"1,048","$736,449","$577,621"
,TOTAL,,"1,163","$814,877","$639,153"
69661,SG,,44,"$30,363","$23,083"
,OTHER,,137,"$140,026","$111,261"
,TOTAL,,181,"$170,389","$134,344"
69662,SG,,50,"$33,619","$26,895"
,OTHER,,240,"$241,849","$190,274"
,TOTAL,,290,"$275,468","$217,170"
69666,SG,,23,"$9,896","$7,685"
,OTHER,,136,"$80,162","$63,406"
,TOTAL,,159,"$90,058","$71,091"
69667,SG,,15,"$7,131","$5,627"
,OTHER,,94,"$41,586","$32,538"
,TOTAL,,109,"$48,717","$38,165"
69670,SG,,5,"$1,999","$1,600"
,OTHER,,37,"$19,122","$15,022"
,TOTAL,,42,"$21,122","$16,622"
69676,SG,,2,$964,$771
,OTHER,,11,"$7,826","$6,261"
,TOTAL,,13,"$8,789","$7,032"
69700,SG,,1,$481,$385
,OTHER,,25,"$9,074","$7,259"
,TOTAL,,26,"$9,555","$7,644"
69711,OTHER,,13,"$4,714","$3,268"
,TOTAL,,13,"$4,714","$3,268"
69714,OTHER,,42,"$37,059","$29,647"
,TOTAL,,42,"$37,059","$29,647"
69715,OTHER,,7,"$8,170","$6,536"
,TOTAL,,7,"$8,170","$6,536"
69717,OTHER,,4,"$3,524","$2,819"
,TOTAL,,4,"$3,524","$2,819"
69720,SG,,1,$339,$272
,OTHER,,89,"$63,892","$50,613"
,TOTAL,,90,"$64,231","$50,884"
69725,80'S,,2,$380,$304
,OTHER,,18,"$20,009","$16,007"
,TOTAL,,20,"$20,389","$16,311"
69740,OTHER,,13,"$7,932","$6,266"
,TOTAL,,13,"$7,932","$6,266"
69745,OTHER,,1,$566,$452
,TOTAL,,1,$566,$452
69799,OTHER,,57,"$20,674","$16,539"
,TOTAL,,57,"$20,674","$16,539"
69801,SG,,512,"$344,221","$271,210"
,OTHER,,"2,089","$1,212,740","$957,478"
,TOTAL,,"2,601","$1,556,961","$1,228,688"
69802,SG,,1,$937,$749
,OTHER,,10,"$8,490","$6,090"
,TOTAL,,11,"$9,427","$6,839"
69805,SG,,3,"$2,821","$2,257"
,OTHER,,42,"$38,677","$30,136"
,TOTAL,,45,"$41,499","$32,393"
69806,SG,,21,"$19,908","$14,807"
,OTHER,,182,"$147,801","$115,243"
,TOTAL,,203,"$167,709","$130,050"
69820,OTHER,,16,"$8,805","$6,964"
,TOTAL,,16,"$8,805","$6,964"
69840,80'S,,1,$64,$51
,OTHER,,6,"$4,068","$3,230"
,TOTAL,,7,"$4,132","$3,281"
69905,SG,,8,"$7,231","$5,705"
,OTHER,,34,"$24,685","$19,616"
,TOTAL,,42,"$31,917","$25,321"
69910,SG,,3,"$2,840","$2,272"
,80'S,,1,$79,$63
,OTHER,,88,"$69,826","$54,435"
,TOTAL,,92,"$72,745","$56,770"
69915,OTHER,,21,"$26,771","$20,694"
,TOTAL,,21,"$26,771","$20,694"
69930,SG,,7,"$6,645","$5,316"
,80'S,,5,$770,$616
,OTHER,,"1,001","$1,088,193","$863,735"
,TOTAL,,"1,013","$1,095,608","$869,667"
69949,OTHER,,132,"$13,368","$10,487"
,TOTAL,,132,"$13,368","$10,487"
69950,80'S,,1,$247,$197
,OTHER,,7,"$10,797","$5,865"
,TOTAL,,8,"$11,044","$6,063"
69955,80'S,,1,$281,$225
,OTHER,,8,"$11,128","$8,744"
,TOTAL,,9,"$11,409","$8,969"
69960,80'S,,1,$132,$106
,OTHER,,22,"$26,897","$21,517"
,TOTAL,,23,"$27,029","$21,623"
69970,80'S,,1,$292,$233
,OTHER,,42,"$71,950","$57,534"
,TOTAL,,43,"$72,241","$57,767"
69979,OTHER,,17,"$6,324","$5,059"
,TOTAL,,17,"$6,324","$5,059"
69990,80'S,,861,"$28,600","$22,811"
,OTHER,,"9,682","$1,974,406","$1,565,966"
,TOTAL,,"10,543","$2,003,006","$1,588,777"
