HCPCS,MODIFIER,DESCRIPTION,ALLOWED SERVICES,ALLOWED CHARGES,PAYMENT
10040,OTHER,INTEGUMENTARY,"25,707","$1,959,639.89 ","$1,456,895.09 "
,TOTAL,,"25,707","$1,959,639.89 ","$1,456,895.09 "
10060,80'S,,1,$4.66 ,$3.73 
,OTHER,,"605,630","$56,184,102.11 ","$41,875,437.25 "
,TOTAL,,"605,631","$56,184,106.77 ","$41,875,440.98 "
10061,80'S,,1,$25.71 ,$20.57 
,OTHER,,"138,258","$21,278,721.73 ","$16,376,111.53 "
,TOTAL,,"138,259","$21,278,747.44 ","$16,376,132.10 "
10080,OTHER,,"2,127","$217,816.26 ","$159,311.13 "
,TOTAL,,"2,127","$217,816.26 ","$159,311.13 "
10081,OTHER,,732,"$124,883.86 ","$96,125.11 "
,TOTAL,,732,"$124,883.86 ","$96,125.11 "
10120,OTHER,,"40,553","$3,630,178.70 ","$2,659,073.06 "
,TOTAL,,"40,553","$3,630,178.70 ","$2,659,073.06 "
10121,SG,,92,"$37,533.24 ","$30,026.56 "
,OTHER,,"7,610","$1,370,946.24 ","$1,062,174.11 "
,TOTAL,,"7,702","$1,408,479.48 ","$1,092,200.67 "
10140,80'S,,2,$19.79 ,$15.83 
,OTHER,,"70,595","$7,265,971.01 ","$5,590,231.78 "
,TOTAL,,"70,597","$7,265,990.80 ","$5,590,247.61 "
10160,OTHER,,"60,246","$4,249,583.84 ","$3,230,280.83 "
,TOTAL,,"60,246","$4,249,583.84 ","$3,230,280.83 "
10180,SG,,318,"$132,278.14 ","$104,246.20 "
,80'S,,1,$22.73 ,$18.18 
,OTHER,,"16,515","$1,971,592.64 ","$1,553,403.51 "
,TOTAL,,"16,834","$2,103,893.51 ","$1,657,667.89 "
11000,OTHER,,"189,683","$8,409,288.75 ","$6,338,703.34 "
,TOTAL,,"189,683","$8,409,288.75 ","$6,338,703.34 "
11001,OTHER,,"2,823","$66,789.42 ","$51,440.20 "
,TOTAL,,"2,823","$66,789.42 ","$51,440.20 "
11010,SG,,20,"$6,617.21 ","$5,293.78 "
,80'S,,6,$150.89 ,$120.71 
,OTHER,,"3,423","$572,169.57 ","$450,403.76 "
,TOTAL,,"3,449","$578,937.67 ","$455,818.25 "
11011,SG,,9,"$3,093.54 ","$2,474.83 "
,80'S,,9,$268.96 ,$215.17 
,OTHER,,"3,594","$897,509.75 ","$710,992.22 "
,TOTAL,,"3,612","$900,872.25 ","$713,682.22 "
11012,SG,,42,"$12,713.99 ","$10,130.53 "
,80'S,,18,$756.70 ,$605.37 
,OTHER,,"6,660","$1,962,341.71 ","$1,544,277.78 "
,TOTAL,,"6,720","$1,975,812.40 ","$1,555,013.68 "
11040,OTHER,,"1,221,170","$41,471,200.35 ","$31,170,979.64 "
,TOTAL,,"1,221,170","$41,471,200.35 ","$31,170,979.64 "
11041,OTHER,,"680,705","$33,419,227.94 ","$25,569,315.82 "
,TOTAL,,"680,705","$33,419,227.94 ","$25,569,315.82 "
11042,SG,,"2,527","$942,208.55 ","$749,759.85 "
,OTHER,,"816,789","$50,854,349.33 ","$39,705,509.00 "
,TOTAL,,"819,316","$51,796,557.88 ","$40,455,268.85 "
11043,SG,,838,"$308,092.31 ","$244,974.68 "
,80'S,,2,$37.76 ,$30.21 
,OTHER,,"174,801","$29,887,323.35 ","$23,698,103.91 "
,TOTAL,,"175,641","$30,195,453.42 ","$23,943,108.80 "
11044,SG,,791,"$290,825.99 ","$229,728.44 "
,80'S,,1,$14.02 ,$11.22 
,OTHER,,"47,893","$10,763,290.90 ","$8,529,967.10 "
,TOTAL,,"48,685","$11,054,130.91 ","$8,759,706.76 "
11055,80'S,,1,$6.04 ,$4.83 
,OTHER,,"579,653","$19,658,188.38 ","$14,522,656.40 "
,TOTAL,,"579,654","$19,658,194.42 ","$14,522,661.23 "
11056,OTHER,,"1,158,477","$50,881,599.74 ","$37,722,392.45 "
,TOTAL,,"1,158,477","$50,881,599.74 ","$37,722,392.45 "
11057,OTHER,,"239,402","$12,685,207.82 ","$9,407,049.55 "
,TOTAL,,"239,402","$12,685,207.82 ","$9,407,049.55 "
11100,OTHER,,"1,858,678","$134,816,581.30 ","$100,557,622.17 "
,TOTAL,,"1,858,678","$134,816,581.30 ","$100,557,622.17 "
11101,OTHER,,"753,321","$23,103,590.73 ","$18,167,737.12 "
,TOTAL,,"753,321","$23,103,590.73 ","$18,167,737.12 "
11200,OTHER,,"111,345","$7,122,005.11 ","$5,122,496.63 "
,TOTAL,,"111,345","$7,122,005.11 ","$5,122,496.63 "
11201,OTHER,,"13,977","$387,940.73 ","$298,981.81 "
,TOTAL,,"13,977","$387,940.73 ","$298,981.81 "
11300,OTHER,,"85,125","$3,073,631.12 ","$2,277,958.67 "
,TOTAL,,"85,125","$3,073,631.12 ","$2,277,958.67 "
11301,OTHER,,"154,154","$8,365,766.66 ","$6,296,828.53 "
,TOTAL,,"154,154","$8,365,766.66 ","$6,296,828.53 "
11302,OTHER,,"93,553","$6,757,050.72 ","$5,136,883.52 "
,TOTAL,,"93,553","$6,757,050.72 ","$5,136,883.52 "
11303,OTHER,,"16,195","$1,497,040.41 ","$1,139,129.26 "
,TOTAL,,"16,195","$1,497,040.41 ","$1,139,129.26 "
11305,OTHER,,"111,583","$4,973,852.82 ","$3,689,517.97 "
,TOTAL,,"111,583","$4,973,852.82 ","$3,689,517.97 "
11306,OTHER,,"88,396","$5,504,024.55 ","$4,156,931.39 "
,TOTAL,,"88,396","$5,504,024.55 ","$4,156,931.39 "
11307,OTHER,,"40,772","$3,078,826.95 ","$2,336,104.84 "
,TOTAL,,"40,772","$3,078,826.95 ","$2,336,104.84 "
11308,OTHER,,"10,726","$896,483.31 ","$687,857.72 "
,TOTAL,,"10,726","$896,483.31 ","$687,857.72 "
11310,80'S,,1,$4.47 ,$3.58 
,OTHER,,"99,239","$4,933,312.23 ","$3,671,482.95 "
,TOTAL,,"99,240","$4,933,316.70 ","$3,671,486.53 "
11311,OTHER,,"123,477","$8,365,687.80 ","$6,295,083.63 "
,TOTAL,,"123,477","$8,365,687.80 ","$6,295,083.63 "
11312,OTHER,,"51,965","$4,329,544.87 ","$3,285,417.62 "
,TOTAL,,"51,965","$4,329,544.87 ","$3,285,417.62 "
11313,OTHER,,"8,190","$923,954.02 ","$709,125.75 "
,TOTAL,,"8,190","$923,954.02 ","$709,125.75 "
11400,OTHER,,"58,026","$4,826,422.41 ","$3,632,456.64 "
,TOTAL,,"58,026","$4,826,422.41 ","$3,632,456.64 "
11401,OTHER,,"102,441","$9,748,492.25 ","$7,404,768.30 "
,TOTAL,,"102,441","$9,748,492.25 ","$7,404,768.30 "
11402,OTHER,,"118,983","$12,834,925.06 ","$9,820,664.72 "
,TOTAL,,"118,983","$12,834,925.06 ","$9,820,664.72 "
11403,OTHER,,"56,356","$6,949,291.47 ","$5,343,417.74 "
,TOTAL,,"56,356","$6,949,291.47 ","$5,343,417.74 "
11404,SG,,"1,258","$354,632.73 ","$281,426.08 "
,OTHER,,"22,121","$3,007,733.45 ","$2,320,290.44 "
,TOTAL,,"23,379","$3,362,366.18 ","$2,601,716.52 "
11406,SG,,"1,668","$654,916.78 ","$517,197.43 "
,OTHER,,"23,051","$3,846,901.50 ","$2,993,171.82 "
,TOTAL,,"24,719","$4,501,818.28 ","$3,510,369.25 "
11420,OTHER,,"37,264","$3,021,232.34 ","$2,287,975.94 "
,TOTAL,,"37,264","$3,021,232.34 ","$2,287,975.94 "
11421,OTHER,,"49,693","$5,145,121.27 ","$3,924,409.98 "
,TOTAL,,"49,693","$5,145,121.27 ","$3,924,409.98 "
11422,OTHER,,"50,797","$5,980,589.27 ","$4,568,451.08 "
,TOTAL,,"50,797","$5,980,589.27 ","$4,568,451.08 "
11423,OTHER,,"21,394","$2,971,005.43 ","$2,283,533.10 "
,TOTAL,,"21,394","$2,971,005.43 ","$2,283,533.10 "
11424,SG,,711,"$281,214.97 ","$222,625.66 "
,OTHER,,"7,340","$1,145,279.43 ","$884,686.79 "
,TOTAL,,"8,051","$1,426,494.40 ","$1,107,312.45 "
11426,SG,,512,"$201,127.44 ","$158,637.04 "
,OTHER,,"5,504","$1,229,039.88 ","$962,866.96 "
,TOTAL,,"6,016","$1,430,167.32 ","$1,121,504.00 "
11440,OTHER,,"72,696","$7,074,361.94 ","$5,361,229.38 "
,TOTAL,,"72,696","$7,074,361.94 ","$5,361,229.38 "
11441,OTHER,,"81,044","$9,277,190.87 ","$7,101,595.79 "
,TOTAL,,"81,044","$9,277,190.87 ","$7,101,595.79 "
11442,OTHER,,"59,720","$7,576,204.41 ","$5,832,590.58 "
,TOTAL,,"59,720","$7,576,204.41 ","$5,832,590.58 "
11443,OTHER,,"16,928","$2,655,460.73 ","$2,062,925.09 "
,TOTAL,,"16,928","$2,655,460.73 ","$2,062,925.09 "
11444,SG,,656,"$176,136.94 ","$140,395.85 "
,OTHER,,"5,027","$1,044,085.63 ","$813,580.19 "
,TOTAL,,"5,683","$1,220,222.57 ","$953,976.04 "
11446,SG,,253,"$91,187.47 ","$72,240.27 "
,OTHER,,"3,110","$787,723.70 ","$619,681.47 "
,TOTAL,,"3,363","$878,911.17 ","$691,921.74 "
11450,SG,,64,"$25,986.53 ","$20,533.58 "
,OTHER,,721,"$110,418.04 ","$86,579.02 "
,TOTAL,,785,"$136,404.57 ","$107,112.60 "
11451,SG,,20,"$8,308.22 ","$6,598.10 "
,OTHER,,238,"$46,887.09 ","$36,725.86 "
,TOTAL,,258,"$55,195.31 ","$43,323.96 "
11462,SG,,30,"$11,592.94 ","$8,828.25 "
,80'S,,2,$26.58 ,$21.27 
,OTHER,,319,"$43,117.82 ","$33,301.81 "
,TOTAL,,351,"$54,737.34 ","$42,151.33 "
11463,SG,,8,"$3,430.22 ","$2,673.48 "
,OTHER,,132,"$25,702.47 ","$20,165.43 "
,TOTAL,,140,"$29,132.69 ","$22,838.91 "
11470,SG,,21,"$8,699.38 ","$6,774.67 "
,OTHER,,366,"$62,781.91 ","$49,038.97 "
,TOTAL,,387,"$71,481.29 ","$55,813.64 "
11471,SG,,5,"$2,344.68 ","$1,875.74 "
,80'S,,1,$18.93 ,$15.14 
,OTHER,,161,"$34,949.00 ","$27,699.14 "
,TOTAL,,167,"$37,312.61 ","$29,590.02 "
11600,OTHER,,"9,220","$1,027,130.63 ","$788,667.97 "
,TOTAL,,"9,220","$1,027,130.63 ","$788,667.97 "
11601,80'S,,1,$10.73 ,$8.58 
,OTHER,,"41,490","$5,121,796.43 ","$3,949,902.67 "
,TOTAL,,"41,491","$5,121,807.16 ","$3,949,911.25 "
11602,OTHER,,"115,285","$13,912,923.80 ","$10,819,045.77 "
,TOTAL,,"115,285","$13,912,923.80 ","$10,819,045.77 "
11603,OTHER,,"57,379","$7,512,891.44 ","$5,862,174.68 "
,TOTAL,,"57,379","$7,512,891.44 ","$5,862,174.68 "
11604,SG,,888,"$298,153.70 ","$236,931.33 "
,OTHER,,"21,808","$3,434,451.20 ","$2,689,830.02 "
,TOTAL,,"22,696","$3,732,604.90 ","$2,926,761.35 "
11606,SG,,"1,227","$430,061.94 ","$340,211.83 "
,OTHER,,"20,456","$3,956,296.41 ","$3,122,055.94 "
,TOTAL,,"21,683","$4,386,358.35 ","$3,462,267.77 "
11620,OTHER,,"5,307","$543,137.31 ","$414,353.27 "
,TOTAL,,"5,307","$543,137.31 ","$414,353.27 "
11621,OTHER,,"22,302","$2,669,828.03 ","$2,060,533.63 "
,TOTAL,,"22,302","$2,669,828.03 ","$2,060,533.63 "
11622,OTHER,,"51,368","$6,733,180.75 ","$5,239,675.28 "
,TOTAL,,"51,368","$6,733,180.75 ","$5,239,675.28 "
11623,OTHER,,"22,089","$3,512,743.25 ","$2,745,097.71 "
,TOTAL,,"22,089","$3,512,743.25 ","$2,745,097.71 "
11624,SG,,539,"$177,829.16 ","$141,811.25 "
,OTHER,,"7,924","$1,466,768.93 ","$1,153,066.17 "
,TOTAL,,"8,463","$1,644,598.09 ","$1,294,877.42 "
11626,SG,,493,"$160,317.73 ","$126,493.68 "
,OTHER,,"6,285","$1,430,382.11 ","$1,130,635.10 "
,TOTAL,,"6,778","$1,590,699.84 ","$1,257,128.78 "
11640,80'S,,1,$9.44 ,$7.55 
,OTHER,,"29,634","$3,335,797.70 ","$2,553,700.32 "
,TOTAL,,"29,635","$3,335,807.14 ","$2,553,707.87 "
11641,OTHER,,"98,642","$13,798,189.24 ","$10,691,281.27 "
,TOTAL,,"98,642","$13,798,189.24 ","$10,691,281.27 "
11642,80'S,,1,$10.87 ,$8.70 
,OTHER,,"149,251","$25,022,434.90 ","$19,551,539.40 "
,TOTAL,,"149,252","$25,022,445.77 ","$19,551,548.10 "
11643,OTHER,,"49,481","$9,596,071.46 ","$7,538,449.36 "
,TOTAL,,"49,481","$9,596,071.46 ","$7,538,449.36 "
11644,SG,,"1,494","$463,789.17 ","$367,172.04 "
,OTHER,,"15,550","$3,694,193.45 ","$2,917,337.76 "
,TOTAL,,"17,044","$4,157,982.62 ","$3,284,509.80 "
11646,SG,,953,"$290,988.75 ","$231,355.20 "
,OTHER,,"9,459","$3,066,137.62 ","$2,429,699.85 "
,TOTAL,,"10,412","$3,357,126.37 ","$2,661,055.05 "
11719,OTHER,,"1,287,603","$14,730,371.21 ","$10,875,762.41 "
,TOTAL,,"1,287,603","$14,730,371.21 ","$10,875,762.41 "
11720,OTHER,,"1,726,225","$42,557,243.99 ","$30,934,492.51 "
,TOTAL,,"1,726,225","$42,557,243.99 ","$30,934,492.51 "
11721,OTHER,,"6,105,300","$224,303,268.68 ","$162,884,372.05 "
,TOTAL,,"6,105,300","$224,303,268.68 ","$162,884,372.05 "
11730,OTHER,,"664,146","$48,688,858.96 ","$36,404,501.87 "
,TOTAL,,"664,146","$48,688,858.96 ","$36,404,501.87 "
11732,OTHER,,"86,817","$3,006,420.88 ","$2,339,033.49 "
,TOTAL,,"86,817","$3,006,420.88 ","$2,339,033.49 "
11740,80'S,,1,$1.68 ,$1.34 
,OTHER,,"31,835","$1,233,489.51 ","$938,875.20 "
,TOTAL,,"31,836","$1,233,491.19 ","$938,876.54 "
11750,OTHER,,"252,324","$30,607,886.08 ","$23,208,539.35 "
,TOTAL,,"252,324","$30,607,886.08 ","$23,208,539.35 "
11752,OTHER,,"2,508","$367,287.07 ","$284,531.33 "
,TOTAL,,"2,508","$367,287.07 ","$284,531.33 "
11755,OTHER,,"21,724","$1,831,705.38 ","$1,416,065.73 "
,TOTAL,,"21,724","$1,831,705.38 ","$1,416,065.73 "
11760,OTHER,,"5,095","$449,001.53 ","$343,938.00 "
,TOTAL,,"5,095","$449,001.53 ","$343,938.00 "
11762,OTHER,,806,"$130,480.10 ","$99,934.16 "
,TOTAL,,806,"$130,480.10 ","$99,934.16 "
11765,OTHER,,"84,968","$5,031,350.90 ","$3,771,756.19 "
,TOTAL,,"84,968","$5,031,350.90 ","$3,771,756.19 "
11770,SG,,52,"$26,604.15 ","$20,912.50 "
,OTHER,,492,"$73,446.75 ","$56,192.66 "
,TOTAL,,544,"$100,050.90 ","$77,105.16 "
11771,SG,,56,"$28,463.08 ","$22,079.05 "
,OTHER,,539,"$191,717.32 ","$149,829.69 "
,TOTAL,,595,"$220,180.40 ","$171,908.74 "
11772,SG,,23,"$11,898.63 ","$9,478.05 "
,OTHER,,384,"$162,338.52 ","$127,352.27 "
,TOTAL,,407,"$174,237.15 ","$136,830.32 "
11900,OTHER,,"113,591","$4,605,329.92 ","$3,379,777.30 "
,TOTAL,,"113,591","$4,605,329.92 ","$3,379,777.30 "
11901,OTHER,,"55,953","$3,023,486.32 ","$2,245,677.70 "
,TOTAL,,"55,953","$3,023,486.32 ","$2,245,677.70 "
11920,OTHER,,262,"$30,091.63 ","$23,589.21 "
,TOTAL,,262,"$30,091.63 ","$23,589.21 "
11921,OTHER,,353,"$53,831.27 ","$41,658.57 "
,TOTAL,,353,"$53,831.27 ","$41,658.57 "
11922,OTHER,,30,$868.35 ,$654.58 
,TOTAL,,30,$868.35 ,$654.58 
11950,OTHER,,30,"$1,693.74 ","$1,333.87 "
,TOTAL,,30,"$1,693.74 ","$1,333.87 "
11951,80'S,,1,$11.44 ,$9.15 
,OTHER,,58,"$4,444.64 ","$3,399.80 "
,TOTAL,,59,"$4,456.08 ","$3,408.95 "
11952,OTHER,,12,"$1,206.26 ",$965.02 
,TOTAL,,12,"$1,206.26 ",$965.02 
11954,OTHER,,38,"$3,422.87 ","$2,738.27 "
,TOTAL,,38,"$3,422.87 ","$2,738.27 "
11960,SG,,12,"$4,232.34 ","$3,228.49 "
,OTHER,,287,"$182,719.68 ","$143,785.58 "
,TOTAL,,299,"$186,952.02 ","$147,014.07 "
11970,SG,,181,"$64,743.68 ","$51,484.28 "
,OTHER,,"1,213","$353,704.96 ","$276,314.89 "
,TOTAL,,"1,394","$418,448.64 ","$327,799.17 "
11971,SG,,45,"$11,793.90 ","$9,214.06 "
,OTHER,,392,"$64,260.74 ","$50,412.47 "
,TOTAL,,437,"$76,054.64 ","$59,626.53 "
11976,OTHER,,30,"$3,073.71 ","$2,008.01 "
,TOTAL,,30,"$3,073.71 ","$2,008.01 "
11980,OTHER,,"2,772","$263,827.52 ","$199,882.19 "
,TOTAL,,"2,772","$263,827.52 ","$199,882.19 "
11981,80'S,,4,$31.78 ,$25.43 
,OTHER,,"10,223","$1,104,992.58 ","$869,233.01 "
,TOTAL,,"10,227","$1,105,024.36 ","$869,258.44 "
11982,80'S,,2,$23.01 ,$18.41 
,OTHER,,945,"$110,757.14 ","$85,245.44 "
,TOTAL,,947,"$110,780.15 ","$85,263.85 "
11983,80'S,,1,$15.22 ,$12.18 
,OTHER,,"4,804","$1,000,630.20 ","$788,542.68 "
,TOTAL,,"4,805","$1,000,645.42 ","$788,554.86 "
12001,OTHER,,"172,778","$15,374,093.45 ","$11,563,362.04 "
,TOTAL,,"172,778","$15,374,093.45 ","$11,563,362.04 "
12002,OTHER,,"133,874","$14,474,065.29 ","$11,007,857.11 "
,TOTAL,,"133,874","$14,474,065.29 ","$11,007,857.11 "
12004,OTHER,,"18,706","$2,335,030.43 ","$1,803,403.17 "
,TOTAL,,"18,706","$2,335,030.43 ","$1,803,403.17 "
12005,SG,,9,"$3,585.97 ","$2,868.78 "
,OTHER,,"4,849","$744,721.21 ","$580,380.32 "
,TOTAL,,"4,858","$748,307.18 ","$583,249.10 "
12006,OTHER,,912,"$177,521.34 ","$139,603.38 "
,TOTAL,,912,"$177,521.34 ","$139,603.38 "
12007,OTHER,,343,"$74,913.53 ","$59,183.34 "
,TOTAL,,343,"$74,913.53 ","$59,183.34 "
12011,OTHER,,"83,828","$7,295,960.42 ","$5,611,279.76 "
,TOTAL,,"83,828","$7,295,960.42 ","$5,611,279.76 "
12013,OTHER,,"47,544","$5,350,208.08 ","$4,141,728.76 "
,TOTAL,,"47,544","$5,350,208.08 ","$4,141,728.76 "
12014,OTHER,,"6,302","$835,505.64 ","$649,100.86 "
,TOTAL,,"6,302","$835,505.64 ","$649,100.86 "
12015,OTHER,,"2,816","$468,635.82 ","$366,928.24 "
,TOTAL,,"2,816","$468,635.82 ","$366,928.24 "
12016,OTHER,,413,"$86,804.86 ","$68,406.87 "
,TOTAL,,413,"$86,804.86 ","$68,406.87 "
12017,OTHER,,70,"$16,401.14 ","$12,946.93 "
,TOTAL,,70,"$16,401.14 ","$12,946.93 "
12018,OTHER,,27,"$6,745.87 ","$5,396.71 "
,TOTAL,,27,"$6,745.87 ","$5,396.71 "
12020,SG,,170,"$51,533.34 ","$40,603.51 "
,OTHER,,"4,299","$667,544.51 ","$524,006.44 "
,TOTAL,,"4,469","$719,077.85 ","$564,609.95 "
12021,SG,,12,"$3,212.42 ","$2,569.95 "
,OTHER,,"3,948","$459,186.03 ","$363,059.84 "
,TOTAL,,"3,960","$462,398.45 ","$365,629.79 "
12031,OTHER,,"43,429","$5,311,823.68 ","$4,154,445.13 "
,TOTAL,,"43,429","$5,311,823.68 ","$4,154,445.13 "
12032,80'S,,1,$13.33 ,$10.66 
,OTHER,,"122,170","$20,449,795.58 ","$16,066,085.44 "
,TOTAL,,"122,171","$20,449,808.91 ","$16,066,096.10 "
12034,SG,,517,"$173,158.82 ","$137,123.84 "
,OTHER,,"16,030","$2,672,917.40 ","$2,101,610.85 "
,TOTAL,,"16,547","$2,846,076.22 ","$2,238,734.69 "
12035,SG,,96,"$32,853.72 ","$25,811.52 "
,OTHER,,"4,041","$708,160.26 ","$558,198.61 "
,TOTAL,,"4,137","$741,013.98 ","$584,010.13 "
12036,SG,,30,"$8,701.69 ","$6,961.34 "
,OTHER,,965,"$212,321.14 ","$167,449.96 "
,TOTAL,,995,"$221,022.83 ","$174,411.30 "
12037,SG,,13,"$4,736.71 ","$3,776.06 "
,80'S,,7,$161.14 ,$128.90 
,OTHER,,505,"$119,996.01 ","$94,753.47 "
,TOTAL,,525,"$124,893.86 ","$98,658.43 "
12041,OTHER,,"16,835","$2,244,807.71 ","$1,742,890.52 "
,TOTAL,,"16,835","$2,244,807.71 ","$1,742,890.52 "
12042,OTHER,,"32,392","$5,865,709.43 ","$4,600,413.99 "
,TOTAL,,"32,392","$5,865,709.43 ","$4,600,413.99 "
12044,SG,,45,"$14,775.52 ","$11,820.38 "
,OTHER,,"2,212","$365,405.98 ","$286,358.71 "
,TOTAL,,"2,257","$380,181.50 ","$298,179.09 "
12045,SG,,5,"$1,316.92 ","$1,053.55 "
,OTHER,,415,"$74,343.62 ","$58,098.02 "
,TOTAL,,420,"$75,660.54 ","$59,151.57 "
12046,80'S,,1,$42.16 ,$33.73 
,OTHER,,140,"$31,580.32 ","$24,909.58 "
,TOTAL,,141,"$31,622.48 ","$24,943.31 "
12047,SG,,1,$213.24 ,$170.59 
,80'S,,1,$21.91 ,$17.52 
,OTHER,,52,"$12,386.35 ","$9,554.01 "
,TOTAL,,54,"$12,621.50 ","$9,742.12 "
12051,OTHER,,"62,048","$9,698,318.21 ","$7,634,721.78 "
,TOTAL,,"62,048","$9,698,318.21 ","$7,634,721.78 "
12052,OTHER,,"70,191","$10,855,373.16 ","$8,560,321.01 "
,TOTAL,,"70,191","$10,855,373.16 ","$8,560,321.01 "
12053,OTHER,,"9,558","$1,638,831.80 ","$1,292,664.34 "
,TOTAL,,"9,558","$1,638,831.80 ","$1,292,664.34 "
12054,SG,,119,"$40,337.64 ","$32,189.36 "
,OTHER,,"3,510","$657,182.51 ","$518,945.30 "
,TOTAL,,"3,629","$697,520.15 ","$551,134.66 "
12055,SG,,23,"$7,026.24 ","$5,511.10 "
,OTHER,,516,"$114,336.49 ","$89,912.63 "
,TOTAL,,539,"$121,362.73 ","$95,423.73 "
12056,SG,,5,"$1,773.26 ","$1,418.60 "
,OTHER,,87,"$22,469.10 ","$17,679.70 "
,TOTAL,,92,"$24,242.36 ","$19,098.30 "
12057,SG,,3,"$1,339.53 ","$1,071.63 "
,OTHER,,88,"$24,742.32 ","$19,197.36 "
,TOTAL,,91,"$26,081.85 ","$20,268.99 "
13100,SG,,224,"$82,955.95 ","$65,394.57 "
,OTHER,,"3,308","$663,558.34 ","$521,962.23 "
,TOTAL,,"3,532","$746,514.29 ","$587,356.80 "
13101,SG,,"1,633","$768,147.12 ","$610,014.70 "
,OTHER,,"28,899","$7,159,892.11 ","$5,647,283.98 "
,TOTAL,,"30,532","$7,928,039.23 ","$6,257,298.68 "
13102,OTHER,,"8,331","$602,747.11 ","$475,723.55 "
,TOTAL,,"8,331","$602,747.11 ","$475,723.55 "
13120,SG,,336,"$124,492.30 ","$98,263.67 "
,OTHER,,"4,556","$981,866.79 ","$770,829.76 "
,TOTAL,,"4,892","$1,106,359.09 ","$869,093.43 "
13121,SG,,"2,435","$1,163,204.82 ","$923,069.14 "
,80'S,,1,$21.24 ,$16.99 
,OTHER,,"41,874","$11,480,438.79 ","$9,066,779.92 "
,TOTAL,,"44,310","$12,643,664.85 ","$9,989,866.05 "
13122,80'S,,14,$191.24 ,$152.99 
,OTHER,,"9,286","$769,021.25 ","$610,714.63 "
,TOTAL,,"9,300","$769,212.49 ","$610,867.62 "
13131,SG,,"1,641","$638,075.32 ","$505,378.63 "
,80'S,,1,$37.75 ,$30.20 
,OTHER,,"21,798","$5,364,749.72 ","$4,228,888.07 "
,TOTAL,,"23,440","$6,002,862.79 ","$4,734,296.90 "
13132,SG,,"6,161","$2,978,552.96 ","$2,364,445.15 "
,OTHER,,"100,565","$35,905,976.37 ","$28,428,392.99 "
,TOTAL,,"106,726","$38,884,529.33 ","$30,792,838.14 "
13133,OTHER,,"7,215","$904,460.42 ","$718,265.69 "
,TOTAL,,"7,215","$904,460.42 ","$718,265.69 "
13150,SG,,279,"$130,196.20 ","$103,482.09 "
,OTHER,,"2,561","$708,368.67 ","$556,218.19 "
,TOTAL,,"2,840","$838,564.87 ","$659,700.28 "
13151,SG,,"1,631","$786,669.92 ","$623,491.67 "
,OTHER,,"20,643","$6,445,298.91 ","$5,089,673.69 "
,TOTAL,,"22,274","$7,231,968.83 ","$5,713,165.36 "
13152,SG,,"1,693","$817,138.71 ","$646,335.40 "
,OTHER,,"28,174","$11,468,614.21 ","$9,071,456.93 "
,TOTAL,,"29,867","$12,285,752.92 ","$9,717,792.33 "
13153,OTHER,,"1,095","$147,182.48 ","$116,366.66 "
,TOTAL,,"1,095","$147,182.48 ","$116,366.66 "
13160,SG,,401,"$162,803.54 ","$127,792.41 "
,80'S,,2,$171.50 ,$137.20 
,OTHER,,"11,165","$5,922,097.00 ","$4,689,054.28 "
,TOTAL,,"11,568","$6,085,072.04 ","$4,816,983.89 "
14000,SG,,"1,092","$409,638.42 ","$325,577.62 "
,OTHER,,"9,164","$3,759,666.21 ","$2,972,070.12 "
,TOTAL,,"10,256","$4,169,304.63 ","$3,297,647.74 "
14001,SG,,634,"$286,791.63 ","$227,904.72 "
,OTHER,,"5,682","$3,090,607.45 ","$2,441,611.56 "
,TOTAL,,"6,316","$3,377,399.08 ","$2,669,516.28 "
14020,SG,,"2,526","$1,204,689.12 ","$957,199.64 "
,80'S,,1,$65.79 ,$52.63 
,OTHER,,"17,353","$8,010,098.17 ","$6,359,760.28 "
,TOTAL,,"19,880","$9,214,853.08 ","$7,317,012.55 "
14021,SG,,981,"$478,362.34 ","$380,641.73 "
,OTHER,,"8,736","$5,833,173.49 ","$4,626,019.06 "
,TOTAL,,"9,717","$6,311,535.83 ","$5,006,660.79 "
14040,SG,,"10,250","$3,786,470.27 ","$3,006,514.67 "
,80'S,,2,$94.91 ,$75.93 
,OTHER,,"75,485","$41,422,315.09 ","$32,849,143.90 "
,TOTAL,,"85,737","$45,208,880.27 ","$35,855,734.50 "
14041,SG,,"2,380","$1,146,029.82 ","$909,764.16 "
,80'S,,1,$120.83 ,$96.66 
,OTHER,,"22,154","$17,525,922.36 ","$13,890,779.53 "
,TOTAL,,"24,535","$18,672,073.01 ","$14,800,640.35 "
14060,SG,,"12,373","$5,870,239.45 ","$4,658,249.22 "
,80'S,,1,$110.97 ,$88.78 
,OTHER,,"87,425","$53,762,561.15 ","$42,618,296.25 "
,TOTAL,,"99,799","$59,632,911.57 ","$47,276,634.25 "
14061,SG,,"1,506","$736,650.59 ","$585,275.85 "
,OTHER,,"12,566","$10,924,220.72 ","$8,663,905.67 "
,TOTAL,,"14,072","$11,660,871.31 ","$9,249,181.52 "
14300,SG,,775,"$480,693.20 ","$382,082.53 "
,80'S,,1,$132.60 ,$106.08 
,OTHER,,"8,515","$6,462,393.04 ","$5,126,889.45 "
,TOTAL,,"9,291","$6,943,218.84 ","$5,509,078.06 "
14350,SG,,16,"$6,014.13 ","$4,811.28 "
,80'S,,3,$309.79 ,$247.83 
,OTHER,,310,"$154,527.58 ","$122,485.30 "
,TOTAL,,329,"$160,851.50 ","$127,544.41 "
15000,SG,,"2,127","$565,022.77 ","$450,006.01 "
,80'S,,2,$81.29 ,$65.03 
,OTHER,,"45,306","$10,841,789.30 ","$8,597,185.54 "
,TOTAL,,"47,435","$11,406,893.36 ","$9,047,256.58 "
15001,80'S,,"1,219","$11,608.78 ","$9,263.05 "
,OTHER,,"31,179","$1,712,197.63 ","$1,365,769.61 "
,TOTAL,,"32,398","$1,723,806.41 ","$1,375,032.66 "
15050,SG,,59,"$21,222.48 ","$16,942.53 "
,OTHER,,806,"$216,075.54 ","$170,774.77 "
,TOTAL,,865,"$237,298.02 ","$187,717.30 "
15100,SG,,811,"$299,018.01 ","$238,086.43 "
,80'S,,1,$110.17 ,$79.33 
,OTHER,,"22,315","$12,683,749.12 ","$10,069,260.34 "
,TOTAL,,"23,127","$12,982,877.30 ","$10,307,426.10 "
15101,SG,,47,"$21,167.64 ","$16,934.15 "
,OTHER,,"22,152","$2,638,272.41 ","$2,104,981.90 "
,TOTAL,,"22,199","$2,659,440.05 ","$2,121,916.05 "
15120,SG,,874,"$317,509.57 ","$251,262.96 "
,OTHER,,"11,024","$6,552,519.15 ","$5,193,599.17 "
,TOTAL,,"11,898","$6,870,028.72 ","$5,444,862.13 "
15121,SG,,9,"$4,372.88 ","$3,305.94 "
,80'S,,2,$49.42 ,$39.54 
,OTHER,,"1,774","$302,651.75 ","$239,956.15 "
,TOTAL,,"1,785","$307,074.05 ","$243,301.63 "
15200,SG,,94,"$40,052.74 ","$31,838.30 "
,OTHER,,880,"$405,296.03 ","$321,173.88 "
,TOTAL,,974,"$445,348.77 ","$353,012.18 "
15201,SG,,12,"$2,898.99 ","$2,319.19 "
,OTHER,,287,"$21,057.06 ","$16,788.28 "
,TOTAL,,299,"$23,956.05 ","$19,107.47 "
15220,SG,,873,"$308,709.44 ","$243,994.31 "
,OTHER,,"5,633","$2,957,241.64 ","$2,347,507.31 "
,TOTAL,,"6,506","$3,265,951.08 ","$2,591,501.62 "
15221,SG,,109,"$26,226.94 ","$20,981.63 "
,OTHER,,"1,319","$93,898.30 ","$74,708.15 "
,TOTAL,,"1,428","$120,125.24 ","$95,689.78 "
15240,SG,,"1,853","$822,417.73 ","$654,552.42 "
,OTHER,,"11,439","$6,553,886.70 ","$5,203,303.48 "
,TOTAL,,"13,292","$7,376,304.43 ","$5,857,855.90 "
15241,SG,,110,"$35,349.68 ","$28,199.86 "
,OTHER,,"1,251","$140,434.82 ","$112,078.98 "
,TOTAL,,"1,361","$175,784.50 ","$140,278.84 "
15260,SG,,"7,355","$2,606,322.83 ","$2,067,947.14 "
,OTHER,,"45,886","$31,769,249.71 ","$25,208,531.03 "
,TOTAL,,"53,241","$34,375,572.54 ","$27,276,478.17 "
15261,SG,,110,"$30,317.84 ","$24,236.05 "
,OTHER,,479,"$73,660.56 ","$58,786.37 "
,TOTAL,,589,"$103,978.40 ","$83,022.42 "
15342,80'S,,1,$13.55 ,$10.84 
,OTHER,,"16,378","$1,252,625.59 ","$989,581.33 "
,TOTAL,,"16,379","$1,252,639.14 ","$989,592.17 "
15343,OTHER,,"13,473","$168,108.12 ","$134,065.86 "
,TOTAL,,"13,473","$168,108.12 ","$134,065.86 "
15350,SG,,163,"$54,981.81 ","$43,939.64 "
,OTHER,,"5,564","$1,696,362.72 ","$1,349,370.44 "
,TOTAL,,"5,727","$1,751,344.53 ","$1,393,310.08 "
15351,SG,,1,$230.25 ,$184.20 
,OTHER,,"8,766","$476,092.72 ","$379,465.35 "
,TOTAL,,"8,767","$476,322.97 ","$379,649.55 "
15400,SG,,213,"$80,476.77 ","$63,991.85 "
,OTHER,,"18,332","$5,440,840.43 ","$4,312,480.14 "
,TOTAL,,"18,545","$5,521,317.20 ","$4,376,471.99 "
15401,OTHER,,"1,726","$99,727.03 ","$78,938.23 "
,TOTAL,,"1,726","$99,727.03 ","$78,938.23 "
15570,SG,,99,"$43,133.36 ","$34,426.61 "
,OTHER,,458,"$226,273.03 ","$179,793.50 "
,TOTAL,,557,"$269,406.39 ","$214,220.11 "
15572,SG,,120,"$45,497.64 ","$36,398.12 "
,OTHER,,560,"$267,493.87 ","$212,613.15 "
,TOTAL,,680,"$312,991.51 ","$249,011.27 "
15574,SG,,424,"$173,872.73 ","$138,977.09 "
,OTHER,,"2,039","$1,144,163.38 ","$910,693.30 "
,TOTAL,,"2,463","$1,318,036.11 ","$1,049,670.39 "
15576,SG,,599,"$252,869.89 ","$200,402.63 "
,OTHER,,"3,199","$1,589,720.11 ","$1,258,634.80 "
,TOTAL,,"3,798","$1,842,590.00 ","$1,459,037.43 "
15600,SG,,13,"$6,153.25 ","$4,922.59 "
,OTHER,,214,"$30,681.54 ","$24,049.01 "
,TOTAL,,227,"$36,834.79 ","$28,971.60 "
15610,SG,,10,"$4,586.11 ","$3,668.87 "
,OTHER,,175,"$25,550.89 ","$20,290.89 "
,TOTAL,,185,"$30,137.00 ","$23,959.76 "
15620,SG,,167,"$102,888.81 ","$81,991.10 "
,OTHER,,725,"$149,796.07 ","$118,856.40 "
,TOTAL,,892,"$252,684.88 ","$200,847.50 "
15630,SG,,413,"$195,574.82 ","$154,926.86 "
,OTHER,,"2,388","$606,771.42 ","$478,262.07 "
,TOTAL,,"2,801","$802,346.24 ","$633,188.93 "
15650,SG,,47,"$31,699.47 ","$25,359.53 "
,OTHER,,132,"$30,633.12 ","$24,132.99 "
,TOTAL,,179,"$62,332.59 ","$49,492.52 "
15732,SG,,"1,929","$808,472.38 ","$644,011.31 "
,80'S,,381,"$59,540.78 ","$46,972.82 "
,OTHER,,"9,513","$10,121,469.88 ","$8,031,207.76 "
,TOTAL,,"11,823","$10,989,483.04 ","$8,722,191.89 "
15734,SG,,243,"$100,611.44 ","$78,809.37 "
,80'S,,818,"$119,949.37 ","$95,323.81 "
,OTHER,,"13,125","$11,874,328.20 ","$9,438,541.89 "
,TOTAL,,"14,186","$12,094,889.01 ","$9,612,675.07 "
15736,SG,,126,"$50,728.84 ","$40,583.08 "
,80'S,,2,$338.00 ,$270.40 
,OTHER,,998,"$975,948.08 ","$774,485.79 "
,TOTAL,,"1,126","$1,027,014.92 ","$815,339.27 "
15738,SG,,167,"$77,681.93 ","$62,065.58 "
,80'S,,258,"$40,490.76 ","$32,208.72 "
,OTHER,,"5,239","$5,088,369.16 ","$4,045,188.98 "
,TOTAL,,"5,664","$5,206,541.85 ","$4,139,463.28 "
15740,SG,,493,"$184,454.59 ","$146,319.47 "
,OTHER,,"3,904","$2,498,541.32 ","$1,977,777.34 "
,TOTAL,,"4,397","$2,682,995.91 ","$2,124,096.81 "
15750,SG,,88,"$29,875.49 ","$23,668.21 "
,80'S,,13,"$1,195.19 ",$956.11 
,OTHER,,397,"$249,507.92 ","$196,772.83 "
,TOTAL,,498,"$280,578.60 ","$221,397.15 "
15756,SG,,5,"$1,979.25 ","$1,583.39 "
,80'S,,76,"$25,734.00 ","$20,282.06 "
,OTHER,,652,"$1,252,300.34 ","$995,298.04 "
,TOTAL,,733,"$1,280,013.59 ","$1,017,163.49 "
15757,SG,,5,"$3,923.08 ","$3,138.47 "
,80'S,,38,"$12,471.76 ","$9,946.61 "
,OTHER,,489,"$983,456.48 ","$776,602.71 "
,TOTAL,,532,"$999,851.32 ","$789,687.79 "
15758,SG,,1,$489.88 ,$391.90 
,80'S,,34,"$11,779.17 ","$9,396.90 "
,OTHER,,156,"$324,555.72 ","$252,745.88 "
,TOTAL,,191,"$336,824.77 ","$262,534.68 "
15760,SG,,141,"$44,994.38 ","$35,080.91 "
,OTHER,,765,"$377,851.81 ","$301,077.96 "
,TOTAL,,906,"$422,846.19 ","$336,158.87 "
15770,SG,,148,"$54,835.44 ","$43,500.42 "
,80'S,,124,"$5,714.50 ","$4,544.12 "
,OTHER,,"1,316","$394,099.71 ","$312,473.69 "
,TOTAL,,"1,588","$454,649.65 ","$360,518.23 "
15780,OTHER,,37,"$12,809.22 ","$9,893.40 "
,TOTAL,,37,"$12,809.22 ","$9,893.40 "
15781,OTHER,,351,"$117,414.72 ","$92,292.30 "
,TOTAL,,351,"$117,414.72 ","$92,292.30 "
15782,OTHER,,44,"$12,651.42 ","$9,652.85 "
,TOTAL,,44,"$12,651.42 ","$9,652.85 "
15783,OTHER,,69,"$17,837.17 ","$13,619.70 "
,TOTAL,,69,"$17,837.17 ","$13,619.70 "
15786,OTHER,,529,"$62,952.47 ","$47,770.15 "
,TOTAL,,529,"$62,952.47 ","$47,770.15 "
15787,OTHER,,112,"$2,341.13 ","$1,872.86 "
,TOTAL,,112,"$2,341.13 ","$1,872.86 "
15788,OTHER,,"1,181","$243,150.11 ","$190,491.88 "
,TOTAL,,"1,181","$243,150.11 ","$190,491.88 "
15789,OTHER,,170,"$72,768.76 ","$57,237.85 "
,TOTAL,,170,"$72,768.76 ","$57,237.85 "
15792,OTHER,,55,"$6,629.27 ","$5,103.83 "
,TOTAL,,55,"$6,629.27 ","$5,103.83 "
15793,OTHER,,27,"$6,712.91 ","$5,350.45 "
,TOTAL,,27,"$6,712.91 ","$5,350.45 "
15810,OTHER,,5,$987.32 ,$789.86 
,TOTAL,,5,$987.32 ,$789.86 
15811,OTHER,,8,"$1,823.07 ","$1,458.45 "
,TOTAL,,8,"$1,823.07 ","$1,458.45 "
15819,OTHER,,3,"$1,239.60 ",$991.68 
,TOTAL,,3,"$1,239.60 ",$991.68 
15820,SG,,69,"$25,057.94 ","$20,046.46 "
,OTHER,,103,"$38,058.66 ","$30,332.98 "
,TOTAL,,172,"$63,116.60 ","$50,379.44 "
15821,SG,,114,"$35,897.73 ","$28,718.29 "
,80'S,,1,$54.65 ,$43.72 
,OTHER,,173,"$63,501.36 ","$50,626.00 "
,TOTAL,,288,"$99,453.74 ","$79,388.01 "
15822,SG,,894,"$420,159.93 ","$335,041.93 "
,OTHER,,"2,605","$955,484.34 ","$757,077.60 "
,TOTAL,,"3,499","$1,375,644.27 ","$1,092,119.53 "
15823,SG,,"12,544","$8,000,418.96 ","$6,358,778.26 "
,OTHER,,"48,627","$24,946,627.86 ","$19,768,220.78 "
,TOTAL,,"61,171","$32,947,046.82 ","$26,126,999.04 "
15824,SG,,9,"$2,951.75 ","$2,361.38 "
,OTHER,,2,"$2,044.84 ","$1,635.87 "
,TOTAL,,11,"$4,996.59 ","$3,997.25 "
15825,SG,,1,$242.77 ,$194.22 
,TOTAL,,1,$242.77 ,$194.22 
15826,SG,,1,$759.53 ,$607.62 
,TOTAL,,1,$759.53 ,$607.62 
15828,SG,,3,"$1,061.86 ",$849.48 
,OTHER,,6,"$4,908.90 ","$3,927.12 "
,TOTAL,,9,"$5,970.76 ","$4,776.60 "
15829,OTHER,,4,"$3,005.76 ","$2,404.60 "
,TOTAL,,4,"$3,005.76 ","$2,404.60 "
15831,SG,,15,"$6,082.34 ","$4,865.87 "
,80'S,,223,"$24,215.89 ","$19,017.80 "
,OTHER,,"1,501","$998,329.08 ","$782,593.09 "
,TOTAL,,"1,739","$1,028,627.31 ","$806,476.76 "
15832,SG,,1,$545.33 ,$436.26 
,80'S,,7,$480.08 ,$384.07 
,OTHER,,85,"$48,187.63 ","$38,086.59 "
,TOTAL,,93,"$49,213.04 ","$38,906.92 "
15833,SG,,1,$508.23 ,$406.58 
,OTHER,,32,"$17,400.00 ","$13,919.95 "
,TOTAL,,33,"$17,908.23 ","$14,326.53 "
15834,80'S,,2,$101.53 ,$81.22 
,OTHER,,19,"$7,626.37 ","$6,101.10 "
,TOTAL,,21,"$7,727.90 ","$6,182.32 "
15835,OTHER,,13,"$6,685.16 ","$5,246.73 "
,TOTAL,,13,"$6,685.16 ","$5,246.73 "
15836,80'S,,6,$441.14 ,$352.92 
,OTHER,,54,"$21,838.05 ","$17,470.43 "
,TOTAL,,60,"$22,279.19 ","$17,823.35 "
15837,OTHER,,13,"$5,333.29 ","$4,200.19 "
,TOTAL,,13,"$5,333.29 ","$4,200.19 "
15838,OTHER,,83,"$24,306.23 ","$19,177.50 "
,TOTAL,,83,"$24,306.23 ","$19,177.50 "
15839,80'S,,9,$590.58 ,$472.47 
,OTHER,,233,"$103,412.93 ","$81,779.23 "
,TOTAL,,242,"$104,003.51 ","$82,251.70 "
15840,SG,,18,"$9,655.91 ","$7,724.74 "
,OTHER,,245,"$186,152.37 ","$147,461.01 "
,TOTAL,,263,"$195,808.28 ","$155,185.75 "
15841,SG,,7,"$3,669.49 ","$2,935.58 "
,80'S,,5,"$1,383.00 ","$1,106.40 "
,OTHER,,25,"$35,856.11 ","$28,673.48 "
,TOTAL,,37,"$40,908.60 ","$32,715.46 "
15842,80'S,,1,$375.29 ,$270.21 
,OTHER,,15,"$19,002.26 ","$15,156.16 "
,TOTAL,,16,"$19,377.55 ","$15,426.37 "
15845,SG,,48,"$25,791.27 ","$20,633.09 "
,80'S,,23,"$2,392.75 ","$1,914.21 "
,OTHER,,147,"$100,369.09 ","$80,278.30 "
,TOTAL,,218,"$128,553.11 ","$102,825.60 "
15851,OTHER,,"4,207","$297,723.17 ","$228,488.04 "
,TOTAL,,"4,207","$297,723.17 ","$228,488.04 "
15852,OTHER,,"6,566","$409,833.78 ","$321,252.18 "
,TOTAL,,"6,566","$409,833.78 ","$321,252.18 "
15860,80'S,,1,$9.14 ,$7.31 
,OTHER,,118,"$7,231.52 ","$5,735.55 "
,TOTAL,,119,"$7,240.66 ","$5,742.86 "
15876,SG,,2,$788.26 ,$630.61 
,OTHER,,13,"$4,928.28 ","$3,942.62 "
,TOTAL,,15,"$5,716.54 ","$4,573.23 "
15877,SG,,4,"$1,557.80 ","$1,246.25 "
,OTHER,,26,"$13,091.02 ","$10,472.81 "
,TOTAL,,30,"$14,648.82 ","$11,719.06 "
15878,OTHER,,3,"$1,262.96 ","$1,010.37 "
,TOTAL,,3,"$1,262.96 ","$1,010.37 "
15879,SG,,4,"$2,222.93 ","$1,778.35 "
,OTHER,,7,"$3,279.38 ","$2,623.51 "
,TOTAL,,11,"$5,502.31 ","$4,401.86 "
15920,SG,,2,"$1,006.55 ",$805.24 
,80'S,,1,$39.07 ,$31.26 
,OTHER,,160,"$71,253.93 ","$56,667.64 "
,TOTAL,,163,"$72,299.55 ","$57,504.14 "
15922,SG,,1,$651.95 ,$521.56 
,80'S,,4,$405.67 ,$324.53 
,OTHER,,65,"$33,578.90 ","$26,217.56 "
,TOTAL,,70,"$34,636.52 ","$27,063.65 "
15931,SG,,6,"$3,022.70 ","$2,418.16 "
,OTHER,,"1,040","$542,420.17 ","$431,382.10 "
,TOTAL,,"1,046","$545,442.87 ","$433,800.26 "
15933,SG,,4,"$1,741.89 ","$1,393.52 "
,OTHER,,244,"$159,626.52 ","$127,136.95 "
,TOTAL,,248,"$161,368.41 ","$128,530.47 "
15934,SG,,2,"$1,000.64 ",$800.52 
,OTHER,,413,"$300,287.03 ","$238,936.24 "
,TOTAL,,415,"$301,287.67 ","$239,736.76 "
15935,80'S,,23,"$3,485.90 ","$2,788.69 "
,OTHER,,213,"$171,923.29 ","$135,438.68 "
,TOTAL,,236,"$175,409.19 ","$138,227.37 "
15936,SG,,4,"$2,698.45 ","$2,158.76 "
,80'S,,1,$107.22 ,$85.78 
,OTHER,,"2,422","$1,607,872.43 ","$1,280,519.40 "
,TOTAL,,"2,427","$1,610,678.10 ","$1,282,763.94 "
15937,SG,,4,"$2,471.75 ","$1,977.40 "
,80'S,,86,"$7,763.63 ","$6,210.92 "
,OTHER,,"2,335","$1,549,993.90 ","$1,235,324.08 "
,TOTAL,,"2,425","$1,560,229.28 ","$1,243,512.40 "
15940,SG,,6,"$3,075.30 ","$2,460.25 "
,OTHER,,543,"$270,962.95 ","$216,047.52 "
,TOTAL,,549,"$274,038.25 ","$218,507.77 "
15941,SG,,4,"$1,755.04 ","$1,385.05 "
,80'S,,2,$246.30 ,$197.04 
,OTHER,,274,"$176,417.51 ","$140,999.17 "
,TOTAL,,280,"$178,418.85 ","$142,581.26 "
15944,SG,,2,"$1,045.66 ",$836.52 
,OTHER,,271,"$169,263.34 ","$135,159.19 "
,TOTAL,,273,"$170,309.00 ","$135,995.71 "
15945,SG,,2,"$1,384.89 ","$1,107.91 "
,80'S,,1,$61.70 ,$49.36 
,OTHER,,192,"$131,440.67 ","$104,527.56 "
,TOTAL,,195,"$132,887.26 ","$105,684.83 "
15946,SG,,8,"$4,665.39 ","$3,652.30 "
,80'S,,67,"$14,184.92 ","$11,347.92 "
,OTHER,,"2,689","$3,439,005.20 ","$2,714,842.62 "
,TOTAL,,"2,764","$3,457,855.51 ","$2,729,842.84 "
15950,SG,,2,$989.25 ,$791.40 
,OTHER,,332,"$131,874.29 ","$105,279.83 "
,TOTAL,,334,"$132,863.54 ","$106,071.23 "
15951,OTHER,,133,"$74,188.72 ","$59,254.13 "
,TOTAL,,133,"$74,188.72 ","$59,254.13 "
15952,SG,,5,"$2,408.58 ","$1,926.86 "
,80'S,,2,$169.61 ,$135.69 
,OTHER,,173,"$100,869.76 ","$80,246.32 "
,TOTAL,,180,"$103,447.95 ","$82,308.87 "
15953,SG,,1,$614.42 ,$491.54 
,OTHER,,80,"$50,767.53 ","$40,515.58 "
,TOTAL,,81,"$51,381.95 ","$41,007.12 "
15956,80'S,,1,$87.70 ,$70.16 
,OTHER,,844,"$683,726.95 ","$541,757.41 "
,TOTAL,,845,"$683,814.65 ","$541,827.57 "
15958,SG,,1,$608.01 ,$486.41 
,80'S,,21,"$2,052.94 ","$1,642.34 "
,OTHER,,659,"$448,266.80 ","$358,252.72 "
,TOTAL,,681,"$450,927.75 ","$360,381.47 "
15999,80'S,,4,$872.86 ,$698.29 
,OTHER,,559,"$203,418.86 ","$162,405.29 "
,TOTAL,,563,"$204,291.72 ","$163,103.58 "
16000,OTHER,,"2,440","$140,374.22 ","$102,708.59 "
,TOTAL,,"2,440","$140,374.22 ","$102,708.59 "
16010,OTHER,,"1,160","$71,309.56 ","$54,547.13 "
,TOTAL,,"1,160","$71,309.56 ","$54,547.13 "
16015,SG,,10,"$3,371.71 ","$2,617.36 "
,OTHER,,789,"$88,265.17 ","$69,874.73 "
,TOTAL,,799,"$91,636.88 ","$72,492.09 "
16020,OTHER,,"18,313","$1,052,247.71 ","$794,729.50 "
,TOTAL,,"18,313","$1,052,247.71 ","$794,729.50 "
16025,OTHER,,"4,074","$479,173.11 ","$371,668.01 "
,TOTAL,,"4,074","$479,173.11 ","$371,668.01 "
16030,OTHER,,"1,819","$245,175.89 ","$192,113.20 "
,TOTAL,,"1,819","$245,175.89 ","$192,113.20 "
16035,SG,,2,$715.35 ,$572.28 
,OTHER,,351,"$62,134.82 ","$48,993.54 "
,TOTAL,,353,"$62,850.17 ","$49,565.82 "
16036,OTHER,,334,"$26,579.31 ","$21,161.03 "
,TOTAL,,334,"$26,579.31 ","$21,161.03 "
17000,OTHER,,"4,720,467","$252,570,068.37 ","$180,146,531.19 "
,TOTAL,,"4,720,467","$252,570,068.37 ","$180,146,531.19 "
17003,OTHER,,"14,301,928","$150,661,186.28 ","$115,604,371.42 "
,TOTAL,,"14,301,928","$150,661,186.28 ","$115,604,371.42 "
17004,OTHER,,"494,880","$91,165,862.01 ","$69,722,277.19 "
,TOTAL,,"494,880","$91,165,862.01 ","$69,722,277.19 "
17106,OTHER,,"3,531","$1,108,901.61 ","$862,690.21 "
,TOTAL,,"3,531","$1,108,901.61 ","$862,690.21 "
17107,OTHER,,"1,881","$1,124,263.99 ","$882,851.39 "
,TOTAL,,"1,881","$1,124,263.99 ","$882,851.39 "
17108,OTHER,,"6,364","$5,470,640.86 ","$4,333,996.61 "
,TOTAL,,"6,364","$5,470,640.86 ","$4,333,996.61 "
17110,OTHER,,"73,350","$5,442,172.52 ","$3,966,844.78 "
,TOTAL,,"73,350","$5,442,172.52 ","$3,966,844.78 "
17111,OTHER,,"4,317","$360,890.02 ","$263,654.37 "
,TOTAL,,"4,317","$360,890.02 ","$263,654.37 "
17250,OTHER,,"39,847","$2,028,025.66 ","$1,561,248.49 "
,TOTAL,,"39,847","$2,028,025.66 ","$1,561,248.49 "
17260,OTHER,,"21,416","$1,399,333.71 ","$1,063,592.76 "
,TOTAL,,"21,416","$1,399,333.71 ","$1,063,592.76 "
17261,OTHER,,"113,329","$9,514,689.33 ","$7,299,248.04 "
,TOTAL,,"113,329","$9,514,689.33 ","$7,299,248.04 "
17262,OTHER,,"147,612","$16,362,493.22 ","$12,642,207.56 "
,TOTAL,,"147,612","$16,362,493.22 ","$12,642,207.56 "
17263,OTHER,,"30,178","$3,932,131.29 ","$3,055,146.08 "
,TOTAL,,"30,178","$3,932,131.29 ","$3,055,146.08 "
17264,OTHER,,"5,701","$786,564.43 ","$612,389.98 "
,TOTAL,,"5,701","$786,564.43 ","$612,389.98 "
17266,OTHER,,"1,827","$299,741.61 ","$233,616.26 "
,TOTAL,,"1,827","$299,741.61 ","$233,616.26 "
17270,OTHER,,"11,752","$1,084,947.58 ","$828,809.60 "
,TOTAL,,"11,752","$1,084,947.58 ","$828,809.60 "
17271,OTHER,,"52,420","$5,250,677.33 ","$4,038,638.71 "
,TOTAL,,"52,420","$5,250,677.33 ","$4,038,638.71 "
17272,OTHER,,"54,949","$6,749,567.54 ","$5,216,543.38 "
,TOTAL,,"54,949","$6,749,567.54 ","$5,216,543.38 "
17273,OTHER,,"10,252","$1,498,965.50 ","$1,164,363.48 "
,TOTAL,,"10,252","$1,498,965.50 ","$1,164,363.48 "
17274,OTHER,,"2,031","$363,148.63 ","$282,452.39 "
,TOTAL,,"2,031","$363,148.63 ","$282,452.39 "
17276,OTHER,,757,"$157,855.52 ","$124,512.09 "
,TOTAL,,757,"$157,855.52 ","$124,512.09 "
17280,OTHER,,"58,566","$4,903,635.08 ","$3,710,428.83 "
,TOTAL,,"58,566","$4,903,635.08 ","$3,710,428.83 "
17281,OTHER,,"149,900","$17,644,373.34 ","$13,561,027.45 "
,TOTAL,,"149,900","$17,644,373.34 ","$13,561,027.45 "
17282,OTHER,,"108,806","$15,539,655.49 ","$12,037,235.30 "
,TOTAL,,"108,806","$15,539,655.49 ","$12,037,235.30 "
17283,OTHER,,"17,350","$3,145,525.24 ","$2,453,896.41 "
,TOTAL,,"17,350","$3,145,525.24 ","$2,453,896.41 "
17284,OTHER,,"2,949","$639,765.31 ","$502,348.85 "
,TOTAL,,"2,949","$639,765.31 ","$502,348.85 "
17286,OTHER,,"1,060","$291,675.22 ","$228,514.12 "
,TOTAL,,"1,060","$291,675.22 ","$228,514.12 "
17304,OTHER,,"312,467","$175,063,185.22 ","$138,301,424.16 "
,TOTAL,,"312,467","$175,063,185.22 ","$138,301,424.16 "
17305,OTHER,,"168,425","$40,557,154.02 ","$32,215,021.08 "
,TOTAL,,"168,425","$40,557,154.02 ","$32,215,021.08 "
17306,OTHER,,"50,894","$12,330,932.50 ","$9,793,700.84 "
,TOTAL,,"50,894","$12,330,932.50 ","$9,793,700.84 "
17307,OTHER,,"26,090","$6,283,990.21 ","$4,991,729.35 "
,TOTAL,,"26,090","$6,283,990.21 ","$4,991,729.35 "
17310,OTHER,,"33,389","$2,440,047.67 ","$1,936,897.66 "
,TOTAL,,"33,389","$2,440,047.67 ","$1,936,897.66 "
17340,OTHER,,"11,079","$433,377.06 ","$306,045.29 "
,TOTAL,,"11,079","$433,377.06 ","$306,045.29 "
17360,OTHER,,"1,535","$153,386.68 ","$118,192.40 "
,TOTAL,,"1,535","$153,386.68 ","$118,192.40 "
17380,OTHER,,4,$377.43 ,$301.94 
,TOTAL,,4,$377.43 ,$301.94 
17999,OTHER,,909,"$161,856.09 ","$128,387.06 "
,TOTAL,,909,"$161,856.09 ","$128,387.06 "
19000,OTHER,,"33,718","$2,061,099.97 ","$1,556,840.40 "
,TOTAL,,"33,718","$2,061,099.97 ","$1,556,840.40 "
19001,OTHER,,"5,895","$206,190.98 ","$161,587.47 "
,TOTAL,,"5,895","$206,190.98 ","$161,587.47 "
19020,SG,,71,"$28,938.32 ","$22,645.20 "
,OTHER,,"1,819","$449,117.20 ","$352,513.32 "
,TOTAL,,"1,890","$478,055.52 ","$375,158.52 "
19030,OTHER,,"2,207","$218,245.15 ","$170,101.27 "
,TOTAL,,"2,207","$218,245.15 ","$170,101.27 "
19100,SG,,106,"$31,638.73 ","$25,033.90 "
,OTHER,,"14,936","$1,320,494.45 ","$1,021,853.96 "
,TOTAL,,"15,042","$1,352,133.18 ","$1,046,887.86 "
19101,SG,,605,"$256,811.66 ","$203,746.71 "
,OTHER,,"6,996","$1,459,837.69 ","$1,153,357.35 "
,TOTAL,,"7,601","$1,716,649.35 ","$1,357,104.06 "
19102,SG,,365,"$150,127.91 ","$119,051.18 "
,OTHER,,"43,302","$6,609,822.15 ","$5,213,098.19 "
,TOTAL,,"43,667","$6,759,950.06 ","$5,332,149.37 "
19103,SG,,"2,118","$900,636.26 ","$714,325.01 "
,OTHER,,"66,786","$18,916,380.32 ","$14,950,431.26 "
,TOTAL,,"68,904","$19,817,016.58 ","$15,664,756.27 "
19110,SG,,147,"$62,323.53 ","$49,038.39 "
,OTHER,,"1,392","$436,661.24 ","$344,856.63 "
,TOTAL,,"1,539","$498,984.77 ","$393,895.02 "
19112,SG,,11,"$5,343.34 ","$4,194.65 "
,OTHER,,105,"$25,937.37 ","$20,270.74 "
,TOTAL,,116,"$31,280.71 ","$24,465.39 "
19120,SG,,"6,450","$3,208,041.53 ","$2,519,587.44 "
,80'S,,1,$50.52 ,$40.42 
,OTHER,,"48,297","$15,197,131.62 ","$11,981,786.69 "
,TOTAL,,"54,748","$18,405,223.67 ","$14,501,414.55 "
19125,SG,,"4,542","$2,270,208.71 ","$1,799,294.02 "
,80'S,,1,$27.62 ,$22.10 
,OTHER,,"55,218","$18,808,303.84 ","$14,850,414.35 "
,TOTAL,,"59,761","$21,078,540.17 ","$16,649,730.47 "
19126,SG,,208,"$66,053.25 ","$52,451.29 "
,OTHER,,"2,830","$440,491.16 ","$349,552.42 "
,TOTAL,,"3,038","$506,544.41 ","$402,003.71 "
19140,SG,,227,"$139,237.69 ","$109,887.79 "
,OTHER,,"2,049","$691,016.64 ","$546,552.25 "
,TOTAL,,"2,276","$830,254.33 ","$656,440.04 "
19160,SG,,"1,378","$696,512.72 ","$552,255.07 "
,80'S,,172,"$11,153.92 ","$8,918.01 "
,OTHER,,"26,155","$10,209,851.71 ","$8,098,770.40 "
,TOTAL,,"27,705","$10,917,518.35 ","$8,659,943.48 "
19162,SG,,575,"$571,679.15 ","$453,101.38 "
,80'S,,"1,485","$196,580.36 ","$156,097.62 "
,OTHER,,"14,174","$11,083,886.87 ","$8,796,701.08 "
,TOTAL,,"16,234","$11,852,146.38 ","$9,405,900.08 "
19180,SG,,182,"$110,999.17 ","$88,565.85 "
,80'S,,"1,537","$134,144.97 ","$106,543.92 "
,OTHER,,"14,219","$7,327,872.27 ","$5,811,761.46 "
,TOTAL,,"15,938","$7,573,016.41 ","$6,006,871.23 "
19182,SG,,81,"$47,797.34 ","$37,232.46 "
,80'S,,51,"$4,164.50 ","$3,331.61 "
,OTHER,,808,"$380,820.03 ","$301,165.19 "
,TOTAL,,940,"$432,781.87 ","$341,729.26 "
19200,80'S,,64,"$9,732.93 ","$7,772.99 "
,OTHER,,404,"$325,203.12 ","$256,282.94 "
,TOTAL,,468,"$334,936.05 ","$264,055.93 "
19220,80'S,,15,"$2,248.05 ","$1,798.44 "
,OTHER,,90,"$76,437.55 ","$60,435.20 "
,TOTAL,,105,"$78,685.60 ","$62,233.64 "
19240,80'S,,"4,019","$614,069.79 ","$488,298.98 "
,OTHER,,"24,461","$21,702,191.74 ","$17,247,499.96 "
,TOTAL,,"28,480","$22,316,261.53 ","$17,735,798.94 "
19260,SG,,70,"$49,305.46 ","$39,030.26 "
,80'S,,48,"$5,672.57 ","$4,481.69 "
,OTHER,,597,"$478,573.14 ","$381,394.46 "
,TOTAL,,715,"$533,551.17 ","$424,906.41 "
19271,80'S,,19,"$3,093.56 ","$2,458.72 "
,OTHER,,163,"$160,200.71 ","$127,773.17 "
,TOTAL,,182,"$163,294.27 ","$130,231.89 "
19272,80'S,,3,$452.50 ,$361.99 
,OTHER,,33,"$30,087.69 ","$23,506.89 "
,TOTAL,,36,"$30,540.19 ","$23,868.88 "
19290,SG,,604,"$100,803.67 ","$80,459.40 "
,OTHER,,"67,359","$4,805,345.38 ","$3,793,036.14 "
,TOTAL,,"67,963","$4,906,149.05 ","$3,873,495.54 "
19291,SG,,55,"$9,337.49 ","$7,470.02 "
,OTHER,,"4,113","$158,810.41 ","$126,073.94 "
,TOTAL,,"4,168","$168,147.90 ","$133,543.96 "
19295,OTHER,,"61,393","$5,830,311.71 ","$4,623,986.94 "
,TOTAL,,"61,393","$5,830,311.71 ","$4,623,986.94 "
19316,SG,,58,"$31,058.76 ","$24,820.24 "
,80'S,,16,"$1,635.74 ","$1,308.59 "
,OTHER,,772,"$435,775.53 ","$342,724.38 "
,TOTAL,,846,"$468,470.03 ","$368,853.21 "
19318,SG,,492,"$305,702.63 ","$238,036.22 "
,80'S,,375,"$70,596.24 ","$55,957.26 "
,OTHER,,"4,024","$4,610,305.28 ","$3,634,324.56 "
,TOTAL,,"4,891","$4,986,604.15 ","$3,928,318.04 "
19324,OTHER,,12,"$2,781.94 ","$2,225.54 "
,TOTAL,,12,"$2,781.94 ","$2,225.54 "
19325,SG,,39,"$54,199.41 ","$43,359.53 "
,80'S,,2,$193.80 ,$155.04 
,OTHER,,249,"$95,451.85 ","$75,850.76 "
,TOTAL,,290,"$149,845.06 ","$119,365.33 "
19328,SG,,190,"$47,473.64 ","$37,151.26 "
,OTHER,,"1,238","$370,030.17 ","$289,881.06 "
,TOTAL,,"1,428","$417,503.81 ","$327,032.32 "
19330,SG,,151,"$35,031.34 ","$27,303.09 "
,OTHER,,991,"$368,866.37 ","$289,707.07 "
,TOTAL,,"1,142","$403,897.71 ","$317,010.16 "
19340,SG,,120,"$36,253.53 ","$28,304.29 "
,OTHER,,643,"$259,946.07 ","$205,090.74 "
,TOTAL,,763,"$296,199.60 ","$233,395.03 "
19342,SG,,104,"$42,191.35 ","$32,443.60 "
,80'S,,6,$677.33 ,$541.87 
,OTHER,,"1,443","$1,046,013.81 ","$822,436.49 "
,TOTAL,,"1,553","$1,088,882.49 ","$855,421.96 "
19350,SG,,272,"$156,263.46 ","$122,734.89 "
,80'S,,1,$115.16 ,$92.13 
,OTHER,,"1,708","$963,648.73 ","$759,892.25 "
,TOTAL,,"1,981","$1,120,027.35 ","$882,719.27 "
19355,OTHER,,32,"$13,363.03 ","$10,332.00 "
,TOTAL,,32,"$13,363.03 ","$10,332.00 "
19357,SG,,96,"$68,205.40 ","$53,362.91 "
,80'S,,127,"$23,009.57 ","$18,370.14 "
,OTHER,,"2,412","$2,652,783.64 ","$2,093,846.77 "
,TOTAL,,"2,635","$2,743,998.61 ","$2,165,579.82 "
19361,80'S,,32,"$5,657.48 ","$4,445.99 "
,OTHER,,425,"$453,741.95 ","$357,036.74 "
,TOTAL,,457,"$459,399.43 ","$361,482.73 "
19364,SG,,1,$751.73 ,$601.38 
,80'S,,24,"$10,487.03 ","$8,389.60 "
,OTHER,,122,"$295,026.91 ","$228,902.62 "
,TOTAL,,147,"$306,265.67 ","$237,893.60 "
19366,SG,,15,"$8,976.76 ","$7,181.42 "
,80'S,,3,$515.56 ,$412.45 
,OTHER,,151,"$187,211.86 ","$149,546.79 "
,TOTAL,,169,"$196,704.18 ","$157,140.66 "
19367,80'S,,54,"$14,720.19 ","$11,540.70 "
,OTHER,,386,"$628,621.76 ","$495,687.39 "
,TOTAL,,440,"$643,341.95 ","$507,228.09 "
19368,80'S,,2,$798.39 ,$638.71 
,OTHER,,8,"$14,773.77 ","$11,819.00 "
,TOTAL,,10,"$15,572.16 ","$12,457.71 "
19369,80'S,,5,"$1,633.30 ","$1,306.64 "
,OTHER,,37,"$69,777.56 ","$55,822.03 "
,TOTAL,,42,"$71,410.86 ","$57,128.67 "
19370,SG,,127,"$69,918.94 ","$55,587.53 "
,80'S,,1,$46.11 ,$36.89 
,OTHER,,846,"$377,741.90 ","$298,790.06 "
,TOTAL,,974,"$447,706.95 ","$354,414.48 "
19371,SG,,337,"$200,504.77 ","$158,796.89 "
,OTHER,,"1,934","$1,156,988.09 ","$907,942.67 "
,TOTAL,,"2,271","$1,357,492.86 ","$1,066,739.56 "
19380,SG,,275,"$194,059.35 ","$153,933.23 "
,OTHER,,"1,624","$872,789.41 ","$682,317.92 "
,TOTAL,,"1,899","$1,066,848.76 ","$836,251.15 "
19396,OTHER,,5,$812.44 ,$649.94 
,TOTAL,,5,$812.44 ,$649.94 
19499,80'S,,5,$350.29 ,$280.23 
,OTHER,,743,"$233,437.15 ","$186,015.43 "
,TOTAL,,748,"$233,787.44 ","$186,295.66 "
20000,OTHER,MUSCULOSKELETAL,"3,851","$543,541.16 ","$417,560.11 "
,TOTAL,,"3,851","$543,541.16 ","$417,560.11 "
20005,SG,,51,"$21,316.57 ","$16,668.61 "
,OTHER,,"3,503","$709,362.09 ","$559,022.54 "
,TOTAL,,"3,554","$730,678.66 ","$575,691.15 "
20100,80'S,,26,"$1,921.28 ","$1,537.03 "
,OTHER,,235,"$120,432.68 ","$94,921.58 "
,TOTAL,,261,"$122,353.96 ","$96,458.61 "
20101,OTHER,,98,"$14,082.30 ","$11,099.99 "
,TOTAL,,98,"$14,082.30 ","$11,099.99 "
20102,AS,,10,$278.34 ,$200.22 
,80'S,,15,$458.25 ,$366.59 
,OTHER,,495,"$96,689.74 ","$76,667.77 "
,TOTAL,,520,"$97,426.33 ","$77,234.58 "
20103,AS,,4,$170.58 ,$136.47 
,80'S,,3,$111.14 ,$88.91 
,OTHER,,"1,198","$326,456.75 ","$255,936.38 "
,TOTAL,,"1,205","$326,738.47 ","$256,161.76 "
20150,OTHER,,18,"$7,077.98 ","$5,625.74 "
,TOTAL,,18,"$7,077.98 ","$5,625.74 "
20200,SG,,48,"$20,076.75 ","$15,941.49 "
,OTHER,,"1,225","$94,055.07 ","$73,922.10 "
,TOTAL,,"1,273","$114,131.82 ","$89,863.59 "
20205,SG,,208,"$102,749.77 ","$80,663.94 "
,OTHER,,"3,677","$467,528.04 ","$366,883.94 "
,TOTAL,,"3,885","$570,277.81 ","$447,547.88 "
20206,SG,,20,"$5,646.39 ","$4,347.67 "
,OTHER,,"6,603","$446,072.48 ","$350,312.25 "
,TOTAL,,"6,623","$451,718.87 ","$354,659.92 "
20220,SG,,58,"$15,795.15 ","$12,620.88 "
,OTHER,,"6,468","$1,031,629.05 ","$818,793.23 "
,TOTAL,,"6,526","$1,047,424.20 ","$831,414.11 "
20225,AS,,2,$38.60 ,$30.88 
,SG,,69,"$26,604.77 ","$20,728.23 "
,OTHER,,"21,351","$3,254,962.75 ","$2,588,922.53 "
,TOTAL,,"21,422","$3,281,606.12 ","$2,609,681.64 "
20240,SG,,62,"$23,066.76 ","$18,453.43 "
,OTHER,,"1,402","$342,556.79 ","$270,471.81 "
,TOTAL,,"1,464","$365,623.55 ","$288,925.24 "
20245,SG,,44,"$19,766.54 ","$15,813.21 "
,OTHER,,"1,556","$666,618.85 ","$528,366.56 "
,TOTAL,,"1,600","$686,385.39 ","$544,179.77 "
20250,AS,,2,$95.32 ,$76.26 
,OTHER,,820,"$188,140.19 ","$149,974.40 "
,TOTAL,,822,"$188,235.51 ","$150,050.66 "
20251,AS,,99,"$4,000.35 ","$3,195.53 "
,80'S,,72,"$3,184.12 ","$2,547.28 "
,OTHER,,"1,279","$348,985.94 ","$278,251.77 "
,TOTAL,,"1,450","$356,170.41 ","$283,994.58 "
20500,OTHER,,653,"$105,826.21 ","$82,727.33 "
,TOTAL,,653,"$105,826.21 ","$82,727.33 "
20501,OTHER,,"8,166","$308,016.07 ","$242,878.21 "
,TOTAL,,"8,166","$308,016.07 ","$242,878.21 "
20520,OTHER,,"2,672","$540,974.23 ","$415,756.98 "
,TOTAL,,"2,672","$540,974.23 ","$415,756.98 "
20525,AS,,1,$40.05 ,$32.04 
,SG,,256,"$123,220.06 ","$97,426.29 "
,OTHER,,"2,042","$554,614.80 ","$433,739.32 "
,TOTAL,,"2,299","$677,874.91 ","$531,197.65 "
20526,OTHER,,"30,140","$1,792,045.41 ","$1,366,403.34 "
,TOTAL,,"30,140","$1,792,045.41 ","$1,366,403.34 "
20550,OTHER,,"799,331","$41,047,438.69 ","$30,786,971.15 "
,TOTAL,,"799,331","$41,047,438.69 ","$30,786,971.15 "
20551,OTHER,,"102,888","$4,485,313.28 ","$3,386,289.33 "
,TOTAL,,"102,888","$4,485,313.28 ","$3,386,289.33 "
20552,OTHER,,"256,351","$11,558,150.70 ","$8,776,027.11 "
,TOTAL,,"256,351","$11,558,150.70 ","$8,776,027.11 "
20553,OTHER,,"78,190","$3,719,055.86 ","$2,843,425.80 "
,TOTAL,,"78,190","$3,719,055.86 ","$2,843,425.80 "
20600,OTHER,,"344,142","$15,967,984.01 ","$11,983,193.94 "
,TOTAL,,"344,142","$15,967,984.01 ","$11,983,193.94 "
20605,OTHER,,"436,020","$22,084,867.54 ","$16,518,118.47 "
,TOTAL,,"436,020","$22,084,867.54 ","$16,518,118.47 "
20610,OTHER,,"3,828,938","$242,464,684.67 ","$184,117,784.65 "
,TOTAL,,"3,828,938","$242,464,684.67 ","$184,117,784.65 "
20612,OTHER,,"9,740","$504,055.76 ","$385,186.23 "
,TOTAL,,"9,740","$504,055.76 ","$385,186.23 "
20615,OTHER,,"1,265","$289,400.53 ","$227,261.69 "
,TOTAL,,"1,265","$289,400.53 ","$227,261.69 "
20650,SG,,237,"$74,133.93 ","$58,967.82 "
,80'S,,4,$61.89 ,$49.52 
,OTHER,,"3,025","$408,630.44 ","$322,750.78 "
,TOTAL,,"3,266","$482,826.26 ","$381,768.12 "
20660,SG,,8,"$2,921.60 ","$2,337.28 "
,OTHER,,"2,791","$498,620.06 ","$394,336.91 "
,TOTAL,,"2,799","$501,541.66 ","$396,674.19 "
20661,OTHER,,"1,373","$504,687.87 ","$398,180.52 "
,TOTAL,,"1,373","$504,687.87 ","$398,180.52 "
20662,OTHER,,32,"$9,289.23 ","$7,424.80 "
,TOTAL,,32,"$9,289.23 ","$7,424.80 "
20663,OTHER,,1,$355.99 ,$284.79 
,TOTAL,,1,$355.99 ,$284.79 
20664,OTHER,,25,"$13,430.46 ","$10,712.35 "
,TOTAL,,25,"$13,430.46 ","$10,712.35 "
20665,SG,,1,$156.96 ,$125.56 
,80'S,,1,$8.91 ,$7.13 
,OTHER,,171,"$18,782.49 ","$14,957.97 "
,TOTAL,,173,"$18,948.36 ","$15,090.66 "
20670,SG,,861,"$238,649.14 ","$188,471.62 "
,OTHER,,"15,681","$3,397,306.24 ","$2,660,598.59 "
,TOTAL,,"16,542","$3,635,955.38 ","$2,849,070.21 "
20680,AS,,443,"$15,325.81 ","$12,225.59 "
,SG,,"7,214","$3,281,366.41 ","$2,591,998.50 "
,80'S,,284,"$10,880.95 ","$8,696.37 "
,OTHER,,"48,236","$12,170,981.60 ","$9,580,811.11 "
,TOTAL,,"56,177","$15,478,554.77 ","$12,193,731.57 "
20690,SG,,238,"$61,688.15 ","$47,909.81 "
,OTHER,,"4,061","$481,540.28 ","$381,006.13 "
,TOTAL,,"4,299","$543,228.43 ","$428,915.94 "
20692,AS,,84,"$3,115.67 ","$2,487.46 "
,SG,,8,"$2,995.92 ","$2,396.74 "
,80'S,,110,"$4,380.02 ","$3,482.26 "
,OTHER,,"1,347","$294,931.08 ","$232,838.30 "
,TOTAL,,"1,549","$305,422.69 ","$241,204.76 "
20693,SG,,17,"$7,196.50 ","$5,757.18 "
,OTHER,,605,"$339,881.22 ","$268,599.67 "
,TOTAL,,622,"$347,077.72 ","$274,356.85 "
20694,SG,,850,"$265,087.84 ","$208,827.35 "
,80'S,,2,$90.71 ,$72.56 
,OTHER,,"5,047","$1,758,997.75 ","$1,387,942.17 "
,TOTAL,,"5,899","$2,024,176.30 ","$1,596,842.08 "
20802,OTHER,,2,"$3,590.16 ","$2,872.13 "
,TOTAL,,2,"$3,590.16 ","$2,872.13 "
20805,OTHER,,19,"$1,592.42 ","$1,266.44 "
,TOTAL,,19,"$1,592.42 ","$1,266.44 "
20808,OTHER,,5,"$11,801.90 ","$9,441.52 "
,TOTAL,,5,"$11,801.90 ","$9,441.52 "
20816,OTHER,,15,"$35,616.46 ","$28,343.65 "
,TOTAL,,15,"$35,616.46 ","$28,343.65 "
20822,80'S,,3,"$1,251.19 ","$1,000.95 "
,OTHER,,23,"$49,338.67 ","$37,551.30 "
,TOTAL,,26,"$50,589.86 ","$38,552.25 "
20824,OTHER,,1,"$2,687.85 ","$2,150.28 "
,TOTAL,,1,"$2,687.85 ","$2,150.28 "
20827,OTHER,,14,"$37,796.77 ","$30,237.41 "
,TOTAL,,14,"$37,796.77 ","$30,237.41 "
20838,OTHER,,1,"$2,847.00 ","$2,277.60 "
,TOTAL,,1,"$2,847.00 ","$2,277.60 "
20900,AS,,196,"$7,282.20 ","$5,783.29 "
,SG,,150,"$42,053.40 ","$33,414.98 "
,80'S,,165,"$6,579.12 ","$5,147.69 "
,OTHER,,"1,942","$493,450.07 ","$390,923.87 "
,TOTAL,,"2,453","$549,364.79 ","$435,269.83 "
20902,AS,,396,"$18,942.26 ","$15,008.71 "
,SG,,80,"$32,358.70 ","$25,334.59 "
,80'S,,474,"$27,078.83 ","$21,335.81 "
,OTHER,,"3,781","$1,340,127.00 ","$1,060,443.30 "
,TOTAL,,"4,731","$1,418,506.79 ","$1,122,122.41 "
20910,SG,,7,"$2,767.34 ","$2,053.20 "
,OTHER,,96,"$21,486.29 ","$16,825.81 "
,TOTAL,,103,"$24,253.63 ","$18,879.01 "
20912,SG,,83,"$27,841.17 ","$22,071.37 "
,80'S,,3,$180.50 ,$144.40 
,OTHER,,429,"$128,548.17 ","$102,026.69 "
,TOTAL,,515,"$156,569.84 ","$124,242.46 "
20920,SG,,4,"$1,578.66 ","$1,262.92 "
,OTHER,,105,"$21,991.54 ","$17,412.41 "
,TOTAL,,109,"$23,570.20 ","$18,675.33 "
20922,AS,,17,$591.34 ,$473.08 
,SG,,10,"$3,344.14 ","$2,675.32 "
,80'S,,59,"$2,529.46 ","$2,013.87 "
,OTHER,,637,"$176,387.00 ","$139,291.64 "
,TOTAL,,723,"$182,851.94 ","$144,453.91 "
20924,AS,,84,"$3,014.75 ","$2,411.67 "
,SG,,94,"$33,824.81 ","$27,059.85 "
,80'S,,19,$895.09 ,$712.87 
,OTHER,,614,"$169,227.26 ","$133,842.47 "
,TOTAL,,811,"$206,961.91 ","$164,026.86 "
20926,AS,,1,$33.56 ,$26.85 
,SG,,293,"$146,946.34 ","$116,528.35 "
,OTHER,,"3,917","$1,130,007.83 ","$894,129.43 "
,TOTAL,,"4,211","$1,276,987.73 ","$1,010,684.63 "
20931,AS,,43,$670.40 ,$536.33 
,80'S,,61,"$1,137.77 ",$910.31 
,OTHER,,"18,563","$2,025,861.85 ","$1,594,916.93 "
,TOTAL,,"18,667","$2,027,670.02 ","$1,596,363.57 "
20936,OTHER,,1,$385.13 ,$308.10 
,TOTAL,,1,$385.13 ,$308.10 
20937,AS,,"3,419","$76,361.64 ","$60,755.09 "
,80'S,,"3,366","$91,941.16 ","$72,997.26 "
,OTHER,,"18,572","$3,135,649.36 ","$2,475,326.78 "
,TOTAL,,"25,357","$3,303,952.16 ","$2,609,079.13 "
20938,AS,,774,"$19,510.86 ","$15,550.16 "
,80'S,,"1,071","$31,166.93 ","$24,629.18 "
,OTHER,,"5,567","$1,020,522.23 ","$801,997.91 "
,TOTAL,,"7,412","$1,071,200.02 ","$842,177.25 "
20950,OTHER,,335,"$34,766.79 ","$27,589.41 "
,TOTAL,,335,"$34,766.79 ","$27,589.41 "
20955,AS,,2,$736.67 ,$589.33 
,80'S,,19,"$7,790.70 ","$6,232.57 "
,OTHER,,116,"$290,504.68 ","$232,194.83 "
,TOTAL,,137,"$299,032.05 ","$239,016.73 "
20956,AS,,2,$800.44 ,$640.35 
,80'S,,12,"$4,740.73 ","$3,609.59 "
,OTHER,,61,"$153,334.41 ","$121,052.49 "
,TOTAL,,75,"$158,875.58 ","$125,302.43 "
20957,AS,,1,$313.05 ,$250.44 
,OTHER,,4,"$8,397.57 ","$6,718.04 "
,TOTAL,,5,"$8,710.62 ","$6,968.48 "
20962,SG,,1,$614.42 ,$491.54 
,80'S,,3,"$3,821.40 ","$3,057.12 "
,OTHER,,46,"$124,498.91 ","$97,269.48 "
,TOTAL,,50,"$128,934.73 ","$100,818.14 "
20969,AS,,1,$440.48 ,$352.38 
,SG,,1,$615.02 ,$492.02 
,80'S,,21,"$11,291.98 ","$9,033.60 "
,OTHER,,211,"$594,089.21 ","$472,994.64 "
,TOTAL,,234,"$606,436.69 ","$482,872.64 "
20970,80'S,,3,"$1,316.66 ","$1,053.33 "
,OTHER,,22,"$50,159.24 ","$33,777.51 "
,TOTAL,,25,"$51,475.90 ","$34,830.84 "
20972,OTHER,,5,"$10,462.93 ","$8,370.35 "
,TOTAL,,5,"$10,462.93 ","$8,370.35 "
20973,80'S,,1,$478.66 ,$382.93 
,OTHER,,1,"$2,991.60 ","$2,393.28 "
,TOTAL,,2,"$3,470.26 ","$2,776.21 "
20974,OTHER,,"1,810","$71,936.60 ","$55,620.51 "
,TOTAL,,"1,810","$71,936.60 ","$55,620.51 "
20975,AS,,256,"$5,461.66 ","$4,369.63 "
,SG,,6,"$1,752.08 ","$1,401.66 "
,80'S,,288,"$7,094.84 ","$5,603.43 "
,OTHER,,"2,001","$311,924.71 ","$247,224.64 "
,TOTAL,,"2,551","$326,233.29 ","$258,599.36 "
20979,OTHER,,229,"$10,762.89 ","$8,452.03 "
,TOTAL,,229,"$10,762.89 ","$8,452.03 "
20999,AS,,1,$45.88 ,$36.70 
,80'S,,5,$343.10 ,$274.48 
,OTHER,,321,"$84,755.73 ","$67,248.40 "
,TOTAL,,327,"$85,144.71 ","$67,559.58 "
21010,OTHER,,36,"$11,170.07 ","$8,936.08 "
,TOTAL,,36,"$11,170.07 ","$8,936.08 "
21015,SG,,178,"$77,145.13 ","$61,716.06 "
,80'S,,1,$36.04 ,$28.83 
,OTHER,,"3,680","$1,212,959.80 ","$960,883.52 "
,TOTAL,,"3,859","$1,290,140.97 ","$1,022,628.41 "
21025,SG,,24,"$10,281.62 ","$8,145.34 "
,80'S,,1,$623.26 ,$498.61 
,OTHER,,"1,273","$666,558.25 ","$527,584.01 "
,TOTAL,,"1,298","$677,463.13 ","$536,227.96 "
21026,SG,,17,"$6,694.37 ","$5,355.52 "
,OTHER,,396,"$121,130.29 ","$95,525.11 "
,TOTAL,,413,"$127,824.66 ","$100,880.63 "
21029,SG,,5,"$2,027.83 ","$1,622.26 "
,80'S,,2,$161.22 ,$128.98 
,OTHER,,103,"$45,853.54 ","$36,318.11 "
,TOTAL,,110,"$48,042.59 ","$38,069.35 "
21030,OTHER,,"1,673","$493,035.78 ","$385,531.66 "
,TOTAL,,"1,673","$493,035.78 ","$385,531.66 "
21031,OTHER,,"1,160","$226,390.83 ","$173,702.80 "
,TOTAL,,"1,160","$226,390.83 ","$173,702.80 "
21032,OTHER,,336,"$67,273.41 ","$52,216.01 "
,TOTAL,,336,"$67,273.41 ","$52,216.01 "
21034,AS,,1,$63.99 ,$51.19 
,SG,,8,"$3,773.89 ","$3,019.11 "
,80'S,,12,"$1,714.01 ","$1,291.21 "
,OTHER,,170,"$145,192.15 ","$116,054.54 "
,TOTAL,,191,"$150,744.04 ","$120,416.05 "
21040,SG,,55,"$22,965.46 ","$18,192.44 "
,OTHER,,"1,638","$411,024.58 ","$320,497.64 "
,TOTAL,,"1,693","$433,990.04 ","$338,690.08 "
21041,SG,,3,"$1,336.00 ","$1,068.81 "
,OTHER,,110,"$46,297.00 ","$35,924.53 "
,TOTAL,,113,"$47,633.00 ","$36,993.34 "
21044,AS,,3,$195.11 ,$156.09 
,SG,,13,"$5,431.08 ","$4,344.86 "
,80'S,,24,"$2,176.73 ","$1,741.40 "
,OTHER,,263,"$149,502.20 ","$118,430.30 "
,TOTAL,,303,"$157,305.12 ","$124,672.65 "
21045,AS,,4,$335.17 ,$268.14 
,80'S,,46,"$5,667.53 ","$4,534.00 "
,OTHER,,337,"$240,900.47 ","$191,819.06 "
,TOTAL,,387,"$246,903.17 ","$196,621.20 "
21046,SG,,1,$477.82 ,$382.26 
,80'S,,5,$676.84 ,$541.48 
,OTHER,,266,"$209,145.51 ","$165,806.66 "
,TOTAL,,272,"$210,300.17 ","$166,730.40 "
21047,SG,,1,$439.47 ,$351.58 
,80'S,,2,$250.78 ,$200.63 
,OTHER,,54,"$51,556.58 ","$40,470.67 "
,TOTAL,,57,"$52,246.83 ","$41,022.88 "
21048,AS,,1,$124.27 ,$99.42 
,80'S,,2,$298.34 ,$238.67 
,OTHER,,116,"$90,761.59 ","$71,320.47 "
,TOTAL,,119,"$91,184.20 ","$71,658.56 "
21049,80'S,,2,$247.11 ,$197.69 
,OTHER,,10,"$8,971.20 ","$7,176.96 "
,TOTAL,,12,"$9,218.31 ","$7,374.65 "
21050,SG,,1,$237.66 ,$190.13 
,80'S,,1,$199.50 ,$159.60 
,OTHER,,42,"$25,079.01 ","$19,769.87 "
,TOTAL,,44,"$25,516.17 ","$20,119.60 "
21060,SG,,1,$424.53 ,$339.62 
,80'S,,4,$467.65 ,$374.12 
,OTHER,,22,"$13,652.33 ","$10,355.33 "
,TOTAL,,27,"$14,544.51 ","$11,069.07 "
21070,80'S,,1,$61.11 ,$48.89 
,OTHER,,63,"$25,297.19 ","$20,200.58 "
,TOTAL,,64,"$25,358.30 ","$20,249.47 "
21076,OTHER,,356,"$280,772.49 ","$222,949.04 "
,TOTAL,,356,"$280,772.49 ","$222,949.04 "
21077,OTHER,,64,"$134,707.87 ","$107,222.64 "
,TOTAL,,64,"$134,707.87 ","$107,222.64 "
21079,OTHER,,480,"$617,067.33 ","$491,682.09 "
,TOTAL,,480,"$617,067.33 ","$491,682.09 "
21080,OTHER,,617,"$925,443.42 ","$732,333.79 "
,TOTAL,,617,"$925,443.42 ","$732,333.79 "
21081,OTHER,,228,"$306,841.61 ","$243,413.31 "
,TOTAL,,228,"$306,841.61 ","$243,413.31 "
21082,80'S,,1,$220.10 ,$176.08 
,OTHER,,110,"$109,794.05 ","$87,505.07 "
,TOTAL,,111,"$110,014.15 ","$87,681.15 "
21083,OTHER,,75,"$89,019.21 ","$69,889.85 "
,TOTAL,,75,"$89,019.21 ","$69,889.85 "
21084,80'S,,1,$750.00 ,$600.00 
,OTHER,,74,"$94,651.05 ","$74,919.03 "
,TOTAL,,75,"$95,401.05 ","$75,519.03 "
21085,80'S,,1,$90.24 ,$72.19 
,OTHER,,916,"$459,772.46 ","$363,359.72 "
,TOTAL,,917,"$459,862.70 ","$363,431.91 "
21086,OTHER,,75,"$113,877.21 ","$90,725.79 "
,TOTAL,,75,"$113,877.21 ","$90,725.79 "
21087,OTHER,,187,"$248,637.50 ","$197,314.26 "
,TOTAL,,187,"$248,637.50 ","$197,314.26 "
21088,OTHER,,42,"$170,273.99 ","$136,219.15 "
,TOTAL,,42,"$170,273.99 ","$136,219.15 "
21089,OTHER,,858,"$563,139.73 ","$449,011.65 "
,TOTAL,,858,"$563,139.73 ","$449,011.65 "
21100,SG,,1,$470.49 ,$376.39 
,OTHER,,21,"$3,069.52 ","$2,338.95 "
,TOTAL,,22,"$3,540.01 ","$2,715.34 "
21110,OTHER,,515,"$159,681.37 ","$126,570.81 "
,TOTAL,,515,"$159,681.37 ","$126,570.81 "
21116,OTHER,,135,"$23,842.41 ","$18,434.83 "
,TOTAL,,135,"$23,842.41 ","$18,434.83 "
21120,OTHER,,6,"$1,395.65 ","$1,006.53 "
,TOTAL,,6,"$1,395.65 ","$1,006.53 "
21121,OTHER,,10,"$3,857.67 ","$3,006.13 "
,TOTAL,,10,"$3,857.67 ","$3,006.13 "
21122,OTHER,,3,"$1,216.47 ",$973.18 
,TOTAL,,3,"$1,216.47 ",$973.18 
21123,OTHER,,6,"$1,020.00 ",$803.39 
,TOTAL,,6,"$1,020.00 ",$803.39 
21125,80'S,,4,$363.13 ,$290.51 
,OTHER,,81,"$17,778.92 ","$13,758.61 "
,TOTAL,,85,"$18,142.05 ","$14,049.12 "
21127,80'S,,1,$104.90 ,$83.92 
,OTHER,,12,"$7,791.92 ","$6,220.78 "
,TOTAL,,13,"$7,896.82 ","$6,304.70 "
21137,OTHER,,5,"$3,228.54 ","$2,387.27 "
,TOTAL,,5,"$3,228.54 ","$2,387.27 "
21138,OTHER,,4,"$1,964.39 ","$1,571.52 "
,TOTAL,,4,"$1,964.39 ","$1,571.52 "
21139,OTHER,,1,$837.49 ,$669.99 
,TOTAL,,1,$837.49 ,$669.99 
21141,80'S,,3,$332.69 ,$254.69 
,OTHER,,15,"$11,254.59 ","$8,867.58 "
,TOTAL,,18,"$11,587.28 ","$9,122.27 "
21142,80'S,,3,$536.32 ,$429.05 
,OTHER,,14,"$8,765.29 ","$6,927.08 "
,TOTAL,,17,"$9,301.61 ","$7,356.13 "
21143,80'S,,1,$95.62 ,$76.50 
,OTHER,,20,"$14,344.43 ","$11,475.54 "
,TOTAL,,21,"$14,440.05 ","$11,552.04 "
21145,80'S,,5,$946.88 ,$757.50 
,OTHER,,14,"$13,030.72 ","$10,424.58 "
,TOTAL,,19,"$13,977.60 ","$11,182.08 "
21146,80'S,,1,$181.46 ,$145.17 
,OTHER,,3,"$3,536.83 ","$2,829.46 "
,TOTAL,,4,"$3,718.29 ","$2,974.63 "
21150,OTHER,,7,"$9,528.79 ","$7,554.56 "
,TOTAL,,7,"$9,528.79 ","$7,554.56 "
21151,80'S,,1,$145.11 ,$116.09 
,OTHER,,1,$906.94 ,$725.55 
,TOTAL,,2,"$1,052.05 ",$841.64 
21154,OTHER,,1,"$2,107.88 ","$1,686.30 "
,TOTAL,,1,"$2,107.88 ","$1,686.30 "
21160,OTHER,,4,"$1,173.40 ",$938.72 
,TOTAL,,4,"$1,173.40 ",$938.72 
21172,80'S,,2,"$1,974.02 ","$1,579.21 "
,OTHER,,65,"$40,956.29 ","$32,645.35 "
,TOTAL,,67,"$42,930.31 ","$34,224.56 "
21175,80'S,,1,$363.48 ,$290.78 
,OTHER,,8,"$11,848.14 ","$9,138.51 "
,TOTAL,,9,"$12,211.62 ","$9,429.29 "
21179,80'S,,5,"$1,067.17 ",$853.72 
,OTHER,,23,"$32,402.35 ","$25,921.85 "
,TOTAL,,28,"$33,469.52 ","$26,775.57 "
21180,OTHER,,6,"$5,816.54 ","$4,653.22 "
,TOTAL,,6,"$5,816.54 ","$4,653.22 "
21181,SG,,4,"$3,692.58 ","$2,954.06 "
,OTHER,,20,"$11,916.47 ","$9,533.18 "
,TOTAL,,24,"$15,609.05 ","$12,487.24 "
21182,80'S,,1,$326.93 ,$261.54 
,OTHER,,22,"$40,035.06 ","$32,028.05 "
,TOTAL,,23,"$40,361.99 ","$32,289.59 "
21183,OTHER,,4,"$7,158.51 ","$5,726.81 "
,TOTAL,,4,"$7,158.51 ","$5,726.81 "
21184,OTHER,,1,"$3,067.71 ","$2,454.17 "
,TOTAL,,1,"$3,067.71 ","$2,454.17 "
21188,OTHER,,6,"$6,474.27 ","$5,179.42 "
,TOTAL,,6,"$6,474.27 ","$5,179.42 "
21193,80'S,,5,$532.98 ,$426.39 
,OTHER,,40,"$37,510.84 ","$29,937.34 "
,TOTAL,,45,"$38,043.82 ","$30,363.73 "
21194,OTHER,,21,"$18,911.37 ","$14,969.08 "
,TOTAL,,21,"$18,911.37 ","$14,969.08 "
21195,80'S,,1,$147.32 ,$117.86 
,OTHER,,5,"$4,138.44 ","$3,310.76 "
,TOTAL,,6,"$4,285.76 ","$3,428.62 "
21196,AS,,1,$82.77 ,$66.22 
,80'S,,25,"$3,738.25 ","$2,908.74 "
,OTHER,,107,"$96,046.17 ","$76,053.52 "
,TOTAL,,133,"$99,867.19 ","$79,028.48 "
21198,AS,,1,$64.31 ,$51.45 
,80'S,,14,"$1,466.10 ","$1,172.87 "
,OTHER,,170,"$113,270.79 ","$90,528.24 "
,TOTAL,,185,"$114,801.20 ","$91,752.56 "
21199,80'S,,9,"$1,223.55 ",$967.24 
,OTHER,,52,"$45,309.91 ","$35,658.18 "
,TOTAL,,61,"$46,533.46 ","$36,625.42 "
21206,80'S,,3,$380.16 ,$304.14 
,OTHER,,29,"$16,869.31 ","$13,490.51 "
,TOTAL,,32,"$17,249.47 ","$13,794.65 "
21208,SG,,20,"$18,118.55 ","$14,441.86 "
,80'S,,2,$231.12 ,$184.90 
,OTHER,,114,"$56,516.82 ","$44,992.59 "
,TOTAL,,136,"$74,866.49 ","$59,619.35 "
21209,SG,,2,"$1,498.44 ","$1,198.75 "
,80'S,,3,$191.77 ,$153.42 
,OTHER,,31,"$10,345.02 ","$8,239.91 "
,TOTAL,,36,"$12,035.23 ","$9,592.08 "
21210,SG,,19,"$17,898.76 ","$14,319.00 "
,OTHER,,532,"$319,620.19 ","$252,912.76 "
,TOTAL,,551,"$337,518.95 ","$267,231.76 "
21215,SG,,9,"$8,369.10 ","$6,695.29 "
,OTHER,,393,"$228,062.33 ","$181,257.90 "
,TOTAL,,402,"$236,431.43 ","$187,953.19 "
21230,SG,,8,"$7,932.24 ","$6,311.12 "
,OTHER,,52,"$33,457.33 ","$26,720.95 "
,TOTAL,,60,"$41,389.57 ","$33,032.07 "
21235,SG,,326,"$311,391.15 ","$246,052.29 "
,OTHER,,"2,254","$794,519.58 ","$628,544.78 "
,TOTAL,,"2,580","$1,105,910.73 ","$874,597.07 "
21240,SG,,8,"$4,575.81 ","$3,660.65 "
,80'S,,30,"$4,798.80 ","$3,759.05 "
,OTHER,,179,"$172,353.54 ","$135,498.06 "
,TOTAL,,217,"$181,728.15 ","$142,917.76 "
21242,SG,,2,"$1,620.97 ","$1,296.78 "
,80'S,,8,"$1,142.74 ",$914.18 
,OTHER,,20,"$16,682.81 ","$13,266.28 "
,TOTAL,,30,"$19,446.52 ","$15,477.24 "
21243,80'S,,10,"$1,729.76 ","$1,383.82 "
,OTHER,,58,"$81,613.52 ","$64,238.26 "
,TOTAL,,68,"$83,343.28 ","$65,622.08 "
21244,AS,,4,$360.03 ,$279.84 
,SG,,1,$966.10 ,$772.88 
,80'S,,27,"$2,445.55 ","$1,950.82 "
,OTHER,,269,"$138,453.96 ","$110,355.69 "
,TOTAL,,301,"$142,225.64 ","$113,359.23 "
21245,80'S,,6,$599.95 ,$479.95 
,OTHER,,44,"$22,237.95 ","$17,710.38 "
,TOTAL,,50,"$22,837.90 ","$18,190.33 "
21246,80'S,,2,$132.26 ,$105.80 
,OTHER,,9,"$4,900.53 ","$3,920.43 "
,TOTAL,,11,"$5,032.79 ","$4,026.23 "
21247,80'S,,1,$121.80 ,$97.44 
,OTHER,,13,"$12,103.39 ","$9,602.71 "
,TOTAL,,14,"$12,225.19 ","$9,700.15 "
21248,SG,,1,$968.33 ,$774.66 
,OTHER,,273,"$158,634.70 ","$125,605.16 "
,TOTAL,,274,"$159,603.03 ","$126,379.82 "
21249,SG,,2,"$1,966.46 ","$1,573.17 "
,80'S,,1,$155.95 ,$124.76 
,OTHER,,76,"$67,769.33 ","$53,960.87 "
,TOTAL,,79,"$69,891.74 ","$55,658.80 "
21255,AS,,1,$144.83 ,$115.86 
,80'S,,1,$80.10 ,$64.08 
,OTHER,,11,"$6,799.30 ","$5,439.43 "
,TOTAL,,13,"$7,024.23 ","$5,619.37 "
21256,80'S,,5,$840.26 ,$672.22 
,OTHER,,31,"$27,967.44 ","$22,293.93 "
,TOTAL,,36,"$28,807.70 ","$22,966.15 "
21260,OTHER,,2,"$1,720.00 ","$1,376.00 "
,TOTAL,,2,"$1,720.00 ","$1,376.00 "
21261,OTHER,,1,$431.90 ,$345.52 
,TOTAL,,1,$431.90 ,$345.52 
21267,SG,,3,"$2,582.87 ","$2,066.30 "
,80'S,,2,$410.43 ,$328.35 
,OTHER,,14,"$17,221.52 ","$13,777.22 "
,TOTAL,,19,"$20,214.82 ","$16,171.87 "
21268,OTHER,,1,"$1,561.56 ","$1,249.25 "
,TOTAL,,1,"$1,561.56 ","$1,249.25 "
21270,80'S,,1,$131.64 ,$105.31 
,OTHER,,35,"$20,148.18 ","$16,118.50 "
,TOTAL,,36,"$20,279.82 ","$16,223.81 "
21275,OTHER,,16,"$11,316.26 ","$9,023.42 "
,TOTAL,,16,"$11,316.26 ","$9,023.42 "
21280,SG,,144,"$99,210.64 ","$79,128.55 "
,OTHER,,425,"$122,063.52 ","$97,385.57 "
,TOTAL,,569,"$221,274.16 ","$176,514.12 "
21282,SG,,447,"$303,952.90 ","$242,048.11 "
,OTHER,,"1,227","$235,373.06 ","$186,401.81 "
,TOTAL,,"1,674","$539,325.96 ","$428,449.92 "
21296,OTHER,,1,$154.40 ,$123.52 
,TOTAL,,1,$154.40 ,$123.52 
21299,80'S,,2,$619.07 ,$495.26 
,OTHER,,415,"$112,915.57 ","$89,395.18 "
,TOTAL,,417,"$113,534.64 ","$89,890.44 "
21300,OTHER,,52,"$2,244.00 ","$1,741.40 "
,TOTAL,,52,"$2,244.00 ","$1,741.40 "
21310,SG,,13,"$5,021.93 ","$4,017.56 "
,OTHER,,"2,687","$79,578.44 ","$62,040.36 "
,TOTAL,,"2,700","$84,600.37 ","$66,057.92 "
21315,SG,,37,"$15,423.37 ","$12,338.70 "
,OTHER,,448,"$50,718.51 ","$39,501.74 "
,TOTAL,,485,"$66,141.88 ","$51,840.44 "
21320,SG,,175,"$66,861.91 ","$52,646.49 "
,OTHER,,"1,388","$196,028.02 ","$154,235.14 "
,TOTAL,,"1,563","$262,889.93 ","$206,881.63 "
21325,SG,,15,"$8,483.82 ","$6,414.81 "
,OTHER,,667,"$62,579.99 ","$45,858.93 "
,TOTAL,,682,"$71,063.81 ","$52,273.74 "
21330,SG,,13,"$9,419.58 ","$7,535.67 "
,OTHER,,113,"$37,273.00 ","$29,635.57 "
,TOTAL,,126,"$46,692.58 ","$37,171.24 "
21335,SG,,134,"$124,494.04 ","$98,330.96 "
,OTHER,,526,"$282,644.72 ","$223,962.53 "
,TOTAL,,660,"$407,138.76 ","$322,293.49 "
21336,SG,,14,"$8,525.93 ","$6,484.00 "
,OTHER,,108,"$40,783.41 ","$31,609.11 "
,TOTAL,,122,"$49,309.34 ","$38,093.11 "
21337,SG,,34,"$14,634.23 ","$11,707.38 "
,80'S,,2,$40.24 ,$32.20 
,OTHER,,268,"$53,973.89 ","$42,280.88 "
,TOTAL,,304,"$68,648.36 ","$54,020.46 "
21338,80'S,,1,$76.93 ,$61.54 
,OTHER,,30,"$8,684.44 ","$6,905.96 "
,TOTAL,,31,"$8,761.37 ","$6,967.50 "
21339,80'S,,1,$47.13 ,$37.70 
,OTHER,,10,"$3,102.10 ","$2,331.97 "
,TOTAL,,11,"$3,149.23 ","$2,369.67 "
21340,OTHER,,7,"$3,237.64 ","$2,590.12 "
,TOTAL,,7,"$3,237.64 ","$2,590.12 "
21343,80'S,,2,$197.48 ,$157.99 
,OTHER,,29,"$20,321.50 ","$16,257.22 "
,TOTAL,,31,"$20,518.98 ","$16,415.21 "
21344,80'S,,2,$433.18 ,$346.54 
,OTHER,,28,"$33,128.26 ","$26,502.61 "
,TOTAL,,30,"$33,561.44 ","$26,849.15 "
21345,OTHER,,18,"$8,004.87 ","$6,403.90 "
,TOTAL,,18,"$8,004.87 ","$6,403.90 "
21346,OTHER,,45,"$29,624.43 ","$23,537.09 "
,TOTAL,,45,"$29,624.43 ","$23,537.09 "
21347,AS,,1,$57.04 ,$45.63 
,80'S,,8,"$1,098.59 ",$763.12 
,OTHER,,61,"$39,830.49 ","$30,200.92 "
,TOTAL,,70,"$40,986.12 ","$31,009.67 "
21348,OTHER,,2,"$1,840.66 ","$1,472.53 "
,TOTAL,,2,"$1,840.66 ","$1,472.53 "
21355,SG,,2,$969.70 ,$775.76 
,OTHER,,34,"$5,756.30 ","$4,509.87 "
,TOTAL,,36,"$6,726.00 ","$5,285.63 "
21356,OTHER,,113,"$27,493.20 ","$21,814.17 "
,TOTAL,,113,"$27,493.20 ","$21,814.17 "
21360,SG,,4,"$2,578.58 ","$2,062.86 "
,80'S,,8,$463.55 ,$370.85 
,OTHER,,116,"$39,977.75 ","$31,772.78 "
,TOTAL,,128,"$43,019.88 ","$34,206.49 "
21365,AS,,8,$988.62 ,$790.90 
,SG,,8,"$4,879.16 ","$3,903.33 "
,80'S,,54,"$8,384.60 ","$6,535.51 "
,OTHER,,525,"$496,948.47 ","$393,444.65 "
,TOTAL,,595,"$511,200.85 ","$404,674.39 "
21366,OTHER,,9,"$9,478.87 ","$7,583.11 "
,TOTAL,,9,"$9,478.87 ","$7,583.11 "
21385,SG,,5,"$3,447.57 ","$2,758.06 "
,80'S,,1,$52.33 ,$41.86 
,OTHER,,45,"$23,282.79 ","$18,615.99 "
,TOTAL,,51,"$26,782.69 ","$21,415.91 "
21386,SG,,6,"$3,541.16 ","$2,550.07 "
,80'S,,7,$637.80 ,$510.25 
,OTHER,,98,"$49,161.95 ","$39,093.70 "
,TOTAL,,111,"$53,340.91 ","$42,154.02 "
21387,SG,,1,$665.01 ,$532.01 
,80'S,,4,$374.73 ,$299.79 
,OTHER,,46,"$22,348.67 ","$17,878.96 "
,TOTAL,,51,"$23,388.41 ","$18,710.76 "
21390,AS,,1,$93.25 ,$74.60 
,SG,,26,"$25,482.06 ","$19,975.99 "
,80'S,,56,"$5,622.47 ","$4,497.97 "
,OTHER,,630,"$393,237.73 ","$311,940.29 "
,TOTAL,,713,"$424,435.51 ","$336,488.85 "
21395,80'S,,1,$123.30 ,$98.64 
,OTHER,,36,"$26,712.50 ","$20,440.13 "
,TOTAL,,37,"$26,835.80 ","$20,538.77 "
21400,OTHER,,80,"$6,897.78 ","$5,349.32 "
,TOTAL,,80,"$6,897.78 ","$5,349.32 "
21401,SG,,2,$747.73 ,$598.19 
,80'S,,1,$42.44 ,$33.95 
,OTHER,,16,"$3,004.89 ","$2,403.89 "
,TOTAL,,19,"$3,795.06 ","$3,036.03 "
21406,AS,,1,$34.94 ,$27.95 
,SG,,3,"$1,253.10 ","$1,002.48 "
,80'S,,7,$454.09 ,$363.27 
,OTHER,,79,"$29,029.96 ","$23,063.94 "
,TOTAL,,90,"$30,772.09 ","$24,457.64 "
21407,AS,,1,$81.21 ,$64.97 
,SG,,4,"$2,387.88 ","$1,910.31 "
,80'S,,10,$761.69 ,$609.36 
,OTHER,,131,"$54,648.27 ","$43,495.37 "
,TOTAL,,146,"$57,879.05 ","$46,080.01 "
21408,OTHER,,14,"$8,351.19 ","$6,680.96 "
,TOTAL,,14,"$8,351.19 ","$6,680.96 "
21421,OTHER,,44,"$17,133.91 ","$13,602.09 "
,TOTAL,,44,"$17,133.91 ","$13,602.09 "
21422,SG,,2,"$1,114.19 ",$891.36 
,80'S,,6,$425.12 ,$340.10 
,OTHER,,112,"$50,684.54 ","$39,957.06 "
,TOTAL,,120,"$52,223.85 ","$41,188.52 "
21423,AS,,1,$91.02 ,$72.82 
,80'S,,6,$503.97 ,$403.18 
,OTHER,,65,"$34,741.29 ","$27,793.06 "
,TOTAL,,72,"$35,336.28 ","$28,269.06 "
21431,OTHER,,3,"$1,714.81 ","$1,371.86 "
,TOTAL,,3,"$1,714.81 ","$1,371.86 "
21432,80'S,,1,$102.29 ,$81.83 
,OTHER,,10,"$5,454.72 ","$4,012.52 "
,TOTAL,,11,"$5,557.01 ","$4,094.35 "
21433,80'S,,6,"$1,379.78 ","$1,103.82 "
,OTHER,,21,"$31,302.51 ","$25,042.00 "
,TOTAL,,27,"$32,682.29 ","$26,145.82 "
21435,80'S,,2,$375.84 ,$300.67 
,OTHER,,15,"$12,421.39 ","$9,937.07 "
,TOTAL,,17,"$12,797.23 ","$10,237.74 "
21436,80'S,,1,$293.67 ,$234.94 
,OTHER,,7,"$11,172.36 ","$8,937.89 "
,TOTAL,,8,"$11,466.03 ","$9,172.83 "
21440,SG,,2,$756.97 ,$605.57 
,80'S,,1,$37.66 ,$30.13 
,OTHER,,129,"$31,496.56 ","$24,741.18 "
,TOTAL,,132,"$32,291.19 ","$25,376.88 "
21445,SG,,1,$657.95 ,$526.36 
,80'S,,3,$87.17 ,$69.74 
,OTHER,,43,"$15,846.64 ","$12,617.38 "
,TOTAL,,47,"$16,591.76 ","$13,213.48 "
21450,80'S,,2,$31.98 ,$25.58 
,OTHER,,116,"$31,339.82 ","$24,784.48 "
,TOTAL,,118,"$31,371.80 ","$24,810.06 "
21451,SG,,2,"$1,219.87 ",$975.89 
,80'S,,2,$98.33 ,$78.67 
,OTHER,,92,"$30,743.82 ","$24,595.03 "
,TOTAL,,96,"$32,062.02 ","$25,649.59 "
21452,80'S,,1,$18.15 ,$14.52 
,OTHER,,15,"$2,282.21 ","$1,825.75 "
,TOTAL,,16,"$2,300.36 ","$1,840.27 "
21453,SG,,3,"$1,485.09 ","$1,188.07 "
,OTHER,,339,"$139,795.14 ","$110,579.78 "
,TOTAL,,342,"$141,280.23 ","$111,767.85 "
21454,80'S,,2,$155.06 ,$124.05 
,OTHER,,27,"$11,010.81 ","$8,749.76 "
,TOTAL,,29,"$11,165.87 ","$8,873.81 "
21461,SG,,1,$599.78 ,$479.82 
,80'S,,11,$855.45 ,$684.36 
,OTHER,,238,"$119,734.91 ","$95,512.59 "
,TOTAL,,250,"$121,190.14 ","$96,676.77 "
21462,SG,,3,"$2,124.31 ","$1,699.44 "
,80'S,,20,"$1,869.15 ","$1,487.54 "
,OTHER,,252,"$154,003.69 ","$122,683.86 "
,TOTAL,,275,"$157,997.15 ","$125,870.84 "
21465,80'S,,3,$322.82 ,$258.26 
,OTHER,,33,"$22,361.07 ","$17,888.83 "
,TOTAL,,36,"$22,683.89 ","$18,147.09 "
21470,AS,,1,$130.43 ,$104.34 
,SG,,1,$706.58 ,$565.26 
,80'S,,38,"$5,438.69 ","$4,350.93 "
,OTHER,,495,"$420,570.58 ","$332,838.46 "
,TOTAL,,535,"$426,846.28 ","$337,858.99 "
21480,OTHER,,"1,268","$54,187.50 ","$41,128.11 "
,TOTAL,,"1,268","$54,187.50 ","$41,128.11 "
21485,OTHER,,373,"$84,585.04 ","$65,421.76 "
,TOTAL,,373,"$84,585.04 ","$65,421.76 "
21490,80'S,,1,$55.66 ,$44.53 
,OTHER,,16,"$10,334.62 ","$8,244.97 "
,TOTAL,,17,"$10,390.28 ","$8,289.50 "
21494,SG,,1,$338.43 ,$270.74 
,80'S,,1,$61.00 ,$48.80 
,OTHER,,1,$401.29 ,$321.03 
,TOTAL,,3,$800.72 ,$640.57 
21495,SG,,1,$314.41 ,$251.53 
,80'S,,1,$35.60 ,$28.48 
,OTHER,,11,"$2,261.10 ","$1,768.01 "
,TOTAL,,13,"$2,611.11 ","$2,048.02 "
21497,80'S,,1,$48.40 ,$38.72 
,OTHER,,25,"$4,800.59 ","$3,840.49 "
,TOTAL,,26,"$4,848.99 ","$3,879.21 "
21499,OTHER,,129,"$42,951.56 ","$34,301.51 "
,TOTAL,,129,"$42,951.56 ","$34,301.51 "
21501,SG,,53,"$22,168.61 ","$17,700.05 "
,80'S,,1,$50.96 ,$40.77 
,OTHER,,"3,421","$831,999.39 ","$657,736.72 "
,TOTAL,,"3,475","$854,218.96 ","$675,477.54 "
21502,AS,,4,$226.64 ,$181.31 
,80'S,,4,$212.34 ,$169.87 
,OTHER,,51,"$22,773.68 ","$18,218.92 "
,TOTAL,,59,"$23,212.66 ","$18,570.10 "
21510,SG,,1,$499.49 ,$399.59 
,OTHER,,76,"$31,308.74 ","$24,627.53 "
,TOTAL,,77,"$31,808.23 ","$25,027.12 "
21550,SG,,77,"$23,797.28 ","$18,698.85 "
,OTHER,,"3,743","$476,843.02 ","$373,049.15 "
,TOTAL,,"3,820","$500,640.30 ","$391,748.00 "
21555,SG,,"1,076","$437,192.54 ","$343,797.49 "
,OTHER,,"7,245","$1,805,864.83 ","$1,414,340.63 "
,TOTAL,,"8,321","$2,243,057.37 ","$1,758,138.12 "
21556,SG,,885,"$359,656.37 ","$284,728.43 "
,80'S,,1,$60.33 ,$48.26 
,OTHER,,"5,631","$1,738,818.39 ","$1,372,524.20 "
,TOTAL,,"6,517","$2,098,535.09 ","$1,657,300.89 "
21557,AS,,34,"$2,659.92 ","$2,127.92 "
,80'S,,139,"$11,878.24 ","$9,498.44 "
,OTHER,,"1,718","$917,276.25 ","$728,026.53 "
,TOTAL,,"1,891","$931,814.41 ","$739,652.89 "
21600,AS,,38,"$1,860.27 ","$1,488.20 "
,SG,,4,"$1,750.41 ","$1,400.32 "
,80'S,,36,"$2,261.09 ","$1,808.89 "
,OTHER,,654,"$240,293.50 ","$191,119.12 "
,TOTAL,,732,"$246,165.27 ","$195,816.53 "
21610,AS,,4,$411.81 ,$329.45 
,80'S,,5,$409.12 ,$327.29 
,OTHER,,57,"$28,075.24 ","$22,383.20 "
,TOTAL,,66,"$28,896.17 ","$23,039.94 "
21615,AS,,3,$286.64 ,$229.32 
,80'S,,17,"$1,743.73 ","$1,341.73 "
,OTHER,,110,"$60,772.58 ","$45,765.21 "
,TOTAL,,130,"$62,802.95 ","$47,336.26 "
21616,80'S,,1,$136.28 ,$109.02 
,OTHER,,4,"$2,877.72 ","$2,302.17 "
,TOTAL,,5,"$3,014.00 ","$2,411.19 "
21620,AS,,34,"$1,598.94 ","$1,279.17 "
,SG,,3,"$1,197.83 ",$958.27 
,80'S,,33,"$1,708.76 ","$1,367.04 "
,OTHER,,424,"$162,341.66 ","$127,490.02 "
,TOTAL,,494,"$166,847.19 ","$131,094.50 "
21627,AS,,323,"$28,541.17 ","$22,641.63 "
,80'S,,185,"$17,984.93 ","$14,217.71 "
,OTHER,,"3,300","$1,800,563.46 ","$1,429,873.59 "
,TOTAL,,"3,808","$1,847,089.56 ","$1,466,732.93 "
21630,AS,,32,"$4,769.28 ","$3,815.42 "
,80'S,,52,"$9,719.36 ","$7,775.45 "
,OTHER,,543,"$600,739.33 ","$477,109.37 "
,TOTAL,,627,"$615,227.97 ","$488,700.24 "
21632,AS,,12,"$1,214.28 ",$971.41 
,80'S,,11,"$1,223.09 ",$978.48 
,OTHER,,68,"$45,153.81 ","$36,070.96 "
,TOTAL,,91,"$47,591.18 ","$38,020.85 "
21700,AS,,1,$35.35 ,$28.28 
,80'S,,8,$376.95 ,$301.55 
,OTHER,,191,"$18,673.61 ","$14,484.74 "
,TOTAL,,200,"$19,085.91 ","$14,814.57 "
21705,AS,,4,$345.77 ,$240.10 
,80'S,,17,"$1,458.51 ","$1,166.79 "
,OTHER,,31,"$16,665.53 ","$12,629.46 "
,TOTAL,,52,"$18,469.81 ","$14,036.35 "
21720,AS,,4,$184.22 ,$98.98 
,SG,,1,$497.83 ,$398.26 
,80'S,,3,$170.25 ,$136.20 
,OTHER,,25,"$9,296.95 ","$7,174.98 "
,TOTAL,,33,"$10,149.25 ","$7,808.42 "
21725,80'S,,1,$81.84 ,$65.47 
,OTHER,,2,"$1,093.25 ",$874.60 
,TOTAL,,3,"$1,175.09 ",$940.07 
21740,AS,,10,"$1,267.91 ","$1,014.33 "
,80'S,,5,$577.12 ,$461.69 
,OTHER,,21,"$19,069.28 ","$15,255.43 "
,TOTAL,,36,"$20,914.31 ","$16,731.45 "
21750,AS,,415,"$40,191.43 ","$31,983.76 "
,80'S,,156,"$17,412.96 ","$13,722.74 "
,OTHER,,"2,426","$1,503,679.81 ","$1,191,540.23 "
,TOTAL,,"2,997","$1,561,284.20 ","$1,237,246.73 "
21800,OTHER,,"17,150","$1,157,481.86 ","$894,560.47 "
,TOTAL,,"17,150","$1,157,481.86 ","$894,560.47 "
21805,80'S,,1,$48.72 ,$38.98 
,OTHER,,13,"$2,297.17 ","$1,837.74 "
,TOTAL,,14,"$2,345.89 ","$1,876.72 "
21810,80'S,,1,$79.11 ,$63.29 
,OTHER,,19,"$5,158.11 ","$3,938.96 "
,TOTAL,,20,"$5,237.22 ","$4,002.25 "
21820,OTHER,,202,"$21,143.44 ","$16,220.09 "
,TOTAL,,202,"$21,143.44 ","$16,220.09 "
21825,AS,,7,$469.23 ,$375.39 
,80'S,,3,$248.71 ,$198.97 
,OTHER,,96,"$45,059.94 ","$35,771.39 "
,TOTAL,,106,"$45,777.88 ","$36,345.75 "
21899,80'S,,2,$235.86 ,$188.69 
,OTHER,,129,"$56,108.03 ","$44,831.12 "
,TOTAL,,131,"$56,343.89 ","$45,019.81 "
21920,SG,,36,"$10,616.49 ","$8,296.07 "
,OTHER,,"1,519","$213,736.80 ","$165,330.97 "
,TOTAL,,"1,555","$224,353.29 ","$173,627.04 "
21925,SG,,60,"$25,087.52 ","$20,061.36 "
,OTHER,,824,"$288,988.86 ","$227,424.28 "
,TOTAL,,884,"$314,076.38 ","$247,485.64 "
21930,SG,,"1,128","$453,953.36 ","$357,050.65 "
,OTHER,,"7,317","$2,053,440.03 ","$1,614,137.25 "
,TOTAL,,"8,445","$2,507,393.39 ","$1,971,187.90 "
21935,SG,,97,"$43,597.80 ","$34,635.85 "
,OTHER,,"1,204","$1,409,368.84 ","$1,115,374.11 "
,TOTAL,,"1,301","$1,452,966.64 ","$1,150,009.96 "
22100,AS,,4,$318.43 ,$254.75 
,SG,,1,$489.16 ,$391.33 
,80'S,,9,$826.53 ,$661.22 
,OTHER,,55,"$28,767.98 ","$22,978.88 "
,TOTAL,,69,"$30,402.10 ","$24,286.18 "
22101,AS,,4,$342.04 ,$273.64 
,SG,,2,$978.32 ,$782.66 
,80'S,,59,$732.08 ,$585.67 
,OTHER,,72,"$32,934.25 ","$25,803.79 "
,TOTAL,,137,"$34,986.69 ","$27,445.76 "
22102,AS,,10,"$1,040.77 ",$832.59 
,SG,,82,"$39,937.88 ","$31,950.02 "
,80'S,,5,$339.41 ,$271.52 
,OTHER,,248,"$154,397.27 ","$122,330.56 "
,TOTAL,,345,"$195,715.33 ","$155,384.69 "
22103,AS,,7,$133.32 ,$106.65 
,SG,,89,"$23,158.62 ","$18,527.21 "
,80'S,,16,$358.34 ,$286.67 
,OTHER,,295,"$42,045.40 ","$33,341.21 "
,TOTAL,,407,"$65,695.68 ","$52,261.74 "
22110,AS,,6,$636.94 ,$509.54 
,80'S,,8,$996.79 ,$797.44 
,OTHER,,67,"$47,942.94 ","$37,145.82 "
,TOTAL,,81,"$49,576.67 ","$38,452.80 "
22112,AS,,2,$192.29 ,$153.83 
,80'S,,13,"$1,199.27 ",$959.41 
,OTHER,,50,"$30,389.42 ","$24,311.53 "
,TOTAL,,65,"$31,780.98 ","$25,424.77 "
22114,AS,,14,"$1,209.91 ",$919.65 
,80'S,,47,"$3,904.10 ","$3,123.27 "
,OTHER,,139,"$80,022.60 ","$63,060.31 "
,TOTAL,,200,"$85,136.61 ","$67,103.23 "
22116,AS,,19,$357.69 ,$286.11 
,80'S,,47,"$1,016.26 ",$813.10 
,OTHER,,139,"$19,172.63 ","$15,133.72 "
,TOTAL,,205,"$20,546.58 ","$16,232.93 "
22210,AS,,23,"$5,063.11 ","$4,032.74 "
,80'S,,35,"$8,592.26 ","$6,873.80 "
,OTHER,,164,"$262,492.58 ","$206,963.63 "
,TOTAL,,222,"$276,147.95 ","$217,870.17 "
22212,AS,,11,"$2,297.22 ","$1,837.75 "
,80'S,,30,"$4,692.13 ","$3,753.68 "
,OTHER,,132,"$117,247.26 ","$93,797.83 "
,TOTAL,,173,"$124,236.61 ","$99,389.26 "
22214,AS,,88,"$10,559.46 ","$8,399.54 "
,80'S,,199,"$26,980.59 ","$21,394.39 "
,OTHER,,585,"$501,498.45 ","$392,790.82 "
,TOTAL,,872,"$539,038.50 ","$422,584.75 "
22216,AS,,133,"$6,469.31 ","$5,144.28 "
,80'S,,240,"$14,279.40 ","$11,281.10 "
,OTHER,,939,"$360,484.14 ","$283,701.88 "
,TOTAL,,"1,312","$381,232.85 ","$300,127.26 "
22220,AS,,12,"$2,180.91 ","$1,744.73 "
,80'S,,16,"$3,214.12 ","$2,541.32 "
,OTHER,,83,"$105,654.13 ","$83,013.48 "
,TOTAL,,111,"$111,049.16 ","$87,299.53 "
22222,AS,,2,$281.31 ,$225.04 
,80'S,,3,$366.18 ,$292.95 
,OTHER,,58,"$19,989.90 ","$15,187.13 "
,TOTAL,,63,"$20,637.39 ","$15,705.12 "
22224,AS,,18,"$3,291.64 ","$2,633.35 "
,80'S,,33,"$6,515.74 ","$5,199.11 "
,OTHER,,165,"$191,048.68 ","$151,105.55 "
,TOTAL,,216,"$200,856.06 ","$158,938.01 "
22226,AS,,20,"$1,097.42 ",$877.94 
,80'S,,50,"$3,107.01 ","$2,485.57 "
,OTHER,,188,"$68,037.14 ","$53,061.64 "
,TOTAL,,258,"$72,241.57 ","$56,425.15 "
22305,SG,,1,$340.39 ,$272.31 
,OTHER,,"3,059","$552,528.54 ","$434,220.94 "
,TOTAL,,"3,060","$552,868.93 ","$434,493.25 "
22310,OTHER,,"9,805","$2,530,442.54 ","$2,000,936.11 "
,TOTAL,,"9,805","$2,530,442.54 ","$2,000,936.11 "
22315,OTHER,,"1,599","$1,015,472.52 ","$809,920.59 "
,TOTAL,,"1,599","$1,015,472.52 ","$809,920.59 "
22318,AS,,41,"$7,951.10 ","$6,360.89 "
,80'S,,111,"$24,120.28 ","$19,216.18 "
,OTHER,,354,"$485,235.96 ","$388,121.65 "
,TOTAL,,506,"$517,307.34 ","$413,698.72 "
22319,AS,,3,$713.65 ,$570.93 
,80'S,,5,"$1,232.21 ",$985.76 
,OTHER,,28,"$44,312.13 ","$34,693.19 "
,TOTAL,,36,"$46,257.99 ","$36,249.88 "
22325,AS,,351,"$49,749.98 ","$39,718.67 "
,80'S,,353,"$51,132.65 ","$40,539.55 "
,OTHER,,"2,484","$2,568,375.77 ","$2,041,128.38 "
,TOTAL,,"3,188","$2,669,258.40 ","$2,121,386.60 "
22326,AS,,59,"$10,014.33 ","$8,011.48 "
,80'S,,141,"$28,787.97 ","$22,881.69 "
,OTHER,,585,"$707,585.34 ","$562,764.39 "
,TOTAL,,785,"$746,387.64 ","$593,657.56 "
22327,AS,,265,"$44,039.85 ","$35,129.67 "
,SG,,1,$508.79 ,$144.61 
,80'S,,148,"$27,262.01 ","$21,784.97 "
,OTHER,,"1,775","$2,182,372.04 ","$1,739,173.97 "
,TOTAL,,"2,189","$2,254,182.69 ","$1,796,233.22 "
22328,AS,,149,"$5,445.48 ","$4,353.75 "
,80'S,,124,"$5,466.43 ","$4,373.13 "
,OTHER,,"1,184","$324,781.97 ","$258,519.71 "
,TOTAL,,"1,457","$335,693.88 ","$267,246.59 "
22505,SG,,21,"$9,165.20 ","$7,332.14 "
,OTHER,,365,"$65,661.02 ","$51,968.98 "
,TOTAL,,386,"$74,826.22 ","$59,301.12 "
22520,80'S,,2,$175.24 ,$140.20 
,OTHER,,"12,467","$5,931,351.33 ","$4,729,787.10 "
,TOTAL,,"12,469","$5,931,526.57 ","$4,729,927.30 "
22521,OTHER,,"12,090","$5,199,723.68 ","$4,147,882.90 "
,TOTAL,,"12,090","$5,199,723.68 ","$4,147,882.90 "
22522,OTHER,,"7,133","$1,618,883.38 ","$1,292,031.45 "
,TOTAL,,"7,133","$1,618,883.38 ","$1,292,031.45 "
22548,AS,,10,"$2,229.04 ","$1,783.25 "
,80'S,,12,"$3,124.27 ","$2,267.90 "
,OTHER,,83,"$124,164.13 ","$98,638.63 "
,TOTAL,,105,"$129,517.44 ","$102,689.78 "
22554,AS,,"4,905","$431,726.49 ","$342,238.77 "
,80'S,,"4,396","$490,772.68 ","$386,081.34 "
,OTHER,,"22,395","$14,944,009.98 ","$11,736,401.69 "
,TOTAL,,"31,696","$15,866,509.15 ","$12,464,721.80 "
22556,AS,,77,"$10,349.89 ","$8,279.95 "
,80'S,,198,"$37,135.84 ","$29,278.36 "
,OTHER,,"1,054","$1,062,799.14 ","$844,936.37 "
,TOTAL,,"1,329","$1,110,284.87 ","$882,494.68 "
22558,AS,,346,"$56,015.72 ","$44,322.55 "
,80'S,,495,"$93,401.29 ","$73,284.62 "
,OTHER,,"5,248","$4,482,202.48 ","$3,520,098.77 "
,TOTAL,,"6,089","$4,631,619.49 ","$3,637,705.94 "
22585,AS,,"3,988","$178,343.51 ","$141,833.10 "
,80'S,,"4,037","$214,584.78 ","$168,997.38 "
,OTHER,,"20,548","$6,528,099.58 ","$5,142,647.40 "
,TOTAL,,"28,573","$6,921,027.87 ","$5,453,477.88 "
22590,AS,,49,"$8,025.33 ","$6,420.25 "
,80'S,,111,"$21,496.48 ","$17,165.00 "
,OTHER,,528,"$607,252.73 ","$481,801.57 "
,TOTAL,,688,"$636,774.54 ","$505,386.82 "
22595,AS,,131,"$20,582.41 ","$16,385.77 "
,80'S,,190,"$33,729.54 ","$26,713.51 "
,OTHER,,911,"$980,672.90 ","$776,845.95 "
,TOTAL,,"1,232","$1,034,984.85 ","$819,945.23 "
22600,AS,,712,"$72,021.78 ","$57,343.74 "
,80'S,,913,"$115,519.26 ","$90,775.42 "
,OTHER,,"4,451","$3,289,845.96 ","$2,601,834.89 "
,TOTAL,,"6,076","$3,477,387.00 ","$2,749,954.05 "
22610,AS,,278,"$28,997.92 ","$23,192.57 "
,80'S,,418,"$51,283.94 ","$40,610.88 "
,OTHER,,"1,874","$1,348,306.49 ","$1,066,710.00 "
,TOTAL,,"2,570","$1,428,588.35 ","$1,130,513.45 "
22612,AS,,"9,750","$1,654,388.54 ","$1,316,134.06 "
,80'S,,"9,480","$1,938,111.36 ","$1,531,763.90 "
,OTHER,,"39,073","$49,270,158.68 ","$38,947,745.91 "
,TOTAL,,"58,303","$52,862,658.58 ","$41,795,643.87 "
22614,AS,,"10,665","$555,466.38 ","$442,463.57 "
,80'S,,"11,759","$732,567.51 ","$580,469.77 "
,OTHER,,"51,169","$19,780,419.59 ","$15,684,600.00 "
,TOTAL,,"73,593","$21,068,453.48 ","$16,707,533.34 "
22630,AS,,"3,432","$476,662.52 ","$378,253.91 "
,80'S,,"3,161","$530,733.56 ","$420,077.60 "
,OTHER,,"12,329","$12,649,037.01 ","$9,973,283.78 "
,TOTAL,,"18,922","$13,656,433.09 ","$10,771,615.29 "
22632,AS,,"1,219","$50,626.34 ","$40,307.02 "
,80'S,,"1,130","$55,983.22 ","$44,095.79 "
,OTHER,,"4,463","$1,366,596.72 ","$1,081,747.96 "
,TOTAL,,"6,812","$1,473,206.28 ","$1,166,150.77 "
22800,AS,,106,"$13,743.24 ","$10,994.65 "
,80'S,,127,"$21,365.84 ","$17,020.58 "
,OTHER,,529,"$501,718.14 ","$396,361.39 "
,TOTAL,,762,"$536,827.22 ","$424,376.62 "
22802,AS,,74,"$19,475.75 ","$15,174.67 "
,80'S,,141,"$44,168.95 ","$35,178.91 "
,OTHER,,486,"$920,845.58 ","$729,377.98 "
,TOTAL,,701,"$984,490.28 ","$779,731.56 "
22804,AS,,11,"$3,330.42 ","$2,664.34 "
,80'S,,29,"$11,321.51 ","$9,028.56 "
,OTHER,,148,"$340,520.81 ","$269,475.15 "
,TOTAL,,188,"$355,172.74 ","$281,168.05 "
22808,AS,,15,"$3,134.61 ","$2,488.39 "
,80'S,,29,"$6,498.01 ","$5,198.42 "
,OTHER,,241,"$331,565.88 ","$261,055.50 "
,TOTAL,,285,"$341,198.50 ","$268,742.31 "
22810,AS,,15,"$3,898.50 ","$3,118.77 "
,80'S,,36,"$10,102.59 ","$7,566.38 "
,OTHER,,252,"$354,781.56 ","$279,976.41 "
,TOTAL,,303,"$368,782.65 ","$290,661.56 "
22812,AS,,3,$972.64 ,$778.11 
,80'S,,8,"$2,659.94 ","$2,127.94 "
,OTHER,,26,"$43,351.63 ","$33,839.92 "
,TOTAL,,37,"$46,984.21 ","$36,745.97 "
22818,AS,,12,"$3,526.17 ","$2,820.96 "
,80'S,,16,"$4,719.01 ","$3,775.21 "
,OTHER,,54,"$97,336.10 ","$77,608.67 "
,TOTAL,,82,"$105,581.28 ","$84,204.84 "
22819,AS,,1,$288.97 ,$231.18 
,80'S,,1,$232.67 ,$186.14 
,OTHER,,9,"$20,174.20 ","$16,139.37 "
,TOTAL,,11,"$20,695.84 ","$16,556.69 "
22830,AS,,438,"$28,537.52 ","$22,791.70 "
,80'S,,468,"$36,012.46 ","$28,098.94 "
,OTHER,,"2,346","$1,117,507.47 ","$883,117.96 "
,TOTAL,,"3,252","$1,182,057.45 ","$934,008.60 "
22840,AS,,"3,555","$360,537.91 ","$286,508.18 "
,80'S,,"3,260","$391,510.95 ","$309,277.53 "
,OTHER,,"13,434","$10,101,418.70 ","$7,969,389.85 "
,TOTAL,,"20,249","$10,853,467.56 ","$8,565,175.56 "
22842,AS,,"5,782","$585,895.26 ","$466,634.55 "
,80'S,,"6,272","$764,385.34 ","$603,972.09 "
,OTHER,,"25,781","$19,317,686.24 ","$15,293,066.05 "
,TOTAL,,"37,835","$20,667,966.84 ","$16,363,672.69 "
22843,AS,,244,"$26,378.84 ","$20,935.97 "
,80'S,,436,"$56,816.30 ","$45,322.88 "
,OTHER,,"1,714","$1,372,934.81 ","$1,086,744.37 "
,TOTAL,,"2,394","$1,456,129.95 ","$1,153,003.22 "
22844,AS,,17,"$2,310.42 ","$1,848.34 "
,80'S,,47,"$7,756.24 ","$6,192.71 "
,OTHER,,189,"$192,668.58 ","$154,135.00 "
,TOTAL,,253,"$202,735.24 ","$162,176.05 "
22845,AS,,"4,070","$394,805.61 ","$313,069.86 "
,80'S,,"3,868","$446,307.00 ","$350,491.83 "
,OTHER,,"18,649","$13,381,978.00 ","$10,509,277.22 "
,TOTAL,,"26,587","$14,223,090.61 ","$11,172,838.91 "
22846,AS,,698,"$71,244.75 ","$56,940.51 "
,80'S,,733,"$88,936.05 ","$69,941.84 "
,OTHER,,"3,208","$2,413,396.48 ","$1,901,508.92 "
,TOTAL,,"4,639","$2,573,577.28 ","$2,028,391.27 "
22847,AS,,7,$786.74 ,$629.39 
,80'S,,6,$803.07 ,$642.46 
,OTHER,,31,"$25,797.10 ","$20,179.85 "
,TOTAL,,44,"$27,386.91 ","$21,451.70 "
22848,AS,,30,"$1,439.15 ","$1,151.30 "
,80'S,,66,"$3,926.46 ","$3,108.28 "
,OTHER,,259,"$94,310.09 ","$74,779.02 "
,TOTAL,,355,"$99,675.70 ","$79,038.60 "
22849,AS,,173,"$22,768.02 ","$17,951.36 "
,80'S,,211,"$34,175.26 ","$27,229.49 "
,OTHER,,856,"$781,267.44 ","$616,016.13 "
,TOTAL,,"1,240","$838,210.72 ","$661,196.98 "
22850,AS,,311,"$18,087.02 ","$14,322.53 "
,80'S,,232,"$15,997.93 ","$12,519.27 "
,OTHER,,"1,167","$508,575.92 ","$400,851.87 "
,TOTAL,,"1,710","$542,660.87 ","$427,693.67 "
22851,AS,,"6,558","$343,144.80 ","$272,455.59 "
,80'S,,"6,506","$409,658.74 ","$323,996.80 "
,OTHER,,"27,795","$10,995,123.49 ","$8,671,822.44 "
,TOTAL,,"40,859","$11,747,927.03 ","$9,268,274.83 "
22852,AS,,784,"$46,535.08 ","$36,818.50 "
,80'S,,864,"$60,792.23 ","$48,407.13 "
,OTHER,,"3,855","$1,683,438.66 ","$1,324,995.55 "
,TOTAL,,"5,503","$1,790,765.97 ","$1,410,221.18 "
22855,AS,,255,"$21,699.24 ","$17,346.19 "
,80'S,,255,"$27,035.78 ","$21,098.17 "
,OTHER,,"1,236","$804,772.48 ","$625,930.55 "
,TOTAL,,"1,746","$853,507.50 ","$664,374.91 "
22899,AS,,396,"$62,779.52 ","$50,223.45 "
,80'S,,247,"$40,166.79 ","$32,133.27 "
,OTHER,,"16,062","$10,032,684.15 ","$8,015,805.77 "
,TOTAL,,"16,705","$10,135,630.46 ","$8,098,162.49 "
22900,AS,,52,"$1,903.90 ","$1,523.12 "
,SG,,287,"$170,929.78 ","$134,726.26 "
,80'S,,176,"$7,098.80 ","$5,571.38 "
,OTHER,,"2,956","$931,202.38 ","$732,348.75 "
,TOTAL,,"3,471","$1,111,134.86 ","$874,169.51 "
22999,AS,,1,$47.58 ,$38.06 
,80'S,,8,$800.39 ,$640.32 
,OTHER,,334,"$144,920.77 ","$115,604.34 "
,TOTAL,,343,"$145,768.74 ","$116,282.72 "
23000,AS,,7,$297.68 ,$238.15 
,SG,,12,"$3,664.20 ","$2,931.35 "
,80'S,,4,$181.60 ,$145.28 
,OTHER,,98,"$21,035.42 ","$16,799.20 "
,TOTAL,,121,"$25,178.90 ","$20,113.98 "
23020,AS,,40,"$3,031.38 ","$2,425.11 "
,SG,,29,"$6,698.01 ","$5,358.49 "
,80'S,,45,"$3,603.23 ","$2,882.63 "
,OTHER,,264,"$137,434.07 ","$107,355.16 "
,TOTAL,,378,"$150,766.69 ","$118,021.39 "
23030,SG,,34,"$9,858.84 ","$7,487.32 "
,OTHER,,"1,191","$310,830.36 ","$245,352.09 "
,TOTAL,,"1,225","$320,689.20 ","$252,839.41 "
23031,SG,,1,$252.84 ,$202.27 
,OTHER,,195,"$39,847.85 ","$31,414.95 "
,TOTAL,,196,"$40,100.69 ","$31,617.22 "
23035,AS,,8,"$1,007.02 ",$805.61 
,SG,,7,"$3,296.31 ","$2,637.04 "
,80'S,,2,$264.88 ,$211.90 
,OTHER,,118,"$97,321.21 ","$77,087.66 "
,TOTAL,,135,"$101,889.42 ","$80,742.21 "
23040,AS,,54,"$5,558.82 ","$4,432.77 "
,SG,,22,"$8,566.23 ","$6,852.99 "
,80'S,,20,"$2,319.96 ","$1,807.64 "
,OTHER,,700,"$490,908.79 ","$388,575.85 "
,TOTAL,,796,"$507,353.80 ","$401,669.25 "
23044,SG,,24,"$10,447.18 ","$8,357.77 "
,OTHER,,190,"$99,667.26 ","$79,687.89 "
,TOTAL,,214,"$110,114.44 ","$88,045.66 "
23065,SG,,6,"$1,811.59 ","$1,449.27 "
,OTHER,,395,"$60,427.68 ","$47,333.03 "
,TOTAL,,401,"$62,239.27 ","$48,782.30 "
23066,SG,,31,"$11,168.51 ","$8,934.82 "
,OTHER,,387,"$134,788.22 ","$107,009.97 "
,TOTAL,,418,"$145,956.73 ","$115,944.79 "
23075,SG,,350,"$138,657.13 ","$108,587.59 "
,OTHER,,"2,035","$399,555.95 ","$312,142.04 "
,TOTAL,,"2,385","$538,213.08 ","$420,729.63 "
23076,SG,,307,"$119,422.68 ","$94,026.50 "
,OTHER,,"1,950","$1,070,878.66 ","$844,502.86 "
,TOTAL,,"2,257","$1,190,301.34 ","$938,529.36 "
23077,AS,,13,"$2,077.86 ","$1,450.78 "
,SG,,32,"$13,874.25 ","$11,019.38 "
,80'S,,15,"$2,806.08 ","$2,164.87 "
,OTHER,,521,"$594,361.06 ","$470,982.12 "
,TOTAL,,581,"$613,119.25 ","$485,617.15 "
23100,AS,,9,$455.78 ,$364.60 
,SG,,2,$665.28 ,$532.23 
,80'S,,10,$513.95 ,$411.17 
,OTHER,,52,"$21,232.33 ","$16,429.13 "
,TOTAL,,73,"$22,867.34 ","$17,737.13 "
23101,SG,,36,"$34,542.14 ","$26,135.47 "
,OTHER,,310,"$108,280.56 ","$85,000.32 "
,TOTAL,,346,"$142,822.70 ","$111,135.79 "
23105,AS,,26,"$2,208.88 ","$1,723.05 "
,SG,,16,"$6,397.17 ","$5,117.75 "
,80'S,,49,"$3,843.42 ","$3,074.72 "
,OTHER,,304,"$155,579.09 ","$123,883.34 "
,TOTAL,,395,"$168,028.56 ","$133,798.86 "
23106,80'S,,1,$85.58 ,$68.46 
,OTHER,,34,"$14,053.75 ","$11,243.02 "
,TOTAL,,35,"$14,139.33 ","$11,311.48 "
23107,AS,,25,"$2,127.08 ","$1,701.68 "
,SG,,19,"$9,257.59 ","$7,346.37 "
,80'S,,39,"$3,263.40 ","$2,528.72 "
,OTHER,,378,"$219,626.33 ","$174,382.04 "
,TOTAL,,461,"$234,274.40 ","$185,958.81 "
23120,AS,,"3,658","$192,596.24 ","$153,111.12 "
,SG,,"3,331","$1,519,756.60 ","$1,195,148.33 "
,80'S,,"1,648","$98,001.97 ","$76,973.63 "
,OTHER,,"21,805","$7,645,503.12 ","$6,020,861.00 "
,TOTAL,,"30,442","$9,455,857.93 ","$7,446,094.08 "
23125,AS,,13,$764.01 ,$611.23 
,SG,,13,"$6,024.64 ","$4,740.72 "
,80'S,,8,$751.59 ,$601.25 
,OTHER,,74,"$41,097.97 ","$32,821.89 "
,TOTAL,,108,"$48,638.21 ","$38,775.09 "
23130,AS,,15,"$1,162.92 ",$930.35 
,SG,,897,"$509,877.42 ","$401,549.54 "
,80'S,,13,"$1,378.65 ","$1,102.91 "
,OTHER,,"6,684","$3,463,427.51 ","$2,706,884.67 "
,TOTAL,,"7,609","$3,975,846.50 ","$3,110,467.47 "
23140,SG,,27,"$14,445.33 ","$11,007.72 "
,OTHER,,193,"$90,297.89 ","$70,752.32 "
,TOTAL,,220,"$104,743.22 ","$81,760.04 "
23145,AS,,1,$62.23 ,$49.78 
,80'S,,1,$56.97 ,$45.58 
,OTHER,,5,"$2,867.01 ","$2,293.61 "
,TOTAL,,7,"$2,986.21 ","$2,388.97 "
23146,AS,,1,$44.89 ,$35.91 
,SG,,1,$714.33 ,$571.46 
,OTHER,,12,"$6,484.90 ","$5,187.95 "
,TOTAL,,14,"$7,244.12 ","$5,795.32 "
23150,AS,,22,"$1,432.09 ","$1,145.65 "
,SG,,8,"$2,866.59 ","$2,293.26 "
,80'S,,9,$757.06 ,$605.64 
,OTHER,,129,"$64,032.17 ","$49,893.41 "
,TOTAL,,168,"$69,087.91 ","$53,937.96 "
23155,AS,,2,$111.90 ,$89.52 
,80'S,,1,$67.36 ,$53.89 
,OTHER,,5,"$2,148.68 ","$1,718.95 "
,TOTAL,,8,"$2,327.94 ","$1,862.36 "
23156,AS,,4,$366.42 ,$293.13 
,SG,,2,"$1,045.78 ",$836.63 
,OTHER,,21,"$11,763.59 ","$9,410.88 "
,TOTAL,,27,"$13,175.79 ","$10,540.64 "
23170,SG,,1,$465.79 ,$372.63 
,80'S,,1,$118.88 ,$95.10 
,OTHER,,24,"$11,965.46 ","$8,969.15 "
,TOTAL,,26,"$12,550.13 ","$9,436.88 "
23172,80'S,,1,$49.24 ,$39.39 
,OTHER,,5,"$2,407.53 ","$1,926.02 "
,TOTAL,,6,"$2,456.77 ","$1,965.41 "
23174,AS,,3,$321.37 ,$218.11 
,SG,,1,$216.63 ,$173.30 
,80'S,,2,$283.25 ,$226.60 
,OTHER,,42,"$30,766.73 ","$24,613.37 "
,TOTAL,,48,"$31,587.98 ","$25,231.38 "
23180,SG,,68,"$31,884.07 ","$24,800.65 "
,OTHER,,520,"$346,345.77 ","$272,540.98 "
,TOTAL,,588,"$378,229.84 ","$297,341.63 "
23182,AS,,6,$625.06 ,$500.04 
,SG,,2,$932.09 ,$745.67 
,80'S,,4,$319.28 ,$255.42 
,OTHER,,50,"$34,115.66 ","$27,269.65 "
,TOTAL,,62,"$35,992.09 ","$28,770.78 "
23184,AS,,15,"$1,635.09 ","$1,185.91 "
,SG,,5,"$2,541.88 ","$2,033.50 "
,80'S,,20,"$2,507.95 ","$2,006.37 "
,OTHER,,155,"$127,570.75 ","$100,403.70 "
,TOTAL,,195,"$134,255.67 ","$105,629.48 "
23190,AS,,3,$161.79 ,$129.44 
,SG,,2,"$1,256.91 ","$1,005.53 "
,80'S,,2,$134.88 ,$107.90 
,OTHER,,20,"$9,362.13 ","$7,489.70 "
,TOTAL,,27,"$10,915.71 ","$8,732.57 "
23195,AS,,5,$478.80 ,$383.05 
,SG,,1,$766.67 ,$613.34 
,80'S,,1,$136.36 ,$109.09 
,OTHER,,58,"$38,143.77 ","$30,514.99 "
,TOTAL,,65,"$39,525.60 ","$31,620.47 "
23200,AS,,4,$516.88 ,$413.51 
,80'S,,3,$382.37 ,$305.90 
,OTHER,,33,"$26,514.59 ","$21,211.65 "
,TOTAL,,40,"$27,413.84 ","$21,931.06 "
23210,80'S,,3,$418.92 ,$335.14 
,OTHER,,43,"$38,138.17 ","$30,510.53 "
,TOTAL,,46,"$38,557.09 ","$30,845.67 "
23220,AS,,2,$269.10 ,$215.28 
,OTHER,,31,"$34,043.68 ","$26,253.53 "
,TOTAL,,33,"$34,312.78 ","$26,468.81 "
23222,AS,,2,$477.07 ,$381.65 
,80'S,,6,"$1,617.67 ","$1,085.86 "
,OTHER,,59,"$97,850.23 ","$75,475.06 "
,TOTAL,,67,"$99,944.97 ","$76,942.57 "
23330,SG,,6,"$1,946.38 ","$1,557.10 "
,80'S,,1,$37.78 ,$30.22 
,OTHER,,136,"$24,874.53 ","$19,569.90 "
,TOTAL,,143,"$26,858.69 ","$21,157.22 "
23331,AS,,12,$667.64 ,$534.10 
,SG,,6,"$1,516.40 ","$1,133.12 "
,80'S,,34,"$2,261.25 ","$1,808.98 "
,OTHER,,517,"$219,781.87 ","$174,789.44 "
,TOTAL,,569,"$224,227.16 ","$178,265.64 "
23332,AS,,47,"$3,857.94 ","$3,086.40 "
,80'S,,74,"$6,949.15 ","$5,559.31 "
,OTHER,,317,"$203,739.59 ","$162,799.15 "
,TOTAL,,438,"$214,546.68 ","$171,444.86 "
23350,OTHER,,"24,097","$2,910,140.42 ","$2,279,999.87 "
,TOTAL,,"24,097","$2,910,140.42 ","$2,279,999.87 "
23395,AS,,41,"$6,252.94 ","$5,002.34 "
,SG,,3,"$1,791.89 ","$1,433.51 "
,80'S,,74,"$11,537.27 ","$9,089.47 "
,OTHER,,330,"$343,765.11 ","$271,406.30 "
,TOTAL,,448,"$363,347.21 ","$286,931.62 "
23397,AS,,6,$926.62 ,$741.30 
,SG,,1,$464.94 ,$371.95 
,80'S,,10,"$2,148.03 ","$1,718.39 "
,OTHER,,33,"$37,491.86 ","$29,516.72 "
,TOTAL,,50,"$41,031.45 ","$32,348.36 "
23400,AS,,1,$159.66 ,$127.73 
,80'S,,2,$274.26 ,$219.40 
,OTHER,,9,"$6,390.23 ","$5,112.17 "
,TOTAL,,12,"$6,824.15 ","$5,459.30 "
23405,AS,,85,"$4,988.13 ","$3,990.49 "
,SG,,64,"$14,815.99 ","$11,683.40 "
,80'S,,42,"$2,944.21 ","$2,355.37 "
,OTHER,,494,"$206,840.29 ","$164,509.47 "
,TOTAL,,685,"$229,588.62 ","$182,538.73 "
23406,AS,,14,"$1,309.19 ","$1,047.36 "
,SG,,2,$682.52 ,$546.02 
,80'S,,2,$139.79 ,$111.83 
,OTHER,,36,"$22,831.87 ","$17,535.01 "
,TOTAL,,54,"$24,963.37 ","$19,240.22 "
23410,AS,,"1,001","$127,393.85 ","$100,773.93 "
,SG,,"2,310","$1,515,012.98 ","$1,190,694.80 "
,80'S,,628,"$95,445.45 ","$75,863.84 "
,OTHER,,"6,574","$5,983,423.80 ","$4,702,431.70 "
,TOTAL,,"10,513","$7,721,276.08 ","$6,069,764.27 "
23412,AS,,"5,101","$690,137.77 ","$546,563.25 "
,SG,,"4,647","$4,599,305.90 ","$3,627,372.38 "
,80'S,,"2,116","$334,036.66 ","$263,415.80 "
,OTHER,,"26,235","$25,517,269.70 ","$20,094,235.85 "
,TOTAL,,"38,099","$31,140,750.03 ","$24,531,587.28 "
23415,AS,,3,$318.27 ,$254.61 
,SG,,212,"$133,685.75 ","$105,134.73 "
,80'S,,2,$246.31 ,$197.05 
,OTHER,,"1,564","$973,681.02 ","$767,267.95 "
,TOTAL,,"1,781","$1,107,931.35 ","$872,854.34 "
23420,AS,,"4,741","$667,901.35 ","$528,396.95 "
,SG,,"2,857","$2,810,821.14 ","$2,220,484.17 "
,80'S,,"2,847","$479,164.30 ","$377,612.68 "
,OTHER,,"26,839","$27,718,516.42 ","$21,840,370.19 "
,TOTAL,,"37,284","$31,676,403.21 ","$24,966,863.99 "
23430,AS,,521,"$35,110.47 ","$27,951.13 "
,SG,,456,"$169,680.64 ","$134,071.85 "
,80'S,,278,"$23,862.05 ","$19,062.96 "
,OTHER,,"2,755","$1,367,539.99 ","$1,080,357.01 "
,TOTAL,,"4,010","$1,596,193.15 ","$1,261,442.95 "
23440,AS,,157,"$12,690.70 ","$10,087.56 "
,SG,,61,"$24,185.94 ","$19,098.29 "
,80'S,,126,"$11,340.53 ","$8,958.11 "
,OTHER,,808,"$450,744.65 ","$356,108.40 "
,TOTAL,,"1,152","$498,961.82 ","$394,252.36 "
23450,AS,,37,"$4,952.50 ","$3,939.65 "
,SG,,14,"$8,744.03 ","$6,995.25 "
,80'S,,40,"$5,662.41 ","$4,529.94 "
,OTHER,,217,"$195,171.37 ","$155,974.56 "
,TOTAL,,308,"$214,530.31 ","$171,439.40 "
23455,AS,,79,"$11,006.59 ","$8,537.93 "
,SG,,61,"$57,989.70 ","$44,926.94 "
,80'S,,73,"$11,667.72 ","$8,978.25 "
,OTHER,,465,"$468,885.77 ","$366,498.40 "
,TOTAL,,678,"$549,549.78 ","$428,941.52 "
23460,AS,,5,$613.87 ,$491.10 
,SG,,1,$347.35 ,$277.88 
,80'S,,8,"$1,327.44 ","$1,061.95 "
,OTHER,,57,"$58,248.71 ","$46,115.51 "
,TOTAL,,71,"$60,537.37 ","$47,946.44 "
23462,AS,,3,$446.57 ,$357.26 
,80'S,,13,"$2,213.18 ","$1,770.54 "
,OTHER,,35,"$35,855.82 ","$27,890.67 "
,TOTAL,,51,"$38,515.57 ","$30,018.47 "
23465,AS,,6,$816.44 ,$653.15 
,SG,,3,"$1,949.00 ","$1,559.20 "
,80'S,,13,"$1,924.46 ","$1,539.59 "
,OTHER,,51,"$48,212.57 ","$37,994.09 "
,TOTAL,,73,"$52,902.47 ","$41,746.03 "
23466,AS,,44,"$6,372.30 ","$5,019.96 "
,SG,,13,"$11,186.19 ","$8,948.95 "
,80'S,,19,"$3,178.07 ","$2,542.45 "
,OTHER,,160,"$156,722.03 ","$123,157.00 "
,TOTAL,,236,"$177,458.59 ","$139,668.36 "
23470,AS,,"1,647","$254,255.31 ","$202,397.36 "
,80'S,,"1,894","$344,716.80 ","$273,365.54 "
,OTHER,,"8,492","$9,612,914.60 ","$7,619,931.79 "
,TOTAL,,"12,033","$10,211,886.71 ","$8,095,694.69 "
23472,AS,,"1,520","$283,273.77 ","$225,476.94 "
,80'S,,"1,559","$342,583.48 ","$271,344.78 "
,OTHER,,"6,798","$9,360,090.24 ","$7,414,079.51 "
,TOTAL,,"9,877","$9,985,947.49 ","$7,910,901.23 "
23480,SG,,9,"$3,783.83 ","$3,027.06 "
,80'S,,1,$154.46 ,$123.57 
,OTHER,,85,"$55,083.73 ","$44,066.95 "
,TOTAL,,95,"$59,022.02 ","$47,217.58 "
23485,AS,,20,"$2,675.34 ","$2,140.22 "
,SG,,5,"$4,955.92 ","$3,945.96 "
,80'S,,10,"$1,595.20 ","$1,276.15 "
,OTHER,,103,"$100,349.00 ","$78,431.09 "
,TOTAL,,138,"$109,575.46 ","$85,793.42 "
23490,AS,,1,$120.89 ,$96.71 
,SG,,2,$994.70 ,$795.76 
,80'S,,1,$144.47 ,$115.58 
,OTHER,,12,"$5,203.97 ","$4,151.99 "
,TOTAL,,16,"$6,464.03 ","$5,160.04 "
23491,AS,,4,$511.88 ,$409.51 
,80'S,,6,"$1,004.34 ",$803.47 
,OTHER,,54,"$54,881.11 ","$43,824.91 "
,TOTAL,,64,"$56,397.33 ","$45,037.89 "
23500,OTHER,,"9,800","$1,813,367.41 ","$1,410,438.02 "
,TOTAL,,"9,800","$1,813,367.41 ","$1,410,438.02 "
23505,SG,,1,$328.94 ,$263.15 
,OTHER,,350,"$116,762.62 ","$91,663.60 "
,TOTAL,,351,"$117,091.56 ","$91,926.75 "
23515,AS,,55,"$4,114.24 ","$3,291.40 "
,SG,,24,"$11,442.86 ","$9,154.28 "
,80'S,,32,"$2,745.85 ","$2,162.43 "
,OTHER,,391,"$210,214.43 ","$164,279.67 "
,TOTAL,,502,"$228,517.38 ","$178,887.78 "
23520,SG,,1,$344.98 ,$275.98 
,OTHER,,69,"$13,156.80 ","$10,192.79 "
,TOTAL,,70,"$13,501.78 ","$10,468.77 "
23525,OTHER,,24,"$6,266.92 ","$4,710.01 "
,TOTAL,,24,"$6,266.92 ","$4,710.01 "
23530,AS,,3,$120.65 ,$96.53 
,80'S,,2,$95.65 ,$76.52 
,OTHER,,11,"$4,539.89 ","$3,631.91 "
,TOTAL,,16,"$4,756.19 ","$3,804.96 "
23532,80'S,,1,$96.44 ,$77.15 
,OTHER,,4,"$2,166.62 ","$1,733.30 "
,TOTAL,,5,"$2,263.06 ","$1,810.45 "
23540,SG,,1,$272.67 ,$218.14 
,OTHER,,463,"$85,144.36 ","$65,695.22 "
,TOTAL,,464,"$85,417.03 ","$65,913.36 "
23545,SG,,1,$332.90 ,$266.32 
,OTHER,,77,"$18,289.33 ","$14,433.16 "
,TOTAL,,78,"$18,622.23 ","$14,699.48 "
23550,AS,,37,"$2,207.23 ","$1,721.23 "
,SG,,19,"$7,783.45 ","$6,180.67 "
,80'S,,56,"$3,633.68 ","$2,857.28 "
,OTHER,,329,"$137,804.14 ","$108,974.07 "
,TOTAL,,441,"$151,428.50 ","$119,733.25 "
23552,AS,,14,"$1,195.83 ",$956.65 
,SG,,3,"$1,938.82 ","$1,551.05 "
,80'S,,8,$843.83 ,$675.06 
,OTHER,,66,"$36,830.88 ","$28,914.67 "
,TOTAL,,91,"$40,809.36 ","$32,097.43 "
23570,OTHER,,"1,948","$379,611.24 ","$296,045.56 "
,TOTAL,,"1,948","$379,611.24 ","$296,045.56 "
23575,OTHER,,51,"$16,885.33 ","$13,428.26 "
,TOTAL,,51,"$16,885.33 ","$13,428.26 "
23585,AS,,39,"$2,592.36 ","$1,976.86 "
,SG,,11,"$4,338.26 ","$3,470.62 "
,80'S,,46,"$3,399.24 ","$2,698.72 "
,OTHER,,253,"$124,740.07 ","$97,643.48 "
,TOTAL,,349,"$135,069.93 ","$105,789.68 "
23600,SG,,1,$339.05 ,$271.24 
,OTHER,,"37,763","$10,773,402.96 ","$8,438,087.91 "
,TOTAL,,"37,764","$10,773,742.01 ","$8,438,359.15 "
23605,SG,,14,"$6,036.92 ","$4,829.54 "
,OTHER,,"3,118","$1,329,864.38 ","$1,051,637.39 "
,TOTAL,,"3,132","$1,335,901.30 ","$1,056,466.93 "
23615,AS,,636,"$60,837.42 ","$48,334.87 "
,SG,,58,"$35,296.87 ","$27,954.68 "
,80'S,,551,"$64,244.62 ","$51,159.84 "
,OTHER,,"5,323","$3,700,182.57 ","$2,944,701.27 "
,TOTAL,,"6,568","$3,860,561.48 ","$3,072,150.66 "
23616,AS,,539,"$105,712.89 ","$84,159.60 "
,SG,,4,"$2,264.01 ","$1,811.21 "
,80'S,,575,"$133,724.37 ","$106,620.29 "
,OTHER,,"3,248","$4,597,102.74 ","$3,665,427.65 "
,TOTAL,,"4,366","$4,838,804.01 ","$3,858,018.75 "
23620,SG,,1,$156.72 ,$125.38 
,OTHER,,"3,748","$959,356.49 ","$750,131.81 "
,TOTAL,,"3,749","$959,513.21 ","$750,257.19 "
23625,SG,,1,$450.66 ,$360.53 
,OTHER,,248,"$88,626.80 ","$69,811.95 "
,TOTAL,,249,"$89,077.46 ","$70,172.48 "
23630,AS,,84,"$5,329.77 ","$4,263.82 "
,SG,,45,"$30,066.12 ","$24,052.92 "
,80'S,,77,"$5,716.98 ","$4,486.64 "
,OTHER,,746,"$344,385.72 ","$274,091.51 "
,TOTAL,,952,"$385,498.59 ","$306,894.89 "
23650,SG,,7,"$2,269.01 ","$1,815.21 "
,OTHER,,"12,979","$3,027,136.50 ","$2,376,322.71 "
,TOTAL,,"12,986","$3,029,405.51 ","$2,378,137.92 "
23655,SG,,72,"$22,573.13 ","$17,978.51 "
,OTHER,,"3,943","$1,243,200.83 ","$980,489.12 "
,TOTAL,,"4,015","$1,265,773.96 ","$998,467.63 "
23660,AS,,22,"$1,331.97 ","$1,065.59 "
,SG,,1,$244.58 ,$195.66 
,80'S,,19,"$1,422.01 ","$1,137.59 "
,OTHER,,197,"$82,538.87 ","$65,395.08 "
,TOTAL,,239,"$85,537.43 ","$67,793.92 "
23665,SG,,3,"$1,084.38 ",$867.51 
,OTHER,,878,"$333,998.27 ","$263,340.98 "
,TOTAL,,881,"$335,082.65 ","$264,208.49 "
23670,AS,,18,"$1,402.47 ","$1,121.98 "
,SG,,8,"$2,456.23 ","$1,964.99 "
,80'S,,22,"$2,093.98 ","$1,675.17 "
,OTHER,,192,"$99,401.27 ","$79,259.85 "
,TOTAL,,240,"$105,353.95 ","$84,021.99 "
23675,SG,,2,$710.50 ,$568.40 
,OTHER,,354,"$168,129.85 ","$133,036.68 "
,TOTAL,,356,"$168,840.35 ","$133,605.08 "
23680,AS,,18,"$1,474.09 ","$1,179.25 "
,SG,,2,$754.74 ,$603.79 
,80'S,,20,"$2,157.76 ","$1,726.21 "
,OTHER,,159,"$106,759.34 ","$84,636.65 "
,TOTAL,,199,"$111,145.93 ","$88,145.90 "
23700,SG,,917,"$279,930.92 ","$218,771.41 "
,OTHER,,"4,387","$847,530.26 ","$662,126.28 "
,TOTAL,,"5,304","$1,127,461.18 ","$880,897.69 "
23800,AS,,3,$456.17 ,$307.56 
,80'S,,7,"$1,292.46 ","$1,013.21 "
,OTHER,,52,"$47,594.30 ","$37,201.72 "
,TOTAL,,62,"$49,342.93 ","$38,522.49 "
23802,AS,,3,$449.97 ,$359.98 
,SG,,1,$957.67 ,$766.14 
,OTHER,,14,"$15,242.90 ","$12,107.37 "
,TOTAL,,18,"$16,650.54 ","$13,233.49 "
23900,AS,,1,$94.28 ,$75.42 
,80'S,,2,$406.98 ,$325.58 
,OTHER,,30,"$38,695.53 ","$30,944.22 "
,TOTAL,,33,"$39,196.79 ","$31,345.22 "
23920,AS,,3,$399.42 ,$319.53 
,80'S,,3,$499.23 ,$399.38 
,OTHER,,40,"$40,250.63 ","$32,200.51 "
,TOTAL,,46,"$41,149.28 ","$32,919.42 "
23921,OTHER,,6,"$2,091.04 ","$1,672.82 "
,TOTAL,,6,"$2,091.04 ","$1,672.82 "
23929,AS,,38,"$3,987.00 ","$3,189.63 "
,80'S,,43,"$6,098.55 ","$4,878.86 "
,OTHER,,401,"$251,516.88 ","$199,150.65 "
,TOTAL,,482,"$261,602.43 ","$207,219.14 "
23930,SG,,46,"$14,026.42 ","$10,711.32 "
,OTHER,,"2,126","$504,005.17 ","$397,874.60 "
,TOTAL,,"2,172","$518,031.59 ","$408,585.92 "
23931,SG,,47,"$19,914.01 ","$15,719.18 "
,OTHER,,"1,856","$393,633.10 ","$308,685.85 "
,TOTAL,,"1,903","$413,547.11 ","$324,405.03 "
23935,AS,,3,$315.37 ,$252.29 
,SG,,9,"$2,844.75 ","$2,142.54 "
,80'S,,2,$253.81 ,$203.05 
,OTHER,,250,"$165,464.19 ","$131,185.51 "
,TOTAL,,264,"$168,878.12 ","$133,783.39 "
24000,AS,,2,$116.67 ,$93.34 
,SG,,36,"$21,330.64 ","$16,904.50 "
,OTHER,,449,"$168,613.57 ","$133,458.28 "
,TOTAL,,487,"$190,060.88 ","$150,456.12 "
24006,AS,,11,$952.85 ,$762.27 
,SG,,7,"$4,359.56 ","$3,487.65 "
,80'S,,9,$777.36 ,$621.91 
,OTHER,,112,"$63,898.45 ","$50,187.62 "
,TOTAL,,139,"$69,988.22 ","$55,059.45 "
24065,SG,,18,"$5,135.96 ","$4,108.75 "
,OTHER,,873,"$202,905.86 ","$159,913.87 "
,TOTAL,,891,"$208,041.82 ","$164,022.62 "
24066,SG,,52,"$20,075.35 ","$16,060.24 "
,OTHER,,485,"$194,581.45 ","$154,054.35 "
,TOTAL,,537,"$214,656.80 ","$170,114.59 "
24075,SG,,565,"$210,753.95 ","$166,352.06 "
,OTHER,,"3,116","$1,048,835.62 ","$825,894.69 "
,TOTAL,,"3,681","$1,259,589.57 ","$992,246.75 "
24076,SG,,345,"$130,483.24 ","$103,486.54 "
,OTHER,,"1,828","$859,475.46 ","$675,286.49 "
,TOTAL,,"2,173","$989,958.70 ","$778,773.03 "
24077,AS,,26,"$3,308.83 ","$2,647.03 "
,SG,,58,"$26,267.32 ","$20,826.27 "
,80'S,,24,"$3,507.49 ","$2,805.98 "
,OTHER,,758,"$709,304.64 ","$562,598.50 "
,TOTAL,,866,"$742,388.28 ","$588,877.78 "
24100,AS,,1,$59.88 ,$47.90 
,SG,,1,$386.03 ,$308.82 
,OTHER,,25,"$7,568.32 ","$6,054.68 "
,TOTAL,,27,"$8,014.23 ","$6,411.40 "
24101,AS,,14,$760.03 ,$608.03 
,SG,,34,"$21,194.62 ","$16,877.85 "
,80'S,,10,$677.29 ,$541.82 
,OTHER,,265,"$112,406.90 ","$87,816.02 "
,TOTAL,,323,"$135,038.84 ","$105,843.72 "
24102,AS,,14,"$1,065.10 ",$852.08 
,SG,,42,"$25,462.97 ","$20,290.38 "
,80'S,,10,$824.98 ,$660.00 
,OTHER,,223,"$117,281.83 ","$90,910.17 "
,TOTAL,,289,"$144,634.88 ","$112,712.63 "
24105,SG,,"1,167","$569,799.15 ","$449,572.27 "
,80'S,,1,$45.31 ,$36.25 
,OTHER,,"5,381","$1,647,994.65 ","$1,298,330.86 "
,TOTAL,,"6,549","$2,217,839.11 ","$1,747,939.38 "
24110,SG,,19,"$7,304.88 ","$5,763.89 "
,OTHER,,100,"$56,060.21 ","$44,003.40 "
,TOTAL,,119,"$63,365.09 ","$49,767.29 "
24115,OTHER,,3,"$1,985.10 ","$1,588.09 "
,TOTAL,,3,"$1,985.10 ","$1,588.09 "
24116,AS,,2,$241.39 ,$193.11 
,SG,,2,$772.47 ,$617.97 
,80'S,,1,$162.34 ,$129.87 
,OTHER,,22,"$18,674.54 ","$14,862.30 "
,TOTAL,,27,"$19,850.74 ","$15,803.25 "
24120,AS,,4,$251.56 ,$201.25 
,SG,,99,"$46,508.90 ","$37,005.96 "
,80'S,,1,$71.91 ,$57.53 
,OTHER,,290,"$134,833.45 ","$104,777.82 "
,TOTAL,,394,"$181,665.82 ","$142,042.56 "
24125,AS,,1,$42.33 ,$33.86 
,OTHER,,7,"$2,226.33 ","$1,777.86 "
,TOTAL,,8,"$2,268.66 ","$1,811.72 "
24126,OTHER,,7,"$2,981.81 ","$2,385.46 "
,TOTAL,,7,"$2,981.81 ","$2,385.46 "
24130,SG,,52,"$24,637.67 ","$18,892.21 "
,80'S,,2,$125.08 ,$100.07 
,OTHER,,410,"$159,176.83 ","$125,064.58 "
,TOTAL,,464,"$183,939.58 ","$144,056.86 "
24134,AS,,2,$198.54 ,$158.83 
,80'S,,5,$590.83 ,$472.67 
,OTHER,,44,"$38,814.52 ","$30,283.51 "
,TOTAL,,51,"$39,603.89 ","$30,915.01 "
24136,OTHER,,4,"$1,630.41 ","$1,304.33 "
,TOTAL,,4,"$1,630.41 ","$1,304.33 "
24138,AS,,4,$327.79 ,$262.23 
,SG,,4,"$1,313.70 ","$1,050.97 "
,80'S,,3,$250.12 ,$200.09 
,OTHER,,60,"$31,610.07 ","$25,288.02 "
,TOTAL,,71,"$33,501.68 ","$26,801.31 "
24140,AS,,17,"$2,193.67 ","$1,754.95 "
,SG,,28,"$11,211.11 ","$8,968.88 "
,80'S,,15,"$1,794.79 ","$1,435.83 "
,OTHER,,217,"$199,892.77 ","$157,643.59 "
,TOTAL,,277,"$215,092.34 ","$169,803.25 "
24145,SG,,6,"$2,532.84 ","$1,990.10 "
,OTHER,,41,"$23,928.86 ","$18,251.76 "
,TOTAL,,47,"$26,461.70 ","$20,241.86 "
24147,SG,,84,"$30,882.50 ","$23,917.17 "
,OTHER,,510,"$326,555.30 ","$255,324.58 "
,TOTAL,,594,"$357,437.80 ","$279,241.75 "
24149,AS,,13,"$1,512.56 ","$1,210.03 "
,80'S,,17,"$2,414.05 ","$1,931.25 "
,OTHER,,181,"$167,074.42 ","$132,426.89 "
,TOTAL,,211,"$171,001.03 ","$135,568.17 "
24150,AS,,5,$752.73 ,$602.19 
,SG,,1,$497.39 ,$397.91 
,80'S,,3,$408.81 ,$327.05 
,OTHER,,56,"$56,378.55 ","$44,436.03 "
,TOTAL,,65,"$58,037.48 ","$45,763.18 "
24151,OTHER,,6,"$6,616.02 ","$5,292.82 "
,TOTAL,,6,"$6,616.02 ","$5,292.82 "
24152,AS,,1,$51.68 ,$41.34 
,OTHER,,8,"$4,502.06 ","$3,601.65 "
,TOTAL,,9,"$4,553.74 ","$3,642.99 "
24153,OTHER,,5,$305.70 ,$184.08 
,TOTAL,,5,$305.70 ,$184.08 
24155,AS,,1,$106.36 ,$85.09 
,SG,,3,"$1,532.11 ","$1,225.69 "
,80'S,,1,$144.04 ,$115.23 
,OTHER,,18,"$12,567.54 ","$10,024.84 "
,TOTAL,,23,"$14,350.05 ","$11,450.85 "
24160,SG,,12,"$4,502.73 ","$3,602.18 "
,OTHER,,211,"$87,241.69 ","$69,609.24 "
,TOTAL,,223,"$91,744.42 ","$73,211.42 "
24164,SG,,3,"$1,307.78 ","$1,046.22 "
,OTHER,,46,"$15,453.44 ","$12,251.72 "
,TOTAL,,49,"$16,761.22 ","$13,297.94 "
24200,OTHER,,237,"$45,139.92 ","$34,605.18 "
,TOTAL,,237,"$45,139.92 ","$34,605.18 "
24201,SG,,12,"$4,590.64 ","$3,672.50 "
,OTHER,,152,"$53,145.66 ","$41,776.59 "
,TOTAL,,164,"$57,736.30 ","$45,449.09 "
24220,OTHER,,104,"$17,037.26 ","$12,545.90 "
,TOTAL,,104,"$17,037.26 ","$12,545.90 "
24300,OTHER,,102,"$26,213.67 ","$20,510.81 "
,TOTAL,,102,"$26,213.67 ","$20,510.81 "
24301,AS,,5,$398.79 ,$311.81 
,SG,,9,"$4,764.75 ","$3,811.80 "
,80'S,,2,$195.40 ,$156.32 
,OTHER,,70,"$43,219.02 ","$33,912.98 "
,TOTAL,,86,"$48,577.96 ","$38,192.91 "
24305,AS,,8,$570.73 ,$456.59 
,SG,,17,"$9,776.83 ","$7,821.47 "
,OTHER,,259,"$115,358.06 ","$90,899.46 "
,TOTAL,,284,"$125,705.62 ","$99,177.52 "
24310,AS,,3,$154.47 ,$123.57 
,SG,,19,"$5,503.06 ","$4,271.80 "
,80'S,,6,$335.75 ,$268.60 
,OTHER,,129,"$42,311.24 ","$33,733.32 "
,TOTAL,,157,"$48,304.52 ","$38,397.29 "
24320,AS,,2,$203.23 ,$162.59 
,SG,,3,$994.20 ,$778.67 
,80'S,,2,$205.76 ,$164.61 
,OTHER,,20,"$14,327.14 ","$11,461.72 "
,TOTAL,,27,"$15,730.33 ","$12,567.59 "
24330,SG,,3,"$1,306.99 ",$616.81 
,OTHER,,34,"$23,622.30 ","$18,056.23 "
,TOTAL,,37,"$24,929.29 ","$18,673.04 "
24331,OTHER,,7,"$4,458.88 ","$3,567.13 "
,TOTAL,,7,"$4,458.88 ","$3,567.13 "
24332,OTHER,,18,"$6,545.80 ","$5,192.94 "
,TOTAL,,18,"$6,545.80 ","$5,192.94 "
24340,AS,,6,$481.95 ,$385.56 
,SG,,21,"$9,123.71 ","$7,298.96 "
,80'S,,8,$602.91 ,$476.20 
,OTHER,,64,"$29,638.59 ","$23,121.87 "
,TOTAL,,99,"$39,847.16 ","$31,282.59 "
24341,AS,,47,"$3,180.31 ","$2,544.28 "
,SG,,38,"$17,174.11 ","$13,333.24 "
,80'S,,33,"$2,592.44 ","$2,073.98 "
,OTHER,,474,"$212,514.79 ","$166,948.94 "
,TOTAL,,592,"$235,461.65 ","$184,900.44 "
24342,AS,,90,"$9,198.80 ","$7,295.98 "
,SG,,99,"$48,123.58 ","$38,459.64 "
,80'S,,57,"$6,868.99 ","$5,338.30 "
,OTHER,,709,"$513,783.89 ","$405,567.73 "
,TOTAL,,955,"$577,975.26 ","$456,661.65 "
24343,AS,,18,$910.91 ,$728.72 
,80'S,,6,$362.23 ,$289.79 
,OTHER,,192,"$75,522.64 ","$60,058.86 "
,TOTAL,,216,"$76,795.78 ","$61,077.37 "
24344,AS,,4,$460.32 ,$368.25 
,80'S,,2,$322.21 ,$257.77 
,OTHER,,31,"$27,520.41 ","$22,016.35 "
,TOTAL,,37,"$28,302.94 ","$22,642.37 "
24345,AS,,6,$352.28 ,$281.83 
,SG,,3,$879.16 ,$703.34 
,80'S,,2,$144.46 ,$115.56 
,OTHER,,81,"$31,933.28 ","$25,546.63 "
,TOTAL,,92,"$33,309.18 ","$26,647.36 "
24346,80'S,,2,$245.89 ,$196.72 
,OTHER,,20,"$17,662.30 ","$13,589.92 "
,TOTAL,,22,"$17,908.19 ","$13,786.64 "
24350,AS,,3,$148.26 ,$118.61 
,SG,,134,"$64,463.38 ","$49,474.80 "
,OTHER,,409,"$162,874.11 ","$124,535.04 "
,TOTAL,,546,"$227,485.75 ","$174,128.45 "
24351,AS,,1,$63.19 ,$50.55 
,SG,,63,"$30,809.79 ","$23,653.87 "
,80'S,,5,$379.50 ,$303.60 
,OTHER,,270,"$119,423.80 ","$91,048.50 "
,TOTAL,,339,"$150,676.28 ","$115,056.52 "
24352,SG,,5,"$2,481.67 ","$1,985.33 "
,80'S,,2,$130.92 ,$104.74 
,OTHER,,36,"$17,039.90 ","$13,023.43 "
,TOTAL,,43,"$19,652.49 ","$15,113.50 "
24354,SG,,12,"$5,843.30 ","$4,674.64 "
,OTHER,,52,"$25,377.62 ","$19,619.62 "
,TOTAL,,64,"$31,220.92 ","$24,294.26 "
24356,AS,,12,$826.97 ,$627.56 
,SG,,235,"$115,002.15 ","$89,020.70 "
,80'S,,6,$483.88 ,$387.11 
,OTHER,,843,"$421,141.84 ","$324,585.23 "
,TOTAL,,"1,096","$537,454.84 ","$414,620.60 "
24360,AS,,4,$407.14 ,$325.71 
,SG,,5,"$3,582.58 ","$2,864.54 "
,80'S,,3,$425.03 ,$340.03 
,OTHER,,51,"$40,293.88 ","$32,122.45 "
,TOTAL,,63,"$44,708.63 ","$35,652.73 "
24361,AS,,2,$246.92 ,$197.53 
,80'S,,2,$289.20 ,$231.36 
,OTHER,,27,"$24,435.53 ","$19,482.66 "
,TOTAL,,31,"$24,971.65 ","$19,911.55 "
24362,SG,,1,$742.79 ,$594.23 
,80'S,,1,$158.95 ,$127.16 
,OTHER,,5,"$5,033.38 ","$4,026.70 "
,TOTAL,,7,"$5,935.12 ","$4,748.09 "
24363,AS,,115,"$17,959.28 ","$14,367.38 "
,SG,,5,"$4,924.99 ","$3,939.99 "
,80'S,,176,"$30,742.91 ","$24,070.85 "
,OTHER,,984,"$1,141,160.66 ","$903,675.07 "
,TOTAL,,"1,280","$1,194,787.84 ","$946,053.29 "
24365,AS,,6,$283.70 ,$226.97 
,SG,,1,$831.19 ,$664.95 
,80'S,,6,$290.25 ,$232.21 
,OTHER,,34,"$15,117.49 ","$11,644.63 "
,TOTAL,,47,"$16,522.63 ","$12,768.76 "
24366,AS,,18,"$1,299.77 ","$1,004.80 "
,SG,,11,"$7,854.73 ","$6,283.77 "
,80'S,,13,"$1,392.97 ","$1,046.91 "
,OTHER,,181,"$97,611.58 ","$76,568.23 "
,TOTAL,,223,"$108,159.05 ","$84,903.71 "
24400,AS,,10,$968.17 ,$680.24 
,SG,,3,"$1,861.41 ","$1,489.12 "
,80'S,,26,"$2,637.39 ","$2,070.00 "
,OTHER,,112,"$73,347.88 ","$56,382.16 "
,TOTAL,,151,"$78,814.85 ","$60,621.52 "
24410,80'S,,2,$362.10 ,$289.68 
,OTHER,,2,"$2,043.10 ","$1,634.48 "
,TOTAL,,4,"$2,405.20 ","$1,924.16 "
24420,AS,,3,$407.43 ,$325.95 
,SG,,2,$768.10 ,$614.48 
,80'S,,11,"$1,735.34 ","$1,388.28 "
,OTHER,,23,"$23,099.11 ","$18,479.29 "
,TOTAL,,39,"$26,009.98 ","$20,808.00 "
24430,AS,,80,"$10,462.58 ","$8,370.08 "
,SG,,9,"$4,416.32 ","$3,533.05 "
,80'S,,72,"$10,556.50 ","$8,281.60 "
,OTHER,,540,"$497,598.52 ","$393,515.40 "
,TOTAL,,701,"$523,033.92 ","$413,700.13 "
24435,AS,,67,"$8,745.68 ","$6,882.49 "
,SG,,4,"$2,467.85 ","$1,791.23 "
,80'S,,81,"$13,208.26 ","$10,451.87 "
,OTHER,,532,"$538,613.06 ","$429,418.89 "
,TOTAL,,684,"$563,034.85 ","$448,544.48 "
24495,AS,,1,$94.08 ,$75.26 
,80'S,,1,$120.05 ,$96.04 
,OTHER,,147,"$85,685.18 ","$67,609.27 "
,TOTAL,,149,"$85,899.31 ","$67,780.57 "
24498,AS,,9,"$1,052.10 ",$841.68 
,SG,,1,$505.37 ,$404.30 
,80'S,,10,"$1,592.41 ","$1,152.77 "
,OTHER,,145,"$122,183.02 ","$96,909.19 "
,TOTAL,,165,"$125,332.90 ","$99,307.94 "
24500,SG,,4,"$1,140.94 ",$881.24 
,OTHER,,"6,458","$1,776,883.73 ","$1,391,005.25 "
,TOTAL,,"6,462","$1,778,024.67 ","$1,391,886.49 "
24505,SG,,10,"$2,954.92 ","$2,363.96 "
,OTHER,,"1,830","$866,864.99 ","$685,871.18 "
,TOTAL,,"1,840","$869,819.91 ","$688,235.14 "
24515,AS,,229,"$26,246.02 ","$20,851.92 "
,SG,,10,"$6,257.79 ","$5,006.22 "
,80'S,,225,"$30,257.88 ","$23,932.30 "
,OTHER,,"1,712","$1,389,091.52 ","$1,105,140.84 "
,TOTAL,,"2,176","$1,451,853.21 ","$1,154,931.28 "
24516,AS,,500,"$58,923.11 ","$46,837.06 "
,SG,,13,"$8,194.73 ","$6,555.80 "
,80'S,,344,"$48,871.85 ","$38,617.90 "
,OTHER,,"3,770","$3,198,734.85 ","$2,546,573.01 "
,TOTAL,,"4,627","$3,314,724.54 ","$2,638,583.77 "
24530,SG,,1,$315.36 ,$252.29 
,OTHER,,"2,073","$691,285.93 ","$544,459.45 "
,TOTAL,,"2,074","$691,601.29 ","$544,711.74 "
24535,SG,,1,$321.78 ,$257.42 
,OTHER,,398,"$208,017.72 ","$165,128.86 "
,TOTAL,,399,"$208,339.50 ","$165,386.28 "
24538,SG,,8,"$3,578.08 ","$2,862.47 "
,80'S,,1,$144.32 ,$115.46 
,OTHER,,313,"$221,469.25 ","$176,273.57 "
,TOTAL,,322,"$225,191.65 ","$179,251.50 "
24545,AS,,89,"$9,386.11 ","$7,508.86 "
,SG,,12,"$7,238.41 ","$5,790.73 "
,80'S,,128,"$15,299.46 ","$12,198.39 "
,OTHER,,"1,057","$785,206.13 ","$624,265.85 "
,TOTAL,,"1,286","$817,130.11 ","$649,763.83 "
24546,AS,,123,"$18,940.51 ","$15,067.11 "
,SG,,4,"$2,817.71 ","$2,254.17 "
,80'S,,108,"$19,406.38 ","$15,403.80 "
,OTHER,,"1,064","$1,186,823.54 ","$942,184.55 "
,TOTAL,,"1,299","$1,227,988.14 ","$974,909.63 "
24560,OTHER,,541,"$131,730.92 ","$102,865.13 "
,TOTAL,,541,"$131,730.92 ","$102,865.13 "
24565,SG,,1,$420.45 ,$336.36 
,OTHER,,40,"$17,376.40 ","$13,623.30 "
,TOTAL,,41,"$17,796.85 ","$13,959.66 "
24566,SG,,2,$840.34 ,$672.27 
,OTHER,,20,"$11,054.58 ","$8,378.41 "
,TOTAL,,22,"$11,894.92 ","$9,050.68 "
24575,AS,,14,"$1,145.08 ",$916.08 
,SG,,11,"$5,214.43 ","$4,171.55 "
,80'S,,15,"$1,660.33 ","$1,328.27 "
,OTHER,,169,"$108,691.79 ","$85,741.32 "
,TOTAL,,209,"$116,711.63 ","$92,157.22 "
24576,OTHER,,554,"$134,590.38 ","$105,846.13 "
,TOTAL,,554,"$134,590.38 ","$105,846.13 "
24577,OTHER,,66,"$29,555.94 ","$23,450.78 "
,TOTAL,,66,"$29,555.94 ","$23,450.78 "
24579,AS,,57,"$6,218.82 ","$4,895.07 "
,SG,,13,"$6,371.70 ","$5,035.90 "
,80'S,,35,"$4,754.13 ","$3,795.38 "
,OTHER,,491,"$400,894.62 ","$319,081.46 "
,TOTAL,,596,"$418,239.27 ","$332,807.81 "
24582,SG,,1,$429.41 ,$343.53 
,OTHER,,39,"$25,059.63 ","$19,967.67 "
,TOTAL,,40,"$25,489.04 ","$20,311.20 "
24586,AS,,37,"$5,037.66 ","$4,030.12 "
,SG,,10,"$6,295.70 ","$5,036.57 "
,80'S,,36,"$5,876.30 ","$4,542.77 "
,OTHER,,370,"$360,601.63 ","$284,600.47 "
,TOTAL,,453,"$377,811.29 ","$298,209.93 "
24587,AS,,9,"$1,188.56 ",$950.84 
,SG,,1,$663.33 ,$530.66 
,80'S,,5,$810.24 ,$648.19 
,OTHER,,52,"$49,787.36 ","$39,794.61 "
,TOTAL,,67,"$52,449.49 ","$41,924.30 "
24600,SG,,1,$166.73 ,$133.38 
,OTHER,,"1,289","$404,613.24 ","$318,398.22 "
,TOTAL,,"1,290","$404,779.97 ","$318,531.60 "
24605,SG,,16,"$7,051.29 ","$5,561.03 "
,OTHER,,866,"$306,871.13 ","$240,946.14 "
,TOTAL,,882,"$313,922.42 ","$246,507.17 "
24615,AS,,27,"$1,934.52 ","$1,547.63 "
,SG,,7,"$3,238.82 ","$2,591.06 "
,80'S,,16,"$1,436.80 ","$1,149.43 "
,OTHER,,267,"$134,312.34 ","$106,601.70 "
,TOTAL,,317,"$140,922.48 ","$111,889.82 "
24620,SG,,1,$219.54 ,$175.63 
,OTHER,,194,"$92,415.85 ","$72,551.92 "
,TOTAL,,195,"$92,635.39 ","$72,727.55 "
24635,AS,,46,"$6,966.01 ","$5,492.82 "
,SG,,11,"$5,609.07 ","$4,480.93 "
,80'S,,52,"$9,448.03 ","$7,454.57 "
,OTHER,,575,"$639,681.63 ","$505,998.94 "
,TOTAL,,684,"$661,704.74 ","$523,427.26 "
24640,OTHER,,76,"$8,726.14 ","$6,553.45 "
,TOTAL,,76,"$8,726.14 ","$6,553.45 "
24650,OTHER,,"7,869","$1,744,540.31 ","$1,355,121.95 "
,TOTAL,,"7,869","$1,744,540.31 ","$1,355,121.95 "
24655,SG,,2,$665.11 ,$532.09 
,OTHER,,387,"$135,226.63 ","$107,134.39 "
,TOTAL,,389,"$135,891.74 ","$107,666.48 "
24665,AS,,64,"$4,112.44 ","$3,281.33 "
,SG,,47,"$28,923.93 ","$22,210.53 "
,80'S,,32,"$2,371.38 ","$1,893.69 "
,OTHER,,630,"$326,372.43 ","$257,993.91 "
,TOTAL,,773,"$361,780.18 ","$285,379.46 "
24666,AS,,37,"$3,458.36 ","$2,693.78 "
,SG,,12,"$7,122.12 ","$5,697.67 "
,80'S,,36,"$3,837.19 ","$3,069.75 "
,OTHER,,358,"$239,469.50 ","$190,701.30 "
,TOTAL,,443,"$253,887.17 ","$202,162.50 "
24670,SG,,1,$156.72 ,$125.38 
,OTHER,,"2,242","$506,112.20 ","$396,405.05 "
,TOTAL,,"2,243","$506,268.92 ","$396,530.43 "
24675,OTHER,,189,"$74,321.45 ","$57,804.73 "
,TOTAL,,189,"$74,321.45 ","$57,804.73 "
24685,AS,,577,"$52,423.16 ","$41,598.16 "
,SG,,283,"$140,395.05 ","$111,463.12 "
,80'S,,268,"$28,516.46 ","$22,597.64 "
,OTHER,,"5,559","$3,697,716.36 ","$2,934,920.99 "
,TOTAL,,"6,687","$3,919,051.03 ","$3,110,579.91 "
24800,AS,,2,$178.53 ,$142.82 
,80'S,,2,$199.30 ,$159.44 
,OTHER,,12,"$7,470.62 ","$5,976.49 "
,TOTAL,,16,"$7,848.45 ","$6,278.75 "
24802,80'S,,1,$158.98 ,$127.18 
,OTHER,,7,"$5,959.05 ","$4,767.25 "
,TOTAL,,8,"$6,118.03 ","$4,894.43 "
24900,AS,,7,$652.88 ,$514.65 
,80'S,,11,"$1,370.35 ","$1,095.96 "
,OTHER,,137,"$99,950.80 ","$78,943.49 "
,TOTAL,,155,"$101,974.03 ","$80,554.10 "
24920,AS,,1,$106.17 ,$84.94 
,80'S,,2,$258.00 ,$206.40 
,OTHER,,24,"$18,674.88 ","$14,939.90 "
,TOTAL,,27,"$19,039.05 ","$15,231.24 "
24925,80'S,,1,$103.29 ,$82.63 
,OTHER,,10,"$4,973.75 ","$3,979.01 "
,TOTAL,,11,"$5,077.04 ","$4,061.64 "
24930,AS,,1,$122.62 ,$98.10 
,OTHER,,22,"$15,694.76 ","$12,532.59 "
,TOTAL,,23,"$15,817.38 ","$12,630.69 "
24935,OTHER,,3,"$3,319.54 ","$2,655.63 "
,TOTAL,,3,"$3,319.54 ","$2,655.63 "
24999,AS,,4,$415.97 ,$332.78 
,80'S,,9,"$1,257.14 ","$1,005.72 "
,OTHER,,146,"$79,734.24 ","$63,239.72 "
,TOTAL,,159,"$81,407.35 ","$64,578.22 "
25000,SG,,"1,366","$630,586.58 ","$494,697.28 "
,OTHER,,"4,318","$1,498,598.43 ","$1,170,655.76 "
,TOTAL,,"5,684","$2,129,185.01 ","$1,665,353.04 "
25001,OTHER,,101,"$20,810.41 ","$16,532.83 "
,TOTAL,,101,"$20,810.41 ","$16,532.83 "
25020,SG,,72,"$28,701.27 ","$22,638.53 "
,OTHER,,680,"$381,053.60 ","$301,450.49 "
,TOTAL,,752,"$409,754.87 ","$324,089.02 "
25023,AS,,1,$147.47 ,$117.98 
,SG,,3,"$1,570.75 ","$1,256.59 "
,80'S,,1,$200.88 ,$160.70 
,OTHER,,128,"$135,503.03 ","$108,324.14 "
,TOTAL,,133,"$137,422.13 ","$109,859.41 "
25024,SG,,44,"$11,595.46 ","$9,276.39 "
,OTHER,,136,"$68,410.61 ","$54,674.05 "
,TOTAL,,180,"$80,006.07 ","$63,950.44 "
25025,OTHER,,144,"$67,478.50 ","$53,263.11 "
,TOTAL,,144,"$67,478.50 ","$53,263.11 "
25028,SG,,47,"$13,899.89 ","$11,093.31 "
,OTHER,,"1,848","$904,858.15 ","$719,716.64 "
,TOTAL,,"1,895","$918,758.04 ","$730,809.95 "
25031,SG,,5,"$1,998.01 ","$1,329.30 "
,OTHER,,74,"$31,495.76 ","$24,405.68 "
,TOTAL,,79,"$33,493.77 ","$25,734.98 "
25035,SG,,8,"$3,090.82 ","$2,472.66 "
,OTHER,,145,"$117,689.84 ","$93,216.63 "
,TOTAL,,153,"$120,780.66 ","$95,689.29 "
25040,AS,,1,$88.80 ,$71.04 
,SG,,32,"$19,335.53 ","$15,011.50 "
,80'S,,1,$101.13 ,$80.90 
,OTHER,,375,"$197,868.44 ","$156,014.33 "
,TOTAL,,409,"$217,393.90 ","$171,177.77 "
25065,SG,,25,"$6,513.48 ","$5,196.49 "
,OTHER,,971,"$145,461.96 ","$112,684.23 "
,TOTAL,,996,"$151,975.44 ","$117,880.72 "
25066,SG,,48,"$16,542.19 ","$13,233.74 "
,OTHER,,344,"$142,104.71 ","$112,108.25 "
,TOTAL,,392,"$158,646.90 ","$125,341.99 "
25075,SG,,558,"$195,768.04 ","$154,280.21 "
,OTHER,,"3,032","$1,026,902.30 ","$808,417.91 "
,TOTAL,,"3,590","$1,222,670.34 ","$962,698.12 "
25076,SG,,356,"$165,233.94 ","$129,751.83 "
,OTHER,,"1,594","$968,810.18 ","$762,573.10 "
,TOTAL,,"1,950","$1,134,044.12 ","$892,324.93 "
25077,SG,,48,"$21,861.68 ","$17,489.34 "
,80'S,,1,$146.14 ,$116.91 
,OTHER,,598,"$551,183.59 ","$439,020.28 "
,TOTAL,,647,"$573,191.41 ","$456,626.53 "
25085,AS,,3,$167.38 ,$133.91 
,SG,,11,"$4,503.33 ","$3,522.66 "
,80'S,,1,$92.58 ,$74.06 
,OTHER,,46,"$20,458.83 ","$16,287.07 "
,TOTAL,,61,"$25,222.12 ","$20,017.70 "
25100,SG,,11,"$3,799.15 ","$2,955.46 "
,OTHER,,77,"$27,775.95 ","$22,102.17 "
,TOTAL,,88,"$31,575.10 ","$25,057.63 "
25101,AS,,1,$55.66 ,$44.53 
,SG,,47,"$19,118.30 ","$15,214.59 "
,80'S,,5,$345.78 ,$276.62 
,OTHER,,253,"$91,768.87 ","$71,942.59 "
,TOTAL,,306,"$111,288.61 ","$87,478.33 "
25105,AS,,2,$98.66 ,$78.92 
,SG,,133,"$75,975.09 ","$60,780.15 "
,80'S,,5,$351.28 ,$281.02 
,OTHER,,517,"$270,394.29 ","$214,615.24 "
,TOTAL,,657,"$346,819.32 ","$275,755.33 "
25107,AS,,3,$269.35 ,$215.48 
,SG,,19,"$7,003.84 ","$5,523.07 "
,80'S,,2,$234.91 ,$187.93 
,OTHER,,75,"$37,622.57 ","$29,549.11 "
,TOTAL,,99,"$45,130.67 ","$35,475.59 "
25110,SG,,75,"$33,744.27 ","$26,571.36 "
,OTHER,,344,"$139,774.66 ","$110,655.30 "
,TOTAL,,419,"$173,518.93 ","$137,226.66 "
25111,SG,,"1,932","$918,643.38 ","$722,097.28 "
,OTHER,,"6,141","$1,971,720.68 ","$1,546,854.83 "
,TOTAL,,"8,073","$2,890,364.06 ","$2,268,952.11 "
25112,SG,,129,"$77,704.90 ","$61,054.38 "
,OTHER,,517,"$219,391.56 ","$173,027.52 "
,TOTAL,,646,"$297,096.46 ","$234,081.90 "
25115,AS,,1,$128.62 ,$102.90 
,SG,,"1,150","$703,707.07 ","$555,335.19 "
,OTHER,,"4,320","$4,177,476.98 ","$3,302,281.21 "
,TOTAL,,"5,471","$4,881,312.67 ","$3,857,719.30 "
25116,AS,,6,$682.80 ,$546.24 
,SG,,277,"$164,190.16 ","$130,070.10 "
,80'S,,4,$431.51 ,$345.20 
,OTHER,,994,"$763,372.42 ","$604,326.07 "
,TOTAL,,"1,281","$928,676.89 ","$735,287.61 "
25118,SG,,311,"$101,454.24 ","$80,399.59 "
,OTHER,,"1,246","$459,819.09 ","$362,222.26 "
,TOTAL,,"1,557","$561,273.33 ","$442,621.85 "
25119,AS,,4,$315.06 ,$252.04 
,SG,,31,"$11,685.10 ","$9,348.09 "
,80'S,,5,$437.24 ,$349.79 
,OTHER,,98,"$43,863.08 ","$34,691.33 "
,TOTAL,,138,"$56,300.48 ","$44,641.25 "
25120,AS,,2,$223.56 ,$178.85 
,SG,,33,"$12,534.67 ","$9,874.00 "
,80'S,,1,$120.23 ,$96.18 
,OTHER,,123,"$86,406.63 ","$69,039.73 "
,TOTAL,,159,"$99,285.09 ","$79,188.76 "
25125,SG,,4,"$1,575.43 ","$1,180.33 "
,OTHER,,18,"$11,810.40 ","$9,445.05 "
,TOTAL,,22,"$13,385.83 ","$10,625.38 "
25126,AS,,2,$258.20 ,$206.56 
,SG,,3,"$1,499.10 ","$1,199.28 "
,OTHER,,18,"$15,881.53 ","$12,705.23 "
,TOTAL,,23,"$17,638.83 ","$14,111.07 "
25130,SG,,44,"$17,937.45 ","$14,238.41 "
,OTHER,,136,"$53,275.17 ","$41,452.14 "
,TOTAL,,180,"$71,212.62 ","$55,690.55 "
25135,AS,,2,$77.87 ,$62.31 
,SG,,6,"$2,274.85 ","$1,819.87 "
,80'S,,1,$48.29 ,$38.63 
,OTHER,,26,"$10,726.14 ","$8,175.97 "
,TOTAL,,35,"$13,127.15 ","$10,096.78 "
25136,AS,,1,$74.30 ,$59.44 
,SG,,1,$251.49 ,$201.19 
,OTHER,,6,"$2,957.48 ","$2,365.98 "
,TOTAL,,8,"$3,283.27 ","$2,626.61 "
25145,AS,,1,$103.96 ,$83.17 
,SG,,3,$662.37 ,$529.90 
,80'S,,1,$113.20 ,$90.56 
,OTHER,,39,"$28,747.11 ","$22,997.70 "
,TOTAL,,44,"$29,626.64 ","$23,701.33 "
25150,SG,,26,"$7,807.59 ","$6,246.07 "
,OTHER,,119,"$66,229.47 ","$51,285.06 "
,TOTAL,,145,"$74,037.06 ","$57,531.13 "
25151,AS,,6,$661.68 ,$529.34 
,SG,,16,"$4,633.55 ","$3,706.83 "
,80'S,,1,$71.76 ,$57.41 
,OTHER,,86,"$63,724.18 ","$49,952.07 "
,TOTAL,,109,"$69,091.17 ","$54,245.65 "
25170,AS,,1,$150.60 ,$120.48 
,SG,,2,"$1,000.06 ",$800.05 
,OTHER,,23,"$21,095.82 ","$16,777.57 "
,TOTAL,,26,"$22,246.48 ","$17,698.10 "
25210,AS,,8,$328.96 ,$263.17 
,SG,,200,"$71,633.69 ","$56,405.43 "
,80'S,,2,$86.84 ,$69.47 
,OTHER,,820,"$292,495.88 ","$229,281.14 "
,TOTAL,,"1,030","$364,545.37 ","$286,019.21 "
25215,AS,,34,"$3,391.13 ","$2,712.87 "
,SG,,115,"$66,410.12 ","$50,374.66 "
,80'S,,14,"$1,531.72 ","$1,225.36 "
,OTHER,,428,"$297,274.03 ","$233,267.25 "
,TOTAL,,591,"$368,607.00 ","$287,580.14 "
25230,SG,,91,"$46,292.95 ","$35,829.15 "
,OTHER,,271,"$85,865.52 ","$67,742.16 "
,TOTAL,,362,"$132,158.47 ","$103,571.31 "
25240,AS,,13,$654.93 ,$523.95 
,SG,,310,"$171,458.13 ","$135,882.22 "
,80'S,,11,$850.79 ,$680.63 
,OTHER,,"1,495","$624,690.04 ","$494,987.87 "
,TOTAL,,"1,829","$797,653.89 ","$632,074.67 "
25246,OTHER,,617,"$98,611.81 ","$77,073.13 "
,TOTAL,,617,"$98,611.81 ","$77,073.13 "
25248,SG,,36,"$13,698.82 ","$10,786.80 "
,OTHER,,328,"$149,191.50 ","$116,509.09 "
,TOTAL,,364,"$162,890.32 ","$127,295.89 "
25250,SG,,6,"$1,161.28 ",$929.03 
,80'S,,2,$149.77 ,$119.82 
,OTHER,,41,"$13,444.37 ","$10,730.16 "
,TOTAL,,49,"$14,755.42 ","$11,779.01 "
25251,AS,,1,$42.16 ,$33.73 
,SG,,2,$322.57 ,$258.05 
,80'S,,2,$149.12 ,$119.30 
,OTHER,,22,"$9,760.43 ","$7,728.34 "
,TOTAL,,27,"$10,274.28 ","$8,139.42 "
25259,OTHER,,171,"$43,029.87 ","$34,413.97 "
,TOTAL,,171,"$43,029.87 ","$34,413.97 "
25260,SG,,72,"$35,937.03 ","$28,749.63 "
,OTHER,,930,"$607,391.97 ","$479,469.58 "
,TOTAL,,"1,002","$643,329.00 ","$508,219.21 "
25263,AS,,2,$224.13 ,$179.31 
,SG,,11,"$3,096.89 ","$2,477.52 "
,80'S,,1,$96.20 ,$76.96 
,OTHER,,73,"$45,784.93 ","$35,678.82 "
,TOTAL,,87,"$49,202.15 ","$38,412.61 "
25265,SG,,4,"$1,547.71 ","$1,238.16 "
,80'S,,1,$145.38 ,$116.30 
,OTHER,,47,"$39,884.56 ","$31,239.22 "
,TOTAL,,52,"$41,577.65 ","$32,593.68 "
25270,AS,,2,$154.70 ,$123.75 
,SG,,99,"$51,062.95 ","$38,999.09 "
,80'S,,9,$631.09 ,$354.01 
,OTHER,,780,"$424,514.14 ","$335,035.09 "
,TOTAL,,890,"$476,362.88 ","$374,511.94 "
25272,SG,,30,"$9,802.03 ","$7,802.69 "
,OTHER,,136,"$83,714.42 ","$66,062.97 "
,TOTAL,,166,"$93,516.45 ","$73,865.66 "
25274,AS,,3,$241.96 ,$193.56 
,SG,,14,"$7,465.75 ","$5,972.62 "
,OTHER,,118,"$89,934.75 ","$71,947.77 "
,TOTAL,,135,"$97,642.46 ","$78,113.95 "
25275,SG,,3,"$1,574.40 ","$1,259.52 "
,OTHER,,25,"$11,237.60 ","$8,669.99 "
,TOTAL,,28,"$12,812.00 ","$9,929.51 "
25280,AS,,18,"$1,466.73 ","$1,173.38 "
,SG,,92,"$43,085.18 ","$34,151.98 "
,80'S,,11,$911.14 ,$728.88 
,OTHER,,964,"$525,438.22 ","$416,225.18 "
,TOTAL,,"1,085","$570,901.27 ","$452,279.42 "
25290,SG,,109,"$37,183.69 ","$29,746.38 "
,OTHER,,973,"$531,738.91 ","$422,847.22 "
,TOTAL,,"1,082","$568,922.60 ","$452,593.60 "
25295,SG,,173,"$60,155.78 ","$47,703.26 "
,OTHER,,"1,091","$635,190.86 ","$499,466.25 "
,TOTAL,,"1,264","$695,346.64 ","$547,169.51 "
25300,AS,,2,$89.08 ,$71.26 
,SG,,8,"$2,198.15 ","$1,758.51 "
,80'S,,4,$286.61 ,$229.30 
,OTHER,,64,"$26,177.72 ","$20,435.50 "
,TOTAL,,78,"$28,751.56 ","$22,494.57 "
25301,AS,,6,$318.62 ,$254.89 
,SG,,39,"$11,812.43 ","$9,282.81 "
,80'S,,4,$281.19 ,$224.96 
,OTHER,,104,"$44,607.86 ","$35,674.33 "
,TOTAL,,153,"$57,020.10 ","$45,436.99 "
25310,AS,,315,"$33,387.78 ","$26,436.54 "
,SG,,948,"$279,112.18 ","$219,860.27 "
,80'S,,174,"$22,054.55 ","$17,389.84 "
,OTHER,,"3,712","$2,933,758.55 ","$2,304,137.77 "
,TOTAL,,"5,149","$3,268,313.06 ","$2,567,824.42 "
25312,AS,,13,"$1,650.26 ","$1,320.22 "
,SG,,82,"$34,546.92 ","$27,305.42 "
,80'S,,25,"$3,403.32 ","$2,722.64 "
,OTHER,,201,"$175,004.83 ","$138,839.35 "
,TOTAL,,321,"$214,605.33 ","$170,187.63 "
25315,AS,,6,$757.59 ,$606.06 
,SG,,5,"$2,552.32 ","$2,041.85 "
,80'S,,1,$178.76 ,$143.01 
,OTHER,,60,"$64,411.67 ","$51,076.10 "
,TOTAL,,72,"$67,900.34 ","$53,867.02 "
25316,SG,,3,"$1,231.80 ",$985.45 
,OTHER,,9,"$9,853.62 ","$7,882.89 "
,TOTAL,,12,"$11,085.42 ","$8,868.34 "
25320,AS,,42,"$4,416.96 ","$3,533.56 "
,SG,,93,"$40,043.78 ","$31,954.95 "
,80'S,,18,"$2,228.10 ","$1,782.49 "
,OTHER,,527,"$388,530.13 ","$303,327.63 "
,TOTAL,,680,"$435,218.97 ","$340,598.63 "
25332,AS,,17,"$1,648.20 ","$1,318.59 "
,SG,,99,"$68,856.08 ","$54,291.25 "
,80'S,,10,"$1,083.65 ",$857.09 
,OTHER,,242,"$172,821.93 ","$136,756.47 "
,TOTAL,,368,"$244,409.86 ","$193,223.40 "
25335,OTHER,,2,"$1,791.94 ","$1,433.55 "
,TOTAL,,2,"$1,791.94 ","$1,433.55 "
25337,SG,,29,"$18,890.05 ","$15,112.05 "
,OTHER,,246,"$191,397.13 ","$150,927.78 "
,TOTAL,,275,"$210,287.18 ","$166,039.83 "
25350,AS,,17,"$2,017.50 ","$1,613.99 "
,SG,,18,"$7,995.86 ","$6,396.70 "
,80'S,,15,"$2,079.38 ","$1,551.47 "
,OTHER,,192,"$168,429.35 ","$131,781.34 "
,TOTAL,,242,"$180,522.09 ","$141,343.50 "
25355,AS,,1,$71.68 ,$57.34 
,SG,,1,$250.90 ,$200.72 
,80'S,,2,$334.45 ,$267.56 
,OTHER,,12,"$9,588.87 ","$7,041.29 "
,TOTAL,,16,"$10,245.90 ","$7,566.91 "
25360,AS,,20,"$2,034.91 ","$1,588.34 "
,SG,,18,"$7,624.63 ","$6,099.69 "
,80'S,,9,"$1,126.90 ",$901.51 
,OTHER,,175,"$129,040.91 ","$102,061.68 "
,TOTAL,,222,"$139,827.35 ","$110,651.22 "
25365,80'S,,2,$297.68 ,$238.14 
,OTHER,,11,"$12,638.62 ","$10,110.90 "
,TOTAL,,13,"$12,936.30 ","$10,349.04 "
25370,SG,,1,$524.97 ,$419.98 
,TOTAL,,1,$524.97 ,$419.98 
25375,OTHER,,2,"$2,288.16 ","$1,830.53 "
,TOTAL,,2,"$2,288.16 ","$1,830.53 "
25390,AS,,20,"$2,670.88 ","$2,136.70 "
,SG,,37,"$16,291.21 ","$12,656.25 "
,80'S,,10,"$1,374.89 ","$1,099.90 "
,OTHER,,208,"$200,759.28 ","$154,897.22 "
,TOTAL,,275,"$221,096.26 ","$170,790.07 "
25391,SG,,1,$606.56 ,$485.25 
,80'S,,2,$387.61 ,$310.09 
,OTHER,,32,"$37,716.69 ","$30,093.31 "
,TOTAL,,35,"$38,710.86 ","$30,888.65 "
25393,AS,,1,$183.81 ,$147.05 
,OTHER,,4,"$4,255.42 ","$3,404.34 "
,TOTAL,,5,"$4,439.23 ","$3,551.39 "
25394,AS,,1,$89.80 ,$71.84 
,OTHER,,7,"$3,468.31 ","$2,314.97 "
,TOTAL,,8,"$3,558.11 ","$2,386.81 "
25400,AS,,47,"$6,506.66 ","$5,125.33 "
,SG,,45,"$21,832.13 ","$16,828.70 "
,80'S,,25,"$4,410.36 ","$3,528.28 "
,OTHER,,452,"$460,945.69 ","$360,769.22 "
,TOTAL,,569,"$493,694.84 ","$386,251.53 "
25405,AS,,64,"$11,228.08 ","$8,840.74 "
,SG,,47,"$28,835.21 ","$22,705.58 "
,80'S,,35,"$7,287.86 ","$5,695.13 "
,OTHER,,503,"$633,780.36 ","$499,339.27 "
,TOTAL,,649,"$681,131.51 ","$536,580.72 "
25415,AS,,8,"$1,270.75 ","$1,016.61 "
,80'S,,4,$708.10 ,$566.49 
,OTHER,,60,"$69,506.58 ","$55,433.80 "
,TOTAL,,72,"$71,485.43 ","$57,016.90 "
25420,AS,,9,"$1,680.56 ","$1,344.44 "
,SG,,9,"$4,483.60 ","$3,586.89 "
,80'S,,11,"$2,461.84 ","$1,969.47 "
,OTHER,,80,"$108,957.80 ","$85,996.28 "
,TOTAL,,109,"$117,583.80 ","$92,897.08 "
25425,AS,,3,$588.11 ,$470.50 
,SG,,5,"$1,562.81 ","$1,250.24 "
,80'S,,4,$897.78 ,$718.23 
,OTHER,,44,"$43,449.83 ","$34,759.85 "
,TOTAL,,56,"$46,498.53 ","$37,198.82 "
25426,AS,,1,$177.12 ,$141.70 
,OTHER,,4,"$5,572.94 ","$4,393.30 "
,TOTAL,,5,"$5,750.06 ","$4,535.00 "
25430,OTHER,,4,"$1,388.17 ","$1,110.53 "
,TOTAL,,4,"$1,388.17 ","$1,110.53 "
25431,OTHER,,7,"$3,988.36 ","$3,172.80 "
,TOTAL,,7,"$3,988.36 ","$3,172.80 "
25440,AS,,7,$772.88 ,$618.31 
,SG,,25,"$15,906.67 ","$12,050.86 "
,80'S,,3,$331.86 ,$265.49 
,OTHER,,103,"$81,730.45 ","$65,272.06 "
,TOTAL,,138,"$98,741.86 ","$78,206.72 "
25441,AS,,1,$115.28 ,$92.22 
,SG,,3,"$2,127.45 ","$1,701.96 "
,80'S,,2,$278.66 ,$222.93 
,OTHER,,12,"$9,083.99 ","$6,659.42 "
,TOTAL,,18,"$11,605.38 ","$8,676.53 "
25442,AS,,4,$401.11 ,$320.89 
,SG,,4,"$2,886.32 ","$2,309.06 "
,80'S,,4,$418.10 ,$334.48 
,OTHER,,25,"$16,187.96 ","$12,639.66 "
,TOTAL,,37,"$19,893.49 ","$15,604.09 "
25443,SG,,2,"$1,379.59 ","$1,103.67 "
,80'S,,1,$148.97 ,$119.18 
,OTHER,,8,"$3,372.13 ","$2,389.23 "
,TOTAL,,11,"$4,900.69 ","$3,612.08 "
25444,SG,,1,$708.85 ,$567.08 
,OTHER,,4,"$1,890.44 ","$1,512.36 "
,TOTAL,,5,"$2,599.29 ","$2,079.44 "
25445,SG,,101,"$69,955.14 ","$54,501.48 "
,OTHER,,383,"$239,150.57 ","$188,102.07 "
,TOTAL,,484,"$309,105.71 ","$242,603.55 "
25446,AS,,11,"$1,653.96 ","$1,323.17 "
,SG,,5,"$4,844.85 ","$3,875.88 "
,80'S,,8,"$1,454.27 ","$1,163.41 "
,OTHER,,117,"$129,232.30 ","$101,925.44 "
,TOTAL,,141,"$137,185.38 ","$108,287.90 "
25447,AS,,747,"$63,367.38 ","$50,177.74 "
,SG,,"2,446","$1,712,055.18 ","$1,344,476.57 "
,80'S,,256,"$22,979.37 ","$18,132.29 "
,OTHER,,"7,432","$4,359,074.97 ","$3,426,344.41 "
,TOTAL,,"10,881","$6,157,476.90 ","$4,839,131.01 "
25449,AS,,6,$791.05 ,$632.83 
,SG,,15,"$10,469.01 ","$8,375.20 "
,80'S,,5,$715.61 ,$572.49 
,OTHER,,59,"$54,949.30 ","$42,683.01 "
,TOTAL,,85,"$66,924.97 ","$52,263.53 "
25450,OTHER,,1,$860.23 ,$688.18 
,TOTAL,,1,$860.23 ,$688.18 
25455,OTHER,,1,$937.74 ,$750.19 
,TOTAL,,1,$937.74 ,$750.19 
25490,80'S,,2,$245.97 ,$196.77 
,OTHER,,19,"$14,847.27 ","$11,197.82 "
,TOTAL,,21,"$15,093.24 ","$11,394.59 "
25491,AS,,1,$78.49 ,$62.79 
,80'S,,1,$78.49 ,$62.79 
,OTHER,,4,"$2,737.93 ","$2,190.34 "
,TOTAL,,6,"$2,894.91 ","$2,315.92 "
25492,OTHER,,4,"$4,013.77 ","$3,152.72 "
,TOTAL,,4,"$4,013.77 ","$3,152.72 "
25500,OTHER,,"1,799","$408,285.27 ","$316,899.68 "
,TOTAL,,"1,799","$408,285.27 ","$316,899.68 "
25505,SG,,15,"$4,804.47 ","$3,843.55 "
,OTHER,,566,"$239,717.98 ","$188,757.70 "
,TOTAL,,581,"$244,522.45 ","$192,601.25 "
25515,AS,,48,"$4,512.18 ","$3,603.29 "
,SG,,47,"$23,330.26 ","$18,584.15 "
,80'S,,31,"$3,494.98 ","$2,796.00 "
,OTHER,,576,"$381,311.92 ","$300,758.18 "
,TOTAL,,702,"$412,649.34 ","$325,741.62 "
25520,SG,,3,$982.17 ,$712.35 
,OTHER,,59,"$28,753.05 ","$22,414.83 "
,TOTAL,,62,"$29,735.22 ","$23,127.18 "
25525,AS,,8,$894.15 ,$715.33 
,SG,,9,"$5,756.41 ","$4,525.10 "
,80'S,,8,"$1,165.77 ",$932.60 
,OTHER,,181,"$152,779.94 ","$120,754.07 "
,TOTAL,,206,"$160,596.27 ","$126,927.10 "
25526,AS,,9,"$1,270.29 ",$936.24 
,SG,,3,"$1,779.58 ","$1,423.67 "
,80'S,,7,"$1,140.36 ",$912.29 
,OTHER,,80,"$84,322.83 ","$66,536.77 "
,TOTAL,,99,"$88,513.06 ","$69,808.97 "
25530,OTHER,,"2,434","$523,424.84 ","$403,100.90 "
,TOTAL,,"2,434","$523,424.84 ","$403,100.90 "
25535,SG,,3,$675.82 ,$540.66 
,OTHER,,284,"$113,127.46 ","$89,432.68 "
,TOTAL,,287,"$113,803.28 ","$89,973.34 "
25545,AS,,92,"$8,488.75 ","$6,790.97 "
,SG,,43,"$20,125.99 ","$16,001.53 "
,80'S,,40,"$4,285.03 ","$3,382.23 "
,OTHER,,908,"$582,547.02 ","$461,536.25 "
,TOTAL,,"1,083","$615,446.79 ","$487,710.98 "
25560,OTHER,,"1,893","$421,382.21 ","$326,346.68 "
,TOTAL,,"1,893","$421,382.21 ","$326,346.68 "
25565,SG,,26,"$10,947.07 ","$8,636.56 "
,OTHER,,"1,276","$580,462.34 ","$456,879.73 "
,TOTAL,,"1,302","$591,409.41 ","$465,516.29 "
25574,AS,,23,"$1,670.32 ","$1,329.82 "
,SG,,21,"$10,545.77 ","$8,356.62 "
,80'S,,13,"$1,136.03 ",$908.82 
,OTHER,,326,"$179,553.79 ","$142,086.56 "
,TOTAL,,383,"$192,905.91 ","$152,681.82 "
25575,AS,,96,"$10,046.43 ","$7,915.05 "
,SG,,17,"$8,316.38 ","$6,449.21 "
,80'S,,55,"$7,023.64 ","$5,483.57 "
,OTHER,,"1,099","$840,435.44 ","$664,896.72 "
,TOTAL,,"1,267","$865,821.89 ","$684,744.55 "
25600,OTHER,,"50,795","$12,504,041.34 ","$9,725,374.57 "
,TOTAL,,"50,795","$12,504,041.34 ","$9,725,374.57 "
25605,SG,,502,"$246,867.93 ","$195,191.86 "
,OTHER,,"35,890","$16,984,601.91 ","$13,391,449.07 "
,TOTAL,,"36,392","$17,231,469.84 ","$13,586,640.93 "
25611,AS,,2,$177.51 ,$142.01 
,SG,,"1,561","$780,529.76 ","$618,284.53 "
,OTHER,,"16,502","$10,373,606.96 ","$8,216,314.14 "
,TOTAL,,"18,065","$11,154,314.23 ","$8,834,740.68 "
25620,AS,,955,"$87,559.76 ","$69,334.23 "
,SG,,982,"$693,147.67 ","$548,604.72 "
,80'S,,396,"$41,580.96 ","$32,811.34 "
,OTHER,,"9,701","$6,306,055.29 ","$4,999,556.94 "
,TOTAL,,"12,034","$7,128,343.68 ","$5,650,307.23 "
25622,OTHER,,"2,842","$679,445.23 ","$526,095.22 "
,TOTAL,,"2,842","$679,445.23 ","$526,095.22 "
25624,SG,,2,$469.87 ,$375.90 
,OTHER,,129,"$54,175.60 ","$42,613.27 "
,TOTAL,,131,"$54,645.47 ","$42,989.17 "
25628,AS,,14,"$1,115.67 ",$820.02 
,SG,,28,"$13,212.70 ","$10,490.12 "
,80'S,,8,$725.50 ,$580.40 
,OTHER,,174,"$104,281.48 ","$82,005.82 "
,TOTAL,,224,"$119,335.35 ","$93,896.36 "
25630,OTHER,,"1,939","$515,488.40 ","$399,922.86 "
,TOTAL,,"1,939","$515,488.40 ","$399,922.86 "
25635,SG,,1,$336.24 ,$268.99 
,OTHER,,69,"$26,985.20 ","$20,815.63 "
,TOTAL,,70,"$27,321.44 ","$21,084.62 "
25645,AS,,2,$163.03 ,$130.42 
,SG,,11,"$5,114.77 ","$4,091.81 "
,80'S,,2,$223.80 ,$179.04 
,OTHER,,57,"$28,193.66 ","$22,553.27 "
,TOTAL,,72,"$33,695.26 ","$26,954.54 "
25650,OTHER,,"1,117","$278,926.59 ","$218,209.55 "
,TOTAL,,"1,117","$278,926.59 ","$218,209.55 "
25651,OTHER,,75,"$16,663.69 ","$13,330.91 "
,TOTAL,,75,"$16,663.69 ","$13,330.91 "
25652,OTHER,,107,"$35,377.27 ","$27,785.03 "
,TOTAL,,107,"$35,377.27 ","$27,785.03 "
25660,SG,,3,"$1,001.33 ",$801.06 
,OTHER,,267,"$49,085.26 ","$38,059.80 "
,TOTAL,,270,"$50,086.59 ","$38,860.86 "
25670,AS,,7,$476.97 ,$313.86 
,SG,,9,"$3,092.65 ","$2,311.68 "
,80'S,,4,$319.44 ,$178.36 
,OTHER,,109,"$49,909.94 ","$39,621.56 "
,TOTAL,,129,"$53,799.00 ","$42,425.46 "
25671,SG,,8,"$2,025.33 ","$1,540.25 "
,OTHER,,68,"$19,068.56 ","$15,254.85 "
,TOTAL,,76,"$21,093.89 ","$16,795.10 "
25675,AS,,1,$31.99 ,$25.59 
,SG,,5,"$1,455.73 ","$1,164.59 "
,OTHER,,132,"$43,176.02 ","$34,237.46 "
,TOTAL,,138,"$44,663.74 ","$35,427.64 "
25676,AS,,2,$145.47 ,$116.38 
,SG,,10,"$2,451.36 ","$1,961.07 "
,80'S,,2,$109.90 ,$87.92 
,OTHER,,71,"$29,893.88 ","$23,883.29 "
,TOTAL,,85,"$32,600.61 ","$26,048.66 "
25680,SG,,6,"$2,648.62 ","$2,118.90 "
,OTHER,,205,"$86,447.37 ","$67,721.03 "
,TOTAL,,211,"$89,095.99 ","$69,839.93 "
25685,AS,,4,$393.55 ,$314.84 
,SG,,4,"$1,764.54 ","$1,284.27 "
,80'S,,2,$242.39 ,$193.92 
,OTHER,,34,"$23,413.37 ","$18,730.72 "
,TOTAL,,44,"$25,813.85 ","$20,523.75 "
25690,SG,,2,$646.45 ,$517.16 
,OTHER,,29,"$11,475.26 ","$9,129.79 "
,TOTAL,,31,"$12,121.71 ","$9,646.95 "
25695,AS,,2,$137.88 ,$110.30 
,SG,,4,$926.60 ,$741.29 
,80'S,,1,$127.94 ,$102.35 
,OTHER,,42,"$24,028.46 ","$18,845.93 "
,TOTAL,,49,"$25,220.88 ","$19,799.87 "
25800,AS,,42,"$4,128.80 ","$3,252.87 "
,SG,,37,"$21,388.70 ","$17,110.93 "
,80'S,,20,"$2,150.47 ","$1,720.36 "
,OTHER,,380,"$251,043.51 ","$197,509.56 "
,TOTAL,,479,"$278,711.48 ","$219,593.72 "
25805,AS,,9,"$1,071.69 ",$857.36 
,SG,,9,"$5,902.74 ","$4,642.20 "
,80'S,,5,$638.11 ,$510.49 
,OTHER,,76,"$60,355.14 ","$47,614.39 "
,TOTAL,,99,"$67,967.68 ","$53,624.44 "
25810,AS,,52,"$5,409.27 ","$4,315.51 "
,SG,,60,"$41,975.07 ","$33,247.66 "
,80'S,,27,"$3,417.63 ","$2,620.75 "
,OTHER,,544,"$398,157.44 ","$311,804.69 "
,TOTAL,,683,"$448,959.41 ","$351,988.61 "
25820,AS,,37,"$2,862.27 ","$2,254.24 "
,SG,,34,"$19,555.46 ","$15,585.60 "
,80'S,,10,$848.07 ,$678.46 
,OTHER,,225,"$123,350.01 ","$96,405.91 "
,TOTAL,,306,"$146,615.81 ","$114,924.21 "
25825,AS,,39,"$3,601.69 ","$2,818.69 "
,SG,,96,"$67,083.52 ","$51,175.82 "
,80'S,,23,"$2,614.08 ","$2,011.26 "
,OTHER,,506,"$355,239.35 ","$277,332.74 "
,TOTAL,,664,"$428,538.64 ","$333,338.51 "
25830,AS,,16,"$2,154.49 ","$1,723.59 "
,SG,,12,"$8,590.81 ","$6,872.63 "
,80'S,,5,$785.77 ,$628.61 
,OTHER,,91,"$88,713.28 ","$69,252.11 "
,TOTAL,,124,"$100,244.35 ","$78,476.94 "
25900,AS,,2,$228.29 ,$182.63 
,80'S,,2,$353.24 ,$282.59 
,OTHER,,244,"$184,697.12 ","$146,453.75 "
,TOTAL,,248,"$185,278.65 ","$146,918.97 "
25905,AS,,1,$131.39 ,$105.11 
,80'S,,1,$78.22 ,$62.58 
,OTHER,,23,"$19,445.11 ","$15,556.10 "
,TOTAL,,25,"$19,654.72 ","$15,723.79 "
25907,AS,,2,$224.59 ,$179.67 
,SG,,1,$469.24 ,$375.39 
,80'S,,2,$265.00 ,$202.80 
,OTHER,,15,"$11,194.72 ","$8,955.79 "
,TOTAL,,20,"$12,153.55 ","$9,713.65 "
25909,AS,,1,$117.12 ,$93.70 
,80'S,,1,$143.79 ,$103.53 
,OTHER,,24,"$18,735.95 ","$14,988.76 "
,TOTAL,,26,"$18,996.86 ","$15,185.99 "
25920,AS,,1,$45.16 ,$36.13 
,80'S,,1,$115.45 ,$92.36 
,OTHER,,79,"$48,200.51 ","$38,047.83 "
,TOTAL,,81,"$48,361.12 ","$38,176.32 "
25924,OTHER,,4,"$1,774.51 ","$1,419.61 "
,TOTAL,,4,"$1,774.51 ","$1,419.61 "
25927,OTHER,,92,"$68,706.90 ","$54,393.23 "
,TOTAL,,92,"$68,706.90 ","$54,393.23 "
25929,OTHER,,9,"$4,172.50 ","$3,338.01 "
,TOTAL,,9,"$4,172.50 ","$3,338.01 "
25931,OTHER,,13,"$8,458.93 ","$6,767.12 "
,TOTAL,,13,"$8,458.93 ","$6,767.12 "
25999,AS,,3,$270.20 ,$216.16 
,80'S,,2,$251.30 ,$201.04 
,OTHER,,201,"$90,616.89 ","$72,385.36 "
,TOTAL,,206,"$91,138.39 ","$72,802.56 "
26010,OTHER,,"3,344","$558,911.46 ","$430,782.13 "
,TOTAL,,"3,344","$558,911.46 ","$430,782.13 "
26011,SG,,138,"$40,507.25 ","$31,680.25 "
,OTHER,,"2,197","$550,523.61 ","$432,743.75 "
,TOTAL,,"2,335","$591,030.86 ","$464,424.00 "
26020,SG,,58,"$21,232.30 ","$16,985.79 "
,OTHER,,"1,769","$599,844.84 ","$474,535.43 "
,TOTAL,,"1,827","$621,077.14 ","$491,521.22 "
26025,AS,,1,$48.66 ,$38.93 
,SG,,8,"$2,507.40 ","$1,693.01 "
,80'S,,1,$60.58 ,$48.46 
,OTHER,,369,"$133,099.45 ","$104,971.68 "
,TOTAL,,379,"$135,716.09 ","$106,752.08 "
26030,SG,,6,"$2,471.51 ","$1,977.20 "
,80'S,,2,$119.99 ,$95.99 
,OTHER,,223,"$85,631.80 ","$67,854.55 "
,TOTAL,,231,"$88,223.30 ","$69,927.74 "
26034,SG,,50,"$19,733.90 ","$15,783.95 "
,OTHER,,496,"$224,620.94 ","$178,508.85 "
,TOTAL,,546,"$244,354.84 ","$194,292.80 "
26035,SG,,3,"$1,939.08 ","$1,551.27 "
,OTHER,,98,"$59,819.12 ","$47,288.17 "
,TOTAL,,101,"$61,758.20 ","$48,839.44 "
26037,AS,,5,$245.58 ,$196.47 
,SG,,9,"$4,076.31 ","$3,249.95 "
,80'S,,2,$128.65 ,$102.92 
,OTHER,,273,"$113,824.32 ","$90,594.39 "
,TOTAL,,289,"$118,274.86 ","$94,143.73 "
26040,SG,,304,"$171,851.03 ","$135,904.50 "
,OTHER,,456,"$117,510.80 ","$91,780.69 "
,TOTAL,,760,"$289,361.83 ","$227,685.19 "
26045,SG,,415,"$187,915.96 ","$148,100.07 "
,OTHER,,"1,026","$395,295.29 ","$312,965.77 "
,TOTAL,,"1,441","$583,211.25 ","$461,065.84 "
26055,SG,,"17,614","$6,382,709.08 ","$5,036,756.47 "
,OTHER,,"51,887","$11,408,920.31 ","$8,959,489.41 "
,TOTAL,,"69,501","$17,791,629.39 ","$13,996,245.88 "
26060,AS,,1,$15.99 ,$12.79 
,SG,,25,"$8,114.73 ","$6,447.36 "
,OTHER,,170,"$28,739.26 ","$22,745.24 "
,TOTAL,,196,"$36,869.98 ","$29,205.39 "
26070,SG,,38,"$14,312.32 ","$11,322.80 "
,OTHER,,383,"$82,412.61 ","$63,828.32 "
,TOTAL,,421,"$96,724.93 ","$75,151.12 "
26075,SG,,46,"$26,300.88 ","$20,960.71 "
,OTHER,,593,"$140,010.19 ","$109,966.27 "
,TOTAL,,639,"$166,311.07 ","$130,926.98 "
26080,SG,,228,"$132,654.42 ","$105,124.24 "
,OTHER,,"1,183","$346,462.46 ","$273,456.50 "
,TOTAL,,"1,411","$479,116.88 ","$378,580.74 "
26100,SG,,5,"$1,546.73 ","$1,237.38 "
,OTHER,,45,"$9,684.81 ","$7,455.84 "
,TOTAL,,50,"$11,231.54 ","$8,693.22 "
26105,AS,,1,$40.18 ,$32.14 
,SG,,12,"$2,620.04 ","$2,083.29 "
,OTHER,,98,"$21,364.78 ","$17,035.04 "
,TOTAL,,111,"$24,025.00 ","$19,150.47 "
26110,SG,,107,"$28,526.53 ","$22,626.80 "
,OTHER,,438,"$110,351.60 ","$87,470.60 "
,TOTAL,,545,"$138,878.13 ","$110,097.40 "
26115,SG,,"1,639","$636,342.31 ","$503,529.02 "
,OTHER,,"5,372","$1,705,889.18 ","$1,344,829.98 "
,TOTAL,,"7,011","$2,342,231.49 ","$1,848,359.00 "
26116,SG,,"1,455","$562,187.05 ","$443,365.19 "
,OTHER,,"5,176","$2,114,203.58 ","$1,667,082.22 "
,TOTAL,,"6,631","$2,676,390.63 ","$2,110,447.41 "
26117,SG,,77,"$35,931.84 ","$28,693.20 "
,OTHER,,435,"$233,062.76 ","$184,758.54 "
,TOTAL,,512,"$268,994.60 ","$213,451.74 "
26121,SG,,512,"$303,018.91 ","$240,062.78 "
,OTHER,,"2,204","$1,147,670.25 ","$903,049.31 "
,TOTAL,,"2,716","$1,450,689.16 ","$1,143,112.09 "
26123,SG,,"3,110","$1,829,558.31 ","$1,442,767.97 "
,OTHER,,"9,169","$6,473,695.18 ","$5,117,877.91 "
,TOTAL,,"12,279","$8,303,253.49 ","$6,560,645.88 "
26125,SG,,"1,603","$615,126.75 ","$488,159.62 "
,OTHER,,"4,877","$1,350,366.20 ","$1,071,247.02 "
,TOTAL,,"6,480","$1,965,492.95 ","$1,559,406.64 "
26130,SG,,37,"$15,369.60 ","$12,176.51 "
,OTHER,,140,"$42,939.95 ","$34,284.66 "
,TOTAL,,177,"$58,309.55 ","$46,461.17 "
26135,AS,,9,$494.40 ,$395.53 
,SG,,174,"$83,183.46 ","$64,517.12 "
,80'S,,2,$80.83 ,$64.67 
,OTHER,,687,"$247,232.07 ","$194,666.63 "
,TOTAL,,872,"$330,990.76 ","$259,643.95 "
26140,SG,,171,"$58,673.57 ","$46,047.13 "
,OTHER,,583,"$233,100.78 ","$183,946.32 "
,TOTAL,,754,"$291,774.35 ","$229,993.45 "
26145,SG,,"1,534","$655,610.15 ","$517,480.12 "
,OTHER,,"4,312","$1,770,836.63 ","$1,398,740.56 "
,TOTAL,,"5,846","$2,426,446.78 ","$1,916,220.68 "
26160,SG,,"4,149","$1,989,772.11 ","$1,573,214.51 "
,OTHER,,"12,334","$3,558,380.29 ","$2,798,352.59 "
,TOTAL,,"16,483","$5,548,152.40 ","$4,371,567.10 "
26170,SG,,24,"$9,272.62 ","$7,178.41 "
,OTHER,,127,"$29,786.16 ","$23,521.78 "
,TOTAL,,151,"$39,058.78 ","$30,700.19 "
26180,SG,,52,"$20,044.70 ","$15,500.53 "
,80'S,,1,$72.05 ,$57.64 
,OTHER,,174,"$49,421.79 ","$39,038.99 "
,TOTAL,,227,"$69,538.54 ","$54,597.16 "
26185,AS,,2,$104.86 ,$83.89 
,SG,,5,"$2,760.50 ","$2,208.40 "
,80'S,,1,$52.93 ,$42.34 
,OTHER,,39,"$12,074.56 ","$9,596.37 "
,TOTAL,,47,"$14,992.85 ","$11,931.00 "
26200,SG,,70,"$25,290.18 ","$20,108.01 "
,OTHER,,199,"$71,003.95 ","$56,109.45 "
,TOTAL,,269,"$96,294.13 ","$76,217.46 "
26205,OTHER,,15,"$8,220.45 ","$5,775.19 "
,TOTAL,,15,"$8,220.45 ","$5,775.19 "
26210,SG,,540,"$201,444.92 ","$158,709.15 "
,OTHER,,"1,184","$420,966.20 ","$332,917.36 "
,TOTAL,,"1,724","$622,411.12 ","$491,626.51 "
26215,SG,,19,"$7,558.00 ","$5,966.40 "
,OTHER,,48,"$22,425.76 ","$17,940.61 "
,TOTAL,,67,"$29,983.76 ","$23,907.01 "
26230,AS,,1,$58.78 ,$47.02 
,SG,,50,"$47,474.24 ","$37,899.35 "
,80'S,,1,$75.78 ,$60.62 
,OTHER,,211,"$81,661.71 ","$64,096.64 "
,TOTAL,,263,"$129,270.51 ","$102,103.63 "
26235,AS,,4,$255.76 ,$204.60 
,SG,,119,"$48,859.45 ","$36,297.37 "
,80'S,,3,$288.94 ,$231.14 
,OTHER,,445,"$174,697.03 ","$138,059.07 "
,TOTAL,,571,"$224,101.18 ","$174,792.18 "
26236,SG,,162,"$74,643.65 ","$59,148.44 "
,OTHER,,786,"$289,417.61 ","$228,195.11 "
,TOTAL,,948,"$364,061.26 ","$287,343.55 "
26250,SG,,6,"$2,673.93 ","$2,059.14 "
,80'S,,1,$46.93 ,$37.54 
,OTHER,,22,"$10,357.54 ","$8,232.32 "
,TOTAL,,29,"$13,078.40 ","$10,329.00 "
26255,OTHER,,5,"$3,818.23 ","$3,054.59 "
,TOTAL,,5,"$3,818.23 ","$3,054.59 "
26260,SG,,10,"$4,794.14 ","$3,835.31 "
,OTHER,,32,"$15,652.58 ","$12,522.04 "
,TOTAL,,42,"$20,446.72 ","$16,357.35 "
26261,SG,,2,"$1,006.42 ",$805.14 
,OTHER,,4,"$2,507.72 ","$2,006.18 "
,TOTAL,,6,"$3,514.14 ","$2,811.32 "
26262,SG,,7,"$2,677.93 ","$2,142.33 "
,OTHER,,34,"$13,692.46 ","$10,881.84 "
,TOTAL,,41,"$16,370.39 ","$13,024.17 "
26320,SG,,101,"$31,661.34 ","$24,929.73 "
,OTHER,,581,"$138,132.91 ","$109,607.16 "
,TOTAL,,682,"$169,794.25 ","$134,536.89 "
26340,OTHER,,"1,280","$203,587.53 ","$162,076.27 "
,TOTAL,,"1,280","$203,587.53 ","$162,076.27 "
26350,SG,,108,"$23,843.73 ","$18,773.85 "
,OTHER,,838,"$637,689.64 ","$507,593.24 "
,TOTAL,,946,"$661,533.37 ","$526,367.09 "
26352,AS,,3,$336.34 ,$269.07 
,SG,,11,"$6,211.04 ","$4,915.08 "
,80'S,,1,$182.34 ,$145.87 
,OTHER,,44,"$40,381.30 ","$32,225.05 "
,TOTAL,,59,"$47,111.02 ","$37,555.07 "
26356,SG,,150,"$77,678.96 ","$60,271.65 "
,OTHER,,"1,170","$1,046,225.16 ","$827,068.72 "
,TOTAL,,"1,320","$1,123,904.12 ","$887,340.37 "
26357,SG,,19,"$10,783.44 ","$7,995.36 "
,OTHER,,77,"$68,200.55 ","$54,480.39 "
,TOTAL,,96,"$78,983.99 ","$62,475.75 "
26358,AS,,2,$300.10 ,$240.08 
,SG,,7,"$3,753.26 ","$3,002.61 "
,80'S,,3,$537.66 ,$430.13 
,OTHER,,45,"$46,101.18 ","$36,469.81 "
,TOTAL,,57,"$50,692.20 ","$40,142.63 "
26370,AS,,1,$127.65 ,$102.12 
,SG,,81,"$41,656.92 ","$33,165.56 "
,OTHER,,278,"$247,130.96 ","$194,168.82 "
,TOTAL,,360,"$288,915.53 ","$227,436.50 "
26372,AS,,3,$436.10 ,$348.87 
,SG,,8,"$4,309.12 ","$3,447.30 "
,OTHER,,18,"$18,916.36 ","$15,133.09 "
,TOTAL,,29,"$23,661.58 ","$18,929.26 "
26373,AS,,1,$156.31 ,$125.05 
,SG,,7,"$2,497.86 ","$1,998.28 "
,OTHER,,17,"$16,501.00 ","$13,200.80 "
,TOTAL,,25,"$19,155.17 ","$15,324.13 "
26390,AS,,2,$269.71 ,$215.77 
,SG,,9,"$5,504.44 ","$4,078.65 "
,80'S,,5,$587.14 ,$469.71 
,OTHER,,57,"$43,445.76 ","$33,970.52 "
,TOTAL,,73,"$49,807.05 ","$38,734.65 "
26392,SG,,6,"$2,521.16 ","$2,016.92 "
,80'S,,1,$219.66 ,$175.73 
,OTHER,,32,"$33,938.97 ","$24,918.30 "
,TOTAL,,39,"$36,679.79 ","$27,110.95 "
26410,SG,,175,"$71,959.84 ","$56,299.35 "
,OTHER,,"1,437","$868,850.30 ","$687,645.16 "
,TOTAL,,"1,612","$940,810.14 ","$743,944.51 "
26412,SG,,25,"$9,393.55 ","$7,514.82 "
,80'S,,3,$237.63 ,$190.11 
,OTHER,,111,"$72,422.57 ","$57,884.82 "
,TOTAL,,139,"$82,053.75 ","$65,589.75 "
26415,SG,,7,"$3,684.36 ","$2,947.50 "
,OTHER,,37,"$13,897.30 ","$10,207.28 "
,TOTAL,,44,"$17,581.66 ","$13,154.78 "
26416,SG,,2,$738.61 ,$590.89 
,OTHER,,11,"$4,159.14 ","$3,311.30 "
,TOTAL,,13,"$4,897.75 ","$3,902.19 "
26418,SG,,435,"$233,310.28 ","$184,486.22 "
,OTHER,,"2,727","$1,646,893.72 ","$1,300,491.82 "
,TOTAL,,"3,162","$1,880,204.00 ","$1,484,978.04 "
26420,AS,,1,$115.68 ,$92.54 
,SG,,18,"$10,295.10 ","$8,156.11 "
,80'S,,6,$609.99 ,$487.98 
,OTHER,,78,"$58,372.74 ","$46,584.53 "
,TOTAL,,103,"$69,393.51 ","$55,321.16 "
26426,SG,,126,"$53,402.02 ","$42,721.62 "
,OTHER,,440,"$316,653.65 ","$250,918.63 "
,TOTAL,,566,"$370,055.67 ","$293,640.25 "
26428,SG,,8,"$3,453.80 ","$2,763.04 "
,OTHER,,12,"$9,804.73 ","$7,800.37 "
,TOTAL,,20,"$13,258.53 ","$10,563.41 "
26432,SG,,43,"$20,652.67 ","$16,057.50 "
,OTHER,,576,"$342,437.47 ","$267,946.23 "
,TOTAL,,619,"$363,090.14 ","$284,003.73 "
26433,SG,,77,"$35,175.80 ","$27,375.11 "
,OTHER,,372,"$222,717.09 ","$175,662.10 "
,TOTAL,,449,"$257,892.89 ","$203,037.21 "
26434,SG,,3,"$1,267.66 ","$1,014.13 "
,OTHER,,12,"$8,348.33 ","$6,240.42 "
,TOTAL,,15,"$9,615.99 ","$7,254.55 "
26437,AS,,1,$47.96 ,$38.37 
,SG,,210,"$78,931.18 ","$62,771.89 "
,OTHER,,"1,221","$647,714.67 ","$516,726.37 "
,TOTAL,,"1,432","$726,693.81 ","$579,536.63 "
26440,SG,,288,"$115,170.49 ","$90,843.15 "
,OTHER,,"1,280","$893,501.78 ","$705,961.19 "
,TOTAL,,"1,568","$1,008,672.27 ","$796,804.34 "
26442,SG,,75,"$29,708.61 ","$23,629.95 "
,OTHER,,401,"$340,584.98 ","$271,170.48 "
,TOTAL,,476,"$370,293.59 ","$294,800.43 "
26445,SG,,207,"$74,783.47 ","$59,224.47 "
,OTHER,,840,"$482,629.10 ","$380,064.84 "
,TOTAL,,"1,047","$557,412.57 ","$439,289.31 "
26449,AS,,1,$124.39 ,$99.51 
,SG,,22,"$8,263.71 ","$6,610.95 "
,OTHER,,165,"$126,245.55 ","$100,996.42 "
,TOTAL,,188,"$134,633.65 ","$107,706.88 "
26450,AS,,2,$89.66 ,$71.73 
,SG,,20,"$7,598.80 ","$6,079.03 "
,80'S,,1,$82.85 ,$66.28 
,OTHER,,262,"$73,006.27 ","$56,772.47 "
,TOTAL,,285,"$80,777.58 ","$62,989.51 "
26455,SG,,130,"$50,045.01 ","$39,661.15 "
,80'S,,5,$299.61 ,$239.68 
,OTHER,,406,"$111,435.86 ","$88,595.46 "
,TOTAL,,541,"$161,780.48 ","$128,496.29 "
26460,SG,,55,"$20,224.21 ","$16,099.33 "
,OTHER,,263,"$67,847.26 ","$53,231.17 "
,TOTAL,,318,"$88,071.47 ","$69,330.50 "
26471,SG,,43,"$12,797.94 ","$10,238.36 "
,80'S,,7,$567.31 ,$453.85 
,OTHER,,243,"$123,697.38 ","$96,539.65 "
,TOTAL,,293,"$137,062.63 ","$107,231.86 "
26474,AS,,2,$185.04 ,$148.03 
,SG,,8,"$2,283.53 ","$1,826.84 "
,OTHER,,41,"$21,582.01 ","$17,265.62 "
,TOTAL,,51,"$24,050.58 ","$19,240.49 "
26476,SG,,4,$823.19 ,$658.55 
,OTHER,,68,"$27,773.56 ","$21,283.36 "
,TOTAL,,72,"$28,596.75 ","$21,941.91 "
26477,SG,,20,"$3,503.61 ","$2,802.86 "
,OTHER,,100,"$43,931.80 ","$34,965.10 "
,TOTAL,,120,"$47,435.41 ","$37,767.96 "
26478,AS,,2,$103.60 ,$82.89 
,SG,,41,"$8,526.89 ","$6,700.45 "
,OTHER,,248,"$110,566.42 ","$87,466.60 "
,TOTAL,,291,"$119,196.91 ","$94,249.94 "
26479,SG,,2,$336.50 ,$269.20 
,OTHER,,22,"$10,072.45 ","$8,012.28 "
,TOTAL,,24,"$10,408.95 ","$8,281.48 "
26480,AS,,23,"$2,714.20 ","$2,171.39 "
,SG,,566,"$180,436.84 ","$142,980.29 "
,80'S,,22,"$2,937.47 ","$2,349.97 "
,OTHER,,"1,824","$1,586,736.12 ","$1,247,566.94 "
,TOTAL,,"2,435","$1,772,824.63 ","$1,395,068.59 "
26483,AS,,11,"$1,495.85 ","$1,196.70 "
,SG,,116,"$35,729.74 ","$28,241.84 "
,80'S,,2,$325.67 ,$260.54 
,OTHER,,155,"$155,356.08 ","$122,859.27 "
,TOTAL,,284,"$192,907.34 ","$152,558.35 "
26485,AS,,27,"$3,651.29 ","$2,921.06 "
,SG,,83,"$23,030.19 ","$18,424.09 "
,80'S,,11,"$1,613.44 ","$1,163.79 "
,OTHER,,356,"$318,305.91 ","$250,162.34 "
,TOTAL,,477,"$346,600.83 ","$272,671.28 "
26489,AS,,1,$123.63 ,$98.90 
,SG,,24,"$7,715.49 ","$6,130.08 "
,80'S,,2,$130.11 ,$104.09 
,OTHER,,82,"$54,238.30 ","$43,264.35 "
,TOTAL,,109,"$62,207.53 ","$49,597.42 "
26490,SG,,55,"$24,277.26 ","$19,229.79 "
,OTHER,,145,"$119,278.25 ","$93,457.54 "
,TOTAL,,200,"$143,555.51 ","$112,687.33 "
26492,AS,,1,$138.40 ,$110.72 
,SG,,29,"$12,843.05 ","$10,183.32 "
,80'S,,2,$219.83 ,$175.86 
,OTHER,,55,"$48,507.52 ","$38,772.67 "
,TOTAL,,87,"$61,708.80 ","$49,242.57 "
26494,SG,,2,$999.58 ,$771.70 
,OTHER,,10,"$5,905.94 ","$4,724.75 "
,TOTAL,,12,"$6,905.52 ","$5,496.45 "
26496,AS,,1,$147.02 ,$117.62 
,SG,,38,"$17,973.94 ","$14,338.45 "
,80'S,,1,$167.58 ,$134.06 
,OTHER,,120,"$107,851.61 ","$85,661.06 "
,TOTAL,,160,"$126,140.15 ","$100,251.19 "
26497,AS,,4,$458.72 ,$366.97 
,SG,,37,"$13,944.40 ","$11,066.51 "
,80'S,,2,$239.42 ,$191.53 
,OTHER,,41,"$33,005.79 ","$26,324.64 "
,TOTAL,,84,"$47,648.33 ","$37,949.65 "
26498,AS,,7,$922.82 ,$738.24 
,SG,,21,"$10,926.69 ","$8,681.12 "
,80'S,,8,"$1,473.59 ","$1,178.86 "
,OTHER,,78,"$85,562.55 ","$67,491.45 "
,TOTAL,,114,"$98,885.65 ","$78,089.67 "
26499,AS,,1,$121.81 ,$97.45 
,80'S,,2,$293.24 ,$234.59 
,OTHER,,19,"$14,075.01 ","$11,260.01 "
,TOTAL,,22,"$14,490.06 ","$11,592.05 "
26500,AS,,1,$95.02 ,$76.02 
,SG,,75,"$38,991.42 ","$31,193.11 "
,80'S,,7,$702.18 ,$561.73 
,OTHER,,258,"$147,215.86 ","$115,959.36 "
,TOTAL,,341,"$187,004.48 ","$147,790.22 "
26502,SG,,17,"$8,083.01 ","$6,389.14 "
,80'S,,4,$443.84 ,$355.06 
,OTHER,,48,"$26,979.17 ","$21,464.02 "
,TOTAL,,69,"$35,506.02 ","$28,208.22 "
26504,AS,,1,$122.00 ,$97.60 
,SG,,1,$610.95 ,$488.76 
,OTHER,,4,"$2,644.06 ","$2,115.24 "
,TOTAL,,6,"$3,377.01 ","$2,701.60 "
26508,AS,,1,$98.65 ,$78.92 
,SG,,25,"$8,833.30 ","$7,066.64 "
,80'S,,1,$52.75 ,$42.20 
,OTHER,,116,"$57,694.07 ","$45,907.15 "
,TOTAL,,143,"$66,678.77 ","$53,094.91 "
26510,AS,,3,$193.79 ,$155.04 
,SG,,42,"$12,964.43 ","$10,045.10 "
,80'S,,1,$68.50 ,$49.32 
,OTHER,,283,"$120,883.14 ","$93,628.54 "
,TOTAL,,329,"$134,109.86 ","$103,878.00 "
26516,AS,,7,$586.33 ,$469.07 
,SG,,59,"$10,154.76 ","$8,123.84 "
,80'S,,1,$129.06 ,$103.25 
,OTHER,,261,"$161,511.00 ","$127,861.63 "
,TOTAL,,328,"$172,381.15 ","$136,557.79 "
26517,SG,,1,$517.71 ,$414.17 
,OTHER,,9,"$7,671.76 ","$6,137.41 "
,TOTAL,,10,"$8,189.47 ","$6,551.58 "
26518,SG,,2,$987.58 ,$790.06 
,OTHER,,22,"$16,087.54 ","$12,870.02 "
,TOTAL,,24,"$17,075.12 ","$13,660.08 "
26520,SG,,134,"$45,588.18 ","$36,433.42 "
,OTHER,,607,"$358,831.49 ","$283,317.61 "
,TOTAL,,741,"$404,419.67 ","$319,751.03 "
26525,SG,,229,"$88,042.15 ","$69,869.16 "
,OTHER,,969,"$672,803.55 ","$531,772.22 "
,TOTAL,,"1,198","$760,845.70 ","$601,641.38 "
26530,AS,,33,"$2,020.34 ","$1,594.22 "
,SG,,154,"$65,861.42 ","$51,962.26 "
,80'S,,17,"$1,099.72 ",$799.78 
,OTHER,,549,"$212,180.01 ","$164,723.48 "
,TOTAL,,753,"$281,161.49 ","$219,079.74 "
26531,AS,,243,"$12,876.33 ","$10,149.52 "
,SG,,523,"$363,529.13 ","$282,262.85 "
,80'S,,221,"$13,759.68 ","$10,855.82 "
,OTHER,,"3,711","$1,391,822.44 ","$1,095,707.60 "
,TOTAL,,"4,698","$1,781,987.58 ","$1,398,975.79 "
26535,SG,,398,"$256,584.19 ","$203,811.19 "
,80'S,,4,$120.24 ,$96.20 
,OTHER,,938,"$264,705.22 ","$209,057.28 "
,TOTAL,,"1,340","$521,409.65 ","$412,964.67 "
26536,AS,,31,"$2,118.86 ","$1,695.11 "
,SG,,275,"$170,469.48 ","$133,138.39 "
,80'S,,11,"$1,268.00 ","$1,014.40 "
,OTHER,,"1,249","$630,155.61 ","$494,435.26 "
,TOTAL,,"1,566","$804,011.95 ","$630,283.16 "
26540,AS,,9,$855.33 ,$684.27 
,SG,,210,"$118,118.18 ","$92,794.04 "
,80'S,,4,$496.16 ,$396.93 
,OTHER,,878,"$589,483.18 ","$467,668.36 "
,TOTAL,,"1,101","$708,952.85 ","$561,543.60 "
26541,AS,,23,"$2,618.27 ","$2,094.61 "
,SG,,77,"$72,453.08 ","$57,536.86 "
,80'S,,10,"$1,306.28 ","$1,045.02 "
,OTHER,,199,"$171,542.93 ","$135,727.87 "
,TOTAL,,309,"$247,920.56 ","$196,404.36 "
26542,AS,,7,$563.88 ,$451.10 
,SG,,40,"$22,182.91 ","$17,546.39 "
,80'S,,3,$319.77 ,$255.82 
,OTHER,,181,"$115,302.38 ","$90,810.77 "
,TOTAL,,231,"$138,368.94 ","$109,064.08 "
26545,SG,,14,"$8,514.76 ","$6,211.23 "
,OTHER,,86,"$62,821.31 ","$49,543.41 "
,TOTAL,,100,"$71,336.07 ","$55,754.64 "
26546,AS,,8,$994.47 ,$795.57 
,SG,,14,"$7,721.07 ","$6,176.86 "
,80'S,,2,$292.32 ,$233.86 
,OTHER,,79,"$69,262.62 ","$53,100.63 "
,TOTAL,,103,"$78,270.48 ","$60,306.92 "
26548,AS,,6,$634.87 ,$507.90 
,SG,,62,"$32,656.11 ","$25,474.61 "
,80'S,,2,$114.12 ,$91.30 
,OTHER,,222,"$172,820.55 ","$136,022.51 "
,TOTAL,,292,"$206,225.65 ","$162,096.32 "
26550,SG,,2,$653.99 ,$523.20 
,OTHER,,7,"$2,999.21 ","$2,313.77 "
,TOTAL,,9,"$3,653.20 ","$2,836.97 "
26555,SG,,1,$245.44 ,$196.35 
,OTHER,,7,"$8,358.02 ","$6,685.63 "
,TOTAL,,8,"$8,603.46 ","$6,881.98 "
26556,OTHER,,1,$207.00 ,$165.60 
,TOTAL,,1,$207.00 ,$165.60 
26560,AS,,1,$91.30 ,$73.04 
,SG,,3,"$1,083.03 ",$866.43 
,80'S,,4,$545.44 ,$436.35 
,OTHER,,16,"$8,056.78 ","$6,445.44 "
,TOTAL,,24,"$9,776.55 ","$7,821.26 "
26561,SG,,4,"$1,742.74 ","$1,372.66 "
,80'S,,1,$152.48 ,$121.98 
,OTHER,,15,"$12,070.60 ","$9,656.46 "
,TOTAL,,20,"$13,965.82 ","$11,151.10 "
26562,AS,,1,$168.04 ,$134.43 
,OTHER,,1,"$1,235.56 ",$988.45 
,TOTAL,,2,"$1,403.60 ","$1,122.88 "
26565,AS,,1,$58.34 ,$46.67 
,SG,,23,"$15,571.65 ","$12,186.61 "
,80'S,,5,$591.02 ,$472.81 
,OTHER,,81,"$51,512.09 ","$40,715.06 "
,TOTAL,,110,"$67,733.10 ","$53,421.15 "
26567,AS,,2,$215.11 ,$172.09 
,SG,,34,"$23,695.70 ","$18,832.54 "
,OTHER,,119,"$84,305.24 ","$66,312.91 "
,TOTAL,,155,"$108,216.05 ","$85,317.54 "
26568,AS,,1,$147.85 ,$118.28 
,SG,,3,"$1,278.18 ","$1,022.54 "
,OTHER,,20,"$18,630.06 ","$14,904.04 "
,TOTAL,,24,"$20,056.09 ","$16,044.86 "
26580,OTHER,,13,"$6,772.19 ","$5,417.75 "
,TOTAL,,13,"$6,772.19 ","$5,417.75 "
26587,SG,,2,"$1,414.56 ","$1,131.65 "
,OTHER,,6,"$1,272.13 ","$1,017.70 "
,TOTAL,,8,"$2,686.69 ","$2,149.35 "
26590,SG,,1,$712.43 ,$569.94 
,OTHER,,10,"$11,774.35 ","$9,339.49 "
,TOTAL,,11,"$12,486.78 ","$9,909.43 "
26591,SG,,18,"$6,262.03 ","$4,929.63 "
,OTHER,,178,"$68,126.99 ","$54,327.25 "
,TOTAL,,196,"$74,389.02 ","$59,256.88 "
26593,SG,,112,"$30,478.57 ","$24,382.87 "
,OTHER,,745,"$268,310.27 ","$214,214.13 "
,TOTAL,,857,"$298,788.84 ","$238,597.00 "
26596,SG,,3,$897.52 ,$718.02 
,OTHER,,35,"$21,105.85 ","$16,884.64 "
,TOTAL,,38,"$22,003.37 ","$17,602.66 "
26600,OTHER,,"15,773","$3,111,058.79 ","$2,411,398.40 "
,TOTAL,,"15,773","$3,111,058.79 ","$2,411,398.40 "
26605,SG,,21,"$8,711.67 ","$6,884.70 "
,OTHER,,"2,467","$726,733.73 ","$569,848.92 "
,TOTAL,,"2,488","$735,445.40 ","$576,733.62 "
26607,SG,,24,"$10,239.27 ","$8,191.43 "
,OTHER,,139,"$62,565.75 ","$49,921.68 "
,TOTAL,,163,"$72,805.02 ","$58,113.11 "
26608,AS,,6,$418.23 ,$334.58 
,SG,,70,"$40,501.73 ","$31,689.44 "
,80'S,,8,$548.01 ,$438.42 
,OTHER,,846,"$382,129.21 ","$300,292.50 "
,TOTAL,,930,"$423,597.18 ","$332,754.94 "
26615,SG,,208,"$124,218.37 ","$98,157.36 "
,OTHER,,"1,248","$517,397.71 ","$407,871.89 "
,TOTAL,,"1,456","$641,616.08 ","$506,029.25 "
26641,OTHER,,185,"$55,402.91 ","$43,415.48 "
,TOTAL,,185,"$55,402.91 ","$43,415.48 "
26645,SG,,4,"$1,186.47 ",$949.18 
,OTHER,,112,"$42,776.21 ","$33,541.21 "
,TOTAL,,116,"$43,962.68 ","$34,490.39 "
26650,SG,,32,"$13,069.54 ","$10,323.17 "
,OTHER,,165,"$86,955.65 ","$68,902.36 "
,TOTAL,,197,"$100,025.19 ","$79,225.53 "
26665,SG,,14,"$8,711.64 ","$6,916.31 "
,OTHER,,170,"$55,966.34 ","$44,149.02 "
,TOTAL,,184,"$64,677.98 ","$51,065.33 "
26670,OTHER,,168,"$45,446.42 ","$35,931.99 "
,TOTAL,,168,"$45,446.42 ","$35,931.99 "
26675,SG,,10,"$3,483.58 ","$2,786.86 "
,OTHER,,30,"$8,508.98 ","$6,583.23 "
,TOTAL,,40,"$11,992.56 ","$9,370.09 "
26676,SG,,21,"$7,897.33 ","$6,317.88 "
,OTHER,,130,"$62,222.97 ","$49,318.29 "
,TOTAL,,151,"$70,120.30 ","$55,636.17 "
26685,AS,,1,$41.52 ,$33.22 
,SG,,24,"$9,872.63 ","$7,898.14 "
,OTHER,,68,"$30,825.93 ","$24,660.73 "
,TOTAL,,93,"$40,740.08 ","$32,592.09 "
26686,AS,,1,$96.85 ,$77.48 
,SG,,2,$776.69 ,$621.35 
,OTHER,,43,"$23,013.57 ","$18,330.89 "
,TOTAL,,46,"$23,887.11 ","$19,029.72 "
26700,OTHER,,756,"$168,277.64 ","$131,729.40 "
,TOTAL,,756,"$168,277.64 ","$131,729.40 "
26705,SG,,5,"$1,614.91 ","$1,291.93 "
,OTHER,,160,"$45,678.01 ","$36,043.83 "
,TOTAL,,165,"$47,292.92 ","$37,335.76 "
26706,SG,,21,"$6,198.50 ","$4,782.03 "
,OTHER,,85,"$23,170.46 ","$18,406.30 "
,TOTAL,,106,"$29,368.96 ","$23,188.33 "
26715,AS,,1,$75.04 ,$60.03 
,SG,,29,"$14,845.94 ","$11,850.75 "
,OTHER,,197,"$84,674.79 ","$67,379.98 "
,TOTAL,,227,"$99,595.77 ","$79,290.76 "
26720,OTHER,,"10,849","$1,518,926.46 ","$1,172,176.48 "
,TOTAL,,"10,849","$1,518,926.46 ","$1,172,176.48 "
26725,OTHER,,"3,333","$889,161.99 ","$697,139.03 "
,TOTAL,,"3,333","$889,161.99 ","$697,139.03 "
26727,SG,,299,"$271,071.21 ","$216,609.75 "
,OTHER,,"1,494","$665,344.32 ","$526,472.47 "
,TOTAL,,"1,793","$936,415.53 ","$743,082.22 "
26735,SG,,193,"$113,315.88 ","$89,221.25 "
,OTHER,,"1,571","$672,879.78 ","$529,239.95 "
,TOTAL,,"1,764","$786,195.66 ","$618,461.20 "
26740,OTHER,,900,"$171,167.49 ","$132,486.09 "
,TOTAL,,900,"$171,167.49 ","$132,486.09 "
26742,SG,,9,"$3,563.48 ","$2,850.78 "
,OTHER,,306,"$100,848.94 ","$79,810.22 "
,TOTAL,,315,"$104,412.42 ","$82,661.00 "
26746,SG,,98,"$65,838.88 ","$52,525.84 "
,OTHER,,852,"$359,057.85 ","$283,821.69 "
,TOTAL,,950,"$424,896.73 ","$336,347.53 "
26750,OTHER,,"5,255","$813,712.78 ","$628,220.16 "
,TOTAL,,"5,255","$813,712.78 ","$628,220.16 "
26755,OTHER,,560,"$130,621.33 ","$101,172.82 "
,TOTAL,,560,"$130,621.33 ","$101,172.82 "
26756,AS,,1,$36.21 ,$28.97 
,SG,,52,"$21,263.10 ","$16,931.97 "
,OTHER,,263,"$102,907.15 ","$80,560.09 "
,TOTAL,,316,"$124,206.46 ","$97,521.03 "
26765,SG,,105,"$63,362.66 ","$49,861.03 "
,OTHER,,"2,058","$736,652.21 ","$576,210.22 "
,TOTAL,,"2,163","$800,014.87 ","$626,071.25 "
26770,OTHER,,"4,336","$827,509.88 ","$645,619.85 "
,TOTAL,,"4,336","$827,509.88 ","$645,619.85 "
26775,OTHER,,560,"$159,914.15 ","$126,272.64 "
,TOTAL,,560,"$159,914.15 ","$126,272.64 "
26776,SG,,25,"$9,555.08 ","$7,644.08 "
,OTHER,,202,"$71,026.39 ","$55,947.45 "
,TOTAL,,227,"$80,581.47 ","$63,591.53 "
26785,SG,,45,"$17,858.43 ","$13,968.22 "
,OTHER,,523,"$192,338.36 ","$151,264.44 "
,TOTAL,,568,"$210,196.79 ","$165,232.66 "
26820,AS,,2,$189.62 ,$151.69 
,SG,,11,"$7,048.19 ","$5,638.56 "
,80'S,,4,$614.23 ,$491.38 
,OTHER,,61,"$49,186.37 ","$38,231.16 "
,TOTAL,,78,"$57,038.41 ","$44,512.79 "
26841,AS,,2,$194.08 ,$155.26 
,SG,,103,"$60,563.73 ","$46,895.08 "
,OTHER,,359,"$281,374.01 ","$217,589.19 "
,TOTAL,,464,"$342,131.82 ","$264,639.53 "
26842,AS,,11,"$1,291.43 ","$1,033.15 "
,SG,,23,"$13,992.72 ","$11,194.18 "
,80'S,,3,$445.03 ,$356.02 
,OTHER,,127,"$108,059.81 ","$84,298.60 "
,TOTAL,,164,"$123,788.99 ","$96,881.95 "
26843,AS,,5,$383.51 ,$306.81 
,SG,,10,"$4,668.36 ","$3,734.69 "
,80'S,,1,$62.17 ,$49.74 
,OTHER,,39,"$27,068.10 ","$21,654.46 "
,TOTAL,,55,"$32,182.14 ","$25,745.70 "
26844,AS,,2,$243.50 ,$194.80 
,SG,,6,"$2,554.03 ","$2,043.23 "
,80'S,,1,$142.53 ,$114.02 
,OTHER,,37,"$29,285.27 ","$22,849.90 "
,TOTAL,,46,"$32,225.33 ","$25,201.95 "
26850,AS,,17,"$1,346.50 ","$1,077.20 "
,SG,,261,"$137,934.15 ","$107,895.31 "
,80'S,,6,$641.96 ,$513.56 
,OTHER,,924,"$624,520.09 ","$487,451.75 "
,TOTAL,,"1,208","$764,442.70 ","$596,937.82 "
26852,AS,,14,"$1,723.17 ","$1,353.58 "
,SG,,43,"$20,490.20 ","$16,312.15 "
,80'S,,7,$913.52 ,$730.82 
,OTHER,,176,"$135,900.16 ","$106,343.09 "
,TOTAL,,240,"$159,027.05 ","$124,739.64 "
26860,SG,,990,"$443,533.67 ","$351,268.37 "
,OTHER,,"3,254","$1,884,296.53 ","$1,477,909.00 "
,TOTAL,,"4,244","$2,327,830.20 ","$1,829,177.37 "
26861,SG,,135,"$30,889.43 ","$24,174.73 "
,OTHER,,455,"$47,101.00 ","$37,165.84 "
,TOTAL,,590,"$77,990.43 ","$61,340.57 "
26862,AS,,31,"$3,343.26 ","$2,674.63 "
,SG,,138,"$79,327.13 ","$62,152.88 "
,80'S,,11,"$1,394.81 ","$1,115.85 "
,OTHER,,406,"$308,540.17 ","$241,315.99 "
,TOTAL,,586,"$392,605.37 ","$307,259.35 "
26863,AS,,3,$101.46 ,$81.17 
,SG,,8,"$2,001.80 ","$1,601.44 "
,80'S,,3,$123.74 ,$98.99 
,OTHER,,56,"$13,338.83 ","$10,623.61 "
,TOTAL,,70,"$15,565.83 ","$12,405.21 "
26910,SG,,88,"$42,186.08 ","$32,872.93 "
,OTHER,,"1,313","$911,485.82 ","$717,308.64 "
,TOTAL,,"1,401","$953,671.90 ","$750,181.57 "
26951,SG,,585,"$233,834.70 ","$183,114.24 "
,OTHER,,"7,136","$3,813,976.84 ","$3,008,957.15 "
,TOTAL,,"7,721","$4,047,811.54 ","$3,192,071.39 "
26952,SG,,243,"$142,175.88 ","$112,569.65 "
,OTHER,,"1,862","$1,262,143.81 ","$990,295.43 "
,TOTAL,,"2,105","$1,404,319.69 ","$1,102,865.08 "
26989,OTHER,,347,"$119,404.34 ","$95,436.95 "
,TOTAL,,347,"$119,404.34 ","$95,436.95 "
26990,SG,,28,"$9,101.66 ","$7,201.30 "
,OTHER,,"4,918","$3,544,650.49 ","$2,818,180.24 "
,TOTAL,,"4,946","$3,553,752.15 ","$2,825,381.54 "
26991,80'S,,4,$439.61 ,$351.70 
,OTHER,,293,"$149,779.37 ","$119,268.68 "
,TOTAL,,297,"$150,218.98 ","$119,620.38 "
26992,AS,,14,"$2,320.29 ","$1,817.68 "
,SG,,2,$856.16 ,$684.93 
,80'S,,5,$707.67 ,$566.13 
,OTHER,,799,"$884,554.73 ","$697,155.84 "
,TOTAL,,820,"$888,438.85 ","$700,224.58 "
27000,SG,,3,"$1,547.13 ","$1,237.71 "
,OTHER,,643,"$180,050.53 ","$142,678.30 "
,TOTAL,,646,"$181,597.66 ","$143,916.01 "
27001,AS,,22,"$1,315.87 ","$1,052.70 "
,SG,,1,$496.95 ,$397.56 
,80'S,,34,"$1,820.50 ","$1,456.39 "
,OTHER,,237,"$89,621.27 ","$71,314.32 "
,TOTAL,,294,"$93,254.59 ","$74,220.97 "
27003,AS,,3,$152.85 ,$122.28 
,SG,,1,$268.29 ,$214.63 
,80'S,,5,$314.49 ,$251.60 
,OTHER,,61,"$23,284.09 ","$18,627.27 "
,TOTAL,,70,"$24,019.72 ","$19,215.78 "
27005,AS,,16,"$1,266.12 ","$1,012.90 "
,80'S,,12,"$1,065.91 ",$852.73 
,OTHER,,86,"$48,477.79 ","$38,782.22 "
,TOTAL,,114,"$50,809.82 ","$40,647.85 "
27006,AS,,27,"$2,355.19 ","$1,884.17 "
,80'S,,20,"$1,553.56 ","$1,242.90 "
,OTHER,,159,"$100,232.64 ","$79,372.15 "
,TOTAL,,206,"$104,141.39 ","$82,499.22 "
27025,AS,,5,$576.99 ,$461.59 
,80'S,,2,$263.68 ,$210.95 
,OTHER,,329,"$246,475.00 ","$193,311.96 "
,TOTAL,,336,"$247,315.67 ","$193,984.50 "
27030,AS,,172,"$21,985.26 ","$17,432.10 "
,SG,,1,$485.63 ,$388.50 
,80'S,,81,"$11,939.05 ","$9,392.94 "
,OTHER,,"1,506","$1,239,508.93 ","$986,620.06 "
,TOTAL,,"1,760","$1,273,918.87 ","$1,013,833.60 "
27033,AS,,62,"$7,898.30 ","$6,318.69 "
,SG,,4,"$1,745.93 ","$1,396.74 "
,80'S,,41,"$5,624.66 ","$4,495.45 "
,OTHER,,437,"$359,976.51 ","$286,635.60 "
,TOTAL,,544,"$375,245.40 ","$298,846.48 "
27035,AS,,2,$373.07 ,$298.45 
,SG,,39,"$23,951.62 ","$19,161.45 "
,80'S,,2,$541.10 ,$432.88 
,OTHER,,33,"$36,901.16 ","$29,514.74 "
,TOTAL,,76,"$61,766.95 ","$49,407.52 "
27036,AS,,27,"$2,826.80 ","$2,261.50 "
,80'S,,20,"$2,919.27 ","$2,335.42 "
,OTHER,,264,"$232,315.48 ","$185,045.36 "
,TOTAL,,311,"$238,061.55 ","$189,642.28 "
27040,SG,,17,"$4,778.84 ","$3,780.11 "
,OTHER,,492,"$123,932.59 ","$98,465.76 "
,TOTAL,,509,"$128,711.43 ","$102,245.87 "
27041,SG,,19,"$8,548.83 ","$6,759.10 "
,OTHER,,815,"$482,654.80 ","$381,447.75 "
,TOTAL,,834,"$491,203.63 ","$388,206.85 "
27047,SG,,152,"$60,550.71 ","$47,724.99 "
,OTHER,,"1,297","$662,918.21 ","$522,372.11 "
,TOTAL,,"1,449","$723,468.92 ","$570,097.10 "
27048,AS,,47,"$2,883.98 ","$2,307.18 "
,SG,,101,"$48,059.36 ","$37,348.58 "
,80'S,,59,"$4,121.04 ","$3,296.80 "
,OTHER,,988,"$474,088.87 ","$373,863.06 "
,TOTAL,,"1,195","$529,153.25 ","$416,815.62 "
27049,AS,,12,"$1,410.28 ","$1,128.22 "
,SG,,10,"$4,454.41 ","$3,563.53 "
,80'S,,57,"$8,101.33 ","$6,401.06 "
,OTHER,,528,"$473,840.40 ","$376,805.49 "
,TOTAL,,607,"$487,806.42 ","$387,898.30 "
27050,SG,,1,$489.54 ,$391.63 
,OTHER,,8,"$3,813.29 ","$3,050.64 "
,TOTAL,,9,"$4,302.83 ","$3,442.27 "
27052,AS,,13,$910.93 ,$670.07 
,SG,,1,$517.40 ,$413.92 
,80'S,,22,"$1,325.11 ","$1,060.04 "
,OTHER,,128,"$53,338.70 ","$42,189.80 "
,TOTAL,,164,"$56,092.14 ","$44,333.83 "
27054,AS,,29,"$2,334.90 ","$1,867.93 "
,80'S,,20,"$1,598.57 ","$1,268.88 "
,OTHER,,170,"$92,974.68 ","$73,837.43 "
,TOTAL,,219,"$96,908.15 ","$76,974.24 "
27060,SG,,10,"$7,063.64 ","$5,650.92 "
,OTHER,,72,"$26,085.52 ","$20,474.05 "
,TOTAL,,82,"$33,149.16 ","$26,124.97 "
27062,AS,,2,$145.82 ,$116.66 
,SG,,88,"$62,153.49 ","$46,873.72 "
,OTHER,,940,"$357,315.70 ","$281,477.39 "
,TOTAL,,"1,030","$419,615.01 ","$328,467.77 "
27065,AS,,17,"$1,083.02 ",$837.14 
,SG,,14,"$9,105.02 ","$7,284.03 "
,80'S,,10,$687.34 ,$496.85 
,OTHER,,149,"$66,608.46 ","$52,093.25 "
,TOTAL,,190,"$77,483.84 ","$60,711.27 "
27066,AS,,37,"$2,892.57 ","$2,314.03 "
,SG,,2,"$1,444.47 ","$1,155.58 "
,80'S,,22,"$2,819.37 ","$2,255.48 "
,OTHER,,240,"$165,517.54 ","$130,917.39 "
,TOTAL,,301,"$172,673.95 ","$136,642.48 "
27067,OTHER,,2,$936.41 ,$749.13 
,TOTAL,,2,$936.41 ,$749.13 
27070,AS,,23,"$2,945.80 ","$2,356.63 "
,80'S,,18,"$2,465.65 ","$1,972.51 "
,OTHER,,386,"$353,438.14 ","$279,865.16 "
,TOTAL,,427,"$358,849.59 ","$284,194.30 "
27071,AS,,46,"$6,253.03 ","$5,002.39 "
,80'S,,35,"$5,802.00 ","$4,633.49 "
,OTHER,,517,"$528,919.09 ","$420,529.48 "
,TOTAL,,598,"$540,974.12 ","$430,165.36 "
27075,AS,,10,"$3,096.83 ","$2,477.48 "
,80'S,,7,"$2,536.38 ","$2,029.10 "
,OTHER,,84,"$173,358.96 ","$138,563.10 "
,TOTAL,,101,"$178,992.17 ","$143,069.68 "
27076,AS,,11,"$2,137.42 ","$1,709.96 "
,80'S,,10,"$2,576.86 ","$2,061.50 "
,OTHER,,104,"$155,363.87 ","$123,648.96 "
,TOTAL,,125,"$160,078.15 ","$127,420.42 "
27077,80'S,,1,$463.77 ,$371.02 
,OTHER,,8,"$17,884.11 ","$14,267.92 "
,TOTAL,,9,"$18,347.88 ","$14,638.94 "
27078,AS,,2,$244.85 ,$195.88 
,80'S,,6,"$1,076.08 ",$860.87 
,OTHER,,41,"$43,601.46 ","$34,881.20 "
,TOTAL,,49,"$44,922.39 ","$35,937.95 "
27079,OTHER,,29,"$25,080.50 ","$19,492.41 "
,TOTAL,,29,"$25,080.50 ","$19,492.41 "
27080,AS,,20,"$1,259.42 ","$1,007.56 "
,SG,,6,"$2,470.74 ","$1,976.60 "
,80'S,,19,"$1,277.84 ","$1,022.27 "
,OTHER,,265,"$113,875.91 ","$89,992.66 "
,TOTAL,,310,"$118,883.91 ","$93,999.09 "
27086,AS,,2,$30.31 ,$24.25 
,SG,,8,"$2,465.63 ","$1,972.50 "
,80'S,,1,$29.15 ,$23.32 
,OTHER,,149,"$26,776.63 ","$20,896.80 "
,TOTAL,,160,"$29,301.72 ","$22,916.87 "
27087,AS,,20,"$1,726.64 ","$1,381.33 "
,SG,,6,"$3,046.53 ","$2,390.75 "
,80'S,,37,"$2,817.15 ","$2,253.71 "
,OTHER,,482,"$255,426.86 ","$203,417.92 "
,TOTAL,,545,"$263,017.18 ","$209,443.71 "
27090,AS,,115,"$10,719.47 ","$8,504.92 "
,80'S,,103,"$10,438.10 ","$8,350.48 "
,OTHER,,957,"$577,498.82 ","$459,601.09 "
,TOTAL,,"1,175","$598,656.39 ","$476,456.49 "
27091,AS,,345,"$65,946.76 ","$52,449.93 "
,80'S,,309,"$69,047.00 ","$54,823.41 "
,OTHER,,"1,957","$2,612,419.69 ","$2,080,635.23 "
,TOTAL,,"2,611","$2,747,413.45 ","$2,187,908.57 "
27093,OTHER,,"9,700","$1,815,533.18 ","$1,427,304.42 "
,TOTAL,,"9,700","$1,815,533.18 ","$1,427,304.42 "
27095,OTHER,,"2,768","$438,473.42 ","$343,382.57 "
,TOTAL,,"2,768","$438,473.42 ","$343,382.57 "
27096,AS,,1,$8.82 ,$7.06 
,OTHER,,"129,305","$37,863,475.98 ","$29,825,545.48 "
,TOTAL,,"129,306","$37,863,484.80 ","$29,825,552.54 "
27097,AS,,4,$233.57 ,$186.85 
,SG,,3,"$1,510.06 ","$1,208.05 "
,80'S,,3,$237.21 ,$189.77 
,OTHER,,21,"$10,011.92 ","$8,009.52 "
,TOTAL,,31,"$11,992.76 ","$9,594.19 "
27098,SG,,1,$491.77 ,$393.42 
,80'S,,1,$67.58 ,$54.06 
,OTHER,,28,"$13,727.56 ","$10,982.07 "
,TOTAL,,30,"$14,286.91 ","$11,429.55 "
27100,AS,,8,$817.13 ,$653.71 
,SG,,2,$969.23 ,$775.38 
,80'S,,6,$491.81 ,$393.43 
,OTHER,,32,"$14,656.24 ","$11,724.98 "
,TOTAL,,48,"$16,934.41 ","$13,547.50 "
27105,AS,,2,$249.95 ,$199.96 
,OTHER,,6,"$4,646.46 ","$3,717.17 "
,TOTAL,,8,"$4,896.41 ","$3,917.13 "
27110,AS,,6,$571.45 ,$457.17 
,80'S,,2,$175.33 ,$140.27 
,OTHER,,46,"$24,852.79 ","$19,807.19 "
,TOTAL,,54,"$25,599.57 ","$20,404.63 "
27111,OTHER,,3,"$2,080.15 ","$1,664.12 "
,TOTAL,,3,"$2,080.15 ","$1,664.12 "
27120,AS,,13,"$1,872.36 ","$1,384.01 "
,80'S,,21,"$4,279.55 ","$3,423.62 "
,OTHER,,71,"$72,974.90 ","$58,379.93 "
,TOTAL,,105,"$79,126.81 ","$63,187.56 "
27122,AS,,114,"$15,244.82 ","$12,157.87 "
,80'S,,102,"$16,441.54 ","$12,954.25 "
,OTHER,,863,"$825,545.38 ","$657,490.71 "
,TOTAL,,"1,079","$857,231.74 ","$682,602.83 "
27125,AS,,"1,913","$262,850.71 ","$209,331.74 "
,80'S,,"2,278","$368,355.10 ","$292,936.11 "
,OTHER,,"14,080","$13,903,572.35 ","$11,082,183.08 "
,TOTAL,,"18,271","$14,534,778.16 ","$11,584,450.93 "
27130,AS,,"25,574","$4,602,805.11 ","$3,662,934.18 "
,80'S,,"25,354","$5,370,316.46 ","$4,261,697.67 "
,OTHER,,"100,700","$134,005,589.60 ","$106,386,801.79 "
,TOTAL,,"151,628","$143,978,711.17 ","$114,311,433.64 "
27132,AS,,"1,133","$233,988.63 ","$186,614.03 "
,80'S,,"1,196","$291,345.33 ","$232,017.78 "
,OTHER,,"5,319","$7,909,489.94 ","$6,294,272.19 "
,TOTAL,,"7,648","$8,434,823.90 ","$6,712,904.00 "
27134,AS,,"2,666","$662,774.97 ","$529,081.86 "
,80'S,,"2,732","$799,739.88 ","$635,616.31 "
,OTHER,,"11,313","$20,258,973.60 ","$16,099,246.28 "
,TOTAL,,"16,711","$21,721,488.45 ","$17,263,944.45 "
27137,AS,,"1,236","$231,137.47 ","$183,644.96 "
,80'S,,"1,354","$295,105.71 ","$234,398.56 "
,OTHER,,"5,684","$7,446,488.84 ","$5,908,000.49 "
,TOTAL,,"8,274","$7,972,732.02 ","$6,326,044.01 "
27138,AS,,539,"$104,571.09 ","$83,440.59 "
,80'S,,680,"$154,961.62 ","$123,695.72 "
,OTHER,,"2,933","$3,998,263.49 ","$3,182,006.18 "
,TOTAL,,"4,152","$4,257,796.20 ","$3,389,142.49 "
27140,AS,,15,"$1,282.28 ","$1,025.83 "
,80'S,,34,"$3,022.49 ","$2,418.01 "
,OTHER,,182,"$112,839.15 ","$89,545.09 "
,TOTAL,,231,"$117,143.92 ","$92,988.93 "
27146,AS,,7,"$1,047.32 ",$837.86 
,80'S,,10,"$1,344.75 ","$1,075.80 "
,OTHER,,39,"$37,135.71 ","$29,665.78 "
,TOTAL,,56,"$39,527.78 ","$31,579.44 "
27147,AS,,11,"$2,186.87 ","$1,749.49 "
,80'S,,5,"$1,170.52 ",$936.43 
,OTHER,,21,"$28,084.91 ","$22,177.50 "
,TOTAL,,37,"$31,442.30 ","$24,863.42 "
27151,AS,,3,$865.62 ,$692.49 
,80'S,,4,$564.98 ,$451.98 
,OTHER,,16,"$18,965.59 ","$15,172.46 "
,TOTAL,,23,"$20,396.19 ","$16,316.93 "
27156,AS,,8,"$1,807.27 ","$1,445.81 "
,80'S,,1,$320.80 ,$256.64 
,OTHER,,19,"$26,669.75 ","$21,335.79 "
,TOTAL,,28,"$28,797.82 ","$23,038.24 "
27158,80'S,,3,$649.31 ,$519.45 
,OTHER,,3,"$3,408.99 ","$2,727.20 "
,TOTAL,,6,"$4,058.30 ","$3,246.65 "
27161,AS,,12,"$1,317.99 ","$1,054.38 "
,80'S,,22,"$4,025.49 ","$3,212.72 "
,OTHER,,88,"$98,009.55 ","$78,327.63 "
,TOTAL,,122,"$103,353.03 ","$82,594.73 "
27165,AS,,50,"$6,642.46 ","$5,240.78 "
,80'S,,56,"$8,429.95 ","$6,743.93 "
,OTHER,,304,"$295,473.94 ","$235,266.63 "
,TOTAL,,410,"$310,546.35 ","$247,251.34 "
27170,AS,,45,"$6,403.32 ","$5,122.64 "
,80'S,,54,"$8,517.71 ","$6,804.04 "
,OTHER,,433,"$440,387.39 ","$348,441.59 "
,TOTAL,,532,"$455,308.42 ","$360,368.27 "
27175,OTHER,,37,"$16,460.12 ","$13,168.09 "
,TOTAL,,37,"$16,460.12 ","$13,168.09 "
27176,AS,,2,$217.93 ,$174.34 
,80'S,,2,$209.44 ,$167.55 
,OTHER,,35,"$29,034.67 ","$23,174.35 "
,TOTAL,,39,"$29,462.04 ","$23,516.24 "
27177,80'S,,1,$164.07 ,$131.26 
,OTHER,,28,"$28,672.63 ","$22,933.63 "
,TOTAL,,29,"$28,836.70 ","$23,064.89 "
27178,OTHER,,1,"$1,034.85 ",$827.88 
,TOTAL,,1,"$1,034.85 ",$827.88 
27179,AS,,1,$123.52 ,$98.82 
,OTHER,,2,"$1,529.93 ","$1,223.94 "
,TOTAL,,3,"$1,653.45 ","$1,322.76 "
27181,OTHER,,2,"$1,486.18 ","$1,188.95 "
,TOTAL,,2,"$1,486.18 ","$1,188.95 "
27185,OTHER,,1,$536.81 ,$429.45 
,TOTAL,,1,$536.81 ,$429.45 
27187,AS,,68,"$9,044.82 ","$7,202.64 "
,80'S,,36,"$5,629.67 ","$4,503.75 "
,OTHER,,442,"$433,879.95 ","$344,226.46 "
,TOTAL,,546,"$448,554.44 ","$355,932.85 "
27193,OTHER,,"16,335","$6,932,305.31 ","$5,498,520.25 "
,TOTAL,,"16,335","$6,932,305.31 ","$5,498,520.25 "
27194,SG,,1,$467.60 ,$374.08 
,80'S,,1,$113.12 ,$90.50 
,OTHER,,155,"$95,205.42 ","$75,004.93 "
,TOTAL,,157,"$95,786.14 ","$75,469.51 "
27200,OTHER,,552,"$85,847.41 ","$66,781.79 "
,TOTAL,,552,"$85,847.41 ","$66,781.79 "
27202,OTHER,,11,"$10,217.52 ","$8,064.63 "
,TOTAL,,11,"$10,217.52 ","$8,064.63 "
27215,AS,,3,$262.18 ,$209.74 
,80'S,,12,"$1,105.65 ",$884.53 
,OTHER,,70,"$42,719.87 ","$34,119.28 "
,TOTAL,,85,"$44,087.70 ","$35,213.55 "
27216,AS,,13,"$1,863.72 ","$1,376.09 "
,80'S,,18,"$2,733.36 ","$2,186.69 "
,OTHER,,187,"$193,792.43 ","$152,183.82 "
,TOTAL,,218,"$198,389.51 ","$155,746.60 "
27217,AS,,13,"$1,357.62 ","$1,034.01 "
,80'S,,24,"$3,373.46 ","$2,545.52 "
,OTHER,,194,"$150,956.76 ","$118,879.87 "
,TOTAL,,231,"$155,687.84 ","$122,459.40 "
27218,AS,,13,"$2,118.08 ","$1,694.48 "
,80'S,,9,"$1,475.43 ","$1,180.33 "
,OTHER,,116,"$138,196.02 ","$110,167.74 "
,TOTAL,,138,"$141,789.53 ","$113,042.55 "
27220,OTHER,,"2,720","$1,245,766.07 ","$988,199.95 "
,TOTAL,,"2,720","$1,245,766.07 ","$988,199.95 "
27222,OTHER,,285,"$238,556.61 ","$189,193.59 "
,TOTAL,,285,"$238,556.61 ","$189,193.59 "
27226,AS,,21,"$2,497.55 ","$1,998.05 "
,80'S,,40,"$5,743.56 ","$4,583.30 "
,OTHER,,287,"$240,320.42 ","$190,135.26 "
,TOTAL,,348,"$248,561.53 ","$196,716.61 "
27227,AS,,27,"$5,672.34 ","$4,537.84 "
,80'S,,50,"$12,402.24 ","$9,780.13 "
,OTHER,,285,"$422,648.88 ","$335,787.17 "
,TOTAL,,362,"$440,723.46 ","$350,105.14 "
27228,AS,,45,"$10,677.38 ","$8,541.91 "
,80'S,,59,"$16,755.51 ","$13,208.03 "
,OTHER,,410,"$717,487.16 ","$570,896.97 "
,TOTAL,,514,"$744,920.05 ","$592,646.91 "
27230,80'S,,2,$175.25 ,$140.21 
,OTHER,,"2,729","$1,237,715.84 ","$985,087.62 "
,TOTAL,,"2,731","$1,237,891.09 ","$985,227.83 "
27232,OTHER,,468,"$345,091.41 ","$275,869.32 "
,TOTAL,,468,"$345,091.41 ","$275,869.32 "
27235,AS,,1,$115.83 ,$92.66 
,80'S,,1,$153.39 ,$122.71 
,OTHER,,"18,082","$16,123,094.32 ","$12,843,338.52 "
,TOTAL,,"18,084","$16,123,363.54 ","$12,843,553.89 "
27236,AS,,"12,295","$1,734,891.86 ","$1,379,841.15 "
,80'S,,"8,402","$1,423,706.82 ","$1,132,552.55 "
,OTHER,,"86,524","$89,916,141.35 ","$71,688,857.96 "
,TOTAL,,"107,221","$93,074,740.03 ","$74,201,251.66 "
27238,SG,,1,$325.62 ,$260.50 
,OTHER,,"2,216","$1,000,913.75 ","$793,745.06 "
,TOTAL,,"2,217","$1,001,239.37 ","$794,005.56 "
27240,OTHER,,437,"$392,190.02 ","$313,385.85 "
,TOTAL,,437,"$392,190.02 ","$313,385.85 "
27244,AS,,"8,254","$1,255,827.81 ","$998,738.27 "
,80'S,,"4,483","$810,761.06 ","$645,591.28 "
,OTHER,,"74,763","$83,841,747.66 ","$66,851,231.40 "
,TOTAL,,"87,500","$85,908,336.53 ","$68,495,560.95 "
27245,AS,,"3,606","$676,331.37 ","$539,110.16 "
,80'S,,"1,804","$404,192.81 ","$321,030.39 "
,OTHER,,"29,240","$40,683,539.95 ","$32,443,146.69 "
,TOTAL,,"34,650","$41,764,064.13 ","$33,303,287.24 "
27246,OTHER,,"2,452","$1,019,430.52 ","$809,188.43 "
,TOTAL,,"2,452","$1,019,430.52 ","$809,188.43 "
27248,AS,,180,"$14,344.68 ","$11,475.69 "
,80'S,,134,"$12,947.97 ","$10,357.05 "
,OTHER,,"1,321","$763,152.66 ","$609,201.40 "
,TOTAL,,"1,635","$790,445.31 ","$631,034.14 "
27250,SG,,1,$308.07 ,$246.46 
,OTHER,,"2,870","$1,255,422.82 ","$997,191.68 "
,TOTAL,,"2,871","$1,255,730.89 ","$997,438.14 "
27252,SG,,7,"$3,091.73 ","$2,473.39 "
,OTHER,,"2,144","$1,422,648.92 ","$1,130,934.79 "
,TOTAL,,"2,151","$1,425,740.65 ","$1,133,408.18 "
27253,AS,,52,"$6,298.09 ","$5,038.49 "
,80'S,,26,"$3,660.88 ","$2,928.70 "
,OTHER,,394,"$298,313.66 ","$236,973.49 "
,TOTAL,,472,"$308,272.63 ","$244,940.68 "
27254,AS,,25,"$4,152.81 ","$3,322.26 "
,80'S,,46,"$9,517.51 ","$7,534.11 "
,OTHER,,185,"$209,998.58 ","$166,040.86 "
,TOTAL,,256,"$223,668.90 ","$176,897.23 "
27256,OTHER,,141,"$42,333.31 ","$33,266.37 "
,TOTAL,,141,"$42,333.31 ","$33,266.37 "
27257,AS,,1,$49.05 ,$39.24 
,SG,,1,$471.61 ,$377.29 
,80'S,,1,$60.17 ,$48.14 
,OTHER,,200,"$70,930.05 ","$56,348.27 "
,TOTAL,,203,"$71,510.88 ","$56,812.94 "
27258,AS,,9,"$1,325.90 ","$1,060.71 "
,80'S,,8,"$1,472.30 ","$1,177.84 "
,OTHER,,99,"$92,507.32 ","$73,989.89 "
,TOTAL,,116,"$95,305.52 ","$76,228.44 "
27259,80'S,,1,$229.45 ,$183.56 
,OTHER,,5,"$7,221.90 ","$5,777.53 "
,TOTAL,,6,"$7,451.35 ","$5,961.09 "
27265,SG,,4,"$1,308.75 ","$1,047.00 "
,OTHER,,"5,079","$1,915,729.23 ","$1,519,983.86 "
,TOTAL,,"5,083","$1,917,037.98 ","$1,521,030.86 "
27266,SG,,12,"$5,310.14 ","$4,248.09 "
,OTHER,,"12,456","$6,515,624.47 ","$5,168,597.82 "
,TOTAL,,"12,468","$6,520,934.61 ","$5,172,845.91 "
27275,SG,,23,"$10,027.26 ","$8,021.80 "
,OTHER,,356,"$69,399.85 ","$54,951.54 "
,TOTAL,,379,"$79,427.11 ","$62,973.34 "
27280,AS,,11,"$1,387.85 ","$1,046.35 "
,80'S,,15,"$1,924.42 ","$1,539.51 "
,OTHER,,85,"$75,868.68 ","$59,359.37 "
,TOTAL,,111,"$79,180.95 ","$61,945.23 "
27282,80'S,,3,$275.76 ,$220.61 
,OTHER,,10,"$7,456.35 ","$5,965.09 "
,TOTAL,,13,"$7,732.11 ","$6,185.70 "
27284,AS,,2,$431.24 ,$344.99 
,80'S,,2,$435.27 ,$348.22 
,OTHER,,18,"$26,852.07 ","$20,506.44 "
,TOTAL,,22,"$27,718.58 ","$21,199.65 "
27286,AS,,8,"$1,801.28 ","$1,441.04 "
,80'S,,4,"$1,115.87 ",$892.69 
,OTHER,,12,"$16,020.43 ","$12,781.88 "
,TOTAL,,24,"$18,937.58 ","$15,115.61 "
27290,AS,,1,$197.28 ,$157.82 
,80'S,,4,"$1,085.00 ",$868.00 
,OTHER,,41,"$57,219.22 ","$44,936.22 "
,TOTAL,,46,"$58,501.50 ","$45,962.04 "
27295,AS,,16,"$2,447.16 ","$1,957.73 "
,80'S,,38,"$7,465.89 ","$5,926.56 "
,OTHER,,357,"$404,020.99 ","$320,450.53 "
,TOTAL,,411,"$413,934.04 ","$328,334.82 "
27299,AS,,53,"$7,667.25 ","$6,133.81 "
,80'S,,48,"$9,764.63 ","$7,788.40 "
,OTHER,,699,"$578,644.00 ","$458,924.21 "
,TOTAL,,800,"$596,075.88 ","$472,846.42 "
27301,SG,,141,"$69,294.99 ","$55,101.01 "
,OTHER,,"6,870","$4,498,933.41 ","$3,571,019.16 "
,TOTAL,,"7,011","$4,568,228.40 ","$3,626,120.17 "
27303,AS,,71,"$7,115.86 ","$5,692.71 "
,SG,,4,"$1,342.02 ","$1,073.62 "
,80'S,,45,"$5,290.79 ","$4,218.25 "
,OTHER,,756,"$558,414.89 ","$443,049.52 "
,TOTAL,,876,"$572,163.56 ","$454,034.10 "
27305,AS,,22,"$1,306.17 ","$1,044.98 "
,SG,,22,"$7,691.61 ","$5,777.28 "
,80'S,,19,"$1,111.68 ",$822.71 
,OTHER,,163,"$68,552.09 ","$53,521.10 "
,TOTAL,,226,"$78,661.55 ","$61,166.07 "
27306,AS,,10,$387.02 ,$309.63 
,80'S,,5,$184.00 ,$147.22 
,OTHER,,59,"$17,697.92 ","$14,158.34 "
,TOTAL,,74,"$18,268.94 ","$14,615.19 "
27307,AS,,3,$177.21 ,$113.29 
,OTHER,,88,"$33,201.09 ","$26,510.70 "
,TOTAL,,91,"$33,378.30 ","$26,623.99 "
27310,AS,,294,"$27,610.13 ","$22,007.29 "
,SG,,43,"$24,004.99 ","$18,457.71 "
,80'S,,122,"$13,081.02 ","$10,321.62 "
,OTHER,,"3,202","$2,025,517.37 ","$1,606,270.83 "
,TOTAL,,"3,661","$2,090,213.51 ","$1,657,057.45 "
27315,OTHER,,7,"$2,872.00 ","$2,297.61 "
,TOTAL,,7,"$2,872.00 ","$2,297.61 "
27320,AS,,1,$56.98 ,$45.58 
,SG,,1,$434.97 ,$347.98 
,80'S,,1,$32.89 ,$26.31 
,OTHER,,14,"$5,106.98 ","$4,005.58 "
,TOTAL,,17,"$5,631.82 ","$4,425.45 "
27323,SG,,28,"$8,371.61 ","$6,697.28 "
,OTHER,,712,"$169,074.65 ","$133,197.32 "
,TOTAL,,740,"$177,446.26 ","$139,894.60 "
27324,SG,,50,"$15,729.13 ","$12,341.05 "
,OTHER,,"1,006","$399,038.94 ","$315,613.43 "
,TOTAL,,"1,056","$414,768.07 ","$327,954.48 "
27327,SG,,362,"$139,060.11 ","$108,489.52 "
,OTHER,,"2,463","$924,652.74 ","$724,482.58 "
,TOTAL,,"2,825","$1,063,712.85 ","$832,972.10 "
27328,SG,,223,"$108,031.64 ","$85,718.60 "
,OTHER,,"1,834","$815,943.97 ","$642,509.61 "
,TOTAL,,"2,057","$923,975.61 ","$728,228.21 "
27329,AS,,45,"$6,542.08 ","$5,233.70 "
,SG,,10,"$6,059.86 ","$4,408.32 "
,80'S,,58,"$10,062.59 ","$8,036.40 "
,OTHER,,"1,080","$1,137,311.25 ","$902,918.56 "
,TOTAL,,"1,193","$1,159,975.78 ","$920,596.98 "
27330,SG,,9,"$4,967.51 ","$3,974.02 "
,OTHER,,91,"$30,163.66 ","$23,941.12 "
,TOTAL,,100,"$35,131.17 ","$27,915.14 "
27331,AS,,78,"$4,776.63 ","$3,821.33 "
,SG,,67,"$39,160.50 ","$31,208.03 "
,80'S,,39,"$2,790.44 ","$2,162.70 "
,OTHER,,786,"$325,846.39 ","$257,359.33 "
,TOTAL,,970,"$372,573.96 ","$294,551.39 "
27332,AS,,6,$514.17 ,$411.33 
,SG,,11,"$6,143.59 ","$4,914.86 "
,80'S,,9,$742.10 ,$593.67 
,OTHER,,103,"$53,985.91 ","$43,080.73 "
,TOTAL,,129,"$61,385.77 ","$49,000.59 "
27333,AS,,1,$77.16 ,$61.73 
,SG,,2,"$1,223.83 ",$979.06 
,80'S,,1,$102.84 ,$82.27 
,OTHER,,19,"$9,994.51 ","$7,995.62 "
,TOTAL,,23,"$11,398.34 ","$9,118.68 "
27334,AS,,112,"$8,960.23 ","$7,168.10 "
,SG,,8,"$4,215.37 ","$3,021.72 "
,80'S,,72,"$6,866.85 ","$5,493.51 "
,OTHER,,733,"$419,206.89 ","$331,923.18 "
,TOTAL,,925,"$439,249.34 ","$347,606.51 "
27335,AS,,116,"$9,179.24 ","$7,286.17 "
,80'S,,79,"$7,129.69 ","$5,698.47 "
,OTHER,,752,"$422,802.15 ","$333,003.38 "
,TOTAL,,947,"$439,111.08 ","$345,988.02 "
27340,SG,,217,"$98,526.36 ","$76,176.95 "
,OTHER,,"1,279","$440,567.03 ","$345,192.00 "
,TOTAL,,"1,496","$539,093.39 ","$421,368.95 "
27345,AS,,93,"$5,939.98 ","$4,649.70 "
,SG,,219,"$110,156.95 ","$87,136.74 "
,80'S,,34,"$2,591.66 ","$2,066.09 "
,OTHER,,"1,200","$473,638.62 ","$373,708.59 "
,TOTAL,,"1,546","$592,327.21 ","$467,561.12 "
27347,AS,,19,"$1,134.17 ",$907.34 
,SG,,35,"$18,650.04 ","$14,920.00 "
,80'S,,7,$444.60 ,$355.66 
,OTHER,,312,"$116,322.39 ","$91,001.90 "
,TOTAL,,373,"$136,551.20 ","$107,184.90 "
27350,AS,,89,"$6,021.86 ","$4,743.54 "
,SG,,20,"$10,329.45 ","$8,263.53 "
,80'S,,81,"$6,098.96 ","$4,879.12 "
,OTHER,,838,"$433,115.48 ","$341,054.44 "
,TOTAL,,"1,028","$455,565.75 ","$358,940.63 "
27355,AS,,55,"$3,317.08 ","$2,653.75 "
,SG,,14,"$5,289.89 ","$4,231.90 "
,80'S,,7,$547.28 ,$387.75 
,OTHER,,291,"$145,376.80 ","$114,938.57 "
,TOTAL,,367,"$154,531.05 ","$122,211.97 "
27356,AS,,11,$867.21 ,$693.75 
,SG,,1,$657.59 ,$526.07 
,80'S,,10,$979.43 ,$783.55 
,OTHER,,107,"$69,851.90 ","$55,088.36 "
,TOTAL,,129,"$72,356.13 ","$57,091.73 "
27357,AS,,9,$750.88 ,$600.72 
,80'S,,31,"$2,496.15 ","$1,996.96 "
,OTHER,,213,"$128,211.56 ","$101,552.25 "
,TOTAL,,253,"$131,458.59 ","$104,149.93 "
27358,AS,,3,$96.93 ,$77.54 
,80'S,,1,$38.46 ,$30.77 
,OTHER,,27,"$7,663.98 ","$6,131.16 "
,TOTAL,,31,"$7,799.37 ","$6,239.47 "
27360,AS,,73,"$9,735.61 ","$7,788.45 "
,SG,,31,"$20,459.99 ","$16,334.02 "
,80'S,,57,"$7,858.67 ","$6,216.33 "
,OTHER,,934,"$886,117.24 ","$700,402.38 "
,TOTAL,,"1,095","$924,171.51 ","$730,741.18 "
27365,AS,,20,"$2,392.98 ","$1,914.39 "
,80'S,,40,"$6,077.13 ","$4,861.68 "
,OTHER,,376,"$344,631.80 ","$274,228.32 "
,TOTAL,,436,"$353,101.91 ","$281,004.39 "
27370,OTHER,,"2,863","$691,998.41 ","$547,888.43 "
,TOTAL,,"2,863","$691,998.41 ","$547,888.43 "
27372,AS,,5,$260.31 ,$208.25 
,SG,,35,"$34,409.43 ","$27,150.99 "
,80'S,,3,$136.36 ,$109.09 
,OTHER,,566,"$199,680.08 ","$155,804.82 "
,TOTAL,,609,"$234,486.18 ","$183,273.15 "
27380,AS,,99,"$6,682.98 ","$5,292.77 "
,SG,,25,"$6,766.17 ","$5,332.94 "
,80'S,,72,"$5,770.76 ","$4,587.49 "
,OTHER,,944,"$460,086.79 ","$363,286.47 "
,TOTAL,,"1,140","$479,306.70 ","$378,499.67 "
27381,AS,,53,"$4,789.20 ","$3,758.52 "
,SG,,3,"$1,706.93 ","$1,365.54 "
,80'S,,45,"$4,738.44 ","$3,790.79 "
,OTHER,,363,"$238,637.02 ","$190,122.18 "
,TOTAL,,464,"$249,871.59 ","$199,037.03 "
27385,AS,,350,"$28,405.52 ","$22,577.53 "
,SG,,101,"$47,596.07 ","$37,467.23 "
,80'S,,152,"$13,858.07 ","$11,086.46 "
,OTHER,,"2,526","$1,505,285.33 ","$1,191,017.85 "
,TOTAL,,"3,129","$1,595,144.99 ","$1,262,149.07 "
27386,AS,,58,"$6,013.51 ","$4,810.84 "
,SG,,7,"$3,574.48 ","$2,859.59 "
,80'S,,49,"$5,985.73 ","$4,788.60 "
,OTHER,,385,"$292,449.93 ","$231,714.29 "
,TOTAL,,499,"$308,023.65 ","$244,173.32 "
27390,SG,,3,$484.30 ,$387.44 
,80'S,,3,$129.21 ,$103.38 
,OTHER,,34,"$12,196.17 ","$9,756.94 "
,TOTAL,,40,"$12,809.68 ","$10,247.76 "
27391,AS,,1,$47.73 ,$38.18 
,SG,,3,"$1,154.80 ",$903.96 
,OTHER,,76,"$36,568.52 ","$29,254.79 "
,TOTAL,,80,"$37,771.05 ","$30,196.93 "
27392,AS,,2,$162.39 ,$49.91 
,80'S,,4,$353.37 ,$282.68 
,OTHER,,28,"$15,669.37 ","$11,915.17 "
,TOTAL,,34,"$16,185.13 ","$12,247.76 "
27393,AS,,4,$228.17 ,$182.55 
,OTHER,,26,"$10,331.53 ","$8,265.20 "
,TOTAL,,30,"$10,559.70 ","$8,447.75 "
27394,AS,,10,$727.68 ,$582.15 
,80'S,,8,$717.18 ,$573.76 
,OTHER,,135,"$63,963.77 ","$50,555.12 "
,TOTAL,,153,"$65,408.63 ","$51,711.03 "
27395,AS,,1,$131.01 ,$104.81 
,80'S,,3,$448.50 ,$358.80 
,OTHER,,27,"$23,689.23 ","$16,167.01 "
,TOTAL,,31,"$24,268.74 ","$16,630.62 "
27396,AS,,2,$94.00 ,$75.20 
,80'S,,2,$162.82 ,$130.26 
,OTHER,,16,"$7,712.86 ","$6,170.29 "
,TOTAL,,20,"$7,969.68 ","$6,375.75 "
27397,AS,,1,$113.11 ,$90.49 
,80'S,,1,$69.31 ,$55.45 
,OTHER,,10,"$7,591.59 ","$5,999.98 "
,TOTAL,,12,"$7,774.01 ","$6,145.92 "
27400,AS,,1,$53.90 ,$43.12 
,80'S,,2,$180.17 ,$144.14 
,OTHER,,14,"$5,643.10 ","$4,514.47 "
,TOTAL,,17,"$5,877.17 ","$4,701.73 "
27403,AS,,15,$729.01 ,$583.21 
,SG,,3,"$1,250.08 ","$1,000.06 "
,80'S,,19,"$1,150.88 ",$920.70 
,OTHER,,155,"$60,832.57 ","$48,228.41 "
,TOTAL,,192,"$63,962.54 ","$50,732.38 "
27405,AS,,25,"$2,029.06 ","$1,623.24 "
,SG,,8,"$4,813.76 ","$3,851.01 "
,80'S,,36,"$3,034.07 ","$2,324.25 "
,OTHER,,305,"$166,225.82 ","$130,182.36 "
,TOTAL,,374,"$176,102.71 ","$137,980.86 "
27407,AS,,4,$378.12 ,$302.50 
,SG,,3,"$1,231.63 ",$985.31 
,80'S,,6,$593.58 ,$474.86 
,OTHER,,46,"$28,927.39 ","$23,061.89 "
,TOTAL,,59,"$31,130.72 ","$24,824.56 "
27409,AS,,5,$516.31 ,$413.04 
,80'S,,2,$221.52 ,$177.21 
,OTHER,,22,"$16,439.70 ","$13,151.74 "
,TOTAL,,29,"$17,177.53 ","$13,741.99 "
27418,AS,,29,"$3,050.02 ","$2,440.00 "
,SG,,18,"$5,665.22 ","$4,532.16 "
,80'S,,20,"$2,322.71 ","$1,858.19 "
,OTHER,,201,"$154,546.15 ","$120,244.07 "
,TOTAL,,268,"$165,584.10 ","$129,074.42 "
27420,AS,,17,"$1,680.38 ","$1,344.31 "
,SG,,5,"$2,299.48 ","$1,839.59 "
,80'S,,14,"$1,730.84 ","$1,384.67 "
,OTHER,,122,"$84,586.28 ","$67,614.40 "
,TOTAL,,158,"$90,296.98 ","$72,182.97 "
27422,AS,,80,"$7,055.83 ","$5,644.70 "
,SG,,24,"$24,234.66 ","$19,263.92 "
,80'S,,80,"$8,283.76 ","$6,575.22 "
,OTHER,,602,"$377,150.18 ","$298,642.13 "
,TOTAL,,786,"$416,724.43 ","$330,125.97 "
27424,AS,,10,$887.48 ,$709.98 
,SG,,4,"$1,698.45 ","$1,358.76 "
,80'S,,6,$538.04 ,$430.43 
,OTHER,,76,"$52,545.89 ","$41,923.31 "
,TOTAL,,96,"$55,669.86 ","$44,422.48 "
27425,SG,,287,"$281,101.64 ","$221,206.07 "
,80'S,,4,$157.47 ,$125.98 
,OTHER,,"2,342","$673,499.23 ","$530,529.11 "
,TOTAL,,"2,633","$954,758.34 ","$751,861.16 "
27427,AS,,21,"$1,436.49 ","$1,149.18 "
,SG,,4,"$1,266.55 ","$1,013.24 "
,80'S,,16,"$1,374.72 ","$1,050.26 "
,OTHER,,105,"$57,854.47 ","$45,442.81 "
,TOTAL,,146,"$61,932.23 ","$48,655.49 "
27428,AS,,9,"$1,112.78 ",$890.22 
,SG,,1,$629.96 ,$503.97 
,80'S,,5,$755.83 ,$604.66 
,OTHER,,64,"$53,966.25 ","$42,530.87 "
,TOTAL,,79,"$56,464.82 ","$44,529.72 "
27429,AS,,1,$143.22 ,$114.58 
,80'S,,2,$343.20 ,$274.56 
,OTHER,,15,"$14,486.97 ","$11,589.57 "
,TOTAL,,18,"$14,973.39 ","$11,978.71 "
27430,AS,,94,"$8,480.78 ","$6,681.33 "
,SG,,28,"$17,677.32 ","$13,975.65 "
,80'S,,87,"$7,622.24 ","$6,097.78 "
,OTHER,,570,"$353,806.73 ","$279,518.67 "
,TOTAL,,779,"$387,587.07 ","$306,273.43 "
27435,AS,,111,"$5,839.58 ","$4,671.87 "
,SG,,2,$969.58 ,$775.67 
,80'S,,21,"$1,411.70 ","$1,129.34 "
,OTHER,,348,"$160,779.37 ","$128,237.62 "
,TOTAL,,482,"$169,000.23 ","$134,814.50 "
27437,SG,,6,"$3,495.54 ","$2,796.43 "
,OTHER,,"1,042","$394,572.37 ","$313,062.50 "
,TOTAL,,"1,048","$398,067.91 ","$315,858.93 "
27438,AS,,105,"$9,621.19 ","$7,607.92 "
,SG,,2,"$1,394.90 ","$1,115.92 "
,80'S,,130,"$14,766.25 ","$11,620.58 "
,OTHER,,491,"$339,072.27 ","$267,907.45 "
,TOTAL,,728,"$364,854.61 ","$288,251.87 "
27440,AS,,3,$297.34 ,$237.87 
,80'S,,5,$512.86 ,$410.28 
,OTHER,,28,"$16,249.11 ","$12,999.28 "
,TOTAL,,36,"$17,059.31 ","$13,647.43 "
27441,AS,,10,$981.69 ,$785.35 
,80'S,,8,$934.47 ,$747.58 
,OTHER,,52,"$34,209.48 ","$26,666.89 "
,TOTAL,,70,"$36,125.64 ","$28,199.82 "
27442,AS,,25,"$2,759.70 ","$2,207.78 "
,SG,,10,"$6,991.80 ","$5,593.44 "
,80'S,,21,"$2,829.43 ","$2,252.49 "
,OTHER,,88,"$70,223.83 ","$55,870.39 "
,TOTAL,,144,"$82,804.76 ","$65,924.10 "
27443,AS,,9,$825.56 ,$660.45 
,SG,,1,$602.06 ,$481.65 
,80'S,,10,"$1,333.22 ","$1,066.58 "
,OTHER,,61,"$42,386.92 ","$33,909.55 "
,TOTAL,,81,"$45,147.76 ","$36,118.23 "
27445,AS,,21,"$3,330.25 ","$2,664.22 "
,80'S,,36,"$6,342.21 ","$5,055.78 "
,OTHER,,172,"$178,893.97 ","$141,762.85 "
,TOTAL,,229,"$188,566.43 ","$149,482.85 "
27446,AS,,"3,373","$496,836.44 ","$394,424.74 "
,80'S,,"2,385","$401,508.58 ","$317,589.81 "
,OTHER,,"10,815","$11,636,405.11 ","$9,203,975.16 "
,TOTAL,,"16,573","$12,534,750.13 ","$9,915,989.71 "
27447,AS,,"52,792","$10,172,196.82 ","$8,091,445.77 "
,80'S,,"48,440","$10,965,324.12 ","$8,698,693.16 "
,OTHER,,"210,648","$299,213,870.73 ","$237,072,605.40 "
,TOTAL,,"311,880","$320,351,391.67 ","$253,862,744.33 "
27448,AS,,58,"$3,945.73 ","$3,156.65 "
,80'S,,40,"$3,880.01 ","$3,047.86 "
,OTHER,,232,"$135,792.32 ","$107,362.16 "
,TOTAL,,330,"$143,618.06 ","$113,566.67 "
27450,AS,,36,"$3,710.32 ","$2,968.24 "
,80'S,,35,"$4,504.99 ","$3,603.95 "
,OTHER,,186,"$145,937.97 ","$115,265.73 "
,TOTAL,,257,"$154,153.28 ","$121,837.92 "
27454,AS,,5,$930.37 ,$744.29 
,80'S,,3,$615.56 ,$492.45 
,OTHER,,23,"$28,388.25 ","$21,919.98 "
,TOTAL,,31,"$29,934.18 ","$23,156.72 "
27455,AS,,5,$603.61 ,$482.89 
,80'S,,6,$819.93 ,$655.94 
,OTHER,,66,"$49,306.96 ","$39,219.10 "
,TOTAL,,77,"$50,730.50 ","$40,357.93 "
27457,AS,,22,"$2,247.72 ","$1,763.59 "
,80'S,,21,"$3,017.46 ","$2,413.95 "
,OTHER,,137,"$120,735.06 ","$94,608.09 "
,TOTAL,,180,"$126,000.24 ","$98,785.63 "
27465,AS,,2,$145.43 ,$116.34 
,80'S,,4,$442.76 ,$354.20 
,OTHER,,28,"$22,768.58 ","$18,214.88 "
,TOTAL,,34,"$23,356.77 ","$18,685.42 "
27466,AS,,9,"$1,312.19 ","$1,049.76 "
,80'S,,17,"$2,494.21 ","$1,963.02 "
,OTHER,,47,"$45,659.81 ","$35,871.66 "
,TOTAL,,73,"$49,466.21 ","$38,884.44 "
27468,AS,,1,$212.12 ,$169.70 
,80'S,,1,$225.01 ,$180.01 
,OTHER,,4,"$5,049.29 ","$4,039.43 "
,TOTAL,,6,"$5,486.42 ","$4,389.14 "
27470,AS,,105,"$16,361.76 ","$12,912.63 "
,80'S,,73,"$13,250.30 ","$10,600.24 "
,OTHER,,565,"$641,122.96 ","$508,598.75 "
,TOTAL,,743,"$670,735.02 ","$532,111.62 "
27472,AS,,79,"$13,749.67 ","$10,979.71 "
,80'S,,74,"$15,033.08 ","$11,797.90 "
,OTHER,,562,"$713,177.05 ","$563,827.45 "
,TOTAL,,715,"$741,959.80 ","$586,605.06 "
27477,OTHER,,49,"$34,917.04 ","$27,515.29 "
,TOTAL,,49,"$34,917.04 ","$27,515.29 "
27479,OTHER,,2,"$2,288.42 ","$1,830.74 "
,TOTAL,,2,"$2,288.42 ","$1,830.74 "
27485,OTHER,,3,"$1,477.35 ","$1,181.88 "
,TOTAL,,3,"$1,477.35 ","$1,181.88 "
27486,AS,,"1,557","$267,066.59 ","$212,488.94 "
,80'S,,"1,448","$290,792.39 ","$230,089.30 "
,OTHER,,"6,739","$8,304,934.62 ","$6,581,520.94 "
,TOTAL,,"9,744","$8,862,793.60 ","$7,024,099.18 "
27487,AS,,"2,695","$597,458.28 ","$476,016.75 "
,80'S,,"2,640","$683,755.54 ","$542,143.47 "
,OTHER,,"11,490","$18,498,306.66 ","$14,653,485.96 "
,TOTAL,,"16,825","$19,779,520.48 ","$15,671,646.18 "
27488,AS,,758,"$106,309.86 ","$84,677.84 "
,80'S,,538,"$89,397.71 ","$70,784.92 "
,OTHER,,"3,932","$3,911,067.92 ","$3,103,768.57 "
,TOTAL,,"5,228","$4,106,775.49 ","$3,259,231.33 "
27495,AS,,66,"$10,414.85 ","$8,251.89 "
,80'S,,49,"$9,178.89 ","$7,343.10 "
,OTHER,,570,"$660,054.07 ","$525,703.88 "
,TOTAL,,685,"$679,647.81 ","$541,298.87 "
27496,80'S,,1,$50.43 ,$40.34 
,OTHER,,50,"$19,221.31 ","$15,285.02 "
,TOTAL,,51,"$19,271.74 ","$15,325.36 "
27497,SG,,1,$506.92 ,$405.54 
,80'S,,1,$95.10 ,$76.08 
,OTHER,,24,"$10,393.51 ","$8,041.67 "
,TOTAL,,26,"$10,995.53 ","$8,523.29 "
27498,AS,,1,$86.15 ,$68.92 
,80'S,,2,$114.57 ,$91.66 
,OTHER,,55,"$28,084.85 ","$22,467.85 "
,TOTAL,,58,"$28,285.57 ","$22,628.43 "
27499,80'S,,1,$115.01 ,$92.01 
,OTHER,,34,"$18,899.65 ","$15,119.68 "
,TOTAL,,35,"$19,014.66 ","$15,211.69 "
27500,SG,,1,$180.81 ,$144.65 
,OTHER,,897,"$474,054.34 ","$377,077.58 "
,TOTAL,,898,"$474,235.15 ","$377,222.23 "
27501,OTHER,,"1,698","$972,491.56 ","$771,470.90 "
,TOTAL,,"1,698","$972,491.56 ","$771,470.90 "
27502,SG,,1,$429.41 ,$343.53 
,OTHER,,522,"$420,933.62 ","$335,197.99 "
,TOTAL,,523,"$421,363.03 ","$335,541.52 "
27503,AS,,4,$469.80 ,$288.34 
,SG,,1,$471.61 ,$377.29 
,80'S,,3,$407.85 ,$326.28 
,OTHER,,781,"$647,713.07 ","$515,206.89 "
,TOTAL,,789,"$649,062.33 ","$516,198.80 "
27506,AS,,"1,038","$164,115.26 ","$130,763.60 "
,80'S,,888,"$166,275.78 ","$132,237.09 "
,OTHER,,"8,561","$9,871,405.52 ","$7,860,582.11 "
,TOTAL,,"10,487","$10,201,796.56 ","$8,123,582.80 "
27507,AS,,545,"$71,894.92 ","$57,263.59 "
,80'S,,560,"$86,665.18 ","$68,383.99 "
,OTHER,,"4,029","$3,711,547.51 ","$2,957,341.47 "
,TOTAL,,"5,134","$3,870,107.61 ","$3,082,989.05 "
27508,SG,,1,$331.27 ,$265.02 
,OTHER,,"1,556","$698,528.02 ","$552,223.45 "
,TOTAL,,"1,557","$698,859.29 ","$552,488.47 "
27509,AS,,4,$255.39 ,$204.32 
,SG,,2,"$1,037.51 ",$830.01 
,80'S,,6,$554.13 ,$443.30 
,OTHER,,326,"$193,049.64 ","$153,365.15 "
,TOTAL,,338,"$194,896.67 ","$154,842.78 "
27510,SG,,1,$327.33 ,$261.86 
,OTHER,,347,"$214,120.86 ","$170,577.51 "
,TOTAL,,348,"$214,448.19 ","$170,839.37 "
27511,AS,,505,"$68,598.16 ","$54,713.76 "
,80'S,,374,"$59,770.27 ","$47,287.03 "
,OTHER,,"3,899","$3,848,095.64 ","$3,063,481.69 "
,TOTAL,,"4,778","$3,976,464.07 ","$3,165,482.48 "
27513,AS,,262,"$45,560.38 ","$36,281.51 "
,80'S,,285,"$59,231.21 ","$47,102.59 "
,OTHER,,"2,468","$3,146,814.64 ","$2,502,207.93 "
,TOTAL,,"3,015","$3,251,606.23 ","$2,585,592.03 "
27514,AS,,176,"$28,278.12 ","$22,506.22 "
,80'S,,164,"$33,549.44 ","$26,670.59 "
,OTHER,,"1,274","$1,497,304.70 ","$1,192,995.28 "
,TOTAL,,"1,614","$1,559,132.26 ","$1,242,172.09 "
27516,OTHER,,39,"$17,838.47 ","$14,110.81 "
,TOTAL,,39,"$17,838.47 ","$14,110.81 "
27517,AS,,1,$44.14 ,$35.31 
,OTHER,,12,"$6,934.81 ","$5,484.35 "
,TOTAL,,13,"$6,978.95 ","$5,519.66 "
27519,AS,,4,$581.89 ,$465.50 
,80'S,,2,$332.75 ,$266.20 
,OTHER,,19,"$19,457.94 ","$15,486.34 "
,TOTAL,,25,"$20,372.58 ","$16,218.04 "
27520,SG,,4,"$1,182.45 ",$940.05 
,80'S,,2,$98.99 ,$79.18 
,OTHER,,"7,692","$2,218,073.75 ","$1,735,022.21 "
,TOTAL,,"7,698","$2,219,355.19 ","$1,736,041.44 "
27524,AS,,548,"$52,779.00 ","$41,894.84 "
,SG,,68,"$33,110.90 ","$26,267.82 "
,80'S,,284,"$32,347.62 ","$25,725.53 "
,OTHER,,"5,094","$3,561,625.17 ","$2,815,322.83 "
,TOTAL,,"5,994","$3,679,862.69 ","$2,909,211.02 "
27530,SG,,1,$356.07 ,$284.86 
,OTHER,,"7,216","$2,406,238.91 ","$1,889,936.77 "
,TOTAL,,"7,217","$2,406,594.98 ","$1,890,221.63 "
27532,SG,,2,$665.02 ,$532.01 
,OTHER,,532,"$262,703.31 ","$206,353.42 "
,TOTAL,,534,"$263,368.33 ","$206,885.43 "
27535,AS,,282,"$32,082.66 ","$25,576.62 "
,SG,,1,$497.32 ,$397.86 
,80'S,,202,"$27,930.96 ","$21,938.24 "
,OTHER,,"2,347","$1,986,459.23 ","$1,571,102.47 "
,TOTAL,,"2,832","$2,046,970.17 ","$1,619,015.19 "
27536,AS,,143,"$20,050.92 ","$15,832.17 "
,80'S,,128,"$21,701.59 ","$17,166.34 "
,OTHER,,"1,296","$1,316,534.95 ","$1,041,461.84 "
,TOTAL,,"1,567","$1,358,287.46 ","$1,074,460.35 "
27538,OTHER,,193,"$81,475.91 ","$64,562.44 "
,TOTAL,,193,"$81,475.91 ","$64,562.44 "
27540,AS,,14,"$1,495.60 ","$1,196.49 "
,80'S,,6,$724.33 ,$548.96 
,OTHER,,107,"$79,826.78 ","$63,146.93 "
,TOTAL,,127,"$82,046.71 ","$64,892.38 "
27550,80'S,,1,$39.16 ,$31.33 
,OTHER,,265,"$95,585.37 ","$75,304.87 "
,TOTAL,,266,"$95,624.53 ","$75,336.20 "
27552,SG,,8,"$2,635.91 ","$1,846.74 "
,OTHER,,373,"$202,349.88 ","$159,900.76 "
,TOTAL,,381,"$204,985.79 ","$161,747.50 "
27556,AS,,7,"$1,104.69 ",$883.76 
,80'S,,3,$524.27 ,$419.42 
,OTHER,,53,"$53,897.83 ","$43,063.17 "
,TOTAL,,63,"$55,526.79 ","$44,366.35 "
27557,AS,,4,$638.40 ,$510.72 
,80'S,,5,$869.47 ,$695.58 
,OTHER,,21,"$23,787.07 ","$19,029.64 "
,TOTAL,,30,"$25,294.94 ","$20,235.94 "
27558,AS,,2,$374.81 ,$299.85 
,80'S,,3,$616.47 ,$493.17 
,OTHER,,14,"$17,464.26 ","$13,971.40 "
,TOTAL,,19,"$18,455.54 ","$14,764.42 "
27560,SG,,1,$313.43 ,$250.74 
,OTHER,,294,"$80,297.00 ","$62,641.76 "
,TOTAL,,295,"$80,610.43 ","$62,892.50 "
27562,80'S,,1,$71.76 ,$57.41 
,OTHER,,47,"$18,202.66 ","$14,433.57 "
,TOTAL,,48,"$18,274.42 ","$14,490.98 "
27566,AS,,6,$677.42 ,$541.94 
,SG,,3,"$1,137.30 ",$909.83 
,80'S,,5,$642.96 ,$503.37 
,OTHER,,77,"$61,464.61 ","$48,577.99 "
,TOTAL,,91,"$63,922.29 ","$50,533.13 "
27570,SG,,"1,239","$397,421.80 ","$314,210.54 "
,OTHER,,"7,371","$1,211,511.66 ","$949,174.58 "
,TOTAL,,"8,610","$1,608,933.46 ","$1,263,385.12 "
27580,AS,,63,"$11,351.93 ","$9,001.54 "
,80'S,,68,"$14,458.08 ","$11,566.45 "
,OTHER,,528,"$658,948.50 ","$522,551.00 "
,TOTAL,,659,"$684,758.51 ","$543,118.99 "
27590,AS,,"1,239","$153,978.35 ","$122,567.87 "
,80'S,,"1,284","$192,293.54 ","$152,909.53 "
,OTHER,,"24,083","$21,475,819.13 ","$17,114,327.66 "
,TOTAL,,"26,606","$21,822,091.02 ","$17,389,805.06 "
27591,AS,,13,"$1,935.48 ","$1,548.38 "
,80'S,,9,"$1,259.70 ","$1,007.76 "
,OTHER,,172,"$166,310.33 ","$132,809.21 "
,TOTAL,,194,"$169,505.51 ","$135,365.35 "
27592,AS,,25,"$2,977.66 ","$2,382.10 "
,80'S,,14,"$1,815.95 ","$1,452.76 "
,OTHER,,399,"$314,806.30 ","$250,978.36 "
,TOTAL,,438,"$319,599.91 ","$254,813.22 "
27594,SG,,3,"$1,455.93 ","$1,164.74 "
,OTHER,,604,"$307,419.46 ","$243,694.71 "
,TOTAL,,607,"$308,875.39 ","$244,859.45 "
27596,AS,,1,$115.31 ,$92.25 
,OTHER,,"1,829","$1,396,461.18 ","$1,110,851.90 "
,TOTAL,,"1,830","$1,396,576.49 ","$1,110,944.15 "
27598,AS,,51,"$5,609.58 ","$4,442.06 "
,80'S,,74,"$10,297.72 ","$8,227.91 "
,OTHER,,746,"$594,152.61 ","$472,738.09 "
,TOTAL,,871,"$610,059.91 ","$485,408.06 "
27599,AS,,62,"$11,759.96 ","$9,407.97 "
,80'S,,35,"$7,594.08 ","$6,075.27 "
,OTHER,,577,"$353,727.68 ","$282,367.21 "
,TOTAL,,674,"$373,081.72 ","$297,850.45 "
27600,SG,,9,"$4,130.77 ","$3,304.63 "
,80'S,,1,$49.71 ,$39.77 
,OTHER,,751,"$274,560.89 ","$218,393.46 "
,TOTAL,,761,"$278,741.37 ","$221,737.86 "
27601,SG,,3,"$1,300.30 ","$1,040.23 "
,OTHER,,363,"$68,438.25 ","$54,307.77 "
,TOTAL,,366,"$69,738.55 ","$55,348.00 "
27602,AS,,77,"$4,225.89 ","$3,380.77 "
,SG,,1,$501.80 ,$401.44 
,80'S,,138,"$8,904.43 ","$7,082.75 "
,OTHER,,"1,848","$801,219.05 ","$636,855.13 "
,TOTAL,,"2,064","$814,851.17 ","$647,720.09 "
27603,SG,,90,"$37,530.76 ","$29,974.09 "
,OTHER,,"4,907","$2,600,132.91 ","$2,061,807.52 "
,TOTAL,,"4,997","$2,637,663.67 ","$2,091,781.61 "
27604,SG,,6,"$2,240.93 ","$1,792.74 "
,80'S,,1,$40.00 ,$32.00 
,OTHER,,159,"$71,690.78 ","$56,790.18 "
,TOTAL,,166,"$73,971.71 ","$58,614.92 "
27605,AS,,1,$41.00 ,$32.80 
,SG,,14,"$3,126.20 ","$2,500.92 "
,80'S,,6,$111.02 ,$73.85 
,OTHER,,263,"$52,301.18 ","$40,232.94 "
,TOTAL,,284,"$55,579.40 ","$42,840.51 "
27606,AS,,1,$21.66 ,$17.33 
,SG,,69,"$17,524.85 ","$13,490.69 "
,80'S,,5,$170.45 ,$136.35 
,OTHER,,"1,200","$259,430.54 ","$204,151.11 "
,TOTAL,,"1,275","$277,147.50 ","$217,795.48 "
27607,SG,,13,"$4,687.33 ","$3,651.75 "
,OTHER,,712,"$541,394.62 ","$428,867.58 "
,TOTAL,,725,"$546,081.95 ","$432,519.33 "
27610,SG,,34,"$11,761.28 ","$9,372.34 "
,OTHER,,549,"$332,031.43 ","$263,332.24 "
,TOTAL,,583,"$343,792.71 ","$272,704.58 "
27612,AS,,16,"$1,007.05 ",$805.64 
,SG,,45,"$18,735.77 ","$14,758.10 "
,80'S,,28,"$1,931.97 ","$1,545.57 "
,OTHER,,276,"$117,949.26 ","$93,078.96 "
,TOTAL,,365,"$139,624.05 ","$110,188.27 "
27613,SG,,23,"$6,831.85 ","$5,465.50 "
,OTHER,,"1,424","$335,571.02 ","$264,797.97 "
,TOTAL,,"1,447","$342,402.87 ","$270,263.47 "
27614,SG,,49,"$19,309.64 ","$15,204.05 "
,OTHER,,649,"$296,331.19 ","$235,129.37 "
,TOTAL,,698,"$315,640.83 ","$250,333.42 "
27615,AS,,5,$721.45 ,$577.16 
,SG,,87,"$38,015.75 ","$29,963.24 "
,80'S,,3,$548.99 ,$439.19 
,OTHER,,871,"$919,642.73 ","$734,111.56 "
,TOTAL,,966,"$958,928.92 ","$765,091.15 "
27618,SG,,229,"$88,873.72 ","$70,623.77 "
,OTHER,,"1,270","$553,179.00 ","$438,325.21 "
,TOTAL,,"1,499","$642,052.72 ","$508,948.98 "
27619,SG,,190,"$83,805.51 ","$66,510.67 "
,OTHER,,"1,063","$693,297.35 ","$549,804.42 "
,TOTAL,,"1,253","$777,102.86 ","$616,315.09 "
27620,AS,,30,"$1,801.55 ","$1,441.24 "
,SG,,72,"$44,345.83 ","$34,857.37 "
,80'S,,22,"$1,456.03 ","$1,164.78 "
,OTHER,,458,"$185,892.98 ","$147,845.51 "
,TOTAL,,582,"$233,496.39 ","$185,308.90 "
27625,AS,,8,$612.85 ,$490.28 
,SG,,43,"$26,702.41 ","$21,281.90 "
,80'S,,20,"$2,052.52 ","$1,642.04 "
,OTHER,,204,"$117,268.61 ","$91,859.40 "
,TOTAL,,275,"$146,636.39 ","$115,273.62 "
27626,AS,,27,"$2,523.81 ","$2,001.83 "
,SG,,74,"$41,120.45 ","$32,736.32 "
,80'S,,34,"$3,750.72 ","$3,000.59 "
,OTHER,,152,"$100,370.93 ","$79,067.37 "
,TOTAL,,287,"$147,765.91 ","$116,806.11 "
27630,SG,,208,"$93,483.91 ","$73,461.25 "
,OTHER,,876,"$338,940.24 ","$267,441.43 "
,TOTAL,,"1,084","$432,424.15 ","$340,902.68 "
27635,SG,,78,"$32,646.32 ","$26,077.57 "
,OTHER,,248,"$152,010.18 ","$120,479.95 "
,TOTAL,,326,"$184,656.50 ","$146,557.52 "
27637,AS,,8,$563.83 ,$451.05 
,SG,,1,$502.61 ,$402.09 
,80'S,,4,$537.48 ,$430.00 
,OTHER,,38,"$21,895.97 ","$17,271.50 "
,TOTAL,,51,"$23,499.89 ","$18,554.64 "
27638,AS,,7,$831.89 ,$665.52 
,SG,,7,"$3,275.62 ","$2,620.49 "
,80'S,,5,$547.39 ,$437.91 
,OTHER,,84,"$68,679.33 ","$53,919.27 "
,TOTAL,,103,"$73,334.23 ","$57,643.19 "
27640,SG,,103,"$31,385.13 ","$24,675.99 "
,80'S,,1,$188.28 ,$150.62 
,OTHER,,"1,145","$1,225,541.81 ","$972,184.70 "
,TOTAL,,"1,249","$1,257,115.22 ","$997,011.31 "
27641,SG,,48,"$15,162.04 ","$11,797.68 "
,OTHER,,641,"$531,479.52 ","$417,828.79 "
,TOTAL,,689,"$546,641.56 ","$429,626.47 "
27645,AS,,9,"$1,573.56 ","$1,258.84 "
,80'S,,3,$607.80 ,$486.24 
,OTHER,,69,"$80,508.69 ","$63,975.12 "
,TOTAL,,81,"$82,690.05 ","$65,720.20 "
27646,AS,,6,$573.60 ,$458.88 
,OTHER,,38,"$37,024.49 ","$29,577.17 "
,TOTAL,,44,"$37,598.09 ","$30,036.05 "
27647,AS,,7,$572.95 ,$458.34 
,SG,,5,"$1,989.28 ","$1,184.81 "
,80'S,,14,"$1,814.45 ","$1,451.57 "
,OTHER,,135,"$113,407.70 ","$90,071.97 "
,TOTAL,,161,"$117,784.38 ","$93,166.69 "
27648,OTHER,,340,"$60,523.85 ","$47,309.55 "
,TOTAL,,340,"$60,523.85 ","$47,309.55 "
27650,AS,,125,"$12,006.54 ","$9,605.23 "
,SG,,315,"$131,936.95 ","$103,253.97 "
,80'S,,83,"$9,286.69 ","$7,280.71 "
,OTHER,,"1,474","$1,041,942.24 ","$818,925.02 "
,TOTAL,,"1,997","$1,195,172.42 ","$939,064.93 "
27652,SG,,27,"$11,927.77 ","$9,462.19 "
,OTHER,,150,"$114,255.33 ","$90,707.55 "
,TOTAL,,177,"$126,183.10 ","$100,169.74 "
27654,AS,,57,"$5,266.54 ","$4,213.27 "
,SG,,155,"$54,842.88 ","$43,321.53 "
,80'S,,66,"$7,924.96 ","$6,256.08 "
,OTHER,,846,"$603,756.57 ","$476,015.63 "
,TOTAL,,"1,124","$671,790.95 ","$529,806.51 "
27656,SG,,4,"$1,326.94 ","$1,061.56 "
,OTHER,,49,"$19,406.46 ","$15,052.24 "
,TOTAL,,53,"$20,733.40 ","$16,113.80 "
27658,AS,,26,"$1,511.29 ","$1,154.89 "
,SG,,67,"$14,928.03 ","$11,832.56 "
,80'S,,25,"$1,359.11 ","$1,047.82 "
,OTHER,,382,"$146,520.45 ","$115,482.84 "
,TOTAL,,500,"$164,318.88 ","$129,518.11 "
27659,AS,,16,$922.62 ,$738.09 
,SG,,23,"$6,172.29 ","$4,937.85 "
,80'S,,22,"$1,554.93 ","$1,243.97 "
,OTHER,,168,"$82,515.95 ","$64,264.86 "
,TOTAL,,229,"$91,165.79 ","$71,184.77 "
27664,AS,,2,$106.55 ,$85.24 
,SG,,45,"$15,788.96 ","$12,435.43 "
,80'S,,1,$80.39 ,$64.31 
,OTHER,,213,"$91,000.84 ","$71,905.80 "
,TOTAL,,261,"$106,976.74 ","$84,490.78 "
27665,AS,,8,$502.63 ,$402.10 
,SG,,14,"$5,601.77 ","$4,481.42 "
,80'S,,14,$900.89 ,$720.71 
,OTHER,,96,"$44,428.12 ","$35,345.49 "
,TOTAL,,132,"$51,433.41 ","$40,949.72 "
27675,AS,,15,$847.68 ,$678.14 
,SG,,60,"$20,431.69 ","$15,905.05 "
,80'S,,21,"$1,698.40 ","$1,336.72 "
,OTHER,,154,"$70,472.53 ","$54,778.41 "
,TOTAL,,250,"$93,450.30 ","$72,698.32 "
27676,AS,,5,$355.92 ,$284.74 
,SG,,15,"$6,371.71 ","$4,586.63 "
,80'S,,9,$764.00 ,$581.48 
,OTHER,,66,"$37,161.87 ","$27,853.80 "
,TOTAL,,95,"$44,653.50 ","$33,306.65 "
27680,SG,,78,"$32,023.96 ","$24,747.99 "
,80'S,,1,$45.31 ,$36.25 
,OTHER,,417,"$163,566.97 ","$129,570.01 "
,TOTAL,,496,"$195,636.24 ","$154,354.25 "
27681,SG,,4,"$1,317.20 ","$1,053.76 "
,OTHER,,27,"$12,649.95 ","$10,039.98 "
,TOTAL,,31,"$13,967.15 ","$11,093.74 "
27685,AS,,147,"$7,992.53 ","$6,344.56 "
,SG,,265,"$104,693.74 ","$82,771.03 "
,80'S,,227,"$13,078.47 ","$10,322.12 "
,OTHER,,"2,427","$977,721.47 ","$770,674.59 "
,TOTAL,,"3,066","$1,103,486.21 ","$870,112.30 "
27686,SG,,22,"$7,659.60 ","$6,127.69 "
,OTHER,,262,"$121,482.93 ","$95,402.03 "
,TOTAL,,284,"$129,142.53 ","$101,529.72 "
27687,AS,,153,"$7,722.54 ","$6,126.86 "
,SG,,204,"$75,130.18 ","$58,876.07 "
,80'S,,204,"$11,449.34 ","$9,158.69 "
,OTHER,,"1,311","$471,489.62 ","$370,122.18 "
,TOTAL,,"1,872","$565,791.68 ","$444,283.80 "
27690,AS,,106,"$7,791.07 ","$6,174.77 "
,SG,,231,"$125,848.83 ","$99,907.53 "
,80'S,,90,"$8,550.91 ","$6,713.09 "
,OTHER,,"1,392","$782,730.05 ","$615,430.06 "
,TOTAL,,"1,819","$924,920.86 ","$728,225.45 "
27691,AS,,201,"$19,600.02 ","$15,588.57 "
,SG,,222,"$127,342.29 ","$100,310.05 "
,80'S,,206,"$23,002.24 ","$18,246.82 "
,OTHER,,"1,747","$1,277,070.25 ","$1,002,525.25 "
,TOTAL,,"2,376","$1,447,014.80 ","$1,136,670.69 "
27692,AS,,98,"$1,387.70 ","$1,097.95 "
,SG,,46,"$12,006.52 ","$9,605.18 "
,80'S,,25,$417.40 ,$333.97 
,OTHER,,346,"$37,797.35 ","$30,141.95 "
,TOTAL,,515,"$51,608.97 ","$41,179.05 "
27695,SG,,68,"$21,746.79 ","$16,923.84 "
,OTHER,,537,"$218,502.11 ","$171,913.56 "
,TOTAL,,605,"$240,248.90 ","$188,837.40 "
27696,SG,,23,"$6,685.49 ","$5,348.37 "
,OTHER,,99,"$57,984.80 ","$44,912.96 "
,TOTAL,,122,"$64,670.29 ","$50,261.33 "
27698,AS,,45,"$3,533.51 ","$2,826.85 "
,SG,,93,"$27,207.62 ","$21,637.89 "
,80'S,,78,"$7,402.00 ","$5,790.95 "
,OTHER,,549,"$325,403.30 ","$253,105.33 "
,TOTAL,,765,"$363,546.43 ","$283,361.02 "
27700,AS,,4,$328.09 ,$232.38 
,SG,,41,"$27,640.37 ","$21,661.16 "
,80'S,,8,$622.24 ,$497.79 
,OTHER,,94,"$46,305.38 ","$36,920.45 "
,TOTAL,,147,"$74,896.08 ","$59,311.78 "
27702,AS,,64,"$8,244.99 ","$6,595.92 "
,80'S,,154,"$22,736.50 ","$18,020.22 "
,OTHER,,488,"$443,549.65 ","$352,347.37 "
,TOTAL,,706,"$474,531.14 ","$376,963.51 "
27703,AS,,7,"$1,004.55 ",$803.64 
,80'S,,22,"$3,548.69 ","$2,676.98 "
,OTHER,,65,"$66,503.23 ","$51,746.62 "
,TOTAL,,94,"$71,056.47 ","$55,227.24 "
27704,SG,,32,"$12,213.93 ","$9,771.15 "
,80'S,,1,$44.67 ,$35.74 
,OTHER,,157,"$67,359.87 ","$53,680.66 "
,TOTAL,,190,"$79,618.47 ","$63,487.55 "
27705,AS,,25,"$1,958.02 ","$1,566.38 "
,SG,,9,"$2,210.76 ","$1,768.59 "
,80'S,,32,"$3,210.24 ","$2,520.31 "
,OTHER,,190,"$119,357.16 ","$91,718.07 "
,TOTAL,,256,"$126,736.18 ","$97,573.35 "
27707,SG,,12,"$3,248.09 ","$2,598.47 "
,OTHER,,302,"$84,601.31 ","$66,804.74 "
,TOTAL,,314,"$87,849.40 ","$69,403.21 "
27709,AS,,25,"$1,879.39 ","$1,503.51 "
,SG,,1,$427.78 ,$342.22 
,80'S,,13,"$1,362.11 ","$1,089.68 "
,OTHER,,123,"$75,443.72 ","$58,961.30 "
,TOTAL,,162,"$79,113.00 ","$61,896.71 "
27712,80'S,,4,$505.99 ,$404.80 
,OTHER,,19,"$16,846.72 ","$13,464.23 "
,TOTAL,,23,"$17,352.71 ","$13,869.03 "
27715,AS,,4,$644.32 ,$515.46 
,SG,,1,$626.09 ,$500.87 
,80'S,,5,$670.66 ,$536.53 
,OTHER,,50,"$54,874.82 ","$41,772.31 "
,TOTAL,,60,"$56,815.89 ","$43,325.17 "
27720,AS,,55,"$6,679.16 ","$5,343.35 "
,80'S,,38,"$5,351.39 ","$4,281.12 "
,OTHER,,466,"$413,807.40 ","$325,392.34 "
,TOTAL,,559,"$425,837.95 ","$335,016.81 "
27722,AS,,4,$557.02 ,$445.61 
,80'S,,2,$293.12 ,$234.50 
,OTHER,,26,"$24,921.96 ","$19,857.53 "
,TOTAL,,32,"$25,772.10 ","$20,537.64 "
27724,AS,,45,"$7,914.34 ","$6,331.48 "
,80'S,,46,"$9,455.17 ","$7,564.15 "
,OTHER,,484,"$626,687.65 ","$494,199.34 "
,TOTAL,,575,"$644,057.16 ","$508,094.97 "
27725,AS,,5,$822.32 ,$657.85 
,80'S,,7,"$1,135.83 ",$841.26 
,OTHER,,43,"$49,249.67 ","$39,399.74 "
,TOTAL,,55,"$51,207.82 ","$40,898.85 "
27727,OTHER,,2,"$1,951.34 ","$1,561.08 "
,TOTAL,,2,"$1,951.34 ","$1,561.08 "
27730,OTHER,,3,"$2,976.36 ","$2,381.08 "
,TOTAL,,3,"$2,976.36 ","$2,381.08 "
27732,SG,,1,$228.20 ,$182.56 
,OTHER,,3,"$1,503.30 ","$1,186.60 "
,TOTAL,,4,"$1,731.50 ","$1,369.16 "
27734,OTHER,,4,"$2,425.60 ","$1,940.48 "
,TOTAL,,4,"$2,425.60 ","$1,940.48 "
27740,80'S,,1,$74.39 ,$59.51 
,OTHER,,1,$797.09 ,$637.67 
,TOTAL,,2,$871.48 ,$697.18 
27742,OTHER,,3,"$2,435.45 ","$1,948.36 "
,TOTAL,,3,"$2,435.45 ","$1,948.36 "
27745,AS,,7,$624.03 ,$499.23 
,80'S,,7,$839.34 ,$671.47 
,OTHER,,101,"$69,566.37 ","$55,111.42 "
,TOTAL,,115,"$71,029.74 ","$56,282.12 "
27750,SG,,3,$796.53 ,$637.23 
,OTHER,,"4,416","$1,293,303.64 ","$1,014,372.86 "
,TOTAL,,"4,419","$1,294,100.17 ","$1,015,010.09 "
27752,AS,,1,$63.68 ,$50.94 
,SG,,5,"$1,500.99 ","$1,200.79 "
,OTHER,,"2,769","$1,253,967.60 ","$990,938.83 "
,TOTAL,,"2,775","$1,255,532.27 ","$992,190.56 "
27756,AS,,22,"$1,887.63 ","$1,510.09 "
,SG,,2,$971.82 ,$493.60 
,80'S,,14,"$1,338.72 ","$1,066.80 "
,OTHER,,277,"$171,363.41 ","$135,837.71 "
,TOTAL,,315,"$175,561.58 ","$138,908.20 "
27758,AS,,161,"$18,907.90 ","$14,929.94 "
,SG,,5,"$3,094.55 ","$2,475.63 "
,80'S,,100,"$13,066.77 ","$10,376.21 "
,OTHER,,"1,503","$1,269,295.65 ","$1,001,247.38 "
,TOTAL,,"1,769","$1,304,364.87 ","$1,029,029.16 "
27759,AS,,339,"$46,561.18 ","$36,883.61 "
,80'S,,254,"$41,203.07 ","$32,738.37 "
,OTHER,,"3,181","$3,187,146.63 ","$2,514,184.83 "
,TOTAL,,"3,774","$3,274,910.88 ","$2,583,806.81 "
27760,SG,,1,$165.88 ,$132.70 
,OTHER,,"3,518","$1,014,304.51 ","$790,080.96 "
,TOTAL,,"3,519","$1,014,470.39 ","$790,213.66 "
27762,SG,,1,$331.76 ,$265.41 
,OTHER,,341,"$140,246.08 ","$110,616.08 "
,TOTAL,,342,"$140,577.84 ","$110,881.49 "
27766,SG,,108,"$54,285.79 ","$43,291.20 "
,OTHER,,"1,434","$828,204.65 ","$648,818.05 "
,TOTAL,,"1,542","$882,490.44 ","$692,109.25 "
27780,OTHER,,"4,169","$1,065,573.19 ","$827,584.30 "
,TOTAL,,"4,169","$1,065,573.19 ","$827,584.30 "
27781,OTHER,,170,"$54,643.22 ","$42,826.90 "
,TOTAL,,170,"$54,643.22 ","$42,826.90 "
27784,SG,,10,"$5,072.73 ","$3,978.17 "
,OTHER,,320,"$141,497.10 ","$110,392.78 "
,TOTAL,,330,"$146,569.83 ","$114,370.95 "
27786,SG,,2,$343.06 ,$274.44 
,OTHER,,"27,778","$7,952,162.99 ","$6,166,377.37 "
,TOTAL,,"27,780","$7,952,506.05 ","$6,166,651.81 "
27788,SG,,7,"$1,767.89 ","$1,414.30 "
,OTHER,,"1,767","$679,377.78 ","$533,351.72 "
,TOTAL,,"1,774","$681,145.67 ","$534,766.02 "
27792,SG,,297,"$149,143.20 ","$117,469.46 "
,80'S,,2,$109.20 ,$87.36 
,OTHER,,"5,103","$2,858,205.01 ","$2,250,397.37 "
,TOTAL,,"5,402","$3,007,457.41 ","$2,367,954.19 "
27808,SG,,1,$172.49 ,$137.99 
,OTHER,,"5,020","$1,564,737.54 ","$1,222,226.40 "
,TOTAL,,"5,021","$1,564,910.03 ","$1,222,364.39 "
27810,SG,,2,$670.44 ,$536.35 
,OTHER,,"2,210","$935,502.59 ","$739,054.15 "
,TOTAL,,"2,212","$936,173.03 ","$739,590.50 "
27814,AS,,"1,138","$125,650.71 ","$99,650.12 "
,SG,,207,"$103,937.99 ","$82,022.39 "
,80'S,,466,"$60,135.52 ","$47,824.05 "
,OTHER,,"11,701","$9,448,590.24 ","$7,474,379.90 "
,TOTAL,,"13,512","$9,738,314.46 ","$7,703,876.46 "
27816,SG,,1,$319.57 ,$255.66 
,OTHER,,"1,063","$312,198.28 ","$243,861.95 "
,TOTAL,,"1,064","$312,517.85 ","$244,117.61 "
27818,SG,,5,"$1,490.22 ","$1,144.15 "
,OTHER,,"1,431","$602,954.78 ","$475,192.67 "
,TOTAL,,"1,436","$604,445.00 ","$476,336.82 "
27822,AS,,588,"$72,286.73 ","$56,991.85 "
,SG,,85,"$41,938.35 ","$33,372.11 "
,80'S,,276,"$40,230.26 ","$32,100.62 "
,OTHER,,"6,096","$5,480,769.86 ","$4,339,822.93 "
,TOTAL,,"7,045","$5,635,225.20 ","$4,462,287.51 "
27823,AS,,111,"$15,702.34 ","$12,354.63 "
,SG,,15,"$7,445.90 ","$5,956.73 "
,80'S,,73,"$12,337.53 ","$9,789.99 "
,OTHER,,"1,137","$1,163,785.76 ","$917,287.52 "
,TOTAL,,"1,336","$1,199,271.53 ","$945,388.87 "
27824,SG,,1,$184.46 ,$147.57 
,OTHER,,788,"$238,217.50 ","$186,172.34 "
,TOTAL,,789,"$238,401.96 ","$186,319.91 "
27825,AS,,12,$941.87 ,$753.48 
,SG,,1,$440.93 ,$352.74 
,80'S,,1,$34.84 ,
,OTHER,,367,"$158,109.79 ","$124,915.39 "
,TOTAL,,381,"$159,527.43 ","$126,021.61 "
27826,AS,,16,"$1,529.75 ","$1,213.11 "
,SG,,7,"$3,305.50 ","$2,644.40 "
,80'S,,14,"$1,658.40 ","$1,326.70 "
,OTHER,,162,"$113,104.48 ","$89,015.22 "
,TOTAL,,199,"$119,598.13 ","$94,199.43 "
27827,AS,,53,"$7,510.10 ","$5,928.08 "
,SG,,6,"$2,744.98 ","$2,195.98 "
,80'S,,47,"$8,373.71 ","$6,565.23 "
,OTHER,,559,"$589,324.27 ","$461,279.19 "
,TOTAL,,665,"$607,953.06 ","$475,968.48 "
27828,AS,,110,"$18,001.30 ","$14,140.21 "
,SG,,8,"$4,966.77 ","$3,755.80 "
,80'S,,60,"$11,968.35 ","$9,574.65 "
,OTHER,,876,"$1,028,317.93 ","$813,433.27 "
,TOTAL,,"1,054","$1,063,254.35 ","$840,903.93 "
27829,AS,,133,"$7,227.51 ","$5,592.60 "
,SG,,38,"$11,104.78 ","$8,848.81 "
,80'S,,86,"$5,273.59 ","$4,218.82 "
,OTHER,,"1,489","$493,336.14 ","$390,043.74 "
,TOTAL,,"1,746","$516,942.02 ","$408,703.97 "
27830,OTHER,,35,"$10,305.96 ","$8,204.67 "
,TOTAL,,35,"$10,305.96 ","$8,204.67 "
27831,AS,,1,$48.69 ,$35.05 
,OTHER,,7,"$2,452.59 ","$1,962.08 "
,TOTAL,,8,"$2,501.28 ","$1,997.13 "
27832,SG,,1,$440.94 ,$352.75 
,80'S,,1,$45.06 ,$36.05 
,OTHER,,13,"$5,960.05 ","$4,740.03 "
,TOTAL,,15,"$6,446.05 ","$5,128.83 "
27840,OTHER,,"1,918","$643,471.20 ","$508,970.27 "
,TOTAL,,"1,918","$643,471.20 ","$508,970.27 "
27842,SG,,5,"$1,444.02 ","$1,155.21 "
,OTHER,,440,"$150,527.83 ","$118,569.31 "
,TOTAL,,445,"$151,971.85 ","$119,724.52 "
27846,AS,,9,$726.32 ,$568.79 
,SG,,4,"$1,242.25 ",$660.53 
,80'S,,16,"$1,427.61 ","$1,142.08 "
,OTHER,,166,"$97,549.88 ","$76,926.66 "
,TOTAL,,195,"$100,946.06 ","$79,298.06 "
27848,AS,,23,"$2,376.11 ","$1,900.89 "
,SG,,4,"$2,158.90 ","$1,727.13 "
,80'S,,34,"$4,461.84 ","$3,569.48 "
,OTHER,,310,"$240,119.55 ","$188,571.03 "
,TOTAL,,371,"$249,116.40 ","$195,768.53 "
27860,SG,,24,"$6,071.72 ","$4,373.02 "
,OTHER,,167,"$29,040.80 ","$22,921.36 "
,TOTAL,,191,"$35,112.52 ","$27,294.38 "
27870,AS,,364,"$51,745.60 ","$41,105.66 "
,SG,,55,"$34,388.93 ","$26,617.71 "
,80'S,,379,"$63,543.03 ","$49,512.46 "
,OTHER,,"2,666","$2,779,946.37 ","$2,185,745.62 "
,TOTAL,,"3,464","$2,929,623.93 ","$2,302,981.45 "
27871,AS,,55,"$4,012.81 ","$3,152.66 "
,SG,,13,"$7,699.09 ","$6,129.09 "
,80'S,,56,"$5,319.74 ","$4,199.26 "
,OTHER,,362,"$195,710.29 ","$155,053.70 "
,TOTAL,,486,"$212,741.93 ","$168,534.71 "
27880,AS,,"1,261","$150,139.96 ","$119,818.90 "
,80'S,,"1,016","$146,912.68 ","$117,422.24 "
,OTHER,,"20,807","$17,858,154.96 ","$14,185,984.50 "
,TOTAL,,"23,084","$18,155,207.60 ","$14,423,225.64 "
27881,AS,,76,"$9,851.94 ","$7,870.92 "
,80'S,,67,"$10,265.06 ","$8,212.02 "
,OTHER,,"1,090","$1,020,516.02 ","$810,719.96 "
,TOTAL,,"1,233","$1,040,633.02 ","$826,802.90 "
27882,AS,,10,"$1,004.12 ",$803.28 
,80'S,,9,"$1,161.02 ",$928.83 
,OTHER,,"1,309","$1,036,718.14 ","$823,164.74 "
,TOTAL,,"1,328","$1,038,883.28 ","$824,896.85 "
27884,SG,,15,"$7,579.96 ","$6,063.98 "
,OTHER,,"1,039","$636,342.56 ","$504,080.97 "
,TOTAL,,"1,054","$643,922.52 ","$510,144.95 "
27886,AS,,1,$102.68 ,$82.14 
,OTHER,,"1,814","$1,251,879.93 ","$994,779.04 "
,TOTAL,,"1,815","$1,251,982.61 ","$994,861.18 "
27888,AS,,18,"$1,909.90 ","$1,527.92 "
,80'S,,8,"$1,091.27 ",$873.03 
,OTHER,,300,"$223,824.05 ","$177,260.81 "
,TOTAL,,326,"$226,825.22 ","$179,661.76 "
27889,80'S,,1,$64.39 ,$51.51 
,OTHER,,156,"$119,342.06 ","$94,116.31 "
,TOTAL,,157,"$119,406.45 ","$94,167.82 "
27892,SG,,1,$510.49 ,$408.39 
,80'S,,1,$48.20 ,$38.56 
,OTHER,,143,"$68,728.87 ","$54,177.81 "
,TOTAL,,145,"$69,287.56 ","$54,624.76 "
27893,OTHER,,45,"$23,693.18 ","$18,608.46 "
,TOTAL,,45,"$23,693.18 ","$18,608.46 "
27894,AS,,10,$916.29 ,$733.05 
,80'S,,3,$378.65 ,$302.92 
,OTHER,,184,"$124,829.34 ","$99,219.94 "
,TOTAL,,197,"$126,124.28 ","$100,255.91 "
27899,AS,,3,$153.69 ,$122.95 
,80'S,,9,"$1,242.84 ",$994.28 
,OTHER,,291,"$135,984.58 ","$107,958.21 "
,TOTAL,,303,"$137,381.11 ","$109,075.44 "
28001,OTHER,,"6,993","$1,148,726.70 ","$891,230.27 "
,TOTAL,,"6,993","$1,148,726.70 ","$891,230.27 "
28002,SG,,148,"$67,403.64 ","$53,554.31 "
,OTHER,,"4,277","$1,349,013.81 ","$1,065,325.76 "
,TOTAL,,"4,425","$1,416,417.45 ","$1,118,880.07 "
28003,SG,,31,"$13,382.40 ","$10,644.52 "
,OTHER,,"2,512","$1,503,537.89 ","$1,188,480.64 "
,TOTAL,,"2,543","$1,516,920.29 ","$1,199,125.16 "
28005,SG,,172,"$80,598.80 ","$62,755.11 "
,OTHER,,"4,316","$2,977,596.05 ","$2,359,495.51 "
,TOTAL,,"4,488","$3,058,194.85 ","$2,422,250.62 "
28008,SG,,350,"$151,329.75 ","$118,880.97 "
,80'S,,1,$75.65 ,$60.52 
,OTHER,,"1,294","$432,116.90 ","$341,007.01 "
,TOTAL,,"1,645","$583,522.30 ","$459,948.50 "
28010,OTHER,,"4,002","$1,204,863.26 ","$948,384.36 "
,TOTAL,,"4,002","$1,204,863.26 ","$948,384.36 "
28011,SG,,30,"$10,192.18 ","$8,153.78 "
,OTHER,,833,"$269,952.44 ","$212,756.90 "
,TOTAL,,863,"$280,144.62 ","$220,910.68 "
28020,SG,,47,"$15,369.89 ","$12,146.02 "
,OTHER,,320,"$109,238.96 ","$85,138.76 "
,TOTAL,,367,"$124,608.85 ","$97,284.78 "
28022,SG,,37,"$13,006.13 ","$9,770.14 "
,OTHER,,"1,039","$367,556.10 ","$291,451.25 "
,TOTAL,,"1,076","$380,562.23 ","$301,221.39 "
28024,SG,,23,"$9,596.60 ","$7,677.27 "
,OTHER,,531,"$212,772.10 ","$168,248.12 "
,TOTAL,,554,"$222,368.70 ","$175,925.39 "
28030,SG,,69,"$34,404.25 ","$27,397.74 "
,OTHER,,218,"$59,338.40 ","$45,435.37 "
,TOTAL,,287,"$93,742.65 ","$72,833.11 "
28035,SG,,620,"$374,716.52 ","$296,050.36 "
,OTHER,,"1,872","$570,656.29 ","$448,738.33 "
,TOTAL,,"2,492","$945,372.81 ","$744,788.69 "
28043,SG,,819,"$296,154.36 ","$232,752.73 "
,OTHER,,"3,164","$968,065.93 ","$759,624.66 "
,TOTAL,,"3,983","$1,264,220.29 ","$992,377.39 "
28045,AS,,7,$226.66 ,$181.35 
,SG,,734,"$317,960.67 ","$249,073.06 "
,80'S,,13,$606.42 ,$482.56 
,OTHER,,"3,016","$1,029,924.00 ","$807,122.23 "
,TOTAL,,"3,770","$1,348,717.75 ","$1,056,859.20 "
28046,SG,,43,"$19,661.17 ","$15,568.91 "
,OTHER,,433,"$321,547.93 ","$254,671.05 "
,TOTAL,,476,"$341,209.10 ","$270,239.96 "
28050,SG,,18,"$5,747.04 ","$4,393.93 "
,OTHER,,92,"$27,410.34 ","$21,673.48 "
,TOTAL,,110,"$33,157.38 ","$26,067.41 "
28052,SG,,18,"$6,266.23 ","$4,279.75 "
,OTHER,,191,"$55,806.09 ","$44,399.88 "
,TOTAL,,209,"$62,072.32 ","$48,679.63 "
28054,SG,,19,"$7,567.80 ","$6,054.24 "
,OTHER,,87,"$25,024.95 ","$19,991.11 "
,TOTAL,,106,"$32,592.75 ","$26,045.35 "
28060,SG,,368,"$133,886.17 ","$105,784.65 "
,OTHER,,"1,559","$639,715.95 ","$502,581.77 "
,TOTAL,,"1,927","$773,602.12 ","$608,366.42 "
28062,SG,,74,"$33,251.96 ","$25,712.87 "
,OTHER,,452,"$203,858.87 ","$160,366.10 "
,TOTAL,,526,"$237,110.83 ","$186,078.97 "
28070,SG,,24,"$7,730.20 ","$6,184.18 "
,OTHER,,143,"$40,232.70 ","$31,950.95 "
,TOTAL,,167,"$47,962.90 ","$38,135.13 "
28072,SG,,55,"$21,170.98 ","$16,856.78 "
,OTHER,,244,"$68,850.94 ","$54,492.54 "
,TOTAL,,299,"$90,021.92 ","$71,349.32 "
28080,AS,,8,$228.61 ,$182.89 
,SG,,"2,959","$1,277,676.70 ","$1,009,814.40 "
,80'S,,33,"$1,590.59 ","$1,267.66 "
,OTHER,,"7,927","$2,215,024.66 ","$1,733,223.03 "
,TOTAL,,"10,927","$3,494,520.56 ","$2,744,487.98 "
28086,AS,,32,"$1,484.85 ","$1,187.95 "
,SG,,54,"$15,609.31 ","$12,487.43 "
,80'S,,42,"$2,049.39 ","$1,639.54 "
,OTHER,,280,"$88,868.95 ","$70,858.75 "
,TOTAL,,408,"$108,012.50 ","$86,173.67 "
28088,AS,,3,$83.43 ,$66.74 
,SG,,27,"$7,184.90 ","$5,747.95 "
,80'S,,2,$65.44 ,$52.36 
,OTHER,,107,"$27,945.70 ","$22,020.01 "
,TOTAL,,139,"$35,279.47 ","$27,887.06 "
28090,SG,,978,"$442,125.69 ","$348,696.73 "
,OTHER,,"3,966","$1,328,808.97 ","$1,045,173.95 "
,TOTAL,,"4,944","$1,770,934.66 ","$1,393,870.68 "
28092,SG,,197,"$85,849.45 ","$67,377.23 "
,OTHER,,740,"$242,966.03 ","$190,954.91 "
,TOTAL,,937,"$328,815.48 ","$258,332.14 "
28100,AS,,8,$523.93 ,$419.16 
,SG,,163,"$52,824.87 ","$41,826.51 "
,80'S,,29,"$1,726.82 ","$1,381.45 "
,OTHER,,417,"$177,223.00 ","$140,471.78 "
,TOTAL,,617,"$232,298.62 ","$184,098.90 "
28102,AS,,1,$41.73 ,$33.38 
,SG,,1,$264.17 ,$211.34 
,80'S,,4,$218.45 ,$174.77 
,OTHER,,20,"$9,838.85 ","$7,791.09 "
,TOTAL,,26,"$10,363.20 ","$8,210.58 "
28103,AS,,3,$178.30 ,$142.64 
,SG,,2,"$1,024.22 ",$819.37 
,80'S,,5,$294.89 ,$235.91 
,OTHER,,43,"$18,903.41 ","$15,068.68 "
,TOTAL,,53,"$20,400.82 ","$16,266.60 "
28104,AS,,17,$920.64 ,$695.23 
,SG,,610,"$206,442.73 ","$163,251.08 "
,80'S,,37,"$2,261.48 ","$1,809.22 "
,OTHER,,"1,217","$477,967.82 ","$377,684.34 "
,TOTAL,,"1,881","$687,592.67 ","$543,439.87 "
28106,AS,,2,$74.51 ,$59.61 
,SG,,13,"$4,777.23 ","$3,821.78 "
,80'S,,2,$86.44 ,$69.16 
,OTHER,,43,"$14,892.79 ","$11,497.79 "
,TOTAL,,60,"$19,830.97 ","$15,448.34 "
28107,AS,,1,$63.72 ,$50.98 
,SG,,8,"$3,926.55 ","$3,105.71 "
,OTHER,,57,"$20,785.36 ","$16,346.99 "
,TOTAL,,66,"$24,775.63 ","$19,503.68 "
28108,OTHER,,"2,598","$894,872.53 ","$705,164.50 "
,TOTAL,,"2,598","$894,872.53 ","$705,164.50 "
28110,SG,,994,"$391,379.06 ","$308,261.59 "
,OTHER,,"2,627","$769,072.71 ","$605,732.59 "
,TOTAL,,"3,621","$1,160,451.77 ","$913,994.18 "
28111,SG,,215,"$89,184.65 ","$69,811.32 "
,OTHER,,"1,233","$517,433.86 ","$408,210.67 "
,TOTAL,,"1,448","$606,618.51 ","$478,021.99 "
28112,AS,,1,$29.78 ,$23.82 
,SG,,"1,119","$395,382.74 ","$310,953.98 "
,OTHER,,"5,565","$1,747,049.01 ","$1,376,786.35 "
,TOTAL,,"6,685","$2,142,461.53 ","$1,687,764.15 "
28113,AS,,3,$122.22 ,$97.78 
,SG,,506,"$203,616.98 ","$160,309.97 "
,80'S,,8,$526.45 ,$417.81 
,OTHER,,"2,530","$916,341.89 ","$721,453.57 "
,TOTAL,,"3,047","$1,120,607.54 ","$882,279.13 "
28114,AS,,60,"$6,018.58 ","$4,775.47 "
,SG,,249,"$89,023.33 ","$70,156.54 "
,80'S,,138,"$17,143.74 ","$13,561.53 "
,OTHER,,"1,607","$1,185,666.73 ","$937,247.38 "
,TOTAL,,"2,054","$1,297,852.38 ","$1,025,740.92 "
28116,SG,,31,"$12,836.56 ","$10,269.23 "
,OTHER,,135,"$63,735.51 ","$50,242.99 "
,TOTAL,,166,"$76,572.07 ","$60,512.22 "
28118,AS,,45,"$2,157.61 ","$1,674.12 "
,SG,,256,"$157,312.48 ","$125,084.11 "
,80'S,,90,"$5,459.61 ","$4,257.43 "
,OTHER,,"1,540","$613,496.20 ","$481,377.59 "
,TOTAL,,"1,931","$778,425.90 ","$612,393.25 "
28119,SG,,949,"$579,999.48 ","$449,332.27 "
,OTHER,,"2,316","$910,678.94 ","$710,730.30 "
,TOTAL,,"3,265","$1,490,678.42 ","$1,160,062.57 "
28120,SG,,384,"$371,094.47 ","$290,129.83 "
,OTHER,,"3,205","$1,573,728.37 ","$1,244,354.41 "
,TOTAL,,"3,589","$1,944,822.84 ","$1,534,484.24 "
28122,AS,,208,"$15,094.47 ","$12,041.46 "
,SG,,"1,420","$601,029.68 ","$475,271.40 "
,80'S,,334,"$30,667.20 ","$24,191.02 "
,OTHER,,"8,899","$5,097,120.42 ","$4,020,545.57 "
,TOTAL,,"10,861","$5,743,911.77 ","$4,532,049.45 "
28124,OTHER,,"15,871","$7,192,325.84 ","$5,676,860.48 "
,TOTAL,,"15,871","$7,192,325.84 ","$5,676,860.48 "
28126,SG,,273,"$110,662.99 ","$88,443.02 "
,OTHER,,"4,095","$1,291,254.70 ","$1,015,016.22 "
,TOTAL,,"4,368","$1,401,917.69 ","$1,103,459.24 "
28130,AS,,5,$304.13 ,$243.31 
,SG,,2,$737.91 ,$590.32 
,80'S,,5,$445.03 ,$356.03 
,OTHER,,77,"$33,617.98 ","$26,811.14 "
,TOTAL,,89,"$35,105.05 ","$28,000.80 "
28140,SG,,111,"$46,779.79 ","$36,799.33 "
,OTHER,,"1,021","$486,934.54 ","$383,453.69 "
,TOTAL,,"1,132","$533,714.33 ","$420,253.02 "
28150,SG,,425,"$187,979.49 ","$149,539.25 "
,OTHER,,"1,633","$566,781.83 ","$448,125.17 "
,TOTAL,,"2,058","$754,761.32 ","$597,664.42 "
28153,AS,,3,$70.47 ,$56.37 
,SG,,205,"$82,459.88 ","$65,689.55 "
,OTHER,,"4,644","$1,394,533.97 ","$1,094,768.05 "
,TOTAL,,"4,852","$1,477,064.32 ","$1,160,513.97 "
28160,SG,,295,"$119,706.25 ","$95,662.75 "
,OTHER,,"4,196","$1,358,436.71 ","$1,071,856.89 "
,TOTAL,,"4,491","$1,478,142.96 ","$1,167,519.64 "
28171,AS,,9,$452.29 ,$361.82 
,SG,,11,"$4,529.81 ","$3,543.87 "
,80'S,,1,$60.62 ,$48.50 
,OTHER,,45,"$26,624.51 ","$21,258.75 "
,TOTAL,,66,"$31,667.23 ","$25,212.94 "
28173,SG,,43,"$17,629.26 ","$13,355.19 "
,OTHER,,260,"$160,590.50 ","$128,298.03 "
,TOTAL,,303,"$178,219.76 ","$141,653.22 "
28175,SG,,86,"$38,620.60 ","$30,800.49 "
,OTHER,,335,"$165,366.45 ","$131,050.02 "
,TOTAL,,421,"$203,987.05 ","$161,850.51 "
28190,OTHER,,"5,206","$1,299,145.79 ","$1,008,582.21 "
,TOTAL,,"5,206","$1,299,145.79 ","$1,008,582.21 "
28192,SG,,204,"$84,813.57 ","$66,162.71 "
,OTHER,,"1,648","$634,536.49 ","$499,918.33 "
,TOTAL,,"1,852","$719,350.06 ","$566,081.04 "
28193,SG,,52,"$31,837.87 ","$24,345.06 "
,OTHER,,688,"$303,660.69 ","$237,725.12 "
,TOTAL,,740,"$335,498.56 ","$262,070.18 "
28200,SG,,93,"$34,022.99 ","$26,608.65 "
,OTHER,,571,"$153,071.71 ","$119,869.87 "
,TOTAL,,664,"$187,094.70 ","$146,478.52 "
28202,AS,,5,$191.00 ,$152.79 
,SG,,29,"$8,821.48 ","$6,977.16 "
,80'S,,7,$446.39 ,$357.12 
,OTHER,,91,"$34,998.97 ","$27,826.80 "
,TOTAL,,132,"$44,457.84 ","$35,313.87 "
28208,SG,,163,"$58,231.21 ","$45,831.33 "
,OTHER,,"1,125","$298,703.24 ","$236,625.48 "
,TOTAL,,"1,288","$356,934.45 ","$282,456.81 "
28210,AS,,3,$193.40 ,$154.72 
,SG,,34,"$11,726.01 ","$9,367.76 "
,80'S,,9,$577.42 ,$461.96 
,OTHER,,95,"$35,398.01 ","$28,099.91 "
,TOTAL,,141,"$47,894.84 ","$38,084.35 "
28220,OTHER,,946,"$308,688.29 ","$245,132.94 "
,TOTAL,,946,"$308,688.29 ","$245,132.94 "
28222,SG,,30,"$5,484.72 ","$4,307.77 "
,OTHER,,375,"$181,713.47 ","$142,429.41 "
,TOTAL,,405,"$187,198.19 ","$146,737.18 "
28225,SG,,121,"$23,086.99 ","$18,466.56 "
,OTHER,,627,"$149,916.06 ","$118,307.05 "
,TOTAL,,748,"$173,003.05 ","$136,773.61 "
28226,SG,,92,"$16,489.02 ","$13,191.27 "
,OTHER,,185,"$48,551.52 ","$38,781.42 "
,TOTAL,,277,"$65,040.54 ","$51,972.69 "
28230,OTHER,,"3,040","$989,652.28 ","$782,840.23 "
,TOTAL,,"3,040","$989,652.28 ","$782,840.23 "
28232,OTHER,,"6,888","$2,012,730.91 ","$1,587,370.84 "
,TOTAL,,"6,888","$2,012,730.91 ","$1,587,370.84 "
28234,SG,,267,"$71,228.71 ","$56,604.19 "
,OTHER,,"5,121","$1,353,761.56 ","$1,070,819.43 "
,TOTAL,,"5,388","$1,424,990.27 ","$1,127,423.62 "
28238,AS,,13,$793.47 ,$634.78 
,SG,,116,"$50,808.23 ","$40,269.31 "
,80'S,,32,"$2,368.41 ","$1,894.72 "
,OTHER,,463,"$217,410.92 ","$170,122.90 "
,TOTAL,,624,"$271,381.03 ","$212,921.71 "
28240,SG,,118,"$32,867.20 ","$25,981.73 "
,OTHER,,646,"$173,067.11 ","$137,469.05 "
,TOTAL,,764,"$205,934.31 ","$163,450.78 "
28250,AS,,11,$710.56 ,$568.43 
,SG,,92,"$42,609.96 ","$33,742.64 "
,80'S,,33,"$2,222.92 ","$1,778.30 "
,OTHER,,562,"$235,877.14 ","$185,864.92 "
,TOTAL,,698,"$281,420.58 ","$221,954.29 "
28260,AS,,3,$128.04 ,$102.44 
,SG,,37,"$13,033.67 ","$10,426.97 "
,80'S,,15,"$1,104.20 ",$883.35 
,OTHER,,124,"$58,671.38 ","$46,612.78 "
,TOTAL,,179,"$72,937.29 ","$58,025.54 "
28261,AS,,1,$123.88 ,$99.10 
,SG,,58,"$20,269.34 ","$15,984.47 "
,80'S,,2,$262.46 ,$209.96 
,OTHER,,225,"$160,014.24 ","$125,849.12 "
,TOTAL,,286,"$180,669.92 ","$142,142.65 "
28262,AS,,4,$612.12 ,$400.80 
,SG,,8,"$4,281.40 ","$3,425.11 "
,80'S,,25,"$4,838.95 ","$3,871.16 "
,OTHER,,80,"$91,942.59 ","$71,061.00 "
,TOTAL,,117,"$101,675.06 ","$78,758.07 "
28264,AS,,16,"$1,012.97 ",$810.40 
,SG,,8,"$1,492.99 ","$1,114.38 "
,80'S,,5,$449.30 ,$359.44 
,OTHER,,76,"$46,188.58 ","$36,350.37 "
,TOTAL,,105,"$49,143.84 ","$38,634.59 "
28270,AS,,4,$149.90 ,$119.93 
,SG,,"1,517","$464,973.24 ","$369,397.37 "
,OTHER,,"21,813","$7,538,542.01 ","$5,979,639.56 "
,TOTAL,,"23,334","$8,003,665.15 ","$6,349,156.86 "
28272,80'S,,1,$69.01 ,$55.21 
,OTHER,,"4,878","$1,413,654.06 ","$1,118,896.59 "
,TOTAL,,"4,879","$1,413,723.07 ","$1,118,951.80 "
28280,AS,,4,$269.93 ,$215.95 
,SG,,219,"$60,410.34 ","$47,482.09 "
,80'S,,4,$234.89 ,$182.08 
,OTHER,,663,"$245,895.84 ","$191,830.15 "
,TOTAL,,890,"$306,811.00 ","$239,710.27 "
28285,AS,,2,$60.21 ,$48.17 
,SG,,"26,171","$9,888,053.86 ","$7,817,976.80 "
,80'S,,2,$84.14 ,$67.32 
,OTHER,,"86,350","$26,314,834.90 ","$20,761,797.15 "
,TOTAL,,"112,525","$36,203,033.11 ","$28,579,889.44 "
28286,SG,,180,"$102,230.51 ","$79,834.01 "
,OTHER,,523,"$159,924.23 ","$125,983.97 "
,TOTAL,,703,"$262,154.74 ","$205,817.98 "
28288,SG,,"1,526","$613,562.03 ","$483,095.88 "
,80'S,,1,$49.06 ,$39.25 
,OTHER,,"3,712","$1,465,383.22 ","$1,153,301.70 "
,TOTAL,,"5,239","$2,078,994.31 ","$1,636,436.83 "
28289,AS,,64,"$5,127.07 ","$3,993.75 "
,SG,,325,"$156,780.50 ","$124,121.33 "
,80'S,,59,"$6,024.33 ","$4,819.49 "
,OTHER,,"1,936","$1,186,297.62 ","$933,030.38 "
,TOTAL,,"2,384","$1,354,229.52 ","$1,065,964.95 "
28290,SG,,861,"$311,219.13 ","$246,558.46 "
,80'S,,1,$82.34 ,$65.87 
,OTHER,,"2,645","$1,345,043.74 ","$1,061,543.08 "
,TOTAL,,"3,507","$1,656,345.21 ","$1,308,167.41 "
28292,AS,,203,"$13,400.55 ","$10,489.65 "
,SG,,"4,023","$1,397,748.51 ","$1,103,237.19 "
,80'S,,735,"$66,618.89 ","$52,644.17 "
,OTHER,,"12,964","$7,043,203.44 ","$5,561,116.50 "
,TOTAL,,"17,925","$8,520,971.39 ","$6,727,487.51 "
28293,AS,,13,"$1,061.92 ",$849.53 
,SG,,843,"$401,886.09 ","$317,659.74 "
,80'S,,286,"$27,198.48 ","$21,512.74 "
,OTHER,,"2,955","$1,701,360.44 ","$1,343,968.95 "
,TOTAL,,"4,097","$2,131,506.93 ","$1,683,990.96 "
28294,AS,,2,$128.93 ,$67.56 
,SG,,58,"$27,393.85 ","$21,477.17 "
,80'S,,18,"$2,176.20 ","$1,741.00 "
,OTHER,,247,"$156,054.87 ","$123,452.65 "
,TOTAL,,325,"$185,753.85 ","$146,738.38 "
28296,AS,,275,"$24,561.12 ","$19,505.01 "
,SG,,"6,763","$3,267,374.16 ","$2,566,273.76 "
,80'S,,"1,205","$136,187.32 ","$107,831.18 "
,OTHER,,"17,925","$12,126,523.74 ","$9,535,957.73 "
,TOTAL,,"26,168","$15,554,646.34 ","$12,229,567.68 "
28297,AS,,53,"$4,724.75 ","$3,708.06 "
,SG,,205,"$96,236.71 ","$76,074.14 "
,80'S,,54,"$5,845.79 ","$4,667.59 "
,OTHER,,796,"$547,387.10 ","$430,657.04 "
,TOTAL,,"1,108","$654,194.35 ","$515,106.83 "
28298,AS,,41,"$3,028.34 ","$2,400.21 "
,SG,,664,"$311,046.32 ","$246,578.38 "
,80'S,,111,"$10,601.69 ","$8,287.61 "
,OTHER,,"2,057","$1,157,468.47 ","$908,569.02 "
,TOTAL,,"2,873","$1,482,144.82 ","$1,165,835.22 "
28299,AS,,42,"$4,165.00 ","$3,332.05 "
,SG,,"1,208","$848,128.69 ","$667,473.23 "
,80'S,,218,"$25,788.92 ","$20,461.37 "
,OTHER,,"2,589","$1,908,743.31 ","$1,506,040.11 "
,TOTAL,,"4,057","$2,786,825.92 ","$2,197,306.76 "
28300,AS,,131,"$8,206.30 ","$6,413.71 "
,SG,,131,"$34,590.48 ","$27,394.92 "
,80'S,,192,"$15,066.55 ","$11,872.76 "
,OTHER,,"1,340","$681,704.13 ","$532,327.36 "
,TOTAL,,"1,794","$739,567.46 ","$578,008.75 "
28302,SG,,2,$433.69 ,$346.95 
,OTHER,,29,"$15,941.30 ","$12,673.04 "
,TOTAL,,31,"$16,374.99 ","$13,019.99 "
28304,AS,,6,$479.19 ,$383.36 
,SG,,38,"$10,637.16 ","$8,509.71 "
,80'S,,17,"$1,279.00 ",$943.98 
,OTHER,,228,"$113,059.81 ","$88,929.70 "
,TOTAL,,289,"$125,455.16 ","$98,766.75 "
28305,AS,,5,$486.12 ,$388.89 
,SG,,16,"$5,098.69 ","$4,078.95 "
,80'S,,7,$607.73 ,$486.19 
,OTHER,,94,"$47,780.12 ","$37,086.38 "
,TOTAL,,122,"$53,972.66 ","$42,040.41 "
28306,AS,,81,"$3,044.06 ","$2,390.84 "
,SG,,556,"$334,793.66 ","$262,766.70 "
,80'S,,124,"$5,398.32 ","$4,225.02 "
,OTHER,,"1,690","$493,068.76 ","$388,837.20 "
,TOTAL,,"2,451","$836,304.80 ","$658,219.76 "
28307,SG,,29,"$17,088.50 ","$13,563.69 "
,80'S,,2,$91.10 ,$72.88 
,OTHER,,88,"$32,862.60 ","$26,210.13 "
,TOTAL,,119,"$50,042.20 ","$39,846.70 "
28308,AS,,138,"$5,438.03 ","$4,287.81 "
,SG,,"2,215","$607,385.46 ","$481,478.40 "
,80'S,,415,"$19,586.56 ","$15,482.83 "
,OTHER,,"7,507","$1,987,254.89 ","$1,563,708.66 "
,TOTAL,,"10,275","$2,619,664.94 ","$2,064,957.70 "
28309,AS,,1,$137.54 ,$110.03 
,SG,,31,"$17,563.46 ","$14,050.77 "
,80'S,,3,$455.27 ,$347.73 
,OTHER,,74,"$64,111.04 ","$49,543.91 "
,TOTAL,,109,"$82,267.31 ","$64,052.44 "
28310,SG,,604,"$217,533.44 ","$170,703.76 "
,80'S,,3,$211.08 ,$168.87 
,OTHER,,"2,526","$751,494.39 ","$594,272.97 "
,TOTAL,,"3,133","$969,238.91 ","$765,145.60 "
28312,SG,,280,"$103,689.55 ","$81,503.40 "
,OTHER,,765,"$245,879.66 ","$194,440.73 "
,TOTAL,,"1,045","$349,569.21 ","$275,944.13 "
28313,AS,,1,$35.15 ,$28.12 
,SG,,361,"$92,758.25 ","$73,638.94 "
,OTHER,,"1,454","$537,810.22 ","$425,314.89 "
,TOTAL,,"1,816","$630,603.62 ","$498,981.95 "
28315,SG,,594,"$363,317.18 ","$285,783.47 "
,OTHER,,"2,174","$655,987.19 ","$519,031.46 "
,TOTAL,,"2,768","$1,019,304.37 ","$804,814.93 "
28320,AS,,11,$970.58 ,$776.46 
,SG,,16,"$8,505.72 ","$6,684.39 "
,80'S,,12,"$1,142.36 ",$913.88 
,OTHER,,103,"$62,181.93 ","$46,938.45 "
,TOTAL,,142,"$72,800.59 ","$55,313.18 "
28322,AS,,19,"$1,530.34 ","$1,154.13 "
,SG,,93,"$56,073.41 ","$44,537.66 "
,80'S,,18,"$1,676.57 ","$1,341.25 "
,OTHER,,296,"$170,040.57 ","$131,832.57 "
,TOTAL,,426,"$229,320.89 ","$178,865.61 "
28340,SG,,8,"$4,441.75 ","$3,553.39 "
,OTHER,,20,"$9,280.99 ","$7,299.90 "
,TOTAL,,28,"$13,722.74 ","$10,853.29 "
28341,SG,,14,"$8,828.06 ","$6,982.42 "
,OTHER,,65,"$39,360.73 ","$31,270.04 "
,TOTAL,,79,"$48,188.79 ","$38,252.46 "
28344,OTHER,,1,$201.08 ,$160.86 
,TOTAL,,1,$201.08 ,$160.86 
28345,SG,,39,"$21,453.61 ","$17,162.90 "
,OTHER,,80,"$32,940.89 ","$26,352.64 "
,TOTAL,,119,"$54,394.50 ","$43,515.54 "
28400,SG,,1,$155.60 ,$124.48 
,OTHER,,"3,563","$988,754.15 ","$768,902.93 "
,TOTAL,,"3,564","$988,909.75 ","$769,027.41 "
28405,AS,,1,$29.85 ,$23.88 
,SG,,5,"$1,767.51 ","$1,395.02 "
,OTHER,,215,"$80,064.71 ","$61,717.19 "
,TOTAL,,221,"$81,862.07 ","$63,136.09 "
28406,AS,,2,$120.14 ,$96.11 
,SG,,2,$872.70 ,$356.69 
,80'S,,2,$132.78 ,$106.22 
,OTHER,,129,"$63,987.25 ","$49,738.14 "
,TOTAL,,135,"$65,112.87 ","$50,297.16 "
28415,AS,,74,"$12,144.59 ","$9,622.99 "
,SG,,33,"$16,691.85 ","$13,273.48 "
,80'S,,76,"$14,484.49 ","$11,476.46 "
,OTHER,,733,"$864,865.51 ","$679,188.79 "
,TOTAL,,916,"$908,186.44 ","$713,561.72 "
28420,AS,,3,$480.36 ,$384.30 
,SG,,5,"$2,778.10 ","$2,222.47 "
,80'S,,9,"$1,840.29 ","$1,472.22 "
,OTHER,,50,"$60,671.80 ","$47,949.24 "
,TOTAL,,67,"$65,770.55 ","$52,028.23 "
28430,OTHER,,"1,191","$290,922.44 ","$225,911.40 "
,TOTAL,,"1,191","$290,922.44 ","$225,911.40 "
28435,SG,,1,$228.47 ,$182.78 
,OTHER,,64,"$18,321.57 ","$14,400.46 "
,TOTAL,,65,"$18,550.04 ","$14,583.24 "
28436,OTHER,,30,"$10,555.83 ","$8,202.99 "
,TOTAL,,30,"$10,555.83 ","$8,202.99 "
28445,AS,,21,"$3,029.20 ","$2,411.75 "
,SG,,8,"$3,587.86 ","$2,870.29 "
,80'S,,25,"$4,411.99 ","$3,413.93 "
,OTHER,,243,"$242,960.20 ","$191,674.99 "
,TOTAL,,297,"$253,989.25 ","$200,370.96 "
28450,OTHER,,"2,317","$566,102.85 ","$439,348.74 "
,TOTAL,,"2,317","$566,102.85 ","$439,348.74 "
28455,OTHER,,111,"$33,905.39 ","$26,604.52 "
,TOTAL,,111,"$33,905.39 ","$26,604.52 "
28456,OTHER,,29,"$7,358.37 ","$5,886.68 "
,TOTAL,,29,"$7,358.37 ","$5,886.68 "
28465,SG,,32,"$11,889.48 ","$9,511.55 "
,OTHER,,213,"$95,403.16 ","$74,709.62 "
,TOTAL,,245,"$107,292.64 ","$84,221.17 "
28470,80'S,,1,$39.91 ,$31.93 
,OTHER,,"36,397","$7,843,053.15 ","$6,102,900.63 "
,TOTAL,,"36,398","$7,843,093.06 ","$6,102,932.56 "
28475,OTHER,,"1,555","$439,324.05 ","$346,613.63 "
,TOTAL,,"1,555","$439,324.05 ","$346,613.63 "
28476,AS,,3,$119.64 ,$95.71 
,SG,,47,"$17,548.10 ","$13,674.44 "
,80'S,,3,$89.61 ,$71.69 
,OTHER,,358,"$100,380.85 ","$78,068.89 "
,TOTAL,,411,"$118,138.20 ","$91,910.73 "
28485,SG,,416,"$248,891.27 ","$195,844.76 "
,OTHER,,"1,790","$780,534.04 ","$613,100.17 "
,TOTAL,,"2,206","$1,029,425.31 ","$808,944.93 "
28490,OTHER,,"5,165","$646,662.69 ","$496,956.23 "
,TOTAL,,"5,165","$646,662.69 ","$496,956.23 "
28495,OTHER,,634,"$100,049.27 ","$78,723.02 "
,TOTAL,,634,"$100,049.27 ","$78,723.02 "
28496,SG,,14,"$6,012.87 ","$4,810.30 "
,OTHER,,126,"$29,950.34 ","$23,956.90 "
,TOTAL,,140,"$35,963.21 ","$28,767.20 "
28505,SG,,59,"$24,867.55 ","$18,603.26 "
,OTHER,,386,"$147,153.54 ","$115,331.04 "
,TOTAL,,445,"$172,021.09 ","$133,934.30 "
28510,OTHER,,"12,128","$1,473,546.43 ","$1,134,877.17 "
,TOTAL,,"12,128","$1,473,546.43 ","$1,134,877.17 "
28515,OTHER,,"1,799","$265,339.33 ","$206,153.23 "
,TOTAL,,"1,799","$265,339.33 ","$206,153.23 "
28525,AS,,2,$75.17 ,$60.14 
,SG,,43,"$20,687.15 ","$16,503.11 "
,OTHER,,325,"$103,276.53 ","$81,035.60 "
,TOTAL,,370,"$124,038.85 ","$97,598.85 "
28530,OTHER,,138,"$19,867.62 ","$15,115.64 "
,TOTAL,,138,"$19,867.62 ","$15,115.64 "
28531,OTHER,,15,"$2,822.52 ","$2,258.00 "
,TOTAL,,15,"$2,822.52 ","$2,258.00 "
28540,OTHER,,152,"$27,616.06 ","$21,714.04 "
,TOTAL,,152,"$27,616.06 ","$21,714.04 "
28545,OTHER,,25,"$3,983.87 ","$3,187.08 "
,TOTAL,,25,"$3,983.87 ","$3,187.08 "
28546,AS,,1,$24.05 ,$19.24 
,SG,,3,"$1,328.35 ","$1,044.40 "
,OTHER,,20,"$4,855.45 ","$3,573.59 "
,TOTAL,,24,"$6,207.85 ","$4,637.23 "
28555,AS,,26,"$1,194.28 ",$955.45 
,SG,,4,$897.22 ,$646.58 
,80'S,,15,$777.67 ,$622.13 
,OTHER,,123,"$42,756.48 ","$33,959.78 "
,TOTAL,,168,"$45,625.65 ","$36,183.94 "
28570,AS,,1,$13.57 ,$10.86 
,OTHER,,95,"$17,282.92 ","$13,379.56 "
,TOTAL,,96,"$17,296.49 ","$13,390.42 "
28575,80'S,,1,$28.12 ,$22.50 
,OTHER,,36,"$9,479.16 ","$7,346.80 "
,TOTAL,,37,"$9,507.28 ","$7,369.30 "
28576,AS,,1,$26.90 ,$19.37 
,OTHER,,25,"$7,447.24 ","$5,941.94 "
,TOTAL,,26,"$7,474.14 ","$5,961.31 "
28585,AS,,30,"$1,546.26 ","$1,237.04 "
,SG,,29,"$11,151.35 ","$8,880.00 "
,80'S,,20,"$1,296.32 ","$1,037.04 "
,OTHER,,167,"$71,655.34 ","$57,191.40 "
,TOTAL,,246,"$85,649.27 ","$68,345.48 "
28600,OTHER,,182,"$39,050.73 ","$30,042.91 "
,TOTAL,,182,"$39,050.73 ","$30,042.91 "
28605,80'S,,3,$60.95 ,$48.76 
,OTHER,,71,"$18,121.99 ","$14,156.98 "
,TOTAL,,74,"$18,182.94 ","$14,205.74 "
28606,SG,,9,"$3,292.74 ","$2,634.19 "
,OTHER,,167,"$55,019.81 ","$43,769.64 "
,TOTAL,,176,"$58,312.55 ","$46,403.83 "
28615,AS,,63,"$4,879.99 ","$3,903.96 "
,SG,,24,"$10,097.79 ","$8,078.22 "
,80'S,,61,"$4,961.66 ","$3,969.33 "
,OTHER,,637,"$332,527.52 ","$262,780.56 "
,TOTAL,,785,"$352,466.96 ","$278,732.07 "
28630,OTHER,,209,"$28,225.37 ","$22,118.95 "
,TOTAL,,209,"$28,225.37 ","$22,118.95 "
28635,SG,,17,"$3,817.05 ","$3,053.63 "
,OTHER,,214,"$30,505.14 ","$23,851.38 "
,TOTAL,,231,"$34,322.19 ","$26,905.01 "
28636,SG,,34,"$13,253.09 ","$10,596.85 "
,OTHER,,68,"$10,257.28 ","$8,205.83 "
,TOTAL,,102,"$23,510.37 ","$18,802.68 "
28645,SG,,281,"$103,712.76 ","$81,903.72 "
,OTHER,,"1,003","$197,366.93 ","$156,177.10 "
,TOTAL,,"1,284","$301,079.69 ","$238,080.82 "
28660,OTHER,,616,"$81,850.21 ","$63,618.27 "
,TOTAL,,616,"$81,850.21 ","$63,618.27 "
28665,SG,,4,$836.65 ,$669.32 
,OTHER,,226,"$33,766.91 ","$26,389.76 "
,TOTAL,,230,"$34,603.56 ","$27,059.08 "
28666,SG,,27,"$7,898.23 ","$6,318.54 "
,OTHER,,97,"$12,260.03 ","$9,727.91 "
,TOTAL,,124,"$20,158.26 ","$16,046.45 "
28675,SG,,28,"$12,082.39 ","$9,377.93 "
,OTHER,,172,"$40,296.38 ","$32,088.99 "
,TOTAL,,200,"$52,378.77 ","$41,466.92 "
28705,AS,,32,"$5,559.22 ","$4,447.36 "
,SG,,10,"$6,433.07 ","$5,066.46 "
,80'S,,44,"$9,048.03 ","$7,238.40 "
,OTHER,,283,"$361,211.23 ","$286,759.97 "
,TOTAL,,369,"$382,251.55 ","$303,512.19 "
28715,AS,,162,"$21,527.03 ","$16,924.60 "
,SG,,50,"$30,716.50 ","$24,573.19 "
,80'S,,301,"$46,962.79 ","$36,902.73 "
,OTHER,,"1,630","$1,583,982.84 ","$1,245,468.26 "
,TOTAL,,"2,143","$1,683,189.16 ","$1,323,868.78 "
28725,AS,,174,"$17,911.11 ","$14,224.52 "
,SG,,110,"$63,748.58 ","$50,298.05 "
,80'S,,264,"$31,911.00 ","$25,256.12 "
,OTHER,,"1,843","$1,417,712.52 ","$1,115,619.26 "
,TOTAL,,"2,391","$1,531,283.21 ","$1,205,397.95 "
28730,AS,,133,"$13,119.87 ","$10,148.64 "
,SG,,96,"$54,240.62 ","$42,867.66 "
,80'S,,138,"$16,209.45 ","$12,896.25 "
,OTHER,,"1,146","$857,182.84 ","$672,182.69 "
,TOTAL,,"1,513","$940,752.78 ","$738,095.24 "
28735,AS,,21,"$2,173.09 ","$1,738.47 "
,SG,,19,"$11,709.01 ","$9,367.23 "
,80'S,,45,"$5,578.68 ","$4,347.49 "
,OTHER,,271,"$201,462.70 ","$157,627.61 "
,TOTAL,,356,"$220,923.48 ","$173,080.80 "
28737,AS,,17,$910.40 ,$728.36 
,SG,,41,"$28,880.96 ","$21,177.64 "
,80'S,,22,"$1,948.91 ","$1,486.40 "
,OTHER,,168,"$93,012.28 ","$71,752.63 "
,TOTAL,,248,"$124,752.55 ","$95,145.03 "
28740,AS,,158,"$9,745.80 ","$7,722.10 "
,SG,,224,"$123,653.40 ","$98,092.04 "
,80'S,,159,"$12,615.12 ","$9,925.99 "
,OTHER,,"1,430","$706,169.25 ","$552,238.06 "
,TOTAL,,"1,971","$852,183.57 ","$667,978.19 "
28750,AS,,41,"$2,958.96 ","$2,367.19 "
,SG,,880,"$536,386.78 ","$420,718.99 "
,80'S,,46,"$3,945.39 ","$3,087.46 "
,OTHER,,"3,799","$2,051,044.21 ","$1,607,362.71 "
,TOTAL,,"4,766","$2,594,335.34 ","$2,033,536.35 "
28755,SG,,520,"$302,435.00 ","$239,602.28 "
,80'S,,1,$32.36 ,$25.89 
,OTHER,,"1,793","$578,676.56 ","$456,176.56 "
,TOTAL,,"2,314","$881,143.92 ","$695,804.73 "
28760,AS,,8,$613.90 ,$491.11 
,SG,,110,"$64,834.12 ","$51,743.86 "
,80'S,,35,"$2,969.48 ","$2,355.02 "
,OTHER,,395,"$210,484.57 ","$166,705.81 "
,TOTAL,,548,"$278,902.07 ","$221,295.80 "
28800,AS,,28,"$2,252.59 ","$1,781.21 "
,80'S,,44,"$4,582.44 ","$3,665.95 "
,OTHER,,"1,054","$617,519.74 ","$489,006.56 "
,TOTAL,,"1,126","$624,354.77 ","$494,453.72 "
28805,AS,,23,"$1,957.19 ","$1,565.75 "
,80'S,,32,"$3,478.71 ","$2,782.99 "
,OTHER,,"7,059","$4,280,439.25 ","$3,394,035.77 "
,TOTAL,,"7,114","$4,285,875.15 ","$3,398,384.51 "
28810,AS,,50,"$2,767.82 ","$2,202.51 "
,SG,,346,"$141,392.61 ","$112,140.93 "
,80'S,,34,"$2,193.31 ","$1,754.64 "
,OTHER,,"18,263","$8,281,267.95 ","$6,564,400.29 "
,TOTAL,,"18,693","$8,427,621.69 ","$6,680,498.37 "
28820,SG,,"1,378","$547,239.78 ","$433,852.71 "
,OTHER,,"21,632","$8,085,884.64 ","$6,408,073.16 "
,TOTAL,,"23,010","$8,633,124.42 ","$6,841,925.87 "
28825,SG,,874,"$354,772.77 ","$280,227.61 "
,OTHER,,"9,050","$3,098,152.77 ","$2,452,639.61 "
,TOTAL,,"9,924","$3,452,925.54 ","$2,732,867.22 "
28899,AS,,4,$237.37 ,$189.90 
,80'S,,2,$331.14 ,$264.91 
,OTHER,,"1,307","$193,605.34 ","$152,553.20 "
,TOTAL,,"1,313","$194,173.85 ","$153,008.01 "
29000,OTHER,,40,"$3,602.23 ","$2,749.40 "
,TOTAL,,40,"$3,602.23 ","$2,749.40 "
29010,OTHER,,8,$867.59 ,$694.06 
,TOTAL,,8,$867.59 ,$694.06 
29015,OTHER,,22,"$2,665.06 ","$1,815.28 "
,TOTAL,,22,"$2,665.06 ","$1,815.28 "
29020,OTHER,,7,$676.06 ,$540.85 
,TOTAL,,7,$676.06 ,$540.85 
29025,OTHER,,7,$861.53 ,$681.85 
,TOTAL,,7,$861.53 ,$681.85 
29035,OTHER,,19,"$3,088.98 ","$2,422.68 "
,TOTAL,,19,"$3,088.98 ","$2,422.68 "
29040,80'S,,1,$20.52 ,$1.74 
,OTHER,,6,$766.61 ,$521.62 
,TOTAL,,7,$787.13 ,$523.36 
29044,OTHER,,14,"$2,194.66 ","$1,680.84 "
,TOTAL,,14,"$2,194.66 ","$1,680.84 "
29046,OTHER,,16,"$1,468.31 ","$1,167.69 "
,TOTAL,,16,"$1,468.31 ","$1,167.69 "
29049,OTHER,,34,"$2,007.45 ","$1,484.68 "
,TOTAL,,34,"$2,007.45 ","$1,484.68 "
29055,OTHER,,57,"$7,180.07 ","$5,706.33 "
,TOTAL,,57,"$7,180.07 ","$5,706.33 "
29058,OTHER,,130,"$8,197.11 ","$6,526.46 "
,TOTAL,,130,"$8,197.11 ","$6,526.46 "
29065,OTHER,,"13,269","$967,274.28 ","$743,593.14 "
,TOTAL,,"13,269","$967,274.28 ","$743,593.14 "
29075,OTHER,,"68,063","$4,634,482.40 ","$3,557,695.01 "
,TOTAL,,"68,063","$4,634,482.40 ","$3,557,695.01 "
29085,OTHER,,"5,295","$381,594.94 ","$292,721.65 "
,TOTAL,,"5,295","$381,594.94 ","$292,721.65 "
29086,OTHER,,110,"$4,762.57 ","$3,689.66 "
,TOTAL,,110,"$4,762.57 ","$3,689.66 "
29105,OTHER,,"15,420","$948,810.13 ","$730,337.77 "
,TOTAL,,"15,420","$948,810.13 ","$730,337.77 "
29125,OTHER,,"60,267","$2,643,820.74 ","$2,014,323.65 "
,TOTAL,,"60,267","$2,643,820.74 ","$2,014,323.65 "
29126,OTHER,,"1,143","$72,306.79 ","$56,882.21 "
,TOTAL,,"1,143","$72,306.79 ","$56,882.21 "
29130,OTHER,,"12,296","$349,605.36 ","$262,695.38 "
,TOTAL,,"12,296","$349,605.36 ","$262,695.38 "
29131,OTHER,,920,"$33,166.53 ","$25,697.93 "
,TOTAL,,920,"$33,166.53 ","$25,697.93 "
29200,OTHER,,"1,000","$42,825.32 ","$32,790.61 "
,TOTAL,,"1,000","$42,825.32 ","$32,790.61 "
29220,OTHER,,"1,922","$88,244.89 ","$69,300.59 "
,TOTAL,,"1,922","$88,244.89 ","$69,300.59 "
29240,OTHER,,"5,703","$275,410.58 ","$215,452.12 "
,TOTAL,,"5,703","$275,410.58 ","$215,452.12 "
29260,OTHER,,"4,396","$164,578.51 ","$126,276.05 "
,TOTAL,,"4,396","$164,578.51 ","$126,276.05 "
29280,OTHER,,"3,529","$122,591.72 ","$96,066.08 "
,TOTAL,,"3,529","$122,591.72 ","$96,066.08 "
29305,OTHER,,46,"$6,134.89 ","$4,785.30 "
,TOTAL,,46,"$6,134.89 ","$4,785.30 "
29325,OTHER,,35,"$5,343.18 ","$4,274.56 "
,TOTAL,,35,"$5,343.18 ","$4,274.56 "
29345,OTHER,,"3,950","$397,848.50 ","$307,906.34 "
,TOTAL,,"3,950","$397,848.50 ","$307,906.34 "
29355,OTHER,,724,"$79,088.46 ","$61,180.43 "
,TOTAL,,724,"$79,088.46 ","$61,180.43 "
29358,OTHER,,147,"$14,877.19 ","$11,706.52 "
,TOTAL,,147,"$14,877.19 ","$11,706.52 "
29365,OTHER,,"1,368","$126,730.51 ","$97,275.10 "
,TOTAL,,"1,368","$126,730.51 ","$97,275.10 "
29405,OTHER,,"46,812","$3,299,338.70 ","$2,523,421.30 "
,TOTAL,,"46,812","$3,299,338.70 ","$2,523,421.30 "
29425,OTHER,,"34,628","$2,695,844.20 ","$2,063,727.66 "
,TOTAL,,"34,628","$2,695,844.20 ","$2,063,727.66 "
29435,OTHER,,600,"$54,987.21 ","$41,482.87 "
,TOTAL,,600,"$54,987.21 ","$41,482.87 "
29440,OTHER,,211,"$7,453.71 ","$5,634.44 "
,TOTAL,,211,"$7,453.71 ","$5,634.44 "
29445,OTHER,,"8,998","$1,132,552.65 ","$871,632.26 "
,TOTAL,,"8,998","$1,132,552.65 ","$871,632.26 "
29450,OTHER,,338,"$32,564.11 ","$25,335.01 "
,TOTAL,,338,"$32,564.11 ","$25,335.01 "
29505,OTHER,,"6,522","$311,014.22 ","$240,055.71 "
,TOTAL,,"6,522","$311,014.22 ","$240,055.71 "
29515,OTHER,,"38,756","$1,864,198.16 ","$1,427,272.95 "
,TOTAL,,"38,756","$1,864,198.16 ","$1,427,272.95 "
29520,OTHER,,"1,009","$42,979.76 ","$34,280.83 "
,TOTAL,,"1,009","$42,979.76 ","$34,280.83 "
29530,OTHER,,"9,084","$361,370.16 ","$282,524.67 "
,TOTAL,,"9,084","$361,370.16 ","$282,524.67 "
29540,OTHER,,"223,136","$6,415,629.28 ","$4,928,017.00 "
,TOTAL,,"223,136","$6,415,629.28 ","$4,928,017.00 "
29550,OTHER,,"74,330","$2,077,191.13 ","$1,587,572.47 "
,TOTAL,,"74,330","$2,077,191.13 ","$1,587,572.47 "
29580,OTHER,,"393,405","$15,884,539.68 ","$12,233,455.95 "
,TOTAL,,"393,405","$15,884,539.68 ","$12,233,455.95 "
29590,OTHER,,"6,159","$248,821.89 ","$190,500.41 "
,TOTAL,,"6,159","$248,821.89 ","$190,500.41 "
29700,OTHER,,"3,273","$141,696.60 ","$109,212.27 "
,TOTAL,,"3,273","$141,696.60 ","$109,212.27 "
29705,OTHER,,"2,511","$135,203.85 ","$104,155.87 "
,TOTAL,,"2,511","$135,203.85 ","$104,155.87 "
29710,OTHER,,13,"$1,133.48 ",$906.78 
,TOTAL,,13,"$1,133.48 ",$906.78 
29715,OTHER,,8,$459.74 ,$367.80 
,TOTAL,,8,$459.74 ,$367.80 
29720,OTHER,,281,"$15,922.11 ","$12,412.27 "
,TOTAL,,281,"$15,922.11 ","$12,412.27 "
29730,OTHER,,738,"$35,111.83 ","$27,162.90 "
,TOTAL,,738,"$35,111.83 ","$27,162.90 "
29740,OTHER,,181,"$12,733.13 ","$9,896.42 "
,TOTAL,,181,"$12,733.13 ","$9,896.42 "
29750,OTHER,,27,"$1,388.06 ","$1,044.69 "
,TOTAL,,27,"$1,388.06 ","$1,044.69 "
29799,OTHER,,"1,231","$43,392.87 ","$34,507.80 "
,TOTAL,,"1,231","$43,392.87 ","$34,507.80 "
29800,AS,,1,$90.12 ,$72.10 
,SG,,4,"$1,867.84 ","$1,494.26 "
,OTHER,,36,"$14,379.49 ","$11,490.93 "
,TOTAL,,41,"$16,337.45 ","$13,057.29 "
29804,AS,,1,$83.68 ,$66.94 
,SG,,11,"$4,288.24 ","$3,430.59 "
,80'S,,11,$835.23 ,$668.18 
,OTHER,,85,"$57,093.34 ","$44,911.76 "
,TOTAL,,108,"$62,300.49 ","$49,077.47 "
29805,SG,,145,"$45,328.18 ","$35,990.38 "
,OTHER,,"1,158","$341,108.60 ","$268,509.16 "
,TOTAL,,"1,303","$386,436.78 ","$304,499.54 "
29806,AS,,1,$66.15 ,$52.92 
,SG,,94,"$36,100.33 ","$28,453.56 "
,OTHER,,440,"$383,178.66 ","$299,427.13 "
,TOTAL,,535,"$419,345.14 ","$327,933.61 "
29807,SG,,513,"$168,900.08 ","$131,837.39 "
,OTHER,,"2,415","$1,980,603.74 ","$1,543,419.56 "
,TOTAL,,"2,928","$2,149,503.82 ","$1,675,256.95 "
29819,SG,,91,"$28,750.48 ","$22,471.53 "
,80'S,,3,$137.67 ,$110.14 
,OTHER,,582,"$120,367.44 ","$95,220.86 "
,TOTAL,,676,"$149,255.59 ","$117,802.53 "
29820,AS,,57,"$2,637.91 ","$2,110.27 "
,SG,,73,"$22,947.52 ","$18,041.09 "
,80'S,,19,"$1,089.14 ",$870.36 
,OTHER,,450,"$133,320.18 ","$104,411.72 "
,TOTAL,,599,"$159,994.75 ","$125,433.44 "
29821,AS,,57,"$2,223.68 ","$1,778.90 "
,SG,,133,"$40,192.20 ","$31,854.80 "
,80'S,,50,"$1,285.98 ","$1,028.76 "
,OTHER,,748,"$138,604.43 ","$108,670.61 "
,TOTAL,,988,"$182,306.29 ","$143,333.07 "
29822,AS,,794,"$29,188.84 ","$23,256.03 "
,SG,,966,"$302,296.28 ","$238,543.05 "
,80'S,,329,"$12,925.34 ","$10,291.55 "
,OTHER,,"7,382","$1,486,665.78 ","$1,175,144.53 "
,TOTAL,,"9,471","$1,831,076.24 ","$1,447,235.16 "
29823,AS,,"1,507","$58,488.01 ","$46,321.15 "
,SG,,"2,352","$729,282.64 ","$575,877.79 "
,80'S,,947,"$36,759.35 ","$29,069.52 "
,OTHER,,"12,143","$2,770,287.20 ","$2,186,763.14 "
,TOTAL,,"16,949","$3,594,817.20 ","$2,838,031.60 "
29824,AS,,"1,895","$54,247.09 ","$43,020.23 "
,SG,,"4,256","$2,492,723.62 ","$1,957,508.49 "
,80'S,,"1,049","$33,900.50 ","$26,649.84 "
,OTHER,,"15,593","$2,339,212.15 ","$1,845,891.96 "
,TOTAL,,"22,793","$4,920,083.36 ","$3,873,070.52 "
29825,AS,,75,"$4,348.77 ","$3,327.40 "
,SG,,125,"$52,847.45 ","$41,193.18 "
,80'S,,38,"$2,346.42 ","$1,842.04 "
,OTHER,,796,"$235,384.15 ","$182,816.68 "
,TOTAL,,"1,034","$294,926.79 ","$229,179.30 "
29826,AS,,"6,390","$418,371.10 ","$331,548.33 "
,SG,,"9,607","$3,304,382.29 ","$2,607,157.69 "
,80'S,,"2,582","$190,331.52 ","$150,650.35 "
,OTHER,,"39,232","$18,599,375.21 ","$14,602,040.04 "
,TOTAL,,"57,811","$22,512,460.12 ","$17,691,396.41 "
29827,AS,,"1,658","$230,437.23 ","$183,329.63 "
,SG,,"1,698","$1,176,664.17 ","$931,034.34 "
,80'S,,"1,165","$192,003.06 ","$151,893.45 "
,OTHER,,"10,457","$10,568,112.50 ","$8,344,429.84 "
,TOTAL,,"14,978","$12,167,216.96 ","$9,610,687.26 "
29830,SG,,5,"$1,868.68 ","$1,494.95 "
,OTHER,,34,"$9,849.89 ","$7,879.91 "
,TOTAL,,39,"$11,718.57 ","$9,374.86 "
29834,AS,,16,$911.36 ,$724.11 
,SG,,43,"$17,753.89 ","$13,690.94 "
,80'S,,13,$842.38 ,$673.89 
,OTHER,,150,"$36,329.27 ","$27,467.72 "
,TOTAL,,222,"$55,836.90 ","$42,556.66 "
29835,AS,,2,$61.12 ,$48.90 
,SG,,11,"$4,035.56 ","$3,228.45 "
,80'S,,3,$214.49 ,$171.60 
,OTHER,,48,"$18,862.50 ","$14,915.45 "
,TOTAL,,64,"$23,173.67 ","$18,364.40 "
29836,AS,,11,$739.57 ,$561.37 
,SG,,21,"$8,154.20 ","$6,109.28 "
,80'S,,2,$177.19 ,$141.75 
,OTHER,,65,"$25,848.34 ","$20,495.49 "
,TOTAL,,99,"$34,919.30 ","$27,307.89 "
29837,AS,,8,$471.48 ,$377.18 
,SG,,26,"$11,167.26 ","$8,853.83 "
,80'S,,4,$182.98 ,$146.38 
,OTHER,,79,"$30,976.34 ","$24,545.57 "
,TOTAL,,117,"$42,798.06 ","$33,922.96 "
29838,AS,,6,$390.29 ,$312.24 
,SG,,36,"$16,962.37 ","$13,476.80 "
,80'S,,2,$196.96 ,$157.57 
,OTHER,,179,"$93,019.99 ","$72,191.56 "
,TOTAL,,223,"$110,569.61 ","$86,138.17 "
29840,SG,,22,"$10,434.29 ","$8,267.42 "
,OTHER,,78,"$23,361.15 ","$18,688.85 "
,TOTAL,,100,"$33,795.44 ","$26,956.27 "
29843,SG,,2,$995.94 ,$796.75 
,OTHER,,26,"$9,480.07 ","$7,181.83 "
,TOTAL,,28,"$10,476.01 ","$7,978.58 "
29844,AS,,4,$165.61 ,$132.48 
,SG,,28,"$11,536.32 ","$9,066.49 "
,80'S,,5,$389.00 ,$309.92 
,OTHER,,103,"$35,152.34 ","$27,481.71 "
,TOTAL,,140,"$47,243.27 ","$36,990.60 "
29845,AS,,20,"$1,256.89 ","$1,005.50 "
,SG,,56,"$24,187.98 ","$19,050.00 "
,80'S,,4,$291.68 ,$233.35 
,OTHER,,121,"$56,125.56 ","$44,881.24 "
,TOTAL,,201,"$81,862.11 ","$65,170.09 "
29846,AS,,9,$541.72 ,$433.38 
,SG,,234,"$109,432.33 ","$86,002.53 "
,80'S,,6,$504.38 ,$403.50 
,OTHER,,711,"$303,915.92 ","$236,307.07 "
,TOTAL,,960,"$414,394.35 ","$323,146.48 "
29847,AS,,6,$457.43 ,$365.95 
,SG,,14,"$6,332.08 ","$4,751.66 "
,80'S,,4,$357.30 ,$255.03 
,OTHER,,67,"$29,813.91 ","$23,266.74 "
,TOTAL,,91,"$36,960.72 ","$28,639.38 "
29848,SG,,"2,375","$3,191,024.05 ","$2,522,671.99 "
,OTHER,,"13,229","$5,542,829.90 ","$4,369,561.14 "
,TOTAL,,"15,604","$8,733,853.95 ","$6,892,233.13 "
29850,SG,,1,$648.47 ,$518.78 
,OTHER,,45,"$10,891.17 ","$8,712.93 "
,TOTAL,,46,"$11,539.64 ","$9,231.71 "
29851,AS,,3,$363.86 ,$291.09 
,SG,,3,"$1,947.22 ","$1,557.78 "
,80'S,,2,$295.44 ,$236.35 
,OTHER,,17,"$14,510.69 ","$11,053.99 "
,TOTAL,,25,"$17,117.21 ","$13,139.21 "
29855,AS,,23,"$2,271.15 ","$1,816.89 "
,SG,,8,"$3,816.58 ","$3,053.28 "
,80'S,,8,$865.95 ,$692.77 
,OTHER,,190,"$135,020.65 ","$106,547.31 "
,TOTAL,,229,"$141,974.33 ","$112,110.25 "
29856,AS,,6,$760.09 ,$598.91 
,80'S,,2,$300.96 ,$240.77 
,OTHER,,16,"$13,834.88 ","$11,067.90 "
,TOTAL,,24,"$14,895.93 ","$11,907.58 "
29860,AS,,1,$76.66 ,$61.33 
,80'S,,1,$95.70 ,$76.56 
,OTHER,,20,"$10,206.68 ","$7,879.03 "
,TOTAL,,22,"$10,379.04 ","$8,016.92 "
29861,AS,,4,$287.07 ,$229.66 
,SG,,1,$623.25 ,$498.60 
,80'S,,6,$438.39 ,$350.73 
,OTHER,,39,"$13,821.30 ","$10,553.90 "
,TOTAL,,50,"$15,170.01 ","$11,632.89 "
29862,AS,,22,"$2,147.27 ","$1,717.78 "
,SG,,9,"$10,810.58 ","$8,648.47 "
,80'S,,19,"$2,041.01 ","$1,598.54 "
,OTHER,,206,"$143,376.22 ","$111,429.13 "
,TOTAL,,256,"$158,375.08 ","$123,393.92 "
29863,AS,,7,$429.70 ,$343.74 
,80'S,,1,$66.40 ,$53.12 
,OTHER,,73,"$28,197.14 ","$22,461.34 "
,TOTAL,,81,"$28,693.24 ","$22,858.20 "
29870,SG,,256,"$113,621.93 ","$90,395.66 "
,80'S,,1,$75.09 ,$60.07 
,OTHER,,"2,071","$560,497.48 ","$438,544.41 "
,TOTAL,,"2,328","$674,194.50 ","$529,000.14 "
29871,SG,,50,"$23,631.50 ","$18,824.15 "
,OTHER,,"2,625","$1,070,342.78 ","$846,407.73 "
,TOTAL,,"2,675","$1,093,974.28 ","$865,231.88 "
29873,AS,,2,$146.20 ,$116.96 
,80'S,,2,$134.32 ,$53.73 
,OTHER,,"2,163","$667,787.59 ","$524,824.44 "
,TOTAL,,"2,167","$668,068.11 ","$524,995.13 "
29874,AS,,15,$578.74 ,$463.00 
,SG,,270,"$122,537.31 ","$95,793.10 "
,80'S,,5,$300.84 ,$205.19 
,OTHER,,"1,489","$641,555.54 ","$504,591.51 "
,TOTAL,,"1,779","$764,972.43 ","$601,052.80 "
29875,AS,,54,"$1,787.60 ","$1,427.73 "
,SG,,"1,148","$546,085.55 ","$431,130.34 "
,80'S,,9,$290.55 ,$232.43 
,OTHER,,"4,579","$1,159,384.61 ","$907,166.88 "
,TOTAL,,"5,790","$1,707,548.31 ","$1,339,957.38 "
29876,AS,,7,$202.82 ,$162.24 
,SG,,"2,601","$1,068,664.91 ","$845,066.49 "
,OTHER,,"11,936","$4,767,530.20 ","$3,759,381.08 "
,TOTAL,,"14,544","$5,836,397.93 ","$4,604,609.81 "
29877,AS,,97,"$6,091.45 ","$4,832.21 "
,SG,,"2,404","$1,430,825.81 ","$1,119,243.90 "
,80'S,,30,"$2,013.53 ","$1,609.01 "
,OTHER,,"8,647","$4,203,127.74 ","$3,274,633.96 "
,TOTAL,,"11,178","$5,642,058.53 ","$4,400,319.08 "
29879,AS,,162,"$8,573.26 ","$6,858.67 "
,SG,,"2,451","$691,845.45 ","$546,090.96 "
,80'S,,25,"$1,561.32 ","$1,223.54 "
,OTHER,,"9,460","$3,931,691.38 ","$3,097,000.20 "
,TOTAL,,"12,098","$4,633,671.41 ","$3,651,173.37 "
29880,AS,,677,"$57,432.22 ","$45,622.68 "
,SG,,"13,871","$8,619,751.72 ","$6,819,542.68 "
,80'S,,167,"$16,085.07 ","$12,758.51 "
,OTHER,,"45,222","$27,989,478.36 ","$22,093,410.42 "
,TOTAL,,"59,937","$36,682,747.37 ","$28,971,334.29 "
29881,AS,,751,"$54,256.26 ","$43,205.69 "
,SG,,"21,313","$13,211,635.00 ","$10,413,794.00 "
,80'S,,190,"$16,344.47 ","$12,924.93 "
,OTHER,,"69,772","$36,587,512.90 ","$28,761,743.99 "
,TOTAL,,"92,026","$49,869,748.63 ","$39,231,668.61 "
29882,AS,,1,$81.13 ,$64.90 
,SG,,206,"$93,779.38 ","$73,825.78 "
,OTHER,,802,"$468,850.95 ","$367,458.88 "
,TOTAL,,"1,009","$562,711.46 ","$441,349.56 "
29883,AS,,3,$303.94 ,$243.15 
,SG,,133,"$60,122.71 ","$47,735.02 "
,80'S,,1,$124.32 ,$99.46 
,OTHER,,492,"$384,233.73 ","$301,883.45 "
,TOTAL,,629,"$444,784.70 ","$349,961.08 "
29884,AS,,73,"$5,361.91 ","$4,245.81 "
,SG,,170,"$83,445.14 ","$65,566.51 "
,80'S,,67,"$5,313.34 ","$4,181.06 "
,OTHER,,855,"$404,248.96 ","$318,203.67 "
,TOTAL,,"1,165","$498,369.35 ","$392,197.05 "
29885,AS,,5,$435.45 ,$348.37 
,SG,,13,"$4,581.07 ","$3,222.84 "
,80'S,,4,$320.44 ,$256.34 
,OTHER,,79,"$51,759.83 ","$40,474.09 "
,TOTAL,,101,"$57,096.79 ","$44,301.64 "
29886,AS,,1,$75.12 ,$60.10 
,SG,,26,"$9,435.86 ","$7,548.68 "
,80'S,,3,$161.31 ,$129.06 
,OTHER,,156,"$48,985.72 ","$38,715.87 "
,TOTAL,,186,"$58,658.01 ","$46,453.71 "
29887,AS,,8,$777.19 ,$613.05 
,SG,,79,"$24,248.49 ","$19,301.05 "
,80'S,,8,$621.18 ,$496.93 
,OTHER,,253,"$162,462.22 ","$128,545.85 "
,TOTAL,,348,"$188,109.08 ","$148,956.88 "
29888,AS,,165,"$20,848.05 ","$16,493.24 "
,SG,,235,"$76,941.44 ","$60,369.19 "
,80'S,,151,"$22,705.52 ","$17,742.30 "
,OTHER,,"1,121","$1,032,726.41 ","$811,222.88 "
,TOTAL,,"1,672","$1,153,221.42 ","$905,827.61 "
29889,AS,,3,$379.07 ,$303.26 
,SG,,11,"$3,800.71 ","$3,040.57 "
,80'S,,4,$667.63 ,$534.10 
,OTHER,,57,"$57,293.54 ","$43,438.19 "
,TOTAL,,75,"$62,140.95 ","$47,316.12 "
29891,AS,,17,"$1,230.95 ",$984.78 
,SG,,24,"$10,424.33 ","$8,339.46 "
,80'S,,16,"$1,356.50 ","$1,085.21 "
,OTHER,,178,"$98,606.44 ","$77,256.24 "
,TOTAL,,235,"$111,618.22 ","$87,665.69 "
29892,AS,,1,$82.87 ,$66.30 
,SG,,3,"$1,598.51 ","$1,278.80 "
,80'S,,2,$120.84 ,$96.67 
,OTHER,,29,"$17,171.97 ","$13,311.35 "
,TOTAL,,35,"$18,974.19 ","$14,753.12 "
29893,AS,,2,$66.03 ,$52.83 
,SG,,318,"$425,764.18 ","$336,106.91 "
,80'S,,48,"$2,505.21 ","$1,977.74 "
,OTHER,,"1,294","$432,206.87 ","$337,149.02 "
,TOTAL,,"1,662","$860,542.29 ","$675,286.50 "
29894,AS,,11,$684.90 ,$547.93 
,SG,,31,"$14,827.63 ","$11,437.07 "
,80'S,,5,$204.69 ,$163.76 
,OTHER,,160,"$58,818.69 ","$46,704.99 "
,TOTAL,,207,"$74,535.91 ","$58,853.75 "
29895,AS,,25,"$1,326.97 ",$998.13 
,SG,,91,"$39,448.60 ","$30,810.44 "
,80'S,,15,"$1,106.80 ",$855.58 
,OTHER,,271,"$110,813.98 ","$86,937.51 "
,TOTAL,,402,"$152,696.35 ","$119,601.66 "
29897,AS,,20,"$1,231.39 ",$985.09 
,SG,,96,"$46,203.08 ","$36,425.54 "
,80'S,,17,"$1,260.79 ","$1,008.62 "
,OTHER,,330,"$140,163.69 ","$109,403.64 "
,TOTAL,,463,"$188,858.95 ","$147,822.89 "
29898,AS,,60,"$4,073.26 ","$3,234.68 "
,SG,,236,"$112,074.24 ","$88,029.01 "
,80'S,,73,"$5,766.02 ","$4,578.14 "
,OTHER,,896,"$441,855.95 ","$347,218.08 "
,TOTAL,,"1,265","$563,769.47 ","$443,059.91 "
29899,AS,,21,"$2,592.65 ","$2,074.10 "
,SG,,7,"$2,632.87 ","$2,106.29 "
,80'S,,20,"$3,047.80 ","$2,438.25 "
,OTHER,,137,"$124,934.65 ","$98,711.66 "
,TOTAL,,185,"$133,207.97 ","$105,330.30 "
29900,OTHER,,1,$233.28 ,$186.62 
,TOTAL,,1,$233.28 ,$186.62 
29901,AS,,1,$36.62 ,$26.37 
,SG,,4,"$1,782.14 ","$1,425.72 "
,OTHER,,7,"$2,757.56 ","$2,206.06 "
,TOTAL,,12,"$4,576.32 ","$3,658.15 "
29902,SG,,1,$469.24 ,$375.39 
,TOTAL,,1,$469.24 ,$375.39 
29999,AS,,111,"$10,538.75 ","$8,343.45 "
,80'S,,83,"$10,694.67 ","$8,555.67 "
,OTHER,,"1,238","$760,768.45 ","$606,814.70 "
,TOTAL,,"1,432","$782,001.87 ","$623,713.82 "
30000,OTHER,RESPIRATORY,221,"$27,334.23 ","$21,282.47 "
,TOTAL,,221,"$27,334.23 ","$21,282.47 "
30020,OTHER,,233,"$27,141.74 ","$21,491.61 "
,TOTAL,,233,"$27,141.74 ","$21,491.61 "
30100,OTHER,,"3,075","$215,764.42 ","$165,327.74 "
,TOTAL,,"3,075","$215,764.42 ","$165,327.74 "
30110,OTHER,,837,"$133,545.80 ","$101,609.44 "
,TOTAL,,837,"$133,545.80 ","$101,609.44 "
30115,SG,,173,"$54,570.70 ","$42,992.79 "
,OTHER,,"1,171","$326,567.01 ","$257,988.33 "
,TOTAL,,"1,344","$381,137.71 ","$300,981.12 "
30117,SG,,288,"$125,766.59 ","$99,372.88 "
,OTHER,,"2,075","$483,160.91 ","$379,523.97 "
,TOTAL,,"2,363","$608,927.50 ","$478,896.85 "
30118,SG,,42,"$18,819.79 ","$14,829.56 "
,80'S,,7,$601.15 ,$480.92 
,OTHER,,306,"$173,148.29 ","$136,112.30 "
,TOTAL,,355,"$192,569.23 ","$151,422.78 "
30120,SG,,74,"$21,657.74 ","$17,248.29 "
,OTHER,,349,"$130,952.48 ","$103,480.16 "
,TOTAL,,423,"$152,610.22 ","$120,728.45 "
30124,SG,,11,"$3,579.32 ","$2,863.45 "
,OTHER,,167,"$37,587.26 ","$29,438.76 "
,TOTAL,,178,"$41,166.58 ","$32,302.21 "
30125,SG,,12,"$4,422.16 ","$3,517.92 "
,OTHER,,45,"$20,283.27 ","$16,142.34 "
,TOTAL,,57,"$24,705.43 ","$19,660.26 "
30130,SG,,"1,059","$347,391.55 ","$274,194.28 "
,OTHER,,"5,013","$941,059.86 ","$739,189.97 "
,TOTAL,,"6,072","$1,288,451.41 ","$1,013,384.25 "
30140,SG,,"3,204","$989,854.67 ","$780,523.54 "
,OTHER,,"14,055","$3,859,020.50 ","$3,019,494.05 "
,TOTAL,,"17,259","$4,848,875.17 ","$3,800,017.59 "
30150,SG,,69,"$29,748.59 ","$23,645.30 "
,OTHER,,428,"$222,245.79 ","$177,379.95 "
,TOTAL,,497,"$251,994.38 ","$201,025.25 "
30160,SG,,1,$616.04 ,$492.83 
,80'S,,4,$392.13 ,$313.70 
,OTHER,,81,"$40,719.35 ","$32,575.48 "
,TOTAL,,86,"$41,727.52 ","$33,382.01 "
30200,OTHER,,"7,735","$518,333.57 ","$393,269.65 "
,TOTAL,,"7,735","$518,333.57 ","$393,269.65 "
30210,OTHER,,960,"$84,629.73 ","$65,802.98 "
,TOTAL,,960,"$84,629.73 ","$65,802.98 "
30220,OTHER,,369,"$39,126.27 ","$30,155.69 "
,TOTAL,,369,"$39,126.27 ","$30,155.69 "
30300,OTHER,,"1,819","$201,959.99 ","$155,641.54 "
,TOTAL,,"1,819","$201,959.99 ","$155,641.54 "
30310,SG,,14,"$3,662.08 ","$2,929.66 "
,OTHER,,140,"$16,585.85 ","$13,176.64 "
,TOTAL,,154,"$20,247.93 ","$16,106.30 "
30320,SG,,1,$456.96 ,$365.57 
,OTHER,,16,"$4,989.83 ","$3,891.96 "
,TOTAL,,17,"$5,446.79 ","$4,257.53 "
30400,SG,,41,"$22,536.42 ","$17,938.60 "
,80'S,,1,$62.95 ,$50.36 
,OTHER,,138,"$83,296.11 ","$66,437.60 "
,TOTAL,,180,"$105,895.48 ","$84,426.56 "
30410,SG,,19,"$12,466.32 ","$9,815.09 "
,80'S,,1,$148.67 ,$118.94 
,OTHER,,64,"$55,109.36 ","$43,470.10 "
,TOTAL,,84,"$67,724.35 ","$53,404.13 "
30420,SG,,85,"$54,481.06 ","$42,635.32 "
,OTHER,,385,"$388,916.36 ","$303,942.39 "
,TOTAL,,470,"$443,397.42 ","$346,577.71 "
30430,SG,,26,"$10,814.73 ","$8,651.75 "
,80'S,,2,$137.68 ,$110.14 
,OTHER,,78,"$33,805.17 ","$26,211.72 "
,TOTAL,,106,"$44,757.58 ","$34,973.61 "
30435,SG,,5,"$3,080.43 ","$2,464.34 "
,OTHER,,30,"$22,297.21 ","$17,793.26 "
,TOTAL,,35,"$25,377.64 ","$20,257.60 "
30450,SG,,10,"$9,875.71 ","$7,900.57 "
,OTHER,,52,"$63,919.56 ","$49,015.01 "
,TOTAL,,62,"$73,795.27 ","$56,915.58 "
30460,OTHER,,14,"$5,775.78 ","$4,620.62 "
,TOTAL,,14,"$5,775.78 ","$4,620.62 "
30462,SG,,1,"$1,437.91 ","$1,150.33 "
,80'S,,1,$217.89 ,$174.31 
,OTHER,,12,"$15,305.93 ","$12,244.74 "
,TOTAL,,14,"$16,961.73 ","$13,569.38 "
30465,SG,,70,"$91,056.10 ","$71,359.23 "
,80'S,,1,$136.24 ,$108.99 
,OTHER,,668,"$479,184.76 ","$377,450.60 "
,TOTAL,,739,"$570,377.10 ","$448,918.82 "
30520,SG,,"4,496","$2,144,234.75 ","$1,683,514.62 "
,OTHER,,"19,027","$5,935,370.57 ","$4,642,181.67 "
,TOTAL,,"23,523","$8,079,605.32 ","$6,325,696.29 "
30540,SG,,1,$769.48 ,$615.58 
,OTHER,,25,"$8,365.63 ","$6,592.50 "
,TOTAL,,26,"$9,135.11 ","$7,208.08 "
30545,OTHER,,1,$689.01 ,$551.21 
,TOTAL,,1,$689.01 ,$551.21 
30560,SG,,61,"$18,102.56 ","$14,309.27 "
,OTHER,,563,"$46,496.35 ","$36,317.58 "
,TOTAL,,624,"$64,598.91 ","$50,626.85 "
30580,SG,,22,"$13,423.50 ","$10,703.89 "
,OTHER,,649,"$258,019.38 ","$201,626.46 "
,TOTAL,,671,"$271,442.88 ","$212,330.35 "
30600,SG,,6,"$3,410.71 ","$2,648.57 "
,OTHER,,84,"$29,488.34 ","$23,306.18 "
,TOTAL,,90,"$32,899.05 ","$25,954.75 "
30620,SG,,34,"$32,601.40 ","$25,904.60 "
,OTHER,,183,"$58,116.19 ","$46,058.90 "
,TOTAL,,217,"$90,717.59 ","$71,963.50 "
30630,SG,,38,"$36,520.63 ","$29,136.49 "
,OTHER,,187,"$85,870.51 ","$67,307.33 "
,TOTAL,,225,"$122,391.14 ","$96,443.82 "
30801,SG,,153,"$29,883.32 ","$23,562.99 "
,OTHER,,"3,990","$479,008.28 ","$363,074.46 "
,TOTAL,,"4,143","$508,891.60 ","$386,637.45 "
30802,SG,,296,"$61,246.22 ","$47,802.63 "
,OTHER,,"2,781","$400,721.73 ","$312,695.60 "
,TOTAL,,"3,077","$461,967.95 ","$360,498.23 "
30901,OTHER,,"123,678","$9,442,439.15 ","$7,162,581.18 "
,TOTAL,,"123,678","$9,442,439.15 ","$7,162,581.18 "
30903,SG,,65,"$18,749.34 ","$14,837.05 "
,OTHER,,"44,206","$5,796,718.88 ","$4,500,194.84 "
,TOTAL,,"44,271","$5,815,468.22 ","$4,515,031.89 "
30905,SG,,28,"$7,714.45 ","$6,040.55 "
,OTHER,,"9,882","$1,276,288.89 ","$997,771.92 "
,TOTAL,,"9,910","$1,284,003.34 ","$1,003,812.47 "
30906,SG,,10,"$2,278.31 ","$1,822.68 "
,OTHER,,"1,188","$221,667.17 ","$175,511.12 "
,TOTAL,,"1,198","$223,945.48 ","$177,333.80 "
30915,OTHER,,202,"$85,348.69 ","$67,521.11 "
,TOTAL,,202,"$85,348.69 ","$67,521.11 "
30920,SG,,5,"$1,996.08 ","$1,596.86 "
,OTHER,,216,"$136,257.84 ","$108,234.08 "
,TOTAL,,221,"$138,253.92 ","$109,830.94 "
30930,SG,,468,"$204,940.56 ","$161,246.86 "
,OTHER,,"2,639","$216,307.73 ","$171,089.62 "
,TOTAL,,"3,107","$421,248.29 ","$332,336.48 "
30999,OTHER,,119,"$36,599.78 ","$29,270.60 "
,TOTAL,,119,"$36,599.78 ","$29,270.60 "
31000,OTHER,,"5,000","$643,989.31 ","$502,617.37 "
,TOTAL,,"5,000","$643,989.31 ","$502,617.37 "
31002,OTHER,,228,"$10,502.48 ","$7,588.59 "
,TOTAL,,228,"$10,502.48 ","$7,588.59 "
31020,SG,,124,"$38,981.94 ","$30,868.71 "
,OTHER,,654,"$107,388.38 ","$85,252.66 "
,TOTAL,,778,"$146,370.32 ","$116,121.37 "
31030,SG,,80,"$31,934.99 ","$24,926.55 "
,OTHER,,772,"$207,731.93 ","$163,743.55 "
,TOTAL,,852,"$239,666.92 ","$188,670.10 "
31032,SG,,48,"$25,043.44 ","$18,612.29 "
,OTHER,,434,"$189,377.73 ","$148,687.85 "
,TOTAL,,482,"$214,421.17 ","$167,300.14 "
31040,OTHER,,271,"$49,141.23 ","$38,631.02 "
,TOTAL,,271,"$49,141.23 ","$38,631.02 "
31050,SG,,7,"$1,652.92 ","$1,322.34 "
,OTHER,,151,"$40,078.86 ","$31,947.65 "
,TOTAL,,158,"$41,731.78 ","$33,269.99 "
31051,SG,,12,"$6,306.92 ","$5,045.53 "
,OTHER,,141,"$58,316.40 ","$45,916.43 "
,TOTAL,,153,"$64,623.32 ","$50,961.96 "
31070,SG,,37,"$9,462.61 ","$7,570.03 "
,OTHER,,265,"$63,707.32 ","$49,877.96 "
,TOTAL,,302,"$73,169.93 ","$57,447.99 "
31075,SG,,13,"$6,937.47 ","$5,172.46 "
,80'S,,5,$409.95 ,$288.38 
,OTHER,,114,"$63,665.00 ","$49,470.16 "
,TOTAL,,132,"$71,012.42 ","$54,931.00 "
31080,SG,,2,$922.75 ,$738.20 
,80'S,,4,$372.28 ,$297.81 
,OTHER,,46,"$20,376.06 ","$16,222.34 "
,TOTAL,,52,"$21,671.09 ","$17,258.35 "
31081,80'S,,5,$485.04 ,$388.04 
,OTHER,,68,"$37,694.70 ","$29,409.66 "
,TOTAL,,73,"$38,179.74 ","$29,797.70 "
31084,80'S,,4,$551.34 ,$441.08 
,OTHER,,41,"$32,681.57 ","$25,436.88 "
,TOTAL,,45,"$33,232.91 ","$25,877.96 "
31085,80'S,,17,"$1,831.45 ","$1,406.28 "
,OTHER,,111,"$80,808.72 ","$63,230.11 "
,TOTAL,,128,"$82,640.17 ","$64,636.39 "
31086,SG,,1,$639.52 ,$511.62 
,80'S,,4,$551.35 ,$441.08 
,OTHER,,22,"$18,824.35 ","$14,981.54 "
,TOTAL,,27,"$20,015.22 ","$15,934.24 "
31087,80'S,,8,$900.42 ,$720.34 
,OTHER,,24,"$18,864.11 ","$14,938.08 "
,TOTAL,,32,"$19,764.53 ","$15,658.42 "
31090,SG,,100,"$69,290.46 ","$54,186.73 "
,OTHER,,491,"$384,153.30 ","$304,562.52 "
,TOTAL,,591,"$453,443.76 ","$358,749.25 "
31200,SG,,238,"$56,464.05 ","$45,154.20 "
,OTHER,,881,"$195,787.28 ","$155,710.76 "
,TOTAL,,"1,119","$252,251.33 ","$200,864.96 "
31201,SG,,62,"$49,178.52 ","$38,725.62 "
,OTHER,,302,"$192,303.41 ","$149,996.00 "
,TOTAL,,364,"$241,481.93 ","$188,721.62 "
31205,SG,,83,"$24,258.98 ","$19,287.66 "
,80'S,,31,"$2,533.75 ","$2,003.05 "
,OTHER,,493,"$269,067.96 ","$213,733.06 "
,TOTAL,,607,"$295,860.69 ","$235,023.77 "
31225,80'S,,91,"$18,184.79 ","$14,230.70 "
,OTHER,,750,"$927,718.98 ","$736,554.04 "
,TOTAL,,841,"$945,903.77 ","$750,784.74 "
31230,80'S,,5,"$1,108.87 ",$887.10 
,OTHER,,75,"$100,623.86 ","$80,461.50 "
,TOTAL,,80,"$101,732.73 ","$81,348.60 "
31231,OTHER,,"196,981","$22,007,308.78 ","$16,833,335.40 "
,TOTAL,,"196,981","$22,007,308.78 ","$16,833,335.40 "
31233,SG,,16,"$4,460.85 ","$3,568.68 "
,OTHER,,"7,280","$1,369,814.74 ","$1,068,614.01 "
,TOTAL,,"7,296","$1,374,275.59 ","$1,072,182.69 "
31235,SG,,9,"$2,710.81 ","$2,158.66 "
,OTHER,,"1,948","$531,323.07 ","$420,089.46 "
,TOTAL,,"1,957","$534,033.88 ","$422,248.12 "
31237,SG,,742,"$318,105.10 ","$252,700.54 "
,OTHER,,"44,028","$11,111,801.39 ","$8,665,389.81 "
,TOTAL,,"44,770","$11,429,906.49 ","$8,918,090.35 "
31238,SG,,199,"$60,663.99 ","$47,328.74 "
,OTHER,,"14,337","$3,615,561.23 ","$2,836,040.48 "
,TOTAL,,"14,536","$3,676,225.22 ","$2,883,369.22 "
31239,SG,,258,"$157,004.45 ","$125,066.98 "
,80'S,,10,$890.03 ,$712.02 
,OTHER,,751,"$395,311.12 ","$314,687.25 "
,TOTAL,,"1,019","$553,205.60 ","$440,466.25 "
31240,SG,,537,"$141,160.80 ","$111,247.96 "
,OTHER,,"2,174","$205,975.43 ","$162,726.76 "
,TOTAL,,"2,711","$347,136.23 ","$273,974.72 "
31254,SG,,"1,416","$541,190.95 ","$424,801.21 "
,OTHER,,"5,767","$1,185,973.37 ","$930,822.85 "
,TOTAL,,"7,183","$1,727,164.32 ","$1,355,624.06 "
31255,SG,,"4,499","$3,300,761.49 ","$2,606,950.00 "
,OTHER,,"18,419","$7,502,600.97 ","$5,897,889.22 "
,TOTAL,,"22,918","$10,803,362.46 ","$8,504,839.22 "
31256,SG,,"2,697","$888,638.46 ","$701,631.10 "
,OTHER,,"10,691","$1,426,305.41 ","$1,121,415.75 "
,TOTAL,,"13,388","$2,314,943.87 ","$1,823,046.85 "
31267,SG,,"3,239","$1,082,274.09 ","$851,939.81 "
,OTHER,,"14,404","$3,533,947.82 ","$2,781,414.80 "
,TOTAL,,"17,643","$4,616,221.91 ","$3,633,354.61 "
31276,SG,,"1,925","$600,097.20 ","$474,824.96 "
,OTHER,,"8,081","$4,854,123.09 ","$3,812,958.26 "
,TOTAL,,"10,006","$5,454,220.29 ","$4,287,783.22 "
31287,SG,,892,"$271,492.15 ","$214,827.69 "
,80'S,,1,$54.75 ,$43.80 
,OTHER,,"4,139","$631,682.35 ","$498,401.48 "
,TOTAL,,"5,032","$903,229.25 ","$713,272.97 "
31288,SG,,922,"$295,678.28 ","$233,070.60 "
,80'S,,1,$44.80 ,$35.84 
,OTHER,,"4,352","$813,174.03 ","$643,314.12 "
,TOTAL,,"5,275","$1,108,897.11 ","$876,420.56 "
31290,80'S,,2,$334.50 ,$267.60 
,OTHER,,109,"$114,684.52 ","$91,630.99 "
,TOTAL,,111,"$115,019.02 ","$91,898.59 "
31291,80'S,,1,$175.34 ,$140.27 
,OTHER,,74,"$80,873.25 ","$64,124.19 "
,TOTAL,,75,"$81,048.59 ","$64,264.46 "
31292,OTHER,,96,"$88,281.41 ","$70,625.13 "
,TOTAL,,96,"$88,281.41 ","$70,625.13 "
31293,80'S,,6,$961.98 ,$769.59 
,OTHER,,75,"$77,291.86 ","$60,769.44 "
,TOTAL,,81,"$78,253.84 ","$61,539.03 "
31294,80'S,,1,$98.52 ,$78.82 
,OTHER,,17,"$19,538.06 ","$15,630.44 "
,TOTAL,,18,"$19,636.58 ","$15,709.26 "
31299,80'S,,1,$128.87 ,$103.10 
,OTHER,,72,"$29,782.16 ","$23,697.83 "
,TOTAL,,73,"$29,911.03 ","$23,800.93 "
31300,SG,,10,"$6,875.89 ","$5,135.31 "
,80'S,,12,"$2,386.16 ","$1,908.92 "
,OTHER,,118,"$124,984.05 ","$99,811.39 "
,TOTAL,,140,"$134,246.10 ","$106,855.62 "
31320,OTHER,,11,"$6,605.25 ","$5,284.20 "
,TOTAL,,11,"$6,605.25 ","$5,284.20 "
31360,80'S,,187,"$39,065.43 ","$30,975.40 "
,OTHER,,715,"$900,747.94 ","$710,789.06 "
,TOTAL,,902,"$939,813.37 ","$741,764.46 "
31365,80'S,,107,"$29,676.66 ","$23,293.94 "
,OTHER,,531,"$905,793.19 ","$720,477.69 "
,TOTAL,,638,"$935,469.85 ","$743,771.63 "
31367,80'S,,10,"$2,644.45 ","$2,115.55 "
,OTHER,,83,"$132,766.97 ","$105,009.31 "
,TOTAL,,93,"$135,411.42 ","$107,124.86 "
31368,80'S,,7,"$2,384.62 ","$1,907.70 "
,OTHER,,68,"$138,057.00 ","$107,003.34 "
,TOTAL,,75,"$140,441.62 ","$108,911.04 "
31370,80'S,,3,$801.21 ,$640.97 
,OTHER,,53,"$86,990.56 ","$69,592.48 "
,TOTAL,,56,"$87,791.77 ","$70,233.45 "
31375,80'S,,8,"$1,954.96 ","$1,563.96 "
,OTHER,,69,"$80,195.81 ","$64,038.81 "
,TOTAL,,77,"$82,150.77 ","$65,602.77 "
31380,80'S,,5,"$1,230.26 ",$984.21 
,OTHER,,40,"$53,919.67 ","$42,113.26 "
,TOTAL,,45,"$55,149.93 ","$43,097.47 "
31382,80'S,,12,"$3,249.20 ","$2,396.27 "
,OTHER,,66,"$109,496.13 ","$86,110.23 "
,TOTAL,,78,"$112,745.33 ","$88,506.50 "
31390,80'S,,12,"$4,084.27 ","$3,267.41 "
,OTHER,,109,"$222,310.92 ","$177,848.77 "
,TOTAL,,121,"$226,395.19 ","$181,116.18 "
31395,80'S,,4,"$1,614.59 ","$1,291.67 "
,OTHER,,89,"$213,579.32 ","$170,800.16 "
,TOTAL,,93,"$215,193.91 ","$172,091.83 "
31400,SG,,1,$410.35 ,$328.28 
,80'S,,7,"$1,039.71 ",$728.48 
,OTHER,,112,"$70,208.67 ","$55,883.38 "
,TOTAL,,120,"$71,658.73 ","$56,940.14 "
31420,SG,,1,$469.37 ,$375.50 
,80'S,,1,$144.18 ,$115.34 
,OTHER,,36,"$29,455.12 ","$23,564.09 "
,TOTAL,,38,"$30,068.67 ","$24,054.93 "
31500,OTHER,,"269,112","$30,190,275.74 ","$23,934,505.85 "
,TOTAL,,"269,112","$30,190,275.74 ","$23,934,505.85 "
31502,OTHER,,"16,536","$802,170.30 ","$621,527.66 "
,TOTAL,,"16,536","$802,170.30 ","$621,527.66 "
31505,OTHER,,"23,909","$1,176,492.26 ","$887,073.56 "
,TOTAL,,"23,909","$1,176,492.26 ","$887,073.56 "
31510,SG,,26,"$10,841.72 ","$8,673.39 "
,80'S,,1,$19.35 ,$15.48 
,OTHER,,186,"$17,869.87 ","$13,988.45 "
,TOTAL,,213,"$28,730.94 ","$22,677.32 "
31511,OTHER,,277,"$41,049.98 ","$32,298.10 "
,TOTAL,,277,"$41,049.98 ","$32,298.10 "
31512,SG,,8,"$3,333.54 ","$2,666.84 "
,OTHER,,20,"$2,651.73 ","$2,121.37 "
,TOTAL,,28,"$5,985.27 ","$4,788.21 "
31513,SG,,17,"$7,718.89 ","$6,041.22 "
,OTHER,,728,"$87,350.16 ","$66,796.54 "
,TOTAL,,745,"$95,069.05 ","$72,837.76 "
31515,SG,,41,"$10,354.18 ","$8,272.42 "
,OTHER,,"2,090","$230,930.96 ","$180,188.06 "
,TOTAL,,"2,131","$241,285.14 ","$188,460.48 "
31520,OTHER,,39,"$4,190.02 ","$3,352.01 "
,TOTAL,,39,"$4,190.02 ","$3,352.01 "
31525,SG,,306,"$76,809.60 ","$61,107.95 "
,OTHER,,"13,005","$2,054,367.05 ","$1,616,090.44 "
,TOTAL,,"13,311","$2,131,176.65 ","$1,677,198.39 "
31526,SG,,151,"$60,657.78 ","$47,451.38 "
,OTHER,,"1,589","$211,547.78 ","$167,367.49 "
,TOTAL,,"1,740","$272,205.56 ","$214,818.87 "
31527,SG,,1,$162.35 ,$129.88 
,OTHER,,31,"$5,212.49 ","$4,169.99 "
,TOTAL,,32,"$5,374.84 ","$4,299.87 "
31528,SG,,16,"$6,378.73 ","$5,103.01 "
,OTHER,,148,"$16,003.70 ","$12,432.33 "
,TOTAL,,164,"$22,382.43 ","$17,535.34 "
31529,SG,,3,$682.17 ,$545.74 
,OTHER,,98,"$11,283.87 ","$8,863.95 "
,TOTAL,,101,"$11,966.04 ","$9,409.69 "
31530,SG,,18,"$7,047.51 ","$5,616.54 "
,OTHER,,385,"$69,430.39 ","$54,201.65 "
,TOTAL,,403,"$76,477.90 ","$59,818.19 "
31531,SG,,20,"$9,189.17 ","$7,191.35 "
,OTHER,,118,"$22,941.38 ","$18,092.35 "
,TOTAL,,138,"$32,130.55 ","$25,283.70 "
31535,SG,,917,"$385,477.30 ","$304,268.46 "
,OTHER,,"8,287","$1,356,785.88 ","$1,070,246.55 "
,TOTAL,,"9,204","$1,742,263.18 ","$1,374,515.01 "
31536,SG,,"1,159","$572,544.55 ","$453,285.11 "
,OTHER,,"7,445","$1,480,616.70 ","$1,165,696.00 "
,TOTAL,,"8,604","$2,053,161.25 ","$1,618,981.11 "
31540,SG,,262,"$128,279.11 ","$101,734.52 "
,OTHER,,"1,146","$267,308.49 ","$210,779.37 "
,TOTAL,,"1,408","$395,587.60 ","$312,513.89 "
31541,SG,,"1,404","$865,733.13 ","$681,900.65 "
,OTHER,,"10,754","$2,826,142.20 ","$2,222,237.04 "
,TOTAL,,"12,158","$3,691,875.33 ","$2,904,137.69 "
31560,SG,,2,"$1,523.24 ","$1,218.59 "
,OTHER,,32,"$8,242.12 ","$6,593.70 "
,TOTAL,,34,"$9,765.36 ","$7,812.29 "
31561,SG,,1,$697.78 ,$558.22 
,OTHER,,185,"$61,963.25 ","$49,103.08 "
,TOTAL,,186,"$62,661.03 ","$49,661.30 "
31570,SG,,50,"$21,010.13 ","$16,656.02 "
,OTHER,,"1,979","$504,076.81 ","$389,035.69 "
,TOTAL,,"2,029","$525,086.94 ","$405,691.71 "
31571,SG,,133,"$52,074.35 ","$40,623.06 "
,OTHER,,"1,118","$248,322.86 ","$196,628.57 "
,TOTAL,,"1,251","$300,397.21 ","$237,251.63 "
31575,OTHER,,"474,988","$52,932,539.07 ","$40,703,199.38 "
,TOTAL,,"474,988","$52,932,539.07 ","$40,703,199.38 "
31576,SG,,23,"$9,880.15 ","$7,904.13 "
,OTHER,,430,"$55,470.22 ","$43,505.76 "
,TOTAL,,453,"$65,350.37 ","$51,409.89 "
31577,OTHER,,169,"$27,822.56 ","$21,326.87 "
,TOTAL,,169,"$27,822.56 ","$21,326.87 "
31578,SG,,15,"$6,310.41 ","$5,048.34 "
,OTHER,,96,"$17,061.95 ","$13,388.47 "
,TOTAL,,111,"$23,372.36 ","$18,436.81 "
31579,OTHER,,"19,785","$3,702,332.18 ","$2,868,944.74 "
,TOTAL,,"19,785","$3,702,332.18 ","$2,868,944.74 "
31580,SG,,1,$733.85 ,$587.08 
,80'S,,4,$661.07 ,$528.85 
,OTHER,,45,"$35,952.32 ","$28,668.36 "
,TOTAL,,50,"$37,347.24 ","$29,784.29 "
31582,SG,,4,"$2,882.54 ","$2,306.04 "
,OTHER,,140,"$198,700.76 ","$156,870.34 "
,TOTAL,,144,"$201,583.30 ","$159,176.38 "
31584,80'S,,4,$977.83 ,$782.26 
,OTHER,,14,"$19,725.31 ","$15,000.73 "
,TOTAL,,18,"$20,703.14 ","$15,782.99 "
31585,OTHER,,5,"$1,945.75 ","$1,358.54 "
,TOTAL,,5,"$1,945.75 ","$1,358.54 "
31586,OTHER,,5,"$3,569.14 ","$2,855.31 "
,TOTAL,,5,"$3,569.14 ","$2,855.31 "
31587,80'S,,1,$146.82 ,$117.46 
,OTHER,,27,"$24,182.66 ","$18,690.51 "
,TOTAL,,28,"$24,329.48 ","$18,807.97 "
31588,SG,,68,"$47,778.21 ","$37,339.21 "
,80'S,,125,"$22,313.28 ","$17,525.78 "
,OTHER,,"1,310","$1,427,396.24 ","$1,129,213.76 "
,TOTAL,,"1,503","$1,497,487.73 ","$1,184,078.75 "
31590,80'S,,3,$194.42 ,$155.53 
,OTHER,,23,"$13,853.52 ","$10,934.74 "
,TOTAL,,26,"$14,047.94 ","$11,090.27 "
31595,SG,,1,$476.90 ,$381.52 
,80'S,,1,$60.53 ,$48.42 
,OTHER,,25,"$14,100.86 ","$11,128.82 "
,TOTAL,,27,"$14,638.29 ","$11,558.76 "
31599,80'S,,20,"$2,710.47 ","$2,168.40 "
,OTHER,,513,"$223,586.78 ","$175,728.05 "
,TOTAL,,533,"$226,297.25 ","$177,896.45 "
31600,SG,,6,"$2,027.90 ","$1,585.89 "
,80'S,,4,$603.96 ,$483.17 
,OTHER,,"42,812","$15,770,717.59 ","$12,550,117.76 "
,TOTAL,,"42,822","$15,773,349.45 ","$12,552,186.82 "
31601,80'S,,2,$83.29 ,$66.63 
,OTHER,,28,"$7,183.65 ","$5,466.74 "
,TOTAL,,30,"$7,266.94 ","$5,533.37 "
31603,OTHER,,"2,459","$527,285.09 ","$419,140.54 "
,TOTAL,,"2,459","$527,285.09 ","$419,140.54 "
31605,OTHER,,399,"$70,014.57 ","$55,349.28 "
,TOTAL,,399,"$70,014.57 ","$55,349.28 "
31610,OTHER,,"1,635","$1,170,374.00 ","$928,624.73 "
,TOTAL,,"1,635","$1,170,374.00 ","$928,624.73 "
31611,SG,,57,"$28,493.43 ","$22,439.66 "
,80'S,,55,"$3,766.66 ","$2,934.51 "
,OTHER,,"1,047","$484,890.18 ","$380,256.95 "
,TOTAL,,"1,159","$517,150.27 ","$405,631.12 "
31612,SG,,5,"$1,472.52 ","$1,178.02 "
,OTHER,,251,"$12,222.99 ","$9,667.37 "
,TOTAL,,256,"$13,695.51 ","$10,845.39 "
31613,SG,,30,"$11,872.17 ","$9,227.74 "
,OTHER,,"1,189","$550,407.96 ","$434,635.55 "
,TOTAL,,"1,219","$562,280.13 ","$443,863.29 "
31614,SG,,23,"$9,416.34 ","$7,533.07 "
,OTHER,,465,"$310,825.24 ","$243,926.46 "
,TOTAL,,488,"$320,241.58 ","$251,459.53 "
31615,SG,,22,"$5,433.42 ","$4,346.70 "
,80'S,,1,$18.17 ,$14.54 
,OTHER,,"7,624","$1,185,749.40 ","$931,374.03 "
,TOTAL,,"7,647","$1,191,200.99 ","$935,735.27 "
31622,SG,,"1,288","$367,558.44 ","$290,651.90 "
,80'S,,6,$135.27 ,$108.23 
,OTHER,,"101,737","$13,750,691.73 ","$10,902,121.64 "
,TOTAL,,"103,031","$14,118,385.44 ","$11,192,881.77 "
31623,SG,,218,"$79,413.69 ","$63,235.31 "
,OTHER,,"32,845","$2,600,912.73 ","$2,059,913.29 "
,TOTAL,,"33,063","$2,680,326.42 ","$2,123,148.60 "
31624,SG,,93,"$33,399.71 ","$26,317.62 "
,OTHER,,"48,047","$4,300,055.66 ","$3,408,947.61 "
,TOTAL,,"48,140","$4,333,455.37 ","$3,435,265.23 "
31625,SG,,668,"$282,131.54 ","$223,617.47 "
,80'S,,1,$32.14 ,$25.71 
,OTHER,,"43,446","$7,210,899.83 ","$5,710,050.00 "
,TOTAL,,"44,115","$7,493,063.51 ","$5,933,693.18 "
31628,SG,,529,"$225,646.90 ","$175,793.47 "
,OTHER,,"51,119","$9,773,225.49 ","$7,737,748.21 "
,TOTAL,,"51,648","$9,998,872.39 ","$7,913,541.68 "
31629,SG,,158,"$60,501.11 ","$47,040.87 "
,OTHER,,"9,808","$1,251,485.48 ","$991,280.92 "
,TOTAL,,"9,966","$1,311,986.59 ","$1,038,321.79 "
31630,SG,,2,$888.28 ,$710.62 
,OTHER,,718,"$135,224.47 ","$106,554.45 "
,TOTAL,,720,"$136,112.75 ","$107,265.07 "
31631,SG,,2,$920.65 ,$656.52 
,80'S,,2,$90.30 ,$72.24 
,OTHER,,"1,414","$277,081.85 ","$219,593.06 "
,TOTAL,,"1,418","$278,092.80 ","$220,321.82 "
31635,SG,,7,"$3,007.85 ","$2,406.28 "
,OTHER,,"1,795","$339,946.53 ","$269,452.86 "
,TOTAL,,"1,802","$342,954.38 ","$271,859.14 "
31640,SG,,1,$478.95 ,$383.16 
,OTHER,,476,"$130,914.76 ","$103,850.30 "
,TOTAL,,477,"$131,393.71 ","$104,233.46 "
31641,SG,,15,"$6,417.43 ","$5,133.91 "
,OTHER,,"2,924","$776,398.80 ","$612,640.56 "
,TOTAL,,"2,939","$782,816.23 ","$617,774.47 "
31643,OTHER,,"1,557","$265,085.14 ","$209,213.01 "
,TOTAL,,"1,557","$265,085.14 ","$209,213.01 "
31645,SG,,33,"$7,878.76 ","$6,302.99 "
,80'S,,1,$13.97 ,$11.18 
,OTHER,,"27,916","$4,328,061.58 ","$3,444,278.71 "
,TOTAL,,"27,950","$4,335,954.31 ","$3,450,592.88 "
31646,OTHER,,"5,396","$738,404.58 ","$587,827.28 "
,TOTAL,,"5,396","$738,404.58 ","$587,827.28 "
31656,OTHER,,43,"$4,250.90 ","$3,311.43 "
,TOTAL,,43,"$4,250.90 ","$3,311.43 "
31700,OTHER,,54,"$3,290.73 ","$2,570.62 "
,TOTAL,,54,"$3,290.73 ","$2,570.62 "
31708,OTHER,,7,$395.47 ,$316.39 
,TOTAL,,7,$395.47 ,$316.39 
31710,OTHER,,61,"$1,593.04 ","$1,177.39 "
,TOTAL,,61,"$1,593.04 ","$1,177.39 "
31717,OTHER,,96,"$8,964.35 ","$7,171.35 "
,TOTAL,,96,"$8,964.35 ","$7,171.35 "
31720,OTHER,,293,"$16,237.23 ","$12,949.47 "
,TOTAL,,293,"$16,237.23 ","$12,949.47 "
31725,OTHER,,670,"$59,019.99 ","$47,206.79 "
,TOTAL,,670,"$59,019.99 ","$47,206.79 "
31730,SG,,10,"$2,476.82 ","$1,981.45 "
,OTHER,,570,"$82,452.25 ","$64,746.35 "
,TOTAL,,580,"$84,929.07 ","$66,727.80 "
31750,SG,,6,"$4,219.31 ","$2,852.52 "
,80'S,,8,"$1,306.48 ","$1,045.18 "
,OTHER,,207,"$163,420.06 ","$128,333.62 "
,TOTAL,,221,"$168,945.85 ","$132,231.32 "
31755,SG,,5,"$2,187.45 ","$1,749.95 "
,80'S,,2,$317.96 ,$254.37 
,OTHER,,41,"$44,543.48 ","$34,724.85 "
,TOTAL,,48,"$47,048.89 ","$36,729.17 "
31760,80'S,,1,$218.95 ,$175.16 
,OTHER,,21,"$17,758.86 ","$14,207.10 "
,TOTAL,,22,"$17,977.81 ","$14,382.26 "
31766,80'S,,3,$835.15 ,$668.12 
,OTHER,,4,"$6,799.35 ","$5,439.48 "
,TOTAL,,7,"$7,634.50 ","$6,107.60 "
31770,80'S,,2,$462.74 ,$370.19 
,OTHER,,15,"$16,123.46 ","$12,898.76 "
,TOTAL,,17,"$16,586.20 ","$13,268.95 "
31775,OTHER,,5,"$6,540.24 ","$5,232.18 "
,TOTAL,,5,"$6,540.24 ","$5,232.18 "
31780,80'S,,4,$688.27 ,$550.62 
,OTHER,,94,"$98,914.60 ","$77,250.83 "
,TOTAL,,98,"$99,602.87 ","$77,801.45 "
31781,80'S,,3,$689.89 ,$551.92 
,OTHER,,25,"$31,398.47 ","$25,118.79 "
,TOTAL,,28,"$32,088.36 ","$25,670.71 "
31785,80'S,,13,"$1,657.62 ","$1,246.09 "
,OTHER,,91,"$82,282.34 ","$65,825.91 "
,TOTAL,,104,"$83,939.96 ","$67,072.00 "
31786,80'S,,2,$497.20 ,$397.76 
,OTHER,,14,"$18,226.54 ","$14,581.25 "
,TOTAL,,16,"$18,723.74 ","$14,979.01 "
31800,80'S,,4,$360.59 ,$288.48 
,OTHER,,90,"$40,917.72 ","$32,056.54 "
,TOTAL,,94,"$41,278.31 ","$32,345.02 "
31805,80'S,,3,$340.40 ,$259.94 
,OTHER,,29,"$19,071.78 ","$15,177.50 "
,TOTAL,,32,"$19,412.18 ","$15,437.44 "
31820,SG,,17,"$5,078.07 ","$4,062.45 "
,OTHER,,255,"$108,820.39 ","$85,765.41 "
,TOTAL,,272,"$113,898.46 ","$89,827.86 "
31825,SG,,19,"$7,864.51 ","$6,291.62 "
,OTHER,,271,"$174,713.27 ","$139,190.46 "
,TOTAL,,290,"$182,577.78 ","$145,482.08 "
31830,SG,,12,"$5,236.83 ","$4,083.79 "
,80'S,,1,$38.38 ,$30.70 
,OTHER,,156,"$61,870.97 ","$48,481.72 "
,TOTAL,,169,"$67,146.18 ","$52,596.21 "
31899,80'S,,5,$316.99 ,$253.59 
,OTHER,,442,"$66,299.16 ","$52,883.10 "
,TOTAL,,447,"$66,616.15 ","$53,136.69 "
32000,SG,,455,"$145,635.28 ","$115,664.02 "
,80'S,,1,$13.97 ,$11.18 
,OTHER,,"161,223","$13,219,375.65 ","$10,476,291.30 "
,TOTAL,,"161,679","$13,365,024.90 ","$10,591,966.50 "
32002,SG,,3,"$1,330.80 ","$1,064.64 "
,OTHER,,"47,397","$5,399,136.28 ","$4,293,583.77 "
,TOTAL,,"47,400","$5,400,467.08 ","$4,294,648.41 "
32005,OTHER,,"8,857","$966,844.57 ","$768,901.92 "
,TOTAL,,"8,857","$966,844.57 ","$768,901.92 "
32020,SG,,5,"$1,935.57 ","$1,548.46 "
,OTHER,,"62,810","$13,050,535.67 ","$10,364,873.71 "
,TOTAL,,"62,815","$13,052,471.24 ","$10,366,422.17 "
32035,80'S,,27,"$2,259.33 ","$1,807.44 "
,OTHER,,214,"$107,883.98 ","$86,030.01 "
,TOTAL,,241,"$110,143.31 ","$87,837.45 "
32036,80'S,,34,"$3,481.52 ","$2,785.22 "
,OTHER,,305,"$179,657.70 ","$143,189.91 "
,TOTAL,,339,"$183,139.22 ","$145,975.13 "
32095,80'S,,272,"$22,970.64 ","$18,228.13 "
,OTHER,,"2,510","$1,257,332.97 ","$996,634.41 "
,TOTAL,,"2,782","$1,280,303.61 ","$1,014,862.54 "
32100,80'S,,642,"$92,416.57 ","$73,324.60 "
,OTHER,,"3,571","$2,900,089.19 ","$2,303,279.22 "
,TOTAL,,"4,213","$2,992,505.76 ","$2,376,603.82 "
32110,80'S,,91,"$17,422.60 ","$13,899.58 "
,OTHER,,560,"$625,893.86 ","$495,162.42 "
,TOTAL,,651,"$643,316.46 ","$509,062.00 "
32120,80'S,,107,"$11,712.35 ","$9,359.34 "
,OTHER,,923,"$529,110.61 ","$417,227.89 "
,TOTAL,,"1,030","$540,822.96 ","$426,587.23 "
32124,80'S,,218,"$19,232.62 ","$15,209.59 "
,OTHER,,"1,061","$538,888.35 ","$428,781.93 "
,TOTAL,,"1,279","$558,120.97 ","$443,991.52 "
32140,80'S,,30,"$4,105.70 ","$3,284.57 "
,OTHER,,125,"$99,449.90 ","$78,737.99 "
,TOTAL,,155,"$103,555.60 ","$82,022.56 "
32141,80'S,,137,"$16,826.93 ","$13,461.52 "
,OTHER,,820,"$537,123.93 ","$423,039.18 "
,TOTAL,,957,"$553,950.86 ","$436,500.70 "
32150,80'S,,42,"$4,707.60 ","$3,766.07 "
,OTHER,,263,"$180,626.08 ","$144,420.89 "
,TOTAL,,305,"$185,333.68 ","$148,186.96 "
32151,80'S,,10,"$1,115.72 ",$892.56 
,OTHER,,33,"$26,081.94 ","$20,865.58 "
,TOTAL,,43,"$27,197.66 ","$21,758.14 "
32160,80'S,,54,"$3,449.95 ","$2,725.14 "
,OTHER,,368,"$151,150.64 ","$119,968.77 "
,TOTAL,,422,"$154,600.59 ","$122,693.91 "
32200,80'S,,5,$665.37 ,$532.30 
,OTHER,,96,"$58,521.13 ","$45,927.14 "
,TOTAL,,101,"$59,186.50 ","$46,459.44 "
32201,80'S,,1,$26.33 ,$21.07 
,OTHER,,667,"$226,515.25 ","$180,545.29 "
,TOTAL,,668,"$226,541.58 ","$180,566.36 "
32215,80'S,,40,"$3,391.22 ","$2,712.96 "
,OTHER,,288,"$153,843.35 ","$122,409.60 "
,TOTAL,,328,"$157,234.57 ","$125,122.56 "
32220,80'S,,454,"$103,984.09 ","$82,756.14 "
,OTHER,,"3,194","$3,962,920.05 ","$3,141,228.37 "
,TOTAL,,"3,648","$4,066,904.14 ","$3,223,984.51 "
32225,80'S,,139,"$17,110.51 ","$13,682.68 "
,OTHER,,964,"$671,877.85 ","$531,460.51 "
,TOTAL,,"1,103","$688,988.36 ","$545,143.19 "
32310,80'S,,100,"$9,284.14 ","$7,367.02 "
,OTHER,,425,"$236,728.56 ","$188,377.65 "
,TOTAL,,525,"$246,012.70 ","$195,744.67 "
32320,80'S,,239,"$54,495.16 ","$43,456.77 "
,OTHER,,"1,328","$1,717,686.32 ","$1,362,589.86 "
,TOTAL,,"1,567","$1,772,181.48 ","$1,406,046.63 "
32400,SG,,6,"$1,502.61 ","$1,202.10 "
,80'S,,1,$7.93 ,$6.34 
,OTHER,,"2,318","$197,791.61 ","$156,546.14 "
,TOTAL,,"2,325","$199,302.15 ","$157,754.58 "
32402,80'S,,48,"$2,618.07 ","$2,089.91 "
,OTHER,,352,"$137,436.27 ","$108,816.28 "
,TOTAL,,400,"$140,054.34 ","$110,906.19 "
32405,SG,,74,"$22,017.86 ","$17,559.80 "
,OTHER,,"54,967","$5,360,728.06 ","$4,253,896.34 "
,TOTAL,,"55,041","$5,382,745.92 ","$4,271,456.14 "
32420,OTHER,,265,"$27,605.76 ","$22,084.56 "
,TOTAL,,265,"$27,605.76 ","$22,084.56 "
32440,80'S,,359,"$81,521.20 ","$64,473.93 "
,OTHER,,"1,520","$1,892,052.08 ","$1,505,870.82 "
,TOTAL,,"1,879","$1,973,573.28 ","$1,570,344.75 "
32442,80'S,,1,$282.00 ,$225.60 
,OTHER,,12,"$16,491.10 ","$13,192.90 "
,TOTAL,,13,"$16,773.10 ","$13,418.50 "
32445,80'S,,21,"$5,102.35 ","$4,081.89 "
,OTHER,,111,"$157,249.23 ","$125,660.88 "
,TOTAL,,132,"$162,351.58 ","$129,742.77 "
32480,80'S,,"4,044","$889,908.70 ","$706,767.90 "
,OTHER,,"17,515","$21,393,595.18 ","$16,952,205.21 "
,TOTAL,,"21,559","$22,283,503.88 ","$17,658,973.11 "
32482,80'S,,363,"$81,399.92 ","$64,720.62 "
,OTHER,,"1,475","$1,843,080.20 ","$1,457,121.55 "
,TOTAL,,"1,838","$1,924,480.12 ","$1,521,842.17 "
32484,80'S,,329,"$61,783.57 ","$49,328.10 "
,OTHER,,"1,494","$1,580,824.88 ","$1,254,823.01 "
,TOTAL,,"1,823","$1,642,608.45 ","$1,304,151.11 "
32486,80'S,,28,"$6,119.33 ","$4,790.05 "
,OTHER,,164,"$218,509.98 ","$172,841.95 "
,TOTAL,,192,"$224,629.31 ","$177,632.00 "
32488,80'S,,53,"$12,865.59 ","$10,292.50 "
,OTHER,,202,"$275,607.70 ","$220,246.03 "
,TOTAL,,255,"$288,473.29 ","$230,538.53 "
32491,80'S,,3,$640.41 ,$512.33 
,OTHER,,27,"$24,203.21 ","$19,362.54 "
,TOTAL,,30,"$24,843.62 ","$19,874.87 "
32500,80'S,,"1,748","$309,553.55 ","$245,271.29 "
,OTHER,,"9,657","$9,696,062.09 ","$7,706,005.74 "
,TOTAL,,"11,405","$10,005,615.64 ","$7,951,277.03 "
32501,80'S,,37,"$1,528.74 ","$1,223.02 "
,OTHER,,176,"$40,959.22 ","$32,546.29 "
,TOTAL,,213,"$42,487.96 ","$33,769.31 "
32520,80'S,,115,"$20,441.64 ","$16,175.81 "
,OTHER,,460,"$486,642.10 ","$386,942.03 "
,TOTAL,,575,"$507,083.74 ","$403,117.84 "
32522,80'S,,25,"$5,847.12 ","$4,659.55 "
,OTHER,,91,"$105,745.11 ","$84,596.13 "
,TOTAL,,116,"$111,592.23 ","$89,255.68 "
32525,80'S,,53,"$13,381.88 ","$10,705.44 "
,OTHER,,225,"$325,430.65 ","$259,072.61 "
,TOTAL,,278,"$338,812.53 ","$269,778.05 "
32540,80'S,,35,"$3,860.40 ","$3,088.35 "
,OTHER,,178,"$110,950.44 ","$88,723.18 "
,TOTAL,,213,"$114,810.84 ","$91,811.53 "
32601,80'S,,37,"$1,418.99 ","$1,135.18 "
,OTHER,,"1,821","$419,632.77 ","$331,788.42 "
,TOTAL,,"1,858","$421,051.76 ","$332,923.60 "
32602,80'S,,86,"$5,182.53 ","$4,140.79 "
,OTHER,,"3,884","$1,301,771.59 ","$1,032,487.65 "
,TOTAL,,"3,970","$1,306,954.12 ","$1,036,628.44 "
32603,OTHER,,32,"$10,643.31 ","$8,514.65 "
,TOTAL,,32,"$10,643.31 ","$8,514.65 "
32604,80'S,,1,$92.84 ,$74.27 
,OTHER,,38,"$15,649.68 ","$12,519.72 "
,TOTAL,,39,"$15,742.52 ","$12,593.99 "
32605,80'S,,2,$129.98 ,$103.99 
,OTHER,,39,"$13,346.57 ","$10,440.04 "
,TOTAL,,41,"$13,476.55 ","$10,544.03 "
32606,80'S,,11,$808.41 ,$639.70 
,OTHER,,265,"$125,276.65 ","$98,561.04 "
,TOTAL,,276,"$126,085.06 ","$99,200.74 "
32650,80'S,,641,"$60,050.75 ","$48,010.04 "
,OTHER,,"7,094","$3,991,053.83 ","$3,177,727.65 "
,TOTAL,,"7,735","$4,051,104.58 ","$3,225,737.69 "
32651,80'S,,131,"$13,992.27 ","$11,193.74 "
,OTHER,,"1,103","$752,741.13 ","$598,002.73 "
,TOTAL,,"1,234","$766,733.40 ","$609,196.47 "
32652,80'S,,145,"$25,243.02 ","$20,108.15 "
,OTHER,,"1,077","$1,078,361.69 ","$857,611.18 "
,TOTAL,,"1,222","$1,103,604.71 ","$877,719.33 "
32653,80'S,,79,"$7,786.78 ","$6,109.69 "
,OTHER,,578,"$375,042.33 ","$297,262.20 "
,TOTAL,,657,"$382,829.11 ","$303,371.89 "
32654,80'S,,12,"$1,325.39 ","$1,060.33 "
,OTHER,,96,"$62,543.80 ","$49,496.54 "
,TOTAL,,108,"$63,869.19 ","$50,556.87 "
32655,80'S,,66,"$7,701.11 ","$6,160.82 "
,OTHER,,529,"$359,289.17 ","$285,087.60 "
,TOTAL,,595,"$366,990.28 ","$291,248.42 "
32656,80'S,,110,"$12,870.85 ","$10,285.49 "
,OTHER,,482,"$320,003.11 ","$253,899.90 "
,TOTAL,,592,"$332,873.96 ","$264,185.39 "
32657,80'S,,851,"$102,947.27 ","$82,036.79 "
,OTHER,,"6,358","$4,621,084.53 ","$3,659,916.52 "
,TOTAL,,"7,209","$4,724,031.80 ","$3,741,953.31 "
32658,80'S,,6,$592.08 ,$473.67 
,OTHER,,34,"$19,980.94 ","$15,984.75 "
,TOTAL,,40,"$20,573.02 ","$16,458.42 "
32659,80'S,,44,"$4,758.62 ","$3,806.86 "
,OTHER,,415,"$250,875.13 ","$198,163.31 "
,TOTAL,,459,"$255,633.75 ","$201,970.17 "
32660,80'S,,2,$323.60 ,$258.88 
,OTHER,,19,"$10,575.38 ","$8,443.12 "
,TOTAL,,21,"$10,898.98 ","$8,702.00 "
32661,80'S,,4,$524.32 ,$419.46 
,OTHER,,24,"$15,777.57 ","$12,622.06 "
,TOTAL,,28,"$16,301.89 ","$13,041.52 "
32662,80'S,,76,"$8,416.19 ","$6,726.51 "
,OTHER,,251,"$205,756.24 ","$164,425.28 "
,TOTAL,,327,"$214,172.43 ","$171,151.79 "
32663,80'S,,397,"$75,346.59 ","$59,687.45 "
,OTHER,,"1,158","$1,283,848.56 ","$1,019,964.65 "
,TOTAL,,"1,555","$1,359,195.15 ","$1,079,652.10 "
32664,80'S,,5,$763.77 ,$559.17 
,OTHER,,94,"$81,188.25 ","$63,613.90 "
,TOTAL,,99,"$81,952.02 ","$64,173.07 "
32665,80'S,,10,"$1,086.58 ",$869.28 
,OTHER,,30,"$20,149.97 ","$15,880.48 "
,TOTAL,,40,"$21,236.55 ","$16,749.76 "
32800,80'S,,11,"$1,516.75 ","$1,213.41 "
,OTHER,,46,"$35,923.84 ","$27,920.56 "
,TOTAL,,57,"$37,440.59 ","$29,133.97 "
32810,80'S,,2,$293.74 ,$235.00 
,OTHER,,49,"$37,930.55 ","$30,344.47 "
,TOTAL,,51,"$38,224.29 ","$30,579.47 "
32815,80'S,,42,"$8,617.82 ","$6,894.27 "
,OTHER,,195,"$219,753.94 ","$175,764.14 "
,TOTAL,,237,"$228,371.76 ","$182,658.41 "
32820,80'S,,13,"$2,653.38 ","$2,122.72 "
,OTHER,,81,"$78,213.57 ","$62,570.81 "
,TOTAL,,94,"$80,866.95 ","$64,693.53 "
32851,80'S,,43,"$16,139.45 ","$12,871.08 "
,OTHER,,149,"$327,711.35 ","$262,104.30 "
,TOTAL,,192,"$343,850.80 ","$274,975.38 "
32852,80'S,,4,"$1,648.90 ","$1,319.12 "
,OTHER,,15,"$38,398.42 ","$30,718.74 "
,TOTAL,,19,"$40,047.32 ","$32,037.86 "
32853,80'S,,43,"$19,220.84 ","$15,155.45 "
,OTHER,,88,"$238,320.13 ","$188,742.25 "
,TOTAL,,131,"$257,540.97 ","$203,897.70 "
32854,80'S,,21,"$10,372.25 ","$8,297.80 "
,OTHER,,61,"$165,084.78 ","$130,616.68 "
,TOTAL,,82,"$175,457.03 ","$138,914.48 "
32900,80'S,,45,"$7,019.82 ","$5,615.84 "
,OTHER,,247,"$240,773.44 ","$192,496.17 "
,TOTAL,,292,"$247,793.26 ","$198,112.01 "
32905,80'S,,23,"$3,429.33 ","$2,743.46 "
,OTHER,,83,"$84,889.79 ","$67,772.32 "
,TOTAL,,106,"$88,319.12 ","$70,515.78 "
32906,80'S,,5,"$1,338.91 ","$1,071.12 "
,OTHER,,52,"$73,130.40 ","$57,484.60 "
,TOTAL,,57,"$74,469.31 ","$58,555.72 "
32940,80'S,,9,"$1,717.59 ","$1,374.07 "
,OTHER,,31,"$25,082.45 ","$19,518.35 "
,TOTAL,,40,"$26,800.04 ","$20,892.42 "
32960,OTHER,,69,"$5,910.98 ","$4,693.10 "
,TOTAL,,69,"$5,910.98 ","$4,693.10 "
32997,OTHER,,81,"$24,143.54 ","$19,210.98 "
,TOTAL,,81,"$24,143.54 ","$19,210.98 "
32999,80'S,,12,"$1,745.74 ","$1,396.59 "
,OTHER,,590,"$262,431.78 ","$209,943.50 "
,TOTAL,,602,"$264,177.52 ","$211,340.09 "
33010,OTHER,CARDIOVASCULAR,"4,606","$485,468.75 ","$384,600.27 "
,TOTAL,,"4,606","$485,468.75 ","$384,600.27 "
33011,OTHER,,153,"$15,598.92 ","$12,381.64 "
,TOTAL,,153,"$15,598.92 ","$12,381.64 "
33015,OTHER,,559,"$219,400.85 ","$174,221.97 "
,TOTAL,,559,"$219,400.85 ","$174,221.97 "
33020,80'S,,36,"$3,412.07 ","$2,729.63 "
,OTHER,,313,"$181,050.36 ","$143,429.87 "
,TOTAL,,349,"$184,462.43 ","$146,159.50 "
33025,80'S,,585,"$66,155.25 ","$52,669.01 "
,OTHER,,"6,379","$4,277,284.92 ","$3,394,967.15 "
,TOTAL,,"6,964","$4,343,440.17 ","$3,447,636.16 "
33030,80'S,,149,"$25,026.19 ","$19,936.52 "
,OTHER,,704,"$674,520.38 ","$535,360.70 "
,TOTAL,,853,"$699,546.57 ","$555,297.22 "
33031,80'S,,80,"$11,019.99 ","$8,816.04 "
,OTHER,,307,"$215,179.66 ","$171,469.62 "
,TOTAL,,387,"$226,199.65 ","$180,285.66 "
33050,80'S,,21,"$1,903.94 ","$1,457.45 "
,OTHER,,91,"$52,793.87 ","$41,708.54 "
,TOTAL,,112,"$54,697.81 ","$43,165.99 "
33120,80'S,,230,"$45,644.19 ","$36,409.22 "
,OTHER,,813,"$828,908.66 ","$656,415.24 "
,TOTAL,,"1,043","$874,552.85 ","$692,824.46 "
33130,80'S,,8,"$1,012.03 ",$809.62 
,OTHER,,42,"$32,525.11 ","$25,986.10 "
,TOTAL,,50,"$33,537.14 ","$26,795.72 "
33140,80'S,,31,"$5,779.76 ","$4,608.85 "
,OTHER,,182,"$185,528.87 ","$146,457.77 "
,TOTAL,,213,"$191,308.63 ","$151,066.62 "
33141,80'S,,431,"$17,376.77 ","$13,784.56 "
,OTHER,,"2,186","$421,246.55 ","$334,545.88 "
,TOTAL,,"2,617","$438,623.32 ","$348,330.44 "
33200,OTHER,,"1,079","$768,244.48 ","$609,440.54 "
,TOTAL,,"1,079","$768,244.48 ","$609,440.54 "
33201,OTHER,,279,"$168,488.42 ","$134,283.59 "
,TOTAL,,279,"$168,488.42 ","$134,283.59 "
33206,OTHER,,"1,835","$747,590.52 ","$595,612.33 "
,TOTAL,,"1,835","$747,590.52 ","$595,612.33 "
33207,OTHER,,"35,962","$18,434,116.30 ","$14,687,070.61 "
,TOTAL,,"35,962","$18,434,116.30 ","$14,687,070.61 "
33208,80'S,,1,$78.74 ,$62.99 
,OTHER,,"133,939","$70,088,189.53 ","$55,782,554.50 "
,TOTAL,,"133,940","$70,088,268.27 ","$55,782,617.49 "
33210,OTHER,,"25,217","$3,441,097.56 ","$2,731,378.12 "
,TOTAL,,"25,217","$3,441,097.56 ","$2,731,378.12 "
33211,OTHER,,"1,715","$198,723.16 ","$157,226.23 "
,TOTAL,,"1,715","$198,723.16 ","$157,226.23 "
33212,OTHER,,"13,339","$4,997,600.54 ","$3,967,858.53 "
,TOTAL,,"13,339","$4,997,600.54 ","$3,967,858.53 "
33213,OTHER,,"26,930","$11,272,467.89 ","$8,950,328.79 "
,TOTAL,,"26,930","$11,272,467.89 ","$8,950,328.79 "
33214,80'S,,1,$87.19 ,$69.75 
,OTHER,,"1,447","$688,666.82 ","$547,172.93 "
,TOTAL,,"1,448","$688,754.01 ","$547,242.68 "
33215,OTHER,,"3,100","$792,832.89 ","$631,447.05 "
,TOTAL,,"3,100","$792,832.89 ","$631,447.05 "
33216,OTHER,,"4,801","$1,624,399.18 ","$1,287,620.58 "
,TOTAL,,"4,801","$1,624,399.18 ","$1,287,620.58 "
33217,OTHER,,"2,996","$1,061,947.23 ","$844,987.10 "
,TOTAL,,"2,996","$1,061,947.23 ","$844,987.10 "
33218,OTHER,,759,"$229,102.70 ","$182,261.62 "
,TOTAL,,759,"$229,102.70 ","$182,261.62 "
33220,OTHER,,412,"$122,273.82 ","$97,608.71 "
,TOTAL,,412,"$122,273.82 ","$97,608.71 "
33222,SG,,5,"$2,182.71 ","$1,746.16 "
,OTHER,,"3,298","$823,560.74 ","$654,879.36 "
,TOTAL,,"3,303","$825,743.45 ","$656,625.52 "
33223,80'S,,5,$358.75 ,$286.99 
,OTHER,,"2,424","$741,002.64 ","$590,355.48 "
,TOTAL,,"2,429","$741,361.39 ","$590,642.47 "
33224,OTHER,,"3,833","$1,552,284.37 ","$1,234,077.22 "
,TOTAL,,"3,833","$1,552,284.37 ","$1,234,077.22 "
33225,OTHER,,"20,691","$8,809,817.40 ","$7,002,475.38 "
,TOTAL,,"20,691","$8,809,817.40 ","$7,002,475.38 "
33226,OTHER,,835,"$360,242.12 ","$285,997.24 "
,TOTAL,,835,"$360,242.12 ","$285,997.24 "
33233,OTHER,,"39,437","$5,751,877.69 ","$4,572,885.23 "
,TOTAL,,"39,437","$5,751,877.69 ","$4,572,885.23 "
33234,OTHER,,"3,252","$1,232,697.58 ","$980,619.54 "
,TOTAL,,"3,252","$1,232,697.58 ","$980,619.54 "
33235,OTHER,,"3,192","$1,686,874.19 ","$1,345,010.36 "
,TOTAL,,"3,192","$1,686,874.19 ","$1,345,010.36 "
33236,80'S,,3,$199.23 ,$159.39 
,OTHER,,69,"$48,484.78 ","$38,134.61 "
,TOTAL,,72,"$48,684.01 ","$38,294.00 "
33237,80'S,,2,$287.74 ,$230.19 
,OTHER,,64,"$47,960.08 ","$38,161.25 "
,TOTAL,,66,"$48,247.82 ","$38,391.44 "
33238,OTHER,,88,"$59,486.82 ","$47,083.61 "
,TOTAL,,88,"$59,486.82 ","$47,083.61 "
33240,80'S,,1,$241.83 ,$193.46 
,OTHER,,"13,441","$6,593,829.07 ","$5,214,283.83 "
,TOTAL,,"13,442","$6,594,070.90 ","$5,214,477.29 "
33241,80'S,,18,$573.20 ,$458.56 
,OTHER,,"16,047","$2,239,880.39 ","$1,774,706.19 "
,TOTAL,,"16,065","$2,240,453.59 ","$1,775,164.75 "
33243,80'S,,39,"$5,451.53 ","$4,361.21 "
,OTHER,,526,"$282,565.74 ","$223,264.67 "
,TOTAL,,565,"$288,017.27 ","$227,625.88 "
33244,OTHER,,"2,521","$1,657,351.32 ","$1,310,856.72 "
,TOTAL,,"2,521","$1,657,351.32 ","$1,310,856.72 "
33245,80'S,,99,"$12,005.09 ","$9,342.44 "
,OTHER,,"1,056","$746,730.45 ","$593,080.02 "
,TOTAL,,"1,155","$758,735.54 ","$602,422.46 "
33246,80'S,,39,"$7,503.21 ","$5,820.60 "
,OTHER,,565,"$661,137.68 ","$523,130.22 "
,TOTAL,,604,"$668,640.89 ","$528,950.82 "
33249,OTHER,,"52,565","$45,437,854.64 ","$36,059,555.15 "
,TOTAL,,"52,565","$45,437,854.64 ","$36,059,555.15 "
33250,80'S,,8,"$1,026.37 ",$772.71 
,OTHER,,42,"$24,490.83 ","$18,131.08 "
,TOTAL,,50,"$25,517.20 ","$18,903.79 "
33251,80'S,,248,"$30,480.91 ","$24,277.42 "
,OTHER,,756,"$454,163.32 ","$360,895.46 "
,TOTAL,,"1,004","$484,644.23 ","$385,172.88 "
33253,80'S,,"1,908","$354,828.76 ","$281,649.87 "
,OTHER,,"6,657","$6,199,390.52 ","$4,930,185.91 "
,TOTAL,,"8,565","$6,554,219.28 ","$5,211,835.78 "
33261,80'S,,26,"$3,503.45 ","$2,802.75 "
,OTHER,,75,"$49,774.49 ","$39,819.55 "
,TOTAL,,101,"$53,277.94 ","$42,622.30 "
33282,OTHER,,"3,151","$1,037,559.13 ","$821,793.47 "
,TOTAL,,"3,151","$1,037,559.13 ","$821,793.47 "
33284,OTHER,,"1,628","$350,399.68 ","$275,891.34 "
,TOTAL,,"1,628","$350,399.68 ","$275,891.34 "
33300,80'S,,41,"$6,414.47 ","$5,113.57 "
,OTHER,,265,"$244,763.91 ","$195,722.80 "
,TOTAL,,306,"$251,178.38 ","$200,836.37 "
33305,80'S,,107,"$14,138.71 ","$11,311.03 "
,OTHER,,323,"$239,948.09 ","$190,880.77 "
,TOTAL,,430,"$254,086.80 ","$202,191.80 "
33310,80'S,,10,"$1,575.61 ","$1,260.49 "
,OTHER,,65,"$60,117.77 ","$47,444.72 "
,TOTAL,,75,"$61,693.38 ","$48,705.21 "
33315,80'S,,50,"$6,888.49 ","$5,420.18 "
,OTHER,,213,"$142,657.49 ","$112,778.41 "
,TOTAL,,263,"$149,545.98 ","$118,198.59 "
33320,80'S,,52,"$6,337.06 ","$5,069.65 "
,OTHER,,217,"$143,605.23 ","$114,269.43 "
,TOTAL,,269,"$149,942.29 ","$119,339.08 "
33321,80'S,,2,$215.20 ,$172.16 
,OTHER,,3,"$2,025.90 ","$1,620.72 "
,TOTAL,,5,"$2,241.10 ","$1,792.88 "
33322,80'S,,64,"$8,146.09 ","$6,430.47 "
,OTHER,,196,"$138,004.30 ","$109,431.04 "
,TOTAL,,260,"$146,150.39 ","$115,861.51 "
33330,80'S,,8,"$1,337.26 ","$1,069.81 "
,OTHER,,39,"$31,079.68 ","$24,301.57 "
,TOTAL,,47,"$32,416.94 ","$25,371.38 "
33332,80'S,,2,$343.41 ,$274.73 
,OTHER,,8,"$8,906.49 ","$7,125.18 "
,TOTAL,,10,"$9,249.90 ","$7,399.91 "
33335,80'S,,41,"$8,740.54 ","$6,992.43 "
,OTHER,,173,"$178,906.85 ","$142,892.75 "
,TOTAL,,214,"$187,647.39 ","$149,885.18 "
33400,80'S,,121,"$20,004.96 ","$15,996.93 "
,OTHER,,355,"$313,299.05 ","$247,128.08 "
,TOTAL,,476,"$333,304.01 ","$263,125.01 "
33401,80'S,,1,$234.77 ,
,OTHER,,2,"$2,803.40 ","$2,242.72 "
,TOTAL,,3,"$3,038.17 ","$2,242.72 "
33403,80'S,,6,$848.94 ,$679.15 
,OTHER,,14,"$10,814.71 ","$8,651.77 "
,TOTAL,,20,"$11,663.65 ","$9,330.92 "
33404,80'S,,13,"$2,548.23 ","$2,038.59 "
,OTHER,,48,"$56,630.11 ","$45,252.27 "
,TOTAL,,61,"$59,178.34 ","$47,290.86 "
33405,80'S,,"12,618","$3,999,035.19 ","$3,180,934.84 "
,OTHER,,"37,889","$61,559,504.94 ","$48,962,220.59 "
,TOTAL,,"50,507","$65,558,540.13 ","$52,143,155.43 "
33406,80'S,,237,"$78,488.31 ","$62,630.85 "
,OTHER,,988,"$1,553,343.29 ","$1,234,292.29 "
,TOTAL,,"1,225","$1,631,831.60 ","$1,296,923.14 "
33410,80'S,,523,"$138,674.98 ","$109,307.07 "
,OTHER,,"2,171","$2,865,611.02 ","$2,279,169.94 "
,TOTAL,,"2,694","$3,004,286.00 ","$2,388,477.01 "
33411,80'S,,270,"$90,516.08 ","$72,152.00 "
,OTHER,,895,"$1,501,336.00 ","$1,193,878.65 "
,TOTAL,,"1,165","$1,591,852.08 ","$1,266,030.65 "
33412,80'S,,19,"$7,060.23 ","$5,648.20 "
,OTHER,,37,"$75,732.37 ","$60,585.91 "
,TOTAL,,56,"$82,792.60 ","$66,234.11 "
33413,80'S,,12,"$4,495.04 ","$3,298.18 "
,OTHER,,26,"$48,087.72 ","$36,608.70 "
,TOTAL,,38,"$52,582.76 ","$39,906.88 "
33414,80'S,,17,"$3,139.85 ","$2,511.88 "
,OTHER,,64,"$62,052.87 ","$48,418.39 "
,TOTAL,,81,"$65,192.72 ","$50,930.27 "
33415,80'S,,32,"$5,574.48 ","$4,435.56 "
,OTHER,,92,"$75,784.79 ","$60,607.63 "
,TOTAL,,124,"$81,359.27 ","$65,043.19 "
33416,80'S,,166,"$29,136.43 ","$23,156.94 "
,OTHER,,595,"$530,059.43 ","$421,860.28 "
,TOTAL,,761,"$559,195.86 ","$445,017.22 "
33417,80'S,,60,"$9,987.91 ","$7,979.95 "
,OTHER,,182,"$150,767.26 ","$120,330.08 "
,TOTAL,,242,"$160,755.17 ","$128,310.03 "
33420,80'S,,2,$217.26 ,$173.80 
,OTHER,,315,"$24,041.06 ","$18,867.83 "
,TOTAL,,317,"$24,258.32 ","$19,041.63 "
33422,80'S,,32,"$5,073.79 ","$4,059.04 "
,OTHER,,90,"$75,210.69 ","$60,168.59 "
,TOTAL,,122,"$80,284.48 ","$64,227.63 "
33425,80'S,,323,"$47,322.04 ","$37,692.52 "
,OTHER,,861,"$660,610.10 ","$522,760.74 "
,TOTAL,,"1,184","$707,932.14 ","$560,453.26 "
33426,80'S,,"2,751","$758,800.76 ","$602,738.49 "
,OTHER,,"9,735","$13,327,576.27 ","$10,582,242.52 "
,TOTAL,,"12,486","$14,086,377.03 ","$11,184,981.01 "
33427,80'S,,949,"$344,577.40 ","$273,094.59 "
,OTHER,,"3,539","$6,546,496.82 ","$5,174,038.94 "
,TOTAL,,"4,488","$6,891,074.22 ","$5,447,133.53 "
33430,80'S,,"4,724","$1,316,495.12 ","$1,046,561.72 "
,OTHER,,"14,849","$21,167,674.91 ","$16,833,935.09 "
,TOTAL,,"19,573","$22,484,170.03 ","$17,880,496.81 "
33460,80'S,,34,"$4,807.11 ","$3,845.65 "
,OTHER,,100,"$67,404.80 ","$52,266.13 "
,TOTAL,,134,"$72,211.91 ","$56,111.78 "
33463,80'S,,349,"$47,137.84 ","$37,563.33 "
,OTHER,,"1,192","$853,757.96 ","$679,798.08 "
,TOTAL,,"1,541","$900,895.80 ","$717,361.41 "
33464,80'S,,796,"$113,620.65 ","$90,239.32 "
,OTHER,,"2,984","$2,126,438.26 ","$1,686,947.83 "
,TOTAL,,"3,780","$2,240,058.91 ","$1,777,187.15 "
33465,80'S,,106,"$20,078.62 ","$15,848.49 "
,OTHER,,376,"$381,603.28 ","$304,267.12 "
,TOTAL,,482,"$401,681.90 ","$320,115.61 "
33468,80'S,,9,"$2,345.27 ","$1,876.22 "
,OTHER,,21,"$30,108.70 ","$24,086.97 "
,TOTAL,,30,"$32,453.97 ","$25,963.19 "
33470,OTHER,,2,"$1,440.30 ","$1,152.24 "
,TOTAL,,2,"$1,440.30 ","$1,152.24 "
33471,80'S,,1,$103.73 ,$82.99 
,OTHER,,2,"$1,994.14 ","$1,595.30 "
,TOTAL,,3,"$2,097.87 ","$1,678.29 "
33474,80'S,,2,$302.29 ,$241.84 
,OTHER,,8,"$7,087.45 ","$5,669.96 "
,TOTAL,,10,"$7,389.74 ","$5,911.80 "
33475,80'S,,11,"$3,405.58 ","$2,663.32 "
,OTHER,,63,"$95,639.13 ","$74,159.91 "
,TOTAL,,74,"$99,044.71 ","$76,823.23 "
33476,80'S,,1,$138.39 ,$110.71 
,OTHER,,13,"$12,391.52 ","$9,832.91 "
,TOTAL,,14,"$12,529.91 ","$9,943.62 "
33478,80'S,,1,$123.61 ,$98.89 
,OTHER,,20,"$12,476.25 ","$9,290.40 "
,TOTAL,,21,"$12,599.86 ","$9,389.29 "
33496,80'S,,34,"$7,930.35 ","$6,344.31 "
,OTHER,,122,"$151,424.38 ","$119,782.78 "
,TOTAL,,156,"$159,354.73 ","$126,127.09 "
33500,80'S,,15,"$2,147.21 ","$1,717.76 "
,OTHER,,57,"$41,622.24 ","$33,276.59 "
,TOTAL,,72,"$43,769.45 ","$34,994.35 "
33501,80'S,,12,"$1,788.84 ","$1,413.64 "
,OTHER,,39,"$23,156.73 ","$18,423.58 "
,TOTAL,,51,"$24,945.57 ","$19,837.22 "
33502,80'S,,24,"$3,245.07 ","$2,304.97 "
,OTHER,,88,"$61,107.12 ","$47,127.35 "
,TOTAL,,112,"$64,352.19 ","$49,432.32 "
33503,OTHER,,28,"$30,249.39 ","$23,207.02 "
,TOTAL,,28,"$30,249.39 ","$23,207.02 "
33504,80'S,,9,"$1,188.67 ",$950.95 
,OTHER,,32,"$19,012.26 ","$15,209.80 "
,TOTAL,,41,"$20,200.93 ","$16,160.75 "
33505,OTHER,,7,"$1,029.96 ",$566.52 
,TOTAL,,7,"$1,029.96 ",$566.52 
33506,80'S,,1,$370.57 ,$296.46 
,OTHER,,9,"$10,536.14 ","$8,428.91 "
,TOTAL,,10,"$10,906.71 ","$8,725.37 "
33508,80'S,,"4,948","$12,571.33 ","$10,002.06 "
,OTHER,,"42,576","$580,055.61 ","$460,948.08 "
,TOTAL,,"47,524","$592,626.94 ","$470,950.14 "
33510,80'S,,"3,235","$549,945.87 ","$436,775.28 "
,OTHER,,"10,090","$8,674,948.74 ","$6,896,909.52 "
,TOTAL,,"13,325","$9,224,894.61 ","$7,333,684.80 "
33511,80'S,,"3,686","$809,432.73 ","$642,189.87 "
,OTHER,,"11,541","$12,825,722.43 ","$10,194,868.67 "
,TOTAL,,"15,227","$13,635,155.16 ","$10,837,058.54 "
33512,80'S,,"4,156","$1,090,342.71 ","$864,038.94 "
,OTHER,,"12,328","$16,207,589.56 ","$12,867,871.54 "
,TOTAL,,"16,484","$17,297,932.27 ","$13,731,910.48 "
33513,80'S,,"2,061","$569,706.14 ","$451,624.70 "
,OTHER,,"6,255","$8,587,141.69 ","$6,833,574.41 "
,TOTAL,,"8,316","$9,156,847.83 ","$7,285,199.11 "
33514,80'S,,573,"$166,719.73 ","$132,125.36 "
,OTHER,,"1,736","$2,493,948.45 ","$1,984,789.62 "
,TOTAL,,"2,309","$2,660,668.18 ","$2,116,914.98 "
33516,80'S,,152,"$49,313.42 ","$39,369.03 "
,OTHER,,371,"$589,346.74 ","$464,518.20 "
,TOTAL,,523,"$638,660.16 ","$503,887.23 "
33517,80'S,,"8,153","$173,599.09 ","$137,970.83 "
,OTHER,,"27,928","$2,989,127.12 ","$2,373,822.30 "
,TOTAL,,"36,081","$3,162,726.21 ","$2,511,793.13 "
33518,80'S,,"18,478","$738,770.96 ","$588,062.40 "
,OTHER,,"62,472","$12,542,517.15 ","$9,961,391.71 "
,TOTAL,,"80,950","$13,281,288.11 ","$10,549,454.11 "
33519,80'S,,"15,310","$896,767.93 ","$713,782.59 "
,OTHER,,"50,872","$14,744,432.11 ","$11,711,129.46 "
,TOTAL,,"66,182","$15,641,200.04 ","$12,424,912.05 "
33521,80'S,,"5,212","$403,599.35 ","$320,860.34 "
,OTHER,,"17,330","$6,511,977.51 ","$5,168,686.81 "
,TOTAL,,"22,542","$6,915,576.86 ","$5,489,547.15 "
33522,80'S,,951,"$91,644.15 ","$72,618.73 "
,OTHER,,"3,214","$1,495,400.68 ","$1,182,976.66 "
,TOTAL,,"4,165","$1,587,044.83 ","$1,255,595.39 "
33523,80'S,,177,"$20,376.25 ","$16,208.73 "
,OTHER,,613,"$337,355.26 ","$267,043.44 "
,TOTAL,,790,"$357,731.51 ","$283,252.17 "
33530,80'S,,"6,245","$304,578.52 ","$242,011.31 "
,OTHER,,"21,263","$5,336,422.50 ","$4,233,298.10 "
,TOTAL,,"27,508","$5,641,001.02 ","$4,475,309.41 "
33533,80'S,,"47,051","$12,167,537.90 ","$9,649,274.23 "
,OTHER,,"155,728","$201,570,668.63 ","$159,945,139.00 "
,TOTAL,,"202,779","$213,738,206.53 ","$169,594,413.23 "
33534,80'S,,"4,469","$1,282,665.70 ","$1,016,931.81 "
,OTHER,,"16,938","$23,376,337.85 ","$18,497,524.06 "
,TOTAL,,"21,407","$24,659,003.55 ","$19,514,455.87 "
33535,80'S,,"1,202","$379,684.11 ","$301,172.00 "
,OTHER,,"4,033","$6,307,165.64 ","$5,004,513.54 "
,TOTAL,,"5,235","$6,686,849.75 ","$5,305,685.54 "
33536,80'S,,496,"$165,980.45 ","$132,483.71 "
,OTHER,,"1,749","$2,765,017.60 ","$2,181,920.81 "
,TOTAL,,"2,245","$2,930,998.05 ","$2,314,404.52 "
33542,80'S,,479,"$106,713.38 ","$84,900.24 "
,OTHER,,"1,576","$1,778,229.23 ","$1,414,132.57 "
,TOTAL,,"2,055","$1,884,942.61 ","$1,499,032.81 "
33545,80'S,,67,"$23,405.84 ","$18,644.63 "
,OTHER,,233,"$432,456.22 ","$340,841.78 "
,TOTAL,,300,"$455,862.06 ","$359,486.41 "
33572,80'S,,"1,163","$42,401.72 ","$33,702.24 "
,OTHER,,"4,744","$874,322.27 ","$694,157.07 "
,TOTAL,,"5,907","$916,723.99 ","$727,859.31 "
33600,80'S,,6,"$1,155.34 ",$924.28 
,OTHER,,18,"$19,443.92 ","$15,555.14 "
,TOTAL,,24,"$20,599.26 ","$16,479.42 "
33602,80'S,,2,$361.99 ,$289.59 
,OTHER,,7,"$5,762.19 ","$4,609.76 "
,TOTAL,,9,"$6,124.18 ","$4,899.35 "
33606,80'S,,3,$916.54 ,$733.23 
,OTHER,,2,"$4,045.08 ","$3,236.06 "
,TOTAL,,5,"$4,961.62 ","$3,969.29 "
33608,80'S,,2,$706.62 ,$537.03 
,OTHER,,7,"$12,021.33 ","$8,275.31 "
,TOTAL,,9,"$12,727.95 ","$8,812.34 "
33610,OTHER,,1,"$2,349.94 ","$1,879.95 "
,TOTAL,,1,"$2,349.94 ","$1,879.95 "
33611,80'S,,1,$332.86 ,$266.29 
,OTHER,,5,"$7,096.60 ","$5,677.29 "
,TOTAL,,6,"$7,429.46 ","$5,943.58 "
33612,OTHER,,3,"$7,016.23 ","$5,612.99 "
,TOTAL,,3,"$7,016.23 ","$5,612.99 "
33615,80'S,,5,"$1,473.23 ","$1,178.59 "
,OTHER,,15,"$12,965.69 ","$10,334.82 "
,TOTAL,,20,"$14,438.92 ","$11,513.41 "
33617,80'S,,2,$441.19 ,$352.95 
,OTHER,,9,"$14,964.28 ","$10,308.24 "
,TOTAL,,11,"$15,405.47 ","$10,661.19 "
33619,80'S,,4,"$1,558.28 ","$1,246.63 "
,OTHER,,4,"$8,662.89 ","$6,930.31 "
,TOTAL,,8,"$10,221.17 ","$8,176.94 "
33641,80'S,,756,"$90,559.36 ","$71,740.29 "
,OTHER,,"2,651","$1,550,098.56 ","$1,227,547.43 "
,TOTAL,,"3,407","$1,640,657.92 ","$1,299,287.72 "
33645,80'S,,18,"$3,452.21 ","$2,761.76 "
,OTHER,,56,"$52,998.36 ","$40,942.80 "
,TOTAL,,74,"$56,450.57 ","$43,704.56 "
33647,80'S,,12,"$2,273.86 ","$1,819.09 "
,OTHER,,63,"$84,383.07 ","$67,506.51 "
,TOTAL,,75,"$86,656.93 ","$69,325.60 "
33660,80'S,,2,$516.23 ,$412.99 
,OTHER,,23,"$25,965.82 ","$20,772.65 "
,TOTAL,,25,"$26,482.05 ","$21,185.64 "
33665,80'S,,4,$810.56 ,$648.44 
,OTHER,,3,"$3,977.51 ","$3,182.01 "
,TOTAL,,7,"$4,788.07 ","$3,830.45 "
33670,OTHER,,5,$786.50 ,$629.20 
,TOTAL,,5,$786.50 ,$629.20 
33681,80'S,,100,"$24,016.62 ","$18,950.17 "
,OTHER,,287,"$355,523.09 ","$281,724.88 "
,TOTAL,,387,"$379,539.71 ","$300,675.05 "
33684,80'S,,2,$456.66 ,$365.33 
,OTHER,,6,"$6,677.73 ","$5,314.36 "
,TOTAL,,8,"$7,134.39 ","$5,679.69 "
33690,OTHER,,6,"$4,871.12 ","$3,896.90 "
,TOTAL,,6,"$4,871.12 ","$3,896.90 "
33694,OTHER,,1,$935.19 ,$748.15 
,TOTAL,,1,$935.19 ,$748.15 
33697,80'S,,2,$641.45 ,$513.16 
,OTHER,,5,"$9,705.81 ","$7,764.64 "
,TOTAL,,7,"$10,347.26 ","$8,277.80 "
33702,80'S,,9,"$1,779.78 ","$1,423.82 "
,OTHER,,15,"$16,325.60 ","$13,060.49 "
,TOTAL,,24,"$18,105.38 ","$14,484.31 "
33710,OTHER,,2,$998.86 ,$799.09 
,TOTAL,,2,$998.86 ,$799.09 
33720,80'S,,18,"$2,553.98 ","$2,043.18 "
,OTHER,,59,"$46,579.14 ","$36,824.63 "
,TOTAL,,77,"$49,133.12 ","$38,867.81 "
33722,OTHER,,1,$30.00 ,$24.00 
,TOTAL,,1,$30.00 ,$24.00 
33730,80'S,,3,$800.66 ,$640.53 
,OTHER,,4,"$7,004.13 ","$5,603.31 "
,TOTAL,,7,"$7,804.79 ","$6,243.84 "
33732,OTHER,,6,"$7,418.81 ","$5,935.05 "
,TOTAL,,6,"$7,418.81 ","$5,935.05 "
33735,80'S,,1,$99.65 ,$79.72 
,OTHER,,7,"$4,728.93 ","$3,783.14 "
,TOTAL,,8,"$4,828.58 ","$3,862.86 "
33736,80'S,,3,$492.57 ,$278.68 
,OTHER,,19,"$14,891.58 ","$11,265.07 "
,TOTAL,,22,"$15,384.15 ","$11,543.75 "
33737,80'S,,1,$125.67 ,$100.54 
,OTHER,,2,"$1,570.84 ","$1,256.68 "
,TOTAL,,3,"$1,696.51 ","$1,357.22 "
33750,OTHER,,1,$300.00 ,$240.00 
,TOTAL,,1,$300.00 ,$240.00 
33755,OTHER,,1,"$1,635.44 ","$1,177.51 "
,TOTAL,,1,"$1,635.44 ","$1,177.51 "
33762,80'S,,23,"$4,730.61 ","$3,526.04 "
,OTHER,,24,"$31,361.77 ","$24,144.40 "
,TOTAL,,47,"$36,092.38 ","$27,670.44 "
33764,80'S,,1,$127.99 ,$102.40 
,OTHER,,3,"$1,563.46 ","$1,250.76 "
,TOTAL,,4,"$1,691.45 ","$1,353.16 "
33770,OTHER,,2,"$2,065.12 ","$1,652.09 "
,TOTAL,,2,"$2,065.12 ","$1,652.09 "
33774,OTHER,,1,$885.18 ,$708.14 
,TOTAL,,1,$885.18 ,$708.14 
33775,80'S,,1,$306.92 ,$245.54 
,OTHER,,1,"$1,918.27 ","$1,534.62 "
,TOTAL,,2,"$2,225.19 ","$1,780.16 "
33776,OTHER,,1,"$2,037.69 ","$1,630.15 "
,TOTAL,,1,"$2,037.69 ","$1,630.15 "
33778,OTHER,,1,"$2,000.00 ","$1,600.00 "
,TOTAL,,1,"$2,000.00 ","$1,600.00 "
33780,80'S,,2,$589.50 ,$471.60 
,OTHER,,3,"$5,871.83 ","$4,678.88 "
,TOTAL,,5,"$6,461.33 ","$5,150.48 "
33800,80'S,,3,$248.29 ,$198.63 
,OTHER,,5,"$3,306.44 ","$2,645.15 "
,TOTAL,,8,"$3,554.73 ","$2,843.78 "
33802,80'S,,3,$382.84 ,$306.27 
,OTHER,,4,"$2,519.62 ","$2,015.70 "
,TOTAL,,7,"$2,902.46 ","$2,321.97 "
33813,80'S,,3,$465.84 ,$372.67 
,OTHER,,4,"$3,924.24 ","$3,139.39 "
,TOTAL,,7,"$4,390.08 ","$3,512.06 "
33814,80'S,,5,$667.56 ,$534.05 
,OTHER,,11,"$9,170.72 ","$7,011.88 "
,TOTAL,,16,"$9,838.28 ","$7,545.93 "
33820,80'S,,5,$402.84 ,$322.27 
,OTHER,,32,"$20,123.98 ","$16,099.18 "
,TOTAL,,37,"$20,526.82 ","$16,421.45 "
33822,OTHER,,1,$573.67 ,$458.94 
,TOTAL,,1,$573.67 ,$458.94 
33824,80'S,,1,$212.57 ,$170.06 
,OTHER,,1,"$1,328.54 ","$1,062.83 "
,TOTAL,,2,"$1,541.11 ","$1,232.89 "
33840,OTHER,,3,"$2,810.82 ","$2,248.65 "
,TOTAL,,3,"$2,810.82 ","$2,248.65 "
33845,80'S,,4,$889.71 ,$711.77 
,OTHER,,9,"$12,935.59 ","$10,348.48 "
,TOTAL,,13,"$13,825.30 ","$11,060.25 "
33851,OTHER,,3,"$2,261.11 ","$1,808.89 "
,TOTAL,,3,"$2,261.11 ","$1,808.89 "
33852,80'S,,1,$119.73 ,$95.78 
,OTHER,,11,"$8,794.81 ","$7,035.85 "
,TOTAL,,12,"$8,914.54 ","$7,131.63 "
33853,80'S,,9,"$1,778.49 ","$1,422.79 "
,OTHER,,25,"$29,125.31 ","$23,165.99 "
,TOTAL,,34,"$30,903.80 ","$24,588.78 "
33860,80'S,,"1,090","$359,123.66 ","$286,543.28 "
,OTHER,,"3,379","$5,741,534.50 ","$4,564,833.37 "
,TOTAL,,"4,469","$6,100,658.16 ","$4,851,376.65 "
33861,80'S,,105,"$37,294.20 ","$29,519.61 "
,OTHER,,336,"$638,360.28 ","$507,037.35 "
,TOTAL,,441,"$675,654.48 ","$536,556.96 "
33863,80'S,,604,"$244,283.18 ","$191,375.04 "
,OTHER,,"1,962","$4,264,920.99 ","$3,384,277.44 "
,TOTAL,,"2,566","$4,509,204.17 ","$3,575,652.48 "
33870,80'S,,295,"$110,001.27 ","$87,010.62 "
,OTHER,,"1,028","$2,108,577.66 ","$1,673,947.57 "
,TOTAL,,"1,323","$2,218,578.93 ","$1,760,958.19 "
33875,80'S,,307,"$88,401.21 ","$70,118.15 "
,OTHER,,842,"$1,330,428.03 ","$1,059,523.74 "
,TOTAL,,"1,149","$1,418,829.24 ","$1,129,641.89 "
33877,80'S,,363,"$145,549.38 ","$116,053.91 "
,OTHER,,"1,078","$2,452,839.25 ","$1,957,235.26 "
,TOTAL,,"1,441","$2,598,388.63 ","$2,073,289.17 "
33910,80'S,,21,"$4,238.88 ","$3,391.11 "
,OTHER,,74,"$93,252.03 ","$74,601.63 "
,TOTAL,,95,"$97,490.91 ","$77,992.74 "
33915,80'S,,1,$214.19 ,$171.35 
,OTHER,,23,"$27,059.94 ","$21,647.96 "
,TOTAL,,24,"$27,274.13 ","$21,819.31 "
33916,80'S,,19,"$4,583.12 ","$3,619.26 "
,OTHER,,32,"$35,008.90 ","$28,007.09 "
,TOTAL,,51,"$39,592.02 ","$31,626.35 "
33917,80'S,,4,$770.05 ,$616.04 
,OTHER,,26,"$25,570.36 ","$20,456.29 "
,TOTAL,,30,"$26,340.41 ","$21,072.33 "
33919,80'S,,1,$392.75 ,$314.20 
,OTHER,,2,"$2,422.39 ","$1,937.91 "
,TOTAL,,3,"$2,815.14 ","$2,252.11 "
33922,80'S,,2,$378.10 ,$302.48 
,OTHER,,7,"$5,457.57 ","$4,366.05 "
,TOTAL,,9,"$5,835.67 ","$4,668.53 "
33924,80'S,,1,$48.16 ,$38.53 
,OTHER,,3,$851.10 ,$680.88 
,TOTAL,,4,$899.26 ,$719.41 
33935,80'S,,4,"$2,127.54 ","$1,702.03 "
,OTHER,,7,"$23,110.40 ","$15,882.47 "
,TOTAL,,11,"$25,237.94 ","$17,584.50 "
33945,80'S,,221,"$87,480.32 ","$67,741.04 "
,OTHER,,514,"$1,212,946.70 ","$947,368.17 "
,TOTAL,,735,"$1,300,427.02 ","$1,015,109.21 "
33960,80'S,,14,"$2,123.37 ","$1,685.04 "
,OTHER,,89,"$75,367.10 ","$60,241.33 "
,TOTAL,,103,"$77,490.47 ","$61,926.37 "
33961,80'S,,1,$82.44 ,$65.95 
,OTHER,,59,"$34,470.74 ","$27,531.59 "
,TOTAL,,60,"$34,553.18 ","$27,597.54 "
33967,80'S,,60,"$1,471.46 ","$1,173.60 "
,OTHER,,"24,869","$4,605,636.65 ","$3,654,846.83 "
,TOTAL,,"24,929","$4,607,108.11 ","$3,656,020.43 "
33968,OTHER,,"4,873","$162,358.90 ","$128,391.26 "
,TOTAL,,"4,873","$162,358.90 ","$128,391.26 "
33970,80'S,,415,"$12,403.48 ","$9,886.31 "
,OTHER,,"3,463","$728,778.71 ","$578,843.35 "
,TOTAL,,"3,878","$741,182.19 ","$588,729.66 "
33971,OTHER,,"1,230","$717,666.07 ","$571,013.71 "
,TOTAL,,"1,230","$717,666.07 ","$571,013.71 "
33973,80'S,,65,"$2,864.27 ","$2,291.46 "
,OTHER,,328,"$95,911.75 ","$76,676.90 "
,TOTAL,,393,"$98,776.02 ","$78,968.36 "
33974,OTHER,,125,"$109,555.63 ","$87,011.11 "
,TOTAL,,125,"$109,555.63 ","$87,011.11 "
33975,80'S,,62,"$8,122.94 ","$6,498.33 "
,OTHER,,216,"$165,223.70 ","$127,871.23 "
,TOTAL,,278,"$173,346.64 ","$134,369.56 "
33976,80'S,,29,"$4,303.05 ","$3,442.43 "
,OTHER,,96,"$86,201.18 ","$68,704.03 "
,TOTAL,,125,"$90,504.23 ","$72,146.46 "
33977,80'S,,22,"$3,068.69 ","$2,412.68 "
,OTHER,,118,"$103,337.43 ","$80,484.25 "
,TOTAL,,140,"$106,406.12 ","$82,896.93 "
33978,80'S,,7,"$1,180.26 ",$944.20 
,OTHER,,29,"$29,609.34 ","$22,600.53 "
,TOTAL,,36,"$30,789.60 ","$23,544.73 "
33979,80'S,,45,"$16,286.56 ","$11,695.23 "
,OTHER,,131,"$248,107.25 ","$191,613.96 "
,TOTAL,,176,"$264,393.81 ","$203,309.19 "
33980,80'S,,22,"$11,376.81 ","$8,830.50 "
,OTHER,,68,"$162,539.74 ","$124,899.93 "
,TOTAL,,90,"$173,916.55 ","$133,730.43 "
33999,80'S,,137,"$30,420.33 ","$24,336.33 "
,OTHER,,"2,550","$1,410,531.48 ","$1,123,670.78 "
,TOTAL,,"2,687","$1,440,951.81 ","$1,148,007.11 "
34001,80'S,,37,"$3,897.64 ","$3,118.09 "
,OTHER,,202,"$112,128.49 ","$89,636.21 "
,TOTAL,,239,"$116,026.13 ","$92,754.30 "
34051,80'S,,8,$777.24 ,$621.79 
,OTHER,,22,"$12,803.14 ","$10,242.51 "
,TOTAL,,30,"$13,580.38 ","$10,864.30 "
34101,SG,,2,"$1,039.24 ",$831.39 
,80'S,,240,"$17,833.43 ","$14,233.69 "
,OTHER,,"3,022","$1,487,962.24 ","$1,184,644.00 "
,TOTAL,,"3,264","$1,506,834.91 ","$1,199,709.08 "
34111,80'S,,38,"$2,363.73 ","$1,890.97 "
,OTHER,,768,"$295,085.23 ","$235,179.45 "
,TOTAL,,806,"$297,448.96 ","$237,070.42 "
34151,80'S,,90,"$17,228.03 ","$13,702.36 "
,OTHER,,419,"$480,800.90 ","$380,356.60 "
,TOTAL,,509,"$498,028.93 ","$394,058.96 "
34201,80'S,,874,"$61,613.10 ","$49,044.76 "
,OTHER,,"8,267","$3,669,383.73 ","$2,923,300.02 "
,TOTAL,,"9,141","$3,730,996.83 ","$2,972,344.78 "
34203,80'S,,287,"$33,232.63 ","$26,507.25 "
,OTHER,,"2,678","$1,975,529.73 ","$1,575,733.48 "
,TOTAL,,"2,965","$2,008,762.36 ","$1,602,240.73 "
34401,80'S,,16,"$2,715.59 ","$2,172.47 "
,OTHER,,117,"$125,073.80 ","$97,019.29 "
,TOTAL,,133,"$127,789.39 ","$99,191.76 "
34421,80'S,,21,"$1,950.18 ","$1,310.40 "
,OTHER,,300,"$172,660.28 ","$136,738.07 "
,TOTAL,,321,"$174,610.46 ","$138,048.47 "
34451,80'S,,7,"$1,384.46 ","$1,107.57 "
,OTHER,,47,"$66,490.17 ","$53,192.17 "
,TOTAL,,54,"$67,874.63 ","$54,299.74 "
34471,OTHER,,47,"$22,038.12 ","$16,908.54 "
,TOTAL,,47,"$22,038.12 ","$16,908.54 "
34490,OTHER,,527,"$239,631.23 ","$190,782.31 "
,TOTAL,,527,"$239,631.23 ","$190,782.31 "
34501,80'S,,10,"$1,236.78 ",$989.42 
,OTHER,,65,"$48,007.39 ","$38,338.66 "
,TOTAL,,75,"$49,244.17 ","$39,328.08 "
34502,80'S,,46,"$9,267.79 ","$7,217.14 "
,OTHER,,188,"$245,892.72 ","$195,322.24 "
,TOTAL,,234,"$255,160.51 ","$202,539.38 "
34510,80'S,,3,$361.52 ,$289.22 
,OTHER,,25,"$24,323.19 ","$19,458.60 "
,TOTAL,,28,"$24,684.71 ","$19,747.82 "
34520,80'S,,12,"$1,382.61 ","$1,106.08 "
,OTHER,,119,"$95,088.40 ","$75,422.93 "
,TOTAL,,131,"$96,471.01 ","$76,529.01 "
34530,80'S,,2,$251.92 ,$201.53 
,OTHER,,11,"$7,247.32 ","$5,797.85 "
,TOTAL,,13,"$7,499.24 ","$5,999.38 "
34800,80'S,,60,"$10,468.41 ","$8,374.74 "
,OTHER,,408,"$387,807.30 ","$309,310.20 "
,TOTAL,,468,"$398,275.71 ","$317,684.94 "
34802,80'S,,"1,873","$369,015.77 ","$293,602.69 "
,OTHER,,"12,062","$11,680,892.42 ","$9,295,958.93 "
,TOTAL,,"13,935","$12,049,908.19 ","$9,589,561.62 "
34804,80'S,,405,"$79,611.15 ","$62,820.59 "
,OTHER,,"2,165","$2,096,306.16 ","$1,664,242.70 "
,TOTAL,,"2,570","$2,175,917.31 ","$1,727,063.29 "
34808,80'S,,38,"$1,304.61 ","$1,043.76 "
,OTHER,,214,"$43,101.70 ","$34,208.35 "
,TOTAL,,252,"$44,406.31 ","$35,252.11 "
34812,80'S,,"2,045","$78,473.41 ","$62,449.22 "
,OTHER,,"13,312","$3,051,389.41 ","$2,428,205.49 "
,TOTAL,,"15,357","$3,129,862.82 ","$2,490,654.71 "
34813,80'S,,56,"$2,230.19 ","$1,784.26 "
,OTHER,,285,"$66,624.90 ","$53,268.28 "
,TOTAL,,341,"$68,855.09 ","$55,052.54 "
34820,80'S,,93,"$5,296.58 ","$4,191.38 "
,OTHER,,407,"$122,725.16 ","$97,829.02 "
,TOTAL,,500,"$128,021.74 ","$102,020.40 "
34825,80'S,,"1,190","$72,904.54 ","$57,951.56 "
,OTHER,,"8,473","$2,784,460.68 ","$2,217,899.09 "
,TOTAL,,"9,663","$2,857,365.22 ","$2,275,850.65 "
34826,80'S,,613,"$21,025.27 ","$16,774.00 "
,OTHER,,"4,690","$847,070.08 ","$674,649.70 "
,TOTAL,,"5,303","$868,095.35 ","$691,423.70 "
34830,80'S,,6,"$1,668.20 ","$1,334.56 "
,OTHER,,35,"$56,799.46 ","$45,419.66 "
,TOTAL,,41,"$58,467.66 ","$46,754.22 "
34831,80'S,,16,"$4,365.32 ","$3,492.25 "
,OTHER,,139,"$239,544.82 ","$190,105.54 "
,TOTAL,,155,"$243,910.14 ","$193,597.79 "
34832,80'S,,13,"$3,911.15 ","$3,128.94 "
,OTHER,,65,"$110,128.68 ","$88,070.65 "
,TOTAL,,78,"$114,039.83 ","$91,199.59 "
34833,80'S,,17,"$1,178.40 ",$942.74 
,OTHER,,117,"$45,980.77 ","$36,784.68 "
,TOTAL,,134,"$47,159.17 ","$37,727.42 "
34834,80'S,,8,$259.06 ,$207.25 
,OTHER,,55,"$9,960.68 ","$7,968.62 "
,TOTAL,,63,"$10,219.74 ","$8,175.87 "
34900,80'S,,74,"$10,309.34 ","$8,052.92 "
,OTHER,,616,"$476,605.57 ","$378,947.18 "
,TOTAL,,690,"$486,914.91 ","$387,000.10 "
35001,80'S,,120,"$20,615.83 ","$16,477.11 "
,OTHER,,527,"$472,195.32 ","$376,685.61 "
,TOTAL,,647,"$492,811.15 ","$393,162.72 "
35002,80'S,,9,"$1,689.98 ","$1,352.00 "
,OTHER,,24,"$22,667.92 ","$18,113.85 "
,TOTAL,,33,"$24,357.90 ","$19,465.85 "
35005,OTHER,,14,"$10,054.48 ","$8,043.57 "
,TOTAL,,14,"$10,054.48 ","$8,043.57 "
35011,80'S,,86,"$13,026.76 ","$10,421.42 "
,OTHER,,"1,410","$1,294,184.24 ","$1,027,193.66 "
,TOTAL,,"1,496","$1,307,211.00 ","$1,037,615.08 "
35013,80'S,,24,"$4,624.29 ","$3,699.45 "
,OTHER,,286,"$320,855.44 ","$255,409.74 "
,TOTAL,,310,"$325,479.73 ","$259,109.19 "
35021,80'S,,20,"$2,589.69 ","$2,071.74 "
,OTHER,,60,"$42,627.42 ","$34,073.92 "
,TOTAL,,80,"$45,217.11 ","$36,145.66 "
35022,80'S,,4,$683.51 ,$546.81 
,OTHER,,13,"$11,605.11 ","$9,281.69 "
,TOTAL,,17,"$12,288.62 ","$9,828.50 "
35045,80'S,,18,"$2,796.19 ","$2,236.94 "
,OTHER,,406,"$380,442.46 ","$301,870.94 "
,TOTAL,,424,"$383,238.65 ","$304,107.88 "
35081,80'S,,"3,394","$807,101.98 ","$640,414.41 "
,OTHER,,"9,053","$12,427,415.74 ","$9,861,587.43 "
,TOTAL,,"12,447","$13,234,517.72 ","$10,502,001.84 "
35082,80'S,,"1,047","$343,294.26 ","$272,312.87 "
,OTHER,,"2,684","$5,159,106.85 ","$4,095,696.35 "
,TOTAL,,"3,731","$5,502,401.11 ","$4,368,009.22 "
35091,80'S,,586,"$176,844.62 ","$140,410.82 "
,OTHER,,"2,660","$3,310,189.07 ","$2,629,829.32 "
,TOTAL,,"3,246","$3,487,033.69 ","$2,770,240.14 "
35092,80'S,,128,"$48,988.88 ","$38,817.62 "
,OTHER,,430,"$974,931.33 ","$777,097.79 "
,TOTAL,,558,"$1,023,920.21 ","$815,915.41 "
35102,80'S,,"2,248","$595,327.38 ","$471,808.26 "
,OTHER,,"6,057","$9,274,150.05 ","$7,359,537.22 "
,TOTAL,,"8,305","$9,869,477.43 ","$7,831,345.48 "
35103,80'S,,336,"$115,113.65 ","$91,288.99 "
,OTHER,,897,"$1,829,766.37 ","$1,446,705.48 "
,TOTAL,,"1,233","$1,944,880.02 ","$1,537,994.47 "
35111,80'S,,23,"$4,834.49 ","$3,867.58 "
,OTHER,,64,"$81,428.99 ","$65,073.12 "
,TOTAL,,87,"$86,263.48 ","$68,940.70 "
35112,80'S,,6,"$1,459.97 ","$1,167.97 "
,OTHER,,18,"$25,467.52 ","$20,374.01 "
,TOTAL,,24,"$26,927.49 ","$21,541.98 "
35121,80'S,,65,"$14,673.15 ","$11,594.12 "
,OTHER,,213,"$278,780.55 ","$221,420.50 "
,TOTAL,,278,"$293,453.70 ","$233,014.62 "
35122,80'S,,10,"$2,955.64 ","$2,364.51 "
,OTHER,,37,"$63,390.28 ","$50,712.25 "
,TOTAL,,47,"$66,345.92 ","$53,076.76 "
35131,80'S,,296,"$53,373.22 ","$42,286.12 "
,OTHER,,911,"$1,003,225.68 ","$789,215.66 "
,TOTAL,,"1,207","$1,056,598.90 ","$831,501.78 "
35132,80'S,,55,"$13,479.09 ","$10,783.26 "
,OTHER,,160,"$233,745.58 ","$185,659.69 "
,TOTAL,,215,"$247,224.67 ","$196,442.95 "
35141,80'S,,775,"$115,886.48 ","$91,934.52 "
,OTHER,,"4,908","$4,528,811.05 ","$3,601,475.66 "
,TOTAL,,"5,683","$4,644,697.53 ","$3,693,410.18 "
35142,80'S,,91,"$18,085.12 ","$14,426.17 "
,OTHER,,600,"$699,861.82 ","$555,871.82 "
,TOTAL,,691,"$717,946.94 ","$570,297.99 "
35151,80'S,,250,"$45,764.55 ","$36,020.74 "
,OTHER,,"1,171","$1,273,593.32 ","$1,011,794.27 "
,TOTAL,,"1,421","$1,319,357.87 ","$1,047,815.01 "
35152,80'S,,8,"$1,749.16 ","$1,399.32 "
,OTHER,,48,"$62,557.86 ","$49,966.27 "
,TOTAL,,56,"$64,307.02 ","$51,365.59 "
35161,80'S,,36,"$4,720.64 ","$3,776.52 "
,OTHER,,395,"$339,823.60 ","$268,704.68 "
,TOTAL,,431,"$344,544.24 ","$272,481.20 "
35162,80'S,,6,"$1,040.87 ",$832.68 
,OTHER,,43,"$45,812.59 ","$36,650.10 "
,TOTAL,,49,"$46,853.46 ","$37,482.78 "
35180,OTHER,,5,"$4,134.31 ","$3,307.46 "
,TOTAL,,5,"$4,134.31 ","$3,307.46 "
35182,80'S,,2,$492.96 ,$394.36 
,OTHER,,14,"$12,710.70 ","$10,168.57 "
,TOTAL,,16,"$13,203.66 ","$10,562.93 "
35184,80'S,,19,"$2,741.69 ","$2,193.35 "
,OTHER,,116,"$101,788.54 ","$79,693.69 "
,TOTAL,,135,"$104,530.23 ","$81,887.04 "
35188,80'S,,3,$186.64 ,$110.55 
,OTHER,,15,"$10,707.08 ","$8,565.66 "
,TOTAL,,18,"$10,893.72 ","$8,676.21 "
35189,80'S,,16,"$2,388.78 ","$1,911.01 "
,OTHER,,46,"$47,265.91 ","$37,812.73 "
,TOTAL,,62,"$49,654.69 ","$39,723.74 "
35190,80'S,,104,"$10,369.81 ","$8,295.88 "
,OTHER,,"1,573","$969,175.58 ","$770,575.89 "
,TOTAL,,"1,677","$979,545.39 ","$778,871.77 "
35201,80'S,,147,"$17,336.85 ","$13,376.67 "
,OTHER,,891,"$622,774.28 ","$491,984.90 "
,TOTAL,,"1,038","$640,111.13 ","$505,361.57 "
35206,80'S,,83,"$9,217.08 ","$7,364.11 "
,OTHER,,"1,962","$1,362,709.46 ","$1,084,153.04 "
,TOTAL,,"2,045","$1,371,926.54 ","$1,091,517.15 "
35207,SG,,9,"$3,942.64 ","$3,154.11 "
,OTHER,,354,"$185,306.53 ","$147,549.27 "
,TOTAL,,363,"$189,249.17 ","$150,703.38 "
35211,80'S,,91,"$11,766.93 ","$9,244.50 "
,OTHER,,322,"$208,040.16 ","$164,813.63 "
,TOTAL,,413,"$219,807.09 ","$174,058.13 "
35216,80'S,,70,"$10,104.25 ","$8,083.41 "
,OTHER,,323,"$268,944.35 ","$212,426.72 "
,TOTAL,,393,"$279,048.60 ","$220,510.13 "
35221,80'S,,223,"$37,679.67 ","$29,914.67 "
,OTHER,,"1,179","$1,216,188.71 ","$966,719.70 "
,TOTAL,,"1,402","$1,253,868.38 ","$996,634.37 "
35226,80'S,,416,"$48,809.08 ","$38,731.42 "
,OTHER,,"3,752","$2,728,222.80 ","$2,170,730.05 "
,TOTAL,,"4,168","$2,777,031.88 ","$2,209,461.47 "
35231,80'S,,33,"$5,505.76 ","$4,382.16 "
,OTHER,,137,"$124,125.29 ","$98,081.33 "
,TOTAL,,170,"$129,631.05 ","$102,463.49 "
35236,80'S,,72,"$10,557.51 ","$8,445.99 "
,OTHER,,964,"$845,204.28 ","$670,025.73 "
,TOTAL,,"1,036","$855,761.79 ","$678,471.72 "
35241,80'S,,49,"$5,653.03 ","$4,417.32 "
,OTHER,,179,"$108,990.77 ","$87,021.55 "
,TOTAL,,228,"$114,643.80 ","$91,438.87 "
35246,80'S,,6,"$1,207.22 ",$965.78 
,OTHER,,38,"$43,948.85 ","$34,665.99 "
,TOTAL,,44,"$45,156.07 ","$35,631.77 "
35251,80'S,,19,"$4,278.41 ","$3,276.33 "
,OTHER,,154,"$190,941.88 ","$151,994.32 "
,TOTAL,,173,"$195,220.29 ","$155,270.65 "
35256,80'S,,165,"$23,969.07 ","$19,104.71 "
,OTHER,,"1,191","$1,001,358.95 ","$797,675.71 "
,TOTAL,,"1,356","$1,025,328.02 ","$816,780.42 "
35261,80'S,,70,"$6,969.60 ","$5,575.84 "
,OTHER,,214,"$133,549.61 ","$106,164.11 "
,TOTAL,,284,"$140,519.21 ","$111,739.95 "
35266,80'S,,32,"$3,917.31 ","$3,133.82 "
,OTHER,,399,"$302,584.69 ","$240,471.95 "
,TOTAL,,431,"$306,502.00 ","$243,605.77 "
35271,80'S,,31,"$3,957.51 ","$3,165.99 "
,OTHER,,107,"$82,449.04 ","$65,959.23 "
,TOTAL,,138,"$86,406.55 ","$69,125.22 "
35276,80'S,,6,"$1,316.25 ","$1,053.01 "
,OTHER,,37,"$48,338.96 ","$38,671.15 "
,TOTAL,,43,"$49,655.21 ","$39,724.16 "
35281,80'S,,63,"$11,651.42 ","$9,283.74 "
,OTHER,,216,"$234,562.69 ","$184,823.07 "
,TOTAL,,279,"$246,214.11 ","$194,106.81 "
35286,80'S,,168,"$19,367.76 ","$15,485.64 "
,OTHER,,"1,295","$943,635.25 ","$748,186.88 "
,TOTAL,,"1,463","$963,003.01 ","$763,672.52 "
35301,80'S,,"26,630","$4,396,545.46 ","$3,491,823.83 "
,OTHER,,"105,737","$97,842,087.89 ","$77,697,200.98 "
,TOTAL,,"132,367","$102,238,633.35 ","$81,189,024.81 "
35311,80'S,,25,"$5,788.89 ","$4,631.05 "
,OTHER,,56,"$67,933.77 ","$54,347.03 "
,TOTAL,,81,"$73,722.66 ","$58,978.08 "
35321,80'S,,29,"$3,844.25 ","$2,984.97 "
,OTHER,,592,"$477,328.92 ","$377,813.41 "
,TOTAL,,621,"$481,173.17 ","$380,798.38 "
35331,80'S,,116,"$18,854.88 ","$15,069.08 "
,OTHER,,427,"$383,207.27 ","$304,611.87 "
,TOTAL,,543,"$402,062.15 ","$319,680.95 "
35341,80'S,,210,"$28,247.53 ","$22,302.90 "
,OTHER,,677,"$576,324.35 ","$457,900.68 "
,TOTAL,,887,"$604,571.88 ","$480,203.58 "
35351,80'S,,257,"$43,752.70 ","$34,748.61 "
,OTHER,,"1,017","$1,037,054.95 ","$824,737.10 "
,TOTAL,,"1,274","$1,080,807.65 ","$859,485.71 "
35355,80'S,,349,"$43,017.87 ","$34,208.60 "
,OTHER,,"1,679","$1,292,522.84 ","$1,031,233.33 "
,TOTAL,,"2,028","$1,335,540.71 ","$1,065,441.93 "
35361,80'S,,41,"$8,796.41 ","$6,831.25 "
,OTHER,,117,"$130,900.29 ","$102,697.10 "
,TOTAL,,158,"$139,696.70 ","$109,528.35 "
35363,80'S,,16,"$3,348.26 ","$2,678.60 "
,OTHER,,89,"$122,429.23 ","$97,927.51 "
,TOTAL,,105,"$125,777.49 ","$100,606.11 "
35371,80'S,,"1,252","$111,903.98 ","$89,350.89 "
,OTHER,,"6,979","$3,819,597.83 ","$3,038,713.19 "
,TOTAL,,"8,231","$3,931,501.81 ","$3,128,064.08 "
35372,80'S,,873,"$90,552.92 ","$71,658.43 "
,OTHER,,"4,462","$2,852,222.81 ","$2,269,636.54 "
,TOTAL,,"5,335","$2,942,775.73 ","$2,341,294.97 "
35381,80'S,,507,"$54,722.25 ","$43,348.75 "
,OTHER,,"3,256","$1,989,409.05 ","$1,585,781.53 "
,TOTAL,,"3,763","$2,044,131.30 ","$1,629,130.28 "
35390,80'S,,515,"$13,636.34 ","$10,827.61 "
,OTHER,,"2,455","$372,875.87 ","$295,990.89 "
,TOTAL,,"2,970","$386,512.21 ","$306,818.50 "
35400,80'S,,5,$127.12 ,$101.70 
,OTHER,,841,"$134,260.33 ","$106,757.02 "
,TOTAL,,846,"$134,387.45 ","$106,858.72 "
35450,80'S,,28,"$1,856.23 ","$1,484.96 "
,OTHER,,282,"$118,306.15 ","$93,841.93 "
,TOTAL,,310,"$120,162.38 ","$95,326.89 "
35452,80'S,,10,$482.99 ,$386.40 
,OTHER,,148,"$35,492.45 ","$28,102.07 "
,TOTAL,,158,"$35,975.44 ","$28,488.47 "
35454,80'S,,300,"$9,829.46 ","$7,797.36 "
,OTHER,,"2,777","$535,454.95 ","$425,880.60 "
,TOTAL,,"3,077","$545,284.41 ","$433,677.96 "
35456,80'S,,251,"$10,826.84 ","$8,639.02 "
,OTHER,,"3,053","$785,107.49 ","$626,251.93 "
,TOTAL,,"3,304","$795,934.33 ","$634,890.95 "
35458,80'S,,39,"$2,556.64 ","$2,045.30 "
,OTHER,,"1,104","$484,639.37 ","$384,561.47 "
,TOTAL,,"1,143","$487,196.01 ","$386,606.77 "
35459,80'S,,48,"$2,406.55 ","$1,875.20 "
,OTHER,,763,"$259,828.40 ","$207,172.44 "
,TOTAL,,811,"$262,234.95 ","$209,047.64 "
35460,OTHER,,"4,775","$1,104,808.05 ","$878,463.60 "
,TOTAL,,"4,775","$1,104,808.05 ","$878,463.60 "
35470,OTHER,,"8,031","$3,366,540.54 ","$2,681,107.90 "
,TOTAL,,"8,031","$3,366,540.54 ","$2,681,107.90 "
35471,OTHER,,"20,568","$10,648,434.47 ","$8,468,814.97 "
,TOTAL,,"20,568","$10,648,434.47 ","$8,468,814.97 "
35472,80'S,,1,$60.49 ,$48.39 
,OTHER,,840,"$208,916.81 ","$166,337.43 "
,TOTAL,,841,"$208,977.30 ","$166,385.82 "
35473,80'S,,1,$25.65 ,$20.52 
,OTHER,,"23,106","$5,137,298.73 ","$4,082,778.16 "
,TOTAL,,"23,107","$5,137,324.38 ","$4,082,798.68 "
35474,80'S,,1,$58.94 ,$47.15 
,OTHER,,"35,009","$9,873,513.82 ","$7,850,778.64 "
,TOTAL,,"35,010","$9,873,572.76 ","$7,850,825.79 "
35475,OTHER,,"13,544","$6,359,392.95 ","$5,053,025.55 "
,TOTAL,,"13,544","$6,359,392.95 ","$5,053,025.55 "
35476,OTHER,,"126,835","$37,242,087.87 ","$29,554,463.32 "
,TOTAL,,"126,835","$37,242,087.87 ","$29,554,463.32 "
35480,80'S,,1,$46.55 ,$37.24 
,OTHER,,20,"$8,601.73 ","$6,881.41 "
,TOTAL,,21,"$8,648.28 ","$6,918.65 "
35481,80'S,,6,$198.75 ,$159.00 
,OTHER,,29,"$6,406.25 ","$5,124.94 "
,TOTAL,,35,"$6,605.00 ","$5,283.94 "
35482,80'S,,4,$116.84 ,$93.48 
,OTHER,,59,"$12,626.11 ","$10,100.84 "
,TOTAL,,63,"$12,742.95 ","$10,194.32 "
35483,80'S,,18,$886.69 ,$709.36 
,OTHER,,169,"$46,366.81 ","$36,982.87 "
,TOTAL,,187,"$47,253.50 ","$37,692.23 "
35484,80'S,,2,$150.43 ,$120.35 
,OTHER,,34,"$16,118.24 ","$12,894.56 "
,TOTAL,,36,"$16,268.67 ","$13,014.91 "
35485,80'S,,6,$455.09 ,$364.07 
,OTHER,,81,"$30,953.47 ","$24,762.63 "
,TOTAL,,87,"$31,408.56 ","$25,126.70 "
35490,OTHER,,149,"$81,960.33 ","$65,102.17 "
,TOTAL,,149,"$81,960.33 ","$65,102.17 "
35491,OTHER,,22,"$5,509.27 ","$4,407.40 "
,TOTAL,,22,"$5,509.27 ","$4,407.40 "
35492,80'S,,1,$59.18 ,$47.34 
,OTHER,,144,"$33,409.59 ","$26,475.16 "
,TOTAL,,145,"$33,468.77 ","$26,522.50 "
35493,OTHER,,"1,531","$501,747.42 ","$398,064.50 "
,TOTAL,,"1,531","$501,747.42 ","$398,064.50 "
35494,OTHER,,81,"$40,318.73 ","$32,254.99 "
,TOTAL,,81,"$40,318.73 ","$32,254.99 "
35495,OTHER,,777,"$372,613.99 ","$295,992.29 "
,TOTAL,,777,"$372,613.99 ","$295,992.29 "
35500,80'S,,278,"$14,788.54 ","$11,780.58 "
,OTHER,,"1,517","$484,166.33 ","$385,245.82 "
,TOTAL,,"1,795","$498,954.87 ","$397,026.40 "
35501,80'S,,20,"$2,958.42 ","$2,366.73 "
,OTHER,,168,"$151,517.59 ","$120,434.59 "
,TOTAL,,188,"$154,476.01 ","$122,801.32 "
35506,80'S,,46,"$7,922.85 ","$6,249.06 "
,OTHER,,131,"$129,650.68 ","$102,390.13 "
,TOTAL,,177,"$137,573.53 ","$108,639.19 "
35507,80'S,,12,"$2,048.06 ","$1,638.44 "
,OTHER,,68,"$64,345.48 ","$51,476.40 "
,TOTAL,,80,"$66,393.54 ","$53,114.84 "
35508,80'S,,5,$656.88 ,$525.49 
,OTHER,,53,"$30,142.18 ","$24,113.61 "
,TOTAL,,58,"$30,799.06 ","$24,639.10 "
35509,80'S,,23,"$3,077.99 ","$2,462.38 "
,OTHER,,117,"$88,519.97 ","$69,886.19 "
,TOTAL,,140,"$91,597.96 ","$72,348.57 "
35511,80'S,,5,$641.81 ,$432.86 
,OTHER,,25,"$26,715.63 ","$20,598.38 "
,TOTAL,,30,"$27,357.44 ","$21,031.24 "
35515,OTHER,,5,"$4,148.73 ","$3,318.98 "
,TOTAL,,5,"$4,148.73 ","$3,318.98 "
35516,80'S,,10,"$1,326.70 ","$1,061.36 "
,OTHER,,98,"$78,655.46 ","$62,924.38 "
,TOTAL,,108,"$79,982.16 ","$63,985.74 "
35518,80'S,,9,"$1,469.16 ","$1,175.32 "
,OTHER,,104,"$104,920.12 ","$83,128.72 "
,TOTAL,,113,"$106,389.28 ","$84,304.04 "
35521,80'S,,28,"$4,967.64 ","$3,974.12 "
,OTHER,,80,"$80,981.45 ","$64,785.15 "
,TOTAL,,108,"$85,949.09 ","$68,759.27 "
35526,80'S,,9,"$1,664.74 ","$1,331.79 "
,OTHER,,33,"$31,865.15 ","$25,492.12 "
,TOTAL,,42,"$33,529.89 ","$26,823.91 "
35531,80'S,,88,"$25,788.60 ","$20,243.67 "
,OTHER,,249,"$419,033.82 ","$332,747.32 "
,TOTAL,,337,"$444,822.42 ","$352,990.99 "
35533,80'S,,26,"$5,874.92 ","$4,699.93 "
,OTHER,,81,"$108,217.94 ","$86,574.32 "
,TOTAL,,107,"$114,092.86 ","$91,274.25 "
35536,80'S,,7,"$1,985.86 ","$1,588.69 "
,OTHER,,23,"$37,312.21 ","$29,849.76 "
,TOTAL,,30,"$39,298.07 ","$31,438.45 "
35541,80'S,,30,"$5,276.63 ","$4,221.30 "
,OTHER,,98,"$96,311.50 ","$76,404.91 "
,TOTAL,,128,"$101,588.13 ","$80,626.21 "
35546,80'S,,124,"$23,972.39 ","$19,177.94 "
,OTHER,,334,"$392,430.76 ","$312,070.23 "
,TOTAL,,458,"$416,403.15 ","$331,248.17 "
35548,80'S,,7,"$1,353.47 ","$1,082.78 "
,OTHER,,7,"$6,341.02 ","$5,072.82 "
,TOTAL,,14,"$7,694.49 ","$6,155.60 "
35549,80'S,,18,"$3,118.57 ","$2,494.83 "
,OTHER,,34,"$35,791.93 ","$28,627.69 "
,TOTAL,,52,"$38,910.50 ","$31,122.52 "
35551,80'S,,12,"$2,728.91 ","$2,183.14 "
,OTHER,,32,"$45,299.50 ","$35,296.66 "
,TOTAL,,44,"$48,028.41 ","$37,479.80 "
35556,80'S,,"1,911","$360,801.38 ","$286,055.09 "
,OTHER,,"7,949","$8,704,608.45 ","$6,914,903.98 "
,TOTAL,,"9,860","$9,065,409.83 ","$7,200,959.07 "
35558,80'S,,138,"$23,104.65 ","$18,262.99 "
,OTHER,,577,"$570,182.38 ","$453,189.76 "
,TOTAL,,715,"$593,287.03 ","$471,452.75 "
35560,80'S,,83,"$18,936.53 ","$15,062.18 "
,OTHER,,246,"$337,164.59 ","$267,893.80 "
,TOTAL,,329,"$356,101.12 ","$282,955.98 "
35563,80'S,,3,$558.65 ,$446.92 
,OTHER,,31,"$27,163.43 ","$21,204.42 "
,TOTAL,,34,"$27,722.08 ","$21,651.34 "
35565,80'S,,74,"$13,696.14 ","$10,956.91 "
,OTHER,,318,"$350,248.06 ","$276,521.25 "
,TOTAL,,392,"$363,944.20 ","$287,478.16 "
35566,80'S,,"1,855","$445,615.34 ","$354,454.16 "
,OTHER,,"7,931","$11,093,000.87 ","$8,820,963.31 "
,TOTAL,,"9,786","$11,538,616.21 ","$9,175,417.47 "
35571,80'S,,871,"$189,784.24 ","$151,055.25 "
,OTHER,,"4,629","$5,937,120.12 ","$4,723,873.58 "
,TOTAL,,"5,500","$6,126,904.36 ","$4,874,928.83 "
35572,80'S,,277,"$14,855.75 ","$11,874.91 "
,OTHER,,"2,531","$827,696.14 ","$657,296.91 "
,TOTAL,,"2,808","$842,551.89 ","$669,171.82 "
35582,80'S,,25,"$5,722.90 ","$4,498.33 "
,OTHER,,54,"$72,406.16 ","$57,733.57 "
,TOTAL,,79,"$78,129.06 ","$62,231.90 "
35583,80'S,,828,"$167,171.88 ","$132,564.54 "
,OTHER,,"3,754","$4,277,707.90 ","$3,396,606.09 "
,TOTAL,,"4,582","$4,444,879.78 ","$3,529,170.63 "
35585,80'S,,"1,342","$356,276.13 ","$283,747.86 "
,OTHER,,"5,265","$8,112,227.56 ","$6,448,856.88 "
,TOTAL,,"6,607","$8,468,503.69 ","$6,732,604.74 "
35587,80'S,,152,"$34,771.59 ","$27,469.42 "
,OTHER,,812,"$1,056,974.10 ","$840,556.81 "
,TOTAL,,964,"$1,091,745.69 ","$868,026.23 "
35600,80'S,,"2,451","$100,715.84 ","$79,773.62 "
,OTHER,,"11,560","$2,573,312.76 ","$2,033,997.39 "
,TOTAL,,"14,011","$2,674,028.60 ","$2,113,771.01 "
35601,80'S,,52,"$6,695.22 ","$5,354.91 "
,OTHER,,354,"$230,950.71 ","$183,641.51 "
,TOTAL,,406,"$237,645.93 ","$188,996.42 "
35606,80'S,,248,"$35,416.64 ","$28,175.49 "
,OTHER,,943,"$776,664.89 ","$617,035.92 "
,TOTAL,,"1,191","$812,081.53 ","$645,211.41 "
35612,80'S,,25,"$3,260.73 ","$2,608.61 "
,OTHER,,103,"$74,238.22 ","$58,952.42 "
,TOTAL,,128,"$77,498.95 ","$61,561.03 "
35616,80'S,,12,"$1,600.79 ","$1,210.27 "
,OTHER,,87,"$67,039.55 ","$53,628.02 "
,TOTAL,,99,"$68,640.34 ","$54,838.29 "
35621,80'S,,255,"$40,262.90 ","$31,936.59 "
,OTHER,,"1,000","$952,915.38 ","$754,650.96 "
,TOTAL,,"1,255","$993,178.28 ","$786,587.55 "
35623,80'S,,23,"$4,289.16 ","$3,280.04 "
,OTHER,,124,"$144,201.00 ","$114,377.08 "
,TOTAL,,147,"$148,490.16 ","$117,657.12 "
35626,80'S,,46,"$8,522.89 ","$6,693.54 "
,OTHER,,156,"$160,416.82 ","$126,241.11 "
,TOTAL,,202,"$168,939.71 ","$132,934.65 "
35631,80'S,,428,"$93,330.58 ","$74,217.92 "
,OTHER,,"1,253","$1,824,641.47 ","$1,448,567.42 "
,TOTAL,,"1,681","$1,917,972.05 ","$1,522,785.34 "
35636,80'S,,4,$991.59 ,$793.26 
,OTHER,,17,"$20,426.55 ","$16,341.23 "
,TOTAL,,21,"$21,418.14 ","$17,134.49 "
35641,80'S,,459,"$76,325.03 ","$60,275.38 "
,OTHER,,"1,293","$1,245,697.70 ","$988,360.77 "
,TOTAL,,"1,752","$1,322,022.73 ","$1,048,636.15 "
35642,OTHER,,8,"$4,016.09 ","$3,212.88 "
,TOTAL,,8,"$4,016.09 ","$3,212.88 "
35645,80'S,,2,$303.05 ,$242.44 
,OTHER,,5,"$3,370.44 ","$2,662.52 "
,TOTAL,,7,"$3,673.49 ","$2,904.96 "
35646,80'S,,"1,798","$473,708.86 ","$374,879.47 "
,OTHER,,"4,971","$7,426,819.66 ","$5,881,874.39 "
,TOTAL,,"6,769","$7,900,528.52 ","$6,256,753.86 "
35647,80'S,,129,"$27,115.81 ","$21,594.97 "
,OTHER,,398,"$508,890.85 ","$403,441.69 "
,TOTAL,,527,"$536,006.66 ","$425,036.66 "
35650,80'S,,30,"$4,887.78 ","$3,910.22 "
,OTHER,,171,"$163,994.63 ","$130,843.64 "
,TOTAL,,201,"$168,882.41 ","$134,753.86 "
35651,80'S,,30,"$6,296.68 ","$5,037.33 "
,OTHER,,99,"$98,197.72 ","$78,371.41 "
,TOTAL,,129,"$104,494.40 ","$83,408.74 "
35654,80'S,,390,"$78,535.45 ","$62,417.91 "
,OTHER,,"1,431","$1,701,829.16 ","$1,352,098.22 "
,TOTAL,,"1,821","$1,780,364.61 ","$1,414,516.13 "
35656,80'S,,"4,276","$701,380.74 ","$555,899.14 "
,OTHER,,"19,057","$18,063,723.72 ","$14,332,782.11 "
,TOTAL,,"23,333","$18,765,104.46 ","$14,888,681.25 "
35661,80'S,,"1,196","$171,781.55 ","$136,300.33 "
,OTHER,,"5,413","$4,494,682.94 ","$3,560,730.24 "
,TOTAL,,"6,609","$4,666,464.49 ","$3,697,030.57 "
35663,80'S,,35,"$4,712.27 ","$3,760.86 "
,OTHER,,125,"$100,398.39 ","$80,318.63 "
,TOTAL,,160,"$105,110.66 ","$84,079.49 "
35665,80'S,,548,"$88,876.48 ","$70,599.30 "
,OTHER,,"2,451","$2,305,597.85 ","$1,831,489.00 "
,TOTAL,,"2,999","$2,394,474.33 ","$1,902,088.30 "
35666,80'S,,706,"$145,771.33 ","$115,166.92 "
,OTHER,,"3,482","$4,228,880.32 ","$3,356,023.69 "
,TOTAL,,"4,188","$4,374,651.65 ","$3,471,190.61 "
35671,80'S,,90,"$15,799.97 ","$12,640.02 "
,OTHER,,438,"$446,904.29 ","$355,520.12 "
,TOTAL,,528,"$462,704.26 ","$368,160.14 "
35681,80'S,,286,"$3,834.06 ","$3,051.29 "
,OTHER,,"1,601","$130,252.17 ","$104,142.93 "
,TOTAL,,"1,887","$134,086.23 ","$107,194.22 "
35682,80'S,,65,"$3,907.68 ","$3,126.06 "
,OTHER,,"1,386","$524,793.22 ","$416,077.31 "
,TOTAL,,"1,451","$528,700.90 ","$419,203.37 "
35683,80'S,,12,$840.89 ,$672.71 
,OTHER,,144,"$63,446.63 ","$50,334.11 "
,TOTAL,,156,"$64,287.52 ","$51,006.82 "
35685,80'S,,122,"$4,001.31 ","$3,172.92 "
,OTHER,,789,"$160,935.92 ","$128,149.73 "
,TOTAL,,911,"$164,937.23 ","$131,322.65 "
35686,80'S,,19,$544.03 ,$435.26 
,OTHER,,231,"$42,244.58 ","$33,795.80 "
,TOTAL,,250,"$42,788.61 ","$34,231.06 "
35691,80'S,,12,"$1,627.08 ","$1,301.67 "
,OTHER,,51,"$45,099.26 ","$35,396.38 "
,TOTAL,,63,"$46,726.34 ","$36,698.05 "
35693,80'S,,3,$347.05 ,$277.63 
,OTHER,,16,"$11,363.21 ","$9,090.55 "
,TOTAL,,19,"$11,710.26 ","$9,368.18 "
35694,80'S,,13,"$1,914.12 ","$1,448.49 "
,OTHER,,61,"$57,944.38 ","$45,147.25 "
,TOTAL,,74,"$59,858.50 ","$46,595.74 "
35695,80'S,,14,"$2,112.44 ","$1,689.96 "
,OTHER,,41,"$34,921.74 ","$27,937.36 "
,TOTAL,,55,"$37,034.18 ","$29,627.32 "
35700,80'S,,648,"$16,644.04 ","$13,262.91 "
,OTHER,,"4,046","$612,005.35 ","$485,623.08 "
,TOTAL,,"4,694","$628,649.39 ","$498,885.99 "
35701,80'S,,64,"$4,530.46 ","$3,624.40 "
,OTHER,,578,"$208,567.68 ","$165,756.62 "
,TOTAL,,642,"$213,098.14 ","$169,381.02 "
35721,80'S,,123,"$7,092.31 ","$5,544.06 "
,OTHER,,"1,090","$401,189.73 ","$318,104.66 "
,TOTAL,,"1,213","$408,282.04 ","$323,648.72 "
35741,80'S,,62,"$4,213.98 ","$3,371.18 "
,OTHER,,534,"$197,288.99 ","$156,141.38 "
,TOTAL,,596,"$201,502.97 ","$159,512.56 "
35761,80'S,,237,"$9,546.48 ","$7,637.05 "
,OTHER,,"2,987","$792,101.82 ","$626,323.87 "
,TOTAL,,"3,224","$801,648.30 ","$633,960.92 "
35800,80'S,,135,"$7,320.05 ","$5,850.69 "
,OTHER,,"1,987","$650,139.73 ","$516,346.07 "
,TOTAL,,"2,122","$657,459.78 ","$522,196.76 "
35820,80'S,,802,"$75,515.06 ","$59,940.85 "
,OTHER,,"9,338","$4,607,241.11 ","$3,658,129.35 "
,TOTAL,,"10,140","$4,682,756.17 ","$3,718,070.20 "
35840,80'S,,133,"$10,081.72 ","$7,987.11 "
,OTHER,,"1,255","$579,748.43 ","$461,384.10 "
,TOTAL,,"1,388","$589,830.15 ","$469,371.21 "
35860,80'S,,225,"$10,318.90 ","$8,252.72 "
,OTHER,,"4,221","$1,162,909.39 ","$924,075.13 "
,TOTAL,,"4,446","$1,173,228.29 ","$932,327.85 "
35870,80'S,,15,"$1,897.29 ","$1,517.83 "
,OTHER,,116,"$120,834.96 ","$96,668.02 "
,TOTAL,,131,"$122,732.25 ","$98,185.85 "
35875,SG,,1,"$1,320.31 ","$1,056.25 "
,80'S,,5,$294.43 ,$235.54 
,OTHER,,"4,370","$2,267,130.08 ","$1,801,867.59 "
,TOTAL,,"4,376","$2,268,744.82 ","$1,803,159.38 "
35876,SG,,1,"$1,323.78 ","$1,059.02 "
,80'S,,287,"$40,598.99 ","$32,214.73 "
,OTHER,,"2,712","$2,294,918.74 ","$1,820,506.20 "
,TOTAL,,"3,000","$2,336,841.51 ","$1,853,779.95 "
35879,80'S,,202,"$25,567.74 ","$20,213.87 "
,OTHER,,"1,655","$1,229,249.47 ","$977,045.02 "
,TOTAL,,"1,857","$1,254,817.21 ","$997,258.89 "
35881,80'S,,131,"$19,227.00 ","$15,139.92 "
,OTHER,,901,"$777,074.37 ","$614,153.01 "
,TOTAL,,"1,032","$796,301.37 ","$629,292.93 "
35901,80'S,,16,$894.46 ,$715.56 
,OTHER,,171,"$64,975.69 ","$51,900.59 "
,TOTAL,,187,"$65,870.15 ","$52,616.15 "
35903,80'S,,591,"$50,198.89 ","$40,068.45 "
,OTHER,,"10,992","$6,122,019.89 ","$4,861,533.45 "
,TOTAL,,"11,583","$6,172,218.78 ","$4,901,601.90 "
35905,80'S,,13,"$3,473.75 ","$2,778.98 "
,OTHER,,86,"$129,483.99 ","$103,587.15 "
,TOTAL,,99,"$132,957.74 ","$106,366.13 "
35907,80'S,,126,"$35,579.32 ","$28,437.27 "
,OTHER,,514,"$838,267.99 ","$664,214.29 "
,TOTAL,,640,"$873,847.31 ","$692,651.56 "
36000,OTHER,,"196,774","$5,332,546.86 ","$4,193,916.62 "
,TOTAL,,"196,774","$5,332,546.86 ","$4,193,916.62 "
36002,OTHER,,"3,616","$397,222.09 ","$315,341.79 "
,TOTAL,,"3,616","$397,222.09 ","$315,341.79 "
36005,80'S,,5,$27.97 ,$22.38 
,OTHER,,"69,167","$4,211,301.72 ","$3,332,345.12 "
,TOTAL,,"69,172","$4,211,329.69 ","$3,332,367.50 "
36010,OTHER,,"71,282","$6,181,273.58 ","$4,913,452.09 "
,TOTAL,,"71,282","$6,181,273.58 ","$4,913,452.09 "
36011,OTHER,,"19,874","$2,187,470.80 ","$1,733,727.76 "
,TOTAL,,"19,874","$2,187,470.80 ","$1,733,727.76 "
36012,OTHER,,"4,679","$541,169.12 ","$428,272.66 "
,TOTAL,,"4,679","$541,169.12 ","$428,272.66 "
36013,OTHER,,"2,162","$182,034.56 ","$144,264.77 "
,TOTAL,,"2,162","$182,034.56 ","$144,264.77 "
36014,OTHER,,"4,955","$605,170.15 ","$481,389.08 "
,TOTAL,,"4,955","$605,170.15 ","$481,389.08 "
36015,OTHER,,"1,609","$229,285.16 ","$182,262.84 "
,TOTAL,,"1,609","$229,285.16 ","$182,262.84 "
36100,80'S,,1,$28.71 ,$22.97 
,OTHER,,"1,995","$235,305.30 ","$187,494.21 "
,TOTAL,,"1,996","$235,334.01 ","$187,517.18 "
36120,OTHER,,"4,668","$339,546.18 ","$267,861.22 "
,TOTAL,,"4,668","$339,546.18 ","$267,861.22 "
36140,OTHER,,"44,902","$2,811,243.20 ","$2,231,341.36 "
,TOTAL,,"44,902","$2,811,243.20 ","$2,231,341.36 "
36145,OTHER,,"180,215","$11,252,769.87 ","$8,903,012.66 "
,TOTAL,,"180,215","$11,252,769.87 ","$8,903,012.66 "
36160,OTHER,,685,"$75,945.23 ","$59,877.33 "
,TOTAL,,685,"$75,945.23 ","$59,877.33 "
36200,80'S,,1,$11.98 ,$9.58 
,OTHER,,"108,810","$14,146,949.23 ","$11,184,777.74 "
,TOTAL,,"108,811","$14,146,961.21 ","$11,184,787.32 "
36215,OTHER,,"97,727","$13,360,245.84 ","$10,613,859.73 "
,TOTAL,,"97,727","$13,360,245.84 ","$10,613,859.73 "
36216,OTHER,,"102,247","$22,123,687.83 ","$17,559,731.67 "
,TOTAL,,"102,247","$22,123,687.83 ","$17,559,731.67 "
36217,OTHER,,"29,476","$8,339,747.73 ","$6,605,483.98 "
,TOTAL,,"29,476","$8,339,747.73 ","$6,605,483.98 "
36218,OTHER,,"26,859","$1,363,897.43 ","$1,083,337.22 "
,TOTAL,,"26,859","$1,363,897.43 ","$1,083,337.22 "
36245,OTHER,,"153,362","$27,864,021.10 ","$22,137,647.80 "
,TOTAL,,"153,362","$27,864,021.10 ","$22,137,647.80 "
36246,OTHER,,"60,192","$13,152,098.16 ","$10,447,616.12 "
,TOTAL,,"60,192","$13,152,098.16 ","$10,447,616.12 "
36247,OTHER,,"48,315","$10,868,131.58 ","$8,636,213.67 "
,TOTAL,,"48,315","$10,868,131.58 ","$8,636,213.67 "
36248,OTHER,,"10,760","$561,369.96 ","$447,042.32 "
,TOTAL,,"10,760","$561,369.96 ","$447,042.32 "
36260,SG,,2,$982.64 ,$786.12 
,OTHER,,395,"$168,229.06 ","$134,190.14 "
,TOTAL,,397,"$169,211.70 ","$134,976.26 "
36261,SG,,1,$462.04 ,$369.63 
,80'S,,1,$59.62 ,$47.70 
,OTHER,,14,"$4,244.66 ","$3,395.73 "
,TOTAL,,16,"$4,766.32 ","$3,813.06 "
36262,SG,,22,"$6,929.81 ","$5,463.87 "
,OTHER,,267,"$59,462.89 ","$46,693.05 "
,TOTAL,,289,"$66,392.70 ","$52,156.92 "
36299,OTHER,,"3,352","$303,150.27 ","$241,952.81 "
,TOTAL,,"3,352","$303,150.27 ","$241,952.81 "
36400,OTHER,,64,"$1,428.83 ","$1,116.75 "
,TOTAL,,64,"$1,428.83 ","$1,116.75 "
36405,OTHER,,12,$169.19 ,$123.37 
,TOTAL,,12,$169.19 ,$123.37 
36406,OTHER,,"2,898","$47,317.92 ","$37,446.15 "
,TOTAL,,"2,898","$47,317.92 ","$37,446.15 "
36410,OTHER,,"182,818","$3,434,753.84 ","$2,560,880.96 "
,TOTAL,,"182,818","$3,434,753.84 ","$2,560,880.96 "
36416,OTHER,,472,$472.00 ,$188.80 
,TOTAL,,472,$472.00 ,$188.80 
36420,OTHER,,22,$462.68 ,$329.04 
,TOTAL,,22,$462.68 ,$329.04 
36425,OTHER,,"11,025","$394,140.02 ","$307,244.74 "
,TOTAL,,"11,025","$394,140.02 ","$307,244.74 "
36430,OTHER,,"21,006","$780,564.81 ","$609,947.59 "
,TOTAL,,"21,006","$780,564.81 ","$609,947.59 "
36440,OTHER,,4,$120.79 ,$96.63 
,TOTAL,,4,$120.79 ,$96.63 
36450,OTHER,,90,"$3,435.52 ","$2,734.02 "
,TOTAL,,90,"$3,435.52 ","$2,734.02 "
36455,OTHER,,119,"$14,776.05 ","$11,465.24 "
,TOTAL,,119,"$14,776.05 ","$11,465.24 "
36460,OTHER,,12,"$3,206.56 ","$2,565.25 "
,TOTAL,,12,"$3,206.56 ","$2,565.25 "
36468,OTHER,,5,$494.50 ,$395.60 
,TOTAL,,5,$494.50 ,$395.60 
36470,OTHER,,"2,090","$221,170.39 ","$169,217.78 "
,TOTAL,,"2,090","$221,170.39 ","$169,217.78 "
36471,OTHER,,"45,072","$6,902,808.78 ","$5,406,288.25 "
,TOTAL,,"45,072","$6,902,808.78 ","$5,406,288.25 "
36481,OTHER,,"1,481","$451,082.01 ","$357,960.50 "
,TOTAL,,"1,481","$451,082.01 ","$357,960.50 "
36488,SG,,1,$328.84 ,$263.07 
,OTHER,,"1,074","$85,813.68 ","$68,400.97 "
,TOTAL,,"1,075","$86,142.52 ","$68,664.04 "
36489,SG,,380,"$120,400.02 ","$94,865.52 "
,80'S,,2,$44.57 ,$35.65 
,OTHER,,"936,434","$120,680,091.43 ","$95,787,219.85 "
,TOTAL,,"936,816","$120,800,536.02 ","$95,882,121.02 "
36490,OTHER,,36,"$3,306.89 ","$2,637.84 "
,TOTAL,,36,"$3,306.89 ","$2,637.84 "
36491,SG,,88,"$28,193.68 ","$22,266.80 "
,OTHER,,"10,384","$854,680.49 ","$677,553.00 "
,TOTAL,,"10,472","$882,874.17 ","$699,819.80 "
36493,OTHER,,"14,756","$1,100,777.16 ","$872,036.41 "
,TOTAL,,"14,756","$1,100,777.16 ","$872,036.41 "
36500,OTHER,,"1,396","$169,425.59 ","$133,838.82 "
,TOTAL,,"1,396","$169,425.59 ","$133,838.82 "
36510,OTHER,,88,"$1,289.33 ","$1,003.76 "
,TOTAL,,88,"$1,289.33 ","$1,003.76 "
36511,OTHER,,654,"$57,675.22 ","$45,900.22 "
,TOTAL,,654,"$57,675.22 ","$45,900.22 "
36512,OTHER,,454,"$41,593.67 ","$33,123.06 "
,TOTAL,,454,"$41,593.67 ","$33,123.06 "
36513,OTHER,,202,"$15,412.61 ","$12,231.09 "
,TOTAL,,202,"$15,412.61 ","$12,231.09 "
36514,OTHER,,"13,131","$1,174,163.72 ","$932,525.68 "
,TOTAL,,"13,131","$1,174,163.72 ","$932,525.68 "
36515,OTHER,,214,"$17,119.09 ","$13,519.96 "
,TOTAL,,214,"$17,119.09 ","$13,519.96 "
36516,OTHER,,331,"$29,292.76 ","$23,297.81 "
,TOTAL,,331,"$29,292.76 ","$23,297.81 "
36520,OTHER,,"1,985","$202,567.93 ","$157,447.89 "
,TOTAL,,"1,985","$202,567.93 ","$157,447.89 "
36521,OTHER,,3,$325.23 ,$260.19 
,TOTAL,,3,$325.23 ,$260.19 
36522,OTHER,,"4,320","$768,603.83 ","$606,000.35 "
,TOTAL,,"4,320","$768,603.83 ","$606,000.35 "
36530,SG,,8,"$2,580.13 ","$2,064.11 "
,80'S,,1,$24.28 ,$19.43 
,OTHER,,556,"$191,228.68 ","$151,579.10 "
,TOTAL,,565,"$193,833.09 ","$153,662.64 "
36531,SG,,2,$869.66 ,$695.72 
,OTHER,,63,"$18,108.17 ","$14,406.50 "
,TOTAL,,65,"$18,977.83 ","$15,102.22 "
36532,SG,,37,"$12,017.72 ","$9,588.76 "
,OTHER,,900,"$153,607.19 ","$121,410.55 "
,TOTAL,,937,"$165,624.91 ","$130,999.31 "
36533,SG,,"5,712","$2,825,351.85 ","$2,241,207.23 "
,80'S,,112,"$5,044.34 ","$4,030.69 "
,OTHER,,"252,190","$81,061,857.39 ","$64,284,031.61 "
,TOTAL,,"258,014","$83,892,253.58 ","$66,529,269.53 "
36534,SG,,111,"$46,709.75 ","$37,042.40 "
,80'S,,3,$68.03 ,$54.43 
,OTHER,,"21,173","$3,192,793.52 ","$2,521,957.88 "
,TOTAL,,"21,287","$3,239,571.30 ","$2,559,054.71 "
36535,SG,,"3,156","$939,362.48 ","$741,847.55 "
,80'S,,20,$350.38 ,$280.30 
,OTHER,,"127,023","$18,612,178.14 ","$14,571,940.48 "
,TOTAL,,"130,199","$19,551,891.00 ","$15,314,068.33 "
36536,OTHER,,901,"$172,457.49 ","$136,234.35 "
,TOTAL,,901,"$172,457.49 ","$136,234.35 "
36537,OTHER,,"1,497","$111,137.23 ","$88,547.26 "
,TOTAL,,"1,497","$111,137.23 ","$88,547.26 "
36550,OTHER,,"14,720","$362,844.32 ","$284,375.80 "
,TOTAL,,"14,720","$362,844.32 ","$284,375.80 "
36600,OTHER,,"87,418","$2,050,891.22 ","$1,598,301.36 "
,TOTAL,,"87,418","$2,050,891.22 ","$1,598,301.36 "
36620,OTHER,,"640,390","$32,459,024.02 ","$25,799,507.29 "
,TOTAL,,"640,390","$32,459,024.02 ","$25,799,507.29 "
36625,OTHER,,"3,221","$336,283.96 ","$267,500.05 "
,TOTAL,,"3,221","$336,283.96 ","$267,500.05 "
36640,SG,,2,$672.51 ,$538.01 
,OTHER,,253,"$18,512.20 ","$14,169.25 "
,TOTAL,,255,"$19,184.71 ","$14,707.26 "
36660,OTHER,,7,$532.59 ,$426.08 
,TOTAL,,7,$532.59 ,$426.08 
36680,OTHER,,332,"$19,122.20 ","$15,219.37 "
,TOTAL,,332,"$19,122.20 ","$15,219.37 "
36800,SG,,18,"$8,818.77 ","$7,003.98 "
,OTHER,,"37,664","$5,695,553.46 ","$4,519,508.56 "
,TOTAL,,"37,682","$5,704,372.23 ","$4,526,512.54 "
36810,SG,,1,$503.62 ,$402.90 
,OTHER,,874,"$193,959.82 ","$154,150.54 "
,TOTAL,,875,"$194,463.44 ","$154,553.44 "
36815,SG,,10,"$5,095.90 ","$4,076.72 "
,OTHER,,544,"$68,960.96 ","$54,422.17 "
,TOTAL,,554,"$74,056.86 ","$58,498.89 "
36819,SG,,40,"$19,707.34 ","$15,364.62 "
,80'S,,322,"$40,212.78 ","$31,889.46 "
,OTHER,,"7,336","$5,553,304.94 ","$4,395,471.15 "
,TOTAL,,"7,698","$5,613,225.06 ","$4,442,725.23 "
36820,SG,,12,"$6,078.19 ","$4,782.57 "
,80'S,,58,"$7,069.04 ","$5,655.19 "
,OTHER,,"1,799","$1,377,238.28 ","$1,089,310.81 "
,TOTAL,,"1,869","$1,390,385.51 ","$1,099,748.57 "
36821,SG,,489,"$243,521.29 ","$191,633.73 "
,80'S,,"1,100","$89,077.80 ","$70,369.46 "
,OTHER,,"28,702","$14,464,880.69 ","$11,426,502.06 "
,TOTAL,,"30,291","$14,797,479.78 ","$11,688,505.25 "
36822,OTHER,,345,"$117,428.83 ","$93,656.53 "
,TOTAL,,345,"$117,428.83 ","$93,656.53 "
36823,OTHER,,124,"$149,279.65 ","$117,993.76 "
,TOTAL,,124,"$149,279.65 ","$117,993.76 "
36825,SG,,89,"$55,597.45 ","$44,267.96 "
,80'S,,347,"$32,495.36 ","$25,887.03 "
,OTHER,,"6,846","$3,863,504.66 ","$3,063,177.54 "
,TOTAL,,"7,282","$3,951,597.47 ","$3,133,332.53 "
36830,SG,,278,"$170,475.67 ","$134,986.60 "
,80'S,,"2,458","$268,641.27 ","$213,212.00 "
,OTHER,,"48,133","$31,643,216.39 ","$25,069,047.25 "
,TOTAL,,"50,869","$32,082,333.33 ","$25,417,245.85 "
36831,SG,,31,"$40,030.83 ","$32,024.72 "
,80'S,,484,"$32,912.24 ","$26,172.50 "
,OTHER,,"22,451","$9,290,715.15 ","$7,356,724.53 "
,TOTAL,,"22,966","$9,363,658.22 ","$7,414,921.75 "
36832,SG,,155,"$96,493.65 ","$75,859.10 "
,80'S,,550,"$50,843.19 ","$40,297.31 "
,OTHER,,"14,998","$8,499,818.85 ","$6,725,944.13 "
,TOTAL,,"15,703","$8,647,155.69 ","$6,842,100.54 "
36833,SG,,74,"$46,130.50 ","$35,094.49 "
,80'S,,951,"$101,500.41 ","$80,630.94 "
,OTHER,,"19,978","$12,703,534.47 ","$10,059,486.12 "
,TOTAL,,"21,003","$12,851,165.38 ","$10,175,211.55 "
36834,80'S,,58,"$4,244.13 ","$3,334.28 "
,OTHER,,"1,388","$639,622.92 ","$505,708.48 "
,TOTAL,,"1,446","$643,867.05 ","$509,042.76 "
36835,OTHER,,138,"$51,540.86 ","$41,232.80 "
,TOTAL,,138,"$51,540.86 ","$41,232.80 "
36860,OTHER,,"1,283","$178,419.23 ","$140,391.57 "
,TOTAL,,"1,283","$178,419.23 ","$140,391.57 "
36861,OTHER,,735,"$84,777.30 ","$67,064.31 "
,TOTAL,,735,"$84,777.30 ","$67,064.31 "
36870,SG,,384,"$522,514.75 ","$416,223.53 "
,OTHER,,"48,138","$19,418,129.69 ","$15,450,184.27 "
,TOTAL,,"48,522","$19,940,644.44 ","$15,866,407.80 "
37140,80'S,,1,$98.63 ,$78.90 
,OTHER,,140,"$157,574.35 ","$124,955.38 "
,TOTAL,,141,"$157,672.98 ","$125,034.28 "
37145,OTHER,,2,"$2,116.89 ","$1,693.51 "
,TOTAL,,2,"$2,116.89 ","$1,693.51 "
37160,80'S,,5,$660.41 ,$528.32 
,OTHER,,18,"$11,425.28 ","$9,072.22 "
,TOTAL,,23,"$12,085.69 ","$9,600.54 "
37180,OTHER,,5,"$6,958.33 ","$5,566.66 "
,TOTAL,,5,"$6,958.33 ","$5,566.66 "
37181,80'S,,3,$671.63 ,$537.31 
,OTHER,,15,"$21,113.10 ","$14,964.11 "
,TOTAL,,18,"$21,784.73 ","$15,501.42 "
37182,80'S,,3,$437.41 ,$349.92 
,OTHER,,"1,030","$881,349.60 ","$701,522.05 "
,TOTAL,,"1,033","$881,787.01 ","$701,871.97 "
37183,OTHER,,633,"$254,662.47 ","$200,933.53 "
,TOTAL,,633,"$254,662.47 ","$200,933.53 "
37195,OTHER,,13,"$3,690.78 ","$2,952.63 "
,TOTAL,,13,"$3,690.78 ","$2,952.63 "
37200,OTHER,,"2,498","$537,398.47 ","$423,072.86 "
,TOTAL,,"2,498","$537,398.47 ","$423,072.86 "
37201,OTHER,,"15,153","$3,107,280.69 ","$2,469,027.08 "
,TOTAL,,"15,153","$3,107,280.69 ","$2,469,027.08 "
37202,OTHER,,"11,765","$2,522,615.58 ","$2,005,270.57 "
,TOTAL,,"11,765","$2,522,615.58 ","$2,005,270.57 "
37203,OTHER,,"2,534","$619,548.13 ","$491,218.69 "
,TOTAL,,"2,534","$619,548.13 ","$491,218.69 "
37204,OTHER,,"19,818","$17,688,051.97 ","$14,044,573.90 "
,TOTAL,,"19,818","$17,688,051.97 ","$14,044,573.90 "
37205,80'S,,91,"$6,768.86 ","$5,415.16 "
,OTHER,,"78,700","$30,011,286.43 ","$23,853,772.23 "
,TOTAL,,"78,791","$30,018,055.29 ","$23,859,187.39 "
37206,80'S,,36,"$1,250.11 ","$1,000.08 "
,OTHER,,"20,742","$4,319,522.98 ","$3,437,796.73 "
,TOTAL,,"20,778","$4,320,773.09 ","$3,438,796.81 "
37207,80'S,,324,"$15,626.75 ","$12,451.38 "
,OTHER,,"3,934","$1,216,969.56 ","$967,731.88 "
,TOTAL,,"4,258","$1,232,596.31 ","$980,183.26 "
37208,80'S,,77,"$2,690.50 ","$2,152.40 "
,OTHER,,979,"$205,448.36 ","$163,535.59 "
,TOTAL,,"1,056","$208,138.86 ","$165,687.99 "
37209,OTHER,,"2,572","$214,811.59 ","$170,457.59 "
,TOTAL,,"2,572","$214,811.59 ","$170,457.59 "
37250,80'S,,7,$125.97 ,$100.77 
,OTHER,,"2,895","$313,256.41 ","$248,873.03 "
,TOTAL,,"2,902","$313,382.38 ","$248,973.80 "
37251,80'S,,11,$147.93 ,$118.36 
,OTHER,,"1,879","$153,743.32 ","$121,725.70 "
,TOTAL,,"1,890","$153,891.25 ","$121,844.06 "
37500,OTHER,,460,"$319,265.94 ","$252,457.42 "
,TOTAL,,460,"$319,265.94 ","$252,457.42 "
37501,OTHER,,56,"$21,562.90 ","$16,644.81 "
,TOTAL,,56,"$21,562.90 ","$16,644.81 "
37565,80'S,,2,$98.19 ,$78.55 
,OTHER,,108,"$52,365.73 ","$41,811.09 "
,TOTAL,,110,"$52,463.92 ","$41,889.64 "
37600,80'S,,21,"$1,172.32 ",$937.84 
,OTHER,,195,"$65,110.10 ","$51,620.44 "
,TOTAL,,216,"$66,282.42 ","$52,558.28 "
37605,80'S,,17,"$1,467.38 ","$1,173.92 "
,OTHER,,133,"$65,031.47 ","$51,976.73 "
,TOTAL,,150,"$66,498.85 ","$53,150.65 "
37606,80'S,,3,$98.08 ,$78.46 
,OTHER,,21,"$6,373.79 ","$5,077.91 "
,TOTAL,,24,"$6,471.87 ","$5,156.37 "
37607,SG,,46,"$21,972.49 ","$17,577.98 "
,80'S,,2,$99.29 ,$79.43 
,OTHER,,"8,141","$2,540,023.17 ","$2,008,019.71 "
,TOTAL,,"8,189","$2,562,094.95 ","$2,025,677.12 "
37609,SG,,"2,455","$1,089,068.43 ","$867,356.52 "
,80'S,,1,$39.21 ,$31.37 
,OTHER,,"24,358","$5,733,479.21 ","$4,546,138.10 "
,TOTAL,,"26,814","$6,822,586.85 ","$5,413,525.99 "
37615,80'S,,10,$324.81 ,$259.87 
,OTHER,,78,"$19,337.47 ","$15,319.23 "
,TOTAL,,88,"$19,662.28 ","$15,579.10 "
37616,80'S,,18,"$1,596.80 ","$1,277.44 "
,OTHER,,104,"$71,336.85 ","$55,854.43 "
,TOTAL,,122,"$72,933.65 ","$57,131.87 "
37617,80'S,,122,"$18,120.06 ","$14,388.84 "
,OTHER,,593,"$557,634.71 ","$442,313.50 "
,TOTAL,,715,"$575,754.77 ","$456,702.34 "
37618,80'S,,93,"$3,358.18 ","$2,686.50 "
,OTHER,,"1,062","$241,716.77 ","$192,096.97 "
,TOTAL,,"1,155","$245,074.95 ","$194,783.47 "
37620,80'S,,2,$161.09 ,$128.87 
,OTHER,,"49,274","$29,978,379.79 ","$23,891,528.02 "
,TOTAL,,"49,276","$29,978,540.88 ","$23,891,656.89 "
37650,OTHER,,113,"$40,644.77 ","$32,515.85 "
,TOTAL,,113,"$40,644.77 ","$32,515.85 "
37660,80'S,,5,$681.04 ,$544.83 
,OTHER,,44,"$38,252.59 ","$30,602.08 "
,TOTAL,,49,"$38,933.63 ","$31,146.91 "
37700,SG,,126,"$50,211.56 ","$39,147.19 "
,80'S,,2,$96.50 ,$77.20 
,OTHER,,"1,754","$350,946.84 ","$277,181.74 "
,TOTAL,,"1,882","$401,254.90 ","$316,406.13 "
37720,SG,,413,"$201,502.91 ","$157,965.65 "
,80'S,,2,$128.75 ,$103.00 
,OTHER,,"3,547","$1,180,592.28 ","$929,915.96 "
,TOTAL,,"3,962","$1,382,223.94 ","$1,087,984.61 "
37730,SG,,89,"$42,085.25 ","$33,582.24 "
,80'S,,2,$183.09 ,$146.47 
,OTHER,,"1,165","$516,598.23 ","$405,668.29 "
,TOTAL,,"1,256","$558,866.57 ","$439,397.00 "
37735,SG,,22,"$11,158.45 ","$8,610.95 "
,80'S,,28,"$2,884.82 ","$2,307.84 "
,OTHER,,441,"$270,156.20 ","$211,253.19 "
,TOTAL,,491,"$284,199.47 ","$222,171.98 "
37760,SG,,198,"$95,568.38 ","$75,013.15 "
,80'S,,56,"$5,180.17 ","$4,144.12 "
,OTHER,,"1,815","$977,171.13 ","$772,179.89 "
,TOTAL,,"2,069","$1,077,919.68 ","$851,337.16 "
37780,SG,,22,"$10,929.32 ","$8,436.92 "
,OTHER,,260,"$51,872.13 ","$41,055.08 "
,TOTAL,,282,"$62,801.45 ","$49,492.00 "
37785,SG,,540,"$250,838.95 ","$197,535.71 "
,OTHER,,"7,387","$1,708,451.27 ","$1,342,524.40 "
,TOTAL,,"7,927","$1,959,290.22 ","$1,540,060.11 "
37788,OTHER,,5,"$5,634.71 ","$4,507.78 "
,TOTAL,,5,"$5,634.71 ","$4,507.78 "
37790,OTHER,,4,"$1,539.71 ","$1,231.77 "
,TOTAL,,4,"$1,539.71 ","$1,231.77 "
37799,80'S,,81,"$14,185.73 ","$11,348.57 "
,OTHER,,"4,410","$1,813,299.25 ","$1,444,918.11 "
,TOTAL,,"4,491","$1,827,484.98 ","$1,456,266.68 "
38100,80'S,LYMPHATIC,"1,260","$137,215.34 ","$109,236.18 "
,OTHER,,"4,500","$2,943,883.20 ","$2,333,345.90 "
,TOTAL,,"5,760","$3,081,098.54 ","$2,442,582.08 "
38101,80'S,,18,"$1,695.35 ","$1,279.45 "
,OTHER,,55,"$31,736.91 ","$24,866.80 "
,TOTAL,,73,"$33,432.26 ","$26,146.25 "
38102,80'S,,177,"$7,142.79 ","$5,705.14 "
,OTHER,,666,"$164,560.84 ","$130,984.83 "
,TOTAL,,843,"$171,703.63 ","$136,689.97 "
38115,80'S,,77,"$7,277.49 ","$5,821.97 "
,OTHER,,243,"$148,271.07 ","$118,543.93 "
,TOTAL,,320,"$155,548.56 ","$124,365.90 "
38120,80'S,,334,"$49,412.79 ","$38,513.67 "
,OTHER,,953,"$845,218.48 ","$667,610.98 "
,TOTAL,,"1,287","$894,631.27 ","$706,124.65 "
38129,80'S,,3,$331.90 ,$265.52 
,OTHER,,15,"$8,237.37 ","$6,589.89 "
,TOTAL,,18,"$8,569.27 ","$6,855.41 "
38200,OTHER,,47,"$4,674.98 ","$3,589.19 "
,TOTAL,,47,"$4,674.98 ","$3,589.19 "
38205,OTHER,,113,"$8,556.27 ","$6,809.00 "
,TOTAL,,113,"$8,556.27 ","$6,809.00 "
38206,OTHER,,"1,427","$111,876.35 ","$88,829.48 "
,TOTAL,,"1,427","$111,876.35 ","$88,829.48 "
38220,80'S,,101,$607.24 ,$475.13 
,OTHER,,"74,906","$5,896,879.92 ","$4,649,014.54 "
,TOTAL,,"75,007","$5,897,487.16 ","$4,649,489.67 "
38221,80'S,,2,$16.91 ,$13.53 
,OTHER,,"139,392","$20,442,989.77 ","$16,132,313.84 "
,TOTAL,,"139,394","$20,443,006.68 ","$16,132,327.37 "
38230,80'S,,14,$474.13 ,$379.34 
,OTHER,,587,"$120,736.93 ","$96,030.89 "
,TOTAL,,601,"$121,211.06 ","$96,410.23 "
38231,OTHER,,203,"$15,265.64 ","$12,129.01 "
,TOTAL,,203,"$15,265.64 ","$12,129.01 "
38240,OTHER,,184,"$21,434.20 ","$16,739.73 "
,TOTAL,,184,"$21,434.20 ","$16,739.73 "
38241,OTHER,,589,"$65,303.99 ","$51,889.34 "
,TOTAL,,589,"$65,303.99 ","$51,889.34 "
38242,OTHER,,20,"$1,417.20 ","$1,133.79 "
,TOTAL,,20,"$1,417.20 ","$1,133.79 "
38300,SG,,1,$329.97 ,$263.98 
,OTHER,,343,"$68,130.64 ","$52,928.44 "
,TOTAL,,344,"$68,460.61 ","$53,192.42 "
38305,SG,,4,"$1,333.23 ","$1,066.59 "
,OTHER,,"2,098","$1,153,936.18 ","$922,507.12 "
,TOTAL,,"2,102","$1,155,269.41 ","$923,573.71 "
38308,SG,,8,"$2,725.86 ","$2,180.68 "
,80'S,,108,"$5,763.07 ","$4,556.93 "
,OTHER,,"1,427","$480,397.88 ","$382,367.07 "
,TOTAL,,"1,543","$488,886.81 ","$389,104.68 "
38380,80'S,,6,$418.20 ,$330.47 
,OTHER,,39,"$17,599.97 ","$14,079.97 "
,TOTAL,,45,"$18,018.17 ","$14,410.44 "
38381,80'S,,16,"$1,892.76 ","$1,514.21 "
,OTHER,,112,"$64,171.77 ","$51,319.70 "
,TOTAL,,128,"$66,064.53 ","$52,833.91 "
38382,80'S,,1,$106.95 ,$85.56 
,OTHER,,11,"$5,442.17 ","$4,353.75 "
,TOTAL,,12,"$5,549.12 ","$4,439.31 "
38500,SG,,831,"$332,770.18 ","$263,337.75 "
,80'S,,1,$17.90 ,$14.32 
,OTHER,,"12,309","$2,411,981.23 ","$1,906,450.46 "
,TOTAL,,"13,141","$2,744,769.31 ","$2,169,802.53 "
38505,SG,,76,"$22,613.33 ","$17,928.01 "
,80'S,,3,$23.97 ,$19.18 
,OTHER,,"7,136","$818,390.41 ","$643,008.14 "
,TOTAL,,"7,215","$841,027.71 ","$660,955.33 "
38510,SG,,879,"$369,655.37 ","$291,443.64 "
,OTHER,,"9,801","$3,977,585.98 ","$3,144,926.75 "
,TOTAL,,"10,680","$4,347,241.35 ","$3,436,370.39 "
38520,SG,,59,"$24,974.35 ","$19,979.51 "
,OTHER,,"1,107","$485,639.12 ","$383,555.35 "
,TOTAL,,"1,166","$510,613.47 ","$403,534.86 "
38525,SG,,"1,564","$503,789.91 ","$398,031.37 "
,80'S,,3,$119.85 ,$95.88 
,OTHER,,"25,555","$7,293,638.19 ","$5,787,144.67 "
,TOTAL,,"27,122","$7,797,547.95 ","$6,185,271.92 "
38530,SG,,4,"$1,602.33 ","$1,281.87 "
,80'S,,34,"$1,870.77 ","$1,496.58 "
,OTHER,,357,"$123,596.86 ","$98,710.07 "
,TOTAL,,395,"$127,069.96 ","$101,488.52 "
38542,SG,,49,"$18,840.24 ","$14,446.01 "
,80'S,,141,"$7,498.13 ","$5,998.62 "
,OTHER,,"1,243","$444,658.34 ","$351,617.68 "
,TOTAL,,"1,433","$470,996.71 ","$372,062.31 "
38550,SG,,16,"$7,385.81 ","$5,843.44 "
,80'S,,1,$60.33 ,$48.26 
,OTHER,,93,"$38,618.71 ","$30,557.44 "
,TOTAL,,110,"$46,064.85 ","$36,449.14 "
38555,SG,,4,"$2,608.84 ","$2,087.08 "
,80'S,,9,"$1,327.06 ",$979.01 
,OTHER,,66,"$55,566.17 ","$43,897.94 "
,TOTAL,,79,"$59,502.07 ","$46,964.03 "
38562,80'S,,308,"$25,151.96 ","$19,960.90 "
,OTHER,,"1,359","$651,260.53 ","$518,009.45 "
,TOTAL,,"1,667","$676,412.49 ","$537,970.35 "
38564,80'S,,91,"$6,295.14 ","$5,036.14 "
,OTHER,,402,"$177,312.71 ","$140,831.63 "
,TOTAL,,493,"$183,607.85 ","$145,867.77 "
38570,SG,,2,"$2,739.30 ","$2,191.44 "
,80'S,,66,"$4,277.82 ","$3,422.28 "
,OTHER,,353,"$149,311.50 ","$118,636.41 "
,TOTAL,,421,"$156,328.62 ","$124,250.13 "
38571,80'S,,269,"$24,634.14 ","$19,478.29 "
,OTHER,,606,"$345,165.66 ","$273,461.29 "
,TOTAL,,875,"$369,799.80 ","$292,939.58 "
38572,80'S,,54,"$7,402.22 ","$5,921.77 "
,OTHER,,185,"$161,676.05 ","$129,214.94 "
,TOTAL,,239,"$169,078.27 ","$135,136.71 "
38589,80'S,,2,$128.46 ,$102.77 
,OTHER,,29,"$9,433.83 ","$7,547.06 "
,TOTAL,,31,"$9,562.29 ","$7,649.83 "
38700,SG,,5,"$2,000.26 ","$1,576.93 "
,80'S,,160,"$17,805.33 ","$14,164.31 "
,OTHER,,915,"$602,071.92 ","$477,838.81 "
,TOTAL,,"1,080","$621,877.51 ","$493,580.05 "
38720,80'S,,212,"$34,409.10 ","$27,488.09 "
,OTHER,,983,"$971,902.27 ","$769,616.53 "
,TOTAL,,"1,195","$1,006,311.37 ","$797,104.62 "
38724,80'S,,780,"$137,893.85 ","$110,066.46 "
,OTHER,,"4,161","$4,353,434.51 ","$3,457,686.32 "
,TOTAL,,"4,941","$4,491,328.36 ","$3,567,752.78 "
38740,SG,,140,"$46,768.99 ","$37,235.53 "
,80'S,,125,"$11,376.65 ","$9,015.55 "
,OTHER,,"2,313","$1,258,538.90 ","$997,702.56 "
,TOTAL,,"2,578","$1,316,684.54 ","$1,043,953.64 "
38745,SG,,186,"$116,481.39 ","$90,214.85 "
,80'S,,390,"$49,539.91 ","$39,260.80 "
,OTHER,,"4,406","$3,270,806.66 ","$2,588,680.30 "
,TOTAL,,"4,982","$3,436,827.96 ","$2,718,155.95 "
38746,80'S,,"1,444","$59,593.20 ","$47,366.26 "
,OTHER,,"10,110","$2,371,105.52 ","$1,881,680.51 "
,TOTAL,,"11,554","$2,430,698.72 ","$1,929,046.77 "
38747,80'S,,362,"$15,642.84 ","$12,455.07 "
,OTHER,,"1,309","$332,014.48 ","$263,012.50 "
,TOTAL,,"1,671","$347,657.32 ","$275,467.57 "
38760,SG,,86,"$35,212.87 ","$28,059.45 "
,80'S,,145,"$16,145.72 ","$12,849.74 "
,OTHER,,"1,988","$1,379,009.24 ","$1,090,863.01 "
,TOTAL,,"2,219","$1,430,367.83 ","$1,131,772.20 "
38765,80'S,,46,"$9,086.38 ","$7,269.11 "
,OTHER,,249,"$265,786.11 ","$211,023.45 "
,TOTAL,,295,"$274,872.49 ","$218,292.56 "
38770,80'S,,551,"$59,096.19 ","$46,896.10 "
,OTHER,,"1,688","$1,155,030.33 ","$917,467.23 "
,TOTAL,,"2,239","$1,214,126.52 ","$964,363.33 "
38780,80'S,,272,"$38,333.34 ","$30,507.51 "
,OTHER,,600,"$509,918.04 ","$406,238.22 "
,TOTAL,,872,"$548,251.38 ","$436,745.73 "
38790,SG,,98,"$16,734.74 ","$13,308.24 "
,OTHER,,"1,421","$86,896.46 ","$69,084.65 "
,TOTAL,,"1,519","$103,631.20 ","$82,392.89 "
38792,80'S,,1,$2.21 ,$1.77 
,OTHER,,"28,481","$495,397.73 ","$393,323.14 "
,TOTAL,,"28,482","$495,399.94 ","$393,324.91 "
38794,OTHER,,6,$945.72 ,$756.56 
,TOTAL,,6,$945.72 ,$756.56 
38999,80'S,,3,$112.66 ,$90.13 
,OTHER,,254,"$93,324.18 ","$74,395.14 "
,TOTAL,,257,"$93,436.84 ","$74,485.27 "
39000,80'S,MEDIASTINUM,66,"$4,039.79 ","$3,231.79 "
,OTHER,,"1,002","$416,671.93 ","$330,631.48 "
,TOTAL,,"1,068","$420,711.72 ","$333,863.27 "
39010,80'S,,305,"$28,594.16 ","$22,706.81 "
,OTHER,,"2,388","$1,414,348.98 ","$1,116,600.89 "
,TOTAL,,"2,693","$1,442,943.14 ","$1,139,307.70 "
39200,80'S,,19,"$2,025.66 ","$1,540.53 "
,OTHER,,126,"$70,808.31 ","$56,517.84 "
,TOTAL,,145,"$72,833.97 ","$58,058.37 "
39220,80'S,,119,"$15,691.87 ","$12,544.57 "
,OTHER,,561,"$454,634.30 ","$362,699.27 "
,TOTAL,,680,"$470,326.17 ","$375,243.84 "
39400,80'S,,1,$52.32 ,$41.86 
,OTHER,,"13,654","$4,830,321.12 ","$3,831,232.72 "
,TOTAL,,"13,655","$4,830,373.44 ","$3,831,274.58 "
39499,80'S,,2,$192.44 ,$153.96 
,OTHER,,21,"$10,499.84 ","$8,399.87 "
,TOTAL,,23,"$10,692.28 ","$8,553.83 "
39501,80'S,,33,"$2,730.31 ","$2,184.23 "
,OTHER,,286,"$145,345.67 ","$115,251.95 "
,TOTAL,,319,"$148,075.98 ","$117,436.18 "
39502,80'S,,822,"$112,576.51 ","$89,524.43 "
,OTHER,,"2,428","$2,014,488.60 ","$1,600,917.10 "
,TOTAL,,"3,250","$2,127,065.11 ","$1,690,441.53 "
39503,80'S,,2,"$1,557.61 ","$1,246.09 "
,OTHER,,9,"$19,358.18 ","$15,486.54 "
,TOTAL,,11,"$20,915.79 ","$16,732.63 "
39520,80'S,,85,"$11,194.45 ","$8,899.90 "
,OTHER,,334,"$257,211.41 ","$204,736.33 "
,TOTAL,,419,"$268,405.86 ","$213,636.23 "
39530,80'S,,24,"$2,521.07 ","$2,016.87 "
,OTHER,,90,"$54,450.89 ","$43,376.64 "
,TOTAL,,114,"$56,971.96 ","$45,393.51 "
39531,80'S,,6,$809.52 ,$647.62 
,OTHER,,14,"$12,399.76 ","$9,919.81 "
,TOTAL,,20,"$13,209.28 ","$10,567.43 "
39540,80'S,,20,"$1,872.63 ","$1,498.10 "
,OTHER,,102,"$64,216.18 ","$51,372.95 "
,TOTAL,,122,"$66,088.81 ","$52,871.05 "
39541,80'S,,68,"$6,752.59 ","$5,398.01 "
,OTHER,,220,"$133,952.76 ","$106,935.00 "
,TOTAL,,288,"$140,705.35 ","$112,333.01 "
39545,80'S,,10,$994.13 ,$795.30 
,OTHER,,69,"$47,963.44 ","$38,326.33 "
,TOTAL,,79,"$48,957.57 ","$39,121.63 "
39560,80'S,,81,"$5,643.50 ","$4,514.78 "
,OTHER,,306,"$126,335.67 ","$100,476.04 "
,TOTAL,,387,"$131,979.17 ","$104,990.82 "
39561,80'S,,31,"$4,145.83 ","$3,316.68 "
,OTHER,,123,"$83,630.16 ","$66,904.17 "
,TOTAL,,154,"$87,775.99 ","$70,220.85 "
39599,80'S,,63,"$10,424.96 ","$8,240.14 "
,OTHER,,283,"$230,632.68 ","$183,882.11 "
,TOTAL,,346,"$241,057.64 ","$192,122.25 "
40490,OTHER,DIGESTIVE,"24,416","$2,435,658.08 ","$1,852,564.87 "
,TOTAL,,"24,416","$2,435,658.08 ","$1,852,564.87 "
40500,SG,,90,"$37,825.24 ","$29,716.99 "
,OTHER,,807,"$272,198.75 ","$213,964.03 "
,TOTAL,,897,"$310,023.99 ","$243,681.02 "
40510,SG,,175,"$71,368.36 ","$56,862.00 "
,OTHER,,"1,419","$537,340.58 ","$424,402.44 "
,TOTAL,,"1,594","$608,708.94 ","$481,264.44 "
40520,SG,,217,"$90,628.07 ","$72,065.79 "
,OTHER,,"2,033","$831,697.16 ","$657,568.60 "
,TOTAL,,"2,250","$922,325.23 ","$729,634.39 "
40525,SG,,88,"$34,447.17 ","$27,529.71 "
,OTHER,,376,"$205,547.85 ","$163,587.98 "
,TOTAL,,464,"$239,995.02 ","$191,117.69 "
40527,SG,,12,"$4,783.44 ","$3,826.77 "
,80'S,,1,$111.41 ,$89.13 
,OTHER,,102,"$62,566.01 ","$49,972.84 "
,TOTAL,,115,"$67,460.86 ","$53,888.74 "
40530,SG,,44,"$13,416.63 ","$10,653.30 "
,OTHER,,258,"$89,418.99 ","$71,083.42 "
,TOTAL,,302,"$102,835.62 ","$81,736.72 "
40650,SG,,20,"$9,800.28 ","$7,840.20 "
,OTHER,,266,"$77,491.63 ","$61,467.69 "
,TOTAL,,286,"$87,291.91 ","$69,307.89 "
40652,SG,,22,"$10,173.45 ","$8,138.75 "
,OTHER,,207,"$78,149.62 ","$60,754.83 "
,TOTAL,,229,"$88,323.07 ","$68,893.58 "
40654,SG,,77,"$38,278.50 ","$30,093.62 "
,OTHER,,652,"$291,778.61 ","$230,386.59 "
,TOTAL,,729,"$330,057.11 ","$260,480.21 "
40700,OTHER,,6,"$2,899.37 ","$2,319.50 "
,TOTAL,,6,"$2,899.37 ","$2,319.50 "
40702,OTHER,,4,$40.00 ,$32.00 
,TOTAL,,4,$40.00 ,$32.00 
40720,OTHER,,8,"$8,144.04 ","$6,515.24 "
,TOTAL,,8,"$8,144.04 ","$6,515.24 "
40761,SG,,3,"$1,454.75 ","$1,163.79 "
,OTHER,,16,"$15,683.07 ","$12,466.45 "
,TOTAL,,19,"$17,137.82 ","$13,630.24 "
40799,OTHER,,28,"$6,999.06 ","$5,463.62 "
,TOTAL,,28,"$6,999.06 ","$5,463.62 "
40800,OTHER,,"1,104","$110,063.89 ","$81,834.55 "
,TOTAL,,"1,104","$110,063.89 ","$81,834.55 "
40801,SG,,17,"$7,309.66 ","$5,847.74 "
,OTHER,,497,"$80,095.82 ","$62,170.10 "
,TOTAL,,514,"$87,405.48 ","$68,017.84 "
40804,OTHER,,124,"$13,925.17 ","$10,629.83 "
,TOTAL,,124,"$13,925.17 ","$10,629.83 "
40805,SG,,4,"$1,758.24 ","$1,326.60 "
,OTHER,,79,"$12,124.00 ","$9,402.25 "
,TOTAL,,83,"$13,882.24 ","$10,728.85 "
40806,OTHER,,29,"$1,057.46 ",$786.54 
,TOTAL,,29,"$1,057.46 ",$786.54 
40808,OTHER,,"8,390","$808,385.94 ","$614,508.77 "
,TOTAL,,"8,390","$808,385.94 ","$614,508.77 "
40810,OTHER,,"2,268","$259,053.71 ","$199,131.66 "
,TOTAL,,"2,268","$259,053.71 ","$199,131.66 "
40812,OTHER,,"7,609","$1,266,476.87 ","$973,270.66 "
,TOTAL,,"7,609","$1,266,476.87 ","$973,270.66 "
40814,SG,,120,"$50,450.04 ","$40,240.94 "
,OTHER,,"1,875","$457,669.23 ","$358,730.10 "
,TOTAL,,"1,995","$508,119.27 ","$398,971.04 "
40816,SG,,27,"$11,115.86 ","$8,892.70 "
,OTHER,,979,"$228,843.31 ","$180,002.24 "
,TOTAL,,"1,006","$239,959.17 ","$188,894.94 "
40818,SG,,59,"$11,127.55 ","$8,902.00 "
,OTHER,,265,"$41,535.03 ","$32,238.18 "
,TOTAL,,324,"$52,662.58 ","$41,140.18 "
40819,SG,,15,"$4,367.30 ","$3,470.63 "
,OTHER,,199,"$39,878.68 ","$30,463.59 "
,TOTAL,,214,"$44,245.98 ","$33,934.22 "
40820,SG,,17,"$4,574.14 ","$3,538.23 "
,OTHER,,"1,062","$128,693.86 ","$98,983.98 "
,TOTAL,,"1,079","$133,268.00 ","$102,522.21 "
40830,OTHER,,300,"$40,182.73 ","$31,198.54 "
,TOTAL,,300,"$40,182.73 ","$31,198.54 "
40831,SG,,6,"$1,466.20 ","$1,092.96 "
,80'S,,1,$15.34 ,$12.27 
,OTHER,,200,"$28,965.02 ","$22,926.80 "
,TOTAL,,207,"$30,446.56 ","$24,032.03 "
40840,SG,,2,$649.58 ,$519.66 
,80'S,,2,$87.25 ,$69.80 
,OTHER,,45,"$20,295.18 ","$16,076.15 "
,TOTAL,,49,"$21,032.01 ","$16,665.61 "
40842,SG,,3,"$1,504.25 ","$1,203.39 "
,OTHER,,12,"$4,956.58 ","$3,965.27 "
,TOTAL,,15,"$6,460.83 ","$5,168.66 "
40843,OTHER,,4,"$2,813.14 ","$2,250.51 "
,TOTAL,,4,"$2,813.14 ","$2,250.51 "
40844,OTHER,,15,"$10,948.16 ","$8,758.53 "
,TOTAL,,15,"$10,948.16 ","$8,758.53 "
40845,SG,,2,"$1,360.86 ","$1,088.69 "
,80'S,,1,$166.58 ,$133.26 
,OTHER,,49,"$43,536.31 ","$34,749.07 "
,TOTAL,,52,"$45,063.75 ","$35,971.02 "
40899,OTHER,,88,"$19,771.56 ","$15,774.15 "
,TOTAL,,88,"$19,771.56 ","$15,774.15 "
41000,OTHER,,213,"$20,620.40 ","$15,782.73 "
,TOTAL,,213,"$20,620.40 ","$15,782.73 "
41005,OTHER,,49,"$5,464.49 ","$4,014.98 "
,TOTAL,,49,"$5,464.49 ","$4,014.98 "
41006,OTHER,,64,"$12,725.06 ","$10,071.80 "
,TOTAL,,64,"$12,725.06 ","$10,071.80 "
41007,OTHER,,62,"$12,366.20 ","$9,478.90 "
,TOTAL,,62,"$12,366.20 ","$9,478.90 "
41008,SG,,1,$312.40 ,$249.92 
,OTHER,,148,"$31,664.57 ","$24,827.52 "
,TOTAL,,149,"$31,976.97 ","$25,077.44 "
41009,SG,,2,$496.27 ,$397.01 
,OTHER,,170,"$39,005.07 ","$30,697.57 "
,TOTAL,,172,"$39,501.34 ","$31,094.58 "
41010,OTHER,,47,"$4,099.47 ","$3,151.15 "
,TOTAL,,47,"$4,099.47 ","$3,151.15 "
41015,OTHER,,67,"$12,113.69 ","$9,544.71 "
,TOTAL,,67,"$12,113.69 ","$9,544.71 "
41016,SG,,1,$160.59 ,$128.47 
,OTHER,,127,"$29,745.44 ","$23,401.32 "
,TOTAL,,128,"$29,906.03 ","$23,529.79 "
41017,SG,,1,$328.16 ,$262.53 
,80'S,,2,$154.82 ,$123.86 
,OTHER,,215,"$49,422.06 ","$39,305.94 "
,TOTAL,,218,"$49,905.04 ","$39,692.33 "
41018,80'S,,6,$546.06 ,$436.86 
,OTHER,,72,"$20,213.36 ","$16,090.71 "
,TOTAL,,78,"$20,759.42 ","$16,527.57 "
41100,OTHER,,"6,584","$900,415.19 ","$695,502.69 "
,TOTAL,,"6,584","$900,415.19 ","$695,502.69 "
41105,SG,,43,"$16,612.63 ","$13,290.12 "
,OTHER,,"1,910","$204,300.91 ","$158,030.93 "
,TOTAL,,"1,953","$220,913.54 ","$171,321.05 "
41108,OTHER,,"2,328","$229,890.00 ","$177,388.33 "
,TOTAL,,"2,328","$229,890.00 ","$177,388.33 "
41110,SG,,41,"$11,484.90 ","$9,067.00 "
,OTHER,,"1,590","$205,452.64 ","$159,044.97 "
,TOTAL,,"1,631","$216,937.54 ","$168,111.97 "
41112,SG,,234,"$98,228.27 ","$77,817.54 "
,OTHER,,"4,518","$943,331.20 ","$735,306.30 "
,TOTAL,,"4,752","$1,041,559.47 ","$813,123.84 "
41113,SG,,65,"$27,142.13 ","$21,425.99 "
,OTHER,,"1,099","$246,471.99 ","$192,244.29 "
,TOTAL,,"1,164","$273,614.12 ","$213,670.28 "
41114,SG,,18,"$7,176.07 ","$5,699.28 "
,80'S,,1,$93.20 ,$74.56 
,OTHER,,196,"$92,425.33 ","$72,606.16 "
,TOTAL,,215,"$99,694.60 ","$78,380.00 "
41115,SG,,3,$659.97 ,$527.97 
,80'S,,1,$11.69 ,$9.35 
,OTHER,,74,"$10,212.25 ","$7,733.10 "
,TOTAL,,78,"$10,883.91 ","$8,270.42 "
41116,SG,,84,"$24,844.06 ","$19,640.67 "
,OTHER,,"1,521","$279,304.24 ","$218,770.02 "
,TOTAL,,"1,605","$304,148.30 ","$238,410.69 "
41120,SG,,97,"$66,844.84 ","$53,130.06 "
,80'S,,77,"$6,695.59 ","$5,356.45 "
,OTHER,,"1,631","$1,039,369.82 ","$822,839.54 "
,TOTAL,,"1,805","$1,112,910.25 ","$881,326.05 "
41130,80'S,,32,"$2,924.98 ","$2,297.63 "
,OTHER,,294,"$181,665.89 ","$143,865.57 "
,TOTAL,,326,"$184,590.87 ","$146,163.20 "
41135,80'S,,44,"$10,179.91 ","$8,143.91 "
,OTHER,,359,"$503,760.99 ","$398,273.68 "
,TOTAL,,403,"$513,940.90 ","$406,417.59 "
41140,80'S,,3,$831.70 ,$665.37 
,OTHER,,21,"$28,776.45 ","$23,021.13 "
,TOTAL,,24,"$29,608.15 ","$23,686.50 "
41145,80'S,,6,"$1,652.99 ","$1,322.40 "
,OTHER,,49,"$87,804.38 ","$70,220.95 "
,TOTAL,,55,"$89,457.37 ","$71,543.35 "
41150,80'S,,36,"$8,265.22 ","$6,612.17 "
,OTHER,,220,"$312,723.64 ","$247,960.84 "
,TOTAL,,256,"$320,988.86 ","$254,573.01 "
41153,80'S,,27,"$6,613.09 ","$5,247.63 "
,OTHER,,162,"$242,115.58 ","$192,397.20 "
,TOTAL,,189,"$248,728.67 ","$197,644.83 "
41155,80'S,,65,"$17,721.14 ","$13,891.52 "
,OTHER,,491,"$839,692.77 ","$663,839.59 "
,TOTAL,,556,"$857,413.91 ","$677,731.11 "
41250,SG,,1,$459.09 ,$367.27 
,80'S,,1,$10.92 ,$8.74 
,OTHER,,468,"$60,899.42 ","$47,443.55 "
,TOTAL,,470,"$61,369.43 ","$47,819.56 "
41251,OTHER,,26,"$3,765.58 ","$2,952.48 "
,TOTAL,,26,"$3,765.58 ","$2,952.48 "
41252,80'S,,1,$16.89 ,$13.51 
,OTHER,,159,"$27,293.83 ","$21,372.43 "
,TOTAL,,160,"$27,310.72 ","$21,385.94 "
41500,OTHER,,14,"$2,506.56 ","$2,001.29 "
,TOTAL,,14,"$2,506.56 ","$2,001.29 "
41510,OTHER,,1,$286.80 ,$229.44 
,TOTAL,,1,$286.80 ,$229.44 
41520,SG,,1,$440.93 ,$352.74 
,OTHER,,52,"$9,376.88 ","$7,261.45 "
,TOTAL,,53,"$9,817.81 ","$7,614.19 "
41599,OTHER,,133,"$33,025.65 ","$26,420.45 "
,TOTAL,,133,"$33,025.65 ","$26,420.45 "
41800,SG,,8,"$2,506.35 ","$1,986.09 "
,OTHER,,417,"$41,555.91 ","$30,799.60 "
,TOTAL,,425,"$44,062.26 ","$32,785.69 "
41805,SG,,4,"$1,294.43 ","$1,035.54 "
,OTHER,,130,"$12,264.93 ","$9,298.38 "
,TOTAL,,134,"$13,559.36 ","$10,333.92 "
41806,SG,,1,$331.52 ,$192.14 
,80'S,,2,$31.82 ,$25.46 
,OTHER,,126,"$21,452.74 ","$16,569.04 "
,TOTAL,,129,"$21,816.08 ","$16,786.64 "
41820,OTHER,,4,$558.61 ,$446.89 
,TOTAL,,4,$558.61 ,$446.89 
41822,OTHER,,39,"$6,408.32 ","$4,902.95 "
,TOTAL,,39,"$6,408.32 ","$4,902.95 "
41823,OTHER,,65,"$13,562.40 ","$10,665.42 "
,TOTAL,,65,"$13,562.40 ","$10,665.42 "
41825,OTHER,,931,"$114,175.08 ","$86,718.16 "
,TOTAL,,931,"$114,175.08 ","$86,718.16 "
41826,OTHER,,987,"$165,353.38 ","$127,735.54 "
,TOTAL,,987,"$165,353.38 ","$127,735.54 "
41827,SG,,16,"$6,345.49 ","$5,076.42 "
,OTHER,,385,"$87,005.42 ","$68,334.91 "
,TOTAL,,401,"$93,350.91 ","$73,411.33 "
41828,OTHER,,101,"$18,706.59 ","$14,494.83 "
,TOTAL,,101,"$18,706.59 ","$14,494.83 "
41830,OTHER,,169,"$34,265.94 ","$26,709.44 "
,TOTAL,,169,"$34,265.94 ","$26,709.44 "
41850,OTHER,,14,"$2,127.35 ","$1,691.93 "
,TOTAL,,14,"$2,127.35 ","$1,691.93 "
41870,OTHER,,1,$500.00 ,$400.00 
,TOTAL,,1,$500.00 ,$400.00 
41872,OTHER,,7,$960.26 ,$768.22 
,TOTAL,,7,$960.26 ,$768.22 
41874,OTHER,,737,"$106,248.69 ","$84,294.38 "
,TOTAL,,737,"$106,248.69 ","$84,294.38 "
41899,OTHER,,"2,478","$144,546.42 ","$115,412.36 "
,TOTAL,,"2,478","$144,546.42 ","$115,412.36 "
42000,SG,,1,$209.40 ,$167.52 
,OTHER,,70,"$7,758.62 ","$5,603.40 "
,TOTAL,,71,"$7,968.02 ","$5,770.92 "
42100,OTHER,,"3,299","$430,896.64 ","$331,191.50 "
,TOTAL,,"3,299","$430,896.64 ","$331,191.50 "
42104,SG,,50,"$18,358.71 ","$14,428.88 "
,OTHER,,"1,671","$239,933.10 ","$185,302.06 "
,TOTAL,,"1,721","$258,291.81 ","$199,730.94 "
42106,SG,,25,"$8,979.36 ","$6,748.01 "
,OTHER,,"1,262","$210,180.98 ","$162,401.80 "
,TOTAL,,"1,287","$219,160.34 ","$169,149.81 "
42107,SG,,16,"$6,984.73 ","$5,587.79 "
,OTHER,,222,"$67,007.78 ","$52,653.80 "
,TOTAL,,238,"$73,992.51 ","$58,241.59 "
42120,SG,,33,"$20,065.57 ","$15,981.69 "
,80'S,,40,"$2,095.43 ","$1,617.45 "
,OTHER,,640,"$229,259.65 ","$181,963.22 "
,TOTAL,,713,"$251,420.65 ","$199,562.36 "
42140,SG,,80,"$23,111.51 ","$18,278.93 "
,OTHER,,569,"$79,480.32 ","$61,661.83 "
,TOTAL,,649,"$102,591.83 ","$79,940.76 "
42145,SG,,237,"$153,241.48 ","$119,563.27 "
,OTHER,,"2,599","$1,357,949.66 ","$1,058,063.37 "
,TOTAL,,"2,836","$1,511,191.14 ","$1,177,626.64 "
42160,SG,,12,"$3,668.19 ","$2,854.55 "
,OTHER,,218,"$35,077.48 ","$27,029.50 "
,TOTAL,,230,"$38,745.67 ","$29,884.05 "
42180,OTHER,,12,"$2,030.05 ","$1,624.04 "
,TOTAL,,12,"$2,030.05 ","$1,624.04 "
42182,SG,,1,$445.85 ,$356.68 
,80'S,,1,$21.16 ,$16.93 
,OTHER,,23,"$4,179.00 ","$3,134.25 "
,TOTAL,,25,"$4,646.01 ","$3,507.86 "
42200,SG,,4,"$2,883.03 ","$2,306.43 "
,OTHER,,24,"$18,590.16 ","$14,550.47 "
,TOTAL,,28,"$21,473.19 ","$16,856.90 "
42205,OTHER,,6,"$4,489.90 ","$3,591.92 "
,TOTAL,,6,"$4,489.90 ","$3,591.92 "
42210,80'S,,1,$147.68 ,$118.14 
,OTHER,,4,"$3,559.64 ","$2,847.71 "
,TOTAL,,5,"$3,707.32 ","$2,965.85 "
42215,80'S,,2,$114.79 ,$91.83 
,OTHER,,5,"$2,592.43 ","$2,073.94 "
,TOTAL,,7,"$2,707.22 ","$2,165.77 "
42220,SG,,1,$591.37 ,$473.10 
,OTHER,,3,"$1,127.97 ",$902.38 
,TOTAL,,4,"$1,719.34 ","$1,375.48 "
42225,SG,,3,"$1,421.04 ","$1,136.83 "
,OTHER,,10,"$5,560.33 ","$4,426.77 "
,TOTAL,,13,"$6,981.37 ","$5,563.60 "
42226,OTHER,,12,"$7,174.88 ","$5,739.90 "
,TOTAL,,12,"$7,174.88 ","$5,739.90 "
42227,OTHER,,3,"$1,294.29 ","$1,035.43 "
,TOTAL,,3,"$1,294.29 ","$1,035.43 "
42235,SG,,2,"$1,399.54 ",$785.42 
,OTHER,,19,"$8,296.16 ","$6,286.76 "
,TOTAL,,21,"$9,695.70 ","$7,072.18 "
42260,SG,,2,"$1,317.59 ","$1,054.07 "
,80'S,,1,$104.36 ,$83.49 
,OTHER,,15,"$6,799.55 ","$5,439.64 "
,TOTAL,,18,"$8,221.50 ","$6,577.20 "
42280,OTHER,,103,"$9,735.51 ","$7,659.99 "
,TOTAL,,103,"$9,735.51 ","$7,659.99 "
42281,SG,,2,$749.89 ,$599.91 
,80'S,,3,$26.09 ,$20.86 
,OTHER,,51,"$3,187.75 ","$2,531.09 "
,TOTAL,,56,"$3,963.73 ","$3,151.86 "
42299,OTHER,,40,"$12,590.37 ","$10,017.71 "
,TOTAL,,40,"$12,590.37 ","$10,017.71 "
42300,SG,,7,"$1,517.64 ","$1,214.12 "
,OTHER,,290,"$44,009.06 ","$34,592.96 "
,TOTAL,,297,"$45,526.70 ","$35,807.08 "
42305,SG,,2,$924.11 ,$696.96 
,OTHER,,136,"$51,327.68 ","$40,610.52 "
,TOTAL,,138,"$52,251.79 ","$41,307.48 "
42310,SG,,1,$319.86 ,$255.89 
,OTHER,,100,"$12,725.86 ","$9,747.32 "
,TOTAL,,101,"$13,045.72 ","$10,003.21 "
42320,SG,,1,$327.49 ,$261.99 
,OTHER,,59,"$8,756.57 ","$6,876.30 "
,TOTAL,,60,"$9,084.06 ","$7,138.29 "
42325,SG,,2,$904.92 ,$723.93 
,OTHER,,24,"$4,512.13 ","$3,556.31 "
,TOTAL,,26,"$5,417.05 ","$4,280.24 "
42326,OTHER,,7,"$1,229.01 ",$983.21 
,TOTAL,,7,"$1,229.01 ",$983.21 
42330,OTHER,,"1,360","$229,126.89 ","$176,964.43 "
,TOTAL,,"1,360","$229,126.89 ","$176,964.43 "
42335,SG,,10,"$5,075.93 ","$4,042.27 "
,OTHER,,529,"$129,931.65 ","$101,255.22 "
,TOTAL,,539,"$135,007.58 ","$105,297.49 "
42340,SG,,6,"$2,435.24 ","$1,948.20 "
,OTHER,,72,"$24,478.27 ","$19,487.01 "
,TOTAL,,78,"$26,913.51 ","$21,435.21 "
42400,OTHER,,"2,254","$228,545.21 ","$177,332.21 "
,TOTAL,,"2,254","$228,545.21 ","$177,332.21 "
42405,SG,,56,"$23,003.43 ","$18,402.76 "
,OTHER,,782,"$164,297.49 ","$129,646.25 "
,TOTAL,,838,"$187,300.92 ","$148,049.01 "
42408,SG,,9,"$4,138.67 ","$3,310.93 "
,OTHER,,112,"$33,883.37 ","$26,976.30 "
,TOTAL,,121,"$38,022.04 ","$30,287.23 "
42409,OTHER,,83,"$17,060.19 ","$13,104.52 "
,TOTAL,,83,"$17,060.19 ","$13,104.52 "
42410,SG,,112,"$55,291.67 ","$43,802.75 "
,80'S,,128,"$12,825.59 ","$10,195.48 "
,OTHER,,"1,030","$620,900.58 ","$491,142.49 "
,TOTAL,,"1,270","$689,017.84 ","$545,140.72 "
42415,SG,,68,"$62,023.71 ","$49,538.98 "
,80'S,,"1,116","$188,569.98 ","$149,096.90 "
,OTHER,,"4,388","$4,491,002.28 ","$3,549,702.93 "
,TOTAL,,"5,572","$4,741,595.97 ","$3,748,338.81 "
42420,SG,,98,"$95,609.69 ","$76,487.74 "
,80'S,,420,"$85,343.47 ","$67,258.03 "
,OTHER,,"1,621","$2,004,914.74 ","$1,587,880.13 "
,TOTAL,,"2,139","$2,185,867.90 ","$1,731,625.90 "
42425,SG,,1,$968.19 ,$774.55 
,80'S,,39,"$4,384.65 ","$3,507.74 "
,OTHER,,194,"$128,323.27 ","$102,658.61 "
,TOTAL,,234,"$133,676.11 ","$106,940.90 "
42426,80'S,,65,"$14,035.01 ","$11,041.53 "
,OTHER,,428,"$551,551.18 ","$438,503.13 "
,TOTAL,,493,"$565,586.19 ","$449,544.66 "
42440,SG,,279,"$139,430.89 ","$109,681.78 "
,80'S,,304,"$21,507.12 ","$16,981.56 "
,OTHER,,"2,760","$1,229,744.84 ","$972,531.75 "
,TOTAL,,"3,343","$1,390,682.85 ","$1,099,195.09 "
42450,SG,,18,"$6,170.32 ","$4,785.05 "
,80'S,,4,$111.55 ,$89.23 
,OTHER,,146,"$39,275.39 ","$31,054.48 "
,TOTAL,,168,"$45,557.26 ","$35,928.76 "
42500,SG,,11,"$5,492.47 ","$4,312.39 "
,OTHER,,190,"$52,445.37 ","$41,574.54 "
,TOTAL,,201,"$57,937.84 ","$45,886.93 "
42505,SG,,6,"$3,757.78 ","$3,006.23 "
,OTHER,,94,"$33,772.95 ","$26,639.39 "
,TOTAL,,100,"$37,530.73 ","$29,645.62 "
42507,80'S,,2,$147.98 ,$118.39 
,OTHER,,15,"$4,456.44 ","$3,565.15 "
,TOTAL,,17,"$4,604.42 ","$3,683.54 "
42508,OTHER,,2,"$1,301.25 ","$1,041.00 "
,TOTAL,,2,"$1,301.25 ","$1,041.00 "
42509,OTHER,,2,"$1,501.91 ","$1,201.53 "
,TOTAL,,2,"$1,501.91 ","$1,201.53 "
42510,OTHER,,2,$834.21 ,$667.36 
,TOTAL,,2,$834.21 ,$667.36 
42550,OTHER,,639,"$68,794.22 ","$53,471.30 "
,TOTAL,,639,"$68,794.22 ","$53,471.30 "
42600,SG,,2,$494.86 ,$395.89 
,OTHER,,21,"$7,089.85 ","$5,389.79 "
,TOTAL,,23,"$7,584.71 ","$5,785.68 "
42650,OTHER,,"1,283","$81,327.73 ","$61,025.44 "
,TOTAL,,"1,283","$81,327.73 ","$61,025.44 "
42660,OTHER,,314,"$25,127.80 ","$17,931.99 "
,TOTAL,,314,"$25,127.80 ","$17,931.99 "
42665,80'S,,1,$18.55 ,$14.84 
,OTHER,,15,"$2,368.16 ","$1,894.52 "
,TOTAL,,16,"$2,386.71 ","$1,909.36 "
42699,OTHER,,42,"$13,470.54 ","$10,771.87 "
,TOTAL,,42,"$13,470.54 ","$10,771.87 "
42700,SG,,4,"$1,354.58 ","$1,083.66 "
,OTHER,,896,"$134,824.41 ","$103,061.93 "
,TOTAL,,900,"$136,178.99 ","$104,145.59 "
42720,SG,,3,"$1,000.12 ",$800.09 
,OTHER,,185,"$63,959.27 ","$50,625.41 "
,TOTAL,,188,"$64,959.39 ","$51,425.50 "
42725,80'S,,3,$297.87 ,$238.30 
,OTHER,,93,"$59,771.53 ","$47,817.21 "
,TOTAL,,96,"$60,069.40 ","$48,055.51 "
42800,OTHER,,"2,437","$353,879.61 ","$275,126.81 "
,TOTAL,,"2,437","$353,879.61 ","$275,126.81 "
42802,SG,,4,$982.39 ,$785.92 
,OTHER,,232,"$30,184.97 ","$23,951.70 "
,TOTAL,,236,"$31,167.36 ","$24,737.62 "
42804,SG,,81,"$19,562.72 ","$15,529.98 "
,OTHER,,823,"$91,893.51 ","$72,065.26 "
,TOTAL,,904,"$111,456.23 ","$87,595.24 "
42806,SG,,24,"$7,817.93 ","$6,223.61 "
,OTHER,,528,"$63,597.72 ","$50,039.58 "
,TOTAL,,552,"$71,415.65 ","$56,263.19 "
42808,SG,,91,"$35,137.57 ","$27,950.05 "
,OTHER,,810,"$160,919.20 ","$125,944.31 "
,TOTAL,,901,"$196,056.77 ","$153,894.36 "
42809,OTHER,,589,"$91,691.20 ","$70,570.68 "
,TOTAL,,589,"$91,691.20 ","$70,570.68 "
42810,SG,,13,"$6,436.86 ","$4,883.03 "
,80'S,,3,$144.00 ,$80.95 
,OTHER,,73,"$19,813.73 ","$15,614.66 "
,TOTAL,,89,"$26,394.59 ","$20,578.64 "
42815,SG,,15,"$10,398.75 ","$8,319.01 "
,80'S,,26,"$2,033.60 ","$1,626.86 "
,OTHER,,206,"$100,368.33 ","$78,444.30 "
,TOTAL,,247,"$112,800.68 ","$88,390.17 "
42820,OTHER,,18,"$4,869.94 ","$3,895.97 "
,TOTAL,,18,"$4,869.94 ","$3,895.97 "
42821,SG,,38,"$25,919.84 ","$20,021.94 "
,OTHER,,228,"$64,807.49 ","$50,518.90 "
,TOTAL,,266,"$90,727.33 ","$70,540.84 "
42825,OTHER,,3,$587.57 ,$470.06 
,TOTAL,,3,$587.57 ,$470.06 
42826,SG,,380,"$229,141.28 ","$177,789.71 "
,OTHER,,"2,295","$534,927.44 ","$417,513.85 "
,TOTAL,,"2,675","$764,068.72 ","$595,303.56 "
42830,SG,,1,$610.24 ,$488.19 
,OTHER,,10,"$1,301.74 ","$1,041.39 "
,TOTAL,,11,"$1,911.98 ","$1,529.58 "
42831,SG,,41,"$21,201.24 ","$16,409.44 "
,OTHER,,225,"$32,654.39 ","$25,740.98 "
,TOTAL,,266,"$53,855.63 ","$42,150.42 "
42836,SG,,5,"$2,220.78 ","$1,776.63 "
,OTHER,,22,"$4,901.06 ","$3,735.30 "
,TOTAL,,27,"$7,121.84 ","$5,511.93 "
42842,80'S,,11,$568.49 ,$454.81 
,OTHER,,270,"$123,006.18 ","$97,969.43 "
,TOTAL,,281,"$123,574.67 ","$98,424.24 "
42844,80'S,,8,$723.97 ,$579.17 
,OTHER,,82,"$64,902.24 ","$51,446.34 "
,TOTAL,,90,"$65,626.21 ","$52,025.51 "
42845,80'S,,5,"$1,124.66 ",$899.72 
,OTHER,,63,"$87,193.01 ","$69,704.46 "
,TOTAL,,68,"$88,317.67 ","$70,604.18 "
42860,SG,,14,"$6,640.03 ","$5,312.00 "
,OTHER,,79,"$13,314.37 ","$10,433.35 "
,TOTAL,,93,"$19,954.40 ","$15,745.35 "
42870,SG,,20,"$8,495.97 ","$6,796.77 "
,OTHER,,108,"$39,101.19 ","$31,200.85 "
,TOTAL,,128,"$47,597.16 ","$37,997.62 "
42890,SG,,1,$975.49 ,$780.39 
,80'S,,28,"$2,770.32 ","$2,119.02 "
,OTHER,,226,"$156,030.59 ","$124,824.30 "
,TOTAL,,255,"$159,776.40 ","$127,723.71 "
42892,SG,,1,"$1,067.17 ",$853.74 
,80'S,,13,"$1,605.77 ","$1,284.62 "
,OTHER,,112,"$90,647.47 ","$72,430.81 "
,TOTAL,,126,"$93,320.41 ","$74,569.17 "
42894,80'S,,8,"$1,542.45 ","$1,233.96 "
,OTHER,,105,"$127,039.82 ","$101,551.82 "
,TOTAL,,113,"$128,582.27 ","$102,785.78 "
42900,SG,,1,$166.19 ,$132.95 
,OTHER,,57,"$15,173.51 ","$12,138.79 "
,TOTAL,,58,"$15,339.70 ","$12,271.74 "
42950,SG,,6,"$2,109.27 ","$1,687.42 "
,80'S,,21,"$1,319.34 ","$1,055.44 "
,OTHER,,227,"$88,282.88 ","$70,262.43 "
,TOTAL,,254,"$91,711.49 ","$73,005.29 "
42953,80'S,,17,"$1,468.41 ","$1,174.73 "
,OTHER,,183,"$86,161.75 ","$68,733.45 "
,TOTAL,,200,"$87,630.16 ","$69,908.18 "
42955,80'S,,2,$131.41 ,$105.13 
,OTHER,,34,"$14,610.32 ","$11,608.24 "
,TOTAL,,36,"$14,741.73 ","$11,713.37 "
42960,SG,,2,$649.78 ,$519.83 
,OTHER,,207,"$32,582.81 ","$25,356.42 "
,TOTAL,,209,"$33,232.59 ","$25,876.25 "
42961,OTHER,,99,"$36,762.78 ","$29,330.22 "
,TOTAL,,99,"$36,762.78 ","$29,330.22 "
42962,SG,,5,"$2,216.11 ","$1,184.13 "
,OTHER,,139,"$60,981.00 ","$48,288.83 "
,TOTAL,,144,"$63,197.11 ","$49,472.96 "
42970,OTHER,,182,"$58,250.30 ","$45,751.52 "
,TOTAL,,182,"$58,250.30 ","$45,751.52 "
42971,OTHER,,28,"$12,306.54 ","$9,845.25 "
,TOTAL,,28,"$12,306.54 ","$9,845.25 "
42972,80'S,,1,$74.49 ,$59.59 
,OTHER,,15,"$5,767.77 ","$4,541.19 "
,TOTAL,,16,"$5,842.26 ","$4,600.78 "
42999,OTHER,,77,"$25,383.63 ","$20,306.91 "
,TOTAL,,77,"$25,383.63 ","$20,306.91 "
43020,80'S,,3,$170.10 ,$136.08 
,OTHER,,33,"$15,003.98 ","$11,982.82 "
,TOTAL,,36,"$15,174.08 ","$12,118.90 "
43030,80'S,,172,"$12,118.37 ","$9,579.28 "
,OTHER,,993,"$436,329.25 ","$345,369.56 "
,TOTAL,,"1,165","$448,447.62 ","$354,948.84 "
43045,80'S,,2,$391.84 ,$313.48 
,OTHER,,10,"$11,498.77 ","$9,199.03 "
,TOTAL,,12,"$11,890.61 ","$9,512.51 "
43100,80'S,,5,$421.43 ,$337.15 
,OTHER,,41,"$20,225.38 ","$16,180.31 "
,TOTAL,,46,"$20,646.81 ","$16,517.46 "
43101,80'S,,16,"$2,055.59 ","$1,644.49 "
,OTHER,,56,"$38,340.97 ","$30,432.09 "
,TOTAL,,72,"$40,396.56 ","$32,076.58 "
43107,80'S,,186,"$65,821.20 ","$52,416.94 "
,OTHER,,985,"$1,956,151.93 ","$1,556,086.45 "
,TOTAL,,"1,171","$2,021,973.13 ","$1,608,503.39 "
43108,80'S,,4,"$1,341.80 ","$1,073.44 "
,OTHER,,21,"$33,308.09 ","$26,646.48 "
,TOTAL,,25,"$34,649.89 ","$27,719.92 "
43112,80'S,,48,"$19,180.33 ","$14,847.05 "
,OTHER,,244,"$547,813.32 ","$428,920.09 "
,TOTAL,,292,"$566,993.65 ","$443,767.14 "
43113,80'S,,6,"$1,866.72 ","$1,493.38 "
,OTHER,,10,"$19,438.12 ","$15,550.50 "
,TOTAL,,16,"$21,304.84 ","$17,043.88 "
43116,80'S,,2,$604.05 ,$483.24 
,OTHER,,15,"$22,541.56 ","$18,033.24 "
,TOTAL,,17,"$23,145.61 ","$18,516.48 "
43117,80'S,,265,"$92,163.41 ","$73,201.10 "
,OTHER,,"1,102","$2,137,425.99 ","$1,697,215.10 "
,TOTAL,,"1,367","$2,229,589.40 ","$1,770,416.20 "
43118,80'S,,1,$288.56 ,$230.85 
,OTHER,,6,"$9,563.00 ","$7,650.40 "
,TOTAL,,7,"$9,851.56 ","$7,881.25 "
43121,80'S,,16,"$4,208.49 ","$3,366.78 "
,OTHER,,62,"$100,192.12 ","$80,153.68 "
,TOTAL,,78,"$104,400.61 ","$83,520.46 "
43122,80'S,,132,"$47,217.72 ","$37,164.83 "
,OTHER,,316,"$661,756.10 ","$520,047.38 "
,TOTAL,,448,"$708,973.82 ","$557,212.21 "
43123,80'S,,4,"$1,248.30 ",$998.64 
,OTHER,,25,"$43,367.88 ","$34,694.29 "
,TOTAL,,29,"$44,616.18 ","$35,692.93 "
43124,80'S,,11,"$2,844.13 ","$2,275.31 "
,OTHER,,57,"$82,308.09 ","$65,846.44 "
,TOTAL,,68,"$85,152.22 ","$68,121.75 "
43130,80'S,,344,"$42,250.42 ","$33,631.63 "
,OTHER,,"1,479","$1,107,151.26 ","$874,003.58 "
,TOTAL,,"1,823","$1,149,401.68 ","$907,635.21 "
43135,80'S,,33,"$4,971.44 ","$3,977.14 "
,OTHER,,141,"$110,323.78 ","$87,345.55 "
,TOTAL,,174,"$115,295.22 ","$91,322.69 "
43200,SG,,"1,425","$339,202.51 ","$269,184.70 "
,OTHER,,"16,649","$1,640,268.52 ","$1,291,726.14 "
,TOTAL,,"18,074","$1,979,471.03 ","$1,560,910.84 "
43201,SG,,25,"$5,097.69 ","$4,078.21 "
,OTHER,,308,"$32,111.10 ","$25,369.86 "
,TOTAL,,333,"$37,208.79 ","$29,448.07 "
43202,SG,,881,"$248,300.97 ","$194,680.16 "
,OTHER,,"4,706","$436,888.80 ","$338,779.00 "
,TOTAL,,"5,587","$685,189.77 ","$533,459.16 "
43204,SG,,5,"$1,273.02 ","$1,018.42 "
,OTHER,,368,"$73,299.15 ","$58,465.59 "
,TOTAL,,373,"$74,572.17 ","$59,484.01 "
43205,SG,,4,"$1,196.72 ",$957.38 
,OTHER,,520,"$105,807.76 ","$83,340.96 "
,TOTAL,,524,"$107,004.48 ","$84,298.34 "
43215,SG,,54,"$16,539.01 ","$13,231.17 "
,OTHER,,"2,431","$331,168.17 ","$256,359.01 "
,TOTAL,,"2,485","$347,707.18 ","$269,590.18 "
43216,SG,,21,"$6,581.75 ","$5,265.42 "
,OTHER,,142,"$16,613.01 ","$13,206.32 "
,TOTAL,,163,"$23,194.76 ","$18,471.74 "
43217,SG,,14,"$4,234.62 ","$3,387.71 "
,OTHER,,225,"$30,803.45 ","$24,072.93 "
,TOTAL,,239,"$35,038.07 ","$27,460.64 "
43219,SG,,32,"$8,900.58 ","$7,120.42 "
,OTHER,,995,"$148,925.43 ","$118,267.68 "
,TOTAL,,"1,027","$157,826.01 ","$125,388.10 "
43220,SG,,560,"$161,090.49 ","$126,718.05 "
,OTHER,,"5,578","$572,318.35 ","$447,081.59 "
,TOTAL,,"6,138","$733,408.84 ","$573,799.64 "
43226,SG,,"1,207","$374,835.98 ","$295,268.60 "
,OTHER,,"4,170","$501,649.22 ","$387,107.10 "
,TOTAL,,"5,377","$876,485.20 ","$682,375.70 "
43227,SG,,20,"$8,407.53 ","$6,726.02 "
,OTHER,,"1,019","$191,411.49 ","$151,942.47 "
,TOTAL,,"1,039","$199,819.02 ","$158,668.49 "
43228,SG,,139,"$60,167.79 ","$47,763.04 "
,OTHER,,626,"$126,457.22 ","$100,208.03 "
,TOTAL,,765,"$186,625.01 ","$147,971.07 "
43231,SG,,4,"$1,227.39 ",$981.91 
,OTHER,,370,"$66,043.28 ","$52,400.85 "
,TOTAL,,374,"$67,270.67 ","$53,382.76 "
43232,SG,,5,"$2,044.73 ","$1,635.79 "
,OTHER,,217,"$50,405.89 ","$40,145.95 "
,TOTAL,,222,"$52,450.62 ","$41,781.74 "
43234,SG,,608,"$152,863.97 ","$119,009.73 "
,OTHER,,"2,883","$299,891.14 ","$235,406.83 "
,TOTAL,,"3,491","$452,755.11 ","$354,416.56 "
43235,SG,,"70,026","$19,131,790.54 ","$15,054,873.23 "
,OTHER,,"496,971","$59,179,760.17 ","$46,398,696.45 "
,TOTAL,,"566,997","$78,311,550.71 ","$61,453,569.68 "
43236,SG,,150,"$55,396.85 ","$44,317.44 "
,OTHER,,"4,274","$545,193.91 ","$431,375.07 "
,TOTAL,,"4,424","$600,590.76 ","$475,692.51 "
43239,SG,,"280,709","$109,309,739.28 ","$86,276,685.24 "
,OTHER,,"1,239,809","$168,792,267.59 ","$132,450,581.89 "
,TOTAL,,"1,520,518","$278,102,006.87 ","$218,727,267.13 "
43240,SG,,3,"$1,338.28 ",$867.24 
,OTHER,,120,"$32,267.12 ","$25,588.27 "
,TOTAL,,123,"$33,605.40 ","$26,455.51 "
43241,SG,,180,"$68,917.24 ","$54,434.45 "
,OTHER,,"3,673","$436,134.06 ","$344,637.85 "
,TOTAL,,"3,853","$505,051.30 ","$399,072.30 "
43242,SG,,89,"$39,180.50 ","$31,264.28 "
,OTHER,,"6,547","$2,462,842.21 ","$1,948,696.65 "
,TOTAL,,"6,636","$2,502,022.71 ","$1,979,960.93 "
43243,SG,,212,"$83,120.97 ","$65,599.97 "
,OTHER,,"5,931","$1,311,627.61 ","$1,037,489.76 "
,TOTAL,,"6,143","$1,394,748.58 ","$1,103,089.73 "
43244,SG,,218,"$92,477.47 ","$73,742.18 "
,80'S,,1,$46.48 ,$37.18 
,OTHER,,"9,726","$2,553,043.64 ","$2,005,500.09 "
,TOTAL,,"9,945","$2,645,567.59 ","$2,079,279.45 "
43245,SG,,"2,195","$852,025.31 ","$668,882.38 "
,OTHER,,"14,283","$2,611,594.49 ","$2,042,540.12 "
,TOTAL,,"16,478","$3,463,619.80 ","$2,711,422.50 "
43246,SG,,"1,765","$759,931.21 ","$603,541.79 "
,80'S,,"1,018","$36,765.88 ","$29,403.44 "
,OTHER,,"151,193","$32,668,267.15 ","$25,979,370.87 "
,TOTAL,,"153,976","$33,464,964.24 ","$26,612,316.10 "
43247,SG,,"1,549","$632,243.75 ","$498,349.46 "
,OTHER,,"25,365","$4,326,381.73 ","$3,377,271.52 "
,TOTAL,,"26,914","$4,958,625.48 ","$3,875,620.98 "
43248,SG,,"31,580","$12,557,257.19 ","$9,910,246.05 "
,OTHER,,"86,176","$13,129,467.99 ","$10,231,719.04 "
,TOTAL,,"117,756","$25,686,725.18 ","$20,141,965.09 "
43249,SG,,"14,494","$5,646,683.74 ","$4,461,750.07 "
,OTHER,,"75,061","$10,349,375.19 ","$8,057,711.79 "
,TOTAL,,"89,555","$15,996,058.93 ","$12,519,461.86 "
43250,SG,,"2,381","$951,155.37 ","$750,577.56 "
,OTHER,,"8,579","$1,208,063.59 ","$949,449.57 "
,TOTAL,,"10,960","$2,159,218.96 ","$1,700,027.13 "
43251,SG,,"5,739","$2,234,036.96 ","$1,767,382.51 "
,OTHER,,"23,381","$3,924,306.36 ","$3,084,959.22 "
,TOTAL,,"29,120","$6,158,343.32 ","$4,852,341.73 "
43255,SG,,"1,487","$573,642.54 ","$455,269.18 "
,OTHER,,"55,488","$13,645,223.08 ","$10,828,840.85 "
,TOTAL,,"56,975","$14,218,865.62 ","$11,284,110.03 "
43256,SG,,8,"$3,785.64 ","$3,028.50 "
,OTHER,,"1,598","$359,024.55 ","$285,735.10 "
,TOTAL,,"1,606","$362,810.19 ","$288,763.60 "
43258,SG,,"1,536","$759,419.99 ","$600,580.10 "
,OTHER,,"8,925","$2,000,305.49 ","$1,575,354.32 "
,TOTAL,,"10,461","$2,759,725.48 ","$2,175,934.42 "
43259,SG,,"1,035","$513,698.05 ","$410,250.65 "
,OTHER,,"14,857","$3,760,392.05 ","$2,966,131.79 "
,TOTAL,,"15,892","$4,274,090.10 ","$3,376,382.44 "
43260,SG,,147,"$63,972.22 ","$50,525.17 "
,OTHER,,"26,940","$8,336,291.60 ","$6,603,679.41 "
,TOTAL,,"27,087","$8,400,263.82 ","$6,654,204.58 "
43261,SG,,56,"$18,210.60 ","$14,190.84 "
,OTHER,,"7,533","$835,160.01 ","$663,942.28 "
,TOTAL,,"7,589","$853,370.61 ","$678,133.12 "
43262,SG,,159,"$55,588.85 ","$44,258.90 "
,OTHER,,"49,989","$10,397,322.80 ","$8,252,145.90 "
,TOTAL,,"50,148","$10,452,911.65 ","$8,296,404.80 "
43263,OTHER,,801,"$99,582.44 ","$76,815.74 "
,TOTAL,,801,"$99,582.44 ","$76,815.74 "
43264,SG,,95,"$36,996.98 ","$29,357.49 "
,OTHER,,"33,019","$14,895,184.05 ","$11,833,726.53 "
,TOTAL,,"33,114","$14,932,181.03 ","$11,863,084.02 "
43265,SG,,11,"$4,435.42 ","$3,526.72 "
,OTHER,,"2,326","$1,212,767.56 ","$966,122.15 "
,TOTAL,,"2,337","$1,217,202.98 ","$969,648.87 "
43267,OTHER,,617,"$141,704.71 ","$112,609.69 "
,TOTAL,,617,"$141,704.71 ","$112,609.69 "
43268,SG,,88,"$27,254.49 ","$21,723.73 "
,OTHER,,"27,181","$6,652,428.90 ","$5,284,586.57 "
,TOTAL,,"27,269","$6,679,683.39 ","$5,306,310.30 "
43269,SG,,149,"$55,137.91 ","$43,410.02 "
,OTHER,,"13,074","$4,321,051.38 ","$3,417,941.39 "
,TOTAL,,"13,223","$4,376,189.29 ","$3,461,351.41 "
43271,SG,,33,"$9,451.14 ","$7,561.00 "
,OTHER,,"6,498","$846,211.17 ","$670,041.34 "
,TOTAL,,"6,531","$855,662.31 ","$677,602.34 "
43272,OTHER,,232,"$51,082.68 ","$40,517.61 "
,TOTAL,,232,"$51,082.68 ","$40,517.61 "
43280,80'S,,"2,289","$346,419.92 ","$272,365.93 "
,OTHER,,"6,840","$6,140,549.73 ","$4,829,499.23 "
,TOTAL,,"9,129","$6,486,969.65 ","$5,101,865.16 "
43289,80'S,,127,"$22,556.37 ","$18,045.09 "
,OTHER,,558,"$544,996.09 ","$435,752.85 "
,TOTAL,,685,"$567,552.46 ","$453,797.94 "
43300,80'S,,8,$536.08 ,$428.87 
,OTHER,,80,"$33,002.16 ","$26,321.76 "
,TOTAL,,88,"$33,538.24 ","$26,750.63 "
43305,80'S,,8,"$1,267.32 ","$1,013.86 "
,OTHER,,124,"$125,638.30 ","$97,133.02 "
,TOTAL,,132,"$126,905.62 ","$98,146.88 "
43310,80'S,,21,"$5,195.89 ","$4,156.70 "
,OTHER,,120,"$154,842.96 ","$122,501.81 "
,TOTAL,,141,"$160,038.85 ","$126,658.51 "
43312,80'S,,5,"$1,324.22 ","$1,059.37 "
,OTHER,,9,"$13,856.52 ","$11,085.21 "
,TOTAL,,14,"$15,180.74 ","$12,144.58 "
43313,OTHER,,2,"$6,158.48 ","$4,926.78 "
,TOTAL,,2,"$6,158.48 ","$4,926.78 "
43314,OTHER,,1,"$2,726.50 ","$2,181.20 "
,TOTAL,,1,"$2,726.50 ","$2,181.20 "
43320,80'S,,24,"$3,826.78 ","$3,061.40 "
,OTHER,,84,"$77,829.98 ","$61,713.03 "
,TOTAL,,108,"$81,656.76 ","$64,774.43 "
43324,80'S,,600,"$103,680.45 ","$82,158.37 "
,OTHER,,"1,838","$1,892,292.46 ","$1,500,759.17 "
,TOTAL,,"2,438","$1,995,972.91 ","$1,582,917.54 "
43325,80'S,,31,"$5,127.74 ","$4,050.84 "
,OTHER,,80,"$81,944.20 ","$65,555.38 "
,TOTAL,,111,"$87,071.94 ","$69,606.22 "
43326,80'S,,37,"$6,377.29 ","$4,972.94 "
,OTHER,,177,"$191,980.98 ","$152,870.04 "
,TOTAL,,214,"$198,358.27 ","$157,842.98 "
43330,80'S,,73,"$11,672.81 ","$9,338.22 "
,OTHER,,217,"$215,731.28 ","$170,724.13 "
,TOTAL,,290,"$227,404.09 ","$180,062.35 "
43331,80'S,,19,"$3,327.25 ","$2,661.82 "
,OTHER,,94,"$95,642.48 ","$75,802.93 "
,TOTAL,,113,"$98,969.73 ","$78,464.75 "
43340,80'S,,7,$963.68 ,$770.96 
,OTHER,,22,"$20,909.18 ","$15,822.21 "
,TOTAL,,29,"$21,872.86 ","$16,593.17 "
43341,OTHER,,7,"$7,639.52 ","$5,624.65 "
,TOTAL,,7,"$7,639.52 ","$5,624.65 "
43350,OTHER,,9,"$3,782.39 ","$3,025.92 "
,TOTAL,,9,"$3,782.39 ","$3,025.92 "
43351,80'S,,1,$175.80 ,$140.64 
,OTHER,,12,"$8,972.95 ","$7,178.36 "
,TOTAL,,13,"$9,148.75 ","$7,319.00 "
43352,80'S,,10,"$1,345.24 ","$1,076.18 "
,OTHER,,72,"$56,005.99 ","$44,279.70 "
,TOTAL,,82,"$57,351.23 ","$45,355.88 "
43360,80'S,,7,"$2,307.95 ","$1,846.35 "
,OTHER,,27,"$46,673.40 ","$37,338.71 "
,TOTAL,,34,"$48,981.35 ","$39,185.06 "
43361,80'S,,4,"$1,385.59 ","$1,108.48 "
,OTHER,,34,"$64,248.16 ","$49,992.66 "
,TOTAL,,38,"$65,633.75 ","$51,101.14 "
43400,80'S,,1,$179.07 ,$143.26 
,OTHER,,29,"$30,088.35 ","$23,954.67 "
,TOTAL,,30,"$30,267.42 ","$24,097.93 "
43401,OTHER,,3,"$3,510.79 ","$2,808.63 "
,TOTAL,,3,"$3,510.79 ","$2,808.63 "
43405,80'S,,11,"$1,777.14 ","$1,421.71 "
,OTHER,,42,"$37,480.44 ","$29,984.32 "
,TOTAL,,53,"$39,257.58 ","$31,406.03 "
43410,80'S,,11,"$1,282.72 ","$1,026.17 "
,OTHER,,95,"$66,160.16 ","$52,902.48 "
,TOTAL,,106,"$67,442.88 ","$53,928.65 "
43415,80'S,,81,"$17,473.33 ","$13,787.62 "
,OTHER,,291,"$365,026.52 ","$290,775.53 "
,TOTAL,,372,"$382,499.85 ","$304,563.15 "
43420,80'S,,1,$76.91 ,$61.53 
,OTHER,,56,"$32,578.35 ","$25,578.51 "
,TOTAL,,57,"$32,655.26 ","$25,640.04 "
43425,80'S,,8,"$1,653.21 ","$1,322.57 "
,OTHER,,29,"$28,658.02 ","$20,644.27 "
,TOTAL,,37,"$30,311.23 ","$21,966.84 "
43450,SG,,"22,989","$4,601,143.31 ","$3,637,501.29 "
,OTHER,,"73,816","$3,112,306.74 ","$2,437,090.01 "
,TOTAL,,"96,805","$7,713,450.05 ","$6,074,591.30 "
43453,SG,,"2,340","$443,797.11 ","$349,822.59 "
,OTHER,,"7,867","$349,140.94 ","$275,070.53 "
,TOTAL,,"10,207","$792,938.05 ","$624,893.12 "
43456,SG,,685,"$234,688.85 ","$184,677.85 "
,OTHER,,"3,451","$321,460.08 ","$252,826.25 "
,TOTAL,,"4,136","$556,148.93 ","$437,504.10 "
43458,SG,,243,"$94,756.07 ","$74,369.08 "
,OTHER,,"2,418","$358,564.64 ","$282,558.53 "
,TOTAL,,"2,661","$453,320.71 ","$356,927.61 "
43460,OTHER,,70,"$12,126.16 ","$9,573.30 "
,TOTAL,,70,"$12,126.16 ","$9,573.30 "
43496,80'S,,1,$369.76 ,$295.81 
,OTHER,,46,"$68,200.76 ","$54,560.65 "
,TOTAL,,47,"$68,570.52 ","$54,856.46 "
43499,80'S,,10,"$1,574.75 ","$1,259.80 "
,OTHER,,561,"$180,703.19 ","$143,233.45 "
,TOTAL,,571,"$182,277.94 ","$144,493.25 "
43500,80'S,,79,"$5,476.26 ","$4,296.91 "
,OTHER,,448,"$202,711.49 ","$161,053.17 "
,TOTAL,,527,"$208,187.75 ","$165,350.08 "
43501,80'S,,221,"$37,611.32 ","$30,010.91 "
,OTHER,,957,"$969,664.43 ","$773,103.72 "
,TOTAL,,"1,178","$1,007,275.75 ","$803,114.63 "
43502,80'S,,13,"$2,650.95 ","$2,120.77 "
,OTHER,,70,"$78,626.05 ","$62,900.84 "
,TOTAL,,83,"$81,277.00 ","$65,021.61 "
43510,80'S,,4,$413.83 ,$331.08 
,OTHER,,54,"$33,160.84 ","$26,478.77 "
,TOTAL,,58,"$33,574.67 ","$26,809.85 "
43520,80'S,,26,"$1,616.87 ","$1,293.49 "
,OTHER,,121,"$38,830.87 ","$30,562.73 "
,TOTAL,,147,"$40,447.74 ","$31,856.22 "
43600,OTHER,,512,"$29,055.64 ","$23,112.54 "
,TOTAL,,512,"$29,055.64 ","$23,112.54 "
43605,80'S,,49,"$3,573.65 ","$2,858.91 "
,OTHER,,232,"$100,069.84 ","$79,500.11 "
,TOTAL,,281,"$103,643.49 ","$82,359.02 "
43610,80'S,,303,"$33,804.95 ","$26,813.97 "
,OTHER,,"1,344","$904,525.27 ","$720,793.61 "
,TOTAL,,"1,647","$938,330.22 ","$747,607.58 "
43611,80'S,,205,"$27,639.24 ","$21,985.18 "
,OTHER,,733,"$602,285.88 ","$480,717.92 "
,TOTAL,,938,"$629,925.12 ","$502,703.10 "
43620,80'S,,63,"$15,873.26 ","$12,698.64 "
,OTHER,,207,"$315,004.98 ","$251,129.32 "
,TOTAL,,270,"$330,878.24 ","$263,827.96 "
43621,80'S,,237,"$61,818.89 ","$49,449.46 "
,OTHER,,774,"$1,230,604.82 ","$978,027.74 "
,TOTAL,,"1,011","$1,292,423.71 ","$1,027,477.20 "
43622,80'S,,62,"$17,345.67 ","$13,876.58 "
,OTHER,,159,"$265,890.37 ","$207,816.76 "
,TOTAL,,221,"$283,236.04 ","$221,693.34 "
43631,80'S,,545,"$105,982.49 ","$84,134.97 "
,OTHER,,"1,729","$1,971,792.88 ","$1,568,509.17 "
,TOTAL,,"2,274","$2,077,775.37 ","$1,652,644.14 "
43632,80'S,,"1,019","$200,475.81 ","$159,281.25 "
,OTHER,,"3,101","$3,655,596.98 ","$2,907,615.62 "
,TOTAL,,"4,120","$3,856,072.79 ","$3,066,896.87 "
43633,80'S,,477,"$89,157.85 ","$70,952.55 "
,OTHER,,"1,529","$1,752,430.35 ","$1,395,301.95 "
,TOTAL,,"2,006","$1,841,588.20 ","$1,466,254.50 "
43634,80'S,,14,"$2,853.27 ","$2,184.24 "
,OTHER,,37,"$46,412.63 ","$36,697.68 "
,TOTAL,,51,"$49,265.90 ","$38,881.92 "
43635,80'S,,204,"$3,469.95 ","$2,762.64 "
,OTHER,,864,"$88,996.46 ","$70,955.94 "
,TOTAL,,"1,068","$92,466.41 ","$73,718.58 "
43638,80'S,,75,"$17,801.53 ","$14,161.24 "
,OTHER,,282,"$404,589.65 ","$322,290.98 "
,TOTAL,,357,"$422,391.18 ","$336,452.22 "
43639,80'S,,121,"$29,208.42 ","$23,224.69 "
,OTHER,,326,"$477,497.23 ","$379,058.26 "
,TOTAL,,447,"$506,705.65 ","$402,282.95 "
43640,80'S,,251,"$35,101.59 ","$27,848.66 "
,OTHER,,"1,068","$902,940.06 ","$715,520.96 "
,TOTAL,,"1,319","$938,041.65 ","$743,369.62 "
43641,80'S,,5,$500.37 ,$400.29 
,OTHER,,38,"$29,317.83 ","$23,424.40 "
,TOTAL,,43,"$29,818.20 ","$23,824.69 "
43651,80'S,,6,$332.53 ,$266.04 
,OTHER,,13,"$3,955.99 ","$2,743.98 "
,TOTAL,,19,"$4,288.52 ","$3,010.02 "
43652,80'S,,3,$265.17 ,$212.13 
,OTHER,,18,"$9,306.17 ","$7,444.95 "
,TOTAL,,21,"$9,571.34 ","$7,657.08 "
43653,80'S,,91,"$5,350.26 ","$4,280.18 "
,OTHER,,746,"$288,296.59 ","$229,323.64 "
,TOTAL,,837,"$293,646.85 ","$233,603.82 "
43659,80'S,,564,"$120,351.72 ","$96,016.19 "
,OTHER,,"1,971","$2,307,827.10 ","$1,832,756.10 "
,TOTAL,,"2,535","$2,428,178.82 ","$1,928,772.29 "
43750,SG,,91,"$38,227.38 ","$30,494.87 "
,80'S,,1,$41.96 ,$33.57 
,OTHER,,"32,754","$8,558,976.62 ","$6,806,385.53 "
,TOTAL,,"32,846","$8,597,245.96 ","$6,836,913.97 "
43752,OTHER,,3,$103.53 ,$82.82 
,TOTAL,,3,$103.53 ,$82.82 
43760,SG,,"1,969","$625,173.10 ","$493,169.64 "
,OTHER,,"73,856","$4,512,896.49 ","$3,505,609.31 "
,TOTAL,,"75,825","$5,138,069.59 ","$3,998,778.95 "
43761,80'S,,1,$9.73 ,$7.78 
,OTHER,,"8,325","$840,399.93 ","$665,471.56 "
,TOTAL,,"8,326","$840,409.66 ","$665,479.34 "
43800,80'S,,195,"$16,683.69 ","$13,183.60 "
,OTHER,,802,"$405,257.25 ","$323,269.29 "
,TOTAL,,997,"$421,940.94 ","$336,452.89 "
43810,80'S,,21,"$2,041.54 ","$1,534.22 "
,OTHER,,86,"$52,720.91 ","$41,303.86 "
,TOTAL,,107,"$54,762.45 ","$42,838.08 "
43820,80'S,,769,"$87,122.75 ","$69,281.15 "
,OTHER,,"3,049","$2,098,192.49 ","$1,669,895.83 "
,TOTAL,,"3,818","$2,185,315.24 ","$1,739,176.98 "
43825,80'S,,52,"$8,494.14 ","$6,795.30 "
,OTHER,,207,"$197,098.16 ","$157,445.25 "
,TOTAL,,259,"$205,592.30 ","$164,240.55 "
43830,80'S,,"1,352","$81,057.72 ","$64,603.77 "
,OTHER,,"11,674","$5,014,318.69 ","$3,994,777.82 "
,TOTAL,,"13,026","$5,095,376.41 ","$4,059,381.59 "
43831,80'S,,3,$106.68 ,$85.34 
,OTHER,,22,"$8,643.65 ","$6,872.73 "
,TOTAL,,25,"$8,750.33 ","$6,958.07 "
43832,80'S,,177,"$20,969.89 ","$16,776.00 "
,OTHER,,"2,051","$1,669,452.39 ","$1,332,105.06 "
,TOTAL,,"2,228","$1,690,422.28 ","$1,348,881.06 "
43840,80'S,,993,"$128,415.75 ","$101,906.59 "
,OTHER,,"5,867","$4,571,902.53 ","$3,639,906.55 "
,TOTAL,,"6,860","$4,700,318.28 ","$3,741,813.14 "
43842,80'S,,49,"$8,319.83 ","$6,646.68 "
,OTHER,,133,"$141,018.02 ","$109,738.67 "
,TOTAL,,182,"$149,337.85 ","$116,385.35 "
43843,80'S,,86,"$15,450.54 ","$12,298.37 "
,OTHER,,185,"$203,229.85 ","$161,548.44 "
,TOTAL,,271,"$218,680.39 ","$173,846.81 "
43846,80'S,,"1,482","$328,802.61 ","$259,607.63 "
,OTHER,,"3,399","$4,565,397.72 ","$3,581,036.23 "
,TOTAL,,"4,881","$4,894,200.33 ","$3,840,643.86 "
43847,80'S,,529,"$131,867.87 ","$103,444.04 "
,OTHER,,"1,528","$2,307,510.05 ","$1,819,514.74 "
,TOTAL,,"2,057","$2,439,377.92 ","$1,922,958.78 "
43848,80'S,,112,"$30,739.77 ","$24,178.67 "
,OTHER,,303,"$493,292.51 ","$384,510.23 "
,TOTAL,,415,"$524,032.28 ","$408,688.90 "
43850,80'S,,11,"$2,068.41 ","$1,490.56 "
,OTHER,,53,"$61,383.03 ","$48,079.96 "
,TOTAL,,64,"$63,451.44 ","$49,570.52 "
43855,80'S,,1,$227.95 ,$50.00 
,OTHER,,1,"$1,424.71 ",$502.50 
,TOTAL,,2,"$1,652.66 ",$552.50 
43860,80'S,,173,"$35,326.90 ","$27,764.62 "
,OTHER,,656,"$788,819.73 ","$619,651.83 "
,TOTAL,,829,"$824,146.63 ","$647,416.45 "
43865,80'S,,4,$823.36 ,$658.69 
,OTHER,,31,"$39,534.49 ","$31,273.47 "
,TOTAL,,35,"$40,357.85 ","$31,932.16 "
43870,SG,,18,"$5,855.06 ","$4,684.03 "
,80'S,,55,"$3,777.46 ","$2,984.91 "
,OTHER,,728,"$346,560.72 ","$275,563.14 "
,TOTAL,,801,"$356,193.24 ","$283,232.08 "
43880,80'S,,32,"$6,919.25 ","$5,535.40 "
,OTHER,,184,"$227,569.25 ","$181,431.86 "
,TOTAL,,216,"$234,488.50 ","$186,967.26 "
43999,80'S,,28,"$4,956.24 ","$3,965.01 "
,OTHER,,"1,150","$300,646.59 ","$238,813.23 "
,TOTAL,,"1,178","$305,602.83 ","$242,778.24 "
44005,80'S,,"3,252","$460,560.95 ","$365,544.30 "
,OTHER,,"17,987","$15,147,977.75 ","$12,022,242.30 "
,TOTAL,,"21,239","$15,608,538.70 ","$12,387,786.60 "
44010,80'S,,158,"$12,494.96 ","$9,939.69 "
,OTHER,,598,"$288,533.11 ","$229,549.60 "
,TOTAL,,756,"$301,028.07 ","$239,489.29 "
44015,80'S,,"1,077","$23,472.47 ","$18,711.23 "
,OTHER,,"7,598","$1,011,630.84 ","$804,841.76 "
,TOTAL,,"8,675","$1,035,103.31 ","$823,552.99 "
44020,80'S,,187,"$18,336.70 ","$14,669.30 "
,OTHER,,968,"$604,747.11 ","$480,668.10 "
,TOTAL,,"1,155","$623,083.81 ","$495,337.40 "
44021,80'S,,151,"$15,292.38 ","$12,160.79 "
,OTHER,,946,"$566,424.70 ","$452,356.00 "
,TOTAL,,"1,097","$581,717.08 ","$464,516.79 "
44025,80'S,,125,"$12,179.19 ","$9,658.30 "
,OTHER,,567,"$349,614.83 ","$277,410.03 "
,TOTAL,,692,"$361,794.02 ","$287,068.33 "
44050,80'S,,439,"$42,132.61 ","$33,696.25 "
,OTHER,,"2,386","$1,445,914.87 ","$1,147,540.47 "
,TOTAL,,"2,825","$1,488,047.48 ","$1,181,236.72 "
44055,80'S,,58,"$10,464.70 ","$8,280.94 "
,OTHER,,271,"$287,016.56 ","$225,535.93 "
,TOTAL,,329,"$297,481.26 ","$233,816.87 "
44100,SG,,28,"$5,161.94 ","$4,129.50 "
,OTHER,,555,"$34,142.82 ","$26,989.81 "
,TOTAL,,583,"$39,304.76 ","$31,119.31 "
44110,80'S,,349,"$27,098.68 ","$21,538.32 "
,OTHER,,"1,671","$808,111.88 ","$642,150.04 "
,TOTAL,,"2,020","$835,210.56 ","$663,688.36 "
44111,80'S,,60,"$5,741.88 ","$4,593.50 "
,OTHER,,266,"$150,822.53 ","$119,982.57 "
,TOTAL,,326,"$156,564.41 ","$124,576.07 "
44120,80'S,,"6,088","$801,223.30 ","$636,612.53 "
,OTHER,,"30,442","$24,567,219.37 ","$19,552,530.73 "
,TOTAL,,"36,530","$25,368,442.67 ","$20,189,143.26 "
44121,80'S,,574,"$21,567.59 ","$17,220.10 "
,OTHER,,"2,832","$640,088.32 ","$509,255.32 "
,TOTAL,,"3,406","$661,655.91 ","$526,475.42 "
44125,80'S,,267,"$36,896.42 ","$29,351.21 "
,OTHER,,"1,367","$1,138,141.63 ","$908,099.14 "
,TOTAL,,"1,634","$1,175,038.05 ","$937,450.35 "
44126,80'S,,6,"$1,862.61 ","$1,490.08 "
,OTHER,,57,"$105,479.69 ","$84,383.81 "
,TOTAL,,63,"$107,342.30 ","$85,873.89 "
44127,OTHER,,7,"$15,811.58 ","$12,649.27 "
,TOTAL,,7,"$15,811.58 ","$12,649.27 "
44128,OTHER,,8,"$1,864.57 ","$1,491.66 "
,TOTAL,,8,"$1,864.57 ","$1,491.66 "
44130,80'S,,732,"$79,090.35 ","$62,967.58 "
,OTHER,,"2,913","$1,956,963.76 ","$1,557,246.67 "
,TOTAL,,"3,645","$2,036,054.11 ","$1,620,214.25 "
44132,OTHER,,1,"$1,033.92 ",$827.14 
,TOTAL,,1,"$1,033.92 ",$827.14 
44135,80'S,,2,$207.49 ,$165.99 
,OTHER,,8,"$20,044.22 ","$16,035.40 "
,TOTAL,,10,"$20,251.71 ","$16,201.39 "
44139,80'S,,"4,876","$90,968.36 ","$72,419.13 "
,OTHER,,"21,228","$2,404,349.18 ","$1,912,235.20 "
,TOTAL,,"26,104","$2,495,317.54 ","$1,984,654.33 "
44140,80'S,,"15,879","$2,900,332.10 ","$2,303,945.30 "
,OTHER,,"54,289","$58,962,937.18 ","$46,864,515.44 "
,TOTAL,,"70,168","$61,863,269.28 ","$49,168,460.74 "
44141,80'S,,863,"$154,519.94 ","$122,905.90 "
,OTHER,,"3,944","$4,207,918.70 ","$3,347,420.55 "
,TOTAL,,"4,807","$4,362,438.64 ","$3,470,326.45 "
44143,80'S,,"4,327","$906,650.20 ","$721,194.91 "
,OTHER,,"18,226","$22,768,427.68 ","$18,118,598.88 "
,TOTAL,,"22,553","$23,675,077.88 ","$18,839,793.79 "
44144,80'S,,783,"$149,214.70 ","$118,304.51 "
,OTHER,,"3,485","$3,977,655.27 ","$3,168,444.18 "
,TOTAL,,"4,268","$4,126,869.97 ","$3,286,748.69 "
44145,80'S,,"6,674","$1,526,495.91 ","$1,213,567.59 "
,OTHER,,"18,314","$24,976,914.32 ","$19,840,295.68 "
,TOTAL,,"24,988","$26,503,410.23 ","$21,053,863.27 "
44146,80'S,,788,"$195,842.24 ","$155,393.66 "
,OTHER,,"2,286","$3,403,407.77 ","$2,704,285.41 "
,TOTAL,,"3,074","$3,599,250.01 ","$2,859,679.07 "
44147,80'S,,425,"$74,986.55 ","$59,567.01 "
,OTHER,,"1,125","$1,184,014.49 ","$939,601.71 "
,TOTAL,,"1,550","$1,259,001.04 ","$999,168.72 "
44150,80'S,,"1,356","$301,305.93 ","$239,303.65 "
,OTHER,,"5,610","$7,469,801.40 ","$5,944,032.43 "
,TOTAL,,"6,966","$7,771,107.33 ","$6,183,336.08 "
44151,80'S,,28,"$6,727.98 ","$5,382.36 "
,OTHER,,94,"$141,795.32 ","$113,418.44 "
,TOTAL,,122,"$148,523.30 ","$118,800.80 "
44152,80'S,,49,"$12,204.26 ","$9,683.38 "
,OTHER,,179,"$263,634.64 ","$210,846.53 "
,TOTAL,,228,"$275,838.90 ","$220,529.91 "
44153,80'S,,64,"$17,458.37 ","$13,756.57 "
,OTHER,,170,"$288,647.89 ","$228,873.72 "
,TOTAL,,234,"$306,106.26 ","$242,630.29 "
44155,80'S,,344,"$86,420.26 ","$68,525.89 "
,OTHER,,"1,004","$1,516,795.18 ","$1,203,856.93 "
,TOTAL,,"1,348","$1,603,215.44 ","$1,272,382.82 "
44156,80'S,,10,"$2,847.80 ","$2,278.24 "
,OTHER,,25,"$41,598.56 ","$33,278.88 "
,TOTAL,,35,"$44,446.36 ","$35,557.12 "
44160,80'S,,"6,511","$1,045,415.29 ","$831,928.75 "
,OTHER,,"25,622","$24,301,129.36 ","$19,325,452.35 "
,TOTAL,,"32,133","$25,346,544.65 ","$20,157,381.10 "
44200,80'S,,562,"$69,528.82 ","$54,940.06 "
,OTHER,,"4,079","$3,030,677.09 ","$2,392,572.66 "
,TOTAL,,"4,641","$3,100,205.91 ","$2,447,512.72 "
44201,80'S,,71,"$5,081.63 ","$4,019.37 "
,OTHER,,601,"$286,351.99 ","$227,703.75 "
,TOTAL,,672,"$291,433.62 ","$231,723.12 "
44202,80'S,,358,"$67,583.23 ","$53,715.34 "
,OTHER,,"1,330","$1,518,052.74 ","$1,205,697.90 "
,TOTAL,,"1,688","$1,585,635.97 ","$1,259,413.24 "
44203,80'S,,12,$448.33 ,$358.66 
,OTHER,,83,"$19,394.81 ","$15,331.16 "
,TOTAL,,95,"$19,843.14 ","$15,689.82 "
44204,80'S,,"1,525","$335,262.70 ","$265,477.58 "
,OTHER,,"4,468","$5,856,334.87 ","$4,645,681.37 "
,TOTAL,,"5,993","$6,191,597.57 ","$4,911,158.95 "
44205,80'S,,853,"$167,037.90 ","$132,246.93 "
,OTHER,,"2,679","$3,153,147.76 ","$2,498,645.31 "
,TOTAL,,"3,532","$3,320,185.66 ","$2,630,892.24 "
44206,80'S,,80,"$18,848.30 ","$14,806.26 "
,OTHER,,351,"$498,901.66 ","$397,381.69 "
,TOTAL,,431,"$517,749.96 ","$412,187.95 "
44207,80'S,,463,"$119,021.60 ","$94,890.13 "
,OTHER,,"1,133","$1,767,341.25 ","$1,398,611.75 "
,TOTAL,,"1,596","$1,886,362.85 ","$1,493,501.88 "
44208,80'S,,38,"$10,728.37 ","$8,450.59 "
,OTHER,,113,"$190,340.90 ","$150,525.00 "
,TOTAL,,151,"$201,069.27 ","$158,975.59 "
44209,80'S,,2,$468.86 ,$375.09 
,OTHER,,27,"$29,125.28 ","$23,300.21 "
,TOTAL,,29,"$29,594.14 ","$23,675.30 "
44210,80'S,,49,"$11,945.28 ","$9,471.33 "
,OTHER,,151,"$221,846.31 ","$174,334.38 "
,TOTAL,,200,"$233,791.59 ","$183,805.71 "
44211,80'S,,6,"$1,790.05 ","$1,432.05 "
,OTHER,,22,"$40,469.40 ","$32,375.53 "
,TOTAL,,28,"$42,259.45 ","$33,807.58 "
44212,80'S,,14,"$3,935.64 ","$3,148.50 "
,OTHER,,46,"$75,832.51 ","$60,666.00 "
,TOTAL,,60,"$79,768.15 ","$63,814.50 "
44238,80'S,,116,"$19,069.78 ","$15,245.54 "
,OTHER,,643,"$566,884.16 ","$452,857.38 "
,TOTAL,,759,"$585,953.94 ","$468,102.92 "
44239,80'S,,8,"$1,709.26 ","$1,367.41 "
,OTHER,,68,"$67,410.09 ","$53,332.06 "
,TOTAL,,76,"$69,119.35 ","$54,699.47 "
44300,80'S,,390,"$32,584.17 ","$25,977.80 "
,OTHER,,"3,921","$2,218,087.87 ","$1,763,651.34 "
,TOTAL,,"4,311","$2,250,672.04 ","$1,789,629.14 "
44310,80'S,,421,"$47,880.15 ","$37,867.05 "
,OTHER,,"2,537","$1,755,407.45 ","$1,391,934.66 "
,TOTAL,,"2,958","$1,803,287.60 ","$1,429,801.71 "
44312,SG,,13,"$4,102.19 ","$3,256.52 "
,80'S,,14,$893.42 ,$714.74 
,OTHER,,480,"$189,282.64 ","$149,884.48 "
,TOTAL,,507,"$194,278.25 ","$153,855.74 "
44314,80'S,,150,"$18,539.00 ","$14,320.84 "
,OTHER,,832,"$614,664.61 ","$485,164.14 "
,TOTAL,,982,"$633,203.61 ","$499,484.98 "
44316,80'S,,16,"$2,623.10 ","$2,098.47 "
,OTHER,,51,"$52,016.02 ","$41,545.16 "
,TOTAL,,67,"$54,639.12 ","$43,643.63 "
44320,80'S,,"1,299","$198,257.29 ","$157,687.50 "
,OTHER,,"7,599","$6,975,938.51 ","$5,549,237.84 "
,TOTAL,,"8,898","$7,174,195.80 ","$5,706,925.34 "
44322,80'S,,18,"$2,083.05 ","$1,666.44 "
,OTHER,,84,"$59,832.52 ","$47,457.72 "
,TOTAL,,102,"$61,915.57 ","$49,124.16 "
44340,SG,,15,"$7,377.43 ","$5,901.95 "
,80'S,,5,$306.51 ,$245.20 
,OTHER,,891,"$359,988.80 ","$286,251.02 "
,TOTAL,,911,"$367,672.74 ","$292,398.17 "
44345,SG,,1,$629.96 ,$503.97 
,80'S,,165,"$21,586.12 ","$17,268.98 "
,OTHER,,"1,083","$816,316.49 ","$649,704.34 "
,TOTAL,,"1,249","$838,532.57 ","$667,477.29 "
44346,SG,,1,$623.87 ,$487.29 
,80'S,,313,"$45,207.83 ","$35,455.91 "
,OTHER,,"1,762","$1,506,534.43 ","$1,192,932.62 "
,TOTAL,,"2,076","$1,552,366.13 ","$1,228,875.82 "
44360,SG,,413,"$167,005.98 ","$132,719.18 "
,80'S,,1,$27.27 ,$21.82 
,OTHER,,"7,624","$1,023,028.58 ","$808,818.92 "
,TOTAL,,"8,038","$1,190,061.83 ","$941,559.92 "
44361,SG,,"2,055","$784,774.43 ","$618,558.05 "
,OTHER,,"14,051","$1,898,408.03 ","$1,496,855.25 "
,TOTAL,,"16,106","$2,683,182.46 ","$2,115,413.30 "
44363,SG,,8,"$3,390.06 ","$2,712.06 "
,OTHER,,186,"$27,567.88 ","$21,742.14 "
,TOTAL,,194,"$30,957.94 ","$24,454.20 "
44364,SG,,53,"$19,297.92 ","$15,358.33 "
,OTHER,,335,"$59,342.46 ","$46,819.99 "
,TOTAL,,388,"$78,640.38 ","$62,178.32 "
44365,SG,,22,"$9,142.47 ","$7,313.99 "
,OTHER,,238,"$37,386.23 ","$29,536.85 "
,TOTAL,,260,"$46,528.70 ","$36,850.84 "
44366,SG,,78,"$32,964.97 ","$26,138.69 "
,OTHER,,"2,422","$562,470.84 ","$447,089.43 "
,TOTAL,,"2,500","$595,435.81 ","$473,228.12 "
44369,SG,,29,"$11,489.72 ","$9,191.77 "
,OTHER,,716,"$167,754.40 ","$133,462.96 "
,TOTAL,,745,"$179,244.12 ","$142,654.73 "
44370,OTHER,,56,"$13,783.67 ","$11,026.97 "
,TOTAL,,56,"$13,783.67 ","$11,026.97 "
44372,SG,,5,"$2,181.78 ","$1,745.42 "
,OTHER,,"2,016","$474,542.75 ","$374,115.24 "
,TOTAL,,"2,021","$476,724.53 ","$375,860.66 "
44373,SG,,17,"$6,147.45 ","$4,917.97 "
,OTHER,,"2,875","$428,726.56 ","$341,621.96 "
,TOTAL,,"2,892","$434,874.01 ","$346,539.93 "
44376,SG,,28,"$11,544.30 ","$9,145.33 "
,80'S,,2,$68.80 ,$55.04 
,OTHER,,"2,627","$730,640.55 ","$576,092.71 "
,TOTAL,,"2,657","$742,253.65 ","$585,293.08 "
44377,SG,,38,"$11,538.80 ","$9,231.03 "
,OTHER,,"1,260","$360,371.71 ","$285,831.83 "
,TOTAL,,"1,298","$371,910.51 ","$295,062.86 "
44378,SG,,4,"$1,289.98 ","$1,031.98 "
,OTHER,,369,"$140,421.24 ","$110,927.08 "
,TOTAL,,373,"$141,711.22 ","$111,959.06 "
44379,OTHER,,17,"$6,765.22 ","$5,412.16 "
,TOTAL,,17,"$6,765.22 ","$5,412.16 "
44380,SG,,132,"$38,123.97 ","$29,961.17 "
,OTHER,,"1,797","$95,819.50 ","$74,582.21 "
,TOTAL,,"1,929","$133,943.47 ","$104,543.38 "
44382,SG,,72,"$19,058.89 ","$14,433.68 "
,OTHER,,"1,119","$78,260.73 ","$61,622.35 "
,TOTAL,,"1,191","$97,319.62 ","$76,056.03 "
44383,SG,,2,"$1,429.27 ","$1,143.42 "
,OTHER,,206,"$24,310.76 ","$18,979.52 "
,TOTAL,,208,"$25,740.03 ","$20,122.94 "
44385,SG,,30,"$9,127.68 ","$7,113.32 "
,OTHER,,689,"$93,587.35 ","$70,662.89 "
,TOTAL,,719,"$102,715.03 ","$77,776.21 "
44386,SG,,27,"$7,969.57 ","$6,294.02 "
,OTHER,,322,"$47,041.10 ","$36,017.68 "
,TOTAL,,349,"$55,010.67 ","$42,311.70 "
44388,SG,,"1,079","$337,905.59 ","$266,180.62 "
,OTHER,,"5,587","$877,080.51 ","$686,456.24 "
,TOTAL,,"6,666","$1,214,986.10 ","$952,636.86 "
44389,SG,,281,"$84,753.51 ","$66,665.99 "
,OTHER,,"1,502","$249,022.02 ","$195,391.97 "
,TOTAL,,"1,783","$333,775.53 ","$262,057.96 "
44390,OTHER,,15,"$3,137.12 ","$2,399.56 "
,TOTAL,,15,"$3,137.12 ","$2,399.56 "
44391,SG,,13,"$3,428.34 ","$2,742.65 "
,OTHER,,151,"$31,363.09 ","$24,805.82 "
,TOTAL,,164,"$34,791.43 ","$27,548.47 "
44392,SG,,171,"$52,449.68 ","$40,850.95 "
,OTHER,,877,"$173,861.47 ","$136,197.65 "
,TOTAL,,"1,048","$226,311.15 ","$177,048.60 "
44393,SG,,53,"$15,557.73 ","$12,352.29 "
,OTHER,,241,"$63,387.78 ","$49,982.31 "
,TOTAL,,294,"$78,945.51 ","$62,334.60 "
44394,SG,,266,"$82,243.41 ","$65,528.12 "
,OTHER,,973,"$231,920.85 ","$182,302.30 "
,TOTAL,,"1,239","$314,164.26 ","$247,830.42 "
44397,OTHER,,11,"$2,614.82 ","$2,091.86 "
,TOTAL,,11,"$2,614.82 ","$2,091.86 "
44500,OTHER,,"18,727","$569,494.98 ","$450,543.12 "
,TOTAL,,"18,727","$569,494.98 ","$450,543.12 "
44602,80'S,,902,"$96,905.32 ","$76,826.25 "
,OTHER,,"4,824","$3,245,771.41 ","$2,581,460.72 "
,TOTAL,,"5,726","$3,342,676.73 ","$2,658,286.97 "
44603,80'S,,330,"$42,750.74 ","$33,932.61 "
,OTHER,,"1,499","$1,204,857.02 ","$958,537.12 "
,TOTAL,,"1,829","$1,247,607.76 ","$992,469.73 "
44604,80'S,,393,"$46,470.99 ","$36,998.15 "
,OTHER,,"2,245","$1,608,641.95 ","$1,278,856.29 "
,TOTAL,,"2,638","$1,655,112.94 ","$1,315,854.44 "
44605,80'S,,99,"$16,095.14 ","$12,876.10 "
,OTHER,,393,"$375,076.16 ","$299,775.65 "
,TOTAL,,492,"$391,171.30 ","$312,651.75 "
44615,80'S,,119,"$14,079.07 ","$11,263.28 "
,OTHER,,715,"$504,648.11 ","$401,949.38 "
,TOTAL,,834,"$518,727.18 ","$413,212.66 "
44620,80'S,,509,"$49,295.35 ","$39,061.16 "
,OTHER,,"2,921","$1,723,182.82 ","$1,367,876.95 "
,TOTAL,,"3,430","$1,772,478.17 ","$1,406,938.11 "
44625,80'S,,840,"$105,206.31 ","$83,411.68 "
,OTHER,,"3,481","$2,616,221.48 ","$2,078,034.20 "
,TOTAL,,"4,321","$2,721,427.79 ","$2,161,445.88 "
44626,80'S,,"1,744","$383,279.09 ","$304,324.35 "
,OTHER,,"4,916","$6,379,215.73 ","$5,065,251.31 "
,TOTAL,,"6,660","$6,762,494.82 ","$5,369,575.66 "
44640,80'S,,201,"$33,088.07 ","$26,223.49 "
,OTHER,,"1,155","$1,186,958.68 ","$942,014.98 "
,TOTAL,,"1,356","$1,220,046.75 ","$968,238.47 "
44650,80'S,,79,"$12,841.10 ","$10,272.87 "
,OTHER,,327,"$324,125.22 ","$258,499.39 "
,TOTAL,,406,"$336,966.32 ","$268,772.26 "
44660,80'S,,85,"$10,905.90 ","$8,724.68 "
,OTHER,,362,"$306,055.60 ","$242,956.83 "
,TOTAL,,447,"$316,961.50 ","$251,681.51 "
44661,80'S,,272,"$53,944.79 ","$43,139.63 "
,OTHER,,852,"$976,383.28 ","$777,366.79 "
,TOTAL,,"1,124","$1,030,328.07 ","$820,506.42 "
44680,80'S,,19,"$1,596.13 ","$1,276.91 "
,OTHER,,97,"$60,757.57 ","$48,606.06 "
,TOTAL,,116,"$62,353.70 ","$49,882.97 "
44700,80'S,,154,"$11,450.67 ","$9,131.38 "
,OTHER,,505,"$245,040.72 ","$194,657.22 "
,TOTAL,,659,"$256,491.39 ","$203,788.60 "
44701,80'S,,20,$509.22 ,$407.40 
,OTHER,,176,"$27,095.44 ","$21,590.96 "
,TOTAL,,196,"$27,604.66 ","$21,998.36 "
44799,80'S,,29,"$5,811.20 ","$4,648.97 "
,OTHER,,"1,789","$373,508.73 ","$296,528.71 "
,TOTAL,,"1,818","$379,319.93 ","$301,177.68 "
44800,80'S,,198,"$12,473.43 ","$9,937.85 "
,OTHER,,925,"$359,070.70 ","$285,475.62 "
,TOTAL,,"1,123","$371,544.13 ","$295,413.47 "
44820,80'S,,29,"$2,871.27 ","$2,273.99 "
,OTHER,,161,"$101,014.78 ","$78,678.91 "
,TOTAL,,190,"$103,886.05 ","$80,952.90 "
44850,80'S,,9,$754.03 ,$603.22 
,OTHER,,79,"$40,051.45 ","$31,533.46 "
,TOTAL,,88,"$40,805.48 ","$32,136.68 "
44899,80'S,,2,$360.55 ,$288.44 
,OTHER,,57,"$38,347.98 ","$30,636.34 "
,TOTAL,,59,"$38,708.53 ","$30,924.78 "
44900,80'S,,22,"$1,588.85 ","$1,271.07 "
,OTHER,,230,"$106,579.53 ","$84,066.05 "
,TOTAL,,252,"$108,168.38 ","$85,337.12 "
44901,80'S,,1,$38.83 ,$31.06 
,OTHER,,162,"$45,857.43 ","$36,657.62 "
,TOTAL,,163,"$45,896.26 ","$36,688.68 "
44950,80'S,,451,"$40,660.20 ","$32,100.29 "
,OTHER,,"6,944","$3,755,532.24 ","$2,963,037.14 "
,TOTAL,,"7,395","$3,796,192.44 ","$2,995,137.43 "
44955,80'S,,694,"$8,999.57 ","$7,139.28 "
,OTHER,,"4,259","$334,453.80 ","$265,543.07 "
,TOTAL,,"4,953","$343,453.37 ","$272,682.35 "
44960,80'S,,527,"$56,539.35 ","$44,655.33 "
,OTHER,,"5,711","$3,701,454.33 ","$2,929,719.51 "
,TOTAL,,"6,238","$3,757,993.68 ","$2,974,374.84 "
44970,80'S,,386,"$28,377.91 ","$22,277.44 "
,OTHER,,"7,464","$3,464,534.97 ","$2,723,392.33 "
,TOTAL,,"7,850","$3,492,912.88 ","$2,745,669.77 "
44979,80'S,,3,$246.97 ,$197.58 
,OTHER,,45,"$24,899.13 ","$19,883.49 "
,TOTAL,,48,"$25,146.10 ","$20,081.07 "
45000,SG,,2,$669.83 ,$535.87 
,OTHER,,233,"$58,044.75 ","$46,133.53 "
,TOTAL,,235,"$58,714.58 ","$46,669.40 "
45005,SG,,16,"$6,574.03 ","$5,083.45 "
,OTHER,,379,"$57,669.92 ","$44,098.32 "
,TOTAL,,395,"$64,243.95 ","$49,181.77 "
45020,SG,,6,"$2,425.15 ","$1,803.51 "
,OTHER,,648,"$185,164.34 ","$145,915.29 "
,TOTAL,,654,"$187,589.49 ","$147,718.80 "
45100,SG,,125,"$35,649.87 ","$28,157.30 "
,OTHER,,"1,459","$301,940.89 ","$239,170.68 "
,TOTAL,,"1,584","$337,590.76 ","$267,327.98 "
45108,SG,,5,"$2,241.39 ","$1,793.12 "
,OTHER,,81,"$21,592.77 ","$17,196.66 "
,TOTAL,,86,"$23,834.16 ","$18,989.78 "
45110,80'S,,"1,560","$382,627.67 ","$304,659.82 "
,OTHER,,"3,849","$5,627,701.77 ","$4,469,488.55 "
,TOTAL,,"5,409","$6,010,329.44 ","$4,774,148.37 "
45111,80'S,,129,"$17,137.23 ","$13,597.83 "
,OTHER,,511,"$388,033.57 ","$308,443.80 "
,TOTAL,,640,"$405,170.80 ","$322,041.63 "
45112,80'S,,95,"$25,168.59 ","$19,974.89 "
,OTHER,,340,"$535,286.16 ","$425,315.97 "
,TOTAL,,435,"$560,454.75 ","$445,290.86 "
45113,80'S,,22,"$5,913.05 ","$4,730.44 "
,OTHER,,92,"$147,109.78 ","$117,478.26 "
,TOTAL,,114,"$153,022.83 ","$122,208.70 "
45114,80'S,,33,"$7,947.36 ","$6,245.21 "
,OTHER,,94,"$134,609.44 ","$106,805.19 "
,TOTAL,,127,"$142,556.80 ","$113,050.40 "
45116,80'S,,7,"$1,548.82 ","$1,239.06 "
,OTHER,,45,"$57,494.95 ","$45,980.06 "
,TOTAL,,52,"$59,043.77 ","$47,219.12 "
45119,80'S,,94,"$24,854.74 ","$19,499.82 "
,OTHER,,410,"$654,933.97 ","$520,048.22 "
,TOTAL,,504,"$679,788.71 ","$539,548.04 "
45120,80'S,,5,"$1,082.30 ",$865.84 
,OTHER,,14,"$17,425.86 ","$13,940.67 "
,TOTAL,,19,"$18,508.16 ","$14,806.51 "
45121,80'S,,3,$680.83 ,$544.66 
,OTHER,,21,"$28,057.16 ","$21,390.21 "
,TOTAL,,24,"$28,737.99 ","$21,934.87 "
45123,80'S,,76,"$10,773.16 ","$8,618.61 "
,OTHER,,412,"$353,930.10 ","$280,809.98 "
,TOTAL,,488,"$364,703.26 ","$289,428.59 "
45126,80'S,,20,"$7,938.29 ","$6,123.03 "
,OTHER,,116,"$240,792.41 ","$190,650.43 "
,TOTAL,,136,"$248,730.70 ","$196,773.46 "
45130,80'S,,355,"$51,354.35 ","$40,961.90 "
,OTHER,,"2,001","$1,742,309.02 ","$1,385,094.98 "
,TOTAL,,"2,356","$1,793,663.37 ","$1,426,056.88 "
45135,80'S,,18,"$2,927.33 ","$2,341.87 "
,OTHER,,59,"$59,331.55 ","$47,465.19 "
,TOTAL,,77,"$62,258.88 ","$49,807.06 "
45136,80'S,,7,"$1,572.39 ","$1,257.92 "
,OTHER,,32,"$48,475.19 ","$35,977.91 "
,TOTAL,,39,"$50,047.58 ","$37,235.83 "
45150,SG,,4,"$1,811.90 ","$1,449.52 "
,80'S,,2,$117.08 ,$93.67 
,OTHER,,83,"$25,357.85 ","$19,996.19 "
,TOTAL,,89,"$27,286.83 ","$21,539.38 "
45160,SG,,7,"$3,202.67 ","$2,562.14 "
,80'S,,17,"$2,077.07 ","$1,661.66 "
,OTHER,,223,"$176,814.32 ","$139,518.09 "
,TOTAL,,247,"$182,094.06 ","$143,741.89 "
45170,SG,,352,"$146,892.88 ","$117,027.45 "
,80'S,,383,"$37,208.17 ","$29,574.85 "
,OTHER,,"7,604","$4,713,451.94 ","$3,730,512.55 "
,TOTAL,,"8,339","$4,897,552.99 ","$3,877,114.85 "
45190,SG,,4,"$5,299.59 ","$4,239.67 "
,80'S,,9,$673.40 ,$538.73 
,OTHER,,504,"$281,546.59 ","$222,916.03 "
,TOTAL,,517,"$287,519.58 ","$227,694.43 "
45300,OTHER,,"59,500","$3,414,837.62 ","$2,554,074.25 "
,TOTAL,,"59,500","$3,414,837.62 ","$2,554,074.25 "
45303,OTHER,,743,"$36,669.29 ","$28,216.21 "
,TOTAL,,743,"$36,669.29 ","$28,216.21 "
45305,SG,,54,"$15,797.92 ","$12,323.16 "
,OTHER,,"2,297","$168,113.84 ","$128,617.05 "
,TOTAL,,"2,351","$183,911.76 ","$140,940.21 "
45307,SG,,2,$483.39 ,$386.72 
,80'S,,2,$9.57 ,$7.65 
,OTHER,,120,"$8,380.95 ","$6,437.93 "
,TOTAL,,124,"$8,873.91 ","$6,832.30 "
45308,SG,,11,"$3,527.26 ","$2,821.80 "
,OTHER,,302,"$18,923.24 ","$13,904.83 "
,TOTAL,,313,"$22,450.50 ","$16,726.63 "
45309,SG,,9,"$2,957.55 ","$2,366.05 "
,OTHER,,295,"$35,637.81 ","$27,564.39 "
,TOTAL,,304,"$38,595.36 ","$29,930.44 "
45315,SG,,8,"$2,331.38 ","$1,865.10 "
,OTHER,,118,"$10,345.31 ","$7,827.76 "
,TOTAL,,126,"$12,676.69 ","$9,692.86 "
45317,SG,,12,"$4,091.62 ","$3,273.30 "
,OTHER,,804,"$87,467.72 ","$67,710.57 "
,TOTAL,,816,"$91,559.34 ","$70,983.87 "
45320,SG,,16,"$4,633.63 ","$3,479.05 "
,OTHER,,209,"$19,179.26 ","$14,804.64 "
,TOTAL,,225,"$23,812.89 ","$18,283.69 "
45321,OTHER,,290,"$18,509.54 ","$14,707.98 "
,TOTAL,,290,"$18,509.54 ","$14,707.98 "
45327,OTHER,,33,"$3,073.20 ","$2,458.57 "
,TOTAL,,33,"$3,073.20 ","$2,458.57 "
45330,OTHER,,"148,406","$11,722,016.76 ","$8,684,350.32 "
,TOTAL,,"148,406","$11,722,016.76 ","$8,684,350.32 "
45331,SG,,"4,493","$1,428,191.82 ","$1,124,175.11 "
,OTHER,,"40,887","$3,010,288.28 ","$2,296,500.40 "
,TOTAL,,"45,380","$4,438,480.10 ","$3,420,675.51 "
45332,SG,,17,"$4,978.28 ","$3,804.83 "
,OTHER,,250,"$27,809.72 ","$21,526.29 "
,TOTAL,,267,"$32,788.00 ","$25,331.12 "
45333,SG,,575,"$177,405.15 ","$139,363.32 "
,OTHER,,"4,562","$483,358.23 ","$369,072.62 "
,TOTAL,,"5,137","$660,763.38 ","$508,435.94 "
45334,SG,,326,"$103,895.18 ","$82,064.48 "
,OTHER,,"4,241","$602,305.35 ","$470,073.41 "
,TOTAL,,"4,567","$706,200.53 ","$552,137.89 "
45335,SG,,66,"$19,601.12 ","$15,680.88 "
,OTHER,,944,"$64,179.61 ","$50,794.35 "
,TOTAL,,"1,010","$83,780.73 ","$66,475.23 "
45337,OTHER,,"1,018","$124,216.30 ","$98,272.05 "
,TOTAL,,"1,018","$124,216.30 ","$98,272.05 "
45338,SG,,"1,101","$346,684.40 ","$271,556.76 "
,OTHER,,"5,662","$704,813.63 ","$541,603.45 "
,TOTAL,,"6,763","$1,051,498.03 ","$813,160.21 "
45339,SG,,233,"$70,600.86 ","$55,719.97 "
,OTHER,,"2,680","$461,971.24 ","$356,200.59 "
,TOTAL,,"2,913","$532,572.10 ","$411,920.56 "
45340,SG,,42,"$13,473.21 ","$10,778.54 "
,OTHER,,860,"$87,242.60 ","$68,664.01 "
,TOTAL,,902,"$100,715.81 ","$79,442.55 "
45341,OTHER,,"1,966","$296,398.55 ","$231,700.41 "
,TOTAL,,"1,966","$296,398.55 ","$231,700.41 "
45342,OTHER,,171,"$37,250.79 ","$29,091.93 "
,TOTAL,,171,"$37,250.79 ","$29,091.93 "
45345,OTHER,,262,"$42,713.52 ","$33,726.44 "
,TOTAL,,262,"$42,713.52 ","$33,726.44 "
45355,SG,,148,"$43,282.91 ","$34,015.06 "
,OTHER,,"1,278","$216,619.69 ","$169,734.47 "
,TOTAL,,"1,426","$259,902.60 ","$203,749.53 "
45378,SG,,"287,500","$125,854,369.69 ","$98,900,918.85 "
,OTHER,,"1,148,722","$244,672,479.02 ","$190,858,479.97 "
,TOTAL,,"1,436,222","$370,526,848.71 ","$289,759,398.82 "
45379,SG,,171,"$66,976.57 ","$53,035.52 "
,OTHER,,892,"$218,405.83 ","$172,839.04 "
,TOTAL,,"1,063","$285,382.40 ","$225,874.56 "
45380,SG,,"139,374","$57,659,167.49 ","$45,413,723.85 "
,80'S,,1,$21.10 ,$16.88 
,OTHER,,"558,619","$125,018,123.63 ","$98,038,146.88 "
,TOTAL,,"697,994","$182,677,312.22 ","$143,451,887.61 "
45381,SG,,"1,694","$464,823.96 ","$368,518.13 "
,OTHER,,"11,590","$857,498.68 ","$679,614.72 "
,TOTAL,,"13,284","$1,322,322.64 ","$1,048,132.85 "
45382,SG,,"1,970","$753,684.65 ","$596,710.67 "
,OTHER,,"20,764","$6,163,999.90 ","$4,886,177.38 "
,TOTAL,,"22,734","$6,917,684.55 ","$5,482,888.05 "
45383,SG,,"20,841","$8,333,041.55 ","$6,570,510.08 "
,OTHER,,"72,504","$23,794,699.35 ","$18,693,051.86 "
,TOTAL,,"93,345","$32,127,740.90 ","$25,263,561.94 "
45384,SG,,"95,973","$39,457,544.71 ","$31,055,101.23 "
,OTHER,,"316,192","$71,340,360.98 ","$55,690,177.56 "
,TOTAL,,"412,165","$110,797,905.69 ","$86,745,278.79 "
45385,SG,,"211,143","$91,821,277.15 ","$72,203,435.56 "
,OTHER,,"723,751","$214,018,496.43 ","$167,461,960.52 "
,TOTAL,,"934,894","$305,839,773.58 ","$239,665,396.08 "
45386,SG,,172,"$67,684.38 ","$53,418.41 "
,OTHER,,"1,591","$347,393.93 ","$274,321.23 "
,TOTAL,,"1,763","$415,078.31 ","$327,739.64 "
45387,OTHER,,532,"$165,756.47 ","$131,215.20 "
,TOTAL,,532,"$165,756.47 ","$131,215.20 "
45500,SG,,28,"$10,978.98 ","$8,623.19 "
,OTHER,,120,"$45,251.27 ","$35,700.23 "
,TOTAL,,148,"$56,230.25 ","$44,323.42 "
45505,SG,,69,"$26,873.05 ","$21,220.75 "
,OTHER,,831,"$335,288.31 ","$263,527.31 "
,TOTAL,,900,"$362,161.36 ","$284,748.06 "
45520,OTHER,,168,"$5,293.45 ","$3,768.06 "
,TOTAL,,168,"$5,293.45 ","$3,768.06 "
45540,80'S,,151,"$20,133.71 ","$15,978.37 "
,OTHER,,472,"$375,622.10 ","$297,505.56 "
,TOTAL,,623,"$395,755.81 ","$313,483.93 "
45541,80'S,,78,"$8,912.39 ","$7,129.90 "
,OTHER,,780,"$575,648.44 ","$457,142.79 "
,TOTAL,,858,"$584,560.83 ","$464,272.69 "
45550,80'S,,171,"$33,789.31 ","$26,917.85 "
,OTHER,,507,"$597,527.59 ","$473,978.69 "
,TOTAL,,678,"$631,316.90 ","$500,896.54 "
45560,SG,,45,"$18,252.34 ","$14,531.00 "
,80'S,,411,"$30,134.42 ","$24,043.75 "
,OTHER,,"1,680","$823,273.87 ","$651,022.89 "
,TOTAL,,"2,136","$871,660.63 ","$689,597.64 "
45562,80'S,,28,"$2,757.39 ","$2,205.90 "
,OTHER,,141,"$99,329.01 ","$79,196.96 "
,TOTAL,,169,"$102,086.40 ","$81,402.86 "
45563,80'S,,7,"$1,474.63 ","$1,179.71 "
,OTHER,,62,"$79,192.09 ","$63,353.70 "
,TOTAL,,69,"$80,666.72 ","$64,533.41 "
45800,80'S,,41,"$4,467.57 ","$3,567.61 "
,OTHER,,148,"$100,781.73 ","$79,177.57 "
,TOTAL,,189,"$105,249.30 ","$82,745.18 "
45805,80'S,,7,"$1,254.30 ","$1,003.45 "
,OTHER,,35,"$23,148.23 ","$18,405.68 "
,TOTAL,,42,"$24,402.53 ","$19,409.13 "
45820,80'S,,6,$630.96 ,$504.78 
,OTHER,,38,"$27,534.94 ","$22,027.96 "
,TOTAL,,44,"$28,165.90 ","$22,532.74 "
45825,OTHER,,5,"$5,035.49 ","$4,028.40 "
,TOTAL,,5,"$5,035.49 ","$4,028.40 "
45900,SG,,5,"$1,510.65 ","$1,208.52 "
,80'S,,1,$10.33 ,$8.26 
,OTHER,,175,"$23,357.09 ","$18,185.35 "
,TOTAL,,181,"$24,878.07 ","$19,402.13 "
45905,SG,,79,"$24,545.67 ","$19,629.52 "
,OTHER,,780,"$114,336.35 ","$89,557.84 "
,TOTAL,,859,"$138,882.02 ","$109,187.36 "
45910,SG,,60,"$17,543.63 ","$13,954.93 "
,OTHER,,580,"$99,502.93 ","$76,936.72 "
,TOTAL,,640,"$117,046.56 ","$90,891.65 "
45915,SG,,44,"$12,388.63 ","$9,751.96 "
,OTHER,,"3,095","$590,068.89 ","$466,036.29 "
,TOTAL,,"3,139","$602,457.52 ","$475,788.25 "
45999,80'S,,6,"$1,079.24 ",$863.39 
,OTHER,,925,"$204,974.18 ","$163,216.51 "
,TOTAL,,931,"$206,053.42 ","$164,079.90 "
46020,SG,,22,"$8,195.56 ","$6,556.44 "
,OTHER,,378,"$57,832.23 ","$44,505.82 "
,TOTAL,,400,"$66,027.79 ","$51,062.26 "
46030,SG,,11,"$3,031.58 ","$2,246.43 "
,OTHER,,155,"$15,629.51 ","$12,119.64 "
,TOTAL,,166,"$18,661.09 ","$14,366.07 "
46040,SG,,75,"$38,122.06 ","$29,991.69 "
,OTHER,,"5,452","$1,702,733.27 ","$1,329,351.06 "
,TOTAL,,"5,527","$1,740,855.33 ","$1,359,342.75 "
46045,SG,,10,"$3,952.27 ","$3,081.80 "
,OTHER,,361,"$89,061.96 ","$70,170.35 "
,TOTAL,,371,"$93,014.23 ","$73,252.15 "
46050,SG,,21,"$5,907.59 ","$4,689.39 "
,OTHER,,"2,816","$370,035.19 ","$281,473.19 "
,TOTAL,,"2,837","$375,942.78 ","$286,162.58 "
46060,SG,,31,"$13,637.66 ","$10,782.67 "
,OTHER,,"1,112","$375,526.59 ","$295,207.00 "
,TOTAL,,"1,143","$389,164.25 ","$305,989.67 "
46070,OTHER,,4,$556.55 ,$445.24 
,TOTAL,,4,$556.55 ,$445.24 
46080,SG,,283,"$142,804.34 ","$112,910.02 "
,OTHER,,"2,539","$370,577.38 ","$290,087.99 "
,TOTAL,,"2,822","$513,381.72 ","$402,998.01 "
46083,OTHER,,"3,354","$568,004.06 ","$423,976.99 "
,TOTAL,,"3,354","$568,004.06 ","$423,976.99 "
46200,SG,,243,"$101,783.51 ","$79,523.22 "
,OTHER,,"1,930","$389,187.80 ","$303,546.40 "
,TOTAL,,"2,173","$490,971.31 ","$383,069.62 "
46210,SG,,2,$649.77 ,$519.82 
,OTHER,,33,"$5,367.47 ","$4,293.93 "
,TOTAL,,35,"$6,017.24 ","$4,813.75 "
46211,SG,,1,$216.26 ,$173.01 
,OTHER,,21,"$5,405.93 ","$4,196.89 "
,TOTAL,,22,"$5,622.19 ","$4,369.90 "
46220,SG,,65,"$20,331.57 ","$16,144.19 "
,OTHER,,993,"$89,410.50 ","$67,200.46 "
,TOTAL,,"1,058","$109,742.07 ","$83,344.65 "
46221,OTHER,,"36,270","$4,610,858.11 ","$3,515,704.89 "
,TOTAL,,"36,270","$4,610,858.11 ","$3,515,704.89 "
46230,OTHER,,"1,482","$265,573.95 ","$206,219.28 "
,TOTAL,,"1,482","$265,573.95 ","$206,219.28 "
46250,SG,,203,"$100,801.23 ","$80,275.19 "
,80'S,,2,$96.22 ,$76.98 
,OTHER,,"2,060","$528,080.95 ","$412,350.63 "
,TOTAL,,"2,265","$628,978.40 ","$492,702.80 "
46255,SG,,536,"$269,428.02 ","$212,758.58 "
,80'S,,1,$52.25 ,$41.80 
,OTHER,,"5,078","$1,432,582.62 ","$1,125,093.02 "
,TOTAL,,"5,615","$1,702,062.89 ","$1,337,893.40 "
46257,SG,,40,"$19,345.71 ","$15,361.16 "
,OTHER,,316,"$96,772.00 ","$76,268.01 "
,TOTAL,,356,"$116,117.71 ","$91,629.17 "
46258,SG,,14,"$6,925.68 ","$5,177.21 "
,OTHER,,116,"$37,677.81 ","$29,389.79 "
,TOTAL,,130,"$44,603.49 ","$34,567.00 "
46260,SG,,990,"$500,790.72 ","$394,883.42 "
,OTHER,,"11,217","$4,298,497.83 ","$3,381,239.26 "
,TOTAL,,"12,207","$4,799,288.55 ","$3,776,122.68 "
46261,SG,,78,"$49,727.64 ","$37,903.97 "
,OTHER,,809,"$328,470.21 ","$257,018.89 "
,TOTAL,,887,"$378,197.85 ","$294,922.86 "
46262,SG,,24,"$15,346.74 ","$12,239.57 "
,OTHER,,286,"$125,574.01 ","$98,648.50 "
,TOTAL,,310,"$140,920.75 ","$110,888.07 "
46270,SG,,261,"$129,226.44 ","$100,871.35 "
,OTHER,,"1,787","$403,511.89 ","$317,452.65 "
,TOTAL,,"2,048","$532,738.33 ","$418,324.00 "
46275,SG,,103,"$51,970.64 ","$40,722.35 "
,OTHER,,"1,251","$336,868.82 ","$263,173.84 "
,TOTAL,,"1,354","$388,839.46 ","$303,896.19 "
46280,SG,,139,"$86,224.04 ","$67,332.21 "
,OTHER,,"1,488","$526,109.90 ","$410,285.81 "
,TOTAL,,"1,627","$612,333.94 ","$477,618.02 "
46285,SG,,18,"$5,716.22 ","$4,572.99 "
,OTHER,,128,"$32,073.35 ","$24,908.91 "
,TOTAL,,146,"$37,789.57 ","$29,481.90 "
46288,SG,,5,"$3,208.33 ","$2,566.66 "
,OTHER,,165,"$66,184.17 ","$51,440.47 "
,TOTAL,,170,"$69,392.50 ","$54,007.13 "
46320,OTHER,,"2,686","$469,360.43 ","$353,579.99 "
,TOTAL,,"2,686","$469,360.43 ","$353,579.99 "
46500,OTHER,,"9,676","$1,547,100.07 ","$1,185,944.92 "
,TOTAL,,"9,676","$1,547,100.07 ","$1,185,944.92 "
46600,OTHER,,"88,709","$4,041,956.74 ","$2,971,683.72 "
,TOTAL,,"88,709","$4,041,956.74 ","$2,971,683.72 "
46604,OTHER,,"2,135","$157,361.39 ","$120,232.07 "
,TOTAL,,"2,135","$157,361.39 ","$120,232.07 "
46606,OTHER,,"1,512","$68,893.47 ","$52,313.46 "
,TOTAL,,"1,512","$68,893.47 ","$52,313.46 "
46608,SG,,1,$318.74 ,$254.99 
,OTHER,,132,"$11,361.98 ","$8,544.15 "
,TOTAL,,133,"$11,680.72 ","$8,799.14 "
46610,SG,,51,"$16,918.69 ","$13,335.84 "
,OTHER,,273,"$17,672.98 ","$13,566.21 "
,TOTAL,,324,"$34,591.67 ","$26,902.05 "
46611,SG,,7,"$2,112.69 ","$1,490.43 "
,OTHER,,153,"$16,051.88 ","$12,278.60 "
,TOTAL,,160,"$18,164.57 ","$13,769.03 "
46612,SG,,15,"$4,935.01 ","$3,948.00 "
,OTHER,,97,"$11,212.73 ","$8,732.25 "
,TOTAL,,112,"$16,147.74 ","$12,680.25 "
46614,OTHER,,"1,516","$199,574.19 ","$155,271.69 "
,TOTAL,,"1,516","$199,574.19 ","$155,271.69 "
46615,SG,,20,"$7,203.41 ","$5,683.70 "
,OTHER,,277,"$41,348.79 ","$32,604.31 "
,TOTAL,,297,"$48,552.20 ","$38,288.01 "
46700,SG,,91,"$44,380.90 ","$34,524.53 "
,OTHER,,960,"$464,297.38 ","$366,385.80 "
,TOTAL,,"1,051","$508,678.28 ","$400,910.33 "
46705,OTHER,,1,$194.87 ,$155.89 
,TOTAL,,1,$194.87 ,$155.89 
46706,OTHER,,161,"$19,846.90 ","$15,559.64 "
,TOTAL,,161,"$19,846.90 ","$15,559.64 "
46740,80'S,,1,$282.10 ,$225.68 
,TOTAL,,1,$282.10 ,$225.68 
46744,80'S,,1,$411.80 ,$329.44 
,OTHER,,1,"$1,368.44 ","$1,094.75 "
,TOTAL,,2,"$1,780.24 ","$1,424.19 "
46746,OTHER,,1,"$3,274.27 ","$2,619.42 "
,TOTAL,,1,"$3,274.27 ","$2,619.42 "
46750,SG,,18,"$8,385.86 ","$6,708.69 "
,80'S,,93,"$6,790.04 ","$5,428.02 "
,OTHER,,640,"$304,128.42 ","$237,255.82 "
,TOTAL,,751,"$319,304.32 ","$249,392.53 "
46753,SG,,10,"$5,124.28 ","$4,012.35 "
,OTHER,,193,"$85,632.69 ","$68,218.94 "
,TOTAL,,203,"$90,756.97 ","$72,231.29 "
46754,SG,,3,"$1,344.41 ","$1,075.53 "
,OTHER,,49,"$6,576.21 ","$5,180.97 "
,TOTAL,,52,"$7,920.62 ","$6,256.50 "
46760,80'S,,2,$201.50 ,$161.20 
,OTHER,,23,"$14,531.96 ","$11,625.32 "
,TOTAL,,25,"$14,733.46 ","$11,786.52 "
46761,SG,,1,$529.94 ,$423.95 
,80'S,,41,"$3,836.58 ","$3,059.21 "
,OTHER,,193,"$113,701.85 ","$90,893.21 "
,TOTAL,,235,"$118,068.37 ","$94,376.37 "
46762,80'S,,4,$356.02 ,$284.81 
,OTHER,,28,"$17,807.21 ","$14,245.76 "
,TOTAL,,32,"$18,163.23 ","$14,530.57 "
46900,OTHER,,"2,375","$425,209.20 ","$324,599.29 "
,TOTAL,,"2,375","$425,209.20 ","$324,599.29 "
46910,OTHER,,725,"$122,229.54 ","$93,184.67 "
,TOTAL,,725,"$122,229.54 ","$93,184.67 "
46916,OTHER,,928,"$161,042.62 ","$123,940.13 "
,TOTAL,,928,"$161,042.62 ","$123,940.13 "
46917,SG,,8,"$1,879.67 ","$1,503.73 "
,OTHER,,254,"$35,918.33 ","$28,175.58 "
,TOTAL,,262,"$37,798.00 ","$29,679.31 "
46922,SG,,184,"$53,490.83 ","$42,602.37 "
,OTHER,,"1,213","$156,761.54 ","$122,342.82 "
,TOTAL,,"1,397","$210,252.37 ","$164,945.19 "
46924,SG,,137,"$39,423.46 ","$30,180.57 "
,OTHER,,"1,871","$388,817.14 ","$304,786.66 "
,TOTAL,,"2,008","$428,240.60 ","$334,967.23 "
46934,OTHER,,"28,342","$9,347,790.31 ","$7,369,860.10 "
,TOTAL,,"28,342","$9,347,790.31 ","$7,369,860.10 "
46935,OTHER,,468,"$102,707.70 ","$80,952.30 "
,TOTAL,,468,"$102,707.70 ","$80,952.30 "
46936,OTHER,,"1,932","$694,118.88 ","$546,269.20 "
,TOTAL,,"1,932","$694,118.88 ","$546,269.20 "
46937,OTHER,,33,"$6,938.06 ","$5,536.24 "
,TOTAL,,33,"$6,938.06 ","$5,536.24 "
46938,OTHER,,6,"$1,774.16 ","$1,419.33 "
,TOTAL,,6,"$1,774.16 ","$1,419.33 "
46940,OTHER,,452,"$94,442.88 ","$72,612.25 "
,TOTAL,,452,"$94,442.88 ","$72,612.25 "
46942,OTHER,,332,"$69,704.94 ","$55,301.48 "
,TOTAL,,332,"$69,704.94 ","$55,301.48 "
46945,OTHER,,"1,746","$304,957.36 ","$237,437.28 "
,TOTAL,,"1,746","$304,957.36 ","$237,437.28 "
46946,OTHER,,"1,296","$262,880.47 ","$205,262.55 "
,TOTAL,,"1,296","$262,880.47 ","$205,262.55 "
46999,OTHER,,412,"$113,899.36 ","$90,460.00 "
,TOTAL,,412,"$113,899.36 ","$90,460.00 "
47000,SG,,557,"$182,018.05 ","$144,079.67 "
,80'S,,1,$8.76 ,$7.01 
,OTHER,,"53,236","$5,407,073.53 ","$4,241,636.05 "
,TOTAL,,"53,794","$5,589,100.34 ","$4,385,722.73 "
47001,80'S,,11,$176.57 ,$118.42 
,OTHER,,"8,825","$866,768.57 ","$685,984.64 "
,TOTAL,,"8,836","$866,945.14 ","$686,103.06 "
47010,80'S,,105,"$13,737.37 ","$10,898.97 "
,OTHER,,567,"$461,230.16 ","$366,333.76 "
,TOTAL,,672,"$474,967.53 ","$377,232.73 "
47011,80'S,,5,$147.67 ,$118.13 
,OTHER,,"3,004","$869,013.38 ","$691,094.07 "
,TOTAL,,"3,009","$869,161.05 ","$691,212.20 "
47015,80'S,,16,"$1,807.80 ","$1,446.25 "
,OTHER,,73,"$46,205.07 ","$36,635.61 "
,TOTAL,,89,"$48,012.87 ","$38,081.86 "
47100,80'S,,"1,261","$84,785.02 ","$67,455.25 "
,OTHER,,"7,069","$2,991,701.96 ","$2,379,775.00 "
,TOTAL,,"8,330","$3,076,486.98 ","$2,447,230.25 "
47120,80'S,,351,"$109,320.90 ","$87,252.79 "
,OTHER,,"1,739","$3,251,431.07 ","$2,585,029.90 "
,TOTAL,,"2,090","$3,360,751.97 ","$2,672,282.69 "
47122,80'S,,42,"$20,257.56 ","$15,885.64 "
,OTHER,,160,"$469,389.43 ","$368,773.57 "
,TOTAL,,202,"$489,646.99 ","$384,659.21 "
47125,80'S,,55,"$23,621.88 ","$18,857.50 "
,OTHER,,312,"$823,966.35 ","$658,654.09 "
,TOTAL,,367,"$847,588.23 ","$677,511.59 "
47130,80'S,,117,"$55,361.14 ","$44,254.18 "
,OTHER,,511,"$1,457,194.41 ","$1,152,241.11 "
,TOTAL,,628,"$1,512,555.55 ","$1,196,495.29 "
47134,80'S,,9,"$2,754.41 ","$2,235.19 "
,OTHER,,20,"$39,849.71 ","$32,077.55 "
,TOTAL,,29,"$42,604.12 ","$34,312.74 "
47135,80'S,,498,"$391,902.03 ","$312,198.66 "
,OTHER,,"1,159","$5,057,092.57 ","$4,016,142.84 "
,TOTAL,,"1,657","$5,448,994.60 ","$4,328,341.50 "
47300,80'S,,36,"$4,387.67 ","$3,510.14 "
,OTHER,,210,"$144,551.78 ","$114,854.08 "
,TOTAL,,246,"$148,939.45 ","$118,364.22 "
47350,80'S,,54,"$8,745.42 ","$6,953.81 "
,OTHER,,338,"$307,721.98 ","$246,012.43 "
,TOTAL,,392,"$316,467.40 ","$252,966.24 "
47360,80'S,,23,"$5,468.22 ","$4,374.59 "
,OTHER,,108,"$136,754.97 ","$109,038.15 "
,TOTAL,,131,"$142,223.19 ","$113,412.74 "
47361,80'S,,28,"$10,959.72 ","$8,767.79 "
,OTHER,,173,"$369,270.23 ","$289,658.93 "
,TOTAL,,201,"$380,229.95 ","$298,426.72 "
47362,80'S,,12,"$1,940.79 ","$1,552.64 "
,OTHER,,90,"$76,589.01 ","$60,492.81 "
,TOTAL,,102,"$78,529.80 ","$62,045.45 "
47370,80'S,,80,"$13,829.87 ","$11,063.82 "
,OTHER,,380,"$386,741.53 ","$306,950.08 "
,TOTAL,,460,"$400,571.40 ","$318,013.90 "
47371,OTHER,,4,"$3,692.32 ","$2,953.85 "
,TOTAL,,4,"$3,692.32 ","$2,953.85 "
47379,80'S,,44,"$5,112.74 ","$4,090.20 "
,OTHER,,628,"$308,350.30 ","$246,622.99 "
,TOTAL,,672,"$313,463.04 ","$250,713.19 "
47380,80'S,,128,"$23,759.69 ","$18,771.83 "
,OTHER,,664,"$714,603.81 ","$564,541.23 "
,TOTAL,,792,"$738,363.50 ","$583,313.06 "
47381,80'S,,8,"$1,614.08 ","$1,291.28 "
,OTHER,,35,"$38,837.42 ","$31,069.98 "
,TOTAL,,43,"$40,451.50 ","$32,361.26 "
47382,80'S,,24,"$3,061.12 ","$2,448.87 "
,OTHER,,"1,195","$951,167.27 ","$753,321.05 "
,TOTAL,,"1,219","$954,228.39 ","$755,769.92 "
47399,80'S,,7,$892.84 ,$714.27 
,OTHER,,158,"$79,000.57 ","$63,200.48 "
,TOTAL,,165,"$79,893.41 ","$63,914.75 "
47400,80'S,,10,"$2,389.90 ","$1,693.11 "
,OTHER,,54,"$45,987.52 ","$36,711.84 "
,TOTAL,,64,"$48,377.42 ","$38,404.95 "
47420,80'S,,201,"$32,908.99 ","$26,118.03 "
,OTHER,,817,"$773,945.62 ","$614,837.79 "
,TOTAL,,"1,018","$806,854.61 ","$640,955.82 "
47425,80'S,,9,"$1,513.05 ","$1,210.45 "
,OTHER,,54,"$51,901.80 ","$41,521.48 "
,TOTAL,,63,"$53,414.85 ","$42,731.93 "
47460,80'S,,18,"$2,690.11 ","$2,027.60 "
,OTHER,,114,"$106,582.89 ","$84,488.28 "
,TOTAL,,132,"$109,273.00 ","$86,515.88 "
47480,80'S,,128,"$12,028.43 ","$9,622.72 "
,OTHER,,653,"$349,698.69 ","$279,532.70 "
,TOTAL,,781,"$361,727.12 ","$289,155.42 "
47490,OTHER,,"3,240","$1,761,281.15 ","$1,402,791.33 "
,TOTAL,,"3,240","$1,761,281.15 ","$1,402,791.33 "
47500,OTHER,,"7,628","$465,784.59 ","$370,495.12 "
,TOTAL,,"7,628","$465,784.59 ","$370,495.12 "
47505,OTHER,,"18,668","$600,657.01 ","$475,577.27 "
,TOTAL,,"18,668","$600,657.01 ","$475,577.27 "
47510,80'S,,1,$40.67 ,$32.54 
,OTHER,,"3,128","$1,427,492.34 ","$1,138,516.93 "
,TOTAL,,"3,129","$1,427,533.01 ","$1,138,549.47 "
47511,OTHER,,"5,330","$4,015,000.27 ","$3,196,498.52 "
,TOTAL,,"5,330","$4,015,000.27 ","$3,196,498.52 "
47525,OTHER,,"10,056","$2,895,312.12 ","$2,295,193.17 "
,TOTAL,,"10,056","$2,895,312.12 ","$2,295,193.17 "
47530,OTHER,,511,"$180,528.90 ","$143,874.99 "
,TOTAL,,511,"$180,528.90 ","$143,874.99 "
47550,80'S,,224,"$5,661.23 ","$4,526.77 "
,OTHER,,"1,457","$219,293.10 ","$174,591.18 "
,TOTAL,,"1,681","$224,954.33 ","$179,117.95 "
47552,OTHER,,241,"$46,478.86 ","$37,086.22 "
,TOTAL,,241,"$46,478.86 ","$37,086.22 "
47553,OTHER,,440,"$100,325.61 ","$79,863.69 "
,TOTAL,,440,"$100,325.61 ","$79,863.69 "
47554,OTHER,,207,"$70,199.08 ","$56,137.04 "
,TOTAL,,207,"$70,199.08 ","$56,137.04 "
47555,OTHER,,"1,171","$355,566.10 ","$282,831.95 "
,TOTAL,,"1,171","$355,566.10 ","$282,831.95 "
47556,OTHER,,"1,995","$781,430.34 ","$622,364.60 "
,TOTAL,,"1,995","$781,430.34 ","$622,364.60 "
47560,SG,,1,$601.10 ,$480.88 
,80'S,,4,$254.70 ,$203.76 
,OTHER,,142,"$26,222.11 ","$20,583.22 "
,TOTAL,,147,"$27,077.91 ","$21,267.86 "
47561,SG,,6,"$2,906.15 ","$2,291.50 "
,80'S,,2,$71.31 ,$57.05 
,OTHER,,54,"$11,559.84 ","$9,038.25 "
,TOTAL,,62,"$14,537.30 ","$11,386.80 "
47562,80'S,,"23,428","$2,306,247.51 ","$1,820,891.77 "
,OTHER,,"121,648","$70,508,331.68 ","$55,775,403.56 "
,TOTAL,,"145,076","$72,814,579.19 ","$57,596,295.33 "
47563,80'S,,"12,083","$1,253,113.93 ","$990,599.57 "
,OTHER,,"64,241","$39,511,619.89 ","$31,274,984.68 "
,TOTAL,,"76,324","$40,764,733.82 ","$32,265,584.25 "
47564,80'S,,424,"$52,424.09 ","$41,687.69 "
,OTHER,,"2,098","$1,544,700.36 ","$1,227,894.62 "
,TOTAL,,"2,522","$1,597,124.45 ","$1,269,582.31 "
47570,80'S,,5,$457.66 ,$366.14 
,OTHER,,41,"$21,842.09 ","$17,313.65 "
,TOTAL,,46,"$22,299.75 ","$17,679.79 "
47579,80'S,,10,"$1,907.37 ","$1,525.88 "
,OTHER,,107,"$54,674.68 ","$43,739.77 "
,TOTAL,,117,"$56,582.05 ","$45,265.65 "
47600,80'S,,"7,410","$711,706.79 ","$564,764.23 "
,OTHER,,"31,664","$18,786,970.85 ","$14,918,809.18 "
,TOTAL,,"39,074","$19,498,677.64 ","$15,483,573.41 "
47605,80'S,,"2,056","$246,270.40 ","$195,312.59 "
,OTHER,,"8,772","$6,366,778.87 ","$5,051,660.47 "
,TOTAL,,"10,828","$6,613,049.27 ","$5,246,973.06 "
47610,80'S,,"1,161","$188,918.59 ","$150,236.75 "
,OTHER,,"4,463","$4,336,594.85 ","$3,449,219.16 "
,TOTAL,,"5,624","$4,525,513.44 ","$3,599,455.91 "
47612,80'S,,193,"$31,008.66 ","$24,806.90 "
,OTHER,,679,"$658,134.61 ","$524,602.51 "
,TOTAL,,872,"$689,143.27 ","$549,409.41 "
47620,80'S,,37,"$6,666.72 ","$5,253.39 "
,OTHER,,167,"$169,985.56 ","$135,900.62 "
,TOTAL,,204,"$176,652.28 ","$141,154.01 "
47630,OTHER,,606,"$231,333.50 ","$183,964.78 "
,TOTAL,,606,"$231,333.50 ","$183,964.78 "
47700,80'S,,11,"$1,382.50 ","$1,105.99 "
,OTHER,,46,"$33,897.93 ","$27,087.39 "
,TOTAL,,57,"$35,280.43 ","$28,193.38 "
47701,OTHER,,4,"$4,593.34 ","$3,674.67 "
,TOTAL,,4,"$4,593.34 ","$3,674.67 "
47711,80'S,,35,"$4,757.38 ","$3,805.92 "
,OTHER,,189,"$158,862.66 ","$125,812.67 "
,TOTAL,,224,"$163,620.04 ","$129,618.59 "
47712,80'S,,10,"$1,954.71 ","$1,563.77 "
,OTHER,,52,"$59,054.27 ","$47,243.40 "
,TOTAL,,62,"$61,008.98 ","$48,807.17 "
47715,80'S,,14,"$1,875.26 ","$1,500.21 "
,OTHER,,37,"$26,788.49 ","$21,430.75 "
,TOTAL,,51,"$28,663.75 ","$22,930.96 "
47716,80'S,,1,$157.42 ,$125.94 
,OTHER,,6,"$4,835.06 ","$3,868.06 "
,TOTAL,,7,"$4,992.48 ","$3,994.00 "
47720,80'S,,70,"$9,346.65 ","$7,317.31 "
,OTHER,,262,"$210,849.54 ","$167,537.53 "
,TOTAL,,332,"$220,196.19 ","$174,854.84 "
47721,80'S,,65,"$11,555.57 ","$9,244.50 "
,OTHER,,146,"$154,703.40 ","$123,015.50 "
,TOTAL,,211,"$166,258.97 ","$132,260.00 "
47740,80'S,,32,"$4,701.46 ","$3,761.16 "
,OTHER,,105,"$94,508.77 ","$75,606.91 "
,TOTAL,,137,"$99,210.23 ","$79,368.07 "
47741,80'S,,45,"$7,786.17 ","$6,228.93 "
,OTHER,,148,"$167,827.62 ","$134,182.09 "
,TOTAL,,193,"$175,613.79 ","$140,411.02 "
47760,80'S,,270,"$55,868.39 ","$43,898.02 "
,OTHER,,774,"$1,010,704.72 ","$806,078.50 "
,TOTAL,,"1,044","$1,066,573.11 ","$849,976.52 "
47765,80'S,,18,"$3,556.86 ","$2,845.49 "
,OTHER,,65,"$74,757.40 ","$59,805.90 "
,TOTAL,,83,"$78,314.26 ","$62,651.39 "
47780,80'S,,293,"$66,434.15 ","$53,106.60 "
,OTHER,,"1,134","$1,568,601.01 ","$1,244,764.65 "
,TOTAL,,"1,427","$1,635,035.16 ","$1,297,871.25 "
47785,80'S,,64,"$15,604.09 ","$12,483.29 "
,OTHER,,330,"$494,869.27 ","$394,124.61 "
,TOTAL,,394,"$510,473.36 ","$406,607.90 "
47800,80'S,,37,"$6,126.28 ","$4,901.06 "
,OTHER,,99,"$103,163.43 ","$81,065.17 "
,TOTAL,,136,"$109,289.71 ","$85,966.23 "
47801,80'S,,34,"$3,567.06 ","$2,846.55 "
,OTHER,,363,"$302,934.37 ","$241,107.97 "
,TOTAL,,397,"$306,501.43 ","$243,954.52 "
47802,80'S,,6,$934.89 ,$747.92 
,OTHER,,19,"$14,931.60 ","$11,945.30 "
,TOTAL,,25,"$15,866.49 ","$12,693.22 "
47900,80'S,,23,"$4,065.52 ","$3,252.42 "
,OTHER,,112,"$106,714.61 ","$85,371.69 "
,TOTAL,,135,"$110,780.13 ","$88,624.11 "
47999,80'S,,20,"$3,050.01 ","$2,440.02 "
,OTHER,,258,"$100,087.58 ","$80,066.34 "
,TOTAL,,278,"$103,137.59 ","$82,506.36 "
48000,80'S,,21,"$4,765.61 ","$3,812.49 "
,OTHER,,170,"$228,919.14 ","$183,044.39 "
,TOTAL,,191,"$233,684.75 ","$186,856.88 "
48001,80'S,,14,"$3,525.26 ","$2,820.21 "
,OTHER,,55,"$92,705.62 ","$73,169.06 "
,TOTAL,,69,"$96,230.88 ","$75,989.27 "
48005,80'S,,131,"$46,209.37 ","$36,948.51 "
,OTHER,,716,"$1,441,079.35 ","$1,145,515.00 "
,TOTAL,,847,"$1,487,288.72 ","$1,182,463.51 "
48020,80'S,,2,$204.83 ,$163.86 
,OTHER,,6,"$2,992.44 ","$2,393.96 "
,TOTAL,,8,"$3,197.27 ","$2,557.82 "
48100,80'S,,308,"$21,819.95 ","$17,451.57 "
,OTHER,,"1,417","$636,864.41 ","$508,698.20 "
,TOTAL,,"1,725","$658,684.36 ","$526,149.77 "
48102,SG,,33,"$5,452.86 ","$4,362.25 "
,OTHER,,"4,732","$1,236,037.41 ","$982,216.83 "
,TOTAL,,"4,765","$1,241,490.27 ","$986,579.08 "
48120,80'S,,64,"$6,917.45 ","$5,454.00 "
,OTHER,,195,"$135,081.92 ","$106,762.68 "
,TOTAL,,259,"$141,999.37 ","$112,216.68 "
48140,80'S,,349,"$66,038.74 ","$52,369.81 "
,OTHER,,"1,422","$1,668,778.19 ","$1,323,989.03 "
,TOTAL,,"1,771","$1,734,816.93 ","$1,376,358.84 "
48145,80'S,,10,"$2,039.41 ","$1,631.52 "
,OTHER,,59,"$75,413.14 ","$59,372.13 "
,TOTAL,,69,"$77,452.55 ","$61,003.65 "
48146,80'S,,17,"$3,993.31 ","$3,194.65 "
,OTHER,,48,"$69,994.12 ","$55,835.29 "
,TOTAL,,65,"$73,987.43 ","$59,029.94 "
48148,80'S,,26,"$3,530.49 ","$2,824.39 "
,OTHER,,75,"$63,664.19 ","$50,931.39 "
,TOTAL,,101,"$67,194.68 ","$53,755.78 "
48150,80'S,,572,"$248,415.45 ","$198,390.56 "
,OTHER,,"1,992","$5,313,368.64 ","$4,233,096.18 "
,TOTAL,,"2,564","$5,561,784.09 ","$4,431,486.74 "
48152,80'S,,12,"$4,820.11 ","$3,856.10 "
,OTHER,,44,"$98,698.04 ","$78,958.42 "
,TOTAL,,56,"$103,518.15 ","$82,814.52 "
48153,80'S,,212,"$90,883.61 ","$72,383.52 "
,OTHER,,969,"$2,560,028.82 ","$2,043,666.37 "
,TOTAL,,"1,181","$2,650,912.43 ","$2,116,049.89 "
48154,80'S,,5,"$1,943.66 ","$1,554.93 "
,OTHER,,19,"$45,479.60 ","$36,383.68 "
,TOTAL,,24,"$47,423.26 ","$37,938.61 "
48155,80'S,,16,"$3,241.24 ","$2,387.32 "
,OTHER,,66,"$87,639.40 ","$69,747.33 "
,TOTAL,,82,"$90,880.64 ","$72,134.65 "
48180,80'S,,29,"$5,609.67 ","$4,477.31 "
,OTHER,,117,"$144,066.03 ","$115,252.81 "
,TOTAL,,146,"$149,675.70 ","$119,730.12 "
48400,OTHER,,32,"$2,930.79 ","$2,344.66 "
,TOTAL,,32,"$2,930.79 ","$2,344.66 "
48500,80'S,,4,$443.26 ,$354.61 
,OTHER,,20,"$14,794.81 ","$11,792.69 "
,TOTAL,,24,"$15,238.07 ","$12,147.30 "
48510,80'S,,37,"$3,921.36 ","$3,107.65 "
,OTHER,,180,"$113,994.68 ","$91,099.23 "
,TOTAL,,217,"$117,916.04 ","$94,206.88 "
48511,OTHER,,564,"$155,457.21 ","$123,349.05 "
,TOTAL,,564,"$155,457.21 ","$123,349.05 "
48520,80'S,,86,"$11,287.13 ","$8,961.98 "
,OTHER,,290,"$224,264.52 ","$178,989.16 "
,TOTAL,,376,"$235,551.65 ","$187,951.14 "
48540,80'S,,29,"$4,978.23 ","$3,932.18 "
,OTHER,,136,"$131,250.26 ","$104,335.23 "
,TOTAL,,165,"$136,228.49 ","$108,267.41 "
48545,80'S,,6,$774.97 ,$619.98 
,OTHER,,44,"$35,676.57 ","$27,302.08 "
,TOTAL,,50,"$36,451.54 ","$27,922.06 "
48547,80'S,,11,"$2,407.85 ","$1,926.28 "
,OTHER,,44,"$59,078.82 ","$47,076.95 "
,TOTAL,,55,"$61,486.67 ","$49,003.23 "
48550,OTHER,,1,"$1,885.35 ","$1,508.28 "
,TOTAL,,1,"$1,885.35 ","$1,508.28 "
48554,80'S,,177,"$36,400.49 ","$28,020.44 "
,OTHER,,621,"$746,449.02 ","$586,320.61 "
,TOTAL,,798,"$782,849.51 ","$614,341.05 "
48556,80'S,,14,"$1,977.64 ","$1,582.12 "
,OTHER,,88,"$67,636.06 ","$53,818.40 "
,TOTAL,,102,"$69,613.70 ","$55,400.52 "
48999,80'S,,6,"$1,030.85 ",$824.68 
,OTHER,,112,"$77,027.49 ","$61,600.25 "
,TOTAL,,118,"$78,058.34 ","$62,424.93 "
49000,SG,,15,"$8,606.38 ","$6,850.46 "
,80'S,,"2,280","$244,875.17 ","$194,112.16 "
,OTHER,,"12,781","$8,094,145.14 ","$6,425,645.30 "
,TOTAL,,"15,076","$8,347,626.69 ","$6,626,607.92 "
49002,80'S,,433,"$40,398.61 ","$32,109.75 "
,OTHER,,"4,229","$2,195,754.40 ","$1,746,482.20 "
,TOTAL,,"4,662","$2,236,153.01 ","$1,778,591.95 "
49010,80'S,,354,"$39,982.73 ","$31,674.39 "
,OTHER,,"1,859","$1,238,211.46 ","$984,621.93 "
,TOTAL,,"2,213","$1,278,194.19 ","$1,016,296.32 "
49020,80'S,,705,"$132,881.79 ","$105,933.07 "
,OTHER,,"5,419","$6,004,793.94 ","$4,762,442.59 "
,TOTAL,,"6,124","$6,137,675.73 ","$4,868,375.66 "
49021,OTHER,,"12,871","$4,012,101.85 ","$3,189,022.60 "
,TOTAL,,"12,871","$4,012,101.85 ","$3,189,022.60 "
49040,80'S,,91,"$9,509.20 ","$7,607.36 "
,OTHER,,841,"$552,690.49 ","$439,605.78 "
,TOTAL,,932,"$562,199.69 ","$447,213.14 "
49041,80'S,,4,$138.96 ,$111.17 
,OTHER,,"1,753","$617,218.04 ","$490,289.46 "
,TOTAL,,"1,757","$617,357.00 ","$490,400.63 "
49060,80'S,,29,"$3,750.67 ","$3,000.57 "
,OTHER,,"1,858","$1,523,391.97 ","$1,208,457.01 "
,TOTAL,,"1,887","$1,527,142.64 ","$1,211,457.58 "
49061,80'S,,3,$79.44 ,$63.54 
,OTHER,,"5,514","$1,867,227.99 ","$1,485,180.74 "
,TOTAL,,"5,517","$1,867,307.43 ","$1,485,244.28 "
49062,80'S,,19,"$1,977.48 ","$1,572.86 "
,OTHER,,222,"$133,760.35 ","$102,983.07 "
,TOTAL,,241,"$135,737.83 ","$104,555.93 "
49080,SG,,928,"$406,526.22 ","$320,144.39 "
,OTHER,,"94,187","$6,888,955.45 ","$5,431,355.10 "
,TOTAL,,"95,115","$7,295,481.67 ","$5,751,499.49 "
49081,SG,,330,"$142,816.18 ","$113,445.32 "
,OTHER,,"9,215","$706,764.76 ","$554,331.46 "
,TOTAL,,"9,545","$849,580.94 ","$667,776.78 "
49085,SG,,30,"$11,995.23 ","$9,366.63 "
,80'S,,1,$109.40 ,$87.52 
,OTHER,,"1,528","$890,396.98 ","$705,061.85 "
,TOTAL,,"1,559","$902,501.61 ","$714,516.00 "
49180,SG,,51,"$13,897.54 ","$11,038.06 "
,OTHER,,"16,614","$1,578,137.47 ","$1,250,559.71 "
,TOTAL,,"16,665","$1,592,035.01 ","$1,261,597.77 "
49200,80'S,,565,"$40,971.88 ","$32,670.65 "
,OTHER,,"2,873","$1,323,845.19 ","$1,050,390.99 "
,TOTAL,,"3,438","$1,364,817.07 ","$1,083,061.64 "
49201,80'S,,694,"$82,289.07 ","$65,100.45 "
,OTHER,,"2,838","$1,991,964.99 ","$1,578,061.78 "
,TOTAL,,"3,532","$2,074,254.06 ","$1,643,162.23 "
49215,80'S,,32,"$9,589.30 ","$7,671.48 "
,OTHER,,181,"$283,506.09 ","$225,146.79 "
,TOTAL,,213,"$293,095.39 ","$232,818.27 "
49220,80'S,,19,"$2,186.29 ","$1,749.04 "
,OTHER,,56,"$40,144.92 ","$31,128.40 "
,TOTAL,,75,"$42,331.21 ","$32,877.44 "
49250,SG,,7,"$4,279.54 ","$3,423.63 "
,80'S,,1,$46.54 ,$37.23 
,OTHER,,240,"$93,820.58 ","$74,360.20 "
,TOTAL,,248,"$98,146.66 ","$77,821.06 "
49255,80'S,,165,"$15,513.81 ","$12,369.09 "
,OTHER,,841,"$464,740.36 ","$368,970.96 "
,TOTAL,,"1,006","$480,254.17 ","$381,340.05 "
49320,SG,,257,"$114,690.89 ","$89,874.58 "
,80'S,,978,"$34,423.95 ","$27,334.28 "
,OTHER,,"9,970","$2,260,576.31 ","$1,784,894.47 "
,TOTAL,,"11,205","$2,409,691.15 ","$1,902,103.33 "
49321,SG,,40,"$22,202.01 ","$17,636.65 "
,80'S,,297,"$12,493.58 ","$9,994.93 "
,OTHER,,"3,270","$849,395.03 ","$671,679.19 "
,TOTAL,,"3,607","$884,090.62 ","$699,310.77 "
49322,SG,,31,"$17,267.40 ","$13,626.80 "
,80'S,,56,"$2,557.90 ","$2,046.29 "
,OTHER,,708,"$194,321.37 ","$151,706.25 "
,TOTAL,,795,"$214,146.67 ","$167,379.34 "
49323,80'S,,14,$938.53 ,$699.36 
,OTHER,,202,"$90,272.86 ","$71,088.01 "
,TOTAL,,216,"$91,211.39 ","$71,787.37 "
49329,80'S,,42,"$4,332.83 ","$3,466.25 "
,OTHER,,922,"$380,699.86 ","$303,487.57 "
,TOTAL,,964,"$385,032.69 ","$306,953.82 "
49400,SG,,8,"$2,153.11 ","$1,722.48 "
,OTHER,,682,"$58,274.78 ","$44,880.43 "
,TOTAL,,690,"$60,427.89 ","$46,602.91 "
49419,OTHER,,201,"$63,899.03 ","$50,493.13 "
,TOTAL,,201,"$63,899.03 ","$50,493.13 "
49420,SG,,97,"$25,367.29 ","$19,783.52 "
,OTHER,,"5,432","$555,236.62 ","$436,613.85 "
,TOTAL,,"5,529","$580,603.91 ","$456,397.37 "
49421,SG,,126,"$34,940.77 ","$27,132.23 "
,OTHER,,"9,482","$3,227,608.32 ","$2,522,410.86 "
,TOTAL,,"9,608","$3,262,549.09 ","$2,549,543.09 "
49422,SG,,43,"$13,142.98 ","$10,514.41 "
,OTHER,,"7,961","$2,479,035.53 ","$1,934,555.48 "
,TOTAL,,"8,004","$2,492,178.51 ","$1,945,069.89 "
49423,OTHER,,"4,082","$315,830.89 ","$250,342.34 "
,TOTAL,,"4,082","$315,830.89 ","$250,342.34 "
49424,OTHER,,"12,201","$482,300.77 ","$381,930.69 "
,TOTAL,,"12,201","$482,300.77 ","$381,930.69 "
49425,80'S,,33,"$3,758.68 ","$3,006.91 "
,OTHER,,696,"$452,798.31 ","$360,213.11 "
,TOTAL,,729,"$456,556.99 ","$363,220.02 "
49426,SG,,4,"$1,777.30 ","$1,421.83 "
,OTHER,,229,"$125,527.60 ","$97,040.85 "
,TOTAL,,233,"$127,304.90 ","$98,462.68 "
49427,OTHER,,237,"$11,526.91 ","$9,156.08 "
,TOTAL,,237,"$11,526.91 ","$9,156.08 "
49428,OTHER,,36,"$10,949.32 ","$8,759.39 "
,TOTAL,,36,"$10,949.32 ","$8,759.39 "
49429,80'S,,1,$31.72 ,$25.38 
,OTHER,,244,"$79,427.16 ","$63,014.37 "
,TOTAL,,245,"$79,458.88 ","$63,039.75 "
49491,OTHER,,2,"$1,011.85 ",$809.48 
,TOTAL,,2,"$1,011.85 ",$809.48 
49492,80'S,,4,$499.78 ,$399.82 
,OTHER,,12,"$7,949.63 ","$6,359.72 "
,TOTAL,,16,"$8,449.41 ","$6,759.54 "
49495,SG,,1,$44.45 ,$35.56 
,OTHER,,23,"$6,983.86 ","$4,802.25 "
,TOTAL,,24,"$7,028.31 ","$4,837.81 "
49496,80'S,,1,$81.80 ,$65.44 
,OTHER,,11,"$5,602.86 ","$4,482.29 "
,TOTAL,,12,"$5,684.66 ","$4,547.73 "
49500,SG,,1,$607.42 ,$485.94 
,80'S,,6,$260.21 ,$208.17 
,OTHER,,18,"$4,908.14 ","$3,499.56 "
,TOTAL,,25,"$5,775.77 ","$4,193.67 "
49501,SG,,1,"$1,320.49 ","$1,056.39 "
,80'S,,1,$40.10 ,$32.08 
,OTHER,,28,"$12,230.09 ","$9,784.06 "
,TOTAL,,30,"$13,590.68 ","$10,872.53 "
49505,SG,,"10,478","$6,491,979.05 ","$5,110,318.69 "
,80'S,,"4,965","$339,319.48 ","$267,750.54 "
,OTHER,,"101,494","$43,474,552.76 ","$34,280,741.66 "
,TOTAL,,"116,937","$50,305,851.29 ","$39,658,810.89 "
49507,SG,,126,"$170,295.50 ","$134,620.39 "
,80'S,,930,"$82,378.80 ","$65,508.70 "
,OTHER,,"12,296","$6,774,543.65 ","$5,366,856.21 "
,TOTAL,,"13,352","$7,027,217.95 ","$5,566,985.30 "
49520,SG,,"1,175","$1,164,557.73 ","$920,813.84 "
,80'S,,727,"$64,956.88 ","$51,061.59 "
,OTHER,,"13,186","$7,206,657.02 ","$5,696,393.11 "
,TOTAL,,"15,088","$8,436,171.63 ","$6,668,268.54 "
49521,SG,,33,"$44,305.00 ","$35,444.00 "
,80'S,,232,"$23,276.39 ","$18,582.97 "
,OTHER,,"3,390","$2,140,025.95 ","$1,694,884.34 "
,TOTAL,,"3,655","$2,207,607.34 ","$1,748,911.31 "
49525,SG,,362,"$226,619.13 ","$179,066.11 "
,80'S,,233,"$18,585.75 ","$14,361.84 "
,OTHER,,"3,329","$1,641,818.03 ","$1,299,304.35 "
,TOTAL,,"3,924","$1,887,022.91 ","$1,492,732.30 "
49540,SG,,3,"$1,351.62 ","$1,081.29 "
,80'S,,24,"$1,951.39 ","$1,561.09 "
,OTHER,,199,"$107,299.72 ","$84,327.76 "
,TOTAL,,226,"$110,602.73 ","$86,970.14 "
49550,SG,,195,"$133,829.50 ","$106,013.74 "
,80'S,,148,"$9,851.47 ","$7,758.83 "
,OTHER,,"2,229","$973,701.06 ","$768,998.73 "
,TOTAL,,"2,572","$1,117,382.03 ","$882,771.30 "
49553,SG,,36,"$47,526.79 ","$37,079.62 "
,80'S,,277,"$19,536.17 ","$15,462.89 "
,OTHER,,"3,715","$1,682,925.54 ","$1,336,102.18 "
,TOTAL,,"4,028","$1,749,988.50 ","$1,388,644.69 "
49555,SG,,19,"$13,923.12 ","$11,138.50 "
,80'S,,17,"$1,343.59 ","$1,005.31 "
,OTHER,,243,"$114,330.72 ","$90,884.09 "
,TOTAL,,279,"$129,597.43 ","$103,027.90 "
49557,SG,,6,"$7,824.39 ","$6,259.52 "
,80'S,,30,"$2,289.16 ","$1,831.33 "
,OTHER,,451,"$245,549.44 ","$195,941.25 "
,TOTAL,,487,"$255,662.99 ","$204,032.10 "
49560,SG,,"1,089","$587,192.59 ","$466,008.64 "
,80'S,,"4,568","$438,801.86 ","$346,555.72 "
,OTHER,,"42,812","$25,525,423.61 ","$20,151,702.13 "
,TOTAL,,"48,469","$26,551,418.06 ","$20,964,266.49 "
49561,SG,,83,"$107,277.37 ","$82,977.17 "
,80'S,,"1,860","$214,120.68 ","$169,906.34 "
,OTHER,,"14,564","$10,398,920.07 ","$8,239,565.42 "
,TOTAL,,"16,507","$10,720,318.12 ","$8,492,448.93 "
49565,SG,,193,"$102,125.03 ","$80,553.23 "
,80'S,,"1,136","$113,226.86 ","$89,224.62 "
,OTHER,,"9,923","$6,006,625.92 ","$4,731,173.79 "
,TOTAL,,"11,252","$6,221,977.81 ","$4,900,951.64 "
49566,SG,,16,"$21,831.64 ","$17,465.31 "
,80'S,,657,"$77,700.85 ","$61,619.11 "
,OTHER,,"4,769","$3,409,912.44 ","$2,691,463.86 "
,TOTAL,,"5,442","$3,509,444.93 ","$2,770,548.28 "
49568,SG,,396,"$365,936.44 ","$287,186.91 "
,80'S,,"3,836","$158,247.47 ","$125,757.02 "
,OTHER,,"42,393","$10,520,269.81 ","$8,327,949.61 "
,TOTAL,,"46,625","$11,044,453.72 ","$8,740,893.54 "
49570,SG,,99,"$59,164.25 ","$46,538.29 "
,80'S,,89,"$4,066.54 ","$3,160.12 "
,OTHER,,"1,193","$356,891.67 ","$280,717.70 "
,TOTAL,,"1,381","$420,122.46 ","$330,416.11 "
49572,SG,,17,"$22,835.81 ","$18,268.65 "
,80'S,,68,"$3,976.80 ","$3,175.72 "
,OTHER,,784,"$267,836.76 ","$211,060.70 "
,TOTAL,,869,"$294,649.37 ","$232,505.07 "
49580,SG,,2,$938.01 ,$750.41 
,80'S,,9,$212.88 ,$170.31 
,OTHER,,33,"$6,097.35 ","$4,787.01 "
,TOTAL,,44,"$7,248.24 ","$5,707.73 "
49582,SG,,1,"$1,606.89 ","$1,285.51 "
,80'S,,12,$582.92 ,$466.34 
,OTHER,,136,"$46,120.64 ","$36,247.19 "
,TOTAL,,149,"$48,310.45 ","$37,999.04 "
49585,SG,,"1,815","$1,056,177.96 ","$831,473.28 "
,80'S,,"1,918","$77,520.60 ","$61,495.42 "
,OTHER,,"25,459","$7,441,501.63 ","$5,859,476.62 "
,TOTAL,,"29,192","$8,575,200.19 ","$6,752,445.32 "
49587,SG,,195,"$260,732.32 ","$205,692.91 "
,80'S,,752,"$40,862.92 ","$32,199.92 "
,OTHER,,"9,739","$3,646,719.55 ","$2,876,193.06 "
,TOTAL,,"10,686","$3,948,314.79 ","$3,114,085.89 "
49590,SG,,63,"$30,168.91 ","$24,002.99 "
,80'S,,147,"$10,189.92 ","$8,144.74 "
,OTHER,,"1,483","$668,209.02 ","$529,383.19 "
,TOTAL,,"1,693","$708,567.85 ","$561,530.92 "
49600,SG,,2,"$1,197.26 ",$957.81 
,80'S,,3,$243.52 ,$114.73 
,OTHER,,26,"$11,502.70 ","$9,157.87 "
,TOTAL,,31,"$12,943.48 ","$10,230.41 "
49605,80'S,,5,"$2,661.38 ","$1,648.00 "
,OTHER,,18,"$55,050.78 ","$42,046.64 "
,TOTAL,,23,"$57,712.16 ","$43,694.64 "
49606,80'S,,4,$522.74 ,$403.66 
,OTHER,,54,"$54,732.67 ","$43,786.19 "
,TOTAL,,58,"$55,255.41 ","$44,189.85 "
49610,80'S,,1,$115.19 ,$92.15 
,OTHER,,8,"$3,194.06 ","$2,555.25 "
,TOTAL,,9,"$3,309.25 ","$2,647.40 "
49650,SG,,"1,165","$723,606.26 ","$570,510.31 "
,80'S,,"1,472","$89,762.23 ","$70,122.65 "
,OTHER,,"13,742","$4,975,886.55 ","$3,913,006.89 "
,TOTAL,,"16,379","$5,789,255.04 ","$4,553,639.85 "
49651,SG,,152,"$151,441.49 ","$120,263.96 "
,80'S,,241,"$18,800.53 ","$14,876.61 "
,OTHER,,"2,432","$1,146,047.52 ","$906,274.04 "
,TOTAL,,"2,825","$1,316,289.54 ","$1,041,414.61 "
49659,80'S,,896,"$115,427.78 ","$91,723.91 "
,OTHER,,"5,994","$4,208,428.89 ","$3,338,328.16 "
,TOTAL,,"6,890","$4,323,856.67 ","$3,430,052.07 "
49900,80'S,,156,"$15,832.32 ","$12,490.31 "
,OTHER,,"2,168","$1,328,587.58 ","$1,057,175.66 "
,TOTAL,,"2,324","$1,344,419.90 ","$1,069,665.97 "
49904,OTHER,,205,"$232,176.84 ","$185,658.97 "
,TOTAL,,205,"$232,176.84 ","$185,658.97 "
49905,80'S,,168,"$9,269.61 ","$7,361.69 "
,OTHER,,"1,203","$396,024.41 ","$314,969.00 "
,TOTAL,,"1,371","$405,294.02 ","$322,330.69 "
49906,OTHER,,12,"$12,361.53 ","$9,889.23 "
,TOTAL,,12,"$12,361.53 ","$9,889.23 "
49999,80'S,,41,"$4,550.11 ","$3,640.07 "
,OTHER,,"1,200","$499,111.72 ","$397,610.52 "
,TOTAL,,"1,241","$503,661.83 ","$401,250.59 "
50010,80'S,URINARY,67,"$4,642.83 ","$3,714.34 "
,OTHER,,256,"$118,156.77 ","$93,855.45 "
,TOTAL,,323,"$122,799.60 ","$97,569.79 "
50020,SG,,1,$445.66 ,$356.53 
,OTHER,,372,"$184,837.86 ","$146,046.75 "
,TOTAL,,373,"$185,283.52 ","$146,403.28 "
50021,80'S,,1,$45.94 ,$36.75 
,OTHER,,916,"$438,157.18 ","$347,624.35 "
,TOTAL,,917,"$438,203.12 ","$347,661.10 "
50040,OTHER,,183,"$150,178.49 ","$119,525.06 "
,TOTAL,,183,"$150,178.49 ","$119,525.06 "
50045,80'S,,5,$719.81 ,$575.84 
,OTHER,,29,"$18,527.28 ","$14,793.01 "
,TOTAL,,34,"$19,247.09 ","$15,368.85 "
50060,80'S,,20,"$2,742.75 ","$2,137.30 "
,OTHER,,80,"$73,885.75 ","$59,028.61 "
,TOTAL,,100,"$76,628.50 ","$61,165.91 "
50065,80'S,,2,$354.62 ,$283.70 
,OTHER,,5,"$5,168.14 ","$4,134.51 "
,TOTAL,,7,"$5,522.76 ","$4,418.21 "
50070,80'S,,3,$464.93 ,$371.94 
,OTHER,,7,"$6,875.99 ","$5,500.80 "
,TOTAL,,10,"$7,340.92 ","$5,872.74 "
50075,80'S,,20,"$4,219.67 ","$3,299.48 "
,OTHER,,49,"$64,351.54 ","$51,481.21 "
,TOTAL,,69,"$68,571.21 ","$54,780.69 "
50080,OTHER,,"1,352","$1,202,502.13 ","$954,802.77 "
,TOTAL,,"1,352","$1,202,502.13 ","$954,802.77 "
50081,80'S,,238,"$49,072.59 ","$38,971.44 "
,OTHER,,"2,340","$2,911,410.16 ","$2,301,728.19 "
,TOTAL,,"2,578","$2,960,482.75 ","$2,340,699.63 "
50100,80'S,,4,$509.01 ,$323.29 
,OTHER,,21,"$11,358.89 ","$9,063.22 "
,TOTAL,,25,"$11,867.90 ","$9,386.51 "
50120,80'S,,9,"$1,105.07 ",$884.04 
,OTHER,,37,"$28,603.44 ","$22,847.86 "
,TOTAL,,46,"$29,708.51 ","$23,731.90 "
50125,OTHER,,4,"$3,831.04 ","$3,064.84 "
,TOTAL,,4,"$3,831.04 ","$3,064.84 "
50130,80'S,,56,"$7,368.58 ","$5,883.25 "
,OTHER,,125,"$99,414.23 ","$79,253.83 "
,TOTAL,,181,"$106,782.81 ","$85,137.08 "
50135,80'S,,14,"$2,285.83 ","$1,828.68 "
,OTHER,,31,"$30,158.18 ","$24,126.55 "
,TOTAL,,45,"$32,444.01 ","$25,955.23 "
50200,SG,,32,"$10,117.43 ","$8,093.92 "
,OTHER,,"21,866","$2,891,098.69 ","$2,265,040.67 "
,TOTAL,,"21,898","$2,901,216.12 ","$2,273,134.59 "
50205,80'S,,94,"$7,785.02 ","$6,228.05 "
,OTHER,,944,"$445,433.76 ","$352,588.22 "
,TOTAL,,"1,038","$453,218.78 ","$358,816.27 "
50220,80'S,,"1,337","$200,323.41 ","$159,062.51 "
,OTHER,,"2,696","$2,407,632.82 ","$1,910,013.98 "
,TOTAL,,"4,033","$2,607,956.23 ","$2,069,076.49 "
50225,80'S,,150,"$26,223.28 ","$20,584.10 "
,OTHER,,287,"$304,757.19 ","$239,899.73 "
,TOTAL,,437,"$330,980.47 ","$260,483.83 "
50230,80'S,,"4,828","$929,521.33 ","$738,421.96 "
,OTHER,,"7,978","$9,291,624.23 ","$7,384,237.42 "
,TOTAL,,"12,806","$10,221,145.56 ","$8,122,659.38 "
50234,80'S,,599,"$114,148.56 ","$90,850.39 "
,OTHER,,"1,085","$1,243,424.82 ","$991,193.04 "
,TOTAL,,"1,684","$1,357,573.38 ","$1,082,043.43 "
50236,80'S,,542,"$123,103.51 ","$97,754.20 "
,OTHER,,804,"$1,113,072.80 ","$879,790.80 "
,TOTAL,,"1,346","$1,236,176.31 ","$977,545.00 "
50240,80'S,,"1,088","$223,505.63 ","$177,425.31 "
,OTHER,,"2,400","$3,047,577.86 ","$2,415,452.53 "
,TOTAL,,"3,488","$3,271,083.49 ","$2,592,877.84 "
50280,80'S,,100,"$11,759.34 ","$9,245.32 "
,OTHER,,269,"$190,077.66 ","$150,684.65 "
,TOTAL,,369,"$201,837.00 ","$159,929.97 "
50290,80'S,,5,$699.83 ,$479.86 
,OTHER,,21,"$15,456.33 ","$12,365.08 "
,TOTAL,,26,"$16,156.16 ","$12,844.94 "
50320,80'S,,131,"$25,988.24 ","$22,308.72 "
,OTHER,,547,"$658,611.48 ","$632,700.19 "
,TOTAL,,678,"$684,599.72 ","$655,008.91 "
50340,80'S,,11,"$1,537.35 ","$1,130.35 "
,OTHER,,90,"$71,558.90 ","$56,737.24 "
,TOTAL,,101,"$73,096.25 ","$57,867.59 "
50360,80'S,,"1,326","$403,205.01 ","$314,285.40 "
,OTHER,,"9,102","$16,751,638.98 ","$13,106,125.32 "
,TOTAL,,"10,428","$17,154,843.99 ","$13,420,410.72 "
50365,80'S,,29,"$11,050.53 ","$8,500.94 "
,OTHER,,129,"$284,414.53 ","$217,654.65 "
,TOTAL,,158,"$295,465.06 ","$226,155.59 "
50370,80'S,,134,"$18,784.20 ","$14,703.08 "
,OTHER,,"1,193","$984,433.46 ","$774,102.44 "
,TOTAL,,"1,327","$1,003,217.66 ","$788,805.52 "
50380,80'S,,6,"$1,173.18 ",$851.31 
,OTHER,,46,"$41,193.86 ","$31,380.78 "
,TOTAL,,52,"$42,367.04 ","$32,232.09 "
50390,SG,,10,"$3,284.30 ","$2,627.41 "
,OTHER,,"8,358","$557,817.28 ","$441,609.86 "
,TOTAL,,"8,368","$561,101.58 ","$444,237.27 "
50392,SG,,1,$316.93 ,$253.54 
,OTHER,,"16,083","$2,462,453.85 ","$1,958,406.45 "
,TOTAL,,"16,084","$2,462,770.78 ","$1,958,659.99 "
50393,SG,,8,"$1,798.49 ","$1,438.79 "
,OTHER,,"10,229","$2,010,968.23 ","$1,599,470.30 "
,TOTAL,,"10,237","$2,012,766.72 ","$1,600,909.09 "
50394,OTHER,,"31,144","$949,318.78 ","$751,115.28 "
,TOTAL,,"31,144","$949,318.78 ","$751,115.28 "
50395,SG,,8,"$2,261.08 ","$1,808.84 "
,OTHER,,"3,538","$483,039.07 ","$384,564.85 "
,TOTAL,,"3,546","$485,300.15 ","$386,373.69 "
50396,OTHER,,104,"$9,906.78 ","$7,468.20 "
,TOTAL,,104,"$9,906.78 ","$7,468.20 "
50398,SG,,25,"$7,618.10 ","$6,070.51 "
,OTHER,,"19,502","$1,356,184.27 ","$1,064,721.00 "
,TOTAL,,"19,527","$1,363,802.37 ","$1,070,791.51 "
50400,80'S,,137,"$22,951.81 ","$18,177.67 "
,OTHER,,257,"$262,407.35 ","$206,310.03 "
,TOTAL,,394,"$285,359.16 ","$224,487.70 "
50405,80'S,,52,"$10,845.99 ","$8,603.64 "
,OTHER,,110,"$144,922.06 ","$114,514.97 "
,TOTAL,,162,"$155,768.05 ","$123,118.61 "
50500,80'S,,10,"$1,422.49 ","$1,137.99 "
,OTHER,,45,"$40,481.03 ","$32,384.83 "
,TOTAL,,55,"$41,903.52 ","$33,522.82 "
50520,OTHER,,12,"$11,312.02 ","$9,049.62 "
,TOTAL,,12,"$11,312.02 ","$9,049.62 "
50540,80'S,,4,$640.38 ,$512.30 
,OTHER,,9,"$8,359.32 ","$6,687.46 "
,TOTAL,,13,"$8,999.70 ","$7,199.76 "
50541,80'S,,87,"$11,160.81 ","$8,841.22 "
,OTHER,,231,"$176,371.53 ","$139,686.32 "
,TOTAL,,318,"$187,532.34 ","$148,527.54 "
50542,80'S,,104,"$17,552.93 ","$14,042.34 "
,OTHER,,348,"$361,678.87 ","$288,358.82 "
,TOTAL,,452,"$379,231.80 ","$302,401.16 "
50543,80'S,,131,"$28,574.28 ","$22,572.10 "
,OTHER,,423,"$573,176.47 ","$455,443.74 "
,TOTAL,,554,"$601,750.75 ","$478,015.84 "
50544,80'S,,15,"$2,679.99 ","$2,143.99 "
,OTHER,,72,"$81,721.78 ","$64,316.77 "
,TOTAL,,87,"$84,401.77 ","$66,460.76 "
50545,80'S,,"1,323","$265,082.96 ","$210,929.69 "
,OTHER,,"2,557","$3,158,037.97 ","$2,507,881.82 "
,TOTAL,,"3,880","$3,423,120.93 ","$2,718,811.51 "
50546,80'S,,506,"$86,418.74 ","$68,913.80 "
,OTHER,,"1,159","$1,190,469.86 ","$946,624.01 "
,TOTAL,,"1,665","$1,276,888.60 ","$1,015,537.81 "
50547,80'S,,451,"$124,937.40 ","$112,300.82 "
,OTHER,,"1,760","$2,248,986.58 ","$2,202,287.04 "
,TOTAL,,"2,211","$2,373,923.98 ","$2,314,587.86 "
50548,80'S,,332,"$66,938.29 ","$53,188.57 "
,OTHER,,660,"$829,576.14 ","$661,543.10 "
,TOTAL,,992,"$896,514.43 ","$714,731.67 "
50549,80'S,,12,"$1,876.80 ","$1,501.44 "
,OTHER,,100,"$88,252.09 ","$70,601.67 "
,TOTAL,,112,"$90,128.89 ","$72,103.11 "
50551,OTHER,,181,"$44,303.17 ","$35,344.28 "
,TOTAL,,181,"$44,303.17 ","$35,344.28 "
50553,SG,,2,$676.85 ,$541.48 
,OTHER,,365,"$106,052.95 ","$84,045.38 "
,TOTAL,,367,"$106,729.80 ","$84,586.86 "
50555,SG,,1,$162.36 ,$129.89 
,OTHER,,84,"$25,314.73 ","$20,063.31 "
,TOTAL,,85,"$25,477.09 ","$20,193.20 "
50557,OTHER,,77,"$23,404.76 ","$18,497.61 "
,TOTAL,,77,"$23,404.76 ","$18,497.61 "
50559,OTHER,,11,"$2,594.90 ","$2,039.19 "
,TOTAL,,11,"$2,594.90 ","$2,039.19 "
50561,SG,,7,"$1,803.16 ","$1,442.53 "
,80'S,,5,$231.62 ,$185.28 
,OTHER,,343,"$128,199.56 ","$101,200.10 "
,TOTAL,,355,"$130,234.34 ","$102,827.91 "
50562,80'S,,4,$377.23 ,$301.77 
,OTHER,,42,"$23,654.16 ","$18,923.29 "
,TOTAL,,46,"$24,031.39 ","$19,225.06 "
50570,OTHER,,61,"$26,576.77 ","$20,559.99 "
,TOTAL,,61,"$26,576.77 ","$20,559.99 "
50572,OTHER,,50,"$28,392.07 ","$22,670.70 "
,TOTAL,,50,"$28,392.07 ","$22,670.70 "
50574,OTHER,,26,"$13,063.10 ","$10,450.49 "
,TOTAL,,26,"$13,063.10 ","$10,450.49 "
50575,OTHER,,267,"$178,311.48 ","$141,681.10 "
,TOTAL,,267,"$178,311.48 ","$141,681.10 "
50576,OTHER,,22,"$11,335.64 ","$8,945.28 "
,TOTAL,,22,"$11,335.64 ","$8,945.28 "
50578,OTHER,,3,"$1,465.32 ","$1,172.26 "
,TOTAL,,3,"$1,465.32 ","$1,172.26 "
50580,OTHER,,53,"$27,300.50 ","$21,355.20 "
,TOTAL,,53,"$27,300.50 ","$21,355.20 "
50590,SG,,20,"$24,921.99 ","$16,964.96 "
,OTHER,,"47,681","$25,194,418.25 ","$19,895,647.30 "
,TOTAL,,"47,701","$25,219,340.24 ","$19,912,612.26 "
50600,80'S,,16,"$1,727.45 ","$1,381.96 "
,OTHER,,125,"$98,194.46 ","$77,743.84 "
,TOTAL,,141,"$99,921.91 ","$79,125.80 "
50605,80'S,,196,"$18,446.20 ","$14,710.67 "
,OTHER,,994,"$585,417.70 ","$462,412.58 "
,TOTAL,,"1,190","$603,863.90 ","$477,123.25 "
50610,80'S,,27,"$3,571.33 ","$2,857.09 "
,OTHER,,105,"$68,668.79 ","$54,754.34 "
,TOTAL,,132,"$72,240.12 ","$57,611.43 "
50620,80'S,,9,$988.55 ,$790.85 
,OTHER,,39,"$27,759.01 ","$22,127.21 "
,TOTAL,,48,"$28,747.56 ","$22,918.06 "
50630,80'S,,30,"$3,544.53 ","$2,835.62 "
,OTHER,,124,"$80,456.93 ","$63,056.65 "
,TOTAL,,154,"$84,001.46 ","$65,892.27 "
50650,80'S,,250,"$29,125.30 ","$23,174.75 "
,OTHER,,505,"$347,962.21 ","$278,220.80 "
,TOTAL,,755,"$377,087.51 ","$301,395.55 "
50660,80'S,,19,"$2,393.53 ","$1,914.80 "
,OTHER,,40,"$32,122.40 ","$25,697.93 "
,TOTAL,,59,"$34,515.93 ","$27,612.73 "
50684,SG,,121,"$20,255.58 ","$16,080.53 "
,OTHER,,"2,000","$64,538.57 ","$51,337.46 "
,TOTAL,,"2,121","$84,794.15 ","$67,417.99 "
50686,OTHER,,23,"$1,337.16 ","$1,037.74 "
,TOTAL,,23,"$1,337.16 ","$1,037.74 "
50688,SG,,2,$655.01 ,$524.01 
,OTHER,,"1,329","$124,425.60 ","$97,644.41 "
,TOTAL,,"1,331","$125,080.61 ","$98,168.42 "
50690,SG,,21,"$6,397.70 ","$5,118.13 "
,OTHER,,"3,292","$422,703.59 ","$333,785.95 "
,TOTAL,,"3,313","$429,101.29 ","$338,904.08 "
50700,80'S,,14,"$1,277.79 ","$1,022.24 "
,OTHER,,192,"$154,796.07 ","$121,985.59 "
,TOTAL,,206,"$156,073.86 ","$123,007.83 "
50715,80'S,,232,"$41,006.85 ","$32,445.79 "
,OTHER,,"1,245","$1,271,117.28 ","$1,007,957.05 "
,TOTAL,,"1,477","$1,312,124.13 ","$1,040,402.84 "
50722,80'S,,9,"$1,368.19 ","$1,080.21 "
,OTHER,,32,"$26,659.51 ","$21,327.59 "
,TOTAL,,41,"$28,027.70 ","$22,407.80 "
50725,80'S,,3,$425.32 ,$282.14 
,OTHER,,15,"$13,779.86 ","$10,584.04 "
,TOTAL,,18,"$14,205.18 ","$10,866.18 "
50727,80'S,,26,"$1,931.50 ","$1,545.24 "
,OTHER,,180,"$82,871.37 ","$65,451.28 "
,TOTAL,,206,"$84,802.87 ","$66,996.52 "
50728,80'S,,11,"$1,062.85 ",$850.27 
,OTHER,,79,"$48,355.77 ","$38,684.55 "
,TOTAL,,90,"$49,418.62 ","$39,534.82 "
50740,80'S,,14,"$2,145.74 ","$1,716.59 "
,OTHER,,71,"$65,696.53 ","$50,915.65 "
,TOTAL,,85,"$67,842.27 ","$52,632.24 "
50750,OTHER,,6,"$5,348.26 ","$3,759.14 "
,TOTAL,,6,"$5,348.26 ","$3,759.14 "
50760,80'S,,99,"$14,035.46 ","$11,171.53 "
,OTHER,,419,"$382,694.98 ","$303,765.07 "
,TOTAL,,518,"$396,730.44 ","$314,936.60 "
50770,80'S,,11,"$1,917.21 ","$1,533.78 "
,OTHER,,37,"$38,830.60 ","$31,064.49 "
,TOTAL,,48,"$40,747.81 ","$32,598.27 "
50780,80'S,,233,"$37,135.63 ","$29,496.93 "
,OTHER,,987,"$964,992.58 ","$760,175.79 "
,TOTAL,,"1,220","$1,002,128.21 ","$789,672.72 "
50782,80'S,,3,$524.69 ,$419.75 
,OTHER,,35,"$12,507.84 ","$9,970.90 "
,TOTAL,,38,"$13,032.53 ","$10,390.65 "
50783,80'S,,5,$827.67 ,$662.13 
,OTHER,,16,"$16,271.32 ","$12,937.04 "
,TOTAL,,21,"$17,098.99 ","$13,599.17 "
50785,80'S,,146,"$25,475.33 ","$20,259.14 "
,OTHER,,351,"$376,786.71 ","$298,398.03 "
,TOTAL,,497,"$402,262.04 ","$318,657.17 "
50800,80'S,,38,"$5,278.53 ","$4,127.87 "
,OTHER,,116,"$95,238.11 ","$75,418.98 "
,TOTAL,,154,"$100,516.64 ","$79,546.85 "
50810,80'S,,2,$298.86 ,$239.09 
,OTHER,,29,"$31,330.98 ","$25,064.79 "
,TOTAL,,31,"$31,629.84 ","$25,303.88 "
50815,80'S,,18,"$3,012.94 ","$2,271.39 "
,OTHER,,51,"$56,431.14 ","$44,497.83 "
,TOTAL,,69,"$59,444.08 ","$46,769.22 "
50820,80'S,,305,"$59,390.03 ","$47,512.11 "
,OTHER,,924,"$972,689.37 ","$776,277.51 "
,TOTAL,,"1,229","$1,032,079.40 ","$823,789.62 "
50825,80'S,,38,"$8,153.26 ","$6,522.59 "
,OTHER,,154,"$217,412.53 ","$172,980.70 "
,TOTAL,,192,"$225,565.79 ","$179,503.29 "
50830,80'S,,16,"$4,601.72 ","$3,681.38 "
,OTHER,,91,"$119,116.60 ","$93,865.21 "
,TOTAL,,107,"$123,718.32 ","$97,546.59 "
50840,80'S,,13,"$2,069.84 ","$1,655.87 "
,OTHER,,41,"$45,530.26 ","$36,424.21 "
,TOTAL,,54,"$47,600.10 ","$38,080.08 "
50845,80'S,,10,"$1,359.81 ","$1,017.77 "
,OTHER,,49,"$42,427.00 ","$33,090.78 "
,TOTAL,,59,"$43,786.81 ","$34,108.55 "
50860,80'S,,10,"$1,398.30 ","$1,118.65 "
,OTHER,,54,"$41,717.08 ","$33,373.70 "
,TOTAL,,64,"$43,115.38 ","$34,492.35 "
50900,80'S,,14,"$1,345.79 ","$1,076.62 "
,OTHER,,127,"$78,796.87 ","$62,953.21 "
,TOTAL,,141,"$80,142.66 ","$64,029.83 "
50920,OTHER,,8,"$6,049.71 ","$4,839.76 "
,TOTAL,,8,"$6,049.71 ","$4,839.76 "
50930,80'S,,4,$672.03 ,$537.63 
,OTHER,,17,"$14,570.23 ","$11,656.19 "
,TOTAL,,21,"$15,242.26 ","$12,193.82 "
50940,OTHER,,10,"$7,162.67 ","$5,730.13 "
,TOTAL,,10,"$7,162.67 ","$5,730.13 "
50945,OTHER,,10,"$7,997.47 ","$6,397.99 "
,TOTAL,,10,"$7,997.47 ","$6,397.99 "
50947,80'S,,1,$196.39 ,$157.11 
,OTHER,,15,"$20,732.04 ","$16,585.63 "
,TOTAL,,16,"$20,928.43 ","$16,742.74 "
50948,SG,,1,"$1,338.91 ","$1,071.13 "
,80'S,,1,$187.70 ,$150.16 
,OTHER,,5,"$5,793.05 ","$4,634.44 "
,TOTAL,,7,"$7,319.66 ","$5,855.73 "
50949,80'S,,4,$702.65 ,$562.12 
,OTHER,,36,"$26,814.62 ","$21,451.70 "
,TOTAL,,40,"$27,517.27 ","$22,013.82 "
50951,SG,,23,"$5,445.28 ","$4,356.26 "
,OTHER,,155,"$41,655.82 ","$32,663.42 "
,TOTAL,,178,"$47,101.10 ","$37,019.68 "
50953,SG,,5,"$1,314.35 ","$1,051.48 "
,OTHER,,137,"$38,785.03 ","$30,479.48 "
,TOTAL,,142,"$40,099.38 ","$31,530.96 "
50955,SG,,3,$610.00 ,$488.01 
,OTHER,,54,"$17,455.44 ","$13,793.14 "
,TOTAL,,57,"$18,065.44 ","$14,281.15 "
50957,OTHER,,34,"$11,298.55 ","$9,023.40 "
,TOTAL,,34,"$11,298.55 ","$9,023.40 "
50959,SG,,1,$319.39 ,$255.51 
,OTHER,,2,$531.99 ,$216.80 
,TOTAL,,3,$851.38 ,$472.31 
50961,SG,,2,$661.63 ,$529.30 
,OTHER,,107,"$30,247.84 ","$23,714.11 "
,TOTAL,,109,"$30,909.47 ","$24,243.41 "
50970,80'S,,1,$27.74 ,$22.19 
,OTHER,,30,"$6,812.28 ","$5,425.98 "
,TOTAL,,31,"$6,840.02 ","$5,448.17 "
50972,OTHER,,80,"$22,333.81 ","$17,563.73 "
,TOTAL,,80,"$22,333.81 ","$17,563.73 "
50974,OTHER,,16,"$7,011.42 ","$5,330.73 "
,TOTAL,,16,"$7,011.42 ","$5,330.73 "
50976,OTHER,,13,"$5,190.39 ","$4,115.51 "
,TOTAL,,13,"$5,190.39 ","$4,115.51 "
50978,OTHER,,4,$931.38 ,$745.11 
,TOTAL,,4,$931.38 ,$745.11 
50980,OTHER,,57,"$17,691.07 ","$13,967.07 "
,TOTAL,,57,"$17,691.07 ","$13,967.07 "
51000,OTHER,,225,"$9,361.37 ","$7,027.54 "
,TOTAL,,225,"$9,361.37 ","$7,027.54 "
51005,SG,,1,$331.76 ,$265.41 
,OTHER,,758,"$53,985.03 ","$41,964.45 "
,TOTAL,,759,"$54,316.79 ","$42,229.86 "
51010,SG,,308,"$79,556.17 ","$63,328.02 "
,OTHER,,"15,669","$2,845,659.40 ","$2,250,997.35 "
,TOTAL,,"15,977","$2,925,215.57 ","$2,314,325.37 "
51020,SG,,3,"$1,723.00 ","$1,378.40 "
,80'S,,18,"$1,161.41 ",$929.10 
,OTHER,,194,"$69,484.50 ","$54,710.44 "
,TOTAL,,215,"$72,368.91 ","$57,017.94 "
51030,80'S,,1,$72.75 ,$58.20 
,OTHER,,23,"$6,284.25 ","$5,022.46 "
,TOTAL,,24,"$6,357.00 ","$5,080.66 "
51040,SG,,192,"$118,890.39 ","$94,892.67 "
,80'S,,395,"$13,168.53 ","$10,523.29 "
,OTHER,,"7,049","$1,857,245.78 ","$1,471,176.16 "
,TOTAL,,"7,636","$1,989,304.70 ","$1,576,592.12 "
51045,SG,,26,"$15,793.02 ","$12,634.43 "
,80'S,,67,"$2,885.07 ","$2,308.04 "
,OTHER,,824,"$288,078.02 ","$229,582.69 "
,TOTAL,,917,"$306,756.11 ","$244,525.16 "
51050,SG,,10,"$6,197.27 ","$4,957.81 "
,80'S,,170,"$10,014.88 ","$7,942.90 "
,OTHER,,"1,314","$459,707.82 ","$364,600.92 "
,TOTAL,,"1,494","$475,919.97 ","$377,501.63 "
51060,80'S,,6,$452.62 ,$362.11 
,OTHER,,29,"$12,603.96 ","$10,083.16 "
,TOTAL,,35,"$13,056.58 ","$10,445.27 "
51065,SG,,1,$617.64 ,$494.11 
,80'S,,2,$124.64 ,$99.72 
,OTHER,,131,"$62,148.78 ","$48,971.98 "
,TOTAL,,134,"$62,891.06 ","$49,565.81 "
51080,80'S,,13,$525.78 ,$420.61 
,OTHER,,98,"$30,259.78 ","$23,600.02 "
,TOTAL,,111,"$30,785.56 ","$24,020.63 "
51500,SG,,2,"$1,219.87 ",$975.90 
,80'S,,14,$926.65 ,$741.32 
,OTHER,,64,"$29,863.48 ","$23,810.81 "
,TOTAL,,80,"$32,010.00 ","$25,528.03 "
51520,SG,,1,$604.37 ,$483.50 
,80'S,,15,$886.95 ,$709.57 
,OTHER,,56,"$25,361.03 ","$20,288.85 "
,TOTAL,,72,"$26,852.35 ","$21,481.92 "
51525,80'S,,148,"$15,660.37 ","$12,481.62 "
,OTHER,,381,"$247,829.72 ","$196,424.78 "
,TOTAL,,529,"$263,490.09 ","$208,906.40 "
51530,80'S,,51,"$4,345.53 ","$3,409.88 "
,OTHER,,164,"$89,990.70 ","$71,595.78 "
,TOTAL,,215,"$94,336.23 ","$75,005.66 "
51535,80'S,,7,$596.21 ,$476.97 
,OTHER,,79,"$48,870.74 ","$38,439.14 "
,TOTAL,,86,"$49,466.95 ","$38,916.11 "
51550,80'S,,381,"$45,517.78 ","$36,124.20 "
,OTHER,,"1,061","$746,857.41 ","$594,131.63 "
,TOTAL,,"1,442","$792,375.19 ","$630,255.83 "
51555,80'S,,231,"$41,661.43 ","$33,135.76 "
,OTHER,,586,"$638,487.99 ","$507,536.32 "
,TOTAL,,817,"$680,149.42 ","$540,672.08 "
51565,80'S,,74,"$13,670.10 ","$10,936.13 "
,OTHER,,146,"$163,952.21 ","$131,103.76 "
,TOTAL,,220,"$177,622.31 ","$142,039.89 "
51570,80'S,,53,"$10,238.22 ","$8,190.62 "
,OTHER,,141,"$164,066.14 ","$131,252.90 "
,TOTAL,,194,"$174,304.36 ","$139,443.52 "
51575,80'S,,123,"$32,940.12 ","$26,189.40 "
,OTHER,,238,"$389,501.49 ","$305,437.19 "
,TOTAL,,361,"$422,441.61 ","$331,626.59 "
51580,80'S,,12,"$3,331.16 ","$2,664.92 "
,OTHER,,33,"$52,775.35 ","$42,220.25 "
,TOTAL,,45,"$56,106.51 ","$44,885.17 "
51585,80'S,,19,"$5,868.13 ","$4,694.51 "
,OTHER,,42,"$76,904.63 ","$61,523.72 "
,TOTAL,,61,"$82,772.76 ","$66,218.23 "
51590,80'S,,599,"$170,788.89 ","$135,773.48 "
,OTHER,,"1,219","$2,058,175.95 ","$1,631,468.98 "
,TOTAL,,"1,818","$2,228,964.84 ","$1,767,242.46 "
51595,80'S,,"1,270","$405,342.13 ","$321,671.42 "
,OTHER,,"2,784","$5,332,268.58 ","$4,246,663.05 "
,TOTAL,,"4,054","$5,737,610.71 ","$4,568,334.47 "
51596,80'S,,263,"$90,023.32 ","$70,855.23 "
,OTHER,,701,"$1,492,904.40 ","$1,183,702.72 "
,TOTAL,,964,"$1,582,927.72 ","$1,254,557.95 "
51597,80'S,,195,"$66,247.43 ","$52,629.01 "
,OTHER,,462,"$920,140.84 ","$734,040.30 "
,TOTAL,,657,"$986,388.27 ","$786,669.31 "
51600,SG,,764,"$210,995.13 ","$164,607.49 "
,80'S,,1,$3.42 ,$2.74 
,OTHER,,"32,655","$2,175,420.29 ","$1,708,489.00 "
,TOTAL,,"33,420","$2,386,418.84 ","$1,873,099.23 "
51605,SG,,4,$697.05 ,$557.63 
,OTHER,,230,"$18,966.66 ","$14,960.03 "
,TOTAL,,234,"$19,663.71 ","$15,517.66 "
51610,SG,,22,"$4,220.29 ","$3,376.25 "
,OTHER,,"5,745","$823,681.01 ","$651,401.93 "
,TOTAL,,"5,767","$827,901.30 ","$654,778.18 "
51700,OTHER,,"86,382","$5,779,736.83 ","$4,436,664.89 "
,TOTAL,,"86,382","$5,779,736.83 ","$4,436,664.89 "
51701,OTHER,,"101,889","$5,446,418.24 ","$4,265,888.80 "
,TOTAL,,"101,889","$5,446,418.24 ","$4,265,888.80 "
51702,OTHER,,"134,958","$10,140,775.96 ","$8,011,367.30 "
,TOTAL,,"134,958","$10,140,775.96 ","$8,011,367.30 "
51703,OTHER,,"36,415","$3,694,140.32 ","$2,924,330.31 "
,TOTAL,,"36,415","$3,694,140.32 ","$2,924,330.31 "
51705,OTHER,,"56,377","$4,796,194.83 ","$3,630,483.97 "
,TOTAL,,"56,377","$4,796,194.83 ","$3,630,483.97 "
51710,SG,,98,"$27,308.26 ","$21,336.67 "
,OTHER,,"6,684","$1,156,454.65 ","$901,441.50 "
,TOTAL,,"6,782","$1,183,762.91 ","$922,778.17 "
51715,SG,,367,"$185,636.70 ","$147,294.94 "
,80'S,,2,$48.23 ,$38.58 
,OTHER,,"13,702","$2,801,675.77 ","$2,190,781.05 "
,TOTAL,,"14,071","$2,987,360.70 ","$2,338,114.57 "
51720,OTHER,,"210,499","$26,168,684.01 ","$20,516,548.26 "
,TOTAL,,"210,499","$26,168,684.01 ","$20,516,548.26 "
51725,SG,,329,"$60,930.73 ","$48,473.30 "
,OTHER,,"19,636","$4,346,512.37 ","$3,418,495.87 "
,TOTAL,,"19,965","$4,407,443.10 ","$3,466,969.17 "
51726,SG,,"10,264","$2,636,834.34 ","$2,088,788.52 "
,OTHER,,"159,625","$34,902,309.50 ","$27,468,967.69 "
,TOTAL,,"169,889","$37,539,143.84 ","$29,557,756.21 "
51736,OTHER,,"14,321","$520,925.94 ","$394,908.65 "
,TOTAL,,"14,321","$520,925.94 ","$394,908.65 "
51741,OTHER,,"421,534","$26,952,064.73 ","$20,599,919.82 "
,TOTAL,,"421,534","$26,952,064.73 ","$20,599,919.82 "
51772,SG,,"1,436","$263,211.10 ","$209,157.74 "
,80'S,,1,$13.53 ,$10.82 
,OTHER,,"39,643","$5,034,865.67 ","$3,994,788.63 "
,TOTAL,,"41,080","$5,298,090.30 ","$4,203,957.19 "
51784,OTHER,,"156,914","$29,764,567.11 ","$23,694,551.96 "
,TOTAL,,"156,914","$29,764,567.11 ","$23,694,551.96 "
51785,SG,,"1,830","$336,805.53 ","$267,140.38 "
,OTHER,,"15,201","$1,344,043.21 ","$1,065,597.97 "
,TOTAL,,"17,031","$1,680,848.74 ","$1,332,738.35 "
51792,OTHER,,"15,628","$2,096,005.70 ","$1,672,272.10 "
,TOTAL,,"15,628","$2,096,005.70 ","$1,672,272.10 "
51795,OTHER,,"101,050","$13,847,017.14 ","$10,947,062.85 "
,TOTAL,,"101,050","$13,847,017.14 ","$10,947,062.85 "
51797,OTHER,,"89,935","$9,781,744.79 ","$7,729,787.71 "
,TOTAL,,"89,935","$9,781,744.79 ","$7,729,787.71 "
51798,OTHER,,"850,650","$19,038,654.15 ","$14,842,885.16 "
,TOTAL,,"850,650","$19,038,654.15 ","$14,842,885.16 "
51800,80'S,,172,"$19,696.26 ","$15,520.58 "
,OTHER,,425,"$304,546.29 ","$242,311.94 "
,TOTAL,,597,"$324,242.55 ","$257,832.52 "
51820,OTHER,,11,"$6,959.98 ","$5,567.99 "
,TOTAL,,11,"$6,959.98 ","$5,567.99 "
51840,80'S,,"1,123","$94,956.39 ","$74,802.93 "
,OTHER,,"3,069","$1,569,812.09 ","$1,240,245.72 "
,TOTAL,,"4,192","$1,664,768.48 ","$1,315,048.65 "
51841,80'S,,254,"$27,481.11 ","$21,458.78 "
,OTHER,,670,"$443,613.19 ","$349,309.57 "
,TOTAL,,924,"$471,094.30 ","$370,768.35 "
51845,80'S,,199,"$16,660.92 ","$13,052.54 "
,OTHER,,"1,056","$559,550.02 ","$440,261.00 "
,TOTAL,,"1,255","$576,210.94 ","$453,313.54 "
51860,80'S,,197,"$16,295.08 ","$12,886.97 "
,OTHER,,"1,076","$580,133.53 ","$461,196.97 "
,TOTAL,,"1,273","$596,428.61 ","$474,083.94 "
51865,SG,,2,"$1,289.24 ","$1,031.39 "
,80'S,,131,"$16,126.47 ","$12,901.13 "
,OTHER,,656,"$498,901.93 ","$396,944.78 "
,TOTAL,,789,"$516,317.64 ","$410,877.30 "
51880,SG,,1,$156.20 ,$124.96 
,80'S,,29,"$1,356.57 ","$1,070.27 "
,OTHER,,220,"$77,667.31 ","$61,122.99 "
,TOTAL,,250,"$79,180.08 ","$62,318.22 "
51900,80'S,,41,"$3,958.12 ","$3,006.47 "
,OTHER,,93,"$54,699.36 ","$43,599.54 "
,TOTAL,,134,"$58,657.48 ","$46,606.01 "
51920,80'S,,4,$344.92 ,$275.94 
,OTHER,,14,"$7,079.86 ","$5,663.90 "
,TOTAL,,18,"$7,424.78 ","$5,939.84 "
51925,80'S,,1,$150.12 ,$120.10 
,OTHER,,4,"$1,567.66 ","$1,238.11 "
,TOTAL,,5,"$1,717.78 ","$1,358.21 "
51940,80'S,,2,$553.37 ,$442.70 
,OTHER,,5,"$7,961.25 ","$6,369.01 "
,TOTAL,,7,"$8,514.62 ","$6,811.71 "
51960,80'S,,48,"$9,934.42 ","$7,581.73 "
,OTHER,,160,"$201,113.35 ","$156,602.49 "
,TOTAL,,208,"$211,047.77 ","$164,184.22 "
51980,80'S,,6,$383.48 ,$306.79 
,OTHER,,28,"$13,894.97 ","$11,022.30 "
,TOTAL,,34,"$14,278.45 ","$11,329.09 "
51990,80'S,,172,"$15,457.42 ","$12,183.53 "
,OTHER,,419,"$233,299.13 ","$182,963.57 "
,TOTAL,,591,"$248,756.55 ","$195,147.10 "
51992,80'S,,86,"$9,641.60 ","$7,579.56 "
,OTHER,,352,"$230,206.18 ","$181,582.50 "
,TOTAL,,438,"$239,847.78 ","$189,162.06 "
52000,SG,,"58,858","$18,909,962.66 ","$14,902,342.91 "
,80'S,,4,$36.05 ,$28.84 
,OTHER,,"904,876","$185,280,940.51 ","$143,090,565.52 "
,TOTAL,,"963,738","$204,190,939.22 ","$157,992,937.27 "
52001,SG,,180,"$68,810.58 ","$54,750.34 "
,OTHER,,"9,172","$2,474,861.83 ","$1,962,892.64 "
,TOTAL,,"9,352","$2,543,672.41 ","$2,017,642.98 "
52005,SG,,"8,275","$3,294,008.87 ","$2,607,409.37 "
,80'S,,2,$21.89 ,$17.51 
,OTHER,,"65,458","$7,886,703.33 ","$6,187,514.54 "
,TOTAL,,"73,735","$11,180,734.09 ","$8,794,941.42 "
52007,SG,,125,"$52,464.29 ","$41,492.20 "
,OTHER,,956,"$129,664.53 ","$102,220.44 "
,TOTAL,,"1,081","$182,128.82 ","$143,712.64 "
52010,SG,,2,$884.61 ,$707.69 
,OTHER,,124,"$32,159.13 ","$25,566.27 "
,TOTAL,,126,"$33,043.74 ","$26,273.96 "
52204,SG,,"4,212","$1,687,677.80 ","$1,330,864.40 "
,OTHER,,"38,142","$5,160,478.45 ","$4,031,167.13 "
,TOTAL,,"42,354","$6,848,156.25 ","$5,362,031.53 "
52214,SG,,"1,296","$534,082.96 ","$422,592.57 "
,OTHER,,"13,366","$2,808,364.07 ","$2,216,387.64 "
,TOTAL,,"14,662","$3,342,447.03 ","$2,638,980.21 "
52224,SG,,"3,122","$1,296,254.01 ","$1,026,376.84 "
,OTHER,,"24,736","$4,561,268.44 ","$3,576,655.08 "
,TOTAL,,"27,858","$5,857,522.45 ","$4,603,031.92 "
52234,SG,,"4,266","$1,845,084.94 ","$1,461,209.10 "
,80'S,,1,$23.52 ,$18.82 
,OTHER,,"31,671","$7,168,662.84 ","$5,646,066.98 "
,TOTAL,,"35,938","$9,013,771.30 ","$7,107,294.90 "
52235,SG,,"2,613","$1,307,383.02 ","$1,039,084.28 "
,OTHER,,"33,452","$8,975,417.09 ","$7,105,949.67 "
,TOTAL,,"36,065","$10,282,800.11 ","$8,145,033.95 "
52240,SG,,"1,254","$631,831.90 ","$500,315.46 "
,OTHER,,"26,715","$13,123,225.37 ","$10,417,698.02 "
,TOTAL,,"27,969","$13,755,057.27 ","$10,918,013.48 "
52250,SG,,99,"$63,362.07 ","$50,408.24 "
,OTHER,,328,"$68,837.94 ","$54,446.66 "
,TOTAL,,427,"$132,200.01 ","$104,854.90 "
52260,SG,,"1,276","$534,098.78 ","$420,224.50 "
,OTHER,,"6,456","$1,229,386.26 ","$959,993.07 "
,TOTAL,,"7,732","$1,763,485.04 ","$1,380,217.57 "
52265,OTHER,,"2,093","$511,547.01 ","$403,725.17 "
,TOTAL,,"2,093","$511,547.01 ","$403,725.17 "
52270,SG,,142,"$52,043.58 ","$40,779.67 "
,OTHER,,642,"$121,745.34 ","$96,360.38 "
,TOTAL,,784,"$173,788.92 ","$137,140.05 "
52275,SG,,279,"$113,947.14 ","$90,744.19 "
,OTHER,,"2,147","$617,679.34 ","$489,433.25 "
,TOTAL,,"2,426","$731,626.48 ","$580,177.44 "
52276,SG,,"1,552","$755,345.70 ","$600,162.71 "
,OTHER,,"14,390","$3,740,843.87 ","$2,952,051.20 "
,TOTAL,,"15,942","$4,496,189.57 ","$3,552,213.91 "
52277,SG,,5,"$1,753.18 ","$1,402.54 "
,OTHER,,145,"$40,416.97 ","$31,828.13 "
,TOTAL,,150,"$42,170.15 ","$33,230.67 "
52281,SG,,"10,065","$4,231,585.55 ","$3,346,040.80 "
,OTHER,,"136,901","$47,142,635.72 ","$37,080,422.19 "
,TOTAL,,"146,966","$51,374,221.27 ","$40,426,462.99 "
52282,SG,,26,"$34,969.84 ","$27,975.87 "
,OTHER,,"1,075","$336,094.60 ","$266,279.82 "
,TOTAL,,"1,101","$371,064.44 ","$294,255.69 "
52283,SG,,43,"$12,341.39 ","$9,873.14 "
,OTHER,,504,"$60,783.28 ","$47,899.12 "
,TOTAL,,547,"$73,124.67 ","$57,772.26 "
52285,SG,,525,"$222,311.48 ","$176,841.29 "
,OTHER,,"9,288","$2,894,383.26 ","$2,278,818.80 "
,TOTAL,,"9,813","$3,116,694.74 ","$2,455,660.09 "
52290,SG,,25,"$9,258.16 ","$7,406.52 "
,OTHER,,377,"$62,522.52 ","$48,867.70 "
,TOTAL,,402,"$71,780.68 ","$56,274.22 "
52300,SG,,13,"$4,898.26 ","$3,733.60 "
,OTHER,,218,"$47,209.45 ","$36,557.29 "
,TOTAL,,231,"$52,107.71 ","$40,290.89 "
52301,OTHER,,170,"$17,311.77 ","$13,827.05 "
,TOTAL,,170,"$17,311.77 ","$13,827.05 "
52305,SG,,12,"$4,490.29 ","$3,592.25 "
,OTHER,,349,"$68,817.77 ","$54,783.93 "
,TOTAL,,361,"$73,308.06 ","$58,376.18 "
52310,SG,,"3,670","$1,604,594.04 ","$1,266,434.14 "
,OTHER,,"53,382","$11,583,177.73 ","$9,047,969.80 "
,TOTAL,,"57,052","$13,187,771.77 ","$10,314,403.94 "
52315,SG,,255,"$112,067.56 ","$87,219.34 "
,OTHER,,"3,400","$1,080,104.95 ","$850,476.60 "
,TOTAL,,"3,655","$1,192,172.51 ","$937,695.94 "
52317,SG,,424,"$112,871.81 ","$89,128.69 "
,OTHER,,"7,283","$2,209,822.59 ","$1,745,066.76 "
,TOTAL,,"7,707","$2,322,694.40 ","$1,834,195.45 "
52318,SG,,295,"$120,445.90 ","$95,307.20 "
,OTHER,,"6,684","$2,766,002.55 ","$2,192,056.19 "
,TOTAL,,"6,979","$2,886,448.45 ","$2,287,363.39 "
52320,SG,,132,"$93,175.85 ","$73,776.77 "
,OTHER,,"1,874","$377,225.89 ","$296,920.95 "
,TOTAL,,"2,006","$470,401.74 ","$370,697.72 "
52325,SG,,104,"$54,896.51 ","$43,573.25 "
,80'S,,1,$26.16 ,$20.93 
,OTHER,,808,"$217,036.66 ","$171,977.09 "
,TOTAL,,913,"$271,959.33 ","$215,571.27 "
52327,SG,,7,"$2,199.67 ","$1,759.76 "
,OTHER,,146,"$36,924.47 ","$29,304.59 "
,TOTAL,,153,"$39,124.14 ","$31,064.35 "
52330,SG,,67,"$26,240.99 ","$20,832.84 "
,OTHER,,"2,305","$584,033.28 ","$462,025.65 "
,TOTAL,,"2,372","$610,274.27 ","$482,858.49 "
52332,SG,,"3,884","$1,495,255.71 ","$1,181,576.76 "
,80'S,,1,$13.40 ,$10.72 
,OTHER,,"87,056","$10,955,797.81 ","$8,645,140.95 "
,TOTAL,,"90,941","$12,451,066.92 ","$9,826,728.43 "
52334,SG,,40,"$19,347.09 ","$15,477.66 "
,OTHER,,473,"$102,244.12 ","$80,665.06 "
,TOTAL,,513,"$121,591.21 ","$96,142.72 "
52341,SG,,40,"$19,062.46 ","$14,453.19 "
,OTHER,,"1,522","$435,939.91 ","$344,903.38 "
,TOTAL,,"1,562","$455,002.37 ","$359,356.57 "
52342,SG,,6,"$2,877.51 ","$2,302.01 "
,OTHER,,326,"$106,055.15 ","$83,779.18 "
,TOTAL,,332,"$108,932.66 ","$86,081.19 "
52343,OTHER,,21,"$6,787.84 ","$5,119.90 "
,TOTAL,,21,"$6,787.84 ","$5,119.90 "
52344,SG,,50,"$22,786.33 ","$17,615.08 "
,OTHER,,"1,746","$665,447.45 ","$524,439.86 "
,TOTAL,,"1,796","$688,233.78 ","$542,054.94 "
52345,SG,,4,"$2,025.15 ","$1,620.12 "
,OTHER,,392,"$164,903.87 ","$129,172.51 "
,TOTAL,,396,"$166,929.02 ","$130,792.63 "
52346,80'S,,1,$35.75 ,$28.60 
,OTHER,,55,"$23,743.04 ","$18,417.49 "
,TOTAL,,56,"$23,778.79 ","$18,446.09 "
52347,OTHER,,16,"$3,718.45 ","$2,816.22 "
,TOTAL,,16,"$3,718.45 ","$2,816.22 "
52351,SG,,"1,367","$662,074.36 ","$523,530.54 "
,OTHER,,"18,065","$5,193,678.73 ","$4,099,895.96 "
,TOTAL,,"19,432","$5,855,753.09 ","$4,623,426.50 "
52352,SG,,821,"$498,457.04 ","$392,704.55 "
,OTHER,,"14,059","$4,767,289.69 ","$3,759,559.85 "
,TOTAL,,"14,880","$5,265,746.73 ","$4,152,264.40 "
52353,SG,,"1,081","$665,343.37 ","$524,505.13 "
,OTHER,,"18,099","$7,170,373.94 ","$5,656,847.12 "
,TOTAL,,"19,180","$7,835,717.31 ","$6,181,352.25 "
52354,SG,,338,"$202,441.29 ","$161,152.54 "
,OTHER,,"5,284","$1,917,085.09 ","$1,518,497.90 "
,TOTAL,,"5,622","$2,119,526.38 ","$1,679,650.44 "
52355,SG,,12,"$7,237.72 ","$5,790.18 "
,80'S,,1,$37.15 ,$29.72 
,OTHER,,763,"$335,647.34 ","$265,823.19 "
,TOTAL,,776,"$342,922.21 ","$271,643.09 "
52400,SG,,196,"$95,986.25 ","$75,411.31 "
,OTHER,,"1,544","$801,376.19 ","$633,685.31 "
,TOTAL,,"1,740","$897,362.44 ","$709,096.62 "
52450,SG,,279,"$133,471.57 ","$105,405.89 "
,OTHER,,"2,879","$1,191,678.53 ","$943,273.25 "
,TOTAL,,"3,158","$1,325,150.10 ","$1,048,679.14 "
52500,SG,,701,"$339,188.33 ","$268,438.89 "
,OTHER,,"6,887","$3,122,474.38 ","$2,472,285.01 "
,TOTAL,,"7,588","$3,461,662.71 ","$2,740,723.90 "
52510,SG,,4,"$2,093.30 ","$1,674.64 "
,OTHER,,93,"$31,239.14 ","$24,831.21 "
,TOTAL,,97,"$33,332.44 ","$26,505.85 "
52601,SG,,"1,035","$641,067.08 ","$509,448.67 "
,OTHER,,"77,436","$51,891,956.95 ","$41,128,482.43 "
,TOTAL,,"78,471","$52,533,024.03 ","$41,637,931.10 "
52606,SG,,20,"$5,012.42 ","$4,009.94 "
,OTHER,,571,"$238,468.99 ","$189,298.40 "
,TOTAL,,591,"$243,481.41 ","$193,308.34 "
52612,SG,,32,"$13,291.12 ","$10,488.92 "
,OTHER,,612,"$256,882.89 ","$204,009.99 "
,TOTAL,,644,"$270,174.01 ","$214,498.91 "
52614,SG,,4,$977.37 ,$781.89 
,OTHER,,329,"$119,425.81 ","$94,937.08 "
,TOTAL,,333,"$120,403.18 ","$95,718.97 "
52620,SG,,24,"$6,495.07 ","$5,105.32 "
,OTHER,,820,"$288,550.99 ","$229,577.12 "
,TOTAL,,844,"$295,046.06 ","$234,682.44 "
52630,SG,,98,"$39,850.28 ","$31,073.37 "
,OTHER,,"3,890","$1,525,628.01 ","$1,211,919.68 "
,TOTAL,,"3,988","$1,565,478.29 ","$1,242,993.05 "
52640,SG,,226,"$95,704.34 ","$75,763.28 "
,OTHER,,"2,608","$918,962.77 ","$727,306.98 "
,TOTAL,,"2,834","$1,014,667.11 ","$803,070.26 "
52647,SG,,568,"$754,290.85 ","$601,377.06 "
,OTHER,,"10,288","$13,378,003.45 ","$10,592,033.98 "
,TOTAL,,"10,856","$14,132,294.30 ","$11,193,411.04 "
52648,SG,,104,"$139,354.83 ","$111,483.89 "
,OTHER,,"3,176","$1,939,505.75 ","$1,536,617.73 "
,TOTAL,,"3,280","$2,078,860.58 ","$1,648,101.62 "
52700,SG,,4,"$1,534.69 ","$1,227.75 "
,OTHER,,59,"$16,417.43 ","$13,133.89 "
,TOTAL,,63,"$17,952.12 ","$14,361.64 "
53000,SG,,13,"$3,586.54 ","$2,869.22 "
,OTHER,,222,"$26,688.04 ","$20,354.32 "
,TOTAL,,235,"$30,274.58 ","$23,223.54 "
53010,SG,,7,"$1,405.15 ","$1,124.12 "
,OTHER,,348,"$46,625.66 ","$36,760.33 "
,TOTAL,,355,"$48,030.81 ","$37,884.45 "
53020,SG,,93,"$23,471.87 ","$18,716.61 "
,OTHER,,"1,035","$80,261.31 ","$62,332.52 "
,TOTAL,,"1,128","$103,733.18 ","$81,049.13 "
53025,OTHER,,2,$88.28 ,$70.62 
,TOTAL,,2,$88.28 ,$70.62 
53040,OTHER,,90,"$41,668.85 ","$33,335.09 "
,TOTAL,,90,"$41,668.85 ","$33,335.09 "
53060,OTHER,,49,"$10,276.49 ","$7,880.09 "
,TOTAL,,49,"$10,276.49 ","$7,880.09 "
53080,OTHER,,15,"$4,510.55 ","$3,277.15 "
,TOTAL,,15,"$4,510.55 ","$3,277.15 "
53085,80'S,,3,$283.31 ,$226.64 
,OTHER,,112,"$54,059.47 ","$42,695.01 "
,TOTAL,,115,"$54,342.78 ","$42,921.65 "
53200,SG,,30,"$6,400.75 ","$5,120.61 "
,OTHER,,611,"$73,054.90 ","$57,658.76 "
,TOTAL,,641,"$79,455.65 ","$62,779.37 "
53210,SG,,1,$689.83 ,$551.86 
,80'S,,23,"$1,956.37 ","$1,565.09 "
,OTHER,,93,"$50,886.37 ","$40,690.06 "
,TOTAL,,117,"$53,532.57 ","$42,807.01 "
53215,SG,,2,"$1,380.50 ","$1,104.40 "
,80'S,,86,"$9,010.98 ","$7,071.41 "
,OTHER,,256,"$184,215.31 ","$145,631.44 "
,TOTAL,,344,"$194,606.79 ","$153,807.25 "
53220,SG,,7,"$3,107.86 ","$2,486.29 "
,80'S,,1,$448.32 ,$358.66 
,OTHER,,141,"$56,216.97 ","$44,539.84 "
,TOTAL,,149,"$59,773.15 ","$47,384.79 "
53230,SG,,4,"$1,567.37 ","$1,173.90 "
,80'S,,18,"$1,410.71 ","$1,128.58 "
,OTHER,,188,"$95,589.73 ","$74,864.42 "
,TOTAL,,210,"$98,567.81 ","$77,166.90 "
53235,SG,,3,"$1,494.24 ","$1,195.38 "
,80'S,,11,$714.80 ,$571.83 
,OTHER,,35,"$17,074.40 ","$13,559.98 "
,TOTAL,,49,"$19,283.44 ","$15,327.19 "
53240,SG,,2,$646.31 ,$517.04 
,OTHER,,30,"$11,561.00 ","$9,203.52 "
,TOTAL,,32,"$12,207.31 ","$9,720.56 "
53250,SG,,1,$441.61 ,$353.29 
,OTHER,,5,"$1,542.47 ","$1,233.97 "
,TOTAL,,6,"$1,984.08 ","$1,587.26 "
53260,SG,,19,"$7,780.86 ","$6,209.48 "
,OTHER,,329,"$63,293.19 ","$49,904.01 "
,TOTAL,,348,"$71,074.05 ","$56,113.49 "
53265,SG,,121,"$47,120.90 ","$37,444.84 "
,OTHER,,"1,099","$215,915.85 ","$170,551.32 "
,TOTAL,,"1,220","$263,036.75 ","$207,996.16 "
53270,OTHER,,30,"$5,911.40 ","$4,729.14 "
,TOTAL,,30,"$5,911.40 ","$4,729.14 "
53275,SG,,21,"$8,812.81 ","$7,050.25 "
,OTHER,,339,"$88,770.38 ","$70,516.79 "
,TOTAL,,360,"$97,583.19 ","$77,567.04 "
53400,SG,,10,"$4,815.55 ","$3,772.44 "
,80'S,,14,"$1,371.85 ","$1,097.48 "
,OTHER,,161,"$112,465.06 ","$89,703.09 "
,TOTAL,,185,"$118,652.46 ","$94,573.01 "
53405,80'S,,3,$388.41 ,$310.74 
,OTHER,,14,"$10,957.81 ","$8,712.05 "
,TOTAL,,17,"$11,346.22 ","$9,022.79 "
53410,SG,,7,"$2,603.10 ","$2,082.50 "
,80'S,,28,"$4,073.86 ","$3,259.11 "
,OTHER,,230,"$207,876.23 ","$163,064.34 "
,TOTAL,,265,"$214,553.19 ","$168,405.95 "
53415,80'S,,14,"$2,408.06 ","$1,828.74 "
,OTHER,,112,"$116,919.51 ","$92,449.58 "
,TOTAL,,126,"$119,327.57 ","$94,278.32 "
53420,SG,,2,"$1,098.38 ",$878.71 
,OTHER,,21,"$12,301.56 ","$9,829.23 "
,TOTAL,,23,"$13,399.94 ","$10,707.94 "
53425,OTHER,,6,"$5,652.85 ","$4,522.28 "
,TOTAL,,6,"$5,652.85 ","$4,522.28 "
53430,SG,,16,"$5,382.11 ","$4,305.70 "
,80'S,,135,"$22,268.40 ","$17,571.96 "
,OTHER,,252,"$235,651.29 ","$188,165.17 "
,TOTAL,,403,"$263,301.80 ","$210,042.83 "
53431,80'S,,27,"$2,638.79 ","$1,978.56 "
,OTHER,,43,"$28,005.69 ","$20,944.29 "
,TOTAL,,70,"$30,644.48 ","$22,922.85 "
53440,SG,,1,$428.67 ,$342.94 
,80'S,,189,"$22,256.98 ","$17,585.52 "
,OTHER,,784,"$557,485.16 ","$440,017.43 "
,TOTAL,,974,"$580,170.81 ","$457,945.89 "
53442,SG,,2,$660.63 ,$528.50 
,80'S,,18,"$1,739.91 ","$1,316.52 "
,OTHER,,90,"$50,834.97 ","$40,661.86 "
,TOTAL,,110,"$53,235.51 ","$42,506.88 "
53444,80'S,,23,"$2,673.82 ","$2,098.77 "
,OTHER,,125,"$83,104.39 ","$65,645.49 "
,TOTAL,,148,"$85,778.21 ","$67,744.26 "
53445,SG,,4,"$1,314.32 ","$1,051.45 "
,80'S,,440,"$57,391.21 ","$45,101.38 "
,OTHER,,"1,873","$1,476,266.94 ","$1,166,791.90 "
,TOTAL,,"2,317","$1,534,972.47 ","$1,212,944.73 "
53446,SG,,19,"$5,705.22 ","$4,484.16 "
,80'S,,93,"$8,557.24 ","$6,769.59 "
,OTHER,,721,"$390,100.09 ","$309,569.23 "
,TOTAL,,833,"$404,362.55 ","$320,822.98 "
53447,SG,,5,"$1,329.08 ","$1,063.27 "
,80'S,,108,"$12,420.15 ","$9,839.15 "
,OTHER,,573,"$415,108.84 ","$327,477.96 "
,TOTAL,,686,"$428,858.07 ","$338,380.38 "
53448,80'S,,14,"$2,701.32 ","$2,161.05 "
,OTHER,,61,"$66,785.80 ","$50,704.17 "
,TOTAL,,75,"$69,487.12 ","$52,865.22 "
53449,SG,,6,"$1,788.27 ","$1,430.61 "
,80'S,,23,"$1,999.14 ","$1,599.30 "
,OTHER,,185,"$94,446.64 ","$74,954.80 "
,TOTAL,,214,"$98,234.05 ","$77,984.71 "
53450,SG,,26,"$5,384.89 ","$4,285.64 "
,OTHER,,216,"$76,107.73 ","$59,959.29 "
,TOTAL,,242,"$81,492.62 ","$64,244.93 "
53460,SG,,2,$637.44 ,$509.96 
,OTHER,,56,"$21,309.50 ","$17,027.12 "
,TOTAL,,58,"$21,946.94 ","$17,537.08 "
53502,SG,,1,$439.52 ,$351.62 
,OTHER,,42,"$18,133.99 ","$14,504.16 "
,TOTAL,,43,"$18,573.51 ","$14,855.78 "
53505,80'S,,2,$78.64 ,$39.17 
,OTHER,,39,"$13,784.50 ","$10,708.15 "
,TOTAL,,41,"$13,863.14 ","$10,747.32 "
53510,80'S,,6,$570.35 ,$456.29 
,OTHER,,52,"$26,806.72 ","$21,414.48 "
,TOTAL,,58,"$27,377.07 ","$21,870.77 "
53515,80'S,,4,$422.28 ,$337.84 
,OTHER,,11,"$7,552.83 ","$6,042.26 "
,TOTAL,,15,"$7,975.11 ","$6,380.10 "
53520,SG,,1,$439.78 ,$351.82 
,OTHER,,49,"$23,843.50 ","$19,019.03 "
,TOTAL,,50,"$24,283.28 ","$19,370.85 "
53600,OTHER,,"12,141","$860,879.37 ","$645,312.00 "
,TOTAL,,"12,141","$860,879.37 ","$645,312.00 "
53601,OTHER,,"20,703","$1,444,177.38 ","$1,056,102.69 "
,TOTAL,,"20,703","$1,444,177.38 ","$1,056,102.69 "
53605,SG,,34,"$12,971.74 ","$10,263.75 "
,OTHER,,564,"$29,626.59 ","$23,164.05 "
,TOTAL,,598,"$42,598.33 ","$33,427.80 "
53620,OTHER,,"10,776","$1,052,168.31 ","$803,676.86 "
,TOTAL,,"10,776","$1,052,168.31 ","$803,676.86 "
53621,OTHER,,"8,262","$807,739.32 ","$596,909.69 "
,TOTAL,,"8,262","$807,739.32 ","$596,909.69 "
53660,OTHER,,"29,163","$1,781,140.79 ","$1,318,448.40 "
,TOTAL,,"29,163","$1,781,140.79 ","$1,318,448.40 "
53661,OTHER,,"52,828","$3,271,158.37 ","$2,378,604.11 "
,TOTAL,,"52,828","$3,271,158.37 ","$2,378,604.11 "
53665,SG,,17,"$5,216.40 ","$4,123.81 "
,OTHER,,351,"$12,422.95 ","$9,259.48 "
,TOTAL,,368,"$17,639.35 ","$13,383.29 "
53670,OTHER,,"30,740","$2,036,052.50 ","$1,290,932.86 "
,TOTAL,,"30,740","$2,036,052.50 ","$1,290,932.86 "
53675,OTHER,,"6,206","$700,094.91 ","$502,957.93 "
,TOTAL,,"6,206","$700,094.91 ","$502,957.93 "
53850,SG,,59,"$78,513.26 ","$62,343.05 "
,OTHER,,"20,250","$54,238,450.13 ","$42,927,326.77 "
,TOTAL,,"20,309","$54,316,963.39 ","$42,989,669.82 "
53852,OTHER,,"8,269","$18,789,384.18 ","$14,883,039.88 "
,TOTAL,,"8,269","$18,789,384.18 ","$14,883,039.88 "
53853,OTHER,,171,"$278,923.37 ","$219,350.40 "
,TOTAL,,171,"$278,923.37 ","$219,350.40 "
53899,80'S,,23,"$2,992.44 ","$2,393.95 "
,OTHER,,"1,161","$518,854.60 ","$414,351.77 "
,TOTAL,,"1,184","$521,847.04 ","$416,745.72 "
54000,OTHER,MALE GENITAL,62,"$7,240.31 ","$5,768.85 "
,TOTAL,,62,"$7,240.31 ","$5,768.85 "
54001,SG,,112,"$47,986.41 ","$38,135.57 "
,OTHER,,"1,963","$346,184.26 ","$271,312.63 "
,TOTAL,,"2,075","$394,170.67 ","$309,448.20 "
54015,SG,,1,$677.90 ,$542.32 
,OTHER,,148,"$41,922.54 ","$33,253.90 "
,TOTAL,,149,"$42,600.44 ","$33,796.22 "
54050,OTHER,,992,"$127,911.16 ","$95,285.38 "
,TOTAL,,992,"$127,911.16 ","$95,285.38 "
54055,OTHER,,655,"$129,733.49 ","$99,653.41 "
,TOTAL,,655,"$129,733.49 ","$99,653.41 "
54056,OTHER,,"2,289","$325,352.73 ","$245,179.73 "
,TOTAL,,"2,289","$325,352.73 ","$245,179.73 "
54057,SG,,39,"$12,096.80 ","$9,293.81 "
,OTHER,,303,"$25,664.42 ","$20,069.85 "
,TOTAL,,342,"$37,761.22 ","$29,363.66 "
54060,SG,,106,"$30,945.04 ","$24,662.77 "
,OTHER,,828,"$136,489.76 ","$105,885.16 "
,TOTAL,,934,"$167,434.80 ","$130,547.93 "
54065,SG,,37,"$11,326.28 ","$8,981.00 "
,OTHER,,974,"$232,229.11 ","$181,440.90 "
,TOTAL,,"1,011","$243,555.39 ","$190,421.90 "
54100,SG,,125,"$35,002.01 ","$27,660.32 "
,80'S,,1,$15.24 ,$12.19 
,OTHER,,"2,236","$311,264.09 ","$239,972.72 "
,TOTAL,,"2,362","$346,281.34 ","$267,645.23 "
54105,SG,,25,"$7,120.13 ","$5,696.08 "
,OTHER,,301,"$61,404.41 ","$48,289.39 "
,TOTAL,,326,"$68,524.54 ","$53,985.47 "
54110,SG,,2,$893.46 ,$714.77 
,80'S,,5,$418.32 ,$334.66 
,OTHER,,72,"$32,259.22 ","$25,426.82 "
,TOTAL,,79,"$33,571.00 ","$26,476.25 "
54111,80'S,,8,"$1,065.97 ",$852.78 
,OTHER,,42,"$33,034.93 ","$24,608.36 "
,TOTAL,,50,"$34,100.90 ","$25,461.14 "
54112,SG,,2,$861.99 ,$689.59 
,80'S,,5,$738.80 ,$591.03 
,OTHER,,46,"$40,228.90 ","$32,183.12 "
,TOTAL,,53,"$41,829.69 ","$33,463.74 "
54115,SG,,8,"$2,392.93 ","$1,875.42 "
,80'S,,2,$112.81 ,$90.24 
,OTHER,,55,"$21,387.42 ","$17,109.95 "
,TOTAL,,65,"$23,893.16 ","$19,075.61 "
54120,SG,,14,"$6,068.45 ","$4,624.11 "
,80'S,,64,"$6,572.34 ","$5,204.52 "
,OTHER,,696,"$316,181.23 ","$250,851.08 "
,TOTAL,,774,"$328,822.02 ","$260,679.71 "
54125,80'S,,26,"$3,357.47 ","$2,631.92 "
,OTHER,,109,"$84,634.27 ","$67,227.57 "
,TOTAL,,135,"$87,991.74 ","$69,859.49 "
54130,80'S,,9,"$1,702.45 ","$1,361.96 "
,OTHER,,15,"$16,098.52 ","$12,878.82 "
,TOTAL,,24,"$17,800.97 ","$14,240.78 "
54135,OTHER,,2,"$2,648.31 ","$2,118.65 "
,TOTAL,,2,"$2,648.31 ","$2,118.65 "
54150,SG,,1,$158.32 ,$126.66 
,OTHER,,8,"$1,268.04 ",$943.21 
,TOTAL,,9,"$1,426.36 ","$1,069.87 "
54152,SG,,94,"$29,088.77 ","$22,845.62 "
,OTHER,,337,"$45,206.68 ","$35,240.42 "
,TOTAL,,431,"$74,295.45 ","$58,086.04 "
54160,SG,,1,$444.73 ,$355.78 
,OTHER,,20,"$3,856.35 ","$2,925.08 "
,TOTAL,,21,"$4,301.08 ","$3,280.86 "
54161,SG,,"2,054","$878,564.78 ","$692,174.60 "
,OTHER,,"13,363","$2,383,955.91 ","$1,860,185.14 "
,TOTAL,,"15,417","$3,262,520.69 ","$2,552,359.74 "
54162,SG,,22,"$9,100.20 ","$7,161.23 "
,OTHER,,224,"$39,727.35 ","$30,940.83 "
,TOTAL,,246,"$48,827.55 ","$38,102.06 "
54163,SG,,13,"$5,809.13 ","$4,567.31 "
,OTHER,,118,"$20,071.21 ","$15,765.69 "
,TOTAL,,131,"$25,880.34 ","$20,333.00 "
54164,SG,,8,"$3,515.37 ","$2,415.78 "
,OTHER,,84,"$12,062.37 ","$9,099.07 "
,TOTAL,,92,"$15,577.74 ","$11,514.85 "
54200,OTHER,,"1,917","$228,954.74 ","$172,967.72 "
,TOTAL,,"1,917","$228,954.74 ","$172,967.72 "
54205,80'S,,1,$44.22 ,$35.38 
,OTHER,,17,"$5,487.59 ","$3,985.12 "
,TOTAL,,18,"$5,531.81 ","$4,020.50 "
54220,OTHER,,359,"$45,676.81 ","$35,566.21 "
,TOTAL,,359,"$45,676.81 ","$35,566.21 "
54230,OTHER,,114,"$6,816.25 ","$5,269.92 "
,TOTAL,,114,"$6,816.25 ","$5,269.92 "
54231,OTHER,,222,"$31,713.59 ","$24,917.05 "
,TOTAL,,222,"$31,713.59 ","$24,917.05 "
54235,OTHER,,"12,096","$1,006,906.83 ","$755,891.72 "
,TOTAL,,"12,096","$1,006,906.83 ","$755,891.72 "
54240,80'S,,1,$8.67 ,$6.94 
,OTHER,,"1,166","$100,993.09 ","$79,035.40 "
,TOTAL,,"1,167","$101,001.76 ","$79,042.34 "
54250,OTHER,,"1,912","$346,409.93 ","$274,135.77 "
,TOTAL,,"1,912","$346,409.93 ","$274,135.77 "
54300,SG,,2,"$1,028.40 ",$595.56 
,80'S,,1,$115.18 ,$92.14 
,OTHER,,72,"$43,654.57 ","$33,348.31 "
,TOTAL,,75,"$44,798.15 ","$34,036.01 "
54304,SG,,1,$500.82 ,$400.66 
,OTHER,,26,"$20,338.18 ","$16,270.54 "
,TOTAL,,27,"$20,839.00 ","$16,671.20 "
54312,80'S,,1,$77.53 ,$62.02 
,OTHER,,3,"$1,500.81 ","$1,200.65 "
,TOTAL,,4,"$1,578.34 ","$1,262.67 "
54322,SG,,1,$512.57 ,$410.06 
,80'S,,1,$145.02 ,$116.02 
,OTHER,,19,"$14,443.18 ","$10,869.45 "
,TOTAL,,21,"$15,100.77 ","$11,395.53 "
54324,80'S,,4,$610.52 ,$488.42 
,OTHER,,20,"$18,366.80 ","$14,693.46 "
,TOTAL,,24,"$18,977.32 ","$15,181.88 "
54326,OTHER,,4,"$3,960.68 ","$3,168.55 "
,TOTAL,,4,"$3,960.68 ","$3,168.55 "
54328,OTHER,,6,"$4,356.88 ","$3,485.50 "
,TOTAL,,6,"$4,356.88 ","$3,485.50 "
54332,OTHER,,6,"$6,023.74 ","$4,818.99 "
,TOTAL,,6,"$6,023.74 ","$4,818.99 "
54336,OTHER,,2,"$2,481.16 ","$1,984.93 "
,TOTAL,,2,"$2,481.16 ","$1,984.93 "
54340,OTHER,,6,"$2,892.64 ","$2,314.11 "
,TOTAL,,6,"$2,892.64 ","$2,314.11 "
54344,OTHER,,3,"$2,557.23 ","$2,045.79 "
,TOTAL,,3,"$2,557.23 ","$2,045.79 "
54352,80'S,,1,$218.36 ,$174.69 
,OTHER,,4,"$5,777.63 ","$4,622.11 "
,TOTAL,,5,"$5,995.99 ","$4,796.80 "
54360,SG,,14,"$6,734.86 ","$5,314.32 "
,80'S,,26,"$2,333.07 ","$1,720.38 "
,OTHER,,383,"$226,740.80 ","$175,961.10 "
,TOTAL,,423,"$235,808.73 ","$182,995.80 "
54380,SG,,3,"$1,563.60 ","$1,250.88 "
,OTHER,,2,"$1,916.71 ","$1,533.37 "
,TOTAL,,5,"$3,480.31 ","$2,784.25 "
54400,OTHER,,587,"$315,565.64 ","$249,700.55 "
,TOTAL,,587,"$315,565.64 ","$249,700.55 "
54401,SG,,1,$508.75 ,$407.00 
,80'S,,1,$117.42 ,$93.94 
,OTHER,,196,"$121,550.13 ","$95,309.42 "
,TOTAL,,198,"$122,176.30 ","$95,810.36 "
54405,SG,,4,"$2,022.37 ","$1,617.90 "
,80'S,,"1,082","$132,800.54 ","$103,401.34 "
,OTHER,,"4,490","$3,393,323.30 ","$2,674,385.64 "
,TOTAL,,"5,576","$3,528,146.21 ","$2,779,404.88 "
54406,SG,,6,"$2,962.63 ","$2,370.10 "
,80'S,,84,"$8,618.88 ","$6,895.10 "
,OTHER,,833,"$507,433.06 ","$403,145.19 "
,TOTAL,,923,"$519,014.57 ","$412,410.39 "
54408,SG,,4,"$2,087.13 ","$1,669.70 "
,80'S,,57,"$6,246.68 ","$4,815.18 "
,OTHER,,413,"$268,963.52 ","$211,202.64 "
,TOTAL,,474,"$277,297.33 ","$217,687.52 "
54410,SG,,5,"$2,423.40 ","$1,938.73 "
,80'S,,358,"$47,022.37 ","$37,233.08 "
,OTHER,,"1,418","$1,142,802.23 ","$900,565.62 "
,TOTAL,,"1,781","$1,192,248.00 ","$939,737.43 "
54411,80'S,,42,"$6,076.90 ","$4,701.57 "
,OTHER,,176,"$154,978.08 ","$121,540.14 "
,TOTAL,,218,"$161,054.98 ","$126,241.71 "
54415,SG,,3,"$1,486.79 ","$1,189.43 "
,80'S,,10,$667.90 ,$534.33 
,OTHER,,314,"$136,243.05 ","$107,524.64 "
,TOTAL,,327,"$138,397.74 ","$109,248.40 "
54416,SG,,1,$242.70 ,$194.16 
,80'S,,48,"$4,973.05 ","$3,978.43 "
,OTHER,,191,"$120,072.18 ","$95,084.65 "
,TOTAL,,240,"$125,287.93 ","$99,257.24 "
54417,80'S,,3,$404.82 ,$243.86 
,OTHER,,23,"$17,617.70 ","$13,884.55 "
,TOTAL,,26,"$18,022.52 ","$14,128.41 "
54420,OTHER,,7,"$3,922.22 ","$3,137.77 "
,TOTAL,,7,"$3,922.22 ","$3,137.77 "
54430,80'S,,4,$382.07 ,$305.66 
,OTHER,,66,"$41,064.72 ","$31,944.37 "
,TOTAL,,70,"$41,446.79 ","$32,250.03 "
54435,SG,,1,$579.65 ,$463.72 
,OTHER,,69,"$26,209.84 ","$20,741.18 "
,TOTAL,,70,"$26,789.49 ","$21,204.90 "
54440,SG,,3,"$1,826.83 ","$1,461.47 "
,80'S,,5,$624.61 ,$499.70 
,OTHER,,68,"$50,367.76 ","$40,294.19 "
,TOTAL,,76,"$52,819.20 ","$42,255.36 "
54450,SG,,20,"$5,437.53 ","$4,308.85 "
,OTHER,,"2,067","$128,334.84 ","$99,955.29 "
,TOTAL,,"2,087","$133,772.37 ","$104,264.14 "
54500,SG,,1,$160.19 ,$128.15 
,OTHER,,39,"$2,343.14 ","$1,828.57 "
,TOTAL,,40,"$2,503.33 ","$1,956.72 "
54505,SG,,13,"$3,638.50 ","$2,910.79 "
,OTHER,,122,"$23,078.42 ","$18,161.38 "
,TOTAL,,135,"$26,716.92 ","$21,072.17 "
54512,SG,,23,"$8,159.07 ","$6,527.27 "
,80'S,,1,$87.86 ,$70.29 
,OTHER,,145,"$66,855.09 ","$53,182.40 "
,TOTAL,,169,"$75,102.02 ","$59,779.96 "
54520,SG,,510,"$254,956.17 ","$202,883.74 "
,80'S,,4,$207.18 ,$165.76 
,OTHER,,"5,478","$1,737,082.96 ","$1,374,959.80 "
,TOTAL,,"5,992","$1,992,246.31 ","$1,578,009.30 "
54522,SG,,5,"$2,267.68 ","$1,814.14 "
,80'S,,5,$471.75 ,$377.40 
,OTHER,,103,"$52,228.78 ","$41,550.47 "
,TOTAL,,113,"$54,968.21 ","$43,742.01 "
54530,SG,,133,"$82,493.08 ","$65,047.11 "
,80'S,,70,"$5,653.11 ","$4,508.86 "
,OTHER,,"1,465","$727,590.39 ","$573,701.39 "
,TOTAL,,"1,668","$815,736.58 ","$643,257.36 "
54535,80'S,,7,$560.25 ,$448.21 
,OTHER,,41,"$27,088.93 ","$21,539.07 "
,TOTAL,,48,"$27,649.18 ","$21,987.28 "
54550,80'S,,1,$82.86 ,$66.29 
,OTHER,,58,"$23,262.85 ","$17,801.59 "
,TOTAL,,59,"$23,345.71 ","$17,867.88 "
54560,80'S,,2,$113.87 ,$91.10 
,OTHER,,10,"$5,439.27 ","$4,327.53 "
,TOTAL,,12,"$5,553.14 ","$4,418.63 "
54600,OTHER,,40,"$15,623.72 ","$12,354.28 "
,TOTAL,,40,"$15,623.72 ","$12,354.28 "
54620,SG,,2,"$1,525.31 ","$1,220.25 "
,OTHER,,19,"$3,524.53 ","$2,819.60 "
,TOTAL,,21,"$5,049.84 ","$4,039.85 "
54640,SG,,19,"$10,233.16 ","$7,695.74 "
,OTHER,,195,"$74,648.85 ","$59,291.67 "
,TOTAL,,214,"$84,882.01 ","$66,987.41 "
54650,OTHER,,4,"$2,613.51 ","$2,038.09 "
,TOTAL,,4,"$2,613.51 ","$2,038.09 "
54660,OTHER,,12,"$3,822.43 ","$2,790.00 "
,TOTAL,,12,"$3,822.43 ","$2,790.00 "
54670,OTHER,,10,"$3,825.93 ","$3,047.44 "
,TOTAL,,10,"$3,825.93 ","$3,047.44 "
54680,80'S,,1,$126.45 ,$101.16 
,OTHER,,32,"$22,046.72 ","$17,356.61 "
,TOTAL,,33,"$22,173.17 ","$17,457.77 "
54690,80'S,,3,$256.11 ,$204.88 
,OTHER,,11,"$6,757.04 ","$5,217.56 "
,TOTAL,,14,"$7,013.15 ","$5,422.44 "
54692,OTHER,,2,"$1,348.32 ",$770.42 
,TOTAL,,2,"$1,348.32 ",$770.42 
54699,OTHER,,6,"$2,396.77 ","$1,917.42 "
,TOTAL,,6,"$2,396.77 ","$1,917.42 "
54700,SG,,45,"$18,753.97 ","$14,639.39 "
,OTHER,,"1,597","$389,651.19 ","$304,462.89 "
,TOTAL,,"1,642","$408,405.16 ","$319,102.28 "
54800,SG,,1,$249.23 ,$199.38 
,OTHER,,10,"$1,613.58 ","$1,275.76 "
,TOTAL,,11,"$1,862.81 ","$1,475.14 "
54820,SG,,1,$157.68 ,$126.14 
,OTHER,,24,"$5,102.06 ","$3,945.02 "
,TOTAL,,25,"$5,259.74 ","$4,071.16 "
54830,SG,,47,"$20,453.35 ","$16,315.17 "
,OTHER,,291,"$76,961.98 ","$60,911.23 "
,TOTAL,,338,"$97,415.33 ","$77,226.40 "
54840,SG,,364,"$216,096.02 ","$171,528.71 "
,OTHER,,"2,011","$534,390.78 ","$417,836.21 "
,TOTAL,,"2,375","$750,486.80 ","$589,364.92 "
54860,SG,,95,"$43,170.46 ","$33,754.84 "
,OTHER,,637,"$221,853.14 ","$174,869.55 "
,TOTAL,,732,"$265,023.60 ","$208,624.39 "
54861,SG,,14,"$8,076.06 ","$6,380.86 "
,OTHER,,85,"$40,820.46 ","$31,950.01 "
,TOTAL,,99,"$48,896.52 ","$38,330.87 "
54900,OTHER,,1,$735.19 ,$588.15 
,TOTAL,,1,$735.19 ,$588.15 
54901,OTHER,,2,"$1,975.81 ","$1,524.65 "
,TOTAL,,2,"$1,975.81 ","$1,524.65 "
55000,OTHER,,"4,108","$497,377.99 ","$368,654.63 "
,TOTAL,,"4,108","$497,377.99 ","$368,654.63 "
55040,SG,,889,"$420,799.15 ","$330,132.99 "
,OTHER,,"6,355","$1,796,563.65 ","$1,406,492.09 "
,TOTAL,,"7,244","$2,217,362.80 ","$1,736,625.08 "
55041,SG,,105,"$75,052.10 ","$59,078.81 "
,OTHER,,764,"$322,931.99 ","$253,415.50 "
,TOTAL,,869,"$397,984.09 ","$312,494.31 "
55060,SG,,152,"$88,897.04 ","$69,659.50 "
,80'S,,2,$72.14 ,$57.72 
,OTHER,,"1,002","$301,478.15 ","$237,655.16 "
,TOTAL,,"1,156","$390,447.33 ","$307,372.38 "
55100,SG,,14,"$4,243.29 ","$3,394.63 "
,OTHER,,"1,023","$222,578.64 ","$174,343.61 "
,TOTAL,,"1,037","$226,821.93 ","$177,738.24 "
55110,SG,,52,"$17,552.26 ","$13,942.79 "
,OTHER,,737,"$205,083.34 ","$162,928.53 "
,TOTAL,,789,"$222,635.60 ","$176,871.32 "
55120,SG,,11,"$4,435.11 ","$3,548.09 "
,OTHER,,116,"$31,505.49 ","$24,740.78 "
,TOTAL,,127,"$35,940.60 ","$28,288.87 "
55150,SG,,17,"$4,945.34 ","$3,956.28 "
,80'S,,23,"$1,340.43 ","$1,026.51 "
,OTHER,,491,"$184,979.20 ","$146,518.73 "
,TOTAL,,531,"$191,264.97 ","$151,501.52 "
55175,SG,,7,"$1,137.54 ",$910.03 
,OTHER,,125,"$34,083.94 ","$26,960.09 "
,TOTAL,,132,"$35,221.48 ","$27,870.12 "
55180,SG,,4,"$1,296.00 ","$1,036.80 "
,OTHER,,105,"$59,635.67 ","$47,440.37 "
,TOTAL,,109,"$60,931.67 ","$48,477.17 "
55200,OTHER,,10,"$2,181.44 ","$1,648.09 "
,TOTAL,,10,"$2,181.44 ","$1,648.09 "
55250,SG,,19,"$8,633.18 ","$6,819.85 "
,OTHER,,155,"$49,804.66 ","$37,147.87 "
,TOTAL,,174,"$58,437.84 ","$43,967.72 "
55300,OTHER,,4,$369.49 ,$295.59 
,TOTAL,,4,$369.49 ,$295.59 
55400,80'S,,1,$84.67 ,$67.74 
,OTHER,,8,"$4,181.45 ","$3,345.15 "
,TOTAL,,9,"$4,266.12 ","$3,412.89 "
55450,OTHER,,1,$355.74 ,$284.59 
,TOTAL,,1,$355.74 ,$284.59 
55500,SG,,134,"$55,433.99 ","$44,169.35 "
,80'S,,1,$50.22 ,$40.18 
,OTHER,,645,"$173,714.00 ","$135,846.02 "
,TOTAL,,780,"$229,198.21 ","$180,055.55 "
55520,SG,,317,"$121,646.36 ","$94,803.24 "
,80'S,,110,"$3,904.16 ","$3,025.26 "
,OTHER,,"2,270","$465,537.72 ","$369,335.80 "
,TOTAL,,"2,697","$591,088.24 ","$467,164.30 "
55530,SG,,24,"$14,280.74 ","$11,375.46 "
,OTHER,,162,"$50,693.17 ","$39,763.19 "
,TOTAL,,186,"$64,973.91 ","$51,138.65 "
55535,SG,,8,"$5,245.93 ","$4,159.09 "
,80'S,,3,$160.03 ,$128.02 
,OTHER,,42,"$14,178.63 ","$11,134.39 "
,TOTAL,,53,"$19,584.59 ","$15,421.50 "
55540,SG,,11,"$7,938.31 ","$6,350.65 "
,80'S,,4,$279.95 ,$223.95 
,OTHER,,179,"$72,325.39 ","$56,669.39 "
,TOTAL,,194,"$80,543.65 ","$63,243.99 "
55550,80'S,,4,$194.74 ,$155.80 
,OTHER,,11,"$3,766.25 ","$2,982.79 "
,TOTAL,,15,"$3,960.99 ","$3,138.59 "
55559,OTHER,,11,"$3,771.43 ","$3,017.16 "
,TOTAL,,11,"$3,771.43 ","$3,017.16 "
55600,OTHER,,72,"$41,096.68 ","$32,589.60 "
,TOTAL,,72,"$41,096.68 ","$32,589.60 "
55605,OTHER,,7,"$1,954.71 ","$1,563.78 "
,TOTAL,,7,"$1,954.71 ","$1,563.78 "
55650,80'S,,30,"$1,828.83 ","$1,417.28 "
,OTHER,,69,"$28,870.14 ","$22,810.06 "
,TOTAL,,99,"$30,698.97 ","$24,227.34 "
55680,SG,,1,$350.59 ,$280.47 
,OTHER,,6,"$1,647.90 ","$1,318.31 "
,TOTAL,,7,"$1,998.49 ","$1,598.78 "
55700,SG,,"21,601","$9,406,252.25 ","$7,411,798.56 "
,OTHER,,"241,174","$39,023,404.32 ","$30,163,144.18 "
,TOTAL,,"262,775","$48,429,656.57 ","$37,574,942.74 "
55705,SG,,166,"$69,517.35 ","$54,863.02 "
,OTHER,,272,"$71,779.14 ","$56,959.68 "
,TOTAL,,438,"$141,296.49 ","$111,822.70 "
55720,SG,,1,$167.95 ,$134.36 
,OTHER,,141,"$73,464.23 ","$58,451.65 "
,TOTAL,,142,"$73,632.18 ","$58,586.01 "
55725,OTHER,,6,"$2,930.36 ","$2,344.29 "
,TOTAL,,6,"$2,930.36 ","$2,344.29 "
55801,80'S,,10,"$1,575.49 ","$1,260.39 "
,OTHER,,25,"$23,025.21 ","$18,420.17 "
,TOTAL,,35,"$24,600.70 ","$19,680.56 "
55810,80'S,,554,"$108,727.39 ","$84,833.74 "
,OTHER,,"1,022","$1,214,697.47 ","$947,944.68 "
,TOTAL,,"1,576","$1,323,424.86 ","$1,032,778.42 "
55812,80'S,,11,"$2,736.16 ","$2,188.94 "
,OTHER,,22,"$30,462.22 ","$24,369.78 "
,TOTAL,,33,"$33,198.38 ","$26,558.72 "
55815,80'S,,56,"$14,492.42 ","$11,273.99 "
,OTHER,,107,"$170,150.65 ","$133,953.75 "
,TOTAL,,163,"$184,643.07 ","$145,227.74 "
55821,80'S,,"1,075","$138,477.52 ","$109,068.38 "
,OTHER,,"2,046","$1,594,003.40 ","$1,262,976.37 "
,TOTAL,,"3,121","$1,732,480.92 ","$1,372,044.75 "
55831,80'S,,756,"$107,235.94 ","$84,456.53 "
,OTHER,,"1,246","$1,084,954.69 ","$860,919.73 "
,TOTAL,,"2,002","$1,192,190.63 ","$945,376.26 "
55840,80'S,,"1,561","$276,957.56 ","$217,180.07 "
,OTHER,,"3,161","$3,246,756.14 ","$2,546,508.22 "
,TOTAL,,"4,722","$3,523,713.70 ","$2,763,688.29 "
55842,80'S,,544,"$115,348.07 ","$90,343.41 "
,OTHER,,"1,188","$1,503,826.49 ","$1,174,269.94 "
,TOTAL,,"1,732","$1,619,174.56 ","$1,264,613.35 "
55845,80'S,,"7,670","$1,891,528.31 ","$1,489,636.66 "
,OTHER,,"13,371","$19,881,393.86 ","$15,631,661.29 "
,TOTAL,,"21,041","$21,772,922.17 ","$17,121,297.95 "
55859,SG,,427,"$574,298.68 ","$454,161.22 "
,80'S,,111,"$13,824.02 ","$11,059.10 "
,OTHER,,"23,646","$17,367,670.71 ","$13,713,872.42 "
,TOTAL,,"24,184","$17,955,793.41 ","$14,179,092.74 "
55860,OTHER,,427,"$366,580.63 ","$288,997.10 "
,TOTAL,,427,"$366,580.63 ","$288,997.10 "
55862,OTHER,,3,"$2,130.42 ","$1,704.34 "
,TOTAL,,3,"$2,130.42 ","$1,704.34 "
55865,80'S,,5,$991.90 ,$793.52 
,OTHER,,13,"$16,365.27 ","$13,092.21 "
,TOTAL,,18,"$17,357.17 ","$13,885.73 "
55866,80'S,,364,"$94,764.97 ","$74,481.87 "
,OTHER,,969,"$1,544,929.64 ","$1,218,535.89 "
,TOTAL,,"1,333","$1,639,694.61 ","$1,293,017.76 "
55870,OTHER,,40,"$6,051.60 ","$4,495.16 "
,TOTAL,,40,"$6,051.60 ","$4,495.16 "
55873,OTHER,,"2,375","$2,562,999.03 ","$2,028,591.52 "
,TOTAL,,"2,375","$2,562,999.03 ","$2,028,591.52 "
55899,80'S,,7,"$1,163.42 ",$930.74 
,OTHER,,447,"$197,079.02 ","$156,815.72 "
,TOTAL,,454,"$198,242.44 ","$157,746.46 "
56405,SG,FEMALE GENITAL,12,"$5,022.07 ","$3,937.67 "
,OTHER,,"3,476","$422,473.24 ","$321,380.18 "
,TOTAL,,"3,488","$427,495.31 ","$325,317.85 "
56420,OTHER,,"1,645","$195,553.80 ","$145,463.08 "
,TOTAL,,"1,645","$195,553.80 ","$145,463.08 "
56440,SG,,44,"$18,682.85 ","$14,815.04 "
,OTHER,,452,"$83,104.44 ","$64,156.17 "
,TOTAL,,496,"$101,787.29 ","$78,971.21 "
56441,SG,,32,"$8,182.57 ","$6,345.44 "
,80'S,,1,$22.71 ,$18.17 
,OTHER,,334,"$40,483.17 ","$32,001.49 "
,TOTAL,,367,"$48,688.45 ","$38,365.10 "
56501,OTHER,,"3,516","$430,521.20 ","$323,986.61 "
,TOTAL,,"3,516","$430,521.20 ","$323,986.61 "
56515,SG,,109,"$52,526.69 ","$41,434.71 "
,OTHER,,"1,513","$277,963.75 ","$214,736.68 "
,TOTAL,,"1,622","$330,490.44 ","$256,171.39 "
56605,SG,,102,"$29,055.67 ","$22,436.17 "
,OTHER,,"25,138","$1,987,106.87 ","$1,485,841.34 "
,TOTAL,,"25,240","$2,016,162.54 ","$1,508,277.51 "
56606,OTHER,,"4,446","$177,276.67 ","$139,885.35 "
,TOTAL,,"4,446","$177,276.67 ","$139,885.35 "
56620,SG,,108,"$76,713.08 ","$59,222.17 "
,80'S,,90,"$6,194.77 ","$4,872.24 "
,OTHER,,"2,072","$925,005.65 ","$727,112.66 "
,TOTAL,,"2,270","$1,007,913.50 ","$791,207.07 "
56625,SG,,4,"$3,865.57 ","$3,092.45 "
,80'S,,13,"$1,040.18 ",$832.15 
,OTHER,,179,"$90,698.51 ","$71,702.73 "
,TOTAL,,196,"$95,604.26 ","$75,627.33 "
56630,80'S,,69,"$8,325.75 ","$6,384.00 "
,OTHER,,650,"$480,616.87 ","$381,893.92 "
,TOTAL,,719,"$488,942.62 ","$388,277.92 "
56631,80'S,,30,"$4,864.77 ","$3,891.79 "
,OTHER,,257,"$240,725.22 ","$192,459.35 "
,TOTAL,,287,"$245,589.99 ","$196,351.14 "
56632,80'S,,32,"$5,925.94 ","$4,740.79 "
,OTHER,,219,"$248,082.15 ","$196,695.88 "
,TOTAL,,251,"$254,008.09 ","$201,436.67 "
56633,80'S,,24,"$3,642.56 ","$2,914.03 "
,OTHER,,201,"$188,177.93 ","$150,178.90 "
,TOTAL,,225,"$191,820.49 ","$153,092.93 "
56634,80'S,,22,"$3,391.21 ","$2,712.95 "
,OTHER,,82,"$83,224.01 ","$66,579.24 "
,TOTAL,,104,"$86,615.22 ","$69,292.19 "
56637,80'S,,46,"$9,665.58 ","$7,690.71 "
,OTHER,,218,"$273,467.81 ","$217,995.93 "
,TOTAL,,264,"$283,133.39 ","$225,686.64 "
56640,80'S,,2,$447.92 ,$339.74 
,OTHER,,26,"$36,725.42 ","$29,380.33 "
,TOTAL,,28,"$37,173.34 ","$29,720.07 "
56700,SG,,1,$157.86 ,$126.29 
,80'S,,2,$36.93 ,$29.55 
,OTHER,,56,"$6,730.93 ","$5,217.25 "
,TOTAL,,59,"$6,925.72 ","$5,373.09 "
56720,SG,,2,$505.65 ,$404.52 
,OTHER,,32,$933.69 ,$693.99 
,TOTAL,,34,"$1,439.34 ","$1,098.51 "
56740,SG,,40,"$19,677.40 ","$15,619.32 "
,OTHER,,460,"$115,087.77 ","$90,471.85 "
,TOTAL,,500,"$134,765.17 ","$106,091.17 "
56800,SG,,10,"$5,105.84 ","$3,738.25 "
,80'S,,23,$600.07 ,$447.30 
,OTHER,,213,"$38,341.63 ","$30,532.34 "
,TOTAL,,246,"$44,047.54 ","$34,717.89 "
56805,OTHER,,3,"$3,359.02 ","$2,687.22 "
,TOTAL,,3,"$3,359.02 ","$2,687.22 "
56810,SG,,29,"$20,526.19 ","$15,419.01 "
,80'S,,95,"$2,260.41 ","$1,785.64 "
,OTHER,,784,"$137,297.67 ","$107,814.47 "
,TOTAL,,908,"$160,084.27 ","$125,019.12 "
56820,OTHER,,"1,983","$197,520.30 ","$152,547.35 "
,TOTAL,,"1,983","$197,520.30 ","$152,547.35 "
56821,OTHER,,"1,464","$201,256.78 ","$158,193.26 "
,TOTAL,,"1,464","$201,256.78 ","$158,193.26 "
57000,SG,,5,"$1,160.27 ",$928.22 
,80'S,,3,$60.96 ,$48.77 
,OTHER,,95,"$14,699.35 ","$11,697.09 "
,TOTAL,,103,"$15,920.58 ","$12,674.08 "
57010,SG,,3,$918.13 ,$734.51 
,80'S,,2,$89.58 ,$71.66 
,OTHER,,91,"$29,790.47 ","$23,439.53 "
,TOTAL,,96,"$30,798.18 ","$24,245.70 "
57020,SG,,1,$462.04 ,$369.63 
,OTHER,,109,"$9,108.34 ","$7,098.92 "
,TOTAL,,110,"$9,570.38 ","$7,468.55 "
57022,OTHER,,4,$690.81 ,$472.65 
,TOTAL,,4,$690.81 ,$472.65 
57023,SG,,1,$165.29 ,$132.23 
,OTHER,,75,"$17,129.54 ","$13,543.67 "
,TOTAL,,76,"$17,294.83 ","$13,675.90 "
57061,OTHER,,"2,018","$221,515.08 ","$168,301.22 "
,TOTAL,,"2,018","$221,515.08 ","$168,301.22 "
57065,SG,,94,"$27,912.94 ","$21,309.61 "
,OTHER,,"1,159","$200,994.47 ","$157,121.65 "
,TOTAL,,"1,253","$228,907.41 ","$178,431.26 "
57100,OTHER,,"6,234","$505,445.00 ","$380,185.18 "
,TOTAL,,"6,234","$505,445.00 ","$380,185.18 "
57105,SG,,51,"$21,149.97 ","$16,854.93 "
,OTHER,,"1,015","$118,538.47 ","$92,087.99 "
,TOTAL,,"1,066","$139,688.44 ","$108,942.92 "
57106,80'S,,228,"$8,627.37 ","$6,864.39 "
,OTHER,,"1,217","$329,670.71 ","$260,832.93 "
,TOTAL,,"1,445","$338,298.08 ","$267,697.32 "
57107,80'S,,27,"$4,735.71 ","$3,788.58 "
,OTHER,,130,"$135,393.81 ","$108,314.99 "
,TOTAL,,157,"$140,129.52 ","$112,103.57 "
57109,80'S,,5,"$1,199.32 ",$959.45 
,OTHER,,31,"$41,537.95 ","$33,230.33 "
,TOTAL,,36,"$42,737.27 ","$34,189.78 "
57110,80'S,,143,"$18,471.89 ","$14,760.49 "
,OTHER,,539,"$409,323.21 ","$326,214.81 "
,TOTAL,,682,"$427,795.10 ","$340,975.30 "
57111,80'S,,9,"$2,142.87 ","$1,714.29 "
,OTHER,,40,"$57,445.15 ","$45,956.17 "
,TOTAL,,49,"$59,588.02 ","$47,670.46 "
57112,80'S,,4,$825.67 ,$580.54 
,OTHER,,13,"$16,495.93 ","$13,196.73 "
,TOTAL,,17,"$17,321.60 ","$13,777.27 "
57120,80'S,,650,"$41,486.10 ","$32,855.24 "
,OTHER,,"2,122","$824,979.37 ","$656,420.55 "
,TOTAL,,"2,772","$866,465.47 ","$689,275.79 "
57130,SG,,3,"$1,351.95 ","$1,081.56 "
,80'S,,6,$111.15 ,$88.92 
,OTHER,,59,"$7,937.54 ","$6,228.39 "
,TOTAL,,68,"$9,400.64 ","$7,398.87 "
57135,SG,,124,"$52,672.74 ","$41,658.16 "
,80'S,,1,$14.79 ,$11.83 
,OTHER,,"1,360","$230,769.06 ","$180,262.19 "
,TOTAL,,"1,485","$283,456.59 ","$221,932.18 "
57150,OTHER,,"18,926","$1,078,773.92 ","$811,731.58 "
,TOTAL,,"18,926","$1,078,773.92 ","$811,731.58 "
57155,OTHER,,"2,526","$952,735.33 ","$760,573.95 "
,TOTAL,,"2,526","$952,735.33 ","$760,573.95 "
57160,OTHER,,"108,159","$7,690,777.52 ","$5,704,492.28 "
,TOTAL,,"108,159","$7,690,777.52 ","$5,704,492.28 "
57170,OTHER,,188,"$14,809.58 ","$10,677.78 "
,TOTAL,,188,"$14,809.58 ","$10,677.78 "
57180,SG,,1,$178.04 ,$142.43 
,OTHER,,457,"$54,567.75 ","$42,728.86 "
,TOTAL,,458,"$54,745.79 ","$42,871.29 "
57200,SG,,5,"$1,327.77 ","$1,062.21 "
,80'S,,44,"$1,210.38 ",$968.25 
,OTHER,,368,"$75,827.27 ","$59,081.00 "
,TOTAL,,417,"$78,365.42 ","$61,111.46 "
57210,SG,,3,"$1,119.04 ",$895.23 
,80'S,,51,"$1,697.30 ","$1,309.46 "
,OTHER,,413,"$83,972.54 ","$66,105.80 "
,TOTAL,,467,"$86,788.88 ","$68,310.49 "
57220,80'S,,74,"$1,951.97 ","$1,550.88 "
,OTHER,,289,"$45,720.68 ","$36,132.42 "
,TOTAL,,363,"$47,672.65 ","$37,683.30 "
57230,SG,,1,$516.24 ,$412.99 
,80'S,,3,$121.33 ,$42.58 
,OTHER,,25,"$5,718.28 ","$4,574.64 "
,TOTAL,,29,"$6,355.85 ","$5,030.21 "
57240,SG,,75,"$53,283.17 ","$41,511.10 "
,80'S,,"4,192","$167,053.74 ","$132,177.91 "
,OTHER,,"13,598","$3,271,676.78 ","$2,584,541.94 "
,TOTAL,,"17,865","$3,492,013.69 ","$2,758,230.95 "
57250,SG,,54,"$38,593.32 ","$29,837.72 "
,80'S,,"3,183","$123,164.39 ","$97,067.90 "
,OTHER,,"9,873","$2,376,262.22 ","$1,873,498.28 "
,TOTAL,,"13,110","$2,538,019.93 ","$2,000,403.90 "
57260,SG,,49,"$35,901.40 ","$28,605.77 "
,80'S,,"6,935","$380,886.96 ","$300,975.76 "
,OTHER,,"17,622","$5,859,960.35 ","$4,634,073.02 "
,TOTAL,,"24,606","$6,276,748.71 ","$4,963,654.55 "
57265,SG,,7,"$7,027.94 ","$4,842.60 "
,80'S,,"2,623","$229,073.93 ","$179,913.73 "
,OTHER,,"6,983","$3,643,477.90 ","$2,881,984.55 "
,TOTAL,,"9,613","$3,879,579.77 ","$3,066,740.88 "
57268,SG,,15,"$5,635.67 ","$4,508.53 "
,80'S,,787,"$48,177.55 ","$37,886.51 "
,OTHER,,"2,043","$770,307.25 ","$609,227.63 "
,TOTAL,,"2,845","$824,120.47 ","$651,622.67 "
57270,80'S,,299,"$23,367.98 ","$18,473.24 "
,OTHER,,793,"$381,125.42 ","$299,963.52 "
,TOTAL,,"1,092","$404,493.40 ","$318,436.76 "
57280,80'S,,"1,648","$219,288.06 ","$173,695.09 "
,OTHER,,"4,137","$3,352,039.34 ","$2,646,858.93 "
,TOTAL,,"5,785","$3,571,327.40 ","$2,820,554.02 "
57282,80'S,,"3,215","$192,639.83 ","$152,405.29 "
,OTHER,,"8,670","$3,090,823.88 ","$2,444,801.55 "
,TOTAL,,"11,885","$3,283,463.71 ","$2,597,206.84 "
57284,80'S,,"1,091","$102,312.49 ","$80,871.63 "
,OTHER,,"3,047","$1,761,756.21 ","$1,393,153.82 "
,TOTAL,,"4,138","$1,864,068.70 ","$1,474,025.45 "
57287,80'S,,158,"$14,845.75 ","$11,765.23 "
,OTHER,,"1,417","$783,903.73 ","$619,988.93 "
,TOTAL,,"1,575","$798,749.48 ","$631,754.16 "
57288,80'S,,"7,956","$851,089.81 ","$670,235.70 "
,OTHER,,"35,948","$24,246,665.58 ","$19,117,838.27 "
,TOTAL,,"43,904","$25,097,755.39 ","$19,788,073.97 "
57289,SG,,3,"$2,161.65 ","$1,729.32 "
,80'S,,87,"$7,519.80 ","$5,936.44 "
,OTHER,,166,"$86,295.06 ","$68,896.57 "
,TOTAL,,256,"$95,976.51 ","$76,562.33 "
57291,OTHER,,14,"$5,680.44 ","$4,544.35 "
,TOTAL,,14,"$5,680.44 ","$4,544.35 "
57292,80'S,,8,$841.67 ,$579.68 
,OTHER,,34,"$21,951.80 ","$17,561.45 "
,TOTAL,,42,"$22,793.47 ","$18,141.13 "
57300,SG,,7,"$3,543.64 ","$2,816.30 "
,80'S,,45,"$2,641.30 ","$2,083.33 "
,OTHER,,242,"$95,058.07 ","$75,115.54 "
,TOTAL,,294,"$101,243.01 ","$80,015.17 "
57305,80'S,,108,"$7,391.71 ","$5,837.32 "
,OTHER,,325,"$144,639.41 ","$115,157.97 "
,TOTAL,,433,"$152,031.12 ","$120,995.29 "
57307,80'S,,12,"$1,129.93 ",$903.95 
,OTHER,,47,"$30,390.34 ","$24,312.29 "
,TOTAL,,59,"$31,520.27 ","$25,216.24 "
57308,80'S,,10,$902.44 ,$721.96 
,OTHER,,67,"$33,791.39 ","$27,033.13 "
,TOTAL,,77,"$34,693.83 ","$27,755.09 "
57310,SG,,1,$591.22 ,$472.98 
,80'S,,7,$377.94 ,$302.35 
,OTHER,,49,"$15,862.19 ","$12,409.25 "
,TOTAL,,57,"$16,831.35 ","$13,184.58 "
57311,80'S,,4,$239.48 ,$184.91 
,OTHER,,17,"$5,209.07 ","$4,167.26 "
,TOTAL,,21,"$5,448.55 ","$4,352.17 "
57320,80'S,,18,"$1,275.89 ","$1,020.70 "
,OTHER,,124,"$50,045.89 ","$39,390.32 "
,TOTAL,,142,"$51,321.78 ","$40,411.02 "
57330,80'S,,5,$527.03 ,$421.62 
,OTHER,,17,"$11,638.91 ","$9,231.15 "
,TOTAL,,22,"$12,165.94 ","$9,652.77 "
57335,80'S,,1,$186.47 ,$149.18 
,OTHER,,14,"$13,718.03 ","$10,894.43 "
,TOTAL,,15,"$13,904.50 ","$11,043.61 "
57400,SG,,7,"$2,576.13 ","$2,060.90 "
,80'S,,2,$23.12 ,$18.49 
,OTHER,,156,"$17,167.20 ","$13,416.64 "
,TOTAL,,165,"$19,766.45 ","$15,496.03 "
57410,SG,,350,"$123,895.97 ","$98,173.56 "
,OTHER,,"6,388","$528,479.25 ","$410,309.79 "
,TOTAL,,"6,738","$652,375.22 ","$508,483.35 "
57415,SG,,10,"$4,489.00 ","$3,591.21 "
,OTHER,,513,"$77,048.17 ","$59,786.84 "
,TOTAL,,523,"$81,537.17 ","$63,378.05 "
57420,OTHER,,"2,412","$265,022.66 ","$206,676.10 "
,TOTAL,,"2,412","$265,022.66 ","$206,676.10 "
57421,OTHER,,"2,289","$341,826.85 ","$266,191.30 "
,TOTAL,,"2,289","$341,826.85 ","$266,191.30 "
57452,OTHER,,"15,386","$1,620,911.76 ","$1,204,549.94 "
,TOTAL,,"15,386","$1,620,911.76 ","$1,204,549.94 "
57454,OTHER,,"25,416","$3,761,184.58 ","$2,840,952.63 "
,TOTAL,,"25,416","$3,761,184.58 ","$2,840,952.63 "
57455,OTHER,,"1,696","$229,213.05 ","$177,525.27 "
,TOTAL,,"1,696","$229,213.05 ","$177,525.27 "
57456,OTHER,,"1,325","$172,697.48 ","$132,674.02 "
,TOTAL,,"1,325","$172,697.48 ","$132,674.02 "
57460,OTHER,,"1,848","$407,282.52 ","$315,181.90 "
,TOTAL,,"1,848","$407,282.52 ","$315,181.90 "
57461,OTHER,,406,"$103,819.62 ","$81,170.14 "
,TOTAL,,406,"$103,819.62 ","$81,170.14 "
57500,OTHER,,"9,759","$976,099.18 ","$729,712.58 "
,TOTAL,,"9,759","$976,099.18 ","$729,712.58 "
57505,OTHER,,"3,899","$399,423.68 ","$303,058.16 "
,TOTAL,,"3,899","$399,423.68 ","$303,058.16 "
57510,OTHER,,823,"$129,952.75 ","$99,183.45 "
,TOTAL,,823,"$129,952.75 ","$99,183.45 "
57511,OTHER,,"3,009","$447,160.88 ","$338,410.06 "
,TOTAL,,"3,009","$447,160.88 ","$338,410.06 "
57513,SG,,26,"$10,568.03 ","$8,406.30 "
,OTHER,,315,"$38,379.17 ","$29,265.98 "
,TOTAL,,341,"$48,947.20 ","$37,672.28 "
57520,SG,,222,"$94,104.23 ","$73,880.51 "
,OTHER,,"2,708","$661,850.77 ","$521,170.53 "
,TOTAL,,"2,930","$755,955.00 ","$595,051.04 "
57522,SG,,297,"$120,922.97 ","$95,620.13 "
,OTHER,,"2,760","$619,600.17 ","$480,079.89 "
,TOTAL,,"3,057","$740,523.14 ","$575,700.02 "
57530,SG,,2,$778.83 ,$623.07 
,80'S,,46,"$1,303.47 ","$1,042.79 "
,OTHER,,164,"$30,953.50 ","$24,367.58 "
,TOTAL,,212,"$33,035.80 ","$26,033.44 "
57531,80'S,,5,"$1,276.62 ","$1,021.31 "
,OTHER,,22,"$31,710.56 ","$24,307.23 "
,TOTAL,,27,"$32,987.18 ","$25,328.54 "
57540,80'S,,9,$901.93 ,$699.19 
,OTHER,,22,"$12,856.16 ","$10,138.14 "
,TOTAL,,31,"$13,758.09 ","$10,837.33 "
57545,OTHER,,12,"$8,204.68 ","$6,563.75 "
,TOTAL,,12,"$8,204.68 ","$6,563.75 "
57550,80'S,,9,$475.41 ,$380.32 
,OTHER,,41,"$10,470.05 ","$8,275.18 "
,TOTAL,,50,"$10,945.46 ","$8,655.50 "
57555,80'S,,8,$707.12 ,$565.70 
,OTHER,,53,"$23,599.27 ","$18,743.40 "
,TOTAL,,61,"$24,306.39 ","$19,309.10 "
57556,80'S,,52,"$3,044.66 ","$2,435.77 "
,OTHER,,199,"$69,756.19 ","$55,493.93 "
,TOTAL,,251,"$72,800.85 ","$57,929.70 "
57700,OTHER,,17,"$3,251.44 ","$2,521.14 "
,TOTAL,,17,"$3,251.44 ","$2,521.14 "
57720,SG,,3,"$1,241.12 ",$992.90 
,80'S,,3,$93.59 ,$74.87 
,OTHER,,49,"$10,182.72 ","$7,958.45 "
,TOTAL,,55,"$11,517.43 ","$9,026.22 "
57800,SG,,5,"$1,522.25 ","$1,197.89 "
,OTHER,,845,"$46,936.09 ","$34,527.45 "
,TOTAL,,850,"$48,458.34 ","$35,725.34 "
57820,SG,,12,"$5,898.02 ","$4,638.42 "
,OTHER,,123,"$11,120.73 ","$8,465.31 "
,TOTAL,,135,"$17,018.75 ","$13,103.73 "
58100,OTHER,,"83,132","$8,836,627.47 ","$6,659,931.27 "
,TOTAL,,"83,132","$8,836,627.47 ","$6,659,931.27 "
58120,SG,,"1,790","$777,212.11 ","$610,527.63 "
,OTHER,,"21,492","$4,256,999.87 ","$3,350,018.26 "
,TOTAL,,"23,282","$5,034,211.98 ","$3,960,545.89 "
58140,80'S,,120,"$14,667.84 ","$11,734.30 "
,OTHER,,367,"$267,263.63 ","$212,294.93 "
,TOTAL,,487,"$281,931.47 ","$224,029.23 "
58145,SG,,17,"$12,257.73 ","$9,646.21 "
,80'S,,10,$738.17 ,$590.55 
,OTHER,,191,"$90,121.92 ","$69,942.97 "
,TOTAL,,218,"$103,117.82 ","$80,179.73 "
58146,80'S,,13,"$2,267.63 ","$1,814.12 "
,OTHER,,66,"$36,415.30 ","$29,132.24 "
,TOTAL,,79,"$38,682.93 ","$30,946.36 "
58150,80'S,,"10,766","$1,496,383.66 ","$1,178,839.53 "
,OTHER,,"25,722","$21,649,766.33 ","$17,076,109.87 "
,TOTAL,,"36,488","$23,146,149.99 ","$18,254,949.40 "
58152,80'S,,517,"$93,538.73 ","$72,658.77 "
,OTHER,,"1,240","$1,355,096.40 ","$1,058,810.35 "
,TOTAL,,"1,757","$1,448,635.13 ","$1,131,469.12 "
58180,80'S,,429,"$59,691.33 ","$46,958.32 "
,OTHER,,"1,430","$969,673.04 ","$762,646.90 "
,TOTAL,,"1,859","$1,029,364.37 ","$809,605.22 "
58200,80'S,,550,"$106,664.55 ","$84,765.86 "
,OTHER,,"2,727","$3,204,121.44 ","$2,540,231.50 "
,TOTAL,,"3,277","$3,310,785.99 ","$2,624,997.36 "
58210,80'S,,754,"$200,097.06 ","$159,607.28 "
,OTHER,,"3,524","$5,501,881.50 ","$4,384,606.26 "
,TOTAL,,"4,278","$5,701,978.56 ","$4,544,213.54 "
58240,80'S,,111,"$38,958.38 ","$31,166.63 "
,OTHER,,261,"$514,311.31 ","$410,872.61 "
,TOTAL,,372,"$553,269.69 ","$442,039.24 "
58260,80'S,,"4,540","$536,425.47 ","$421,522.81 "
,OTHER,,"9,616","$6,923,026.18 ","$5,474,700.75 "
,TOTAL,,"14,156","$7,459,451.65 ","$5,896,223.56 "
58262,80'S,,"1,914","$253,201.18 ","$198,669.77 "
,OTHER,,"4,457","$3,609,574.02 ","$2,847,863.33 "
,TOTAL,,"6,371","$3,862,775.20 ","$3,046,533.10 "
58263,80'S,,491,"$71,368.23 ","$55,929.60 "
,OTHER,,"1,420","$1,257,363.71 ","$995,049.27 "
,TOTAL,,"1,911","$1,328,731.94 ","$1,050,978.87 "
58267,80'S,,212,"$33,020.50 ","$26,000.40 "
,OTHER,,443,"$417,768.05 ","$329,905.32 "
,TOTAL,,655,"$450,788.55 ","$355,905.72 "
58270,80'S,,566,"$73,414.91 ","$58,382.24 "
,OTHER,,"1,354","$1,073,169.77 ","$851,662.99 "
,TOTAL,,"1,920","$1,146,584.68 ","$910,045.23 "
58275,80'S,,54,"$7,991.93 ","$6,270.14 "
,OTHER,,171,"$150,568.30 ","$119,847.94 "
,TOTAL,,225,"$158,560.23 ","$126,118.08 "
58280,80'S,,74,"$11,826.59 ","$9,381.31 "
,OTHER,,236,"$214,725.85 ","$171,431.24 "
,TOTAL,,310,"$226,552.44 ","$180,812.55 "
58285,80'S,,5,"$1,052.29 ",$841.83 
,OTHER,,34,"$28,702.95 ","$22,962.36 "
,TOTAL,,39,"$29,755.24 ","$23,804.19 "
58290,80'S,,42,"$7,070.32 ","$5,545.29 "
,OTHER,,124,"$129,966.97 ","$102,748.52 "
,TOTAL,,166,"$137,037.29 ","$108,293.81 "
58291,80'S,,39,"$7,131.64 ","$5,548.36 "
,OTHER,,88,"$100,088.68 ","$78,398.51 "
,TOTAL,,127,"$107,220.32 ","$83,946.87 "
58292,80'S,,8,"$1,555.21 ","$1,244.16 "
,OTHER,,38,"$44,795.45 ","$35,836.40 "
,TOTAL,,46,"$46,350.66 ","$37,080.56 "
58293,80'S,,6,"$1,269.77 ","$1,015.83 "
,OTHER,,18,"$23,758.58 ","$19,006.86 "
,TOTAL,,24,"$25,028.35 ","$20,022.69 "
58294,80'S,,15,"$2,715.39 ","$2,172.33 "
,OTHER,,45,"$43,348.53 ","$34,678.79 "
,TOTAL,,60,"$46,063.92 ","$36,851.12 "
58301,OTHER,,346,"$29,664.46 ","$21,733.07 "
,TOTAL,,346,"$29,664.46 ","$21,733.07 "
58321,OTHER,,5,$304.46 ,$243.56 
,TOTAL,,5,$304.46 ,$243.56 
58322,OTHER,,84,"$6,252.61 ","$4,618.53 "
,TOTAL,,84,"$6,252.61 ","$4,618.53 "
58323,OTHER,,48,$923.82 ,$702.97 
,TOTAL,,48,$923.82 ,$702.97 
58340,OTHER,,"6,385","$2,037,220.53 ","$1,586,731.01 "
,TOTAL,,"6,385","$2,037,220.53 ","$1,586,731.01 "
58345,OTHER,,18,"$3,765.08 ","$2,694.76 "
,TOTAL,,18,"$3,765.08 ","$2,694.76 "
58346,OTHER,,21,"$8,457.60 ","$6,766.10 "
,TOTAL,,21,"$8,457.60 ","$6,766.10 "
58350,SG,,5,"$1,522.09 ","$1,217.69 "
,OTHER,,96,"$4,567.39 ","$3,559.76 "
,TOTAL,,101,"$6,089.48 ","$4,777.45 "
58353,SG,,30,"$19,235.59 ","$13,890.66 "
,80'S,,2,$51.64 ,$41.31 
,OTHER,,376,"$78,011.95 ","$60,389.75 "
,TOTAL,,408,"$97,299.18 ","$74,321.72 "
58400,80'S,,63,"$2,344.09 ","$1,870.32 "
,OTHER,,173,"$40,497.22 ","$31,806.70 "
,TOTAL,,236,"$42,841.31 ","$33,677.02 "
58410,80'S,,1,$120.11 ,$96.09 
,OTHER,,14,"$8,117.77 ","$6,232.83 "
,TOTAL,,15,"$8,237.88 ","$6,328.92 "
58520,80'S,,4,$415.99 ,$332.80 
,OTHER,,14,"$7,836.30 ","$5,782.95 "
,TOTAL,,18,"$8,252.29 ","$6,115.75 "
58540,OTHER,,3,"$2,475.54 ","$1,980.43 "
,TOTAL,,3,"$2,475.54 ","$1,980.43 "
58545,SG,,3,"$4,004.41 ","$3,203.52 "
,80'S,,17,"$2,312.37 ","$1,735.69 "
,OTHER,,87,"$74,227.20 ","$58,475.17 "
,TOTAL,,107,"$80,543.98 ","$63,414.38 "
58546,OTHER,,4,"$4,894.69 ","$3,915.75 "
,TOTAL,,4,"$4,894.69 ","$3,915.75 "
58550,SG,,2,"$2,638.31 ","$2,110.65 "
,80'S,,"1,004","$128,637.92 ","$100,067.29 "
,OTHER,,"2,113","$1,641,764.14 ","$1,282,384.23 "
,TOTAL,,"3,119","$1,773,040.37 ","$1,384,562.17 "
58551,SG,,1,$845.07 ,$676.06 
,80'S,,5,$649.10 ,$396.51 
,OTHER,,11,"$8,933.31 ","$7,019.33 "
,TOTAL,,17,"$10,427.48 ","$8,091.90 "
58552,80'S,,843,"$108,401.25 ","$85,106.58 "
,OTHER,,"1,983","$1,536,457.46 ","$1,208,313.10 "
,TOTAL,,"2,826","$1,644,858.71 ","$1,293,419.68 "
58553,80'S,,23,"$3,913.66 ","$3,130.91 "
,OTHER,,51,"$51,483.02 ","$41,186.42 "
,TOTAL,,74,"$55,396.68 ","$44,317.33 "
58554,80'S,,58,"$9,823.66 ","$7,858.94 "
,OTHER,,142,"$143,988.28 ","$113,716.91 "
,TOTAL,,200,"$153,811.94 ","$121,575.85 "
58555,SG,,196,"$41,053.13 ","$32,683.91 "
,80'S,,3,$84.99 ,$67.99 
,OTHER,,"2,154","$318,123.64 ","$248,977.60 "
,TOTAL,,"2,353","$359,261.76 ","$281,729.50 "
58558,SG,,"4,735","$2,376,463.23 ","$1,876,480.65 "
,80'S,,4,$146.87 ,$117.50 
,OTHER,,"36,714","$9,501,941.29 ","$7,478,369.43 "
,TOTAL,,"41,453","$11,878,551.39 ","$9,354,967.58 "
58559,SG,,12,"$4,212.34 ","$3,361.30 "
,OTHER,,178,"$50,705.07 ","$40,163.64 "
,TOTAL,,190,"$54,917.41 ","$43,524.94 "
58560,80'S,,1,$64.74 ,$51.79 
,OTHER,,86,"$31,725.73 ","$25,042.56 "
,TOTAL,,87,"$31,790.47 ","$25,094.35 "
58561,SG,,87,"$38,343.75 ","$29,555.49 "
,80'S,,3,$226.19 ,$180.95 
,OTHER,,"1,021","$548,309.04 ","$429,919.66 "
,TOTAL,,"1,111","$586,878.98 ","$459,656.10 "
58562,OTHER,,75,"$21,011.90 ","$16,393.54 "
,TOTAL,,75,"$21,011.90 ","$16,393.54 "
58563,SG,,255,"$156,579.56 ","$122,624.38 "
,80'S,,4,$174.94 ,$139.96 
,OTHER,,"2,431","$784,902.27 ","$607,310.36 "
,TOTAL,,"2,690","$941,656.77 ","$730,074.70 "
58578,80'S,,15,"$2,721.37 ","$2,177.09 "
,OTHER,,133,"$91,080.42 ","$72,434.78 "
,TOTAL,,148,"$93,801.79 ","$74,611.87 "
58579,OTHER,,30,"$11,330.52 ","$9,064.40 "
,TOTAL,,30,"$11,330.52 ","$9,064.40 "
58600,80'S,,3,$112.78 ,$90.22 
,OTHER,,47,"$12,827.80 ","$10,120.58 "
,TOTAL,,50,"$12,940.58 ","$10,210.80 "
58605,80'S,,1,$31.38 ,$25.10 
,OTHER,,77,"$20,222.40 ","$15,785.43 "
,TOTAL,,78,"$20,253.78 ","$15,810.53 "
58611,80'S,,10,$124.77 ,$99.82 
,OTHER,,112,"$8,210.91 ","$6,431.19 "
,TOTAL,,122,"$8,335.68 ","$6,531.01 "
58615,OTHER,,6,"$1,780.87 ","$1,424.70 "
,TOTAL,,6,"$1,780.87 ","$1,424.70 "
58660,SG,,126,"$88,528.45 ","$69,506.96 "
,80'S,,307,"$25,929.45 ","$20,496.82 "
,OTHER,,"2,566","$1,472,661.56 ","$1,154,345.51 "
,TOTAL,,"2,999","$1,587,119.46 ","$1,244,349.29 "
58661,SG,,185,"$129,177.13 ","$100,645.72 "
,80'S,,"1,393","$132,884.69 ","$105,223.34 "
,OTHER,,"5,735","$3,347,945.49 ","$2,634,541.07 "
,TOTAL,,"7,313","$3,610,007.31 ","$2,840,410.13 "
58662,SG,,153,"$106,010.61 ","$81,320.93 "
,80'S,,171,"$17,050.10 ","$13,456.15 "
,OTHER,,"1,454","$904,864.57 ","$704,591.55 "
,TOTAL,,"1,778","$1,027,925.28 ","$799,368.63 "
58670,SG,,67,"$30,337.25 ","$23,557.10 "
,OTHER,,543,"$182,099.55 ","$141,287.64 "
,TOTAL,,610,"$212,436.80 ","$164,844.74 "
58671,SG,,35,"$17,086.25 ","$13,492.40 "
,OTHER,,356,"$118,190.99 ","$91,777.80 "
,TOTAL,,391,"$135,277.24 ","$105,270.20 "
58672,80'S,,1,$120.41 ,$96.33 
,OTHER,,5,"$3,413.24 ","$2,674.00 "
,TOTAL,,6,"$3,533.65 ","$2,770.33 "
58673,80'S,,4,$424.32 ,$339.46 
,OTHER,,42,"$32,476.89 ","$25,012.62 "
,TOTAL,,46,"$32,901.21 ","$25,352.08 "
58679,80'S,,1,$102.45 ,$81.96 
,OTHER,,14,"$5,634.30 ","$4,507.44 "
,TOTAL,,15,"$5,736.75 ","$4,589.40 "
58700,80'S,,114,"$9,109.84 ","$6,745.67 "
,OTHER,,393,"$191,719.59 ","$150,891.26 "
,TOTAL,,507,"$200,829.43 ","$157,636.93 "
58720,80'S,,"2,955","$252,092.81 ","$199,308.36 "
,OTHER,,"8,803","$4,496,871.69 ","$3,557,989.78 "
,TOTAL,,"11,758","$4,748,964.50 ","$3,757,298.14 "
58740,80'S,,463,"$50,448.56 ","$39,887.06 "
,OTHER,,"1,440","$917,208.16 ","$724,258.69 "
,TOTAL,,"1,903","$967,656.72 ","$764,145.75 "
58750,80'S,,4,$471.32 ,$377.05 
,OTHER,,11,"$7,838.84 ","$6,271.07 "
,TOTAL,,15,"$8,310.16 ","$6,648.12 "
58752,OTHER,,1,$605.04 ,$435.63 
,TOTAL,,1,$605.04 ,$435.63 
58760,80'S,,3,$246.63 ,$197.31 
,OTHER,,5,"$1,776.01 ","$1,420.80 "
,TOTAL,,8,"$2,022.64 ","$1,618.11 "
58770,80'S,,2,$149.29 ,$119.43 
,OTHER,,13,"$7,008.00 ","$5,606.40 "
,TOTAL,,15,"$7,157.29 ","$5,725.83 "
58800,OTHER,,59,"$16,262.36 ","$12,776.88 "
,TOTAL,,59,"$16,262.36 ","$12,776.88 "
58805,80'S,,10,$402.43 ,$321.95 
,OTHER,,115,"$31,344.27 ","$24,483.70 "
,TOTAL,,125,"$31,746.70 ","$24,805.65 "
58820,OTHER,,8,"$1,561.23 ","$1,249.00 "
,TOTAL,,8,"$1,561.23 ","$1,249.00 "
58822,80'S,,9,$526.25 ,$421.01 
,OTHER,,33,"$14,238.86 ","$10,978.71 "
,TOTAL,,42,"$14,765.11 ","$11,399.72 "
58823,80'S,,13,$302.74 ,$242.19 
,OTHER,,603,"$120,503.36 ","$95,479.54 "
,TOTAL,,616,"$120,806.10 ","$95,721.73 "
58825,80'S,,2,$146.91 ,$117.53 
,OTHER,,8,"$2,588.38 ","$2,070.72 "
,TOTAL,,10,"$2,735.29 ","$2,188.25 "
58900,SG,,2,$760.97 ,$608.78 
,80'S,,14,$526.30 ,$421.05 
,OTHER,,89,"$23,441.27 ","$18,753.00 "
,TOTAL,,105,"$24,728.54 ","$19,782.83 "
58920,80'S,,13,$877.04 ,$701.63 
,OTHER,,33,"$15,802.17 ","$12,251.22 "
,TOTAL,,46,"$16,679.21 ","$12,952.85 "
58925,80'S,,205,"$17,417.67 ","$13,569.96 "
,OTHER,,768,"$376,776.71 ","$297,544.60 "
,TOTAL,,973,"$394,194.38 ","$311,114.56 "
58940,80'S,,939,"$49,287.35 ","$38,989.71 "
,OTHER,,"3,156","$948,921.08 ","$752,270.39 "
,TOTAL,,"4,095","$998,208.43 ","$791,260.10 "
58943,80'S,,147,"$23,032.58 ","$17,980.00 "
,OTHER,,486,"$470,515.40 ","$371,469.92 "
,TOTAL,,633,"$493,547.98 ","$389,449.92 "
58950,80'S,,178,"$25,486.63 ","$20,242.79 "
,OTHER,,729,"$647,937.67 ","$516,447.69 "
,TOTAL,,907,"$673,424.30 ","$536,690.48 "
58951,80'S,,241,"$48,972.10 ","$38,770.56 "
,OTHER,,978,"$1,202,046.50 ","$957,148.99 "
,TOTAL,,"1,219","$1,251,018.60 ","$995,919.55 "
58952,80'S,,394,"$90,278.05 ","$71,954.69 "
,OTHER,,"1,664","$2,311,959.84 ","$1,844,073.29 "
,TOTAL,,"2,058","$2,402,237.89 ","$1,916,027.98 "
58953,80'S,,276,"$79,338.90 ","$62,884.29 "
,OTHER,,"1,444","$2,542,318.24 ","$2,022,759.41 "
,TOTAL,,"1,720","$2,621,657.14 ","$2,085,643.70 "
58954,80'S,,145,"$46,232.70 ","$36,884.20 "
,OTHER,,922,"$1,754,256.43 ","$1,397,601.60 "
,TOTAL,,"1,067","$1,800,489.13 ","$1,434,485.80 "
58960,80'S,,194,"$22,851.42 ","$18,116.07 "
,OTHER,,752,"$547,347.74 ","$436,379.16 "
,TOTAL,,946,"$570,199.16 ","$454,495.23 "
58970,OTHER,,7,"$1,678.86 ","$1,343.10 "
,TOTAL,,7,"$1,678.86 ","$1,343.10 "
58974,OTHER,,1,$182.49 ,$145.99 
,TOTAL,,1,$182.49 ,$145.99 
58999,80'S,,48,"$5,931.94 ","$4,745.56 "
,OTHER,,463,"$186,324.95 ","$148,816.28 "
,TOTAL,,511,"$192,256.89 ","$153,561.84 "
59000,OTHER,MATERNITY,721,"$72,579.90 ","$54,272.62 "
,TOTAL,,721,"$72,579.90 ","$54,272.62 "
59001,OTHER,,12,"$1,666.83 ","$1,325.96 "
,TOTAL,,12,"$1,666.83 ","$1,325.96 "
59012,OTHER,,5,$617.10 ,$493.67 
,TOTAL,,5,$617.10 ,$493.67 
59015,OTHER,,24,"$3,510.42 ","$2,493.86 "
,TOTAL,,24,"$3,510.42 ","$2,493.86 "
59020,OTHER,,70,"$2,630.94 ","$2,076.10 "
,TOTAL,,70,"$2,630.94 ","$2,076.10 "
59025,OTHER,,"10,512","$350,021.32 ","$264,623.40 "
,TOTAL,,"10,512","$350,021.32 ","$264,623.40 "
59030,OTHER,,8,$603.04 ,$482.44 
,TOTAL,,8,$603.04 ,$482.44 
59050,OTHER,,23,"$1,166.72 ",$894.42 
,TOTAL,,23,"$1,166.72 ",$894.42 
59051,OTHER,,112,"$4,415.63 ","$3,319.93 "
,TOTAL,,112,"$4,415.63 ","$3,319.93 "
59100,OTHER,,14,"$5,413.70 ","$4,330.95 "
,TOTAL,,14,"$5,413.70 ","$4,330.95 "
59120,80'S,,11,"$1,054.00 ",$754.48 
,OTHER,,65,"$40,480.09 ","$31,387.26 "
,TOTAL,,76,"$41,534.09 ","$32,141.74 "
59121,OTHER,,3,"$2,095.81 ","$1,676.65 "
,TOTAL,,3,"$2,095.81 ","$1,676.65 "
59130,OTHER,,2,"$1,469.04 ","$1,175.23 "
,TOTAL,,2,"$1,469.04 ","$1,175.23 "
59135,80'S,,1,$123.56 ,$98.85 
,OTHER,,1,$772.23 ,$617.78 
,TOTAL,,2,$895.79 ,$716.63 
59136,OTHER,,1,$708.80 ,$567.04 
,TOTAL,,1,$708.80 ,$567.04 
59140,80'S,,1,$57.12 ,$45.70 
,OTHER,,3,$983.84 ,$787.08 
,TOTAL,,4,"$1,040.96 ",$832.78 
59150,80'S,,5,$609.82 ,$487.86 
,OTHER,,29,"$18,542.34 ","$14,535.59 "
,TOTAL,,34,"$19,152.16 ","$15,023.45 "
59151,80'S,,8,$833.78 ,$645.86 
,OTHER,,98,"$63,661.58 ","$50,212.32 "
,TOTAL,,106,"$64,495.36 ","$50,858.18 "
59160,SG,,1,$491.55 ,$393.24 
,OTHER,,70,"$11,696.77 ","$9,225.81 "
,TOTAL,,71,"$12,188.32 ","$9,619.05 "
59200,OTHER,,306,"$20,726.43 ","$15,465.23 "
,TOTAL,,306,"$20,726.43 ","$15,465.23 "
59300,OTHER,,53,"$5,053.44 ","$3,929.54 "
,TOTAL,,53,"$5,053.44 ","$3,929.54 "
59320,SG,,1,$330.94 ,$80.00 
,OTHER,,90,"$13,411.31 ","$10,220.77 "
,TOTAL,,91,"$13,742.25 ","$10,300.77 "
59350,OTHER,,2,$289.69 ,$231.75 
,TOTAL,,2,$289.69 ,$231.75 
59400,OTHER,,"2,964","$4,490,418.94 ","$3,474,592.51 "
,TOTAL,,"2,964","$4,490,418.94 ","$3,474,592.51 "
59409,OTHER,,"1,090","$832,680.21 ","$655,730.95 "
,TOTAL,,"1,090","$832,680.21 ","$655,730.95 "
59410,OTHER,,940,"$791,338.88 ","$620,429.95 "
,TOTAL,,940,"$791,338.88 ","$620,429.95 "
59412,OTHER,,32,"$3,302.95 ","$2,539.46 "
,TOTAL,,32,"$3,302.95 ","$2,539.46 "
59414,OTHER,,27,"$2,329.29 ","$1,710.28 "
,TOTAL,,27,"$2,329.29 ","$1,710.28 "
59425,OTHER,,"1,744","$239,428.10 ","$184,017.19 "
,TOTAL,,"1,744","$239,428.10 ","$184,017.19 "
59426,OTHER,,"1,604","$370,969.07 ","$288,942.37 "
,TOTAL,,"1,604","$370,969.07 ","$288,942.37 "
59430,OTHER,,869,"$90,932.55 ","$67,280.93 "
,TOTAL,,869,"$90,932.55 ","$67,280.93 "
59510,80'S,,1,$276.58 ,$221.26 
,OTHER,,"1,921","$3,346,573.96 ","$2,604,140.38 "
,TOTAL,,"1,922","$3,346,850.54 ","$2,604,361.64 "
59514,80'S,,765,"$109,487.64 ","$85,141.55 "
,OTHER,,762,"$650,323.30 ","$514,927.36 "
,TOTAL,,"1,527","$759,810.94 ","$600,068.91 "
59515,OTHER,,696,"$694,949.31 ","$551,796.95 "
,TOTAL,,696,"$694,949.31 ","$551,796.95 "
59525,80'S,,1,$79.48 ,$63.58 
,OTHER,,9,"$4,205.17 ","$3,364.14 "
,TOTAL,,10,"$4,284.65 ","$3,427.72 "
59610,OTHER,,75,"$121,357.68 ","$94,535.86 "
,TOTAL,,75,"$121,357.68 ","$94,535.86 "
59612,OTHER,,25,"$21,515.23 ","$17,052.18 "
,TOTAL,,25,"$21,515.23 ","$17,052.18 "
59614,OTHER,,21,"$20,145.41 ","$15,981.41 "
,TOTAL,,21,"$20,145.41 ","$15,981.41 "
59618,80'S,,2,$623.20 ,$498.56 
,OTHER,,19,"$34,873.14 ","$27,795.61 "
,TOTAL,,21,"$35,496.34 ","$28,294.17 "
59620,80'S,,5,$826.27 ,$661.02 
,OTHER,,10,"$10,082.24 ","$7,850.74 "
,TOTAL,,15,"$10,908.51 ","$8,511.76 "
59622,80'S,,1,$178.46 ,$142.77 
,OTHER,,9,"$9,719.95 ","$7,775.96 "
,TOTAL,,10,"$9,898.41 ","$7,918.73 "
59812,SG,,2,"$1,463.58 ",$590.43 
,OTHER,,402,"$100,313.39 ","$78,838.51 "
,TOTAL,,404,"$101,776.97 ","$79,428.94 "
59820,SG,,23,"$16,770.57 ","$12,922.18 "
,OTHER,,522,"$137,092.44 ","$105,206.56 "
,TOTAL,,545,"$153,863.01 ","$118,128.74 "
59821,SG,,1,$682.39 ,$545.91 
,OTHER,,35,"$9,710.51 ","$7,611.56 "
,TOTAL,,36,"$10,392.90 ","$8,157.47 "
59830,OTHER,,4,"$1,769.64 ","$1,415.71 "
,TOTAL,,4,"$1,769.64 ","$1,415.71 "
59840,OTHER,,44,"$9,618.58 ","$7,515.09 "
,TOTAL,,44,"$9,618.58 ","$7,515.09 "
59841,OTHER,,15,"$5,558.78 ","$4,251.14 "
,TOTAL,,15,"$5,558.78 ","$4,251.14 "
59851,OTHER,,1,$399.77 ,$319.82 
,TOTAL,,1,$399.77 ,$319.82 
59855,OTHER,,4,"$1,215.43 ",$972.35 
,TOTAL,,4,"$1,215.43 ",$972.35 
59856,OTHER,,6,"$2,672.74 ","$2,138.20 "
,TOTAL,,6,"$2,672.74 ","$2,138.20 "
59870,OTHER,,6,"$2,147.35 ","$1,717.88 "
,TOTAL,,6,"$2,147.35 ","$1,717.88 "
59871,OTHER,,16,"$1,533.40 ","$1,223.07 "
,TOTAL,,16,"$1,533.40 ","$1,223.07 "
59899,OTHER,,4,$349.51 ,$223.92 
,TOTAL,,4,$349.51 ,$223.92 
60000,OTHER,ENDOCRINE,26,"$1,696.28 ","$1,314.38 "
,TOTAL,,26,"$1,696.28 ","$1,314.38 "
60001,OTHER,,"6,868","$185,100.10 ","$138,899.89 "
,TOTAL,,"6,868","$185,100.10 ","$138,899.89 "
60100,OTHER,,"18,608","$1,773,628.04 ","$1,386,137.76 "
,TOTAL,,"18,608","$1,773,628.04 ","$1,386,137.76 "
60200,SG,,9,"$3,931.56 ","$3,145.24 "
,80'S,,190,"$13,975.94 ","$10,987.72 "
,OTHER,,"1,826","$966,289.21 ","$767,496.82 "
,TOTAL,,"2,025","$984,196.71 ","$781,629.78 "
60210,80'S,,489,"$45,898.00 ","$36,438.72 "
,OTHER,,"1,809","$974,672.07 ","$774,919.13 "
,TOTAL,,"2,298","$1,020,570.07 ","$811,357.85 "
60212,80'S,,76,"$11,192.62 ","$8,920.96 "
,OTHER,,298,"$259,658.62 ","$203,634.70 "
,TOTAL,,374,"$270,851.24 ","$212,555.66 "
60220,SG,,32,"$14,166.19 ","$11,160.03 "
,80'S,,"2,136","$237,174.88 ","$186,701.68 "
,OTHER,,"7,154","$4,690,285.00 ","$3,703,044.27 "
,TOTAL,,"9,322","$4,941,626.07 ","$3,900,905.98 "
60225,SG,,7,"$3,632.16 ","$2,905.72 "
,80'S,,327,"$43,243.78 ","$34,439.13 "
,OTHER,,"1,178","$920,949.18 ","$727,594.19 "
,TOTAL,,"1,512","$967,825.12 ","$764,939.04 "
60240,80'S,,"1,309","$199,273.00 ","$157,399.67 "
,OTHER,,"4,817","$4,408,801.60 ","$3,486,436.40 "
,TOTAL,,"6,126","$4,608,074.60 ","$3,643,836.07 "
60252,80'S,,195,"$37,904.40 ","$29,827.93 "
,OTHER,,712,"$832,853.09 ","$661,241.46 "
,TOTAL,,907,"$870,757.49 ","$691,069.39 "
60254,80'S,,51,"$13,216.12 ","$10,572.92 "
,OTHER,,240,"$383,453.45 ","$306,556.24 "
,TOTAL,,291,"$396,669.57 ","$317,129.16 "
60260,80'S,,206,"$33,680.29 ","$26,774.38 "
,OTHER,,831,"$806,080.28 ","$640,511.66 "
,TOTAL,,"1,037","$839,760.57 ","$667,286.04 "
60270,80'S,,63,"$12,179.14 ","$9,743.28 "
,OTHER,,256,"$270,853.27 ","$216,510.77 "
,TOTAL,,319,"$283,032.41 ","$226,254.05 "
60271,80'S,,196,"$30,991.91 ","$24,630.98 "
,OTHER,,852,"$826,293.42 ","$652,767.91 "
,TOTAL,,"1,048","$857,285.33 ","$677,398.89 "
60280,SG,,27,"$16,153.51 ","$12,919.19 "
,80'S,,45,"$2,841.86 ","$2,170.51 "
,OTHER,,341,"$131,897.49 ","$104,445.75 "
,TOTAL,,413,"$150,892.86 ","$119,535.45 "
60281,OTHER,,14,"$5,042.08 ","$4,033.65 "
,TOTAL,,14,"$5,042.08 ","$4,033.65 "
60500,80'S,,"3,045","$444,226.16 ","$350,919.66 "
,OTHER,,"12,946","$11,338,903.29 ","$8,988,221.03 "
,TOTAL,,"15,991","$11,783,129.45 ","$9,339,140.69 "
60502,80'S,,107,"$19,804.95 ","$15,763.84 "
,OTHER,,582,"$648,001.51 ","$515,994.84 "
,TOTAL,,689,"$667,806.46 ","$531,758.68 "
60505,80'S,,47,"$9,552.21 ","$7,523.65 "
,OTHER,,148,"$181,942.45 ","$144,669.68 "
,TOTAL,,195,"$191,494.66 ","$152,193.33 "
60512,80'S,,287,"$10,810.41 ","$8,490.70 "
,OTHER,,"1,759","$408,519.07 ","$323,009.96 "
,TOTAL,,"2,046","$419,329.48 ","$331,500.66 "
60520,80'S,,59,"$8,326.55 ","$6,661.25 "
,OTHER,,284,"$245,474.75 ","$193,629.61 "
,TOTAL,,343,"$253,801.30 ","$200,290.86 "
60521,80'S,,61,"$8,922.78 ","$7,121.65 "
,OTHER,,278,"$243,606.61 ","$192,998.59 "
,TOTAL,,339,"$252,529.39 ","$200,120.24 "
60522,80'S,,30,"$6,092.64 ","$4,737.78 "
,OTHER,,152,"$192,289.59 ","$152,162.77 "
,TOTAL,,182,"$198,382.23 ","$156,900.55 "
60540,80'S,,311,"$36,716.75 ","$29,118.24 "
,OTHER,,863,"$631,583.59 ","$499,951.77 "
,TOTAL,,"1,174","$668,300.34 ","$529,070.01 "
60545,80'S,,63,"$9,921.58 ","$7,729.98 "
,OTHER,,192,"$177,732.50 ","$140,601.37 "
,TOTAL,,255,"$187,654.08 ","$148,331.35 "
60600,80'S,,43,"$7,873.49 ","$6,298.78 "
,OTHER,,148,"$157,937.63 ","$125,483.03 "
,TOTAL,,191,"$165,811.12 ","$131,781.81 "
60605,80'S,,7,"$1,620.87 ","$1,296.71 "
,OTHER,,36,"$47,764.18 ","$38,088.13 "
,TOTAL,,43,"$49,385.05 ","$39,384.84 "
60650,80'S,,172,"$29,394.30 ","$23,515.55 "
,OTHER,,573,"$592,105.59 ","$470,544.14 "
,TOTAL,,745,"$621,499.89 ","$494,059.69 "
60659,OTHER,,12,"$9,135.84 ","$7,308.69 "
,TOTAL,,12,"$9,135.84 ","$7,308.69 "
60699,80'S,,16,"$1,367.82 ","$1,094.24 "
,OTHER,,150,"$61,000.27 ","$48,760.64 "
,TOTAL,,166,"$62,368.09 ","$49,854.88 "
61000,OTHER,,150,"$3,521.47 ","$2,605.19 "
,TOTAL,,150,"$3,521.47 ","$2,605.19 "
61001,OTHER,,38,"$1,290.43 ",$943.68 
,TOTAL,,38,"$1,290.43 ",$943.68 
61020,OTHER,,490,"$53,350.85 ","$42,403.46 "
,TOTAL,,490,"$53,350.85 ","$42,403.46 "
61026,OTHER,,421,"$48,406.04 ","$38,444.69 "
,TOTAL,,421,"$48,406.04 ","$38,444.69 "
61050,SG,,1,$356.07 ,$284.86 
,OTHER,,188,"$19,954.63 ","$15,287.58 "
,TOTAL,,189,"$20,310.70 ","$15,572.44 "
61055,SG,,50,"$16,312.28 ","$13,046.85 "
,OTHER,,"1,864","$243,422.48 ","$190,617.88 "
,TOTAL,,"1,914","$259,734.76 ","$203,664.73 "
61070,SG,,6,"$1,814.68 ","$1,292.95 "
,OTHER,,"2,337","$171,178.28 ","$133,867.33 "
,TOTAL,,"2,343","$172,992.96 ","$135,160.28 "
61105,OTHER,,127,"$38,448.93 ","$30,631.10 "
,TOTAL,,127,"$38,448.93 ","$30,631.10 "
61107,OTHER,,"3,287","$1,105,368.71 ","$877,103.85 "
,TOTAL,,"3,287","$1,105,368.71 ","$877,103.85 "
61108,OTHER,,701,"$436,119.84 ","$347,415.45 "
,TOTAL,,701,"$436,119.84 ","$347,415.45 "
61120,80'S,,1,$47.74 ,$38.19 
,OTHER,,86,"$41,743.55 ","$33,394.85 "
,TOTAL,,87,"$41,791.29 ","$33,433.04 "
61140,80'S,,41,"$6,301.34 ","$5,025.40 "
,OTHER,,401,"$360,124.30 ","$286,952.84 "
,TOTAL,,442,"$366,425.64 ","$291,978.24 "
61150,OTHER,,62,"$64,789.71 ","$51,056.91 "
,TOTAL,,62,"$64,789.71 ","$51,056.91 "
61151,OTHER,,12,"$8,380.54 ","$6,704.45 "
,TOTAL,,12,"$8,380.54 ","$6,704.45 "
61154,80'S,,343,"$53,027.13 ","$42,421.66 "
,OTHER,,"8,056","$7,541,551.19 ","$6,007,339.21 "
,TOTAL,,"8,399","$7,594,578.32 ","$6,049,760.87 "
61156,80'S,,38,"$5,927.73 ","$4,742.18 "
,OTHER,,156,"$144,589.26 ","$115,382.72 "
,TOTAL,,194,"$150,516.99 ","$120,124.90 "
61210,OTHER,,"1,751","$675,853.11 ","$535,132.92 "
,TOTAL,,"1,751","$675,853.11 ","$535,132.92 "
61215,OTHER,,310,"$102,517.18 ","$81,365.71 "
,TOTAL,,310,"$102,517.18 ","$81,365.71 "
61250,80'S,,2,$184.97 ,$147.98 
,OTHER,,22,"$14,394.37 ","$11,127.51 "
,TOTAL,,24,"$14,579.34 ","$11,275.49 "
61253,80'S,,1,$114.36 ,$91.49 
,OTHER,,8,"$5,467.46 ","$4,373.96 "
,TOTAL,,9,"$5,581.82 ","$4,465.45 "
61304,80'S,,34,"$7,489.04 ","$5,889.52 "
,OTHER,,288,"$359,302.90 ","$283,833.97 "
,TOTAL,,322,"$366,791.94 ","$289,723.49 "
61305,80'S,,4,"$1,159.67 ",$927.74 
,OTHER,,39,"$55,454.73 ","$43,444.67 "
,TOTAL,,43,"$56,614.40 ","$44,372.41 "
61312,80'S,,807,"$200,024.61 ","$159,624.88 "
,OTHER,,"9,768","$13,631,300.13 ","$10,857,151.31 "
,TOTAL,,"10,575","$13,831,324.74 ","$11,016,776.19 "
61313,80'S,,234,"$58,308.60 ","$45,897.85 "
,OTHER,,"2,530","$3,617,765.72 ","$2,873,590.14 "
,TOTAL,,"2,764","$3,676,074.32 ","$2,919,487.99 "
61314,80'S,,43,"$9,163.43 ","$7,311.25 "
,OTHER,,402,"$518,094.59 ","$413,341.49 "
,TOTAL,,445,"$527,258.02 ","$420,652.74 "
61315,80'S,,71,"$20,121.16 ","$15,915.62 "
,OTHER,,724,"$1,165,443.81 ","$928,842.86 "
,TOTAL,,795,"$1,185,564.97 ","$944,758.48 "
61316,OTHER,,31,"$2,713.52 ","$2,170.86 "
,TOTAL,,31,"$2,713.52 ","$2,170.86 "
61320,80'S,,26,"$6,427.99 ","$5,142.35 "
,OTHER,,267,"$376,852.01 ","$298,643.25 "
,TOTAL,,293,"$383,280.00 ","$303,785.60 "
61321,80'S,,1,$274.99 ,$219.99 
,OTHER,,26,"$41,084.18 ","$31,599.17 "
,TOTAL,,27,"$41,359.17 ","$31,819.16 "
61322,80'S,,7,"$1,810.80 ","$1,448.64 "
,OTHER,,77,"$122,421.21 ","$97,936.95 "
,TOTAL,,84,"$124,232.01 ","$99,385.59 "
61323,OTHER,,84,"$138,926.07 ","$107,145.19 "
,TOTAL,,84,"$138,926.07 ","$107,145.19 "
61330,80'S,,1,$117.69 ,$94.15 
,OTHER,,27,"$34,525.71 ","$25,848.65 "
,TOTAL,,28,"$34,643.40 ","$25,942.80 "
61332,OTHER,,24,"$38,465.15 ","$30,772.12 "
,TOTAL,,24,"$38,465.15 ","$30,772.12 "
61333,80'S,,4,"$1,112.25 ",$889.80 
,OTHER,,35,"$45,468.49 ","$36,374.80 "
,TOTAL,,39,"$46,580.74 ","$37,264.60 "
61334,OTHER,,7,"$5,318.30 ","$4,194.64 "
,TOTAL,,7,"$5,318.30 ","$4,194.64 "
61340,80'S,,6,$624.90 ,$499.92 
,OTHER,,52,"$38,379.78 ","$29,352.05 "
,TOTAL,,58,"$39,004.68 ","$29,851.97 "
61343,80'S,,56,"$17,015.32 ","$13,455.24 "
,OTHER,,343,"$582,659.07 ","$459,956.98 "
,TOTAL,,399,"$599,674.39 ","$473,412.22 "
61345,80'S,,12,"$2,678.20 ","$2,062.56 "
,OTHER,,50,"$75,354.37 ","$58,926.81 "
,TOTAL,,62,"$78,032.57 ","$60,989.37 "
61440,80'S,,1,$292.44 ,$233.95 
,OTHER,,1,"$1,765.06 ","$1,412.05 "
,TOTAL,,2,"$2,057.50 ","$1,646.00 "
61450,80'S,,3,$788.74 ,$631.00 
,OTHER,,21,"$29,521.62 ","$22,280.98 "
,TOTAL,,24,"$30,310.36 ","$22,911.98 "
61458,80'S,,63,"$16,771.37 ","$13,048.05 "
,OTHER,,602,"$964,545.48 ","$763,226.03 "
,TOTAL,,665,"$981,316.85 ","$776,274.08 "
61460,80'S,,6,"$1,714.15 ","$1,371.32 "
,OTHER,,51,"$82,353.54 ","$65,882.81 "
,TOTAL,,57,"$84,067.69 ","$67,254.13 "
61470,80'S,,3,$721.50 ,$577.20 
,OTHER,,7,"$8,294.49 ","$6,635.59 "
,TOTAL,,10,"$9,015.99 ","$7,212.79 "
61490,80'S,,1,$119.07 ,$95.26 
,OTHER,,13,"$17,642.91 ","$14,114.33 "
,TOTAL,,14,"$17,761.98 ","$14,209.59 "
61500,80'S,,51,"$8,656.86 ","$6,771.42 "
,OTHER,,403,"$406,107.70 ","$321,603.52 "
,TOTAL,,454,"$414,764.56 ","$328,374.94 "
61501,80'S,,16,"$2,086.56 ","$1,546.27 "
,OTHER,,128,"$99,432.92 ","$78,374.83 "
,TOTAL,,144,"$101,519.48 ","$79,921.10 "
61510,80'S,,"1,104","$323,593.79 ","$256,579.42 "
,OTHER,,"7,262","$11,908,911.56 ","$9,431,067.93 "
,TOTAL,,"8,366","$12,232,505.35 ","$9,687,647.35 "
61512,80'S,,509,"$180,253.51 ","$143,734.07 "
,OTHER,,"2,993","$6,017,987.09 ","$4,786,873.06 "
,TOTAL,,"3,502","$6,198,240.60 ","$4,930,607.13 "
61514,80'S,,13,"$3,270.97 ","$2,616.76 "
,OTHER,,141,"$203,037.49 ","$160,712.86 "
,TOTAL,,154,"$206,308.46 ","$163,329.62 "
61516,80'S,,16,"$3,655.15 ","$2,924.12 "
,OTHER,,117,"$155,048.25 ","$123,014.38 "
,TOTAL,,133,"$158,703.40 ","$125,938.50 "
61517,OTHER,,364,"$25,976.13 ","$20,195.35 "
,TOTAL,,364,"$25,976.13 ","$20,195.35 "
61518,80'S,,250,"$95,354.34 ","$75,850.12 "
,OTHER,,"1,260","$2,746,943.62 ","$2,180,944.27 "
,TOTAL,,"1,510","$2,842,297.96 ","$2,256,794.39 "
61519,80'S,,84,"$35,372.37 ","$28,260.66 "
,OTHER,,381,"$926,504.90 ","$737,421.72 "
,TOTAL,,465,"$961,877.27 ","$765,682.38 "
61520,80'S,,43,"$23,180.53 ","$18,544.46 "
,OTHER,,344,"$1,016,379.66 ","$803,970.82 "
,TOTAL,,387,"$1,039,560.19 ","$822,515.28 "
61521,80'S,,16,"$7,300.81 ","$5,840.64 "
,OTHER,,85,"$206,991.03 ","$163,116.29 "
,TOTAL,,101,"$214,291.84 ","$168,956.93 "
61522,80'S,,9,"$2,518.12 ","$2,014.49 "
,OTHER,,34,"$58,447.94 ","$46,057.34 "
,TOTAL,,43,"$60,966.06 ","$48,071.83 "
61524,80'S,,10,"$2,494.32 ","$1,995.44 "
,OTHER,,71,"$100,128.01 ","$79,118.43 "
,TOTAL,,81,"$102,622.33 ","$81,113.87 "
61526,OTHER,,94,"$246,554.41 ","$197,227.91 "
,TOTAL,,94,"$246,554.41 ","$197,227.91 "
61530,OTHER,,40,"$82,054.49 ","$65,643.61 "
,TOTAL,,40,"$82,054.49 ","$65,643.61 "
61531,80'S,,5,$498.85 ,$393.56 
,OTHER,,50,"$34,215.84 ","$26,622.63 "
,TOTAL,,55,"$34,714.69 ","$27,016.19 "
61533,80'S,,7,"$1,320.43 ","$1,041.57 "
,OTHER,,117,"$139,382.99 ","$109,950.94 "
,TOTAL,,124,"$140,703.42 ","$110,992.51 "
61534,80'S,,1,$272.45 ,$217.96 
,OTHER,,59,"$73,636.95 ","$57,915.47 "
,TOTAL,,60,"$73,909.40 ","$58,133.43 "
61535,80'S,,3,$356.98 ,$285.58 
,OTHER,,43,"$30,503.45 ","$24,040.56 "
,TOTAL,,46,"$30,860.43 ","$24,326.14 "
61536,80'S,,8,"$2,760.99 ","$2,208.80 "
,OTHER,,63,"$141,974.28 ","$112,397.45 "
,TOTAL,,71,"$144,735.27 ","$114,606.25 "
61538,80'S,,20,"$4,903.68 ","$3,259.12 "
,OTHER,,173,"$272,281.34 ","$216,736.36 "
,TOTAL,,193,"$277,185.02 ","$219,995.48 "
61539,80'S,,6,"$1,883.95 ","$1,507.16 "
,OTHER,,34,"$64,206.33 ","$49,253.13 "
,TOTAL,,40,"$66,090.28 ","$50,760.29 "
61541,80'S,,2,$452.02 ,$361.61 
,OTHER,,26,"$36,672.68 ","$28,102.86 "
,TOTAL,,28,"$37,124.70 ","$28,464.47 "
61542,OTHER,,1,"$2,018.09 ","$1,614.47 "
,TOTAL,,1,"$2,018.09 ","$1,614.47 "
61543,80'S,,2,$334.09 ,$267.27 
,OTHER,,5,"$7,387.02 ","$5,909.61 "
,TOTAL,,7,"$7,721.11 ","$6,176.88 "
61545,80'S,,7,"$3,006.18 ","$2,180.57 "
,OTHER,,36,"$97,971.22 ","$76,698.32 "
,TOTAL,,43,"$100,977.40 ","$78,878.89 "
61546,80'S,,14,"$4,539.42 ","$3,631.52 "
,OTHER,,90,"$150,901.79 ","$120,492.49 "
,TOTAL,,104,"$155,441.21 ","$124,124.01 "
61548,80'S,,118,"$25,300.97 ","$19,999.11 "
,OTHER,,"2,135","$2,273,612.68 ","$1,804,405.94 "
,TOTAL,,"2,253","$2,298,913.65 ","$1,824,405.05 "
61550,80'S,,1,$73.34 ,$58.67 
,OTHER,,2,$397.50 ,$318.00 
,TOTAL,,3,$470.84 ,$376.67 
61556,80'S,,3,$456.48 ,$365.18 
,OTHER,,8,"$9,269.17 ","$6,114.05 "
,TOTAL,,11,"$9,725.65 ","$6,479.23 "
61557,OTHER,,3,"$4,422.19 ","$3,537.75 "
,TOTAL,,3,"$4,422.19 ","$3,537.75 "
61558,OTHER,,1,$65.76 ,$52.61 
,TOTAL,,1,$65.76 ,$52.61 
61559,OTHER,,4,"$6,108.62 ","$4,886.90 "
,TOTAL,,4,"$6,108.62 ","$4,886.90 "
61563,OTHER,,22,"$29,776.13 ","$23,820.89 "
,TOTAL,,22,"$29,776.13 ","$23,820.89 "
61564,80'S,,5,"$3,332.27 ","$2,665.81 "
,OTHER,,4,"$8,016.90 ","$6,413.53 "
,TOTAL,,9,"$11,349.17 ","$9,079.34 "
61570,80'S,,4,$630.16 ,$504.12 
,OTHER,,25,"$27,950.58 ","$22,313.41 "
,TOTAL,,29,"$28,580.74 ","$22,817.53 "
61571,80'S,,1,$250.88 ,$200.70 
,OTHER,,35,"$53,507.13 ","$42,805.72 "
,TOTAL,,36,"$53,758.01 ","$43,006.42 "
61575,80'S,,11,"$3,763.90 ","$3,011.10 "
,OTHER,,104,"$183,780.19 ","$146,801.91 "
,TOTAL,,115,"$187,544.09 ","$149,813.01 "
61576,80'S,,1,$573.56 ,$458.85 
,OTHER,,16,"$47,574.37 ","$38,059.51 "
,TOTAL,,17,"$48,147.93 ","$38,518.36 "
61580,80'S,,9,"$2,726.16 ","$1,959.69 "
,OTHER,,128,"$225,834.05 ","$178,434.83 "
,TOTAL,,137,"$228,560.21 ","$180,394.52 "
61581,80'S,,1,$313.57 ,$250.86 
,OTHER,,59,"$107,082.00 ","$84,655.82 "
,TOTAL,,60,"$107,395.57 ","$84,906.68 "
61582,80'S,,6,"$1,619.27 ","$1,295.42 "
,OTHER,,46,"$79,060.91 ","$63,248.71 "
,TOTAL,,52,"$80,680.18 ","$64,544.13 "
61583,80'S,,30,"$9,687.04 ","$7,452.78 "
,OTHER,,212,"$438,331.61 ","$346,806.50 "
,TOTAL,,242,"$448,018.65 ","$354,259.28 "
61584,80'S,,29,"$9,261.41 ","$7,329.15 "
,OTHER,,224,"$392,886.21 ","$311,918.78 "
,TOTAL,,253,"$402,147.62 ","$319,247.93 "
61585,80'S,,2,$793.75 ,$635.00 
,OTHER,,20,"$44,452.40 ","$35,561.91 "
,TOTAL,,22,"$45,246.15 ","$36,196.91 "
61586,80'S,,1,$131.49 ,$105.19 
,OTHER,,13,"$14,458.27 ","$11,566.61 "
,TOTAL,,14,"$14,589.76 ","$11,671.80 "
61590,80'S,,29,"$11,174.05 ","$8,939.24 "
,OTHER,,163,"$380,894.07 ","$304,715.28 "
,TOTAL,,192,"$392,068.12 ","$313,654.52 "
61591,80'S,,6,"$2,249.74 ","$1,799.79 "
,OTHER,,87,"$206,119.36 ","$164,895.53 "
,TOTAL,,93,"$208,369.10 ","$166,695.32 "
61592,80'S,,34,"$9,560.29 ","$7,608.81 "
,OTHER,,241,"$405,975.61 ","$327,263.43 "
,TOTAL,,275,"$415,535.90 ","$334,872.24 "
61595,80'S,,17,"$4,759.44 ","$3,807.54 "
,OTHER,,195,"$270,454.45 ","$216,270.94 "
,TOTAL,,212,"$275,213.89 ","$220,078.48 "
61596,80'S,,19,"$6,453.45 ","$5,162.75 "
,OTHER,,62,"$114,622.84 ","$89,359.87 "
,TOTAL,,81,"$121,076.29 ","$94,522.62 "
61597,80'S,,21,"$4,924.57 ","$3,923.55 "
,OTHER,,114,"$169,053.02 ","$134,501.19 "
,TOTAL,,135,"$173,977.59 ","$138,424.74 "
61598,80'S,,3,$545.32 ,$436.26 
,OTHER,,51,"$74,611.85 ","$59,609.46 "
,TOTAL,,54,"$75,157.17 ","$60,045.72 "
61600,80'S,,25,"$4,417.32 ","$3,438.85 "
,OTHER,,177,"$192,187.99 ","$152,376.86 "
,TOTAL,,202,"$196,605.31 ","$155,815.71 "
61601,80'S,,44,"$8,247.93 ","$6,484.36 "
,OTHER,,313,"$303,892.50 ","$242,056.46 "
,TOTAL,,357,"$312,140.43 ","$248,540.82 "
61605,80'S,,23,"$4,655.24 ","$3,724.19 "
,OTHER,,206,"$263,816.28 ","$211,053.00 "
,TOTAL,,229,"$268,471.52 ","$214,777.19 "
61606,80'S,,24,"$7,156.29 ","$5,725.04 "
,OTHER,,105,"$177,679.70 ","$139,547.55 "
,TOTAL,,129,"$184,835.99 ","$145,272.59 "
61607,80'S,,9,"$1,773.76 ","$1,419.00 "
,OTHER,,64,"$95,925.19 ","$74,879.58 "
,TOTAL,,73,"$97,698.95 ","$76,298.58 "
61608,80'S,,29,"$12,345.48 ","$9,876.35 "
,OTHER,,216,"$560,404.13 ","$446,196.82 "
,TOTAL,,245,"$572,749.61 ","$456,073.17 "
61609,OTHER,,1,$569.57 ,$455.66 
,TOTAL,,1,$569.57 ,$455.66 
61610,OTHER,,2,"$3,174.16 ","$2,539.32 "
,TOTAL,,2,"$3,174.16 ","$2,539.32 "
61613,80'S,,5,"$1,496.85 ","$1,197.47 "
,OTHER,,19,"$34,709.78 ","$27,710.72 "
,TOTAL,,24,"$36,206.63 ","$28,908.19 "
61615,80'S,,6,"$1,496.81 ","$1,197.46 "
,OTHER,,55,"$87,164.89 ","$69,644.14 "
,TOTAL,,61,"$88,661.70 ","$70,841.60 "
61616,80'S,,64,"$30,138.98 ","$24,002.79 "
,OTHER,,344,"$832,697.67 ","$664,375.54 "
,TOTAL,,408,"$862,836.65 ","$688,378.33 "
61618,80'S,,92,"$9,937.66 ","$7,950.07 "
,OTHER,,593,"$386,121.29 ","$307,489.94 "
,TOTAL,,685,"$396,058.95 ","$315,440.01 "
61619,80'S,,12,"$1,738.29 ","$1,223.77 "
,OTHER,,100,"$79,635.16 ","$62,915.49 "
,TOTAL,,112,"$81,373.45 ","$64,139.26 "
61623,OTHER,,163,"$71,417.13 ","$57,071.13 "
,TOTAL,,163,"$71,417.13 ","$57,071.13 "
61624,80'S,,2,$344.54 ,$275.64 
,OTHER,,"2,301","$2,358,305.29 ","$1,876,758.83 "
,TOTAL,,"2,303","$2,358,649.83 ","$1,877,034.47 "
61626,OTHER,,"1,122","$889,404.79 ","$708,252.69 "
,TOTAL,,"1,122","$889,404.79 ","$708,252.69 "
61680,80'S,,14,"$4,230.33 ","$3,101.95 "
,OTHER,,101,"$176,486.44 ","$137,665.93 "
,TOTAL,,115,"$180,716.77 ","$140,767.88 "
61682,80'S,,22,"$13,981.27 ","$11,185.05 "
,OTHER,,106,"$390,628.92 ","$304,374.75 "
,TOTAL,,128,"$404,610.19 ","$315,559.80 "
61684,80'S,,1,$422.91 ,$338.33 
,OTHER,,19,"$44,678.02 ","$35,742.44 "
,TOTAL,,20,"$45,100.93 ","$36,080.77 "
61686,80'S,,6,"$3,848.52 ","$3,078.82 "
,OTHER,,39,"$145,182.10 ","$116,145.70 "
,TOTAL,,45,"$149,030.62 ","$119,224.52 "
61690,80'S,,3,$864.45 ,$691.56 
,OTHER,,8,"$14,772.20 ","$11,657.77 "
,TOTAL,,11,"$15,636.65 ","$12,349.33 "
61692,80'S,,3,"$1,480.92 ","$1,184.74 "
,OTHER,,18,"$61,446.98 ","$49,157.60 "
,TOTAL,,21,"$62,927.90 ","$50,342.34 "
61697,80'S,,148,"$73,500.46 ","$58,073.14 "
,OTHER,,732,"$2,207,847.59 ","$1,749,414.18 "
,TOTAL,,880,"$2,281,348.05 ","$1,807,487.32 "
61698,80'S,,7,"$3,318.08 ","$2,654.45 "
,OTHER,,62,"$174,157.36 ","$139,270.77 "
,TOTAL,,69,"$177,475.44 ","$141,925.22 "
61700,80'S,,361,"$179,565.26 ","$142,750.08 "
,OTHER,,"1,432","$4,156,098.53 ","$3,283,743.27 "
,TOTAL,,"1,793","$4,335,663.79 ","$3,426,493.35 "
61702,80'S,,10,"$4,601.90 ","$3,639.56 "
,OTHER,,83,"$181,908.65 ","$144,618.79 "
,TOTAL,,93,"$186,510.55 ","$148,258.35 "
61703,80'S,,3,$263.82 ,$211.05 
,OTHER,,22,"$18,944.19 ","$15,108.38 "
,TOTAL,,25,"$19,208.01 ","$15,319.43 "
61705,80'S,,1,$354.74 ,$283.79 
,OTHER,,13,"$26,345.04 ","$21,076.04 "
,TOTAL,,14,"$26,699.78 ","$21,359.83 "
61708,80'S,,5,"$1,460.27 ","$1,168.23 "
,OTHER,,95,"$174,912.71 ","$139,930.10 "
,TOTAL,,100,"$176,372.98 ","$141,098.33 "
61710,80'S,,1,$273.04 ,$218.43 
,OTHER,,262,"$431,308.19 ","$342,852.23 "
,TOTAL,,263,"$431,581.23 ","$343,070.66 "
61711,80'S,,8,"$2,741.31 ","$2,193.06 "
,OTHER,,77,"$155,722.70 ","$122,740.09 "
,TOTAL,,85,"$158,464.01 ","$124,933.15 "
61720,OTHER,,121,"$104,045.89 ","$82,625.16 "
,TOTAL,,121,"$104,045.89 ","$82,625.16 "
61735,OTHER,,27,"$26,535.82 ","$21,180.23 "
,TOTAL,,27,"$26,535.82 ","$21,180.23 "
61750,OTHER,,529,"$596,512.83 ","$473,670.02 "
,TOTAL,,529,"$596,512.83 ","$473,670.02 "
61751,OTHER,,"1,950","$2,151,429.41 ","$1,704,797.66 "
,TOTAL,,"1,950","$2,151,429.41 ","$1,704,797.66 "
61760,OTHER,,64,"$76,811.95 ","$60,566.62 "
,TOTAL,,64,"$76,811.95 ","$60,566.62 "
61770,OTHER,,139,"$164,991.52 ","$128,677.38 "
,TOTAL,,139,"$164,991.52 ","$128,677.38 "
61790,SG,,28,"$14,261.26 ","$11,390.49 "
,OTHER,,942,"$625,543.36 ","$496,782.48 "
,TOTAL,,970,"$639,804.62 ","$508,172.97 "
61791,SG,,4,"$1,990.22 ","$1,592.16 "
,OTHER,,114,"$106,070.82 ","$84,301.57 "
,TOTAL,,118,"$108,061.04 ","$85,893.73 "
61793,OTHER,,"6,528","$7,229,473.39 ","$5,733,902.49 "
,TOTAL,,"6,528","$7,229,473.39 ","$5,733,902.49 "
61795,80'S,,1,$46.44 ,$37.15 
,OTHER,,"10,489","$2,647,410.77 ","$2,094,894.73 "
,TOTAL,,"10,490","$2,647,457.21 ","$2,094,931.88 "
61850,80'S,,1,$116.48 ,$93.18 
,OTHER,,3,"$2,265.82 ","$1,812.66 "
,TOTAL,,4,"$2,382.30 ","$1,905.84 "
61860,80'S,,2,$423.04 ,$338.43 
,OTHER,,23,"$29,927.73 ","$23,942.20 "
,TOTAL,,25,"$30,350.77 ","$24,280.63 "
61862,80'S,,124,"$22,603.82 ","$17,739.87 "
,OTHER,,"2,208","$2,649,829.55 ","$2,093,001.24 "
,TOTAL,,"2,332","$2,672,433.37 ","$2,110,741.11 "
61870,OTHER,,1,"$1,158.72 ",$926.98 
,TOTAL,,1,"$1,158.72 ",$926.98 
61880,80'S,,10,$615.11 ,$492.09 
,OTHER,,297,"$124,008.39 ","$97,389.54 "
,TOTAL,,307,"$124,623.50 ","$97,881.63 "
61885,SG,,9,"$5,257.79 ","$4,206.22 "
,80'S,,33,"$1,777.29 ","$1,421.88 "
,OTHER,,"3,260","$1,018,895.47 ","$805,837.87 "
,TOTAL,,"3,302","$1,025,930.55 ","$811,465.97 "
61886,OTHER,,146,"$67,623.91 ","$53,069.34 "
,TOTAL,,146,"$67,623.91 ","$53,069.34 "
61888,SG,,3,"$1,139.87 ",$846.09 
,OTHER,,946,"$313,971.35 ","$246,313.51 "
,TOTAL,,949,"$315,111.22 ","$247,159.60 "
62000,OTHER,,98,"$28,612.13 ","$22,097.65 "
,TOTAL,,98,"$28,612.13 ","$22,097.65 "
62005,80'S,,2,$326.21 ,$260.97 
,OTHER,,32,"$22,822.97 ","$18,258.37 "
,TOTAL,,34,"$23,149.18 ","$18,519.34 "
62010,80'S,,11,"$1,740.56 ","$1,392.46 "
,OTHER,,106,"$104,150.25 ","$82,544.29 "
,TOTAL,,117,"$105,890.81 ","$83,936.75 "
62100,80'S,,49,"$8,460.03 ","$6,740.46 "
,OTHER,,234,"$262,621.93 ","$208,590.15 "
,TOTAL,,283,"$271,081.96 ","$215,330.61 "
62116,80'S,,1,$128.76 ,$103.01 
,OTHER,,2,"$1,528.98 ","$1,223.18 "
,TOTAL,,3,"$1,657.74 ","$1,326.19 "
62117,OTHER,,2,"$2,470.98 ","$1,976.78 "
,TOTAL,,2,"$2,470.98 ","$1,976.78 "
62120,80'S,,3,$672.71 ,$519.98 
,OTHER,,47,"$60,603.47 ","$48,482.78 "
,TOTAL,,50,"$61,276.18 ","$49,002.76 "
62121,80'S,,1,$206.77 ,$165.42 
,OTHER,,29,"$34,891.88 ","$27,490.75 "
,TOTAL,,30,"$35,098.65 ","$27,656.17 "
62140,80'S,,189,"$14,833.06 ","$11,860.32 "
,OTHER,,"1,347","$634,380.91 ","$504,611.02 "
,TOTAL,,"1,536","$649,213.97 ","$516,471.34 "
62141,80'S,,107,"$11,248.80 ","$8,857.67 "
,OTHER,,755,"$478,660.97 ","$379,148.65 "
,TOTAL,,862,"$489,909.77 ","$388,006.32 "
62142,80'S,,36,"$2,438.98 ","$1,951.17 "
,OTHER,,338,"$188,939.31 ","$149,295.16 "
,TOTAL,,374,"$191,378.29 ","$151,246.33 "
62143,80'S,,55,"$4,961.85 ","$3,957.75 "
,OTHER,,318,"$193,627.68 ","$153,830.45 "
,TOTAL,,373,"$198,589.53 ","$157,788.20 "
62145,80'S,,26,"$3,031.74 ","$2,425.33 "
,OTHER,,111,"$77,217.51 ","$60,869.96 "
,TOTAL,,137,"$80,249.25 ","$63,295.29 "
62146,80'S,,7,$731.30 ,$585.03 
,OTHER,,55,"$36,362.19 ","$28,710.56 "
,TOTAL,,62,"$37,093.49 ","$29,295.59 "
62147,80'S,,7,$950.16 ,$760.13 
,OTHER,,43,"$38,407.82 ","$30,726.24 "
,TOTAL,,50,"$39,357.98 ","$31,486.37 "
62148,OTHER,,24,"$2,940.32 ","$2,352.27 "
,TOTAL,,24,"$2,940.32 ","$2,352.27 "
62160,OTHER,,182,"$32,265.37 ","$25,561.85 "
,TOTAL,,182,"$32,265.37 ","$25,561.85 "
62161,80'S,,4,$587.88 ,$470.31 
,OTHER,,43,"$43,231.21 ","$33,589.40 "
,TOTAL,,47,"$43,819.09 ","$34,059.71 "
62162,80'S,,3,$650.20 ,$520.16 
,OTHER,,8,"$11,570.68 ","$8,395.34 "
,TOTAL,,11,"$12,220.88 ","$8,915.50 "
62163,OTHER,,1,$941.62 ,$753.30 
,TOTAL,,1,$941.62 ,$753.30 
62164,80'S,,5,"$1,304.71 ","$1,043.78 "
,OTHER,,20,"$29,143.70 ","$23,314.98 "
,TOTAL,,25,"$30,448.41 ","$24,358.76 "
62165,80'S,,3,$664.58 ,$531.66 
,OTHER,,85,"$84,799.63 ","$67,520.51 "
,TOTAL,,88,"$85,464.21 ","$68,052.17 "
62180,80'S,,11,"$1,660.64 ","$1,328.53 "
,OTHER,,85,"$79,742.34 ","$63,725.42 "
,TOTAL,,96,"$81,402.98 ","$65,053.95 "
62190,OTHER,,28,"$17,086.27 ","$13,285.33 "
,TOTAL,,28,"$17,086.27 ","$13,285.33 "
62192,80'S,,41,"$3,772.76 ","$3,008.47 "
,OTHER,,263,"$156,046.04 ","$124,143.38 "
,TOTAL,,304,"$159,818.80 ","$127,151.85 "
62194,SG,,1,$163.34 ,$130.67 
,OTHER,,68,"$17,371.64 ","$13,469.65 "
,TOTAL,,69,"$17,534.98 ","$13,600.32 "
62200,80'S,,11,"$1,547.35 ","$1,237.87 "
,OTHER,,95,"$81,049.31 ","$63,433.95 "
,TOTAL,,106,"$82,596.66 ","$64,671.82 "
62201,OTHER,,59,"$54,549.68 ","$42,777.05 "
,TOTAL,,59,"$54,549.68 ","$42,777.05 "
62220,80'S,,20,"$2,779.94 ","$2,223.94 "
,OTHER,,186,"$143,371.23 ","$113,563.45 "
,TOTAL,,206,"$146,151.17 ","$115,787.39 "
62223,80'S,,758,"$101,435.46 ","$80,456.54 "
,OTHER,,"6,493","$4,797,295.07 ","$3,812,164.16 "
,TOTAL,,"7,251","$4,898,730.53 ","$3,892,620.70 "
62225,OTHER,,501,"$162,596.10 ","$127,686.39 "
,TOTAL,,501,"$162,596.10 ","$127,686.39 "
62230,80'S,,144,"$15,103.40 ","$11,939.20 "
,OTHER,,"2,060","$1,244,516.14 ","$982,977.13 "
,TOTAL,,"2,204","$1,259,619.54 ","$994,916.33 "
62252,OTHER,,"2,131","$162,931.86 ","$127,201.14 "
,TOTAL,,"2,131","$162,931.86 ","$127,201.14 "
62256,80'S,,20,"$1,348.87 ","$1,079.07 "
,OTHER,,645,"$248,698.21 ","$197,313.17 "
,TOTAL,,665,"$250,047.08 ","$198,392.24 "
62258,80'S,,57,"$8,347.21 ","$6,594.76 "
,OTHER,,535,"$441,475.48 ","$347,979.71 "
,TOTAL,,592,"$449,822.69 ","$354,574.47 "
62263,SG,,"2,176","$702,757.57 ","$552,442.87 "
,OTHER,,"7,501","$2,791,934.79 ","$2,196,636.15 "
,TOTAL,,"9,677","$3,494,692.36 ","$2,749,079.02 "
62264,OTHER,,"9,300","$3,615,843.80 ","$2,876,194.75 "
,TOTAL,,"9,300","$3,615,843.80 ","$2,876,194.75 "
62268,SG,,17,"$5,325.32 ","$4,260.25 "
,OTHER,,159,"$39,384.56 ","$30,764.86 "
,TOTAL,,176,"$44,709.88 ","$35,025.11 "
62269,SG,,7,"$2,267.08 ","$1,813.65 "
,OTHER,,367,"$76,547.37 ","$61,214.63 "
,TOTAL,,374,"$78,814.45 ","$63,028.28 "
62270,SG,,149,"$47,627.87 ","$37,389.65 "
,80'S,,1,$5.66 ,$4.52 
,OTHER,,"76,676","$5,269,259.14 ","$4,137,034.49 "
,TOTAL,,"76,826","$5,316,892.67 ","$4,174,428.66 "
62272,SG,,47,"$15,281.09 ","$12,064.82 "
,OTHER,,"4,558","$368,959.64 ","$290,787.73 "
,TOTAL,,"4,605","$384,240.73 ","$302,852.55 "
62273,SG,,357,"$113,845.64 ","$88,795.55 "
,OTHER,,"2,826","$307,288.38 ","$238,100.67 "
,TOTAL,,"3,183","$421,134.02 ","$326,896.22 "
62280,SG,,9,"$2,977.51 ","$2,074.81 "
,OTHER,,239,"$41,723.26 ","$32,685.79 "
,TOTAL,,248,"$44,700.77 ","$34,760.60 "
62281,SG,,54,"$17,990.72 ","$13,902.87 "
,OTHER,,"1,239","$297,683.38 ","$233,989.97 "
,TOTAL,,"1,293","$315,674.10 ","$247,892.84 "
62282,SG,,"2,563","$837,906.02 ","$664,425.66 "
,OTHER,,"9,726","$2,611,932.13 ","$2,065,605.61 "
,TOTAL,,"12,289","$3,449,838.15 ","$2,730,031.27 "
62284,OTHER,,"79,120","$8,890,067.30 ","$6,965,783.48 "
,TOTAL,,"79,120","$8,890,067.30 ","$6,965,783.48 "
62287,SG,,262,"$326,256.73 ","$254,828.05 "
,OTHER,,"1,988","$892,546.32 ","$703,623.60 "
,TOTAL,,"2,250","$1,218,803.05 ","$958,451.65 "
62290,OTHER,,"20,612","$3,431,532.29 ","$2,666,129.47 "
,TOTAL,,"20,612","$3,431,532.29 ","$2,666,129.47 "
62291,OTHER,,"2,102","$303,871.66 ","$232,548.45 "
,TOTAL,,"2,102","$303,871.66 ","$232,548.45 "
62292,OTHER,,101,"$38,680.66 ","$30,475.60 "
,TOTAL,,101,"$38,680.66 ","$30,475.60 "
62294,OTHER,,13,"$7,974.80 ","$6,379.85 "
,TOTAL,,13,"$7,974.80 ","$6,379.85 "
62310,SG,,"28,735","$9,345,985.96 ","$7,323,606.38 "
,OTHER,,"110,053","$14,065,530.82 ","$10,962,041.68 "
,TOTAL,,"138,788","$23,411,516.78 ","$18,285,648.06 "
62311,SG,,"193,288","$62,981,987.77 ","$49,577,178.76 "
,OTHER,,"839,836","$95,142,108.50 ","$74,464,783.18 "
,TOTAL,,"1,033,124","$158,124,096.27 ","$124,041,961.94 "
62318,SG,,"1,354","$451,621.54 ","$353,602.28 "
,OTHER,,"43,361","$4,294,216.82 ","$3,408,753.24 "
,TOTAL,,"44,715","$4,745,838.36 ","$3,762,355.52 "
62319,SG,,"5,907","$1,931,425.79 ","$1,526,119.21 "
,OTHER,,"85,180","$7,749,146.53 ","$6,135,383.49 "
,TOTAL,,"91,087","$9,680,572.32 ","$7,661,502.70 "
62350,SG,,357,"$144,018.28 ","$111,845.64 "
,80'S,,34,"$1,660.58 ","$1,328.45 "
,OTHER,,"6,389","$1,741,405.97 ","$1,366,892.69 "
,TOTAL,,"6,780","$1,887,084.83 ","$1,480,066.78 "
62351,SG,,4,"$1,106.50 ",$885.19 
,80'S,,54,"$4,005.29 ","$3,195.15 "
,OTHER,,347,"$148,962.69 ","$115,677.12 "
,TOTAL,,405,"$154,074.48 ","$119,757.46 "
62355,SG,,27,"$9,310.59 ","$7,448.47 "
,80'S,,3,$132.60 ,$106.08 
,OTHER,,"1,437","$298,132.84 ","$232,104.39 "
,TOTAL,,"1,467","$307,576.03 ","$239,658.94 "
62360,SG,,17,"$6,120.00 ","$4,534.33 "
,80'S,,4,$103.74 ,$82.99 
,OTHER,,748,"$81,946.97 ","$64,765.40 "
,TOTAL,,769,"$88,170.71 ","$69,382.72 "
62361,SG,,45,"$12,529.07 ","$9,364.00 "
,OTHER,,188,"$39,354.35 ","$30,022.04 "
,TOTAL,,233,"$51,883.42 ","$39,386.04 "
62362,SG,,161,"$62,001.60 ","$48,154.50 "
,80'S,,48,"$2,794.06 ","$2,235.31 "
,OTHER,,"5,599","$2,218,590.12 ","$1,730,051.80 "
,TOTAL,,"5,808","$2,283,385.78 ","$1,780,441.61 "
62365,SG,,62,"$25,635.26 ","$20,031.28 "
,80'S,,8,$346.34 ,$277.08 
,OTHER,,"1,299","$410,261.21 ","$320,164.63 "
,TOTAL,,"1,369","$436,242.81 ","$340,472.99 "
62367,SG,,444,"$193,999.37 ","$151,895.25 "
,OTHER,,"12,787","$448,180.67 ","$338,420.13 "
,TOTAL,,"13,231","$642,180.04 ","$490,315.38 "
62368,SG,,"4,021","$1,813,020.57 ","$1,426,354.13 "
,OTHER,,"131,421","$7,051,457.57 ","$5,355,534.23 "
,TOTAL,,"135,442","$8,864,478.14 ","$6,781,888.36 "
63001,80'S,,108,"$12,959.69 ","$10,281.08 "
,OTHER,,700,"$465,998.60 ","$371,301.85 "
,TOTAL,,808,"$478,958.29 ","$381,582.93 "
63003,80'S,,35,"$4,463.91 ","$3,571.13 "
,OTHER,,332,"$230,979.56 ","$183,774.94 "
,TOTAL,,367,"$235,443.47 ","$187,346.07 "
63005,80'S,,334,"$46,509.99 ","$37,082.44 "
,OTHER,,"1,974","$1,477,196.37 ","$1,170,941.70 "
,TOTAL,,"2,308","$1,523,706.36 ","$1,208,024.14 "
63011,80'S,,23,"$1,741.06 ","$1,392.83 "
,OTHER,,293,"$125,025.95 ","$99,076.06 "
,TOTAL,,316,"$126,767.01 ","$100,468.89 "
63012,80'S,,296,"$29,330.97 ","$23,323.51 "
,OTHER,,"1,525","$810,660.46 ","$642,547.93 "
,TOTAL,,"1,821","$839,991.43 ","$665,871.44 "
63015,80'S,,280,"$53,320.93 ","$42,245.70 "
,OTHER,,"2,082","$2,228,560.29 ","$1,765,184.28 "
,TOTAL,,"2,362","$2,281,881.22 ","$1,807,429.98 "
63016,80'S,,40,"$7,091.70 ","$5,673.36 "
,OTHER,,244,"$235,933.05 ","$188,346.88 "
,TOTAL,,284,"$243,024.75 ","$194,020.24 "
63017,80'S,,265,"$39,038.64 ","$31,072.52 "
,OTHER,,"1,709","$1,401,243.05 ","$1,112,647.52 "
,TOTAL,,"1,974","$1,440,281.69 ","$1,143,720.04 "
63020,80'S,,306,"$42,841.26 ","$33,683.94 "
,OTHER,,"2,018","$1,630,371.75 ","$1,278,086.45 "
,TOTAL,,"2,324","$1,673,213.01 ","$1,311,770.39 "
63030,80'S,,"5,203","$656,413.36 ","$519,241.23 "
,OTHER,,"35,060","$23,482,053.84 ","$18,542,594.97 "
,TOTAL,,"40,263","$24,138,467.20 ","$19,061,836.20 "
63035,80'S,,"2,526","$87,035.96 ","$69,255.67 "
,OTHER,,"14,226","$2,610,720.56 ","$2,070,205.09 "
,TOTAL,,"16,752","$2,697,756.52 ","$2,139,460.76 "
63040,80'S,,85,"$14,723.03 ","$11,445.66 "
,OTHER,,426,"$408,901.71 ","$319,293.47 "
,TOTAL,,511,"$423,624.74 ","$330,739.13 "
63042,80'S,,"3,084","$514,716.90 ","$408,483.21 "
,OTHER,,"17,687","$15,668,476.23 ","$12,386,753.54 "
,TOTAL,,"20,771","$16,183,193.13 ","$12,795,236.75 "
63043,80'S,,45,"$2,078.36 ","$1,662.61 "
,OTHER,,313,"$77,590.80 ","$61,296.02 "
,TOTAL,,358,"$79,669.16 ","$62,958.63 "
63044,80'S,,"1,663","$87,977.14 ","$70,144.57 "
,OTHER,,"8,583","$2,134,833.21 ","$1,697,436.76 "
,TOTAL,,"10,246","$2,222,810.35 ","$1,767,581.33 "
63045,80'S,,"1,151","$173,819.42 ","$137,340.09 "
,OTHER,,"6,097","$5,147,831.68 ","$4,075,301.34 "
,TOTAL,,"7,248","$5,321,651.10 ","$4,212,641.43 "
63046,80'S,,336,"$40,519.03 ","$32,296.36 "
,OTHER,,"1,657","$1,132,655.86 ","$897,747.46 "
,TOTAL,,"1,993","$1,173,174.89 ","$930,043.82 "
63047,80'S,,"15,253","$1,925,449.85 ","$1,526,747.64 "
,OTHER,,"87,065","$59,712,796.66 ","$47,319,371.54 "
,TOTAL,,"102,318","$61,638,246.51 ","$48,846,119.18 "
63048,80'S,,"24,237","$762,393.84 ","$605,873.53 "
,OTHER,,"134,953","$22,742,959.41 ","$18,083,843.93 "
,TOTAL,,"159,190","$23,505,353.25 ","$18,689,717.46 "
63055,80'S,,105,"$20,896.80 ","$16,656.70 "
,OTHER,,582,"$641,403.86 ","$504,219.11 "
,TOTAL,,687,"$662,300.66 ","$520,875.81 "
63056,80'S,,609,"$106,591.91 ","$84,333.96 "
,OTHER,,"4,259","$4,099,408.56 ","$3,232,541.84 "
,TOTAL,,"4,868","$4,206,000.47 ","$3,316,875.80 "
63057,80'S,,218,"$10,846.20 ","$8,557.79 "
,OTHER,,"1,342","$385,019.56 ","$303,410.29 "
,TOTAL,,"1,560","$395,865.76 ","$311,968.08 "
63064,80'S,,30,"$7,402.90 ","$5,922.31 "
,OTHER,,156,"$203,000.64 ","$160,052.89 "
,TOTAL,,186,"$210,403.54 ","$165,975.20 "
63066,80'S,,22,$762.34 ,$609.88 
,OTHER,,56,"$9,984.93 ","$7,987.95 "
,TOTAL,,78,"$10,747.27 ","$8,597.83 "
63075,80'S,,"3,618","$710,075.10 ","$555,951.39 "
,OTHER,,"21,945","$22,649,598.83 ","$17,707,376.80 "
,TOTAL,,"25,563","$23,359,673.93 ","$18,263,328.19 "
63076,80'S,,"2,431","$94,493.24 ","$74,454.61 "
,OTHER,,"14,039","$2,891,377.07 ","$2,278,295.10 "
,TOTAL,,"16,470","$2,985,870.31 ","$2,352,749.71 "
63077,80'S,,76,"$11,830.01 ","$9,344.80 "
,OTHER,,369,"$294,740.29 ","$231,944.90 "
,TOTAL,,445,"$306,570.30 ","$241,289.70 "
63078,80'S,,49,"$1,510.32 ","$1,208.28 "
,OTHER,,248,"$39,434.99 ","$31,327.41 "
,TOTAL,,297,"$40,945.31 ","$32,535.69 "
63081,80'S,,"1,275","$309,019.36 ","$244,963.29 "
,OTHER,,"6,112","$7,979,312.80 ","$6,308,605.27 "
,TOTAL,,"7,387","$8,288,332.16 ","$6,553,568.56 "
63082,80'S,,"1,080","$46,187.06 ","$36,772.62 "
,OTHER,,"5,234","$1,227,681.85 ","$973,033.27 "
,TOTAL,,"6,314","$1,273,868.91 ","$1,009,805.89 "
63085,80'S,,118,"$31,717.08 ","$25,166.10 "
,OTHER,,806,"$923,004.58 ","$736,988.79 "
,TOTAL,,924,"$954,721.66 ","$762,154.89 "
63086,80'S,,52,"$1,647.13 ","$1,317.64 "
,OTHER,,354,"$56,289.83 ","$44,925.46 "
,TOTAL,,406,"$57,936.96 ","$46,243.10 "
63087,80'S,,128,"$45,060.84 ","$35,781.07 "
,OTHER,,726,"$1,102,464.04 ","$870,198.92 "
,TOTAL,,854,"$1,147,524.88 ","$905,979.99 "
63088,80'S,,54,"$2,358.55 ","$1,856.46 "
,OTHER,,270,"$57,479.26 ","$45,664.83 "
,TOTAL,,324,"$59,837.81 ","$47,521.29 "
63090,80'S,,203,"$56,338.75 ","$44,847.39 "
,OTHER,,"1,294","$1,565,643.69 ","$1,218,853.68 "
,TOTAL,,"1,497","$1,621,982.44 ","$1,263,701.07 "
63091,80'S,,151,"$4,339.29 ","$3,469.18 "
,OTHER,,864,"$123,375.95 ","$96,552.51 "
,TOTAL,,"1,015","$127,715.24 ","$100,021.69 "
63170,80'S,,4,$723.54 ,$578.83 
,OTHER,,13,"$16,586.32 ","$13,269.05 "
,TOTAL,,17,"$17,309.86 ","$13,847.88 "
63172,80'S,,20,"$3,291.87 ","$2,625.82 "
,OTHER,,141,"$139,400.64 ","$111,083.85 "
,TOTAL,,161,"$142,692.51 ","$113,709.67 "
63173,80'S,,2,$477.06 ,$381.64 
,OTHER,,22,"$29,918.52 ","$22,131.71 "
,TOTAL,,24,"$30,395.58 ","$22,513.35 "
63180,OTHER,,6,"$3,957.40 ","$3,165.91 "
,TOTAL,,6,"$3,957.40 ","$3,165.91 "
63182,80'S,,1,$233.65 ,$186.92 
,OTHER,,2,"$1,483.66 ","$1,186.93 "
,TOTAL,,3,"$1,717.31 ","$1,373.85 "
63185,80'S,,4,$408.11 ,$326.49 
,OTHER,,53,"$43,991.90 ","$33,880.95 "
,TOTAL,,57,"$44,400.01 ","$34,207.44 "
63190,80'S,,6,$994.05 ,$795.24 
,OTHER,,38,"$36,436.29 ","$28,202.44 "
,TOTAL,,44,"$37,430.34 ","$28,997.68 "
63191,OTHER,,6,"$7,007.86 ","$5,606.28 "
,TOTAL,,6,"$7,007.86 ","$5,606.28 "
63194,OTHER,,3,"$2,087.67 ","$1,670.14 "
,TOTAL,,3,"$2,087.67 ","$1,670.14 "
63195,OTHER,,10,"$9,581.91 ","$7,665.52 "
,TOTAL,,10,"$9,581.91 ","$7,665.52 "
63196,OTHER,,1,"$1,448.53 ","$1,158.82 "
,TOTAL,,1,"$1,448.53 ","$1,158.82 "
63199,OTHER,,1,$221.00 ,$176.80 
,TOTAL,,1,$221.00 ,$176.80 
63200,80'S,,12,"$1,963.41 ","$1,570.71 "
,OTHER,,84,"$92,696.14 ","$70,950.14 "
,TOTAL,,96,"$94,659.55 ","$72,520.85 "
63250,80'S,,2,$851.24 ,$680.99 
,OTHER,,10,"$22,888.32 ","$18,310.65 "
,TOTAL,,12,"$23,739.56 ","$18,991.64 "
63251,80'S,,5,"$1,820.08 ","$1,456.06 "
,OTHER,,40,"$91,028.19 ","$72,135.42 "
,TOTAL,,45,"$92,848.27 ","$73,591.48 "
63252,80'S,,3,"$1,081.60 ",$865.28 
,OTHER,,42,"$83,578.96 ","$66,863.13 "
,TOTAL,,45,"$84,660.56 ","$67,728.41 "
63265,80'S,,44,"$8,807.41 ","$7,045.90 "
,OTHER,,275,"$320,673.68 ","$255,537.81 "
,TOTAL,,319,"$329,481.09 ","$262,583.71 "
63266,80'S,,66,"$14,554.24 ","$11,643.38 "
,OTHER,,492,"$606,206.42 ","$483,865.60 "
,TOTAL,,558,"$620,760.66 ","$495,508.98 "
63267,80'S,,474,"$80,772.53 ","$64,320.42 "
,OTHER,,"2,728","$2,544,952.66 ","$2,013,590.20 "
,TOTAL,,"3,202","$2,625,725.19 ","$2,077,910.62 "
63268,80'S,,7,"$1,190.44 ",$694.24 
,OTHER,,69,"$50,644.87 ","$37,111.71 "
,TOTAL,,76,"$51,835.31 ","$37,805.95 "
63270,80'S,,13,"$3,238.03 ","$2,590.42 "
,OTHER,,66,"$93,607.33 ","$73,720.41 "
,TOTAL,,79,"$96,845.36 ","$76,310.83 "
63271,80'S,,27,"$7,235.97 ","$5,723.78 "
,OTHER,,186,"$284,394.39 ","$226,312.90 "
,TOTAL,,213,"$291,630.36 ","$232,036.68 "
63272,80'S,,60,"$14,825.34 ","$11,645.82 "
,OTHER,,369,"$492,036.45 ","$392,972.40 "
,TOTAL,,429,"$506,861.79 ","$404,618.22 "
63273,80'S,,2,$346.91 ,$277.53 
,OTHER,,10,"$13,948.39 ","$11,158.70 "
,TOTAL,,12,"$14,295.30 ","$11,436.23 "
63275,80'S,,26,"$5,856.26 ","$4,684.97 "
,OTHER,,175,"$216,339.62 ","$172,116.69 "
,TOTAL,,201,"$222,195.88 ","$176,801.66 "
63276,80'S,,144,"$31,642.10 ","$25,123.62 "
,OTHER,,901,"$1,166,426.89 ","$927,091.89 "
,TOTAL,,"1,045","$1,198,068.99 ","$952,215.51 "
63277,80'S,,123,"$23,079.35 ","$18,463.32 "
,OTHER,,668,"$726,130.82 ","$577,504.84 "
,TOTAL,,791,"$749,210.17 ","$595,968.16 "
63278,80'S,,6,"$1,245.81 ",$996.66 
,OTHER,,79,"$84,757.52 ","$67,184.85 "
,TOTAL,,85,"$86,003.33 ","$68,181.51 "
63280,80'S,,50,"$13,734.10 ","$10,987.28 "
,OTHER,,185,"$294,870.58 ","$234,769.55 "
,TOTAL,,235,"$308,604.68 ","$245,756.83 "
63281,80'S,,119,"$34,445.68 ","$27,290.57 "
,OTHER,,560,"$879,038.08 ","$700,296.77 "
,TOTAL,,679,"$913,483.76 ","$727,587.34 "
63282,80'S,,85,"$21,974.01 ","$17,302.33 "
,OTHER,,400,"$582,314.74 ","$460,377.21 "
,TOTAL,,485,"$604,288.75 ","$477,679.54 "
63283,80'S,,2,$511.14 ,$408.91 
,OTHER,,13,"$16,296.14 ","$13,036.92 "
,TOTAL,,15,"$16,807.28 ","$13,445.83 "
63285,80'S,,7,"$2,274.96 ","$1,819.97 "
,OTHER,,66,"$127,124.05 ","$99,158.34 "
,TOTAL,,73,"$129,399.01 ","$100,978.31 "
63286,80'S,,19,"$6,723.76 ","$5,379.02 "
,OTHER,,103,"$207,560.66 ","$164,192.08 "
,TOTAL,,122,"$214,284.42 ","$169,571.10 "
63287,80'S,,20,"$7,275.96 ","$5,820.76 "
,OTHER,,101,"$206,216.16 ","$163,132.02 "
,TOTAL,,121,"$213,492.12 ","$168,952.78 "
63290,80'S,,14,"$5,480.68 ","$4,384.55 "
,OTHER,,62,"$136,420.58 ","$108,117.46 "
,TOTAL,,76,"$141,901.26 ","$112,502.01 "
63300,80'S,,18,"$4,581.19 ","$3,664.97 "
,OTHER,,107,"$144,533.75 ","$115,472.52 "
,TOTAL,,125,"$149,114.94 ","$119,137.49 "
63301,80'S,,8,"$2,198.77 ","$1,759.02 "
,OTHER,,111,"$141,599.17 ","$111,335.32 "
,TOTAL,,119,"$143,797.94 ","$113,094.34 "
63302,80'S,,7,"$1,810.23 ","$1,448.18 "
,OTHER,,28,"$36,899.99 ","$29,473.38 "
,TOTAL,,35,"$38,710.22 ","$30,921.56 "
63303,80'S,,9,"$2,699.16 ","$2,159.34 "
,OTHER,,76,"$102,489.77 ","$81,991.79 "
,TOTAL,,85,"$105,188.93 ","$84,151.13 "
63304,80'S,,2,$583.33 ,$466.67 
,OTHER,,16,"$20,641.88 ","$15,288.87 "
,TOTAL,,18,"$21,225.21 ","$15,755.54 "
63305,80'S,,1,$311.06 ,$248.85 
,OTHER,,9,"$11,553.78 ","$9,243.02 "
,TOTAL,,10,"$11,864.84 ","$9,491.87 "
63306,80'S,,1,$319.16 ,$255.33 
,OTHER,,5,"$8,428.66 ","$6,742.93 "
,TOTAL,,6,"$8,747.82 ","$6,998.26 "
63307,80'S,,2,$642.90 ,$514.32 
,OTHER,,9,"$12,832.36 ","$10,265.87 "
,TOTAL,,11,"$13,475.26 ","$10,780.19 "
63308,80'S,,20,"$1,099.47 ",$879.59 
,OTHER,,105,"$32,612.32 ","$25,950.09 "
,TOTAL,,125,"$33,711.79 ","$26,829.68 "
63600,SG,,29,"$12,716.44 ","$10,093.16 "
,OTHER,,179,"$124,738.70 ","$98,326.45 "
,TOTAL,,208,"$137,455.14 ","$108,419.61 "
63610,SG,,28,"$9,501.84 ","$7,245.10 "
,OTHER,,36,"$16,670.57 ","$13,336.56 "
,TOTAL,,64,"$26,172.41 ","$20,581.66 "
63615,OTHER,,23,"$9,238.92 ","$7,378.56 "
,TOTAL,,23,"$9,238.92 ","$7,378.56 "
63650,SG,,910,"$362,266.49 ","$280,084.91 "
,OTHER,,"8,856","$2,632,162.98 ","$2,068,685.90 "
,TOTAL,,"9,766","$2,994,429.47 ","$2,348,770.81 "
63655,80'S,,162,"$16,339.48 ","$12,949.68 "
,OTHER,,"1,345","$768,198.39 ","$602,532.88 "
,TOTAL,,"1,507","$784,537.87 ","$615,482.56 "
63660,SG,,263,"$75,311.40 ","$58,925.36 "
,80'S,,8,$386.58 ,$309.27 
,OTHER,,"3,064","$910,231.60 ","$710,280.75 "
,TOTAL,,"3,335","$985,929.58 ","$769,515.38 "
63685,SG,,177,"$65,175.76 ","$51,130.10 "
,80'S,,173,"$9,345.01 ","$7,367.08 "
,OTHER,,"3,242","$1,170,424.30 ","$918,674.03 "
,TOTAL,,"3,592","$1,244,945.07 ","$977,171.21 "
63688,SG,,154,"$46,358.00 ","$36,846.91 "
,OTHER,,"2,256","$591,896.76 ","$459,010.11 "
,TOTAL,,"2,410","$638,254.76 ","$495,857.02 "
63700,80'S,,2,$361.73 ,$289.39 
,OTHER,,37,"$24,120.93 ","$18,309.28 "
,TOTAL,,39,"$24,482.66 ","$18,598.67 "
63702,80'S,,1,$207.72 ,$166.18 
,OTHER,,14,"$11,264.26 ","$9,011.40 "
,TOTAL,,15,"$11,471.98 ","$9,177.58 "
63704,80'S,,2,$370.58 ,$296.47 
,OTHER,,7,"$7,327.25 ","$5,861.80 "
,TOTAL,,9,"$7,697.83 ","$6,158.27 "
63706,80'S,,1,$249.81 ,$199.85 
,OTHER,,3,"$3,573.21 ","$2,858.57 "
,TOTAL,,4,"$3,823.02 ","$3,058.42 "
63707,80'S,,158,"$14,347.72 ","$11,377.85 "
,OTHER,,"1,369","$663,007.98 ","$522,704.96 "
,TOTAL,,"1,527","$677,355.70 ","$534,082.81 "
63709,80'S,,246,"$27,060.93 ","$21,438.92 "
,OTHER,,"1,039","$611,932.21 ","$484,845.44 "
,TOTAL,,"1,285","$638,993.14 ","$506,284.36 "
63710,80'S,,61,"$5,190.95 ","$4,152.82 "
,OTHER,,346,"$181,542.22 ","$144,884.28 "
,TOTAL,,407,"$186,733.17 ","$149,037.10 "
63740,80'S,,25,"$2,787.58 ","$2,230.06 "
,OTHER,,108,"$67,903.60 ","$53,775.03 "
,TOTAL,,133,"$70,691.18 ","$56,005.09 "
63741,80'S,,11,$842.46 ,$673.95 
,OTHER,,262,"$117,714.21 ","$93,078.35 "
,TOTAL,,273,"$118,556.67 ","$93,752.30 "
63744,80'S,,10,$781.20 ,$624.97 
,OTHER,,125,"$58,457.66 ","$46,571.52 "
,TOTAL,,135,"$59,238.86 ","$47,196.49 "
63746,OTHER,,42,"$14,838.75 ","$11,871.01 "
,TOTAL,,42,"$14,838.75 ","$11,871.01 "
64400,OTHER,,"8,160","$738,393.05 ","$576,013.49 "
,TOTAL,,"8,160","$738,393.05 ","$576,013.49 "
64402,OTHER,,"1,641","$117,793.71 ","$89,838.60 "
,TOTAL,,"1,641","$117,793.71 ","$89,838.60 "
64405,OTHER,,"39,552","$3,211,051.60 ","$2,477,325.13 "
,TOTAL,,"39,552","$3,211,051.60 ","$2,477,325.13 "
64408,OTHER,,561,"$59,786.96 ","$45,498.65 "
,TOTAL,,561,"$59,786.96 ","$45,498.65 "
64410,SG,,8,"$2,386.23 ","$1,909.01 "
,OTHER,,56,"$4,776.44 ","$3,637.82 "
,TOTAL,,64,"$7,162.67 ","$5,546.83 "
64412,OTHER,,"1,450","$146,052.86 ","$111,657.88 "
,TOTAL,,"1,450","$146,052.86 ","$111,657.88 "
64413,OTHER,,"6,018","$538,514.93 ","$420,454.32 "
,TOTAL,,"6,018","$538,514.93 ","$420,454.32 "
64415,SG,,"1,133","$256,699.05 ","$203,169.34 "
,OTHER,,"38,664","$2,736,216.37 ","$2,159,371.30 "
,TOTAL,,"39,797","$2,992,915.42 ","$2,362,540.64 "
64416,OTHER,,882,"$119,499.43 ","$94,656.74 "
,TOTAL,,882,"$119,499.43 ","$94,656.74 "
64417,SG,,100,"$24,018.40 ","$19,134.73 "
,OTHER,,"3,131","$235,657.38 ","$186,098.90 "
,TOTAL,,"3,231","$259,675.78 ","$205,233.63 "
64418,OTHER,,"13,683","$1,519,468.70 ","$1,189,335.32 "
,TOTAL,,"13,683","$1,519,468.70 ","$1,189,335.32 "
64420,SG,,523,"$147,398.03 ","$115,424.23 "
,OTHER,,"5,567","$585,514.35 ","$455,460.26 "
,TOTAL,,"6,090","$732,912.38 ","$570,884.49 "
64421,SG,,"1,528","$438,395.46 ","$344,251.30 "
,OTHER,,"17,784","$2,371,344.49 ","$1,866,097.64 "
,TOTAL,,"19,312","$2,809,739.95 ","$2,210,348.94 "
64425,OTHER,,"6,811","$654,684.07 ","$506,606.12 "
,TOTAL,,"6,811","$654,684.07 ","$506,606.12 "
64430,SG,,220,"$42,615.53 ","$33,787.70 "
,OTHER,,"5,510","$422,549.10 ","$333,997.74 "
,TOTAL,,"5,730","$465,164.63 ","$367,785.44 "
64435,OTHER,,753,"$79,706.82 ","$62,135.82 "
,TOTAL,,753,"$79,706.82 ","$62,135.82 "
64445,OTHER,,"29,170","$3,220,432.61 ","$2,519,374.88 "
,TOTAL,,"29,170","$3,220,432.61 ","$2,519,374.88 "
64446,OTHER,,771,"$116,393.18 ","$92,110.46 "
,TOTAL,,771,"$116,393.18 ","$92,110.46 "
64447,OTHER,,"17,491","$1,289,490.41 ","$1,025,932.51 "
,TOTAL,,"17,491","$1,289,490.41 ","$1,025,932.51 "
64448,OTHER,,"4,783","$653,310.41 ","$520,640.39 "
,TOTAL,,"4,783","$653,310.41 ","$520,640.39 "
64450,OTHER,,"196,164","$15,623,112.19 ","$12,120,233.68 "
,TOTAL,,"196,164","$15,623,112.19 ","$12,120,233.68 "
64470,SG,,"9,147","$2,645,389.79 ","$2,075,486.05 "
,OTHER,,"50,527","$9,782,277.10 ","$7,665,034.87 "
,TOTAL,,"59,674","$12,427,666.89 ","$9,740,520.92 "
64472,SG,,"14,824","$3,153,184.78 ","$2,484,564.27 "
,OTHER,,"76,625","$7,924,232.12 ","$6,264,209.78 "
,TOTAL,,"91,449","$11,077,416.90 ","$8,748,774.05 "
64475,SG,,"39,560","$11,731,718.47 ","$9,276,263.11 "
,OTHER,,"191,517","$27,995,729.78 ","$21,994,695.79 "
,TOTAL,,"231,077","$39,727,448.25 ","$31,270,958.90 "
64476,SG,,"60,793","$12,563,840.22 ","$9,971,552.31 "
,OTHER,,"305,039","$25,566,288.44 ","$20,287,411.65 "
,TOTAL,,"365,832","$38,130,128.66 ","$30,258,963.96 "
64479,SG,,"4,224","$1,332,814.88 ","$1,045,674.29 "
,OTHER,,"22,085","$4,747,896.33 ","$3,719,113.50 "
,TOTAL,,"26,309","$6,080,711.21 ","$4,764,787.79 "
64480,SG,,"1,887","$379,121.08 ","$299,449.57 "
,OTHER,,"15,848","$2,112,232.92 ","$1,677,123.18 "
,TOTAL,,"17,735","$2,491,354.00 ","$1,976,572.75 "
64483,SG,,"68,458","$21,826,646.45 ","$17,227,126.29 "
,OTHER,,"243,019","$43,489,750.34 ","$34,120,783.52 "
,TOTAL,,"311,477","$65,316,396.79 ","$51,347,909.81 "
64484,SG,,"28,236","$5,520,470.53 ","$4,373,746.40 "
,OTHER,,"114,955","$12,015,670.99 ","$9,525,987.50 "
,TOTAL,,"143,191","$17,536,141.52 ","$13,899,733.90 "
64505,OTHER,,"4,745","$590,325.19 ","$465,463.98 "
,TOTAL,,"4,745","$590,325.19 ","$465,463.98 "
64508,OTHER,,23,"$4,544.57 ","$3,589.43 "
,TOTAL,,23,"$4,544.57 ","$3,589.43 "
64510,SG,,"2,458","$804,115.82 ","$632,705.99 "
,OTHER,,"9,641","$785,563.70 ","$607,199.54 "
,TOTAL,,"12,099","$1,589,679.52 ","$1,239,905.53 "
64520,SG,,"3,160","$970,576.78 ","$760,811.66 "
,OTHER,,"13,503","$1,267,496.99 ","$983,542.12 "
,TOTAL,,"16,663","$2,238,073.77 ","$1,744,353.78 "
64530,SG,,223,"$69,700.27 ","$54,299.61 "
,OTHER,,"1,604","$149,916.60 ","$116,546.86 "
,TOTAL,,"1,827","$219,616.87 ","$170,846.47 "
64550,OTHER,,"23,009","$560,500.12 ","$434,172.29 "
,TOTAL,,"23,009","$560,500.12 ","$434,172.29 "
64553,SG,,4,"$1,149.09 ",$919.27 
,80'S,,1,$11.32 ,$9.06 
,OTHER,,72,"$7,309.91 ","$5,777.50 "
,TOTAL,,77,"$8,470.32 ","$6,705.83 "
64555,OTHER,,"1,014","$164,315.25 ","$128,317.11 "
,TOTAL,,"1,014","$164,315.25 ","$128,317.11 "
64560,OTHER,,2,$213.61 ,$170.89 
,TOTAL,,2,$213.61 ,$170.89 
64561,OTHER,,"1,381","$546,380.42 ","$432,283.34 "
,TOTAL,,"1,381","$546,380.42 ","$432,283.34 "
64565,OTHER,,"1,412","$257,821.63 ","$204,553.96 "
,TOTAL,,"1,412","$257,821.63 ","$204,553.96 "
64573,80'S,,14,"$1,150.51 ",$920.39 
,OTHER,,"1,285","$644,129.23 ","$507,808.06 "
,TOTAL,,"1,299","$645,279.74 ","$508,728.45 "
64575,SG,,2,$657.83 ,$526.27 
,OTHER,,104,"$23,778.29 ","$18,688.87 "
,TOTAL,,106,"$24,436.12 ","$19,215.14 "
64577,OTHER,,4,"$1,282.41 ","$1,025.94 "
,TOTAL,,4,"$1,282.41 ","$1,025.94 "
64580,OTHER,,12,"$2,803.62 ","$2,242.89 "
,TOTAL,,12,"$2,803.62 ","$2,242.89 "
64581,OTHER,,"1,840","$1,297,444.75 ","$1,027,357.58 "
,TOTAL,,"1,840","$1,297,444.75 ","$1,027,357.58 "
64585,SG,,10,"$3,008.45 ","$2,142.98 "
,80'S,,19,$443.11 ,$352.50 
,OTHER,,870,"$119,807.82 ","$94,539.39 "
,TOTAL,,899,"$123,259.38 ","$97,034.87 "
64590,SG,,2,$861.51 ,$689.20 
,80'S,,28,$808.29 ,$646.65 
,OTHER,,"1,404","$211,078.98 ","$167,211.26 "
,TOTAL,,"1,434","$212,748.78 ","$168,547.11 "
64595,SG,,7,"$2,325.90 ","$1,860.71 "
,80'S,,2,$35.25 ,$28.20 
,OTHER,,367,"$38,078.74 ","$29,955.05 "
,TOTAL,,376,"$40,439.89 ","$31,843.96 "
64600,SG,,32,"$10,788.41 ","$8,163.72 "
,OTHER,,652,"$185,195.48 ","$145,969.48 "
,TOTAL,,684,"$195,983.89 ","$154,133.20 "
64605,SG,,12,"$3,771.33 ","$2,974.23 "
,80'S,,1,$55.22 ,$44.18 
,OTHER,,81,"$26,217.94 ","$20,870.70 "
,TOTAL,,94,"$30,044.49 ","$23,889.11 "
64610,SG,,7,"$1,994.90 ","$1,511.17 "
,OTHER,,553,"$222,655.47 ","$175,195.22 "
,TOTAL,,560,"$224,650.37 ","$176,706.39 "
64612,OTHER,,"59,222","$8,605,746.05 ","$6,575,283.14 "
,TOTAL,,"59,222","$8,605,746.05 ","$6,575,283.14 "
64613,OTHER,,"29,900","$4,275,804.07 ","$3,272,692.59 "
,TOTAL,,"29,900","$4,275,804.07 ","$3,272,692.59 "
64614,OTHER,,"26,556","$5,063,588.38 ","$3,930,772.95 "
,TOTAL,,"26,556","$5,063,588.38 ","$3,930,772.95 "
64620,SG,,221,"$54,294.68 ","$42,886.12 "
,OTHER,,"2,277","$298,610.37 ","$235,230.27 "
,TOTAL,,"2,498","$352,905.05 ","$278,116.39 "
64622,SG,,"9,712","$2,915,757.19 ","$2,298,183.70 "
,OTHER,,"35,695","$8,266,113.88 ","$6,495,393.43 "
,TOTAL,,"45,407","$11,181,871.07 ","$8,793,577.13 "
64623,SG,,"20,999","$3,936,058.37 ","$3,120,134.80 "
,OTHER,,"83,769","$6,406,217.67 ","$5,074,768.30 "
,TOTAL,,"104,768","$10,342,276.04 ","$8,194,903.10 "
64626,SG,,"2,133","$621,545.88 ","$486,827.72 "
,OTHER,,"6,908","$1,782,959.76 ","$1,396,042.01 "
,TOTAL,,"9,041","$2,404,505.64 ","$1,882,869.73 "
64627,SG,,"4,357","$826,319.29 ","$652,014.90 "
,OTHER,,"15,447","$1,257,835.67 ","$995,976.85 "
,TOTAL,,"19,804","$2,084,154.96 ","$1,647,991.75 "
64630,SG,,4,"$1,440.14 ","$1,072.12 "
,OTHER,,299,"$54,245.28 ","$43,014.14 "
,TOTAL,,303,"$55,685.42 ","$44,086.26 "
64640,OTHER,,"96,666","$24,994,386.05 ","$19,650,395.35 "
,TOTAL,,"96,666","$24,994,386.05 ","$19,650,395.35 "
64680,SG,,64,"$27,902.10 ","$20,376.98 "
,OTHER,,"1,793","$407,562.09 ","$320,455.90 "
,TOTAL,,"1,857","$435,464.19 ","$340,832.88 "
64702,SG,,148,"$28,845.71 ","$22,859.91 "
,80'S,,1,$60.25 ,$48.20 
,OTHER,,704,"$144,295.80 ","$114,229.90 "
,TOTAL,,853,"$173,201.76 ","$137,138.01 "
64704,SG,,428,"$92,568.15 ","$73,130.47 "
,80'S,,177,"$5,683.55 ","$4,544.87 "
,OTHER,,"2,532","$446,150.98 ","$354,030.67 "
,TOTAL,,"3,137","$544,402.68 ","$431,706.01 "
64708,SG,,398,"$118,917.64 ","$94,261.67 "
,80'S,,182,"$9,342.03 ","$7,465.27 "
,OTHER,,"2,472","$750,450.51 ","$590,735.95 "
,TOTAL,,"3,052","$878,710.18 ","$692,462.89 "
64712,SG,,86,"$21,907.38 ","$17,460.20 "
,80'S,,84,"$4,047.47 ","$3,177.01 "
,OTHER,,"1,026","$398,478.03 ","$315,601.41 "
,TOTAL,,"1,196","$424,432.88 ","$336,238.62 "
64713,SG,,19,"$7,655.52 ","$6,109.01 "
,80'S,,60,"$3,594.93 ","$2,876.06 "
,OTHER,,308,"$132,663.27 ","$103,056.09 "
,TOTAL,,387,"$143,913.72 ","$112,041.16 "
64714,SG,,322,"$142,796.91 ","$113,599.64 "
,80'S,,43,"$2,170.43 ","$1,736.34 "
,OTHER,,962,"$433,928.84 ","$343,939.42 "
,TOTAL,,"1,327","$578,896.18 ","$459,275.40 "
64716,SG,,15,"$7,069.86 ","$5,655.88 "
,80'S,,41,"$1,861.03 ","$1,463.67 "
,OTHER,,235,"$60,713.20 ","$48,026.64 "
,TOTAL,,291,"$69,644.09 ","$55,146.19 "
64718,SG,,"2,364","$863,519.44 ","$677,673.24 "
,80'S,,50,"$3,023.02 ","$2,418.39 "
,OTHER,,"9,504","$3,734,719.79 ","$2,925,811.62 "
,TOTAL,,"11,918","$4,601,262.25 ","$3,605,903.25 "
64719,SG,,978,"$269,886.48 ","$214,293.86 "
,OTHER,,"3,439","$698,051.76 ","$553,885.19 "
,TOTAL,,"4,417","$967,938.24 ","$768,179.05 "
64721,SG,,"34,532","$14,509,341.97 ","$11,452,574.47 "
,80'S,,4,$255.25 ,$204.21 
,OTHER,,"107,332","$37,891,643.60 ","$29,823,168.83 "
,TOTAL,,"141,868","$52,401,240.82 ","$41,275,947.51 "
64722,SG,,223,"$50,430.66 ","$39,581.38 "
,80'S,,101,"$3,165.26 ","$2,532.32 "
,OTHER,,"2,322","$540,131.91 ","$427,645.96 "
,TOTAL,,"2,646","$593,727.83 ","$469,759.66 "
64726,SG,,68,"$12,863.54 ","$10,016.91 "
,OTHER,,215,"$39,775.01 ","$31,327.97 "
,TOTAL,,283,"$52,638.55 ","$41,344.88 "
64727,SG,,536,"$90,196.48 ","$71,961.95 "
,OTHER,,"2,209","$408,861.92 ","$324,807.31 "
,TOTAL,,"2,745","$499,058.40 ","$396,769.26 "
64732,SG,,3,"$1,088.50 ",$870.80 
,OTHER,,24,"$6,077.27 ","$4,656.01 "
,TOTAL,,27,"$7,165.77 ","$5,526.81 "
64734,SG,,3,"$1,075.72 ",$860.58 
,OTHER,,52,"$15,268.07 ","$12,214.46 "
,TOTAL,,55,"$16,343.79 ","$13,075.04 "
64736,80'S,,1,$40.26 ,$32.21 
,OTHER,,23,"$5,653.38 ","$4,383.04 "
,TOTAL,,24,"$5,693.64 ","$4,415.25 "
64738,SG,,1,$227.62 ,$182.10 
,OTHER,,16,"$5,497.28 ","$4,317.83 "
,TOTAL,,17,"$5,724.90 ","$4,499.93 "
64740,SG,,1,$426.90 ,$341.52 
,80'S,,2,$58.28 ,$46.62 
,OTHER,,6,"$1,744.75 ","$1,350.83 "
,TOTAL,,9,"$2,229.93 ","$1,738.97 "
64742,80'S,,3,$102.87 ,$82.29 
,OTHER,,48,"$13,814.38 ","$10,971.53 "
,TOTAL,,51,"$13,917.25 ","$11,053.82 "
64744,SG,,6,"$2,379.01 ","$1,903.21 "
,80'S,,1,$81.18 ,$64.94 
,OTHER,,96,"$33,196.48 ","$25,898.48 "
,TOTAL,,103,"$35,656.67 ","$27,866.63 "
64746,80'S,,3,$95.23 ,$76.18 
,OTHER,,12,"$2,733.23 ","$2,186.60 "
,TOTAL,,15,"$2,828.46 ","$2,262.78 "
64752,80'S,,2,$133.64 ,$106.92 
,OTHER,,6,"$1,876.74 ","$1,501.40 "
,TOTAL,,8,"$2,010.38 ","$1,608.32 "
64755,OTHER,,13,"$5,436.79 ","$4,349.43 "
,TOTAL,,13,"$5,436.79 ","$4,349.43 "
64760,80'S,,13,$450.53 ,$360.42 
,OTHER,,132,"$20,695.50 ","$15,875.91 "
,TOTAL,,145,"$21,146.03 ","$16,236.33 "
64761,OTHER,,6,"$1,317.74 ","$1,003.80 "
,TOTAL,,6,"$1,317.74 ","$1,003.80 "
64763,80'S,,1,$41.44 ,$33.15 
,OTHER,,13,"$4,976.15 ","$3,951.69 "
,TOTAL,,14,"$5,017.59 ","$3,984.84 "
64766,OTHER,,9,"$3,469.86 ","$2,775.90 "
,TOTAL,,9,"$3,469.86 ","$2,775.90 "
64771,SG,,5,"$1,507.12 ","$1,205.70 "
,80'S,,3,$152.62 ,$122.09 
,OTHER,,34,"$13,168.81 ","$10,329.34 "
,TOTAL,,42,"$14,828.55 ","$11,657.13 "
64772,SG,,15,"$5,720.19 ","$4,484.38 "
,80'S,,24,"$1,166.21 ",$932.97 
,OTHER,,206,"$61,757.74 ","$49,306.62 "
,TOTAL,,245,"$68,644.14 ","$54,723.97 "
64774,SG,,64,"$22,391.39 ","$17,206.99 "
,OTHER,,408,"$106,037.98 ","$84,110.48 "
,TOTAL,,472,"$128,429.37 ","$101,317.47 "
64776,SG,,118,"$49,255.00 ","$38,917.08 "
,80'S,,1,$27.61 ,$22.09 
,OTHER,,233,"$58,872.88 ","$46,553.56 "
,TOTAL,,352,"$108,155.49 ","$85,492.73 "
64778,SG,,4,$865.35 ,$692.28 
,OTHER,,22,"$3,962.72 ","$3,170.18 "
,TOTAL,,26,"$4,828.07 ","$3,862.46 "
64782,SG,,283,"$112,507.30 ","$88,274.66 "
,OTHER,,952,"$257,568.07 ","$202,739.01 "
,TOTAL,,"1,235","$370,075.37 ","$291,013.67 "
64783,SG,,21,"$4,864.27 ","$3,773.88 "
,OTHER,,66,"$14,041.90 ","$10,950.12 "
,TOTAL,,87,"$18,906.17 ","$14,724.00 "
64784,SG,,88,"$34,643.32 ","$27,139.29 "
,80'S,,7,$533.53 ,$394.98 
,OTHER,,574,"$274,137.53 ","$216,604.80 "
,TOTAL,,669,"$309,314.38 ","$244,139.07 "
64786,SG,,4,"$1,979.84 ","$1,583.88 "
,80'S,,3,$416.90 ,$333.52 
,OTHER,,47,"$40,485.27 ","$31,758.70 "
,TOTAL,,54,"$42,882.01 ","$33,676.10 "
64787,SG,,81,"$20,640.89 ","$16,336.81 "
,80'S,,2,$45.85 ,$36.68 
,OTHER,,304,"$75,958.06 ","$60,077.26 "
,TOTAL,,387,"$96,644.80 ","$76,450.75 "
64788,SG,,43,"$16,540.13 ","$12,899.16 "
,OTHER,,282,"$66,516.11 ","$52,365.07 "
,TOTAL,,325,"$83,056.24 ","$65,264.23 "
64790,SG,,13,"$6,586.60 ","$5,269.28 "
,80'S,,2,$240.14 ,$192.11 
,OTHER,,185,"$123,230.13 ","$94,255.52 "
,TOTAL,,200,"$130,056.87 ","$99,716.91 "
64792,SG,,5,"$2,323.65 ","$1,858.92 "
,80'S,,7,$957.52 ,$766.02 
,OTHER,,126,"$103,541.38 ","$82,791.53 "
,TOTAL,,138,"$106,822.55 ","$85,416.47 "
64795,SG,,111,"$46,806.28 ","$37,314.06 "
,OTHER,,"1,645","$296,413.09 ","$233,643.01 "
,TOTAL,,"1,756","$343,219.37 ","$270,957.07 "
64802,OTHER,,13,"$6,133.48 ","$4,906.78 "
,TOTAL,,13,"$6,133.48 ","$4,906.78 "
64804,80'S,,2,$205.91 ,$164.73 
,OTHER,,26,"$18,468.63 ","$14,756.50 "
,TOTAL,,28,"$18,674.54 ","$14,921.23 "
64809,80'S,,1,$57.95 ,$46.36 
,OTHER,,11,"$6,999.85 ","$5,599.87 "
,TOTAL,,12,"$7,057.80 ","$5,646.23 "
64818,80'S,,40,"$3,492.60 ","$2,794.10 "
,OTHER,,334,"$171,635.68 ","$135,605.02 "
,TOTAL,,374,"$175,128.28 ","$138,399.12 "
64820,OTHER,,313,"$136,327.84 ","$106,676.65 "
,TOTAL,,313,"$136,327.84 ","$106,676.65 "
64821,SG,,5,"$3,109.59 ","$2,487.67 "
,OTHER,,61,"$22,866.60 ","$17,102.98 "
,TOTAL,,66,"$25,976.19 ","$19,590.65 "
64822,OTHER,,68,"$26,144.44 ","$19,876.73 "
,TOTAL,,68,"$26,144.44 ","$19,876.73 "
64823,OTHER,,44,"$26,832.36 ","$20,248.91 "
,TOTAL,,44,"$26,832.36 ","$20,248.91 "
64831,SG,,186,"$100,789.11 ","$80,127.44 "
,OTHER,,"1,256","$509,525.31 ","$403,273.19 "
,TOTAL,,"1,442","$610,314.42 ","$483,400.63 "
64832,SG,,40,"$6,631.57 ","$5,198.66 "
,OTHER,,381,"$125,974.97 ","$99,861.59 "
,TOTAL,,421,"$132,606.54 ","$105,060.25 "
64834,SG,,28,"$8,659.67 ","$6,847.74 "
,80'S,,2,$220.65 ,$176.52 
,OTHER,,178,"$81,929.44 ","$63,902.33 "
,TOTAL,,208,"$90,809.76 ","$70,926.59 "
64835,SG,,13,"$5,064.10 ","$4,051.28 "
,OTHER,,59,"$28,879.49 ","$23,103.64 "
,TOTAL,,72,"$33,943.59 ","$27,154.92 "
64836,SG,,8,"$3,600.72 ","$2,880.57 "
,80'S,,3,$319.77 ,$255.81 
,OTHER,,59,"$28,820.67 ","$22,951.01 "
,TOTAL,,70,"$32,741.16 ","$26,087.39 "
64837,80'S,,1,$56.68 ,$45.35 
,OTHER,,12,"$4,345.05 ","$3,254.12 "
,TOTAL,,13,"$4,401.73 ","$3,299.47 "
64840,SG,,1,$463.44 ,$370.75 
,80'S,,1,$135.80 ,$108.64 
,OTHER,,9,"$4,145.05 ","$3,316.04 "
,TOTAL,,11,"$4,744.29 ","$3,795.43 "
64856,SG,,12,"$4,403.18 ","$3,522.55 "
,OTHER,,186,"$121,876.65 ","$96,707.16 "
,TOTAL,,198,"$126,279.83 ","$100,229.71 "
64857,SG,,12,"$3,808.74 ","$3,047.01 "
,80'S,,6,$841.47 ,$673.16 
,OTHER,,123,"$94,881.94 ","$75,600.26 "
,TOTAL,,141,"$99,532.15 ","$79,320.43 "
64858,OTHER,,3,"$2,353.28 ","$1,882.63 "
,TOTAL,,3,"$2,353.28 ","$1,882.63 "
64859,SG,,1,$313.92 ,$251.14 
,80'S,,1,$38.56 ,$30.85 
,OTHER,,17,"$4,234.86 ","$3,387.91 "
,TOTAL,,19,"$4,587.34 ","$3,669.90 "
64861,SG,,2,$464.74 ,$371.80 
,80'S,,2,$328.94 ,$263.15 
,OTHER,,19,"$20,603.72 ","$16,483.00 "
,TOTAL,,23,"$21,397.40 ","$17,117.95 "
64862,OTHER,,7,"$6,160.86 ","$4,276.75 "
,TOTAL,,7,"$6,160.86 ","$4,276.75 "
64864,SG,,1,$300.55 ,$240.44 
,80'S,,12,$827.00 ,$612.15 
,OTHER,,122,"$58,898.24 ","$46,445.71 "
,TOTAL,,135,"$60,025.79 ","$47,298.30 "
64865,SG,,1,$621.49 ,$497.19 
,80'S,,3,$224.21 ,$179.37 
,OTHER,,28,"$16,498.52 ","$12,797.91 "
,TOTAL,,32,"$17,344.22 ","$13,474.47 "
64866,80'S,,1,$74.05 ,$59.24 
,OTHER,,13,"$8,082.53 ","$6,466.02 "
,TOTAL,,14,"$8,156.58 ","$6,525.26 "
64868,80'S,,3,$280.90 ,$224.72 
,OTHER,,32,"$20,720.57 ","$16,576.46 "
,TOTAL,,35,"$21,001.47 ","$16,801.18 "
64870,SG,,1,$326.33 ,$261.06 
,TOTAL,,1,$326.33 ,$261.06 
64872,SG,,4,$885.05 ,$708.04 
,OTHER,,22,"$2,479.20 ","$1,983.34 "
,TOTAL,,26,"$3,364.25 ","$2,691.38 "
64874,SG,,2,$498.46 ,$398.77 
,OTHER,,10,"$1,666.61 ","$1,333.28 "
,TOTAL,,12,"$2,165.07 ","$1,732.05 "
64885,80'S,,10,"$1,065.56 ",$852.45 
,OTHER,,82,"$55,164.24 ","$44,131.44 "
,TOTAL,,92,"$56,229.80 ","$44,983.89 "
64886,80'S,,6,$902.61 ,$722.09 
,OTHER,,99,"$93,483.75 ","$73,314.24 "
,TOTAL,,105,"$94,386.36 ","$74,036.33 "
64890,SG,,7,"$2,011.99 ","$1,251.16 "
,OTHER,,57,"$42,412.96 ","$33,930.35 "
,TOTAL,,64,"$44,424.95 ","$35,181.51 "
64891,OTHER,,19,"$8,519.59 ","$6,701.28 "
,TOTAL,,19,"$8,519.59 ","$6,701.28 "
64892,OTHER,,19,"$13,028.27 ","$10,356.52 "
,TOTAL,,19,"$13,028.27 ","$10,356.52 "
64893,SG,,1,$225.10 ,$180.08 
,OTHER,,13,"$10,692.33 ","$8,483.17 "
,TOTAL,,14,"$10,917.43 ","$8,663.25 "
64895,SG,,4,"$1,483.48 ","$1,186.79 "
,80'S,,1,$170.21 ,$136.17 
,OTHER,,12,"$11,397.09 ","$9,117.68 "
,TOTAL,,17,"$13,050.78 ","$10,440.64 "
64896,OTHER,,6,"$5,325.04 ","$4,260.04 "
,TOTAL,,6,"$5,325.04 ","$4,260.04 "
64897,SG,,1,$247.42 ,$197.94 
,OTHER,,12,"$11,914.46 ","$9,425.15 "
,TOTAL,,13,"$12,161.88 ","$9,623.09 "
64898,SG,,4,"$1,497.60 ","$1,198.09 "
,80'S,,2,$341.64 ,$273.31 
,OTHER,,33,"$34,262.64 ","$27,410.12 "
,TOTAL,,39,"$36,101.88 ","$28,881.52 "
64901,80'S,,2,$194.84 ,$155.87 
,OTHER,,17,"$10,189.50 ","$8,151.57 "
,TOTAL,,19,"$10,384.34 ","$8,307.44 "
64902,80'S,,1,$102.24 ,$81.79 
,OTHER,,20,"$13,372.03 ","$10,697.62 "
,TOTAL,,21,"$13,474.27 ","$10,779.41 "
64905,80'S,,1,$121.91 ,$97.53 
,OTHER,,4,"$1,736.09 ","$1,388.87 "
,TOTAL,,5,"$1,858.00 ","$1,486.40 "
64907,SG,,1,$172.49 ,$137.99 
,80'S,,1,$96.57 ,$77.26 
,OTHER,,4,"$1,752.31 ","$1,401.84 "
,TOTAL,,6,"$2,021.37 ","$1,617.09 "
64999,80'S,,69,"$9,035.77 ","$7,228.62 "
,OTHER,,"1,917","$863,382.60 ","$683,205.57 "
,TOTAL,,"1,986","$872,418.37 ","$690,434.19 "
65091,SG,EYE,22,"$10,896.99 ","$8,717.59 "
,80'S,,2,$227.80 ,$182.24 
,OTHER,,123,"$74,741.25 ","$59,512.44 "
,TOTAL,,147,"$85,866.04 ","$68,412.27 "
65093,SG,,144,"$68,710.80 ","$54,805.33 "
,OTHER,,657,"$419,190.31 ","$331,434.64 "
,TOTAL,,801,"$487,901.11 ","$386,239.97 "
65101,SG,,20,"$9,452.11 ","$7,477.69 "
,OTHER,,132,"$82,138.85 ","$65,237.22 "
,TOTAL,,152,"$91,590.96 ","$72,714.91 "
65103,SG,,47,"$21,873.01 ","$17,418.41 "
,OTHER,,311,"$209,460.30 ","$164,952.92 "
,TOTAL,,358,"$231,333.31 ","$182,371.33 "
65105,SG,,189,"$115,183.10 ","$90,467.72 "
,80'S,,37,"$4,460.62 ","$3,402.77 "
,OTHER,,"1,081","$797,739.85 ","$627,723.93 "
,TOTAL,,"1,307","$917,383.57 ","$721,594.42 "
65110,SG,,11,"$7,894.66 ","$6,235.72 "
,80'S,,8,"$1,247.00 ",$997.60 
,OTHER,,97,"$97,030.99 ","$76,985.31 "
,TOTAL,,116,"$106,172.65 ","$84,218.63 "
65112,80'S,,2,$395.21 ,$316.16 
,OTHER,,49,"$53,192.60 ","$42,554.06 "
,TOTAL,,51,"$53,587.81 ","$42,870.22 "
65114,SG,,1,$977.34 ,$781.87 
,80'S,,3,$716.82 ,$573.46 
,OTHER,,20,"$25,456.82 ","$19,474.67 "
,TOTAL,,24,"$27,150.98 ","$20,830.00 "
65125,OTHER,,40,"$7,040.74 ","$5,484.66 "
,TOTAL,,40,"$7,040.74 ","$5,484.66 "
65130,SG,,16,"$7,197.69 ","$5,758.16 "
,OTHER,,42,"$23,539.42 ","$18,436.28 "
,TOTAL,,58,"$30,737.11 ","$24,194.44 "
65135,SG,,4,"$1,293.93 ","$1,035.15 "
,OTHER,,36,"$21,803.94 ","$16,423.26 "
,TOTAL,,40,"$23,097.87 ","$17,458.41 "
65140,SG,,8,"$3,801.19 ","$2,960.95 "
,OTHER,,35,"$23,536.66 ","$18,807.75 "
,TOTAL,,43,"$27,337.85 ","$21,768.70 "
65150,SG,,27,"$9,343.93 ","$7,386.24 "
,80'S,,2,$207.42 ,$165.94 
,OTHER,,56,"$29,567.17 ","$23,653.74 "
,TOTAL,,85,"$39,118.52 ","$31,205.92 "
65155,SG,,18,"$7,241.34 ","$5,786.49 "
,OTHER,,87,"$62,931.33 ","$49,465.26 "
,TOTAL,,105,"$70,172.67 ","$55,251.75 "
65175,SG,,32,"$7,316.14 ","$5,852.93 "
,80'S,,1,$83.01 ,$66.41 
,OTHER,,151,"$70,049.51 ","$55,416.04 "
,TOTAL,,184,"$77,448.66 ","$61,335.38 "
65205,OTHER,,"21,586","$993,350.32 ","$704,528.95 "
,TOTAL,,"21,586","$993,350.32 ","$704,528.95 "
65210,OTHER,,"21,909","$1,264,395.80 ","$926,785.99 "
,TOTAL,,"21,909","$1,264,395.80 ","$926,785.99 "
65220,OTHER,,"4,062","$543,912.21 ","$411,678.62 "
,TOTAL,,"4,062","$543,912.21 ","$411,678.62 "
65222,OTHER,,"31,683","$1,940,750.59 ","$1,383,782.47 "
,TOTAL,,"31,683","$1,940,750.59 ","$1,383,782.47 "
65235,SG,,118,"$47,775.92 ","$38,153.16 "
,OTHER,,220,"$89,688.25 ","$70,084.12 "
,TOTAL,,338,"$137,464.17 ","$108,237.28 "
65260,SG,,6,"$2,292.04 ","$1,833.63 "
,80'S,,3,$274.71 ,$219.77 
,OTHER,,15,"$9,666.09 ","$7,462.34 "
,TOTAL,,24,"$12,232.84 ","$9,515.74 "
65265,SG,,24,"$10,473.74 ","$8,378.99 "
,80'S,,21,"$2,733.97 ","$2,187.18 "
,OTHER,,220,"$168,829.24 ","$134,055.36 "
,TOTAL,,265,"$182,036.95 ","$144,621.53 "
65270,SG,,33,"$12,628.03 ","$10,022.43 "
,OTHER,,149,"$23,514.83 ","$18,756.95 "
,TOTAL,,182,"$36,142.86 ","$28,779.38 "
65272,SG,,12,"$4,134.42 ","$3,241.68 "
,OTHER,,72,"$17,173.64 ","$13,655.01 "
,TOTAL,,84,"$21,308.06 ","$16,896.69 "
65273,OTHER,,20,"$5,168.23 ","$4,054.59 "
,TOTAL,,20,"$5,168.23 ","$4,054.59 "
65275,SG,,26,"$13,842.90 ","$10,994.31 "
,OTHER,,131,"$44,024.39 ","$34,393.31 "
,TOTAL,,157,"$57,867.29 ","$45,387.62 "
65280,SG,,48,"$26,200.50 ","$19,987.06 "
,80'S,,1,$46.61 ,$37.29 
,OTHER,,290,"$143,521.20 ","$111,692.30 "
,TOTAL,,339,"$169,768.31 ","$131,716.65 "
65285,SG,,135,"$76,722.09 ","$61,010.43 "
,80'S,,36,"$5,092.01 ","$4,073.60 "
,OTHER,,"1,313","$1,212,380.96 ","$961,988.72 "
,TOTAL,,"1,484","$1,294,195.06 ","$1,027,072.75 "
65286,OTHER,,493,"$234,340.72 ","$186,284.51 "
,TOTAL,,493,"$234,340.72 ","$186,284.51 "
65290,SG,,11,"$4,739.59 ","$3,791.67 "
,OTHER,,63,"$21,065.96 ","$16,747.62 "
,TOTAL,,74,"$25,805.55 ","$20,539.29 "
65400,SG,,981,"$280,199.48 ","$221,022.14 "
,OTHER,,"3,600","$1,632,440.54 ","$1,285,868.97 "
,TOTAL,,"4,581","$1,912,640.02 ","$1,506,891.11 "
65410,SG,,40,"$14,550.37 ","$11,207.63 "
,OTHER,,202,"$15,127.56 ","$11,759.42 "
,TOTAL,,242,"$29,677.93 ","$22,967.05 "
65420,SG,,"2,409","$828,442.10 ","$654,541.63 "
,OTHER,,"5,798","$1,919,234.31 ","$1,509,225.15 "
,TOTAL,,"8,207","$2,747,676.41 ","$2,163,766.78 "
65426,SG,,"2,134","$1,475,948.07 ","$1,160,794.15 "
,80'S,,1,$82.16 ,$65.73 
,OTHER,,"4,584","$1,785,975.27 ","$1,401,427.21 "
,TOTAL,,"6,719","$3,262,005.50 ","$2,562,287.09 "
65430,OTHER,,"4,909","$1,476,706.59 ","$1,162,853.64 "
,TOTAL,,"4,909","$1,476,706.59 ","$1,162,853.64 "
65435,OTHER,,"4,360","$326,696.66 ","$246,202.81 "
,TOTAL,,"4,360","$326,696.66 ","$246,202.81 "
65436,OTHER,,"1,000","$316,711.88 ","$249,330.00 "
,TOTAL,,"1,000","$316,711.88 ","$249,330.00 "
65450,OTHER,,615,"$198,502.98 ","$155,819.89 "
,TOTAL,,615,"$198,502.98 ","$155,819.89 "
65600,OTHER,,600,"$176,496.54 ","$138,017.00 "
,TOTAL,,600,"$176,496.54 ","$138,017.00 "
65710,SG,,305,"$303,448.32 ","$240,493.14 "
,80'S,,41,"$6,464.37 ","$5,171.49 "
,OTHER,,719,"$647,564.50 ","$511,267.32 "
,TOTAL,,"1,065","$957,477.19 ","$756,931.95 "
65730,SG,,"2,582","$2,526,581.35 ","$2,003,606.19 "
,80'S,,428,"$68,953.67 ","$54,507.90 "
,OTHER,,"5,224","$4,913,650.85 ","$3,888,350.18 "
,TOTAL,,"8,234","$7,509,185.87 ","$5,946,464.27 "
65750,SG,,532,"$525,434.52 ","$418,107.93 "
,80'S,,191,"$33,710.70 ","$26,790.56 "
,OTHER,,"1,245","$1,331,925.84 ","$1,057,574.38 "
,TOTAL,,"1,968","$1,891,071.06 ","$1,502,472.87 "
65755,SG,,"3,659","$3,629,770.78 ","$2,889,306.21 "
,80'S,,"1,020","$186,814.58 ","$148,226.35 "
,OTHER,,"10,079","$10,612,997.89 ","$8,428,098.80 "
,TOTAL,,"14,758","$14,429,583.25 ","$11,465,631.36 "
65767,OTHER,,1,$600.00 ,$480.00 
,TOTAL,,1,$600.00 ,$480.00 
65770,SG,,16,"$10,425.43 ","$8,340.34 "
,80'S,,38,"$7,418.10 ","$5,934.53 "
,OTHER,,153,"$174,936.73 ","$139,949.35 "
,TOTAL,,207,"$192,780.26 ","$154,224.22 "
65772,SG,,681,"$309,129.78 ","$246,956.83 "
,OTHER,,"3,220","$1,163,550.25 ","$917,382.76 "
,TOTAL,,"3,901","$1,472,680.03 ","$1,164,339.59 "
65775,SG,,29,"$17,644.98 ","$14,116.00 "
,OTHER,,145,"$61,947.76 ","$49,501.31 "
,TOTAL,,174,"$79,592.74 ","$63,617.31 "
65800,SG,,162,"$40,060.15 ","$32,006.93 "
,OTHER,,"2,591","$245,720.60 ","$194,130.58 "
,TOTAL,,"2,753","$285,780.75 ","$226,137.51 "
65805,SG,,517,"$158,474.92 ","$126,319.82 "
,OTHER,,"9,882","$1,016,978.98 ","$801,553.36 "
,TOTAL,,"10,399","$1,175,453.90 ","$927,873.18 "
65810,SG,,169,"$62,219.92 ","$49,695.96 "
,OTHER,,561,"$199,499.82 ","$158,751.54 "
,TOTAL,,730,"$261,719.74 ","$208,447.50 "
65815,SG,,143,"$53,281.51 ","$42,378.82 "
,OTHER,,652,"$242,937.39 ","$192,628.21 "
,TOTAL,,795,"$296,218.90 ","$235,007.03 "
65820,OTHER,,64,"$41,250.59 ","$32,344.17 "
,TOTAL,,64,"$41,250.59 ","$32,344.17 "
65850,SG,,229,"$123,373.84 ","$98,592.43 "
,OTHER,,303,"$218,880.46 ","$174,294.60 "
,TOTAL,,532,"$342,254.30 ","$272,887.03 "
65855,OTHER,,"143,977","$46,864,305.54 ","$36,761,496.54 "
,TOTAL,,"143,977","$46,864,305.54 ","$36,761,496.54 "
65860,OTHER,,"1,675","$423,608.98 ","$333,288.26 "
,TOTAL,,"1,675","$423,608.98 ","$333,288.26 "
65865,SG,,254,"$52,989.83 ","$42,093.24 "
,OTHER,,956,"$283,957.26 ","$225,624.06 "
,TOTAL,,"1,210","$336,947.09 ","$267,717.30 "
65870,SG,,328,"$135,366.73 ","$107,841.64 "
,OTHER,,"1,204","$388,014.15 ","$307,920.28 "
,TOTAL,,"1,532","$523,380.88 ","$415,761.92 "
65875,SG,,920,"$447,541.75 ","$356,659.65 "
,OTHER,,"2,622","$871,835.24 ","$693,669.26 "
,TOTAL,,"3,542","$1,319,376.99 ","$1,050,328.91 "
65880,SG,,36,"$19,624.55 ","$15,371.42 "
,OTHER,,175,"$63,760.99 ","$50,476.93 "
,TOTAL,,211,"$83,385.54 ","$65,848.35 "
65900,SG,,13,"$8,041.84 ","$6,353.47 "
,80'S,,7,$784.07 ,$627.24 
,OTHER,,108,"$69,484.90 ","$55,374.84 "
,TOTAL,,128,"$78,310.81 ","$62,355.55 "
65920,SG,,274,"$253,175.68 ","$200,512.28 "
,OTHER,,971,"$416,710.70 ","$331,382.26 "
,TOTAL,,"1,245","$669,886.38 ","$531,894.54 "
65930,SG,,122,"$79,116.99 ","$63,133.64 "
,OTHER,,466,"$195,539.71 ","$155,066.59 "
,TOTAL,,588,"$274,656.70 ","$218,200.23 "
66020,SG,,281,"$62,113.11 ","$49,357.83 "
,OTHER,,"1,052","$115,695.67 ","$90,170.95 "
,TOTAL,,"1,333","$177,808.78 ","$139,528.78 "
66030,SG,,75,"$16,501.87 ","$13,163.86 "
,OTHER,,833,"$72,760.25 ","$56,900.85 "
,TOTAL,,908,"$89,262.12 ","$70,064.71 "
66130,SG,,38,"$37,999.47 ","$30,299.69 "
,OTHER,,138,"$66,219.50 ","$52,332.24 "
,TOTAL,,176,"$104,218.97 ","$82,631.93 "
66150,SG,,47,"$26,067.88 ","$20,648.18 "
,OTHER,,150,"$87,606.11 ","$68,983.74 "
,TOTAL,,197,"$113,673.99 ","$89,631.92 "
66155,SG,,254,"$163,054.74 ","$130,393.88 "
,OTHER,,42,"$30,848.93 ","$24,679.15 "
,TOTAL,,296,"$193,903.67 ","$155,073.03 "
66160,SG,,269,"$80,625.00 ","$64,419.96 "
,80'S,,2,$221.64 ,$177.31 
,OTHER,,273,"$200,105.62 ","$158,211.80 "
,TOTAL,,544,"$280,952.26 ","$222,809.07 "
66165,SG,,16,"$6,381.64 ","$5,105.32 "
,OTHER,,15,"$10,760.73 ","$8,608.58 "
,TOTAL,,31,"$17,142.37 ","$13,713.90 "
66170,SG,,"13,153","$5,847,588.13 ","$4,648,534.17 "
,80'S,,"1,519","$279,779.17 ","$221,930.09 "
,OTHER,,"26,136","$27,092,490.15 ","$21,519,788.20 "
,TOTAL,,"40,808","$33,219,857.45 ","$26,390,252.46 "
66172,SG,,"3,611","$2,019,056.79 ","$1,600,868.31 "
,80'S,,592,"$112,667.31 ","$88,912.07 "
,OTHER,,"11,138","$12,387,604.85 ","$9,825,940.16 "
,TOTAL,,"15,341","$14,519,328.95 ","$11,515,720.54 "
66180,SG,,"3,223","$2,128,072.96 ","$1,691,020.95 "
,80'S,,552,"$88,577.87 ","$70,624.71 "
,OTHER,,"7,842","$7,361,205.83 ","$5,836,331.96 "
,TOTAL,,"11,617","$9,577,856.66 ","$7,597,977.62 "
66185,SG,,408,"$153,930.57 ","$122,077.45 "
,80'S,,60,"$4,832.49 ","$3,866.05 "
,OTHER,,"1,094","$518,846.37 ","$410,377.14 "
,TOTAL,,"1,562","$677,609.43 ","$536,320.64 "
66220,SG,,10,"$4,122.59 ","$3,298.07 "
,80'S,,3,$313.49 ,$222.47 
,OTHER,,25,"$13,043.25 ","$10,354.57 "
,TOTAL,,38,"$17,479.33 ","$13,875.11 "
66225,SG,,80,"$30,704.81 ","$24,563.78 "
,80'S,,56,"$4,033.65 ","$3,226.91 "
,OTHER,,502,"$233,307.29 ","$184,482.87 "
,TOTAL,,638,"$268,045.75 ","$212,273.56 "
66250,SG,,"2,833","$1,184,226.31 ","$939,445.33 "
,80'S,,1,$42.76 ,$34.21 
,OTHER,,"10,416","$4,144,248.10 ","$3,273,605.78 "
,TOTAL,,"13,250","$5,328,517.17 ","$4,213,085.32 "
66500,SG,,44,"$8,955.90 ","$7,164.67 "
,OTHER,,140,"$27,713.46 ","$22,170.56 "
,TOTAL,,184,"$36,669.36 ","$29,335.23 "
66505,SG,,4,$933.19 ,$746.56 
,OTHER,,12,"$2,736.55 ","$2,109.24 "
,TOTAL,,16,"$3,669.74 ","$2,855.80 "
66600,SG,,24,"$8,535.73 ","$6,748.60 "
,OTHER,,104,"$48,999.28 ","$38,871.73 "
,TOTAL,,128,"$57,535.01 ","$45,620.33 "
66605,SG,,6,"$2,836.45 ","$2,269.16 "
,OTHER,,27,"$20,279.93 ","$16,202.21 "
,TOTAL,,33,"$23,116.38 ","$18,471.37 "
66625,SG,,515,"$222,265.76 ","$176,780.25 "
,OTHER,,"1,743","$664,442.13 ","$523,765.50 "
,TOTAL,,"2,258","$886,707.89 ","$700,545.75 "
66630,SG,,12,"$4,324.89 ","$3,459.91 "
,OTHER,,152,"$54,625.04 ","$43,407.95 "
,TOTAL,,164,"$58,949.93 ","$46,867.86 "
66635,SG,,85,"$27,881.72 ","$22,133.06 "
,OTHER,,294,"$90,083.56 ","$71,624.67 "
,TOTAL,,379,"$117,965.28 ","$93,757.73 "
66680,SG,,278,"$115,435.30 ","$91,646.47 "
,OTHER,,674,"$184,101.22 ","$145,629.07 "
,TOTAL,,952,"$299,536.52 ","$237,275.54 "
66682,SG,,427,"$125,033.47 ","$99,633.23 "
,OTHER,,"1,152","$346,796.58 ","$275,008.18 "
,TOTAL,,"1,579","$471,830.05 ","$374,641.41 "
66700,SG,,11,"$5,319.72 ","$4,235.92 "
,OTHER,,97,"$30,853.24 ","$24,399.61 "
,TOTAL,,108,"$36,172.96 ","$28,635.53 "
66710,SG,,"5,853","$1,606,884.69 ","$1,277,451.99 "
,OTHER,,"9,919","$2,203,430.43 ","$1,744,884.37 "
,TOTAL,,"15,772","$3,810,315.12 ","$3,022,336.36 "
66720,SG,,145,"$60,557.30 ","$47,646.55 "
,OTHER,,899,"$265,777.35 ","$208,194.26 "
,TOTAL,,"1,044","$326,334.65 ","$255,840.81 "
66740,SG,,322,"$73,267.92 ","$58,374.99 "
,OTHER,,487,"$95,064.01 ","$75,896.18 "
,TOTAL,,809,"$168,331.93 ","$134,271.17 "
66761,OTHER,,"80,000","$27,154,243.95 ","$21,348,786.87 "
,TOTAL,,"80,000","$27,154,243.95 ","$21,348,786.87 "
66762,OTHER,,"3,459","$1,256,288.89 ","$990,400.08 "
,TOTAL,,"3,459","$1,256,288.89 ","$990,400.08 "
66770,OTHER,,264,"$101,926.65 ","$80,129.19 "
,TOTAL,,264,"$101,926.65 ","$80,129.19 "
66820,OTHER,,929,"$315,316.05 ","$249,722.61 "
,TOTAL,,929,"$315,316.05 ","$249,722.61 "
66821,SG,,"288,814","$127,222,061.38 ","$100,642,066.31 "
,OTHER,,"698,283","$142,111,385.68 ","$110,859,316.93 "
,TOTAL,,"987,097","$269,333,447.06 ","$211,501,383.24 "
66825,SG,,869,"$498,685.08 ","$395,226.43 "
,80'S,,27,"$1,735.13 ","$1,388.11 "
,OTHER,,"4,302","$2,285,459.81 ","$1,810,701.92 "
,TOTAL,,"5,198","$2,785,880.02 ","$2,207,316.46 "
66830,SG,,195,"$86,148.76 ","$68,793.74 "
,OTHER,,"1,102","$432,836.81 ","$342,412.77 "
,TOTAL,,"1,297","$518,985.57 ","$411,206.51 "
66840,SG,,797,"$478,330.08 ","$381,016.77 "
,80'S,,1,$98.76 ,$79.01 
,OTHER,,"1,561","$647,898.83 ","$513,477.84 "
,TOTAL,,"2,359","$1,126,327.67 ","$894,573.62 "
66850,SG,,"1,234","$1,199,324.09 ","$956,113.11 "
,OTHER,,"5,105","$2,317,663.51 ","$1,842,389.53 "
,TOTAL,,"6,339","$3,516,987.60 ","$2,798,502.64 "
66852,SG,,390,"$194,029.79 ","$153,565.86 "
,80'S,,5,$494.92 ,$395.93 
,OTHER,,"1,380","$638,267.91 ","$505,922.63 "
,TOTAL,,"1,775","$832,792.62 ","$659,884.42 "
66920,SG,,61,"$33,441.72 ","$26,593.36 "
,OTHER,,100,"$53,612.62 ","$42,804.32 "
,TOTAL,,161,"$87,054.34 ","$69,397.68 "
66930,SG,,67,"$43,007.99 ","$34,042.20 "
,OTHER,,173,"$95,754.89 ","$76,213.37 "
,TOTAL,,240,"$138,762.88 ","$110,255.57 "
66940,SG,,259,"$175,904.38 ","$140,643.58 "
,OTHER,,949,"$536,070.82 ","$424,183.44 "
,TOTAL,,"1,208","$711,975.20 ","$564,827.02 "
66982,SG,,"16,741","$16,417,124.18 ","$13,048,713.66 "
,80'S,,1,$155.01 ,$124.01 
,OTHER,,"46,833","$35,934,904.89 ","$28,547,652.14 "
,TOTAL,,"63,575","$52,352,184.08 ","$41,596,489.81 "
66983,SG,,"1,339","$1,252,214.73 ","$994,595.37 "
,OTHER,,"1,055","$224,297.70 ","$176,551.15 "
,TOTAL,,"2,394","$1,476,512.43 ","$1,171,146.52 "
66984,SG,,"1,001,486","$969,766,322.40 ","$769,373,885.25 "
,80'S,,3,$298.24 ,$238.59 
,OTHER,,"2,125,912","$1,147,551,691.40 ","$909,292,655.82 "
,TOTAL,,"3,127,401","$2,117,318,312.04 ","$1,678,666,779.66 "
66985,SG,,"3,246","$2,596,758.56 ","$2,059,805.86 "
,80'S,,1,$105.17 ,$84.14 
,OTHER,,"7,188","$3,275,771.71 ","$2,592,805.39 "
,TOTAL,,"10,435","$5,872,635.44 ","$4,652,695.39 "
66986,SG,,"3,066","$2,315,998.75 ","$1,839,111.28 "
,80'S,,1,$143.80 ,$115.04 
,OTHER,,"5,963","$3,657,056.15 ","$2,897,151.54 "
,TOTAL,,"9,030","$5,973,198.70 ","$4,736,377.86 "
66990,OTHER,,375,"$30,640.96 ","$24,513.24 "
,TOTAL,,375,"$30,640.96 ","$24,513.24 "
66999,80'S,,6,$657.75 ,$526.20 
,OTHER,,"1,207","$437,450.36 ","$348,024.60 "
,TOTAL,,"1,213","$438,108.11 ","$348,550.80 "
67005,SG,,994,"$386,304.30 ","$308,474.07 "
,80'S,,1,$28.54 ,$22.84 
,OTHER,,"2,139","$388,688.98 ","$309,462.77 "
,TOTAL,,"3,134","$775,021.82 ","$617,959.68 "
67010,SG,,"1,910","$740,007.37 ","$589,164.33 "
,80'S,,160,"$8,671.25 ","$6,909.43 "
,OTHER,,"4,981","$1,058,326.26 ","$843,127.56 "
,TOTAL,,"7,051","$1,807,004.88 ","$1,439,201.32 "
67015,SG,,399,"$103,638.26 ","$82,314.39 "
,OTHER,,"1,811","$867,397.76 ","$687,403.10 "
,TOTAL,,"2,210","$971,036.02 ","$769,717.49 "
67025,SG,,279,"$59,095.15 ","$47,030.40 "
,80'S,,1,$33.71 ,$26.97 
,OTHER,,"2,251","$1,196,278.95 ","$942,319.24 "
,TOTAL,,"2,531","$1,255,407.81 ","$989,376.61 "
67027,80'S,,17,"$1,818.53 ","$1,454.81 "
,OTHER,,127,"$88,535.51 ","$70,525.18 "
,TOTAL,,144,"$90,354.04 ","$71,979.99 "
67028,80'S,,1,$10.84 ,$8.67 
,OTHER,,"43,122","$19,053,567.02 ","$15,059,109.56 "
,TOTAL,,"43,123","$19,053,577.86 ","$15,059,118.23 "
67030,SG,,136,"$33,617.58 ","$26,778.13 "
,80'S,,5,$289.00 ,$231.19 
,OTHER,,206,"$78,453.48 ","$61,974.63 "
,TOTAL,,347,"$112,360.06 ","$88,983.95 "
67031,SG,,726,"$320,654.41 ","$252,959.24 "
,OTHER,,"4,310","$1,170,320.41 ","$915,435.22 "
,TOTAL,,"5,036","$1,490,974.82 ","$1,168,394.46 "
67036,SG,,"2,949","$1,597,523.25 ","$1,269,424.86 "
,80'S,,"1,667","$213,121.44 ","$169,261.80 "
,OTHER,,"13,238","$9,716,950.10 ","$7,706,497.34 "
,TOTAL,,"17,854","$11,527,594.79 ","$9,145,184.00 "
67038,SG,,"10,330","$5,529,354.66 ","$4,383,723.79 "
,80'S,,"7,284","$1,511,560.24 ","$1,199,128.54 "
,OTHER,,"49,659","$60,514,237.76 ","$47,870,691.63 "
,TOTAL,,"67,273","$67,555,152.66 ","$53,453,543.96 "
67039,SG,,"1,384","$1,330,224.06 ","$1,058,974.49 "
,80'S,,265,"$31,267.79 ","$25,000.83 "
,OTHER,,"3,176","$2,121,266.83 ","$1,682,905.94 "
,TOTAL,,"4,825","$3,482,758.68 ","$2,766,881.26 "
67040,SG,,"4,312","$4,148,533.16 ","$3,274,086.21 "
,80'S,,"2,625","$363,048.77 ","$288,875.86 "
,OTHER,,"18,821","$15,055,162.28 ","$11,900,539.56 "
,TOTAL,,"25,758","$19,566,744.21 ","$15,463,501.63 "
67101,OTHER,,"1,627","$784,026.11 ","$618,159.00 "
,TOTAL,,"1,627","$784,026.11 ","$618,159.00 "
67105,OTHER,,"5,658","$3,128,391.25 ","$2,466,253.51 "
,TOTAL,,"5,658","$3,128,391.25 ","$2,466,253.51 "
67107,SG,,726,"$510,310.75 ","$403,156.78 "
,80'S,,501,"$87,159.65 ","$69,330.10 "
,OTHER,,"4,884","$4,918,156.70 ","$3,886,617.27 "
,TOTAL,,"6,111","$5,515,627.10 ","$4,359,104.15 "
67108,SG,,"3,180","$3,102,347.31 ","$2,456,492.65 "
,80'S,,"2,859","$669,717.20 ","$530,764.35 "
,OTHER,,"18,562","$25,398,867.13 ","$20,067,980.16 "
,TOTAL,,"24,601","$29,170,931.64 ","$23,055,237.16 "
67110,OTHER,,"3,681","$3,627,065.34 ","$2,865,891.20 "
,TOTAL,,"3,681","$3,627,065.34 ","$2,865,891.20 "
67112,SG,,341,"$338,640.56 ","$269,983.21 "
,80'S,,36,"$5,945.96 ","$4,550.99 "
,OTHER,,887,"$891,406.44 ","$705,534.44 "
,TOTAL,,"1,264","$1,235,992.96 ","$980,068.64 "
67115,SG,,19,"$6,534.12 ","$5,227.29 "
,OTHER,,110,"$40,214.10 ","$31,101.09 "
,TOTAL,,129,"$46,748.22 ","$36,328.38 "
67120,SG,,199,"$79,720.51 ","$63,497.51 "
,80'S,,1,$45.62 ,$36.49 
,OTHER,,"1,045","$479,656.87 ","$377,345.02 "
,TOTAL,,"1,245","$559,423.00 ","$440,879.02 "
67121,SG,,171,"$61,060.17 ","$48,688.05 "
,80'S,,107,"$14,013.13 ","$11,210.37 "
,OTHER,,983,"$751,085.75 ","$591,964.03 "
,TOTAL,,"1,261","$826,159.05 ","$651,862.45 "
67141,SG,,280,"$121,052.33 ","$94,617.30 "
,OTHER,,"2,686","$1,185,381.15 ","$928,466.51 "
,TOTAL,,"2,966","$1,306,433.48 ","$1,023,083.81 "
67145,OTHER,,"18,791","$7,135,488.43 ","$5,583,674.20 "
,TOTAL,,"18,791","$7,135,488.43 ","$5,583,674.20 "
67208,OTHER,,551,"$290,233.75 ","$228,847.90 "
,TOTAL,,551,"$290,233.75 ","$228,847.90 "
67210,OTHER,,"181,608","$107,533,301.32 ","$84,645,108.55 "
,TOTAL,,"181,608","$107,533,301.32 ","$84,645,108.55 "
67218,SG,,5,"$3,530.83 ","$2,824.67 "
,OTHER,,721,"$937,311.33 ","$742,014.97 "
,TOTAL,,726,"$940,842.16 ","$744,839.64 "
67220,OTHER,,"32,582","$28,887,553.78 ","$22,976,467.95 "
,TOTAL,,"32,582","$28,887,553.78 ","$22,976,467.95 "
67221,OTHER,,"106,629","$32,818,396.40 ","$26,027,023.01 "
,TOTAL,,"106,629","$32,818,396.40 ","$26,027,023.01 "
67225,OTHER,,"5,391","$159,805.30 ","$127,511.29 "
,TOTAL,,"5,391","$159,805.30 ","$127,511.29 "
67227,SG,,272,"$84,405.36 ","$66,661.26 "
,OTHER,,995,"$510,660.27 ","$402,524.92 "
,TOTAL,,"1,267","$595,065.63 ","$469,186.18 "
67228,OTHER,,"109,737","$90,932,945.92 ","$71,495,098.89 "
,TOTAL,,"109,737","$90,932,945.92 ","$71,495,098.89 "
67250,SG,,23,"$8,117.75 ","$6,494.21 "
,OTHER,,62,"$33,966.64 ","$27,173.32 "
,TOTAL,,85,"$42,084.39 ","$33,667.53 "
67255,SG,,"1,577","$458,465.60 ","$365,856.24 "
,80'S,,254,"$20,147.20 ","$16,112.19 "
,OTHER,,"4,817","$2,088,591.38 ","$1,660,700.16 "
,TOTAL,,"6,648","$2,567,204.18 ","$2,042,668.59 "
67299,80'S,,9,"$2,155.87 ","$1,724.72 "
,OTHER,,143,"$102,950.55 ","$82,360.36 "
,TOTAL,,152,"$105,106.42 ","$84,085.08 "
67311,SG,,990,"$405,002.19 ","$320,770.56 "
,OTHER,,"2,540","$1,099,282.84 ","$864,215.31 "
,TOTAL,,"3,530","$1,504,285.03 ","$1,184,985.87 "
67312,SG,,592,"$347,036.26 ","$273,984.74 "
,OTHER,,"1,776","$1,023,105.20 ","$805,646.20 "
,TOTAL,,"2,368","$1,370,141.46 ","$1,079,630.94 "
67314,SG,,614,"$339,361.99 ","$268,582.62 "
,OTHER,,"1,910","$911,679.17 ","$718,193.57 "
,TOTAL,,"2,524","$1,251,041.16 ","$986,776.19 "
67316,SG,,63,"$34,916.41 ","$27,486.10 "
,80'S,,3,$313.15 ,$250.52 
,OTHER,,220,"$138,489.63 ","$109,889.74 "
,TOTAL,,286,"$173,719.19 ","$137,626.36 "
67318,SG,,65,"$34,676.79 ","$27,694.99 "
,OTHER,,279,"$128,083.23 ","$102,206.20 "
,TOTAL,,344,"$162,760.02 ","$129,901.19 "
67320,SG,,77,"$37,879.53 ","$29,565.02 "
,OTHER,,391,"$97,350.49 ","$77,622.94 "
,TOTAL,,468,"$135,230.02 ","$107,187.96 "
67331,SG,,101,"$49,447.48 ","$39,557.96 "
,OTHER,,464,"$108,821.11 ","$86,529.91 "
,TOTAL,,565,"$158,268.59 ","$126,087.87 "
67332,SG,,274,"$135,879.62 ","$107,414.27 "
,80'S,,28,"$1,200.53 ",$960.45 
,OTHER,,"1,414","$364,377.69 ","$288,234.52 "
,TOTAL,,"1,716","$501,457.84 ","$396,609.24 "
67334,SG,,5,"$2,814.56 ","$2,251.65 "
,OTHER,,88,"$19,510.88 ","$15,479.18 "
,TOTAL,,93,"$22,325.44 ","$17,730.83 "
67335,SG,,173,"$72,777.10 ","$57,937.66 "
,OTHER,,"1,570","$222,363.78 ","$175,408.42 "
,TOTAL,,"1,743","$295,140.88 ","$233,346.08 "
67340,SG,,15,"$7,429.26 ","$5,943.39 "
,80'S,,2,$98.84 ,$79.07 
,OTHER,,59,"$16,382.73 ","$12,910.49 "
,TOTAL,,76,"$23,910.83 ","$18,932.95 "
67343,80'S,,3,$213.57 ,$170.85 
,OTHER,,159,"$56,688.68 ","$44,791.59 "
,TOTAL,,162,"$56,902.25 ","$44,962.44 "
67345,OTHER,,629,"$159,153.27 ","$124,442.44 "
,TOTAL,,629,"$159,153.27 ","$124,442.44 "
67350,SG,,2,$655.96 ,$524.77 
,80'S,,1,$14.99 ,$11.99 
,OTHER,,24,"$2,748.17 ","$2,118.57 "
,TOTAL,,27,"$3,419.12 ","$2,655.33 "
67399,OTHER,,14,"$4,777.03 ","$3,821.62 "
,TOTAL,,14,"$4,777.03 ","$3,821.62 "
67400,SG,,338,"$140,584.98 ","$111,317.21 "
,80'S,,62,"$8,910.28 ","$7,031.25 "
,OTHER,,"1,441","$1,131,767.28 ","$894,650.73 "
,TOTAL,,"1,841","$1,281,262.54 ","$1,012,999.19 "
67405,SG,,16,"$8,680.68 ","$6,864.54 "
,80'S,,7,$881.58 ,$705.27 
,OTHER,,136,"$92,877.40 ","$73,068.12 "
,TOTAL,,159,"$102,439.66 ","$80,637.93 "
67412,SG,,469,"$333,336.56 ","$264,005.66 "
,80'S,,60,"$9,195.77 ","$7,345.28 "
,OTHER,,"1,394","$1,277,592.04 ","$1,010,713.13 "
,TOTAL,,"1,923","$1,620,124.37 ","$1,282,064.07 "
67413,SG,,28,"$20,082.89 ","$16,040.13 "
,80'S,,4,$568.86 ,$455.09 
,OTHER,,129,"$102,630.37 ","$81,331.66 "
,TOTAL,,161,"$123,282.12 ","$97,826.88 "
67414,80'S,,15,"$2,443.86 ","$1,955.09 "
,OTHER,,252,"$239,860.71 ","$189,034.96 "
,TOTAL,,267,"$242,304.57 ","$190,990.05 "
67415,SG,,6,"$1,893.88 ","$1,435.10 "
,80'S,,4,$36.22 ,$28.98 
,OTHER,,58,"$4,550.17 ","$3,517.57 "
,TOTAL,,68,"$6,480.27 ","$4,981.65 "
67420,SG,,14,"$10,028.03 ","$7,623.50 "
,80'S,,9,"$2,032.78 ","$1,626.22 "
,OTHER,,182,"$244,355.35 ","$193,303.58 "
,TOTAL,,205,"$256,416.16 ","$202,553.30 "
67430,SG,,3,"$1,844.62 ","$1,475.70 "
,80'S,,1,$303.63 ,$242.90 
,OTHER,,20,"$13,514.73 ","$9,867.45 "
,TOTAL,,24,"$15,662.98 ","$11,586.05 "
67440,SG,,2,"$1,794.77 ","$1,435.82 "
,80'S,,2,$306.09 ,$244.87 
,OTHER,,25,"$25,555.89 ","$20,444.69 "
,TOTAL,,29,"$27,656.75 ","$22,125.38 "
67445,80'S,,27,"$5,071.32 ","$4,057.09 "
,OTHER,,185,"$217,026.22 ","$172,816.30 "
,TOTAL,,212,"$222,097.54 ","$176,873.39 "
67450,SG,,6,"$4,210.17 ","$3,368.14 "
,80'S,,1,$183.62 ,$146.90 
,OTHER,,98,"$107,553.98 ","$85,962.18 "
,TOTAL,,105,"$111,947.77 ","$89,477.22 "
67500,OTHER,,"16,999","$878,551.93 ","$688,720.08 "
,TOTAL,,"16,999","$878,551.93 ","$688,720.08 "
67505,OTHER,,"1,133","$72,148.71 ","$56,928.15 "
,TOTAL,,"1,133","$72,148.71 ","$56,928.15 "
67515,OTHER,,"34,429","$1,716,567.86 ","$1,311,405.57 "
,TOTAL,,"34,429","$1,716,567.86 ","$1,311,405.57 "
67550,SG,,67,"$36,815.86 ","$27,793.37 "
,OTHER,,241,"$199,042.15 ","$157,229.68 "
,TOTAL,,308,"$235,858.01 ","$185,023.05 "
67560,SG,,46,"$16,282.02 ","$12,945.60 "
,OTHER,,152,"$121,635.05 ","$96,028.27 "
,TOTAL,,198,"$137,917.07 ","$108,973.87 "
67570,80'S,,31,"$4,523.46 ","$3,618.81 "
,OTHER,,206,"$200,587.40 ","$159,562.58 "
,TOTAL,,237,"$205,110.86 ","$163,181.39 "
67599,80'S,,5,$290.09 ,$232.08 
,OTHER,,42,"$17,956.45 ","$14,365.17 "
,TOTAL,,47,"$18,246.54 ","$14,597.25 "
67700,OTHER,,"4,811","$1,283,091.72 ","$999,489.01 "
,TOTAL,,"4,811","$1,283,091.72 ","$999,489.01 "
67710,OTHER,,997,"$222,195.65 ","$173,797.35 "
,TOTAL,,997,"$222,195.65 ","$173,797.35 "
67715,SG,,177,"$33,812.11 ","$27,036.51 "
,OTHER,,505,"$19,994.35 ","$15,756.92 "
,TOTAL,,682,"$53,806.46 ","$42,793.43 "
67800,OTHER,,"22,297","$3,111,283.98 ","$2,339,963.74 "
,TOTAL,,"22,297","$3,111,283.98 ","$2,339,963.74 "
67801,OTHER,,"4,005","$1,345,489.31 ","$1,055,526.54 "
,TOTAL,,"4,005","$1,345,489.31 ","$1,055,526.54 "
67805,OTHER,,"1,217","$399,057.67 ","$312,296.49 "
,TOTAL,,"1,217","$399,057.67 ","$312,296.49 "
67808,SG,,96,"$36,209.81 ","$28,212.55 "
,OTHER,,237,"$56,210.36 ","$44,524.80 "
,TOTAL,,333,"$92,420.17 ","$72,737.35 "
67810,OTHER,,"33,432","$7,661,579.46 ","$5,972,569.11 "
,TOTAL,,"33,432","$7,661,579.46 ","$5,972,569.11 "
67820,OTHER,,"281,131","$22,513,348.50 ","$17,022,601.39 "
,TOTAL,,"281,131","$22,513,348.50 ","$17,022,601.39 "
67825,OTHER,,"12,392","$1,837,436.76 ","$1,426,258.45 "
,TOTAL,,"12,392","$1,837,436.76 ","$1,426,258.45 "
67830,SG,,213,"$68,852.19 ","$54,868.16 "
,OTHER,,"1,007","$234,447.35 ","$183,582.48 "
,TOTAL,,"1,220","$303,299.54 ","$238,450.64 "
67835,SG,,43,"$13,054.56 ","$10,401.52 "
,80'S,,1,$61.87 ,$49.50 
,OTHER,,133,"$37,291.53 ","$29,639.86 "
,TOTAL,,177,"$50,407.96 ","$40,090.88 "
67840,OTHER,,"48,094","$14,658,389.67 ","$11,478,494.50 "
,TOTAL,,"48,094","$14,658,389.67 ","$11,478,494.50 "
67850,OTHER,,"4,076","$1,376,966.68 ","$1,081,713.75 "
,TOTAL,,"4,076","$1,376,966.68 ","$1,081,713.75 "
67875,OTHER,,"4,801","$1,087,956.64 ","$860,131.55 "
,TOTAL,,"4,801","$1,087,956.64 ","$860,131.55 "
67880,SG,,742,"$298,635.44 ","$235,636.15 "
,OTHER,,"3,211","$1,041,425.22 ","$821,142.26 "
,TOTAL,,"3,953","$1,340,060.66 ","$1,056,778.41 "
67882,SG,,224,"$94,322.31 ","$75,002.58 "
,OTHER,,949,"$357,523.86 ","$282,036.58 "
,TOTAL,,"1,173","$451,846.17 ","$357,039.16 "
67900,SG,,"1,409","$574,079.93 ","$454,127.02 "
,OTHER,,"6,377","$2,037,276.07 ","$1,615,738.01 "
,TOTAL,,"7,786","$2,611,356.00 ","$2,069,865.03 "
67901,SG,,696,"$463,809.16 ","$368,371.54 "
,OTHER,,781,"$400,850.91 ","$318,664.59 "
,TOTAL,,"1,477","$864,660.07 ","$687,036.13 "
67902,SG,,73,"$51,265.45 ","$41,012.36 "
,OTHER,,148,"$73,740.14 ","$58,613.22 "
,TOTAL,,221,"$125,005.59 ","$99,625.58 "
67903,SG,,"1,383","$791,387.29 ","$626,431.14 "
,OTHER,,"2,510","$1,282,081.10 ","$1,018,076.89 "
,TOTAL,,"3,893","$2,073,468.39 ","$1,644,508.03 "
67904,SG,,"24,533","$13,315,260.19 ","$10,569,437.98 "
,OTHER,,"41,307","$22,349,422.35 ","$17,720,765.32 "
,TOTAL,,"65,840","$35,664,682.54 ","$28,290,203.30 "
67906,SG,,24,"$15,719.26 ","$11,787.54 "
,OTHER,,23,"$9,259.55 ","$7,407.64 "
,TOTAL,,47,"$24,978.81 ","$19,195.18 "
67908,SG,,"1,698","$973,920.44 ","$773,250.37 "
,OTHER,,"3,180","$1,318,622.82 ","$1,046,243.11 "
,TOTAL,,"4,878","$2,292,543.26 ","$1,819,493.48 "
67909,SG,,84,"$49,778.72 ","$39,583.28 "
,OTHER,,280,"$123,831.26 ","$97,210.57 "
,TOTAL,,364,"$173,609.98 ","$136,793.85 "
67911,SG,,"1,074","$425,635.67 ","$337,787.30 "
,OTHER,,"2,974","$958,906.25 ","$759,037.30 "
,TOTAL,,"4,048","$1,384,541.92 ","$1,096,824.60 "
67914,SG,,"1,022","$468,867.03 ","$371,917.54 "
,OTHER,,"2,103","$735,010.00 ","$579,942.68 "
,TOTAL,,"3,125","$1,203,877.03 ","$951,860.22 "
67915,OTHER,,563,"$248,399.61 ","$196,439.24 "
,TOTAL,,563,"$248,399.61 ","$196,439.24 "
67916,SG,,"1,871","$1,100,878.50 ","$874,571.99 "
,OTHER,,"5,648","$2,765,956.46 ","$2,191,366.41 "
,TOTAL,,"7,519","$3,866,834.96 ","$3,065,938.40 "
67917,SG,,"9,145","$5,209,767.13 ","$4,142,162.31 "
,80'S,,1,$38.92 ,$31.14 
,OTHER,,"20,163","$8,686,436.31 ","$6,892,896.04 "
,TOTAL,,"29,309","$13,896,242.36 ","$11,035,089.49 "
67921,SG,,"1,550","$721,753.02 ","$572,885.27 "
,OTHER,,"6,273","$2,614,343.24 ","$2,063,080.08 "
,TOTAL,,"7,823","$3,336,096.26 ","$2,635,965.35 "
67922,OTHER,,439,"$195,032.99 ","$153,841.95 "
,TOTAL,,439,"$195,032.99 ","$153,841.95 "
67923,SG,,"1,822","$1,094,477.44 ","$871,044.58 "
,OTHER,,"4,946","$2,520,976.04 ","$1,994,406.64 "
,TOTAL,,"6,768","$3,615,453.48 ","$2,865,451.22 "
67924,SG,,"4,522","$2,656,305.75 ","$2,112,210.81 "
,OTHER,,"9,917","$4,292,879.60 ","$3,403,665.46 "
,TOTAL,,"14,439","$6,949,185.35 ","$5,515,876.27 "
67930,OTHER,,328,"$128,048.44 ","$101,746.96 "
,TOTAL,,328,"$128,048.44 ","$101,746.96 "
67935,SG,,79,"$29,155.83 ","$23,308.16 "
,OTHER,,656,"$274,900.09 ","$216,467.32 "
,TOTAL,,735,"$304,055.92 ","$239,775.48 "
67938,OTHER,,"2,404","$696,719.44 ","$543,535.29 "
,TOTAL,,"2,404","$696,719.44 ","$543,535.29 "
67950,SG,,"3,010","$819,688.86 ","$653,437.40 "
,80'S,,4,$265.50 ,$212.41 
,OTHER,,"7,036","$2,488,090.56 ","$1,978,524.53 "
,TOTAL,,"10,050","$3,308,044.92 ","$2,632,174.34 "
67961,SG,,"3,214","$1,363,890.49 ","$1,084,821.16 "
,80'S,,4,$236.59 ,$189.27 
,OTHER,,"6,747","$2,512,272.67 ","$1,988,100.78 "
,TOTAL,,"9,965","$3,876,399.75 ","$3,073,111.21 "
67966,SG,,"2,431","$1,054,679.13 ","$835,232.61 "
,OTHER,,"6,087","$2,293,073.68 ","$1,816,567.69 "
,TOTAL,,"8,518","$3,347,752.81 ","$2,651,800.30 "
67971,SG,,404,"$180,498.01 ","$143,832.47 "
,80'S,,20,"$1,982.37 ","$1,585.89 "
,OTHER,,"1,038","$504,766.20 ","$401,665.52 "
,TOTAL,,"1,462","$687,246.58 ","$547,083.88 "
67973,SG,,401,"$151,992.92 ","$120,048.13 "
,80'S,,29,"$3,561.93 ","$2,849.54 "
,OTHER,,815,"$605,815.07 ","$480,545.38 "
,TOTAL,,"1,245","$761,369.92 ","$603,443.05 "
67974,SG,,87,"$35,491.68 ","$28,313.33 "
,80'S,,14,"$1,677.21 ","$1,341.76 "
,OTHER,,249,"$186,198.33 ","$147,997.52 "
,TOTAL,,350,"$223,367.22 ","$177,652.61 "
67975,SG,,310,"$152,637.14 ","$121,528.10 "
,OTHER,,986,"$553,683.16 ","$437,686.89 "
,TOTAL,,"1,296","$706,320.30 ","$559,214.99 "
67999,80'S,,7,$572.25 ,$457.79 
,OTHER,,517,"$244,592.81 ","$195,294.88 "
,TOTAL,,524,"$245,165.06 ","$195,752.67 "
68020,OTHER,,"3,185","$882,966.89 ","$686,572.00 "
,TOTAL,,"3,185","$882,966.89 ","$686,572.00 "
68040,OTHER,,"2,040","$516,356.37 ","$409,035.25 "
,TOTAL,,"2,040","$516,356.37 ","$409,035.25 "
68100,OTHER,,"1,447","$295,457.72 ","$232,479.05 "
,TOTAL,,"1,447","$295,457.72 ","$232,479.05 "
68110,OTHER,,"4,009","$1,103,960.50 ","$865,545.18 "
,TOTAL,,"4,009","$1,103,960.50 ","$865,545.18 "
68115,SG,,143,"$59,716.69 ","$47,008.36 "
,OTHER,,"1,114","$257,023.23 ","$201,330.15 "
,TOTAL,,"1,257","$316,739.92 ","$248,338.51 "
68130,SG,,171,"$72,651.72 ","$57,799.77 "
,OTHER,,290,"$61,794.40 ","$48,237.36 "
,TOTAL,,461,"$134,446.12 ","$106,037.13 "
68135,OTHER,,578,"$145,484.92 ","$114,674.96 "
,TOTAL,,578,"$145,484.92 ","$114,674.96 "
68200,OTHER,,"16,202","$624,339.88 ","$477,059.74 "
,TOTAL,,"16,202","$624,339.88 ","$477,059.74 "
68320,SG,,"2,066","$1,078,012.59 ","$858,258.19 "
,OTHER,,"4,152","$1,007,212.35 ","$800,809.73 "
,TOTAL,,"6,218","$2,085,224.94 ","$1,659,067.92 "
68325,SG,,62,"$32,591.70 ","$26,032.91 "
,OTHER,,121,"$45,688.50 ","$35,797.03 "
,TOTAL,,183,"$78,280.20 ","$61,829.94 "
68326,SG,,428,"$228,935.96 ","$180,909.71 "
,OTHER,,"1,739","$564,753.45 ","$447,166.49 "
,TOTAL,,"2,167","$793,689.41 ","$628,076.20 "
68328,SG,,96,"$50,038.89 ","$39,531.32 "
,80'S,,4,$264.66 ,$211.73 
,OTHER,,263,"$111,343.25 ","$88,911.26 "
,TOTAL,,363,"$161,646.80 ","$128,654.31 "
68330,SG,,64,"$35,174.33 ","$27,604.31 "
,OTHER,,173,"$49,332.84 ","$38,730.34 "
,TOTAL,,237,"$84,507.17 ","$66,334.65 "
68335,SG,,42,"$20,767.67 ","$16,614.15 "
,OTHER,,198,"$63,359.33 ","$50,393.76 "
,TOTAL,,240,"$84,127.00 ","$67,007.91 "
68340,SG,,29,"$15,638.40 ","$12,510.71 "
,OTHER,,277,"$136,394.07 ","$108,216.48 "
,TOTAL,,306,"$152,032.47 ","$120,727.19 "
68360,SG,,123,"$40,032.23 ","$31,811.46 "
,OTHER,,345,"$86,277.94 ","$68,479.57 "
,TOTAL,,468,"$126,310.17 ","$100,291.03 "
68362,SG,,225,"$88,539.60 ","$70,415.38 "
,OTHER,,529,"$258,882.19 ","$205,684.91 "
,TOTAL,,754,"$347,421.79 ","$276,100.29 "
68399,OTHER,,96,"$19,933.99 ","$15,947.22 "
,TOTAL,,96,"$19,933.99 ","$15,947.22 "
68400,OTHER,,163,"$49,529.05 ","$38,971.18 "
,TOTAL,,163,"$49,529.05 ","$38,971.18 "
68420,OTHER,,651,"$257,139.46 ","$202,701.34 "
,TOTAL,,651,"$257,139.46 ","$202,701.34 "
68440,OTHER,,"8,918","$1,939,803.29 ","$1,527,246.01 "
,TOTAL,,"8,918","$1,939,803.29 ","$1,527,246.01 "
68500,SG,,3,"$1,571.09 ","$1,256.87 "
,OTHER,,13,"$8,010.15 ","$6,408.12 "
,TOTAL,,16,"$9,581.24 ","$7,664.99 "
68505,SG,,8,"$2,958.98 ","$2,367.19 "
,OTHER,,53,"$34,502.69 ","$27,522.18 "
,TOTAL,,61,"$37,461.67 ","$29,889.37 "
68510,SG,,19,"$4,443.83 ","$3,555.06 "
,OTHER,,96,"$25,221.03 ","$20,109.45 "
,TOTAL,,115,"$29,664.86 ","$23,664.51 "
68520,SG,,46,"$20,877.00 ","$16,701.65 "
,OTHER,,170,"$81,709.73 ","$65,093.75 "
,TOTAL,,216,"$102,586.73 ","$81,795.40 "
68525,SG,,24,"$4,607.55 ","$3,686.01 "
,OTHER,,118,"$17,153.71 ","$13,550.77 "
,TOTAL,,142,"$21,761.26 ","$17,236.78 "
68530,OTHER,,"1,299","$692,219.24 ","$546,048.08 "
,TOTAL,,"1,299","$692,219.24 ","$546,048.08 "
68540,SG,,16,"$7,526.92 ","$6,021.52 "
,OTHER,,24,"$16,732.48 ","$13,385.97 "
,TOTAL,,40,"$24,259.40 ","$19,407.49 "
68550,OTHER,,6,"$3,878.19 ","$3,102.55 "
,TOTAL,,6,"$3,878.19 ","$3,102.55 "
68700,SG,,870,"$229,080.80 ","$182,267.04 "
,OTHER,,"2,484","$888,153.64 ","$706,478.26 "
,TOTAL,,"3,354","$1,117,234.44 ","$888,745.30 "
68705,OTHER,,905,"$235,196.65 ","$185,078.45 "
,TOTAL,,905,"$235,196.65 ","$185,078.45 "
68720,SG,,"2,174","$1,305,969.18 ","$1,036,343.60 "
,80'S,,219,"$20,985.65 ","$16,651.84 "
,OTHER,,"6,296","$3,518,931.27 ","$2,787,805.75 "
,TOTAL,,"8,689","$4,845,886.10 ","$3,840,801.19 "
68745,SG,,1,$652.66 ,$522.13 
,OTHER,,11,"$5,747.31 ","$4,597.85 "
,TOTAL,,12,"$6,399.97 ","$5,119.98 "
68750,SG,,305,"$185,027.45 ","$146,565.87 "
,80'S,,25,"$2,364.88 ","$1,891.91 "
,OTHER,,926,"$509,564.69 ","$402,239.41 "
,TOTAL,,"1,256","$696,957.02 ","$550,697.19 "
68760,OTHER,,"16,741","$4,314,125.96 ","$3,390,296.54 "
,TOTAL,,"16,741","$4,314,125.96 ","$3,390,296.54 "
68761,OTHER,,"294,801","$42,052,646.43 ","$32,925,529.83 "
,TOTAL,,"294,801","$42,052,646.43 ","$32,925,529.83 "
68770,SG,,1,$657.95 ,$526.36 
,OTHER,,45,"$31,070.41 ","$24,718.07 "
,TOTAL,,46,"$31,728.36 ","$25,244.43 "
68801,OTHER,,"36,259","$2,229,381.48 ","$1,682,344.85 "
,TOTAL,,"36,259","$2,229,381.48 ","$1,682,344.85 "
68810,SG,,197,"$49,877.22 ","$39,443.33 "
,OTHER,,"26,078","$4,119,155.18 ","$3,207,042.99 "
,TOTAL,,"26,275","$4,169,032.40 ","$3,246,486.32 "
68811,SG,,212,"$69,209.91 ","$54,850.36 "
,OTHER,,621,"$89,946.05 ","$70,798.34 "
,TOTAL,,833,"$159,155.96 ","$125,648.70 "
68815,SG,,"1,573","$437,376.93 ","$348,024.75 "
,OTHER,,"5,785","$1,148,400.27 ","$909,283.61 "
,TOTAL,,"7,358","$1,585,777.20 ","$1,257,308.36 "
68840,OTHER,,"36,856","$3,275,932.76 ","$2,526,976.85 "
,TOTAL,,"36,856","$3,275,932.76 ","$2,526,976.85 "
68850,OTHER,,341,"$43,441.67 ","$34,101.33 "
,TOTAL,,341,"$43,441.67 ","$34,101.33 "
68899,OTHER,,136,"$22,396.39 ","$17,649.22 "
,TOTAL,,136,"$22,396.39 ","$17,649.22 "
69000,OTHER,EAR,"1,573","$182,684.53 ","$139,491.22 "
,TOTAL,,"1,573","$182,684.53 ","$139,491.22 "
69005,OTHER,,882,"$136,249.79 ","$105,710.35 "
,TOTAL,,882,"$136,249.79 ","$105,710.35 "
69020,OTHER,,"1,815","$235,616.17 ","$181,913.97 "
,TOTAL,,"1,815","$235,616.17 ","$181,913.97 "
69100,OTHER,,"46,072","$3,557,053.72 ","$2,713,632.44 "
,TOTAL,,"46,072","$3,557,053.72 ","$2,713,632.44 "
69105,OTHER,,"1,190","$95,923.09 ","$73,452.83 "
,TOTAL,,"1,190","$95,923.09 ","$73,452.83 "
69110,SG,,259,"$67,062.02 ","$53,024.66 "
,OTHER,,"2,613","$557,728.82 ","$437,620.25 "
,TOTAL,,"2,872","$624,790.84 ","$490,644.91 "
69120,SG,,5,"$1,524.07 ","$1,219.26 "
,OTHER,,230,"$40,746.27 ","$32,432.61 "
,TOTAL,,235,"$42,270.34 ","$33,651.87 "
69140,SG,,22,"$9,163.89 ","$7,112.28 "
,OTHER,,178,"$88,360.98 ","$70,199.62 "
,TOTAL,,200,"$97,524.87 ","$77,311.90 "
69145,SG,,233,"$94,856.02 ","$75,465.55 "
,OTHER,,"2,199","$444,461.44 ","$349,683.00 "
,TOTAL,,"2,432","$539,317.46 ","$425,148.55 "
69150,SG,,26,"$12,217.83 ","$9,774.24 "
,80'S,,1,$83.90 ,$67.12 
,OTHER,,327,"$274,803.54 ","$219,580.64 "
,TOTAL,,354,"$287,105.27 ","$229,422.00 "
69155,80'S,,2,$425.34 ,$340.27 
,OTHER,,28,"$32,946.39 ","$26,357.10 "
,TOTAL,,30,"$33,371.73 ","$26,697.37 "
69200,OTHER,,"23,370","$1,729,680.52 ","$1,283,256.55 "
,TOTAL,,"23,370","$1,729,680.52 ","$1,283,256.55 "
69205,SG,,65,"$18,412.73 ","$14,556.52 "
,OTHER,,464,"$40,839.22 ","$30,847.19 "
,TOTAL,,529,"$59,251.95 ","$45,403.71 "
69210,OTHER,,"1,261,028","$53,745,745.16 ","$37,746,783.61 "
,TOTAL,,"1,261,028","$53,745,745.16 ","$37,746,783.61 "
69220,OTHER,,"49,872","$4,303,617.24 ","$3,138,728.40 "
,TOTAL,,"49,872","$4,303,617.24 ","$3,138,728.40 "
69222,OTHER,,"7,712","$1,051,029.03 ","$794,158.95 "
,TOTAL,,"7,712","$1,051,029.03 ","$794,158.95 "
69300,SG,,1,$493.92 ,$395.14 
,OTHER,,26,"$10,968.67 ","$8,739.23 "
,TOTAL,,27,"$11,462.59 ","$9,134.37 "
69310,SG,,126,"$56,258.07 ","$44,078.35 "
,OTHER,,949,"$524,933.72 ","$416,547.72 "
,TOTAL,,"1,075","$581,191.79 ","$460,626.07 "
69320,SG,,5,"$5,046.66 ","$4,037.33 "
,OTHER,,38,"$43,091.92 ","$34,363.99 "
,TOTAL,,43,"$48,138.58 ","$38,401.32 "
69399,80'S,,1,$9.44 ,$7.55 
,OTHER,,135,"$16,966.52 ","$13,437.66 "
,TOTAL,,136,"$16,975.96 ","$13,445.21 "
69400,OTHER,,"1,456","$129,018.37 ","$99,656.97 "
,TOTAL,,"1,456","$129,018.37 ","$99,656.97 "
69401,OTHER,,"3,333","$240,551.61 ","$186,435.81 "
,TOTAL,,"3,333","$240,551.61 ","$186,435.81 "
69405,OTHER,,29,"$4,978.67 ","$3,955.41 "
,TOTAL,,29,"$4,978.67 ","$3,955.41 "
69410,OTHER,,145,"$8,414.07 ","$6,296.28 "
,TOTAL,,145,"$8,414.07 ","$6,296.28 "
69420,OTHER,,"12,234","$1,642,526.04 ","$1,267,558.38 "
,TOTAL,,"12,234","$1,642,526.04 ","$1,267,558.38 "
69421,SG,,147,"$64,895.46 ","$51,643.06 "
,OTHER,,489,"$62,273.31 ","$48,908.43 "
,TOTAL,,636,"$127,168.77 ","$100,551.49 "
69424,SG,,36,"$9,817.99 ","$7,573.35 "
,OTHER,,"1,276","$107,360.13 ","$81,208.41 "
,TOTAL,,"1,312","$117,178.12 ","$88,781.76 "
69433,OTHER,,"38,055","$5,370,006.97 ","$4,117,538.10 "
,TOTAL,,"38,055","$5,370,006.97 ","$4,117,538.10 "
69436,SG,,"2,763","$1,354,507.01 ","$1,069,870.08 "
,OTHER,,"10,544","$1,626,708.07 ","$1,279,314.13 "
,TOTAL,,"13,307","$2,981,215.08 ","$2,349,184.21 "
69440,SG,,82,"$34,493.01 ","$26,536.09 "
,OTHER,,"1,027","$500,689.65 ","$394,131.81 "
,TOTAL,,"1,109","$535,182.66 ","$420,667.90 "
69450,SG,,48,"$9,228.02 ","$7,382.44 "
,OTHER,,399,"$146,054.71 ","$114,639.20 "
,TOTAL,,447,"$155,282.73 ","$122,021.64 "
69501,SG,,9,"$8,819.37 ","$7,055.50 "
,OTHER,,74,"$38,962.01 ","$31,009.59 "
,TOTAL,,83,"$47,781.38 ","$38,065.09 "
69502,SG,,27,"$26,596.39 ","$21,277.10 "
,80'S,,2,$130.48 ,$104.39 
,OTHER,,285,"$214,455.95 ","$169,096.81 "
,TOTAL,,314,"$241,182.82 ","$190,478.30 "
69505,SG,,12,"$11,777.30 ","$9,421.86 "
,OTHER,,123,"$101,951.41 ","$80,195.93 "
,TOTAL,,135,"$113,728.71 ","$89,617.79 "
69511,SG,,15,"$14,746.09 ","$11,742.27 "
,OTHER,,91,"$77,470.56 ","$61,217.02 "
,TOTAL,,106,"$92,216.65 ","$72,959.29 "
69530,OTHER,,28,"$27,446.91 ","$21,957.54 "
,TOTAL,,28,"$27,446.91 ","$21,957.54 "
69535,80'S,,1,$372.69 ,$298.15 
,OTHER,,162,"$361,408.23 ","$286,623.99 "
,TOTAL,,163,"$361,780.92 ","$286,922.14 "
69540,OTHER,,603,"$68,684.20 ","$52,617.80 "
,TOTAL,,603,"$68,684.20 ","$52,617.80 "
69550,SG,,6,"$3,859.75 ","$3,087.80 "
,OTHER,,70,"$48,985.16 ","$38,158.60 "
,TOTAL,,76,"$52,844.91 ","$41,246.40 "
69552,SG,,7,"$6,961.60 ","$5,569.27 "
,80'S,,1,$191.80 ,$153.44 
,OTHER,,32,"$40,051.60 ","$31,151.43 "
,TOTAL,,40,"$47,205.00 ","$36,874.14 "
69554,OTHER,,8,"$16,563.16 ","$13,250.53 "
,TOTAL,,8,"$16,563.16 ","$13,250.53 "
69601,SG,,8,"$7,616.20 ","$5,932.97 "
,OTHER,,75,"$68,503.46 ","$54,019.91 "
,TOTAL,,83,"$76,119.66 ","$59,952.88 "
69602,SG,,10,"$9,847.26 ","$7,797.69 "
,80'S,,1,$168.37 ,$134.70 
,OTHER,,96,"$85,980.69 ","$67,410.11 "
,TOTAL,,107,"$95,996.32 ","$75,342.50 "
69603,SG,,4,"$3,995.11 ","$2,689.09 "
,OTHER,,67,"$63,067.04 ","$49,930.53 "
,TOTAL,,71,"$67,062.15 ","$52,619.62 "
69604,SG,,12,"$11,068.80 ","$8,855.06 "
,OTHER,,71,"$64,896.57 ","$50,488.49 "
,TOTAL,,83,"$75,965.37 ","$59,343.55 "
69605,80'S,,1,$188.99 ,$151.19 
,OTHER,,8,"$8,976.92 ","$7,181.53 "
,TOTAL,,9,"$9,165.91 ","$7,332.72 "
69610,OTHER,,"2,591","$783,842.37 ","$613,974.62 "
,TOTAL,,"2,591","$783,842.37 ","$613,974.62 "
69620,SG,,106,"$42,700.29 ","$33,682.53 "
,OTHER,,595,"$215,607.19 ","$169,833.84 "
,TOTAL,,701,"$258,307.48 ","$203,516.37 "
69631,SG,,604,"$419,589.42 ","$331,280.19 "
,OTHER,,"2,823","$1,929,252.89 ","$1,522,986.67 "
,TOTAL,,"3,427","$2,348,842.31 ","$1,854,266.86 "
69632,SG,,77,"$51,732.36 ","$40,928.77 "
,OTHER,,427,"$377,221.89 ","$298,146.70 "
,TOTAL,,504,"$428,954.25 ","$339,075.47 "
69633,SG,,166,"$102,093.35 ","$80,832.14 "
,OTHER,,668,"$550,740.99 ","$432,172.35 "
,TOTAL,,834,"$652,834.34 ","$513,004.49 "
69635,SG,,40,"$39,306.06 ","$30,351.82 "
,OTHER,,241,"$214,119.69 ","$169,376.24 "
,TOTAL,,281,"$253,425.75 ","$199,728.06 "
69636,SG,,16,"$15,300.29 ","$12,160.22 "
,80'S,,1,$159.56 ,$127.65 
,OTHER,,109,"$111,230.19 ","$88,091.44 "
,TOTAL,,126,"$126,690.04 ","$100,379.31 "
69637,SG,,13,"$12,989.36 ","$10,337.18 "
,OTHER,,105,"$107,186.52 ","$83,369.18 "
,TOTAL,,118,"$120,175.88 ","$93,706.36 "
69641,SG,,176,"$170,905.99 ","$135,922.24 "
,OTHER,,786,"$667,956.92 ","$522,870.12 "
,TOTAL,,962,"$838,862.91 ","$658,792.36 "
69642,SG,,78,"$76,790.55 ","$58,257.99 "
,OTHER,,322,"$359,074.72 ","$281,947.67 "
,TOTAL,,400,"$435,865.27 ","$340,205.66 "
69643,SG,,42,"$41,608.82 ","$33,122.77 "
,OTHER,,667,"$691,567.62 ","$548,639.80 "
,TOTAL,,709,"$733,176.44 ","$581,762.57 "
69644,SG,,47,"$45,565.32 ","$35,496.02 "
,OTHER,,383,"$438,724.40 ","$345,565.99 "
,TOTAL,,430,"$484,289.72 ","$381,062.01 "
69645,SG,,44,"$43,013.00 ","$34,082.38 "
,OTHER,,382,"$421,031.80 ","$332,275.32 "
,TOTAL,,426,"$464,044.80 ","$366,357.70 "
69646,SG,,28,"$27,325.50 ","$21,860.41 "
,OTHER,,272,"$327,237.69 ","$256,012.48 "
,TOTAL,,300,"$354,563.19 ","$277,872.89 "
69650,SG,,29,"$27,680.24 ","$22,144.16 "
,OTHER,,80,"$39,492.03 ","$31,014.67 "
,TOTAL,,109,"$67,172.27 ","$53,158.83 "
69660,SG,,138,"$97,195.66 ","$76,653.92 "
,OTHER,,902,"$706,093.21 ","$554,322.32 "
,TOTAL,,"1,040","$803,288.87 ","$630,976.24 "
69661,SG,,48,"$33,409.42 ","$26,647.50 "
,OTHER,,197,"$205,297.57 ","$161,862.16 "
,TOTAL,,245,"$238,706.99 ","$188,509.66 "
69662,SG,,48,"$33,582.25 ","$26,354.57 "
,OTHER,,209,"$215,839.95 ","$170,973.49 "
,TOTAL,,257,"$249,422.20 ","$197,328.06 "
69666,SG,,25,"$10,689.53 ","$8,471.67 "
,OTHER,,114,"$52,504.68 ","$41,653.29 "
,TOTAL,,139,"$63,194.21 ","$50,124.96 "
69667,SG,,15,"$7,380.40 ","$5,904.34 "
,OTHER,,113,"$61,637.18 ","$48,486.71 "
,TOTAL,,128,"$69,017.58 ","$54,391.05 "
69670,SG,,2,$543.52 ,$434.82 
,OTHER,,37,"$20,176.54 ","$16,022.80 "
,TOTAL,,39,"$20,720.06 ","$16,457.62 "
69676,SG,,4,"$1,511.65 ",$995.72 
,OTHER,,11,"$6,447.40 ","$5,157.95 "
,TOTAL,,15,"$7,959.05 ","$6,153.67 "
69700,SG,,4,"$1,844.66 ","$1,475.73 "
,OTHER,,15,"$6,140.99 ","$4,901.50 "
,TOTAL,,19,"$7,985.65 ","$6,377.23 "
69711,SG,,2,$494.55 ,$395.64 
,OTHER,,14,"$4,631.64 ","$3,705.31 "
,TOTAL,,16,"$5,126.19 ","$4,100.95 "
69714,SG,,4,"$5,403.79 ","$4,323.03 "
,OTHER,,125,"$119,609.38 ","$95,611.98 "
,TOTAL,,129,"$125,013.17 ","$99,935.01 "
69715,OTHER,,106,"$9,579.73 ","$7,663.79 "
,TOTAL,,106,"$9,579.73 ","$7,663.79 "
69717,OTHER,,3,"$2,170.51 ","$1,736.41 "
,TOTAL,,3,"$2,170.51 ","$1,736.41 "
69718,OTHER,,1,"$1,208.38 ",$306.36 
,TOTAL,,1,"$1,208.38 ",$306.36 
69720,SG,,3,"$1,367.15 ","$1,093.73 "
,OTHER,,111,"$80,452.08 ","$64,319.72 "
,TOTAL,,114,"$81,819.23 ","$65,413.45 "
69725,SG,,2,$947.68 ,$758.14 
,OTHER,,12,"$12,221.84 ","$9,777.45 "
,TOTAL,,14,"$13,169.52 ","$10,535.59 "
69740,80'S,,1,$84.08 ,$67.26 
,OTHER,,13,"$8,041.35 ","$6,433.07 "
,TOTAL,,14,"$8,125.43 ","$6,500.33 "
69745,SG,,1,$670.31 ,$536.25 
,OTHER,,5,"$4,406.62 ","$3,445.30 "
,TOTAL,,6,"$5,076.93 ","$3,981.55 "
69799,80'S,,1,$90.00 ,$72.00 
,OTHER,,90,"$26,024.26 ","$20,819.44 "
,TOTAL,,91,"$26,114.26 ","$20,891.44 "
69801,SG,,479,"$331,603.89 ","$263,993.85 "
,OTHER,,"2,075","$1,218,190.64 ","$957,399.07 "
,TOTAL,,"2,554","$1,549,794.53 ","$1,221,392.92 "
69802,OTHER,,13,"$10,565.50 ","$8,452.38 "
,TOTAL,,13,"$10,565.50 ","$8,452.38 "
69805,SG,,5,"$5,004.73 ","$4,003.78 "
,OTHER,,49,"$41,976.61 ","$32,813.87 "
,TOTAL,,54,"$46,981.34 ","$36,817.65 "
69806,SG,,19,"$18,520.36 ","$14,816.25 "
,OTHER,,200,"$163,667.25 ","$127,046.88 "
,TOTAL,,219,"$182,187.61 ","$141,863.13 "
69820,80'S,,1,$64.06 ,$51.25 
,OTHER,,12,"$4,582.28 ","$3,662.19 "
,TOTAL,,13,"$4,646.34 ","$3,713.44 "
69840,SG,,1,$706.58 ,$565.27 
,OTHER,,9,"$5,369.22 ","$4,270.67 "
,TOTAL,,10,"$6,075.80 ","$4,835.94 "
69905,SG,,2,"$1,804.59 ","$1,443.67 "
,OTHER,,24,"$15,820.38 ","$12,656.30 "
,TOTAL,,26,"$17,624.97 ","$14,099.97 "
69910,SG,,6,"$5,861.20 ","$4,688.95 "
,OTHER,,119,"$92,902.46 ","$72,298.03 "
,TOTAL,,125,"$98,763.66 ","$76,986.98 "
69915,SG,,1,"$1,005.56 ",$804.45 
,OTHER,,16,"$18,999.16 ","$14,242.76 "
,TOTAL,,17,"$20,004.72 ","$15,047.21 "
69930,SG,,21,"$20,295.64 ","$15,510.05 "
,80'S,,2,"$1,217.16 ",$973.72 
,OTHER,,"1,108","$1,223,171.97 ","$966,934.95 "
,TOTAL,,"1,131","$1,244,684.77 ","$983,418.72 "
69949,OTHER,,107,"$9,923.57 ","$7,866.47 "
,TOTAL,,107,"$9,923.57 ","$7,866.47 "
69950,OTHER,,9,"$9,482.10 ","$7,585.69 "
,TOTAL,,9,"$9,482.10 ","$7,585.69 "
69955,OTHER,,10,"$12,643.28 ","$10,114.61 "
,TOTAL,,10,"$12,643.28 ","$10,114.61 "
69960,OTHER,,20,"$27,279.88 ","$21,764.58 "
,TOTAL,,20,"$27,279.88 ","$21,764.58 "
69970,OTHER,,41,"$61,496.46 ","$49,197.18 "
,TOTAL,,41,"$61,496.46 ","$49,197.18 "
69979,OTHER,,11,"$4,216.46 ","$3,373.18 "
,TOTAL,,11,"$4,216.46 ","$3,373.18 "
69990,80'S,,979,"$32,906.26 ","$26,256.27 "
,OTHER,,"10,612","$2,140,985.46 ","$1,694,962.69 "
,TOTAL,,"11,591","$2,173,891.72 ","$1,721,218.96 "
