HCPCS,MODIFIER,DESCRIPTION,ALLOWED SERVICES,ALLOWED CHARGES,PAYMENT
10040,OTHER,INTEGUMENTARY,"26,775","$2,090,603.42 ","$1,570,004.94 "
,TOTAL,,"26,775","$2,090,603.42 ","$1,570,004.94 "
10060,OTHER,,"603,685","$53,251,142.85 ","$39,782,303.88 "
,TOTAL,,"603,685","$53,251,142.85 ","$39,782,303.88 "
10061,OTHER,,"152,850","$24,010,869.99 ","$18,539,592.07 "
,TOTAL,,"152,850","$24,010,869.99 ","$18,539,592.07 "
10080,OTHER,,"2,116","$268,809.69 ","$200,238.60 "
,TOTAL,,"2,116","$268,809.69 ","$200,238.60 "
10081,OTHER,,772,"$145,845.41 ","$111,563.96 "
,TOTAL,,772,"$145,845.41 ","$111,563.96 "
10120,OTHER,,"39,791","$3,629,930.04 ","$2,674,053.29 "
,TOTAL,,"39,791","$3,629,930.04 ","$2,674,053.29 "
10121,SG,,284,"$116,292.83 ","$91,707.85 "
,80'S,,1,$28.05 ,$22.44 
,OTHER,,"8,121","$1,560,832.58 ","$1,217,548.78 "
,TOTAL,,"8,406","$1,677,153.46 ","$1,309,279.07 "
10140,OTHER,,"73,946","$7,916,491.06 ","$6,126,858.32 "
,TOTAL,,"73,946","$7,916,491.06 ","$6,126,858.32 "
10160,OTHER,,"63,475","$4,564,433.65 ","$3,485,861.44 "
,TOTAL,,"63,475","$4,564,433.65 ","$3,485,861.44 "
10180,SG,,321,"$132,183.27 ","$103,232.93 "
,OTHER,,"17,071","$2,670,786.52 ","$2,107,661.40 "
,TOTAL,,"17,392","$2,802,969.79 ","$2,210,894.33 "
11000,OTHER,,"176,727","$7,560,759.06 ","$5,716,171.12 "
,TOTAL,,"176,727","$7,560,759.06 ","$5,716,171.12 "
11001,OTHER,,"3,239","$64,235.21 ","$49,716.71 "
,TOTAL,,"3,239","$64,235.21 ","$49,716.71 "
11010,SG,,56,"$18,843.65 ","$15,037.18 "
,80'S,,5,$173.63 ,$138.90 
,OTHER,,"3,411","$713,115.53 ","$564,098.54 "
,TOTAL,,"3,472","$732,132.81 ","$579,274.62 "
11011,SG,,37,"$13,272.30 ","$10,617.85 "
,80'S,,2,$64.98 ,$51.98 
,OTHER,,"3,497","$930,068.17 ","$736,153.05 "
,TOTAL,,"3,536","$943,405.45 ","$746,822.88 "
11012,SG,,138,"$40,435.12 ","$31,720.96 "
,80'S,,22,"$1,221.89 ",$977.55 
,OTHER,,"7,237","$2,223,618.15 ","$1,761,268.47 "
,TOTAL,,"7,397","$2,265,275.16 ","$1,793,966.98 "
11040,OTHER,,"1,287,384","$44,237,597.61 ","$33,427,733.36 "
,TOTAL,,"1,287,384","$44,237,597.61 ","$33,427,733.36 "
11041,OTHER,,"738,344","$36,645,479.73 ","$28,130,419.72 "
,TOTAL,,"738,344","$36,645,479.73 ","$28,130,419.72 "
11042,SG,,"4,223","$1,549,446.45 ","$1,227,245.89 "
,80'S,,1,$11.56 ,$9.25 
,OTHER,,"944,683","$59,725,837.29 ","$46,709,407.04 "
,TOTAL,,"948,907","$61,275,295.30 ","$47,936,662.18 "
11043,SG,,"1,266","$468,324.01 ","$372,263.81 "
,OTHER,,"193,327","$34,321,676.20 ","$27,221,002.29 "
,TOTAL,,"194,593","$34,790,000.21 ","$27,593,266.10 "
11044,SG,,870,"$318,442.76 ","$252,999.34 "
,OTHER,,"53,074","$12,558,598.83 ","$9,958,418.74 "
,TOTAL,,"53,944","$12,877,041.59 ","$10,211,418.08 "
11055,OTHER,,"619,015","$22,326,091.07 ","$16,590,700.26 "
,TOTAL,,"619,015","$22,326,091.07 ","$16,590,700.26 "
11056,OTHER,,"1,233,732","$57,936,275.07 ","$43,187,649.74 "
,TOTAL,,"1,233,732","$57,936,275.07 ","$43,187,649.74 "
11057,OTHER,,"250,239","$14,353,857.94 ","$10,692,483.23 "
,TOTAL,,"250,239","$14,353,857.94 ","$10,692,483.23 "
11100,OTHER,,"1,981,351","$146,802,641.75 ","$110,417,304.78 "
,TOTAL,,"1,981,351","$146,802,641.75 ","$110,417,304.78 "
11101,OTHER,,"816,464","$23,250,045.38 ","$18,272,581.46 "
,TOTAL,,"816,464","$23,250,045.38 ","$18,272,581.46 "
11200,OTHER,,"114,591","$7,003,700.47 ","$5,064,976.47 "
,TOTAL,,"114,591","$7,003,700.47 ","$5,064,976.47 "
11201,OTHER,,"14,494","$239,955.43 ","$184,116.19 "
,TOTAL,,"14,494","$239,955.43 ","$184,116.19 "
11300,OTHER,,"89,645","$3,320,988.46 ","$2,478,548.11 "
,TOTAL,,"89,645","$3,320,988.46 ","$2,478,548.11 "
11301,OTHER,,"162,706","$9,147,018.88 ","$6,923,377.50 "
,TOTAL,,"162,706","$9,147,018.88 ","$6,923,377.50 "
11302,OTHER,,"99,975","$7,387,688.42 ","$5,623,873.78 "
,TOTAL,,"99,975","$7,387,688.42 ","$5,623,873.78 "
11303,OTHER,,"17,104","$1,641,282.86 ","$1,256,027.93 "
,TOTAL,,"17,104","$1,641,282.86 ","$1,256,027.93 "
11305,OTHER,,"111,263","$5,172,033.21 ","$3,858,099.17 "
,TOTAL,,"111,263","$5,172,033.21 ","$3,858,099.17 "
11306,OTHER,,"95,940","$6,140,190.66 ","$4,648,265.65 "
,TOTAL,,"95,940","$6,140,190.66 ","$4,648,265.65 "
11307,OTHER,,"41,300","$3,214,552.63 ","$2,451,413.60 "
,TOTAL,,"41,300","$3,214,552.63 ","$2,451,413.60 "
11308,OTHER,,"8,340","$789,207.13 ","$606,716.28 "
,TOTAL,,"8,340","$789,207.13 ","$606,716.28 "
11310,OTHER,,"101,063","$5,187,634.86 ","$3,882,947.97 "
,TOTAL,,"101,063","$5,187,634.86 ","$3,882,947.97 "
11311,OTHER,,"127,426","$8,842,523.52 ","$6,697,367.71 "
,TOTAL,,"127,426","$8,842,523.52 ","$6,697,367.71 "
11312,OTHER,,"54,320","$4,645,316.82 ","$3,537,896.26 "
,TOTAL,,"54,320","$4,645,316.82 ","$3,537,896.26 "
11313,OTHER,,"7,913","$943,207.98 ","$724,892.63 "
,TOTAL,,"7,913","$943,207.98 ","$724,892.63 "
11400,OTHER,,"58,680","$4,969,693.54 ","$3,753,545.65 "
,TOTAL,,"58,680","$4,969,693.54 ","$3,753,545.65 "
11401,OTHER,,"103,568","$10,044,129.54 ","$7,668,791.44 "
,TOTAL,,"103,568","$10,044,129.54 ","$7,668,791.44 "
11402,OTHER,,"123,104","$13,356,095.81 ","$10,255,084.17 "
,TOTAL,,"123,104","$13,356,095.81 ","$10,255,084.17 "
11403,OTHER,,"58,320","$7,161,722.84 ","$5,520,297.35 "
,TOTAL,,"58,320","$7,161,722.84 ","$5,520,297.35 "
11404,SG,,"1,381","$378,649.88 ","$297,819.91 "
,OTHER,,"23,420","$3,191,190.09 ","$2,462,116.80 "
,TOTAL,,"24,801","$3,569,839.97 ","$2,759,936.71 "
11406,SG,,"1,751","$690,884.63 ","$544,241.85 "
,80'S,,1,$32.91 ,$26.33 
,OTHER,,"23,266","$3,826,905.42 ","$2,982,321.58 "
,TOTAL,,"25,018","$4,517,822.96 ","$3,526,589.76 "
11420,OTHER,,"37,485","$3,154,146.14 ","$2,399,126.23 "
,TOTAL,,"37,485","$3,154,146.14 ","$2,399,126.23 "
11421,OTHER,,"49,753","$5,275,263.74 ","$4,032,541.18 "
,TOTAL,,"49,753","$5,275,263.74 ","$4,032,541.18 "
11422,OTHER,,"51,773","$6,118,859.61 ","$4,702,195.83 "
,TOTAL,,"51,773","$6,118,859.61 ","$4,702,195.83 "
11423,OTHER,,"22,019","$3,080,713.73 ","$2,372,793.06 "
,TOTAL,,"22,019","$3,080,713.73 ","$2,372,793.06 "
11424,SG,,764,"$299,776.29 ","$237,781.77 "
,OTHER,,"7,722","$1,173,126.30 ","$907,201.74 "
,TOTAL,,"8,486","$1,472,902.59 ","$1,144,983.51 "
11426,SG,,539,"$210,774.77 ","$167,308.45 "
,OTHER,,"5,435","$1,235,491.78 ","$965,603.68 "
,TOTAL,,"5,974","$1,446,266.55 ","$1,132,912.13 "
11440,OTHER,,"71,575","$7,214,674.86 ","$5,496,792.84 "
,TOTAL,,"71,575","$7,214,674.86 ","$5,496,792.84 "
11441,OTHER,,"79,703","$9,325,982.48 ","$7,163,290.05 "
,TOTAL,,"79,703","$9,325,982.48 ","$7,163,290.05 "
11442,OTHER,,"61,461","$7,796,116.50 ","$6,017,136.27 "
,TOTAL,,"61,461","$7,796,116.50 ","$6,017,136.27 "
11443,OTHER,,"18,275","$2,838,955.74 ","$2,212,106.99 "
,TOTAL,,"18,275","$2,838,955.74 ","$2,212,106.99 "
11444,SG,,627,"$162,242.88 ","$128,805.27 "
,OTHER,,"5,202","$1,082,162.77 ","$845,475.18 "
,TOTAL,,"5,829","$1,244,405.65 ","$974,280.45 "
11446,SG,,246,"$87,472.43 ","$68,784.13 "
,OTHER,,"2,742","$727,954.20 ","$574,295.57 "
,TOTAL,,"2,988","$815,426.63 ","$643,079.70 "
11450,SG,,60,"$24,122.26 ","$18,608.11 "
,OTHER,,703,"$137,139.30 ","$106,321.58 "
,TOTAL,,763,"$161,261.56 ","$124,929.69 "
11451,SG,,16,"$6,141.93 ","$4,913.55 "
,OTHER,,245,"$58,466.53 ","$46,025.82 "
,TOTAL,,261,"$64,608.46 ","$50,939.37 "
11462,SG,,20,"$8,100.81 ","$6,228.75 "
,OTHER,,399,"$67,125.74 ","$52,281.23 "
,TOTAL,,419,"$75,226.55 ","$58,509.98 "
11463,SG,,10,"$3,980.69 ","$3,182.33 "
,80'S,,1,$42.28 ,$33.82 
,OTHER,,130,"$29,666.30 ","$23,441.56 "
,TOTAL,,141,"$33,689.27 ","$26,657.71 "
11470,SG,,30,"$12,791.45 ","$10,197.97 "
,OTHER,,435,"$87,798.50 ","$68,228.61 "
,TOTAL,,465,"$100,589.95 ","$78,426.58 "
11471,SG,,14,"$4,372.27 ","$3,417.83 "
,80'S,,2,$103.19 ,$82.55 
,OTHER,,170,"$42,076.35 ","$33,250.69 "
,TOTAL,,186,"$46,551.81 ","$36,751.07 "
11600,OTHER,,"9,039","$1,083,119.48 ","$835,656.96 "
,TOTAL,,"9,039","$1,083,119.48 ","$835,656.96 "
11601,OTHER,,"39,391","$5,275,281.61 ","$4,095,465.85 "
,TOTAL,,"39,391","$5,275,281.61 ","$4,095,465.85 "
11602,OTHER,,"121,531","$15,287,037.61 ","$11,906,335.29 "
,TOTAL,,"121,531","$15,287,037.61 ","$11,906,335.29 "
11603,OTHER,,"61,641","$8,381,085.39 ","$6,542,631.73 "
,TOTAL,,"61,641","$8,381,085.39 ","$6,542,631.73 "
11604,SG,,994,"$320,402.30 ","$253,491.87 "
,OTHER,,"24,590","$3,509,950.15 ","$2,746,646.67 "
,TOTAL,,"25,584","$3,830,352.45 ","$3,000,138.54 "
11606,SG,,"1,370","$463,600.72 ","$368,570.84 "
,OTHER,,"22,567","$4,550,645.05 ","$3,587,850.46 "
,TOTAL,,"23,937","$5,014,245.77 ","$3,956,421.30 "
11620,OTHER,,"4,815","$527,688.84 ","$408,655.89 "
,TOTAL,,"4,815","$527,688.84 ","$408,655.89 "
11621,OTHER,,"21,534","$2,707,945.41 ","$2,099,560.29 "
,TOTAL,,"21,534","$2,707,945.41 ","$2,099,560.29 "
11622,OTHER,,"53,617","$7,284,461.77 ","$5,682,168.98 "
,TOTAL,,"53,617","$7,284,461.77 ","$5,682,168.98 "
11623,OTHER,,"23,249","$4,004,696.20 ","$3,138,990.90 "
,TOTAL,,"23,249","$4,004,696.20 ","$3,138,990.90 "
11624,SG,,569,"$185,390.13 ","$147,490.55 "
,OTHER,,"8,421","$1,618,543.75 ","$1,273,688.59 "
,TOTAL,,"8,990","$1,803,933.88 ","$1,421,179.14 "
11626,SG,,574,"$185,100.26 ","$146,743.27 "
,80'S,,1,$21.70 ,$17.36 
,OTHER,,"7,089","$1,673,492.06 ","$1,321,397.68 "
,TOTAL,,"7,664","$1,858,614.02 ","$1,468,158.31 "
11640,OTHER,,"26,158","$3,171,926.91 ","$2,446,322.66 "
,TOTAL,,"26,158","$3,171,926.91 ","$2,446,322.66 "
11641,OTHER,,"93,207","$13,572,769.49 ","$10,549,521.14 "
,TOTAL,,"93,207","$13,572,769.49 ","$10,549,521.14 "
11642,OTHER,,"152,849","$27,375,919.94 ","$21,428,513.74 "
,TOTAL,,"152,849","$27,375,919.94 ","$21,428,513.74 "
11643,OTHER,,"50,786","$10,229,258.26 ","$8,038,371.11 "
,TOTAL,,"50,786","$10,229,258.26 ","$8,038,371.11 "
11644,SG,,"1,541","$490,078.36 ","$389,590.93 "
,OTHER,,"16,523","$4,029,161.07 ","$3,180,912.50 "
,TOTAL,,"18,064","$4,519,239.43 ","$3,570,503.43 "
11646,SG,,"1,010","$316,860.13 ","$252,353.89 "
,OTHER,,"10,285","$3,446,794.81 ","$2,729,434.93 "
,TOTAL,,"11,295","$3,763,654.94 ","$2,981,788.82 "
11719,OTHER,,"1,323,298","$15,523,599.06 ","$11,531,192.78 "
,TOTAL,,"1,323,298","$15,523,599.06 ","$11,531,192.78 "
11720,OTHER,,"1,824,521","$45,964,745.88 ","$33,687,637.24 "
,TOTAL,,"1,824,521","$45,964,745.88 ","$33,687,637.24 "
11721,OTHER,,"6,490,132","$244,837,731.63 ","$179,320,267.61 "
,TOTAL,,"6,490,132","$244,837,731.63 ","$179,320,267.61 "
11730,OTHER,,"674,434","$55,332,648.36 ","$41,762,518.76 "
,TOTAL,,"674,434","$55,332,648.36 ","$41,762,518.76 "
11732,OTHER,,"90,607","$3,630,177.63 ","$2,855,224.53 "
,TOTAL,,"90,607","$3,630,177.63 ","$2,855,224.53 "
11740,OTHER,,"34,037","$1,390,615.31 ","$1,063,769.07 "
,TOTAL,,"34,037","$1,390,615.31 ","$1,063,769.07 "
11750,OTHER,,"254,139","$35,218,693.83 ","$26,965,665.42 "
,TOTAL,,"254,139","$35,218,693.83 ","$26,965,665.42 "
11752,OTHER,,"2,295","$401,529.75 ","$313,110.12 "
,TOTAL,,"2,295","$401,529.75 ","$313,110.12 "
11755,OTHER,,"27,354","$2,345,682.30 ","$1,811,697.75 "
,TOTAL,,"27,354","$2,345,682.30 ","$1,811,697.75 "
11760,OTHER,,"4,820","$453,651.92 ","$350,148.45 "
,TOTAL,,"4,820","$453,651.92 ","$350,148.45 "
11762,OTHER,,752,"$125,673.00 ","$96,937.44 "
,TOTAL,,752,"$125,673.00 ","$96,937.44 "
11765,OTHER,,"89,442","$5,491,117.64 ","$4,161,624.03 "
,TOTAL,,"89,442","$5,491,117.64 ","$4,161,624.03 "
11770,SG,,55,"$27,018.96 ","$21,121.14 "
,OTHER,,512,"$85,288.40 ","$65,638.24 "
,TOTAL,,567,"$112,307.36 ","$86,759.38 "
11771,SG,,43,"$21,697.59 ","$16,862.31 "
,OTHER,,600,"$206,919.52 ","$162,420.21 "
,TOTAL,,643,"$228,617.11 ","$179,282.52 "
11772,SG,,29,"$14,290.71 ","$10,497.79 "
,OTHER,,426,"$176,442.77 ","$136,955.08 "
,TOTAL,,455,"$190,733.48 ","$147,452.87 "
11900,OTHER,,"120,060","$4,600,896.74 ","$3,387,185.53 "
,TOTAL,,"120,060","$4,600,896.74 ","$3,387,185.53 "
11901,OTHER,,"53,842","$2,848,007.45 ","$2,125,750.55 "
,TOTAL,,"53,842","$2,848,007.45 ","$2,125,750.55 "
11920,OTHER,,239,"$28,101.28 ","$20,983.21 "
,TOTAL,,239,"$28,101.28 ","$20,983.21 "
11921,OTHER,,416,"$61,736.58 ","$48,203.38 "
,TOTAL,,416,"$61,736.58 ","$48,203.38 "
11922,OTHER,,40,"$1,321.29 ","$1,057.05 "
,TOTAL,,40,"$1,321.29 ","$1,057.05 "
11950,OTHER,,42,"$2,391.44 ","$1,836.19 "
,TOTAL,,42,"$2,391.44 ","$1,836.19 "
11951,80'S,,1,$11.66 ,$9.33 
,OTHER,,54,"$4,477.07 ","$3,569.92 "
,TOTAL,,55,"$4,488.73 ","$3,579.25 "
11952,OTHER,,11,"$1,188.18 ",$844.17 
,TOTAL,,11,"$1,188.18 ",$844.17 
11954,OTHER,,21,"$2,243.09 ","$1,712.91 "
,TOTAL,,21,"$2,243.09 ","$1,712.91 "
11960,SG,,12,"$4,576.66 ","$3,092.17 "
,OTHER,,283,"$183,215.82 ","$144,730.91 "
,TOTAL,,295,"$187,792.48 ","$147,823.08 "
11970,SG,,205,"$72,682.01 ","$56,768.19 "
,OTHER,,"1,204","$405,693.82 ","$320,140.70 "
,TOTAL,,"1,409","$478,375.83 ","$376,908.89 "
11971,SG,,52,"$13,650.96 ","$10,907.31 "
,80'S,,2,$40.48 ,$32.38 
,OTHER,,388,"$75,214.13 ","$59,113.70 "
,TOTAL,,442,"$88,905.57 ","$70,053.39 "
11976,OTHER,,26,"$3,032.19 ","$2,054.13 "
,TOTAL,,26,"$3,032.19 ","$2,054.13 "
11980,OTHER,,"3,102","$314,018.93 ","$240,516.44 "
,TOTAL,,"3,102","$314,018.93 ","$240,516.44 "
11981,80'S,,13,$111.99 ,$78.74 
,OTHER,,"15,253","$1,759,014.40 ","$1,389,545.02 "
,TOTAL,,"15,266","$1,759,126.39 ","$1,389,623.76 "
11982,80'S,,4,$64.75 ,$51.80 
,OTHER,,"1,436","$180,675.64 ","$139,535.82 "
,TOTAL,,"1,440","$180,740.39 ","$139,587.62 "
11983,80'S,,1,$30.57 ,$24.46 
,OTHER,,"9,170","$2,015,583.30 ","$1,585,509.73 "
,TOTAL,,"9,171","$2,015,613.87 ","$1,585,534.19 "
12001,OTHER,,"178,222","$16,626,704.29 ","$12,583,574.01 "
,TOTAL,,"178,222","$16,626,704.29 ","$12,583,574.01 "
12002,OTHER,,"136,911","$15,324,093.31 ","$11,704,675.69 "
,TOTAL,,"136,911","$15,324,093.31 ","$11,704,675.69 "
12004,OTHER,,"19,593","$2,543,723.00 ","$1,970,145.31 "
,TOTAL,,"19,593","$2,543,723.00 ","$1,970,145.31 "
12005,SG,,7,"$2,398.46 ","$1,918.76 "
,OTHER,,"4,895","$781,260.45 ","$609,990.05 "
,TOTAL,,"4,902","$783,658.91 ","$611,908.81 "
12006,OTHER,,994,"$198,203.17 ","$155,938.96 "
,TOTAL,,994,"$198,203.17 ","$155,938.96 "
12007,OTHER,,382,"$86,765.81 ","$68,471.75 "
,TOTAL,,382,"$86,765.81 ","$68,471.75 "
12011,OTHER,,"86,589","$7,969,380.06 ","$6,149,614.04 "
,TOTAL,,"86,589","$7,969,380.06 ","$6,149,614.04 "
12013,OTHER,,"48,760","$5,690,148.19 ","$4,412,960.99 "
,TOTAL,,"48,760","$5,690,148.19 ","$4,412,960.99 "
12014,OTHER,,"6,389","$883,162.01 ","$688,243.72 "
,TOTAL,,"6,389","$883,162.01 ","$688,243.72 "
12015,OTHER,,"2,902","$503,502.57 ","$395,946.62 "
,TOTAL,,"2,902","$503,502.57 ","$395,946.62 "
12016,SG,,1,$440.59 ,$352.47 
,OTHER,,420,"$88,676.80 ","$69,540.28 "
,TOTAL,,421,"$89,117.39 ","$69,892.75 "
12017,OTHER,,75,"$18,144.43 ","$14,457.02 "
,TOTAL,,75,"$18,144.43 ","$14,457.02 "
12018,SG,,1,$440.94 ,$352.75 
,OTHER,,41,"$10,376.52 ","$8,111.72 "
,TOTAL,,42,"$10,817.46 ","$8,464.47 "
12020,SG,,191,"$57,477.72 ","$45,410.73 "
,OTHER,,"4,624","$773,718.45 ","$608,414.80 "
,TOTAL,,"4,815","$831,196.17 ","$653,825.53 "
12021,SG,,24,"$6,998.20 ","$5,598.60 "
,OTHER,,"4,274","$542,785.85 ","$429,546.38 "
,TOTAL,,"4,298","$549,784.05 ","$435,144.98 "
12031,OTHER,,"46,389","$5,878,336.36 ","$4,606,334.30 "
,TOTAL,,"46,389","$5,878,336.36 ","$4,606,334.30 "
12032,OTHER,,"132,958","$27,483,714.16 ","$21,651,016.38 "
,TOTAL,,"132,958","$27,483,714.16 ","$21,651,016.38 "
12034,SG,,614,"$205,660.34 ","$163,415.08 "
,OTHER,,"17,057","$2,922,795.90 ","$2,298,996.58 "
,TOTAL,,"17,671","$3,128,456.24 ","$2,462,411.66 "
12035,SG,,116,"$37,967.14 ","$30,293.68 "
,OTHER,,"4,273","$906,587.97 ","$713,917.29 "
,TOTAL,,"4,389","$944,555.11 ","$744,210.97 "
12036,SG,,25,"$8,260.25 ","$6,350.45 "
,OTHER,,991,"$220,088.07 ","$173,577.43 "
,TOTAL,,"1,016","$228,348.32 ","$179,927.88 "
12037,SG,,12,"$4,054.08 ","$3,243.26 "
,80'S,,9,$214.68 ,$171.76 
,OTHER,,445,"$112,315.77 ","$88,552.27 "
,TOTAL,,466,"$116,584.53 ","$91,967.29 "
12041,OTHER,,"17,557","$2,421,683.97 ","$1,884,645.38 "
,TOTAL,,"17,557","$2,421,683.97 ","$1,884,645.38 "
12042,OTHER,,"34,231","$6,057,283.79 ","$4,757,075.21 "
,TOTAL,,"34,231","$6,057,283.79 ","$4,757,075.21 "
12044,SG,,105,"$27,740.69 ","$22,132.75 "
,OTHER,,"2,305","$393,839.21 ","$309,013.52 "
,TOTAL,,"2,410","$421,579.90 ","$331,146.27 "
12045,SG,,5,"$1,334.63 ","$1,067.70 "
,OTHER,,480,"$93,568.26 ","$73,086.71 "
,TOTAL,,485,"$94,902.89 ","$74,154.41 "
12046,SG,,1,$238.10 ,$190.48 
,OTHER,,153,"$37,200.51 ","$29,544.89 "
,TOTAL,,154,"$37,438.61 ","$29,735.37 "
12047,SG,,2,$886.28 ,$709.02 
,80'S,,1,$23.54 ,$18.83 
,OTHER,,48,"$11,166.95 ","$8,835.05 "
,TOTAL,,51,"$12,076.77 ","$9,562.90 "
12051,OTHER,,"64,107","$10,390,768.39 ","$8,179,931.51 "
,TOTAL,,"64,107","$10,390,768.39 ","$8,179,931.51 "
12052,OTHER,,"73,588","$10,975,599.23 ","$8,657,941.65 "
,TOTAL,,"73,588","$10,975,599.23 ","$8,657,941.65 "
12053,OTHER,,"9,504","$1,672,296.29 ","$1,321,007.88 "
,TOTAL,,"9,504","$1,672,296.29 ","$1,321,007.88 "
12054,SG,,153,"$42,782.09 ","$34,225.66 "
,OTHER,,"3,507","$675,255.28 ","$534,288.52 "
,TOTAL,,"3,660","$718,037.37 ","$568,514.18 "
12055,SG,,12,"$3,715.76 ","$2,892.61 "
,OTHER,,507,"$118,187.85 ","$93,635.02 "
,TOTAL,,519,"$121,903.61 ","$96,527.63 "
12056,SG,,5,"$1,832.43 ","$1,465.95 "
,OTHER,,97,"$27,588.40 ","$21,840.66 "
,TOTAL,,102,"$29,420.83 ","$23,306.61 "
12057,SG,,5,"$1,770.06 ","$1,416.05 "
,OTHER,,85,"$25,150.45 ","$19,664.68 "
,TOTAL,,90,"$26,920.51 ","$21,080.73 "
13100,SG,,229,"$83,947.02 ","$66,628.16 "
,OTHER,,"3,855","$761,484.15 ","$599,428.27 "
,TOTAL,,"4,084","$845,431.17 ","$666,056.43 "
13101,SG,,"1,951","$902,163.88 ","$712,960.97 "
,OTHER,,"31,933","$8,153,927.46 ","$6,440,554.42 "
,TOTAL,,"33,884","$9,056,091.34 ","$7,153,515.39 "
13102,OTHER,,"9,591","$703,112.64 ","$557,401.78 "
,TOTAL,,"9,591","$703,112.64 ","$557,401.78 "
13120,SG,,410,"$154,759.08 ","$121,675.38 "
,OTHER,,"5,061","$1,135,968.67 ","$893,393.20 "
,TOTAL,,"5,471","$1,290,727.75 ","$1,015,068.58 "
13121,SG,,"2,971","$1,409,974.27 ","$1,116,602.10 "
,OTHER,,"47,785","$13,639,892.15 ","$10,779,147.26 "
,TOTAL,,"50,756","$15,049,866.42 ","$11,895,749.36 "
13122,OTHER,,"10,441","$890,967.18 ","$706,699.52 "
,TOTAL,,"10,441","$890,967.18 ","$706,699.52 "
13131,SG,,"1,720","$658,927.40 ","$520,966.42 "
,OTHER,,"23,851","$6,169,807.64 ","$4,868,114.50 "
,TOTAL,,"25,571","$6,828,735.04 ","$5,389,080.92 "
13132,SG,,"7,746","$3,738,432.86 ","$2,969,305.36 "
,80'S,,1,$58.06 ,$46.45 
,OTHER,,"110,926","$41,651,541.21 ","$32,972,276.54 "
,TOTAL,,"118,673","$45,390,032.13 ","$35,941,628.35 "
13133,OTHER,,"8,186","$1,061,718.24 ","$843,743.79 "
,TOTAL,,"8,186","$1,061,718.24 ","$843,743.79 "
13150,SG,,443,"$131,373.07 ","$103,415.26 "
,OTHER,,"2,479","$717,449.69 ","$564,802.08 "
,TOTAL,,"2,922","$848,822.76 ","$668,217.34 "
13151,SG,,"1,977","$942,065.89 ","$749,467.55 "
,OTHER,,"22,644","$7,486,410.03 ","$5,919,464.91 "
,TOTAL,,"24,621","$8,428,475.92 ","$6,668,932.46 "
13152,SG,,"2,431","$1,173,585.00 ","$931,009.78 "
,OTHER,,"30,494","$13,154,505.66 ","$10,404,889.57 "
,TOTAL,,"32,925","$14,328,090.66 ","$11,335,899.35 "
13153,OTHER,,"1,107","$155,499.39 ","$124,053.54 "
,TOTAL,,"1,107","$155,499.39 ","$124,053.54 "
13160,SG,,453,"$188,088.81 ","$148,207.76 "
,80'S,,1,$62.44 ,$49.95 
,OTHER,,"11,365","$6,619,588.62 ","$5,244,762.82 "
,TOTAL,,"11,819","$6,807,739.87 ","$5,393,020.53 "
14000,SG,,"1,177","$439,797.95 ","$348,132.42 "
,OTHER,,"9,402","$4,229,331.09 ","$3,345,219.94 "
,TOTAL,,"10,579","$4,669,129.04 ","$3,693,352.36 "
14001,SG,,712,"$319,439.39 ","$253,339.83 "
,OTHER,,"6,301","$3,710,129.76 ","$2,939,682.90 "
,TOTAL,,"7,013","$4,029,569.15 ","$3,193,022.73 "
14020,SG,,"2,726","$1,284,493.73 ","$1,018,851.70 "
,OTHER,,"18,512","$9,390,405.94 ","$7,444,251.78 "
,TOTAL,,"21,238","$10,674,899.67 ","$8,463,103.48 "
14021,SG,,"1,213","$571,577.04 ","$454,376.44 "
,OTHER,,"9,994","$7,226,770.98 ","$5,736,345.81 "
,TOTAL,,"11,207","$7,798,348.02 ","$6,190,722.25 "
14040,SG,,"10,499","$3,815,610.36 ","$3,025,454.71 "
,OTHER,,"76,143","$42,380,891.33 ","$33,578,254.93 "
,TOTAL,,"86,642","$46,196,501.69 ","$36,603,709.64 "
14041,SG,,"2,897","$1,364,792.44 ","$1,082,824.45 "
,OTHER,,"25,742","$20,734,248.20 ","$16,448,341.32 "
,TOTAL,,"28,639","$22,099,040.64 ","$17,531,165.77 "
14060,SG,,"13,957","$6,492,584.91 ","$5,144,464.78 "
,OTHER,,"89,413","$56,033,448.16 ","$44,380,549.33 "
,TOTAL,,"103,370","$62,526,033.07 ","$49,525,014.11 "
14061,SG,,"2,034","$976,253.36 ","$773,989.86 "
,OTHER,,"15,024","$13,366,094.41 ","$10,601,997.16 "
,TOTAL,,"17,058","$14,342,347.77 ","$11,375,987.02 "
14300,SG,,"1,047","$639,730.32 ","$508,511.89 "
,80'S,,2,$214.86 ,$171.89 
,OTHER,,"10,126","$8,003,356.26 ","$6,347,628.78 "
,TOTAL,,"11,175","$8,643,301.44 ","$6,856,312.56 "
14350,SG,,15,"$5,541.44 ","$4,433.16 "
,80'S,,4,$405.42 ,$324.34 
,OTHER,,294,"$167,514.45 ","$132,108.00 "
,TOTAL,,313,"$173,461.31 ","$136,865.50 "
15000,SG,,"2,162","$581,663.94 ","$461,475.83 "
,OTHER,,"47,565","$12,361,599.77 ","$9,793,752.71 "
,TOTAL,,"49,727","$12,943,263.71 ","$10,255,228.54 "
15001,80'S,,"1,046","$9,848.14 ","$7,878.51 "
,OTHER,,"35,773","$1,945,816.82 ","$1,546,913.87 "
,TOTAL,,"36,819","$1,955,664.96 ","$1,554,792.38 "
15050,SG,,46,"$14,970.40 ","$11,646.45 "
,OTHER,,735,"$223,101.40 ","$175,958.27 "
,TOTAL,,781,"$238,071.80 ","$187,604.72 "
15100,SG,,833,"$306,431.33 ","$243,103.47 "
,OTHER,,"21,611","$12,608,069.05 ","$10,005,784.90 "
,TOTAL,,"22,444","$12,914,500.38 ","$10,248,888.37 "
15101,SG,,52,"$21,458.16 ","$17,166.58 "
,OTHER,,"23,466","$3,084,854.88 ","$2,454,185.63 "
,TOTAL,,"23,518","$3,106,313.04 ","$2,471,352.21 "
15120,SG,,903,"$326,233.54 ","$258,809.46 "
,OTHER,,"10,995","$6,783,949.20 ","$5,384,519.92 "
,TOTAL,,"11,898","$7,110,182.74 ","$5,643,329.38 "
15121,SG,,7,"$3,524.76 ","$2,819.80 "
,OTHER,,"1,888","$340,986.40 ","$270,453.28 "
,TOTAL,,"1,895","$344,511.16 ","$273,273.08 "
15200,SG,,116,"$50,348.42 ","$40,116.52 "
,OTHER,,941,"$461,705.71 ","$366,630.70 "
,TOTAL,,"1,057","$512,054.13 ","$406,747.22 "
15201,SG,,13,"$2,938.09 ","$2,350.45 "
,OTHER,,268,"$21,447.06 ","$17,157.69 "
,TOTAL,,281,"$24,385.15 ","$19,508.14 "
15220,SG,,903,"$311,906.66 ","$247,859.91 "
,OTHER,,"5,677","$3,194,959.82 ","$2,536,824.34 "
,TOTAL,,"6,580","$3,506,866.48 ","$2,784,684.25 "
15221,SG,,104,"$25,315.50 ","$20,147.49 "
,OTHER,,"1,283","$94,297.98 ","$75,160.04 "
,TOTAL,,"1,387","$119,613.48 ","$95,307.53 "
15240,SG,,"1,837","$822,957.38 ","$652,834.32 "
,OTHER,,"11,279","$7,030,432.94 ","$5,575,935.33 "
,TOTAL,,"13,116","$7,853,390.32 ","$6,228,769.65 "
15241,SG,,106,"$32,801.55 ","$26,241.20 "
,OTHER,,"1,194","$136,904.22 ","$108,566.88 "
,TOTAL,,"1,300","$169,705.77 ","$134,808.08 "
15260,SG,,"7,900","$2,771,824.02 ","$2,200,674.38 "
,OTHER,,"47,294","$33,718,428.90 ","$26,732,202.34 "
,TOTAL,,"55,194","$36,490,252.92 ","$28,932,876.72 "
15261,SG,,94,"$26,279.74 ","$20,683.34 "
,OTHER,,454,"$71,502.29 ","$56,155.72 "
,TOTAL,,548,"$97,782.03 ","$76,839.06 "
15342,OTHER,,"21,880","$1,532,057.41 ","$1,212,919.31 "
,TOTAL,,"21,880","$1,532,057.41 ","$1,212,919.31 "
15343,OTHER,,"15,323","$206,491.07 ","$163,904.35 "
,TOTAL,,"15,323","$206,491.07 ","$163,904.35 "
15350,SG,,143,"$48,668.61 ","$38,854.73 "
,OTHER,,"7,209","$2,310,087.08 ","$1,829,107.43 "
,TOTAL,,"7,352","$2,358,755.69 ","$1,867,962.16 "
15351,SG,,1,$468.12 ,$294.50 
,OTHER,,"10,565","$518,362.41 ","$411,735.40 "
,TOTAL,,"10,566","$518,830.53 ","$412,029.90 "
15400,SG,,303,"$113,686.10 ","$89,532.45 "
,OTHER,,"12,789","$3,705,622.50 ","$2,933,178.93 "
,TOTAL,,"13,092","$3,819,308.60 ","$3,022,711.38 "
15401,OTHER,,"2,098","$120,879.97 ","$96,482.47 "
,TOTAL,,"2,098","$120,879.97 ","$96,482.47 "
15570,SG,,90,"$42,907.37 ","$33,650.76 "
,OTHER,,458,"$237,204.96 ","$188,350.19 "
,TOTAL,,548,"$280,112.33 ","$222,000.95 "
15572,SG,,129,"$47,649.39 ","$38,119.38 "
,OTHER,,611,"$329,005.66 ","$261,822.34 "
,TOTAL,,740,"$376,655.05 ","$299,941.72 "
15574,SG,,391,"$169,542.16 ","$134,627.44 "
,OTHER,,"2,010","$1,199,801.97 ","$951,542.45 "
,TOTAL,,"2,401","$1,369,344.13 ","$1,086,169.89 "
15576,SG,,643,"$271,232.77 ","$214,667.09 "
,OTHER,,"3,316","$1,772,668.90 ","$1,405,124.76 "
,TOTAL,,"3,959","$2,043,901.67 ","$1,619,791.85 "
15600,SG,,14,"$6,585.87 ","$5,188.69 "
,OTHER,,180,"$26,961.46 ","$21,316.51 "
,TOTAL,,194,"$33,547.33 ","$26,505.20 "
15610,SG,,10,"$4,483.36 ","$3,586.70 "
,OTHER,,160,"$25,269.10 ","$19,972.02 "
,TOTAL,,170,"$29,752.46 ","$23,558.72 "
15620,SG,,160,"$96,138.58 ","$75,900.63 "
,OTHER,,730,"$162,011.49 ","$128,118.16 "
,TOTAL,,890,"$258,150.07 ","$204,018.79 "
15630,SG,,493,"$234,323.91 ","$185,241.03 "
,OTHER,,"2,431","$673,379.77 ","$530,835.50 "
,TOTAL,,"2,924","$907,703.68 ","$716,076.53 "
15650,SG,,38,"$25,628.96 ","$20,503.16 "
,OTHER,,157,"$37,890.29 ","$29,971.27 "
,TOTAL,,195,"$63,519.25 ","$50,474.43 "
15732,SG,,"2,163","$915,264.12 ","$726,780.79 "
,80'S,,476,"$81,798.30 ","$65,263.66 "
,OTHER,,"10,251","$11,683,700.12 ","$9,283,167.66 "
,TOTAL,,"12,890","$12,680,762.54 ","$10,075,212.11 "
15734,SG,,186,"$79,334.38 ","$63,164.03 "
,80'S,,694,"$110,893.25 ","$87,896.56 "
,OTHER,,"13,020","$12,323,207.94 ","$9,780,644.49 "
,TOTAL,,"13,900","$12,513,435.57 ","$9,931,705.08 "
15736,SG,,161,"$65,687.32 ","$51,860.19 "
,OTHER,,985,"$1,065,381.82 ","$844,746.71 "
,TOTAL,,"1,146","$1,131,069.14 ","$896,606.90 "
15738,SG,,160,"$75,693.89 ","$59,895.39 "
,80'S,,258,"$41,562.38 ","$32,868.05 "
,OTHER,,"5,016","$5,007,322.68 ","$3,978,249.32 "
,TOTAL,,"5,434","$5,124,578.95 ","$4,071,012.76 "
15740,SG,,776,"$289,453.13 ","$230,278.29 "
,OTHER,,"4,393","$3,048,553.90 ","$2,416,120.18 "
,TOTAL,,"5,169","$3,338,007.03 ","$2,646,398.47 "
15750,SG,,64,"$19,799.75 ","$15,759.77 "
,80'S,,13,"$1,239.00 ",$991.20 
,OTHER,,416,"$277,643.90 ","$220,588.36 "
,TOTAL,,493,"$298,682.65 ","$237,339.33 "
15756,80'S,,69,"$24,126.99 ","$19,301.65 "
,OTHER,,614,"$1,214,692.10 ","$966,361.99 "
,TOTAL,,683,"$1,238,819.09 ","$985,663.64 "
15757,80'S,,51,"$18,317.47 ","$14,654.01 "
,OTHER,,561,"$1,177,704.00 ","$931,780.31 "
,TOTAL,,612,"$1,196,021.47 ","$946,434.32 "
15758,80'S,,45,"$15,993.97 ","$12,795.12 "
,OTHER,,199,"$428,664.81 ","$342,899.73 "
,TOTAL,,244,"$444,658.78 ","$355,694.85 "
15760,SG,,135,"$45,657.21 ","$36,074.05 "
,OTHER,,763,"$405,813.80 ","$321,083.26 "
,TOTAL,,898,"$451,471.01 ","$357,157.31 "
15770,SG,,122,"$41,255.40 ","$32,583.09 "
,80'S,,144,"$7,279.16 ","$5,820.15 "
,OTHER,,"1,428","$459,297.57 ","$364,247.86 "
,TOTAL,,"1,694","$507,832.13 ","$402,651.10 "
15776,OTHER,,1,$366.52 ,$293.22 
,TOTAL,,1,$366.52 ,$293.22 
15780,OTHER,,29,"$8,083.94 ","$6,387.16 "
,TOTAL,,29,"$8,083.94 ","$6,387.16 "
15781,OTHER,,380,"$134,073.95 ","$105,799.22 "
,TOTAL,,380,"$134,073.95 ","$105,799.22 "
15782,OTHER,,40,"$9,289.24 ","$7,355.86 "
,TOTAL,,40,"$9,289.24 ","$7,355.86 "
15783,OTHER,,45,"$11,801.33 ","$9,296.90 "
,TOTAL,,45,"$11,801.33 ","$9,296.90 "
15786,OTHER,,576,"$68,775.06 ","$53,302.02 "
,TOTAL,,576,"$68,775.06 ","$53,302.02 "
15787,OTHER,,64,"$1,470.15 ","$1,174.26 "
,TOTAL,,64,"$1,470.15 ","$1,174.26 "
15788,OTHER,,"1,304","$267,386.19 ","$209,916.72 "
,TOTAL,,"1,304","$267,386.19 ","$209,916.72 "
15789,OTHER,,92,"$40,341.37 ","$32,034.42 "
,TOTAL,,92,"$40,341.37 ","$32,034.42 "
15792,OTHER,,50,"$7,146.73 ","$5,711.79 "
,TOTAL,,50,"$7,146.73 ","$5,711.79 "
15793,OTHER,,19,"$4,456.87 ","$3,565.49 "
,TOTAL,,19,"$4,456.87 ","$3,565.49 "
15810,OTHER,,6,$755.05 ,$604.04 
,TOTAL,,6,$755.05 ,$604.04 
15811,OTHER,,3,$918.40 ,$734.72 
,TOTAL,,3,$918.40 ,$734.72 
15819,OTHER,,6,"$3,015.09 ","$2,412.07 "
,TOTAL,,6,"$3,015.09 ","$2,412.07 "
15820,SG,,186,"$63,444.60 ","$49,943.80 "
,80'S,,2,$113.50 ,$90.80 
,OTHER,,97,"$36,285.82 ","$28,520.91 "
,TOTAL,,285,"$99,843.92 ","$78,555.51 "
15821,SG,,308,"$104,360.10 ","$83,328.64 "
,OTHER,,221,"$77,291.76 ","$61,627.60 "
,TOTAL,,529,"$181,651.86 ","$144,956.24 "
15822,SG,,"2,382","$1,082,111.46 ","$858,125.73 "
,OTHER,,"3,008","$1,037,844.77 ","$821,672.94 "
,TOTAL,,"5,390","$2,119,956.23 ","$1,679,798.67 "
15823,SG,,"34,593","$22,267,932.73 ","$17,669,445.16 "
,OTHER,,"59,722","$30,577,983.07 ","$24,203,765.85 "
,TOTAL,,"94,315","$52,845,915.80 ","$41,873,211.01 "
15824,SG,,19,"$7,001.13 ","$5,600.91 "
,OTHER,,4,"$3,835.79 ","$3,068.63 "
,TOTAL,,23,"$10,836.92 ","$8,669.54 "
15825,SG,,9,"$2,761.82 ","$2,209.45 "
,OTHER,,2,"$1,079.48 ",$863.58 
,TOTAL,,11,"$3,841.30 ","$3,073.03 "
15826,SG,,7,"$2,536.31 ","$1,915.75 "
,OTHER,,1,"$2,526.50 ","$2,021.20 "
,TOTAL,,8,"$5,062.81 ","$3,936.95 "
15828,SG,,17,"$5,153.47 ","$4,122.79 "
,80'S,,1,$111.86 ,$89.49 
,OTHER,,16,"$16,974.60 ","$13,579.66 "
,TOTAL,,34,"$22,239.93 ","$17,791.94 "
15829,SG,,14,"$9,304.59 ","$7,443.67 "
,80'S,,2,$427.57 ,$342.06 
,OTHER,,26,"$23,086.87 ","$18,469.52 "
,TOTAL,,42,"$32,819.03 ","$26,255.25 "
15831,SG,,36,"$15,914.93 ","$12,571.92 "
,80'S,,234,"$27,756.96 ","$21,853.81 "
,OTHER,,"1,705","$1,243,432.23 ","$974,242.37 "
,TOTAL,,"1,975","$1,287,104.12 ","$1,008,668.10 "
15832,SG,,5,"$1,804.17 ","$1,443.34 "
,80'S,,8,$708.81 ,$567.06 
,OTHER,,126,"$70,995.16 ","$55,675.04 "
,TOTAL,,139,"$73,508.14 ","$57,685.44 "
15833,SG,,3,"$1,376.28 ","$1,101.02 "
,OTHER,,18,"$9,934.06 ","$7,947.24 "
,TOTAL,,21,"$11,310.34 ","$9,048.26 "
15834,80'S,,1,$56.09 ,$44.88 
,OTHER,,28,"$12,844.94 ","$10,275.99 "
,TOTAL,,29,"$12,901.03 ","$10,320.87 "
15835,SG,,4,"$1,930.98 ","$1,544.79 "
,80'S,,3,$170.28 ,$136.22 
,OTHER,,29,"$15,066.61 ","$11,979.97 "
,TOTAL,,36,"$17,167.87 ","$13,660.98 "
15836,OTHER,,97,"$46,365.83 ","$36,949.56 "
,TOTAL,,97,"$46,365.83 ","$36,949.56 "
15837,OTHER,,16,"$7,414.75 ","$5,205.80 "
,TOTAL,,16,"$7,414.75 ","$5,205.80 "
15838,80'S,,1,$90.35 ,$72.28 
,OTHER,,68,"$20,858.10 ","$16,204.15 "
,TOTAL,,69,"$20,948.45 ","$16,276.43 "
15839,80'S,,11,$596.81 ,$477.48 
,OTHER,,283,"$134,478.45 ","$106,359.03 "
,TOTAL,,294,"$135,075.26 ","$106,836.51 "
15840,SG,,21,"$11,022.12 ","$8,817.69 "
,OTHER,,251,"$185,832.56 ","$147,582.87 "
,TOTAL,,272,"$196,854.68 ","$156,400.56 "
15841,SG,,6,"$2,700.56 ","$2,160.43 "
,80'S,,1,$288.66 ,$230.93 
,OTHER,,20,"$26,034.36 ","$20,747.47 "
,TOTAL,,27,"$29,023.58 ","$23,138.83 "
15842,OTHER,,10,"$20,632.48 ","$16,505.96 "
,TOTAL,,10,"$20,632.48 ","$16,505.96 "
15845,SG,,90,"$46,025.66 ","$36,820.59 "
,80'S,,35,"$5,201.86 ","$4,161.47 "
,OTHER,,247,"$182,658.21 ","$146,090.76 "
,TOTAL,,372,"$233,885.73 ","$187,072.82 "
15851,OTHER,,"4,308","$321,800.60 ","$248,359.05 "
,TOTAL,,"4,308","$321,800.60 ","$248,359.05 "
15852,OTHER,,"6,326","$380,885.77 ","$297,035.18 "
,TOTAL,,"6,326","$380,885.77 ","$297,035.18 "
15860,80'S,,2,$22.10 ,$17.68 
,OTHER,,121,"$8,155.60 ","$6,400.46 "
,TOTAL,,123,"$8,177.70 ","$6,418.14 "
15876,SG,,3,"$1,321.12 ","$1,056.90 "
,OTHER,,18,"$9,581.80 ","$7,665.45 "
,TOTAL,,21,"$10,902.92 ","$8,722.35 "
15877,SG,,14,"$5,438.03 ","$4,350.42 "
,OTHER,,31,"$11,967.86 ","$9,574.30 "
,TOTAL,,45,"$17,405.89 ","$13,924.72 "
15878,SG,,1,$542.19 ,$433.75 
,OTHER,,8,"$3,577.14 ","$2,861.71 "
,TOTAL,,9,"$4,119.33 ","$3,295.46 "
15879,SG,,3,"$1,049.96 ",$839.97 
,OTHER,,5,"$2,835.62 ","$2,268.50 "
,TOTAL,,8,"$3,885.58 ","$3,108.47 "
15920,80'S,,1,$85.21 ,$68.17 
,OTHER,,179,"$80,333.55 ","$64,147.41 "
,TOTAL,,180,"$80,418.76 ","$64,215.58 "
15922,OTHER,,81,"$42,203.41 ","$33,089.55 "
,TOTAL,,81,"$42,203.41 ","$33,089.55 "
15931,SG,,1,$242.59 ,$194.07 
,OTHER,,989,"$553,750.64 ","$441,372.57 "
,TOTAL,,990,"$553,993.23 ","$441,566.64 "
15933,SG,,1,$516.79 ,$413.43 
,OTHER,,294,"$200,897.90 ","$160,168.14 "
,TOTAL,,295,"$201,414.69 ","$160,581.57 "
15934,SG,,8,"$4,166.64 ","$3,253.31 "
,OTHER,,390,"$294,493.36 ","$233,963.30 "
,TOTAL,,398,"$298,660.00 ","$237,216.61 "
15935,SG,,1,$632.57 ,$506.06 
,80'S,,23,"$3,989.82 ","$3,191.88 "
,OTHER,,204,"$187,489.51 ","$149,541.07 "
,TOTAL,,228,"$192,111.90 ","$153,239.01 "
15936,SG,,12,"$7,573.19 ","$6,058.57 "
,OTHER,,"2,224","$1,552,203.65 ","$1,236,519.90 "
,TOTAL,,"2,236","$1,559,776.84 ","$1,242,578.47 "
15937,SG,,2,"$1,232.96 ",$986.37 
,80'S,,75,"$6,764.35 ","$5,405.51 "
,OTHER,,"2,069","$1,462,436.34 ","$1,163,327.77 "
,TOTAL,,"2,146","$1,470,433.65 ","$1,169,719.65 "
15940,SG,,4,"$2,017.27 ","$1,613.81 "
,OTHER,,467,"$250,263.94 ","$199,079.14 "
,TOTAL,,471,"$252,281.21 ","$200,692.95 "
15941,SG,,1,$505.10 ,$404.08 
,80'S,,1,$150.60 ,$120.48 
,OTHER,,212,"$147,788.30 ","$117,548.62 "
,TOTAL,,214,"$148,444.00 ","$118,073.18 "
15944,SG,,4,"$1,995.55 ","$1,596.44 "
,80'S,,2,$126.87 ,$101.49 
,OTHER,,221,"$145,820.33 ","$116,455.71 "
,TOTAL,,227,"$147,942.75 ","$118,153.64 "
15945,SG,,1,$642.36 ,$513.89 
,OTHER,,167,"$119,629.34 ","$94,969.21 "
,TOTAL,,168,"$120,271.70 ","$95,483.10 "
15946,SG,,3,"$1,862.30 ","$1,439.72 "
,80'S,,49,"$11,912.07 ","$9,529.66 "
,OTHER,,"2,450","$3,291,283.57 ","$2,609,837.15 "
,TOTAL,,"2,502","$3,305,057.94 ","$2,620,806.53 "
15950,SG,,4,"$2,062.80 ","$1,650.23 "
,OTHER,,290,"$122,842.04 ","$97,895.17 "
,TOTAL,,294,"$124,904.84 ","$99,545.40 "
15951,SG,,1,$636.58 ,$509.26 
,80'S,,1,$142.98 ,$114.38 
,OTHER,,83,"$51,812.08 ","$40,830.61 "
,TOTAL,,85,"$52,591.64 ","$41,454.25 "
15952,SG,,2,"$1,005.84 ",$804.68 
,80'S,,4,$470.45 ,$376.37 
,OTHER,,122,"$78,078.88 ","$61,994.79 "
,TOTAL,,128,"$79,555.17 ","$63,175.84 "
15953,OTHER,,54,"$36,204.02 ","$28,312.52 "
,TOTAL,,54,"$36,204.02 ","$28,312.52 "
15956,SG,,4,"$1,865.76 ","$1,492.61 "
,OTHER,,731,"$622,410.73 ","$495,919.49 "
,TOTAL,,735,"$624,276.49 ","$497,412.10 "
15958,SG,,1,$306.04 ,$244.83 
,80'S,,23,"$2,327.56 ","$1,862.00 "
,OTHER,,550,"$397,256.13 ","$316,749.30 "
,TOTAL,,574,"$399,889.73 ","$318,856.13 "
15999,80'S,,4,"$1,088.84 ",$871.08 
,OTHER,,591,"$274,673.14 ","$219,124.47 "
,TOTAL,,595,"$275,761.98 ","$219,995.55 "
16000,OTHER,,"2,476","$140,276.66 ","$104,275.48 "
,TOTAL,,"2,476","$140,276.66 ","$104,275.48 "
16010,OTHER,,"1,196","$66,150.54 ","$51,010.54 "
,TOTAL,,"1,196","$66,150.54 ","$51,010.54 "
16015,SG,,15,"$6,420.22 ","$5,136.20 "
,OTHER,,870,"$109,567.07 ","$86,526.41 "
,TOTAL,,885,"$115,987.29 ","$91,662.61 "
16020,OTHER,,"18,873","$1,253,753.59 ","$955,532.04 "
,TOTAL,,"18,873","$1,253,753.59 ","$955,532.04 "
16025,OTHER,,"3,972","$489,455.44 ","$380,591.30 "
,TOTAL,,"3,972","$489,455.44 ","$380,591.30 "
16030,OTHER,,"1,822","$251,079.25 ","$197,793.46 "
,TOTAL,,"1,822","$251,079.25 ","$197,793.46 "
16035,OTHER,,346,"$61,659.37 ","$49,091.41 "
,TOTAL,,346,"$61,659.37 ","$49,091.41 "
16036,OTHER,,419,"$34,798.52 ","$27,838.77 "
,TOTAL,,419,"$34,798.52 ","$27,838.77 "
17000,OTHER,,"4,950,434","$261,719,790.54 ","$188,609,135.74 "
,TOTAL,,"4,950,434","$261,719,790.54 ","$188,609,135.74 "
17003,OTHER,,"14,968,089","$148,670,821.95 ","$114,440,927.22 "
,TOTAL,,"14,968,089","$148,670,821.95 ","$114,440,927.22 "
17004,OTHER,,"632,810","$108,713,076.00 ","$83,237,173.16 "
,TOTAL,,"632,810","$108,713,076.00 ","$83,237,173.16 "
17106,OTHER,,"4,010","$1,302,304.88 ","$1,013,279.05 "
,TOTAL,,"4,010","$1,302,304.88 ","$1,013,279.05 "
17107,OTHER,,"2,641","$1,661,179.81 ","$1,310,647.11 "
,TOTAL,,"2,641","$1,661,179.81 ","$1,310,647.11 "
17108,OTHER,,"7,344","$6,421,321.98 ","$5,080,914.33 "
,TOTAL,,"7,344","$6,421,321.98 ","$5,080,914.33 "
17110,OTHER,,"76,083","$5,970,035.49 ","$4,391,028.26 "
,TOTAL,,"76,083","$5,970,035.49 ","$4,391,028.26 "
17111,OTHER,,"4,190","$383,020.58 ","$282,436.94 "
,TOTAL,,"4,190","$383,020.58 ","$282,436.94 "
17250,OTHER,,"43,093","$2,388,874.31 ","$1,837,221.34 "
,TOTAL,,"43,093","$2,388,874.31 ","$1,837,221.34 "
17260,OTHER,,"21,681","$1,399,011.52 ","$1,069,368.94 "
,TOTAL,,"21,681","$1,399,011.52 ","$1,069,368.94 "
17261,OTHER,,"117,348","$10,156,268.73 ","$7,816,474.33 "
,TOTAL,,"117,348","$10,156,268.73 ","$7,816,474.33 "
17262,OTHER,,"155,460","$17,828,021.49 ","$13,827,969.90 "
,TOTAL,,"155,460","$17,828,021.49 ","$13,827,969.90 "
17263,OTHER,,"31,634","$4,273,263.86 ","$3,325,930.28 "
,TOTAL,,"31,634","$4,273,263.86 ","$3,325,930.28 "
17264,OTHER,,"5,659","$829,147.11 ","$646,166.53 "
,TOTAL,,"5,659","$829,147.11 ","$646,166.53 "
17266,OTHER,,"1,826","$308,175.18 ","$241,733.49 "
,TOTAL,,"1,826","$308,175.18 ","$241,733.49 "
17270,OTHER,,"11,827","$1,132,202.89 ","$868,190.21 "
,TOTAL,,"11,827","$1,132,202.89 ","$868,190.21 "
17271,OTHER,,"53,234","$5,510,620.52 ","$4,253,358.56 "
,TOTAL,,"53,234","$5,510,620.52 ","$4,253,358.56 "
17272,OTHER,,"58,005","$7,356,794.89 ","$5,707,131.14 "
,TOTAL,,"58,005","$7,356,794.89 ","$5,707,131.14 "
17273,OTHER,,"10,989","$1,663,854.70 ","$1,293,844.50 "
,TOTAL,,"10,989","$1,663,854.70 ","$1,293,844.50 "
17274,OTHER,,"2,079","$380,769.92 ","$298,042.23 "
,TOTAL,,"2,079","$380,769.92 ","$298,042.23 "
17276,OTHER,,785,"$169,997.55 ","$134,122.79 "
,TOTAL,,785,"$169,997.55 ","$134,122.79 "
17280,OTHER,,"56,865","$5,006,594.77 ","$3,816,143.59 "
,TOTAL,,"56,865","$5,006,594.77 ","$3,816,143.59 "
17281,OTHER,,"149,759","$18,149,883.24 ","$14,009,500.02 "
,TOTAL,,"149,759","$18,149,883.24 ","$14,009,500.02 "
17282,OTHER,,"110,687","$16,405,594.02 ","$12,747,296.28 "
,TOTAL,,"110,687","$16,405,594.02 ","$12,747,296.28 "
17283,OTHER,,"16,891","$3,167,834.41 ","$2,478,117.24 "
,TOTAL,,"16,891","$3,167,834.41 ","$2,478,117.24 "
17284,OTHER,,"2,782","$623,938.61 ","$489,702.65 "
,TOTAL,,"2,782","$623,938.61 ","$489,702.65 "
17286,OTHER,,952,"$271,977.93 ","$213,566.11 "
,TOTAL,,952,"$271,977.93 ","$213,566.11 "
17304,OTHER,,"350,092","$205,287,597.17 ","$162,109,908.93 "
,TOTAL,,"350,092","$205,287,597.17 ","$162,109,908.93 "
17305,OTHER,,"187,587","$46,446,957.82 ","$36,884,806.80 "
,TOTAL,,"187,587","$46,446,957.82 ","$36,884,806.80 "
17306,OTHER,,"56,538","$13,942,181.00 ","$11,080,821.87 "
,TOTAL,,"56,538","$13,942,181.00 ","$11,080,821.87 "
17307,OTHER,,"28,383","$6,980,337.47 ","$5,552,928.46 "
,TOTAL,,"28,383","$6,980,337.47 ","$5,552,928.46 "
17310,OTHER,,"32,071","$2,803,674.91 ","$2,224,340.60 "
,TOTAL,,"32,071","$2,803,674.91 ","$2,224,340.60 "
17340,OTHER,,"10,557","$421,609.43 ","$302,561.00 "
,TOTAL,,"10,557","$421,609.43 ","$302,561.00 "
17360,OTHER,,"1,527","$160,043.61 ","$121,921.90 "
,TOTAL,,"1,527","$160,043.61 ","$121,921.90 "
17380,OTHER,,2,$133.86 ,$12.68 
,TOTAL,,2,$133.86 ,$12.68 
17999,80'S,,5,$478.61 ,$382.89 
,OTHER,,813,"$192,823.54 ","$153,027.81 "
,TOTAL,,818,"$193,302.15 ","$153,410.70 "
19000,OTHER,,"28,011","$2,163,621.66 ","$1,661,919.34 "
,TOTAL,,"28,011","$2,163,621.66 ","$1,661,919.34 "
19001,OTHER,,"4,216","$144,759.73 ","$114,352.74 "
,TOTAL,,"4,216","$144,759.73 ","$114,352.74 "
19020,SG,,74,"$31,528.87 ","$25,149.17 "
,OTHER,,"1,790","$447,088.61 ","$352,928.83 "
,TOTAL,,"1,864","$478,617.48 ","$378,078.00 "
19030,OTHER,,"2,033","$206,088.40 ","$161,182.99 "
,TOTAL,,"2,033","$206,088.40 ","$161,182.99 "
19100,SG,,110,"$33,105.36 ","$26,357.81 "
,OTHER,,"13,555","$1,463,903.71 ","$1,141,721.21 "
,TOTAL,,"13,665","$1,497,009.07 ","$1,168,079.02 "
19101,SG,,483,"$202,910.41 ","$160,491.31 "
,OTHER,,"6,122","$1,219,403.64 ","$959,796.69 "
,TOTAL,,"6,605","$1,422,314.05 ","$1,120,288.00 "
19102,SG,,334,"$139,125.70 ","$110,094.75 "
,OTHER,,"47,885","$6,904,434.54 ","$5,443,000.30 "
,TOTAL,,"48,219","$7,043,560.24 ","$5,553,095.05 "
19103,SG,,"1,869","$794,205.66 ","$629,666.28 "
,OTHER,,"74,330","$21,887,389.74 ","$17,278,294.75 "
,TOTAL,,"76,199","$22,681,595.40 ","$17,907,961.03 "
19110,SG,,141,"$57,048.72 ","$45,313.53 "
,OTHER,,"1,365","$370,519.44 ","$292,891.04 "
,TOTAL,,"1,506","$427,568.16 ","$338,204.57 "
19112,SG,,16,"$8,344.69 ","$6,595.76 "
,OTHER,,104,"$26,663.91 ","$20,934.31 "
,TOTAL,,120,"$35,008.60 ","$27,530.07 "
19120,SG,,"6,068","$3,012,447.78 ","$2,378,364.90 "
,OTHER,,"44,202","$14,414,133.51 ","$11,376,296.84 "
,TOTAL,,"50,270","$17,426,581.29 ","$13,754,661.74 "
19125,SG,,"4,563","$2,289,291.36 ","$1,807,463.46 "
,80'S,,2,$121.56 ,$97.25 
,OTHER,,"51,358","$18,741,578.35 ","$14,810,368.09 "
,TOTAL,,"55,923","$21,030,991.27 ","$16,617,928.80 "
19126,SG,,192,"$60,660.94 ","$48,270.22 "
,OTHER,,"2,718","$439,022.97 ","$349,225.74 "
,TOTAL,,"2,910","$499,683.91 ","$397,495.96 "
19140,SG,,272,"$169,995.31 ","$132,758.53 "
,OTHER,,"2,025","$682,851.30 ","$539,476.69 "
,TOTAL,,"2,297","$852,846.61 ","$672,235.22 "
19160,SG,,"1,514","$766,684.25 ","$609,270.86 "
,80'S,,247,"$13,637.65 ","$10,905.48 "
,OTHER,,"28,192","$10,092,536.77 ","$8,009,120.31 "
,TOTAL,,"29,953","$10,872,858.67 ","$8,629,296.65 "
19162,SG,,607,"$610,097.86 ","$485,318.14 "
,80'S,,"1,349","$173,475.15 ","$138,196.39 "
,OTHER,,"13,131","$9,953,138.08 ","$7,903,961.59 "
,TOTAL,,"15,087","$10,736,711.09 ","$8,527,476.12 "
19180,SG,,183,"$112,133.41 ","$89,534.14 "
,80'S,,"1,592","$135,952.24 ","$107,483.26 "
,OTHER,,"15,566","$7,784,682.29 ","$6,171,725.49 "
,TOTAL,,"17,341","$8,032,767.94 ","$6,368,742.89 "
19182,SG,,76,"$46,238.09 ","$35,797.21 "
,80'S,,50,"$4,033.62 ","$3,226.87 "
,OTHER,,852,"$410,353.81 ","$323,687.65 "
,TOTAL,,978,"$460,625.52 ","$362,711.73 "
19200,80'S,,62,"$9,088.32 ","$7,270.66 "
,OTHER,,426,"$356,865.29 ","$283,781.16 "
,TOTAL,,488,"$365,953.61 ","$291,051.82 "
19220,80'S,,18,"$2,772.72 ","$2,100.65 "
,OTHER,,80,"$73,834.23 ","$58,433.01 "
,TOTAL,,98,"$76,606.95 ","$60,533.66 "
19240,80'S,,"3,492","$544,560.20 ","$432,291.34 "
,OTHER,,"22,619","$20,442,656.66 ","$16,244,167.71 "
,TOTAL,,"26,111","$20,987,216.86 ","$16,676,459.05 "
19260,80'S,,56,"$7,305.08 ","$5,844.06 "
,OTHER,,623,"$549,202.88 ","$436,923.23 "
,TOTAL,,679,"$556,507.96 ","$442,767.29 "
19271,80'S,,24,"$5,615.96 ","$4,331.04 "
,OTHER,,176,"$238,622.42 ","$188,144.16 "
,TOTAL,,200,"$244,238.38 ","$192,475.20 "
19272,80'S,,16,"$4,274.07 ","$3,419.31 "
,OTHER,,48,"$71,396.94 ","$57,117.56 "
,TOTAL,,64,"$75,671.01 ","$60,536.87 "
19290,SG,,424,"$71,603.34 ","$56,915.29 "
,80'S,,1,$5.89 ,$4.71 
,OTHER,,"65,045","$4,793,605.69 ","$3,782,767.94 "
,TOTAL,,"65,470","$4,865,214.92 ","$3,839,687.94 "
19291,SG,,38,"$6,626.97 ","$5,301.56 "
,80'S,,1,$5.26 ,$4.21 
,OTHER,,"4,344","$175,672.50 ","$139,371.73 "
,TOTAL,,"4,383","$182,304.73 ","$144,677.50 "
19295,80'S,,1,$15.68 ,$12.54 
,OTHER,,"72,117","$7,258,152.29 ","$5,752,934.22 "
,TOTAL,,"72,118","$7,258,167.97 ","$5,752,946.76 "
19316,SG,,113,"$51,816.84 ","$40,427.75 "
,80'S,,36,"$3,314.91 ","$2,607.43 "
,OTHER,,884,"$512,541.52 ","$407,899.63 "
,TOTAL,,"1,033","$567,673.27 ","$450,934.81 "
19318,SG,,561,"$354,219.29 ","$276,610.54 "
,80'S,,360,"$68,211.93 ","$53,587.64 "
,OTHER,,"4,356","$5,185,666.01 ","$4,061,477.08 "
,TOTAL,,"5,277","$5,608,097.23 ","$4,391,675.26 "
19324,SG,,2,$620.66 ,$496.53 
,OTHER,,23,"$7,319.39 ","$5,855.50 "
,TOTAL,,25,"$7,940.05 ","$6,352.03 "
19325,SG,,59,"$80,537.17 ","$61,120.91 "
,80'S,,5,$468.42 ,$374.73 
,OTHER,,284,"$118,678.77 ","$93,540.57 "
,TOTAL,,348,"$199,684.36 ","$155,036.21 "
19328,SG,,191,"$44,680.84 ","$35,329.32 "
,OTHER,,"1,317","$418,664.04 ","$328,730.63 "
,TOTAL,,"1,508","$463,344.88 ","$364,059.95 "
19330,SG,,153,"$33,966.23 ","$26,570.74 "
,OTHER,,948,"$384,685.10 ","$302,414.96 "
,TOTAL,,"1,101","$418,651.33 ","$328,985.70 "
19340,SG,,179,"$51,447.82 ","$40,470.36 "
,80'S,,1,$88.32 ,$70.66 
,OTHER,,673,"$278,559.24 ","$219,909.26 "
,TOTAL,,853,"$330,095.38 ","$260,450.28 "
19342,SG,,203,"$79,775.42 ","$62,196.54 "
,80'S,,8,$969.15 ,$753.43 
,OTHER,,"1,719","$1,330,709.52 ","$1,047,873.41 "
,TOTAL,,"1,930","$1,411,454.09 ","$1,110,823.38 "
19350,SG,,370,"$201,365.74 ","$153,663.45 "
,OTHER,,"1,758","$1,016,688.71 ","$793,840.36 "
,TOTAL,,"2,128","$1,218,054.45 ","$947,503.81 "
19355,SG,,8,"$4,898.39 ","$3,918.71 "
,OTHER,,36,"$17,378.06 ","$13,703.88 "
,TOTAL,,44,"$22,276.45 ","$17,622.59 "
19357,SG,,112,"$78,797.98 ","$61,314.47 "
,80'S,,135,"$30,087.16 ","$24,069.67 "
,OTHER,,"2,657","$3,437,292.88 ","$2,705,959.46 "
,TOTAL,,"2,904","$3,546,178.02 ","$2,791,343.60 "
19361,80'S,,36,"$6,647.87 ","$5,318.29 "
,OTHER,,471,"$543,464.68 ","$431,775.53 "
,TOTAL,,507,"$550,112.55 ","$437,093.82 "
19364,80'S,,31,"$13,784.28 ","$11,027.42 "
,OTHER,,135,"$344,598.86 ","$265,090.73 "
,TOTAL,,166,"$358,383.14 ","$276,118.15 "
19366,SG,,18,"$12,473.82 ","$9,668.33 "
,80'S,,4,$830.55 ,$664.44 
,OTHER,,170,"$213,577.43 ","$169,865.27 "
,TOTAL,,192,"$226,881.80 ","$180,198.04 "
19367,80'S,,70,"$19,256.60 ","$14,527.84 "
,OTHER,,398,"$660,405.38 ","$516,107.13 "
,TOTAL,,468,"$679,661.98 ","$530,634.97 "
19368,80'S,,3,$894.58 ,$715.66 
,OTHER,,19,"$35,912.00 ","$27,934.08 "
,TOTAL,,22,"$36,806.58 ","$28,649.74 "
19369,80'S,,12,"$3,855.58 ","$3,046.22 "
,OTHER,,53,"$90,070.72 ","$70,424.54 "
,TOTAL,,65,"$93,926.30 ","$73,470.76 "
19370,SG,,154,"$87,199.87 ","$68,428.58 "
,OTHER,,931,"$445,659.58 ","$352,036.75 "
,TOTAL,,"1,085","$532,859.45 ","$420,465.33 "
19371,SG,,452,"$260,866.23 ","$204,878.77 "
,OTHER,,"2,203","$1,417,572.78 ","$1,115,397.27 "
,TOTAL,,"2,655","$1,678,439.01 ","$1,320,276.04 "
19380,SG,,366,"$256,195.90 ","$197,753.16 "
,OTHER,,"1,721","$998,726.94 ","$775,618.37 "
,TOTAL,,"2,087","$1,254,922.84 ","$973,371.53 "
19396,OTHER,,3,$574.08 ,$459.26 
,TOTAL,,3,$574.08 ,$459.26 
19499,80'S,,6,$993.38 ,$794.71 
,OTHER,,"1,170","$314,220.16 ","$250,733.77 "
,TOTAL,,"1,176","$315,213.54 ","$251,528.48 "
20000,OTHER,MUSCULOSKELETAL,"3,875","$596,129.00 ","$460,291.43 "
,TOTAL,,"3,875","$596,129.00 ","$460,291.43 "
20005,SG,,66,"$26,715.42 ","$21,290.82 "
,OTHER,,"3,908","$821,879.86 ","$647,198.80 "
,TOTAL,,"3,974","$848,595.28 ","$668,489.62 "
20100,AS,,2,$157.90 ,$126.32 
,80'S,,22,"$1,795.90 ","$1,436.71 "
,OTHER,,273,"$136,594.82 ","$109,029.68 "
,TOTAL,,297,"$138,548.62 ","$110,592.71 "
20101,80'S,,2,$61.20 ,$48.96 
,OTHER,,98,"$15,753.09 ","$12,602.48 "
,TOTAL,,100,"$15,814.29 ","$12,651.44 "
20102,AS,,5,$138.39 ,$110.72 
,80'S,,13,$361.76 ,$289.41 
,OTHER,,469,"$95,049.52 ","$74,585.10 "
,TOTAL,,487,"$95,549.67 ","$74,985.23 "
20103,AS,,4,$171.94 ,$137.56 
,OTHER,,"1,377","$375,192.09 ","$295,003.37 "
,TOTAL,,"1,381","$375,364.03 ","$295,140.93 "
20150,80'S,,1,$127.79 ,$102.23 
,OTHER,,11,"$3,612.31 ","$2,866.26 "
,TOTAL,,12,"$3,740.10 ","$2,968.49 "
20200,SG,,48,"$19,513.67 ","$15,610.95 "
,OTHER,,"1,163","$105,373.25 ","$81,443.21 "
,TOTAL,,"1,211","$124,886.92 ","$97,054.16 "
20205,SG,,251,"$122,623.63 ","$95,863.17 "
,OTHER,,"3,578","$497,598.45 ","$390,565.75 "
,TOTAL,,"3,829","$620,222.08 ","$486,428.92 "
20206,SG,,23,"$6,746.10 ","$5,396.86 "
,OTHER,,"6,716","$461,856.54 ","$363,919.12 "
,TOTAL,,"6,739","$468,602.64 ","$369,315.98 "
20220,SG,,32,"$8,879.91 ","$7,103.94 "
,OTHER,,"6,612","$1,026,409.27 ","$814,261.82 "
,TOTAL,,"6,644","$1,035,289.18 ","$821,365.76 "
20225,SG,,90,"$36,119.08 ","$28,895.39 "
,80'S,,1,$13.69 ,$10.95 
,OTHER,,"23,351","$3,668,250.63 ","$2,916,045.85 "
,TOTAL,,"23,442","$3,704,383.40 ","$2,944,952.19 "
20240,SG,,71,"$25,380.92 ","$19,996.83 "
,OTHER,,"1,572","$307,287.76 ","$242,791.48 "
,TOTAL,,"1,643","$332,668.68 ","$262,788.31 "
20245,SG,,40,"$17,673.82 ","$13,449.62 "
,OTHER,,"1,752","$746,052.41 ","$591,854.65 "
,TOTAL,,"1,792","$763,726.23 ","$605,304.27 "
20250,AS,,1,$24.73 ,$19.78 
,SG,,2,$996.43 ,$797.14 
,80'S,,1,$32.99 ,$26.39 
,OTHER,,906,"$223,325.55 ","$178,246.98 "
,TOTAL,,910,"$224,379.70 ","$179,090.29 "
20251,AS,,125,"$5,693.21 ","$4,554.54 "
,SG,,2,"$1,002.42 ",$801.94 
,80'S,,76,"$3,575.52 ","$2,854.38 "
,OTHER,,"1,387","$405,274.85 ","$323,730.76 "
,TOTAL,,"1,590","$415,546.00 ","$331,941.62 "
20500,OTHER,,644,"$115,019.21 ","$90,334.46 "
,TOTAL,,644,"$115,019.21 ","$90,334.46 "
20501,OTHER,,"7,755","$299,255.27 ","$236,004.38 "
,TOTAL,,"7,755","$299,255.27 ","$236,004.38 "
20520,OTHER,,"2,788","$377,946.93 ","$287,857.12 "
,TOTAL,,"2,788","$377,946.93 ","$287,857.12 "
20525,SG,,286,"$136,968.43 ","$108,181.97 "
,OTHER,,"2,110","$433,273.90 ","$339,082.33 "
,TOTAL,,"2,396","$570,242.33 ","$447,264.30 "
20526,OTHER,,"38,166","$2,627,584.18 ","$2,009,057.02 "
,TOTAL,,"38,166","$2,627,584.18 ","$2,009,057.02 "
20550,OTHER,,"791,115","$40,089,889.44 ","$30,281,729.17 "
,TOTAL,,"791,115","$40,089,889.44 ","$30,281,729.17 "
20551,OTHER,,"97,392","$4,430,351.92 ","$3,344,415.46 "
,TOTAL,,"97,392","$4,430,351.92 ","$3,344,415.46 "
20552,OTHER,,"287,838","$13,646,209.72 ","$10,399,797.32 "
,TOTAL,,"287,838","$13,646,209.72 ","$10,399,797.32 "
20553,OTHER,,"92,069","$4,845,164.07 ","$3,701,593.09 "
,TOTAL,,"92,069","$4,845,164.07 ","$3,701,593.09 "
20600,OTHER,,"352,110","$16,541,836.49 ","$12,476,325.50 "
,TOTAL,,"352,110","$16,541,836.49 ","$12,476,325.50 "
20605,OTHER,,"456,253","$23,251,528.14 ","$17,490,899.35 "
,TOTAL,,"456,253","$23,251,528.14 ","$17,490,899.35 "
20610,AS,,2,$7.61 ,$6.08 
,80'S,,1,$7.34 ,$5.87 
,OTHER,,"4,248,296","$274,662,173.80 ","$209,415,754.86 "
,TOTAL,,"4,248,299","$274,662,188.75 ","$209,415,766.81 "
20612,OTHER,,"14,233","$729,649.71 ","$541,825.44 "
,TOTAL,,"14,233","$729,649.71 ","$541,825.44 "
20615,OTHER,,"1,402","$237,632.03 ","$185,442.47 "
,TOTAL,,"1,402","$237,632.03 ","$185,442.47 "
20650,SG,,272,"$83,821.50 ","$65,883.25 "
,OTHER,,"3,135","$325,540.81 ","$256,313.06 "
,TOTAL,,"3,407","$409,362.31 ","$322,196.31 "
20660,OTHER,,"3,131","$557,039.58 ","$439,416.85 "
,TOTAL,,"3,131","$557,039.58 ","$439,416.85 "
20661,AS,,1,$67.18 ,$53.74 
,OTHER,,"1,483","$481,245.10 ","$381,872.87 "
,TOTAL,,"1,484","$481,312.28 ","$381,926.61 "
20662,OTHER,,32,"$11,427.06 ","$9,141.61 "
,TOTAL,,32,"$11,427.06 ","$9,141.61 "
20663,OTHER,,4,$356.24 ,$284.99 
,TOTAL,,4,$356.24 ,$284.99 
20664,AS,,1,$76.22 ,$60.98 
,OTHER,,31,"$16,535.34 ","$13,228.25 "
,TOTAL,,32,"$16,611.56 ","$13,289.23 "
20665,AS,,1,$7.35 ,$5.88 
,OTHER,,216,"$24,113.87 ","$19,034.34 "
,TOTAL,,217,"$24,121.22 ","$19,040.22 "
20670,AS,,1,$29.52 ,$23.62 
,SG,,866,"$242,292.55 ","$191,418.92 "
,OTHER,,"15,727","$3,755,292.86 ","$2,943,419.74 "
,TOTAL,,"16,594","$3,997,614.93 ","$3,134,862.28 "
20680,AS,,945,"$25,770.85 ","$20,500.54 "
,SG,,"8,240","$3,726,118.07 ","$2,938,589.77 "
,80'S,,525,"$14,768.10 ","$11,650.75 "
,OTHER,,"51,051","$10,220,449.64 ","$8,050,700.46 "
,TOTAL,,"60,761","$13,987,106.66 ","$11,021,441.52 "
20690,AS,,3,$78.80 ,$63.05 
,SG,,176,"$46,004.31 ","$36,269.55 "
,80'S,,1,$37.08 ,$29.66 
,OTHER,,"4,167","$569,404.65 ","$451,892.45 "
,TOTAL,,"4,347","$615,524.84 ","$488,254.71 "
20692,AS,,101,"$4,068.45 ","$3,254.78 "
,SG,,24,"$9,735.45 ","$7,762.81 "
,80'S,,115,"$5,243.75 ","$4,169.67 "
,OTHER,,"1,530","$374,589.43 ","$296,818.32 "
,TOTAL,,"1,770","$393,637.08 ","$312,005.58 "
20693,SG,,39,"$17,539.01 ","$14,008.75 "
,OTHER,,681,"$233,232.73 ","$184,086.50 "
,TOTAL,,720,"$250,771.74 ","$198,095.25 "
20694,SG,,"1,034","$318,198.40 ","$251,337.43 "
,OTHER,,"5,435","$1,586,613.25 ","$1,251,830.15 "
,TOTAL,,"6,469","$1,904,811.65 ","$1,503,167.58 "
20805,OTHER,,20,"$16,381.18 ","$12,955.95 "
,TOTAL,,20,"$16,381.18 ","$12,955.95 "
20808,OTHER,,1,"$3,731.37 ","$2,985.10 "
,TOTAL,,1,"$3,731.37 ","$2,985.10 "
20816,OTHER,,18,"$38,894.68 ","$31,035.74 "
,TOTAL,,18,"$38,894.68 ","$31,035.74 "
20822,AS,,1,$311.12 ,$248.90 
,80'S,,1,$490.49 ,$392.39 
,OTHER,,20,"$42,186.31 ","$33,499.51 "
,TOTAL,,22,"$42,987.92 ","$34,140.80 "
20824,80'S,,1,$545.90 ,$436.72 
,OTHER,,9,"$20,486.01 ","$16,379.08 "
,TOTAL,,10,"$21,031.91 ","$16,815.80 "
20827,AS,,1,$343.79 ,$275.03 
,OTHER,,14,"$32,630.67 ","$26,024.50 "
,TOTAL,,15,"$32,974.46 ","$26,299.53 "
20900,AS,,219,"$7,615.87 ","$6,008.19 "
,SG,,185,"$53,421.43 ","$41,553.02 "
,80'S,,144,"$5,860.97 ","$4,610.95 "
,OTHER,,"1,996","$517,240.53 ","$407,436.93 "
,TOTAL,,"2,544","$584,138.80 ","$459,609.09 "
20902,AS,,510,"$22,499.52 ","$17,774.01 "
,SG,,90,"$38,730.01 ","$30,039.90 "
,80'S,,472,"$23,917.47 ","$18,789.62 "
,OTHER,,"3,748","$1,209,702.98 ","$952,493.93 "
,TOTAL,,"4,820","$1,294,849.98 ","$1,019,097.46 "
20910,AS,,2,$57.06 ,$45.64 
,SG,,5,"$1,246.67 ",$997.35 
,OTHER,,99,"$22,794.32 ","$18,177.09 "
,TOTAL,,106,"$24,098.05 ","$19,220.08 "
20912,SG,,109,"$32,701.80 ","$25,921.56 "
,80'S,,4,$333.81 ,$267.05 
,OTHER,,466,"$132,488.90 ","$104,564.13 "
,TOTAL,,579,"$165,524.51 ","$130,752.74 "
20920,SG,,7,"$2,890.04 ","$2,312.04 "
,OTHER,,95,"$18,266.74 ","$14,420.21 "
,TOTAL,,102,"$21,156.78 ","$16,732.25 "
20922,AS,,14,$505.63 ,$404.50 
,SG,,6,"$1,528.54 ","$1,222.83 "
,80'S,,41,"$1,551.79 ","$1,241.40 "
,OTHER,,494,"$125,394.05 ","$98,654.61 "
,TOTAL,,555,"$128,980.01 ","$101,523.34 "
20924,AS,,105,"$3,764.37 ","$2,997.48 "
,SG,,165,"$60,444.81 ","$47,512.91 "
,80'S,,22,$994.71 ,$795.76 
,OTHER,,843,"$214,876.01 ","$169,953.56 "
,TOTAL,,"1,135","$280,079.90 ","$221,259.71 "
20926,AS,,3,$120.96 ,$96.77 
,SG,,643,"$345,594.56 ","$273,251.51 "
,80'S,,1,$40.24 ,$32.19 
,OTHER,,"6,125","$1,639,875.46 ","$1,299,150.02 "
,TOTAL,,"6,772","$1,985,631.22 ","$1,572,530.49 "
20930,OTHER,,2,$265.12 ,$212.09 
,TOTAL,,2,$265.12 ,$212.09 
20931,AS,,6,$99.21 ,$79.37 
,80'S,,1,$18.60 ,$14.88 
,OTHER,,"20,965","$2,413,166.25 ","$1,895,356.97 "
,TOTAL,,"20,972","$2,413,284.06 ","$1,895,451.22 "
20937,AS,,"3,682","$86,411.36 ","$68,699.57 "
,80'S,,"2,977","$83,985.06 ","$66,500.26 "
,OTHER,,"16,995","$2,993,146.50 ","$2,362,363.53 "
,TOTAL,,"23,654","$3,163,542.92 ","$2,497,563.36 "
20938,AS,,785,"$20,571.17 ","$16,394.60 "
,80'S,,973,"$29,519.99 ","$23,209.36 "
,OTHER,,"5,105","$978,657.86 ","$770,942.13 "
,TOTAL,,"6,863","$1,028,749.02 ","$810,546.09 "
20950,AS,,1,$6.14 ,$4.91 
,OTHER,,372,"$25,186.56 ","$19,557.63 "
,TOTAL,,373,"$25,192.70 ","$19,562.54 "
20955,80'S,,13,"$5,169.14 ","$4,135.32 "
,OTHER,,96,"$229,652.68 ","$167,947.02 "
,TOTAL,,109,"$234,821.82 ","$172,082.34 "
20956,AS,,3,"$1,021.34 ",$817.08 
,80'S,,3,"$1,086.72 ",$869.38 
,OTHER,,49,"$120,585.87 ","$96,468.69 "
,TOTAL,,55,"$122,693.93 ","$98,155.15 "
20957,OTHER,,2,"$3,381.46 ","$2,705.17 "
,TOTAL,,2,"$3,381.46 ","$2,705.17 "
20962,AS,,1,$366.28 ,$293.02 
,80'S,,2,$860.03 ,$688.02 
,OTHER,,43,"$111,861.10 ","$89,488.90 "
,TOTAL,,46,"$113,087.41 ","$90,469.94 "
20969,80'S,,18,"$10,250.54 ","$8,200.42 "
,OTHER,,255,"$693,890.58 ","$542,806.40 "
,TOTAL,,273,"$704,141.12 ","$551,006.82 "
20970,AS,,2,$771.22 ,$616.98 
,80'S,,3,"$1,305.01 ","$1,044.00 "
,OTHER,,19,"$42,911.12 ","$34,328.91 "
,TOTAL,,24,"$44,987.35 ","$35,989.89 "
20972,80'S,,1,$398.21 ,$318.57 
,OTHER,,2,"$3,250.00 ","$2,586.99 "
,TOTAL,,3,"$3,648.21 ","$2,905.56 "
20973,80'S,,1,$275.00 ,$220.00 
,OTHER,,4,"$7,791.13 ","$6,232.90 "
,TOTAL,,5,"$8,066.13 ","$6,452.90 "
20974,OTHER,,"1,975","$96,055.32 ","$74,667.23 "
,TOTAL,,"1,975","$96,055.32 ","$74,667.23 "
20975,AS,,287,"$6,772.25 ","$5,378.44 "
,SG,,10,"$2,889.14 ","$2,231.31 "
,80'S,,237,"$6,654.74 ","$5,288.20 "
,OTHER,,"1,888","$333,660.25 ","$264,232.54 "
,TOTAL,,"2,422","$349,976.38 ","$277,130.49 "
20979,OTHER,,246,"$13,168.69 ","$10,160.56 "
,TOTAL,,246,"$13,168.69 ","$10,160.56 "
20982,OTHER,,75,"$32,942.92 ","$25,368.06 "
,TOTAL,,75,"$32,942.92 ","$25,368.06 "
20999,AS,,3,$58.36 ,$46.69 
,80'S,,4,$482.20 ,$385.76 
,OTHER,,385,"$97,002.04 ","$76,397.81 "
,TOTAL,,392,"$97,542.60 ","$76,830.26 "
21010,SG,,1,$444.37 ,$355.50 
,80'S,,1,$45.50 ,$36.40 
,OTHER,,28,"$10,005.98 ","$7,978.40 "
,TOTAL,,30,"$10,495.85 ","$8,370.30 "
21015,SG,,395,"$164,246.72 ","$130,324.87 "
,OTHER,,"3,694","$1,099,416.42 ","$873,561.78 "
,TOTAL,,"4,089","$1,263,663.14 ","$1,003,886.65 "
21025,SG,,26,"$10,309.73 ","$8,019.74 "
,OTHER,,"1,369","$807,077.61 ","$639,701.60 "
,TOTAL,,"1,395","$817,387.34 ","$647,721.34 "
21026,SG,,28,"$9,147.50 ","$7,318.01 "
,OTHER,,420,"$138,554.52 ","$108,983.59 "
,TOTAL,,448,"$147,702.02 ","$116,301.60 "
21029,SG,,18,"$6,387.86 ","$5,110.27 "
,OTHER,,141,"$69,427.02 ","$54,802.82 "
,TOTAL,,159,"$75,814.88 ","$59,913.09 "
21030,OTHER,,"1,536","$564,361.99 ","$443,288.68 "
,TOTAL,,"1,536","$564,361.99 ","$443,288.68 "
21031,OTHER,,"1,084","$250,412.29 ","$195,624.32 "
,TOTAL,,"1,084","$250,412.29 ","$195,624.32 "
21032,OTHER,,369,"$93,327.85 ","$72,648.93 "
,TOTAL,,369,"$93,327.85 ","$72,648.93 "
21034,AS,,1,$146.78 ,$117.42 
,SG,,11,"$5,340.04 ","$4,272.03 "
,80'S,,6,$873.97 ,$699.19 
,OTHER,,177,"$160,124.92 ","$126,952.07 "
,TOTAL,,195,"$166,485.71 ","$132,040.71 "
21040,SG,,43,"$17,129.84 ","$13,542.04 "
,OTHER,,"1,704","$603,246.55 ","$474,527.78 "
,TOTAL,,"1,747","$620,376.39 ","$488,069.82 "
21044,AS,,8,$714.84 ,$571.86 
,SG,,6,"$2,433.66 ","$1,946.92 "
,80'S,,26,"$2,620.22 ","$2,096.17 "
,OTHER,,288,"$182,801.23 ","$144,507.31 "
,TOTAL,,328,"$188,569.95 ","$149,122.26 "
21045,AS,,2,$214.27 ,$171.42 
,80'S,,32,"$5,140.37 ","$4,112.25 "
,OTHER,,292,"$260,111.61 ","$206,214.09 "
,TOTAL,,326,"$265,466.25 ","$210,497.76 "
21046,SG,,9,"$4,203.89 ","$3,363.11 "
,80'S,,5,$738.27 ,$590.62 
,OTHER,,384,"$349,065.17 ","$277,571.53 "
,TOTAL,,398,"$354,007.33 ","$281,525.26 "
21047,AS,,1,$166.59 ,$133.27 
,SG,,2,$894.84 ,$715.87 
,80'S,,5,$939.94 ,$751.95 
,OTHER,,65,"$74,839.16 ","$57,859.11 "
,TOTAL,,73,"$76,840.53 ","$59,460.20 "
21048,80'S,,1,$156.34 ,$125.07 
,OTHER,,191,"$162,057.95 ","$125,594.28 "
,TOTAL,,192,"$162,214.29 ","$125,719.35 "
21049,80'S,,1,$208.99 ,$167.19 
,OTHER,,15,"$18,615.68 ","$14,892.55 "
,TOTAL,,16,"$18,824.67 ","$15,059.74 "
21050,80'S,,2,$189.76 ,$151.81 
,OTHER,,29,"$15,505.90 ","$12,404.68 "
,TOTAL,,31,"$15,695.66 ","$12,556.49 "
21060,SG,,2,$897.97 ,$718.38 
,OTHER,,14,"$5,906.86 ","$4,725.48 "
,TOTAL,,16,"$6,804.83 ","$5,443.86 "
21070,80'S,,1,$48.14 ,$38.51 
,OTHER,,68,"$29,457.84 ","$22,028.72 "
,TOTAL,,69,"$29,505.98 ","$22,067.23 "
21076,OTHER,,312,"$271,870.89 ","$216,090.88 "
,TOTAL,,312,"$271,870.89 ","$216,090.88 "
21077,OTHER,,58,"$143,774.95 ","$114,795.59 "
,TOTAL,,58,"$143,774.95 ","$114,795.59 "
21079,OTHER,,430,"$611,624.22 ","$485,799.24 "
,TOTAL,,430,"$611,624.22 ","$485,799.24 "
21080,OTHER,,620,"$1,102,663.85 ","$876,473.56 "
,TOTAL,,620,"$1,102,663.85 ","$876,473.56 "
21081,OTHER,,193,"$301,580.17 ","$240,777.24 "
,TOTAL,,193,"$301,580.17 ","$240,777.24 "
21082,OTHER,,105,"$133,920.41 ","$107,089.94 "
,TOTAL,,105,"$133,920.41 ","$107,089.94 "
21083,OTHER,,68,"$99,006.54 ","$78,998.18 "
,TOTAL,,68,"$99,006.54 ","$78,998.18 "
21084,OTHER,,88,"$134,178.57 ","$107,006.72 "
,TOTAL,,88,"$134,178.57 ","$107,006.72 "
21085,OTHER,,"1,010","$587,925.99 ","$464,722.22 "
,TOTAL,,"1,010","$587,925.99 ","$464,722.22 "
21086,OTHER,,82,"$142,063.53 ","$112,992.87 "
,TOTAL,,82,"$142,063.53 ","$112,992.87 "
21087,OTHER,,189,"$325,612.90 ","$259,481.57 "
,TOTAL,,189,"$325,612.90 ","$259,481.57 "
21088,OTHER,,46,"$169,382.63 ","$135,361.30 "
,TOTAL,,46,"$169,382.63 ","$135,361.30 "
21089,OTHER,,897,"$566,319.52 ","$448,237.77 "
,TOTAL,,897,"$566,319.52 ","$448,237.77 "
21100,OTHER,,24,"$3,904.05 ","$2,886.44 "
,TOTAL,,24,"$3,904.05 ","$2,886.44 "
21110,OTHER,,516,"$185,681.05 ","$146,394.47 "
,TOTAL,,516,"$185,681.05 ","$146,394.47 "
21116,OTHER,,104,"$15,326.16 ","$11,960.34 "
,TOTAL,,104,"$15,326.16 ","$11,960.34 "
21120,OTHER,,10,"$2,256.26 ","$1,580.52 "
,TOTAL,,10,"$2,256.26 ","$1,580.52 "
21121,OTHER,,13,"$5,056.19 ","$4,044.93 "
,TOTAL,,13,"$5,056.19 ","$4,044.93 "
21122,OTHER,,5,"$2,566.24 ","$2,053.00 "
,TOTAL,,5,"$2,566.24 ","$2,053.00 "
21123,OTHER,,4,"$1,099.53 ",$879.62 
,TOTAL,,4,"$1,099.53 ",$879.62 
21125,OTHER,,34,"$9,945.58 ","$7,871.15 "
,TOTAL,,34,"$9,945.58 ","$7,871.15 "
21127,80'S,,1,$117.36 ,$93.89 
,OTHER,,13,"$5,994.20 ","$4,795.36 "
,TOTAL,,14,"$6,111.56 ","$4,889.25 "
21137,OTHER,,3,"$1,977.90 ","$1,550.06 "
,TOTAL,,3,"$1,977.90 ","$1,550.06 "
21138,80'S,,3,$214.80 ,$171.84 
,OTHER,,8,"$4,334.61 ","$3,467.68 "
,TOTAL,,11,"$4,549.41 ","$3,639.52 "
21141,80'S,,3,$382.82 ,$306.25 
,OTHER,,30,"$28,234.18 ","$21,984.46 "
,TOTAL,,33,"$28,617.00 ","$22,290.71 "
21142,80'S,,4,$473.57 ,$378.86 
,OTHER,,17,"$12,024.21 ","$9,580.26 "
,TOTAL,,21,"$12,497.78 ","$9,959.12 "
21143,80'S,,2,$388.31 ,$310.65 
,OTHER,,5,"$5,432.90 ","$4,346.31 "
,TOTAL,,7,"$5,821.21 ","$4,656.96 "
21145,80'S,,1,$196.60 ,$157.28 
,OTHER,,13,"$14,863.49 ","$11,890.77 "
,TOTAL,,14,"$15,060.09 ","$12,048.05 "
21146,OTHER,,2,"$1,497.96 ",$991.15 
,TOTAL,,2,"$1,497.96 ",$991.15 
21147,80'S,,1,$130.00 ,$104.00 
,OTHER,,3,"$4,272.13 ","$3,417.71 "
,TOTAL,,4,"$4,402.13 ","$3,521.71 "
21150,OTHER,,4,"$4,953.10 ","$3,962.48 "
,TOTAL,,4,"$4,953.10 ","$3,962.48 "
21151,OTHER,,1,"$1,658.04 ","$1,326.43 "
,TOTAL,,1,"$1,658.04 ","$1,326.43 "
21154,OTHER,,1,"$2,086.63 ","$1,669.30 "
,TOTAL,,1,"$2,086.63 ","$1,669.30 "
21159,80'S,,1,$448.73 ,$358.98 
,OTHER,,2,"$5,642.74 ","$4,514.19 "
,TOTAL,,3,"$6,091.47 ","$4,873.17 "
21160,OTHER,,11,"$4,905.97 ","$3,308.83 "
,TOTAL,,11,"$4,905.97 ","$3,308.83 "
21172,80'S,,5,"$1,044.77 ",$835.82 
,OTHER,,69,"$39,509.76 ","$31,526.86 "
,TOTAL,,74,"$40,554.53 ","$32,362.68 "
21175,80'S,,1,$498.75 ,$399.00 
,OTHER,,7,"$8,097.66 ","$6,478.13 "
,TOTAL,,8,"$8,596.41 ","$6,877.13 "
21179,80'S,,1,$238.68 ,$190.94 
,OTHER,,16,"$20,883.54 ","$15,697.06 "
,TOTAL,,17,"$21,122.22 ","$15,888.00 "
21180,OTHER,,5,"$5,751.26 ","$3,570.14 "
,TOTAL,,5,"$5,751.26 ","$3,570.14 "
21181,SG,,5,"$5,135.45 ","$4,028.37 "
,OTHER,,12,"$7,442.06 ","$5,953.63 "
,TOTAL,,17,"$12,577.51 ","$9,982.00 "
21182,80'S,,7,"$2,126.46 ","$1,701.17 "
,OTHER,,28,"$48,593.01 ","$38,874.44 "
,TOTAL,,35,"$50,719.47 ","$40,575.61 "
21183,OTHER,,6,"$12,996.16 ","$10,396.93 "
,TOTAL,,6,"$12,996.16 ","$10,396.93 "
21184,80'S,,1,$382.73 ,$306.18 
,OTHER,,2,"$4,745.12 ","$3,796.09 "
,TOTAL,,3,"$5,127.85 ","$4,102.27 "
21188,80'S,,1,$258.65 ,$206.92 
,OTHER,,16,"$21,509.62 ","$17,207.67 "
,TOTAL,,17,"$21,768.27 ","$17,414.59 "
21193,80'S,,4,$637.50 ,$510.00 
,OTHER,,48,"$52,887.55 ","$42,270.44 "
,TOTAL,,52,"$53,525.05 ","$42,780.44 "
21194,80'S,,2,$216.43 ,$173.14 
,OTHER,,10,"$9,189.69 ","$7,351.73 "
,TOTAL,,12,"$9,406.12 ","$7,524.87 "
21195,80'S,,2,$346.10 ,$276.88 
,OTHER,,5,"$5,661.48 ","$4,529.17 "
,TOTAL,,7,"$6,007.58 ","$4,806.05 "
21196,AS,,1,$128.35 ,$102.68 
,80'S,,30,"$4,165.59 ","$3,332.46 "
,OTHER,,110,"$106,004.41 ","$82,977.69 "
,TOTAL,,141,"$110,298.35 ","$86,412.83 "
21198,80'S,,9,$757.40 ,$605.92 
,OTHER,,137,"$84,162.79 ","$67,330.28 "
,TOTAL,,146,"$84,920.19 ","$67,936.20 "
21199,80'S,,6,$839.52 ,$671.62 
,OTHER,,90,"$79,937.13 ","$62,415.78 "
,TOTAL,,96,"$80,776.65 ","$63,087.40 "
21206,80'S,,1,$148.57 ,$118.86 
,OTHER,,30,"$18,621.67 ","$14,897.34 "
,TOTAL,,31,"$18,770.24 ","$15,016.20 "
21208,SG,,11,"$10,977.51 ","$8,782.02 "
,80'S,,1,$61.83 ,$49.46 
,OTHER,,108,"$66,175.62 ","$52,698.98 "
,TOTAL,,120,"$77,214.96 ","$61,530.46 "
21209,SG,,2,"$1,101.18 ",$880.95 
,80'S,,2,$82.60 ,$66.08 
,OTHER,,30,"$10,798.12 ","$8,466.90 "
,TOTAL,,34,"$11,981.90 ","$9,413.93 "
21210,SG,,10,"$9,159.34 ","$7,327.46 "
,OTHER,,536,"$380,921.75 ","$302,238.40 "
,TOTAL,,546,"$390,081.09 ","$309,565.86 "
21215,SG,,8,"$8,080.24 ","$5,659.65 "
,80'S,,1,$123.12 ,$98.50 
,OTHER,,352,"$249,695.88 ","$197,779.48 "
,TOTAL,,361,"$257,899.24 ","$203,537.63 "
21230,SG,,9,"$8,369.29 ","$5,354.28 "
,OTHER,,57,"$31,681.68 ","$24,558.29 "
,TOTAL,,66,"$40,050.97 ","$29,912.57 "
21235,SG,,402,"$375,457.55 ","$294,668.73 "
,OTHER,,"2,347","$756,140.01 ","$598,412.67 "
,TOTAL,,"2,749","$1,131,597.56 ","$893,081.40 "
21240,SG,,7,"$4,244.91 ","$3,395.94 "
,80'S,,36,"$6,222.15 ","$4,977.70 "
,OTHER,,176,"$184,992.20 ","$144,141.69 "
,TOTAL,,219,"$195,459.26 ","$152,515.33 "
21242,SG,,2,"$1,487.86 ","$1,190.29 "
,80'S,,4,$635.36 ,$508.29 
,OTHER,,18,"$17,410.61 ","$13,928.50 "
,TOTAL,,24,"$19,533.83 ","$15,627.08 "
21243,80'S,,14,"$3,585.80 ","$2,868.64 "
,OTHER,,68,"$107,169.63 ","$82,118.74 "
,TOTAL,,82,"$110,755.43 ","$84,987.38 "
21244,80'S,,44,"$4,458.90 ","$3,567.17 "
,OTHER,,295,"$151,847.48 ","$120,523.64 "
,TOTAL,,339,"$156,306.38 ","$124,090.81 "
21245,SG,,1,$926.24 ,$740.99 
,80'S,,4,$280.04 ,$224.04 
,OTHER,,37,"$20,488.92 ","$16,323.11 "
,TOTAL,,42,"$21,695.20 ","$17,288.14 "
21246,OTHER,,7,"$3,397.84 ","$2,718.26 "
,TOTAL,,7,"$3,397.84 ","$2,718.26 "
21247,OTHER,,7,"$9,965.20 ","$7,219.01 "
,TOTAL,,7,"$9,965.20 ","$7,219.01 "
21248,SG,,4,"$3,337.60 ","$2,670.08 "
,OTHER,,226,"$160,118.18 ","$126,101.48 "
,TOTAL,,230,"$163,455.78 ","$128,771.56 "
21249,80'S,,2,$190.06 ,$152.05 
,OTHER,,102,"$87,244.39 ","$69,715.57 "
,TOTAL,,104,"$87,434.45 ","$69,867.62 "
21255,80'S,,1,$93.32 ,$74.66 
,OTHER,,12,"$10,165.50 ","$8,132.40 "
,TOTAL,,13,"$10,258.82 ","$8,207.06 "
21256,80'S,,1,$78.01 ,$62.41 
,OTHER,,22,"$17,834.02 ","$14,267.22 "
,TOTAL,,23,"$17,912.03 ","$14,329.63 "
21260,OTHER,,5,"$2,009.13 ","$1,152.51 "
,TOTAL,,5,"$2,009.13 ","$1,152.51 "
21263,OTHER,,1,$837.36 ,$669.89 
,TOTAL,,1,$837.36 ,$669.89 
21267,SG,,5,"$4,637.58 ","$3,710.06 "
,80'S,,2,$407.01 ,$325.60 
,OTHER,,17,"$19,021.94 ","$15,217.56 "
,TOTAL,,24,"$24,066.53 ","$19,253.22 "
21270,SG,,3,"$2,030.74 ","$1,624.59 "
,80'S,,2,$173.82 ,$139.05 
,OTHER,,64,"$33,772.71 ","$26,748.10 "
,TOTAL,,69,"$35,977.27 ","$28,511.74 "
21275,80'S,,3,$187.35 ,$149.88 
,OTHER,,17,"$10,895.92 ","$8,716.72 "
,TOTAL,,20,"$11,083.27 ","$8,866.60 "
21280,SG,,140,"$96,737.34 ","$76,271.70 "
,OTHER,,382,"$107,894.34 ","$85,563.42 "
,TOTAL,,522,"$204,631.68 ","$161,835.12 "
21282,SG,,390,"$261,582.77 ","$208,528.15 "
,OTHER,,"1,193","$227,390.59 ","$181,242.14 "
,TOTAL,,"1,583","$488,973.36 ","$389,770.29 "
21295,OTHER,,2,$356.64 ,$285.31 
,TOTAL,,2,$356.64 ,$285.31 
21296,SG,,1,$323.96 ,$259.17 
,OTHER,,3,$651.25 ,$521.00 
,TOTAL,,4,$975.21 ,$780.17 
21299,80'S,,1,$132.51 ,$106.01 
,OTHER,,474,"$123,145.71 ","$97,645.39 "
,TOTAL,,475,"$123,278.22 ","$97,751.40 "
21300,SG,,1,$432.56 ,$346.05 
,OTHER,,50,"$2,293.09 ","$1,690.12 "
,TOTAL,,51,"$2,725.65 ","$2,036.17 "
21310,SG,,2,$883.39 ,$706.72 
,OTHER,,"2,949","$89,492.59 ","$69,798.38 "
,TOTAL,,"2,951","$90,375.98 ","$70,505.10 "
21315,SG,,22,"$8,652.43 ","$6,605.21 "
,OTHER,,433,"$51,276.43 ","$40,063.01 "
,TOTAL,,455,"$59,928.86 ","$46,668.22 "
21320,SG,,214,"$84,464.80 ","$66,714.03 "
,OTHER,,"1,537","$207,497.17 ","$162,887.48 "
,TOTAL,,"1,751","$291,961.97 ","$229,601.51 "
21325,SG,,17,"$9,474.05 ","$7,499.22 "
,OTHER,,185,"$30,384.83 ","$22,888.04 "
,TOTAL,,202,"$39,858.88 ","$30,387.26 "
21330,SG,,13,"$8,832.97 ","$7,066.36 "
,80'S,,2,$104.87 ,$83.90 
,OTHER,,144,"$48,816.59 ","$38,641.45 "
,TOTAL,,159,"$57,754.43 ","$45,791.71 "
21335,SG,,121,"$112,105.62 ","$88,892.07 "
,OTHER,,506,"$269,630.95 ","$213,885.09 "
,TOTAL,,627,"$381,736.57 ","$302,777.16 "
21336,SG,,40,"$23,033.49 ","$18,335.49 "
,OTHER,,101,"$38,670.07 ","$30,796.78 "
,TOTAL,,141,"$61,703.56 ","$49,132.27 "
21337,SG,,38,"$15,760.95 ","$12,594.92 "
,80'S,,1,$19.52 ,$15.62 
,OTHER,,305,"$68,561.33 ","$54,005.48 "
,TOTAL,,344,"$84,341.80 ","$66,616.02 "
21338,80'S,,3,$200.71 ,$160.57 
,OTHER,,33,"$9,947.92 ","$7,958.33 "
,TOTAL,,36,"$10,148.63 ","$8,118.90 "
21339,80'S,,2,$83.43 ,$66.74 
,OTHER,,12,"$3,902.09 ","$3,121.67 "
,TOTAL,,14,"$3,985.52 ","$3,188.41 "
21340,80'S,,1,$121.76 ,$97.41 
,OTHER,,7,"$3,569.75 ","$2,855.81 "
,TOTAL,,8,"$3,691.51 ","$2,953.22 "
21343,80'S,,3,$404.08 ,$323.27 
,OTHER,,32,"$24,797.54 ","$19,787.03 "
,TOTAL,,35,"$25,201.62 ","$20,110.30 "
21344,80'S,,1,$179.53 ,$143.62 
,OTHER,,59,"$64,876.44 ","$50,564.58 "
,TOTAL,,60,"$65,055.97 ","$50,708.20 "
21345,OTHER,,18,"$8,966.58 ","$7,173.26 "
,TOTAL,,18,"$8,966.58 ","$7,173.26 "
21346,OTHER,,44,"$28,240.49 ","$22,592.39 "
,TOTAL,,44,"$28,240.49 ","$22,592.39 "
21347,80'S,,9,"$1,010.81 ",$808.65 
,OTHER,,70,"$50,463.52 ","$39,908.11 "
,TOTAL,,79,"$51,474.33 ","$40,716.76 "
21348,OTHER,,2,"$1,431.71 ","$1,145.37 "
,TOTAL,,2,"$1,431.71 ","$1,145.37 "
21355,SG,,4,"$2,006.69 ","$1,565.57 "
,OTHER,,19,"$3,601.05 ","$2,832.04 "
,TOTAL,,23,"$5,607.74 ","$4,397.61 "
21356,80'S,,4,$91.39 ,$73.11 
,OTHER,,143,"$39,362.00 ","$31,369.28 "
,TOTAL,,147,"$39,453.39 ","$31,442.39 "
21360,80'S,,3,$197.39 ,$157.91 
,OTHER,,132,"$54,242.80 ","$42,888.35 "
,TOTAL,,135,"$54,440.19 ","$43,046.26 "
21365,AS,,4,$600.79 ,$480.63 
,80'S,,39,"$6,539.23 ","$5,124.50 "
,OTHER,,497,"$490,911.07 ","$387,110.20 "
,TOTAL,,540,"$498,051.09 ","$392,715.33 "
21366,80'S,,1,$176.99 ,$141.59 
,OTHER,,13,"$12,631.27 ","$10,105.03 "
,TOTAL,,14,"$12,808.26 ","$10,246.62 "
21385,80'S,,5,$416.32 ,$333.06 
,OTHER,,42,"$21,149.64 ","$16,448.89 "
,TOTAL,,47,"$21,565.96 ","$16,781.95 "
21386,80'S,,8,$684.68 ,$547.76 
,OTHER,,103,"$52,671.31 ","$41,630.42 "
,TOTAL,,111,"$53,355.99 ","$42,178.18 "
21387,80'S,,2,$161.43 ,$129.14 
,OTHER,,27,"$12,882.98 ","$10,226.39 "
,TOTAL,,29,"$13,044.41 ","$10,355.53 "
21390,AS,,4,$302.34 ,$241.87 
,80'S,,43,"$4,425.87 ","$3,540.67 "
,OTHER,,585,"$369,396.44 ","$292,274.23 "
,TOTAL,,632,"$374,124.65 ","$296,056.77 "
21395,OTHER,,16,"$11,343.95 ","$9,075.15 "
,TOTAL,,16,"$11,343.95 ","$9,075.15 "
21400,SG,,1,$438.76 ,$351.01 
,OTHER,,80,"$9,458.21 ","$7,450.25 "
,TOTAL,,81,"$9,896.97 ","$7,801.26 "
21401,OTHER,,6,"$1,605.33 ","$1,284.25 "
,TOTAL,,6,"$1,605.33 ","$1,284.25 "
21406,AS,,2,$153.76 ,$123.00 
,80'S,,4,$260.10 ,$208.08 
,OTHER,,76,"$26,773.36 ","$20,083.63 "
,TOTAL,,82,"$27,187.22 ","$20,414.71 "
21407,AS,,1,$43.97 ,$35.18 
,80'S,,12,$716.56 ,$573.26 
,OTHER,,157,"$65,948.81 ","$52,759.03 "
,TOTAL,,170,"$66,709.34 ","$53,367.47 "
21408,OTHER,,9,"$6,382.31 ","$5,105.84 "
,TOTAL,,9,"$6,382.31 ","$5,105.84 "
21421,SG,,2,$932.58 ,$746.07 
,OTHER,,48,"$20,034.57 ","$15,862.73 "
,TOTAL,,50,"$20,967.15 ","$16,608.80 "
21422,80'S,,11,$769.71 ,$615.76 
,OTHER,,119,"$56,534.51 ","$44,592.84 "
,TOTAL,,130,"$57,304.22 ","$45,208.60 "
21423,80'S,,6,$579.51 ,$463.61 
,OTHER,,76,"$41,267.89 ","$32,941.65 "
,TOTAL,,82,"$41,847.40 ","$33,405.26 "
21431,OTHER,,6,"$1,883.56 ","$1,506.84 "
,TOTAL,,6,"$1,883.56 ","$1,506.84 "
21432,80'S,,1,$45.68 ,$36.54 
,OTHER,,9,"$3,172.35 ","$2,101.49 "
,TOTAL,,10,"$3,218.03 ","$2,138.03 "
21433,80'S,,3,$773.91 ,$619.13 
,OTHER,,24,"$37,088.81 ","$29,671.04 "
,TOTAL,,27,"$37,862.72 ","$30,290.17 "
21435,80'S,,1,$176.79 ,$141.43 
,OTHER,,17,"$15,138.75 ","$11,402.02 "
,TOTAL,,18,"$15,315.54 ","$11,543.45 "
21436,OTHER,,2,"$3,188.15 ","$2,550.52 "
,TOTAL,,2,"$3,188.15 ","$2,550.52 "
21440,SG,,3,"$1,285.16 ","$1,028.14 "
,OTHER,,138,"$42,809.62 ","$33,613.22 "
,TOTAL,,141,"$44,094.78 ","$34,641.36 "
21445,80'S,,4,$219.03 ,$175.22 
,OTHER,,71,"$28,996.63 ","$22,550.68 "
,TOTAL,,75,"$29,215.66 ","$22,725.90 "
21450,SG,,1,$242.66 ,$194.13 
,OTHER,,100,"$30,843.88 ","$24,094.57 "
,TOTAL,,101,"$31,086.54 ","$24,288.70 "
21451,OTHER,,80,"$29,896.08 ","$23,756.87 "
,TOTAL,,80,"$29,896.08 ","$23,756.87 "
21452,80'S,,1,$16.20 ,$12.96 
,OTHER,,16,"$3,141.83 ","$2,456.66 "
,TOTAL,,17,"$3,158.03 ","$2,469.62 "
21453,SG,,4,"$1,762.17 ","$1,092.73 "
,80'S,,6,$381.92 ,$305.54 
,OTHER,,327,"$151,054.74 ","$118,709.77 "
,TOTAL,,337,"$153,198.83 ","$120,108.04 "
21454,80'S,,3,$254.19 ,$196.52 
,OTHER,,38,"$14,236.60 ","$11,389.28 "
,TOTAL,,41,"$14,490.79 ","$11,585.80 "
21461,AS,,1,$82.80 ,$66.24 
,SG,,2,"$1,345.50 ","$1,076.40 "
,80'S,,13,"$1,125.21 ",$842.61 
,OTHER,,244,"$129,654.21 ","$103,223.84 "
,TOTAL,,260,"$132,207.72 ","$105,209.09 "
21462,AS,,2,$146.00 ,$116.80 
,SG,,4,"$2,895.39 ","$2,316.32 "
,80'S,,23,"$2,546.04 ","$2,036.85 "
,OTHER,,300,"$201,782.02 ","$160,403.84 "
,TOTAL,,329,"$207,369.45 ","$164,873.81 "
21465,80'S,,5,$670.33 ,$536.27 
,OTHER,,37,"$27,305.01 ","$21,844.02 "
,TOTAL,,42,"$27,975.34 ","$22,380.29 "
21470,AS,,2,$211.82 ,$169.46 
,80'S,,45,"$7,182.31 ","$5,745.88 "
,OTHER,,452,"$443,463.98 ","$353,660.17 "
,TOTAL,,499,"$450,858.11 ","$359,575.51 "
21480,SG,,2,$501.72 ,$401.37 
,OTHER,,"1,244","$59,487.60 ","$45,262.12 "
,TOTAL,,"1,246","$59,989.32 ","$45,663.49 "
21485,SG,,1,$443.77 ,$355.02 
,OTHER,,388,"$110,724.35 ","$87,363.24 "
,TOTAL,,389,"$111,168.12 ","$87,718.26 "
21490,SG,,2,"$1,014.90 ",$811.92 
,80'S,,3,$410.55 ,$328.44 
,OTHER,,16,"$12,203.31 ","$9,762.64 "
,TOTAL,,21,"$13,628.76 ","$10,903.00 "
21495,OTHER,,7,"$1,964.10 ","$1,571.27 "
,TOTAL,,7,"$1,964.10 ","$1,571.27 "
21497,SG,,1,$443.77 ,$355.02 
,OTHER,,21,"$4,849.54 ","$3,845.91 "
,TOTAL,,22,"$5,293.31 ","$4,200.93 "
21499,80'S,,1,$554.51 ,$443.61 
,OTHER,,109,"$43,283.48 ","$34,172.66 "
,TOTAL,,110,"$43,837.99 ","$34,616.27 "
21501,SG,,64,"$26,554.04 ","$21,243.22 "
,OTHER,,"3,648","$953,451.77 ","$752,558.07 "
,TOTAL,,"3,712","$980,005.81 ","$773,801.29 "
21502,AS,,1,$36.05 ,$28.84 
,80'S,,8,$431.05 ,$344.81 
,OTHER,,35,"$14,305.39 ","$11,129.83 "
,TOTAL,,44,"$14,772.49 ","$11,503.48 "
21510,80'S,,1,$36.69 ,$29.35 
,OTHER,,79,"$28,533.81 ","$22,763.05 "
,TOTAL,,80,"$28,570.50 ","$22,792.40 "
21550,OTHER,,"3,753","$622,398.97 ","$489,527.70 "
,TOTAL,,"3,753","$622,398.97 ","$489,527.70 "
21555,SG,,"1,292","$517,754.21 ","$409,186.00 "
,OTHER,,"8,058","$2,240,278.48 ","$1,761,511.33 "
,TOTAL,,"9,350","$2,758,032.69 ","$2,170,697.33 "
21556,SG,,974,"$388,982.18 ","$306,303.90 "
,OTHER,,"5,930","$2,098,143.42 ","$1,652,882.64 "
,TOTAL,,"6,904","$2,487,125.60 ","$1,959,186.54 "
21557,AS,,47,"$3,033.20 ","$2,426.57 "
,80'S,,124,"$9,714.02 ","$7,658.63 "
,OTHER,,"1,825","$857,723.49 ","$682,315.80 "
,TOTAL,,"1,996","$870,470.71 ","$692,401.00 "
21600,AS,,37,"$1,868.74 ","$1,418.74 "
,80'S,,90,"$3,923.03 ","$3,138.40 "
,OTHER,,699,"$224,251.05 ","$177,694.01 "
,TOTAL,,826,"$230,042.82 ","$182,251.15 "
21610,AS,,7,$700.62 ,$560.50 
,SG,,1,$466.48 ,$56.90 
,80'S,,4,$505.17 ,$404.14 
,OTHER,,52,"$26,306.17 ","$19,944.47 "
,TOTAL,,64,"$27,978.44 ","$20,966.01 "
21615,AS,,10,$727.84 ,$582.26 
,80'S,,23,"$1,713.36 ","$1,354.29 "
,OTHER,,112,"$55,149.75 ","$42,432.43 "
,TOTAL,,145,"$57,590.95 ","$44,368.98 "
21616,80'S,,1,$131.50 ,$105.20 
,OTHER,,3,"$1,865.36 ","$1,492.29 "
,TOTAL,,4,"$1,996.86 ","$1,597.49 "
21620,AS,,50,"$2,245.70 ","$1,793.66 "
,80'S,,54,"$2,951.11 ","$2,360.87 "
,OTHER,,398,"$134,825.83 ","$107,504.70 "
,TOTAL,,502,"$140,022.64 ","$111,659.23 "
21627,AS,,355,"$22,142.17 ","$17,582.39 "
,80'S,,223,"$14,748.31 ","$11,787.86 "
,OTHER,,"3,389","$1,337,021.27 ","$1,064,295.01 "
,TOTAL,,"3,967","$1,373,911.75 ","$1,093,665.26 "
21630,AS,,25,"$3,314.49 ","$2,651.57 "
,80'S,,45,"$6,555.04 ","$5,244.07 "
,OTHER,,510,"$409,670.06 ","$325,861.75 "
,TOTAL,,580,"$419,539.59 ","$333,757.39 "
21632,AS,,16,"$1,413.70 ","$1,130.97 "
,80'S,,33,"$3,164.66 ","$2,531.73 "
,OTHER,,92,"$59,964.89 ","$47,971.74 "
,TOTAL,,141,"$64,543.25 ","$51,634.44 "
21685,80'S,,2,$194.44 ,$155.55 
,OTHER,,89,"$67,511.12 ","$52,758.20 "
,TOTAL,,91,"$67,705.56 ","$52,913.75 "
21700,AS,,3,$92.86 ,$74.29 
,80'S,,8,$306.82 ,$245.46 
,OTHER,,247,"$34,505.87 ","$25,067.99 "
,TOTAL,,258,"$34,905.55 ","$25,387.74 "
21705,80'S,,7,$426.97 ,$341.58 
,OTHER,,25,"$11,589.13 ","$9,191.30 "
,TOTAL,,32,"$12,016.10 ","$9,532.88 "
21720,AS,,1,$28.63 ,$22.90 
,80'S,,2,$57.26 ,$45.80 
,OTHER,,24,"$7,027.68 ","$5,622.14 "
,TOTAL,,27,"$7,113.57 ","$5,690.84 "
21725,OTHER,,1,$334.13 ,$267.30 
,TOTAL,,1,$334.13 ,$267.30 
21740,AS,,5,$561.89 ,$449.51 
,80'S,,2,$240.77 ,$192.61 
,OTHER,,23,"$17,261.50 ","$13,809.21 "
,TOTAL,,30,"$18,064.16 ","$14,451.33 "
21743,80'S,,1,$153.65 ,$122.92 
,OTHER,,2,"$1,444.49 ","$1,155.59 "
,TOTAL,,3,"$1,598.14 ","$1,278.51 "
21750,AS,,437,"$37,683.36 ","$30,121.09 "
,80'S,,170,"$15,794.68 ","$12,635.80 "
,OTHER,,"2,231","$1,197,080.79 ","$952,737.29 "
,TOTAL,,"2,838","$1,250,558.83 ","$995,494.18 "
21800,OTHER,,"17,699","$1,317,304.83 ","$1,017,808.12 "
,TOTAL,,"17,699","$1,317,304.83 ","$1,017,808.12 "
21805,AS,,1,$31.93 ,$25.54 
,80'S,,1,$19.17 ,$15.34 
,OTHER,,7,"$1,152.18 ",$921.74 
,TOTAL,,9,"$1,203.28 ",$962.62 
21810,80'S,,1,$40.78 ,$32.62 
,OTHER,,9,"$2,780.69 ","$2,224.54 "
,TOTAL,,10,"$2,821.47 ","$2,257.16 "
21820,OTHER,,181,"$20,322.04 ","$15,733.65 "
,TOTAL,,181,"$20,322.04 ","$15,733.65 "
21825,AS,,10,$523.31 ,$418.66 
,80'S,,28,"$1,627.00 ","$1,301.67 "
,OTHER,,154,"$56,926.18 ","$45,540.95 "
,TOTAL,,192,"$59,076.49 ","$47,261.28 "
21899,80'S,,8,"$1,127.21 ",$901.77 
,OTHER,,164,"$66,818.26 ","$53,454.63 "
,TOTAL,,172,"$67,945.47 ","$54,356.40 "
21920,OTHER,,"1,762","$290,592.61 ","$226,315.29 "
,TOTAL,,"1,762","$290,592.61 ","$226,315.29 "
21925,SG,,64,"$25,687.11 ","$20,513.88 "
,OTHER,,765,"$224,893.65 ","$176,739.74 "
,TOTAL,,829,"$250,580.76 ","$197,253.62 "
21930,SG,,"1,368","$543,073.84 ","$428,841.76 "
,OTHER,,"8,131","$2,603,645.03 ","$2,043,188.30 "
,TOTAL,,"9,499","$3,146,718.87 ","$2,472,030.06 "
21935,SG,,121,"$56,068.10 ","$44,666.31 "
,OTHER,,"1,336","$1,462,724.17 ","$1,160,492.14 "
,TOTAL,,"1,457","$1,518,792.27 ","$1,205,158.45 "
22100,AS,,7,$415.63 ,$332.52 
,80'S,,3,$168.25 ,$134.60 
,OTHER,,55,"$26,193.12 ","$20,239.11 "
,TOTAL,,65,"$26,777.00 ","$20,706.23 "
22101,AS,,9,$673.11 ,$538.48 
,80'S,,4,$282.46 ,$225.97 
,OTHER,,63,"$29,301.45 ","$22,516.92 "
,TOTAL,,76,"$30,257.02 ","$23,281.37 "
22102,AS,,18,"$1,801.23 ","$1,440.97 "
,80'S,,6,$458.11 ,$366.49 
,OTHER,,127,"$67,331.20 ","$53,197.25 "
,TOTAL,,151,"$69,590.54 ","$55,004.71 "
22103,AS,,10,$201.29 ,$161.02 
,80'S,,5,$117.13 ,$93.71 
,OTHER,,142,"$21,337.43 ","$16,618.86 "
,TOTAL,,157,"$21,655.85 ","$16,873.59 "
22110,AS,,12,"$1,350.95 ","$1,080.75 "
,80'S,,12,"$1,340.26 ","$1,072.22 "
,OTHER,,73,"$52,340.67 ","$41,792.52 "
,TOTAL,,97,"$55,031.88 ","$43,945.49 "
22112,AS,,3,$262.81 ,$210.25 
,80'S,,5,$428.93 ,$343.15 
,OTHER,,26,"$16,487.85 ","$12,948.36 "
,TOTAL,,34,"$17,179.59 ","$13,501.76 "
22114,AS,,11,$937.57 ,$750.06 
,80'S,,20,"$1,764.68 ","$1,411.76 "
,OTHER,,87,"$52,131.41 ","$39,503.56 "
,TOTAL,,118,"$54,833.66 ","$41,665.38 "
22116,AS,,10,$204.19 ,$163.36 
,80'S,,25,$581.20 ,$464.91 
,OTHER,,110,"$15,441.67 ","$12,159.81 "
,TOTAL,,145,"$16,227.06 ","$12,788.08 "
22210,AS,,25,"$5,755.15 ","$4,604.09 "
,80'S,,48,"$11,826.68 ","$9,275.23 "
,OTHER,,195,"$306,102.58 ","$242,030.80 "
,TOTAL,,268,"$323,684.41 ","$255,910.12 "
22212,AS,,24,"$2,614.96 ","$2,091.97 "
,80'S,,48,"$6,576.83 ","$5,217.94 "
,OTHER,,187,"$171,046.55 ","$132,469.24 "
,TOTAL,,259,"$180,238.34 ","$139,779.15 "
22214,AS,,196,"$21,136.68 ","$16,873.74 "
,80'S,,279,"$37,053.81 ","$29,352.29 "
,OTHER,,856,"$704,440.23 ","$553,359.08 "
,TOTAL,,"1,331","$762,630.72 ","$599,585.11 "
22216,AS,,245,"$12,688.47 ","$10,087.82 "
,80'S,,320,"$20,563.76 ","$16,166.78 "
,OTHER,,"1,305","$511,991.93 ","$402,333.38 "
,TOTAL,,"1,870","$545,244.16 ","$428,587.98 "
22220,AS,,26,"$4,753.59 ","$3,802.88 "
,80'S,,23,"$4,078.66 ","$3,230.28 "
,OTHER,,95,"$118,176.56 ","$93,403.78 "
,TOTAL,,144,"$127,008.81 ","$100,436.94 "
22222,AS,,1,$190.13 ,$152.10 
,80'S,,7,$905.37 ,$724.28 
,OTHER,,59,"$27,283.65 ","$21,782.73 "
,TOTAL,,67,"$28,379.15 ","$22,659.11 "
22224,AS,,24,"$4,423.07 ","$3,538.45 "
,80'S,,52,"$11,329.63 ","$9,063.75 "
,OTHER,,219,"$270,697.01 ","$213,494.55 "
,TOTAL,,295,"$286,449.71 ","$226,096.75 "
22226,AS,,16,$846.62 ,$677.31 
,80'S,,77,"$4,848.85 ","$3,870.76 "
,OTHER,,230,"$89,518.88 ","$71,553.29 "
,TOTAL,,323,"$95,214.35 ","$76,101.36 "
22305,OTHER,,"3,245","$579,534.88 ","$454,798.72 "
,TOTAL,,"3,245","$579,534.88 ","$454,798.72 "
22310,SG,,1,$177.01 ,$141.61 
,OTHER,,"10,057","$2,634,606.68 ","$2,083,882.90 "
,TOTAL,,"10,058","$2,634,783.69 ","$2,084,024.51 "
22315,OTHER,,769,"$491,917.21 ","$390,769.07 "
,TOTAL,,769,"$491,917.21 ","$390,769.07 "
22318,AS,,65,"$12,642.52 ","$10,098.29 "
,80'S,,94,"$21,117.25 ","$16,506.56 "
,OTHER,,426,"$590,458.82 ","$468,952.72 "
,TOTAL,,585,"$624,218.59 ","$495,557.57 "
22319,AS,,5,"$1,062.68 ",$850.14 
,80'S,,4,"$1,071.69 ",$857.35 
,OTHER,,23,"$33,021.46 ","$26,417.16 "
,TOTAL,,32,"$35,155.83 ","$28,124.65 "
22325,AS,,418,"$56,274.60 ","$45,005.24 "
,80'S,,392,"$55,677.69 ","$44,403.15 "
,OTHER,,"2,804","$2,828,937.16 ","$2,252,725.15 "
,TOTAL,,"3,614","$2,940,889.45 ","$2,342,133.54 "
22326,AS,,97,"$15,093.15 ","$12,074.42 "
,80'S,,151,"$28,741.74 ","$22,784.60 "
,OTHER,,707,"$802,842.46 ","$634,617.58 "
,TOTAL,,955,"$846,677.35 ","$669,476.60 "
22327,AS,,307,"$49,314.32 ","$39,242.41 "
,80'S,,140,"$26,284.72 ","$20,873.77 "
,OTHER,,"1,860","$2,266,931.79 ","$1,807,283.54 "
,TOTAL,,"2,307","$2,342,530.83 ","$1,867,399.72 "
22328,AS,,194,"$7,407.81 ","$5,916.22 "
,80'S,,176,"$7,900.72 ","$6,320.34 "
,OTHER,,"1,283","$364,358.94 ","$291,100.53 "
,TOTAL,,"1,653","$379,667.47 ","$303,337.09 "
22505,SG,,66,"$29,233.35 ","$23,023.48 "
,OTHER,,498,"$45,170.62 ","$35,859.34 "
,TOTAL,,564,"$74,403.97 ","$58,882.82 "
22520,AS,,1,$39.22 ,$31.38 
,OTHER,,"14,062","$8,864,717.01 ","$7,069,680.51 "
,TOTAL,,"14,063","$8,864,756.23 ","$7,069,711.89 "
22521,OTHER,,"13,484","$7,648,072.73 ","$6,104,532.08 "
,TOTAL,,"13,484","$7,648,072.73 ","$6,104,532.08 "
22522,OTHER,,"7,086","$1,660,371.50 ","$1,325,158.68 "
,TOTAL,,"7,086","$1,660,371.50 ","$1,325,158.68 "
22532,AS,,7,"$1,386.87 ","$1,109.49 "
,80'S,,16,"$2,754.97 ","$2,204.00 "
,OTHER,,62,"$62,422.17 ","$49,937.76 "
,TOTAL,,85,"$66,564.01 ","$53,251.25 "
22533,AS,,46,"$9,386.19 ","$7,356.84 "
,80'S,,29,"$5,360.23 ","$4,288.22 "
,OTHER,,144,"$191,469.63 ","$153,175.87 "
,TOTAL,,219,"$206,216.05 ","$164,820.93 "
22534,AS,,13,$672.01 ,$460.48 
,80'S,,18,$915.89 ,$732.69 
,OTHER,,90,"$34,329.39 ","$27,463.52 "
,TOTAL,,121,"$35,917.29 ","$28,656.69 "
22548,AS,,7,"$1,707.07 ","$1,365.65 "
,80'S,,18,"$4,770.31 ","$3,816.24 "
,OTHER,,69,"$103,514.57 ","$82,587.52 "
,TOTAL,,94,"$109,991.95 ","$87,769.41 "
22554,AS,,"6,435","$585,986.98 ","$464,448.55 "
,80'S,,"4,708","$537,247.36 ","$422,549.49 "
,OTHER,,"24,771","$16,916,463.22 ","$13,268,866.54 "
,TOTAL,,"35,914","$18,039,697.56 ","$14,155,864.58 "
22556,AS,,82,"$12,435.73 ","$9,948.53 "
,80'S,,164,"$30,864.61 ","$24,071.21 "
,OTHER,,993,"$1,042,114.87 ","$826,816.63 "
,TOTAL,,"1,239","$1,085,415.21 ","$860,836.37 "
22558,AS,,389,"$65,096.96 ","$51,883.37 "
,80'S,,539,"$105,215.72 ","$81,986.68 "
,OTHER,,"5,644","$5,005,256.15 ","$3,927,032.33 "
,TOTAL,,"6,572","$5,175,568.83 ","$4,060,902.38 "
22585,AS,,"5,343","$252,075.73 ","$200,108.12 "
,80'S,,"4,252","$234,235.03 ","$184,459.20 "
,OTHER,,"22,901","$7,602,860.66 ","$5,976,448.53 "
,TOTAL,,"32,496","$8,089,171.42 ","$6,361,015.85 "
22590,AS,,71,"$12,562.45 ","$10,049.97 "
,80'S,,116,"$23,374.65 ","$18,699.73 "
,OTHER,,611,"$758,040.55 ","$603,346.22 "
,TOTAL,,798,"$793,977.65 ","$632,095.92 "
22595,AS,,169,"$27,693.20 ","$22,074.57 "
,80'S,,230,"$42,535.56 ","$33,280.49 "
,OTHER,,"1,042","$1,182,849.58 ","$938,713.01 "
,TOTAL,,"1,441","$1,253,078.34 ","$994,068.07 "
22600,AS,,"1,002","$111,374.18 ","$88,392.60 "
,80'S,,"1,108","$150,243.92 ","$118,505.10 "
,OTHER,,"5,422","$4,359,849.33 ","$3,451,084.16 "
,TOTAL,,"7,532","$4,621,467.43 ","$3,657,981.86 "
22610,AS,,412,"$42,493.34 ","$33,919.01 "
,80'S,,549,"$67,097.68 ","$52,941.38 "
,OTHER,,"2,358","$1,733,284.34 ","$1,369,263.02 "
,TOTAL,,"3,319","$1,842,875.36 ","$1,456,123.41 "
22612,AS,,"12,612","$2,242,516.84 ","$1,779,456.40 "
,80'S,,"10,388","$2,198,874.58 ","$1,737,823.95 "
,OTHER,,"44,035","$57,695,317.84 ","$45,538,371.16 "
,TOTAL,,"67,035","$62,136,709.26 ","$49,055,651.51 "
22614,AS,,"14,267","$782,295.34 ","$622,986.87 "
,80'S,,"13,414","$864,110.05 ","$684,298.23 "
,OTHER,,"59,491","$23,928,826.43 ","$18,929,909.01 "
,TOTAL,,"87,172","$25,575,231.82 ","$20,237,194.11 "
22630,AS,,"4,931","$653,362.00 ","$518,919.93 "
,80'S,,"3,734","$585,980.75 ","$461,639.66 "
,OTHER,,"15,516","$15,243,870.27 ","$12,005,641.45 "
,TOTAL,,"24,181","$16,483,213.02 ","$12,986,201.04 "
22632,AS,,"1,768","$78,338.42 ","$62,279.72 "
,80'S,,"1,308","$67,334.33 ","$53,099.81 "
,OTHER,,"5,498","$1,762,883.33 ","$1,389,439.88 "
,TOTAL,,"8,574","$1,908,556.08 ","$1,504,819.41 "
22800,AS,,130,"$17,642.38 ","$14,113.97 "
,80'S,,122,"$20,664.12 ","$16,415.61 "
,OTHER,,577,"$552,137.75 ","$439,449.46 "
,TOTAL,,829,"$590,444.25 ","$469,979.04 "
22802,AS,,92,"$24,596.28 ","$19,677.04 "
,80'S,,170,"$52,800.30 ","$42,127.40 "
,OTHER,,542,"$1,040,245.01 ","$819,611.30 "
,TOTAL,,804,"$1,117,641.59 ","$881,415.74 "
22804,AS,,17,"$5,543.90 ","$4,435.12 "
,80'S,,36,"$14,390.89 ","$11,512.69 "
,OTHER,,160,"$372,525.08 ","$291,413.85 "
,TOTAL,,213,"$392,459.87 ","$307,361.66 "
22808,AS,,14,"$2,983.02 ","$2,386.43 "
,80'S,,36,"$8,642.49 ","$6,914.01 "
,OTHER,,258,"$380,078.68 ","$302,486.39 "
,TOTAL,,308,"$391,704.19 ","$311,786.83 "
22810,AS,,8,"$1,962.30 ","$1,569.83 "
,80'S,,22,"$6,477.97 ","$5,182.38 "
,OTHER,,212,"$295,639.11 ","$236,377.14 "
,TOTAL,,242,"$304,079.38 ","$243,129.35 "
22812,AS,,5,"$1,403.63 ","$1,122.91 "
,80'S,,2,$767.81 ,$614.24 
,OTHER,,18,"$36,564.59 ","$28,400.36 "
,TOTAL,,25,"$38,736.03 ","$30,137.51 "
22818,AS,,18,"$5,656.49 ","$4,525.20 "
,80'S,,15,"$4,958.15 ","$3,966.50 "
,OTHER,,57,"$107,461.27 ","$84,312.08 "
,TOTAL,,90,"$118,075.91 ","$92,803.78 "
22819,80'S,,1,$351.94 ,$281.55 
,OTHER,,11,"$22,176.77 ","$15,850.98 "
,TOTAL,,12,"$22,528.71 ","$16,132.53 "
22830,AS,,662,"$42,796.51 ","$34,118.29 "
,80'S,,632,"$48,652.24 ","$38,331.70 "
,OTHER,,"2,960","$1,383,476.86 ","$1,089,917.26 "
,TOTAL,,"4,254","$1,474,925.61 ","$1,162,367.25 "
22840,AS,,"4,871","$512,673.93 ","$406,699.76 "
,80'S,,"3,805","$473,296.31 ","$372,311.73 "
,OTHER,,"16,089","$12,565,143.25 ","$9,897,180.80 "
,TOTAL,,"24,765","$13,551,113.49 ","$10,676,192.29 "
22842,AS,,"7,388","$787,279.45 ","$626,823.46 "
,80'S,,"6,735","$847,824.00 ","$671,978.25 "
,OTHER,,"28,584","$22,536,233.11 ","$17,836,055.75 "
,TOTAL,,"42,707","$24,171,336.56 ","$19,134,857.46 "
22843,AS,,317,"$35,735.47 ","$28,502.11 "
,80'S,,561,"$74,673.97 ","$59,340.88 "
,OTHER,,"1,935","$1,601,331.92 ","$1,269,878.35 "
,TOTAL,,"2,813","$1,711,741.36 ","$1,357,721.34 "
22844,AS,,25,"$3,522.54 ","$2,818.03 "
,80'S,,55,"$9,367.57 ","$7,204.07 "
,OTHER,,212,"$218,611.20 ","$168,231.93 "
,TOTAL,,292,"$231,501.31 ","$178,254.03 "
22845,AS,,"5,323","$542,795.14 ","$429,637.61 "
,80'S,,"4,339","$520,153.34 ","$408,296.50 "
,OTHER,,"20,994","$15,760,374.62 ","$12,354,360.52 "
,TOTAL,,"30,656","$16,823,323.10 ","$13,192,294.63 "
22846,AS,,936,"$100,038.84 ","$79,670.97 "
,80'S,,743,"$92,784.04 ","$73,571.39 "
,OTHER,,"3,506","$2,739,316.00 ","$2,160,960.44 "
,TOTAL,,"5,185","$2,932,138.88 ","$2,314,202.80 "
22847,AS,,12,"$1,429.12 ","$1,143.30 "
,80'S,,12,"$1,681.93 ","$1,345.55 "
,OTHER,,45,"$38,243.35 ","$29,154.92 "
,TOTAL,,69,"$41,354.40 ","$31,643.77 "
22848,AS,,46,"$2,402.25 ","$1,918.03 "
,80'S,,103,"$6,340.68 ","$5,026.34 "
,OTHER,,305,"$115,919.90 ","$91,028.10 "
,TOTAL,,454,"$124,662.83 ","$97,972.47 "
22849,AS,,291,"$35,438.29 ","$27,972.52 "
,80'S,,249,"$36,538.73 ","$28,552.23 "
,OTHER,,"1,180","$992,741.00 ","$780,428.33 "
,TOTAL,,"1,720","$1,064,718.02 ","$836,953.08 "
22850,AS,,425,"$23,713.56 ","$18,737.91 "
,80'S,,288,"$18,866.05 ","$14,585.72 "
,OTHER,,"1,501","$623,490.36 ","$486,373.32 "
,TOTAL,,"2,214","$666,069.97 ","$519,696.95 "
22851,AS,,"9,819","$552,544.27 ","$438,484.58 "
,80'S,,"8,221","$541,834.34 ","$426,702.84 "
,OTHER,,"36,162","$15,015,822.58 ","$11,825,654.18 "
,TOTAL,,"54,202","$16,110,201.19 ","$12,690,841.60 "
22852,AS,,"1,080","$59,934.36 ","$47,691.89 "
,80'S,,972,"$62,149.30 ","$48,680.32 "
,OTHER,,"4,694","$1,897,929.00 ","$1,487,989.51 "
,TOTAL,,"6,746","$2,020,012.66 ","$1,584,361.72 "
22855,AS,,326,"$27,942.16 ","$22,138.12 "
,80'S,,298,"$31,545.06 ","$24,305.04 "
,OTHER,,"1,429","$899,712.79 ","$696,651.52 "
,TOTAL,,"2,053","$959,200.01 ","$743,094.68 "
22899,AS,,457,"$65,897.82 ","$52,713.00 "
,80'S,,299,"$56,125.25 ","$44,862.62 "
,OTHER,,"26,280","$17,318,030.06 ","$13,836,885.31 "
,TOTAL,,"27,036","$17,440,053.13 ","$13,934,460.93 "
22900,AS,,77,"$2,868.13 ","$2,237.09 "
,SG,,308,"$177,661.17 ","$141,079.89 "
,80'S,,190,"$6,751.26 ","$5,366.58 "
,OTHER,,"2,983","$870,746.04 ","$687,421.15 "
,TOTAL,,"3,558","$1,058,026.60 ","$836,104.71 "
22999,AS,,5,$528.78 ,$423.02 
,80'S,,5,$909.97 ,$727.98 
,OTHER,,320,"$127,819.11 ","$101,968.43 "
,TOTAL,,330,"$129,257.86 ","$103,119.43 "
23000,AS,,5,$117.34 ,$93.88 
,SG,,14,"$3,612.18 ","$2,889.75 "
,80'S,,7,$182.95 ,$146.36 
,OTHER,,129,"$22,149.81 ","$17,469.81 "
,TOTAL,,155,"$26,062.28 ","$20,599.80 "
23020,AS,,42,"$2,218.28 ","$1,699.51 "
,SG,,19,"$4,437.31 ","$3,549.85 "
,80'S,,32,"$1,917.03 ","$1,533.63 "
,OTHER,,316,"$123,562.35 ","$97,768.73 "
,TOTAL,,409,"$132,134.97 ","$104,551.72 "
23030,SG,,39,"$11,538.74 ","$9,074.47 "
,OTHER,,"1,271","$272,172.19 ","$215,016.03 "
,TOTAL,,"1,310","$283,710.93 ","$224,090.50 "
23031,SG,,3,"$1,001.63 ",$801.30 
,OTHER,,224,"$34,912.85 ","$27,464.26 "
,TOTAL,,227,"$35,914.48 ","$28,265.56 "
23035,AS,,9,$728.02 ,$530.65 
,SG,,2,$739.77 ,$591.82 
,80'S,,5,$554.70 ,$443.76 
,OTHER,,126,"$72,253.76 ","$57,035.79 "
,TOTAL,,142,"$74,276.25 ","$58,602.02 "
23040,AS,,67,"$5,859.75 ","$4,687.78 "
,SG,,20,"$8,206.61 ","$6,485.27 "
,80'S,,21,"$1,968.86 ","$1,575.07 "
,OTHER,,744,"$445,448.43 ","$353,494.49 "
,TOTAL,,852,"$461,483.65 ","$366,242.61 "
23044,SG,,20,"$8,999.00 ","$7,199.20 "
,OTHER,,215,"$89,497.37 ","$69,171.33 "
,TOTAL,,235,"$98,496.37 ","$76,370.53 "
23065,OTHER,,384,"$60,913.65 ","$47,935.35 "
,TOTAL,,384,"$60,913.65 ","$47,935.35 "
23066,SG,,38,"$14,772.35 ","$11,817.91 "
,OTHER,,383,"$106,355.46 ","$83,951.23 "
,TOTAL,,421,"$121,127.81 ","$95,769.14 "
23075,SG,,393,"$156,844.26 ","$123,325.48 "
,OTHER,,"1,973","$282,723.89 ","$219,910.00 "
,TOTAL,,"2,366","$439,568.15 ","$343,235.48 "
23076,SG,,379,"$149,374.67 ","$117,688.34 "
,OTHER,,"2,054","$991,603.30 ","$784,175.29 "
,TOTAL,,"2,433","$1,140,977.97 ","$901,863.63 "
23077,AS,,18,"$2,537.11 ","$2,029.69 "
,SG,,45,"$18,999.22 ","$15,119.37 "
,80'S,,25,"$4,189.26 ","$3,351.38 "
,OTHER,,565,"$576,550.45 ","$457,988.26 "
,TOTAL,,653,"$602,276.04 ","$478,488.70 "
23100,AS,,3,$157.08 ,$125.66 
,SG,,1,$439.62 ,$351.70 
,80'S,,5,$219.36 ,$175.49 
,OTHER,,64,"$23,115.97 ","$18,292.08 "
,TOTAL,,73,"$23,932.03 ","$18,944.93 "
23101,SG,,26,"$24,133.20 ","$19,306.54 "
,OTHER,,265,"$70,580.14 ","$56,464.10 "
,TOTAL,,291,"$94,713.34 ","$75,770.64 "
23105,AS,,26,"$1,821.38 ","$1,457.07 "
,SG,,19,"$7,693.21 ","$6,154.54 "
,80'S,,53,"$3,183.56 ","$2,546.91 "
,OTHER,,305,"$130,624.87 ","$104,141.02 "
,TOTAL,,403,"$143,323.02 ","$114,299.54 "
23106,OTHER,,25,"$9,756.64 ","$7,805.32 "
,TOTAL,,25,"$9,756.64 ","$7,805.32 "
23107,AS,,46,"$3,081.85 ","$2,408.61 "
,SG,,27,"$13,103.18 ","$10,464.88 "
,80'S,,35,"$2,655.87 ","$2,045.52 "
,OTHER,,415,"$188,368.20 ","$148,872.39 "
,TOTAL,,523,"$207,209.10 ","$163,791.40 "
23120,AS,,"3,984","$164,105.94 ","$129,949.44 "
,SG,,"3,609","$1,635,001.03 ","$1,283,527.92 "
,80'S,,"1,583","$75,992.48 ","$60,053.92 "
,OTHER,,"21,662","$6,106,092.42 ","$4,812,929.79 "
,TOTAL,,"30,838","$7,981,191.87 ","$6,286,461.07 "
23125,AS,,14,$752.02 ,$601.66 
,SG,,10,"$6,065.92 ","$4,330.95 "
,80'S,,5,$310.68 ,$248.55 
,OTHER,,104,"$47,371.39 ","$37,633.64 "
,TOTAL,,133,"$54,500.01 ","$42,814.80 "
23130,AS,,3,$119.12 ,$95.30 
,SG,,"1,156","$636,976.00 ","$501,878.33 "
,80'S,,1,$53.32 ,$42.66 
,OTHER,,"7,427","$3,159,463.19 ","$2,487,654.14 "
,TOTAL,,"8,587","$3,796,611.63 ","$2,989,670.43 "
23140,SG,,36,"$20,815.48 ","$16,605.20 "
,OTHER,,190,"$76,608.18 ","$60,736.04 "
,TOTAL,,226,"$97,423.66 ","$77,341.24 "
23145,AS,,2,$135.88 ,$108.70 
,80'S,,1,$56.36 ,$45.09 
,OTHER,,9,"$4,085.70 ","$3,268.57 "
,TOTAL,,12,"$4,277.94 ","$3,422.36 "
23146,AS,,1,$41.30 ,$33.04 
,OTHER,,18,"$9,194.32 ","$7,355.44 "
,TOTAL,,19,"$9,235.62 ","$7,388.48 "
23150,AS,,26,"$1,334.91 ","$1,067.93 "
,SG,,10,"$5,666.16 ","$4,532.94 "
,80'S,,6,$341.64 ,$273.29 
,OTHER,,142,"$59,125.80 ","$46,552.39 "
,TOTAL,,184,"$66,468.51 ","$52,426.55 "
23155,80'S,,2,$196.79 ,$157.43 
,OTHER,,8,"$5,433.97 ","$4,347.16 "
,TOTAL,,10,"$5,630.76 ","$4,504.59 "
23156,AS,,3,$214.16 ,$117.40 
,SG,,2,"$1,135.96 ",$605.62 
,80'S,,4,$208.29 ,$166.63 
,OTHER,,24,"$12,151.56 ","$9,721.27 "
,TOTAL,,33,"$13,709.97 ","$10,610.92 "
23170,OTHER,,29,"$12,783.99 ","$10,067.58 "
,TOTAL,,29,"$12,783.99 ","$10,067.58 "
23172,AS,,1,$39.29 ,$31.43 
,80'S,,4,$198.36 ,$158.68 
,OTHER,,14,"$4,988.83 ","$3,991.06 "
,TOTAL,,19,"$5,226.48 ","$4,181.17 "
23174,AS,,6,$531.33 ,$425.07 
,80'S,,8,$728.04 ,$582.42 
,OTHER,,37,"$22,204.60 ","$17,763.67 "
,TOTAL,,51,"$23,463.97 ","$18,771.16 "
23180,SG,,73,"$31,020.73 ","$24,570.58 "
,OTHER,,456,"$218,779.41 ","$172,418.82 "
,TOTAL,,529,"$249,800.14 ","$196,989.40 "
23182,AS,,10,$716.93 ,$573.54 
,SG,,3,"$1,262.26 ","$1,009.82 "
,80'S,,6,$362.94 ,$290.36 
,OTHER,,75,"$32,658.40 ","$26,126.76 "
,TOTAL,,94,"$35,000.53 ","$28,000.48 "
23184,AS,,18,"$1,379.71 ","$1,103.79 "
,SG,,12,"$4,427.27 ","$2,708.06 "
,80'S,,13,"$1,173.30 ",$938.64 
,OTHER,,190,"$96,256.42 ","$76,239.63 "
,TOTAL,,233,"$103,236.70 ","$80,990.12 "
23190,AS,,2,$100.79 ,$80.63 
,SG,,2,$930.89 ,$744.71 
,80'S,,3,$123.92 ,$99.12 
,OTHER,,30,"$10,392.46 ","$8,047.18 "
,TOTAL,,37,"$11,548.06 ","$8,971.64 "
23195,AS,,8,$670.81 ,$536.65 
,SG,,3,"$1,815.62 ","$1,452.49 "
,80'S,,8,$815.31 ,$593.84 
,OTHER,,70,"$38,625.79 ","$30,578.69 "
,TOTAL,,89,"$41,927.53 ","$33,161.67 "
23200,AS,,4,$402.51 ,$322.01 
,80'S,,4,$472.84 ,$378.27 
,OTHER,,35,"$21,998.36 ","$17,598.70 "
,TOTAL,,43,"$22,873.71 ","$18,298.98 "
23210,80'S,,2,$133.89 ,$107.11 
,OTHER,,43,"$29,761.00 ","$23,770.35 "
,TOTAL,,45,"$29,894.89 ","$23,877.46 "
23220,AS,,2,$295.04 ,$236.04 
,80'S,,1,$179.67 ,$143.74 
,OTHER,,31,"$19,800.45 ","$15,840.36 "
,TOTAL,,34,"$20,275.16 ","$16,220.14 "
23221,80'S,,1,$195.66 ,$156.53 
,OTHER,,1,"$1,222.90 ",$978.32 
,TOTAL,,2,"$1,418.56 ","$1,134.85 "
23222,AS,,7,"$1,608.79 ","$1,287.03 "
,80'S,,3,$777.18 ,$621.75 
,OTHER,,57,"$92,332.18 ","$72,818.70 "
,TOTAL,,67,"$94,718.15 ","$74,727.48 "
23330,AS,,2,$30.44 ,$24.35 
,SG,,13,"$4,001.67 ","$3,201.33 "
,80'S,,1,$11.25 ,$9.00 
,OTHER,,149,"$18,370.88 ","$14,049.52 "
,TOTAL,,165,"$22,414.24 ","$17,284.20 "
23331,AS,,53,"$2,872.37 ","$2,297.82 "
,SG,,10,"$2,784.56 ","$1,992.01 "
,80'S,,64,"$3,401.84 ","$2,663.03 "
,OTHER,,669,"$246,049.46 ","$194,411.18 "
,TOTAL,,796,"$255,108.23 ","$201,364.04 "
23332,AS,,80,"$5,777.76 ","$4,574.32 "
,80'S,,96,"$8,445.18 ","$6,750.60 "
,OTHER,,398,"$226,790.87 ","$180,009.89 "
,TOTAL,,574,"$241,013.81 ","$191,334.81 "
23350,OTHER,,"26,165","$2,543,143.11 ","$1,980,185.39 "
,TOTAL,,"26,165","$2,543,143.11 ","$1,980,185.39 "
23395,AS,,57,"$8,430.64 ","$6,618.96 "
,SG,,11,"$5,570.67 ","$4,456.53 "
,80'S,,67,"$10,902.62 ","$8,633.75 "
,OTHER,,381,"$389,062.89 ","$307,789.20 "
,TOTAL,,516,"$413,966.82 ","$327,498.44 "
23397,AS,,3,$457.11 ,$365.69 
,SG,,1,$976.57 ,$781.26 
,80'S,,8,"$1,084.59 ",$860.29 
,OTHER,,43,"$40,586.32 ","$31,572.99 "
,TOTAL,,55,"$43,104.59 ","$33,580.23 "
23400,SG,,2,"$1,935.09 ","$1,548.07 "
,80'S,,3,$318.80 ,$255.04 
,OTHER,,7,"$3,058.23 ","$2,446.58 "
,TOTAL,,12,"$5,312.12 ","$4,249.69 "
23405,AS,,149,"$6,731.24 ","$5,341.10 "
,SG,,72,"$17,146.76 ","$13,353.29 "
,80'S,,92,"$4,727.41 ","$3,768.68 "
,OTHER,,768,"$256,058.26 ","$203,168.59 "
,TOTAL,,"1,081","$284,663.67 ","$225,631.66 "
23406,AS,,7,$523.36 ,$405.97 
,SG,,3,$659.54 ,$509.24 
,80'S,,3,$317.64 ,$254.11 
,OTHER,,45,"$26,212.18 ","$20,969.78 "
,TOTAL,,58,"$27,712.72 ","$22,139.10 "
23410,AS,,"1,145","$130,830.33 ","$102,972.92 "
,SG,,"2,156","$1,441,167.59 ","$1,131,915.18 "
,80'S,,545,"$76,520.54 ","$60,418.45 "
,OTHER,,"6,394","$5,349,764.56 ","$4,204,791.45 "
,TOTAL,,"10,240","$6,998,283.02 ","$5,500,098.00 "
23412,AS,,"6,131","$753,429.23 ","$597,229.99 "
,SG,,"5,892","$5,815,479.25 ","$4,575,698.68 "
,80'S,,"2,102","$305,107.23 ","$239,545.16 "
,OTHER,,"28,297","$25,327,667.23 ","$19,925,698.85 "
,TOTAL,,"42,422","$32,201,682.94 ","$25,338,172.68 "
23415,AS,,1,$99.68 ,$79.74 
,SG,,178,"$116,866.83 ","$93,048.90 "
,OTHER,,"1,620","$915,071.51 ","$720,500.84 "
,TOTAL,,"1,799","$1,032,038.02 ","$813,629.48 "
23420,AS,,"4,629","$601,852.36 ","$475,273.08 "
,SG,,"2,616","$2,584,332.76 ","$2,032,522.05 "
,80'S,,"2,264","$344,797.99 ","$272,461.42 "
,OTHER,,"24,318","$22,896,853.58 ","$18,042,296.57 "
,TOTAL,,"33,827","$26,427,836.69 ","$20,822,553.12 "
23430,AS,,809,"$46,481.01 ","$36,927.17 "
,SG,,714,"$262,015.66 ","$206,652.92 "
,80'S,,380,"$25,417.70 ","$19,976.69 "
,OTHER,,"3,786","$1,583,030.35 ","$1,246,730.27 "
,TOTAL,,"5,689","$1,916,944.72 ","$1,510,287.05 "
23440,AS,,200,"$12,137.46 ","$9,613.58 "
,SG,,116,"$40,198.84 ","$31,878.91 "
,80'S,,124,"$9,411.56 ","$7,461.20 "
,OTHER,,990,"$450,098.83 ","$355,957.19 "
,TOTAL,,"1,430","$511,846.69 ","$404,910.88 "
23450,AS,,39,"$4,660.55 ","$3,728.42 "
,SG,,9,"$4,286.00 ","$2,933.84 "
,80'S,,29,"$4,039.64 ","$3,231.69 "
,OTHER,,208,"$164,602.65 ","$130,461.73 "
,TOTAL,,285,"$177,588.84 ","$140,355.68 "
23455,AS,,109,"$15,187.90 ","$12,074.60 "
,SG,,45,"$41,609.88 ","$31,857.68 "
,80'S,,70,"$9,629.10 ","$7,492.43 "
,OTHER,,468,"$429,076.07 ","$335,549.53 "
,TOTAL,,692,"$495,502.95 ","$386,974.24 "
23460,AS,,11,"$1,447.90 ","$1,158.33 "
,80'S,,8,"$1,472.96 ","$1,099.03 "
,OTHER,,56,"$53,796.30 ","$42,877.03 "
,TOTAL,,75,"$56,717.16 ","$45,134.39 "
23462,AS,,2,$215.17 ,$172.13 
,SG,,5,"$4,928.37 ","$3,942.70 "
,80'S,,7,"$1,185.49 ",$948.39 
,OTHER,,38,"$35,193.46 ","$28,137.15 "
,TOTAL,,52,"$41,522.49 ","$33,200.37 "
23465,AS,,11,"$1,189.76 ",$951.81 
,80'S,,14,"$1,734.66 ","$1,387.74 "
,OTHER,,78,"$60,661.86 ","$48,462.92 "
,TOTAL,,103,"$63,586.28 ","$50,802.47 "
23466,AS,,49,"$6,823.37 ","$5,324.43 "
,SG,,15,"$13,430.25 ","$9,301.19 "
,80'S,,23,"$3,067.99 ","$2,454.36 "
,OTHER,,171,"$162,826.00 ","$127,327.85 "
,TOTAL,,258,"$186,147.61 ","$144,407.83 "
23470,AS,,"2,225","$350,057.89 ","$278,151.85 "
,80'S,,"1,920","$356,779.60 ","$282,475.90 "
,OTHER,,"9,538","$11,014,773.08 ","$8,738,489.06 "
,TOTAL,,"13,683","$11,721,610.57 ","$9,299,116.81 "
23472,AS,,"2,316","$440,922.49 ","$349,973.46 "
,80'S,,"1,737","$391,826.62 ","$309,650.39 "
,OTHER,,"8,840","$12,428,240.69 ","$9,862,140.06 "
,TOTAL,,"12,893","$13,260,989.80 ","$10,521,763.91 "
23480,SG,,11,"$5,079.99 ","$3,810.76 "
,OTHER,,91,"$53,057.75 ","$42,017.43 "
,TOTAL,,102,"$58,137.74 ","$45,828.19 "
23485,AS,,16,"$1,942.91 ","$1,554.33 "
,SG,,5,"$4,992.68 ","$3,498.96 "
,80'S,,20,"$2,651.55 ","$2,047.41 "
,OTHER,,121,"$106,036.47 ","$83,656.36 "
,TOTAL,,162,"$115,623.61 ","$90,757.06 "
23490,SG,,1,$253.54 ,$202.83 
,80'S,,1,$125.43 ,$100.34 
,OTHER,,10,"$4,533.28 ","$3,626.62 "
,TOTAL,,12,"$4,912.25 ","$3,929.79 "
23491,AS,,1,$136.13 ,$108.90 
,80'S,,4,$640.63 ,$512.50 
,OTHER,,55,"$53,806.24 ","$43,045.00 "
,TOTAL,,60,"$54,583.00 ","$43,666.40 "
23500,OTHER,,"10,390","$1,924,326.43 ","$1,498,638.38 "
,TOTAL,,"10,390","$1,924,326.43 ","$1,498,638.38 "
23505,OTHER,,363,"$114,151.37 ","$89,162.09 "
,TOTAL,,363,"$114,151.37 ","$89,162.09 "
23515,AS,,68,"$4,848.53 ","$3,878.80 "
,SG,,29,"$13,608.07 ","$10,545.98 "
,80'S,,38,"$3,132.66 ","$2,463.08 "
,OTHER,,478,"$238,061.58 ","$185,832.21 "
,TOTAL,,613,"$259,650.84 ","$202,720.07 "
23520,OTHER,,55,"$10,312.93 ","$8,108.77 "
,TOTAL,,55,"$10,312.93 ","$8,108.77 "
23525,OTHER,,19,"$5,218.64 ","$4,131.31 "
,TOTAL,,19,"$5,218.64 ","$4,131.31 "
23530,AS,,1,$66.51 ,$53.21 
,SG,,1,$481.87 ,$385.50 
,80'S,,2,$156.98 ,$125.58 
,OTHER,,10,"$4,441.08 ","$3,552.88 "
,TOTAL,,14,"$5,146.44 ","$4,117.17 "
23532,80'S,,1,$89.96 ,$71.97 
,OTHER,,5,"$3,049.97 ","$2,439.98 "
,TOTAL,,6,"$3,139.93 ","$2,511.95 "
23540,OTHER,,434,"$81,203.39 ","$63,616.30 "
,TOTAL,,434,"$81,203.39 ","$63,616.30 "
23545,SG,,1,$332.13 ,$265.70 
,80'S,,1,$46.18 ,$36.94 
,OTHER,,72,"$16,014.20 ","$12,399.95 "
,TOTAL,,74,"$16,392.51 ","$12,702.59 "
23550,AS,,36,"$1,794.48 ","$1,379.21 "
,SG,,40,"$14,850.05 ","$11,878.34 "
,80'S,,60,"$3,512.04 ","$2,809.78 "
,OTHER,,305,"$121,821.89 ","$95,980.30 "
,TOTAL,,441,"$141,978.46 ","$112,047.63 "
23552,AS,,16,"$1,254.10 ","$1,003.27 "
,SG,,8,"$4,409.97 ","$3,489.71 "
,80'S,,12,"$1,219.20 ",$930.32 
,OTHER,,104,"$56,341.26 ","$43,984.47 "
,TOTAL,,140,"$63,224.53 ","$49,407.77 "
23570,SG,,2,$322.90 ,$258.32 
,OTHER,,"2,013","$394,783.38 ","$308,123.85 "
,TOTAL,,"2,015","$395,106.28 ","$308,382.17 "
23575,OTHER,,69,"$21,574.45 ","$16,886.21 "
,TOTAL,,69,"$21,574.45 ","$16,886.21 "
23585,AS,,55,"$3,212.86 ","$2,570.30 "
,SG,,12,"$3,302.68 ","$2,642.14 "
,80'S,,43,"$2,910.15 ","$2,240.53 "
,OTHER,,283,"$125,600.02 ","$98,968.14 "
,TOTAL,,393,"$135,025.71 ","$106,421.11 "
23600,SG,,1,$325.29 ,$260.23 
,OTHER,,"38,349","$11,219,367.75 ","$8,796,303.26 "
,TOTAL,,"38,350","$11,219,693.04 ","$8,796,563.49 "
23605,SG,,37,"$15,726.49 ","$12,501.15 "
,OTHER,,"3,039","$1,136,805.56 ","$898,662.88 "
,TOTAL,,"3,076","$1,152,532.05 ","$911,164.03 "
23615,AS,,854,"$79,387.91 ","$63,041.75 "
,SG,,53,"$32,998.27 ","$25,967.76 "
,80'S,,633,"$69,804.63 ","$55,130.28 "
,OTHER,,"5,826","$3,889,211.22 ","$3,088,978.21 "
,TOTAL,,"7,366","$4,071,402.03 ","$3,233,118.00 "
23616,AS,,647,"$125,203.43 ","$99,293.68 "
,80'S,,599,"$136,926.82 ","$109,059.72 "
,OTHER,,"3,448","$4,832,699.72 ","$3,842,204.31 "
,TOTAL,,"4,694","$5,094,829.97 ","$4,050,557.71 "
23620,SG,,1,$160.96 ,$128.77 
,OTHER,,"3,955","$982,795.49 ","$768,721.95 "
,TOTAL,,"3,956","$982,956.45 ","$768,850.72 "
23625,SG,,2,$649.82 ,$358.92 
,OTHER,,288,"$89,633.07 ","$70,091.22 "
,TOTAL,,290,"$90,282.89 ","$70,450.14 "
23630,AS,,119,"$7,343.17 ","$5,814.88 "
,SG,,47,"$29,447.79 ","$22,430.10 "
,80'S,,60,"$4,449.50 ","$3,551.62 "
,OTHER,,740,"$332,349.86 ","$262,938.52 "
,TOTAL,,966,"$373,590.32 ","$294,735.12 "
23650,SG,,1,$342.12 ,$273.70 
,OTHER,,"13,776","$2,983,321.17 ","$2,343,044.54 "
,TOTAL,,"13,777","$2,983,663.29 ","$2,343,318.24 "
23655,AS,,1,$22.55 ,$18.04 
,SG,,87,"$26,656.13 ","$20,736.50 "
,OTHER,,"3,780","$1,210,353.79 ","$956,523.82 "
,TOTAL,,"3,868","$1,237,032.47 ","$977,278.36 "
23660,AS,,28,"$1,621.95 ","$1,297.57 "
,SG,,3,"$1,298.65 ","$1,038.92 "
,80'S,,28,"$1,671.34 ","$1,337.07 "
,OTHER,,209,"$82,019.90 ","$65,518.54 "
,TOTAL,,268,"$86,611.84 ","$69,192.10 "
23665,SG,,7,"$3,131.59 ","$2,505.26 "
,OTHER,,895,"$318,047.77 ","$251,095.59 "
,TOTAL,,902,"$321,179.36 ","$253,600.85 "
23670,AS,,30,"$1,986.04 ","$1,588.80 "
,SG,,5,"$2,276.71 ","$1,821.37 "
,80'S,,12,$908.88 ,$727.10 
,OTHER,,171,"$81,146.34 ","$64,183.24 "
,TOTAL,,218,"$86,317.97 ","$68,320.51 "
23675,SG,,2,$960.39 ,$768.31 
,OTHER,,368,"$171,519.75 ","$135,198.16 "
,TOTAL,,370,"$172,480.14 ","$135,966.47 "
23680,AS,,16,"$1,378.97 ","$1,103.17 "
,80'S,,27,"$2,750.71 ","$2,200.57 "
,OTHER,,165,"$103,269.14 ","$81,970.81 "
,TOTAL,,208,"$107,398.82 ","$85,274.55 "
23700,SG,,"1,116","$334,782.34 ","$262,015.84 "
,OTHER,,"4,757","$760,936.02 ","$595,079.59 "
,TOTAL,,"5,873","$1,095,718.36 ","$857,095.43 "
23800,AS,,5,$669.12 ,$535.30 
,80'S,,4,$589.71 ,$471.77 
,OTHER,,66,"$52,023.88 ","$40,098.82 "
,TOTAL,,75,"$53,282.71 ","$41,105.89 "
23802,80'S,,7,"$1,230.68 ",$984.56 
,OTHER,,18,"$20,054.23 ","$15,542.50 "
,TOTAL,,25,"$21,284.91 ","$16,527.06 "
23900,AS,,2,$355.40 ,$284.32 
,80'S,,2,$398.91 ,$319.13 
,OTHER,,28,"$35,343.41 ","$27,508.11 "
,TOTAL,,32,"$36,097.72 ","$28,111.56 "
23920,AS,,2,$268.48 ,$214.78 
,80'S,,7,"$1,131.93 ",$905.54 
,OTHER,,49,"$46,179.00 ","$36,174.43 "
,TOTAL,,58,"$47,579.41 ","$37,294.75 "
23921,SG,,1,$542.19 ,$433.75 
,OTHER,,5,"$1,366.04 ","$1,092.84 "
,TOTAL,,6,"$1,908.23 ","$1,526.59 "
23929,AS,,48,"$4,798.31 ","$3,838.62 "
,80'S,,49,"$10,856.16 ","$8,606.40 "
,OTHER,,559,"$335,805.85 ","$266,825.95 "
,TOTAL,,656,"$351,460.32 ","$279,270.97 "
23930,SG,,46,"$13,058.74 ","$10,446.99 "
,OTHER,,"2,337","$425,262.22 ","$335,097.96 "
,TOTAL,,"2,383","$438,320.96 ","$345,544.95 "
23931,SG,,45,"$18,449.33 ","$14,759.49 "
,OTHER,,"1,797","$265,262.60 ","$206,658.64 "
,TOTAL,,"1,842","$283,711.93 ","$221,418.13 "
23935,AS,,4,$175.20 ,$140.17 
,SG,,5,"$2,230.15 ","$1,784.12 "
,80'S,,4,$280.24 ,$224.19 
,OTHER,,230,"$93,775.31 ","$74,281.84 "
,TOTAL,,243,"$96,460.90 ","$76,430.32 "
24000,AS,,14,$870.08 ,$696.09 
,SG,,21,"$12,784.27 ","$10,227.40 "
,80'S,,5,$259.88 ,$207.90 
,OTHER,,466,"$164,586.82 ","$130,165.94 "
,TOTAL,,506,"$178,501.05 ","$141,297.33 "
24006,AS,,17,"$1,453.81 ","$1,163.03 "
,SG,,21,"$12,762.22 ","$9,690.83 "
,80'S,,6,$621.07 ,$496.87 
,OTHER,,123,"$72,101.32 ","$56,068.99 "
,TOTAL,,167,"$86,938.42 ","$67,419.72 "
24065,OTHER,,794,"$112,592.79 ","$88,104.36 "
,TOTAL,,794,"$112,592.79 ","$88,104.36 "
24066,SG,,38,"$13,881.89 ","$10,919.27 "
,OTHER,,439,"$149,291.97 ","$118,066.03 "
,TOTAL,,477,"$163,173.86 ","$128,985.30 "
24075,SG,,635,"$229,825.65 ","$181,168.14 "
,OTHER,,"3,434","$894,834.87 ","$701,027.73 "
,TOTAL,,"4,069","$1,124,660.52 ","$882,195.87 "
24076,SG,,324,"$121,610.38 ","$95,878.00 "
,OTHER,,"1,899","$775,305.51 ","$612,500.10 "
,TOTAL,,"2,223","$896,915.89 ","$708,378.10 "
24077,AS,,25,"$2,668.95 ","$2,135.19 "
,SG,,61,"$28,261.12 ","$22,528.87 "
,80'S,,25,"$3,118.09 ","$2,494.48 "
,OTHER,,779,"$604,696.33 ","$481,364.14 "
,TOTAL,,890,"$638,744.49 ","$508,522.68 "
24100,SG,,3,$679.96 ,$543.97 
,OTHER,,19,"$5,404.43 ","$4,223.66 "
,TOTAL,,22,"$6,084.39 ","$4,767.63 "
24101,AS,,21,"$1,227.93 ",$978.19 
,SG,,48,"$28,747.95 ","$22,998.35 "
,80'S,,9,$585.33 ,$434.39 
,OTHER,,281,"$111,995.68 ","$87,254.69 "
,TOTAL,,359,"$142,556.89 ","$111,665.62 "
24102,AS,,15,"$1,114.50 ",$891.59 
,SG,,36,"$21,295.05 ","$16,441.18 "
,80'S,,11,$951.83 ,$705.99 
,OTHER,,214,"$107,029.63 ","$84,374.84 "
,TOTAL,,276,"$130,391.01 ","$102,413.60 "
24105,SG,,"1,235","$597,405.34 ","$472,550.76 "
,OTHER,,"5,418","$1,535,198.29 ","$1,209,064.79 "
,TOTAL,,"6,653","$2,132,603.63 ","$1,681,615.55 "
24110,SG,,17,"$6,146.35 ","$4,448.53 "
,OTHER,,94,"$42,355.08 ","$33,568.87 "
,TOTAL,,111,"$48,501.43 ","$38,017.40 "
24115,OTHER,,3,"$1,506.86 ","$1,205.48 "
,TOTAL,,3,"$1,506.86 ","$1,205.48 "
24116,AS,,3,$290.77 ,$232.62 
,SG,,1,$251.96 ,$201.57 
,80'S,,2,$265.07 ,$212.05 
,OTHER,,20,"$14,989.34 ","$11,991.47 "
,TOTAL,,26,"$15,797.14 ","$12,637.71 "
24120,AS,,8,$503.11 ,$402.50 
,SG,,80,"$38,865.13 ","$30,548.11 "
,80'S,,1,$92.26 ,$73.81 
,OTHER,,287,"$130,986.14 ","$103,080.15 "
,TOTAL,,376,"$170,446.64 ","$134,104.57 "
24125,OTHER,,6,"$2,356.07 ","$1,884.85 "
,TOTAL,,6,"$2,356.07 ","$1,884.85 "
24126,AS,,3,$235.82 ,$188.66 
,OTHER,,7,"$4,237.47 ","$3,309.98 "
,TOTAL,,10,"$4,473.29 ","$3,498.64 "
24130,SG,,66,"$30,985.17 ","$23,598.88 "
,OTHER,,459,"$168,691.39 ","$132,286.12 "
,TOTAL,,525,"$199,676.56 ","$155,885.00 "
24134,AS,,3,$317.84 ,$254.27 
,80'S,,9,$636.65 ,$509.32 
,OTHER,,59,"$34,017.44 ","$27,213.90 "
,TOTAL,,71,"$34,971.93 ","$27,977.49 "
24136,SG,,1,$467.96 ,$374.37 
,OTHER,,3,"$1,249.59 ",$999.67 
,TOTAL,,4,"$1,717.55 ","$1,374.04 "
24138,AS,,8,$593.20 ,$474.55 
,SG,,4,"$1,399.35 ","$1,119.48 "
,80'S,,3,$258.42 ,$206.74 
,OTHER,,60,"$32,047.32 ","$25,553.92 "
,TOTAL,,75,"$34,298.29 ","$27,354.69 "
24140,AS,,19,"$1,437.50 ","$1,146.01 "
,SG,,54,"$23,389.19 ","$18,711.38 "
,80'S,,25,"$2,438.31 ","$1,950.67 "
,OTHER,,233,"$144,918.69 ","$114,688.64 "
,TOTAL,,331,"$172,183.69 ","$136,496.70 "
24145,SG,,11,"$5,561.17 ","$4,300.28 "
,OTHER,,45,"$21,407.28 ","$16,759.72 "
,TOTAL,,56,"$26,968.45 ","$21,060.00 "
24147,SG,,86,"$30,101.66 ","$23,979.11 "
,OTHER,,452,"$258,446.54 ","$203,283.97 "
,TOTAL,,538,"$288,548.20 ","$227,263.08 "
24149,AS,,10,"$1,361.90 ","$1,089.51 "
,80'S,,11,"$1,441.83 ","$1,153.47 "
,OTHER,,207,"$200,089.45 ","$159,547.27 "
,TOTAL,,228,"$202,893.18 ","$161,790.25 "
24150,AS,,7,$696.90 ,$557.52 
,80'S,,3,$457.06 ,$365.65 
,OTHER,,61,"$48,775.45 ","$38,198.61 "
,TOTAL,,71,"$49,929.41 ","$39,121.78 "
24151,OTHER,,3,"$2,779.91 ","$2,223.92 "
,TOTAL,,3,"$2,779.91 ","$2,223.92 "
24152,AS,,1,$95.56 ,$76.45 
,OTHER,,4,"$2,494.62 ","$1,995.70 "
,TOTAL,,5,"$2,590.18 ","$2,072.15 "
24153,OTHER,,5,$276.87 ,$221.50 
,TOTAL,,5,$276.87 ,$221.50 
24155,AS,,2,$211.72 ,$169.37 
,OTHER,,13,"$8,759.77 ","$6,927.81 "
,TOTAL,,15,"$8,971.49 ","$7,097.18 "
24160,SG,,14,"$5,736.77 ","$4,530.01 "
,OTHER,,244,"$105,041.94 ","$83,287.90 "
,TOTAL,,258,"$110,778.71 ","$87,817.91 "
24164,SG,,8,"$3,351.28 ","$2,596.83 "
,OTHER,,50,"$17,344.67 ","$13,426.91 "
,TOTAL,,58,"$20,695.95 ","$16,023.74 "
24200,AS,,1,$14.86 ,$11.89 
,80'S,,1,$23.49 ,$18.79 
,OTHER,,255,"$31,606.76 ","$24,112.35 "
,TOTAL,,257,"$31,645.11 ","$24,143.03 "
24201,SG,,21,"$7,777.72 ","$5,909.93 "
,OTHER,,165,"$47,737.93 ","$37,963.88 "
,TOTAL,,186,"$55,515.65 ","$43,873.81 "
24220,OTHER,,123,"$29,333.93 ","$22,793.48 "
,TOTAL,,123,"$29,333.93 ","$22,793.48 "
24300,OTHER,,142,"$39,967.17 ","$31,973.77 "
,TOTAL,,142,"$39,967.17 ","$31,973.77 "
24301,AS,,10,$928.56 ,$742.85 
,SG,,11,"$5,980.35 ","$4,784.27 "
,80'S,,6,$403.78 ,$323.02 
,OTHER,,84,"$46,006.19 ","$36,789.48 "
,TOTAL,,111,"$53,318.88 ","$42,639.62 "
24305,AS,,14,$989.07 ,$791.25 
,SG,,64,"$34,082.74 ","$27,019.08 "
,OTHER,,345,"$148,130.92 ","$115,286.22 "
,TOTAL,,423,"$183,202.73 ","$143,096.55 "
24310,AS,,6,$236.46 ,$189.17 
,SG,,17,"$6,042.27 ","$4,833.84 "
,80'S,,3,$127.73 ,$102.18 
,OTHER,,160,"$43,619.71 ","$34,525.66 "
,TOTAL,,186,"$50,026.17 ","$39,650.85 "
24320,AS,,3,$241.85 ,$193.48 
,SG,,2,$797.35 ,$637.88 
,OTHER,,18,"$9,825.25 ","$7,816.07 "
,TOTAL,,23,"$10,864.45 ","$8,647.43 "
24330,AS,,1,$95.28 ,$76.22 
,SG,,2,$512.73 ,$410.19 
,80'S,,2,$206.02 ,$101.24 
,OTHER,,37,"$22,622.00 ","$17,657.04 "
,TOTAL,,42,"$23,436.03 ","$18,244.69 "
24331,SG,,1,$268.34 ,$214.67 
,OTHER,,8,"$5,979.13 ","$4,751.94 "
,TOTAL,,9,"$6,247.47 ","$4,966.61 "
24332,OTHER,,18,"$7,317.82 ","$5,574.95 "
,TOTAL,,18,"$7,317.82 ","$5,574.95 "
24340,AS,,16,"$1,096.20 ",$876.95 
,SG,,29,"$10,786.13 ","$8,628.92 "
,80'S,,11,$765.51 ,$612.41 
,OTHER,,108,"$47,915.03 ","$37,958.86 "
,TOTAL,,164,"$60,562.87 ","$48,077.14 "
24341,AS,,55,"$3,520.44 ","$2,796.19 "
,SG,,110,"$45,400.02 ","$35,172.30 "
,80'S,,45,"$3,415.80 ","$2,515.92 "
,OTHER,,525,"$254,445.92 ","$201,601.21 "
,TOTAL,,735,"$306,782.18 ","$242,085.62 "
24342,AS,,101,"$10,077.90 ","$7,945.21 "
,SG,,117,"$56,925.83 ","$43,906.25 "
,80'S,,66,"$7,855.29 ","$6,085.86 "
,OTHER,,729,"$527,865.73 ","$411,950.56 "
,TOTAL,,"1,013","$602,724.75 ","$469,887.88 "
24343,AS,,19,"$1,011.79 ",$809.41 
,80'S,,17,"$1,289.44 ","$1,031.56 "
,OTHER,,208,"$90,308.72 ","$71,962.26 "
,TOTAL,,244,"$92,609.95 ","$73,803.23 "
24344,AS,,3,$355.31 ,$284.25 
,80'S,,4,$629.15 ,$503.31 
,OTHER,,39,"$34,803.56 ","$27,842.82 "
,TOTAL,,46,"$35,788.02 ","$28,630.38 "
24345,AS,,11,$544.50 ,$435.61 
,SG,,8,"$2,282.21 ","$1,825.76 "
,80'S,,9,$579.54 ,$463.62 
,OTHER,,96,"$40,348.52 ","$31,772.21 "
,TOTAL,,124,"$43,754.77 ","$34,497.20 "
24346,AS,,3,$401.65 ,$321.31 
,80'S,,6,$932.57 ,$746.06 
,OTHER,,24,"$21,432.87 ","$17,131.12 "
,TOTAL,,33,"$22,767.09 ","$18,198.49 "
24350,AS,,1,$27.91 ,$22.33 
,SG,,138,"$65,762.54 ","$51,407.81 "
,80'S,,2,$97.39 ,$77.91 
,OTHER,,360,"$132,888.60 ","$103,094.29 "
,TOTAL,,501,"$198,776.44 ","$154,602.34 "
24351,AS,,2,$131.61 ,$105.29 
,SG,,88,"$36,431.86 ","$28,150.78 "
,80'S,,5,$324.19 ,$259.34 
,OTHER,,292,"$115,227.04 ","$89,761.21 "
,TOTAL,,387,"$152,114.70 ","$118,276.62 "
24352,AS,,2,$97.06 ,$77.65 
,SG,,7,"$3,050.54 ","$2,440.43 "
,OTHER,,39,"$16,912.35 ","$13,003.11 "
,TOTAL,,48,"$20,059.95 ","$15,521.19 "
24354,SG,,20,"$9,224.16 ","$6,843.24 "
,OTHER,,57,"$25,077.34 ","$19,118.07 "
,TOTAL,,77,"$34,301.50 ","$25,961.31 "
24356,AS,,17,"$1,137.18 ",$909.75 
,SG,,282,"$134,236.87 ","$101,765.89 "
,80'S,,14,"$1,012.64 ",$810.10 
,OTHER,,895,"$424,694.80 ","$330,432.02 "
,TOTAL,,"1,208","$561,081.49 ","$433,917.76 "
24360,AS,,3,$352.06 ,$281.65 
,SG,,4,"$2,805.11 ","$2,244.08 "
,80'S,,4,$556.45 ,$341.57 
,OTHER,,37,"$29,221.55 ","$22,840.51 "
,TOTAL,,48,"$32,935.17 ","$25,707.81 "
24361,AS,,7,$902.73 ,$722.19 
,SG,,2,"$1,389.02 ","$1,111.22 "
,80'S,,1,$152.76 ,$122.21 
,OTHER,,30,"$28,310.62 ","$21,515.28 "
,TOTAL,,40,"$30,755.13 ","$23,470.90 "
24362,AS,,1,$132.38 ,$105.90 
,SG,,2,"$1,425.13 ","$1,140.10 "
,80'S,,1,$150.71 ,$120.57 
,OTHER,,2,"$1,915.29 ","$1,532.24 "
,TOTAL,,6,"$3,623.51 ","$2,898.81 "
24363,AS,,131,"$22,797.08 ","$17,876.02 "
,SG,,2,"$1,965.69 ","$1,572.55 "
,80'S,,167,"$34,303.01 ","$26,929.48 "
,OTHER,,"1,011","$1,280,957.93 ","$1,012,589.29 "
,TOTAL,,"1,311","$1,340,023.71 ","$1,058,967.34 "
24365,AS,,2,$127.53 ,$102.02 
,SG,,1,$689.85 ,$551.88 
,80'S,,13,$817.29 ,$653.83 
,OTHER,,33,"$14,073.98 ","$11,179.18 "
,TOTAL,,49,"$15,708.65 ","$12,486.91 "
24366,AS,,33,"$2,714.03 ","$2,171.20 "
,SG,,6,"$4,238.79 ","$3,391.04 "
,80'S,,23,"$2,264.13 ","$1,811.30 "
,OTHER,,217,"$118,863.84 ","$94,464.28 "
,TOTAL,,279,"$128,080.79 ","$101,837.82 "
24400,AS,,23,"$1,762.48 ","$1,409.97 "
,SG,,8,"$4,442.33 ","$3,553.87 "
,80'S,,20,"$1,625.55 ","$1,300.45 "
,OTHER,,151,"$84,138.17 ","$67,121.24 "
,TOTAL,,202,"$91,968.53 ","$73,385.53 "
24410,80'S,,1,$159.77 ,$127.82 
,OTHER,,1,$735.64 ,$588.51 
,TOTAL,,2,$895.41 ,$716.33 
24420,AS,,9,"$1,043.20 ",$806.16 
,80'S,,7,"$1,124.98 ",$899.97 
,OTHER,,32,"$25,991.77 ","$20,793.42 "
,TOTAL,,48,"$28,159.95 ","$22,499.55 "
24430,AS,,110,"$12,907.71 ","$10,326.27 "
,SG,,13,"$6,118.59 ","$4,894.87 "
,80'S,,88,"$12,158.32 ","$9,536.80 "
,OTHER,,642,"$545,276.41 ","$433,242.98 "
,TOTAL,,853,"$576,461.03 ","$458,000.92 "
24435,AS,,74,"$9,385.07 ","$7,428.06 "
,SG,,6,"$3,441.92 ","$2,680.40 "
,80'S,,82,"$12,282.18 ","$9,825.67 "
,OTHER,,548,"$504,438.90 ","$400,736.96 "
,TOTAL,,710,"$529,548.07 ","$420,671.09 "
24495,AS,,3,$223.83 ,$179.06 
,SG,,3,"$1,056.52 ",$590.73 
,80'S,,4,$302.24 ,$188.64 
,OTHER,,148,"$80,106.59 ","$63,664.96 "
,TOTAL,,158,"$81,689.18 ","$64,623.39 "
24498,AS,,14,"$1,367.10 ","$1,093.68 "
,SG,,3,"$1,279.94 ","$1,023.96 "
,80'S,,8,$967.60 ,$774.08 
,OTHER,,117,"$90,304.14 ","$71,698.85 "
,TOTAL,,142,"$93,918.78 ","$74,590.57 "
24500,SG,,1,$159.87 ,$127.90 
,OTHER,,"6,573","$1,917,764.78 ","$1,501,541.26 "
,TOTAL,,"6,574","$1,917,924.65 ","$1,501,669.16 "
24505,SG,,7,"$1,801.70 ","$1,441.35 "
,OTHER,,"1,803","$757,578.62 ","$598,364.12 "
,TOTAL,,"1,810","$759,380.32 ","$599,805.47 "
24515,AS,,273,"$29,127.96 ","$23,260.16 "
,SG,,8,"$4,924.34 ","$3,939.47 "
,80'S,,219,"$28,398.42 ","$22,343.39 "
,OTHER,,"1,830","$1,416,127.95 ","$1,127,387.34 "
,TOTAL,,"2,330","$1,478,578.67 ","$1,176,930.36 "
24516,AS,,568,"$62,462.79 ","$49,791.43 "
,SG,,14,"$8,229.66 ","$6,354.99 "
,80'S,,367,"$47,025.25 ","$37,249.84 "
,OTHER,,"3,735","$2,896,065.82 ","$2,302,791.52 "
,TOTAL,,"4,684","$3,013,783.52 ","$2,396,187.78 "
24530,OTHER,,"1,982","$615,598.32 ","$485,488.43 "
,TOTAL,,"1,982","$615,598.32 ","$485,488.43 "
24535,SG,,4,"$1,126.05 ",$900.83 
,OTHER,,406,"$215,367.20 ","$171,337.75 "
,TOTAL,,410,"$216,493.25 ","$172,238.58 "
24538,SG,,17,"$6,044.89 ","$4,792.25 "
,OTHER,,310,"$205,174.75 ","$158,135.07 "
,TOTAL,,327,"$211,219.64 ","$162,927.32 "
24545,AS,,144,"$14,302.92 ","$11,269.00 "
,SG,,16,"$9,728.20 ","$7,374.74 "
,80'S,,104,"$12,482.88 ","$9,903.19 "
,OTHER,,"1,069","$759,141.81 ","$602,737.17 "
,TOTAL,,"1,333","$795,655.81 ","$631,284.10 "
24546,AS,,130,"$18,992.57 ","$15,061.25 "
,SG,,5,"$3,485.32 ","$2,788.27 "
,80'S,,104,"$17,886.20 ","$14,309.07 "
,OTHER,,"1,009","$1,078,884.05 ","$858,275.87 "
,TOTAL,,"1,248","$1,119,248.14 ","$890,434.46 "
24560,OTHER,,533,"$134,182.80 ","$105,784.14 "
,TOTAL,,533,"$134,182.80 ","$105,784.14 "
24565,OTHER,,32,"$12,800.63 ","$10,102.76 "
,TOTAL,,32,"$12,800.63 ","$10,102.76 "
24566,SG,,2,$881.57 ,$705.26 
,OTHER,,13,"$6,742.75 ","$5,354.58 "
,TOTAL,,15,"$7,624.32 ","$6,059.84 "
24575,AS,,21,"$1,877.97 ","$1,502.36 "
,SG,,12,"$5,673.95 ","$4,190.01 "
,80'S,,9,$927.86 ,$742.28 
,OTHER,,140,"$92,336.59 ","$73,700.39 "
,TOTAL,,182,"$100,816.37 ","$80,135.04 "
24576,SG,,1,$165.58 ,$132.46 
,OTHER,,652,"$170,173.95 ","$133,362.97 "
,TOTAL,,653,"$170,339.53 ","$133,495.43 "
24577,SG,,2,$663.65 ,$530.92 
,OTHER,,81,"$36,825.50 ","$29,408.47 "
,TOTAL,,83,"$37,489.15 ","$29,939.39 "
24579,AS,,68,"$7,138.03 ","$5,706.16 "
,SG,,16,"$7,946.51 ","$6,357.21 "
,80'S,,42,"$5,265.14 ","$4,129.06 "
,OTHER,,520,"$395,672.37 ","$314,738.71 "
,TOTAL,,646,"$416,022.05 ","$330,931.14 "
24582,SG,,1,$443.45 ,$354.76 
,OTHER,,41,"$26,138.67 ","$20,543.15 "
,TOTAL,,42,"$26,582.12 ","$20,897.91 "
24586,AS,,45,"$6,172.74 ","$4,778.19 "
,SG,,21,"$12,788.90 ","$10,231.12 "
,80'S,,34,"$5,786.43 ","$4,549.09 "
,OTHER,,449,"$458,488.16 ","$363,409.51 "
,TOTAL,,549,"$483,236.23 ","$382,967.91 "
24587,AS,,9,"$1,384.33 ","$1,107.46 "
,SG,,1,$674.32 ,$539.46 
,80'S,,12,"$2,075.32 ","$1,660.25 "
,OTHER,,86,"$89,698.49 ","$71,758.81 "
,TOTAL,,108,"$93,832.46 ","$75,065.98 "
24600,OTHER,,"1,351","$370,910.34 ","$290,671.27 "
,TOTAL,,"1,351","$370,910.34 ","$290,671.27 "
24605,SG,,14,"$6,035.21 ","$4,675.13 "
,OTHER,,867,"$323,398.71 ","$254,279.17 "
,TOTAL,,881,"$329,433.92 ","$258,954.30 "
24615,AS,,21,"$1,790.62 ","$1,432.50 "
,SG,,4,"$1,500.27 ","$1,179.89 "
,80'S,,20,"$1,735.66 ","$1,388.55 "
,OTHER,,254,"$145,103.44 ","$114,195.10 "
,TOTAL,,299,"$150,129.99 ","$118,196.04 "
24620,SG,,6,"$2,454.93 ","$1,963.95 "
,OTHER,,197,"$94,715.07 ","$74,732.57 "
,TOTAL,,203,"$97,170.00 ","$76,696.52 "
24635,AS,,61,"$9,044.78 ","$7,095.29 "
,SG,,13,"$6,212.42 ","$4,969.93 "
,80'S,,43,"$7,710.55 ","$6,168.44 "
,OTHER,,550,"$590,208.78 ","$467,652.99 "
,TOTAL,,667,"$613,176.53 ","$485,886.65 "
24640,OTHER,,115,"$9,594.22 ","$7,391.06 "
,TOTAL,,115,"$9,594.22 ","$7,391.06 "
24650,OTHER,,"8,131","$1,808,261.69 ","$1,405,606.58 "
,TOTAL,,"8,131","$1,808,261.69 ","$1,405,606.58 "
24655,SG,,2,$513.50 ,$410.80 
,OTHER,,371,"$124,043.07 ","$97,620.93 "
,TOTAL,,373,"$124,556.57 ","$98,031.73 "
24665,AS,,83,"$5,226.50 ","$4,181.23 "
,SG,,48,"$28,717.49 ","$22,244.11 "
,80'S,,31,"$2,058.35 ","$1,639.18 "
,OTHER,,592,"$280,756.45 ","$222,596.43 "
,TOTAL,,754,"$316,758.79 ","$250,660.95 "
24666,AS,,40,"$3,591.16 ","$2,872.89 "
,SG,,12,"$7,161.32 ","$5,729.05 "
,80'S,,28,"$2,803.28 ","$2,082.64 "
,OTHER,,441,"$273,673.90 ","$217,359.33 "
,TOTAL,,521,"$287,229.66 ","$228,043.91 "
24670,SG,,1,$327.39 ,$261.91 
,OTHER,,"2,227","$511,098.76 ","$400,399.66 "
,TOTAL,,"2,228","$511,426.15 ","$400,661.57 "
24675,SG,,3,$810.64 ,$524.50 
,OTHER,,186,"$69,104.61 ","$55,033.62 "
,TOTAL,,189,"$69,915.25 ","$55,558.12 "
24685,AS,,686,"$56,419.04 ","$44,772.64 "
,SG,,288,"$145,412.76 ","$115,744.77 "
,80'S,,277,"$26,039.27 ","$20,744.47 "
,OTHER,,"5,628","$3,332,742.56 ","$2,647,606.44 "
,TOTAL,,"6,879","$3,560,613.63 ","$2,828,868.32 "
24800,AS,,1,$104.73 ,$83.78 
,80'S,,1,$123.21 ,$98.57 
,OTHER,,16,"$10,793.60 ","$8,554.88 "
,TOTAL,,18,"$11,021.54 ","$8,737.23 "
24802,AS,,3,$404.40 ,$323.52 
,80'S,,1,$170.69 ,$136.55 
,OTHER,,10,"$9,215.63 ","$7,372.51 "
,TOTAL,,14,"$9,790.72 ","$7,832.58 "
24900,AS,,10,$889.71 ,$711.77 
,80'S,,14,"$1,365.91 ","$1,092.73 "
,OTHER,,158,"$99,120.29 ","$79,178.46 "
,TOTAL,,182,"$101,375.91 ","$80,982.96 "
24920,OTHER,,24,"$15,375.91 ","$12,300.70 "
,TOTAL,,24,"$15,375.91 ","$12,300.70 "
24925,SG,,2,$744.94 ,$595.95 
,80'S,,1,$73.35 ,$58.68 
,OTHER,,23,"$9,611.61 ","$7,079.56 "
,TOTAL,,26,"$10,429.90 ","$7,734.19 "
24930,AS,,1,$97.60 ,$78.08 
,OTHER,,14,"$8,715.86 ","$6,972.69 "
,TOTAL,,15,"$8,813.46 ","$7,050.77 "
24931,OTHER,,1,$726.64 ,$581.31 
,TOTAL,,1,$726.64 ,$581.31 
24935,OTHER,,2,"$1,701.44 ","$1,361.15 "
,TOTAL,,2,"$1,701.44 ","$1,361.15 "
24999,AS,,3,$242.37 ,$193.90 
,80'S,,1,$108.00 ,$86.40 
,OTHER,,129,"$70,581.10 ","$55,937.06 "
,TOTAL,,133,"$70,931.47 ","$56,217.36 "
25000,SG,,"1,770","$811,222.41 ","$640,326.29 "
,OTHER,,"5,122","$1,754,408.67 ","$1,377,744.50 "
,TOTAL,,"6,892","$2,565,631.08 ","$2,018,070.79 "
25001,OTHER,,104,"$20,218.32 ","$15,115.55 "
,TOTAL,,104,"$20,218.32 ","$15,115.55 "
25020,SG,,72,"$28,807.26 ","$22,643.57 "
,OTHER,,717,"$385,437.11 ","$304,776.23 "
,TOTAL,,789,"$414,244.37 ","$327,419.80 "
25023,AS,,1,$152.56 ,$122.05 
,SG,,5,"$2,298.55 ","$1,838.83 "
,OTHER,,112,"$117,605.03 ","$93,540.33 "
,TOTAL,,118,"$120,056.14 ","$95,501.21 "
25024,SG,,7,"$2,252.01 ","$1,801.62 "
,OTHER,,116,"$73,642.85 ","$58,262.71 "
,TOTAL,,123,"$75,894.86 ","$60,064.33 "
25025,AS,,1,$145.22 ,$116.18 
,SG,,1,$539.99 ,$431.99 
,80'S,,1,$172.78 ,$138.22 
,OTHER,,85,"$59,653.19 ","$47,607.86 "
,TOTAL,,88,"$60,511.18 ","$48,294.25 "
25028,SG,,80,"$22,966.51 ","$18,313.91 "
,OTHER,,"2,107","$962,265.02 ","$762,597.16 "
,TOTAL,,"2,187","$985,231.53 ","$780,911.07 "
25031,SG,,1,$483.72 ,$386.98 
,OTHER,,91,"$35,106.11 ","$28,059.62 "
,TOTAL,,92,"$35,589.83 ","$28,446.60 "
25035,SG,,4,"$1,792.46 ","$1,433.98 "
,OTHER,,147,"$109,276.76 ","$86,807.78 "
,TOTAL,,151,"$111,069.22 ","$88,241.76 "
25040,AS,,6,$414.21 ,$331.37 
,SG,,28,"$16,786.41 ","$13,390.04 "
,80'S,,5,$391.89 ,$313.51 
,OTHER,,393,"$189,963.07 ","$151,474.30 "
,TOTAL,,432,"$207,555.58 ","$165,509.22 "
25065,OTHER,,820,"$134,465.00 ","$104,708.59 "
,TOTAL,,820,"$134,465.00 ","$104,708.59 "
25066,SG,,43,"$15,183.47 ","$12,146.78 "
,OTHER,,333,"$128,519.52 ","$101,211.06 "
,TOTAL,,376,"$143,702.99 ","$113,357.84 "
25075,SG,,668,"$236,952.69 ","$186,694.94 "
,OTHER,,"3,166","$1,011,999.88 ","$795,797.43 "
,TOTAL,,"3,834","$1,248,952.57 ","$982,492.37 "
25076,SG,,430,"$192,870.43 ","$151,868.07 "
,OTHER,,"1,686","$895,427.62 ","$710,989.64 "
,TOTAL,,"2,116","$1,088,298.05 ","$862,857.71 "
25077,SG,,53,"$24,747.07 ","$19,797.65 "
,OTHER,,575,"$495,269.41 ","$393,178.91 "
,TOTAL,,628,"$520,016.48 ","$412,976.56 "
25085,AS,,4,$249.95 ,$142.12 
,SG,,22,"$8,427.83 ","$6,742.25 "
,80'S,,1,$44.82 ,$35.86 
,OTHER,,66,"$24,675.18 ","$19,720.00 "
,TOTAL,,93,"$33,397.78 ","$26,640.23 "
25100,AS,,1,$47.30 ,$37.84 
,SG,,18,"$5,854.40 ","$4,624.91 "
,80'S,,1,$61.01 ,$48.81 
,OTHER,,66,"$16,865.31 ","$13,412.24 "
,TOTAL,,86,"$22,828.02 ","$18,123.80 "
25101,AS,,2,$83.25 ,$66.60 
,SG,,52,"$19,140.08 ","$14,748.64 "
,80'S,,12,$487.75 ,$390.16 
,OTHER,,277,"$85,329.50 ","$67,589.13 "
,TOTAL,,343,"$105,040.58 ","$82,794.53 "
25105,AS,,7,$312.20 ,$249.76 
,SG,,150,"$86,721.87 ","$68,858.76 "
,80'S,,2,$84.89 ,$67.91 
,OTHER,,480,"$204,945.69 ","$161,651.74 "
,TOTAL,,639,"$292,064.65 ","$230,828.17 "
25107,AS,,11,$639.50 ,$511.61 
,SG,,25,"$9,673.05 ","$7,738.44 "
,OTHER,,85,"$35,007.40 ","$27,976.34 "
,TOTAL,,121,"$45,319.95 ","$36,226.39 "
25110,SG,,87,"$41,722.43 ","$33,028.55 "
,OTHER,,386,"$146,698.87 ","$113,937.25 "
,TOTAL,,473,"$188,421.30 ","$146,965.80 "
25111,SG,,"1,968","$921,516.78 ","$724,190.05 "
,OTHER,,"6,159","$1,662,686.75 ","$1,304,472.00 "
,TOTAL,,"8,127","$2,584,203.53 ","$2,028,662.05 "
25112,SG,,165,"$102,450.55 ","$80,364.85 "
,OTHER,,569,"$201,729.26 ","$158,434.53 "
,TOTAL,,734,"$304,179.81 ","$238,799.38 "
25115,SG,,"1,289","$776,421.44 ","$611,818.99 "
,OTHER,,"4,488","$4,059,904.10 ","$3,203,880.55 "
,TOTAL,,"5,777","$4,836,325.54 ","$3,815,699.54 "
25116,AS,,11,$939.58 ,$751.67 
,SG,,342,"$201,585.62 ","$157,060.12 "
,80'S,,3,$215.61 ,$172.49 
,OTHER,,"1,102","$769,066.63 ","$607,801.10 "
,TOTAL,,"1,458","$971,807.44 ","$765,785.38 "
25118,SG,,340,"$112,999.79 ","$90,098.15 "
,OTHER,,"1,203","$375,602.21 ","$296,455.02 "
,TOTAL,,"1,543","$488,602.00 ","$386,553.17 "
25119,AS,,12,$563.53 ,$450.84 
,SG,,45,"$17,042.69 ","$13,177.94 "
,80'S,,3,$230.77 ,$184.61 
,OTHER,,147,"$50,305.86 ","$39,782.15 "
,TOTAL,,207,"$68,142.85 ","$53,595.54 "
25120,AS,,2,$166.41 ,$133.13 
,SG,,36,"$15,222.58 ","$11,977.14 "
,80'S,,1,$144.87 ,$115.90 
,OTHER,,135,"$81,173.94 ","$63,538.04 "
,TOTAL,,174,"$96,707.80 ","$75,764.21 "
25125,AS,,2,$206.96 ,$165.56 
,SG,,5,"$1,783.61 ","$1,426.89 "
,OTHER,,14,"$10,698.95 ","$8,559.17 "
,TOTAL,,21,"$12,689.52 ","$10,151.62 "
25126,AS,,2,$223.00 ,$178.40 
,SG,,5,"$2,001.82 ","$1,601.47 "
,80'S,,1,$125.16 ,$100.13 
,OTHER,,30,"$22,273.61 ","$17,779.82 "
,TOTAL,,38,"$24,623.59 ","$19,659.82 "
25130,AS,,2,$92.14 ,$73.71 
,SG,,61,"$24,494.09 ","$19,262.45 "
,80'S,,3,$145.46 ,$116.37 
,OTHER,,149,"$52,945.26 ","$40,798.04 "
,TOTAL,,215,"$77,676.95 ","$60,250.57 "
25135,SG,,9,"$3,564.03 ","$2,665.76 "
,80'S,,1,$56.06 ,$44.85 
,OTHER,,24,"$10,317.45 ","$7,262.15 "
,TOTAL,,34,"$13,937.54 ","$9,972.76 "
25136,AS,,1,$71.16 ,$56.93 
,SG,,1,$255.22 ,$204.18 
,80'S,,2,$100.25 ,$80.20 
,OTHER,,17,"$6,331.04 ","$4,859.68 "
,TOTAL,,21,"$6,757.67 ","$5,200.99 "
25145,AS,,1,$46.18 ,$36.94 
,SG,,5,"$1,357.90 ","$1,086.32 "
,OTHER,,44,"$26,500.16 ","$21,200.12 "
,TOTAL,,50,"$27,904.24 ","$22,323.38 "
25150,SG,,24,"$6,686.48 ","$5,349.17 "
,OTHER,,94,"$43,189.62 ","$34,213.69 "
,TOTAL,,118,"$49,876.10 ","$39,562.86 "
25151,AS,,4,$380.58 ,$304.46 
,SG,,14,"$4,206.08 ","$3,364.87 "
,80'S,,3,$330.28 ,$264.22 
,OTHER,,97,"$57,593.32 ","$45,022.54 "
,TOTAL,,118,"$62,510.26 ","$48,956.09 "
25170,AS,,2,$316.13 ,$252.91 
,80'S,,1,$167.24 ,$133.79 
,OTHER,,22,"$18,135.13 ","$13,937.02 "
,TOTAL,,25,"$18,618.50 ","$14,323.72 "
25210,AS,,16,$642.19 ,$513.77 
,SG,,241,"$85,125.68 ","$66,410.62 "
,80'S,,8,$392.36 ,$313.86 
,OTHER,,944,"$302,252.66 ","$237,190.90 "
,TOTAL,,"1,209","$388,412.89 ","$304,429.15 "
25215,AS,,49,"$4,361.19 ","$3,488.91 "
,SG,,148,"$87,751.76 ","$68,279.21 "
,80'S,,16,"$1,672.48 ","$1,337.98 "
,OTHER,,499,"$302,624.66 ","$237,545.61 "
,TOTAL,,712,"$396,410.09 ","$310,651.71 "
25230,SG,,67,"$33,701.27 ","$26,525.45 "
,OTHER,,288,"$76,758.35 ","$60,030.48 "
,TOTAL,,355,"$110,459.62 ","$86,555.93 "
25240,AS,,38,"$1,793.03 ","$1,385.15 "
,SG,,327,"$179,559.84 ","$141,295.69 "
,80'S,,15,$643.31 ,$514.65 
,OTHER,,"1,588","$518,255.07 ","$409,128.42 "
,TOTAL,,"1,968","$700,251.25 ","$552,323.91 "
25246,OTHER,,784,"$162,672.27 ","$127,665.91 "
,TOTAL,,784,"$162,672.27 ","$127,665.91 "
25248,SG,,35,"$12,882.45 ","$10,102.09 "
,OTHER,,318,"$137,440.74 ","$108,348.18 "
,TOTAL,,353,"$150,323.19 ","$118,450.27 "
25250,AS,,4,$168.65 ,$134.92 
,SG,,7,"$1,503.84 ","$1,043.08 "
,OTHER,,38,"$12,530.00 ","$9,871.34 "
,TOTAL,,49,"$14,202.49 ","$11,049.34 "
25251,AS,,4,$230.20 ,$184.16 
,SG,,1,$330.95 ,$264.76 
,OTHER,,23,"$10,017.12 ","$8,013.70 "
,TOTAL,,28,"$10,578.27 ","$8,462.62 "
25259,OTHER,,209,"$60,358.85 ","$47,821.88 "
,TOTAL,,209,"$60,358.85 ","$47,821.88 "
25260,SG,,80,"$37,730.02 ","$29,124.48 "
,OTHER,,"1,036","$568,716.39 ","$448,614.93 "
,TOTAL,,"1,116","$606,446.41 ","$477,739.41 "
25263,AS,,2,$162.33 ,$129.86 
,SG,,9,"$2,267.92 ","$1,734.34 "
,80'S,,5,$454.31 ,$363.45 
,OTHER,,84,"$47,208.05 ","$37,132.53 "
,TOTAL,,100,"$50,092.61 ","$39,360.18 "
25265,AS,,2,$242.13 ,$193.71 
,SG,,10,"$4,306.74 ","$3,445.39 "
,80'S,,2,$292.25 ,$233.80 
,OTHER,,51,"$42,056.76 ","$33,645.42 "
,TOTAL,,65,"$46,897.88 ","$37,518.32 "
25270,AS,,24,"$1,625.24 ","$1,300.19 "
,SG,,118,"$59,800.98 ","$47,177.27 "
,80'S,,3,$171.13 ,$136.90 
,OTHER,,924,"$428,868.17 ","$340,041.68 "
,TOTAL,,"1,069","$490,465.52 ","$388,656.04 "
25272,AS,,4,$252.74 ,$202.19 
,SG,,21,"$7,427.52 ","$5,534.18 "
,OTHER,,160,"$81,129.50 ","$63,892.07 "
,TOTAL,,185,"$88,809.76 ","$69,628.44 "
25274,AS,,4,$369.30 ,$295.44 
,SG,,23,"$11,419.06 ","$9,135.25 "
,OTHER,,148,"$100,436.82 ","$78,087.48 "
,TOTAL,,175,"$112,225.18 ","$87,518.17 "
25275,AS,,2,$131.63 ,$105.30 
,SG,,11,"$5,846.18 ","$4,676.93 "
,80'S,,2,$174.23 ,$139.39 
,OTHER,,51,"$25,431.23 ","$19,665.18 "
,TOTAL,,66,"$31,583.27 ","$24,586.80 "
25280,AS,,27,"$2,176.25 ","$1,740.96 "
,SG,,153,"$63,071.92 ","$50,233.97 "
,80'S,,13,"$1,119.91 ",$895.95 
,OTHER,,"1,054","$523,819.13 ","$410,323.73 "
,TOTAL,,"1,247","$590,187.21 ","$463,194.61 "
25290,SG,,136,"$43,660.33 ","$34,501.34 "
,OTHER,,"1,216","$616,528.90 ","$491,313.19 "
,TOTAL,,"1,352","$660,189.23 ","$525,814.53 "
25295,SG,,225,"$77,756.68 ","$61,376.39 "
,OTHER,,"1,262","$651,568.41 ","$514,638.07 "
,TOTAL,,"1,487","$729,325.09 ","$576,014.46 "
25300,AS,,16,$727.46 ,$582.01 
,SG,,28,"$7,933.31 ","$6,207.77 "
,80'S,,3,$149.21 ,$119.37 
,OTHER,,76,"$29,018.86 ","$22,679.84 "
,TOTAL,,123,"$37,828.84 ","$29,588.99 "
25301,AS,,5,$258.21 ,$206.57 
,SG,,35,"$9,613.42 ","$7,690.74 "
,80'S,,9,$659.78 ,$527.81 
,OTHER,,125,"$51,608.05 ","$40,467.59 "
,TOTAL,,174,"$62,139.46 ","$48,892.71 "
25310,AS,,488,"$48,463.63 ","$38,290.66 "
,SG,,"1,476","$423,569.47 ","$334,397.63 "
,80'S,,147,"$17,090.99 ","$13,483.07 "
,OTHER,,"4,713","$3,389,943.64 ","$2,668,143.14 "
,TOTAL,,"6,824","$3,879,067.73 ","$3,054,314.50 "
25312,AS,,21,"$2,368.20 ","$1,894.55 "
,SG,,103,"$42,884.83 ","$34,110.65 "
,80'S,,25,"$2,904.50 ","$2,323.55 "
,OTHER,,213,"$167,142.92 ","$133,574.94 "
,TOTAL,,362,"$215,300.45 ","$171,903.69 "
25315,AS,,2,$257.02 ,$205.61 
,SG,,1,$248.31 ,$198.65 
,80'S,,2,$302.17 ,$241.73 
,OTHER,,82,"$77,690.81 ","$60,449.71 "
,TOTAL,,87,"$78,498.31 ","$61,095.70 "
25316,SG,,2,$526.29 ,$421.03 
,80'S,,1,$173.95 ,$139.16 
,OTHER,,9,"$10,544.01 ","$8,424.99 "
,TOTAL,,12,"$11,244.25 ","$8,985.18 "
25320,AS,,37,"$4,278.62 ","$3,422.90 "
,SG,,117,"$47,188.69 ","$36,619.95 "
,80'S,,21,"$2,548.23 ","$1,846.01 "
,OTHER,,573,"$451,388.63 ","$352,512.19 "
,TOTAL,,748,"$505,404.17 ","$394,401.05 "
25332,AS,,28,"$2,886.71 ","$2,309.32 "
,SG,,92,"$63,019.36 ","$48,059.03 "
,80'S,,9,"$1,114.68 ",$891.75 
,OTHER,,279,"$209,362.23 ","$164,251.24 "
,TOTAL,,408,"$276,382.98 ","$215,511.34 "
25337,SG,,52,"$36,630.60 ","$29,291.63 "
,OTHER,,258,"$191,569.84 ","$151,265.09 "
,TOTAL,,310,"$228,200.44 ","$180,556.72 "
25350,AS,,25,"$2,459.08 ","$1,911.94 "
,SG,,27,"$10,992.72 ","$8,439.02 "
,80'S,,10,"$1,291.97 ","$1,033.57 "
,OTHER,,219,"$175,908.85 ","$138,795.90 "
,TOTAL,,281,"$190,652.62 ","$150,180.43 "
25355,AS,,1,$131.86 ,$105.49 
,80'S,,2,$211.20 ,$168.96 
,OTHER,,16,"$12,845.83 ","$10,276.66 "
,TOTAL,,19,"$13,188.89 ","$10,551.11 "
25360,AS,,25,"$2,266.72 ","$1,813.40 "
,SG,,18,"$6,952.52 ","$5,482.02 "
,80'S,,15,"$1,357.66 ","$1,086.13 "
,OTHER,,166,"$113,608.00 ","$89,838.67 "
,TOTAL,,224,"$124,184.90 ","$98,220.22 "
25365,AS,,4,$634.02 ,$507.21 
,SG,,3,"$1,491.40 ","$1,193.12 "
,OTHER,,11,"$12,501.76 ","$10,001.40 "
,TOTAL,,18,"$14,627.18 ","$11,701.73 "
25370,OTHER,,2,"$2,486.37 ","$1,989.09 "
,TOTAL,,2,"$2,486.37 ","$1,989.09 "
25390,AS,,16,"$1,892.44 ","$1,513.95 "
,SG,,51,"$21,091.15 ","$16,127.12 "
,80'S,,7,$952.87 ,$710.51 
,OTHER,,223,"$193,935.06 ","$150,572.83 "
,TOTAL,,297,"$217,871.52 ","$168,924.41 "
25391,AS,,5,$786.56 ,$629.25 
,SG,,3,"$1,294.09 ","$1,035.27 "
,80'S,,5,$907.06 ,$725.65 
,OTHER,,41,"$46,983.01 ","$37,506.44 "
,TOTAL,,54,"$49,970.72 ","$39,896.61 "
25392,SG,,1,$250.10 ,$200.08 
,OTHER,,6,"$6,553.40 ","$4,667.84 "
,TOTAL,,7,"$6,803.50 ","$4,867.92 "
25393,80'S,,1,$107.90 ,$86.32 
,OTHER,,2,"$1,861.16 ","$1,488.92 "
,TOTAL,,3,"$1,969.06 ","$1,575.24 "
25394,AS,,1,$97.11 ,$77.69 
,80'S,,1,$58.21 ,$46.57 
,OTHER,,6,"$3,274.49 ","$2,619.60 "
,TOTAL,,8,"$3,429.81 ","$2,743.86 "
25400,AS,,75,"$10,166.00 ","$8,073.43 "
,SG,,64,"$29,914.20 ","$23,497.24 "
,80'S,,20,"$3,359.47 ","$2,687.59 "
,OTHER,,516,"$497,763.22 ","$393,432.01 "
,TOTAL,,675,"$541,202.89 ","$427,690.27 "
25405,AS,,60,"$10,966.87 ","$8,760.28 "
,SG,,50,"$30,195.14 ","$23,656.61 "
,80'S,,42,"$8,309.49 ","$6,562.52 "
,OTHER,,505,"$606,571.14 ","$479,789.62 "
,TOTAL,,657,"$656,042.64 ","$518,769.03 "
25415,AS,,7,"$1,129.09 ",$903.27 
,SG,,5,"$2,307.33 ","$1,845.86 "
,80'S,,3,$597.27 ,$477.82 
,OTHER,,49,"$54,883.56 ","$43,775.00 "
,TOTAL,,64,"$58,917.25 ","$47,001.95 "
25420,AS,,14,"$2,699.67 ","$2,159.72 "
,SG,,7,"$4,377.48 ","$3,421.98 "
,80'S,,7,"$1,584.34 ","$1,267.48 "
,OTHER,,80,"$106,494.30 ","$85,082.53 "
,TOTAL,,108,"$115,155.79 ","$91,931.71 "
25425,AS,,1,$172.20 ,$137.76 
,SG,,6,"$2,050.39 ","$1,640.31 "
,80'S,,2,$388.67 ,$310.94 
,OTHER,,38,"$43,596.59 ","$34,862.47 "
,TOTAL,,47,"$46,207.85 ","$36,951.48 "
25426,SG,,1,$610.68 ,$488.54 
,OTHER,,2,"$2,393.30 ","$1,914.64 "
,TOTAL,,3,"$3,003.98 ","$2,403.18 "
25430,OTHER,,6,"$1,937.16 ","$1,290.46 "
,TOTAL,,6,"$1,937.16 ","$1,290.46 "
25431,AS,,1,$46.83 ,$37.46 
,OTHER,,9,"$5,113.89 ","$4,057.20 "
,TOTAL,,10,"$5,160.72 ","$4,094.66 "
25440,AS,,10,"$1,097.08 ",$746.42 
,SG,,26,"$15,629.64 ","$12,002.81 "
,80'S,,4,$523.83 ,$419.06 
,OTHER,,105,"$80,132.83 ","$62,931.49 "
,TOTAL,,145,"$97,383.38 ","$76,099.78 "
25441,SG,,3,"$2,154.60 ","$1,723.68 "
,80'S,,2,$299.80 ,$239.84 
,OTHER,,15,"$11,739.21 ","$9,391.38 "
,TOTAL,,20,"$14,193.61 ","$11,354.90 "
25442,AS,,2,$211.77 ,$169.41 
,SG,,6,"$4,329.03 ","$3,099.50 "
,80'S,,1,$103.53 ,$82.82 
,OTHER,,40,"$25,889.13 ","$20,133.85 "
,TOTAL,,49,"$30,533.46 ","$23,485.58 "
25443,AS,,1,$49.83 ,$39.86 
,SG,,4,"$2,549.59 ","$2,039.67 "
,OTHER,,12,"$8,099.47 ","$6,319.57 "
,TOTAL,,17,"$10,698.89 ","$8,399.10 "
25445,SG,,112,"$75,675.10 ","$60,010.40 "
,OTHER,,431,"$265,815.84 ","$209,105.25 "
,TOTAL,,543,"$341,490.94 ","$269,115.65 "
25446,AS,,16,"$2,369.95 ","$1,882.62 "
,SG,,6,"$5,372.20 ","$3,773.22 "
,80'S,,2,$343.53 ,$274.83 
,OTHER,,118,"$133,325.01 ","$105,039.19 "
,TOTAL,,142,"$141,410.69 ","$110,969.86 "
25447,AS,,991,"$79,776.88 ","$63,011.68 "
,SG,,"3,296","$2,292,292.69 ","$1,803,247.55 "
,80'S,,248,"$21,952.14 ","$17,136.31 "
,OTHER,,"8,991","$5,122,879.50 ","$4,027,507.14 "
,TOTAL,,"13,526","$7,516,901.21 ","$5,910,902.68 "
25449,AS,,6,$864.84 ,$691.86 
,SG,,23,"$15,324.21 ","$12,179.35 "
,80'S,,3,$519.61 ,$415.69 
,OTHER,,78,"$73,180.17 ","$58,464.08 "
,TOTAL,,110,"$89,888.83 ","$71,750.98 "
25450,OTHER,,3,"$1,451.62 ","$1,161.29 "
,TOTAL,,3,"$1,451.62 ","$1,161.29 "
25455,OTHER,,1,$356.12 ,$284.90 
,TOTAL,,1,$356.12 ,$284.90 
25490,OTHER,,17,"$13,644.13 ","$10,915.29 "
,TOTAL,,17,"$13,644.13 ","$10,915.29 "
25491,AS,,1,$142.75 ,$114.20 
,SG,,1,$490.39 ,$392.31 
,OTHER,,8,"$7,398.64 ","$5,918.91 "
,TOTAL,,10,"$8,031.78 ","$6,425.42 "
25500,OTHER,,"1,714","$386,411.56 ","$300,110.44 "
,TOTAL,,"1,714","$386,411.56 ","$300,110.44 "
25505,SG,,12,"$3,753.28 ","$3,002.60 "
,OTHER,,574,"$245,686.79 ","$193,862.65 "
,TOTAL,,586,"$249,440.07 ","$196,865.25 "
25515,AS,,52,"$4,532.21 ","$3,625.78 "
,SG,,43,"$21,058.66 ","$16,389.22 "
,80'S,,25,"$2,552.62 ","$2,042.12 "
,OTHER,,569,"$344,856.55 ","$272,964.87 "
,TOTAL,,689,"$373,000.04 ","$295,021.99 "
25520,SG,,2,$660.18 ,$528.14 
,OTHER,,54,"$25,305.04 ","$19,859.71 "
,TOTAL,,56,"$25,965.22 ","$20,387.85 "
25525,AS,,16,"$1,826.71 ","$1,381.37 "
,SG,,10,"$6,286.70 ","$5,029.37 "
,80'S,,6,$819.98 ,$655.98 
,OTHER,,212,"$180,012.13 ","$142,313.78 "
,TOTAL,,244,"$188,945.52 ","$149,380.50 "
25526,AS,,12,"$1,698.41 ","$1,358.72 "
,SG,,5,"$3,251.25 ","$2,601.00 "
,80'S,,7,"$1,092.28 ",$873.83 
,OTHER,,133,"$133,596.79 ","$106,637.49 "
,TOTAL,,157,"$139,638.73 ","$111,471.04 "
25530,OTHER,,"2,589","$557,479.73 ","$433,809.29 "
,TOTAL,,"2,589","$557,479.73 ","$433,809.29 "
25535,SG,,3,$653.38 ,$522.71 
,OTHER,,251,"$93,529.17 ","$73,493.00 "
,TOTAL,,254,"$94,182.55 ","$74,015.71 "
25545,AS,,115,"$9,519.57 ","$7,605.96 "
,SG,,55,"$25,647.49 ","$20,358.01 "
,80'S,,62,"$5,789.33 ","$4,631.41 "
,OTHER,,"1,010","$586,404.16 ","$466,134.61 "
,TOTAL,,"1,242","$627,360.55 ","$498,729.99 "
25560,OTHER,,"1,919","$425,028.02 ","$329,492.86 "
,TOTAL,,"1,919","$425,028.02 ","$329,492.86 "
25565,SG,,26,"$10,687.90 ","$8,470.33 "
,OTHER,,"1,281","$567,883.90 ","$447,903.15 "
,TOTAL,,"1,307","$578,571.80 ","$456,373.48 "
25574,AS,,22,"$1,542.45 ","$1,215.98 "
,SG,,11,"$5,670.71 ","$4,536.56 "
,80'S,,15,"$1,321.26 ","$1,050.36 "
,OTHER,,302,"$150,926.51 ","$119,337.50 "
,TOTAL,,350,"$159,460.93 ","$126,140.40 "
25575,AS,,97,"$9,798.37 ","$7,750.54 "
,SG,,23,"$11,375.69 ","$9,068.75 "
,80'S,,61,"$7,664.81 ","$5,963.10 "
,OTHER,,"1,109","$824,898.57 ","$653,417.27 "
,TOTAL,,"1,290","$853,737.44 ","$676,199.66 "
25600,OTHER,,"52,370","$12,929,345.06 ","$10,060,734.41 "
,TOTAL,,"52,370","$12,929,345.06 ","$10,060,734.41 "
25605,SG,,576,"$276,656.53 ","$219,087.20 "
,80'S,,1,$73.94 ,$59.15 
,OTHER,,"34,249","$16,415,662.30 ","$12,948,549.90 "
,TOTAL,,"34,826","$16,692,392.77 ","$13,167,696.25 "
25611,AS,,2,$128.94 ,$103.15 
,SG,,"1,622","$808,312.67 ","$638,055.17 "
,80'S,,3,$279.49 ,$223.60 
,OTHER,,"15,599","$9,436,062.53 ","$7,475,763.69 "
,TOTAL,,"17,226","$10,244,783.63 ","$8,114,145.61 "
25620,AS,,"1,340","$109,838.73 ","$86,886.55 "
,SG,,"1,318","$929,057.62 ","$732,312.53 "
,80'S,,542,"$49,791.95 ","$39,180.68 "
,OTHER,,"12,393","$7,242,608.84 ","$5,732,531.99 "
,TOTAL,,"15,593","$8,331,297.14 ","$6,590,911.75 "
25622,OTHER,,"2,798","$708,297.77 ","$552,636.08 "
,TOTAL,,"2,798","$708,297.77 ","$552,636.08 "
25624,AS,,1,$46.71 ,$37.37 
,SG,,3,$897.62 ,$718.10 
,OTHER,,117,"$46,403.49 ","$37,015.05 "
,TOTAL,,121,"$47,347.82 ","$37,770.52 "
25628,AS,,17,"$1,412.30 ","$1,001.24 "
,SG,,32,"$14,491.65 ","$11,561.55 "
,80'S,,14,"$1,336.55 ","$1,069.22 "
,OTHER,,184,"$105,323.97 ","$82,302.71 "
,TOTAL,,247,"$122,564.47 ","$95,934.72 "
25630,OTHER,,"1,962","$511,247.94 ","$397,700.34 "
,TOTAL,,"1,962","$511,247.94 ","$397,700.34 "
25635,SG,,6,"$1,482.83 ","$1,186.26 "
,OTHER,,74,"$24,129.40 ","$19,022.44 "
,TOTAL,,80,"$25,612.23 ","$20,208.70 "
25645,AS,,3,$147.81 ,$118.25 
,SG,,11,"$4,962.36 ","$3,969.90 "
,80'S,,2,$174.76 ,$139.80 
,OTHER,,61,"$27,491.26 ","$21,216.14 "
,TOTAL,,77,"$32,776.19 ","$25,444.09 "
25650,OTHER,,"1,161","$293,801.43 ","$229,767.62 "
,TOTAL,,"1,161","$293,801.43 ","$229,767.62 "
25651,AS,,2,$94.41 ,$75.53 
,OTHER,,65,"$13,999.59 ","$11,093.66 "
,TOTAL,,67,"$14,094.00 ","$11,169.19 "
25652,OTHER,,140,"$47,098.36 ","$37,541.15 "
,TOTAL,,140,"$47,098.36 ","$37,541.15 "
25660,AS,,1,$25.54 ,$20.43 
,SG,,4,$805.19 ,$644.14 
,OTHER,,168,"$52,511.58 ","$41,178.20 "
,TOTAL,,173,"$53,342.31 ","$41,842.77 "
25670,AS,,6,$270.02 ,$216.02 
,SG,,9,"$2,532.27 ","$1,742.86 "
,80'S,,9,$557.31 ,$445.83 
,OTHER,,102,"$39,604.99 ","$31,352.02 "
,TOTAL,,126,"$42,964.59 ","$33,756.73 "
25671,SG,,6,"$1,981.28 ","$1,585.02 "
,OTHER,,61,"$19,016.89 ","$14,853.16 "
,TOTAL,,67,"$20,998.17 ","$16,438.18 "
25675,AS,,1,$50.25 ,$40.20 
,SG,,3,$472.38 ,$377.91 
,80'S,,2,$86.69 ,$69.35 
,OTHER,,132,"$38,674.61 ","$30,727.77 "
,TOTAL,,138,"$39,283.93 ","$31,215.23 "
25676,AS,,5,$217.95 ,$174.36 
,SG,,13,"$3,321.73 ","$2,488.82 "
,80'S,,6,$311.01 ,$248.78 
,OTHER,,94,"$36,050.44 ","$28,558.24 "
,TOTAL,,118,"$39,901.13 ","$31,470.20 "
25680,SG,,1,$247.13 ,$197.70 
,80'S,,1,$32.61 ,$26.09 
,OTHER,,195,"$72,982.20 ","$57,218.04 "
,TOTAL,,197,"$73,261.94 ","$57,441.83 "
25685,AS,,11,"$1,003.34 ",$802.69 
,SG,,3,"$1,001.32 ",$801.06 
,80'S,,1,$106.97 ,$77.02 
,OTHER,,43,"$26,054.78 ","$20,843.83 "
,TOTAL,,58,"$28,166.41 ","$22,524.60 "
25690,SG,,4,$826.18 ,$660.95 
,OTHER,,36,"$13,255.64 ","$10,369.11 "
,TOTAL,,40,"$14,081.82 ","$11,030.06 "
25695,AS,,6,$377.09 ,$291.57 
,SG,,7,"$2,229.51 ","$1,783.61 "
,80'S,,2,$184.59 ,$147.67 
,OTHER,,45,"$21,362.21 ","$16,884.92 "
,TOTAL,,60,"$24,153.40 ","$19,107.77 "
25800,AS,,39,"$3,791.33 ","$2,874.85 "
,SG,,38,"$22,530.22 ","$17,255.45 "
,80'S,,18,"$1,994.25 ","$1,595.41 "
,OTHER,,373,"$237,869.87 ","$187,789.75 "
,TOTAL,,468,"$266,185.67 ","$209,515.46 "
25805,AS,,7,$818.11 ,$654.49 
,SG,,14,"$9,553.41 ","$7,164.76 "
,80'S,,3,$316.41 ,$253.13 
,OTHER,,74,"$58,455.46 ","$44,401.11 "
,TOTAL,,98,"$69,143.39 ","$52,473.49 "
25810,AS,,74,"$7,377.28 ","$5,875.46 "
,SG,,68,"$47,231.50 ","$37,658.21 "
,80'S,,27,"$3,287.93 ","$2,490.24 "
,OTHER,,572,"$414,116.41 ","$326,947.23 "
,TOTAL,,741,"$472,013.12 ","$372,971.14 "
25820,AS,,25,"$1,686.17 ","$1,348.92 "
,SG,,57,"$31,049.22 ","$24,364.37 "
,80'S,,11,$989.10 ,$791.29 
,OTHER,,248,"$126,287.08 ","$99,610.46 "
,TOTAL,,341,"$160,011.57 ","$126,115.04 "
25825,AS,,56,"$4,971.53 ","$3,898.46 "
,SG,,110,"$75,417.89 ","$59,214.33 "
,80'S,,23,"$2,167.73 ","$1,734.21 "
,OTHER,,507,"$332,983.77 ","$260,624.94 "
,TOTAL,,696,"$415,540.92 ","$325,471.94 "
25830,AS,,12,"$1,455.59 ","$1,164.48 "
,SG,,30,"$20,693.23 ","$16,274.47 "
,80'S,,3,$398.21 ,$318.58 
,OTHER,,104,"$96,529.75 ","$76,926.43 "
,TOTAL,,149,"$119,076.78 ","$94,683.96 "
25900,AS,,4,$396.23 ,$316.98 
,80'S,,6,$818.92 ,$655.14 
,OTHER,,208,"$160,312.12 ","$127,117.11 "
,TOTAL,,218,"$161,527.27 ","$128,089.23 "
25905,AS,,1,$107.96 ,$86.37 
,80'S,,1,$127.44 ,$101.95 
,OTHER,,22,"$16,900.07 ","$13,520.08 "
,TOTAL,,24,"$17,135.47 ","$13,708.40 "
25907,SG,,1,$479.36 ,$383.49 
,80'S,,1,$127.68 ,$102.14 
,OTHER,,18,"$11,060.47 ","$8,848.37 "
,TOTAL,,20,"$11,667.51 ","$9,334.00 "
25909,OTHER,,25,"$17,784.66 ","$14,067.76 "
,TOTAL,,25,"$17,784.66 ","$14,067.76 "
25920,AS,,1,$97.01 ,$77.61 
,80'S,,1,$68.65 ,$54.92 
,OTHER,,70,"$41,354.78 ","$32,702.92 "
,TOTAL,,72,"$41,520.44 ","$32,835.45 "
25922,SG,,1,$505.10 ,$404.08 
,OTHER,,4,"$1,879.57 ","$1,503.66 "
,TOTAL,,5,"$2,384.67 ","$1,907.74 "
25924,OTHER,,3,"$1,815.75 ","$1,452.60 "
,TOTAL,,3,"$1,815.75 ","$1,452.60 "
25927,80'S,,2,$258.33 ,$206.67 
,OTHER,,68,"$49,017.37 ","$38,214.62 "
,TOTAL,,70,"$49,275.70 ","$38,421.29 "
25931,OTHER,,15,"$10,044.09 ","$8,035.25 "
,TOTAL,,15,"$10,044.09 ","$8,035.25 "
25999,AS,,5,$415.07 ,$332.04 
,80'S,,3,$240.12 ,$192.09 
,OTHER,,227,"$87,223.21 ","$68,398.73 "
,TOTAL,,235,"$87,878.40 ","$68,922.86 "
26010,OTHER,,"3,519","$584,169.97 ","$451,017.70 "
,TOTAL,,"3,519","$584,169.97 ","$451,017.70 "
26011,SG,,172,"$50,950.53 ","$40,295.39 "
,OTHER,,"2,322","$519,766.93 ","$408,340.93 "
,TOTAL,,"2,494","$570,717.46 ","$448,636.32 "
26020,SG,,80,"$31,140.15 ","$24,255.84 "
,OTHER,,"1,846","$625,421.96 ","$493,270.43 "
,TOTAL,,"1,926","$656,562.11 ","$517,526.27 "
26025,AS,,3,$163.28 ,$130.62 
,SG,,16,"$4,298.43 ","$3,438.73 "
,80'S,,1,$73.17 ,$58.54 
,OTHER,,411,"$123,655.69 ","$97,595.27 "
,TOTAL,,431,"$128,190.57 ","$101,223.16 "
26030,AS,,1,$63.22 ,$50.58 
,SG,,5,"$1,614.92 ","$1,291.94 "
,80'S,,1,$86.07 ,$68.86 
,OTHER,,251,"$91,333.60 ","$71,859.58 "
,TOTAL,,258,"$93,097.81 ","$73,270.96 "
26034,SG,,64,"$24,502.69 ","$19,602.17 "
,OTHER,,544,"$238,713.42 ","$188,574.06 "
,TOTAL,,608,"$263,216.11 ","$208,176.23 "
26035,80'S,,3,$306.29 ,$245.03 
,OTHER,,80,"$50,949.19 ","$40,567.97 "
,TOTAL,,83,"$51,255.48 ","$40,813.00 "
26037,AS,,2,$113.19 ,$90.55 
,80'S,,1,$80.99 ,$64.79 
,OTHER,,258,"$111,517.11 ","$88,888.34 "
,TOTAL,,261,"$111,711.29 ","$89,043.68 "
26040,SG,,299,"$169,133.45 ","$134,170.93 "
,OTHER,,871,"$212,143.30 ","$167,450.14 "
,TOTAL,,"1,170","$381,276.75 ","$301,621.07 "
26045,SG,,473,"$215,039.82 ","$168,916.10 "
,OTHER,,"1,018","$379,082.99 ","$299,359.85 "
,TOTAL,,"1,491","$594,122.81 ","$468,275.95 "
26055,AS,,2,$39.68 ,$31.74 
,SG,,"21,851","$7,832,752.87 ","$6,175,393.55 "
,OTHER,,"59,635","$13,202,576.89 ","$10,369,345.71 "
,TOTAL,,"81,488","$21,035,369.44 ","$16,544,771.00 "
26060,SG,,24,"$7,820.18 ","$6,201.15 "
,OTHER,,150,"$25,139.11 ","$19,639.73 "
,TOTAL,,174,"$32,959.29 ","$25,840.88 "
26070,SG,,42,"$15,149.94 ","$11,708.63 "
,OTHER,,408,"$86,094.29 ","$66,415.47 "
,TOTAL,,450,"$101,244.23 ","$78,124.10 "
26075,SG,,55,"$32,593.70 ","$26,074.96 "
,OTHER,,634,"$137,329.63 ","$107,777.22 "
,TOTAL,,689,"$169,923.33 ","$133,852.18 "
26080,SG,,230,"$137,646.18 ","$108,392.03 "
,OTHER,,"1,230","$349,172.79 ","$274,877.93 "
,TOTAL,,"1,460","$486,818.97 ","$383,269.96 "
26100,AS,,1,$39.66 ,$31.73 
,SG,,10,"$3,080.75 ","$2,387.74 "
,OTHER,,46,"$9,052.58 ","$7,034.29 "
,TOTAL,,57,"$12,172.99 ","$9,453.76 "
26105,SG,,17,"$4,135.43 ","$3,286.48 "
,OTHER,,89,"$19,574.98 ","$15,648.86 "
,TOTAL,,106,"$23,710.41 ","$18,935.34 "
26110,SG,,94,"$22,761.78 ","$17,715.18 "
,OTHER,,441,"$98,500.15 ","$77,263.14 "
,TOTAL,,535,"$121,261.93 ","$94,978.32 "
26115,SG,,"1,783","$688,055.46 ","$542,677.70 "
,OTHER,,"5,472","$1,784,729.67 ","$1,405,357.98 "
,TOTAL,,"7,255","$2,472,785.13 ","$1,948,035.68 "
26116,AS,,1,$57.47 ,$45.98 
,SG,,"1,717","$668,046.00 ","$527,065.45 "
,OTHER,,"5,587","$2,241,733.75 ","$1,767,953.93 "
,TOTAL,,"7,305","$2,909,837.22 ","$2,295,065.36 "
26117,SG,,75,"$34,106.09 ","$25,957.64 "
,OTHER,,474,"$242,536.78 ","$191,993.52 "
,TOTAL,,549,"$276,642.87 ","$217,951.16 "
26121,SG,,598,"$350,340.46 ","$277,077.80 "
,OTHER,,"2,319","$1,146,376.11 ","$902,323.41 "
,TOTAL,,"2,917","$1,496,716.57 ","$1,179,401.21 "
26123,SG,,"3,585","$2,118,294.06 ","$1,668,037.66 "
,OTHER,,"9,412","$6,568,086.77 ","$5,173,947.01 "
,TOTAL,,"12,997","$8,686,380.83 ","$6,841,984.67 "
26125,SG,,"1,883","$706,079.88 ","$558,473.18 "
,OTHER,,"4,915","$1,407,811.90 ","$1,112,589.55 "
,TOTAL,,"6,798","$2,113,891.78 ","$1,671,062.73 "
26130,SG,,35,"$14,546.29 ","$11,469.04 "
,OTHER,,111,"$34,586.63 ","$27,315.79 "
,TOTAL,,146,"$49,132.92 ","$38,784.83 "
26135,AS,,6,$321.07 ,$256.87 
,SG,,200,"$96,371.91 ","$75,773.02 "
,80'S,,14,$821.25 ,$633.54 
,OTHER,,765,"$258,037.73 ","$202,844.56 "
,TOTAL,,985,"$355,551.96 ","$279,507.99 "
26140,SG,,191,"$63,893.66 ","$50,652.28 "
,OTHER,,668,"$254,388.13 ","$198,627.66 "
,TOTAL,,859,"$318,281.79 ","$249,279.94 "
26145,SG,,"1,738","$722,607.51 ","$570,689.10 "
,OTHER,,"4,949","$1,907,186.75 ","$1,506,275.89 "
,TOTAL,,"6,687","$2,629,794.26 ","$2,076,964.99 "
26160,AS,,1,$44.52 ,$35.62 
,SG,,"4,760","$2,279,744.86 ","$1,793,299.15 "
,80'S,,1,$54.58 ,$43.66 
,OTHER,,"13,032","$3,598,753.03 ","$2,824,686.08 "
,TOTAL,,"17,794","$5,878,596.99 ","$4,618,064.51 "
26170,AS,,1,$50.08 ,$40.06 
,SG,,35,"$13,712.09 ","$10,313.09 "
,OTHER,,147,"$37,467.32 ","$29,893.94 "
,TOTAL,,183,"$51,229.49 ","$40,247.09 "
26180,AS,,1,$57.69 ,$46.15 
,SG,,45,"$20,032.52 ","$16,026.05 "
,80'S,,3,$172.55 ,$138.04 
,OTHER,,181,"$56,291.25 ","$44,560.09 "
,TOTAL,,230,"$76,554.01 ","$60,770.33 "
26185,SG,,11,"$6,061.39 ","$4,844.84 "
,80'S,,1,$71.61 ,$57.29 
,OTHER,,31,"$11,344.06 ","$9,075.26 "
,TOTAL,,43,"$17,477.06 ","$13,977.39 "
26200,AS,,2,$88.42 ,$70.74 
,SG,,73,"$24,231.69 ","$19,174.42 "
,OTHER,,206,"$72,358.74 ","$56,583.61 "
,TOTAL,,281,"$96,678.85 ","$75,828.77 "
26205,SG,,2,"$1,022.13 ",$817.70 
,OTHER,,15,"$6,619.59 ","$4,854.87 "
,TOTAL,,17,"$7,641.72 ","$5,672.57 "
26210,SG,,572,"$210,413.16 ","$166,907.04 "
,OTHER,,"1,250","$426,819.27 ","$336,819.27 "
,TOTAL,,"1,822","$637,232.43 ","$503,726.31 "
26215,SG,,18,"$8,991.81 ","$7,193.47 "
,OTHER,,47,"$20,816.88 ","$16,027.45 "
,TOTAL,,65,"$29,808.69 ","$23,220.92 "
26230,AS,,5,$255.86 ,$204.69 
,SG,,61,"$57,084.17 ","$43,709.41 "
,OTHER,,254,"$93,687.95 ","$74,198.30 "
,TOTAL,,320,"$151,027.98 ","$118,112.40 "
26235,AS,,8,$485.27 ,$388.22 
,SG,,144,"$59,854.02 ","$47,293.96 "
,80'S,,8,$628.56 ,$502.83 
,OTHER,,522,"$201,305.86 ","$158,118.34 "
,TOTAL,,682,"$262,273.71 ","$206,303.35 "
26236,SG,,236,"$107,201.57 ","$84,205.85 "
,OTHER,,806,"$281,321.52 ","$222,675.19 "
,TOTAL,,"1,042","$388,523.09 ","$306,881.04 "
26250,SG,,2,"$1,008.02 ",$806.41 
,OTHER,,21,"$9,189.41 ","$7,351.53 "
,TOTAL,,23,"$10,197.43 ","$8,157.94 "
26255,OTHER,,5,"$3,982.35 ","$3,145.57 "
,TOTAL,,5,"$3,982.35 ","$3,145.57 "
26260,SG,,7,"$3,293.59 ","$2,554.87 "
,OTHER,,40,"$16,034.64 ","$12,443.49 "
,TOTAL,,47,"$19,328.23 ","$14,998.36 "
26261,OTHER,,4,"$1,495.23 ","$1,196.19 "
,TOTAL,,4,"$1,495.23 ","$1,196.19 "
26262,AS,,2,$97.07 ,$77.66 
,SG,,8,"$2,247.78 ","$1,798.23 "
,OTHER,,33,"$12,226.65 ","$9,565.52 "
,TOTAL,,43,"$14,571.50 ","$11,441.41 "
26320,SG,,116,"$35,245.00 ","$27,334.66 "
,OTHER,,535,"$113,560.92 ","$88,606.50 "
,TOTAL,,651,"$148,805.92 ","$115,941.16 "
26340,AS,,2,$42.60 ,$34.08 
,OTHER,,"1,618","$272,863.73 ","$216,543.76 "
,TOTAL,,"1,620","$272,906.33 ","$216,577.84 "
26350,SG,,119,"$27,806.87 ","$22,082.32 "
,OTHER,,760,"$518,096.92 ","$409,593.42 "
,TOTAL,,879,"$545,903.79 ","$431,675.74 "
26352,AS,,4,$477.06 ,$381.66 
,SG,,17,"$9,123.66 ","$7,218.67 "
,80'S,,1,$160.75 ,$128.60 
,OTHER,,37,"$30,051.63 ","$24,000.51 "
,TOTAL,,59,"$39,813.10 ","$31,729.44 "
26356,SG,,171,"$87,206.28 ","$68,255.32 "
,OTHER,,"1,115","$936,506.27 ","$733,835.44 "
,TOTAL,,"1,286","$1,023,712.55 ","$802,090.76 "
26357,AS,,5,$556.33 ,$375.06 
,SG,,22,"$10,475.77 ","$8,380.62 "
,OTHER,,56,"$43,633.97 ","$34,681.03 "
,TOTAL,,83,"$54,666.07 ","$43,436.71 "
26358,AS,,2,$268.01 ,$214.41 
,SG,,9,"$3,991.29 ","$3,193.05 "
,80'S,,1,$154.08 ,$123.26 
,OTHER,,45,"$41,329.76 ","$32,451.46 "
,TOTAL,,57,"$45,743.14 ","$35,982.18 "
26370,AS,,4,$482.66 ,$386.13 
,SG,,68,"$35,026.44 ","$27,337.17 "
,OTHER,,286,"$219,872.21 ","$174,483.30 "
,TOTAL,,358,"$255,381.31 ","$202,206.60 "
26372,AS,,1,$127.88 ,$102.30 
,SG,,6,"$3,487.32 ","$2,789.86 "
,80'S,,2,$270.38 ,$216.30 
,OTHER,,21,"$19,382.94 ","$15,490.87 "
,TOTAL,,30,"$23,268.52 ","$18,599.33 "
26373,SG,,6,"$2,502.32 ","$1,889.38 "
,OTHER,,21,"$18,221.04 ","$14,576.84 "
,TOTAL,,27,"$20,723.36 ","$16,466.22 "
26390,AS,,1,$123.15 ,$98.52 
,SG,,8,"$4,327.56 ","$3,462.04 "
,80'S,,3,$442.95 ,$271.88 
,OTHER,,33,"$25,425.25 ","$19,268.56 "
,TOTAL,,45,"$30,318.91 ","$23,101.00 "
26392,AS,,2,$304.14 ,$163.31 
,SG,,5,"$2,152.60 ","$1,722.08 "
,80'S,,1,$148.11 ,$21.52 
,OTHER,,33,"$34,083.04 ","$26,161.99 "
,TOTAL,,41,"$36,687.89 ","$28,068.90 "
26410,SG,,180,"$73,234.52 ","$57,872.28 "
,OTHER,,"1,575","$777,243.05 ","$611,804.97 "
,TOTAL,,"1,755","$850,477.57 ","$669,677.25 "
26412,AS,,2,$106.44 ,$85.16 
,SG,,16,"$6,050.67 ","$4,840.53 "
,80'S,,1,$64.07 ,$51.26 
,OTHER,,113,"$69,743.16 ","$55,605.80 "
,TOTAL,,132,"$75,964.34 ","$60,582.75 "
26415,SG,,14,"$7,842.90 ","$6,274.33 "
,OTHER,,71,"$27,062.14 ","$21,470.67 "
,TOTAL,,85,"$34,905.04 ","$27,745.00 "
26416,SG,,1,$251.91 ,$201.53 
,OTHER,,4,$34.00 ,$7.20 
,TOTAL,,5,$285.91 ,$208.73 
26418,SG,,463,"$248,766.11 ","$195,517.42 "
,OTHER,,"2,524","$1,342,977.06 ","$1,057,684.72 "
,TOTAL,,"2,987","$1,591,743.17 ","$1,253,202.14 "
26420,AS,,4,$426.96 ,$341.56 
,SG,,22,"$11,444.65 ","$9,129.96 "
,80'S,,2,$255.62 ,$204.49 
,OTHER,,58,"$39,902.29 ","$31,921.85 "
,TOTAL,,86,"$52,029.52 ","$41,597.86 "
26426,SG,,122,"$56,196.34 ","$39,928.96 "
,OTHER,,467,"$309,761.21 ","$245,263.73 "
,TOTAL,,589,"$365,957.55 ","$285,192.69 "
26428,SG,,5,"$2,055.40 ","$1,644.32 "
,OTHER,,13,"$9,899.75 ","$7,919.81 "
,TOTAL,,18,"$11,955.15 ","$9,564.13 "
26432,SG,,35,"$16,567.22 ","$13,237.70 "
,OTHER,,622,"$331,629.99 ","$260,751.58 "
,TOTAL,,657,"$348,197.21 ","$273,989.28 "
26433,SG,,83,"$38,395.49 ","$30,663.63 "
,OTHER,,387,"$207,061.80 ","$162,763.03 "
,TOTAL,,470,"$245,457.29 ","$193,426.66 "
26434,SG,,4,"$1,745.96 ","$1,396.77 "
,OTHER,,13,"$7,249.43 ","$5,779.26 "
,TOTAL,,17,"$8,995.39 ","$7,176.03 "
26437,SG,,285,"$105,286.71 ","$83,645.50 "
,OTHER,,"1,195","$567,064.62 ","$450,760.58 "
,TOTAL,,"1,480","$672,351.33 ","$534,406.08 "
26440,SG,,318,"$126,036.74 ","$100,407.00 "
,OTHER,,"1,576","$906,454.24 ","$716,444.21 "
,TOTAL,,"1,894","$1,032,490.98 ","$816,851.21 "
26442,SG,,88,"$36,187.67 ","$28,599.66 "
,OTHER,,472,"$378,322.23 ","$300,236.36 "
,TOTAL,,560,"$414,509.90 ","$328,836.02 "
26445,SG,,300,"$107,137.54 ","$84,050.99 "
,OTHER,,"1,056","$497,578.84 ","$389,669.79 "
,TOTAL,,"1,356","$604,716.38 ","$473,720.78 "
26449,SG,,35,"$12,810.38 ","$10,248.31 "
,OTHER,,238,"$158,521.18 ","$126,656.89 "
,TOTAL,,273,"$171,331.56 ","$136,905.20 "
26450,AS,,10,$372.34 ,$297.87 
,SG,,27,"$9,655.59 ","$7,724.49 "
,OTHER,,265,"$65,077.34 ","$51,195.05 "
,TOTAL,,302,"$75,105.27 ","$59,217.41 "
26455,SG,,112,"$44,094.73 ","$34,627.35 "
,80'S,,1,$33.58 ,$26.86 
,OTHER,,349,"$90,397.73 ","$71,712.40 "
,TOTAL,,462,"$134,526.04 ","$106,366.61 "
26460,SG,,67,"$20,437.11 ","$16,269.66 "
,OTHER,,266,"$64,859.82 ","$51,699.69 "
,TOTAL,,333,"$85,296.93 ","$67,969.35 "
26471,AS,,2,$127.93 ,$102.34 
,SG,,37,"$10,764.39 ","$7,528.19 "
,OTHER,,191,"$87,256.71 ","$67,878.98 "
,TOTAL,,230,"$98,149.03 ","$75,509.51 "
26474,AS,,2,$169.72 ,$135.78 
,SG,,8,"$2,023.64 ","$1,618.92 "
,80'S,,5,$373.33 ,$234.63 
,OTHER,,49,"$21,811.31 ","$16,919.05 "
,TOTAL,,64,"$24,378.00 ","$18,908.38 "
26476,SG,,15,"$3,295.96 ","$2,636.76 "
,OTHER,,73,"$28,823.43 ","$22,689.49 "
,TOTAL,,88,"$32,119.39 ","$25,326.25 "
26477,SG,,19,"$3,445.11 ","$2,756.10 "
,OTHER,,91,"$37,215.47 ","$29,231.36 "
,TOTAL,,110,"$40,660.58 ","$31,987.46 "
26478,AS,,3,$189.35 ,$151.48 
,SG,,77,"$15,162.94 ","$12,003.63 "
,OTHER,,233,"$95,005.01 ","$76,004.10 "
,TOTAL,,313,"$110,357.30 ","$88,159.21 "
26479,SG,,5,$995.71 ,$796.56 
,OTHER,,24,"$10,261.95 ","$8,209.58 "
,TOTAL,,29,"$11,257.66 ","$9,006.14 "
26480,AS,,49,"$5,000.30 ","$3,940.58 "
,SG,,739,"$222,319.81 ","$175,757.60 "
,80'S,,25,"$3,028.82 ","$2,423.06 "
,OTHER,,"2,164","$1,632,918.64 ","$1,290,048.87 "
,TOTAL,,"2,977","$1,863,267.57 ","$1,472,170.11 "
26483,AS,,15,"$1,779.07 ","$1,423.26 "
,SG,,201,"$57,087.01 ","$44,962.76 "
,80'S,,23,"$2,403.12 ","$1,819.70 "
,OTHER,,170,"$147,256.54 ","$117,102.75 "
,TOTAL,,409,"$208,525.74 ","$165,308.47 "
26485,AS,,55,"$5,965.88 ","$4,726.79 "
,SG,,110,"$29,939.34 ","$23,721.06 "
,80'S,,13,"$1,485.73 ","$1,108.58 "
,OTHER,,520,"$401,097.43 ","$316,881.61 "
,TOTAL,,698,"$438,488.38 ","$346,438.04 "
26489,SG,,27,"$7,720.60 ","$6,104.81 "
,OTHER,,60,"$40,382.88 ","$31,023.94 "
,TOTAL,,87,"$48,103.48 ","$37,128.75 "
26490,SG,,55,"$22,584.72 ","$17,897.36 "
,OTHER,,132,"$102,662.04 ","$81,220.15 "
,TOTAL,,187,"$125,246.76 ","$99,117.51 "
26492,AS,,4,$492.75 ,$394.20 
,SG,,39,"$17,823.50 ","$14,103.16 "
,OTHER,,54,"$47,640.45 ","$38,110.96 "
,TOTAL,,97,"$65,956.70 ","$52,608.32 "
26494,SG,,3,"$1,031.88 ",$825.51 
,OTHER,,6,"$4,728.86 ","$3,783.09 "
,TOTAL,,9,"$5,760.74 ","$4,608.60 "
26496,AS,,2,$244.65 ,$178.22 
,SG,,40,"$18,173.23 ","$14,419.54 "
,OTHER,,148,"$124,592.91 ","$98,974.96 "
,TOTAL,,190,"$143,010.79 ","$113,572.72 "
26497,AS,,2,$254.62 ,$203.70 
,SG,,41,"$13,641.66 ","$10,753.32 "
,80'S,,2,$234.85 ,$187.88 
,OTHER,,47,"$42,004.97 ","$32,838.80 "
,TOTAL,,92,"$56,136.10 ","$43,983.70 "
26498,AS,,3,$455.75 ,$364.61 
,SG,,16,"$8,574.48 ","$6,859.57 "
,80'S,,1,$180.43 ,$144.34 
,OTHER,,54,"$60,243.52 ","$46,438.86 "
,TOTAL,,74,"$69,454.18 ","$53,807.38 "
26499,AS,,4,$314.00 ,$251.20 
,OTHER,,35,"$22,577.53 ","$18,062.01 "
,TOTAL,,39,"$22,891.53 ","$18,313.21 "
26500,AS,,2,$178.05 ,$142.44 
,SG,,53,"$27,078.65 ","$21,662.90 "
,OTHER,,248,"$124,389.53 ","$98,743.38 "
,TOTAL,,303,"$151,646.23 ","$120,548.72 "
26502,AS,,2,$214.18 ,$171.34 
,SG,,13,"$7,194.80 ","$5,707.22 "
,80'S,,2,$104.50 ,$55.33 
,OTHER,,54,"$27,708.11 ","$21,822.52 "
,TOTAL,,71,"$35,221.59 ","$27,756.41 "
26504,OTHER,,3,"$2,399.41 ","$1,919.53 "
,TOTAL,,3,"$2,399.41 ","$1,919.53 "
26508,AS,,2,$90.84 ,$72.67 
,SG,,38,"$14,603.93 ","$11,492.42 "
,OTHER,,125,"$54,403.49 ","$42,510.67 "
,TOTAL,,165,"$69,098.26 ","$54,075.76 "
26510,AS,,19,"$1,214.97 ",$971.95 
,SG,,62,"$17,078.56 ","$13,662.83 "
,80'S,,23,$378.77 ,$303.02 
,OTHER,,321,"$116,987.56 ","$93,309.21 "
,TOTAL,,425,"$135,659.86 ","$108,247.01 "
26516,AS,,13,$999.54 ,$784.72 
,SG,,113,"$19,665.89 ","$15,667.10 "
,80'S,,9,$887.28 ,$709.83 
,OTHER,,379,"$208,928.15 ","$166,237.61 "
,TOTAL,,514,"$230,480.86 ","$183,399.26 "
26517,SG,,1,$489.88 ,$391.90 
,OTHER,,7,"$4,394.16 ","$2,955.90 "
,TOTAL,,8,"$4,884.04 ","$3,347.80 "
26518,SG,,4,"$1,283.55 ","$1,026.83 "
,80'S,,1,$160.97 ,$128.78 
,OTHER,,30,"$20,524.68 ","$16,419.72 "
,TOTAL,,35,"$21,969.20 ","$17,575.33 "
26520,SG,,149,"$50,925.45 ","$40,284.82 "
,OTHER,,645,"$331,251.60 ","$261,594.93 "
,TOTAL,,794,"$382,177.05 ","$301,879.75 "
26525,AS,,1,$100.10 ,$80.08 
,SG,,303,"$112,315.34 ","$88,707.92 "
,OTHER,,"1,151","$659,732.26 ","$522,066.61 "
,TOTAL,,"1,455","$772,147.70 ","$610,854.61 "
26530,AS,,38,"$2,053.58 ","$1,642.82 "
,SG,,200,"$82,928.83 ","$64,634.90 "
,80'S,,51,"$1,063.62 ",$850.87 
,OTHER,,563,"$192,469.71 ","$150,733.70 "
,TOTAL,,852,"$278,515.74 ","$217,862.29 "
26531,AS,,331,"$16,401.40 ","$12,985.35 "
,SG,,393,"$283,333.32 ","$220,202.47 "
,80'S,,132,"$8,363.15 ","$6,502.79 "
,OTHER,,"3,383","$1,206,973.18 ","$954,411.67 "
,TOTAL,,"4,239","$1,515,071.05 ","$1,194,102.28 "
26535,SG,,379,"$243,086.58 ","$193,354.94 "
,OTHER,,853,"$229,282.59 ","$182,083.19 "
,TOTAL,,"1,232","$472,369.17 ","$375,438.13 "
26536,AS,,47,"$3,014.23 ","$2,404.77 "
,SG,,292,"$180,799.43 ","$141,660.83 "
,80'S,,23,"$2,053.60 ","$1,570.28 "
,OTHER,,"1,338","$648,317.77 ","$508,233.75 "
,TOTAL,,"1,700","$834,185.03 ","$653,869.63 "
26540,AS,,12,"$1,106.23 ",$884.97 
,SG,,227,"$128,352.96 ","$100,841.06 "
,80'S,,9,$935.13 ,$748.09 
,OTHER,,886,"$548,353.55 ","$429,682.46 "
,TOTAL,,"1,134","$678,747.87 ","$532,156.58 "
26541,AS,,17,"$1,807.61 ","$1,446.05 "
,SG,,72,"$71,011.72 ","$56,415.91 "
,80'S,,11,"$1,288.96 ","$1,021.67 "
,OTHER,,203,"$165,344.35 ","$131,239.78 "
,TOTAL,,303,"$239,452.64 ","$190,123.41 "
26542,AS,,5,$420.22 ,$336.17 
,SG,,35,"$17,174.24 ","$13,611.32 "
,80'S,,5,$401.69 ,$321.35 
,OTHER,,172,"$95,922.66 ","$75,368.25 "
,TOTAL,,217,"$113,918.81 ","$89,637.09 "
26545,AS,,3,$235.79 ,$188.63 
,SG,,18,"$9,441.84 ","$7,393.49 "
,80'S,,1,$159.29 ,$127.43 
,OTHER,,122,"$73,025.47 ","$57,024.45 "
,TOTAL,,144,"$82,862.39 ","$64,734.00 "
26546,AS,,6,$723.75 ,$579.00 
,SG,,25,"$15,574.78 ","$11,586.19 "
,80'S,,3,$409.94 ,$327.96 
,OTHER,,93,"$77,639.11 ","$61,029.05 "
,TOTAL,,127,"$94,347.58 ","$73,522.20 "
26548,AS,,5,$544.98 ,$329.45 
,SG,,63,"$31,795.42 ","$25,196.38 "
,80'S,,1,$106.00 ,$40.46 
,OTHER,,265,"$181,064.50 ","$141,834.23 "
,TOTAL,,334,"$213,510.90 ","$167,400.52 "
26550,80'S,,1,$250.98 ,$200.78 
,OTHER,,11,"$9,279.87 ","$7,381.43 "
,TOTAL,,12,"$9,530.85 ","$7,582.21 "
26555,AS,,1,$191.29 ,$153.03 
,OTHER,,4,"$5,435.98 ","$4,348.79 "
,TOTAL,,5,"$5,627.27 ","$4,501.82 "
26556,OTHER,,30,"$16,907.13 ","$13,421.71 "
,TOTAL,,30,"$16,907.13 ","$13,421.71 "
26560,SG,,2,$419.19 ,$335.35 
,OTHER,,30,"$12,368.08 ","$9,894.48 "
,TOTAL,,32,"$12,787.27 ","$10,229.83 "
26561,SG,,1,$591.28 ,$473.02 
,OTHER,,27,"$20,169.31 ","$16,135.45 "
,TOTAL,,28,"$20,760.59 ","$16,608.47 "
26562,SG,,1,$614.16 ,$491.33 
,OTHER,,1,"$1,387.61 ","$1,110.09 "
,TOTAL,,2,"$2,001.77 ","$1,601.42 "
26565,AS,,8,$692.18 ,$458.96 
,SG,,24,"$16,683.78 ","$13,118.30 "
,80'S,,3,$309.51 ,$247.61 
,OTHER,,103,"$63,420.88 ","$50,019.10 "
,TOTAL,,138,"$81,106.35 ","$63,843.97 "
26567,AS,,1,$100.60 ,$80.48 
,SG,,51,"$32,862.93 ","$25,749.04 "
,OTHER,,160,"$101,677.11 ","$81,182.48 "
,TOTAL,,212,"$134,640.64 ","$107,012.00 "
26568,AS,,1,$138.86 ,$111.09 
,SG,,3,$928.87 ,$743.10 
,80'S,,1,$133.32 ,$106.66 
,OTHER,,13,"$11,376.43 ","$9,080.49 "
,TOTAL,,18,"$12,577.48 ","$10,041.34 "
26580,SG,,2,"$1,049.56 ",$839.64 
,80'S,,1,$200.77 ,$160.62 
,OTHER,,11,"$6,872.33 ","$5,297.10 "
,TOTAL,,14,"$8,122.66 ","$6,297.36 "
26587,SG,,1,$711.47 ,$569.18 
,OTHER,,6,"$5,285.65 ","$4,228.52 "
,TOTAL,,7,"$5,997.12 ","$4,797.70 "
26590,SG,,10,"$6,100.13 ","$4,880.07 "
,OTHER,,22,"$19,941.35 ","$15,873.09 "
,TOTAL,,32,"$26,041.48 ","$20,753.16 "
26591,SG,,13,"$4,580.16 ","$3,664.13 "
,OTHER,,183,"$59,620.55 ","$45,483.27 "
,TOTAL,,196,"$64,200.71 ","$49,147.40 "
26593,SG,,95,"$29,174.86 ","$23,301.62 "
,OTHER,,637,"$240,514.91 ","$189,435.63 "
,TOTAL,,732,"$269,689.77 ","$212,737.25 "
26596,SG,,4,"$1,108.91 ",$887.12 
,80'S,,1,$116.93 ,$93.54 
,OTHER,,46,"$28,196.99 ","$22,557.58 "
,TOTAL,,51,"$29,422.83 ","$23,538.24 "
26600,OTHER,,"16,359","$3,220,600.09 ","$2,502,594.23 "
,TOTAL,,"16,359","$3,220,600.09 ","$2,502,594.23 "
26605,SG,,19,"$6,445.94 ","$5,156.74 "
,OTHER,,"2,396","$648,499.61 ","$508,709.78 "
,TOTAL,,"2,415","$654,945.55 ","$513,866.52 "
26607,SG,,19,"$7,559.03 ","$5,966.65 "
,OTHER,,139,"$55,436.54 ","$43,706.16 "
,TOTAL,,158,"$62,995.57 ","$49,672.81 "
26608,AS,,13,$691.46 ,$553.17 
,SG,,198,"$111,158.08 ","$87,382.56 "
,80'S,,1,$227.00 ,$181.60 
,OTHER,,895,"$342,835.90 ","$272,377.62 "
,TOTAL,,"1,107","$454,912.44 ","$360,494.95 "
26615,SG,,226,"$134,123.82 ","$105,377.16 "
,OTHER,,"1,343","$454,195.65 ","$357,725.42 "
,TOTAL,,"1,569","$588,319.47 ","$463,102.58 "
26641,80'S,,1,$40.12 ,$32.10 
,OTHER,,163,"$44,102.18 ","$34,198.69 "
,TOTAL,,164,"$44,142.30 ","$34,230.79 "
26645,SG,,2,$484.16 ,$387.32 
,OTHER,,112,"$38,948.50 ","$30,354.83 "
,TOTAL,,114,"$39,432.66 ","$30,742.15 "
26650,SG,,32,"$13,046.12 ","$9,792.40 "
,OTHER,,175,"$77,847.90 ","$60,687.20 "
,TOTAL,,207,"$90,894.02 ","$70,479.60 "
26665,SG,,16,"$9,332.53 ","$7,386.02 "
,OTHER,,98,"$51,277.56 ","$40,013.65 "
,TOTAL,,114,"$60,610.09 ","$47,399.67 "
26670,OTHER,,174,"$41,406.05 ","$32,643.43 "
,TOTAL,,174,"$41,406.05 ","$32,643.43 "
26675,AS,,1,$24.28 ,$19.42 
,SG,,4,"$1,536.25 ","$1,229.00 "
,OTHER,,38,"$11,830.83 ","$9,319.36 "
,TOTAL,,43,"$13,391.36 ","$10,567.78 "
26676,SG,,21,"$8,221.85 ","$6,577.49 "
,OTHER,,138,"$55,343.71 ","$43,453.34 "
,TOTAL,,159,"$63,565.56 ","$50,030.83 "
26685,SG,,14,"$6,338.09 ","$4,900.22 "
,OTHER,,74,"$30,854.00 ","$24,352.99 "
,TOTAL,,88,"$37,192.09 ","$29,253.21 "
26686,AS,,1,$82.21 ,$65.77 
,SG,,5,"$2,259.73 ","$1,807.79 "
,OTHER,,39,"$19,423.62 ","$15,422.56 "
,TOTAL,,45,"$21,765.56 ","$17,296.12 "
26700,OTHER,,751,"$172,709.86 ","$136,333.72 "
,TOTAL,,751,"$172,709.86 ","$136,333.72 "
26705,AS,,1,$22.54 ,$18.03 
,SG,,12,"$4,211.92 ","$3,331.18 "
,80'S,,1,$43.20 ,$34.56 
,OTHER,,135,"$40,914.72 ","$32,029.53 "
,TOTAL,,149,"$45,192.38 ","$35,413.30 "
26706,SG,,13,"$4,639.41 ","$3,425.11 "
,OTHER,,71,"$19,239.55 ","$15,240.70 "
,TOTAL,,84,"$23,878.96 ","$18,665.81 "
26715,AS,,1,$57.88 ,$46.30 
,SG,,40,"$22,308.13 ","$17,766.52 "
,80'S,,1,$80.14 ,$64.11 
,OTHER,,206,"$75,449.82 ","$59,722.98 "
,TOTAL,,248,"$97,895.97 ","$77,599.91 "
26720,OTHER,,"11,255","$1,894,530.47 ","$1,470,565.68 "
,TOTAL,,"11,255","$1,894,530.47 ","$1,470,565.68 "
26725,OTHER,,"3,262","$976,925.02 ","$767,843.00 "
,TOTAL,,"3,262","$976,925.02 ","$767,843.00 "
26727,SG,,327,"$301,844.01 ","$238,348.27 "
,OTHER,,"1,499","$564,225.00 ","$445,721.26 "
,TOTAL,,"1,826","$866,069.01 ","$684,069.53 "
26735,SG,,195,"$116,520.93 ","$92,057.53 "
,OTHER,,"1,598","$576,207.00 ","$453,005.84 "
,TOTAL,,"1,793","$692,727.93 ","$545,063.37 "
26740,OTHER,,995,"$183,186.49 ","$141,616.61 "
,TOTAL,,995,"$183,186.49 ","$141,616.61 "
26742,SG,,23,"$6,855.41 ","$5,484.33 "
,OTHER,,310,"$95,949.19 ","$74,862.43 "
,TOTAL,,333,"$102,804.60 ","$80,346.76 "
26746,SG,,114,"$77,100.78 ","$60,684.43 "
,OTHER,,898,"$318,556.18 ","$251,702.82 "
,TOTAL,,"1,012","$395,656.96 ","$312,387.25 "
26750,OTHER,,"5,526","$797,145.55 ","$614,045.96 "
,TOTAL,,"5,526","$797,145.55 ","$614,045.96 "
26755,OTHER,,555,"$130,125.43 ","$102,542.44 "
,TOTAL,,555,"$130,125.43 ","$102,542.44 "
26756,AS,,3,$135.82 ,$108.66 
,SG,,74,"$28,814.71 ","$22,915.26 "
,80'S,,2,$108.24 ,$86.59 
,OTHER,,332,"$105,875.98 ","$83,629.18 "
,TOTAL,,411,"$134,934.75 ","$106,739.69 "
26765,SG,,136,"$80,036.85 ","$63,504.40 "
,OTHER,,"1,900","$497,410.44 ","$389,535.61 "
,TOTAL,,"2,036","$577,447.29 ","$453,040.01 "
26770,OTHER,,"4,782","$911,155.95 ","$710,380.74 "
,TOTAL,,"4,782","$911,155.95 ","$710,380.74 "
26775,OTHER,,521,"$149,107.26 ","$117,063.41 "
,TOTAL,,521,"$149,107.26 ","$117,063.41 "
26776,SG,,50,"$17,233.71 ","$13,706.94 "
,OTHER,,196,"$64,304.90 ","$50,967.86 "
,TOTAL,,246,"$81,538.61 ","$64,674.80 "
26785,SG,,49,"$17,865.41 ","$14,292.32 "
,OTHER,,523,"$145,059.84 ","$114,748.92 "
,TOTAL,,572,"$162,925.25 ","$129,041.24 "
26820,AS,,2,$231.27 ,$185.02 
,SG,,12,"$8,258.46 ","$6,606.77 "
,OTHER,,31,"$24,322.63 ","$18,663.78 "
,TOTAL,,45,"$32,812.36 ","$25,455.57 "
26841,AS,,6,$591.35 ,$473.08 
,SG,,112,"$66,612.18 ","$51,165.54 "
,80'S,,2,$193.60 ,$154.88 
,OTHER,,353,"$265,146.29 ","$208,660.85 "
,TOTAL,,473,"$332,543.42 ","$260,454.35 "
26842,AS,,12,"$1,300.58 ","$1,040.47 "
,SG,,36,"$20,910.57 ","$16,728.48 "
,80'S,,5,$654.07 ,$523.24 
,OTHER,,106,"$87,098.04 ","$68,000.87 "
,TOTAL,,159,"$109,963.26 ","$86,293.06 "
26843,AS,,3,$270.89 ,$187.73 
,SG,,16,"$5,590.29 ","$4,472.23 "
,80'S,,2,$193.97 ,$155.18 
,OTHER,,28,"$18,736.88 ","$14,796.37 "
,TOTAL,,49,"$24,792.03 ","$19,611.51 "
26844,AS,,5,$514.23 ,$411.38 
,SG,,8,"$2,996.24 ","$1,609.81 "
,OTHER,,33,"$25,445.54 ","$18,824.16 "
,TOTAL,,46,"$28,956.01 ","$20,845.35 "
26850,AS,,21,"$1,504.93 ","$1,203.95 "
,SG,,272,"$135,793.47 ","$106,417.01 "
,80'S,,5,$511.07 ,$395.65 
,OTHER,,953,"$575,507.22 ","$451,605.81 "
,TOTAL,,"1,251","$713,316.69 ","$559,622.42 "
26852,AS,,22,"$2,503.42 ","$2,002.72 "
,SG,,83,"$38,821.72 ","$30,758.46 "
,80'S,,3,$365.16 ,$292.12 
,OTHER,,224,"$166,692.59 ","$130,348.36 "
,TOTAL,,332,"$208,382.89 ","$163,401.66 "
26860,SG,,"1,153","$518,242.67 ","$408,524.98 "
,OTHER,,"3,555","$1,844,518.08 ","$1,451,632.33 "
,TOTAL,,"4,708","$2,362,760.75 ","$1,860,157.31 "
26861,SG,,173,"$39,834.73 ","$29,505.96 "
,OTHER,,621,"$65,024.01 ","$51,015.37 "
,TOTAL,,794,"$104,858.74 ","$80,521.33 "
26862,AS,,43,"$4,034.03 ","$3,193.87 "
,SG,,140,"$78,079.63 ","$61,226.75 "
,80'S,,12,"$1,157.43 ",$789.95 
,OTHER,,419,"$290,796.24 ","$227,185.87 "
,TOTAL,,614,"$374,067.33 ","$292,396.44 "
26863,AS,,7,$231.60 ,$185.28 
,SG,,17,"$4,893.36 ","$3,752.89 "
,80'S,,7,$260.19 ,$208.15 
,OTHER,,52,"$12,860.45 ","$10,119.36 "
,TOTAL,,83,"$18,245.60 ","$14,265.68 "
26910,SG,,97,"$44,792.90 ","$35,405.16 "
,OTHER,,"1,282","$800,222.72 ","$631,246.25 "
,TOTAL,,"1,379","$845,015.62 ","$666,651.41 "
26951,SG,,674,"$271,514.01 ","$213,394.13 "
,OTHER,,"7,536","$3,597,902.54 ","$2,840,221.94 "
,TOTAL,,"8,210","$3,869,416.55 ","$3,053,616.07 "
26952,SG,,257,"$150,113.01 ","$118,644.99 "
,OTHER,,"1,865","$1,183,043.13 ","$931,424.67 "
,TOTAL,,"2,122","$1,333,156.14 ","$1,050,069.66 "
26989,80'S,,3,$35.15 ,$28.12 
,OTHER,,330,"$109,572.02 ","$87,083.70 "
,TOTAL,,333,"$109,607.17 ","$87,111.82 "
26990,SG,,37,"$11,692.10 ","$9,353.66 "
,OTHER,,"5,251","$2,524,639.76 ","$2,006,299.98 "
,TOTAL,,"5,288","$2,536,331.86 ","$2,015,653.64 "
26991,AS,,2,$132.30 ,$105.84 
,SG,,4,"$1,168.79 ",$935.04 
,80'S,,5,$445.41 ,$321.38 
,OTHER,,287,"$120,475.95 ","$95,697.81 "
,TOTAL,,298,"$122,222.45 ","$97,060.07 "
26992,AS,,37,"$4,177.59 ","$3,342.10 "
,80'S,,12,"$1,509.54 ","$1,207.65 "
,OTHER,,785,"$650,812.38 ","$513,919.74 "
,TOTAL,,834,"$656,499.51 ","$518,469.49 "
27000,SG,,3,$663.32 ,$512.88 
,OTHER,,594,"$142,240.02 ","$113,293.17 "
,TOTAL,,597,"$142,903.34 ","$113,806.05 "
27001,AS,,37,"$1,740.36 ","$1,392.29 "
,SG,,3,"$1,516.89 ","$1,213.52 "
,80'S,,29,"$1,285.26 ","$1,028.27 "
,OTHER,,266,"$85,311.66 ","$68,045.18 "
,TOTAL,,335,"$89,854.17 ","$71,679.26 "
27003,AS,,1,$40.63 ,$32.50 
,SG,,2,$783.50 ,$626.80 
,80'S,,6,$281.70 ,$225.37 
,OTHER,,32,"$11,340.26 ","$9,022.11 "
,TOTAL,,41,"$12,446.09 ","$9,906.78 "
27005,AS,,15,"$1,092.57 ",$874.07 
,80'S,,16,"$1,099.74 ",$879.75 
,OTHER,,104,"$47,771.32 ","$38,217.10 "
,TOTAL,,135,"$49,963.63 ","$39,970.92 "
27006,AS,,27,"$2,137.30 ","$1,709.87 "
,80'S,,11,$700.33 ,$555.25 
,OTHER,,161,"$94,943.09 ","$75,161.81 "
,TOTAL,,199,"$97,780.72 ","$77,426.93 "
27025,AS,,13,"$1,315.06 ","$1,052.05 "
,80'S,,7,$889.72 ,$655.56 
,OTHER,,346,"$229,765.50 ","$180,195.94 "
,TOTAL,,366,"$231,970.28 ","$181,903.55 "
27030,AS,,208,"$24,937.98 ","$19,930.29 "
,80'S,,81,"$11,158.17 ","$8,926.54 "
,OTHER,,"1,622","$1,245,156.06 ","$992,530.87 "
,TOTAL,,"1,911","$1,281,252.21 ","$1,021,387.70 "
27033,AS,,56,"$6,757.07 ","$5,405.60 "
,80'S,,41,"$5,831.12 ","$4,554.58 "
,OTHER,,444,"$340,435.39 ","$269,736.84 "
,TOTAL,,541,"$353,023.58 ","$279,697.02 "
27035,SG,,6,"$3,811.33 ","$3,049.06 "
,80'S,,1,$189.48 ,$151.58 
,OTHER,,32,"$34,851.37 ","$27,499.76 "
,TOTAL,,39,"$38,852.18 ","$30,700.40 "
27036,AS,,39,"$4,003.01 ","$3,202.43 "
,80'S,,22,"$2,574.73 ","$2,059.80 "
,OTHER,,276,"$197,446.10 ","$156,063.47 "
,TOTAL,,337,"$204,023.84 ","$161,325.70 "
27040,SG,,17,"$5,283.40 ","$4,226.75 "
,80'S,,1,$17.11 ,$13.69 
,OTHER,,476,"$86,380.88 ","$68,358.77 "
,TOTAL,,494,"$91,681.39 ","$72,599.21 "
27041,SG,,26,"$11,183.79 ","$8,786.95 "
,OTHER,,871,"$481,404.12 ","$382,076.30 "
,TOTAL,,897,"$492,587.91 ","$390,863.25 "
27047,SG,,184,"$74,853.25 ","$59,111.27 "
,OTHER,,"1,395","$643,556.26 ","$508,603.32 "
,TOTAL,,"1,579","$718,409.51 ","$567,714.59 "
27048,AS,,47,"$2,050.43 ","$1,637.86 "
,SG,,107,"$47,725.02 ","$37,975.39 "
,80'S,,58,"$2,881.76 ","$2,295.44 "
,OTHER,,"1,032","$398,315.46 ","$316,332.17 "
,TOTAL,,"1,244","$450,972.67 ","$358,240.86 "
27049,AS,,25,"$2,431.09 ","$1,944.86 "
,SG,,8,"$3,290.44 ","$2,632.36 "
,80'S,,60,"$6,959.60 ","$5,567.71 "
,OTHER,,515,"$396,937.41 ","$314,380.35 "
,TOTAL,,608,"$409,618.54 ","$324,525.28 "
27050,80'S,,1,$55.07 ,$44.06 
,OTHER,,14,"$4,340.48 ","$3,472.38 "
,TOTAL,,15,"$4,395.55 ","$3,516.44 "
27052,AS,,13,$739.57 ,$591.66 
,SG,,1,$500.39 ,$400.31 
,80'S,,11,$579.96 ,$463.96 
,OTHER,,107,"$38,369.01 ","$30,630.90 "
,TOTAL,,132,"$40,188.93 ","$32,086.83 "
27054,AS,,35,"$2,324.52 ","$1,859.56 "
,80'S,,19,"$1,473.89 ","$1,179.11 "
,OTHER,,178,"$85,501.03 ","$67,294.06 "
,TOTAL,,232,"$89,299.44 ","$70,332.73 "
27060,SG,,9,"$6,206.11 ","$4,964.89 "
,80'S,,2,$75.06 ,$60.05 
,OTHER,,72,"$23,466.55 ","$18,671.75 "
,TOTAL,,83,"$29,747.72 ","$23,696.69 "
27062,SG,,123,"$86,083.83 ","$67,724.10 "
,OTHER,,"1,020","$341,443.89 ","$269,312.68 "
,TOTAL,,"1,143","$427,527.72 ","$337,036.78 "
27065,AS,,13,$653.94 ,$503.92 
,SG,,15,"$9,535.63 ","$7,616.69 "
,80'S,,5,$243.70 ,$194.96 
,OTHER,,134,"$49,568.07 ","$39,066.78 "
,TOTAL,,167,"$60,001.34 ","$47,382.35 "
27066,AS,,56,"$3,489.69 ","$2,791.64 "
,SG,,2,"$1,361.82 ","$1,089.46 "
,80'S,,24,"$2,144.73 ","$1,715.79 "
,OTHER,,275,"$148,911.85 ","$118,459.44 "
,TOTAL,,357,"$155,908.09 ","$124,056.33 "
27067,80'S,,1,$86.57 ,$69.26 
,OTHER,,9,"$5,575.03 ","$4,005.30 "
,TOTAL,,10,"$5,661.60 ","$4,074.56 "
27070,AS,,35,"$3,349.92 ","$2,679.97 "
,80'S,,14,"$1,484.24 ","$1,187.41 "
,OTHER,,413,"$273,850.29 ","$217,349.04 "
,TOTAL,,462,"$278,684.45 ","$221,216.42 "
27071,AS,,56,"$5,978.75 ","$4,778.19 "
,80'S,,56,"$6,004.88 ","$4,803.86 "
,OTHER,,569,"$421,135.37 ","$331,060.38 "
,TOTAL,,681,"$433,119.00 ","$340,642.43 "
27075,AS,,6,"$1,785.92 ","$1,428.73 "
,80'S,,10,"$3,304.99 ","$2,643.99 "
,OTHER,,100,"$188,600.35 ","$150,834.76 "
,TOTAL,,116,"$193,691.26 ","$154,907.48 "
27076,AS,,5,"$1,031.64 ",$825.31 
,80'S,,15,"$3,614.74 ","$2,891.78 "
,OTHER,,123,"$159,697.69 ","$127,072.00 "
,TOTAL,,143,"$164,344.07 ","$130,789.09 "
27077,OTHER,,6,"$13,319.41 ","$10,655.52 "
,TOTAL,,6,"$13,319.41 ","$10,655.52 "
27078,AS,,1,$62.55 ,$50.04 
,80'S,,4,$394.53 ,$315.63 
,OTHER,,61,"$42,998.42 ","$34,398.73 "
,TOTAL,,66,"$43,455.50 ","$34,764.40 "
27079,AS,,3,$278.00 ,$222.40 
,80'S,,1,$146.41 ,$117.13 
,OTHER,,30,"$21,808.83 ","$17,447.08 "
,TOTAL,,34,"$22,233.24 ","$17,786.61 "
27080,AS,,19,"$1,112.13 ",$889.69 
,SG,,14,"$5,716.19 ","$4,572.94 "
,80'S,,19,"$1,252.54 ","$1,002.04 "
,OTHER,,256,"$94,035.68 ","$74,288.57 "
,TOTAL,,308,"$102,116.54 ","$80,753.24 "
27086,AS,,2,$40.33 ,$32.26 
,SG,,5,"$1,703.41 ","$1,362.73 "
,80'S,,1,$11.87 ,$2.67 
,OTHER,,137,"$15,888.63 ","$12,276.72 "
,TOTAL,,145,"$17,644.24 ","$13,674.38 "
27087,AS,,27,"$1,657.93 ","$1,326.35 "
,SG,,18,"$8,620.93 ","$6,896.73 "
,80'S,,33,"$2,160.78 ","$1,728.63 "
,OTHER,,467,"$230,846.04 ","$182,656.12 "
,TOTAL,,545,"$243,285.68 ","$192,607.83 "
27090,AS,,134,"$11,928.53 ","$9,534.40 "
,80'S,,92,"$9,057.98 ","$7,246.45 "
,OTHER,,925,"$560,345.88 ","$447,035.95 "
,TOTAL,,"1,151","$581,332.39 ","$463,816.80 "
27091,AS,,357,"$69,370.69 ","$55,333.04 "
,80'S,,329,"$75,128.67 ","$59,786.59 "
,OTHER,,"2,049","$2,766,752.75 ","$2,193,628.07 "
,TOTAL,,"2,735","$2,911,252.11 ","$2,308,747.70 "
27093,OTHER,,"11,969","$2,843,021.53 ","$2,240,439.75 "
,TOTAL,,"11,969","$2,843,021.53 ","$2,240,439.75 "
27095,OTHER,,"3,118","$567,216.26 ","$445,437.52 "
,TOTAL,,"3,118","$567,216.26 ","$445,437.52 "
27096,OTHER,,"166,095","$44,218,364.66 ","$34,803,821.97 "
,TOTAL,,"166,095","$44,218,364.66 ","$34,803,821.97 "
27097,AS,,3,$138.28 ,$110.63 
,SG,,1,$264.52 ,$211.62 
,80'S,,2,$152.20 ,$121.76 
,OTHER,,31,"$14,752.68 ","$11,763.39 "
,TOTAL,,37,"$15,307.68 ","$12,207.40 "
27098,AS,,1,$41.34 ,$33.07 
,SG,,2,$999.01 ,$604.85 
,OTHER,,16,"$7,207.84 ","$5,766.26 "
,TOTAL,,19,"$8,248.19 ","$6,404.18 "
27100,AS,,7,$572.34 ,$457.86 
,80'S,,10,$791.58 ,$561.00 
,OTHER,,40,"$22,003.38 ","$17,442.69 "
,TOTAL,,57,"$23,367.30 ","$18,461.55 "
27105,AS,,1,$59.76 ,$47.81 
,OTHER,,2,"$1,816.37 ","$1,453.10 "
,TOTAL,,3,"$1,876.13 ","$1,500.91 "
27110,AS,,3,$351.06 ,$280.85 
,80'S,,2,$148.83 ,$119.06 
,OTHER,,31,"$18,092.79 ","$14,474.19 "
,TOTAL,,36,"$18,592.68 ","$14,874.10 "
27111,AS,,2,$173.00 ,$138.40 
,OTHER,,2,"$1,073.46 ",$858.77 
,TOTAL,,4,"$1,246.46 ",$997.17 
27120,AS,,19,"$2,526.71 ","$2,021.39 "
,80'S,,27,"$5,161.97 ","$4,129.56 "
,OTHER,,74,"$73,130.10 ","$57,651.86 "
,TOTAL,,120,"$80,818.78 ","$63,802.81 "
27122,AS,,99,"$13,967.33 ","$11,105.70 "
,80'S,,87,"$14,102.26 ","$11,281.75 "
,OTHER,,851,"$833,076.99 ","$663,560.15 "
,TOTAL,,"1,037","$861,146.58 ","$685,947.60 "
27125,AS,,"2,080","$289,587.70 ","$230,971.88 "
,80'S,,"2,273","$371,716.77 ","$296,322.41 "
,OTHER,,"13,935","$14,000,437.76 ","$11,169,893.88 "
,TOTAL,,"18,288","$14,661,742.23 ","$11,697,188.17 "
27130,AS,,"30,640","$5,641,921.44 ","$4,485,512.85 "
,80'S,,"24,829","$5,339,228.68 ","$4,230,899.00 "
,OTHER,,"106,989","$144,984,908.10 ","$115,004,357.83 "
,TOTAL,,"162,458","$155,966,058.22 ","$123,720,769.68 "
27132,AS,,"1,410","$299,805.15 ","$238,281.06 "
,80'S,,"1,175","$294,595.91 ","$233,958.83 "
,OTHER,,"5,653","$8,648,629.01 ","$6,878,394.64 "
,TOTAL,,"8,238","$9,243,030.07 ","$7,350,634.53 "
27134,AS,,"2,980","$761,284.39 ","$606,799.22 "
,80'S,,"2,506","$747,830.09 ","$594,176.14 "
,OTHER,,"11,518","$21,021,524.21 ","$16,691,504.70 "
,TOTAL,,"17,004","$22,530,638.69 ","$17,892,480.06 "
27137,AS,,"1,456","$277,281.20 ","$220,678.90 "
,80'S,,"1,217","$271,854.91 ","$215,233.24 "
,OTHER,,"5,783","$7,714,291.81 ","$6,124,215.03 "
,TOTAL,,"8,456","$8,263,427.92 ","$6,560,127.17 "
27138,AS,,695,"$128,067.38 ","$101,806.44 "
,80'S,,635,"$147,333.50 ","$116,772.46 "
,OTHER,,"3,032","$4,163,527.90 ","$3,311,623.93 "
,TOTAL,,"4,362","$4,438,928.78 ","$3,530,202.83 "
27140,AS,,30,"$2,343.47 ","$1,874.78 "
,80'S,,37,"$3,258.47 ","$2,606.80 "
,OTHER,,198,"$110,736.90 ","$87,885.80 "
,TOTAL,,265,"$116,338.84 ","$92,367.38 "
27146,AS,,7,$843.62 ,$608.92 
,80'S,,9,"$1,161.66 ",$929.29 
,OTHER,,45,"$39,658.06 ","$31,197.15 "
,TOTAL,,61,"$41,663.34 ","$32,735.36 "
27147,AS,,13,"$2,589.40 ","$2,071.51 "
,80'S,,5,"$1,091.49 ",$873.20 
,OTHER,,15,"$17,935.91 ","$13,162.66 "
,TOTAL,,33,"$21,616.80 ","$16,107.37 "
27151,AS,,5,$628.05 ,$502.44 
,80'S,,3,$407.46 ,$325.97 
,OTHER,,18,"$17,820.91 ","$14,256.74 "
,TOTAL,,26,"$18,856.42 ","$15,085.15 "
27156,AS,,8,"$1,719.65 ","$1,375.73 "
,80'S,,3,$679.83 ,$543.86 
,OTHER,,28,"$41,856.47 ","$33,485.20 "
,TOTAL,,39,"$44,255.95 ","$35,404.79 "
27158,80'S,,2,$400.34 ,$320.27 
,OTHER,,1,"$1,274.15 ","$1,019.32 "
,TOTAL,,3,"$1,674.49 ","$1,339.59 "
27161,AS,,8,"$1,044.23 ",$835.39 
,80'S,,28,"$4,942.27 ","$3,881.13 "
,OTHER,,115,"$108,738.00 ","$86,315.88 "
,TOTAL,,151,"$114,724.50 ","$91,032.40 "
27165,AS,,51,"$5,378.66 ","$4,296.21 "
,80'S,,43,"$5,671.91 ","$4,427.60 "
,OTHER,,296,"$267,702.77 ","$211,507.30 "
,TOTAL,,390,"$278,753.34 ","$220,231.11 "
27170,AS,,42,"$5,453.30 ","$4,267.25 "
,80'S,,47,"$7,710.44 ","$6,168.39 "
,OTHER,,407,"$389,435.99 ","$302,384.96 "
,TOTAL,,496,"$402,599.73 ","$312,820.60 "
27175,OTHER,,7,"$3,117.14 ","$2,493.70 "
,TOTAL,,7,"$3,117.14 ","$2,493.70 "
27176,AS,,3,$424.65 ,$339.72 
,80'S,,3,$397.92 ,$318.33 
,OTHER,,29,"$23,763.06 ","$18,930.47 "
,TOTAL,,35,"$24,585.63 ","$19,588.52 "
27177,AS,,1,$134.93 ,$107.94 
,OTHER,,14,"$14,598.22 ","$11,678.57 "
,TOTAL,,15,"$14,733.15 ","$11,786.51 "
27178,AS,,1,$116.28 ,$93.02 
,OTHER,,2,"$1,642.31 ","$1,313.85 "
,TOTAL,,3,"$1,758.59 ","$1,406.87 "
27179,AS,,2,$192.68 ,$154.14 
,80'S,,1,$81.28 ,$65.02 
,OTHER,,9,"$6,593.85 ","$5,275.08 "
,TOTAL,,12,"$6,867.81 ","$5,494.24 "
27181,OTHER,,2,"$1,971.74 ","$1,577.39 "
,TOTAL,,2,"$1,971.74 ","$1,577.39 "
27187,AS,,80,"$9,740.61 ","$7,781.61 "
,80'S,,40,"$5,927.57 ","$4,726.82 "
,OTHER,,485,"$433,015.97 ","$344,705.83 "
,TOTAL,,605,"$448,684.15 ","$357,214.26 "
27193,OTHER,,"17,270","$7,682,983.27 ","$6,092,551.71 "
,TOTAL,,"17,270","$7,682,983.27 ","$6,092,551.71 "
27194,AS,,3,$224.76 ,$179.81 
,80'S,,1,$112.02 ,$89.62 
,OTHER,,155,"$103,048.73 ","$82,180.61 "
,TOTAL,,159,"$103,385.51 ","$82,450.04 "
27200,OTHER,,606,"$95,893.35 ","$74,586.57 "
,TOTAL,,606,"$95,893.35 ","$74,586.57 "
27202,OTHER,,8,"$7,013.49 ","$5,610.79 "
,TOTAL,,8,"$7,013.49 ","$5,610.79 "
27215,AS,,4,$343.67 ,$274.93 
,80'S,,9,$720.90 ,$576.74 
,OTHER,,77,"$47,214.67 ","$37,304.16 "
,TOTAL,,90,"$48,279.24 ","$38,155.83 "
27216,AS,,19,"$2,333.40 ","$1,866.73 "
,80'S,,20,"$3,307.91 ","$2,646.29 "
,OTHER,,204,"$180,754.87 ","$142,560.50 "
,TOTAL,,243,"$186,396.18 ","$147,073.52 "
27217,AS,,14,"$1,047.17 ",$837.72 
,80'S,,21,"$2,370.53 ","$1,890.09 "
,OTHER,,187,"$133,726.27 ","$106,003.63 "
,TOTAL,,222,"$137,143.97 ","$108,731.44 "
27218,AS,,11,"$1,841.22 ","$1,472.97 "
,80'S,,10,"$1,960.81 ","$1,398.35 "
,OTHER,,100,"$110,633.69 ","$86,752.45 "
,TOTAL,,121,"$114,435.72 ","$89,623.77 "
27220,OTHER,,"2,881","$1,334,767.73 ","$1,059,003.35 "
,TOTAL,,"2,881","$1,334,767.73 ","$1,059,003.35 "
27222,OTHER,,260,"$232,925.11 ","$184,237.26 "
,TOTAL,,260,"$232,925.11 ","$184,237.26 "
27226,AS,,32,"$3,244.69 ","$2,595.76 "
,80'S,,36,"$4,534.31 ","$3,627.42 "
,OTHER,,264,"$208,969.54 ","$165,545.61 "
,TOTAL,,332,"$216,748.54 ","$171,768.79 "
27227,AS,,35,"$7,065.12 ","$5,652.11 "
,80'S,,49,"$11,413.72 ","$8,910.00 "
,OTHER,,330,"$490,894.33 ","$389,672.57 "
,TOTAL,,414,"$509,373.17 ","$404,234.68 "
27228,AS,,46,"$10,815.55 ","$8,652.43 "
,80'S,,76,"$20,894.08 ","$16,691.96 "
,OTHER,,488,"$846,327.84 ","$670,189.79 "
,TOTAL,,610,"$878,037.47 ","$695,534.18 "
27230,80'S,,1,$81.09 ,$64.87 
,OTHER,,"2,700","$1,134,290.96 ","$899,528.27 "
,TOTAL,,"2,701","$1,134,372.05 ","$899,593.14 "
27232,OTHER,,528,"$372,191.80 ","$296,702.82 "
,TOTAL,,528,"$372,191.80 ","$296,702.82 "
27235,AS,,3,$353.56 ,$282.86 
,80'S,,2,$248.97 ,$199.18 
,OTHER,,"18,260","$15,715,833.35 ","$12,517,250.60 "
,TOTAL,,"18,265","$15,716,435.88 ","$12,517,732.64 "
27236,AS,,"13,869","$1,999,724.38 ","$1,591,107.84 "
,80'S,,"7,618","$1,312,502.58 ","$1,044,157.50 "
,OTHER,,"84,920","$89,628,866.61 ","$71,449,023.59 "
,TOTAL,,"106,407","$92,941,093.57 ","$74,084,288.93 "
27238,OTHER,,"2,015","$834,695.10 ","$664,456.57 "
,TOTAL,,"2,015","$834,695.10 ","$664,456.57 "
27240,OTHER,,591,"$517,444.99 ","$412,932.10 "
,TOTAL,,591,"$517,444.99 ","$412,932.10 "
27244,AS,,"8,471","$1,256,883.19 ","$998,879.15 "
,80'S,,"3,684","$646,310.42 ","$514,604.87 "
,OTHER,,"65,477","$71,580,237.51 ","$57,072,414.86 "
,TOTAL,,"77,632","$73,483,431.12 ","$58,585,898.88 "
27245,AS,,"5,298","$991,353.38 ","$790,252.62 "
,80'S,,"2,250","$493,963.61 ","$393,187.97 "
,OTHER,,"38,353","$52,878,740.09 ","$42,176,201.06 "
,TOTAL,,"45,901","$54,364,057.08 ","$43,359,641.65 "
27246,OTHER,,"2,569","$942,885.95 ","$747,369.28 "
,TOTAL,,"2,569","$942,885.95 ","$747,369.28 "
27248,AS,,280,"$24,689.42 ","$19,575.46 "
,80'S,,154,"$15,020.37 ","$11,962.81 "
,OTHER,,"1,442","$800,232.52 ","$637,467.80 "
,TOTAL,,"1,876","$839,942.31 ","$669,006.07 "
27250,OTHER,,"3,219","$1,286,188.08 ","$1,020,979.96 "
,TOTAL,,"3,219","$1,286,188.08 ","$1,020,979.96 "
27252,SG,,6,"$2,582.54 ","$1,986.02 "
,OTHER,,"2,071","$1,355,167.00 ","$1,078,375.47 "
,TOTAL,,"2,077","$1,357,749.54 ","$1,080,361.49 "
27253,AS,,54,"$6,121.60 ","$4,897.27 "
,80'S,,36,"$4,739.02 ","$3,791.20 "
,OTHER,,379,"$283,480.05 ","$225,648.71 "
,TOTAL,,469,"$294,340.67 ","$234,337.18 "
27254,AS,,13,"$2,047.71 ","$1,638.18 "
,80'S,,79,"$15,103.83 ","$12,083.18 "
,OTHER,,143,"$159,129.02 ","$127,247.72 "
,TOTAL,,235,"$176,280.56 ","$140,969.08 "
27256,OTHER,,93,"$22,008.82 ","$17,340.91 "
,TOTAL,,93,"$22,008.82 ","$17,340.91 "
27257,80'S,,1,$52.38 ,$41.90 
,OTHER,,173,"$52,733.28 ","$41,929.98 "
,TOTAL,,174,"$52,785.66 ","$41,971.88 "
27258,AS,,9,"$1,289.75 ","$1,031.80 "
,80'S,,11,"$1,893.32 ","$1,514.67 "
,OTHER,,95,"$82,771.30 ","$66,120.12 "
,TOTAL,,115,"$85,954.37 ","$68,666.59 "
27259,OTHER,,6,"$6,347.69 ","$5,078.15 "
,TOTAL,,6,"$6,347.69 ","$5,078.15 "
27265,OTHER,,"5,604","$1,923,371.37 ","$1,521,755.28 "
,TOTAL,,"5,604","$1,923,371.37 ","$1,521,755.28 "
27266,SG,,13,"$5,744.08 ","$4,595.28 "
,OTHER,,"12,322","$6,102,966.76 ","$4,843,657.60 "
,TOTAL,,"12,335","$6,108,710.84 ","$4,848,252.88 "
27275,SG,,36,"$15,618.92 ","$12,377.11 "
,OTHER,,422,"$64,091.55 ","$50,288.32 "
,TOTAL,,458,"$79,710.47 ","$62,665.43 "
27280,AS,,20,"$2,071.36 ","$1,516.41 "
,80'S,,27,"$3,108.37 ","$2,428.82 "
,OTHER,,132,"$106,121.11 ","$80,302.17 "
,TOTAL,,179,"$111,300.84 ","$84,247.40 "
27282,80'S,,4,$432.86 ,$346.28 
,OTHER,,6,"$3,621.88 ","$2,569.62 "
,TOTAL,,10,"$4,054.74 ","$2,915.90 "
27284,AS,,2,$399.10 ,$319.28 
,80'S,,2,$462.85 ,$287.64 
,OTHER,,13,"$19,831.51 ","$15,138.88 "
,TOTAL,,17,"$20,693.46 ","$15,745.80 "
27286,AS,,1,$220.03 ,$176.02 
,OTHER,,15,"$21,649.91 ","$17,091.14 "
,TOTAL,,16,"$21,869.94 ","$17,267.16 "
27290,AS,,2,$295.35 ,$236.28 
,80'S,,7,"$1,700.23 ","$1,360.19 "
,OTHER,,48,"$61,804.48 ","$48,669.55 "
,TOTAL,,57,"$63,800.06 ","$50,266.02 "
27295,AS,,17,"$2,681.71 ","$2,145.39 "
,80'S,,36,"$6,790.97 ","$5,417.79 "
,OTHER,,315,"$347,872.86 ","$276,395.97 "
,TOTAL,,368,"$357,345.54 ","$283,959.15 "
27299,AS,,76,"$14,068.94 ","$11,165.48 "
,80'S,,54,"$10,900.94 ","$8,683.33 "
,OTHER,,821,"$785,089.36 ","$623,596.36 "
,TOTAL,,951,"$810,059.24 ","$643,445.17 "
27301,SG,,115,"$55,336.93 ","$43,693.47 "
,80'S,,1,$75.63 ,$60.50 
,OTHER,,"7,371","$3,077,665.96 ","$2,433,663.12 "
,TOTAL,,"7,487","$3,133,078.52 ","$2,477,417.09 "
27303,AS,,118,"$8,327.46 ","$6,564.89 "
,80'S,,36,"$2,975.41 ","$2,380.35 "
,OTHER,,881,"$437,818.28 ","$346,551.28 "
,TOTAL,,"1,035","$449,121.15 ","$355,496.52 "
27305,AS,,30,"$1,142.04 ",$913.66 
,SG,,19,"$6,073.04 ","$4,858.42 "
,80'S,,12,$583.88 ,$467.11 
,OTHER,,198,"$63,594.55 ","$50,487.52 "
,TOTAL,,259,"$71,393.51 ","$56,726.71 "
27306,AS,,2,$51.75 ,$41.40 
,SG,,1,$499.69 ,$399.75 
,80'S,,7,$259.70 ,$207.75 
,OTHER,,66,"$16,418.27 ","$13,134.60 "
,TOTAL,,76,"$17,229.41 ","$13,783.50 "
27307,AS,,8,$300.81 ,$240.68 
,SG,,2,$968.82 ,$775.05 
,80'S,,1,$88.69 ,$70.95 
,OTHER,,91,"$29,321.57 ","$23,405.21 "
,TOTAL,,102,"$30,679.89 ","$24,491.89 "
27310,AS,,367,"$31,414.23 ","$24,968.14 "
,SG,,47,"$26,485.39 ","$20,870.42 "
,80'S,,126,"$11,990.32 ","$9,422.69 "
,OTHER,,"3,641","$2,054,264.27 ","$1,629,327.72 "
,TOTAL,,"4,181","$2,124,154.21 ","$1,684,588.97 "
27315,OTHER,,1,$383.27 ,$306.62 
,TOTAL,,1,$383.27 ,$306.62 
27320,SG,,2,$640.01 ,$512.01 
,OTHER,,9,"$2,744.99 ","$1,943.42 "
,TOTAL,,11,"$3,385.00 ","$2,455.43 "
27323,SG,,32,"$8,861.38 ","$7,089.13 "
,OTHER,,669,"$99,423.53 ","$77,800.83 "
,TOTAL,,701,"$108,284.91 ","$84,889.96 "
27324,SG,,47,"$14,199.86 ","$11,118.74 "
,OTHER,,990,"$314,868.46 ","$249,260.09 "
,TOTAL,,"1,037","$329,068.32 ","$260,378.83 "
27327,SG,,468,"$178,941.25 ","$140,174.16 "
,OTHER,,"2,605","$770,608.83 ","$603,845.20 "
,TOTAL,,"3,073","$949,550.08 ","$744,019.36 "
27328,SG,,240,"$114,181.91 ","$89,948.80 "
,OTHER,,"1,947","$715,625.38 ","$562,159.11 "
,TOTAL,,"2,187","$829,807.29 ","$652,107.91 "
27329,AS,,44,"$5,137.55 ","$4,110.04 "
,SG,,29,"$17,829.14 ","$14,229.80 "
,80'S,,71,"$9,866.16 ","$7,823.25 "
,OTHER,,"1,102","$992,178.36 ","$787,594.28 "
,TOTAL,,"1,246","$1,025,011.21 ","$813,757.37 "
27330,SG,,4,"$1,536.44 ","$1,229.15 "
,OTHER,,112,"$31,712.11 ","$25,317.77 "
,TOTAL,,116,"$33,248.55 ","$26,546.92 "
27331,AS,,73,"$4,062.88 ","$3,217.09 "
,SG,,43,"$24,617.28 ","$19,154.16 "
,80'S,,53,"$2,987.03 ","$2,386.20 "
,OTHER,,774,"$274,308.39 ","$216,950.68 "
,TOTAL,,943,"$305,975.58 ","$241,708.13 "
27332,AS,,8,$461.42 ,$369.13 
,SG,,18,"$10,249.40 ","$8,019.86 "
,80'S,,11,$988.90 ,$791.12 
,OTHER,,120,"$56,327.73 ","$44,970.26 "
,TOTAL,,157,"$68,027.45 ","$54,150.37 "
27333,AS,,3,$191.94 ,$153.55 
,SG,,9,"$5,015.58 ","$4,012.46 "
,80'S,,3,$208.48 ,$166.78 
,OTHER,,29,"$14,142.69 ","$11,193.95 "
,TOTAL,,44,"$19,558.69 ","$15,526.74 "
27334,AS,,141,"$9,969.95 ","$7,972.16 "
,SG,,12,"$5,962.36 ","$4,293.94 "
,80'S,,67,"$5,609.05 ","$4,473.59 "
,OTHER,,841,"$429,983.02 ","$341,002.93 "
,TOTAL,,"1,061","$451,524.38 ","$357,742.62 "
27335,AS,,225,"$15,600.01 ","$12,405.12 "
,SG,,1,$593.78 ,$475.02 
,80'S,,85,"$6,966.68 ","$5,573.37 "
,OTHER,,979,"$486,230.23 ","$382,044.68 "
,TOTAL,,"1,290","$509,390.70 ","$400,498.19 "
27340,SG,,262,"$122,785.92 ","$97,316.96 "
,OTHER,,"1,383","$419,012.53 ","$329,270.31 "
,TOTAL,,"1,645","$541,798.45 ","$426,587.27 "
27345,AS,,196,"$7,993.79 ","$6,255.30 "
,SG,,196,"$94,380.45 ","$73,958.64 "
,80'S,,38,"$2,445.04 ","$1,956.03 "
,OTHER,,"1,209","$397,359.50 ","$313,098.80 "
,TOTAL,,"1,639","$502,178.78 ","$395,268.77 "
27347,AS,,26,"$1,262.48 ","$1,009.98 "
,SG,,76,"$37,836.88 ","$29,727.14 "
,80'S,,11,$522.23 ,$417.79 
,OTHER,,362,"$116,507.72 ","$91,995.76 "
,TOTAL,,475,"$156,129.31 ","$123,150.67 "
27350,AS,,120,"$7,740.99 ","$6,135.68 "
,SG,,27,"$15,948.35 ","$12,758.70 "
,80'S,,94,"$6,543.60 ","$5,218.94 "
,OTHER,,843,"$406,009.01 ","$321,370.97 "
,TOTAL,,"1,084","$436,241.95 ","$345,484.29 "
27355,AS,,51,"$2,309.91 ","$1,847.82 "
,SG,,15,"$6,351.74 ","$4,738.83 "
,80'S,,12,$734.95 ,$587.96 
,OTHER,,337,"$138,398.76 ","$109,137.54 "
,TOTAL,,415,"$147,795.36 ","$116,312.15 "
27356,AS,,17,"$1,132.31 ",$905.83 
,SG,,1,$649.62 ,$519.70 
,80'S,,6,$547.54 ,$438.04 
,OTHER,,95,"$52,562.70 ","$41,764.84 "
,TOTAL,,119,"$54,892.17 ","$43,628.41 "
27357,AS,,12,$746.16 ,$596.94 
,80'S,,19,"$1,394.49 ","$1,115.55 "
,OTHER,,237,"$123,518.11 ","$96,181.45 "
,TOTAL,,268,"$125,658.76 ","$97,893.94 "
27358,AS,,1,$43.97 ,$35.18 
,OTHER,,25,"$7,652.91 ","$6,122.31 "
,TOTAL,,26,"$7,696.88 ","$6,157.49 "
27360,AS,,83,"$7,566.10 ","$6,044.16 "
,SG,,27,"$18,914.05 ","$15,037.53 "
,80'S,,70,"$7,269.81 ","$5,659.93 "
,OTHER,,939,"$625,061.11 ","$495,271.71 "
,TOTAL,,"1,119","$658,811.07 ","$522,013.33 "
27365,AS,,36,"$4,135.74 ","$3,308.56 "
,80'S,,35,"$3,928.48 ","$3,142.80 "
,OTHER,,351,"$288,605.08 ","$230,171.62 "
,TOTAL,,422,"$296,669.30 ","$236,622.98 "
27370,OTHER,,"4,635","$1,563,964.32 ","$1,238,455.37 "
,TOTAL,,"4,635","$1,563,964.32 ","$1,238,455.37 "
27372,AS,,8,$346.24 ,$276.98 
,SG,,46,"$43,753.22 ","$33,963.19 "
,80'S,,11,$504.11 ,$403.30 
,OTHER,,608,"$184,865.57 ","$145,519.58 "
,TOTAL,,673,"$229,469.14 ","$180,163.05 "
27380,AS,,148,"$9,316.39 ","$7,219.97 "
,SG,,28,"$7,109.94 ","$5,687.93 "
,80'S,,83,"$5,555.81 ","$4,444.63 "
,OTHER,,"1,006","$457,313.77 ","$363,210.02 "
,TOTAL,,"1,265","$479,295.91 ","$380,562.55 "
27381,AS,,70,"$6,101.00 ","$4,856.21 "
,SG,,4,"$1,768.30 ","$1,414.64 "
,80'S,,58,"$5,717.80 ","$4,574.26 "
,OTHER,,382,"$239,498.07 ","$189,928.20 "
,TOTAL,,514,"$253,085.17 ","$200,773.31 "
27385,AS,,398,"$30,944.62 ","$24,540.48 "
,SG,,128,"$61,390.57 ","$48,579.66 "
,80'S,,128,"$11,666.29 ","$9,329.08 "
,OTHER,,"2,634","$1,514,536.75 ","$1,197,384.43 "
,TOTAL,,"3,288","$1,618,538.23 ","$1,279,833.65 "
27386,AS,,78,"$7,887.82 ","$6,310.26 "
,SG,,6,"$3,079.67 ","$2,463.74 "
,80'S,,42,"$4,920.99 ","$3,936.77 "
,OTHER,,443,"$315,280.59 ","$250,541.81 "
,TOTAL,,569,"$331,169.07 ","$263,252.58 "
27390,AS,,5,$194.34 ,$155.48 
,SG,,3,$957.95 ,$766.36 
,80'S,,4,$123.42 ,$98.72 
,OTHER,,48,"$14,179.65 ","$11,263.73 "
,TOTAL,,60,"$15,455.36 ","$12,284.29 "
27391,AS,,4,$197.10 ,$157.69 
,SG,,4,"$1,314.04 ","$1,051.23 "
,OTHER,,84,"$34,261.44 ","$26,902.78 "
,TOTAL,,92,"$35,772.58 ","$28,111.70 "
27392,AS,,7,$504.28 ,$403.44 
,80'S,,1,$101.48 ,$81.18 
,OTHER,,32,"$17,202.64 ","$13,762.10 "
,TOTAL,,40,"$17,808.40 ","$14,246.72 "
27393,AS,,8,$322.54 ,$258.04 
,80'S,,4,$140.06 ,$112.06 
,OTHER,,40,"$12,551.82 ","$10,041.36 "
,TOTAL,,52,"$13,014.42 ","$10,411.46 "
27394,AS,,20,$925.32 ,$740.29 
,OTHER,,128,"$49,110.48 ","$39,288.75 "
,TOTAL,,148,"$50,035.80 ","$40,029.04 "
27395,SG,,1,$258.52 ,$206.82 
,80'S,,1,$122.00 ,$97.60 
,OTHER,,26,"$18,623.32 ","$14,818.65 "
,TOTAL,,28,"$19,003.84 ","$15,123.07 "
27396,AS,,4,$159.42 ,$127.54 
,SG,,1,$499.76 ,$399.81 
,80'S,,2,$93.34 ,$74.67 
,OTHER,,117,"$6,324.42 ","$4,966.32 "
,TOTAL,,124,"$7,076.94 ","$5,568.34 "
27397,AS,,1,$107.30 ,$85.84 
,OTHER,,2,"$1,165.78 ",$932.62 
,TOTAL,,3,"$1,273.08 ","$1,018.46 "
27400,AS,,1,$42.46 ,$33.97 
,SG,,2,$537.81 ,$421.97 
,80'S,,3,$210.98 ,$168.78 
,OTHER,,25,"$12,668.28 ","$10,134.63 "
,TOTAL,,31,"$13,459.53 ","$10,759.35 "
27403,AS,,20,$923.27 ,$738.60 
,SG,,4,"$1,747.96 ","$1,398.37 "
,80'S,,16,$988.28 ,$790.61 
,OTHER,,173,"$62,136.33 ","$48,259.59 "
,TOTAL,,213,"$65,795.84 ","$51,187.17 "
27405,AS,,50,"$3,163.48 ","$2,530.82 "
,SG,,20,"$10,399.41 ","$8,239.53 "
,80'S,,27,"$1,983.00 ","$1,586.40 "
,OTHER,,337,"$156,295.95 ","$124,053.61 "
,TOTAL,,434,"$171,841.84 ","$136,410.36 "
27407,AS,,6,$501.77 ,$401.41 
,SG,,3,$921.30 ,$737.04 
,80'S,,5,$517.27 ,$413.82 
,OTHER,,45,"$26,481.90 ","$21,185.53 "
,TOTAL,,59,"$28,422.24 ","$22,737.80 "
27409,AS,,2,$183.92 ,$147.14 
,SG,,1,$314.64 ,$122.84 
,80'S,,6,$784.69 ,$627.75 
,OTHER,,27,"$21,855.35 ","$17,484.29 "
,TOTAL,,36,"$23,138.60 ","$18,382.02 "
27418,AS,,39,"$3,735.29 ","$2,959.62 "
,SG,,15,"$5,830.47 ","$4,361.49 "
,80'S,,20,"$2,340.97 ","$1,792.78 "
,OTHER,,177,"$121,133.98 ","$94,275.90 "
,TOTAL,,251,"$133,040.71 ","$103,389.79 "
27420,AS,,17,"$1,432.41 ","$1,145.94 "
,SG,,6,"$2,263.18 ","$1,810.54 "
,80'S,,12,"$1,336.60 ","$1,069.29 "
,OTHER,,131,"$84,929.10 ","$65,778.91 "
,TOTAL,,166,"$89,961.29 ","$69,804.68 "
27422,AS,,132,"$11,075.91 ","$8,838.97 "
,SG,,22,"$21,343.81 ","$16,288.10 "
,80'S,,81,"$7,505.28 ","$5,900.92 "
,OTHER,,701,"$420,310.14 ","$330,939.62 "
,TOTAL,,936,"$460,235.14 ","$361,967.61 "
27424,AS,,20,"$1,646.83 ","$1,317.47 "
,SG,,3,"$1,429.43 ","$1,143.54 "
,80'S,,4,$426.48 ,$341.18 
,OTHER,,75,"$47,596.01 ","$38,021.28 "
,TOTAL,,102,"$51,098.75 ","$40,823.47 "
27425,SG,,160,"$159,123.30 ","$125,033.38 "
,OTHER,,"2,111","$535,224.18 ","$423,161.74 "
,TOTAL,,"2,271","$694,347.48 ","$548,195.12 "
27427,AS,,15,"$1,041.93 ",$833.55 
,SG,,4,"$2,062.48 ","$1,649.99 "
,80'S,,14,"$1,152.69 ",$922.16 
,OTHER,,97,"$46,611.58 ","$36,024.74 "
,TOTAL,,130,"$50,868.68 ","$39,430.44 "
27428,AS,,14,"$1,849.57 ","$1,312.77 "
,SG,,3,"$1,846.59 ","$1,477.27 "
,80'S,,11,"$1,400.16 ","$1,079.78 "
,OTHER,,73,"$65,293.82 ","$52,154.06 "
,TOTAL,,101,"$70,390.14 ","$56,023.88 "
27429,AS,,3,$453.27 ,$282.61 
,80'S,,2,$349.70 ,$279.76 
,OTHER,,17,"$16,879.01 ","$13,503.22 "
,TOTAL,,22,"$17,681.98 ","$14,065.59 "
27430,AS,,109,"$8,225.94 ","$6,580.82 "
,SG,,31,"$19,501.08 ","$15,018.41 "
,80'S,,97,"$7,513.53 ","$5,906.82 "
,OTHER,,614,"$340,477.92 ","$267,376.41 "
,TOTAL,,851,"$375,718.47 ","$294,882.46 "
27435,AS,,181,"$9,372.88 ","$7,467.75 "
,SG,,4,"$2,516.66 ","$2,013.32 "
,80'S,,35,"$2,635.26 ","$2,108.23 "
,OTHER,,428,"$178,472.54 ","$141,857.89 "
,TOTAL,,648,"$192,997.34 ","$153,447.19 "
27437,SG,,1,$659.26 ,$527.41 
,OTHER,,"1,001","$365,858.81 ","$289,088.19 "
,TOTAL,,"1,002","$366,518.07 ","$289,615.60 "
27438,AS,,118,"$12,291.57 ","$9,593.67 "
,80'S,,134,"$17,170.18 ","$13,702.54 "
,OTHER,,525,"$384,598.33 ","$303,764.57 "
,TOTAL,,777,"$414,060.08 ","$327,060.78 "
27440,AS,,2,$187.19 ,$149.76 
,80'S,,4,$423.09 ,$338.47 
,OTHER,,38,"$12,863.05 ","$10,290.45 "
,TOTAL,,44,"$13,473.33 ","$10,778.68 "
27441,AS,,14,"$1,454.06 ","$1,163.25 "
,SG,,1,$682.04 ,$545.63 
,80'S,,10,"$1,208.94 ",$967.16 
,OTHER,,33,"$22,039.72 ","$17,631.80 "
,TOTAL,,58,"$25,384.76 ","$20,307.84 "
27442,AS,,21,"$2,383.03 ","$1,787.75 "
,SG,,17,"$10,942.90 ","$8,754.30 "
,80'S,,27,"$3,540.38 ","$2,820.39 "
,OTHER,,111,"$88,679.19 ","$70,043.41 "
,TOTAL,,176,"$105,545.50 ","$83,405.85 "
27443,AS,,2,$229.97 ,$183.98 
,SG,,1,$828.50 ,$662.80 
,80'S,,12,"$1,340.80 ","$1,072.63 "
,OTHER,,65,"$44,564.24 ","$35,550.02 "
,TOTAL,,80,"$46,963.51 ","$37,469.43 "
27445,AS,,24,"$3,851.54 ","$3,081.23 "
,80'S,,27,"$5,007.14 ","$3,973.05 "
,OTHER,,173,"$197,269.81 ","$155,975.45 "
,TOTAL,,224,"$206,128.49 ","$163,029.73 "
27446,AS,,"3,524","$530,302.75 ","$421,432.05 "
,80'S,,"2,037","$347,107.28 ","$274,848.39 "
,OTHER,,"10,380","$11,286,840.16 ","$8,917,413.54 "
,TOTAL,,"15,941","$12,164,250.19 ","$9,613,693.98 "
27447,AS,,"68,274","$13,514,252.81 ","$10,744,430.53 "
,80'S,,"50,029","$11,564,145.21 ","$9,166,692.80 "
,OTHER,,"239,205","$348,615,510.74 ","$276,116,832.66 "
,TOTAL,,"357,508","$373,693,908.76 ","$296,027,955.99 "
27448,AS,,87,"$5,430.03 ","$4,317.59 "
,80'S,,59,"$4,687.33 ","$3,749.88 "
,OTHER,,266,"$141,195.54 ","$112,134.78 "
,TOTAL,,412,"$151,312.90 ","$120,202.25 "
27450,AS,,29,"$3,027.42 ","$2,421.93 "
,80'S,,27,"$3,098.79 ","$2,436.50 "
,OTHER,,163,"$125,178.71 ","$98,132.81 "
,TOTAL,,219,"$131,304.92 ","$102,991.24 "
27454,AS,,10,"$1,465.50 ","$1,093.34 "
,80'S,,3,$605.49 ,$404.39 
,OTHER,,32,"$37,029.17 ","$27,827.50 "
,TOTAL,,45,"$39,100.16 ","$29,325.23 "
27455,AS,,4,$317.04 ,$253.62 
,80'S,,6,$650.35 ,$505.44 
,OTHER,,53,"$38,355.58 ","$30,513.90 "
,TOTAL,,63,"$39,322.97 ","$31,272.96 "
27457,AS,,19,"$2,310.17 ","$1,702.73 "
,80'S,,29,"$3,969.13 ","$2,890.07 "
,OTHER,,134,"$114,847.80 ","$88,604.94 "
,TOTAL,,182,"$121,127.10 ","$93,197.74 "
27465,AS,,3,$267.50 ,$214.00 
,80'S,,1,$173.49 ,$138.79 
,OTHER,,26,"$19,881.43 ","$15,004.71 "
,TOTAL,,30,"$20,322.42 ","$15,357.50 "
27466,AS,,10,"$1,147.40 ",$917.94 
,80'S,,14,"$1,535.35 ","$1,228.26 "
,OTHER,,53,"$39,437.00 ","$31,213.47 "
,TOTAL,,77,"$42,119.75 ","$33,359.67 "
27468,80'S,,1,$214.71 ,$171.77 
,OTHER,,2,"$2,101.14 ","$1,680.91 "
,TOTAL,,3,"$2,315.85 ","$1,852.68 "
27470,AS,,120,"$16,575.33 ","$13,172.02 "
,80'S,,76,"$11,845.91 ","$9,424.04 "
,OTHER,,616,"$622,762.56 ","$492,826.46 "
,TOTAL,,812,"$651,183.80 ","$515,422.52 "
27472,AS,,87,"$13,350.35 ","$10,680.26 "
,80'S,,74,"$13,292.64 ","$10,577.48 "
,OTHER,,559,"$651,639.68 ","$513,331.72 "
,TOTAL,,720,"$678,282.67 ","$534,589.46 "
27475,OTHER,,1,$355.11 ,$284.09 
,TOTAL,,1,$355.11 ,$284.09 
27477,OTHER,,43,"$28,410.50 ","$22,633.10 "
,TOTAL,,43,"$28,410.50 ","$22,633.10 "
27485,OTHER,,9,"$6,435.06 ","$5,148.05 "
,TOTAL,,9,"$6,435.06 ","$5,148.05 "
27486,AS,,"1,965","$343,515.56 ","$272,798.49 "
,80'S,,"1,392","$285,803.57 ","$225,845.49 "
,OTHER,,"7,546","$9,477,167.81 ","$7,504,477.79 "
,TOTAL,,"10,903","$10,106,486.94 ","$8,003,121.77 "
27487,AS,,"3,356","$766,113.82 ","$610,028.21 "
,80'S,,"2,658","$704,304.89 ","$560,110.51 "
,OTHER,,"12,487","$20,611,263.99 ","$16,339,555.74 "
,TOTAL,,"18,501","$22,081,682.70 ","$17,509,694.46 "
27488,AS,,899,"$129,910.38 ","$103,391.05 "
,80'S,,580,"$97,805.50 ","$77,897.37 "
,OTHER,,"4,266","$4,330,636.38 ","$3,438,721.58 "
,TOTAL,,"5,745","$4,558,352.26 ","$3,620,010.00 "
27495,AS,,95,"$12,938.96 ","$10,271.17 "
,80'S,,38,"$5,996.35 ","$4,662.03 "
,OTHER,,591,"$608,678.17 ","$482,057.11 "
,TOTAL,,724,"$627,613.48 ","$496,990.31 "
27496,SG,,1,$758.27 ,$606.62 
,OTHER,,54,"$19,996.83 ","$15,997.51 "
,TOTAL,,55,"$20,755.10 ","$16,604.13 "
27497,AS,,2,$107.45 ,$85.96 
,OTHER,,22,"$9,840.61 ","$7,872.47 "
,TOTAL,,24,"$9,948.06 ","$7,958.43 "
27498,AS,,2,$150.49 ,$120.39 
,80'S,,5,$267.71 ,$214.17 
,OTHER,,46,"$19,723.96 ","$15,737.63 "
,TOTAL,,53,"$20,142.16 ","$16,072.19 "
27499,AS,,1,$94.69 ,$75.75 
,80'S,,1,$51.77 ,$41.42 
,OTHER,,19,"$9,164.43 ","$7,331.56 "
,TOTAL,,21,"$9,310.89 ","$7,448.73 "
27500,OTHER,,972,"$431,248.44 ","$341,998.35 "
,TOTAL,,972,"$431,248.44 ","$341,998.35 "
27501,AS,,3,$203.43 ,$162.74 
,80'S,,1,$72.39 ,$57.91 
,OTHER,,"1,645","$783,346.36 ","$620,678.33 "
,TOTAL,,"1,649","$783,622.18 ","$620,898.98 "
27502,OTHER,,481,"$350,067.18 ","$278,166.66 "
,TOTAL,,481,"$350,067.18 ","$278,166.66 "
27503,AS,,13,"$1,439.43 ","$1,151.54 "
,80'S,,2,$196.08 ,$156.86 
,OTHER,,782,"$579,462.43 ","$461,967.81 "
,TOTAL,,797,"$581,097.94 ","$463,276.21 "
27506,AS,,"1,173","$185,639.21 ","$147,835.49 "
,80'S,,805,"$147,377.09 ","$116,869.97 "
,OTHER,,"8,487","$9,849,726.48 ","$7,839,391.06 "
,TOTAL,,"10,465","$10,182,742.78 ","$8,104,096.52 "
27507,AS,,676,"$81,180.63 ","$64,537.66 "
,80'S,,535,"$76,317.71 ","$60,710.34 "
,OTHER,,"4,125","$3,592,311.32 ","$2,863,786.76 "
,TOTAL,,"5,336","$3,749,809.66 ","$2,989,034.76 "
27508,OTHER,,"1,647","$745,443.27 ","$588,516.64 "
,TOTAL,,"1,647","$745,443.27 ","$588,516.64 "
27509,AS,,10,$746.39 ,$597.11 
,SG,,6,"$3,029.69 ","$2,423.75 "
,80'S,,4,$277.44 ,$221.95 
,OTHER,,301,"$169,484.88 ","$134,477.74 "
,TOTAL,,321,"$173,538.40 ","$137,720.55 "
27510,SG,,1,$314.78 ,$251.82 
,OTHER,,373,"$234,093.51 ","$186,334.91 "
,TOTAL,,374,"$234,408.29 ","$186,586.73 "
27511,AS,,600,"$79,471.06 ","$63,157.67 "
,80'S,,441,"$67,920.55 ","$54,093.37 "
,OTHER,,"4,073","$3,909,387.99 ","$3,111,214.41 "
,TOTAL,,"5,114","$4,056,779.60 ","$3,228,465.45 "
27513,AS,,361,"$62,020.25 ","$48,946.53 "
,80'S,,265,"$54,268.98 ","$42,989.95 "
,OTHER,,"2,471","$3,106,241.22 ","$2,461,794.82 "
,TOTAL,,"3,097","$3,222,530.45 ","$2,553,731.30 "
27514,AS,,178,"$28,725.75 ","$22,949.81 "
,80'S,,176,"$35,231.57 ","$27,897.88 "
,OTHER,,"1,251","$1,465,007.48 ","$1,162,745.21 "
,TOTAL,,"1,605","$1,528,964.80 ","$1,213,592.90 "
27516,OTHER,,33,"$15,662.96 ","$12,450.33 "
,TOTAL,,33,"$15,662.96 ","$12,450.33 "
27517,OTHER,,12,"$7,463.09 ","$5,963.04 "
,TOTAL,,12,"$7,463.09 ","$5,963.04 "
27519,AS,,4,$435.36 ,$348.29 
,80'S,,1,$86.55 ,$69.24 
,OTHER,,19,"$18,638.86 ","$14,911.09 "
,TOTAL,,24,"$19,160.77 ","$15,328.62 "
27520,SG,,3,$979.18 ,$783.34 
,80'S,,1,$48.01 ,$38.41 
,OTHER,,"7,993","$2,237,469.35 ","$1,748,142.28 "
,TOTAL,,"7,997","$2,238,496.54 ","$1,748,964.03 "
27524,AS,,702,"$68,403.40 ","$54,169.32 "
,80'S,,268,"$29,865.94 ","$23,439.34 "
,OTHER,,"5,119","$3,565,137.46 ","$2,823,297.88 "
,TOTAL,,"6,089","$3,663,406.80 ","$2,900,906.54 "
27530,SG,,1,$176.72 ,$141.38 
,OTHER,,"7,577","$2,545,233.72 ","$1,998,263.79 "
,TOTAL,,"7,578","$2,545,410.44 ","$1,998,405.17 "
27532,SG,,3,$832.40 ,$665.91 
,OTHER,,537,"$280,440.19 ","$222,327.93 "
,TOTAL,,540,"$281,272.59 ","$222,993.84 "
27535,AS,,320,"$35,212.63 ","$27,892.82 "
,80'S,,209,"$27,057.55 ","$21,602.04 "
,OTHER,,"2,555","$2,063,283.78 ","$1,630,909.12 "
,TOTAL,,"3,084","$2,125,553.96 ","$1,680,403.98 "
27536,AS,,164,"$23,923.55 ","$18,858.90 "
,80'S,,123,"$21,590.41 ","$16,756.38 "
,OTHER,,"1,365","$1,435,046.62 ","$1,133,015.92 "
,TOTAL,,"1,652","$1,480,560.58 ","$1,168,631.20 "
27538,OTHER,,178,"$73,984.20 ","$57,856.95 "
,TOTAL,,178,"$73,984.20 ","$57,856.95 "
27540,AS,,13,"$1,375.93 ","$1,100.76 "
,80'S,,11,"$1,206.79 ",$965.44 
,OTHER,,107,"$86,107.89 ","$68,373.80 "
,TOTAL,,131,"$88,690.61 ","$70,440.00 "
27550,AS,,1,$60.24 ,$48.19 
,SG,,1,$329.49 ,$263.59 
,OTHER,,236,"$89,325.14 ","$70,637.88 "
,TOTAL,,238,"$89,714.87 ","$70,949.66 "
27552,AS,,3,$228.62 ,$182.89 
,SG,,5,"$1,648.27 ","$1,318.62 "
,80'S,,4,$308.37 ,$246.69 
,OTHER,,410,"$219,328.04 ","$172,580.75 "
,TOTAL,,422,"$221,513.30 ","$174,328.95 "
27556,AS,,18,"$2,151.12 ","$1,720.87 "
,80'S,,2,$361.00 ,$288.80 
,OTHER,,74,"$64,614.92 ","$50,384.70 "
,TOTAL,,94,"$67,127.04 ","$52,394.37 "
27557,AS,,2,$330.46 ,$264.36 
,80'S,,2,$407.02 ,$325.62 
,OTHER,,18,"$19,832.84 ","$15,866.27 "
,TOTAL,,22,"$20,570.32 ","$16,456.25 "
27558,80'S,,1,$192.57 ,$154.06 
,OTHER,,11,"$12,199.47 ","$9,759.59 "
,TOTAL,,12,"$12,392.04 ","$9,913.65 "
27560,OTHER,,352,"$91,865.36 ","$72,134.66 "
,TOTAL,,352,"$91,865.36 ","$72,134.66 "
27562,OTHER,,39,"$14,445.33 ","$11,155.11 "
,TOTAL,,39,"$14,445.33 ","$11,155.11 "
27566,AS,,8,$797.33 ,$637.85 
,SG,,3,"$1,097.40 ",$877.93 
,80'S,,8,"$1,185.47 ",$948.38 
,OTHER,,99,"$78,707.74 ","$61,906.47 "
,TOTAL,,118,"$81,787.94 ","$64,370.63 "
27570,SG,,"1,524","$492,979.12 ","$390,094.70 "
,OTHER,,"8,043","$967,532.90 ","$756,856.53 "
,TOTAL,,"9,567","$1,460,512.02 ","$1,146,951.23 "
27580,AS,,68,"$12,643.40 ","$10,099.64 "
,80'S,,72,"$15,363.94 ","$12,083.07 "
,OTHER,,507,"$629,282.20 ","$501,081.31 "
,TOTAL,,647,"$657,289.54 ","$523,264.02 "
27590,AS,,"1,447","$148,651.14 ","$118,344.55 "
,80'S,,"1,285","$156,848.26 ","$124,403.69 "
,OTHER,,"23,840","$17,424,331.84 ","$13,883,609.17 "
,TOTAL,,"26,572","$17,729,831.24 ","$14,126,357.41 "
27591,AS,,7,$774.89 ,$619.91 
,80'S,,7,"$1,017.65 ",$814.12 
,OTHER,,136,"$114,739.68 ","$91,630.17 "
,TOTAL,,150,"$116,532.22 ","$93,064.20 "
27592,AS,,22,"$1,976.39 ","$1,581.12 "
,80'S,,22,"$2,350.57 ","$1,880.45 "
,OTHER,,460,"$287,210.47 ","$228,505.00 "
,TOTAL,,504,"$291,537.43 ","$231,966.57 "
27594,SG,,7,"$3,498.47 ","$2,798.77 "
,OTHER,,574,"$238,124.74 ","$188,724.06 "
,TOTAL,,581,"$241,623.21 ","$191,522.83 "
27596,OTHER,,"1,796","$1,108,273.01 ","$881,001.68 "
,TOTAL,,"1,796","$1,108,273.01 ","$881,001.68 "
27598,AS,,47,"$4,654.02 ","$3,723.25 "
,80'S,,48,"$5,940.31 ","$4,752.28 "
,OTHER,,782,"$523,279.07 ","$417,451.64 "
,TOTAL,,877,"$533,873.40 ","$425,927.17 "
27599,AS,,59,"$8,934.93 ","$7,130.20 "
,80'S,,22,"$3,226.80 ","$2,579.66 "
,OTHER,,632,"$508,156.98 ","$405,872.26 "
,TOTAL,,713,"$520,318.71 ","$415,582.12 "
27600,SG,,8,"$4,044.56 ","$3,235.64 "
,80'S,,1,$39.64 ,$31.72 
,OTHER,,797,"$230,708.71 ","$183,518.22 "
,TOTAL,,806,"$234,792.91 ","$186,785.58 "
27601,SG,,5,"$1,526.21 ","$1,220.96 "
,OTHER,,212,"$67,935.40 ","$54,151.82 "
,TOTAL,,217,"$69,461.61 ","$55,372.78 "
27602,AS,,67,"$3,145.30 ","$2,516.20 "
,SG,,2,"$1,004.42 ",$803.54 
,80'S,,123,"$6,519.23 ","$5,215.44 "
,OTHER,,"1,974","$645,269.24 ","$513,749.31 "
,TOTAL,,"2,166","$655,938.19 ","$522,284.49 "
27603,SG,,105,"$42,950.70 ","$33,150.88 "
,OTHER,,"5,104","$1,829,364.73 ","$1,451,204.92 "
,TOTAL,,"5,209","$1,872,315.43 ","$1,484,355.80 "
27604,AS,,1,$37.74 ,$30.19 
,SG,,9,"$2,868.38 ","$2,294.71 "
,OTHER,,182,"$63,180.47 ","$50,468.15 "
,TOTAL,,192,"$66,086.59 ","$52,793.05 "
27605,SG,,18,"$4,936.31 ","$3,876.80 "
,80'S,,17,$249.32 ,$199.47 
,OTHER,,274,"$45,194.49 ","$35,166.96 "
,TOTAL,,309,"$50,380.12 ","$39,243.23 "
27606,SG,,64,"$14,989.31 ","$11,598.25 "
,OTHER,,"1,340","$249,105.43 ","$196,577.94 "
,TOTAL,,"1,404","$264,094.74 ","$208,176.19 "
27607,SG,,15,"$5,935.62 ","$4,748.49 "
,OTHER,,629,"$320,796.56 ","$251,099.74 "
,TOTAL,,644,"$326,732.18 ","$255,848.23 "
27610,SG,,39,"$13,825.87 ","$10,819.39 "
,OTHER,,640,"$332,093.64 ","$264,563.89 "
,TOTAL,,679,"$345,919.51 ","$275,383.28 "
27612,AS,,17,$967.31 ,$773.84 
,SG,,33,"$13,799.34 ","$10,432.60 "
,80'S,,16,"$1,124.55 ",$899.65 
,OTHER,,272,"$113,673.67 ","$89,880.02 "
,TOTAL,,338,"$129,564.87 ","$101,986.11 "
27613,OTHER,,"1,384","$272,708.72 ","$215,065.62 "
,TOTAL,,"1,384","$272,708.72 ","$215,065.62 "
27614,SG,,53,"$21,958.58 ","$17,245.40 "
,OTHER,,721,"$278,881.59 ","$221,373.92 "
,TOTAL,,774,"$300,840.17 ","$238,619.32 "
27615,AS,,5,$560.82 ,$448.67 
,SG,,95,"$40,715.63 ","$32,412.56 "
,80'S,,6,$938.67 ,$750.93 
,OTHER,,982,"$853,072.12 ","$679,697.15 "
,TOTAL,,"1,088","$895,287.24 ","$713,309.31 "
27618,SG,,377,"$139,900.79 ","$111,043.91 "
,OTHER,,"1,364","$501,434.42 ","$395,059.13 "
,TOTAL,,"1,741","$641,335.21 ","$506,103.04 "
27619,SG,,229,"$106,569.89 ","$84,388.02 "
,OTHER,,"1,031","$569,359.14 ","$450,095.35 "
,TOTAL,,"1,260","$675,929.03 ","$534,483.37 "
27620,AS,,45,"$2,006.30 ","$1,593.43 "
,SG,,76,"$46,285.55 ","$36,948.40 "
,80'S,,25,"$1,188.27 ",$944.99 
,OTHER,,528,"$174,574.07 ","$137,801.01 "
,TOTAL,,674,"$224,054.19 ","$177,287.83 "
27625,AS,,14,$957.71 ,$766.17 
,SG,,34,"$20,637.00 ","$16,142.61 "
,80'S,,14,"$1,249.94 ",$999.93 
,OTHER,,188,"$90,048.11 ","$70,361.99 "
,TOTAL,,250,"$112,892.76 ","$88,270.70 "
27626,AS,,21,"$1,604.17 ","$1,283.32 "
,SG,,44,"$26,465.30 ","$20,806.21 "
,80'S,,30,"$2,162.47 ","$1,613.20 "
,OTHER,,170,"$92,636.22 ","$72,363.29 "
,TOTAL,,265,"$122,868.16 ","$96,066.02 "
27630,SG,,244,"$107,491.98 ","$83,493.15 "
,OTHER,,896,"$281,825.31 ","$221,493.57 "
,TOTAL,,"1,140","$389,317.29 ","$304,986.72 "
27635,SG,,93,"$37,948.82 ","$29,935.09 "
,OTHER,,335,"$162,858.48 ","$127,715.69 "
,TOTAL,,428,"$200,807.30 ","$157,650.78 "
27637,AS,,13,$773.28 ,$592.22 
,SG,,1,$489.35 ,$391.48 
,80'S,,2,$102.42 ,$81.93 
,OTHER,,48,"$26,067.81 ","$20,750.88 "
,TOTAL,,64,"$27,432.86 ","$21,816.51 "
27638,AS,,13,"$1,104.28 ",$883.44 
,SG,,4,"$1,802.94 ","$1,442.34 "
,80'S,,4,$449.01 ,$359.21 
,OTHER,,102,"$63,672.95 ","$49,841.04 "
,TOTAL,,123,"$67,029.18 ","$52,526.03 "
27640,SG,,103,"$31,870.85 ","$24,577.88 "
,OTHER,,"1,273","$1,029,628.33 ","$815,016.25 "
,TOTAL,,"1,376","$1,061,499.18 ","$839,594.13 "
27641,SG,,64,"$20,888.79 ","$16,446.95 "
,OTHER,,706,"$425,538.89 ","$336,356.16 "
,TOTAL,,770,"$446,427.68 ","$352,803.11 "
27645,AS,,10,"$1,282.16 ","$1,025.74 "
,80'S,,4,$504.44 ,$403.56 
,OTHER,,74,"$56,747.71 ","$45,266.33 "
,TOTAL,,88,"$58,534.31 ","$46,695.63 "
27646,AS,,4,$340.04 ,$272.03 
,OTHER,,32,"$25,941.59 ","$20,233.19 "
,TOTAL,,36,"$26,281.63 ","$20,505.22 "
27647,AS,,8,$725.27 ,$580.23 
,SG,,4,"$1,273.83 ","$1,019.06 "
,80'S,,12,"$1,493.90 ","$1,195.12 "
,OTHER,,158,"$120,389.44 ","$95,027.44 "
,TOTAL,,182,"$123,882.44 ","$97,821.85 "
27648,80'S,,1,$30.67 ,$24.54 
,OTHER,,348,"$62,852.53 ","$49,774.53 "
,TOTAL,,349,"$62,883.20 ","$49,799.07 "
27650,AS,,153,"$13,858.51 ","$11,054.65 "
,SG,,392,"$165,135.36 ","$129,362.58 "
,80'S,,100,"$10,782.03 ","$8,501.80 "
,OTHER,,"1,554","$1,024,160.05 ","$808,704.79 "
,TOTAL,,"2,199","$1,213,935.95 ","$957,623.82 "
27652,SG,,47,"$20,546.53 ","$16,437.29 "
,OTHER,,184,"$135,541.12 ","$107,650.10 "
,TOTAL,,231,"$156,087.65 ","$124,087.39 "
27654,AS,,85,"$6,735.16 ","$5,362.81 "
,SG,,162,"$55,465.85 ","$43,826.44 "
,80'S,,84,"$9,043.92 ","$7,124.29 "
,OTHER,,939,"$601,762.99 ","$473,557.38 "
,TOTAL,,"1,270","$673,007.92 ","$529,870.92 "
27656,AS,,2,$91.46 ,$73.17 
,SG,,3,$893.50 ,$714.80 
,80'S,,2,$106.07 ,$84.86 
,OTHER,,82,"$26,051.83 ","$20,761.44 "
,TOTAL,,89,"$27,142.86 ","$21,634.27 "
27658,AS,,51,"$1,843.69 ","$1,446.78 "
,SG,,105,"$22,763.47 ","$17,923.90 "
,80'S,,36,"$1,442.54 ","$1,154.04 "
,OTHER,,515,"$135,250.37 ","$106,283.68 "
,TOTAL,,707,"$161,300.07 ","$126,808.40 "
27659,AS,,32,"$1,482.75 ","$1,186.14 "
,SG,,47,"$14,463.07 ","$11,249.21 "
,80'S,,28,"$1,610.70 ","$1,288.52 "
,OTHER,,218,"$79,653.55 ","$62,593.88 "
,TOTAL,,325,"$97,210.07 ","$76,317.75 "
27664,AS,,7,$344.26 ,$275.42 
,SG,,70,"$26,514.12 ","$20,674.29 "
,80'S,,7,$326.61 ,$261.28 
,OTHER,,261,"$79,668.57 ","$62,359.49 "
,TOTAL,,345,"$106,853.56 ","$83,570.48 "
27665,AS,,11,$515.94 ,$412.76 
,SG,,26,"$9,347.88 ","$7,478.32 "
,80'S,,19,"$1,011.69 ",$809.34 
,OTHER,,127,"$43,643.64 ","$34,382.23 "
,TOTAL,,183,"$54,519.15 ","$43,082.65 "
27675,AS,,13,$590.22 ,$472.16 
,SG,,74,"$25,143.39 ","$19,877.54 "
,80'S,,14,$847.86 ,$678.30 
,OTHER,,197,"$82,411.11 ","$64,740.42 "
,TOTAL,,298,"$108,992.58 ","$85,768.42 "
27676,AS,,9,$485.12 ,$388.10 
,SG,,26,"$10,284.79 ","$7,795.62 "
,80'S,,5,$309.87 ,$247.89 
,OTHER,,73,"$37,772.77 ","$29,795.26 "
,TOTAL,,113,"$48,852.55 ","$38,226.87 "
27680,SG,,89,"$34,015.90 ","$26,656.54 "
,OTHER,,514,"$166,305.57 ","$130,608.57 "
,TOTAL,,603,"$200,321.47 ","$157,265.11 "
27681,SG,,5,"$1,810.79 ","$1,448.63 "
,OTHER,,35,"$12,735.05 ","$10,049.15 "
,TOTAL,,40,"$14,545.84 ","$11,497.78 "
27685,AS,,230,"$9,503.35 ","$7,453.05 "
,SG,,270,"$100,043.87 ","$79,613.60 "
,80'S,,265,"$12,862.82 ","$10,260.44 "
,OTHER,,"2,589","$833,861.79 ","$657,352.20 "
,TOTAL,,"3,354","$956,271.83 ","$754,679.29 "
27686,SG,,27,"$8,427.39 ","$6,741.90 "
,OTHER,,300,"$111,853.89 ","$88,793.24 "
,TOTAL,,327,"$120,281.28 ","$95,535.14 "
27687,AS,,232,"$8,747.34 ","$6,978.09 "
,SG,,275,"$93,420.38 ","$73,013.08 "
,80'S,,244,"$11,149.46 ","$8,814.99 "
,OTHER,,"1,591","$457,074.51 ","$359,427.43 "
,TOTAL,,"2,342","$570,391.69 ","$448,233.59 "
27690,AS,,131,"$8,425.78 ","$6,659.60 "
,SG,,230,"$127,052.28 ","$100,748.58 "
,80'S,,117,"$8,508.02 ","$6,772.26 "
,OTHER,,"1,514","$749,096.51 ","$584,861.88 "
,TOTAL,,"1,992","$893,082.59 ","$699,042.32 "
27691,AS,,295,"$25,892.98 ","$20,619.45 "
,SG,,284,"$166,914.98 ","$130,336.31 "
,80'S,,242,"$23,591.58 ","$18,745.30 "
,OTHER,,"1,900","$1,236,608.42 ","$973,116.36 "
,TOTAL,,"2,721","$1,453,007.96 ","$1,142,817.42 "
27692,AS,,166,"$2,497.48 ","$1,997.94 "
,SG,,47,"$11,895.06 ","$8,871.78 "
,80'S,,43,$776.57 ,$621.23 
,OTHER,,443,"$50,578.77 ","$39,561.69 "
,TOTAL,,699,"$65,747.88 ","$51,052.64 "
27695,AS,,1,$32.21 ,$25.77 
,SG,,80,"$23,778.87 ","$18,231.06 "
,OTHER,,615,"$190,813.10 ","$151,671.87 "
,TOTAL,,696,"$214,624.18 ","$169,928.70 "
27696,SG,,24,"$6,595.81 ","$5,179.88 "
,OTHER,,133,"$63,297.69 ","$49,075.29 "
,TOTAL,,157,"$69,893.50 ","$54,255.17 "
27698,AS,,58,"$4,219.62 ","$3,375.72 "
,SG,,114,"$35,401.26 ","$27,769.65 "
,80'S,,74,"$6,387.28 ","$5,109.83 "
,OTHER,,599,"$329,208.16 ","$255,434.00 "
,TOTAL,,845,"$375,216.32 ","$291,689.20 "
27700,AS,,4,$280.66 ,$224.53 
,SG,,39,"$27,873.63 ","$21,865.35 "
,80'S,,11,$936.04 ,$748.83 
,OTHER,,105,"$52,863.40 ","$42,274.27 "
,TOTAL,,159,"$81,953.73 ","$65,112.98 "
27702,AS,,70,"$9,356.96 ","$7,405.58 "
,80'S,,142,"$21,164.57 ","$16,608.02 "
,OTHER,,521,"$494,773.21 ","$390,173.52 "
,TOTAL,,733,"$525,294.74 ","$414,187.12 "
27703,AS,,11,"$1,668.95 ","$1,335.18 "
,80'S,,17,"$2,904.01 ","$2,323.21 "
,OTHER,,81,"$87,502.35 ","$68,917.53 "
,TOTAL,,109,"$92,075.31 ","$72,575.92 "
27704,AS,,1,$70.68 ,$56.54 
,SG,,28,"$12,477.56 ","$9,652.00 "
,80'S,,3,$163.33 ,$130.66 
,OTHER,,142,"$60,337.20 ","$47,986.33 "
,TOTAL,,174,"$73,048.77 ","$57,825.53 "
27705,AS,,24,"$1,908.36 ","$1,526.71 "
,SG,,7,"$2,253.15 ","$1,802.52 "
,80'S,,43,"$3,501.97 ","$2,708.97 "
,OTHER,,230,"$126,015.51 ","$99,024.60 "
,TOTAL,,304,"$133,678.99 ","$105,062.80 "
27707,SG,,12,"$3,591.73 ","$2,873.37 "
,OTHER,,325,"$68,099.62 ","$53,963.87 "
,TOTAL,,337,"$71,691.35 ","$56,837.24 "
27709,AS,,17,"$1,187.98 ",$950.37 
,SG,,4,"$1,507.72 ","$1,206.17 "
,80'S,,18,"$1,317.54 ","$1,054.03 "
,OTHER,,160,"$81,194.72 ","$62,212.66 "
,TOTAL,,199,"$85,207.96 ","$65,423.23 "
27712,AS,,6,$677.03 ,$541.63 
,80'S,,8,$978.51 ,$782.80 
,OTHER,,31,"$27,188.08 ","$21,467.37 "
,TOTAL,,45,"$28,843.62 ","$22,791.80 "
27715,AS,,11,"$1,373.93 ","$1,099.16 "
,80'S,,7,"$1,064.49 ",$851.60 
,OTHER,,62,"$57,992.63 ","$46,234.11 "
,TOTAL,,80,"$60,431.05 ","$48,184.87 "
27720,AS,,66,"$7,031.79 ","$5,486.08 "
,80'S,,50,"$6,258.38 ","$4,933.16 "
,OTHER,,561,"$429,543.05 ","$336,360.35 "
,TOTAL,,677,"$442,833.22 ","$346,779.59 "
27722,AS,,2,$168.40 ,$134.72 
,80'S,,2,$276.88 ,$221.50 
,OTHER,,26,"$19,805.78 ","$15,844.61 "
,TOTAL,,30,"$20,251.06 ","$16,200.83 "
27724,AS,,68,"$10,916.06 ","$8,732.83 "
,80'S,,54,"$9,593.84 ","$7,369.70 "
,OTHER,,499,"$583,304.55 ","$461,758.37 "
,TOTAL,,621,"$603,814.45 ","$477,860.90 "
27725,AS,,8,"$1,182.13 ",$945.70 
,80'S,,3,$552.76 ,$442.21 
,OTHER,,47,"$48,721.10 ","$38,976.87 "
,TOTAL,,58,"$50,455.99 ","$40,364.78 "
27730,OTHER,,9,"$5,829.37 ","$4,583.38 "
,TOTAL,,9,"$5,829.37 ","$4,583.38 "
27732,OTHER,,1,$710.76 ,$568.61 
,TOTAL,,1,$710.76 ,$568.61 
27734,OTHER,,1,$567.45 ,$413.62 
,TOTAL,,1,$567.45 ,$413.62 
27740,OTHER,,1,$658.98 ,$527.18 
,TOTAL,,1,$658.98 ,$527.18 
27742,OTHER,,3,"$1,945.87 ","$1,518.69 "
,TOTAL,,3,"$1,945.87 ","$1,518.69 "
27745,AS,,11,"$1,040.22 ",$832.17 
,SG,,2,"$1,037.62 ",$830.10 
,80'S,,6,$678.70 ,$542.95 
,OTHER,,91,"$55,565.17 ","$44,452.10 "
,TOTAL,,110,"$58,321.71 ","$46,657.32 "
27750,SG,,1,$330.59 ,$264.47 
,OTHER,,"4,390","$1,271,022.47 ","$999,093.51 "
,TOTAL,,"4,391","$1,271,353.06 ","$999,357.98 "
27752,SG,,11,"$3,300.51 ","$2,640.40 "
,OTHER,,"2,681","$1,178,047.50 ","$935,001.58 "
,TOTAL,,"2,692","$1,181,348.01 ","$937,641.98 "
27756,AS,,22,"$1,489.95 ","$1,185.08 "
,SG,,4,"$1,497.14 ","$1,197.71 "
,80'S,,17,"$1,249.06 ",$999.24 
,OTHER,,293,"$132,545.68 ","$103,874.51 "
,TOTAL,,336,"$136,781.83 ","$107,256.54 "
27758,AS,,195,"$20,759.90 ","$16,344.97 "
,SG,,6,"$3,503.26 ","$2,802.61 "
,80'S,,139,"$16,719.38 ","$13,068.60 "
,OTHER,,"1,671","$1,257,344.69 ","$993,022.63 "
,TOTAL,,"2,011","$1,298,327.23 ","$1,025,238.81 "
27759,AS,,408,"$51,761.29 ","$40,832.47 "
,SG,,1,$628.49 ,$502.79 
,80'S,,241,"$36,136.90 ","$27,915.98 "
,OTHER,,"3,348","$3,073,191.11 ","$2,428,501.94 "
,TOTAL,,"3,998","$3,161,717.79 ","$2,497,753.18 "
27760,SG,,5,"$1,155.23 ",$924.18 
,OTHER,,"3,714","$1,049,189.70 ","$820,569.80 "
,TOTAL,,"3,719","$1,050,344.93 ","$821,493.98 "
27762,SG,,6,"$1,894.30 ","$1,502.84 "
,OTHER,,310,"$122,558.56 ","$96,123.12 "
,TOTAL,,316,"$124,452.86 ","$97,625.96 "
27766,SG,,105,"$50,754.75 ","$39,815.17 "
,OTHER,,"1,554","$862,749.09 ","$676,606.00 "
,TOTAL,,"1,659","$913,503.84 ","$716,421.17 "
27780,OTHER,,"4,083","$1,004,151.28 ","$780,857.18 "
,TOTAL,,"4,083","$1,004,151.28 ","$780,857.18 "
27781,SG,,2,$492.62 ,$394.10 
,OTHER,,194,"$60,583.70 ","$47,793.03 "
,TOTAL,,196,"$61,076.32 ","$48,187.13 "
27784,SG,,11,"$5,050.43 ","$4,040.36 "
,OTHER,,320,"$128,588.82 ","$102,019.74 "
,TOTAL,,331,"$133,639.25 ","$106,060.10 "
27786,SG,,5,"$1,325.12 ","$1,060.10 "
,OTHER,,"28,243","$7,891,765.40 ","$6,123,938.64 "
,TOTAL,,"28,248","$7,893,090.52 ","$6,124,998.74 "
27788,SG,,3,"$1,003.89 ",$803.11 
,OTHER,,"1,654","$625,005.39 ","$490,712.68 "
,TOTAL,,"1,657","$626,009.28 ","$491,515.79 "
27792,AS,,1,$75.51 ,$60.41 
,SG,,337,"$167,632.34 ","$131,127.47 "
,80'S,,1,$44.45 ,$35.56 
,OTHER,,"5,176","$2,758,077.93 ","$2,171,437.26 "
,TOTAL,,"5,515","$2,925,830.23 ","$2,302,660.70 "
27808,SG,,1,$322.71 ,$258.17 
,OTHER,,"4,990","$1,425,886.19 ","$1,114,904.72 "
,TOTAL,,"4,991","$1,426,208.90 ","$1,115,162.89 "
27810,SG,,9,"$3,006.64 ","$2,405.30 "
,OTHER,,"2,229","$893,841.04 ","$706,545.21 "
,TOTAL,,"2,238","$896,847.68 ","$708,950.51 "
27814,AS,,"1,273","$131,990.95 ","$104,660.08 "
,SG,,263,"$131,573.51 ","$103,450.89 "
,80'S,,440,"$52,559.72 ","$41,384.99 "
,OTHER,,"11,708","$8,754,401.47 ","$6,929,180.91 "
,TOTAL,,"13,684","$9,070,525.65 ","$7,178,676.87 "
27816,SG,,1,$350.12 ,$280.10 
,OTHER,,"1,045","$266,106.25 ","$208,141.96 "
,TOTAL,,"1,046","$266,456.37 ","$208,422.06 "
27818,SG,,2,$676.84 ,$541.47 
,OTHER,,"1,512","$593,054.60 ","$469,052.57 "
,TOTAL,,"1,514","$593,731.44 ","$469,594.04 "
27822,AS,,681,"$77,347.35 ","$61,149.88 "
,SG,,101,"$50,512.10 ","$39,536.92 "
,80'S,,268,"$36,261.80 ","$28,503.69 "
,OTHER,,"6,110","$5,087,362.69 ","$4,027,173.72 "
,TOTAL,,"7,160","$5,251,483.94 ","$4,156,364.21 "
27823,AS,,133,"$17,352.99 ","$13,840.21 "
,SG,,17,"$8,311.95 ","$6,345.27 "
,80'S,,49,"$7,829.67 ","$6,220.92 "
,OTHER,,"1,199","$1,131,104.84 ","$893,038.62 "
,TOTAL,,"1,398","$1,164,599.45 ","$919,445.02 "
27824,SG,,1,$330.59 ,$264.47 
,OTHER,,894,"$245,707.27 ","$191,896.89 "
,TOTAL,,895,"$246,037.86 ","$192,161.36 "
27825,AS,,4,$188.05 ,$150.45 
,SG,,3,"$1,132.13 ",$905.71 
,80'S,,1,$74.17 ,$59.34 
,OTHER,,402,"$175,196.77 ","$137,930.89 "
,TOTAL,,410,"$176,591.12 ","$139,046.39 "
27826,AS,,15,"$1,210.77 ",$968.62 
,SG,,3,"$1,261.44 ","$1,009.15 "
,80'S,,4,$374.03 ,$299.23 
,OTHER,,176,"$103,761.82 ","$82,571.93 "
,TOTAL,,198,"$106,608.06 ","$84,848.93 "
27827,AS,,68,"$9,652.37 ","$7,721.89 "
,SG,,13,"$6,459.82 ","$5,139.86 "
,80'S,,48,"$8,128.66 ","$6,487.84 "
,OTHER,,658,"$661,264.96 ","$521,473.30 "
,TOTAL,,787,"$685,505.81 ","$540,822.89 "
27828,AS,,113,"$18,286.92 ","$14,452.32 "
,SG,,6,"$3,797.84 ","$2,019.70 "
,80'S,,61,"$11,600.87 ","$9,196.90 "
,OTHER,,913,"$1,064,654.75 ","$844,066.93 "
,TOTAL,,"1,093","$1,098,340.38 ","$869,735.85 "
27829,AS,,198,"$9,376.25 ","$7,453.67 "
,SG,,53,"$18,440.91 ","$14,025.22 "
,80'S,,71,"$3,635.99 ","$2,845.52 "
,OTHER,,"1,695","$494,066.80 ","$391,375.51 "
,TOTAL,,"2,017","$525,519.95 ","$415,699.92 "
27830,SG,,1,$165.30 ,$132.24 
,OTHER,,33,"$9,835.91 ","$7,730.19 "
,TOTAL,,34,"$10,001.21 ","$7,862.43 "
27831,SG,,1,$323.52 ,$258.82 
,OTHER,,14,"$4,278.30 ","$3,422.65 "
,TOTAL,,15,"$4,601.82 ","$3,681.47 "
27832,AS,,1,$65.02 ,$52.02 
,SG,,2,$648.50 ,$518.80 
,OTHER,,8,"$3,103.81 ","$2,483.05 "
,TOTAL,,11,"$3,817.33 ","$3,053.87 "
27840,SG,,1,$249.28 ,$100.00 
,OTHER,,"2,045","$573,736.12 ","$454,372.99 "
,TOTAL,,"2,046","$573,985.40 ","$454,472.99 "
27842,SG,,4,$998.23 ,$798.59 
,OTHER,,381,"$139,745.11 ","$110,629.19 "
,TOTAL,,385,"$140,743.34 ","$111,427.78 "
27846,AS,,13,"$1,001.97 ",$801.58 
,SG,,1,$416.69 ,$333.35 
,80'S,,7,$567.92 ,$454.32 
,OTHER,,185,"$98,612.44 ","$78,334.12 "
,TOTAL,,206,"$100,599.02 ","$79,923.37 "
27848,AS,,27,"$2,876.64 ","$2,221.28 "
,SG,,6,"$3,101.74 ","$2,481.39 "
,80'S,,16,"$2,024.33 ","$1,619.50 "
,OTHER,,323,"$230,088.18 ","$183,364.66 "
,TOTAL,,372,"$238,090.89 ","$189,686.83 "
27860,AS,,4,$76.06 ,$60.85 
,SG,,12,"$3,279.40 ","$2,623.52 "
,OTHER,,161,"$19,709.08 ","$15,737.49 "
,TOTAL,,177,"$23,064.54 ","$18,421.86 "
27870,AS,,431,"$56,190.64 ","$44,467.92 "
,SG,,83,"$51,495.79 ","$39,895.97 "
,80'S,,376,"$57,892.89 ","$45,622.88 "
,OTHER,,"2,867","$2,732,335.63 ","$2,148,369.38 "
,TOTAL,,"3,757","$2,897,914.95 ","$2,278,356.15 "
27871,AS,,68,"$3,515.86 ","$2,742.72 "
,SG,,9,"$5,038.09 ","$4,030.46 "
,80'S,,58,"$4,423.86 ","$3,539.12 "
,OTHER,,355,"$146,607.96 ","$115,502.84 "
,TOTAL,,490,"$159,585.77 ","$125,815.14 "
27880,AS,,"1,459","$151,134.97 ","$120,207.03 "
,80'S,,959,"$117,969.23 ","$93,433.75 "
,OTHER,,"20,372","$15,041,797.33 ","$11,947,695.07 "
,TOTAL,,"22,790","$15,310,901.53 ","$12,161,335.85 "
27881,AS,,111,"$12,497.48 ","$9,997.89 "
,80'S,,60,"$8,053.36 ","$6,442.67 "
,OTHER,,"1,085","$893,116.32 ","$709,367.68 "
,TOTAL,,"1,256","$913,667.16 ","$725,808.24 "
27882,AS,,9,$764.44 ,$534.30 
,80'S,,9,$962.33 ,$769.88 
,OTHER,,"1,330","$814,186.78 ","$644,543.50 "
,TOTAL,,"1,348","$815,913.55 ","$645,847.68 "
27884,SG,,28,"$13,562.90 ","$10,234.15 "
,OTHER,,"1,036","$514,000.70 ","$405,539.81 "
,TOTAL,,"1,064","$527,563.60 ","$415,773.96 "
27886,OTHER,,"1,857","$1,056,659.10 ","$833,478.59 "
,TOTAL,,"1,857","$1,056,659.10 ","$833,478.59 "
27888,AS,,15,"$1,405.84 ","$1,124.66 "
,80'S,,15,"$1,788.02 ","$1,355.37 "
,OTHER,,249,"$155,963.39 ","$123,545.75 "
,TOTAL,,279,"$159,157.25 ","$126,025.78 "
27889,AS,,1,$99.86 ,$79.89 
,SG,,1,$525.67 ,$420.54 
,OTHER,,150,"$96,963.56 ","$76,553.28 "
,TOTAL,,152,"$97,589.09 ","$77,053.71 "
27892,AS,,3,$137.62 ,$110.09 
,SG,,1,$492.59 ,$394.07 
,80'S,,3,$209.95 ,$167.96 
,OTHER,,132,"$56,328.58 ","$44,875.58 "
,TOTAL,,139,"$57,168.74 ","$45,547.70 "
27893,SG,,1,$478.59 ,$382.87 
,80'S,,1,$49.59 ,$39.67 
,OTHER,,36,"$17,361.88 ","$13,226.47 "
,TOTAL,,38,"$17,890.06 ","$13,649.01 "
27894,AS,,2,$191.02 ,$152.82 
,80'S,,9,$959.35 ,$767.49 
,OTHER,,147,"$97,115.94 ","$77,274.94 "
,TOTAL,,158,"$98,266.31 ","$78,195.25 "
27899,AS,,17,"$2,226.56 ","$1,746.97 "
,80'S,,4,$696.44 ,$557.15 
,OTHER,,343,"$163,926.49 ","$130,333.51 "
,TOTAL,,364,"$166,849.49 ","$132,637.63 "
28001,OTHER,,"7,441","$1,428,254.45 ","$1,115,172.97 "
,TOTAL,,"7,441","$1,428,254.45 ","$1,115,172.97 "
28002,SG,,136,"$62,261.36 ","$48,385.30 "
,OTHER,,"4,715","$1,608,585.38 ","$1,268,538.88 "
,TOTAL,,"4,851","$1,670,846.74 ","$1,316,924.18 "
28003,SG,,40,"$18,184.14 ","$14,263.26 "
,OTHER,,"2,454","$1,272,539.57 ","$1,006,987.63 "
,TOTAL,,"2,494","$1,290,723.71 ","$1,021,250.89 "
28005,SG,,144,"$68,992.82 ","$54,623.70 "
,OTHER,,"4,578","$2,598,205.84 ","$2,057,454.18 "
,TOTAL,,"4,722","$2,667,198.66 ","$2,112,077.88 "
28008,SG,,388,"$167,805.64 ","$132,756.05 "
,OTHER,,"1,307","$370,465.82 ","$291,683.83 "
,TOTAL,,"1,695","$538,271.46 ","$424,439.88 "
28010,OTHER,,"4,541","$1,135,091.47 ","$889,812.52 "
,TOTAL,,"4,541","$1,135,091.47 ","$889,812.52 "
28011,SG,,142,"$48,273.74 ","$38,573.28 "
,OTHER,,839,"$233,013.66 ","$184,271.12 "
,TOTAL,,981,"$281,287.40 ","$222,844.40 "
28020,SG,,49,"$16,059.68 ","$12,766.83 "
,OTHER,,325,"$94,193.89 ","$73,931.60 "
,TOTAL,,374,"$110,253.57 ","$86,698.43 "
28022,SG,,85,"$29,286.63 ","$23,328.06 "
,OTHER,,955,"$280,228.39 ","$220,678.55 "
,TOTAL,,"1,040","$309,515.02 ","$244,006.61 "
28024,SG,,37,"$12,518.52 ","$9,682.60 "
,OTHER,,436,"$142,674.25 ","$112,137.77 "
,TOTAL,,473,"$155,192.77 ","$121,820.37 "
28030,SG,,78,"$41,063.70 ","$32,250.54 "
,80'S,,1,$33.05 ,$26.44 
,OTHER,,258,"$83,040.29 ","$65,007.70 "
,TOTAL,,337,"$124,137.04 ","$97,284.68 "
28035,SG,,712,"$430,252.10 ","$340,341.43 "
,OTHER,,"2,241","$578,101.10 ","$455,246.71 "
,TOTAL,,"2,953","$1,008,353.20 ","$795,588.14 "
28043,SG,,881,"$318,847.30 ","$250,170.00 "
,OTHER,,"3,396","$897,547.97 ","$704,898.75 "
,TOTAL,,"4,277","$1,216,395.27 ","$955,068.75 "
28045,AS,,22,$661.83 ,$494.61 
,SG,,766,"$342,991.64 ","$270,205.89 "
,80'S,,24,"$1,133.93 ",$907.12 
,OTHER,,"3,043","$903,531.58 ","$712,510.46 "
,TOTAL,,"3,855","$1,248,318.98 ","$984,118.08 "
28046,SG,,55,"$26,597.06 ","$21,206.12 "
,OTHER,,419,"$280,078.08 ","$221,878.66 "
,TOTAL,,474,"$306,675.14 ","$243,084.78 "
28050,SG,,20,"$6,461.68 ","$5,169.35 "
,OTHER,,89,"$23,813.50 ","$18,880.20 "
,TOTAL,,109,"$30,275.18 ","$24,049.55 "
28052,SG,,25,"$8,151.05 ","$6,520.83 "
,OTHER,,176,"$40,113.96 ","$32,040.84 "
,TOTAL,,201,"$48,265.01 ","$38,561.67 "
28054,AS,,1,$19.87 ,$15.90 
,SG,,13,"$3,982.11 ","$3,185.68 "
,80'S,,1,$43.63 ,$34.90 
,OTHER,,99,"$23,299.62 ","$18,565.14 "
,TOTAL,,114,"$27,345.23 ","$21,801.62 "
28060,SG,,449,"$162,287.44 ","$127,225.99 "
,OTHER,,"1,649","$541,510.15 ","$425,308.72 "
,TOTAL,,"2,098","$703,797.59 ","$552,534.71 "
28062,SG,,92,"$40,352.18 ","$31,156.57 "
,OTHER,,460,"$187,092.35 ","$146,530.40 "
,TOTAL,,552,"$227,444.53 ","$177,686.97 "
28070,SG,,61,"$22,573.77 ","$17,955.63 "
,OTHER,,200,"$51,261.32 ","$40,877.90 "
,TOTAL,,261,"$73,835.09 ","$58,833.53 "
28072,SG,,58,"$21,363.28 ","$16,973.24 "
,OTHER,,242,"$55,847.62 ","$43,800.26 "
,TOTAL,,300,"$77,210.90 ","$60,773.50 "
28080,AS,,38,"$1,195.38 ",$956.33 
,SG,,"2,846","$1,213,470.71 ","$955,244.07 "
,80'S,,35,"$1,387.14 ","$1,104.22 "
,OTHER,,"7,400","$1,737,839.95 ","$1,357,780.15 "
,TOTAL,,"10,319","$2,953,893.18 ","$2,315,084.77 "
28086,AS,,74,"$3,254.94 ","$2,603.94 "
,SG,,69,"$21,452.83 ","$17,162.27 "
,80'S,,37,"$1,485.94 ","$1,154.82 "
,OTHER,,345,"$88,740.48 ","$70,310.64 "
,TOTAL,,525,"$114,934.19 ","$91,231.67 "
28088,AS,,16,$464.31 ,$371.49 
,SG,,59,"$15,559.34 ","$12,367.51 "
,80'S,,5,$152.40 ,$121.92 
,OTHER,,128,"$25,359.50 ","$19,852.14 "
,TOTAL,,208,"$41,535.55 ","$32,713.06 "
28090,SG,,923,"$420,669.75 ","$330,938.95 "
,OTHER,,"4,012","$1,151,325.86 ","$905,177.30 "
,TOTAL,,"4,935","$1,571,995.61 ","$1,236,116.25 "
28092,SG,,215,"$93,861.46 ","$74,071.53 "
,OTHER,,756,"$208,255.01 ","$164,499.50 "
,TOTAL,,971,"$302,116.47 ","$238,571.03 "
28100,AS,,17,$757.19 ,$591.21 
,SG,,154,"$46,231.99 ","$36,582.52 "
,80'S,,23,"$1,207.64 ",$966.08 
,OTHER,,400,"$136,970.54 ","$108,289.26 "
,TOTAL,,594,"$185,167.36 ","$146,429.07 "
28102,AS,,5,$303.21 ,$242.56 
,SG,,3,"$1,326.13 ","$1,060.90 "
,OTHER,,15,"$5,584.40 ","$4,467.52 "
,TOTAL,,23,"$7,213.74 ","$5,770.98 "
28103,AS,,1,$30.41 ,$24.33 
,SG,,7,"$2,641.03 ","$1,709.44 "
,80'S,,5,$229.05 ,$183.24 
,OTHER,,54,"$18,733.28 ","$14,100.42 "
,TOTAL,,67,"$21,633.77 ","$16,017.43 "
28104,AS,,34,"$1,395.72 ","$1,116.59 "
,SG,,659,"$219,336.49 ","$172,263.22 "
,80'S,,53,"$2,455.66 ","$1,915.81 "
,OTHER,,"1,216","$386,467.98 ","$306,529.15 "
,TOTAL,,"1,962","$609,655.85 ","$481,824.77 "
28106,AS,,1,$31.39 ,$25.11 
,SG,,10,"$3,612.00 ","$2,850.91 "
,80'S,,9,$348.12 ,$278.50 
,OTHER,,67,"$20,413.42 ","$16,113.32 "
,TOTAL,,87,"$24,404.93 ","$19,267.84 "
28107,SG,,9,"$4,304.43 ","$3,234.62 "
,80'S,,1,$72.01 ,$57.61 
,OTHER,,55,"$18,759.52 ","$14,164.62 "
,TOTAL,,65,"$23,135.96 ","$17,456.85 "
28108,OTHER,,"2,527","$748,784.56 ","$586,117.94 "
,TOTAL,,"2,527","$748,784.56 ","$586,117.94 "
28110,SG,,"1,179","$456,891.73 ","$359,728.97 "
,OTHER,,"2,724","$589,454.87 ","$463,293.16 "
,TOTAL,,"3,903","$1,046,346.60 ","$823,022.13 "
28111,SG,,187,"$80,698.58 ","$63,259.57 "
,OTHER,,"1,191","$366,058.47 ","$290,410.49 "
,TOTAL,,"1,378","$446,757.05 ","$353,670.06 "
28112,SG,,"1,183","$412,577.10 ","$325,678.22 "
,OTHER,,"5,663","$1,302,296.93 ","$1,026,014.31 "
,TOTAL,,"6,846","$1,714,874.03 ","$1,351,692.53 "
28113,AS,,28,"$1,055.16 ",$844.16 
,SG,,630,"$249,598.81 ","$197,869.27 "
,80'S,,31,"$1,306.00 ","$1,044.80 "
,OTHER,,"2,652","$839,527.38 ","$661,297.65 "
,TOTAL,,"3,341","$1,091,487.35 ","$861,055.88 "
28114,AS,,82,"$7,382.88 ","$5,738.75 "
,SG,,278,"$97,646.92 ","$77,169.75 "
,80'S,,140,"$15,304.65 ","$11,988.73 "
,OTHER,,"1,481","$1,015,467.28 ","$799,596.64 "
,TOTAL,,"1,981","$1,135,801.73 ","$894,493.87 "
28116,SG,,36,"$14,550.45 ","$11,554.80 "
,OTHER,,117,"$53,461.14 ","$42,412.67 "
,TOTAL,,153,"$68,011.59 ","$53,967.47 "
28118,AS,,59,"$2,490.30 ","$1,992.26 "
,SG,,311,"$190,083.54 ","$150,270.65 "
,80'S,,89,"$4,894.21 ","$3,863.01 "
,OTHER,,"1,620","$555,839.88 ","$437,967.40 "
,TOTAL,,"2,079","$753,307.93 ","$594,093.32 "
28119,SG,,"1,024","$628,749.52 ","$493,665.94 "
,OTHER,,"2,294","$788,094.84 ","$613,654.79 "
,TOTAL,,"3,318","$1,416,844.36 ","$1,107,320.73 "
28120,SG,,428,"$415,006.58 ","$328,332.93 "
,80'S,,2,$80.14 ,$64.11 
,OTHER,,"3,548","$1,228,370.36 ","$970,720.21 "
,TOTAL,,"3,978","$1,643,457.08 ","$1,299,117.25 "
28122,AS,,198,"$12,764.52 ","$10,079.25 "
,SG,,"1,586","$674,771.62 ","$532,690.45 "
,80'S,,355,"$26,484.97 ","$21,063.49 "
,OTHER,,"9,498","$4,389,805.16 ","$3,459,130.55 "
,TOTAL,,"11,637","$5,103,826.27 ","$4,022,963.74 "
28124,OTHER,,"15,553","$5,480,547.58 ","$4,319,035.85 "
,TOTAL,,"15,553","$5,480,547.58 ","$4,319,035.85 "
28126,SG,,706,"$280,407.26 ","$221,016.09 "
,OTHER,,"3,877","$877,300.49 ","$689,277.73 "
,TOTAL,,"4,583","$1,157,707.75 ","$910,293.82 "
28130,AS,,3,$188.11 ,$150.49 
,SG,,2,$743.96 ,$595.17 
,80'S,,11,$867.37 ,$618.77 
,OTHER,,78,"$34,329.98 ","$27,229.18 "
,TOTAL,,94,"$36,129.42 ","$28,593.61 "
28140,SG,,86,"$36,116.86 ","$28,494.05 "
,OTHER,,"1,027","$408,777.78 ","$322,570.00 "
,TOTAL,,"1,113","$444,894.64 ","$351,064.05 "
28150,AS,,1,$41.93 ,$33.54 
,SG,,398,"$177,578.10 ","$141,559.56 "
,OTHER,,"1,584","$419,041.33 ","$330,795.22 "
,TOTAL,,"1,983","$596,661.36 ","$472,388.32 "
28153,SG,,568,"$229,503.35 ","$182,090.24 "
,OTHER,,"4,414","$983,554.35 ","$774,153.50 "
,TOTAL,,"4,982","$1,213,057.70 ","$956,243.74 "
28160,SG,,925,"$353,315.41 ","$278,039.35 "
,OTHER,,"4,149","$979,489.84 ","$772,374.21 "
,TOTAL,,"5,074","$1,332,805.25 ","$1,050,413.56 "
28171,AS,,3,$175.27 ,$140.21 
,SG,,6,"$2,302.15 ","$1,841.72 "
,80'S,,3,$244.45 ,$195.56 
,OTHER,,48,"$26,197.94 ","$20,905.12 "
,TOTAL,,60,"$28,919.81 ","$23,082.61 "
28173,SG,,41,"$15,885.59 ","$12,708.48 "
,OTHER,,327,"$162,546.27 ","$128,586.16 "
,TOTAL,,368,"$178,431.86 ","$141,294.64 "
28175,SG,,69,"$30,244.98 ","$23,912.60 "
,OTHER,,426,"$188,696.88 ","$150,321.24 "
,TOTAL,,495,"$218,941.86 ","$174,233.84 "
28190,OTHER,,"5,801","$1,545,781.47 ","$1,204,024.02 "
,TOTAL,,"5,801","$1,545,781.47 ","$1,204,024.02 "
28192,SG,,199,"$81,214.25 ","$63,672.59 "
,OTHER,,"1,625","$570,031.15 ","$449,136.91 "
,TOTAL,,"1,824","$651,245.40 ","$512,809.50 "
28193,SG,,90,"$49,096.89 ","$38,563.63 "
,OTHER,,710,"$269,738.05 ","$213,142.05 "
,TOTAL,,800,"$318,834.94 ","$251,705.68 "
28200,SG,,131,"$46,310.49 ","$35,964.11 "
,OTHER,,604,"$129,977.19 ","$102,818.06 "
,TOTAL,,735,"$176,287.68 ","$138,782.17 "
28202,AS,,10,$336.81 ,$269.43 
,SG,,32,"$10,164.98 ","$7,624.22 "
,80'S,,8,$419.92 ,$335.92 
,OTHER,,97,"$33,270.00 ","$25,754.89 "
,TOTAL,,147,"$44,191.71 ","$33,984.46 "
28208,SG,,182,"$68,017.37 ","$53,256.38 "
,OTHER,,"1,084","$233,943.64 ","$184,687.80 "
,TOTAL,,"1,266","$301,961.01 ","$237,944.18 "
28210,SG,,19,"$7,502.98 ","$6,002.40 "
,80'S,,6,$345.14 ,$276.11 
,OTHER,,100,"$33,168.99 ","$26,160.57 "
,TOTAL,,125,"$41,017.11 ","$32,439.08 "
28220,OTHER,,875,"$247,508.81 ","$194,673.75 "
,TOTAL,,875,"$247,508.81 ","$194,673.75 "
28222,SG,,21,"$4,096.22 ","$3,263.81 "
,OTHER,,441,"$183,050.17 ","$144,714.48 "
,TOTAL,,462,"$187,146.39 ","$147,978.29 "
28225,SG,,122,"$23,569.52 ","$18,655.61 "
,OTHER,,567,"$105,506.12 ","$83,243.66 "
,TOTAL,,689,"$129,075.64 ","$101,899.27 "
28226,SG,,68,"$13,919.71 ","$11,135.78 "
,OTHER,,168,"$35,772.24 ","$28,386.26 "
,TOTAL,,236,"$49,691.95 ","$39,522.04 "
28230,OTHER,,"3,439","$926,707.77 ","$729,768.47 "
,TOTAL,,"3,439","$926,707.77 ","$729,768.47 "
28232,OTHER,,"7,789","$1,845,924.41 ","$1,456,099.05 "
,TOTAL,,"7,789","$1,845,924.41 ","$1,456,099.05 "
28234,SG,,802,"$207,532.97 ","$164,472.61 "
,OTHER,,"5,941","$1,257,817.00 ","$992,963.52 "
,TOTAL,,"6,743","$1,465,349.97 ","$1,157,436.13 "
28238,AS,,12,$633.57 ,$506.85 
,SG,,129,"$54,914.27 ","$42,911.33 "
,80'S,,41,"$2,574.81 ","$2,059.86 "
,OTHER,,457,"$187,837.24 ","$146,775.50 "
,TOTAL,,639,"$245,959.89 ","$192,253.54 "
28240,SG,,153,"$38,156.58 ","$30,274.83 "
,OTHER,,639,"$138,020.35 ","$109,137.96 "
,TOTAL,,792,"$176,176.93 ","$139,412.79 "
28250,AS,,10,$415.95 ,$290.42 
,SG,,92,"$40,693.86 ","$32,113.62 "
,80'S,,37,"$1,971.39 ","$1,577.12 "
,OTHER,,592,"$205,190.28 ","$159,067.75 "
,TOTAL,,731,"$248,271.48 ","$193,048.91 "
28260,AS,,5,$187.99 ,$150.38 
,SG,,25,"$9,273.36 ","$7,418.69 "
,80'S,,23,"$1,598.54 ","$1,278.81 "
,OTHER,,130,"$52,854.96 ","$41,885.97 "
,TOTAL,,183,"$63,914.85 ","$50,733.85 "
28261,AS,,1,$103.84 ,$83.07 
,SG,,34,"$12,130.43 ","$9,664.54 "
,80'S,,1,$118.10 ,$94.48 
,OTHER,,226,"$158,922.93 ","$124,949.19 "
,TOTAL,,262,"$171,275.30 ","$134,791.28 "
28262,AS,,3,$450.63 ,$360.50 
,SG,,8,"$4,834.02 ","$3,867.22 "
,80'S,,32,"$5,784.86 ","$4,560.60 "
,OTHER,,79,"$88,298.26 ","$67,491.16 "
,TOTAL,,122,"$99,367.77 ","$76,279.48 "
28264,AS,,14,$917.95 ,$734.33 
,SG,,9,"$1,666.36 ","$1,333.11 "
,80'S,,6,$357.72 ,$286.20 
,OTHER,,57,"$32,407.34 ","$24,256.56 "
,TOTAL,,86,"$35,349.37 ","$26,610.20 "
28270,SG,,"4,401","$1,311,574.26 ","$1,038,376.30 "
,OTHER,,"23,054","$6,336,073.56 ","$5,015,918.22 "
,TOTAL,,"27,455","$7,647,647.82 ","$6,054,294.52 "
28272,OTHER,,"5,408","$1,310,774.98 ","$1,036,223.77 "
,TOTAL,,"5,408","$1,310,774.98 ","$1,036,223.77 "
28280,AS,,5,$215.80 ,$172.65 
,SG,,217,"$59,270.31 ","$46,685.94 "
,80'S,,6,$238.07 ,$190.45 
,OTHER,,669,"$206,895.94 ","$162,585.78 "
,TOTAL,,897,"$266,620.12 ","$209,634.82 "
28285,AS,,2,$75.13 ,$19.48 
,SG,,"28,495","$10,608,443.54 ","$8,380,500.21 "
,80'S,,16,$649.56 ,$519.67 
,OTHER,,"87,787","$20,951,379.97 ","$16,514,398.00 "
,TOTAL,,"116,300","$31,560,548.20 ","$24,895,437.36 "
28286,SG,,135,"$77,527.80 ","$61,057.20 "
,OTHER,,504,"$120,565.25 ","$94,574.64 "
,TOTAL,,639,"$198,093.05 ","$155,631.84 "
28288,SG,,"1,494","$593,509.09 ","$469,100.40 "
,OTHER,,"3,746","$1,189,636.40 ","$936,860.12 "
,TOTAL,,"5,240","$1,783,145.49 ","$1,405,960.52 "
28289,AS,,81,"$5,301.78 ","$4,206.81 "
,SG,,887,"$421,966.66 ","$332,996.74 "
,80'S,,79,"$6,693.63 ","$5,322.81 "
,OTHER,,"2,394","$1,230,477.90 ","$968,317.43 "
,TOTAL,,"3,441","$1,664,439.97 ","$1,310,843.79 "
28290,SG,,910,"$323,713.53 ","$256,469.06 "
,OTHER,,"2,488","$1,008,669.89 ","$796,471.55 "
,TOTAL,,"3,398","$1,332,383.42 ","$1,052,940.61 "
28292,AS,,263,"$15,338.62 ","$12,027.92 "
,SG,,"3,966","$1,366,299.23 ","$1,079,616.09 "
,80'S,,779,"$63,760.98 ","$50,407.72 "
,OTHER,,"12,804","$6,286,001.81 ","$4,959,814.23 "
,TOTAL,,"17,812","$7,731,400.64 ","$6,101,865.96 "
28293,AS,,13,"$1,136.23 ",$908.98 
,SG,,814,"$388,150.91 ","$305,987.28 "
,80'S,,262,"$26,386.47 ","$20,800.39 "
,OTHER,,"3,113","$1,906,007.13 ","$1,501,917.32 "
,TOTAL,,"4,202","$2,321,680.74 ","$1,829,613.97 "
28294,AS,,6,$460.48 ,$368.38 
,SG,,69,"$31,704.73 ","$25,334.60 "
,80'S,,19,"$1,759.18 ","$1,407.31 "
,OTHER,,234,"$126,992.46 ","$99,634.26 "
,TOTAL,,328,"$160,916.85 ","$126,744.55 "
28296,AS,,314,"$24,343.09 ","$19,321.68 "
,SG,,"7,437","$3,594,741.94 ","$2,821,724.36 "
,80'S,,"1,257","$125,460.20 ","$98,559.27 "
,OTHER,,"18,685","$11,206,826.59 ","$8,811,419.56 "
,TOTAL,,"27,693","$14,951,371.82 ","$11,751,024.87 "
28297,AS,,74,"$5,410.36 ","$4,251.55 "
,SG,,166,"$75,100.35 ","$59,210.64 "
,80'S,,84,"$7,391.13 ","$5,782.44 "
,OTHER,,881,"$515,273.50 ","$403,966.54 "
,TOTAL,,"1,205","$603,175.34 ","$473,211.17 "
28298,AS,,47,"$2,935.33 ","$2,348.23 "
,SG,,916,"$407,373.02 ","$321,946.97 "
,80'S,,79,"$6,746.00 ","$5,332.50 "
,OTHER,,"2,166","$1,062,807.91 ","$837,030.21 "
,TOTAL,,"3,208","$1,479,862.26 ","$1,166,657.91 "
28299,AS,,59,"$5,254.67 ","$4,128.28 "
,SG,,"1,484","$1,048,933.38 ","$825,460.19 "
,80'S,,204,"$22,457.22 ","$17,298.14 "
,OTHER,,"3,005","$2,018,018.71 ","$1,587,622.32 "
,TOTAL,,"4,752","$3,094,663.98 ","$2,434,508.93 "
28300,AS,,216,"$12,203.24 ","$9,666.05 "
,SG,,162,"$41,436.44 ","$31,387.83 "
,80'S,,229,"$16,781.45 ","$13,157.11 "
,OTHER,,"1,486","$683,613.90 ","$535,515.82 "
,TOTAL,,"2,093","$754,035.03 ","$589,726.81 "
28302,AS,,6,$277.52 ,$222.02 
,SG,,8,"$1,958.18 ","$1,566.55 "
,80'S,,5,$426.35 ,$341.08 
,OTHER,,38,"$15,881.98 ","$12,561.23 "
,TOTAL,,57,"$18,544.03 ","$14,690.88 "
28304,AS,,6,$392.14 ,$313.71 
,SG,,34,"$11,568.45 ","$9,010.95 "
,80'S,,18,"$1,367.86 ","$1,094.30 "
,OTHER,,255,"$123,059.89 ","$96,495.19 "
,TOTAL,,313,"$136,388.34 ","$106,914.15 "
28305,AS,,5,$226.45 ,$181.15 
,SG,,15,"$4,567.29 ","$3,561.46 "
,80'S,,12,$775.60 ,$620.47 
,OTHER,,101,"$43,702.26 ","$34,091.78 "
,TOTAL,,133,"$49,271.60 ","$38,454.86 "
28306,AS,,111,"$3,671.94 ","$2,873.24 "
,SG,,497,"$301,928.32 ","$239,919.93 "
,80'S,,144,"$5,846.01 ","$4,676.71 "
,OTHER,,"1,705","$439,651.57 ","$347,103.80 "
,TOTAL,,"2,457","$751,097.84 ","$594,573.68 "
28307,SG,,25,"$13,124.78 ","$10,450.93 "
,OTHER,,93,"$28,241.91 ","$21,506.58 "
,TOTAL,,118,"$41,366.69 ","$31,957.51 "
28308,AS,,229,"$7,423.54 ","$5,857.19 "
,SG,,"2,641","$712,614.41 ","$563,465.00 "
,80'S,,462,"$19,014.31 ","$15,109.28 "
,OTHER,,"7,904","$2,113,194.79 ","$1,659,627.47 "
,TOTAL,,"11,236","$2,852,247.05 ","$2,244,058.94 "
28309,AS,,1,$87.99 ,$70.39 
,SG,,27,"$16,372.62 ","$13,018.10 "
,80'S,,3,$384.08 ,$307.26 
,OTHER,,73,"$56,588.71 ","$43,989.64 "
,TOTAL,,104,"$73,433.40 ","$57,385.39 "
28310,SG,,542,"$189,742.81 ","$149,886.61 "
,OTHER,,"2,652","$642,107.60 ","$507,472.60 "
,TOTAL,,"3,194","$831,850.41 ","$657,359.21 "
28312,SG,,278,"$99,735.10 ","$78,891.32 "
,OTHER,,698,"$166,730.59 ","$131,789.61 "
,TOTAL,,976,"$266,465.69 ","$210,680.93 "
28313,SG,,512,"$130,124.59 ","$102,243.18 "
,OTHER,,"1,343","$386,354.74 ","$305,412.20 "
,TOTAL,,"1,855","$516,479.33 ","$407,655.38 "
28315,SG,,567,"$346,452.22 ","$273,744.26 "
,OTHER,,"2,155","$577,088.87 ","$455,290.36 "
,TOTAL,,"2,722","$923,541.09 ","$729,034.62 "
28320,AS,,12,$798.43 ,$638.75 
,SG,,13,"$7,252.17 ","$5,801.74 "
,80'S,,12,$911.56 ,$729.25 
,OTHER,,113,"$61,395.77 ","$48,431.99 "
,TOTAL,,150,"$70,357.93 ","$55,601.73 "
28322,AS,,29,"$2,051.98 ","$1,641.60 "
,SG,,97,"$57,265.02 ","$44,409.67 "
,80'S,,25,"$2,038.35 ","$1,630.69 "
,OTHER,,332,"$172,949.75 ","$134,475.34 "
,TOTAL,,483,"$234,305.10 ","$182,157.30 "
28340,SG,,14,"$6,969.94 ","$5,575.97 "
,OTHER,,28,"$12,309.12 ","$9,839.07 "
,TOTAL,,42,"$19,279.06 ","$15,415.04 "
28341,SG,,2,"$1,298.58 ","$1,038.87 "
,OTHER,,61,"$33,067.60 ","$26,426.47 "
,TOTAL,,63,"$34,366.18 ","$27,465.34 "
28344,SG,,1,$629.74 ,$503.79 
,OTHER,,1,$292.56 ,$234.05 
,TOTAL,,2,$922.30 ,$737.84 
28345,AS,,5,$164.80 ,$131.83 
,SG,,37,"$21,164.78 ","$16,809.31 "
,80'S,,3,$134.61 ,$107.69 
,OTHER,,125,"$43,492.97 ","$34,562.32 "
,TOTAL,,170,"$64,957.16 ","$51,611.15 "
28400,SG,,1,$332.07 ,$265.66 
,OTHER,,"3,837","$847,803.47 ","$656,916.28 "
,TOTAL,,"3,838","$848,135.54 ","$657,181.94 "
28405,AS,,2,$53.48 ,$42.78 
,SG,,1,$452.12 ,$361.70 
,OTHER,,184,"$64,159.05 ","$50,208.78 "
,TOTAL,,187,"$64,664.65 ","$50,613.26 "
28406,AS,,1,$66.54 ,$53.23 
,SG,,5,"$2,142.72 ","$1,714.18 "
,OTHER,,106,"$48,950.67 ","$38,532.73 "
,TOTAL,,112,"$51,159.93 ","$40,300.14 "
28415,AS,,79,"$12,431.36 ","$9,817.86 "
,SG,,29,"$13,977.60 ","$10,783.86 "
,80'S,,67,"$12,471.79 ","$9,836.58 "
,OTHER,,777,"$880,003.31 ","$692,469.05 "
,TOTAL,,952,"$918,884.06 ","$722,907.35 "
28420,AS,,6,$871.37 ,$697.09 
,SG,,4,"$2,247.48 ","$1,771.22 "
,80'S,,6,"$1,103.98 ",$809.68 
,OTHER,,51,"$55,469.00 ","$41,868.10 "
,TOTAL,,67,"$59,691.83 ","$45,146.09 "
28430,OTHER,,"1,285","$260,522.97 ","$202,547.30 "
,TOTAL,,"1,285","$260,522.97 ","$202,547.30 "
28435,AS,,2,$36.79 ,$29.43 
,OTHER,,71,"$17,784.86 ","$14,068.03 "
,TOTAL,,73,"$17,821.65 ","$14,097.46 "
28436,SG,,1,$225.98 ,$180.78 
,OTHER,,22,"$6,426.74 ","$4,965.34 "
,TOTAL,,23,"$6,652.72 ","$5,146.12 "
28445,AS,,29,"$3,736.66 ","$2,989.31 "
,SG,,12,"$5,325.91 ","$4,260.72 "
,80'S,,24,"$3,719.40 ","$2,975.51 "
,OTHER,,266,"$236,074.85 ","$186,282.00 "
,TOTAL,,331,"$248,856.82 ","$196,507.54 "
28450,OTHER,,"2,426","$494,406.89 ","$383,067.72 "
,TOTAL,,"2,426","$494,406.89 ","$383,067.72 "
28455,80'S,,1,$23.81 ,$19.05 
,OTHER,,104,"$25,600.98 ","$20,198.18 "
,TOTAL,,105,"$25,624.79 ","$20,217.23 "
28456,SG,,1,$221.59 ,$177.27 
,OTHER,,41,"$7,299.23 ","$5,759.40 "
,TOTAL,,42,"$7,520.82 ","$5,936.67 "
28465,SG,,33,"$13,296.25 ","$9,847.81 "
,OTHER,,279,"$112,178.64 ","$88,320.93 "
,TOTAL,,312,"$125,474.89 ","$98,168.74 "
28470,OTHER,,"38,894","$7,532,570.63 ","$5,860,193.65 "
,TOTAL,,"38,894","$7,532,570.63 ","$5,860,193.65 "
28475,OTHER,,"1,475","$364,572.01 ","$286,148.19 "
,TOTAL,,"1,475","$364,572.01 ","$286,148.19 "
28476,AS,,2,$70.60 ,$56.48 
,SG,,42,"$15,781.07 ","$12,464.85 "
,80'S,,2,$73.47 ,$58.77 
,OTHER,,392,"$92,192.83 ","$72,405.46 "
,TOTAL,,438,"$108,117.97 ","$84,985.56 "
28485,SG,,444,"$265,059.26 ","$209,010.08 "
,OTHER,,"1,878","$688,469.26 ","$543,079.58 "
,TOTAL,,"2,322","$953,528.52 ","$752,089.66 "
28490,OTHER,,"5,573","$617,489.25 ","$473,040.01 "
,TOTAL,,"5,573","$617,489.25 ","$473,040.01 "
28495,AS,,1,$18.62 ,$14.90 
,OTHER,,655,"$99,382.10 ","$77,103.25 "
,TOTAL,,656,"$99,400.72 ","$77,118.15 "
28496,SG,,37,"$11,042.39 ","$8,833.86 "
,OTHER,,129,"$22,586.81 ","$17,488.54 "
,TOTAL,,166,"$33,629.20 ","$26,322.40 "
28505,SG,,51,"$24,257.98 ","$19,087.31 "
,OTHER,,425,"$131,948.60 ","$104,349.99 "
,TOTAL,,476,"$156,206.58 ","$123,437.30 "
28510,OTHER,,"12,421","$1,335,449.29 ","$1,027,293.64 "
,TOTAL,,"12,421","$1,335,449.29 ","$1,027,293.64 "
28515,OTHER,,"1,822","$250,276.39 ","$193,660.30 "
,TOTAL,,"1,822","$250,276.39 ","$193,660.30 "
28525,AS,,1,$41.28 ,$33.02 
,SG,,46,"$21,932.72 ","$17,392.76 "
,80'S,,3,$141.03 ,$112.83 
,OTHER,,324,"$84,985.11 ","$66,476.24 "
,TOTAL,,374,"$107,100.14 ","$84,014.85 "
28530,OTHER,,156,"$17,691.61 ","$13,689.04 "
,TOTAL,,156,"$17,691.61 ","$13,689.04 "
28531,SG,,6,"$2,630.53 ","$2,104.41 "
,OTHER,,12,"$2,584.02 ","$2,067.21 "
,TOTAL,,18,"$5,214.55 ","$4,171.62 "
28540,OTHER,,131,"$22,173.11 ","$17,518.54 "
,TOTAL,,131,"$22,173.11 ","$17,518.54 "
28545,SG,,3,$483.51 ,$386.82 
,OTHER,,31,"$5,277.58 ","$4,222.06 "
,TOTAL,,34,"$5,761.09 ","$4,608.88 "
28546,SG,,2,$689.96 ,$551.96 
,OTHER,,27,"$5,463.21 ","$4,370.57 "
,TOTAL,,29,"$6,153.17 ","$4,922.53 "
28555,AS,,28,"$1,002.53 ",$801.97 
,SG,,4,$977.39 ,$781.91 
,80'S,,5,$195.65 ,$156.52 
,OTHER,,138,"$45,715.07 ","$36,329.38 "
,TOTAL,,175,"$47,890.64 ","$38,069.78 "
28570,OTHER,,72,"$10,743.88 ","$8,396.04 "
,TOTAL,,72,"$10,743.88 ","$8,396.04 "
28575,AS,,5,$156.51 ,$123.75 
,SG,,1,$314.58 ,$251.66 
,OTHER,,50,"$11,883.26 ","$9,294.84 "
,TOTAL,,56,"$12,354.35 ","$9,670.25 "
28576,SG,,1,$481.87 ,$385.50 
,OTHER,,33,"$9,794.01 ","$7,776.94 "
,TOTAL,,34,"$10,275.88 ","$8,162.44 "
28585,AS,,23,"$1,101.80 ",$879.24 
,SG,,33,"$11,501.76 ","$8,631.05 "
,80'S,,17,"$1,136.35 ",$826.37 
,OTHER,,171,"$71,082.74 ","$55,884.98 "
,TOTAL,,244,"$84,822.65 ","$66,221.64 "
28600,OTHER,,157,"$26,986.54 ","$20,813.11 "
,TOTAL,,157,"$26,986.54 ","$20,813.11 "
28605,AS,,2,$36.24 ,$29.00 
,SG,,1,$320.04 ,$256.03 
,80'S,,1,$18.11 ,$14.49 
,OTHER,,88,"$17,932.57 ","$14,093.37 "
,TOTAL,,92,"$18,306.96 ","$14,392.89 "
28606,SG,,8,"$2,857.25 ","$2,285.80 "
,OTHER,,152,"$46,487.53 ","$35,480.46 "
,TOTAL,,160,"$49,344.78 ","$37,766.26 "
28615,AS,,98,"$6,137.23 ","$4,903.49 "
,SG,,33,"$11,983.42 ","$9,586.75 "
,80'S,,48,"$3,683.34 ","$2,857.09 "
,OTHER,,678,"$329,827.26 ","$260,174.50 "
,TOTAL,,857,"$351,631.25 ","$277,521.83 "
28630,OTHER,,263,"$27,153.11 ","$20,901.15 "
,TOTAL,,263,"$27,153.11 ","$20,901.15 "
28635,SG,,17,"$3,825.42 ","$3,060.32 "
,80'S,,3,$44.09 ,$35.28 
,OTHER,,159,"$18,569.88 ","$14,376.73 "
,TOTAL,,179,"$22,439.39 ","$17,472.33 "
28636,SG,,10,"$4,103.53 ","$3,282.82 "
,OTHER,,90,"$14,410.35 ","$11,528.26 "
,TOTAL,,100,"$18,513.88 ","$14,811.08 "
28645,SG,,295,"$104,243.28 ","$83,043.43 "
,OTHER,,"1,018","$188,536.48 ","$148,991.59 "
,TOTAL,,"1,313","$292,779.76 ","$232,035.02 "
28660,OTHER,,689,"$61,093.31 ","$46,844.50 "
,TOTAL,,689,"$61,093.31 ","$46,844.50 "
28665,SG,,20,"$3,396.28 ","$2,717.05 "
,80'S,,12,$137.28 ,$109.80 
,OTHER,,263,"$31,493.92 ","$24,267.64 "
,TOTAL,,295,"$35,027.48 ","$27,094.49 "
28666,SG,,19,"$6,295.80 ","$5,036.62 "
,OTHER,,132,"$14,230.50 ","$10,965.05 "
,TOTAL,,151,"$20,526.30 ","$16,001.67 "
28675,SG,,41,"$15,169.48 ","$11,947.21 "
,OTHER,,149,"$29,158.48 ","$22,818.96 "
,TOTAL,,190,"$44,327.96 ","$34,766.17 "
28705,AS,,37,"$6,240.17 ","$4,969.32 "
,SG,,7,"$4,458.18 ","$3,493.59 "
,80'S,,55,"$10,825.06 ","$8,343.18 "
,OTHER,,334,"$410,083.13 ","$325,122.34 "
,TOTAL,,433,"$431,606.54 ","$341,928.43 "
28715,AS,,201,"$24,707.40 ","$19,515.64 "
,SG,,60,"$36,826.06 ","$28,548.82 "
,80'S,,294,"$41,165.49 ","$32,532.85 "
,OTHER,,"1,686","$1,516,540.21 ","$1,190,966.50 "
,TOTAL,,"2,241","$1,619,239.16 ","$1,271,563.81 "
28725,AS,,218,"$19,727.08 ","$15,465.60 "
,SG,,146,"$87,319.02 ","$68,565.42 "
,80'S,,262,"$27,620.37 ","$21,790.14 "
,OTHER,,"2,082","$1,438,438.76 ","$1,133,866.92 "
,TOTAL,,"2,708","$1,573,105.23 ","$1,239,688.08 "
28730,AS,,142,"$13,259.60 ","$10,599.55 "
,SG,,126,"$73,582.37 ","$57,975.02 "
,80'S,,167,"$17,429.59 ","$13,459.10 "
,OTHER,,"1,314","$907,823.14 ","$710,415.32 "
,TOTAL,,"1,749","$1,012,094.70 ","$792,448.99 "
28735,AS,,32,"$3,181.51 ","$2,545.23 "
,SG,,27,"$14,208.53 ","$11,366.81 "
,80'S,,44,"$4,256.38 ","$3,405.08 "
,OTHER,,247,"$164,911.85 ","$130,255.28 "
,TOTAL,,350,"$186,558.27 ","$147,572.40 "
28737,AS,,14,$888.60 ,$710.89 
,SG,,52,"$35,668.05 ","$27,988.01 "
,80'S,,23,"$1,565.72 ","$1,196.23 "
,OTHER,,180,"$88,698.11 ","$69,888.13 "
,TOTAL,,269,"$126,820.48 ","$99,783.26 "
28740,AS,,202,"$12,158.00 ","$9,643.48 "
,SG,,276,"$152,575.61 ","$120,000.12 "
,80'S,,185,"$12,060.05 ","$9,504.03 "
,OTHER,,"1,611","$692,964.54 ","$544,792.67 "
,TOTAL,,"2,274","$869,758.20 ","$683,940.30 "
28750,AS,,93,"$5,913.42 ","$4,643.52 "
,SG,,"1,088","$664,584.23 ","$524,760.34 "
,80'S,,84,"$6,012.74 ","$4,718.19 "
,OTHER,,"4,133","$1,995,856.87 ","$1,572,197.01 "
,TOTAL,,"5,398","$2,672,367.26 ","$2,106,319.06 "
28755,SG,,596,"$345,211.31 ","$272,314.99 "
,80'S,,1,$25.86 ,$20.69 
,OTHER,,"1,977","$510,457.48 ","$400,411.87 "
,TOTAL,,"2,574","$855,694.65 ","$672,747.55 "
28760,AS,,10,$548.20 ,$438.55 
,SG,,101,"$60,799.99 ","$48,574.07 "
,80'S,,34,"$2,677.07 ","$2,141.64 "
,OTHER,,429,"$207,001.34 ","$164,065.63 "
,TOTAL,,574,"$271,026.60 ","$215,219.89 "
28800,AS,,35,"$2,534.80 ","$1,963.89 "
,80'S,,40,"$3,366.24 ","$2,693.03 "
,OTHER,,"1,127","$575,465.93 ","$455,885.22 "
,TOTAL,,"1,202","$581,366.97 ","$460,542.14 "
28805,AS,,67,"$4,852.51 ","$3,825.33 "
,80'S,,67,"$5,899.96 ","$4,630.21 "
,OTHER,,"7,067","$3,695,916.25 ","$2,930,408.92 "
,TOTAL,,"7,201","$3,706,668.72 ","$2,938,864.46 "
28810,AS,,79,"$3,839.11 ","$3,071.27 "
,SG,,394,"$157,683.93 ","$123,722.30 "
,80'S,,86,"$4,705.46 ","$3,764.41 "
,OTHER,,"18,780","$6,920,633.56 ","$5,493,054.28 "
,TOTAL,,"19,339","$7,086,862.06 ","$5,623,612.26 "
28820,SG,,"1,456","$586,720.80 ","$463,691.67 "
,OTHER,,"21,983","$6,375,795.90 ","$5,049,565.77 "
,TOTAL,,"23,439","$6,962,516.70 ","$5,513,257.44 "
28825,SG,,"1,014","$407,488.15 ","$321,157.82 "
,OTHER,,"9,190","$2,337,619.29 ","$1,849,854.73 "
,TOTAL,,"10,204","$2,745,107.44 ","$2,171,012.55 "
28899,AS,,5,$287.79 ,$230.24 
,80'S,,9,$692.34 ,$553.88 
,OTHER,,"2,545","$305,825.54 ","$241,042.95 "
,TOTAL,,"2,559","$306,805.67 ","$241,827.07 "
29000,OTHER,,32,"$3,747.52 ","$2,986.93 "
,TOTAL,,32,"$3,747.52 ","$2,986.93 "
29010,OTHER,,11,"$1,521.41 ","$1,217.12 "
,TOTAL,,11,"$1,521.41 ","$1,217.12 "
29015,OTHER,,15,"$1,921.42 ","$1,490.95 "
,TOTAL,,15,"$1,921.42 ","$1,490.95 "
29020,OTHER,,9,"$1,108.62 ",$841.15 
,TOTAL,,9,"$1,108.62 ",$841.15 
29025,OTHER,,6,$688.65 ,$550.93 
,TOTAL,,6,$688.65 ,$550.93 
29035,OTHER,,17,"$3,220.57 ","$2,576.45 "
,TOTAL,,17,"$3,220.57 ","$2,576.45 "
29040,OTHER,,2,$194.00 ,$155.20 
,TOTAL,,2,$194.00 ,$155.20 
29044,OTHER,,12,"$2,145.74 ","$1,701.18 "
,TOTAL,,12,"$2,145.74 ","$1,701.18 "
29046,OTHER,,17,"$2,115.09 ","$1,612.07 "
,TOTAL,,17,"$2,115.09 ","$1,612.07 "
29049,OTHER,,26,"$1,745.25 ","$1,280.65 "
,TOTAL,,26,"$1,745.25 ","$1,280.65 "
29055,OTHER,,43,"$5,326.63 ","$4,150.68 "
,TOTAL,,43,"$5,326.63 ","$4,150.68 "
29058,OTHER,,109,"$7,705.98 ","$6,075.26 "
,TOTAL,,109,"$7,705.98 ","$6,075.26 "
29065,OTHER,,"13,093","$1,039,688.36 ","$804,035.02 "
,TOTAL,,"13,093","$1,039,688.36 ","$804,035.02 "
29075,OTHER,,"70,241","$5,211,002.44 ","$4,009,878.39 "
,TOTAL,,"70,241","$5,211,002.44 ","$4,009,878.39 "
29085,OTHER,,"5,879","$458,468.71 ","$351,412.24 "
,TOTAL,,"5,879","$458,468.71 ","$351,412.24 "
29086,OTHER,,148,"$7,782.20 ","$5,941.35 "
,TOTAL,,148,"$7,782.20 ","$5,941.35 "
29105,OTHER,,"17,126","$1,127,162.47 ","$870,521.88 "
,TOTAL,,"17,126","$1,127,162.47 ","$870,521.88 "
29125,OTHER,,"67,799","$3,174,715.16 ","$2,431,584.91 "
,TOTAL,,"67,799","$3,174,715.16 ","$2,431,584.91 "
29126,OTHER,,"1,047","$67,585.67 ","$52,649.27 "
,TOTAL,,"1,047","$67,585.67 ","$52,649.27 "
29130,OTHER,,"13,201","$390,206.24 ","$295,359.81 "
,TOTAL,,"13,201","$390,206.24 ","$295,359.81 "
29131,OTHER,,581,"$22,674.62 ","$17,250.81 "
,TOTAL,,581,"$22,674.62 ","$17,250.81 "
29200,OTHER,,796,"$38,265.31 ","$29,906.49 "
,TOTAL,,796,"$38,265.31 ","$29,906.49 "
29220,OTHER,,"2,831","$140,023.34 ","$111,189.78 "
,TOTAL,,"2,831","$140,023.34 ","$111,189.78 "
29240,OTHER,,"7,194","$378,487.14 ","$297,081.61 "
,TOTAL,,"7,194","$378,487.14 ","$297,081.61 "
29260,OTHER,,"6,291","$238,999.99 ","$185,331.22 "
,TOTAL,,"6,291","$238,999.99 ","$185,331.22 "
29280,OTHER,,"4,581","$170,930.39 ","$133,298.15 "
,TOTAL,,"4,581","$170,930.39 ","$133,298.15 "
29305,AS,,2,$63.97 ,$51.18 
,OTHER,,49,"$7,114.53 ","$5,690.65 "
,TOTAL,,51,"$7,178.50 ","$5,741.83 "
29325,OTHER,,16,"$2,831.40 ","$2,265.13 "
,TOTAL,,16,"$2,831.40 ","$2,265.13 "
29345,OTHER,,"3,799","$422,328.15 ","$328,508.81 "
,TOTAL,,"3,799","$422,328.15 ","$328,508.81 "
29355,OTHER,,710,"$86,208.64 ","$66,944.23 "
,TOTAL,,710,"$86,208.64 ","$66,944.23 "
29358,OTHER,,116,"$12,725.83 ","$10,061.24 "
,TOTAL,,116,"$12,725.83 ","$10,061.24 "
29365,OTHER,,"1,405","$142,630.53 ","$110,255.76 "
,TOTAL,,"1,405","$142,630.53 ","$110,255.76 "
29405,OTHER,,"48,861","$3,735,928.87 ","$2,865,374.04 "
,TOTAL,,"48,861","$3,735,928.87 ","$2,865,374.04 "
29425,OTHER,,"33,878","$2,867,302.54 ","$2,201,288.20 "
,TOTAL,,"33,878","$2,867,302.54 ","$2,201,288.20 "
29435,OTHER,,525,"$52,671.92 ","$40,446.41 "
,TOTAL,,525,"$52,671.92 ","$40,446.41 "
29440,OTHER,,198,"$7,583.34 ","$5,838.53 "
,TOTAL,,198,"$7,583.34 ","$5,838.53 "
29445,OTHER,,"9,888","$1,309,815.10 ","$1,014,063.25 "
,TOTAL,,"9,888","$1,309,815.10 ","$1,014,063.25 "
29450,OTHER,,364,"$38,878.71 ","$30,090.17 "
,TOTAL,,364,"$38,878.71 ","$30,090.17 "
29505,OTHER,,"6,579","$321,959.61 ","$248,759.57 "
,TOTAL,,"6,579","$321,959.61 ","$248,759.57 "
29515,OTHER,,"41,321","$2,071,541.84 ","$1,591,374.25 "
,TOTAL,,"41,321","$2,071,541.84 ","$1,591,374.25 "
29520,OTHER,,986,"$38,400.01 ","$30,582.64 "
,TOTAL,,986,"$38,400.01 ","$30,582.64 "
29530,OTHER,,"12,202","$549,172.71 ","$431,445.23 "
,TOTAL,,"12,202","$549,172.71 ","$431,445.23 "
29540,OTHER,,"247,596","$7,435,520.50 ","$5,739,568.45 "
,TOTAL,,"247,596","$7,435,520.50 ","$5,739,568.45 "
29550,OTHER,,"69,959","$2,008,288.80 ","$1,548,612.41 "
,TOTAL,,"69,959","$2,008,288.80 ","$1,548,612.41 "
29580,OTHER,,"411,017","$17,766,230.11 ","$13,725,131.48 "
,TOTAL,,"411,017","$17,766,230.11 ","$13,725,131.48 "
29590,OTHER,,"6,330","$271,820.68 ","$208,201.15 "
,TOTAL,,"6,330","$271,820.68 ","$208,201.15 "
29700,OTHER,,"3,221","$151,329.07 ","$117,176.22 "
,TOTAL,,"3,221","$151,329.07 ","$117,176.22 "
29705,OTHER,,"2,406","$136,293.44 ","$104,775.82 "
,TOTAL,,"2,406","$136,293.44 ","$104,775.82 "
29710,OTHER,,7,$683.08 ,$546.46 
,TOTAL,,7,$683.08 ,$546.46 
29715,OTHER,,5,$400.05 ,$320.04 
,TOTAL,,5,$400.05 ,$320.04 
29720,OTHER,,261,"$15,635.24 ","$12,027.61 "
,TOTAL,,261,"$15,635.24 ","$12,027.61 "
29730,OTHER,,660,"$34,153.02 ","$26,778.98 "
,TOTAL,,660,"$34,153.02 ","$26,778.98 "
29740,OTHER,,219,"$16,564.11 ","$12,698.54 "
,TOTAL,,219,"$16,564.11 ","$12,698.54 "
29750,OTHER,,12,$884.08 ,$707.27 
,TOTAL,,12,$884.08 ,$707.27 
29799,80'S,,1,$177.21 ,$141.77 
,OTHER,,"2,959","$127,667.67 ","$101,225.56 "
,TOTAL,,"2,960","$127,844.88 ","$101,367.33 "
29800,AS,,3,$189.04 ,$151.24 
,SG,,12,"$5,614.46 ","$4,110.42 "
,OTHER,,24,"$9,333.81 ","$7,467.08 "
,TOTAL,,39,"$15,137.31 ","$11,728.74 "
29804,AS,,2,$128.43 ,$102.75 
,SG,,8,"$3,696.96 ","$2,957.56 "
,80'S,,9,$817.92 ,$654.35 
,OTHER,,106,"$68,076.49 ","$53,360.37 "
,TOTAL,,125,"$72,719.80 ","$57,075.03 "
29805,SG,,149,"$47,477.71 ","$37,475.53 "
,OTHER,,"1,135","$307,840.18 ","$243,929.18 "
,TOTAL,,"1,284","$355,317.89 ","$281,404.71 "
29806,SG,,147,"$55,532.14 ","$42,469.41 "
,OTHER,,699,"$686,291.01 ","$537,647.90 "
,TOTAL,,846,"$741,823.15 ","$580,117.31 "
29807,AS,,1,$128.24 ,$102.59 
,SG,,663,"$202,652.75 ","$158,477.71 "
,OTHER,,"3,065","$2,871,938.27 ","$2,246,171.10 "
,TOTAL,,"3,729","$3,074,719.26 ","$2,404,751.40 "
29819,SG,,165,"$49,470.72 ","$39,141.20 "
,OTHER,,750,"$159,392.79 ","$127,114.51 "
,TOTAL,,915,"$208,863.51 ","$166,255.71 "
29820,AS,,72,"$2,219.62 ","$1,772.88 "
,SG,,112,"$35,077.40 ","$27,790.03 "
,80'S,,37,$970.54 ,$776.43 
,OTHER,,779,"$152,767.74 ","$119,580.83 "
,TOTAL,,"1,000","$191,035.30 ","$149,920.17 "
29821,AS,,97,"$3,045.25 ","$2,397.12 "
,SG,,139,"$41,831.12 ","$33,165.66 "
,80'S,,71,"$2,260.22 ","$1,808.12 "
,OTHER,,884,"$172,168.06 ","$136,120.84 "
,TOTAL,,"1,191","$219,304.65 ","$173,491.74 "
29822,AS,,"1,416","$40,501.83 ","$32,263.61 "
,SG,,"1,467","$419,318.87 ","$331,361.79 "
,80'S,,424,"$15,156.25 ","$11,734.17 "
,OTHER,,"8,684","$1,705,814.89 ","$1,348,884.53 "
,TOTAL,,"11,991","$2,180,791.84 ","$1,724,244.10 "
29823,AS,,"3,006","$85,515.12 ","$67,785.10 "
,SG,,"3,250","$976,569.68 ","$771,662.45 "
,80'S,,"1,189","$42,933.23 ","$34,053.78 "
,OTHER,,"14,844","$3,488,922.78 ","$2,755,432.34 "
,TOTAL,,"22,289","$4,593,940.81 ","$3,628,933.67 "
29824,AS,,"4,668","$105,938.09 ","$84,212.32 "
,SG,,"6,155","$3,405,846.13 ","$2,679,062.16 "
,80'S,,"1,476","$42,030.76 ","$32,955.94 "
,OTHER,,"21,336","$3,742,837.75 ","$2,950,351.72 "
,TOTAL,,"33,635","$7,296,652.73 ","$5,746,582.14 "
29825,AS,,120,"$4,826.16 ","$3,777.21 "
,SG,,165,"$64,237.12 ","$50,284.29 "
,80'S,,84,"$3,655.02 ","$2,861.93 "
,OTHER,,"1,018","$293,312.81 ","$229,814.12 "
,TOTAL,,"1,387","$366,031.11 ","$286,737.55 "
29826,AS,,"9,350","$595,439.89 ","$471,685.51 "
,SG,,"12,459","$3,966,508.86 ","$3,126,388.39 "
,80'S,,"3,395","$244,668.80 ","$192,524.51 "
,OTHER,,"49,591","$23,396,367.14 ","$18,369,981.29 "
,TOTAL,,"74,795","$28,202,984.69 ","$22,160,579.70 "
29827,AS,,"4,108","$592,627.46 ","$470,826.99 "
,SG,,"5,228","$3,580,329.73 ","$2,828,883.67 "
,80'S,,"1,948","$326,760.73 ","$257,645.36 "
,OTHER,,"18,256","$19,014,830.18 ","$14,972,688.03 "
,TOTAL,,"29,540","$23,514,548.10 ","$18,530,044.05 "
29830,SG,,3,"$1,477.18 ","$1,181.75 "
,OTHER,,17,"$5,215.17 ","$4,093.14 "
,TOTAL,,20,"$6,692.35 ","$5,274.89 "
29834,AS,,13,$625.60 ,$500.49 
,SG,,56,"$22,054.35 ","$17,401.96 "
,80'S,,13,$499.51 ,$399.59 
,OTHER,,145,"$32,867.49 ","$25,765.38 "
,TOTAL,,227,"$56,046.95 ","$44,067.42 "
29835,AS,,3,$128.54 ,$102.84 
,SG,,13,"$4,852.67 ","$3,882.13 "
,80'S,,5,$327.60 ,$262.09 
,OTHER,,51,"$20,086.78 ","$15,669.43 "
,TOTAL,,72,"$25,395.59 ","$19,916.49 "
29836,AS,,6,$403.88 ,$323.11 
,SG,,13,"$5,106.55 ","$4,005.25 "
,80'S,,3,$269.00 ,$215.19 
,OTHER,,43,"$14,772.37 ","$11,817.91 "
,TOTAL,,65,"$20,551.80 ","$16,361.46 "
29837,AS,,9,$539.97 ,$431.98 
,SG,,21,"$9,628.57 ","$7,702.86 "
,80'S,,6,$433.96 ,$347.17 
,OTHER,,90,"$40,439.67 ","$29,420.41 "
,TOTAL,,126,"$51,042.17 ","$37,902.42 "
29838,AS,,6,$450.45 ,$338.71 
,SG,,36,"$17,002.54 ","$13,343.87 "
,80'S,,3,$247.60 ,$198.08 
,OTHER,,187,"$100,554.66 ","$78,666.88 "
,TOTAL,,232,"$118,255.25 ","$92,547.54 "
29840,AS,,2,$85.80 ,$68.64 
,SG,,19,"$8,202.25 ","$6,561.79 "
,80'S,,1,$37.64 ,$30.11 
,OTHER,,77,"$23,943.47 ","$18,898.32 "
,TOTAL,,99,"$32,269.16 ","$25,558.86 "
29843,AS,,1,$61.73 ,$49.38 
,SG,,3,"$1,238.50 ",$990.80 
,OTHER,,39,"$16,213.57 ","$12,864.27 "
,TOTAL,,43,"$17,513.80 ","$13,904.45 "
29844,AS,,9,$545.73 ,$436.57 
,SG,,41,"$16,052.08 ","$12,580.29 "
,80'S,,7,$485.64 ,$388.50 
,OTHER,,158,"$55,511.26 ","$43,578.70 "
,TOTAL,,215,"$72,594.71 ","$56,984.06 "
29845,AS,,6,$425.59 ,$340.45 
,SG,,29,"$13,419.95 ","$10,570.95 "
,80'S,,4,$323.62 ,$258.89 
,OTHER,,122,"$61,811.86 ","$47,495.26 "
,TOTAL,,161,"$75,981.02 ","$58,665.55 "
29846,AS,,18,"$1,059.61 ",$847.69 
,SG,,340,"$156,397.06 ","$123,789.81 "
,80'S,,12,$767.75 ,$573.20 
,OTHER,,825,"$345,116.46 ","$270,560.09 "
,TOTAL,,"1,195","$503,340.88 ","$395,770.79 "
29847,AS,,5,$253.00 ,$202.41 
,SG,,9,"$3,305.47 ","$2,644.37 "
,80'S,,2,$160.02 ,$128.02 
,OTHER,,49,"$18,749.35 ","$14,909.55 "
,TOTAL,,65,"$22,467.84 ","$17,884.35 "
29848,SG,,"6,310","$8,393,939.22 ","$6,634,137.20 "
,OTHER,,"15,693","$6,485,418.26 ","$5,108,586.09 "
,TOTAL,,"22,003","$14,879,357.48 ","$11,742,723.29 "
29850,SG,,1,$305.30 ,$244.24 
,OTHER,,42,"$8,542.94 ","$6,691.53 "
,TOTAL,,43,"$8,848.24 ","$6,935.77 "
29851,AS,,2,$261.39 ,$209.11 
,SG,,1,$629.28 ,$503.42 
,OTHER,,14,"$12,530.33 ","$9,944.26 "
,TOTAL,,17,"$13,421.00 ","$10,656.79 "
29855,AS,,22,"$2,172.83 ","$1,738.27 "
,SG,,11,"$6,022.83 ","$4,812.42 "
,80'S,,8,$935.46 ,$748.37 
,OTHER,,166,"$119,615.13 ","$93,330.24 "
,TOTAL,,207,"$128,746.25 ","$100,629.30 "
29856,AS,,5,$674.14 ,$539.31 
,80'S,,1,$160.52 ,$128.42 
,OTHER,,25,"$24,058.33 ","$19,236.59 "
,TOTAL,,31,"$24,892.99 ","$19,904.32 "
29860,SG,,4,"$1,955.31 ","$1,564.24 "
,80'S,,1,$83.02 ,$66.42 
,OTHER,,38,"$21,345.64 ","$16,352.77 "
,TOTAL,,43,"$23,383.97 ","$17,983.43 "
29861,AS,,5,$208.58 ,$166.85 
,SG,,8,"$3,574.59 ","$2,859.66 "
,80'S,,2,$62.63 ,$50.11 
,OTHER,,44,"$12,900.10 ","$10,105.24 "
,TOTAL,,59,"$16,745.90 ","$13,181.86 "
29862,AS,,25,"$2,417.33 ","$1,933.86 "
,SG,,20,"$26,626.11 ","$20,786.94 "
,80'S,,22,"$2,295.59 ","$1,836.44 "
,OTHER,,258,"$184,113.55 ","$143,955.16 "
,TOTAL,,325,"$215,452.58 ","$168,512.40 "
29863,AS,,10,$535.72 ,$428.59 
,SG,,5,"$2,534.05 ","$1,859.17 "
,80'S,,15,"$1,683.13 ","$1,307.79 "
,OTHER,,105,"$44,182.68 ","$35,204.33 "
,TOTAL,,135,"$48,935.58 ","$38,799.88 "
29870,SG,,320,"$126,250.83 ","$100,456.75 "
,80'S,,4,$287.95 ,$230.37 
,OTHER,,"2,063","$562,458.62 ","$441,145.29 "
,TOTAL,,"2,387","$688,997.40 ","$541,832.41 "
29871,SG,,66,"$30,684.35 ","$24,166.60 "
,OTHER,,"3,014","$1,257,174.18 ","$998,120.06 "
,TOTAL,,"3,080","$1,287,858.53 ","$1,022,286.66 "
29873,OTHER,,"2,819","$894,681.72 ","$697,955.28 "
,TOTAL,,"2,819","$894,681.72 ","$697,955.28 "
29874,AS,,15,$881.17 ,$704.95 
,SG,,201,"$100,068.09 ","$77,060.87 "
,80'S,,7,$484.02 ,$387.23 
,OTHER,,984,"$480,470.34 ","$376,167.71 "
,TOTAL,,"1,207","$581,903.62 ","$454,320.76 "
29875,AS,,97,"$3,279.93 ","$2,613.47 "
,SG,,"1,751","$785,852.13 ","$615,948.45 "
,80'S,,33,"$1,312.39 ","$1,049.93 "
,OTHER,,"5,620","$1,380,022.60 ","$1,082,969.15 "
,TOTAL,,"7,501","$2,170,467.05 ","$1,702,581.00 "
29876,AS,,6,$268.38 ,$214.71 
,SG,,"2,994","$1,277,382.12 ","$1,011,287.44 "
,80'S,,5,$397.19 ,$317.75 
,OTHER,,"13,529","$5,409,602.59 ","$4,263,838.33 "
,TOTAL,,"16,534","$6,687,650.28 ","$5,275,658.23 "
29877,AS,,160,"$11,500.75 ","$8,918.33 "
,SG,,"2,215","$1,349,955.97 ","$1,052,415.84 "
,80'S,,42,"$3,128.06 ","$2,502.44 "
,OTHER,,"7,552","$3,803,032.89 ","$2,967,574.70 "
,TOTAL,,"9,969","$5,167,617.67 ","$4,031,411.31 "
29879,AS,,255,"$15,651.57 ","$12,504.59 "
,SG,,"2,780","$776,502.79 ","$611,316.83 "
,80'S,,56,"$3,859.35 ","$3,055.16 "
,OTHER,,"10,316","$4,333,354.99 ","$3,405,070.17 "
,TOTAL,,"13,407","$5,129,368.70 ","$4,031,946.75 "
29880,AS,,"1,222","$103,562.26 ","$82,338.76 "
,SG,,"16,665","$10,346,367.77 ","$8,177,698.29 "
,80'S,,322,"$31,336.92 ","$24,979.41 "
,OTHER,,"50,246","$31,490,597.15 ","$24,838,896.99 "
,TOTAL,,"68,455","$41,971,864.10 ","$33,123,913.45 "
29881,AS,,"1,512","$111,288.62 ","$88,490.10 "
,SG,,"24,311","$15,077,477.32 ","$11,861,850.42 "
,80'S,,397,"$33,581.42 ","$26,617.60 "
,OTHER,,"74,390","$39,590,440.85 ","$31,092,720.47 "
,TOTAL,,"100,610","$54,812,788.21 ","$43,069,678.59 "
29882,SG,,216,"$97,945.17 ","$76,252.04 "
,OTHER,,800,"$468,766.35 ","$366,135.79 "
,TOTAL,,"1,016","$566,711.52 ","$442,387.83 "
29883,AS,,4,$469.13 ,$375.30 
,SG,,110,"$51,377.35 ","$40,614.14 "
,80'S,,3,$418.28 ,$334.63 
,OTHER,,522,"$408,995.65 ","$323,914.72 "
,TOTAL,,639,"$461,260.41 ","$365,238.79 "
29884,AS,,90,"$5,901.18 ","$4,720.85 "
,SG,,193,"$92,750.71 ","$73,479.72 "
,80'S,,71,"$4,789.63 ","$3,772.75 "
,OTHER,,"1,014","$460,823.91 ","$364,967.27 "
,TOTAL,,"1,368","$564,265.43 ","$446,940.59 "
29885,AS,,6,$506.48 ,$405.19 
,SG,,12,"$4,283.11 ","$3,426.48 "
,80'S,,2,$218.51 ,$174.80 
,OTHER,,81,"$50,209.14 ","$39,575.72 "
,TOTAL,,101,"$55,217.24 ","$43,582.19 "
29886,AS,,1,$43.07 ,$34.46 
,SG,,28,"$10,032.97 ","$8,005.18 "
,OTHER,,142,"$41,092.20 ","$32,746.70 "
,TOTAL,,171,"$51,168.24 ","$40,786.34 "
29887,AS,,10,$856.93 ,$685.55 
,SG,,60,"$18,100.15 ","$14,320.13 "
,80'S,,7,$510.61 ,$408.49 
,OTHER,,234,"$152,757.79 ","$119,557.58 "
,TOTAL,,311,"$172,225.48 ","$134,971.75 "
29888,AS,,215,"$27,887.16 ","$21,974.64 "
,SG,,219,"$75,166.34 ","$57,857.62 "
,80'S,,148,"$22,721.44 ","$17,959.59 "
,OTHER,,"1,201","$1,129,903.75 ","$879,233.55 "
,TOTAL,,"1,783","$1,255,678.69 ","$977,025.40 "
29889,AS,,6,$847.30 ,$677.85 
,SG,,2,"$1,119.57 ",$895.66 
,80'S,,6,$970.80 ,$776.65 
,OTHER,,44,"$49,072.13 ","$37,895.70 "
,TOTAL,,58,"$52,009.80 ","$40,245.86 "
29891,AS,,20,"$1,725.34 ","$1,380.29 "
,SG,,71,"$31,568.55 ","$24,849.06 "
,80'S,,18,"$1,580.34 ","$1,264.26 "
,OTHER,,234,"$135,025.93 ","$104,799.76 "
,TOTAL,,343,"$169,900.16 ","$132,293.37 "
29892,AS,,2,$185.47 ,$148.37 
,SG,,11,"$4,074.58 ","$3,259.68 "
,80'S,,2,$209.48 ,$167.58 
,OTHER,,39,"$24,470.40 ","$19,562.44 "
,TOTAL,,54,"$28,939.93 ","$23,138.07 "
29893,AS,,8,$391.46 ,$309.35 
,SG,,634,"$838,937.34 ","$657,272.76 "
,80'S,,45,"$2,525.39 ","$1,935.18 "
,OTHER,,"1,446","$514,652.42 ","$401,615.14 "
,TOTAL,,"2,133","$1,356,506.61 ","$1,061,132.43 "
29894,AS,,13,$633.71 ,$506.97 
,SG,,32,"$12,927.39 ","$10,261.92 "
,80'S,,8,$502.03 ,$401.61 
,OTHER,,152,"$58,967.04 ","$46,935.14 "
,TOTAL,,205,"$73,030.17 ","$58,105.64 "
29895,AS,,25,"$1,163.16 ",$930.51 
,SG,,105,"$47,770.11 ","$36,897.39 "
,80'S,,25,"$1,373.09 ","$1,098.48 "
,OTHER,,313,"$118,585.56 ","$92,405.72 "
,TOTAL,,468,"$168,891.92 ","$131,332.10 "
29897,AS,,27,"$1,655.89 ","$1,324.75 "
,SG,,111,"$51,265.35 ","$39,743.57 "
,80'S,,25,"$1,877.46 ","$1,501.98 "
,OTHER,,299,"$132,404.32 ","$104,879.49 "
,TOTAL,,462,"$187,203.02 ","$147,449.79 "
29898,AS,,85,"$5,926.21 ","$4,740.93 "
,SG,,296,"$137,874.93 ","$107,892.59 "
,80'S,,78,"$6,154.99 ","$4,845.44 "
,OTHER,,995,"$509,707.99 ","$402,658.64 "
,TOTAL,,"1,454","$659,664.12 ","$520,137.60 "
29899,AS,,36,"$4,467.31 ","$3,440.14 "
,SG,,17,"$8,193.35 ","$6,554.68 "
,80'S,,15,"$2,259.29 ","$1,807.42 "
,OTHER,,171,"$157,138.17 ","$121,980.76 "
,TOTAL,,239,"$172,058.12 ","$133,783.00 "
29900,80'S,,1,$35.84 ,$28.67 
,OTHER,,5,"$1,591.87 ","$1,273.49 "
,TOTAL,,6,"$1,627.71 ","$1,302.16 "
29901,SG,,6,"$2,318.48 ","$1,731.89 "
,OTHER,,14,"$4,053.72 ","$3,242.98 "
,TOTAL,,20,"$6,372.20 ","$4,974.87 "
29999,AS,,112,"$7,671.20 ","$6,098.20 "
,80'S,,84,"$7,959.45 ","$6,346.39 "
,OTHER,,"1,196","$506,458.81 ","$399,879.74 "
,TOTAL,,"1,392","$522,089.46 ","$412,324.33 "
30000,OTHER,RESPIRATORY,302,"$41,308.71 ","$32,141.82 "
,TOTAL,,302,"$41,308.71 ","$32,141.82 "
30020,OTHER,,204,"$25,830.76 ","$19,871.24 "
,TOTAL,,204,"$25,830.76 ","$19,871.24 "
30100,OTHER,,"3,254","$301,165.15 ","$232,921.41 "
,TOTAL,,"3,254","$301,165.15 ","$232,921.41 "
30110,OTHER,,871,"$158,458.36 ","$123,075.40 "
,TOTAL,,871,"$158,458.36 ","$123,075.40 "
30115,SG,,164,"$55,049.77 ","$43,309.78 "
,OTHER,,"1,213","$328,295.65 ","$259,820.15 "
,TOTAL,,"1,377","$383,345.42 ","$303,129.93 "
30117,SG,,286,"$126,955.07 ","$98,828.42 "
,OTHER,,"2,215","$527,352.21 ","$413,206.82 "
,TOTAL,,"2,501","$654,307.28 ","$512,035.24 "
30118,SG,,37,"$16,442.08 ","$13,010.83 "
,80'S,,12,$803.90 ,$643.13 
,OTHER,,264,"$142,104.45 ","$113,545.97 "
,TOTAL,,313,"$159,350.43 ","$127,199.93 "
30120,SG,,71,"$21,918.10 ","$17,215.11 "
,OTHER,,399,"$153,694.22 ","$120,660.00 "
,TOTAL,,470,"$175,612.32 ","$137,875.11 "
30124,OTHER,,177,"$37,729.91 ","$30,038.98 "
,TOTAL,,177,"$37,729.91 ","$30,038.98 "
30125,SG,,10,"$3,338.19 ","$2,670.53 "
,OTHER,,48,"$20,976.15 ","$16,709.09 "
,TOTAL,,58,"$24,314.34 ","$19,379.62 "
30130,SG,,"1,177","$396,545.64 ","$313,346.05 "
,OTHER,,"5,053","$948,042.78 ","$746,053.94 "
,TOTAL,,"6,230","$1,344,588.42 ","$1,059,399.99 "
30140,SG,,"3,788","$1,159,344.54 ","$911,001.46 "
,OTHER,,"14,233","$3,688,803.86 ","$2,889,045.96 "
,TOTAL,,"18,021","$4,848,148.40 ","$3,800,047.42 "
30150,SG,,48,"$21,846.69 ","$17,477.33 "
,OTHER,,361,"$185,834.94 ","$146,716.19 "
,TOTAL,,409,"$207,681.63 ","$164,193.52 "
30160,SG,,5,"$2,749.65 ","$2,199.72 "
,80'S,,10,$872.72 ,$689.93 
,OTHER,,82,"$40,620.54 ","$32,496.42 "
,TOTAL,,97,"$44,242.91 ","$35,386.07 "
30200,OTHER,,"8,137","$637,520.76 ","$486,174.12 "
,TOTAL,,"8,137","$637,520.76 ","$486,174.12 "
30210,OTHER,,975,"$94,386.70 ","$73,130.99 "
,TOTAL,,975,"$94,386.70 ","$73,130.99 "
30220,OTHER,,341,"$53,588.57 ","$41,325.58 "
,TOTAL,,341,"$53,588.57 ","$41,325.58 "
30300,OTHER,,"1,899","$316,970.26 ","$247,003.64 "
,TOTAL,,"1,899","$316,970.26 ","$247,003.64 "
30310,SG,,10,"$2,642.37 ","$2,059.63 "
,OTHER,,108,"$15,376.69 ","$12,301.37 "
,TOTAL,,118,"$18,019.06 ","$14,361.00 "
30320,SG,,3,"$1,301.23 ","$1,040.99 "
,OTHER,,20,"$5,162.25 ","$4,103.55 "
,TOTAL,,23,"$6,463.48 ","$5,144.54 "
30400,SG,,52,"$25,981.91 ","$19,938.45 "
,OTHER,,112,"$71,077.45 ","$55,688.03 "
,TOTAL,,164,"$97,059.36 ","$75,626.48 "
30410,SG,,16,"$10,179.09 ","$8,063.26 "
,OTHER,,66,"$53,681.04 ","$41,402.93 "
,TOTAL,,82,"$63,860.13 ","$49,466.19 "
30420,SG,,128,"$87,148.12 ","$68,364.71 "
,OTHER,,420,"$441,082.48 ","$350,097.47 "
,TOTAL,,548,"$528,230.60 ","$418,462.18 "
30430,SG,,17,"$7,163.47 ","$5,532.22 "
,80'S,,1,$83.72 ,$66.98 
,OTHER,,84,"$39,904.68 ","$31,389.54 "
,TOTAL,,102,"$47,151.87 ","$36,988.74 "
30435,SG,,7,"$4,567.54 ","$3,654.04 "
,OTHER,,29,"$24,346.73 ","$18,864.56 "
,TOTAL,,36,"$28,914.27 ","$22,518.60 "
30450,SG,,14,"$13,312.53 ","$10,050.01 "
,80'S,,1,$189.04 ,$151.23 
,OTHER,,69,"$87,283.94 ","$69,827.21 "
,TOTAL,,84,"$100,785.51 ","$80,028.45 "
30460,80'S,,1,$107.58 ,$86.06 
,OTHER,,12,"$4,634.44 ","$2,799.28 "
,TOTAL,,13,"$4,742.02 ","$2,885.34 "
30462,SG,,3,"$4,080.97 ","$3,264.78 "
,80'S,,1,$166.01 ,$132.81 
,OTHER,,17,"$20,443.88 ","$16,304.00 "
,TOTAL,,21,"$24,690.86 ","$19,701.59 "
30465,SG,,181,"$229,368.10 ","$180,421.06 "
,80'S,,4,$431.07 ,$344.86 
,OTHER,,840,"$588,474.68 ","$459,542.35 "
,TOTAL,,"1,025","$818,273.85 ","$640,308.27 "
30520,SG,,"4,840","$2,280,377.63 ","$1,790,021.91 "
,OTHER,,"19,689","$5,692,112.44 ","$4,461,899.92 "
,TOTAL,,"24,529","$7,972,490.07 ","$6,251,921.83 "
30540,SG,,3,"$1,783.96 ","$1,427.17 "
,80'S,,1,$39.95 ,$31.96 
,OTHER,,20,"$6,606.52 ","$5,270.82 "
,TOTAL,,24,"$8,430.43 ","$6,729.95 "
30545,OTHER,,1,$738.04 ,$590.43 
,TOTAL,,1,$738.04 ,$590.43 
30560,SG,,82,"$20,654.75 ","$15,870.31 "
,OTHER,,588,"$67,331.22 ","$52,727.14 "
,TOTAL,,670,"$87,985.97 ","$68,597.45 "
30580,SG,,34,"$21,141.42 ","$16,775.78 "
,OTHER,,648,"$305,505.15 ","$238,674.11 "
,TOTAL,,682,"$326,646.57 ","$255,449.89 "
30600,SG,,12,"$6,861.73 ","$5,489.38 "
,OTHER,,77,"$28,386.31 ","$22,307.31 "
,TOTAL,,89,"$35,248.04 ","$27,796.69 "
30620,SG,,23,"$21,415.77 ","$17,116.54 "
,OTHER,,172,"$52,270.45 ","$40,852.25 "
,TOTAL,,195,"$73,686.22 ","$57,968.79 "
30630,SG,,65,"$61,865.31 ","$47,739.14 "
,OTHER,,237,"$102,243.90 ","$79,644.31 "
,TOTAL,,302,"$164,109.21 ","$127,383.45 "
30801,SG,,150,"$28,581.82 ","$22,505.63 "
,OTHER,,"4,383","$449,195.12 ","$343,946.42 "
,TOTAL,,"4,533","$477,776.94 ","$366,452.05 "
30802,SG,,292,"$59,310.72 ","$46,441.93 "
,OTHER,,"2,884","$384,942.10 ","$301,726.17 "
,TOTAL,,"3,176","$444,252.82 ","$348,168.10 "
30901,OTHER,,"127,905","$10,025,439.91 ","$7,627,733.02 "
,TOTAL,,"127,905","$10,025,439.91 ","$7,627,733.02 "
30903,SG,,80,"$23,897.74 ","$18,979.33 "
,OTHER,,"46,341","$5,972,353.57 ","$4,645,545.54 "
,TOTAL,,"46,421","$5,996,251.31 ","$4,664,524.87 "
30905,SG,,20,"$5,955.84 ","$4,764.64 "
,OTHER,,"9,467","$1,215,657.36 ","$949,870.03 "
,TOTAL,,"9,487","$1,221,613.20 ","$954,634.67 "
30906,SG,,4,"$1,134.34 ",$907.48 
,OTHER,,"1,183","$224,180.25 ","$176,170.11 "
,TOTAL,,"1,187","$225,314.59 ","$177,077.59 "
30915,SG,,9,"$2,647.38 ","$2,117.90 "
,OTHER,,188,"$75,682.15 ","$59,420.88 "
,TOTAL,,197,"$78,329.53 ","$61,538.78 "
30920,SG,,6,"$2,428.60 ","$1,942.89 "
,80'S,,1,$121.22 ,$96.98 
,OTHER,,203,"$127,862.51 ","$101,555.29 "
,TOTAL,,210,"$130,412.33 ","$103,595.16 "
30930,SG,,"1,004","$438,762.21 ","$346,340.18 "
,OTHER,,"2,942","$209,609.54 ","$164,938.29 "
,TOTAL,,"3,946","$648,371.75 ","$511,278.47 "
30999,OTHER,,125,"$35,895.75 ","$28,582.87 "
,TOTAL,,125,"$35,895.75 ","$28,582.87 "
31000,OTHER,,"4,949","$729,200.36 ","$569,217.88 "
,TOTAL,,"4,949","$729,200.36 ","$569,217.88 "
31002,OTHER,,248,"$18,988.04 ","$14,782.05 "
,TOTAL,,248,"$18,988.04 ","$14,782.05 "
31020,SG,,111,"$33,312.85 ","$26,650.32 "
,OTHER,,595,"$101,362.38 ","$80,739.64 "
,TOTAL,,706,"$134,675.23 ","$107,389.96 "
31030,SG,,69,"$25,639.49 ","$20,188.44 "
,OTHER,,759,"$205,070.93 ","$162,047.25 "
,TOTAL,,828,"$230,710.42 ","$182,235.69 "
31032,SG,,51,"$27,368.00 ","$21,567.16 "
,OTHER,,437,"$185,454.51 ","$145,687.92 "
,TOTAL,,488,"$212,822.51 ","$167,255.08 "
31040,80'S,,1,$52.80 ,$42.24 
,OTHER,,254,"$39,027.11 ","$30,441.04 "
,TOTAL,,255,"$39,079.91 ","$30,483.28 "
31050,SG,,17,"$4,926.15 ","$3,940.92 "
,OTHER,,146,"$36,430.90 ","$29,144.71 "
,TOTAL,,163,"$41,357.05 ","$33,085.63 "
31051,SG,,14,"$4,450.00 ","$3,560.01 "
,80'S,,1,$43.57 ,$34.86 
,OTHER,,143,"$58,022.58 ","$46,040.33 "
,TOTAL,,158,"$62,516.15 ","$49,635.20 "
31070,SG,,37,"$9,177.24 ","$7,153.82 "
,OTHER,,247,"$54,525.75 ","$42,769.27 "
,TOTAL,,284,"$63,702.99 ","$49,923.09 "
31075,SG,,8,"$4,789.05 ","$3,831.23 "
,80'S,,9,$660.80 ,$452.79 
,OTHER,,105,"$55,542.33 ","$43,618.46 "
,TOTAL,,122,"$60,992.18 ","$47,902.48 "
31080,SG,,2,"$1,248.39 ",$998.71 
,80'S,,3,$305.66 ,$244.53 
,OTHER,,48,"$19,213.57 ","$15,238.93 "
,TOTAL,,53,"$20,767.62 ","$16,482.17 "
31081,SG,,1,$317.87 ,$254.30 
,80'S,,9,$705.51 ,$564.42 
,OTHER,,79,"$40,232.91 ","$31,732.41 "
,TOTAL,,89,"$41,256.29 ","$32,551.13 "
31084,SG,,1,$590.83 ,$472.66 
,80'S,,6,$871.45 ,$697.15 
,OTHER,,35,"$28,354.24 ","$22,683.41 "
,TOTAL,,42,"$29,816.52 ","$23,853.22 "
31085,80'S,,17,"$2,025.21 ","$1,620.16 "
,OTHER,,91,"$67,585.84 ","$52,805.18 "
,TOTAL,,108,"$69,611.05 ","$54,425.34 "
31086,80'S,,4,$539.71 ,$431.76 
,OTHER,,16,"$13,937.02 ","$11,149.63 "
,TOTAL,,20,"$14,476.73 ","$11,581.39 "
31087,80'S,,3,$413.98 ,$331.18 
,OTHER,,22,"$16,754.14 ","$13,403.30 "
,TOTAL,,25,"$17,168.12 ","$13,734.48 "
31090,SG,,80,"$50,514.67 ","$40,331.61 "
,OTHER,,467,"$362,270.93 ","$287,673.91 "
,TOTAL,,547,"$412,785.60 ","$328,005.52 "
31200,SG,,225,"$53,234.30 ","$42,187.94 "
,OTHER,,845,"$179,258.61 ","$142,601.66 "
,TOTAL,,"1,070","$232,492.91 ","$184,789.60 "
31201,SG,,58,"$42,676.24 ","$34,141.00 "
,OTHER,,298,"$189,782.17 ","$148,864.25 "
,TOTAL,,356,"$232,458.41 ","$183,005.25 "
31205,SG,,60,"$17,928.63 ","$13,866.25 "
,80'S,,37,"$2,645.38 ","$2,116.33 "
,OTHER,,562,"$259,238.35 ","$206,448.78 "
,TOTAL,,659,"$279,812.36 ","$222,431.36 "
31225,80'S,,85,"$16,329.09 ","$13,063.31 "
,OTHER,,800,"$959,698.19 ","$763,729.87 "
,TOTAL,,885,"$976,027.28 ","$776,793.18 "
31230,80'S,,4,$767.39 ,$613.91 
,OTHER,,76,"$93,024.42 ","$74,419.46 "
,TOTAL,,80,"$93,791.81 ","$75,033.37 "
31231,OTHER,,"230,410","$39,049,009.65 ","$30,292,227.67 "
,TOTAL,,"230,410","$39,049,009.65 ","$30,292,227.67 "
31233,SG,,9,"$3,355.14 ","$2,684.12 "
,OTHER,,"8,780","$2,344,313.25 ","$1,832,361.06 "
,TOTAL,,"8,789","$2,347,668.39 ","$1,835,045.18 "
31235,SG,,8,"$1,635.15 ","$1,308.11 "
,OTHER,,"1,917","$706,387.53 ","$559,241.63 "
,TOTAL,,"1,925","$708,022.68 ","$560,549.74 "
31237,SG,,927,"$371,851.18 ","$292,867.52 "
,OTHER,,"48,664","$16,752,027.02 ","$13,111,343.99 "
,TOTAL,,"49,591","$17,123,878.20 ","$13,404,211.51 "
31238,SG,,247,"$76,370.45 ","$60,006.78 "
,80'S,,3,$67.33 ,$53.86 
,OTHER,,"15,979","$5,044,950.89 ","$3,971,538.28 "
,TOTAL,,"16,229","$5,121,388.67 ","$4,031,598.92 "
31239,SG,,242,"$137,379.12 ","$109,052.29 "
,80'S,,10,"$1,031.44 ",$825.15 
,OTHER,,821,"$509,072.84 ","$402,196.17 "
,TOTAL,,"1,073","$647,483.40 ","$512,073.61 "
31240,SG,,611,"$159,814.59 ","$126,307.19 "
,OTHER,,"2,328","$242,769.89 ","$190,948.40 "
,TOTAL,,"2,939","$402,584.48 ","$317,255.59 "
31254,SG,,"1,583","$592,129.98 ","$465,846.09 "
,OTHER,,"5,950","$1,427,476.21 ","$1,120,739.73 "
,TOTAL,,"7,533","$2,019,606.19 ","$1,586,585.82 "
31255,SG,,"5,193","$3,726,778.58 ","$2,938,857.61 "
,OTHER,,"19,133","$8,344,325.26 ","$6,562,215.01 "
,TOTAL,,"24,326","$12,071,103.84 ","$9,501,072.62 "
31256,SG,,"2,931","$943,066.91 ","$743,557.80 "
,OTHER,,"10,976","$1,564,631.69 ","$1,229,563.00 "
,TOTAL,,"13,907","$2,507,698.60 ","$1,973,120.80 "
31267,SG,,"3,908","$1,279,308.88 ","$1,008,041.64 "
,OTHER,,"15,165","$3,947,952.37 ","$3,103,159.17 "
,TOTAL,,"19,073","$5,227,261.25 ","$4,111,200.81 "
31276,SG,,"2,216","$683,571.00 ","$541,007.02 "
,80'S,,1,$86.59 ,$69.27 
,OTHER,,"8,685","$5,518,677.49 ","$4,333,560.50 "
,TOTAL,,"10,902","$6,202,335.08 ","$4,874,636.79 "
31287,SG,,992,"$301,711.17 ","$239,001.14 "
,80'S,,1,$39.40 ,$31.52 
,OTHER,,"4,414","$729,772.28 ","$575,665.13 "
,TOTAL,,"5,407","$1,031,522.85 ","$814,697.79 "
31288,SG,,"1,073","$342,157.36 ","$270,136.69 "
,80'S,,4,$174.30 ,$139.43 
,OTHER,,"4,590","$935,719.45 ","$736,991.32 "
,TOTAL,,"5,667","$1,278,051.11 ","$1,007,267.44 "
31290,80'S,,1,$170.30 ,$136.24 
,OTHER,,112,"$123,639.55 ","$97,921.37 "
,TOTAL,,113,"$123,809.85 ","$98,057.61 "
31291,80'S,,2,$291.12 ,$232.90 
,OTHER,,74,"$88,155.62 ","$70,403.06 "
,TOTAL,,76,"$88,446.74 ","$70,635.96 "
31292,80'S,,1,$75.95 ,$60.76 
,OTHER,,96,"$97,366.55 ","$77,893.18 "
,TOTAL,,97,"$97,442.50 ","$77,953.94 "
31293,80'S,,4,$743.26 ,$594.60 
,OTHER,,66,"$73,559.03 ","$57,963.69 "
,TOTAL,,70,"$74,302.29 ","$58,558.29 "
31294,80'S,,3,$524.71 ,$419.77 
,OTHER,,39,"$46,760.45 ","$37,408.31 "
,TOTAL,,42,"$47,285.16 ","$37,828.08 "
31299,OTHER,,151,"$47,302.17 ","$37,841.70 "
,TOTAL,,151,"$47,302.17 ","$37,841.70 "
31300,SG,,7,"$4,703.38 ","$3,762.71 "
,80'S,,9,"$1,479.79 ","$1,183.85 "
,OTHER,,135,"$122,124.59 ","$96,156.69 "
,TOTAL,,151,"$128,307.76 ","$101,103.25 "
31320,80'S,,1,$39.86 ,$31.89 
,OTHER,,13,"$5,648.82 ","$4,519.05 "
,TOTAL,,14,"$5,688.68 ","$4,550.94 "
31360,80'S,,174,"$32,312.57 ","$25,708.09 "
,OTHER,,682,"$760,361.38 ","$602,783.38 "
,TOTAL,,856,"$792,673.95 ","$628,491.47 "
31365,80'S,,83,"$20,873.49 ","$16,188.95 "
,OTHER,,520,"$818,330.82 ","$646,811.51 "
,TOTAL,,603,"$839,204.31 ","$663,000.46 "
31367,80'S,,8,"$1,894.57 ","$1,515.66 "
,OTHER,,74,"$109,487.24 ","$86,124.61 "
,TOTAL,,82,"$111,381.81 ","$87,640.27 "
31368,80'S,,9,"$2,656.70 ","$2,099.18 "
,OTHER,,62,"$114,288.18 ","$90,319.41 "
,TOTAL,,71,"$116,944.88 ","$92,418.59 "
31370,80'S,,7,"$1,739.04 ","$1,391.24 "
,OTHER,,69,"$102,142.89 ","$81,228.90 "
,TOTAL,,76,"$103,881.93 ","$82,620.14 "
31375,80'S,,3,$631.23 ,$504.98 
,OTHER,,50,"$65,957.08 ","$52,692.35 "
,TOTAL,,53,"$66,588.31 ","$53,197.33 "
31380,80'S,,4,$905.48 ,$724.39 
,OTHER,,30,"$39,898.29 ","$30,958.58 "
,TOTAL,,34,"$40,803.77 ","$31,682.97 "
31382,80'S,,11,"$2,457.58 ","$1,945.50 "
,OTHER,,60,"$78,309.06 ","$62,647.23 "
,TOTAL,,71,"$80,766.64 ","$64,592.73 "
31390,80'S,,7,"$2,030.32 ","$1,624.25 "
,OTHER,,94,"$163,433.81 ","$130,656.53 "
,TOTAL,,101,"$165,464.13 ","$132,280.78 "
31395,80'S,,8,"$2,853.92 ","$2,283.14 "
,OTHER,,72,"$144,306.46 ","$115,445.24 "
,TOTAL,,80,"$147,160.38 ","$117,728.38 "
31400,80'S,,2,$180.86 ,$144.70 
,OTHER,,85,"$41,110.15 ","$32,246.99 "
,TOTAL,,87,"$41,291.01 ","$32,391.69 "
31420,SG,,1,$444.76 ,$355.81 
,80'S,,2,$116.35 ,$93.08 
,OTHER,,30,"$20,094.73 ","$16,009.07 "
,TOTAL,,33,"$20,655.84 ","$16,457.96 "
31500,OTHER,,"272,118","$29,957,171.98 ","$23,725,439.49 "
,TOTAL,,"272,118","$29,957,171.98 ","$23,725,439.49 "
31502,OTHER,,"17,264","$789,257.17 ","$613,889.05 "
,TOTAL,,"17,264","$789,257.17 ","$613,889.05 "
31505,OTHER,,"23,957","$1,849,682.65 ","$1,420,595.63 "
,TOTAL,,"23,957","$1,849,682.65 ","$1,420,595.63 "
31510,SG,,26,"$10,196.59 ","$8,119.77 "
,OTHER,,173,"$19,052.88 ","$15,012.49 "
,TOTAL,,199,"$29,249.47 ","$23,132.26 "
31511,OTHER,,240,"$38,763.17 ","$30,305.10 "
,TOTAL,,240,"$38,763.17 ","$30,305.10 "
31512,SG,,9,"$3,933.17 ","$3,146.54 "
,OTHER,,20,"$2,540.85 ","$1,999.40 "
,TOTAL,,29,"$6,474.02 ","$5,145.94 "
31513,SG,,10,"$4,178.06 ","$3,342.43 "
,OTHER,,915,"$118,113.91 ","$91,777.77 "
,TOTAL,,925,"$122,291.97 ","$95,120.20 "
31515,SG,,40,"$10,000.86 ","$8,000.69 "
,OTHER,,"1,723","$209,220.29 ","$163,922.19 "
,TOTAL,,"1,763","$219,221.15 ","$171,922.88 "
31520,OTHER,,34,"$4,910.96 ","$3,928.78 "
,TOTAL,,34,"$4,910.96 ","$3,928.78 "
31525,SG,,305,"$81,964.53 ","$64,734.71 "
,OTHER,,"11,791","$2,220,479.55 ","$1,743,726.93 "
,TOTAL,,"12,096","$2,302,444.08 ","$1,808,461.64 "
31526,SG,,150,"$59,916.26 ","$46,351.59 "
,OTHER,,"1,423","$202,497.14 ","$159,069.97 "
,TOTAL,,"1,573","$262,413.40 ","$205,421.56 "
31527,OTHER,,27,"$4,499.45 ","$3,590.94 "
,TOTAL,,27,"$4,499.45 ","$3,590.94 "
31528,SG,,17,"$5,865.98 ","$4,658.78 "
,OTHER,,167,"$19,880.87 ","$15,776.56 "
,TOTAL,,184,"$25,746.85 ","$20,435.34 "
31529,SG,,6,"$2,150.98 ","$1,720.78 "
,OTHER,,88,"$12,576.58 ","$9,784.52 "
,TOTAL,,94,"$14,727.56 ","$11,505.30 "
31530,SG,,10,"$4,437.82 ","$3,550.27 "
,OTHER,,384,"$76,107.39 ","$60,024.77 "
,TOTAL,,394,"$80,545.21 ","$63,575.04 "
31531,SG,,18,"$8,567.26 ","$6,787.62 "
,OTHER,,134,"$27,723.78 ","$21,741.85 "
,TOTAL,,152,"$36,291.04 ","$28,529.47 "
31535,SG,,978,"$407,283.24 ","$321,937.69 "
,OTHER,,"8,673","$1,529,049.83 ","$1,207,432.10 "
,TOTAL,,"9,651","$1,936,333.07 ","$1,529,369.79 "
31536,SG,,"1,266","$622,704.76 ","$489,651.16 "
,OTHER,,"7,749","$1,625,933.35 ","$1,279,732.40 "
,TOTAL,,"9,015","$2,248,638.11 ","$1,769,383.56 "
31540,SG,,300,"$146,994.64 ","$115,478.02 "
,OTHER,,"1,213","$301,439.83 ","$236,255.99 "
,TOTAL,,"1,513","$448,434.47 ","$351,734.01 "
31541,SG,,"1,435","$883,108.53 ","$689,834.36 "
,OTHER,,"10,890","$3,028,521.03 ","$2,383,024.35 "
,TOTAL,,"12,325","$3,911,629.56 ","$3,072,858.71 "
31560,SG,,1,$720.19 ,$576.15 
,OTHER,,25,"$7,610.19 ","$6,088.16 "
,TOTAL,,26,"$8,330.38 ","$6,664.31 "
31561,SG,,6,"$4,131.46 ","$3,305.16 "
,OTHER,,204,"$71,681.60 ","$56,803.36 "
,TOTAL,,210,"$75,813.06 ","$60,108.52 "
31570,SG,,67,"$28,286.57 ","$22,401.18 "
,OTHER,,"2,087","$606,082.67 ","$470,411.71 "
,TOTAL,,"2,154","$634,369.24 ","$492,812.89 "
31571,SG,,157,"$57,007.22 ","$45,205.17 "
,OTHER,,"1,399","$325,738.30 ","$255,588.58 "
,TOTAL,,"1,556","$382,745.52 ","$300,793.75 "
31575,OTHER,,"500,939","$54,813,888.04 ","$42,184,050.83 "
,TOTAL,,"500,939","$54,813,888.04 ","$42,184,050.83 "
31576,SG,,30,"$11,902.86 ","$9,442.30 "
,OTHER,,468,"$73,009.70 ","$57,397.57 "
,TOTAL,,498,"$84,912.56 ","$66,839.87 "
31577,SG,,1,$443.17 ,$354.54 
,OTHER,,152,"$30,080.80 ","$23,696.65 "
,TOTAL,,153,"$30,523.97 ","$24,051.19 "
31578,SG,,15,"$6,263.58 ","$5,010.87 "
,80'S,,1,$14.95 ,$11.96 
,OTHER,,99,"$17,754.53 ","$13,958.37 "
,TOTAL,,115,"$24,033.06 ","$18,981.20 "
31579,OTHER,,"24,241","$5,422,726.62 ","$4,223,391.80 "
,TOTAL,,"24,241","$5,422,726.62 ","$4,223,391.80 "
31580,80'S,,3,$360.27 ,$288.21 
,OTHER,,46,"$28,154.57 ","$22,520.84 "
,TOTAL,,49,"$28,514.84 ","$22,809.05 "
31582,SG,,2,"$1,064.94 ",$851.95 
,OTHER,,136,"$172,664.41 ","$138,131.29 "
,TOTAL,,138,"$173,729.35 ","$138,983.24 "
31584,80'S,,3,$665.78 ,$516.67 
,OTHER,,19,"$24,598.55 ","$19,539.64 "
,TOTAL,,22,"$25,264.33 ","$20,056.31 "
31585,OTHER,,4,"$1,060.37 ",$848.29 
,TOTAL,,4,"$1,060.37 ",$848.29 
31586,OTHER,,6,"$4,285.43 ","$3,428.35 "
,TOTAL,,6,"$4,285.43 ","$3,428.35 "
31587,80'S,,2,$290.69 ,$232.55 
,OTHER,,22,"$15,691.61 ","$12,409.65 "
,TOTAL,,24,"$15,982.30 ","$12,642.20 "
31588,SG,,71,"$50,481.53 ","$39,992.22 "
,80'S,,116,"$18,904.37 ","$15,123.46 "
,OTHER,,"1,194","$1,181,719.19 ","$936,896.07 "
,TOTAL,,"1,381","$1,251,105.09 ","$992,011.75 "
31590,80'S,,3,$160.92 ,$128.73 
,OTHER,,13,"$5,405.72 ","$4,308.39 "
,TOTAL,,16,"$5,566.64 ","$4,437.12 "
31595,80'S,,3,$263.50 ,$210.80 
,OTHER,,27,"$11,087.83 ","$8,356.06 "
,TOTAL,,30,"$11,351.33 ","$8,566.86 "
31599,80'S,,12,"$1,702.11 ","$1,361.69 "
,OTHER,,530,"$227,229.91 ","$181,424.42 "
,TOTAL,,542,"$228,932.02 ","$182,786.11 "
31600,80'S,,6,$712.55 ,$570.04 
,OTHER,,"42,730","$16,532,584.47 ","$13,145,466.89 "
,TOTAL,,"42,736","$16,533,297.02 ","$13,146,036.93 "
31601,80'S,,5,$223.18 ,$178.54 
,OTHER,,31,"$8,150.34 ","$6,520.26 "
,TOTAL,,36,"$8,373.52 ","$6,698.80 "
31603,OTHER,,"2,502","$546,698.06 ","$434,936.80 "
,TOTAL,,"2,502","$546,698.06 ","$434,936.80 "
31605,OTHER,,410,"$75,166.90 ","$59,471.40 "
,TOTAL,,410,"$75,166.90 ","$59,471.40 "
31610,OTHER,,"1,708","$1,044,194.87 ","$829,533.18 "
,TOTAL,,"1,708","$1,044,194.87 ","$829,533.18 "
31611,SG,,43,"$21,270.98 ","$16,758.06 "
,80'S,,63,"$2,895.67 ","$2,297.75 "
,OTHER,,"1,121","$396,218.31 ","$312,238.60 "
,TOTAL,,"1,227","$420,384.96 ","$331,294.41 "
31612,SG,,10,"$2,967.66 ","$2,374.12 "
,80'S,,1,$7.87 ,$6.30 
,OTHER,,338,"$15,684.24 ","$12,367.07 "
,TOTAL,,349,"$18,659.77 ","$14,747.49 "
31613,SG,,25,"$11,036.30 ","$8,801.43 "
,OTHER,,"1,235","$444,544.92 ","$352,043.23 "
,TOTAL,,"1,260","$455,581.22 ","$360,844.66 "
31614,SG,,23,"$9,924.93 ","$7,939.94 "
,OTHER,,398,"$211,671.78 ","$167,375.19 "
,TOTAL,,421,"$221,596.71 ","$175,315.13 "
31615,SG,,22,"$4,299.14 ","$3,417.37 "
,OTHER,,"8,561","$1,241,026.23 ","$974,019.60 "
,TOTAL,,"8,583","$1,245,325.37 ","$977,436.97 "
31622,SG,,"1,093","$305,440.27 ","$240,296.90 "
,80'S,,6,$129.60 ,$103.69 
,OTHER,,"100,195","$13,080,041.42 ","$10,367,869.94 "
,TOTAL,,"101,294","$13,385,611.29 ","$10,608,270.53 "
31623,SG,,435,"$144,556.13 ","$114,201.34 "
,OTHER,,"35,932","$2,420,360.17 ","$1,917,943.07 "
,TOTAL,,"36,367","$2,564,916.30 ","$2,032,144.41 "
31624,SG,,364,"$120,274.02 ","$95,528.33 "
,OTHER,,"57,725","$5,364,564.48 ","$4,251,166.19 "
,TOTAL,,"58,089","$5,484,838.50 ","$4,346,694.52 "
31625,SG,,546,"$229,081.36 ","$180,816.82 "
,OTHER,,"41,684","$7,087,870.62 ","$5,618,242.44 "
,TOTAL,,"42,230","$7,316,951.98 ","$5,799,059.26 "
31628,SG,,570,"$236,114.11 ","$185,788.55 "
,OTHER,,"50,262","$9,674,657.10 ","$7,665,059.63 "
,TOTAL,,"50,832","$9,910,771.21 ","$7,850,848.18 "
31629,SG,,151,"$61,072.37 ","$48,271.16 "
,OTHER,,"10,975","$1,953,743.54 ","$1,546,124.07 "
,TOTAL,,"11,126","$2,014,815.91 ","$1,594,395.23 "
31630,OTHER,,976,"$182,740.63 ","$144,139.27 "
,TOTAL,,976,"$182,740.63 ","$144,139.27 "
31631,SG,,1,$459.71 ,$367.77 
,OTHER,,"1,258","$271,292.48 ","$214,788.94 "
,TOTAL,,"1,259","$271,752.19 ","$215,156.71 "
31632,OTHER,,"2,069","$115,772.04 ","$91,687.83 "
,TOTAL,,"2,069","$115,772.04 ","$91,687.83 "
31633,OTHER,,510,"$35,714.94 ","$28,385.90 "
,TOTAL,,510,"$35,714.94 ","$28,385.90 "
31635,SG,,5,"$1,563.78 ","$1,251.02 "
,OTHER,,"1,978","$377,026.89 ","$299,063.12 "
,TOTAL,,"1,983","$378,590.67 ","$300,314.14 "
31640,SG,,3,"$1,325.90 ","$1,060.71 "
,OTHER,,448,"$125,852.99 ","$99,038.46 "
,TOTAL,,451,"$127,178.89 ","$100,099.17 "
31641,SG,,10,"$4,411.78 ","$3,529.43 "
,OTHER,,"3,008","$809,962.48 ","$640,843.06 "
,TOTAL,,"3,018","$814,374.26 ","$644,372.49 "
31643,SG,,12,"$5,178.28 ","$3,990.86 "
,OTHER,,"1,537","$273,272.67 ","$215,867.49 "
,TOTAL,,"1,549","$278,450.95 ","$219,858.35 "
31645,SG,,4,$824.88 ,$659.91 
,OTHER,,"27,031","$4,308,028.06 ","$3,423,585.55 "
,TOTAL,,"27,035","$4,308,852.94 ","$3,424,245.46 "
31646,OTHER,,"5,087","$717,358.40 ","$571,318.33 "
,TOTAL,,"5,087","$717,358.40 ","$571,318.33 "
31656,OTHER,,54,"$4,816.02 ","$3,793.78 "
,TOTAL,,54,"$4,816.02 ","$3,793.78 "
31700,OTHER,,22,"$1,631.50 ","$1,305.22 "
,TOTAL,,22,"$1,631.50 ","$1,305.22 "
31708,OTHER,,4,$339.46 ,$271.57 
,TOTAL,,4,$339.46 ,$271.57 
31710,OTHER,,75,"$2,424.18 ","$1,939.34 "
,TOTAL,,75,"$2,424.18 ","$1,939.34 "
31715,OTHER,,2,$95.60 ,$76.48 
,TOTAL,,2,$95.60 ,$76.48 
31717,OTHER,,82,"$8,414.31 ","$6,731.60 "
,TOTAL,,82,"$8,414.31 ","$6,731.60 "
31720,OTHER,,351,"$20,683.53 ","$16,337.34 "
,TOTAL,,351,"$20,683.53 ","$16,337.34 "
31725,OTHER,,360,"$39,737.85 ","$31,749.25 "
,TOTAL,,360,"$39,737.85 ","$31,749.25 "
31730,SG,,16,"$5,226.08 ","$4,180.87 "
,OTHER,,679,"$98,115.17 ","$77,628.19 "
,TOTAL,,695,"$103,341.25 ","$81,809.06 "
31750,SG,,2,"$1,137.41 ",$909.93 
,80'S,,10,"$1,290.52 ","$1,032.40 "
,OTHER,,150,"$113,050.31 ","$89,016.60 "
,TOTAL,,162,"$115,478.24 ","$90,958.93 "
31755,SG,,7,"$2,619.41 ","$2,015.53 "
,80'S,,2,$376.76 ,$291.17 
,OTHER,,47,"$50,169.56 ","$39,488.78 "
,TOTAL,,56,"$53,165.73 ","$41,795.48 "
31760,80'S,,3,$542.85 ,$434.28 
,OTHER,,25,"$20,807.80 ","$16,646.25 "
,TOTAL,,28,"$21,350.65 ","$17,080.53 "
31766,OTHER,,1,$861.99 ,$689.59 
,TOTAL,,1,$861.99 ,$689.59 
31770,80'S,,4,$466.99 ,$373.60 
,OTHER,,20,"$22,209.29 ","$17,767.43 "
,TOTAL,,24,"$22,676.28 ","$18,141.03 "
31775,OTHER,,7,"$9,846.94 ","$7,877.54 "
,TOTAL,,7,"$9,846.94 ","$7,877.54 "
31780,80'S,,7,"$1,146.44 ",$837.15 
,OTHER,,112,"$116,546.95 ","$92,327.60 "
,TOTAL,,119,"$117,693.39 ","$93,164.75 "
31781,80'S,,2,$476.80 ,$381.44 
,OTHER,,16,"$21,337.45 ","$17,062.89 "
,TOTAL,,18,"$21,814.25 ","$17,444.33 "
31785,80'S,,7,"$1,045.24 ",$836.18 
,OTHER,,99,"$83,818.32 ","$66,482.52 "
,TOTAL,,106,"$84,863.56 ","$67,318.70 "
31786,80'S,,5,"$1,251.61 ","$1,001.29 "
,OTHER,,31,"$36,519.55 ","$29,215.64 "
,TOTAL,,36,"$37,771.16 ","$30,216.93 "
31800,80'S,,4,$153.70 ,$122.95 
,OTHER,,77,"$31,494.65 ","$24,652.29 "
,TOTAL,,81,"$31,648.35 ","$24,775.24 "
31805,80'S,,5,$478.62 ,$382.89 
,OTHER,,28,"$14,250.26 ","$11,400.20 "
,TOTAL,,33,"$14,728.88 ","$11,783.09 "
31820,SG,,17,"$5,550.33 ","$4,360.27 "
,80'S,,2,$60.04 ,$48.03 
,OTHER,,271,"$90,016.84 ","$71,187.62 "
,TOTAL,,290,"$95,627.21 ","$75,595.92 "
31825,SG,,20,"$8,951.28 ","$7,161.04 "
,80'S,,1,$81.80 ,$65.44 
,OTHER,,271,"$141,999.90 ","$112,179.96 "
,TOTAL,,292,"$151,032.98 ","$119,406.44 "
31830,SG,,9,"$3,502.67 ","$2,452.55 "
,OTHER,,157,"$52,912.89 ","$41,886.54 "
,TOTAL,,166,"$56,415.56 ","$44,339.09 "
31899,80'S,,1,$12.12 ,$9.70 
,OTHER,,468,"$74,522.61 ","$59,071.37 "
,TOTAL,,469,"$74,534.73 ","$59,081.07 "
32000,SG,,353,"$111,377.09 ","$88,222.51 "
,80'S,,2,$28.22 ,$22.58 
,OTHER,,"155,796","$13,085,001.84 ","$10,370,924.33 "
,TOTAL,,"156,151","$13,196,407.15 ","$10,459,169.42 "
32002,OTHER,,"56,254","$6,724,715.70 ","$5,345,294.04 "
,TOTAL,,"56,254","$6,724,715.70 ","$5,345,294.04 "
32005,80'S,,1,$9.99 ,$7.99 
,OTHER,,"8,716","$942,998.42 ","$750,268.30 "
,TOTAL,,"8,717","$943,008.41 ","$750,276.29 "
32020,80'S,,1,$39.16 ,$31.33 
,OTHER,,"65,086","$14,058,009.34 ","$11,165,175.32 "
,TOTAL,,"65,087","$14,058,048.50 ","$11,165,206.65 "
32035,80'S,,21,"$1,666.59 ","$1,326.32 "
,OTHER,,220,"$102,535.79 ","$81,233.14 "
,TOTAL,,241,"$104,202.38 ","$82,559.46 "
32036,80'S,,36,"$3,223.94 ","$2,579.15 "
,OTHER,,305,"$164,277.33 ","$130,605.25 "
,TOTAL,,341,"$167,501.27 ","$133,184.40 "
32095,80'S,,248,"$17,518.98 ","$14,015.19 "
,OTHER,,"2,482","$1,057,150.69 ","$839,521.43 "
,TOTAL,,"2,730","$1,074,669.67 ","$853,536.62 "
32100,80'S,,597,"$79,605.02 ","$63,446.28 "
,OTHER,,"3,827","$2,853,472.17 ","$2,265,005.54 "
,TOTAL,,"4,424","$2,933,077.19 ","$2,328,451.82 "
32110,80'S,,98,"$18,516.36 ","$14,733.13 "
,OTHER,,607,"$655,307.75 ","$521,695.25 "
,TOTAL,,705,"$673,824.11 ","$536,428.38 "
32120,80'S,,97,"$9,871.99 ","$7,897.55 "
,OTHER,,990,"$515,495.44 ","$410,030.12 "
,TOTAL,,"1,087","$525,367.43 ","$417,927.67 "
32124,80'S,,259,"$20,367.97 ","$16,151.94 "
,OTHER,,"1,204","$536,598.09 ","$427,484.82 "
,TOTAL,,"1,463","$556,966.06 ","$443,636.76 "
32140,80'S,,26,"$3,285.41 ","$2,628.30 "
,OTHER,,127,"$81,996.43 ","$65,487.77 "
,TOTAL,,153,"$85,281.84 ","$68,116.07 "
32141,80'S,,123,"$13,793.82 ","$10,712.12 "
,OTHER,,755,"$471,262.94 ","$374,754.83 "
,TOTAL,,878,"$485,056.76 ","$385,466.95 "
32150,80'S,,54,"$5,673.96 ","$4,539.17 "
,OTHER,,289,"$193,783.71 ","$154,323.00 "
,TOTAL,,343,"$199,457.67 ","$158,862.17 "
32151,80'S,,8,$969.45 ,$775.56 
,OTHER,,33,"$22,695.50 ","$18,136.45 "
,TOTAL,,41,"$23,664.95 ","$18,912.01 "
32160,80'S,,48,"$2,842.22 ","$2,273.78 "
,OTHER,,401,"$154,434.18 ","$121,764.46 "
,TOTAL,,449,"$157,276.40 ","$124,038.24 "
32200,80'S,,30,"$3,565.47 ","$2,842.15 "
,OTHER,,105,"$68,045.57 ","$54,368.27 "
,TOTAL,,135,"$71,611.04 ","$57,210.42 "
32201,80'S,,2,$34.10 ,$27.28 
,OTHER,,566,"$113,098.76 ","$89,833.75 "
,TOTAL,,568,"$113,132.86 ","$89,861.03 "
32215,80'S,,52,"$4,304.66 ","$3,438.73 "
,OTHER,,376,"$178,336.37 ","$140,881.76 "
,TOTAL,,428,"$182,641.03 ","$144,320.49 "
32220,80'S,,460,"$107,185.22 ","$85,503.43 "
,OTHER,,"3,379","$4,237,971.34 ","$3,358,994.46 "
,TOTAL,,"3,839","$4,345,156.56 ","$3,444,497.89 "
32225,80'S,,137,"$15,447.50 ","$12,231.36 "
,OTHER,,"1,012","$653,094.30 ","$517,900.56 "
,TOTAL,,"1,149","$668,541.80 ","$530,131.92 "
32310,80'S,,114,"$9,651.42 ","$7,721.11 "
,OTHER,,392,"$200,910.56 ","$160,560.17 "
,TOTAL,,506,"$210,561.98 ","$168,281.28 "
32320,80'S,,247,"$56,936.46 ","$45,250.18 "
,OTHER,,"1,440","$1,830,608.88 ","$1,455,890.78 "
,TOTAL,,"1,687","$1,887,545.34 ","$1,501,140.96 "
32400,SG,,3,$965.35 ,$772.28 
,80'S,,1,$16.01 ,$12.81 
,OTHER,,"2,042","$175,538.04 ","$139,112.67 "
,TOTAL,,"2,046","$176,519.40 ","$139,897.76 "
32402,80'S,,56,"$3,012.39 ","$2,403.31 "
,OTHER,,380,"$125,158.58 ","$99,256.50 "
,TOTAL,,436,"$128,170.97 ","$101,659.81 "
32405,SG,,58,"$18,728.90 ","$14,762.20 "
,OTHER,,"56,921","$5,704,450.57 ","$4,518,411.02 "
,TOTAL,,"56,979","$5,723,179.47 ","$4,533,173.22 "
32420,OTHER,,278,"$30,289.21 ","$24,186.06 "
,TOTAL,,278,"$30,289.21 ","$24,186.06 "
32440,80'S,,333,"$80,428.08 ","$63,932.77 "
,OTHER,,"1,435","$1,855,247.98 ","$1,468,043.18 "
,TOTAL,,"1,768","$1,935,676.06 ","$1,531,975.95 "
32442,80'S,,3,$838.13 ,$670.50 
,OTHER,,16,"$24,806.28 ","$19,845.03 "
,TOTAL,,19,"$25,644.41 ","$20,515.53 "
32445,80'S,,12,"$3,179.23 ","$2,543.39 "
,OTHER,,106,"$168,487.70 ","$134,710.11 "
,TOTAL,,118,"$171,666.93 ","$137,253.50 "
32480,80'S,,"3,929","$889,293.57 ","$705,298.39 "
,OTHER,,"18,231","$22,516,914.32 ","$17,873,565.59 "
,TOTAL,,"22,160","$23,406,207.89 ","$18,578,863.98 "
32482,80'S,,371,"$88,273.66 ","$70,212.71 "
,OTHER,,"1,524","$1,974,367.81 ","$1,562,324.32 "
,TOTAL,,"1,895","$2,062,641.47 ","$1,632,537.03 "
32484,80'S,,289,"$56,868.47 ","$45,408.39 "
,OTHER,,"1,464","$1,611,580.51 ","$1,281,751.86 "
,TOTAL,,"1,753","$1,668,448.98 ","$1,327,160.25 "
32486,80'S,,30,"$6,942.83 ","$5,545.07 "
,OTHER,,134,"$181,934.33 ","$145,547.52 "
,TOTAL,,164,"$188,877.16 ","$151,092.59 "
32488,80'S,,45,"$11,514.28 ","$8,956.33 "
,OTHER,,203,"$286,900.29 ","$229,520.18 "
,TOTAL,,248,"$298,414.57 ","$238,476.51 "
32491,80'S,,37,"$10,622.07 ","$8,479.50 "
,OTHER,,179,"$288,213.88 ","$228,267.26 "
,TOTAL,,216,"$298,835.95 ","$236,746.76 "
32500,80'S,,"1,720","$318,224.11 ","$252,631.64 "
,OTHER,,"10,010","$10,367,895.24 ","$8,214,951.58 "
,TOTAL,,"11,730","$10,686,119.35 ","$8,467,583.22 "
32501,80'S,,39,"$1,579.74 ","$1,263.80 "
,OTHER,,223,"$50,480.26 ","$40,243.43 "
,TOTAL,,262,"$52,060.00 ","$41,507.23 "
32520,80'S,,81,"$15,411.46 ","$12,329.21 "
,OTHER,,404,"$428,298.81 ","$339,626.45 "
,TOTAL,,485,"$443,710.27 ","$351,955.66 "
32522,80'S,,32,"$7,775.70 ","$6,220.55 "
,OTHER,,109,"$146,618.53 ","$117,015.28 "
,TOTAL,,141,"$154,394.23 ","$123,235.83 "
32525,80'S,,35,"$8,979.72 ","$7,183.77 "
,OTHER,,176,"$249,273.84 ","$199,410.21 "
,TOTAL,,211,"$258,253.56 ","$206,593.98 "
32540,80'S,,27,"$3,159.33 ","$2,449.14 "
,OTHER,,178,"$123,563.90 ","$98,141.95 "
,TOTAL,,205,"$126,723.23 ","$100,591.09 "
32601,80'S,,59,"$1,889.75 ","$1,467.59 "
,OTHER,,"1,878","$385,394.37 ","$305,881.23 "
,TOTAL,,"1,937","$387,284.12 ","$307,348.82 "
32602,80'S,,100,"$5,082.31 ","$4,052.24 "
,OTHER,,"3,918","$1,203,759.49 ","$953,020.12 "
,TOTAL,,"4,018","$1,208,841.80 ","$957,072.36 "
32603,OTHER,,31,"$8,227.37 ","$6,581.87 "
,TOTAL,,31,"$8,227.37 ","$6,581.87 "
32604,80'S,,1,$43.01 ,$34.41 
,OTHER,,31,"$12,010.88 ","$9,538.90 "
,TOTAL,,32,"$12,053.89 ","$9,573.31 "
32605,80'S,,1,$69.80 ,$55.84 
,OTHER,,28,"$7,688.04 ","$6,085.87 "
,TOTAL,,29,"$7,757.84 ","$6,141.71 "
32606,80'S,,13,$861.16 ,$683.85 
,OTHER,,243,"$107,176.11 ","$84,596.49 "
,TOTAL,,256,"$108,037.27 ","$85,280.34 "
32650,80'S,,676,"$63,551.85 ","$50,652.56 "
,OTHER,,"7,581","$4,452,533.26 ","$3,546,320.01 "
,TOTAL,,"8,257","$4,516,085.11 ","$3,596,972.57 "
32651,80'S,,148,"$16,622.62 ","$13,107.02 "
,OTHER,,"1,232","$873,212.95 ","$695,269.59 "
,TOTAL,,"1,380","$889,835.57 ","$708,376.61 "
32652,80'S,,182,"$32,471.08 ","$25,976.92 "
,OTHER,,"1,119","$1,197,187.57 ","$948,138.29 "
,TOTAL,,"1,301","$1,229,658.65 ","$974,115.21 "
32653,80'S,,78,"$7,571.56 ","$6,057.24 "
,OTHER,,636,"$415,756.79 ","$329,899.52 "
,TOTAL,,714,"$423,328.35 ","$335,956.76 "
32654,80'S,,12,"$1,443.55 ","$1,154.83 "
,OTHER,,100,"$69,372.28 ","$55,401.02 "
,TOTAL,,112,"$70,815.83 ","$56,555.85 "
32655,80'S,,78,"$9,180.89 ","$7,205.77 "
,OTHER,,634,"$431,835.60 ","$342,089.52 "
,TOTAL,,712,"$441,016.49 ","$349,295.29 "
32656,80'S,,145,"$16,141.67 ","$12,801.01 "
,OTHER,,537,"$370,152.80 ","$295,426.44 "
,TOTAL,,682,"$386,294.47 ","$308,227.45 "
32657,80'S,,992,"$125,607.31 ","$99,634.52 "
,OTHER,,"7,201","$5,371,349.02 ","$4,260,586.15 "
,TOTAL,,"8,193","$5,496,956.33 ","$4,360,220.67 "
32658,80'S,,4,$433.93 ,$347.15 
,OTHER,,38,"$22,505.50 ","$18,004.37 "
,TOTAL,,42,"$22,939.43 ","$18,351.52 "
32659,80'S,,57,"$6,386.27 ","$5,096.59 "
,OTHER,,449,"$289,180.89 ","$227,901.77 "
,TOTAL,,506,"$295,567.16 ","$232,998.36 "
32660,OTHER,,13,"$11,187.88 ","$8,950.30 "
,TOTAL,,13,"$11,187.88 ","$8,950.30 "
32661,80'S,,4,$513.53 ,$410.82 
,OTHER,,34,"$23,065.52 ","$18,452.44 "
,TOTAL,,38,"$23,579.05 ","$18,863.26 "
32662,80'S,,97,"$11,782.72 ","$9,421.04 "
,OTHER,,285,"$248,035.61 ","$196,499.18 "
,TOTAL,,382,"$259,818.33 ","$205,920.22 "
32663,80'S,,474,"$94,816.48 ","$75,432.33 "
,OTHER,,"1,363","$1,567,429.37 ","$1,247,337.03 "
,TOTAL,,"1,837","$1,662,245.85 ","$1,322,769.36 "
32664,80'S,,6,$696.70 ,$557.36 
,OTHER,,93,"$81,610.46 ","$64,322.50 "
,TOTAL,,99,"$82,307.16 ","$64,879.86 "
32665,80'S,,9,"$1,000.80 ",$800.66 
,OTHER,,37,"$25,616.60 ","$20,445.02 "
,TOTAL,,46,"$26,617.40 ","$21,245.68 "
32800,80'S,,13,"$1,646.13 ","$1,316.89 "
,OTHER,,57,"$36,433.16 ","$29,058.81 "
,TOTAL,,70,"$38,079.29 ","$30,375.70 "
32810,80'S,,5,$680.02 ,$544.01 
,OTHER,,60,"$41,645.10 ","$33,316.11 "
,TOTAL,,65,"$42,325.12 ","$33,860.12 "
32815,80'S,,36,"$7,360.35 ","$5,888.27 "
,OTHER,,191,"$214,092.18 ","$170,448.67 "
,TOTAL,,227,"$221,452.53 ","$176,336.94 "
32820,80'S,,6,"$1,138.15 ",$910.53 
,OTHER,,43,"$44,428.86 ","$35,543.08 "
,TOTAL,,49,"$45,567.01 ","$36,453.61 "
32851,80'S,,42,"$17,657.40 ","$13,805.34 "
,OTHER,,193,"$485,807.37 ","$382,320.32 "
,TOTAL,,235,"$503,464.77 ","$396,125.66 "
32852,80'S,,6,"$2,989.57 ","$2,391.64 "
,OTHER,,18,"$50,332.18 ","$40,265.77 "
,TOTAL,,24,"$53,321.75 ","$42,657.41 "
32853,80'S,,42,"$22,039.83 ","$17,631.88 "
,OTHER,,121,"$400,555.26 ","$318,352.68 "
,TOTAL,,163,"$422,595.09 ","$335,984.56 "
32854,80'S,,27,"$15,537.03 ","$12,429.63 "
,OTHER,,74,"$243,077.89 ","$194,462.29 "
,TOTAL,,101,"$258,614.92 ","$206,891.92 "
32900,80'S,,55,"$7,701.32 ","$6,161.06 "
,OTHER,,262,"$234,584.33 ","$184,753.11 "
,TOTAL,,317,"$242,285.65 ","$190,914.17 "
32905,80'S,,12,"$1,816.58 ","$1,453.25 "
,OTHER,,67,"$61,224.97 ","$48,980.05 "
,TOTAL,,79,"$63,041.55 ","$50,433.30 "
32906,80'S,,7,"$1,761.84 ","$1,409.47 "
,OTHER,,51,"$65,367.38 ","$52,293.96 "
,TOTAL,,58,"$67,129.22 ","$53,703.43 "
32940,80'S,,7,$885.59 ,$708.48 
,OTHER,,77,"$51,779.06 ","$41,423.20 "
,TOTAL,,84,"$52,664.65 ","$42,131.68 "
32960,OTHER,,57,"$5,023.77 ","$4,004.15 "
,TOTAL,,57,"$5,023.77 ","$4,004.15 "
32997,OTHER,,75,"$21,115.58 ","$16,865.09 "
,TOTAL,,75,"$21,115.58 ","$16,865.09 "
32999,80'S,,32,"$5,800.14 ","$4,640.13 "
,OTHER,,834,"$322,016.15 ","$256,231.13 "
,TOTAL,,866,"$327,816.29 ","$260,871.26 "
33010,OTHER,CARDIOVASCULAR,"4,720","$513,603.91 ","$406,968.12 "
,TOTAL,,"4,720","$513,603.91 ","$406,968.12 "
33011,OTHER,,131,"$14,951.18 ","$11,937.81 "
,TOTAL,,131,"$14,951.18 ","$11,937.81 "
33015,OTHER,,571,"$234,696.42 ","$185,825.97 "
,TOTAL,,571,"$234,696.42 ","$185,825.97 "
33020,80'S,,30,"$2,849.74 ","$2,268.71 "
,OTHER,,285,"$162,896.17 ","$129,218.97 "
,TOTAL,,315,"$165,745.91 ","$131,487.68 "
33025,80'S,,565,"$62,259.71 ","$49,425.52 "
,OTHER,,"7,047","$4,484,147.87 ","$3,556,645.16 "
,TOTAL,,"7,612","$4,546,407.58 ","$3,606,070.68 "
33030,80'S,,154,"$23,481.61 ","$18,402.67 "
,OTHER,,721,"$635,875.99 ","$503,898.92 "
,TOTAL,,875,"$659,357.60 ","$522,301.59 "
33031,80'S,,97,"$11,854.31 ","$9,483.45 "
,OTHER,,315,"$218,832.94 ","$174,060.54 "
,TOTAL,,412,"$230,687.25 ","$183,543.99 "
33050,80'S,,25,"$2,122.12 ","$1,667.60 "
,OTHER,,101,"$56,192.16 ","$44,665.87 "
,TOTAL,,126,"$58,314.28 ","$46,333.47 "
33120,80'S,,241,"$43,722.02 ","$34,559.98 "
,OTHER,,785,"$750,140.05 ","$593,910.36 "
,TOTAL,,"1,026","$793,862.07 ","$628,470.34 "
33130,80'S,,9,"$1,234.42 ",$987.53 
,OTHER,,51,"$34,120.58 ","$27,289.06 "
,TOTAL,,60,"$35,355.00 ","$28,276.59 "
33140,80'S,,35,"$6,826.16 ","$5,460.95 "
,OTHER,,161,"$163,623.88 ","$128,777.35 "
,TOTAL,,196,"$170,450.04 ","$134,238.30 "
33141,80'S,,474,"$19,816.73 ","$15,681.93 "
,OTHER,,"2,283","$455,465.48 ","$360,400.11 "
,TOTAL,,"2,757","$475,282.21 ","$376,082.04 "
33200,OTHER,,"1,237","$740,199.59 ","$589,193.46 "
,TOTAL,,"1,237","$740,199.59 ","$589,193.46 "
33201,OTHER,,238,"$144,118.25 ","$115,252.70 "
,TOTAL,,238,"$144,118.25 ","$115,252.70 "
33206,OTHER,,"1,850","$708,250.89 ","$564,074.58 "
,TOTAL,,"1,850","$708,250.89 ","$564,074.58 "
33207,80'S,,1,$76.31 ,$61.05 
,OTHER,,"33,810","$16,297,731.81 ","$12,980,236.78 "
,TOTAL,,"33,811","$16,297,808.12 ","$12,980,297.83 "
33208,80'S,,2,$172.81 ,$138.24 
,OTHER,,"134,503","$65,567,237.20 ","$52,179,800.57 "
,TOTAL,,"134,505","$65,567,410.01 ","$52,179,938.81 "
33210,OTHER,,"25,508","$3,505,720.32 ","$2,781,828.79 "
,TOTAL,,"25,508","$3,505,720.32 ","$2,781,828.79 "
33211,OTHER,,"1,563","$182,496.11 ","$144,608.20 "
,TOTAL,,"1,563","$182,496.11 ","$144,608.20 "
33212,OTHER,,"11,235","$3,836,113.83 ","$3,044,763.51 "
,TOTAL,,"11,235","$3,836,113.83 ","$3,044,763.51 "
33213,80'S,,2,$147.62 ,$118.10 
,OTHER,,"27,419","$10,651,182.78 ","$8,457,691.06 "
,TOTAL,,"27,421","$10,651,330.40 ","$8,457,809.16 "
33214,80'S,,6,$276.62 ,$221.29 
,OTHER,,"1,336","$600,267.43 ","$475,818.44 "
,TOTAL,,"1,342","$600,544.05 ","$476,039.73 "
33215,OTHER,,"4,155","$1,116,166.39 ","$889,175.98 "
,TOTAL,,"4,155","$1,116,166.39 ","$889,175.98 "
33216,OTHER,,"4,688","$1,455,900.03 ","$1,158,574.21 "
,TOTAL,,"4,688","$1,455,900.03 ","$1,158,574.21 "
33217,OTHER,,"3,172","$1,016,819.29 ","$809,391.15 "
,TOTAL,,"3,172","$1,016,819.29 ","$809,391.15 "
33218,OTHER,,771,"$240,723.37 ","$191,327.14 "
,TOTAL,,771,"$240,723.37 ","$191,327.14 "
33220,OTHER,,428,"$125,267.93 ","$99,669.68 "
,TOTAL,,428,"$125,267.93 ","$99,669.68 "
33222,SG,,5,"$2,227.39 ","$1,781.92 "
,OTHER,,"3,244","$859,395.26 ","$681,832.54 "
,TOTAL,,"3,249","$861,622.65 ","$683,614.46 "
33223,SG,,1,$443.00 ,$354.40 
,80'S,,11,$689.17 ,$551.34 
,OTHER,,"3,217","$935,641.55 ","$742,766.82 "
,TOTAL,,"3,229","$936,773.72 ","$743,672.56 "
33224,OTHER,,"3,937","$1,699,602.80 ","$1,349,810.31 "
,TOTAL,,"3,937","$1,699,602.80 ","$1,349,810.31 "
33225,OTHER,,"32,331","$14,414,448.73 ","$11,455,135.65 "
,TOTAL,,"32,331","$14,414,448.73 ","$11,455,135.65 "
33226,OTHER,,"1,077","$504,024.71 ","$400,757.48 "
,TOTAL,,"1,077","$504,024.71 ","$400,757.48 "
33233,80'S,,2,$47.96 ,$38.36 
,OTHER,,"41,593","$5,620,700.95 ","$4,464,869.87 "
,TOTAL,,"41,595","$5,620,748.91 ","$4,464,908.23 "
33234,80'S,,1,$92.95 ,$74.36 
,OTHER,,"3,761","$1,399,905.00 ","$1,113,206.52 "
,TOTAL,,"3,762","$1,399,997.95 ","$1,113,280.88 "
33235,OTHER,,"3,486","$1,937,571.03 ","$1,543,814.36 "
,TOTAL,,"3,486","$1,937,571.03 ","$1,543,814.36 "
33236,80'S,,4,$360.06 ,$288.04 
,OTHER,,81,"$55,726.41 ","$44,581.08 "
,TOTAL,,85,"$56,086.47 ","$44,869.12 "
33237,80'S,,1,$139.14 ,$111.31 
,OTHER,,88,"$60,153.69 ","$47,709.73 "
,TOTAL,,89,"$60,292.83 ","$47,821.04 "
33238,80'S,,3,$235.06 ,$188.05 
,OTHER,,102,"$66,618.70 ","$53,294.98 "
,TOTAL,,105,"$66,853.76 ","$53,483.03 "
33240,80'S,,1,$44.51 ,$35.61 
,OTHER,,"16,324","$7,594,953.17 ","$6,006,653.00 "
,TOTAL,,"16,325","$7,594,997.68 ","$6,006,688.61 "
33241,80'S,,38,"$1,120.72 ",$896.61 
,OTHER,,"19,433","$2,522,623.79 ","$1,995,080.82 "
,TOTAL,,"19,471","$2,523,744.51 ","$1,995,977.43 "
33243,80'S,,44,"$6,969.89 ","$5,575.92 "
,OTHER,,340,"$334,647.54 ","$264,338.45 "
,TOTAL,,384,"$341,617.43 ","$269,914.37 "
33244,OTHER,,"2,654","$2,222,937.57 ","$1,760,914.29 "
,TOTAL,,"2,654","$2,222,937.57 ","$1,760,914.29 "
33245,80'S,,217,"$22,695.80 ","$17,974.26 "
,OTHER,,"1,797","$1,152,134.19 ","$918,384.79 "
,TOTAL,,"2,014","$1,174,829.99 ","$936,359.05 "
33246,80'S,,32,"$5,157.89 ","$4,126.33 "
,OTHER,,650,"$697,905.07 ","$555,282.88 "
,TOTAL,,682,"$703,062.96 ","$559,409.21 "
33249,80'S,,1,$145.21 ,$116.17 
,OTHER,,"66,093","$56,992,693.88 ","$45,215,611.21 "
,TOTAL,,"66,094","$56,992,839.09 ","$45,215,727.38 "
33250,80'S,,8,$833.93 ,$667.13 
,OTHER,,67,"$35,089.19 ","$28,071.33 "
,TOTAL,,75,"$35,923.12 ","$28,738.46 "
33251,80'S,,271,"$32,121.92 ","$25,350.52 "
,OTHER,,870,"$513,617.98 ","$408,134.38 "
,TOTAL,,"1,141","$545,739.90 ","$433,484.90 "
33253,80'S,,"2,906","$455,336.63 ","$362,955.43 "
,OTHER,,"10,866","$8,405,814.74 ","$6,691,405.68 "
,TOTAL,,"13,772","$8,861,151.37 ","$7,054,361.11 "
33261,80'S,,10,"$1,277.23 ","$1,021.79 "
,OTHER,,55,"$35,579.38 ","$28,463.50 "
,TOTAL,,65,"$36,856.61 ","$29,485.29 "
33282,OTHER,,"3,769","$1,180,883.58 ","$936,323.98 "
,TOTAL,,"3,769","$1,180,883.58 ","$936,323.98 "
33284,OTHER,,"2,113","$424,370.05 ","$333,373.62 "
,TOTAL,,"2,113","$424,370.05 ","$333,373.62 "
33300,80'S,,55,"$8,329.96 ","$6,616.49 "
,OTHER,,326,"$266,539.58 ","$213,114.69 "
,TOTAL,,381,"$274,869.54 ","$219,731.18 "
33305,80'S,,83,"$10,311.50 ","$8,249.19 "
,OTHER,,306,"$197,555.66 ","$157,843.48 "
,TOTAL,,389,"$207,867.16 ","$166,092.67 "
33310,80'S,,12,"$1,661.00 ","$1,328.80 "
,OTHER,,92,"$85,712.41 ","$68,215.63 "
,TOTAL,,104,"$87,373.41 ","$69,544.43 "
33315,80'S,,45,"$7,387.81 ","$5,891.72 "
,OTHER,,237,"$190,136.82 ","$151,389.58 "
,TOTAL,,282,"$197,524.63 ","$157,281.30 "
33320,80'S,,44,"$5,430.35 ","$4,332.06 "
,OTHER,,221,"$138,706.72 ","$109,012.86 "
,TOTAL,,265,"$144,137.07 ","$113,344.92 "
33321,80'S,,3,$382.63 ,$306.10 
,OTHER,,9,"$6,004.73 ","$4,803.78 "
,TOTAL,,12,"$6,387.36 ","$5,109.88 "
33322,80'S,,76,"$9,295.18 ","$7,360.58 "
,OTHER,,230,"$148,582.51 ","$116,491.80 "
,TOTAL,,306,"$157,877.69 ","$123,852.38 "
33330,80'S,,7,"$1,063.64 ",$850.92 
,OTHER,,42,"$36,521.96 ","$28,475.70 "
,TOTAL,,49,"$37,585.60 ","$29,326.62 "
33332,80'S,,3,$555.11 ,$444.09 
,OTHER,,6,"$6,138.52 ","$4,910.82 "
,TOTAL,,9,"$6,693.63 ","$5,354.91 "
33335,80'S,,66,"$11,142.95 ","$8,833.10 "
,OTHER,,186,"$165,540.58 ","$132,414.97 "
,TOTAL,,252,"$176,683.53 ","$141,248.07 "
33400,80'S,,87,"$15,096.17 ","$11,751.79 "
,OTHER,,359,"$324,225.36 ","$255,767.61 "
,TOTAL,,446,"$339,321.53 ","$267,519.40 "
33401,80'S,,1,$241.88 ,$193.50 
,TOTAL,,1,$241.88 ,$193.50 
33403,80'S,,2,$363.48 ,$290.79 
,OTHER,,8,"$7,717.81 ","$6,174.25 "
,TOTAL,,10,"$8,081.29 ","$6,465.04 "
33404,80'S,,20,"$3,784.53 ","$3,027.63 "
,OTHER,,52,"$62,027.37 ","$48,867.54 "
,TOTAL,,72,"$65,811.90 ","$51,895.17 "
33405,80'S,,"12,456","$4,155,250.77 ","$3,301,424.34 "
,OTHER,,"39,213","$66,706,495.98 ","$53,049,116.73 "
,TOTAL,,"51,669","$70,861,746.75 ","$56,350,541.07 "
33406,80'S,,218,"$76,783.40 ","$61,315.88 "
,OTHER,,868,"$1,464,737.39 ","$1,167,423.07 "
,TOTAL,,"1,086","$1,541,520.79 ","$1,228,738.95 "
33410,80'S,,609,"$163,454.37 ","$129,863.66 "
,OTHER,,"2,280","$3,157,313.90 ","$2,513,149.86 "
,TOTAL,,"2,889","$3,320,768.27 ","$2,643,013.52 "
33411,80'S,,390,"$139,615.79 ","$111,244.45 "
,OTHER,,"1,061","$1,920,527.91 ","$1,527,740.34 "
,TOTAL,,"1,451","$2,060,143.70 ","$1,638,984.79 "
33412,80'S,,22,"$8,929.47 ","$7,143.56 "
,OTHER,,52,"$109,352.96 ","$87,482.36 "
,TOTAL,,74,"$118,282.43 ","$94,625.92 "
33413,80'S,,2,$792.66 ,$634.13 
,OTHER,,12,"$21,591.27 ","$17,273.00 "
,TOTAL,,14,"$22,383.93 ","$17,907.13 "
33414,80'S,,15,"$2,483.15 ","$1,986.51 "
,OTHER,,69,"$61,746.99 ","$49,397.62 "
,TOTAL,,84,"$64,230.14 ","$51,384.13 "
33415,80'S,,40,"$5,720.31 ","$4,576.27 "
,OTHER,,130,"$95,731.02 ","$76,566.59 "
,TOTAL,,170,"$101,451.33 ","$81,142.86 "
33416,80'S,,213,"$35,136.92 ","$28,109.61 "
,OTHER,,676,"$588,541.18 ","$469,714.57 "
,TOTAL,,889,"$623,678.10 ","$497,824.18 "
33417,80'S,,46,"$6,854.91 ","$5,483.92 "
,OTHER,,207,"$142,300.67 ","$113,048.50 "
,TOTAL,,253,"$149,155.58 ","$118,532.42 "
33420,OTHER,,252,"$18,269.72 ","$14,273.46 "
,TOTAL,,252,"$18,269.72 ","$14,273.46 "
33422,80'S,,20,"$3,229.44 ","$2,562.91 "
,OTHER,,70,"$49,865.64 ","$39,732.14 "
,TOTAL,,90,"$53,095.08 ","$42,295.05 "
33425,80'S,,325,"$52,379.92 ","$41,771.38 "
,OTHER,,842,"$705,200.68 ","$561,273.66 "
,TOTAL,,"1,167","$757,580.60 ","$603,045.04 "
33426,80'S,,"2,680","$771,810.72 ","$614,440.10 "
,OTHER,,"10,159","$14,543,684.06 ","$11,561,188.12 "
,TOTAL,,"12,839","$15,315,494.78 ","$12,175,628.22 "
33427,80'S,,993,"$382,710.64 ","$305,096.80 "
,OTHER,,"3,625","$7,077,102.86 ","$5,631,683.51 "
,TOTAL,,"4,618","$7,459,813.50 ","$5,936,780.31 "
33430,80'S,,"4,510","$1,315,034.84 ","$1,044,348.78 "
,OTHER,,"14,411","$21,583,150.00 ","$17,159,707.95 "
,TOTAL,,"18,921","$22,898,184.84 ","$18,204,056.73 "
33460,80'S,,18,"$2,566.15 ","$2,052.92 "
,OTHER,,84,"$59,428.14 ","$47,527.71 "
,TOTAL,,102,"$61,994.29 ","$49,580.63 "
33463,80'S,,255,"$34,258.64 ","$27,236.05 "
,OTHER,,"1,118","$781,158.12 ","$622,057.26 "
,TOTAL,,"1,373","$815,416.76 ","$649,293.31 "
33464,80'S,,868,"$122,366.29 ","$97,413.87 "
,OTHER,,"3,190","$2,261,049.72 ","$1,801,618.54 "
,TOTAL,,"4,058","$2,383,416.01 ","$1,899,032.41 "
33465,80'S,,114,"$22,806.24 ","$18,145.30 "
,OTHER,,426,"$420,371.28 ","$334,936.88 "
,TOTAL,,540,"$443,177.52 ","$353,082.18 "
33468,80'S,,7,"$1,194.50 ",$955.60 
,OTHER,,11,"$10,023.31 ","$8,018.64 "
,TOTAL,,18,"$11,217.81 ","$8,974.24 "
33472,OTHER,,1,$665.84 ,$532.67 
,TOTAL,,1,$665.84 ,$532.67 
33474,80'S,,4,$464.52 ,$371.62 
,OTHER,,18,"$10,496.86 ","$8,397.48 "
,TOTAL,,22,"$10,961.38 ","$8,769.10 "
33475,80'S,,13,"$3,600.04 ","$2,880.04 "
,OTHER,,73,"$105,223.44 ","$83,572.39 "
,TOTAL,,86,"$108,823.48 ","$86,452.43 "
33476,80'S,,1,$114.84 ,$91.87 
,OTHER,,15,"$12,452.29 ","$9,961.82 "
,TOTAL,,16,"$12,567.13 ","$10,053.69 "
33478,80'S,,4,$550.29 ,$440.23 
,OTHER,,15,"$14,346.54 ","$11,477.23 "
,TOTAL,,19,"$14,896.83 ","$11,917.46 "
33496,80'S,,34,"$6,880.34 ","$5,376.76 "
,OTHER,,125,"$138,011.66 ","$109,363.90 "
,TOTAL,,159,"$144,892.00 ","$114,740.66 "
33500,80'S,,8,"$1,104.20 ",$883.37 
,OTHER,,37,"$22,506.58 ","$18,005.26 "
,TOTAL,,45,"$23,610.78 ","$18,888.63 "
33501,80'S,,14,"$2,031.05 ","$1,624.88 "
,OTHER,,35,"$28,378.70 ","$21,791.88 "
,TOTAL,,49,"$30,409.75 ","$23,416.76 "
33502,80'S,,30,"$3,601.41 ","$2,881.11 "
,OTHER,,91,"$57,378.32 ","$45,849.73 "
,TOTAL,,121,"$60,979.73 ","$48,730.84 "
33503,80'S,,1,$2.53 ,$2.02 
,OTHER,,16,"$17,330.83 ","$13,864.67 "
,TOTAL,,17,"$17,333.36 ","$13,866.69 "
33504,80'S,,14,"$1,969.50 ","$1,575.60 "
,OTHER,,33,"$26,156.31 ","$20,925.04 "
,TOTAL,,47,"$28,125.81 ","$22,500.64 "
33505,80'S,,3,$469.71 ,$375.78 
,OTHER,,12,"$6,250.67 ","$5,000.55 "
,TOTAL,,15,"$6,720.38 ","$5,376.33 "
33506,80'S,,1,$189.37 ,$151.50 
,OTHER,,6,"$7,404.53 ","$5,923.62 "
,TOTAL,,7,"$7,593.90 ","$6,075.12 "
33508,80'S,,"8,405","$21,577.11 ","$17,161.30 "
,OTHER,,"64,549","$880,868.68 ","$700,087.49 "
,TOTAL,,"72,954","$902,445.79 ","$717,248.79 "
33510,80'S,,"3,145","$550,382.34 ","$437,541.85 "
,OTHER,,"10,071","$9,054,291.64 ","$7,202,313.62 "
,TOTAL,,"13,216","$9,604,673.98 ","$7,639,855.47 "
33511,80'S,,"3,291","$759,534.29 ","$603,790.37 "
,OTHER,,"10,862","$12,583,459.20 ","$9,994,380.00 "
,TOTAL,,"14,153","$13,342,993.49 ","$10,598,170.37 "
33512,80'S,,"3,308","$910,258.01 ","$724,710.26 "
,OTHER,,"10,888","$14,909,573.60 ","$11,858,360.84 "
,TOTAL,,"14,196","$15,819,831.61 ","$12,583,071.10 "
33513,80'S,,"1,592","$463,287.76 ","$367,596.41 "
,OTHER,,"5,181","$7,440,703.54 ","$5,917,544.47 "
,TOTAL,,"6,773","$7,903,991.30 ","$6,285,140.88 "
33514,80'S,,492,"$151,661.56 ","$120,975.99 "
,OTHER,,"1,484","$2,277,216.15 ","$1,815,197.40 "
,TOTAL,,"1,976","$2,428,877.71 ","$1,936,173.39 "
33516,80'S,,111,"$37,950.94 ","$30,140.36 "
,OTHER,,320,"$518,998.72 ","$409,419.01 "
,TOTAL,,431,"$556,949.66 ","$439,559.37 "
33517,80'S,,"7,526","$167,363.33 ","$133,135.61 "
,OTHER,,"27,266","$3,034,619.50 ","$2,410,687.02 "
,TOTAL,,"34,792","$3,201,982.83 ","$2,543,822.63 "
33518,80'S,,"17,372","$723,686.76 ","$575,326.52 "
,OTHER,,"61,744","$12,859,774.78 ","$10,209,199.34 "
,TOTAL,,"79,116","$13,583,461.54 ","$10,784,525.86 "
33519,80'S,,"14,238","$869,969.98 ","$691,850.79 "
,OTHER,,"50,008","$15,053,685.35 ","$11,948,374.39 "
,TOTAL,,"64,246","$15,923,655.33 ","$12,640,225.18 "
33521,80'S,,"4,678","$378,030.70 ","$299,804.62 "
,OTHER,,"16,693","$6,523,416.31 ","$5,175,515.47 "
,TOTAL,,"21,371","$6,901,447.01 ","$5,475,320.09 "
33522,80'S,,807,"$80,796.30 ","$64,302.85 "
,OTHER,,"2,955","$1,418,260.64 ","$1,127,157.24 "
,TOTAL,,"3,762","$1,499,056.94 ","$1,191,460.09 "
33523,80'S,,129,"$15,142.79 ","$11,869.44 "
,OTHER,,556,"$316,343.06 ","$251,263.12 "
,TOTAL,,685,"$331,485.85 ","$263,132.56 "
33530,80'S,,"5,768","$294,322.27 ","$234,093.29 "
,OTHER,,"20,015","$5,229,477.76 ","$4,152,749.41 "
,TOTAL,,"25,783","$5,523,800.03 ","$4,386,842.70 "
33533,80'S,,"43,321","$11,890,956.41 ","$9,434,657.11 "
,OTHER,,"152,745","$207,106,959.43 ","$164,286,585.14 "
,TOTAL,,"196,066","$218,997,915.84 ","$173,721,242.25 "
33534,80'S,,"4,053","$1,221,432.73 ","$964,664.97 "
,OTHER,,"15,543","$23,424,422.35 ","$18,518,747.33 "
,TOTAL,,"19,596","$24,645,855.08 ","$19,483,412.30 "
33535,80'S,,"1,122","$362,599.82 ","$286,578.97 "
,OTHER,,"3,901","$6,372,785.02 ","$5,041,508.70 "
,TOTAL,,"5,023","$6,735,384.84 ","$5,328,087.67 "
33536,80'S,,454,"$154,861.92 ","$122,252.68 "
,OTHER,,"1,525","$2,571,267.70 ","$2,037,190.22 "
,TOTAL,,"1,979","$2,726,129.62 ","$2,159,442.90 "
33542,80'S,,433,"$64,038.63 ","$50,833.52 "
,OTHER,,"1,486","$1,141,981.18 ","$902,949.66 "
,TOTAL,,"1,919","$1,206,019.81 ","$953,783.18 "
33545,80'S,,49,"$16,513.16 ","$13,210.51 "
,OTHER,,201,"$341,245.33 ","$265,335.49 "
,TOTAL,,250,"$357,758.49 ","$278,546.00 "
33572,80'S,,"1,090","$41,294.74 ","$32,816.47 "
,OTHER,,"4,633","$888,343.64 ","$705,226.06 "
,TOTAL,,"5,723","$929,638.38 ","$738,042.53 "
33600,80'S,,6,$792.73 ,$634.18 
,OTHER,,19,"$11,630.26 ","$9,170.57 "
,TOTAL,,25,"$12,422.99 ","$9,804.75 "
33602,80'S,,1,$217.63 ,$174.10 
,OTHER,,2,"$1,684.16 ","$1,347.33 "
,TOTAL,,3,"$1,901.79 ","$1,521.43 "
33606,80'S,,7,$930.93 ,$744.73 
,OTHER,,14,"$13,412.94 ","$10,730.33 "
,TOTAL,,21,"$14,343.87 ","$11,475.06 "
33608,80'S,,4,$892.16 ,$713.73 
,OTHER,,3,"$5,174.36 ","$4,139.49 "
,TOTAL,,7,"$6,066.52 ","$4,853.22 "
33610,80'S,,1,$150.99 ,$120.79 
,OTHER,,3,"$2,124.68 ","$1,699.75 "
,TOTAL,,4,"$2,275.67 ","$1,820.54 "
33611,80'S,,2,$484.01 ,$387.21 
,OTHER,,3,"$2,653.02 ","$2,122.42 "
,TOTAL,,5,"$3,137.03 ","$2,509.63 "
33612,80'S,,3,$801.66 ,$641.33 
,OTHER,,7,"$8,685.33 ","$6,948.26 "
,TOTAL,,10,"$9,486.99 ","$7,589.59 "
33615,80'S,,7,"$1,485.76 ","$1,188.62 "
,OTHER,,15,"$15,707.71 ","$12,557.70 "
,TOTAL,,22,"$17,193.47 ","$13,746.32 "
33617,80'S,,3,"$1,066.68 ",$853.35 
,OTHER,,13,"$22,791.22 ","$17,426.86 "
,TOTAL,,16,"$23,857.90 ","$18,280.21 "
33619,80'S,,2,$834.50 ,$667.60 
,OTHER,,2,"$3,512.55 ","$2,810.05 "
,TOTAL,,4,"$4,347.05 ","$3,477.65 "
33641,80'S,,804,"$92,465.73 ","$73,431.70 "
,OTHER,,"2,995","$1,683,565.17 ","$1,339,640.65 "
,TOTAL,,"3,799","$1,776,030.90 ","$1,413,072.35 "
33645,80'S,,13,"$1,992.21 ","$1,593.80 "
,OTHER,,57,"$54,949.01 ","$43,959.23 "
,TOTAL,,70,"$56,941.22 ","$45,553.03 "
33647,80'S,,7,"$1,561.31 ","$1,249.04 "
,OTHER,,60,"$60,174.78 ","$48,139.84 "
,TOTAL,,67,"$61,736.09 ","$49,388.88 "
33660,80'S,,7,"$1,904.79 ","$1,523.82 "
,OTHER,,41,"$52,972.27 ","$42,377.82 "
,TOTAL,,48,"$54,877.06 ","$43,901.64 "
33665,80'S,,2,$450.94 ,$360.75 
,OTHER,,3,"$3,098.38 ","$2,478.70 "
,TOTAL,,5,"$3,549.32 ","$2,839.45 "
33670,80'S,,1,$303.87 ,$243.10 
,OTHER,,4,"$5,472.04 ","$4,354.97 "
,TOTAL,,5,"$5,775.91 ","$4,598.07 "
33681,80'S,,80,"$17,500.35 ","$14,000.27 "
,OTHER,,255,"$270,774.24 ","$216,396.14 "
,TOTAL,,335,"$288,274.59 ","$230,396.41 "
33684,OTHER,,4,"$5,107.18 ","$4,085.75 "
,TOTAL,,4,"$5,107.18 ","$4,085.75 "
33690,80'S,,3,$376.27 ,$301.01 
,OTHER,,12,"$10,626.22 ","$8,500.97 "
,TOTAL,,15,"$11,002.49 ","$8,801.98 "
33692,OTHER,,1,$935.93 ,$748.74 
,TOTAL,,1,$935.93 ,$748.74 
33694,80'S,,1,$384.67 ,$307.74 
,OTHER,,1,"$2,404.16 ","$1,923.33 "
,TOTAL,,2,"$2,788.83 ","$2,231.07 "
33697,80'S,,1,$371.91 ,$297.53 
,OTHER,,14,"$20,727.80 ","$16,502.25 "
,TOTAL,,15,"$21,099.71 ","$16,799.78 "
33702,80'S,,3,$573.49 ,$458.79 
,OTHER,,15,"$18,581.64 ","$14,865.31 "
,TOTAL,,18,"$19,155.13 ","$15,324.10 "
33710,OTHER,,3,"$2,878.39 ","$2,302.72 "
,TOTAL,,3,"$2,878.39 ","$2,302.72 "
33720,80'S,,18,"$2,667.79 ","$2,054.22 "
,OTHER,,76,"$54,156.75 ","$43,192.20 "
,TOTAL,,94,"$56,824.54 ","$45,246.42 "
33722,80'S,,1,$149.98 ,$119.98 
,OTHER,,2,"$1,603.39 ","$1,282.71 "
,TOTAL,,3,"$1,753.37 ","$1,402.69 "
33730,80'S,,6,"$1,362.89 ","$1,090.30 "
,OTHER,,7,"$10,387.76 ","$8,310.20 "
,TOTAL,,13,"$11,750.65 ","$9,400.50 "
33732,80'S,,3,$376.88 ,$301.50 
,OTHER,,10,"$13,652.74 ","$10,922.19 "
,TOTAL,,13,"$14,029.62 ","$11,223.69 "
33735,OTHER,,5,"$2,787.56 ","$2,230.04 "
,TOTAL,,5,"$2,787.56 ","$2,230.04 "
33736,80'S,,4,$562.64 ,$450.11 
,OTHER,,13,"$6,514.50 ","$5,211.61 "
,TOTAL,,17,"$7,077.14 ","$5,661.72 "
33737,OTHER,,1,"$1,268.46 ","$1,014.77 "
,TOTAL,,1,"$1,268.46 ","$1,014.77 "
33750,OTHER,,5,"$3,739.19 ","$2,991.35 "
,TOTAL,,5,"$3,739.19 ","$2,991.35 "
33762,OTHER,,1,"$1,098.77 ",$879.02 
,TOTAL,,1,"$1,098.77 ",$879.02 
33764,OTHER,,2,"$1,468.38 ","$1,174.70 "
,TOTAL,,2,"$1,468.38 ","$1,174.70 "
33766,OTHER,,1,$666.75 ,$533.40 
,TOTAL,,1,$666.75 ,$533.40 
33767,OTHER,,2,"$3,158.13 ","$2,526.50 "
,TOTAL,,2,"$3,158.13 ","$2,526.50 "
33771,OTHER,,1,$930.51 ,$744.41 
,TOTAL,,1,$930.51 ,$744.41 
33778,80'S,,1,$404.21 ,$323.37 
,OTHER,,4,"$7,467.64 ","$5,974.11 "
,TOTAL,,5,"$7,871.85 ","$6,297.48 "
33781,80'S,,2,$748.02 ,$598.42 
,OTHER,,1,"$2,337.55 ","$1,870.04 "
,TOTAL,,3,"$3,085.57 ","$2,468.46 "
33786,OTHER,,1,"$2,746.41 ","$2,197.13 "
,TOTAL,,1,"$2,746.41 ","$2,197.13 "
33788,80'S,,1,$105.00 ,$84.00 
,OTHER,,1,$733.44 ,$586.75 
,TOTAL,,2,$838.44 ,$670.75 
33800,80'S,,2,$147.16 ,$117.73 
,OTHER,,5,"$2,018.26 ","$1,614.61 "
,TOTAL,,7,"$2,165.42 ","$1,732.34 "
33802,OTHER,,5,"$2,116.59 ","$1,693.26 "
,TOTAL,,5,"$2,116.59 ","$1,693.26 "
33803,OTHER,,5,"$4,159.34 ","$3,327.47 "
,TOTAL,,5,"$4,159.34 ","$3,327.47 "
33813,80'S,,2,$208.26 ,$166.60 
,OTHER,,5,"$3,778.00 ","$3,022.39 "
,TOTAL,,7,"$3,986.26 ","$3,188.99 "
33814,80'S,,3,$387.85 ,$310.28 
,OTHER,,12,"$7,949.32 ","$6,359.47 "
,TOTAL,,15,"$8,337.17 ","$6,669.75 "
33820,80'S,,2,$171.83 ,$137.46 
,OTHER,,36,"$17,374.16 ","$13,523.45 "
,TOTAL,,38,"$17,545.99 ","$13,660.91 "
33824,80'S,,1,$102.02 ,$81.62 
,OTHER,,2,"$1,237.55 ",$990.04 
,TOTAL,,3,"$1,339.57 ","$1,071.66 "
33840,80'S,,3,$218.69 ,$174.95 
,OTHER,,4,"$4,604.58 ","$3,683.66 "
,TOTAL,,7,"$4,823.27 ","$3,858.61 "
33845,OTHER,,4,"$4,384.02 ","$3,507.22 "
,TOTAL,,4,"$4,384.02 ","$3,507.22 "
33851,80'S,,2,$204.66 ,$163.73 
,OTHER,,4,"$2,366.22 ","$1,892.98 "
,TOTAL,,6,"$2,570.88 ","$2,056.71 "
33853,80'S,,6,"$1,051.02 ",$840.82 
,OTHER,,26,"$28,391.53 ","$22,142.70 "
,TOTAL,,32,"$29,442.55 ","$22,983.52 "
33860,80'S,,"1,118","$361,147.42 ","$287,103.60 "
,OTHER,,"3,518","$5,951,171.10 ","$4,735,842.53 "
,TOTAL,,"4,636","$6,312,318.52 ","$5,022,946.13 "
33861,80'S,,103,"$37,123.45 ","$29,486.77 "
,OTHER,,297,"$586,806.64 ","$464,607.66 "
,TOTAL,,400,"$623,930.09 ","$494,094.43 "
33863,80'S,,644,"$262,565.82 ","$207,213.00 "
,OTHER,,"2,241","$4,843,773.34 ","$3,843,089.11 "
,TOTAL,,"2,885","$5,106,339.16 ","$4,050,302.11 "
33870,80'S,,324,"$120,834.96 ","$96,088.13 "
,OTHER,,"1,180","$2,458,457.52 ","$1,957,921.74 "
,TOTAL,,"1,504","$2,579,292.48 ","$2,054,009.87 "
33875,80'S,,289,"$80,491.29 ","$63,813.02 "
,OTHER,,790,"$1,229,347.95 ","$975,844.13 "
,TOTAL,,"1,079","$1,309,839.24 ","$1,039,657.15 "
33877,80'S,,340,"$130,919.88 ","$104,563.42 "
,OTHER,,"1,083","$2,289,894.93 ","$1,822,690.56 "
,TOTAL,,"1,423","$2,420,814.81 ","$1,927,253.98 "
33910,80'S,,27,"$5,581.04 ","$4,464.86 "
,OTHER,,90,"$99,343.57 ","$78,287.66 "
,TOTAL,,117,"$104,924.61 ","$82,752.52 "
33915,80'S,,2,$380.84 ,$150.69 
,OTHER,,25,"$23,971.43 ","$19,177.15 "
,TOTAL,,27,"$24,352.27 ","$19,327.84 "
33916,80'S,,26,"$6,022.94 ","$4,818.32 "
,OTHER,,46,"$41,704.49 ","$33,363.64 "
,TOTAL,,72,"$47,727.43 ","$38,181.96 "
33917,80'S,,9,"$1,533.09 ","$1,047.38 "
,OTHER,,33,"$27,718.20 ","$21,485.11 "
,TOTAL,,42,"$29,251.29 ","$22,532.49 "
33918,OTHER,,2,$973.77 ,$779.01 
,TOTAL,,2,$973.77 ,$779.01 
33919,OTHER,,1,"$1,822.63 ","$1,458.10 "
,TOTAL,,1,"$1,822.63 ","$1,458.10 "
33920,OTHER,,5,"$7,443.84 ","$5,955.07 "
,TOTAL,,5,"$7,443.84 ","$5,955.07 "
33922,80'S,,3,$346.18 ,$276.94 
,OTHER,,11,"$8,888.00 ","$7,110.39 "
,TOTAL,,14,"$9,234.18 ","$7,387.33 "
33924,80'S,,2,$105.00 ,$84.00 
,OTHER,,3,$969.95 ,$775.96 
,TOTAL,,5,"$1,074.95 ",$859.96 
33935,80'S,,1,$572.26 ,$457.81 
,OTHER,,10,"$34,363.76 ","$27,491.01 "
,TOTAL,,11,"$34,936.02 ","$27,948.82 "
33945,80'S,,242,"$98,453.94 ","$78,080.45 "
,OTHER,,577,"$1,354,277.78 ","$1,068,022.84 "
,TOTAL,,819,"$1,452,731.72 ","$1,146,103.29 "
33960,80'S,,9,"$1,332.79 ","$1,066.24 "
,OTHER,,95,"$82,427.99 ","$64,056.36 "
,TOTAL,,104,"$83,760.78 ","$65,122.60 "
33961,OTHER,,26,"$15,858.59 ","$12,686.92 "
,TOTAL,,26,"$15,858.59 ","$12,686.92 "
33967,80'S,,160,"$3,884.67 ","$3,107.64 "
,OTHER,,"24,962","$4,742,831.62 ","$3,762,353.21 "
,TOTAL,,"25,122","$4,746,716.29 ","$3,765,460.85 "
33968,OTHER,,"5,188","$179,419.04 ","$141,739.40 "
,TOTAL,,"5,188","$179,419.04 ","$141,739.40 "
33970,80'S,,402,"$12,509.64 ","$9,956.33 "
,OTHER,,"3,215","$709,343.37 ","$563,770.99 "
,TOTAL,,"3,617","$721,853.01 ","$573,727.32 "
33971,OTHER,,"1,076","$586,141.27 ","$466,166.58 "
,TOTAL,,"1,076","$586,141.27 ","$466,166.58 "
33973,80'S,,53,"$2,673.14 ","$2,138.46 "
,OTHER,,255,"$83,312.71 ","$66,165.61 "
,TOTAL,,308,"$85,985.85 ","$68,304.07 "
33974,OTHER,,125,"$97,443.88 ","$77,722.17 "
,TOTAL,,125,"$97,443.88 ","$77,722.17 "
33975,80'S,,63,"$8,374.39 ","$6,642.73 "
,OTHER,,240,"$181,400.26 ","$142,738.89 "
,TOTAL,,303,"$189,774.65 ","$149,381.62 "
33976,80'S,,33,"$5,061.39 ","$4,049.09 "
,OTHER,,103,"$93,238.03 ","$73,648.82 "
,TOTAL,,136,"$98,299.42 ","$77,697.91 "
33977,80'S,,16,"$2,942.37 ","$2,353.91 "
,OTHER,,97,"$95,158.93 ","$75,177.95 "
,TOTAL,,113,"$98,101.30 ","$77,531.86 "
33978,80'S,,10,"$1,477.13 ","$1,181.73 "
,OTHER,,36,"$37,944.24 ","$30,355.36 "
,TOTAL,,46,"$39,421.37 ","$31,537.09 "
33979,80'S,,63,"$23,608.76 ","$18,700.51 "
,OTHER,,166,"$365,618.48 ","$284,219.56 "
,TOTAL,,229,"$389,227.24 ","$302,920.07 "
33980,80'S,,29,"$15,265.02 ","$11,803.70 "
,OTHER,,66,"$201,081.91 ","$157,156.83 "
,TOTAL,,95,"$216,346.93 ","$168,960.53 "
33999,SG,,2,$170.46 ,$136.36 
,80'S,,150,"$33,836.61 ","$27,064.01 "
,OTHER,,"1,755","$1,144,710.64 ","$912,690.64 "
,TOTAL,,"1,907","$1,178,717.71 ","$939,891.01 "
34001,80'S,,37,"$3,649.21 ","$2,903.65 "
,OTHER,,237,"$131,389.82 ","$104,456.10 "
,TOTAL,,274,"$135,039.03 ","$107,359.75 "
34051,80'S,,5,$576.82 ,$461.46 
,OTHER,,32,"$19,904.58 ","$15,882.08 "
,TOTAL,,37,"$20,481.40 ","$16,343.54 "
34101,80'S,,228,"$17,659.81 ","$13,892.57 "
,OTHER,,"2,950","$1,602,652.89 ","$1,275,975.91 "
,TOTAL,,"3,178","$1,620,312.70 ","$1,289,868.48 "
34111,80'S,,35,"$2,463.81 ","$1,971.08 "
,OTHER,,832,"$357,149.01 ","$284,171.10 "
,TOTAL,,867,"$359,612.82 ","$286,142.18 "
34151,80'S,,97,"$18,217.53 ","$14,574.01 "
,OTHER,,474,"$552,469.60 ","$440,256.30 "
,TOTAL,,571,"$570,687.13 ","$454,830.31 "
34201,80'S,,847,"$61,850.00 ","$48,945.16 "
,OTHER,,"8,101","$3,864,130.54 ","$3,075,992.31 "
,TOTAL,,"8,948","$3,925,980.54 ","$3,124,937.47 "
34203,80'S,,318,"$39,556.89 ","$31,559.21 "
,OTHER,,"2,658","$2,108,335.39 ","$1,677,190.01 "
,TOTAL,,"2,976","$2,147,892.28 ","$1,708,749.22 "
34401,80'S,,16,"$2,654.76 ","$2,123.80 "
,OTHER,,105,"$110,785.75 ","$85,345.70 "
,TOTAL,,121,"$113,440.51 ","$87,469.50 "
34421,80'S,,26,"$2,304.13 ","$1,838.91 "
,OTHER,,310,"$180,106.32 ","$143,147.33 "
,TOTAL,,336,"$182,410.45 ","$144,986.24 "
34451,80'S,,10,"$2,383.46 ","$1,906.77 "
,OTHER,,54,"$79,744.00 ","$63,795.23 "
,TOTAL,,64,"$82,127.46 ","$65,702.00 "
34471,OTHER,,51,"$26,429.07 ","$20,983.40 "
,TOTAL,,51,"$26,429.07 ","$20,983.40 "
34490,OTHER,,419,"$174,664.13 ","$139,085.26 "
,TOTAL,,419,"$174,664.13 ","$139,085.26 "
34501,80'S,,19,"$1,789.80 ","$1,431.85 "
,OTHER,,86,"$65,619.98 ","$52,445.42 "
,TOTAL,,105,"$67,409.78 ","$53,877.27 "
34502,80'S,,46,"$10,399.87 ","$8,319.93 "
,OTHER,,194,"$256,680.97 ","$201,533.73 "
,TOTAL,,240,"$267,080.84 ","$209,853.66 "
34510,80'S,,4,$645.66 ,$502.80 
,OTHER,,22,"$20,721.20 ","$16,576.90 "
,TOTAL,,26,"$21,366.86 ","$17,079.70 "
34520,80'S,,10,"$1,199.12 ",$829.83 
,OTHER,,96,"$80,873.78 ","$64,680.07 "
,TOTAL,,106,"$82,072.90 ","$65,509.90 "
34530,80'S,,3,$246.54 ,$197.24 
,OTHER,,12,"$8,039.37 ","$6,431.49 "
,TOTAL,,15,"$8,285.91 ","$6,628.73 "
34800,80'S,,68,"$12,302.32 ","$9,841.90 "
,OTHER,,417,"$411,865.52 ","$328,566.00 "
,TOTAL,,485,"$424,167.84 ","$338,407.90 "
34802,80'S,,"2,432","$498,316.00 ","$395,265.05 "
,OTHER,,"15,377","$15,521,293.96 ","$12,351,113.34 "
,TOTAL,,"17,809","$16,019,609.96 ","$12,746,378.39 "
34804,80'S,,124,"$26,066.78 ","$20,790.36 "
,OTHER,,806,"$829,179.49 ","$659,217.09 "
,TOTAL,,930,"$855,246.27 ","$680,007.45 "
34805,80'S,,42,"$8,194.95 ","$6,555.98 "
,OTHER,,208,"$208,691.73 ","$165,426.49 "
,TOTAL,,250,"$216,886.68 ","$171,982.47 "
34808,80'S,,43,"$1,499.63 ","$1,199.72 "
,OTHER,,243,"$48,657.86 ","$38,031.85 "
,TOTAL,,286,"$50,157.49 ","$39,231.57 "
34812,80'S,,"2,786","$113,122.39 ","$89,898.39 "
,OTHER,,"16,873","$4,006,074.12 ","$3,188,778.25 "
,TOTAL,,"19,659","$4,119,196.51 ","$3,278,676.64 "
34813,80'S,,45,"$1,806.14 ","$1,444.93 "
,OTHER,,237,"$56,451.35 ","$44,296.86 "
,TOTAL,,282,"$58,257.49 ","$45,741.79 "
34820,80'S,,52,"$2,747.95 ","$2,198.43 "
,OTHER,,361,"$126,475.03 ","$100,892.00 "
,TOTAL,,413,"$129,222.98 ","$103,090.43 "
34825,80'S,,"1,607","$102,775.62 ","$81,736.84 "
,OTHER,,"10,781","$3,692,522.33 ","$2,942,104.75 "
,TOTAL,,"12,388","$3,795,297.95 ","$3,023,841.59 "
34826,80'S,,782,"$27,366.73 ","$21,709.91 "
,OTHER,,"5,446","$1,018,446.10 ","$810,184.08 "
,TOTAL,,"6,228","$1,045,812.83 ","$831,893.99 "
34830,80'S,,10,"$2,806.81 ","$2,245.47 "
,OTHER,,41,"$66,328.08 ","$53,062.46 "
,TOTAL,,51,"$69,134.89 ","$55,307.93 "
34831,80'S,,14,"$3,729.46 ","$2,983.59 "
,OTHER,,88,"$151,893.08 ","$121,406.49 "
,TOTAL,,102,"$155,622.54 ","$124,390.08 "
34832,80'S,,10,"$3,041.97 ","$2,433.57 "
,OTHER,,74,"$122,106.61 ","$97,565.39 "
,TOTAL,,84,"$125,148.58 ","$99,998.96 "
34833,80'S,,13,$722.88 ,$578.30 
,OTHER,,92,"$37,372.60 ","$29,898.02 "
,TOTAL,,105,"$38,095.48 ","$30,476.32 "
34834,80'S,,16,$483.83 ,$387.03 
,OTHER,,89,"$17,916.87 ","$14,240.37 "
,TOTAL,,105,"$18,400.70 ","$14,627.40 "
34900,80'S,,100,"$14,319.59 ","$11,455.59 "
,OTHER,,779,"$630,535.29 ","$502,198.22 "
,TOTAL,,879,"$644,854.88 ","$513,653.81 "
35001,80'S,,123,"$22,472.33 ","$17,689.85 "
,OTHER,,460,"$469,586.92 ","$371,607.50 "
,TOTAL,,583,"$492,059.25 ","$389,297.35 "
35002,80'S,,7,"$1,312.74 ","$1,050.20 "
,OTHER,,37,"$40,056.35 ","$32,045.10 "
,TOTAL,,44,"$41,369.09 ","$33,095.30 "
35005,80'S,,1,$184.60 ,$147.68 
,OTHER,,8,"$4,831.80 ","$3,865.44 "
,TOTAL,,9,"$5,016.40 ","$4,013.12 "
35011,80'S,,98,"$15,006.10 ","$11,943.44 "
,OTHER,,"1,475","$1,421,557.92 ","$1,128,894.24 "
,TOTAL,,"1,573","$1,436,564.02 ","$1,140,837.68 "
35013,80'S,,20,"$4,059.64 ","$3,247.71 "
,OTHER,,268,"$321,765.41 ","$254,235.94 "
,TOTAL,,288,"$325,825.05 ","$257,483.65 "
35021,80'S,,24,"$2,672.00 ","$2,137.57 "
,OTHER,,72,"$50,852.81 ","$40,682.35 "
,TOTAL,,96,"$53,524.81 ","$42,819.92 "
35022,80'S,,2,$408.30 ,$326.64 
,OTHER,,11,"$7,604.71 ","$6,059.45 "
,TOTAL,,13,"$8,013.01 ","$6,386.09 "
35045,80'S,,17,"$2,667.58 ","$2,134.06 "
,OTHER,,354,"$332,543.79 ","$264,977.43 "
,TOTAL,,371,"$335,211.37 ","$267,111.49 "
35081,80'S,,"3,089","$761,252.06 ","$602,807.47 "
,OTHER,,"8,767","$12,245,184.70 ","$9,726,623.43 "
,TOTAL,,"11,856","$13,006,436.76 ","$10,329,430.90 "
35082,80'S,,831,"$287,091.31 ","$227,924.52 "
,OTHER,,"2,348","$4,722,275.60 ","$3,757,476.46 "
,TOTAL,,"3,179","$5,009,366.91 ","$3,985,400.98 "
35091,80'S,,576,"$182,511.56 ","$145,670.88 "
,OTHER,,"1,836","$3,379,722.63 ","$2,687,513.80 "
,TOTAL,,"2,412","$3,562,234.19 ","$2,833,184.68 "
35092,80'S,,116,"$47,228.78 ","$37,548.44 "
,OTHER,,418,"$983,541.40 ","$782,909.81 "
,TOTAL,,534,"$1,030,770.18 ","$820,458.25 "
35102,80'S,,"1,976","$549,599.47 ","$436,149.57 "
,OTHER,,"5,695","$9,030,395.02 ","$7,156,944.56 "
,TOTAL,,"7,671","$9,579,994.49 ","$7,593,094.13 "
35103,80'S,,308,"$110,221.11 ","$87,655.52 "
,OTHER,,886,"$1,876,072.82 ","$1,489,639.49 "
,TOTAL,,"1,194","$1,986,293.93 ","$1,577,295.01 "
35111,80'S,,19,"$3,844.24 ","$3,075.41 "
,OTHER,,55,"$67,246.06 ","$53,796.80 "
,TOTAL,,74,"$71,090.30 ","$56,872.21 "
35112,80'S,,2,$516.96 ,$413.57 
,OTHER,,18,"$26,804.16 ","$21,443.32 "
,TOTAL,,20,"$27,321.12 ","$21,856.89 "
35121,80'S,,56,"$13,705.67 ","$10,964.47 "
,OTHER,,192,"$293,248.18 ","$233,327.84 "
,TOTAL,,248,"$306,953.85 ","$244,292.31 "
35122,80'S,,11,"$3,497.59 ","$2,765.69 "
,OTHER,,28,"$50,034.26 ","$40,027.42 "
,TOTAL,,39,"$53,531.85 ","$42,793.11 "
35131,80'S,,228,"$45,211.64 ","$36,106.94 "
,OTHER,,875,"$980,872.40 ","$780,692.73 "
,TOTAL,,"1,103","$1,026,084.04 ","$816,799.67 "
35132,80'S,,50,"$12,906.36 ","$10,146.71 "
,OTHER,,155,"$240,407.96 ","$192,246.34 "
,TOTAL,,205,"$253,314.32 ","$202,393.05 "
35141,80'S,,710,"$115,223.05 ","$91,880.96 "
,OTHER,,"4,563","$4,460,217.81 ","$3,543,249.38 "
,TOTAL,,"5,273","$4,575,440.86 ","$3,635,130.34 "
35142,80'S,,90,"$18,447.37 ","$14,740.25 "
,OTHER,,562,"$690,224.07 ","$548,324.98 "
,TOTAL,,652,"$708,671.44 ","$563,065.23 "
35151,80'S,,212,"$41,408.30 ","$32,645.87 "
,OTHER,,"1,114","$1,269,273.54 ","$1,005,781.73 "
,TOTAL,,"1,326","$1,310,681.84 ","$1,038,427.60 "
35152,80'S,,6,"$1,377.02 ","$1,101.62 "
,OTHER,,47,"$68,657.45 ","$54,845.97 "
,TOTAL,,53,"$70,034.47 ","$55,947.59 "
35161,80'S,,27,"$4,005.58 ","$3,204.47 "
,OTHER,,350,"$337,821.44 ","$268,290.38 "
,TOTAL,,377,"$341,827.02 ","$271,494.85 "
35162,80'S,,7,$814.90 ,$571.91 
,OTHER,,46,"$45,478.69 ","$36,382.96 "
,TOTAL,,53,"$46,293.59 ","$36,954.87 "
35180,80'S,,2,$141.55 ,$113.24 
,OTHER,,12,"$7,506.70 ","$6,005.35 "
,TOTAL,,14,"$7,648.25 ","$6,118.59 "
35182,80'S,,5,$796.85 ,$545.02 
,OTHER,,24,"$23,040.39 ","$17,832.41 "
,TOTAL,,29,"$23,837.24 ","$18,377.43 "
35184,80'S,,22,"$3,451.76 ","$2,681.37 "
,OTHER,,116,"$109,908.10 ","$87,833.83 "
,TOTAL,,138,"$113,359.86 ","$90,515.20 "
35188,SG,,1,$623.20 ,$498.56 
,80'S,,7,$783.93 ,$627.14 
,OTHER,,24,"$16,942.40 ","$13,553.88 "
,TOTAL,,32,"$18,349.53 ","$14,679.58 "
35189,80'S,,10,"$1,729.52 ","$1,383.62 "
,OTHER,,54,"$60,909.31 ","$48,687.32 "
,TOTAL,,64,"$62,638.83 ","$50,070.94 "
35190,80'S,,129,"$13,786.71 ","$10,939.84 "
,OTHER,,"1,550","$1,028,690.59 ","$817,281.16 "
,TOTAL,,"1,679","$1,042,477.30 ","$828,221.00 "
35201,80'S,,129,"$16,238.76 ","$12,991.11 "
,OTHER,,863,"$627,908.23 ","$500,197.83 "
,TOTAL,,992,"$644,146.99 ","$513,188.94 "
35206,80'S,,88,"$9,361.20 ","$7,488.96 "
,OTHER,,"2,128","$1,451,408.89 ","$1,156,609.44 "
,TOTAL,,"2,216","$1,460,770.09 ","$1,164,098.40 "
35207,SG,,34,"$17,193.01 ","$13,162.16 "
,OTHER,,353,"$165,664.68 ","$129,660.49 "
,TOTAL,,387,"$182,857.69 ","$142,822.65 "
35211,80'S,,84,"$9,823.16 ","$7,858.50 "
,OTHER,,389,"$221,808.97 ","$176,560.19 "
,TOTAL,,473,"$231,632.13 ","$184,418.69 "
35216,80'S,,78,"$9,779.64 ","$7,737.18 "
,OTHER,,311,"$251,606.17 ","$200,517.23 "
,TOTAL,,389,"$261,385.81 ","$208,254.41 "
35221,80'S,,216,"$37,874.06 ","$30,148.77 "
,OTHER,,"1,240","$1,355,053.60 ","$1,078,921.34 "
,TOTAL,,"1,456","$1,392,927.66 ","$1,109,070.11 "
35226,80'S,,422,"$47,317.33 ","$37,614.89 "
,OTHER,,"4,101","$2,913,909.36 ","$2,315,036.52 "
,TOTAL,,"4,523","$2,961,226.69 ","$2,352,651.41 "
35231,80'S,,36,"$6,654.12 ","$5,323.31 "
,OTHER,,149,"$141,041.58 ","$112,723.29 "
,TOTAL,,185,"$147,695.70 ","$118,046.60 "
35236,80'S,,56,"$7,852.74 ","$6,160.95 "
,OTHER,,815,"$695,821.14 ","$553,253.41 "
,TOTAL,,871,"$703,673.88 ","$559,414.36 "
35241,80'S,,48,"$5,037.99 ","$4,030.38 "
,OTHER,,259,"$159,632.00 ","$126,648.19 "
,TOTAL,,307,"$164,669.99 ","$130,678.57 "
35246,80'S,,3,$491.14 ,$392.92 
,OTHER,,35,"$33,995.09 ","$27,196.07 "
,TOTAL,,38,"$34,486.23 ","$27,588.99 "
35251,80'S,,18,"$3,903.74 ","$3,123.01 "
,OTHER,,104,"$138,071.38 ","$109,053.57 "
,TOTAL,,122,"$141,975.12 ","$112,176.58 "
35256,80'S,,154,"$20,230.56 ","$16,146.29 "
,OTHER,,"1,001","$836,762.34 ","$664,932.19 "
,TOTAL,,"1,155","$856,992.90 ","$681,078.48 "
35261,80'S,,98,"$9,853.69 ","$7,768.13 "
,OTHER,,357,"$205,849.67 ","$163,873.71 "
,TOTAL,,455,"$215,703.36 ","$171,641.84 "
35266,80'S,,27,"$3,279.33 ","$2,623.48 "
,OTHER,,362,"$267,464.87 ","$212,700.15 "
,TOTAL,,389,"$270,744.20 ","$215,323.63 "
35271,80'S,,30,"$3,645.29 ","$2,885.52 "
,OTHER,,134,"$86,142.87 ","$68,659.12 "
,TOTAL,,164,"$89,788.16 ","$71,544.64 "
35276,80'S,,5,$933.75 ,$747.00 
,OTHER,,30,"$29,696.21 ","$23,756.97 "
,TOTAL,,35,"$30,629.96 ","$24,503.97 "
35281,80'S,,55,"$10,925.81 ","$8,740.65 "
,OTHER,,175,"$206,367.81 ","$162,701.85 "
,TOTAL,,230,"$217,293.62 ","$171,442.50 "
35286,80'S,,156,"$16,501.29 ","$13,109.87 "
,OTHER,,"1,197","$868,787.40 ","$690,753.90 "
,TOTAL,,"1,353","$885,288.69 ","$703,863.77 "
35301,80'S,,"24,105","$4,182,355.39 ","$3,320,616.81 "
,OTHER,,"103,698","$99,614,396.04 ","$79,055,710.47 "
,TOTAL,,"127,803","$103,796,751.43 ","$82,376,327.28 "
35311,80'S,,36,"$8,955.31 ","$7,164.36 "
,OTHER,,86,"$113,503.95 ","$90,490.38 "
,TOTAL,,122,"$122,459.26 ","$97,654.74 "
35321,80'S,,28,"$3,727.68 ","$2,969.27 "
,OTHER,,535,"$462,696.87 ","$367,145.83 "
,TOTAL,,563,"$466,424.55 ","$370,115.10 "
35331,80'S,,110,"$19,517.20 ","$15,603.38 "
,OTHER,,437,"$422,657.44 ","$337,623.77 "
,TOTAL,,547,"$442,174.64 ","$353,227.15 "
35341,80'S,,166,"$25,461.51 ","$20,053.90 "
,OTHER,,601,"$524,874.27 ","$416,113.98 "
,TOTAL,,767,"$550,335.78 ","$436,167.88 "
35351,80'S,,233,"$41,595.97 ","$32,985.27 "
,OTHER,,"1,067","$1,104,728.33 ","$875,917.02 "
,TOTAL,,"1,300","$1,146,324.30 ","$908,902.29 "
35355,80'S,,443,"$58,314.95 ","$46,434.88 "
,OTHER,,"2,008","$1,593,500.15 ","$1,269,627.36 "
,TOTAL,,"2,451","$1,651,815.10 ","$1,316,062.24 "
35361,80'S,,21,"$4,386.53 ","$3,488.27 "
,OTHER,,85,"$100,874.77 ","$79,280.06 "
,TOTAL,,106,"$105,261.30 ","$82,768.33 "
35363,80'S,,17,"$4,024.56 ","$3,219.63 "
,OTHER,,88,"$134,220.08 ","$107,278.65 "
,TOTAL,,105,"$138,244.64 ","$110,498.28 "
35371,80'S,,"1,361","$133,983.46 ","$106,613.33 "
,OTHER,,"8,275","$4,816,333.85 ","$3,828,267.05 "
,TOTAL,,"9,636","$4,950,317.31 ","$3,934,880.38 "
35372,80'S,,904,"$102,003.10 ","$80,692.89 "
,OTHER,,"4,715","$3,169,544.16 ","$2,522,182.34 "
,TOTAL,,"5,619","$3,271,547.26 ","$2,602,875.23 "
35381,80'S,,526,"$59,312.74 ","$47,167.29 "
,OTHER,,"3,318","$2,182,815.08 ","$1,736,508.67 "
,TOTAL,,"3,844","$2,242,127.82 ","$1,783,675.96 "
35390,80'S,,384,"$10,644.73 ","$8,492.80 "
,OTHER,,"2,486","$356,701.60 ","$282,401.66 "
,TOTAL,,"2,870","$367,346.33 ","$290,894.46 "
35400,80'S,,15,$405.13 ,$324.08 
,OTHER,,760,"$128,293.37 ","$102,214.46 "
,TOTAL,,775,"$128,698.50 ","$102,538.54 "
35450,80'S,,26,"$1,540.57 ","$1,225.50 "
,OTHER,,278,"$118,463.20 ","$94,594.25 "
,TOTAL,,304,"$120,003.77 ","$95,819.75 "
35452,80'S,,25,$904.86 ,$723.90 
,OTHER,,218,"$51,801.68 ","$41,179.75 "
,TOTAL,,243,"$52,706.54 ","$41,903.65 "
35454,80'S,,336,"$11,519.70 ","$9,182.58 "
,OTHER,,"2,918","$588,839.44 ","$467,732.45 "
,TOTAL,,"3,254","$600,359.14 ","$476,915.03 "
35456,80'S,,287,"$12,996.51 ","$10,367.92 "
,OTHER,,"3,516","$919,006.27 ","$732,807.11 "
,TOTAL,,"3,803","$932,002.78 ","$743,175.03 "
35458,80'S,,47,"$3,263.31 ","$2,603.12 "
,OTHER,,"1,021","$464,448.79 ","$367,865.04 "
,TOTAL,,"1,068","$467,712.10 ","$370,468.16 "
35459,80'S,,65,"$3,533.37 ","$2,826.71 "
,OTHER,,879,"$312,190.69 ","$248,555.75 "
,TOTAL,,944,"$315,724.06 ","$251,382.46 "
35460,OTHER,,"5,132","$1,218,265.00 ","$967,203.67 "
,TOTAL,,"5,132","$1,218,265.00 ","$967,203.67 "
35470,OTHER,,"10,560","$4,507,029.56 ","$3,587,810.81 "
,TOTAL,,"10,560","$4,507,029.56 ","$3,587,810.81 "
35471,OTHER,,"21,246","$11,274,377.43 ","$8,962,252.73 "
,TOTAL,,"21,246","$11,274,377.43 ","$8,962,252.73 "
35472,80'S,,4,$146.03 ,$116.82 
,OTHER,,977,"$247,013.44 ","$195,245.34 "
,TOTAL,,981,"$247,159.47 ","$195,362.16 "
35473,80'S,,2,$61.08 ,$48.86 
,OTHER,,"24,531","$5,536,466.79 ","$4,395,290.46 "
,TOTAL,,"24,533","$5,536,527.87 ","$4,395,339.32 "
35474,OTHER,,"42,965","$12,047,300.76 ","$9,570,247.29 "
,TOTAL,,"42,965","$12,047,300.76 ","$9,570,247.29 "
35475,OTHER,,"15,541","$7,426,952.49 ","$5,906,624.45 "
,TOTAL,,"15,541","$7,426,952.49 ","$5,906,624.45 "
35476,OTHER,,"149,212","$44,881,573.92 ","$35,596,693.40 "
,TOTAL,,"149,212","$44,881,573.92 ","$35,596,693.40 "
35480,80'S,,1,$57.45 ,$45.96 
,OTHER,,17,"$8,110.26 ","$6,488.19 "
,TOTAL,,18,"$8,167.71 ","$6,534.15 "
35481,80'S,,12,$436.38 ,$349.08 
,OTHER,,40,"$7,883.48 ","$6,306.82 "
,TOTAL,,52,"$8,319.86 ","$6,655.90 "
35482,80'S,,5,$228.19 ,$182.56 
,OTHER,,77,"$18,901.36 ","$15,121.11 "
,TOTAL,,82,"$19,129.55 ","$15,303.67 "
35483,80'S,,54,"$2,583.58 ","$2,042.03 "
,OTHER,,539,"$173,080.34 ","$137,698.00 "
,TOTAL,,593,"$175,663.92 ","$139,740.03 "
35484,OTHER,,52,"$23,008.37 ","$18,406.77 "
,TOTAL,,52,"$23,008.37 ","$18,406.77 "
35485,80'S,,31,"$1,893.32 ","$1,514.69 "
,OTHER,,187,"$80,351.04 ","$63,923.30 "
,TOTAL,,218,"$82,244.36 ","$65,437.99 "
35490,OTHER,,130,"$74,267.99 ","$58,531.55 "
,TOTAL,,130,"$74,267.99 ","$58,531.55 "
35491,OTHER,,19,"$5,327.33 ","$4,261.86 "
,TOTAL,,19,"$5,327.33 ","$4,261.86 "
35492,80'S,,2,$121.84 ,$97.47 
,OTHER,,358,"$86,710.73 ","$68,788.82 "
,TOTAL,,360,"$86,832.57 ","$68,886.29 "
35493,OTHER,,"7,063","$2,454,189.15 ","$1,951,334.78 "
,TOTAL,,"7,063","$2,454,189.15 ","$1,951,334.78 "
35494,OTHER,,163,"$86,843.83 ","$69,083.53 "
,TOTAL,,163,"$86,843.83 ","$69,083.53 "
35495,80'S,,6,$542.96 ,$434.37 
,OTHER,,"2,817","$1,376,288.02 ","$1,096,365.19 "
,TOTAL,,"2,823","$1,376,830.98 ","$1,096,799.56 "
35500,80'S,,253,"$13,497.16 ","$10,714.36 "
,OTHER,,"1,320","$431,053.75 ","$340,598.99 "
,TOTAL,,"1,573","$444,550.91 ","$351,313.35 "
35501,80'S,,22,"$3,636.43 ","$2,909.14 "
,OTHER,,173,"$166,486.18 ","$132,339.23 "
,TOTAL,,195,"$170,122.61 ","$135,248.37 "
35506,80'S,,25,"$4,557.98 ","$3,566.40 "
,OTHER,,92,"$94,540.01 ","$75,035.99 "
,TOTAL,,117,"$99,097.99 ","$78,602.39 "
35507,80'S,,21,"$3,946.58 ","$3,063.18 "
,OTHER,,61,"$65,565.57 ","$51,972.09 "
,TOTAL,,82,"$69,512.15 ","$55,035.27 "
35508,80'S,,9,"$1,253.00 ","$1,002.39 "
,OTHER,,25,"$19,995.38 ","$15,996.30 "
,TOTAL,,34,"$21,248.38 ","$16,998.69 "
35509,80'S,,27,"$3,571.31 ","$2,857.05 "
,OTHER,,112,"$89,294.67 ","$70,794.31 "
,TOTAL,,139,"$92,865.98 ","$73,651.36 "
35510,80'S,,4,$571.79 ,$457.44 
,OTHER,,28,"$33,204.64 ","$26,563.72 "
,TOTAL,,32,"$33,776.43 ","$27,021.16 "
35511,80'S,,2,$374.15 ,$299.32 
,OTHER,,17,"$19,265.61 ","$14,470.18 "
,TOTAL,,19,"$19,639.76 ","$14,769.50 "
35512,80'S,,8,"$1,612.66 ","$1,290.12 "
,OTHER,,32,"$38,387.12 ","$30,709.71 "
,TOTAL,,40,"$39,999.78 ","$31,999.83 "
35515,OTHER,,6,"$6,432.98 ","$5,146.36 "
,TOTAL,,6,"$6,432.98 ","$5,146.36 "
35516,80'S,,7,"$1,059.48 ",$847.57 
,OTHER,,38,"$32,074.82 ","$25,659.85 "
,TOTAL,,45,"$33,134.30 ","$26,507.42 "
35518,80'S,,4,$750.68 ,$600.55 
,OTHER,,41,"$44,310.00 ","$34,901.51 "
,TOTAL,,45,"$45,060.68 ","$35,502.06 "
35521,80'S,,13,"$2,242.88 ","$1,794.30 "
,OTHER,,60,"$63,643.91 ","$50,915.17 "
,TOTAL,,73,"$65,886.79 ","$52,709.47 "
35522,80'S,,17,"$3,532.08 ","$2,825.66 "
,OTHER,,102,"$118,499.59 ","$93,205.64 "
,TOTAL,,119,"$122,031.67 ","$96,031.30 "
35525,80'S,,23,"$4,367.29 ","$3,493.83 "
,OTHER,,273,"$294,156.42 ","$232,413.94 "
,TOTAL,,296,"$298,523.71 ","$235,907.77 "
35526,80'S,,10,"$2,040.41 ","$1,632.33 "
,OTHER,,74,"$39,664.71 ","$30,715.97 "
,TOTAL,,84,"$41,705.12 ","$32,348.30 "
35531,80'S,,71,"$22,291.02 ","$17,586.53 "
,OTHER,,244,"$430,834.63 ","$341,918.68 "
,TOTAL,,315,"$453,125.65 ","$359,505.21 "
35533,80'S,,22,"$5,223.41 ","$4,178.73 "
,OTHER,,70,"$99,046.83 ","$79,237.42 "
,TOTAL,,92,"$104,270.24 ","$83,416.15 "
35536,80'S,,7,"$1,830.50 ","$1,464.40 "
,OTHER,,23,"$29,647.33 ","$23,717.87 "
,TOTAL,,30,"$31,477.83 ","$25,182.27 "
35541,80'S,,30,"$6,183.70 ","$4,946.97 "
,OTHER,,112,"$112,151.58 ","$88,745.58 "
,TOTAL,,142,"$118,335.28 ","$93,692.55 "
35546,80'S,,98,"$21,270.78 ","$16,539.18 "
,OTHER,,323,"$389,886.26 ","$305,653.73 "
,TOTAL,,421,"$411,157.04 ","$322,192.91 "
35548,80'S,,9,"$1,596.93 ","$1,277.55 "
,OTHER,,18,"$21,077.27 ","$16,781.84 "
,TOTAL,,27,"$22,674.20 ","$18,059.39 "
35549,80'S,,6,$895.99 ,$716.78 
,OTHER,,27,"$29,845.53 ","$21,932.09 "
,TOTAL,,33,"$30,741.52 ","$22,648.87 "
35551,80'S,,8,"$2,082.57 ","$1,666.07 "
,OTHER,,34,"$54,259.22 ","$43,407.33 "
,TOTAL,,42,"$56,341.79 ","$45,073.40 "
35556,80'S,,"1,730","$345,170.90 ","$274,539.98 "
,OTHER,,"7,687","$8,722,278.71 ","$6,918,150.22 "
,TOTAL,,"9,417","$9,067,449.61 ","$7,192,690.20 "
35558,80'S,,154,"$27,384.40 ","$21,714.57 "
,OTHER,,620,"$628,590.57 ","$500,321.30 "
,TOTAL,,774,"$655,974.97 ","$522,035.87 "
35560,80'S,,47,"$12,343.61 ","$9,656.06 "
,OTHER,,170,"$250,165.54 ","$198,567.28 "
,TOTAL,,217,"$262,509.15 ","$208,223.34 "
35563,80'S,,2,$327.25 ,$261.80 
,OTHER,,16,"$19,128.84 ","$15,223.09 "
,TOTAL,,18,"$19,456.09 ","$15,484.89 "
35565,80'S,,68,"$13,122.05 ","$10,497.62 "
,OTHER,,340,"$385,900.38 ","$307,946.79 "
,TOTAL,,408,"$399,022.43 ","$318,444.41 "
35566,80'S,,"1,573","$388,901.05 ","$309,484.06 "
,OTHER,,"7,173","$10,310,798.93 ","$8,198,850.28 "
,TOTAL,,"8,746","$10,699,699.98 ","$8,508,334.34 "
35571,80'S,,800,"$176,880.08 ","$140,350.60 "
,OTHER,,"4,284","$5,524,468.39 ","$4,385,798.39 "
,TOTAL,,"5,084","$5,701,348.47 ","$4,526,148.99 "
35572,80'S,,404,"$22,862.84 ","$18,290.44 "
,OTHER,,"2,523","$867,728.67 ","$691,628.70 "
,TOTAL,,"2,927","$890,591.51 ","$709,919.14 "
35582,80'S,,11,"$2,784.49 ","$2,227.60 "
,OTHER,,60,"$83,453.82 ","$66,485.33 "
,TOTAL,,71,"$86,238.31 ","$68,712.93 "
35583,80'S,,679,"$141,482.18 ","$112,840.25 "
,OTHER,,"3,414","$3,962,301.15 ","$3,145,860.53 "
,TOTAL,,"4,093","$4,103,783.33 ","$3,258,700.78 "
35585,80'S,,"1,015","$267,608.18 ","$212,378.34 "
,OTHER,,"4,636","$7,006,610.60 ","$5,571,771.11 "
,TOTAL,,"5,651","$7,274,218.78 ","$5,784,149.45 "
35587,80'S,,159,"$36,649.98 ","$29,211.40 "
,OTHER,,717,"$935,238.74 ","$743,068.98 "
,TOTAL,,876,"$971,888.72 ","$772,280.38 "
35600,80'S,,"2,108","$88,056.82 ","$69,620.07 "
,OTHER,,"10,634","$2,415,938.33 ","$1,907,283.74 "
,TOTAL,,"12,742","$2,503,995.15 ","$1,976,903.81 "
35601,80'S,,68,"$9,435.68 ","$7,548.50 "
,OTHER,,327,"$242,861.15 ","$192,808.19 "
,TOTAL,,395,"$252,296.83 ","$200,356.69 "
35606,80'S,,231,"$40,128.44 ","$31,687.96 "
,OTHER,,863,"$842,714.29 ","$671,639.75 "
,TOTAL,,"1,094","$882,842.73 ","$703,327.71 "
35612,80'S,,13,"$1,703.51 ","$1,362.81 "
,OTHER,,66,"$53,608.87 ","$42,887.12 "
,TOTAL,,79,"$55,312.38 ","$44,249.93 "
35616,80'S,,9,"$1,197.01 ",$957.62 
,OTHER,,76,"$62,947.03 ","$50,357.65 "
,TOTAL,,85,"$64,144.04 ","$51,315.27 "
35621,80'S,,236,"$37,721.71 ","$29,871.43 "
,OTHER,,960,"$888,418.36 ","$707,137.83 "
,TOTAL,,"1,196","$926,140.07 ","$737,009.26 "
35623,80'S,,13,"$2,784.33 ","$2,227.47 "
,OTHER,,75,"$94,010.66 ","$75,180.98 "
,TOTAL,,88,"$96,794.99 ","$77,408.45 "
35626,80'S,,48,"$8,982.10 ","$7,185.67 "
,OTHER,,156,"$172,065.98 ","$136,820.95 "
,TOTAL,,204,"$181,048.08 ","$144,006.62 "
35631,80'S,,300,"$77,907.06 ","$61,145.24 "
,OTHER,,"1,161","$1,750,653.21 ","$1,387,194.71 "
,TOTAL,,"1,461","$1,828,560.27 ","$1,448,339.95 "
35636,80'S,,6,"$1,250.09 ","$1,000.06 "
,OTHER,,19,"$28,348.65 ","$22,678.91 "
,TOTAL,,25,"$29,598.74 ","$23,678.97 "
35641,80'S,,354,"$65,969.89 ","$52,396.53 "
,OTHER,,"1,193","$1,233,037.46 ","$977,166.50 "
,TOTAL,,"1,547","$1,299,007.35 ","$1,029,563.03 "
35642,80'S,,2,$244.34 ,$195.47 
,OTHER,,6,"$3,977.45 ","$3,181.96 "
,TOTAL,,8,"$4,221.79 ","$3,377.43 "
35645,OTHER,,6,"$3,938.94 ","$3,071.15 "
,TOTAL,,6,"$3,938.94 ","$3,071.15 "
35646,80'S,,"1,647","$453,245.54 ","$358,074.89 "
,OTHER,,"4,809","$7,505,837.55 ","$5,937,048.19 "
,TOTAL,,"6,456","$7,959,083.09 ","$6,295,123.08 "
35647,80'S,,129,"$29,614.49 ","$23,562.58 "
,OTHER,,422,"$553,327.45 ","$439,907.32 "
,TOTAL,,551,"$582,941.94 ","$463,469.90 "
35650,80'S,,36,"$5,533.72 ","$4,426.99 "
,OTHER,,142,"$134,526.32 ","$106,491.48 "
,TOTAL,,178,"$140,060.04 ","$110,918.47 "
35651,80'S,,25,"$5,570.29 ","$4,456.25 "
,OTHER,,176,"$204,308.06 ","$161,939.63 "
,TOTAL,,201,"$209,878.35 ","$166,395.88 "
35654,80'S,,374,"$79,963.70 ","$63,850.26 "
,OTHER,,"1,296","$1,634,724.48 ","$1,303,741.44 "
,TOTAL,,"1,670","$1,714,688.18 ","$1,367,591.70 "
35656,80'S,,"3,900","$670,730.19 ","$533,137.34 "
,OTHER,,"18,357","$18,217,276.89 ","$14,449,968.72 "
,TOTAL,,"22,257","$18,888,007.08 ","$14,983,106.06 "
35661,80'S,,"1,261","$180,777.73 ","$143,729.98 "
,OTHER,,"5,436","$4,797,579.78 ","$3,802,415.34 "
,TOTAL,,"6,697","$4,978,357.51 ","$3,946,145.32 "
35663,80'S,,39,"$5,694.54 ","$4,555.64 "
,OTHER,,153,"$132,459.50 ","$105,967.64 "
,TOTAL,,192,"$138,154.04 ","$110,523.28 "
35665,80'S,,443,"$74,745.38 ","$59,283.07 "
,OTHER,,"2,335","$2,300,668.12 ","$1,827,673.39 "
,TOTAL,,"2,778","$2,375,413.50 ","$1,886,956.46 "
35666,80'S,,695,"$146,561.00 ","$116,885.29 "
,OTHER,,"3,508","$4,294,662.83 ","$3,419,396.26 "
,TOTAL,,"4,203","$4,441,223.83 ","$3,536,281.55 "
35671,80'S,,60,"$9,900.64 ","$7,669.00 "
,OTHER,,417,"$401,904.86 ","$317,657.18 "
,TOTAL,,477,"$411,805.50 ","$325,326.18 "
35681,80'S,,229,"$3,163.89 ","$2,531.29 "
,OTHER,,"1,512","$113,305.49 ","$90,371.43 "
,TOTAL,,"1,741","$116,469.38 ","$92,902.72 "
35682,80'S,,59,"$3,647.68 ","$2,882.27 "
,OTHER,,"1,243","$486,473.23 ","$387,089.31 "
,TOTAL,,"1,302","$490,120.91 ","$389,971.58 "
35683,80'S,,9,$660.56 ,$528.45 
,OTHER,,120,"$54,645.33 ","$43,716.24 "
,TOTAL,,129,"$55,305.89 ","$44,244.69 "
35685,80'S,,109,"$3,623.98 ","$2,882.06 "
,OTHER,,832,"$172,609.58 ","$137,145.21 "
,TOTAL,,941,"$176,233.56 ","$140,027.27 "
35686,80'S,,15,$442.58 ,$354.06 
,OTHER,,186,"$33,725.91 ","$26,867.96 "
,TOTAL,,201,"$34,168.49 ","$27,222.02 "
35691,80'S,,18,"$2,480.37 ","$1,984.28 "
,OTHER,,82,"$63,573.60 ","$50,858.85 "
,TOTAL,,100,"$66,053.97 ","$52,843.13 "
35693,80'S,,1,$145.79 ,$116.63 
,OTHER,,7,"$5,173.23 ","$4,138.59 "
,TOTAL,,8,"$5,319.02 ","$4,255.22 "
35694,80'S,,16,"$2,667.30 ","$2,133.85 "
,OTHER,,97,"$91,996.78 ","$73,517.35 "
,TOTAL,,113,"$94,664.08 ","$75,651.20 "
35695,80'S,,13,"$2,062.79 ","$1,650.25 "
,OTHER,,32,"$31,374.65 ","$25,099.70 "
,TOTAL,,45,"$33,437.44 ","$26,749.95 "
35697,80'S,,149,"$3,879.37 ","$3,103.51 "
,OTHER,,663,"$100,174.70 ","$79,849.35 "
,TOTAL,,812,"$104,054.07 ","$82,952.86 "
35700,80'S,,609,"$16,286.99 ","$13,016.94 "
,OTHER,,"3,935","$612,811.57 ","$487,310.41 "
,TOTAL,,"4,544","$629,098.56 ","$500,327.35 "
35701,80'S,,79,"$5,606.97 ","$4,485.55 "
,OTHER,,605,"$235,609.95 ","$187,023.46 "
,TOTAL,,684,"$241,216.92 ","$191,509.01 "
35721,80'S,,142,"$8,348.44 ","$6,641.24 "
,OTHER,,"1,167","$406,300.99 ","$323,116.43 "
,TOTAL,,"1,309","$414,649.43 ","$329,757.67 "
35741,80'S,,53,"$3,579.64 ","$2,863.75 "
,OTHER,,502,"$185,089.18 ","$147,359.14 "
,TOTAL,,555,"$188,668.82 ","$150,222.89 "
35761,80'S,,242,"$9,647.41 ","$7,715.97 "
,OTHER,,"3,109","$826,917.45 ","$657,290.26 "
,TOTAL,,"3,351","$836,564.86 ","$665,006.23 "
35800,80'S,,139,"$8,634.12 ","$6,819.25 "
,OTHER,,"1,953","$712,490.25 ","$565,778.39 "
,TOTAL,,"2,092","$721,124.37 ","$572,597.64 "
35820,80'S,,727,"$82,566.01 ","$65,633.17 "
,OTHER,,"8,608","$5,108,896.33 ","$4,064,991.41 "
,TOTAL,,"9,335","$5,191,462.34 ","$4,130,624.58 "
35840,80'S,,157,"$13,178.32 ","$10,542.66 "
,OTHER,,"1,452","$694,407.09 ","$551,041.94 "
,TOTAL,,"1,609","$707,585.41 ","$561,584.60 "
35860,80'S,,233,"$11,280.67 ","$8,946.25 "
,OTHER,,"4,243","$1,295,880.94 ","$1,027,599.22 "
,TOTAL,,"4,476","$1,307,161.61 ","$1,036,545.47 "
35870,80'S,,19,"$2,848.60 ","$2,278.87 "
,OTHER,,107,"$112,162.57 ","$89,180.86 "
,TOTAL,,126,"$115,011.17 ","$91,459.73 "
35875,OTHER,,"3,901","$1,938,943.51 ","$1,535,441.56 "
,TOTAL,,"3,901","$1,938,943.51 ","$1,535,441.56 "
35876,80'S,,289,"$40,241.21 ","$31,981.74 "
,OTHER,,"2,596","$2,141,065.49 ","$1,698,111.36 "
,TOTAL,,"2,885","$2,181,306.70 ","$1,730,093.10 "
35879,80'S,,223,"$27,915.43 ","$22,179.98 "
,OTHER,,"1,494","$1,138,533.96 ","$904,954.73 "
,TOTAL,,"1,717","$1,166,449.39 ","$927,134.71 "
35881,80'S,,123,"$18,637.96 ","$14,715.28 "
,OTHER,,822,"$733,111.01 ","$581,884.15 "
,TOTAL,,945,"$751,748.97 ","$596,599.43 "
35901,80'S,,30,"$1,742.08 ","$1,389.92 "
,OTHER,,175,"$70,735.24 ","$56,320.46 "
,TOTAL,,205,"$72,477.32 ","$57,710.38 "
35903,80'S,,572,"$43,261.30 ","$34,527.54 "
,OTHER,,"11,347","$5,777,516.22 ","$4,595,759.22 "
,TOTAL,,"11,919","$5,820,777.52 ","$4,630,286.76 "
35905,80'S,,12,"$3,114.22 ","$2,491.38 "
,OTHER,,93,"$130,111.12 ","$104,088.95 "
,TOTAL,,105,"$133,225.34 ","$106,580.33 "
35907,80'S,,109,"$32,650.99 ","$26,120.76 "
,OTHER,,480,"$806,939.81 ","$642,633.69 "
,TOTAL,,589,"$839,590.80 ","$668,754.45 "
36000,OTHER,,"259,624","$7,028,522.35 ","$5,533,928.77 "
,TOTAL,,"259,624","$7,028,522.35 ","$5,533,928.77 "
36002,OTHER,,"4,327","$490,943.02 ","$389,053.28 "
,TOTAL,,"4,327","$490,943.02 ","$389,053.28 "
36005,80'S,,5,$25.59 ,$20.47 
,OTHER,,"64,703","$4,661,599.39 ","$3,690,497.37 "
,TOTAL,,"64,708","$4,661,624.98 ","$3,690,517.84 "
36010,OTHER,,"72,047","$6,040,973.42 ","$4,803,265.36 "
,TOTAL,,"72,047","$6,040,973.42 ","$4,803,265.36 "
36011,OTHER,,"25,404","$2,709,760.86 ","$2,148,207.19 "
,TOTAL,,"25,404","$2,709,760.86 ","$2,148,207.19 "
36012,OTHER,,"4,635","$544,234.15 ","$432,065.93 "
,TOTAL,,"4,635","$544,234.15 ","$432,065.93 "
36013,OTHER,,"2,549","$222,129.29 ","$176,957.51 "
,TOTAL,,"2,549","$222,129.29 ","$176,957.51 "
36014,OTHER,,"3,805","$467,698.31 ","$371,183.81 "
,TOTAL,,"3,805","$467,698.31 ","$371,183.81 "
36015,OTHER,,"1,483","$215,291.75 ","$171,473.34 "
,TOTAL,,"1,483","$215,291.75 ","$171,473.34 "
36100,OTHER,,"1,521","$171,959.26 ","$136,598.07 "
,TOTAL,,"1,521","$171,959.26 ","$136,598.07 "
36120,OTHER,,"5,885","$421,637.40 ","$334,039.74 "
,TOTAL,,"5,885","$421,637.40 ","$334,039.74 "
36140,OTHER,,"39,680","$2,593,083.27 ","$2,056,682.46 "
,TOTAL,,"39,680","$2,593,083.27 ","$2,056,682.46 "
36145,OTHER,,"203,745","$12,971,660.64 ","$10,255,791.35 "
,TOTAL,,"203,745","$12,971,660.64 ","$10,255,791.35 "
36160,OTHER,,994,"$116,871.03 ","$92,312.74 "
,TOTAL,,994,"$116,871.03 ","$92,312.74 "
36200,80'S,,1,$10.44 ,$8.35 
,OTHER,,"102,960","$13,540,040.54 ","$10,701,290.02 "
,TOTAL,,"102,961","$13,540,050.98 ","$10,701,298.37 "
36215,80'S,,1,$18.69 ,$14.95 
,OTHER,,"97,346","$13,421,267.85 ","$10,654,288.08 "
,TOTAL,,"97,347","$13,421,286.54 ","$10,654,303.03 "
36216,80'S,,1,$42.01 ,$33.61 
,OTHER,,"97,619","$21,390,452.12 ","$16,960,546.01 "
,TOTAL,,"97,620","$21,390,494.13 ","$16,960,579.62 "
36217,80'S,,2,$102.58 ,$82.06 
,OTHER,,"31,052","$8,958,623.33 ","$7,093,463.02 "
,TOTAL,,"31,054","$8,958,725.91 ","$7,093,545.08 "
36218,80'S,,3,$24.65 ,$19.72 
,OTHER,,"28,138","$1,485,368.65 ","$1,178,692.25 "
,TOTAL,,"28,141","$1,485,393.30 ","$1,178,711.97 "
36245,80'S,,1,$19.49 ,$15.59 
,OTHER,,"167,376","$29,887,323.86 ","$23,721,433.78 "
,TOTAL,,"167,377","$29,887,343.35 ","$23,721,449.37 "
36246,OTHER,,"64,092","$14,109,868.00 ","$11,194,023.40 "
,TOTAL,,"64,092","$14,109,868.00 ","$11,194,023.40 "
36247,OTHER,,"60,258","$13,529,785.86 ","$10,748,489.80 "
,TOTAL,,"60,258","$13,529,785.86 ","$10,748,489.80 "
36248,OTHER,,"13,043","$694,190.94 ","$552,614.14 "
,TOTAL,,"13,043","$694,190.94 ","$552,614.14 "
36260,SG,,1,$524.71 ,$419.77 
,OTHER,,264,"$116,943.41 ","$93,294.76 "
,TOTAL,,265,"$117,468.12 ","$93,714.53 "
36261,SG,,1,$430.30 ,$344.24 
,80'S,,2,$87.67 ,$70.14 
,OTHER,,13,"$4,239.69 ","$3,391.75 "
,TOTAL,,16,"$4,757.66 ","$3,806.13 "
36262,SG,,11,"$3,635.02 ","$2,828.02 "
,OTHER,,271,"$66,003.99 ","$51,536.48 "
,TOTAL,,282,"$69,639.01 ","$54,364.50 "
36299,OTHER,,"3,239","$293,720.62 ","$234,658.82 "
,TOTAL,,"3,239","$293,720.62 ","$234,658.82 "
36400,OTHER,,57,"$1,032.05 ",$825.73 
,TOTAL,,57,"$1,032.05 ",$825.73 
36405,OTHER,,5,$85.31 ,$68.26 
,TOTAL,,5,$85.31 ,$68.26 
36406,OTHER,,"2,263","$33,422.94 ","$26,515.72 "
,TOTAL,,"2,263","$33,422.94 ","$26,515.72 "
36410,OTHER,,"197,953","$3,229,778.10 ","$2,422,784.95 "
,TOTAL,,"197,953","$3,229,778.10 ","$2,422,784.95 "
36416,OTHER,,"1,736",$17.36 ,$13.91 
,TOTAL,,"1,736",$17.36 ,$13.91 
36420,OTHER,,5,$247.88 ,$198.31 
,TOTAL,,5,$247.88 ,$198.31 
36425,OTHER,,"7,850","$251,631.96 ","$194,404.26 "
,TOTAL,,"7,850","$251,631.96 ","$194,404.26 "
36430,OTHER,,"17,788","$699,459.94 ","$547,665.43 "
,TOTAL,,"17,788","$699,459.94 ","$547,665.43 "
36440,OTHER,,12,$558.33 ,$446.68 
,TOTAL,,12,$558.33 ,$446.68 
36450,OTHER,,86,"$4,226.21 ","$3,330.34 "
,TOTAL,,86,"$4,226.21 ","$3,330.34 "
36455,OTHER,,93,"$9,612.69 ","$7,572.70 "
,TOTAL,,93,"$9,612.69 ","$7,572.70 "
36460,OTHER,,10,"$2,717.16 ","$2,093.72 "
,TOTAL,,10,"$2,717.16 ","$2,093.72 "
36468,OTHER,,4,$428.59 ,$342.87 
,TOTAL,,4,$428.59 ,$342.87 
36469,OTHER,,1,$90.00 ,$72.00 
,TOTAL,,1,$90.00 ,$72.00 
36470,OTHER,,"2,302","$270,285.35 ","$206,861.22 "
,TOTAL,,"2,302","$270,285.35 ","$206,861.22 "
36471,OTHER,,"55,289","$9,664,780.05 ","$7,582,262.73 "
,TOTAL,,"55,289","$9,664,780.05 ","$7,582,262.73 "
36481,OTHER,,"2,401","$779,746.23 ","$619,388.59 "
,TOTAL,,"2,401","$779,746.23 ","$619,388.59 "
36488,OTHER,,84,"$6,915.65 ","$5,130.83 "
,TOTAL,,84,"$6,915.65 ","$5,130.83 "
36489,SG,,8,"$2,669.79 ","$2,109.55 "
,80'S,,2,$41.48 ,$33.19 
,OTHER,,"67,604","$9,114,210.98 ","$7,147,405.90 "
,TOTAL,,"67,614","$9,116,922.25 ","$7,149,548.64 "
36490,OTHER,,4,$406.03 ,$324.82 
,TOTAL,,4,$406.03 ,$324.82 
36491,SG,,1,$357.48 ,$205.98 
,OTHER,,939,"$81,382.11 ","$63,248.56 "
,TOTAL,,940,"$81,739.59 ","$63,454.54 "
36493,OTHER,,895,"$68,980.33 ","$53,690.08 "
,TOTAL,,895,"$68,980.33 ","$53,690.08 "
36500,OTHER,,"1,595","$203,753.56 ","$161,149.69 "
,TOTAL,,"1,595","$203,753.56 ","$161,149.69 "
36510,OTHER,,10,$690.70 ,$491.43 
,TOTAL,,10,$690.70 ,$491.43 
36511,OTHER,,601,"$55,894.04 ","$44,334.79 "
,TOTAL,,601,"$55,894.04 ","$44,334.79 "
36512,OTHER,,527,"$50,011.55 ","$39,277.12 "
,TOTAL,,527,"$50,011.55 ","$39,277.12 "
36513,OTHER,,241,"$20,355.86 ","$15,913.18 "
,TOTAL,,241,"$20,355.86 ","$15,913.18 "
36514,OTHER,,"17,385","$1,603,446.04 ","$1,269,479.36 "
,TOTAL,,"17,385","$1,603,446.04 ","$1,269,479.36 "
36515,OTHER,,163,"$11,917.71 ","$9,161.32 "
,TOTAL,,163,"$11,917.71 ","$9,161.32 "
36516,OTHER,,266,"$17,262.90 ","$13,295.75 "
,TOTAL,,266,"$17,262.90 ","$13,295.75 "
36522,OTHER,,"4,955","$1,426,019.58 ","$1,133,819.33 "
,TOTAL,,"4,955","$1,426,019.58 ","$1,133,819.33 "
36530,SG,,5,"$1,574.01 ","$1,259.19 "
,OTHER,,72,"$24,922.58 ","$19,938.04 "
,TOTAL,,77,"$26,496.59 ","$21,197.23 "
36531,SG,,1,$472.98 ,$307.38 
,OTHER,,9,"$2,432.53 ","$1,866.02 "
,TOTAL,,10,"$2,905.51 ","$2,173.40 "
36532,SG,,1,$326.23 ,$260.98 
,OTHER,,51,"$9,055.17 ","$6,640.69 "
,TOTAL,,52,"$9,381.40 ","$6,901.67 "
36533,SG,,188,"$95,170.17 ","$73,811.98 "
,80'S,,3,$121.38 ,$97.11 
,OTHER,,"14,117","$4,767,651.51 ","$3,742,668.04 "
,TOTAL,,"14,308","$4,862,943.06 ","$3,816,577.13 "
36534,SG,,3,"$1,357.70 ","$1,006.16 "
,OTHER,,"1,200","$187,532.07 ","$140,408.68 "
,TOTAL,,"1,203","$188,889.77 ","$141,414.84 "
36535,SG,,98,"$32,555.30 ","$24,465.14 "
,OTHER,,"7,675","$1,198,382.88 ","$882,891.66 "
,TOTAL,,"7,773","$1,230,938.18 ","$907,356.80 "
36536,OTHER,,71,"$13,318.48 ","$10,412.64 "
,TOTAL,,71,"$13,318.48 ","$10,412.64 "
36537,OTHER,,119,"$5,053.84 ","$3,791.38 "
,TOTAL,,119,"$5,053.84 ","$3,791.38 "
36540,OTHER,,1,$10.00 ,$8.00 
,TOTAL,,1,$10.00 ,$8.00 
36550,OTHER,,"18,783","$502,296.97 ","$392,517.16 "
,TOTAL,,"18,783","$502,296.97 ","$392,517.16 "
36555,OTHER,,525,"$72,271.33 ","$57,434.17 "
,TOTAL,,525,"$72,271.33 ","$57,434.17 "
36556,SG,,282,"$88,759.63 ","$70,750.87 "
,80'S,,6,$111.59 ,$89.26 
,OTHER,,"641,235","$74,362,401.19 ","$59,089,439.32 "
,TOTAL,,"641,523","$74,451,272.41 ","$59,160,279.45 "
36557,80'S,,1,$23.71 ,$18.97 
,OTHER,,401,"$111,678.58 ","$87,930.02 "
,TOTAL,,402,"$111,702.29 ","$87,948.99 "
36558,SG,,"1,168","$497,418.78 ","$395,629.29 "
,80'S,,129,"$4,172.31 ","$3,319.08 "
,OTHER,,"126,456","$35,360,882.11 ","$28,095,639.55 "
,TOTAL,,"127,753","$35,862,473.20 ","$28,494,587.92 "
36560,SG,,1,$502.61 ,$402.09 
,80'S,,1,$58.43 ,$46.74 
,OTHER,,202,"$68,723.99 ","$54,870.89 "
,TOTAL,,204,"$69,285.03 ","$55,319.72 "
36561,SG,,"3,806","$1,904,433.46 ","$1,513,347.59 "
,80'S,,95,"$4,503.85 ","$3,600.79 "
,OTHER,,"97,078","$33,427,898.50 ","$26,555,923.26 "
,TOTAL,,"100,979","$35,336,835.81 ","$28,072,871.64 "
36563,SG,,218,"$103,177.72 ","$81,101.29 "
,80'S,,4,$147.78 ,$118.22 
,OTHER,,"3,300","$1,180,792.25 ","$940,861.69 "
,TOTAL,,"3,522","$1,284,117.75 ","$1,022,081.20 "
36565,SG,,55,"$27,904.77 ","$22,249.29 "
,80'S,,13,$667.40 ,$533.92 
,OTHER,,"13,728","$4,496,463.19 ","$3,575,917.00 "
,TOTAL,,"13,796","$4,525,035.36 ","$3,598,700.21 "
36566,SG,,5,"$2,508.87 ","$2,007.10 "
,80'S,,2,$125.42 ,$100.33 
,OTHER,,"2,891","$1,002,736.57 ","$796,558.51 "
,TOTAL,,"2,898","$1,005,370.86 ","$798,665.94 "
36568,SG,,6,"$2,178.47 ","$1,742.78 "
,OTHER,,249,"$25,250.68 ","$19,815.52 "
,TOTAL,,255,"$27,429.15 ","$21,558.30 "
36569,SG,,60,"$20,102.98 ","$16,082.42 "
,OTHER,,"253,252","$24,019,495.62 ","$19,104,740.35 "
,TOTAL,,"253,312","$24,039,598.60 ","$19,120,822.77 "
36570,SG,,1,$492.94 ,$394.35 
,OTHER,,55,"$20,076.22 ","$16,061.00 "
,TOTAL,,56,"$20,569.16 ","$16,455.35 "
36571,SG,,750,"$373,359.76 ","$297,431.99 "
,80'S,,16,$641.38 ,$513.09 
,OTHER,,"18,215","$5,757,880.06 ","$4,571,824.91 "
,TOTAL,,"18,981","$6,131,881.20 ","$4,869,769.99 "
36575,SG,,27,"$10,778.57 ","$8,622.82 "
,80'S,,1,$4.12 ,$3.30 
,OTHER,,"3,210","$232,718.33 ","$183,231.50 "
,TOTAL,,"3,238","$243,501.02 ","$191,857.62 "
36576,SG,,14,"$6,222.20 ","$4,977.76 "
,OTHER,,872,"$176,027.69 ","$139,048.21 "
,TOTAL,,886,"$182,249.89 ","$144,025.97 "
36578,SG,,6,"$2,585.01 ","$2,068.01 "
,OTHER,,"1,108","$239,001.00 ","$189,804.60 "
,TOTAL,,"1,114","$241,586.01 ","$191,872.61 "
36580,SG,,18,"$5,763.52 ","$4,610.82 "
,OTHER,,"10,701","$767,338.40 ","$609,741.62 "
,TOTAL,,"10,719","$773,101.92 ","$614,352.44 "
36581,SG,,333,"$147,570.55 ","$116,641.67 "
,80'S,,5,$160.25 ,$128.20 
,OTHER,,"24,254","$5,980,303.92 ","$4,754,306.12 "
,TOTAL,,"24,592","$6,128,034.72 ","$4,871,075.99 "
36582,SG,,28,"$14,156.47 ","$11,153.52 "
,80'S,,1,$48.68 ,$38.94 
,OTHER,,"2,081","$646,679.77 ","$512,459.06 "
,TOTAL,,"2,110","$660,884.92 ","$523,651.52 "
36583,SG,,2,"$1,008.03 ",$806.43 
,OTHER,,190,"$59,386.54 ","$47,509.32 "
,TOTAL,,192,"$60,394.57 ","$48,315.75 "
36584,SG,,2,$478.90 ,$383.12 
,OTHER,,"8,080","$583,724.27 ","$464,593.48 "
,TOTAL,,"8,082","$584,203.17 ","$464,976.60 "
36585,SG,,7,"$3,287.73 ","$2,630.17 "
,OTHER,,282,"$82,430.00 ","$65,462.28 "
,TOTAL,,289,"$85,717.73 ","$68,092.45 "
36589,SG,,"1,668","$507,345.58 ","$401,976.57 "
,80'S,,9,$116.45 ,$93.15 
,OTHER,,"90,278","$12,521,319.29 ","$9,849,376.22 "
,TOTAL,,"91,955","$13,028,781.32 ","$10,251,445.94 "
36590,SG,,"1,593","$497,398.37 ","$393,740.91 "
,80'S,,18,$389.56 ,$311.66 
,OTHER,,"35,526","$7,466,584.24 ","$5,888,050.67 "
,TOTAL,,"37,137","$7,964,372.17 ","$6,282,103.24 "
36595,OTHER,,"1,244","$234,745.15 ","$185,271.92 "
,TOTAL,,"1,244","$234,745.15 ","$185,271.92 "
36596,OTHER,,"2,474","$173,114.53 ","$136,495.74 "
,TOTAL,,"2,474","$173,114.53 ","$136,495.74 "
36597,OTHER,,"5,524","$337,216.75 ","$267,918.67 "
,TOTAL,,"5,524","$337,216.75 ","$267,918.67 "
36600,OTHER,,"85,745","$2,218,539.48 ","$1,730,962.09 "
,TOTAL,,"85,745","$2,218,539.48 ","$1,730,962.09 "
36620,80'S,,1,$75.00 ,$60.00 
,OTHER,,"671,018","$34,138,662.02 ","$27,125,496.56 "
,TOTAL,,"671,019","$34,138,737.02 ","$27,125,556.56 "
36625,OTHER,,"3,634","$368,756.36 ","$293,526.70 "
,TOTAL,,"3,634","$368,756.36 ","$293,526.70 "
36640,SG,,4,"$1,122.24 ",$897.79 
,OTHER,,208,"$22,199.74 ","$17,503.69 "
,TOTAL,,212,"$23,321.98 ","$18,401.48 "
36660,OTHER,,9,$521.43 ,$402.72 
,TOTAL,,9,$521.43 ,$402.72 
36680,OTHER,,121,"$6,236.26 ","$4,978.30 "
,TOTAL,,121,"$6,236.26 ","$4,978.30 "
36800,SG,,9,"$4,311.83 ","$3,225.47 "
,OTHER,,"31,887","$5,120,165.92 ","$4,064,934.30 "
,TOTAL,,"31,896","$5,124,477.75 ","$4,068,159.77 "
36810,SG,,3,"$1,497.44 ","$1,197.95 "
,OTHER,,661,"$143,107.31 ","$113,810.80 "
,TOTAL,,664,"$144,604.75 ","$115,008.75 "
36815,SG,,7,"$3,379.96 ","$2,703.96 "
,OTHER,,374,"$50,211.13 ","$39,190.06 "
,TOTAL,,381,"$53,591.09 ","$41,894.02 "
36819,SG,,121,"$59,362.95 ","$47,330.53 "
,80'S,,501,"$65,252.38 ","$51,693.38 "
,OTHER,,"10,410","$8,152,126.62 ","$6,446,406.61 "
,TOTAL,,"11,032","$8,276,741.95 ","$6,545,430.52 "
36820,SG,,35,"$16,886.58 ","$13,509.30 "
,80'S,,87,"$11,208.85 ","$8,807.22 "
,OTHER,,"2,442","$1,912,591.18 ","$1,514,597.86 "
,TOTAL,,"2,564","$1,940,686.61 ","$1,536,914.38 "
36821,SG,,661,"$327,908.35 ","$259,329.03 "
,80'S,,"1,260","$104,702.67 ","$82,999.27 "
,OTHER,,"33,903","$17,465,940.36 ","$13,805,187.17 "
,TOTAL,,"35,824","$17,898,551.38 ","$14,147,515.47 "
36822,OTHER,,325,"$94,102.33 ","$75,163.44 "
,TOTAL,,325,"$94,102.33 ","$75,163.44 "
36823,OTHER,,117,"$142,170.50 ","$112,737.02 "
,TOTAL,,117,"$142,170.50 ","$112,737.02 "
36825,SG,,138,"$86,140.10 ","$67,634.04 "
,80'S,,397,"$37,419.51 ","$29,542.86 "
,OTHER,,"7,119","$4,052,200.00 ","$3,209,642.86 "
,TOTAL,,"7,654","$4,175,759.61 ","$3,306,819.76 "
36830,SG,,290,"$179,764.65 ","$141,650.51 "
,80'S,,"2,017","$220,275.93 ","$174,598.62 "
,OTHER,,"44,077","$28,806,361.36 ","$22,833,317.86 "
,TOTAL,,"46,384","$29,206,401.94 ","$23,149,566.99 "
36831,SG,,73,"$95,706.98 ","$76,485.64 "
,80'S,,456,"$32,759.83 ","$25,923.64 "
,OTHER,,"21,965","$9,476,590.02 ","$7,513,708.97 "
,TOTAL,,"22,494","$9,605,056.83 ","$7,616,118.25 "
36832,SG,,229,"$141,294.03 ","$110,695.17 "
,80'S,,515,"$47,568.06 ","$37,732.53 "
,OTHER,,"15,145","$8,604,946.18 ","$6,805,434.76 "
,TOTAL,,"15,889","$8,793,808.27 ","$6,953,862.46 "
36833,SG,,79,"$47,920.31 ","$38,043.44 "
,80'S,,731,"$77,863.97 ","$61,658.38 "
,OTHER,,"18,260","$11,565,096.37 ","$9,173,292.08 "
,TOTAL,,"19,070","$11,690,880.65 ","$9,272,993.90 "
36834,80'S,,58,"$4,904.00 ","$3,923.08 "
,OTHER,,"1,489","$760,125.93 ","$603,642.56 "
,TOTAL,,"1,547","$765,029.93 ","$607,565.64 "
36835,OTHER,,100,"$38,375.28 ","$30,620.20 "
,TOTAL,,100,"$38,375.28 ","$30,620.20 "
36838,80'S,,35,"$6,734.15 ","$5,250.22 "
,OTHER,,596,"$660,311.33 ","$522,265.54 "
,TOTAL,,631,"$667,045.48 ","$527,515.76 "
36860,OTHER,,813,"$115,870.21 ","$91,387.23 "
,TOTAL,,813,"$115,870.21 ","$91,387.23 "
36861,OTHER,,478,"$57,831.30 ","$45,880.05 "
,TOTAL,,478,"$57,831.30 ","$45,880.05 "
36870,SG,,906,"$1,205,819.16 ","$953,824.35 "
,OTHER,,"52,959","$26,907,398.29 ","$21,413,509.64 "
,TOTAL,,"53,865","$28,113,217.45 ","$22,367,333.99 "
37140,OTHER,,81,"$90,867.00 ","$72,175.14 "
,TOTAL,,81,"$90,867.00 ","$72,175.14 "
37145,80'S,,1,$186.10 ,$148.88 
,OTHER,,4,"$4,609.05 ","$3,687.24 "
,TOTAL,,5,"$4,795.15 ","$3,836.12 "
37160,80'S,,2,$485.08 ,$388.06 
,OTHER,,16,"$14,499.88 ","$10,856.47 "
,TOTAL,,18,"$14,984.96 ","$11,244.53 "
37180,80'S,,2,$409.54 ,$327.63 
,OTHER,,5,"$6,959.50 ","$5,567.61 "
,TOTAL,,7,"$7,369.04 ","$5,895.24 "
37181,80'S,,5,"$1,236.16 ",$988.92 
,OTHER,,15,"$21,151.32 ","$16,921.06 "
,TOTAL,,20,"$22,387.48 ","$17,909.98 "
37182,80'S,,3,$241.24 ,$192.99 
,OTHER,,"1,382","$1,234,885.04 ","$982,540.38 "
,TOTAL,,"1,385","$1,235,126.28 ","$982,733.37 "
37183,OTHER,,816,"$341,869.42 ","$268,290.64 "
,TOTAL,,816,"$341,869.42 ","$268,290.64 "
37195,OTHER,,13,"$3,868.01 ","$3,094.41 "
,TOTAL,,13,"$3,868.01 ","$3,094.41 "
37200,OTHER,,"2,847","$628,314.70 ","$496,808.79 "
,TOTAL,,"2,847","$628,314.70 ","$496,808.79 "
37201,OTHER,,"14,959","$3,074,996.04 ","$2,444,981.16 "
,TOTAL,,"14,959","$3,074,996.04 ","$2,444,981.16 "
37202,OTHER,,"14,417","$3,217,187.00 ","$2,554,224.75 "
,TOTAL,,"14,417","$3,217,187.00 ","$2,554,224.75 "
37203,OTHER,,"2,666","$668,613.77 ","$530,409.21 "
,TOTAL,,"2,666","$668,613.77 ","$530,409.21 "
37204,80'S,,1,$657.00 ,$525.60 
,OTHER,,"25,833","$23,644,196.50 ","$18,749,359.15 "
,TOTAL,,"25,834","$23,644,853.50 ","$18,749,884.75 "
37205,80'S,,155,"$10,383.75 ","$8,250.74 "
,OTHER,,"92,765","$36,843,988.07 ","$29,267,024.06 "
,TOTAL,,"92,920","$36,854,371.82 ","$29,275,274.80 "
37206,80'S,,48,"$1,693.88 ","$1,355.04 "
,OTHER,,"25,347","$5,420,720.60 ","$4,312,204.74 "
,TOTAL,,"25,395","$5,422,414.48 ","$4,313,559.78 "
37207,80'S,,344,"$16,614.81 ","$13,262.70 "
,OTHER,,"4,765","$1,458,302.82 ","$1,158,417.29 "
,TOTAL,,"5,109","$1,474,917.63 ","$1,171,679.99 "
37208,80'S,,107,"$3,898.57 ","$3,118.78 "
,OTHER,,"1,319","$279,323.90 ","$222,717.23 "
,TOTAL,,"1,426","$283,222.47 ","$225,836.01 "
37209,OTHER,,"2,493","$211,674.59 ","$167,799.37 "
,TOTAL,,"2,493","$211,674.59 ","$167,799.37 "
37250,80'S,,20,$359.27 ,$287.38 
,OTHER,,"4,022","$451,994.78 ","$359,347.75 "
,TOTAL,,"4,042","$452,354.05 ","$359,635.13 "
37251,80'S,,17,$226.29 ,$181.02 
,OTHER,,"2,523","$212,062.37 ","$168,681.60 "
,TOTAL,,"2,540","$212,288.66 ","$168,862.62 "
37500,OTHER,,626,"$403,087.82 ","$318,186.10 "
,TOTAL,,626,"$403,087.82 ","$318,186.10 "
37501,OTHER,,127,"$42,951.30 ","$34,311.98 "
,TOTAL,,127,"$42,951.30 ","$34,311.98 "
37565,80'S,,2,$158.51 ,$126.81 
,OTHER,,110,"$56,416.03 ","$45,063.72 "
,TOTAL,,112,"$56,574.54 ","$45,190.53 "
37600,80'S,,14,"$1,119.36 ",$822.97 
,OTHER,,208,"$69,950.30 ","$55,456.94 "
,TOTAL,,222,"$71,069.66 ","$56,279.91 "
37605,80'S,,15,"$1,160.72 ",$928.54 
,OTHER,,117,"$57,601.02 ","$46,070.36 "
,TOTAL,,132,"$58,761.74 ","$46,998.90 "
37606,80'S,,2,$98.24 ,$78.59 
,OTHER,,14,"$4,952.21 ","$3,961.77 "
,TOTAL,,16,"$5,050.45 ","$4,040.36 "
37607,SG,,159,"$68,509.02 ","$53,966.62 "
,OTHER,,"9,196","$2,953,664.70 ","$2,335,330.32 "
,TOTAL,,"9,355","$3,022,173.72 ","$2,389,296.94 "
37609,SG,,"2,673","$1,174,920.43 ","$934,944.98 "
,80'S,,3,$108.48 ,$86.79 
,OTHER,,"24,212","$5,146,121.89 ","$4,077,233.08 "
,TOTAL,,"26,888","$6,321,150.80 ","$5,012,264.85 "
37615,80'S,,10,$507.90 ,$358.73 
,OTHER,,85,"$24,398.91 ","$19,519.17 "
,TOTAL,,95,"$24,906.81 ","$19,877.90 "
37616,80'S,,26,"$2,907.44 ","$2,262.07 "
,OTHER,,170,"$89,962.10 ","$71,969.87 "
,TOTAL,,196,"$92,869.54 ","$74,231.94 "
37617,80'S,,132,"$19,912.81 ","$15,815.48 "
,OTHER,,622,"$589,163.96 ","$466,534.81 "
,TOTAL,,754,"$609,076.77 ","$482,350.29 "
37618,80'S,,91,"$3,163.58 ","$2,530.92 "
,OTHER,,"1,023","$246,787.53 ","$196,115.59 "
,TOTAL,,"1,114","$249,951.11 ","$198,646.51 "
37620,80'S,,3,$326.17 ,$260.94 
,OTHER,,"55,347","$35,439,461.06 ","$28,225,515.51 "
,TOTAL,,"55,350","$35,439,787.23 ","$28,225,776.45 "
37650,SG,,2,$673.23 ,$538.59 
,OTHER,,109,"$42,111.57 ","$33,595.39 "
,TOTAL,,111,"$42,784.80 ","$34,133.98 "
37660,80'S,,7,"$1,060.12 ",$848.09 
,OTHER,,56,"$49,241.11 ","$39,392.90 "
,TOTAL,,63,"$50,301.23 ","$40,240.99 "
37700,SG,,100,"$41,211.35 ","$31,661.92 "
,80'S,,3,$117.23 ,$93.78 
,OTHER,,"2,038","$381,459.45 ","$300,586.40 "
,TOTAL,,"2,141","$422,788.03 ","$332,342.10 "
37720,SG,,376,"$185,426.72 ","$145,632.12 "
,80'S,,2,$139.19 ,$111.35 
,OTHER,,"3,625","$1,125,089.72 ","$886,957.90 "
,TOTAL,,"4,003","$1,310,655.63 ","$1,032,701.37 "
37730,SG,,59,"$30,443.69 ","$24,152.59 "
,OTHER,,883,"$390,596.12 ","$309,036.81 "
,TOTAL,,942,"$421,039.81 ","$333,189.40 "
37735,SG,,31,"$15,891.57 ","$12,633.24 "
,80'S,,18,"$2,165.94 ","$1,732.71 "
,OTHER,,274,"$169,131.79 ","$133,663.75 "
,TOTAL,,323,"$187,189.30 ","$148,029.70 "
37760,SG,,95,"$44,935.92 ","$35,246.50 "
,80'S,,68,"$6,262.42 ","$4,772.41 "
,OTHER,,"1,861","$969,363.08 ","$765,979.15 "
,TOTAL,,"2,024","$1,020,561.42 ","$805,998.06 "
37765,OTHER,,"3,788","$1,408,280.91 ","$1,113,974.60 "
,TOTAL,,"3,788","$1,408,280.91 ","$1,113,974.60 "
37766,OTHER,,"2,067","$891,817.09 ","$706,735.54 "
,TOTAL,,"2,067","$891,817.09 ","$706,735.54 "
37780,SG,,23,"$10,098.34 ","$8,078.68 "
,OTHER,,349,"$63,682.84 ","$50,567.34 "
,TOTAL,,372,"$73,781.18 ","$58,646.02 "
37785,SG,,551,"$272,270.86 ","$212,064.27 "
,OTHER,,"5,022","$1,126,784.28 ","$882,413.37 "
,TOTAL,,"5,573","$1,399,055.14 ","$1,094,477.64 "
37788,80'S,,1,$213.27 ,$170.62 
,OTHER,,9,"$9,058.22 ","$7,246.59 "
,TOTAL,,10,"$9,271.49 ","$7,417.21 "
37790,SG,,1,$476.45 ,$381.16 
,OTHER,,6,"$2,213.77 ","$1,771.00 "
,TOTAL,,7,"$2,690.22 ","$2,152.16 "
37799,80'S,,106,"$19,616.10 ","$15,692.86 "
,OTHER,,"5,675","$2,792,151.32 ","$2,221,253.82 "
,TOTAL,,"5,781","$2,811,767.42 ","$2,236,946.68 "
38100,80'S,LYMPHATIC,"1,133","$130,591.82 ","$103,599.39 "
,OTHER,,"4,348","$2,893,753.30 ","$2,301,255.48 "
,TOTAL,,"5,481","$3,024,345.12 ","$2,404,854.87 "
38101,80'S,,15,"$1,484.72 ","$1,187.78 "
,OTHER,,47,"$29,508.43 ","$23,537.97 "
,TOTAL,,62,"$30,993.15 ","$24,725.75 "
38102,80'S,,155,"$6,494.12 ","$5,156.29 "
,OTHER,,661,"$168,156.24 ","$133,456.68 "
,TOTAL,,816,"$174,650.36 ","$138,612.97 "
38115,80'S,,59,"$4,899.43 ","$3,919.53 "
,OTHER,,255,"$156,071.92 ","$124,010.58 "
,TOTAL,,314,"$160,971.35 ","$127,930.11 "
38120,80'S,,370,"$56,891.86 ","$45,112.82 "
,OTHER,,"1,034","$966,979.95 ","$766,020.22 "
,TOTAL,,"1,404","$1,023,871.81 ","$811,133.04 "
38129,80'S,,3,$380.50 ,$304.40 
,OTHER,,17,"$6,612.02 ","$5,289.62 "
,TOTAL,,20,"$6,992.52 ","$5,594.02 "
38200,80'S,,1,$11.00 ,$8.80 
,OTHER,,29,"$2,876.65 ","$2,301.32 "
,TOTAL,,30,"$2,887.65 ","$2,310.12 "
38205,OTHER,,117,"$9,035.48 ","$7,261.58 "
,TOTAL,,117,"$9,035.48 ","$7,261.58 "
38206,OTHER,,"1,869","$155,787.23 ","$123,529.14 "
,TOTAL,,"1,869","$155,787.23 ","$123,529.14 "
38220,80'S,,224,"$1,235.31 ",$980.35 
,OTHER,,"69,942","$5,265,941.41 ","$4,155,634.41 "
,TOTAL,,"70,166","$5,267,176.72 ","$4,156,614.76 "
38221,80'S,,8,$56.47 ,$45.18 
,OTHER,,"142,412","$20,565,866.49 ","$16,218,707.24 "
,TOTAL,,"142,420","$20,565,922.96 ","$16,218,752.42 "
38230,80'S,,18,$528.88 ,$423.06 
,OTHER,,867,"$180,584.41 ","$144,093.18 "
,TOTAL,,885,"$181,113.29 ","$144,516.24 "
38240,OTHER,,224,"$28,791.40 ","$22,758.21 "
,TOTAL,,224,"$28,791.40 ","$22,758.21 "
38241,OTHER,,808,"$98,139.14 ","$77,608.26 "
,TOTAL,,808,"$98,139.14 ","$77,608.26 "
38242,OTHER,,33,"$3,135.83 ","$2,418.99 "
,TOTAL,,33,"$3,135.83 ","$2,418.99 "
38300,SG,,4,"$1,173.39 ",$938.71 
,OTHER,,"1,028","$207,805.55 ","$164,638.11 "
,TOTAL,,"1,032","$208,978.94 ","$165,576.82 "
38305,SG,,7,"$3,035.70 ","$2,348.57 "
,OTHER,,"6,061","$2,343,627.01 ","$1,870,998.14 "
,TOTAL,,"6,068","$2,346,662.71 ","$1,873,346.71 "
38308,SG,,7,"$2,881.89 ","$2,305.51 "
,80'S,,97,"$4,446.18 ","$3,556.83 "
,OTHER,,"1,410","$411,005.38 ","$325,315.41 "
,TOTAL,,"1,514","$418,333.45 ","$331,177.75 "
38380,80'S,,6,$379.70 ,$303.77 
,OTHER,,48,"$15,910.60 ","$12,724.11 "
,TOTAL,,54,"$16,290.30 ","$13,027.88 "
38381,80'S,,15,"$1,440.03 ","$1,152.00 "
,OTHER,,129,"$70,738.35 ","$55,992.86 "
,TOTAL,,144,"$72,178.38 ","$57,144.86 "
38382,80'S,,1,$48.53 ,$38.83 
,OTHER,,12,"$5,540.31 ","$4,432.25 "
,TOTAL,,13,"$5,588.84 ","$4,471.08 "
38500,SG,,974,"$381,612.83 ","$301,525.47 "
,80'S,,1,$17.80 ,$14.24 
,OTHER,,"13,487","$2,542,046.29 ","$2,007,977.17 "
,TOTAL,,"14,462","$2,923,676.92 ","$2,309,516.88 "
38505,SG,,93,"$27,429.09 ","$21,943.19 "
,80'S,,1,$7.05 ,$5.64 
,OTHER,,"7,839","$721,795.34 ","$565,794.31 "
,TOTAL,,"7,933","$749,231.48 ","$587,743.14 "
38510,SG,,998,"$419,683.82 ","$332,376.53 "
,OTHER,,"10,132","$3,615,520.31 ","$2,862,352.34 "
,TOTAL,,"11,130","$4,035,204.13 ","$3,194,728.87 "
38520,SG,,42,"$17,058.37 ","$13,333.14 "
,OTHER,,"1,083","$434,154.63 ","$344,267.62 "
,TOTAL,,"1,125","$451,213.00 ","$357,600.76 "
38525,SG,,"1,643","$524,987.26 ","$416,307.19 "
,80'S,,2,$55.23 ,$44.19 
,OTHER,,"28,665","$7,273,601.56 ","$5,773,130.82 "
,TOTAL,,"30,310","$7,798,644.05 ","$6,189,482.20 "
38530,SG,,8,"$2,880.11 ","$2,304.08 "
,80'S,,37,"$1,748.25 ","$1,398.54 "
,OTHER,,320,"$98,352.23 ","$78,238.73 "
,TOTAL,,365,"$102,980.59 ","$81,941.35 "
38542,SG,,56,"$22,174.33 ","$17,483.09 "
,80'S,,115,"$5,370.19 ","$4,267.07 "
,OTHER,,"1,199","$391,370.74 ","$310,748.50 "
,TOTAL,,"1,370","$418,915.26 ","$332,498.66 "
38550,SG,,8,"$3,673.90 ","$2,939.12 "
,80'S,,1,$39.93 ,$31.94 
,OTHER,,128,"$46,962.94 ","$37,295.37 "
,TOTAL,,137,"$50,676.77 ","$40,266.43 "
38555,SG,,1,$581.82 ,$465.46 
,80'S,,6,$820.31 ,$546.35 
,OTHER,,100,"$85,113.24 ","$66,517.05 "
,TOTAL,,107,"$86,515.37 ","$67,528.86 "
38562,80'S,,272,"$21,613.24 ","$17,142.56 "
,OTHER,,"1,317","$611,641.70 ","$486,590.70 "
,TOTAL,,"1,589","$633,254.94 ","$503,733.26 "
38564,80'S,,96,"$6,200.95 ","$4,919.36 "
,OTHER,,434,"$178,740.26 ","$142,912.36 "
,TOTAL,,530,"$184,941.21 ","$147,831.72 "
38570,80'S,,92,"$5,276.67 ","$4,217.94 "
,OTHER,,458,"$171,223.02 ","$135,454.38 "
,TOTAL,,550,"$176,499.69 ","$139,672.32 "
38571,SG,,1,"$1,102.82 ",$882.26 
,80'S,,338,"$26,517.86 ","$21,021.21 "
,OTHER,,"1,004","$499,896.33 ","$393,620.62 "
,TOTAL,,"1,343","$527,517.01 ","$415,524.09 "
38572,SG,,1,"$1,328.67 ","$1,062.94 "
,80'S,,59,"$7,432.57 ","$5,933.71 "
,OTHER,,219,"$143,887.70 ","$115,110.15 "
,TOTAL,,279,"$152,648.94 ","$122,106.80 "
38589,80'S,,5,$496.25 ,$397.01 
,OTHER,,52,"$19,284.64 ","$15,269.94 "
,TOTAL,,57,"$19,780.89 ","$15,666.95 "
38700,80'S,,146,"$11,654.55 ","$9,195.70 "
,OTHER,,873,"$416,975.33 ","$328,964.26 "
,TOTAL,,"1,019","$428,629.88 ","$338,159.96 "
38720,80'S,,211,"$28,297.21 ","$22,557.68 "
,OTHER,,963,"$794,129.75 ","$631,260.34 "
,TOTAL,,"1,174","$822,426.96 ","$653,818.02 "
38724,80'S,,752,"$104,394.85 ","$82,400.81 "
,OTHER,,"4,459","$3,806,339.69 ","$3,010,914.58 "
,TOTAL,,"5,211","$3,910,734.54 ","$3,093,315.39 "
38740,SG,,158,"$50,293.29 ","$39,991.43 "
,80'S,,209,"$18,606.83 ","$14,805.51 "
,OTHER,,"3,413","$1,844,343.06 ","$1,463,604.38 "
,TOTAL,,"3,780","$1,913,243.18 ","$1,518,401.32 "
38745,SG,,180,"$113,757.31 ","$90,441.77 "
,80'S,,365,"$43,325.93 ","$34,202.32 "
,OTHER,,"4,213","$2,907,459.62 ","$2,301,396.76 "
,TOTAL,,"4,758","$3,064,542.86 ","$2,426,040.85 "
38746,80'S,,"1,767","$76,032.45 ","$60,424.45 "
,OTHER,,"11,811","$2,819,176.81 ","$2,242,745.03 "
,TOTAL,,"13,578","$2,895,209.26 ","$2,303,169.48 "
38747,80'S,,395,"$17,596.90 ","$14,040.06 "
,OTHER,,"1,700","$435,088.61 ","$345,568.50 "
,TOTAL,,"2,095","$452,685.51 ","$359,608.56 "
38760,SG,,87,"$34,925.78 ","$27,635.87 "
,80'S,,142,"$15,567.62 ","$12,454.16 "
,OTHER,,"1,903","$1,313,662.45 ","$1,042,512.22 "
,TOTAL,,"2,132","$1,364,155.85 ","$1,082,602.25 "
38765,80'S,,28,"$4,315.65 ","$3,452.51 "
,OTHER,,245,"$243,930.08 ","$191,725.71 "
,TOTAL,,273,"$248,245.73 ","$195,178.22 "
38770,80'S,,497,"$49,786.90 ","$39,343.03 "
,OTHER,,"1,671","$1,065,288.33 ","$843,266.68 "
,TOTAL,,"2,168","$1,115,075.23 ","$882,609.71 "
38780,80'S,,209,"$29,352.38 ","$23,401.90 "
,OTHER,,541,"$455,156.26 ","$363,199.42 "
,TOTAL,,750,"$484,508.64 ","$386,601.32 "
38790,OTHER,,"1,396","$93,844.25 ","$74,544.22 "
,TOTAL,,"1,396","$93,844.25 ","$74,544.22 "
38792,80'S,,2,$8.74 ,$6.99 
,OTHER,,"33,768","$816,389.05 ","$647,911.60 "
,TOTAL,,"33,770","$816,397.79 ","$647,918.59 "
38794,OTHER,,11,"$1,754.38 ","$1,403.49 "
,TOTAL,,11,"$1,754.38 ","$1,403.49 "
38999,80'S,,6,$651.12 ,$517.47 
,OTHER,,310,"$92,430.21 ","$73,933.50 "
,TOTAL,,316,"$93,081.33 ","$74,450.97 "
39000,80'S,MEDIASTINUM,61,"$3,007.55 ","$2,371.25 "
,OTHER,,"1,014","$357,278.39 ","$283,376.77 "
,TOTAL,,"1,075","$360,285.94 ","$285,748.02 "
39010,80'S,,288,"$27,118.42 ","$21,408.80 "
,OTHER,,"2,435","$1,384,223.57 ","$1,095,628.81 "
,TOTAL,,"2,723","$1,411,341.99 ","$1,117,037.61 "
39200,80'S,,8,$935.19 ,$684.16 
,OTHER,,111,"$68,002.37 ","$53,436.59 "
,TOTAL,,119,"$68,937.56 ","$54,120.75 "
39220,80'S,,107,"$15,231.11 ","$12,043.95 "
,OTHER,,609,"$476,525.32 ","$377,791.25 "
,TOTAL,,716,"$491,756.43 ","$389,835.20 "
39400,OTHER,,"14,118","$5,204,144.03 ","$4,122,506.09 "
,TOTAL,,"14,118","$5,204,144.03 ","$4,122,506.09 "
39499,80'S,,1,$64.07 ,$51.26 
,OTHER,,57,"$16,209.41 ","$12,967.44 "
,TOTAL,,58,"$16,273.48 ","$13,018.70 "
39501,80'S,,34,"$2,947.32 ","$2,352.74 "
,OTHER,,303,"$150,543.09 ","$120,004.38 "
,TOTAL,,337,"$153,490.41 ","$122,357.12 "
39502,80'S,,767,"$104,354.89 ","$82,911.90 "
,OTHER,,"2,433","$1,980,824.93 ","$1,572,650.62 "
,TOTAL,,"3,200","$2,085,179.82 ","$1,655,562.52 "
39503,80'S,,1,$811.56 ,$649.25 
,OTHER,,6,"$11,935.15 ","$9,548.12 "
,TOTAL,,7,"$12,746.71 ","$10,197.37 "
39520,80'S,,104,"$12,424.81 ","$9,762.65 "
,OTHER,,370,"$255,418.07 ","$202,488.23 "
,TOTAL,,474,"$267,842.88 ","$212,250.88 "
39530,80'S,,45,"$4,457.39 ","$3,565.16 "
,OTHER,,113,"$69,534.81 ","$55,291.94 "
,TOTAL,,158,"$73,992.20 ","$58,857.10 "
39531,80'S,,7,$844.92 ,$675.94 
,OTHER,,9,"$6,719.10 ","$5,375.28 "
,TOTAL,,16,"$7,564.02 ","$6,051.22 "
39540,80'S,,31,"$2,810.16 ","$2,193.65 "
,OTHER,,93,"$52,921.35 ","$42,072.98 "
,TOTAL,,124,"$55,731.51 ","$44,266.63 "
39541,80'S,,66,"$6,578.59 ","$5,262.87 "
,OTHER,,243,"$140,661.85 ","$111,501.57 "
,TOTAL,,309,"$147,240.44 ","$116,764.44 "
39545,80'S,,20,"$2,233.36 ","$1,786.68 "
,OTHER,,93,"$55,407.60 ","$43,992.28 "
,TOTAL,,113,"$57,640.96 ","$45,778.96 "
39560,80'S,,67,"$4,400.35 ","$3,515.75 "
,OTHER,,329,"$132,835.36 ","$105,190.22 "
,TOTAL,,396,"$137,235.71 ","$108,705.97 "
39561,80'S,,43,"$4,944.68 ","$3,955.70 "
,OTHER,,159,"$109,321.18 ","$87,437.58 "
,TOTAL,,202,"$114,265.86 ","$91,393.28 "
39599,80'S,,77,"$11,060.63 ","$8,746.11 "
,OTHER,,345,"$257,280.00 ","$205,335.93 "
,TOTAL,,422,"$268,340.63 ","$214,082.04 "
40490,80'S,DIGESTIVE,1,$15.53 ,$12.42 
,OTHER,,"27,047","$2,902,779.32 ","$2,216,504.26 "
,TOTAL,,"27,048","$2,902,794.85 ","$2,216,516.68 "
40500,SG,,82,"$33,795.55 ","$25,972.76 "
,OTHER,,759,"$236,308.85 ","$183,211.26 "
,TOTAL,,841,"$270,104.40 ","$209,184.02 "
40510,SG,,212,"$84,992.64 ","$67,088.92 "
,OTHER,,"1,427","$517,946.30 ","$408,375.71 "
,TOTAL,,"1,639","$602,938.94 ","$475,464.63 "
40520,SG,,207,"$83,955.93 ","$65,981.09 "
,OTHER,,"1,980","$752,508.43 ","$593,638.34 "
,TOTAL,,"2,187","$836,464.36 ","$659,619.43 "
40525,SG,,91,"$37,020.08 ","$29,143.92 "
,OTHER,,312,"$156,733.96 ","$124,324.50 "
,TOTAL,,403,"$193,754.04 ","$153,468.42 "
40527,SG,,15,"$6,668.18 ","$5,334.54 "
,OTHER,,100,"$58,144.65 ","$46,260.68 "
,TOTAL,,115,"$64,812.83 ","$51,595.22 "
40530,SG,,60,"$18,670.15 ","$14,837.95 "
,OTHER,,258,"$82,725.81 ","$65,914.54 "
,TOTAL,,318,"$101,395.96 ","$80,752.49 "
40650,SG,,14,"$6,634.60 ","$5,307.68 "
,80'S,,1,$19.68 ,$15.74 
,OTHER,,286,"$77,774.36 ","$61,417.39 "
,TOTAL,,301,"$84,428.64 ","$66,740.81 "
40652,SG,,23,"$11,246.92 ","$8,917.52 "
,OTHER,,193,"$68,476.69 ","$54,360.50 "
,TOTAL,,216,"$79,723.61 ","$63,278.02 "
40654,SG,,58,"$28,734.11 ","$22,393.81 "
,OTHER,,594,"$247,621.21 ","$195,450.56 "
,TOTAL,,652,"$276,355.32 ","$217,844.37 "
40700,SG,,2,"$1,693.37 ","$1,354.70 "
,OTHER,,9,"$5,700.26 ","$4,560.20 "
,TOTAL,,11,"$7,393.63 ","$5,914.90 "
40701,OTHER,,3,"$2,257.67 ","$1,765.31 "
,TOTAL,,3,"$2,257.67 ","$1,765.31 "
40702,OTHER,,6,$90.00 ,$46.44 
,TOTAL,,6,$90.00 ,$46.44 
40720,80'S,,1,$59.76 ,$47.81 
,OTHER,,14,"$11,933.79 ","$9,547.05 "
,TOTAL,,15,"$11,993.55 ","$9,594.86 "
40761,SG,,1,$498.33 ,$398.66 
,OTHER,,18,"$17,350.39 ","$13,880.30 "
,TOTAL,,19,"$17,848.72 ","$14,278.96 "
40799,OTHER,,12,"$2,320.74 ","$1,856.60 "
,TOTAL,,12,"$2,320.74 ","$1,856.60 "
40800,OTHER,,"1,028","$117,450.65 ","$88,022.53 "
,TOTAL,,"1,028","$117,450.65 ","$88,022.53 "
40801,SG,,13,"$5,516.86 ","$4,413.50 "
,OTHER,,494,"$91,771.23 ","$70,850.85 "
,TOTAL,,507,"$97,288.09 ","$75,264.35 "
40804,OTHER,,134,"$16,732.24 ","$12,892.25 "
,TOTAL,,134,"$16,732.24 ","$12,892.25 "
40805,OTHER,,79,"$14,475.09 ","$11,451.90 "
,TOTAL,,79,"$14,475.09 ","$11,451.90 "
40806,OTHER,,32,"$1,667.68 ","$1,156.50 "
,TOTAL,,32,"$1,667.68 ","$1,156.50 "
40808,OTHER,,"8,985","$974,986.12 ","$747,796.32 "
,TOTAL,,"8,985","$974,986.12 ","$747,796.32 "
40810,OTHER,,"2,369","$289,526.37 ","$222,075.71 "
,TOTAL,,"2,369","$289,526.37 ","$222,075.71 "
40812,OTHER,,"7,805","$1,508,912.40 ","$1,170,166.71 "
,TOTAL,,"7,805","$1,508,912.40 ","$1,170,166.71 "
40814,SG,,146,"$60,267.08 ","$47,623.58 "
,OTHER,,"1,778","$502,534.82 ","$395,859.52 "
,TOTAL,,"1,924","$562,801.90 ","$443,483.10 "
40816,SG,,50,"$19,765.59 ","$15,732.48 "
,OTHER,,"1,086","$294,842.37 ","$231,776.68 "
,TOTAL,,"1,136","$314,607.96 ","$247,509.16 "
40818,SG,,59,"$10,928.86 ","$8,743.12 "
,80'S,,7,$177.68 ,$142.14 
,OTHER,,266,"$38,044.03 ","$30,215.95 "
,TOTAL,,332,"$49,150.57 ","$39,101.21 "
40819,SG,,16,"$4,723.80 ","$3,677.47 "
,80'S,,1,$16.73 ,$13.38 
,OTHER,,210,"$43,804.73 ","$34,214.01 "
,TOTAL,,227,"$48,545.26 ","$37,904.86 "
40820,OTHER,,"1,149","$151,627.75 ","$116,707.31 "
,TOTAL,,"1,149","$151,627.75 ","$116,707.31 "
40830,OTHER,,348,"$52,174.32 ","$40,778.76 "
,TOTAL,,348,"$52,174.32 ","$40,778.76 "
40831,SG,,1,$167.48 ,$133.98 
,80'S,,3,$72.02 ,$57.61 
,OTHER,,195,"$32,790.22 ","$25,859.09 "
,TOTAL,,199,"$33,029.72 ","$26,050.68 "
40840,SG,,1,$221.45 ,$177.16 
,80'S,,3,$206.69 ,$165.36 
,OTHER,,44,"$23,440.52 ","$18,592.43 "
,TOTAL,,48,"$23,868.66 ","$18,934.95 "
40842,OTHER,,8,"$4,158.22 ","$3,326.56 "
,TOTAL,,8,"$4,158.22 ","$3,326.56 "
40843,OTHER,,2,"$1,672.37 ","$1,327.22 "
,TOTAL,,2,"$1,672.37 ","$1,327.22 "
40844,OTHER,,11,"$9,662.79 ","$7,650.23 "
,TOTAL,,11,"$9,662.79 ","$7,650.23 "
40845,SG,,1,$696.55 ,$557.24 
,80'S,,6,"$1,772.69 ","$1,418.16 "
,OTHER,,76,"$69,288.52 ","$55,350.71 "
,TOTAL,,83,"$71,757.76 ","$57,326.11 "
40899,OTHER,,66,"$18,728.79 ","$14,976.61 "
,TOTAL,,66,"$18,728.79 ","$14,976.61 "
41000,OTHER,,192,"$22,214.04 ","$16,844.35 "
,TOTAL,,192,"$22,214.04 ","$16,844.35 "
41005,OTHER,,52,"$6,039.97 ","$4,459.89 "
,TOTAL,,52,"$6,039.97 ","$4,459.89 "
41006,SG,,1,$325.65 ,$260.52 
,OTHER,,76,"$16,202.12 ","$12,795.24 "
,TOTAL,,77,"$16,527.77 ","$13,055.76 "
41007,OTHER,,47,"$9,976.29 ","$7,797.71 "
,TOTAL,,47,"$9,976.29 ","$7,797.71 "
41008,SG,,1,$315.77 ,$252.62 
,80'S,,1,$44.40 ,$35.52 
,OTHER,,167,"$37,617.18 ","$29,675.46 "
,TOTAL,,169,"$37,977.35 ","$29,963.60 "
41009,SG,,2,$341.33 ,$273.07 
,80'S,,1,$41.13 ,$32.90 
,OTHER,,168,"$43,766.82 ","$34,428.92 "
,TOTAL,,171,"$44,149.28 ","$34,734.89 "
41010,SG,,2,$487.23 ,$389.79 
,OTHER,,36,"$4,613.72 ","$3,628.48 "
,TOTAL,,38,"$5,100.95 ","$4,018.27 "
41015,OTHER,,53,"$11,194.26 ","$8,871.88 "
,TOTAL,,53,"$11,194.26 ","$8,871.88 "
41016,SG,,1,$327.99 ,$262.39 
,OTHER,,138,"$35,885.02 ","$28,285.71 "
,TOTAL,,139,"$36,213.01 ","$28,548.10 "
41017,SG,,2,$652.32 ,$521.86 
,80'S,,2,$110.85 ,$88.68 
,OTHER,,213,"$58,079.48 ","$45,270.20 "
,TOTAL,,217,"$58,842.65 ","$45,880.74 "
41018,80'S,,1,$60.75 ,$48.60 
,OTHER,,79,"$24,899.99 ","$19,690.86 "
,TOTAL,,80,"$24,960.74 ","$19,739.46 "
41100,OTHER,,"6,817","$982,455.71 ","$759,980.77 "
,TOTAL,,"6,817","$982,455.71 ","$759,980.77 "
41105,OTHER,,"1,909","$218,992.35 ","$169,835.72 "
,TOTAL,,"1,909","$218,992.35 ","$169,835.72 "
41108,OTHER,,"2,283","$242,366.12 ","$186,392.14 "
,TOTAL,,"2,283","$242,366.12 ","$186,392.14 "
41110,OTHER,,"1,698","$221,963.33 ","$170,579.96 "
,TOTAL,,"1,698","$221,963.33 ","$170,579.96 "
41112,SG,,324,"$136,562.62 ","$107,946.71 "
,OTHER,,"4,566","$1,050,346.39 ","$821,055.80 "
,TOTAL,,"4,890","$1,186,909.01 ","$929,002.51 "
41113,SG,,85,"$35,465.43 ","$27,917.04 "
,OTHER,,"1,066","$272,010.06 ","$212,078.11 "
,TOTAL,,"1,151","$307,475.49 ","$239,995.15 "
41114,SG,,32,"$12,028.49 ","$9,420.60 "
,OTHER,,213,"$112,721.38 ","$88,960.90 "
,TOTAL,,245,"$124,749.87 ","$98,381.50 "
41115,OTHER,,61,"$9,738.65 ","$7,495.80 "
,TOTAL,,61,"$9,738.65 ","$7,495.80 "
41116,SG,,101,"$30,148.12 ","$23,956.24 "
,80'S,,1,$29.96 ,$23.97 
,OTHER,,"1,417","$259,530.75 ","$202,876.99 "
,TOTAL,,"1,519","$289,708.83 ","$226,857.20 "
41120,SG,,85,"$57,741.21 ","$45,460.97 "
,80'S,,79,"$7,113.14 ","$5,690.54 "
,OTHER,,"1,543","$939,394.59 ","$740,444.89 "
,TOTAL,,"1,707","$1,004,248.94 ","$791,596.40 "
41130,80'S,,34,"$3,343.63 ","$2,577.98 "
,OTHER,,269,"$161,194.54 ","$128,308.66 "
,TOTAL,,303,"$164,538.17 ","$130,886.64 "
41135,80'S,,45,"$9,963.80 ","$7,805.74 "
,OTHER,,349,"$477,483.81 ","$380,538.85 "
,TOTAL,,394,"$487,447.61 ","$388,344.59 "
41140,80'S,,1,$414.65 ,$331.72 
,OTHER,,24,"$34,340.66 ","$27,472.54 "
,TOTAL,,25,"$34,755.31 ","$27,804.26 "
41145,80'S,,7,"$2,152.04 ","$1,518.43 "
,OTHER,,51,"$90,447.23 ","$71,075.29 "
,TOTAL,,58,"$92,599.27 ","$72,593.72 "
41150,80'S,,25,"$5,761.65 ","$4,609.32 "
,OTHER,,252,"$364,509.31 ","$287,629.31 "
,TOTAL,,277,"$370,270.96 ","$292,238.63 "
41153,80'S,,28,"$6,789.57 ","$5,431.65 "
,OTHER,,166,"$248,442.02 ","$197,532.54 "
,TOTAL,,194,"$255,231.59 ","$202,964.19 "
41155,80'S,,79,"$21,652.76 ","$17,322.25 "
,OTHER,,554,"$946,270.93 ","$750,825.06 "
,TOTAL,,633,"$967,923.69 ","$768,147.31 "
41250,OTHER,,493,"$67,125.02 ","$52,398.80 "
,TOTAL,,493,"$67,125.02 ","$52,398.80 "
41251,OTHER,,30,"$4,507.14 ","$3,491.14 "
,TOTAL,,30,"$4,507.14 ","$3,491.14 "
41252,SG,,2,$671.27 ,$537.02 
,80'S,,1,$16.60 ,$13.28 
,OTHER,,139,"$24,620.67 ","$19,522.41 "
,TOTAL,,142,"$25,308.54 ","$20,072.71 "
41500,OTHER,,15,"$3,078.21 ","$2,462.58 "
,TOTAL,,15,"$3,078.21 ","$2,462.58 "
41510,OTHER,,4,$887.69 ,$710.15 
,TOTAL,,4,$887.69 ,$710.15 
41520,SG,,1,$413.52 ,$330.82 
,OTHER,,56,"$12,657.22 ","$9,869.43 "
,TOTAL,,57,"$13,070.74 ","$10,200.25 "
41599,OTHER,,122,"$29,382.83 ","$23,186.25 "
,TOTAL,,122,"$29,382.83 ","$23,186.25 "
41800,SG,,13,"$3,971.66 ","$3,148.50 "
,OTHER,,397,"$42,497.43 ","$32,131.53 "
,TOTAL,,410,"$46,469.09 ","$35,280.03 "
41805,OTHER,,123,"$14,211.73 ","$10,724.04 "
,TOTAL,,123,"$14,211.73 ","$10,724.04 "
41806,OTHER,,161,"$27,789.54 ","$21,525.81 "
,TOTAL,,161,"$27,789.54 ","$21,525.81 "
41820,OTHER,,3,$159.93 ,$127.95 
,TOTAL,,3,$159.93 ,$127.95 
41822,OTHER,,28,"$5,160.67 ","$4,048.54 "
,TOTAL,,28,"$5,160.67 ","$4,048.54 "
41823,OTHER,,72,"$16,101.74 ","$12,326.33 "
,TOTAL,,72,"$16,101.74 ","$12,326.33 "
41825,OTHER,,851,"$129,463.49 ","$100,035.81 "
,TOTAL,,851,"$129,463.49 ","$100,035.81 "
41826,OTHER,,"1,008","$202,211.13 ","$158,116.89 "
,TOTAL,,"1,008","$202,211.13 ","$158,116.89 "
41827,SG,,13,"$5,213.02 ","$4,170.41 "
,OTHER,,390,"$100,894.21 ","$78,818.20 "
,TOTAL,,403,"$106,107.23 ","$82,988.61 "
41828,OTHER,,112,"$24,883.29 ","$19,403.93 "
,TOTAL,,112,"$24,883.29 ","$19,403.93 "
41830,80'S,,1,$42.25 ,$33.80 
,OTHER,,123,"$29,860.38 ","$23,728.25 "
,TOTAL,,124,"$29,902.63 ","$23,762.05 "
41850,OTHER,,17,"$2,141.25 ","$1,712.99 "
,TOTAL,,17,"$2,141.25 ","$1,712.99 "
41870,OTHER,,1,$124.03 ,$99.22 
,TOTAL,,1,$124.03 ,$99.22 
41872,OTHER,,5,"$1,181.24 ",$945.00 
,TOTAL,,5,"$1,181.24 ",$945.00 
41874,OTHER,,715,"$118,718.07 ","$93,641.49 "
,TOTAL,,715,"$118,718.07 ","$93,641.49 "
41899,OTHER,,"2,145","$141,147.74 ","$111,887.67 "
,TOTAL,,"2,145","$141,147.74 ","$111,887.67 "
42000,SG,,3,"$1,146.12 ",$916.90 
,OTHER,,81,"$8,690.20 ","$6,538.19 "
,TOTAL,,84,"$9,836.32 ","$7,455.09 "
42100,OTHER,,"3,303","$401,376.77 ","$309,546.24 "
,TOTAL,,"3,303","$401,376.77 ","$309,546.24 "
42104,OTHER,,"1,647","$235,135.22 ","$182,302.19 "
,TOTAL,,"1,647","$235,135.22 ","$182,302.19 "
42106,SG,,1,$197.84 ,$158.27 
,OTHER,,"1,295","$262,497.30 ","$205,026.70 "
,TOTAL,,"1,296","$262,695.14 ","$205,184.97 "
42107,SG,,32,"$13,345.44 ","$10,658.36 "
,OTHER,,188,"$61,956.28 ","$48,866.95 "
,TOTAL,,220,"$75,301.72 ","$59,525.31 "
42120,SG,,27,"$16,858.11 ","$13,486.48 "
,80'S,,29,"$1,400.42 ","$1,120.37 "
,OTHER,,598,"$212,938.48 ","$168,293.92 "
,TOTAL,,654,"$231,197.01 ","$182,900.77 "
42140,SG,,97,"$29,096.50 ","$23,007.15 "
,OTHER,,537,"$60,184.91 ","$46,252.30 "
,TOTAL,,634,"$89,281.41 ","$69,259.45 "
42145,SG,,226,"$152,035.65 ","$118,983.47 "
,OTHER,,"2,485","$1,249,135.69 ","$975,383.85 "
,TOTAL,,"2,711","$1,401,171.34 ","$1,094,367.32 "
42160,OTHER,,247,"$42,769.08 ","$33,793.34 "
,TOTAL,,247,"$42,769.08 ","$33,793.34 "
42180,SG,,1,$326.18 ,$260.94 
,80'S,,1,$13.33 ,$10.67 
,OTHER,,20,"$3,338.90 ","$2,671.13 "
,TOTAL,,22,"$3,678.41 ","$2,942.74 "
42182,SG,,1,$229.95 ,$183.96 
,OTHER,,24,"$5,246.28 ","$4,084.61 "
,TOTAL,,25,"$5,476.23 ","$4,268.57 "
42200,SG,,1,$720.19 ,$576.15 
,80'S,,2,$130.74 ,$104.59 
,OTHER,,19,"$12,834.26 ","$10,267.40 "
,TOTAL,,22,"$13,685.19 ","$10,948.14 "
42205,OTHER,,4,"$3,312.05 ","$2,649.65 "
,TOTAL,,4,"$3,312.05 ","$2,649.65 "
42210,SG,,2,"$1,520.63 ","$1,216.51 "
,OTHER,,10,"$9,159.69 ","$7,167.75 "
,TOTAL,,12,"$10,680.32 ","$8,384.26 "
42215,OTHER,,8,"$4,380.69 ","$3,504.55 "
,TOTAL,,8,"$4,380.69 ","$3,504.55 "
42220,OTHER,,1,$300.00 ,$240.00 
,TOTAL,,1,$300.00 ,$240.00 
42225,OTHER,,15,"$8,039.91 ","$6,351.92 "
,TOTAL,,15,"$8,039.91 ","$6,351.92 "
42226,SG,,1,$708.41 ,$486.73 
,OTHER,,23,"$14,069.56 ","$11,255.63 "
,TOTAL,,24,"$14,777.97 ","$11,742.36 "
42227,OTHER,,6,"$3,061.82 ","$2,449.46 "
,TOTAL,,6,"$3,061.82 ","$2,449.46 "
42235,SG,,1,$765.40 ,$612.32 
,OTHER,,10,"$4,798.92 ","$3,193.97 "
,TOTAL,,11,"$5,564.32 ","$3,806.29 "
42260,SG,,1,$633.71 ,$506.97 
,OTHER,,10,"$5,426.06 ","$4,340.84 "
,TOTAL,,11,"$6,059.77 ","$4,847.81 "
42280,OTHER,,123,"$13,509.00 ","$10,115.33 "
,TOTAL,,123,"$13,509.00 ","$10,115.33 "
42281,OTHER,,29,"$2,485.66 ","$1,988.48 "
,TOTAL,,29,"$2,485.66 ","$1,988.48 "
42299,OTHER,,20,"$5,385.23 ","$4,269.10 "
,TOTAL,,20,"$5,385.23 ","$4,269.10 "
42300,SG,,1,$341.51 ,$234.98 
,OTHER,,271,"$42,330.97 ","$33,458.38 "
,TOTAL,,272,"$42,672.48 ","$33,693.36 "
42305,SG,,5,"$2,244.86 ","$1,795.88 "
,OTHER,,170,"$69,259.29 ","$54,487.92 "
,TOTAL,,175,"$71,504.15 ","$56,283.80 "
42310,OTHER,,116,"$14,894.30 ","$11,222.96 "
,TOTAL,,116,"$14,894.30 ","$11,222.96 "
42320,OTHER,,68,"$10,991.52 ","$8,708.01 "
,TOTAL,,68,"$10,991.52 ","$8,708.01 "
42325,SG,,2,$927.46 ,$741.96 
,OTHER,,21,"$4,245.86 ","$3,265.23 "
,TOTAL,,23,"$5,173.32 ","$4,007.19 "
42326,OTHER,,4,$976.84 ,$490.01 
,TOTAL,,4,$976.84 ,$490.01 
42330,OTHER,,"1,328","$253,912.23 ","$197,042.39 "
,TOTAL,,"1,328","$253,912.23 ","$197,042.39 "
42335,OTHER,,516,"$128,990.70 ","$101,172.15 "
,TOTAL,,516,"$128,990.70 ","$101,172.15 "
42340,SG,,14,"$6,151.07 ","$4,920.85 "
,OTHER,,100,"$33,505.44 ","$26,169.30 "
,TOTAL,,114,"$39,656.51 ","$31,090.15 "
42400,OTHER,,"2,120","$177,010.03 ","$138,054.25 "
,TOTAL,,"2,120","$177,010.03 ","$138,054.25 "
42405,SG,,66,"$27,503.52 ","$21,404.31 "
,OTHER,,724,"$168,104.48 ","$131,521.85 "
,TOTAL,,790,"$195,608.00 ","$152,926.16 "
42408,SG,,18,"$8,060.99 ","$6,448.80 "
,80'S,,2,$107.82 ,$86.25 
,OTHER,,110,"$35,277.08 ","$27,891.75 "
,TOTAL,,130,"$43,445.89 ","$34,426.80 "
42409,SG,,8,"$3,695.84 ","$2,956.67 "
,OTHER,,82,"$16,864.92 ","$13,281.55 "
,TOTAL,,90,"$20,560.76 ","$16,238.22 "
42410,SG,,111,"$54,508.58 ","$43,076.01 "
,80'S,,129,"$12,410.74 ","$9,849.31 "
,OTHER,,"1,017","$581,945.67 ","$460,612.01 "
,TOTAL,,"1,257","$648,864.99 ","$513,537.33 "
42415,SG,,171,"$155,975.43 ","$124,286.34 "
,80'S,,"1,082","$185,796.51 ","$146,911.51 "
,OTHER,,"4,632","$4,836,498.01 ","$3,823,735.56 "
,TOTAL,,"5,885","$5,178,269.95 ","$4,094,933.41 "
42420,SG,,101,"$99,824.63 ","$77,329.11 "
,80'S,,436,"$88,185.81 ","$69,993.57 "
,OTHER,,"1,695","$2,070,475.98 ","$1,637,888.97 "
,TOTAL,,"2,232","$2,258,486.42 ","$1,785,211.65 "
42425,SG,,3,"$3,071.20 ","$2,456.95 "
,80'S,,24,"$2,759.08 ","$2,207.27 "
,OTHER,,225,"$139,845.83 ","$110,909.35 "
,TOTAL,,252,"$145,676.11 ","$115,573.57 "
42426,80'S,,67,"$14,582.72 ","$11,325.77 "
,OTHER,,474,"$610,169.92 ","$484,732.04 "
,TOTAL,,541,"$624,752.64 ","$496,057.81 "
42440,SG,,290,"$143,744.70 ","$112,023.66 "
,80'S,,305,"$21,292.42 ","$16,851.10 "
,OTHER,,"2,794","$1,214,976.08 ","$955,180.59 "
,TOTAL,,"3,389","$1,380,013.20 ","$1,084,055.35 "
42450,SG,,9,"$3,665.94 ","$2,932.74 "
,80'S,,3,$108.86 ,$70.83 
,OTHER,,127,"$34,382.69 ","$27,325.23 "
,TOTAL,,139,"$38,157.49 ","$30,328.80 "
42500,SG,,7,"$3,660.13 ","$2,928.09 "
,OTHER,,182,"$53,042.22 ","$42,018.70 "
,TOTAL,,189,"$56,702.35 ","$44,946.79 "
42505,SG,,6,"$3,934.61 ","$3,147.68 "
,OTHER,,100,"$39,379.80 ","$30,748.24 "
,TOTAL,,106,"$43,314.41 ","$33,895.92 "
42507,80'S,,1,$69.44 ,$55.55 
,OTHER,,12,"$4,210.62 ","$3,368.49 "
,TOTAL,,13,"$4,280.06 ","$3,424.04 "
42508,SG,,1,$620.53 ,$496.42 
,80'S,,1,$109.79 ,$87.83 
,OTHER,,4,"$2,298.37 ","$1,838.69 "
,TOTAL,,6,"$3,028.69 ","$2,422.94 "
42509,80'S,,2,$204.11 ,$163.29 
,OTHER,,2,"$1,250.25 ","$1,000.20 "
,TOTAL,,4,"$1,454.36 ","$1,163.49 "
42510,OTHER,,4,"$1,535.39 ","$1,228.31 "
,TOTAL,,4,"$1,535.39 ","$1,228.31 "
42550,OTHER,,600,"$77,907.50 ","$61,420.90 "
,TOTAL,,600,"$77,907.50 ","$61,420.90 "
42600,SG,,1,$339.65 ,$271.72 
,80'S,,1,$57.81 ,$46.25 
,OTHER,,26,"$7,715.54 ","$6,132.62 "
,TOTAL,,28,"$8,113.00 ","$6,450.59 "
42650,OTHER,,"1,258","$85,442.48 ","$65,678.86 "
,TOTAL,,"1,258","$85,442.48 ","$65,678.86 "
42660,OTHER,,264,"$23,612.12 ","$17,913.40 "
,TOTAL,,264,"$23,612.12 ","$17,913.40 "
42665,OTHER,,19,"$2,521.64 ","$1,813.41 "
,TOTAL,,19,"$2,521.64 ","$1,813.41 "
42699,80'S,,1,$130.78 ,$104.62 
,OTHER,,56,"$17,742.86 ","$14,067.23 "
,TOTAL,,57,"$17,873.64 ","$14,171.85 "
42700,SG,,3,$648.98 ,$519.19 
,OTHER,,966,"$138,828.44 ","$104,966.15 "
,TOTAL,,969,"$139,477.42 ","$105,485.34 "
42720,SG,,2,$482.47 ,$385.98 
,OTHER,,163,"$55,597.78 ","$43,765.22 "
,TOTAL,,165,"$56,080.25 ","$44,151.20 "
42725,80'S,,7,$776.12 ,$620.89 
,OTHER,,101,"$67,462.13 ","$53,477.32 "
,TOTAL,,108,"$68,238.25 ","$54,098.21 "
42800,OTHER,,"2,530","$297,308.10 ","$231,252.57 "
,TOTAL,,"2,530","$297,308.10 ","$231,252.57 "
42802,SG,,9,"$1,937.49 ","$1,550.01 "
,OTHER,,249,"$28,570.23 ","$22,697.20 "
,TOTAL,,258,"$30,507.72 ","$24,247.21 "
42804,SG,,99,"$23,344.49 ","$18,437.33 "
,OTHER,,855,"$96,864.65 ","$76,430.94 "
,TOTAL,,954,"$120,209.14 ","$94,868.27 "
42806,SG,,25,"$7,724.15 ","$6,179.31 "
,OTHER,,509,"$48,564.61 ","$38,516.92 "
,TOTAL,,534,"$56,288.76 ","$44,696.23 "
42808,SG,,99,"$37,634.01 ","$29,714.77 "
,OTHER,,824,"$122,664.53 ","$96,276.96 "
,TOTAL,,923,"$160,298.54 ","$125,991.73 "
42809,OTHER,,537,"$72,556.15 ","$56,090.60 "
,TOTAL,,537,"$72,556.15 ","$56,090.60 "
42810,SG,,7,"$3,287.88 ","$2,630.30 "
,80'S,,5,$193.00 ,$114.98 
,OTHER,,80,"$18,613.98 ","$14,378.07 "
,TOTAL,,92,"$22,094.86 ","$17,123.35 "
42815,SG,,14,"$9,801.21 ","$7,840.98 "
,80'S,,30,"$2,281.13 ","$1,824.88 "
,OTHER,,218,"$100,842.09 ","$78,291.88 "
,TOTAL,,262,"$112,924.43 ","$87,957.74 "
42820,SG,,1,$502.72 ,$402.18 
,OTHER,,22,"$6,202.53 ","$4,962.01 "
,TOTAL,,23,"$6,705.25 ","$5,364.19 "
42821,SG,,47,"$32,433.92 ","$25,459.89 "
,OTHER,,247,"$68,393.25 ","$53,356.11 "
,TOTAL,,294,"$100,827.17 ","$78,816.00 "
42825,SG,,1,$595.53 ,$476.42 
,OTHER,,4,$903.81 ,$723.04 
,TOTAL,,5,"$1,499.34 ","$1,199.46 "
42826,SG,,429,"$257,534.61 ","$199,747.12 "
,OTHER,,"2,350","$529,171.44 ","$411,965.90 "
,TOTAL,,"2,779","$786,706.05 ","$611,713.02 "
42830,SG,,1,$597.41 ,$181.60 
,OTHER,,12,"$1,811.72 ","$1,231.78 "
,TOTAL,,13,"$2,409.13 ","$1,413.38 "
42831,SG,,48,"$25,806.19 ","$20,203.24 "
,OTHER,,265,"$43,697.79 ","$34,408.24 "
,TOTAL,,313,"$69,503.98 ","$54,611.48 "
42836,SG,,2,"$1,239.77 ",$991.81 
,OTHER,,23,"$4,572.12 ","$3,602.61 "
,TOTAL,,25,"$5,811.89 ","$4,594.42 "
42842,80'S,,8,$433.84 ,$347.07 
,OTHER,,266,"$120,151.95 ","$95,254.28 "
,TOTAL,,274,"$120,585.79 ","$95,601.35 "
42844,80'S,,13,"$1,316.40 ","$1,053.13 "
,OTHER,,86,"$61,790.75 ","$48,798.42 "
,TOTAL,,99,"$63,107.15 ","$49,851.55 "
42845,80'S,,7,"$1,547.83 ","$1,238.28 "
,OTHER,,54,"$77,704.44 ","$62,055.16 "
,TOTAL,,61,"$79,252.27 ","$63,293.44 "
42860,SG,,11,"$5,573.52 ","$4,458.82 "
,OTHER,,79,"$13,251.03 ","$10,300.96 "
,TOTAL,,90,"$18,824.55 ","$14,759.78 "
42870,SG,,15,"$5,998.14 ","$4,267.33 "
,OTHER,,127,"$47,082.25 ","$37,046.26 "
,TOTAL,,142,"$53,080.39 ","$41,313.59 "
42890,SG,,1,$967.99 ,$774.39 
,80'S,,23,"$1,860.25 ","$1,452.57 "
,OTHER,,233,"$147,904.96 ","$116,359.92 "
,TOTAL,,257,"$150,733.20 ","$118,586.88 "
42892,SG,,3,"$2,970.57 ","$2,376.44 "
,80'S,,11,"$1,161.71 ",$929.37 
,OTHER,,135,"$115,372.69 ","$91,706.24 "
,TOTAL,,149,"$119,504.97 ","$95,012.05 "
42894,80'S,,14,"$3,012.40 ","$2,409.90 "
,OTHER,,102,"$122,250.06 ","$96,453.74 "
,TOTAL,,116,"$125,262.46 ","$98,863.64 "
42900,SG,,1,$164.95 ,$131.96 
,80'S,,2,$51.89 ,$41.51 
,OTHER,,55,"$13,420.15 ","$10,652.76 "
,TOTAL,,58,"$13,636.99 ","$10,826.23 "
42950,SG,,7,"$2,712.50 ","$2,170.00 "
,80'S,,17,$891.22 ,$712.99 
,OTHER,,237,"$86,560.83 ","$68,865.92 "
,TOTAL,,261,"$90,164.55 ","$71,748.91 "
42953,80'S,,20,"$1,465.10 ","$1,172.11 "
,OTHER,,159,"$69,299.69 ","$54,988.04 "
,TOTAL,,179,"$70,764.79 ","$56,160.15 "
42955,80'S,,1,$44.43 ,$35.54 
,OTHER,,42,"$17,009.12 ","$13,558.66 "
,TOTAL,,43,"$17,053.55 ","$13,594.20 "
42960,SG,,3,$932.20 ,$745.76 
,OTHER,,206,"$32,093.48 ","$25,383.53 "
,TOTAL,,209,"$33,025.68 ","$26,129.29 "
42961,OTHER,,122,"$46,570.08 ","$37,125.00 "
,TOTAL,,122,"$46,570.08 ","$37,125.00 "
42962,SG,,1,$415.18 ,$332.14 
,80'S,,1,$40.56 ,$32.45 
,OTHER,,137,"$58,459.96 ","$46,173.21 "
,TOTAL,,139,"$58,915.70 ","$46,537.80 "
42970,OTHER,,181,"$60,756.71 ","$47,879.91 "
,TOTAL,,181,"$60,756.71 ","$47,879.91 "
42971,OTHER,,29,"$10,972.95 ","$8,778.35 "
,TOTAL,,29,"$10,972.95 ","$8,778.35 "
42972,SG,,1,$542.42 ,$433.94 
,OTHER,,22,"$9,260.30 ","$7,328.24 "
,TOTAL,,23,"$9,802.72 ","$7,762.18 "
42999,80'S,,1,$118.55 ,$94.84 
,OTHER,,68,"$21,251.16 ","$17,000.91 "
,TOTAL,,69,"$21,369.71 ","$17,095.75 "
43020,80'S,,4,$301.32 ,$241.05 
,OTHER,,26,"$11,907.78 ","$9,510.13 "
,TOTAL,,30,"$12,209.10 ","$9,751.18 "
43030,80'S,,180,"$12,523.35 ","$9,960.56 "
,OTHER,,932,"$388,484.89 ","$308,734.49 "
,TOTAL,,"1,112","$401,008.24 ","$318,695.05 "
43045,80'S,,2,$440.54 ,$352.43 
,OTHER,,15,"$13,788.28 ","$10,984.35 "
,TOTAL,,17,"$14,228.82 ","$11,336.78 "
43100,80'S,,12,"$1,021.08 ",$816.86 
,OTHER,,47,"$20,506.22 ","$16,242.75 "
,TOTAL,,59,"$21,527.30 ","$17,059.61 "
43101,80'S,,19,"$2,375.26 ","$1,900.20 "
,OTHER,,45,"$34,514.72 ","$27,573.04 "
,TOTAL,,64,"$36,889.98 ","$29,473.24 "
43107,80'S,,217,"$78,873.90 ","$62,587.68 "
,OTHER,,"1,014","$2,044,623.11 ","$1,626,366.71 "
,TOTAL,,"1,231","$2,123,497.01 ","$1,688,954.39 "
43108,80'S,,9,"$2,742.35 ","$2,193.87 "
,OTHER,,33,"$53,616.73 ","$42,800.39 "
,TOTAL,,42,"$56,359.08 ","$44,994.26 "
43112,80'S,,73,"$29,552.97 ","$23,611.44 "
,OTHER,,318,"$719,395.73 ","$571,753.21 "
,TOTAL,,391,"$748,948.70 ","$595,364.65 "
43113,80'S,,4,"$1,272.92 ",$811.92 
,OTHER,,13,"$20,266.24 ","$16,212.99 "
,TOTAL,,17,"$21,539.16 ","$17,024.91 "
43116,80'S,,1,$335.67 ,$268.54 
,OTHER,,13,"$16,898.01 ","$13,518.40 "
,TOTAL,,14,"$17,233.68 ","$13,786.94 "
43117,80'S,,267,"$95,001.50 ","$75,253.79 "
,OTHER,,"1,142","$2,243,942.19 ","$1,775,184.29 "
,TOTAL,,"1,409","$2,338,943.69 ","$1,850,438.08 "
43118,80'S,,7,"$2,319.72 ","$1,855.78 "
,OTHER,,25,"$35,100.30 ","$27,338.07 "
,TOTAL,,32,"$37,420.02 ","$29,193.85 "
43121,80'S,,16,"$4,431.92 ","$3,545.54 "
,OTHER,,64,"$101,414.40 ","$81,040.28 "
,TOTAL,,80,"$105,846.32 ","$84,585.82 "
43122,80'S,,104,"$37,834.70 ","$30,267.74 "
,OTHER,,311,"$666,451.87 ","$531,289.07 "
,TOTAL,,415,"$704,286.57 ","$561,556.81 "
43123,80'S,,5,"$1,363.01 ","$1,090.41 "
,OTHER,,27,"$48,364.90 ","$37,183.83 "
,TOTAL,,32,"$49,727.91 ","$38,274.24 "
43124,80'S,,12,"$2,947.21 ","$2,357.76 "
,OTHER,,52,"$76,164.94 ","$60,931.94 "
,TOTAL,,64,"$79,112.15 ","$63,289.70 "
43130,80'S,,259,"$31,391.73 ","$24,938.32 "
,OTHER,,"1,376","$995,422.04 ","$790,491.03 "
,TOTAL,,"1,635","$1,026,813.77 ","$815,429.35 "
43135,80'S,,31,"$4,315.30 ","$3,452.26 "
,OTHER,,145,"$111,078.23 ","$88,862.60 "
,TOTAL,,176,"$115,393.53 ","$92,314.86 "
43200,SG,,"1,660","$406,418.29 ","$320,057.10 "
,OTHER,,"17,925","$1,651,912.18 ","$1,295,480.92 "
,TOTAL,,"19,585","$2,058,330.47 ","$1,615,538.02 "
43201,SG,,44,"$8,265.42 ","$6,091.62 "
,OTHER,,466,"$47,617.30 ","$37,169.75 "
,TOTAL,,510,"$55,882.72 ","$43,261.37 "
43202,SG,,834,"$233,433.84 ","$183,752.54 "
,OTHER,,"4,880","$455,519.26 ","$355,350.57 "
,TOTAL,,"5,714","$688,953.10 ","$539,103.11 "
43204,SG,,15,"$4,839.24 ","$3,871.39 "
,OTHER,,319,"$64,877.72 ","$51,162.02 "
,TOTAL,,334,"$69,716.96 ","$55,033.41 "
43205,SG,,26,"$8,025.43 ","$6,368.69 "
,80'S,,1,$35.59 ,$28.47 
,OTHER,,522,"$107,297.24 ","$84,401.38 "
,TOTAL,,549,"$115,358.26 ","$90,798.54 "
43215,SG,,62,"$18,667.90 ","$14,854.35 "
,OTHER,,"2,422","$347,833.97 ","$269,537.62 "
,TOTAL,,"2,484","$366,501.87 ","$284,391.97 "
43216,SG,,16,"$4,659.91 ","$3,727.92 "
,OTHER,,154,"$18,270.45 ","$14,512.22 "
,TOTAL,,170,"$22,930.36 ","$18,240.14 "
43217,SG,,14,"$4,039.72 ","$3,151.76 "
,OTHER,,226,"$32,071.78 ","$25,350.39 "
,TOTAL,,240,"$36,111.50 ","$28,502.15 "
43219,SG,,8,"$2,099.94 ","$1,679.96 "
,OTHER,,905,"$139,317.41 ","$110,631.97 "
,TOTAL,,913,"$141,417.35 ","$112,311.93 "
43220,SG,,487,"$151,006.66 ","$118,877.70 "
,OTHER,,"5,298","$544,101.28 ","$423,395.26 "
,TOTAL,,"5,785","$695,107.94 ","$542,272.96 "
43226,SG,,933,"$294,852.99 ","$229,639.73 "
,OTHER,,"3,787","$454,405.28 ","$351,370.99 "
,TOTAL,,"4,720","$749,258.27 ","$581,010.72 "
43227,SG,,24,"$9,958.96 ","$7,953.15 "
,OTHER,,986,"$185,592.47 ","$146,939.71 "
,TOTAL,,"1,010","$195,551.43 ","$154,892.86 "
43228,SG,,158,"$67,496.87 ","$52,523.29 "
,OTHER,,814,"$166,413.39 ","$132,038.01 "
,TOTAL,,972,"$233,910.26 ","$184,561.30 "
43231,SG,,19,"$7,802.34 ","$5,640.81 "
,OTHER,,410,"$72,195.41 ","$56,339.00 "
,TOTAL,,429,"$79,997.75 ","$61,979.81 "
43232,SG,,6,"$2,486.38 ","$1,989.09 "
,OTHER,,272,"$62,461.74 ","$49,495.50 "
,TOTAL,,278,"$64,948.12 ","$51,484.59 "
43234,SG,,754,"$186,356.46 ","$147,159.12 "
,OTHER,,"2,894","$306,949.26 ","$240,827.53 "
,TOTAL,,"3,648","$493,305.72 ","$387,986.65 "
43235,SG,,"77,816","$21,257,406.45 ","$16,716,472.66 "
,80'S,,1,$10.41 ,$8.33 
,OTHER,,"511,077","$62,063,794.51 ","$48,691,871.51 "
,TOTAL,,"588,894","$83,321,211.37 ","$65,408,352.50 "
43236,SG,,359,"$130,103.59 ","$102,484.06 "
,OTHER,,"6,761","$867,257.84 ","$681,984.43 "
,TOTAL,,"7,120","$997,361.43 ","$784,468.49 "
43237,OTHER,,403,"$88,598.19 ","$70,113.44 "
,TOTAL,,403,"$88,598.19 ","$70,113.44 "
43238,OTHER,,272,"$71,575.03 ","$56,440.12 "
,TOTAL,,272,"$71,575.03 ","$56,440.12 "
43239,SG,,"334,557","$129,770,260.23 ","$102,308,158.31 "
,OTHER,,"1,318,539","$182,108,220.87 ","$143,044,108.37 "
,TOTAL,,"1,653,096","$311,878,481.10 ","$245,352,266.68 "
43240,SG,,1,$442.08 ,$353.66 
,OTHER,,137,"$39,083.83 ","$31,211.11 "
,TOTAL,,138,"$39,525.91 ","$31,564.77 "
43241,SG,,176,"$68,031.82 ","$53,699.54 "
,OTHER,,"3,603","$425,631.95 ","$337,342.15 "
,TOTAL,,"3,779","$493,663.77 ","$391,041.69 "
43242,SG,,298,"$130,792.32 ","$103,327.57 "
,OTHER,,"9,568","$3,690,909.38 ","$2,920,062.04 "
,TOTAL,,"9,866","$3,821,701.70 ","$3,023,389.61 "
43243,SG,,250,"$97,981.65 ","$77,453.01 "
,OTHER,,"5,096","$1,177,083.12 ","$930,349.01 "
,TOTAL,,"5,346","$1,275,064.77 ","$1,007,802.02 "
43244,SG,,568,"$238,291.78 ","$188,011.77 "
,80'S,,1,$36.56 ,$29.25 
,OTHER,,"10,682","$2,875,656.79 ","$2,262,659.20 "
,TOTAL,,"11,251","$3,113,985.13 ","$2,450,700.22 "
43245,SG,,"2,574","$1,016,603.04 ","$800,065.45 "
,OTHER,,"14,808","$2,377,914.52 ","$1,859,419.10 "
,TOTAL,,"17,382","$3,394,517.56 ","$2,659,484.55 "
43246,SG,,"1,767","$763,621.83 ","$605,532.71 "
,80'S,,987,"$36,965.39 ","$29,510.64 "
,OTHER,,"145,701","$32,489,722.18 ","$25,839,641.25 "
,TOTAL,,"148,455","$33,290,309.40 ","$26,474,684.60 "
43247,SG,,"1,550","$631,470.49 ","$497,940.23 "
,OTHER,,"25,473","$4,547,016.67 ","$3,552,738.84 "
,TOTAL,,"27,023","$5,178,487.16 ","$4,050,679.07 "
43248,SG,,"35,709","$13,940,446.42 ","$10,985,059.06 "
,OTHER,,"88,834","$13,940,644.62 ","$10,879,975.68 "
,TOTAL,,"124,543","$27,881,091.04 ","$21,865,034.74 "
43249,SG,,"16,723","$6,473,288.32 ","$5,103,806.58 "
,OTHER,,"78,556","$11,148,844.30 ","$8,684,016.73 "
,TOTAL,,"95,279","$17,622,132.62 ","$13,787,823.31 "
43250,SG,,"2,574","$1,007,971.18 ","$794,005.73 "
,OTHER,,"8,783","$1,278,279.50 ","$1,003,170.87 "
,TOTAL,,"11,357","$2,286,250.68 ","$1,797,176.60 "
43251,SG,,"5,926","$2,308,264.75 ","$1,817,321.82 "
,OTHER,,"22,861","$3,941,916.85 ","$3,095,644.22 "
,TOTAL,,"28,787","$6,250,181.60 ","$4,912,966.04 "
43255,SG,,"1,918","$741,857.46 ","$587,353.40 "
,OTHER,,"58,118","$14,698,758.33 ","$11,665,212.66 "
,TOTAL,,"60,036","$15,440,615.79 ","$12,252,566.06 "
43256,SG,,7,"$3,438.77 ","$2,751.00 "
,OTHER,,"2,025","$466,533.39 ","$370,767.32 "
,TOTAL,,"2,032","$469,972.16 ","$373,518.32 "
43258,SG,,"1,718","$855,378.34 ","$674,727.75 "
,OTHER,,"10,268","$2,398,580.96 ","$1,893,069.80 "
,TOTAL,,"11,986","$3,253,959.30 ","$2,567,797.55 "
43259,SG,,797,"$407,177.56 ","$322,009.97 "
,OTHER,,"17,128","$4,737,783.23 ","$3,737,630.82 "
,TOTAL,,"17,925","$5,144,960.79 ","$4,059,640.79 "
43260,SG,,101,"$50,831.42 ","$40,443.36 "
,OTHER,,"24,925","$7,836,651.17 ","$6,206,671.89 "
,TOTAL,,"25,026","$7,887,482.59 ","$6,247,115.25 "
43261,SG,,33,"$12,018.89 ","$9,514.98 "
,OTHER,,"8,071","$888,335.73 ","$703,127.63 "
,TOTAL,,"8,104","$900,354.62 ","$712,642.61 "
43262,SG,,119,"$37,398.08 ","$29,672.08 "
,OTHER,,"52,638","$8,737,505.65 ","$6,936,499.28 "
,TOTAL,,"52,757","$8,774,903.73 ","$6,966,171.36 "
43263,SG,,1,$447.98 ,$358.38 
,OTHER,,821,"$96,856.71 ","$75,492.23 "
,TOTAL,,822,"$97,304.69 ","$75,850.61 "
43264,SG,,92,"$36,859.05 ","$29,161.78 "
,OTHER,,"35,526","$16,375,372.99 ","$13,005,450.95 "
,TOTAL,,"35,618","$16,412,232.04 ","$13,034,612.73 "
43265,SG,,5,"$2,190.26 ","$1,563.00 "
,OTHER,,"2,440","$1,294,047.71 ","$1,028,543.76 "
,TOTAL,,"2,445","$1,296,237.97 ","$1,030,106.76 "
43267,OTHER,,511,"$85,603.02 ","$67,933.55 "
,TOTAL,,511,"$85,603.02 ","$67,933.55 "
43268,SG,,65,"$20,310.43 ","$16,248.28 "
,OTHER,,"29,410","$9,462,154.80 ","$7,514,250.67 "
,TOTAL,,"29,475","$9,482,465.23 ","$7,530,498.95 "
43269,SG,,124,"$47,752.15 ","$37,892.72 "
,OTHER,,"13,938","$4,648,099.67 ","$3,677,129.07 "
,TOTAL,,"14,062","$4,695,851.82 ","$3,715,021.79 "
43271,SG,,26,"$7,718.35 ","$5,842.02 "
,OTHER,,"6,954","$887,823.52 ","$701,855.07 "
,TOTAL,,"6,980","$895,541.87 ","$707,697.09 "
43272,OTHER,,303,"$58,105.43 ","$46,310.86 "
,TOTAL,,303,"$58,105.43 ","$46,310.86 "
43280,80'S,,"2,178","$333,151.65 ","$262,335.87 "
,OTHER,,"6,920","$6,287,291.06 ","$4,934,708.67 "
,TOTAL,,"9,098","$6,620,442.71 ","$5,197,044.54 "
43289,80'S,,139,"$25,319.71 ","$20,255.78 "
,OTHER,,662,"$604,758.58 ","$483,003.47 "
,TOTAL,,801,"$630,078.29 ","$503,259.25 "
43300,80'S,,12,$898.83 ,$719.08 
,OTHER,,74,"$35,179.82 ","$27,077.09 "
,TOTAL,,86,"$36,078.65 ","$27,796.17 "
43305,80'S,,6,$741.79 ,$593.44 
,OTHER,,88,"$87,347.21 ","$68,875.23 "
,TOTAL,,94,"$88,089.00 ","$69,468.67 "
43310,80'S,,28,"$6,754.57 ","$5,403.64 "
,OTHER,,104,"$141,280.37 ","$112,501.41 "
,TOTAL,,132,"$148,034.94 ","$117,905.05 "
43312,80'S,,7,"$1,797.56 ","$1,438.07 "
,OTHER,,22,"$31,114.12 ","$24,891.29 "
,TOTAL,,29,"$32,911.68 ","$26,329.36 "
43313,80'S,,1,$465.62 ,$372.50 
,OTHER,,2,"$5,557.28 ","$4,445.82 "
,TOTAL,,3,"$6,022.90 ","$4,818.32 "
43320,80'S,,22,"$3,739.95 ","$2,991.98 "
,OTHER,,87,"$80,445.14 ","$63,214.57 "
,TOTAL,,109,"$84,185.09 ","$66,206.55 "
43324,80'S,,570,"$99,014.89 ","$77,818.34 "
,OTHER,,"1,887","$1,941,937.86 ","$1,534,419.44 "
,TOTAL,,"2,457","$2,040,952.75 ","$1,612,237.78 "
43325,80'S,,34,"$5,917.80 ","$4,734.20 "
,OTHER,,105,"$104,603.19 ","$82,841.65 "
,TOTAL,,139,"$110,520.99 ","$87,575.85 "
43326,80'S,,33,"$5,732.42 ","$4,585.93 "
,OTHER,,181,"$191,591.82 ","$152,025.94 "
,TOTAL,,214,"$197,324.24 ","$156,611.87 "
43330,80'S,,54,"$8,326.29 ","$6,590.14 "
,OTHER,,204,"$197,994.68 ","$158,325.54 "
,TOTAL,,258,"$206,320.97 ","$164,915.68 "
43331,80'S,,14,"$2,333.98 ","$1,867.16 "
,OTHER,,85,"$87,027.25 ","$69,517.64 "
,TOTAL,,99,"$89,361.23 ","$71,384.80 "
43340,80'S,,4,$665.97 ,$532.77 
,OTHER,,15,"$13,797.29 ","$10,516.63 "
,TOTAL,,19,"$14,463.26 ","$11,049.40 "
43341,80'S,,2,$370.51 ,$296.41 
,OTHER,,8,"$8,830.01 ","$7,064.02 "
,TOTAL,,10,"$9,200.52 ","$7,360.43 "
43350,OTHER,,7,"$4,603.75 ","$3,683.00 "
,TOTAL,,7,"$4,603.75 ","$3,683.00 "
43351,80'S,,2,$243.77 ,$195.02 
,OTHER,,15,"$11,348.10 ","$9,078.47 "
,TOTAL,,17,"$11,591.87 ","$9,273.49 "
43352,80'S,,19,"$2,106.48 ","$1,685.21 "
,OTHER,,87,"$66,999.30 ","$53,599.47 "
,TOTAL,,106,"$69,105.78 ","$55,284.68 "
43360,80'S,,9,"$3,082.39 ","$2,465.90 "
,OTHER,,31,"$58,583.67 ","$46,866.93 "
,TOTAL,,40,"$61,666.06 ","$49,332.83 "
43361,80'S,,4,"$1,512.63 ","$1,210.10 "
,OTHER,,19,"$33,193.95 ","$26,555.15 "
,TOTAL,,23,"$34,706.58 ","$27,765.25 "
43400,80'S,,4,$624.84 ,$499.87 
,OTHER,,22,"$24,625.36 ","$19,658.46 "
,TOTAL,,26,"$25,250.20 ","$20,158.33 "
43401,OTHER,,3,"$2,066.63 ","$1,653.31 "
,TOTAL,,3,"$2,066.63 ","$1,653.31 "
43405,80'S,,7,"$1,013.77 ",$811.00 
,OTHER,,38,"$31,235.46 ","$24,988.36 "
,TOTAL,,45,"$32,249.23 ","$25,799.36 "
43410,80'S,,16,"$1,755.01 ","$1,359.88 "
,OTHER,,95,"$63,406.33 ","$49,749.56 "
,TOTAL,,111,"$65,161.34 ","$51,109.44 "
43415,80'S,,80,"$17,953.37 ","$14,291.79 "
,OTHER,,308,"$391,623.51 ","$311,297.82 "
,TOTAL,,388,"$409,576.88 ","$325,589.61 "
43420,80'S,,5,$638.27 ,$430.63 
,OTHER,,83,"$43,338.25 ","$34,552.30 "
,TOTAL,,88,"$43,976.52 ","$34,982.93 "
43425,80'S,,8,"$1,526.63 ","$1,221.30 "
,OTHER,,31,"$32,877.87 ","$26,302.32 "
,TOTAL,,39,"$34,404.50 ","$27,523.62 "
43450,SG,,"25,061","$4,896,301.63 ","$3,866,666.50 "
,OTHER,,"74,463","$3,470,846.72 ","$2,725,278.96 "
,TOTAL,,"99,524","$8,367,148.35 ","$6,591,945.46 "
43453,SG,,"2,051","$387,055.89 ","$306,228.89 "
,OTHER,,"6,979","$463,450.14 ","$366,429.65 "
,TOTAL,,"9,030","$850,506.03 ","$672,658.54 "
43456,SG,,673,"$238,900.84 ","$190,187.41 "
,OTHER,,"3,337","$408,711.84 ","$322,328.25 "
,TOTAL,,"4,010","$647,612.68 ","$512,515.66 "
43458,SG,,230,"$80,407.98 ","$63,877.40 "
,OTHER,,"2,369","$379,613.93 ","$298,168.27 "
,TOTAL,,"2,599","$460,021.91 ","$362,045.67 "
43460,OTHER,,75,"$13,193.02 ","$10,384.06 "
,TOTAL,,75,"$13,193.02 ","$10,384.06 "
43496,80'S,,1,"$1,934.82 ","$1,547.86 "
,OTHER,,30,"$47,989.94 ","$36,326.01 "
,TOTAL,,31,"$49,924.76 ","$37,873.87 "
43499,80'S,,20,"$2,713.64 ","$2,170.88 "
,OTHER,,756,"$260,080.34 ","$207,608.71 "
,TOTAL,,776,"$262,793.98 ","$209,779.59 "
43500,80'S,,84,"$6,271.13 ","$5,016.93 "
,OTHER,,456,"$216,613.26 ","$171,043.71 "
,TOTAL,,540,"$222,884.39 ","$176,060.64 "
43501,80'S,,196,"$33,107.13 ","$26,405.63 "
,OTHER,,"1,034","$1,060,113.59 ","$843,361.85 "
,TOTAL,,"1,230","$1,093,220.72 ","$869,767.48 "
43502,80'S,,13,"$2,460.02 ","$1,968.00 "
,OTHER,,58,"$69,476.23 ","$55,500.98 "
,TOTAL,,71,"$71,936.25 ","$57,468.98 "
43510,80'S,,2,$195.50 ,$156.40 
,OTHER,,30,"$19,521.31 ","$15,616.30 "
,TOTAL,,32,"$19,716.81 ","$15,772.70 "
43520,80'S,,27,"$1,425.77 ","$1,140.65 "
,OTHER,,137,"$44,746.82 ","$35,439.50 "
,TOTAL,,164,"$46,172.59 ","$36,580.15 "
43600,SG,,1,$331.34 ,$265.07 
,OTHER,,351,"$23,012.16 ","$18,300.08 "
,TOTAL,,352,"$23,343.50 ","$18,565.15 "
43605,80'S,,40,"$3,035.22 ","$2,428.21 "
,OTHER,,227,"$97,430.04 ","$77,093.39 "
,TOTAL,,267,"$100,465.26 ","$79,521.60 "
43610,80'S,,285,"$31,809.99 ","$25,294.70 "
,OTHER,,"1,317","$878,962.55 ","$697,864.18 "
,TOTAL,,"1,602","$910,772.54 ","$723,158.88 "
43611,80'S,,185,"$26,034.42 ","$20,827.50 "
,OTHER,,735,"$600,684.33 ","$478,373.66 "
,TOTAL,,920,"$626,718.75 ","$499,201.16 "
43620,80'S,,53,"$13,892.64 ","$11,092.87 "
,OTHER,,190,"$284,033.53 ","$224,399.80 "
,TOTAL,,243,"$297,926.17 ","$235,492.67 "
43621,80'S,,201,"$54,943.67 ","$43,951.04 "
,OTHER,,805,"$1,306,249.77 ","$1,043,498.28 "
,TOTAL,,"1,006","$1,361,193.44 ","$1,087,449.32 "
43622,80'S,,45,"$12,565.14 ","$9,834.54 "
,OTHER,,155,"$261,841.34 ","$208,336.21 "
,TOTAL,,200,"$274,406.48 ","$218,170.75 "
43631,80'S,,560,"$111,813.60 ","$89,067.66 "
,OTHER,,"1,656","$1,983,572.91 ","$1,579,359.14 "
,TOTAL,,"2,216","$2,095,386.51 ","$1,668,426.80 "
43632,80'S,,945,"$190,212.20 ","$151,099.67 "
,OTHER,,"3,012","$3,656,142.29 ","$2,906,099.92 "
,TOTAL,,"3,957","$3,846,354.49 ","$3,057,199.59 "
43633,80'S,,496,"$95,853.71 ","$75,922.09 "
,OTHER,,"1,448","$1,718,514.44 ","$1,365,649.92 "
,TOTAL,,"1,944","$1,814,368.15 ","$1,441,572.01 "
43634,80'S,,9,"$1,761.38 ","$1,409.12 "
,OTHER,,33,"$42,642.45 ","$34,113.97 "
,TOTAL,,42,"$44,403.83 ","$35,523.09 "
43635,80'S,,189,"$3,338.05 ","$2,669.00 "
,OTHER,,741,"$80,166.91 ","$63,733.74 "
,TOTAL,,930,"$83,504.96 ","$66,402.74 "
43638,80'S,,96,"$24,026.96 ","$18,978.32 "
,OTHER,,299,"$446,628.34 ","$352,315.44 "
,TOTAL,,395,"$470,655.30 ","$371,293.76 "
43639,80'S,,102,"$25,164.26 ","$20,069.07 "
,OTHER,,284,"$423,153.31 ","$337,398.95 "
,TOTAL,,386,"$448,317.57 ","$357,468.02 "
43640,80'S,,220,"$31,723.66 ","$25,106.00 "
,OTHER,,961,"$814,059.88 ","$646,139.34 "
,TOTAL,,"1,181","$845,783.54 ","$671,245.34 "
43641,80'S,,7,$822.47 ,$657.97 
,OTHER,,36,"$28,948.48 ","$23,158.78 "
,TOTAL,,43,"$29,770.95 ","$23,816.75 "
43651,80'S,,2,$79.23 ,$63.38 
,OTHER,,5,"$1,911.20 ","$1,528.96 "
,TOTAL,,7,"$1,990.43 ","$1,592.34 "
43652,80'S,,6,$382.39 ,$305.91 
,OTHER,,16,"$6,493.78 ","$5,153.86 "
,TOTAL,,22,"$6,876.17 ","$5,459.77 "
43653,80'S,,94,"$5,396.72 ","$4,225.45 "
,OTHER,,831,"$328,895.14 ","$260,203.71 "
,TOTAL,,925,"$334,291.86 ","$264,429.16 "
43659,80'S,,"1,072","$261,754.88 ","$204,746.13 "
,OTHER,,"3,249","$3,864,982.98 ","$3,064,926.63 "
,TOTAL,,"4,321","$4,126,737.86 ","$3,269,672.76 "
43750,SG,,143,"$60,060.58 ","$47,691.99 "
,80'S,,2,$102.47 ,$81.98 
,OTHER,,"32,800","$8,945,688.19 ","$7,117,483.39 "
,TOTAL,,"32,945","$9,005,851.24 ","$7,165,257.36 "
43752,OTHER,,"9,129","$319,661.96 ","$253,764.92 "
,TOTAL,,"9,129","$319,661.96 ","$253,764.92 "
43760,SG,,"1,977","$635,679.78 ","$500,837.73 "
,OTHER,,"72,545","$4,644,626.77 ","$3,615,464.48 "
,TOTAL,,"74,522","$5,280,306.55 ","$4,116,302.21 "
43761,80'S,,1,$18.74 ,$14.99 
,OTHER,,"8,154","$843,617.51 ","$666,917.33 "
,TOTAL,,"8,155","$843,636.25 ","$666,932.32 "
43800,80'S,,177,"$15,595.18 ","$12,336.89 "
,OTHER,,894,"$465,803.20 ","$369,883.11 "
,TOTAL,,"1,071","$481,398.38 ","$382,220.00 "
43810,80'S,,21,"$2,308.70 ","$1,766.13 "
,OTHER,,101,"$63,162.30 ","$49,230.61 "
,TOTAL,,122,"$65,471.00 ","$50,996.74 "
43820,80'S,,706,"$79,767.39 ","$63,373.45 "
,OTHER,,"3,053","$2,089,631.82 ","$1,664,546.07 "
,TOTAL,,"3,759","$2,169,399.21 ","$1,727,919.52 "
43825,80'S,,52,"$8,183.78 ","$6,547.01 "
,OTHER,,197,"$185,576.44 ","$147,620.80 "
,TOTAL,,249,"$193,760.22 ","$154,167.81 "
43830,80'S,,"1,234","$78,782.95 ","$62,744.44 "
,OTHER,,"11,008","$4,925,291.50 ","$3,925,244.02 "
,TOTAL,,"12,242","$5,004,074.45 ","$3,987,988.46 "
43831,80'S,,3,$170.84 ,$136.66 
,OTHER,,34,"$12,871.79 ","$10,297.43 "
,TOTAL,,37,"$13,042.63 ","$10,434.09 "
43832,80'S,,197,"$24,944.13 ","$19,807.54 "
,OTHER,,"1,805","$1,467,337.97 ","$1,172,240.77 "
,TOTAL,,"2,002","$1,492,282.10 ","$1,192,048.31 "
43840,80'S,,898,"$118,457.62 ","$93,972.07 "
,OTHER,,"5,738","$4,571,286.22 ","$3,635,340.67 "
,TOTAL,,"6,636","$4,689,743.84 ","$3,729,312.74 "
43842,80'S,,32,"$5,454.46 ","$4,280.81 "
,OTHER,,116,"$116,425.81 ","$91,055.52 "
,TOTAL,,148,"$121,880.27 ","$95,336.33 "
43843,80'S,,116,"$20,217.75 ","$16,038.98 "
,OTHER,,275,"$299,687.74 ","$236,817.61 "
,TOTAL,,391,"$319,905.49 ","$252,856.59 "
43846,80'S,,"1,513","$327,235.08 ","$258,253.07 "
,OTHER,,"3,394","$4,390,323.01 ","$3,456,376.93 "
,TOTAL,,"4,907","$4,717,558.09 ","$3,714,630.00 "
43847,80'S,,490,"$118,631.87 ","$93,914.69 "
,OTHER,,"1,566","$2,216,152.71 ","$1,755,738.68 "
,TOTAL,,"2,056","$2,334,784.58 ","$1,849,653.37 "
43848,80'S,,119,"$29,565.20 ","$23,157.90 "
,OTHER,,356,"$549,463.90 ","$435,694.07 "
,TOTAL,,475,"$579,029.10 ","$458,851.97 "
43850,80'S,,9,"$1,719.54 ","$1,375.62 "
,OTHER,,46,"$56,578.59 ","$45,262.87 "
,TOTAL,,55,"$58,298.13 ","$46,638.49 "
43855,80'S,,1,$231.95 ,$185.56 
,OTHER,,6,"$8,549.62 ","$6,839.68 "
,TOTAL,,7,"$8,781.57 ","$7,025.24 "
43860,80'S,,185,"$39,952.57 ","$31,302.64 "
,OTHER,,680,"$851,058.51 ","$669,614.89 "
,TOTAL,,865,"$891,011.08 ","$700,917.53 "
43865,80'S,,11,"$2,556.68 ","$2,045.35 "
,OTHER,,26,"$34,807.66 ","$27,768.77 "
,TOTAL,,37,"$37,364.34 ","$29,814.12 "
43870,SG,,18,"$5,497.79 ","$4,398.18 "
,80'S,,72,"$4,667.79 ","$3,727.29 "
,OTHER,,848,"$373,643.81 ","$296,847.49 "
,TOTAL,,938,"$383,809.39 ","$304,972.96 "
43880,80'S,,32,"$6,596.71 ","$5,110.03 "
,OTHER,,265,"$342,687.50 ","$270,087.09 "
,TOTAL,,297,"$349,284.21 ","$275,197.12 "
43999,80'S,,33,"$5,809.09 ","$4,647.26 "
,OTHER,,"1,147","$270,557.01 ","$216,240.31 "
,TOTAL,,"1,180","$276,366.10 ","$220,887.57 "
44005,80'S,,"3,244","$466,702.58 ","$369,516.77 "
,OTHER,,"18,461","$15,847,903.25 ","$12,579,967.20 "
,TOTAL,,"21,705","$16,314,605.83 ","$12,949,483.97 "
44010,80'S,,149,"$11,546.82 ","$9,148.46 "
,OTHER,,618,"$298,368.43 ","$237,799.82 "
,TOTAL,,767,"$309,915.25 ","$246,948.28 "
44015,80'S,,"1,100","$24,870.32 ","$19,836.61 "
,OTHER,,"7,493","$1,040,455.13 ","$828,324.25 "
,TOTAL,,"8,593","$1,065,325.45 ","$848,160.86 "
44020,80'S,,168,"$17,440.44 ","$13,850.50 "
,OTHER,,966,"$606,491.39 ","$482,144.18 "
,TOTAL,,"1,134","$623,931.83 ","$495,994.68 "
44021,80'S,,149,"$13,450.97 ","$10,700.13 "
,OTHER,,"1,015","$588,215.35 ","$466,784.95 "
,TOTAL,,"1,164","$601,666.32 ","$477,485.08 "
44025,80'S,,120,"$12,666.95 ","$9,927.13 "
,OTHER,,510,"$323,959.84 ","$255,109.67 "
,TOTAL,,630,"$336,626.79 ","$265,036.80 "
44050,80'S,,490,"$47,973.95 ","$38,129.02 "
,OTHER,,"2,614","$1,583,821.97 ","$1,253,462.21 "
,TOTAL,,"3,104","$1,631,795.92 ","$1,291,591.23 "
44055,80'S,,40,"$6,955.89 ","$5,564.66 "
,OTHER,,309,"$332,816.62 ","$265,730.41 "
,TOTAL,,349,"$339,772.51 ","$271,295.07 "
44100,SG,,1,$329.73 ,$263.78 
,OTHER,,465,"$29,803.86 ","$23,697.72 "
,TOTAL,,466,"$30,133.59 ","$23,961.50 "
44110,80'S,,326,"$25,788.59 ","$20,507.23 "
,OTHER,,"1,714","$824,342.70 ","$656,410.36 "
,TOTAL,,"2,040","$850,131.29 ","$676,917.59 "
44111,80'S,,45,"$3,878.08 ","$3,102.45 "
,OTHER,,219,"$129,557.27 ","$102,873.15 "
,TOTAL,,264,"$133,435.35 ","$105,975.60 "
44120,80'S,,"6,169","$834,859.21 ","$664,164.78 "
,OTHER,,"32,113","$26,523,746.88 ","$21,084,176.86 "
,TOTAL,,"38,282","$27,358,606.09 ","$21,748,341.64 "
44121,80'S,,593,"$22,887.44 ","$18,171.33 "
,OTHER,,"3,030","$709,646.97 ","$564,871.53 "
,TOTAL,,"3,623","$732,534.41 ","$583,042.86 "
44125,80'S,,280,"$38,642.89 ","$30,786.76 "
,OTHER,,"1,393","$1,176,170.00 ","$935,495.57 "
,TOTAL,,"1,673","$1,214,812.89 ","$966,282.33 "
44126,80'S,,18,"$5,451.05 ","$4,360.83 "
,OTHER,,70,"$123,869.13 ","$98,893.47 "
,TOTAL,,88,"$129,320.18 ","$103,254.30 "
44127,80'S,,1,$359.05 ,$287.24 
,OTHER,,9,"$20,336.00 ","$16,268.79 "
,TOTAL,,10,"$20,695.05 ","$16,556.03 "
44128,80'S,,1,$38.61 ,$30.89 
,OTHER,,7,"$1,491.20 ",$995.48 
,TOTAL,,8,"$1,529.81 ","$1,026.37 "
44130,80'S,,618,"$66,218.51 ","$52,552.57 "
,OTHER,,"2,812","$1,897,047.67 ","$1,512,207.43 "
,TOTAL,,"3,430","$1,963,266.18 ","$1,564,760.00 "
44135,80'S,,8,"$2,012.94 ","$1,610.35 "
,OTHER,,12,"$22,268.22 ","$17,814.55 "
,TOTAL,,20,"$24,281.16 ","$19,424.90 "
44139,80'S,,"4,581","$88,769.04 ","$70,726.92 "
,OTHER,,"21,076","$2,443,800.25 ","$1,943,840.08 "
,TOTAL,,"25,657","$2,532,569.29 ","$2,014,567.00 "
44140,80'S,,"13,982","$2,636,766.67 ","$2,097,393.25 "
,OTHER,,"51,084","$57,036,801.95 ","$45,340,663.50 "
,TOTAL,,"65,066","$59,673,568.62 ","$47,438,056.75 "
44141,80'S,,758,"$141,474.33 ","$112,645.93 "
,OTHER,,"3,768","$4,125,718.16 ","$3,282,624.41 "
,TOTAL,,"4,526","$4,267,192.49 ","$3,395,270.34 "
44143,80'S,,"4,131","$886,816.09 ","$704,861.26 "
,OTHER,,"18,037","$23,031,338.28 ","$18,326,253.09 "
,TOTAL,,"22,168","$23,918,154.37 ","$19,031,114.35 "
44144,80'S,,713,"$139,250.71 ","$110,783.24 "
,OTHER,,"3,330","$3,863,686.22 ","$3,079,651.77 "
,TOTAL,,"4,043","$4,002,936.93 ","$3,190,435.01 "
44145,80'S,,"6,309","$1,488,693.80 ","$1,182,536.17 "
,OTHER,,"17,788","$24,928,310.66 ","$19,800,395.72 "
,TOTAL,,"24,097","$26,417,004.46 ","$20,982,931.89 "
44146,80'S,,730,"$186,407.41 ","$148,473.62 "
,OTHER,,"2,215","$3,386,749.67 ","$2,690,500.58 "
,TOTAL,,"2,945","$3,573,157.08 ","$2,838,974.20 "
44147,80'S,,397,"$71,447.68 ","$56,757.88 "
,OTHER,,"1,078","$1,146,800.89 ","$906,550.76 "
,TOTAL,,"1,475","$1,218,248.57 ","$963,308.64 "
44150,80'S,,"1,334","$304,190.19 ","$242,557.58 "
,OTHER,,"5,714","$7,773,729.40 ","$6,180,038.49 "
,TOTAL,,"7,048","$8,077,919.59 ","$6,422,596.07 "
44151,80'S,,30,"$7,627.09 ","$6,022.65 "
,OTHER,,102,"$157,568.46 ","$125,974.76 "
,TOTAL,,132,"$165,195.55 ","$131,997.41 "
44152,80'S,,45,"$11,114.31 ","$8,688.39 "
,OTHER,,145,"$219,298.57 ","$174,117.44 "
,TOTAL,,190,"$230,412.88 ","$182,805.83 "
44153,80'S,,56,"$16,208.68 ","$12,844.88 "
,OTHER,,176,"$303,500.01 ","$242,535.29 "
,TOTAL,,232,"$319,708.69 ","$255,380.17 "
44155,80'S,,305,"$79,091.06 ","$62,887.42 "
,OTHER,,984,"$1,525,749.51 ","$1,214,574.05 "
,TOTAL,,"1,289","$1,604,840.57 ","$1,277,461.47 "
44156,80'S,,10,"$2,722.59 ","$2,178.08 "
,OTHER,,27,"$47,299.83 ","$37,839.86 "
,TOTAL,,37,"$50,022.42 ","$40,017.94 "
44160,80'S,,"6,380","$1,058,574.79 ","$839,376.67 "
,OTHER,,"25,690","$25,245,525.04 ","$20,069,077.48 "
,TOTAL,,"32,070","$26,304,099.83 ","$20,908,454.15 "
44200,80'S,,652,"$82,990.39 ","$65,475.92 "
,OTHER,,"4,604","$3,548,721.65 ","$2,800,876.88 "
,TOTAL,,"5,256","$3,631,712.04 ","$2,866,352.80 "
44201,80'S,,70,"$5,028.96 ","$4,023.16 "
,OTHER,,684,"$342,323.59 ","$269,225.24 "
,TOTAL,,754,"$347,352.55 ","$273,248.40 "
44202,80'S,,374,"$71,055.05 ","$56,677.76 "
,OTHER,,"1,397","$1,590,979.34 ","$1,261,464.75 "
,TOTAL,,"1,771","$1,662,034.39 ","$1,318,142.51 "
44203,80'S,,13,$523.42 ,$418.74 
,OTHER,,157,"$18,537.58 ","$14,224.05 "
,TOTAL,,170,"$19,061.00 ","$14,642.79 "
44204,80'S,,"2,085","$472,671.27 ","$375,595.18 "
,OTHER,,"6,183","$8,388,620.52 ","$6,650,080.33 "
,TOTAL,,"8,268","$8,861,291.79 ","$7,025,675.51 "
44205,80'S,,"1,238","$249,180.97 ","$197,633.98 "
,OTHER,,"4,350","$5,262,697.25 ","$4,182,796.57 "
,TOTAL,,"5,588","$5,511,878.22 ","$4,380,430.55 "
44206,80'S,,139,"$34,103.84 ","$27,283.08 "
,OTHER,,574,"$841,692.38 ","$667,186.03 "
,TOTAL,,713,"$875,796.22 ","$694,469.11 "
44207,80'S,,832,"$219,366.60 ","$173,554.68 "
,OTHER,,"2,110","$3,410,103.19 ","$2,702,053.29 "
,TOTAL,,"2,942","$3,629,469.79 ","$2,875,607.97 "
44208,80'S,,56,"$15,817.97 ","$12,432.62 "
,OTHER,,219,"$370,789.24 ","$293,821.87 "
,TOTAL,,275,"$386,607.21 ","$306,254.49 "
44210,80'S,,78,"$19,955.00 ","$15,808.99 "
,OTHER,,256,"$388,640.20 ","$309,967.57 "
,TOTAL,,334,"$408,595.20 ","$325,776.56 "
44211,80'S,,16,"$5,085.90 ","$4,068.74 "
,OTHER,,37,"$65,897.94 ","$52,696.23 "
,TOTAL,,53,"$70,983.84 ","$56,764.97 "
44212,80'S,,19,"$5,580.99 ","$4,291.12 "
,OTHER,,75,"$126,225.49 ","$98,674.52 "
,TOTAL,,94,"$131,806.48 ","$102,965.64 "
44238,80'S,,146,"$23,476.23 ","$18,780.94 "
,OTHER,,950,"$780,345.82 ","$621,679.11 "
,TOTAL,,"1,096","$803,822.05 ","$640,460.05 "
44239,80'S,,24,"$4,790.69 ","$3,832.55 "
,OTHER,,130,"$135,698.18 ","$108,558.45 "
,TOTAL,,154,"$140,488.87 ","$112,391.00 "
44300,80'S,,348,"$29,011.01 ","$23,174.07 "
,OTHER,,"3,600","$2,063,556.21 ","$1,638,788.08 "
,TOTAL,,"3,948","$2,092,567.22 ","$1,661,962.15 "
44310,80'S,,427,"$47,688.24 ","$37,982.59 "
,OTHER,,"2,822","$1,920,175.34 ","$1,525,826.23 "
,TOTAL,,"3,249","$1,967,863.58 ","$1,563,808.82 "
44312,SG,,8,"$2,315.37 ","$1,800.87 "
,80'S,,12,$776.21 ,$620.97 
,OTHER,,471,"$191,787.24 ","$152,161.65 "
,TOTAL,,491,"$194,878.82 ","$154,583.49 "
44314,80'S,,133,"$15,365.91 ","$12,201.24 "
,OTHER,,805,"$575,309.31 ","$453,074.26 "
,TOTAL,,938,"$590,675.22 ","$465,275.50 "
44316,80'S,,10,"$1,855.75 ","$1,484.60 "
,OTHER,,50,"$54,149.51 ","$43,241.37 "
,TOTAL,,60,"$56,005.26 ","$44,725.97 "
44320,80'S,,"1,215","$188,397.29 ","$149,823.99 "
,OTHER,,"7,544","$6,976,590.19 ","$5,550,741.25 "
,TOTAL,,"8,759","$7,164,987.48 ","$5,700,565.24 "
44322,80'S,,20,"$2,533.79 ","$2,027.05 "
,OTHER,,68,"$50,304.88 ","$39,923.22 "
,TOTAL,,88,"$52,838.67 ","$41,950.27 "
44340,SG,,16,"$8,029.57 ","$6,066.50 "
,80'S,,7,$348.60 ,$278.90 
,OTHER,,861,"$362,489.99 ","$287,033.85 "
,TOTAL,,884,"$370,868.16 ","$293,379.25 "
44345,80'S,,171,"$22,020.18 ","$17,428.73 "
,OTHER,,"1,089","$837,991.75 ","$664,719.42 "
,TOTAL,,"1,260","$860,011.93 ","$682,148.15 "
44346,80'S,,316,"$46,453.64 ","$36,807.49 "
,OTHER,,"1,723","$1,510,101.31 ","$1,193,360.79 "
,TOTAL,,"2,039","$1,556,554.95 ","$1,230,168.28 "
44360,SG,,451,"$180,087.99 ","$143,093.31 "
,OTHER,,"7,427","$971,638.98 ","$767,808.42 "
,TOTAL,,"7,878","$1,151,726.97 ","$910,901.73 "
44361,SG,,"2,333","$864,307.55 ","$682,616.85 "
,OTHER,,"14,258","$1,765,992.72 ","$1,387,951.32 "
,TOTAL,,"16,591","$2,630,300.27 ","$2,070,568.17 "
44363,SG,,8,"$3,537.36 ","$2,829.87 "
,OTHER,,153,"$24,003.25 ","$18,892.56 "
,TOTAL,,161,"$27,540.61 ","$21,722.43 "
44364,SG,,42,"$15,659.85 ","$12,527.86 "
,OTHER,,295,"$52,733.15 ","$41,017.68 "
,TOTAL,,337,"$68,393.00 ","$53,545.54 "
44365,SG,,24,"$10,274.01 ","$7,701.55 "
,OTHER,,233,"$35,477.53 ","$28,043.75 "
,TOTAL,,257,"$45,751.54 ","$35,745.30 "
44366,SG,,127,"$51,433.70 ","$40,987.02 "
,OTHER,,"2,606","$605,893.41 ","$480,077.23 "
,TOTAL,,"2,733","$657,327.11 ","$521,064.25 "
44369,SG,,64,"$24,880.97 ","$19,618.90 "
,80'S,,1,$21.01 ,$16.81 
,OTHER,,932,"$215,289.68 ","$170,694.68 "
,TOTAL,,997,"$240,191.66 ","$190,330.39 "
44370,OTHER,,59,"$14,611.92 ","$11,440.87 "
,TOTAL,,59,"$14,611.92 ","$11,440.87 "
44372,SG,,9,"$3,895.71 ","$3,116.58 "
,OTHER,,"1,824","$429,132.26 ","$341,821.71 "
,TOTAL,,"1,833","$433,027.97 ","$344,938.29 "
44373,SG,,8,"$3,270.76 ","$2,616.62 "
,OTHER,,"2,643","$391,472.37 ","$310,485.44 "
,TOTAL,,"2,651","$394,743.13 ","$313,102.06 "
44376,SG,,37,"$14,335.72 ","$10,922.92 "
,80'S,,2,$44.87 ,$35.90 
,OTHER,,"1,953","$521,311.53 ","$412,307.27 "
,TOTAL,,"1,992","$535,692.12 ","$423,266.09 "
44377,SG,,59,"$20,741.91 ","$16,177.30 "
,OTHER,,"1,404","$389,001.24 ","$307,210.16 "
,TOTAL,,"1,463","$409,743.15 ","$323,387.46 "
44378,SG,,13,"$5,560.73 ","$4,117.67 "
,OTHER,,466,"$176,965.35 ","$140,120.22 "
,TOTAL,,479,"$182,526.08 ","$144,237.89 "
44379,OTHER,,14,"$5,413.59 ","$4,330.88 "
,TOTAL,,14,"$5,413.59 ","$4,330.88 "
44380,SG,,167,"$46,973.90 ","$36,537.94 "
,OTHER,,"2,061","$98,449.27 ","$76,440.45 "
,TOTAL,,"2,228","$145,423.17 ","$112,978.39 "
44382,SG,,101,"$27,622.31 ","$19,746.61 "
,OTHER,,"1,068","$68,846.13 ","$53,526.76 "
,TOTAL,,"1,169","$96,468.44 ","$73,273.37 "
44383,SG,,15,"$16,518.11 ","$13,214.47 "
,OTHER,,209,"$30,230.12 ","$23,858.06 "
,TOTAL,,224,"$46,748.23 ","$37,072.53 "
44385,SG,,52,"$16,008.06 ","$12,637.19 "
,OTHER,,753,"$112,307.77 ","$85,807.31 "
,TOTAL,,805,"$128,315.83 ","$98,444.50 "
44386,SG,,40,"$11,466.36 ","$9,093.06 "
,OTHER,,394,"$58,717.33 ","$45,743.89 "
,TOTAL,,434,"$70,183.69 ","$54,836.95 "
44388,SG,,"1,197","$372,931.40 ","$292,782.97 "
,OTHER,,"5,637","$849,221.31 ","$662,371.72 "
,TOTAL,,"6,834","$1,222,152.71 ","$955,154.69 "
44389,SG,,345,"$102,309.33 ","$80,408.43 "
,OTHER,,"1,606","$255,080.97 ","$200,628.10 "
,TOTAL,,"1,951","$357,390.30 ","$281,036.53 "
44390,SG,,2,$663.80 ,$531.04 
,OTHER,,19,"$3,241.95 ","$2,593.56 "
,TOTAL,,21,"$3,905.75 ","$3,124.60 "
44391,SG,,5,"$1,020.79 ",$816.64 
,OTHER,,167,"$38,052.60 ","$30,244.78 "
,TOTAL,,172,"$39,073.39 ","$31,061.42 "
44392,SG,,134,"$40,367.17 ","$31,229.39 "
,OTHER,,923,"$181,393.17 ","$142,257.19 "
,TOTAL,,"1,057","$221,760.34 ","$173,486.58 "
44393,SG,,54,"$16,495.40 ","$13,036.28 "
,OTHER,,233,"$61,538.10 ","$48,569.50 "
,TOTAL,,287,"$78,033.50 ","$61,605.78 "
44394,SG,,274,"$84,710.48 ","$66,673.71 "
,OTHER,,"1,069","$255,212.95 ","$200,442.99 "
,TOTAL,,"1,343","$339,923.43 ","$267,116.70 "
44397,OTHER,,22,"$5,648.24 ","$4,518.64 "
,TOTAL,,22,"$5,648.24 ","$4,518.64 "
44500,80'S,,1,$4.89 ,$3.91 
,OTHER,,"16,998","$535,818.07 ","$423,759.18 "
,TOTAL,,"16,999","$535,822.96 ","$423,763.09 "
44602,80'S,,931,"$102,154.04 ","$80,952.63 "
,OTHER,,"4,987","$3,414,855.93 ","$2,718,397.78 "
,TOTAL,,"5,918","$3,517,009.97 ","$2,799,350.41 "
44603,80'S,,364,"$48,841.00 ","$38,655.34 "
,OTHER,,"1,820","$1,480,662.00 ","$1,175,146.93 "
,TOTAL,,"2,184","$1,529,503.00 ","$1,213,802.27 "
44604,80'S,,370,"$44,789.15 ","$35,831.21 "
,OTHER,,"2,288","$1,676,720.31 ","$1,334,604.90 "
,TOTAL,,"2,658","$1,721,509.46 ","$1,370,436.11 "
44605,80'S,,86,"$13,887.70 ","$10,959.28 "
,OTHER,,381,"$376,970.41 ","$299,685.13 "
,TOTAL,,467,"$390,858.11 ","$310,644.41 "
44615,80'S,,141,"$17,462.66 ","$13,969.79 "
,OTHER,,859,"$620,816.46 ","$492,755.53 "
,TOTAL,,"1,000","$638,279.12 ","$506,725.32 "
44620,80'S,,539,"$53,863.33 ","$42,709.95 "
,OTHER,,"3,027","$1,824,433.83 ","$1,444,968.25 "
,TOTAL,,"3,566","$1,878,297.16 ","$1,487,678.20 "
44625,80'S,,776,"$101,173.15 ","$80,102.47 "
,OTHER,,"3,599","$2,787,987.50 ","$2,207,176.36 "
,TOTAL,,"4,375","$2,889,160.65 ","$2,287,278.83 "
44626,80'S,,"1,733","$391,694.48 ","$311,495.83 "
,OTHER,,"5,142","$6,894,505.01 ","$5,481,467.05 "
,TOTAL,,"6,875","$7,286,199.49 ","$5,792,962.88 "
44640,80'S,,195,"$32,880.20 ","$26,176.12 "
,OTHER,,"1,146","$1,174,063.84 ","$932,058.22 "
,TOTAL,,"1,341","$1,206,944.04 ","$958,234.34 "
44650,80'S,,87,"$13,955.61 ","$11,025.02 "
,OTHER,,342,"$349,499.58 ","$276,104.38 "
,TOTAL,,429,"$363,455.19 ","$287,129.40 "
44660,80'S,,75,"$9,808.81 ","$7,732.09 "
,OTHER,,331,"$292,393.69 ","$231,919.07 "
,TOTAL,,406,"$302,202.50 ","$239,651.16 "
44661,80'S,,257,"$50,784.28 ","$40,627.43 "
,OTHER,,882,"$1,021,974.17 ","$812,807.49 "
,TOTAL,,"1,139","$1,072,758.45 ","$853,434.92 "
44680,80'S,,16,"$1,692.75 ","$1,354.18 "
,OTHER,,85,"$58,424.30 ","$46,284.88 "
,TOTAL,,101,"$60,117.05 ","$47,639.06 "
44700,80'S,,131,"$9,840.70 ","$7,836.02 "
,OTHER,,494,"$241,711.49 ","$191,573.44 "
,TOTAL,,625,"$251,552.19 ","$199,409.46 "
44701,80'S,,22,$577.10 ,$461.70 
,OTHER,,184,"$29,045.63 ","$23,236.42 "
,TOTAL,,206,"$29,622.73 ","$23,698.12 "
44799,80'S,,30,"$2,791.49 ","$2,233.18 "
,OTHER,,"1,053","$317,553.52 ","$253,837.95 "
,TOTAL,,"1,083","$320,345.01 ","$256,071.13 "
44800,80'S,,209,"$13,416.92 ","$10,733.65 "
,OTHER,,931,"$381,903.58 ","$301,332.40 "
,TOTAL,,"1,140","$395,320.50 ","$312,066.05 "
44820,80'S,,30,"$3,129.49 ","$2,503.56 "
,OTHER,,143,"$86,898.87 ","$68,449.92 "
,TOTAL,,173,"$90,028.36 ","$70,953.48 "
44850,80'S,,7,$395.90 ,$316.72 
,OTHER,,75,"$37,365.14 ","$29,708.85 "
,TOTAL,,82,"$37,761.04 ","$30,025.57 "
44899,80'S,,1,$142.46 ,$113.97 
,OTHER,,28,"$14,006.37 ","$11,205.08 "
,TOTAL,,29,"$14,148.83 ","$11,319.05 "
44900,80'S,,23,"$1,644.62 ","$1,315.70 "
,OTHER,,226,"$101,560.65 ","$81,047.80 "
,TOTAL,,249,"$103,205.27 ","$82,363.50 "
44901,OTHER,,151,"$25,017.84 ","$19,694.23 "
,TOTAL,,151,"$25,017.84 ","$19,694.23 "
44950,80'S,,427,"$38,610.00 ","$30,256.84 "
,OTHER,,"6,750","$3,743,871.09 ","$2,953,252.33 "
,TOTAL,,"7,177","$3,782,481.09 ","$2,983,509.17 "
44955,80'S,,673,"$8,969.16 ","$7,136.93 "
,OTHER,,"4,496","$363,319.25 ","$288,475.29 "
,TOTAL,,"5,169","$372,288.41 ","$295,612.22 "
44960,80'S,,473,"$51,722.14 ","$40,893.34 "
,OTHER,,"5,279","$3,553,171.15 ","$2,815,514.29 "
,TOTAL,,"5,752","$3,604,893.29 ","$2,856,407.63 "
44970,80'S,,420,"$31,784.94 ","$25,017.13 "
,OTHER,,"9,094","$4,430,965.80 ","$3,486,483.53 "
,TOTAL,,"9,514","$4,462,750.74 ","$3,511,500.66 "
44979,80'S,,8,$749.32 ,$599.46 
,OTHER,,62,"$34,614.31 ","$27,691.42 "
,TOTAL,,70,"$35,363.63 ","$28,290.88 "
45000,OTHER,,222,"$56,732.97 ","$44,769.81 "
,TOTAL,,222,"$56,732.97 ","$44,769.81 "
45005,SG,,20,"$6,955.40 ","$5,564.31 "
,OTHER,,438,"$73,260.55 ","$56,989.56 "
,TOTAL,,458,"$80,215.95 ","$62,553.87 "
45020,SG,,8,"$2,679.35 ","$2,143.47 "
,OTHER,,640,"$188,264.66 ","$148,623.29 "
,TOTAL,,648,"$190,944.01 ","$150,766.76 "
45100,SG,,100,"$29,958.45 ","$23,723.31 "
,OTHER,,"1,354","$290,152.41 ","$229,212.85 "
,TOTAL,,"1,454","$320,110.86 ","$252,936.16 "
45108,SG,,6,"$2,200.58 ","$1,630.85 "
,OTHER,,55,"$14,241.71 ","$10,903.96 "
,TOTAL,,61,"$16,442.29 ","$12,534.81 "
45110,80'S,,"1,461","$372,602.89 ","$296,247.37 "
,OTHER,,"3,730","$5,591,185.27 ","$4,442,749.57 "
,TOTAL,,"5,191","$5,963,788.16 ","$4,738,996.94 "
45111,80'S,,117,"$16,581.62 ","$13,112.67 "
,OTHER,,511,"$403,435.87 ","$320,949.38 "
,TOTAL,,628,"$420,017.49 ","$334,062.05 "
45112,80'S,,98,"$26,367.14 ","$20,847.24 "
,OTHER,,311,"$509,211.35 ","$403,579.18 "
,TOTAL,,409,"$535,578.49 ","$424,426.42 "
45113,80'S,,15,"$4,228.30 ","$3,382.64 "
,OTHER,,73,"$125,162.88 ","$98,445.89 "
,TOTAL,,88,"$129,391.18 ","$101,828.53 "
45114,80'S,,27,"$6,432.45 ","$5,124.70 "
,OTHER,,87,"$131,102.97 ","$104,109.24 "
,TOTAL,,114,"$137,535.42 ","$109,233.94 "
45116,80'S,,2,$457.81 ,$366.25 
,OTHER,,29,"$37,156.55 ","$29,645.28 "
,TOTAL,,31,"$37,614.36 ","$30,011.53 "
45119,80'S,,100,"$26,777.55 ","$21,016.88 "
,OTHER,,410,"$674,289.85 ","$535,283.47 "
,TOTAL,,510,"$701,067.40 ","$556,300.35 "
45120,80'S,,3,$720.65 ,$576.52 
,OTHER,,13,"$17,902.67 ","$14,322.15 "
,TOTAL,,16,"$18,623.32 ","$14,898.67 "
45121,80'S,,12,"$2,659.86 ","$2,127.87 "
,OTHER,,24,"$34,914.45 ","$27,901.40 "
,TOTAL,,36,"$37,574.31 ","$30,029.27 "
45123,80'S,,70,"$9,952.23 ","$7,961.75 "
,OTHER,,420,"$364,844.29 ","$290,713.10 "
,TOTAL,,490,"$374,796.52 ","$298,674.85 "
45126,80'S,,20,"$8,285.67 ","$6,628.56 "
,OTHER,,98,"$215,872.16 ","$167,652.66 "
,TOTAL,,118,"$224,157.83 ","$174,281.22 "
45130,80'S,,356,"$52,175.92 ","$41,500.69 "
,OTHER,,"2,141","$1,911,859.26 ","$1,520,432.77 "
,TOTAL,,"2,497","$1,964,035.18 ","$1,561,933.46 "
45135,80'S,,7,"$1,271.97 ","$1,017.56 "
,OTHER,,48,"$48,268.68 ","$38,614.96 "
,TOTAL,,55,"$49,540.65 ","$39,632.52 "
45136,80'S,,10,"$2,558.66 ","$2,046.93 "
,OTHER,,41,"$58,414.91 ","$45,476.34 "
,TOTAL,,51,"$60,973.57 ","$47,523.27 "
45150,SG,,3,"$1,152.55 ",$922.04 
,OTHER,,69,"$20,792.22 ","$16,450.08 "
,TOTAL,,72,"$21,944.77 ","$17,372.12 "
45160,SG,,12,"$4,896.70 ","$3,727.82 "
,80'S,,9,"$1,095.10 ",$876.09 
,OTHER,,201,"$164,753.21 ","$130,774.99 "
,TOTAL,,222,"$170,745.01 ","$135,378.90 "
45170,SG,,396,"$168,172.06 ","$133,375.84 "
,80'S,,362,"$36,297.93 ","$28,991.29 "
,OTHER,,"7,432","$4,717,433.47 ","$3,732,551.09 "
,TOTAL,,"8,190","$4,921,903.46 ","$3,894,918.22 "
45190,SG,,25,"$33,923.97 ","$26,368.14 "
,80'S,,13,"$1,121.01 ",$896.79 
,OTHER,,493,"$274,853.32 ","$217,547.27 "
,TOTAL,,531,"$309,898.30 ","$244,812.20 "
45300,OTHER,,"57,543","$3,593,562.59 ","$2,703,630.91 "
,TOTAL,,"57,543","$3,593,562.59 ","$2,703,630.91 "
45303,OTHER,,701,"$164,631.99 ","$129,814.34 "
,TOTAL,,701,"$164,631.99 ","$129,814.34 "
45305,SG,,68,"$19,218.85 ","$15,292.71 "
,OTHER,,"2,220","$207,237.77 ","$160,532.54 "
,TOTAL,,"2,288","$226,456.62 ","$175,825.25 "
45307,SG,,3,$846.52 ,$677.22 
,OTHER,,151,"$12,585.04 ","$9,661.71 "
,TOTAL,,154,"$13,431.56 ","$10,338.93 "
45308,SG,,21,"$5,646.35 ","$4,517.09 "
,OTHER,,280,"$20,235.44 ","$15,419.43 "
,TOTAL,,301,"$25,881.79 ","$19,936.52 "
45309,SG,,16,"$5,119.86 ","$3,894.71 "
,OTHER,,230,"$31,146.04 ","$24,007.23 "
,TOTAL,,246,"$36,265.90 ","$27,901.94 "
45315,SG,,10,"$3,028.13 ","$2,422.50 "
,OTHER,,110,"$9,690.58 ","$7,218.86 "
,TOTAL,,120,"$12,718.71 ","$9,641.36 "
45317,SG,,16,"$4,971.63 ","$3,977.31 "
,OTHER,,930,"$120,619.55 ","$93,677.38 "
,TOTAL,,946,"$125,591.18 ","$97,654.69 "
45320,SG,,10,"$3,101.24 ","$2,440.67 "
,OTHER,,209,"$23,164.98 ","$17,823.19 "
,TOTAL,,219,"$26,266.22 ","$20,263.86 "
45321,SG,,1,$332.07 ,$265.66 
,OTHER,,271,"$19,081.82 ","$14,966.52 "
,TOTAL,,272,"$19,413.89 ","$15,232.18 "
45327,OTHER,,22,"$2,005.47 ","$1,604.36 "
,TOTAL,,22,"$2,005.47 ","$1,604.36 "
45330,OTHER,,"122,945","$10,489,862.17 ","$7,901,638.97 "
,TOTAL,,"122,945","$10,489,862.17 ","$7,901,638.97 "
45331,SG,,"4,977","$1,535,782.47 ","$1,205,879.93 "
,OTHER,,"39,937","$3,254,795.08 ","$2,507,141.80 "
,TOTAL,,"44,914","$4,790,577.55 ","$3,713,021.73 "
45332,SG,,16,"$5,401.89 ","$4,313.31 "
,OTHER,,263,"$32,307.09 ","$25,101.46 "
,TOTAL,,279,"$37,708.98 ","$29,414.77 "
45333,SG,,626,"$194,045.53 ","$151,521.04 "
,OTHER,,"4,126","$482,079.50 ","$369,687.23 "
,TOTAL,,"4,752","$676,125.03 ","$521,208.27 "
45334,SG,,331,"$106,659.46 ","$84,368.60 "
,OTHER,,"4,309","$646,982.50 ","$506,061.46 "
,TOTAL,,"4,640","$753,641.96 ","$590,430.06 "
45335,SG,,223,"$64,958.86 ","$50,471.63 "
,OTHER,,"1,332","$97,431.49 ","$76,444.83 "
,TOTAL,,"1,555","$162,390.35 ","$126,916.46 "
45337,SG,,3,$977.68 ,$782.14 
,OTHER,,980,"$125,337.87 ","$98,873.37 "
,TOTAL,,983,"$126,315.55 ","$99,655.51 "
45338,SG,,"1,036","$323,795.81 ","$252,320.49 "
,OTHER,,"5,319","$713,156.38 ","$551,329.95 "
,TOTAL,,"6,355","$1,036,952.19 ","$803,650.44 "
45339,SG,,254,"$79,253.84 ","$62,263.33 "
,OTHER,,"2,313","$405,025.01 ","$314,285.55 "
,TOTAL,,"2,567","$484,278.85 ","$376,548.88 "
45340,SG,,133,"$40,589.80 ","$32,001.96 "
,OTHER,,999,"$104,245.61 ","$80,983.26 "
,TOTAL,,"1,132","$144,835.41 ","$112,985.22 "
45341,OTHER,,"2,304","$335,825.73 ","$262,057.49 "
,TOTAL,,"2,304","$335,825.73 ","$262,057.49 "
45342,OTHER,,225,"$45,357.34 ","$35,555.18 "
,TOTAL,,225,"$45,357.34 ","$35,555.18 "
45345,OTHER,,271,"$42,408.96 ","$33,518.00 "
,TOTAL,,271,"$42,408.96 ","$33,518.00 "
45355,SG,,141,"$44,052.03 ","$34,976.28 "
,OTHER,,"1,028","$185,137.34 ","$145,120.71 "
,TOTAL,,"1,169","$229,189.37 ","$180,096.99 "
45378,SG,,"308,429","$134,987,243.63 ","$105,967,794.60 "
,OTHER,,"1,143,225","$240,258,924.08 ","$187,534,690.90 "
,TOTAL,,"1,451,654","$375,246,167.71 ","$293,502,485.50 "
45379,SG,,209,"$85,161.57 ","$66,521.24 "
,OTHER,,"1,027","$245,823.38 ","$192,844.96 "
,TOTAL,,"1,236","$330,984.95 ","$259,366.20 "
45380,SG,,"195,698","$80,454,836.51 ","$63,287,401.09 "
,OTHER,,"661,090","$145,329,990.88 ","$114,032,536.03 "
,TOTAL,,"856,788","$225,784,827.39 ","$177,319,937.12 "
45381,SG,,"5,832","$1,593,631.29 ","$1,260,858.73 "
,OTHER,,"22,055","$1,126,901.78 ","$891,799.50 "
,TOTAL,,"27,887","$2,720,533.07 ","$2,152,658.23 "
45382,SG,,"2,294","$907,467.73 ","$716,547.73 "
,OTHER,,"21,515","$6,596,082.00 ","$5,227,995.06 "
,TOTAL,,"23,809","$7,503,549.73 ","$5,944,542.79 "
45383,SG,,"21,289","$8,859,314.90 ","$6,980,850.69 "
,OTHER,,"74,829","$24,693,283.08 ","$19,363,787.90 "
,TOTAL,,"96,118","$33,552,597.98 ","$26,344,638.59 "
45384,SG,,"96,686","$39,827,669.47 ","$31,313,653.89 "
,OTHER,,"302,525","$68,648,531.91 ","$53,614,293.18 "
,TOTAL,,"399,211","$108,476,201.38 ","$84,927,947.07 "
45385,SG,,"220,492","$96,025,499.46 ","$75,355,143.26 "
,OTHER,,"698,377","$205,879,228.17 ","$161,065,002.28 "
,TOTAL,,"918,869","$301,904,727.63 ","$236,420,145.54 "
45386,SG,,388,"$155,200.19 ","$122,440.67 "
,OTHER,,"1,965","$456,451.67 ","$358,971.41 "
,TOTAL,,"2,353","$611,651.86 ","$481,412.08 "
45387,OTHER,,552,"$175,776.35 ","$139,440.68 "
,TOTAL,,552,"$175,776.35 ","$139,440.68 "
45500,SG,,22,"$7,494.79 ","$5,995.81 "
,80'S,,3,$148.47 ,$118.78 
,OTHER,,131,"$48,302.02 ","$38,429.96 "
,TOTAL,,156,"$55,945.28 ","$44,544.55 "
45505,SG,,135,"$45,665.51 ","$36,095.00 "
,OTHER,,"1,266","$545,900.12 ","$431,640.64 "
,TOTAL,,"1,401","$591,565.63 ","$467,735.64 "
45520,OTHER,,212,"$7,298.97 ","$5,584.49 "
,TOTAL,,212,"$7,298.97 ","$5,584.49 "
45540,80'S,,145,"$18,366.00 ","$14,531.87 "
,OTHER,,467,"$368,319.18 ","$291,774.11 "
,TOTAL,,612,"$386,685.18 ","$306,305.98 "
45541,80'S,,62,"$7,118.82 ","$5,695.06 "
,OTHER,,949,"$686,945.27 ","$542,688.74 "
,TOTAL,,"1,011","$694,064.09 ","$548,383.80 "
45550,80'S,,202,"$40,390.78 ","$32,167.05 "
,OTHER,,566,"$667,264.68 ","$530,036.07 "
,TOTAL,,768,"$707,655.46 ","$562,203.12 "
45560,SG,,65,"$25,609.88 ","$20,327.90 "
,80'S,,431,"$31,042.35 ","$24,446.75 "
,OTHER,,"1,745","$825,115.00 ","$648,699.84 "
,TOTAL,,"2,241","$881,767.23 ","$693,474.49 "
45562,80'S,,14,"$1,290.13 ","$1,032.09 "
,OTHER,,143,"$107,125.36 ","$85,540.28 "
,TOTAL,,157,"$108,415.49 ","$86,572.37 "
45563,80'S,,4,$848.00 ,$678.40 
,OTHER,,37,"$46,144.83 ","$35,881.18 "
,TOTAL,,41,"$46,992.83 ","$36,559.58 "
45800,80'S,,43,"$4,588.89 ","$3,671.07 "
,OTHER,,144,"$98,418.81 ","$78,735.13 "
,TOTAL,,187,"$103,007.70 ","$82,406.20 "
45805,80'S,,5,$954.24 ,$763.39 
,OTHER,,40,"$30,139.83 ","$24,059.49 "
,TOTAL,,45,"$31,094.07 ","$24,822.88 "
45820,80'S,,6,$877.70 ,$702.16 
,OTHER,,46,"$39,828.41 ","$30,987.55 "
,TOTAL,,52,"$40,706.11 ","$31,689.71 "
45825,80'S,,1,$187.81 ,$150.25 
,OTHER,,9,"$8,608.96 ","$6,807.15 "
,TOTAL,,10,"$8,796.77 ","$6,957.40 "
45900,OTHER,,206,"$31,473.14 ","$24,661.59 "
,TOTAL,,206,"$31,473.14 ","$24,661.59 "
45905,SG,,87,"$25,634.27 ","$20,316.34 "
,OTHER,,777,"$95,919.41 ","$74,290.35 "
,TOTAL,,864,"$121,553.68 ","$94,606.69 "
45910,SG,,58,"$18,063.11 ","$14,163.03 "
,OTHER,,500,"$76,724.23 ","$59,293.73 "
,TOTAL,,558,"$94,787.34 ","$73,456.76 "
45915,SG,,42,"$12,766.72 ","$10,207.98 "
,OTHER,,"2,978","$594,438.96 ","$470,510.33 "
,TOTAL,,"3,020","$607,205.68 ","$480,718.31 "
45999,80'S,,5,$355.01 ,$284.00 
,OTHER,,723,"$182,701.84 ","$145,636.29 "
,TOTAL,,728,"$183,056.85 ","$145,920.29 "
46020,SG,,29,"$12,240.25 ","$9,757.27 "
,OTHER,,363,"$52,964.35 ","$41,094.03 "
,TOTAL,,392,"$65,204.60 ","$50,851.30 "
46030,SG,,12,"$3,197.42 ","$2,543.45 "
,OTHER,,152,"$11,072.19 ","$8,645.45 "
,TOTAL,,164,"$14,269.61 ","$11,188.90 "
46040,SG,,84,"$41,924.84 ","$32,416.52 "
,OTHER,,"5,773","$1,878,133.46 ","$1,469,797.83 "
,TOTAL,,"5,857","$1,920,058.30 ","$1,502,214.35 "
46045,SG,,10,"$4,024.80 ","$3,219.84 "
,OTHER,,340,"$90,638.37 ","$71,775.73 "
,TOTAL,,350,"$94,663.17 ","$74,995.57 "
46050,SG,,25,"$7,435.83 ","$5,948.67 "
,OTHER,,"3,008","$331,206.36 ","$251,152.63 "
,TOTAL,,"3,033","$338,642.19 ","$257,101.30 "
46060,SG,,38,"$16,705.51 ","$13,139.95 "
,OTHER,,"1,106","$371,483.30 ","$292,918.94 "
,TOTAL,,"1,144","$388,188.81 ","$306,058.89 "
46080,SG,,410,"$206,392.68 ","$162,516.94 "
,OTHER,,"2,591","$349,803.27 ","$271,917.88 "
,TOTAL,,"3,001","$556,195.95 ","$434,434.82 "
46083,OTHER,,"3,495","$437,641.20 ","$321,272.34 "
,TOTAL,,"3,495","$437,641.20 ","$321,272.34 "
46200,SG,,292,"$121,374.06 ","$95,469.81 "
,OTHER,,"2,080","$436,073.08 ","$341,241.43 "
,TOTAL,,"2,372","$557,447.14 ","$436,711.24 "
46210,SG,,3,$872.29 ,$697.83 
,OTHER,,21,"$3,262.19 ","$2,609.76 "
,TOTAL,,24,"$4,134.48 ","$3,307.59 "
46211,SG,,2,$891.11 ,$712.89 
,OTHER,,24,"$6,566.62 ","$5,253.26 "
,TOTAL,,26,"$7,457.73 ","$5,966.15 "
46220,SG,,74,"$22,314.31 ","$17,668.77 "
,OTHER,,960,"$112,353.18 ","$86,209.86 "
,TOTAL,,"1,034","$134,667.49 ","$103,878.63 "
46221,OTHER,,"36,581","$4,711,283.47 ","$3,603,702.06 "
,TOTAL,,"36,581","$4,711,283.47 ","$3,603,702.06 "
46230,OTHER,,"1,540","$249,530.30 ","$193,151.78 "
,TOTAL,,"1,540","$249,530.30 ","$193,151.78 "
46250,SG,,235,"$117,317.26 ","$92,382.87 "
,80'S,,1,$48.13 ,$38.50 
,OTHER,,"1,970","$503,937.49 ","$393,332.98 "
,TOTAL,,"2,206","$621,302.88 ","$485,754.35 "
46255,SG,,588,"$293,885.19 ","$232,302.11 "
,80'S,,1,$55.23 ,$44.18 
,OTHER,,"4,779","$1,357,959.18 ","$1,067,769.19 "
,TOTAL,,"5,368","$1,651,899.60 ","$1,300,115.48 "
46257,SG,,37,"$18,341.15 ","$14,343.65 "
,OTHER,,307,"$98,311.78 ","$77,552.22 "
,TOTAL,,344,"$116,652.93 ","$91,895.87 "
46258,SG,,16,"$8,364.33 ","$6,691.47 "
,OTHER,,107,"$36,978.59 ","$29,201.12 "
,TOTAL,,123,"$45,342.92 ","$35,892.59 "
46260,SG,,"1,000","$506,124.02 ","$398,907.23 "
,OTHER,,"11,547","$4,302,834.69 ","$3,388,339.06 "
,TOTAL,,"12,547","$4,808,958.71 ","$3,787,246.29 "
46261,SG,,73,"$46,473.92 ","$37,060.21 "
,OTHER,,774,"$317,007.40 ","$248,416.28 "
,TOTAL,,847,"$363,481.32 ","$285,476.49 "
46262,SG,,31,"$19,317.11 ","$15,020.13 "
,OTHER,,324,"$141,127.54 ","$110,451.95 "
,TOTAL,,355,"$160,444.65 ","$125,472.08 "
46270,SG,,261,"$131,880.62 ","$103,405.21 "
,OTHER,,"1,692","$386,772.13 ","$302,332.54 "
,TOTAL,,"1,953","$518,652.75 ","$405,737.75 "
46275,SG,,132,"$66,459.58 ","$51,947.46 "
,OTHER,,"1,218","$331,032.51 ","$257,603.58 "
,TOTAL,,"1,350","$397,492.09 ","$309,551.04 "
46280,SG,,122,"$77,018.41 ","$60,542.45 "
,OTHER,,"1,519","$534,426.24 ","$417,236.60 "
,TOTAL,,"1,641","$611,444.65 ","$477,779.05 "
46285,SG,,15,"$4,871.93 ","$3,817.55 "
,OTHER,,143,"$32,759.90 ","$25,630.36 "
,TOTAL,,158,"$37,631.83 ","$29,447.91 "
46288,SG,,10,"$6,209.40 ","$4,887.53 "
,OTHER,,193,"$77,220.35 ","$61,085.92 "
,TOTAL,,203,"$83,429.75 ","$65,973.45 "
46320,OTHER,,"2,693","$349,116.40 ","$260,675.44 "
,TOTAL,,"2,693","$349,116.40 ","$260,675.44 "
46500,OTHER,,"9,988","$1,689,795.83 ","$1,300,283.14 "
,TOTAL,,"9,988","$1,689,795.83 ","$1,300,283.14 "
46600,OTHER,,"95,236","$6,626,486.01 ","$4,981,515.15 "
,TOTAL,,"95,236","$6,626,486.01 ","$4,981,515.15 "
46604,OTHER,,"1,851","$364,178.58 ","$285,187.28 "
,TOTAL,,"1,851","$364,178.58 ","$285,187.28 "
46606,OTHER,,"1,728","$140,970.66 ","$109,092.04 "
,TOTAL,,"1,728","$140,970.66 ","$109,092.04 "
46608,OTHER,,112,"$12,347.40 ","$9,723.24 "
,TOTAL,,112,"$12,347.40 ","$9,723.24 "
46610,SG,,63,"$19,178.47 ","$15,262.79 "
,OTHER,,286,"$26,248.70 ","$20,284.51 "
,TOTAL,,349,"$45,427.17 ","$35,547.30 "
46611,SG,,10,"$2,700.26 ","$2,160.20 "
,OTHER,,177,"$25,204.24 ","$20,028.56 "
,TOTAL,,187,"$27,904.50 ","$22,188.76 "
46612,SG,,23,"$6,936.35 ","$5,522.15 "
,OTHER,,106,"$14,835.57 ","$11,596.26 "
,TOTAL,,129,"$21,771.92 ","$17,118.41 "
46614,OTHER,,"1,743","$258,943.87 ","$201,297.40 "
,TOTAL,,"1,743","$258,943.87 ","$201,297.40 "
46615,SG,,27,"$10,266.22 ","$8,212.99 "
,OTHER,,323,"$55,692.44 ","$44,001.29 "
,TOTAL,,350,"$65,958.66 ","$52,214.28 "
46700,SG,,77,"$37,346.19 ","$29,876.94 "
,80'S,,1,$80.94 ,$64.75 
,OTHER,,910,"$450,021.61 ","$354,295.77 "
,TOTAL,,988,"$487,448.74 ","$384,237.46 "
46705,80'S,,2,$63.18 ,$50.56 
,OTHER,,1,$197.44 ,$157.96 
,TOTAL,,3,$260.62 ,$208.52 
46706,OTHER,,187,"$22,865.34 ","$17,912.47 "
,TOTAL,,187,"$22,865.34 ","$17,912.47 "
46715,OTHER,,1,$450.10 ,$360.08 
,TOTAL,,1,$450.10 ,$360.08 
46716,80'S,,1,$115.07 ,$92.06 
,OTHER,,1,$423.05 ,$338.44 
,TOTAL,,2,$538.12 ,$430.50 
46730,OTHER,,1,"$1,507.69 ","$1,206.15 "
,TOTAL,,1,"$1,507.69 ","$1,206.15 "
46740,80'S,,1,$255.14 ,$204.11 
,OTHER,,5,"$8,115.16 ","$6,492.12 "
,TOTAL,,6,"$8,370.30 ","$6,696.23 "
46744,80'S,,3,"$1,396.26 ",$936.00 
,OTHER,,3,"$8,726.66 ","$5,541.56 "
,TOTAL,,6,"$10,122.92 ","$6,477.56 "
46748,OTHER,,2,"$4,226.12 ","$3,380.90 "
,TOTAL,,2,"$4,226.12 ","$3,380.90 "
46750,SG,,12,"$5,309.67 ","$4,247.72 "
,80'S,,95,"$6,843.20 ","$5,367.80 "
,OTHER,,708,"$337,042.71 ","$263,360.92 "
,TOTAL,,815,"$349,195.58 ","$272,976.44 "
46753,SG,,9,"$4,566.80 ","$3,653.43 "
,OTHER,,182,"$82,027.96 ","$64,977.14 "
,TOTAL,,191,"$86,594.76 ","$68,630.57 "
46754,SG,,3,"$1,138.55 ",$910.84 
,OTHER,,61,"$6,725.72 ","$5,236.84 "
,TOTAL,,64,"$7,864.27 ","$6,147.68 "
46760,SG,,1,$431.82 ,$345.46 
,80'S,,1,$127.88 ,$102.30 
,OTHER,,37,"$28,606.42 ","$22,885.13 "
,TOTAL,,39,"$29,166.12 ","$23,332.89 "
46761,SG,,2,"$1,022.30 ",$817.84 
,80'S,,63,"$5,006.01 ","$4,004.80 "
,OTHER,,273,"$150,881.54 ","$118,374.18 "
,TOTAL,,338,"$156,909.85 ","$123,196.82 "
46762,80'S,,1,$110.38 ,$88.30 
,OTHER,,31,"$20,347.99 ","$16,233.80 "
,TOTAL,,32,"$20,458.37 ","$16,322.10 "
46900,OTHER,,"2,223","$426,545.95 ","$327,747.09 "
,TOTAL,,"2,223","$426,545.95 ","$327,747.09 "
46910,OTHER,,668,"$94,132.12 ","$71,254.16 "
,TOTAL,,668,"$94,132.12 ","$71,254.16 "
46916,OTHER,,961,"$164,846.12 ","$127,186.02 "
,TOTAL,,961,"$164,846.12 ","$127,186.02 "
46917,SG,,21,"$5,948.28 ","$4,758.61 "
,OTHER,,256,"$62,352.75 ","$49,118.95 "
,TOTAL,,277,"$68,301.03 ","$53,877.56 "
46922,SG,,218,"$62,369.61 ","$48,976.23 "
,80'S,,1,$20.90 ,$16.72 
,OTHER,,"1,418","$168,210.70 ","$130,569.31 "
,TOTAL,,"1,637","$230,601.21 ","$179,562.26 "
46924,SG,,175,"$51,145.75 ","$39,769.12 "
,OTHER,,"2,007","$471,229.60 ","$368,420.16 "
,TOTAL,,"2,182","$522,375.35 ","$408,189.28 "
46934,OTHER,,"33,298","$10,625,935.41 ","$8,361,623.88 "
,TOTAL,,"33,298","$10,625,935.41 ","$8,361,623.88 "
46935,OTHER,,783,"$168,531.10 ","$132,668.06 "
,TOTAL,,783,"$168,531.10 ","$132,668.06 "
46936,OTHER,,"1,709","$528,279.58 ","$411,379.64 "
,TOTAL,,"1,709","$528,279.58 ","$411,379.64 "
46937,OTHER,,18,"$2,742.51 ","$2,186.89 "
,TOTAL,,18,"$2,742.51 ","$2,186.89 "
46938,SG,,2,$914.05 ,$731.24 
,OTHER,,3,$704.87 ,$563.90 
,TOTAL,,5,"$1,618.92 ","$1,295.14 "
46940,OTHER,,473,"$81,049.08 ","$61,683.14 "
,TOTAL,,473,"$81,049.08 ","$61,683.14 "
46942,OTHER,,303,"$51,200.73 ","$40,387.48 "
,TOTAL,,303,"$51,200.73 ","$40,387.48 "
46945,OTHER,,"1,944","$325,586.15 ","$253,210.70 "
,TOTAL,,"1,944","$325,586.15 ","$253,210.70 "
46946,OTHER,,"1,424","$277,425.17 ","$217,993.01 "
,TOTAL,,"1,424","$277,425.17 ","$217,993.01 "
46999,80'S,,1,$37.34 ,$29.87 
,OTHER,,564,"$161,402.36 ","$128,015.16 "
,TOTAL,,565,"$161,439.70 ","$128,045.03 "
47000,SG,,618,"$201,067.70 ","$158,836.90 "
,80'S,,5,$44.55 ,$35.64 
,OTHER,,"55,016","$5,456,839.35 ","$4,273,523.27 "
,TOTAL,,"55,639","$5,657,951.60 ","$4,432,395.81 "
47001,80'S,,4,$70.51 ,$56.41 
,OTHER,,"9,235","$939,801.60 ","$743,411.64 "
,TOTAL,,"9,239","$939,872.11 ","$743,468.05 "
47010,80'S,,76,"$9,334.28 ","$7,387.44 "
,OTHER,,523,"$404,494.51 ","$321,823.26 "
,TOTAL,,599,"$413,828.79 ","$329,210.70 "
47011,80'S,,4,$69.88 ,$55.90 
,OTHER,,"3,147","$577,754.36 ","$458,667.26 "
,TOTAL,,"3,151","$577,824.24 ","$458,723.16 "
47015,80'S,,18,"$2,297.74 ","$1,838.18 "
,OTHER,,75,"$51,409.13 ","$40,780.28 "
,TOTAL,,93,"$53,706.87 ","$42,618.46 "
47100,80'S,,"1,222","$84,143.40 ","$66,984.98 "
,OTHER,,"7,241","$3,063,087.44 ","$2,433,551.14 "
,TOTAL,,"8,463","$3,147,230.84 ","$2,500,536.12 "
47120,80'S,,407,"$126,893.07 ","$100,820.26 "
,OTHER,,"1,899","$3,520,424.85 ","$2,788,718.62 "
,TOTAL,,"2,306","$3,647,317.92 ","$2,889,538.88 "
47122,80'S,,32,"$15,570.54 ","$12,456.42 "
,OTHER,,185,"$551,605.76 ","$441,284.57 "
,TOTAL,,217,"$567,176.30 ","$453,740.99 "
47125,80'S,,82,"$34,998.18 ","$27,766.26 "
,OTHER,,353,"$898,846.22 ","$714,151.96 "
,TOTAL,,435,"$933,844.40 ","$741,918.22 "
47130,80'S,,111,"$53,553.37 ","$42,129.48 "
,OTHER,,522,"$1,502,654.94 ","$1,195,319.62 "
,TOTAL,,633,"$1,556,208.31 ","$1,237,449.10 "
47134,OTHER,,1,"$2,060.16 ","$1,648.13 "
,TOTAL,,1,"$2,060.16 ","$1,648.13 "
47135,80'S,,580,"$439,502.12 ","$349,455.23 "
,OTHER,,"1,313","$5,530,008.69 ","$4,385,807.69 "
,TOTAL,,"1,893","$5,969,510.81 ","$4,735,262.92 "
47136,80'S,,1,$669.65 ,$535.72 
,OTHER,,1,"$3,987.60 ","$3,190.08 "
,TOTAL,,2,"$4,657.25 ","$3,725.80 "
47140,OTHER,,1,"$2,358.78 ","$1,887.02 "
,TOTAL,,1,"$2,358.78 ","$1,887.02 "
47141,OTHER,,1,"$3,655.25 ","$2,924.20 "
,TOTAL,,1,"$3,655.25 ","$2,924.20 "
47142,80'S,,16,"$10,043.08 ","$8,096.61 "
,OTHER,,25,"$83,538.23 ","$66,817.44 "
,TOTAL,,41,"$93,581.31 ","$74,914.05 "
47300,80'S,,43,"$5,140.57 ","$4,112.46 "
,OTHER,,217,"$150,926.82 ","$118,624.41 "
,TOTAL,,260,"$156,067.39 ","$122,736.87 "
47350,80'S,,44,"$7,255.54 ","$5,804.42 "
,OTHER,,318,"$306,154.66 ","$244,680.69 "
,TOTAL,,362,"$313,410.20 ","$250,485.11 "
47360,80'S,,25,"$5,306.04 ","$4,226.38 "
,OTHER,,105,"$139,466.69 ","$109,914.76 "
,TOTAL,,130,"$144,772.73 ","$114,141.14 "
47361,80'S,,25,"$10,029.25 ","$8,023.40 "
,OTHER,,171,"$381,065.86 ","$302,245.27 "
,TOTAL,,196,"$391,095.11 ","$310,268.67 "
47362,80'S,,21,"$3,353.14 ","$2,682.52 "
,OTHER,,132,"$117,601.41 ","$94,081.17 "
,TOTAL,,153,"$120,954.55 ","$96,763.69 "
47370,80'S,,68,"$11,774.28 ","$9,342.85 "
,OTHER,,394,"$401,848.55 ","$317,536.57 "
,TOTAL,,462,"$413,622.83 ","$326,879.42 "
47371,80'S,,1,$168.22 ,$134.58 
,OTHER,,9,"$9,126.09 ","$6,807.93 "
,TOTAL,,10,"$9,294.31 ","$6,942.51 "
47379,80'S,,57,"$6,692.80 ","$5,354.22 "
,OTHER,,709,"$336,484.99 ","$268,587.78 "
,TOTAL,,766,"$343,177.79 ","$273,942.00 "
47380,80'S,,102,"$17,559.69 ","$14,047.74 "
,OTHER,,667,"$681,469.75 ","$541,135.21 "
,TOTAL,,769,"$699,029.44 ","$555,182.95 "
47381,80'S,,9,"$1,707.26 ","$1,365.82 "
,OTHER,,45,"$51,356.45 ","$41,085.20 "
,TOTAL,,54,"$53,063.71 ","$42,451.02 "
47382,80'S,,12,"$1,512.49 ","$1,209.99 "
,OTHER,,"1,306","$1,093,798.78 ","$869,741.06 "
,TOTAL,,"1,318","$1,095,311.27 ","$870,951.05 "
47399,80'S,,8,"$1,454.32 ","$1,163.45 "
,OTHER,,146,"$84,082.32 ","$67,265.84 "
,TOTAL,,154,"$85,536.64 ","$68,429.29 "
47400,80'S,,9,"$2,235.91 ","$1,788.72 "
,OTHER,,42,"$38,335.74 ","$30,548.38 "
,TOTAL,,51,"$40,571.65 ","$32,337.10 "
47420,80'S,,203,"$33,802.48 ","$26,986.54 "
,OTHER,,724,"$681,838.73 ","$543,709.73 "
,TOTAL,,927,"$715,641.21 ","$570,696.27 "
47425,80'S,,23,"$3,868.21 ","$3,094.55 "
,OTHER,,76,"$78,717.46 ","$62,953.85 "
,TOTAL,,99,"$82,585.67 ","$66,048.40 "
47460,80'S,,29,"$4,249.56 ","$3,399.65 "
,OTHER,,106,"$95,686.16 ","$75,888.50 "
,TOTAL,,135,"$99,935.72 ","$79,288.15 "
47480,80'S,,121,"$11,365.71 ","$9,092.65 "
,OTHER,,636,"$347,636.47 ","$275,762.01 "
,TOTAL,,757,"$359,002.18 ","$284,854.66 "
47490,OTHER,,"3,862","$1,924,663.62 ","$1,531,072.46 "
,TOTAL,,"3,862","$1,924,663.62 ","$1,531,072.46 "
47500,OTHER,,"7,259","$457,297.65 ","$363,444.44 "
,TOTAL,,"7,259","$457,297.65 ","$363,444.44 "
47505,80'S,,6,$21.32 ,$16.80 
,OTHER,,"19,281","$634,682.23 ","$502,609.12 "
,TOTAL,,"19,287","$634,703.55 ","$502,625.92 "
47510,SG,,2,$870.24 ,$696.20 
,OTHER,,"3,190","$1,472,030.08 ","$1,171,334.88 "
,TOTAL,,"3,192","$1,472,900.32 ","$1,172,031.08 "
47511,OTHER,,"5,460","$3,187,288.92 ","$2,536,952.83 "
,TOTAL,,"5,460","$3,187,288.92 ","$2,536,952.83 "
47525,OTHER,,"10,069","$2,993,383.59 ","$2,371,315.41 "
,TOTAL,,"10,069","$2,993,383.59 ","$2,371,315.41 "
47530,OTHER,,506,"$166,352.49 ","$132,705.17 "
,TOTAL,,506,"$166,352.49 ","$132,705.17 "
47550,80'S,,188,"$4,857.62 ","$3,886.16 "
,OTHER,,"1,310","$205,739.72 ","$164,010.76 "
,TOTAL,,"1,498","$210,597.34 ","$167,896.92 "
47552,OTHER,,297,"$62,945.78 ","$50,146.38 "
,TOTAL,,297,"$62,945.78 ","$50,146.38 "
47553,OTHER,,382,"$86,621.48 ","$69,117.19 "
,TOTAL,,382,"$86,621.48 ","$69,117.19 "
47554,80'S,,1,$77.13 ,$61.70 
,OTHER,,218,"$79,861.41 ","$63,823.51 "
,TOTAL,,219,"$79,938.54 ","$63,885.21 "
47555,OTHER,,"1,326","$417,663.43 ","$330,245.23 "
,TOTAL,,"1,326","$417,663.43 ","$330,245.23 "
47556,OTHER,,"1,898","$751,345.92 ","$599,348.20 "
,TOTAL,,"1,898","$751,345.92 ","$599,348.20 "
47560,SG,,2,$994.26 ,$795.41 
,80'S,,8,$244.95 ,$195.97 
,OTHER,,127,"$24,993.93 ","$19,833.71 "
,TOTAL,,137,"$26,233.14 ","$20,825.09 "
47561,SG,,8,"$4,128.55 ","$3,222.84 "
,80'S,,2,$48.94 ,$39.15 
,OTHER,,58,"$13,011.76 ","$10,248.43 "
,TOTAL,,68,"$17,189.25 ","$13,510.42 "
47562,80'S,,"22,476","$2,283,748.63 ","$1,802,857.55 "
,OTHER,,"125,439","$75,439,837.51 ","$59,674,401.92 "
,TOTAL,,"147,915","$77,723,586.14 ","$61,477,259.47 "
47563,80'S,,"11,888","$1,292,578.56 ","$1,021,268.90 "
,OTHER,,"67,523","$43,288,153.49 ","$34,242,796.67 "
,TOTAL,,"79,411","$44,580,732.05 ","$35,264,065.57 "
47564,80'S,,381,"$48,336.34 ","$38,212.95 "
,OTHER,,"2,075","$1,578,148.25 ","$1,255,027.91 "
,TOTAL,,"2,456","$1,626,484.59 ","$1,293,240.86 "
47570,80'S,,5,$386.91 ,$309.52 
,OTHER,,25,"$13,957.67 ","$11,111.31 "
,TOTAL,,30,"$14,344.58 ","$11,420.83 "
47579,80'S,,14,"$1,726.12 ","$1,380.89 "
,OTHER,,114,"$53,220.11 ","$41,883.02 "
,TOTAL,,128,"$54,946.23 ","$43,263.91 "
47600,80'S,,"6,830","$670,533.99 ","$531,576.11 "
,OTHER,,"30,943","$18,594,085.03 ","$14,779,219.53 "
,TOTAL,,"37,773","$19,264,619.02 ","$15,310,795.64 "
47605,80'S,,"1,817","$221,521.83 ","$176,223.71 "
,OTHER,,"8,360","$6,156,999.75 ","$4,888,360.01 "
,TOTAL,,"10,177","$6,378,521.58 ","$5,064,583.72 "
47610,80'S,,"1,045","$173,060.83 ","$137,633.40 "
,OTHER,,"4,184","$4,085,664.86 ","$3,250,507.62 "
,TOTAL,,"5,229","$4,258,725.69 ","$3,388,141.02 "
47612,80'S,,214,"$35,102.43 ","$27,880.82 "
,OTHER,,681,"$667,675.20 ","$532,472.04 "
,TOTAL,,895,"$702,777.63 ","$560,352.86 "
47620,80'S,,36,"$6,449.38 ","$5,143.22 "
,OTHER,,154,"$162,949.38 ","$129,406.29 "
,TOTAL,,190,"$169,398.76 ","$134,549.51 "
47630,OTHER,,590,"$260,903.81 ","$208,243.03 "
,TOTAL,,590,"$260,903.81 ","$208,243.03 "
47700,80'S,,13,"$1,364.29 ","$1,091.43 "
,OTHER,,50,"$32,926.79 ","$26,341.42 "
,TOTAL,,63,"$34,291.08 ","$27,432.85 "
47701,80'S,,1,$249.14 ,$199.31 
,OTHER,,10,"$12,831.69 ","$10,265.34 "
,TOTAL,,11,"$13,080.83 ","$10,464.65 "
47711,80'S,,31,"$4,482.28 ","$3,585.81 "
,OTHER,,184,"$153,491.66 ","$122,264.68 "
,TOTAL,,215,"$157,973.94 ","$125,850.49 "
47712,80'S,,8,"$1,849.93 ","$1,479.94 "
,OTHER,,51,"$66,581.94 ","$53,265.51 "
,TOTAL,,59,"$68,431.87 ","$54,745.45 "
47715,80'S,,2,$171.52 ,$137.21 
,OTHER,,23,"$15,982.77 ","$12,786.20 "
,TOTAL,,25,"$16,154.29 ","$12,923.41 "
47716,80'S,,1,$143.87 ,$115.10 
,OTHER,,5,"$3,668.84 ","$2,935.07 "
,TOTAL,,6,"$3,812.71 ","$3,050.17 "
47720,80'S,,59,"$7,817.45 ","$6,203.23 "
,OTHER,,247,"$198,464.74 ","$158,618.47 "
,TOTAL,,306,"$206,282.19 ","$164,821.70 "
47721,80'S,,34,"$5,953.05 ","$4,762.43 "
,OTHER,,109,"$113,954.25 ","$89,682.44 "
,TOTAL,,143,"$119,907.30 ","$94,444.87 "
47740,80'S,,36,"$5,872.17 ","$4,697.70 "
,OTHER,,109,"$103,296.31 ","$82,637.07 "
,TOTAL,,145,"$109,168.48 ","$87,334.77 "
47741,80'S,,43,"$7,901.04 ","$6,303.77 "
,OTHER,,126,"$142,768.15 ","$114,072.06 "
,TOTAL,,169,"$150,669.19 ","$120,375.83 "
47760,80'S,,268,"$56,358.82 ","$44,722.42 "
,OTHER,,853,"$1,114,996.54 ","$884,474.99 "
,TOTAL,,"1,121","$1,171,355.36 ","$929,197.41 "
47765,80'S,,8,"$1,631.10 ","$1,304.87 "
,OTHER,,46,"$55,301.69 ","$44,161.36 "
,TOTAL,,54,"$56,932.79 ","$45,466.23 "
47780,80'S,,281,"$65,421.95 ","$52,177.85 "
,OTHER,,"1,214","$1,672,829.14 ","$1,330,745.35 "
,TOTAL,,"1,495","$1,738,251.09 ","$1,382,923.20 "
47785,80'S,,70,"$18,362.99 ","$14,650.71 "
,OTHER,,322,"$480,072.98 ","$382,973.90 "
,TOTAL,,392,"$498,435.97 ","$397,624.61 "
47800,80'S,,42,"$6,820.24 ","$5,364.58 "
,OTHER,,99,"$99,176.75 ","$79,264.23 "
,TOTAL,,141,"$105,996.99 ","$84,628.81 "
47801,80'S,,28,"$2,654.40 ","$2,123.51 "
,OTHER,,350,"$274,774.33 ","$219,473.54 "
,TOTAL,,378,"$277,428.73 ","$221,597.05 "
47802,80'S,,3,$294.73 ,$235.79 
,OTHER,,11,"$8,795.37 ","$7,001.69 "
,TOTAL,,14,"$9,090.10 ","$7,237.48 "
47900,80'S,,34,"$6,017.89 ","$4,775.94 "
,OTHER,,162,"$151,881.57 ","$120,974.29 "
,TOTAL,,196,"$157,899.46 ","$125,750.23 "
47999,80'S,,11,"$1,072.40 ",$857.92 
,OTHER,,263,"$100,878.17 ","$80,124.32 "
,TOTAL,,274,"$101,950.57 ","$80,982.24 "
48000,80'S,,21,"$4,985.20 ","$3,988.14 "
,OTHER,,170,"$211,187.80 ","$168,856.82 "
,TOTAL,,191,"$216,173.00 ","$172,844.96 "
48001,80'S,,12,"$3,208.56 ","$2,486.85 "
,OTHER,,54,"$82,447.41 ","$65,957.95 "
,TOTAL,,66,"$85,655.97 ","$68,444.80 "
48005,80'S,,96,"$34,018.21 ","$27,185.07 "
,OTHER,,619,"$1,308,533.58 ","$1,046,614.18 "
,TOTAL,,715,"$1,342,551.79 ","$1,073,799.25 "
48020,80'S,,1,$85.31 ,$68.25 
,OTHER,,4,"$2,928.54 ","$2,342.84 "
,TOTAL,,5,"$3,013.85 ","$2,411.09 "
48100,80'S,,255,"$17,159.36 ","$13,722.91 "
,OTHER,,"1,309","$559,704.11 ","$445,249.83 "
,TOTAL,,"1,564","$576,863.47 ","$458,972.74 "
48102,SG,,16,"$5,179.88 ","$4,143.85 "
,OTHER,,"4,461","$1,205,055.91 ","$955,516.42 "
,TOTAL,,"4,477","$1,210,235.79 ","$959,660.27 "
48120,80'S,,37,"$4,527.04 ","$3,621.64 "
,OTHER,,170,"$123,234.08 ","$97,679.77 "
,TOTAL,,207,"$127,761.12 ","$101,301.41 "
48140,80'S,,414,"$82,500.96 ","$65,680.67 "
,OTHER,,"1,581","$1,889,152.48 ","$1,504,020.98 "
,TOTAL,,"1,995","$1,971,653.44 ","$1,569,701.65 "
48145,80'S,,12,"$2,633.99 ","$2,107.18 "
,OTHER,,53,"$72,182.20 ","$57,745.80 "
,TOTAL,,65,"$74,816.19 ","$59,852.98 "
48146,80'S,,18,"$4,308.34 ","$3,446.68 "
,OTHER,,74,"$108,329.45 ","$86,663.55 "
,TOTAL,,92,"$112,637.79 ","$90,110.23 "
48148,80'S,,16,"$1,797.45 ","$1,437.96 "
,OTHER,,76,"$62,503.97 ","$49,963.59 "
,TOTAL,,92,"$64,301.42 ","$51,401.55 "
48150,80'S,,538,"$234,904.02 ","$186,661.75 "
,OTHER,,"2,002","$5,350,796.41 ","$4,248,043.23 "
,TOTAL,,"2,540","$5,585,700.43 ","$4,434,704.98 "
48152,80'S,,17,"$6,396.28 ","$5,117.02 "
,OTHER,,60,"$147,418.46 ","$117,776.06 "
,TOTAL,,77,"$153,814.74 ","$122,893.08 "
48153,80'S,,231,"$101,400.93 ","$80,520.78 "
,OTHER,,"1,228","$3,290,970.33 ","$2,614,341.59 "
,TOTAL,,"1,459","$3,392,371.26 ","$2,694,862.37 "
48154,80'S,,9,"$3,493.03 ","$2,794.43 "
,OTHER,,31,"$74,436.75 ","$59,498.64 "
,TOTAL,,40,"$77,929.78 ","$62,293.07 "
48155,80'S,,19,"$4,313.63 ","$3,450.91 "
,OTHER,,97,"$127,813.53 ","$101,088.30 "
,TOTAL,,116,"$132,127.16 ","$104,539.21 "
48180,80'S,,24,"$4,413.47 ","$3,530.81 "
,OTHER,,119,"$150,271.70 ","$118,837.95 "
,TOTAL,,143,"$154,685.17 ","$122,368.76 "
48400,OTHER,,22,"$2,181.95 ","$1,745.57 "
,TOTAL,,22,"$2,181.95 ","$1,745.57 "
48500,OTHER,,24,"$17,419.63 ","$13,552.12 "
,TOTAL,,24,"$17,419.63 ","$13,552.12 "
48510,80'S,,36,"$3,997.40 ","$3,197.92 "
,OTHER,,166,"$115,679.83 ","$92,025.48 "
,TOTAL,,202,"$119,677.23 ","$95,223.40 "
48511,80'S,,1,$17.59 ,$14.07 
,OTHER,,558,"$111,081.99 ","$87,999.48 "
,TOTAL,,559,"$111,099.58 ","$88,013.55 "
48520,80'S,,58,"$7,786.33 ","$6,229.05 "
,OTHER,,258,"$202,138.09 ","$161,710.47 "
,TOTAL,,316,"$209,924.42 ","$167,939.52 "
48540,80'S,,35,"$5,418.27 ","$4,320.33 "
,OTHER,,124,"$116,015.70 ","$92,363.31 "
,TOTAL,,159,"$121,433.97 ","$96,683.64 "
48545,80'S,,6,$697.96 ,$558.37 
,OTHER,,45,"$37,075.12 ","$29,660.09 "
,TOTAL,,51,"$37,773.08 ","$30,218.46 "
48547,80'S,,6,"$1,363.35 ","$1,090.69 "
,OTHER,,42,"$53,974.95 ","$41,025.33 "
,TOTAL,,48,"$55,338.30 ","$42,116.02 "
48554,80'S,,201,"$64,288.40 ","$50,266.46 "
,OTHER,,701,"$1,347,209.11 ","$1,044,268.68 "
,TOTAL,,902,"$1,411,497.51 ","$1,094,535.14 "
48556,80'S,,19,"$2,535.30 ","$1,959.84 "
,OTHER,,102,"$77,325.80 ","$61,223.81 "
,TOTAL,,121,"$79,861.10 ","$63,183.65 "
48999,80'S,,11,"$2,218.34 ","$1,774.67 "
,OTHER,,155,"$120,555.72 ","$94,888.28 "
,TOTAL,,166,"$122,774.06 ","$96,662.95 "
49000,80'S,,"2,075","$221,307.62 ","$175,228.58 "
,OTHER,,"12,414","$7,880,170.66 ","$6,260,399.70 "
,TOTAL,,"14,489","$8,101,478.28 ","$6,435,628.28 "
49002,80'S,,419,"$37,389.17 ","$29,911.42 "
,OTHER,,"4,708","$2,393,911.50 ","$1,903,656.58 "
,TOTAL,,"5,127","$2,431,300.67 ","$1,933,568.00 "
49010,80'S,,330,"$35,734.94 ","$28,247.64 "
,OTHER,,"1,710","$1,122,422.04 ","$888,469.21 "
,TOTAL,,"2,040","$1,158,156.98 ","$916,716.85 "
49020,80'S,,759,"$143,400.81 ","$113,789.01 "
,OTHER,,"5,650","$6,258,280.24 ","$4,974,948.73 "
,TOTAL,,"6,409","$6,401,681.05 ","$5,088,737.74 "
49021,80'S,,1,$14.94 ,$11.95 
,OTHER,,"14,451","$2,437,574.78 ","$1,936,977.52 "
,TOTAL,,"14,452","$2,437,589.72 ","$1,936,989.47 "
49040,80'S,,106,"$10,018.28 ","$8,005.23 "
,OTHER,,872,"$530,158.12 ","$421,698.39 "
,TOTAL,,978,"$540,176.40 ","$429,703.62 "
49041,80'S,,2,$48.75 ,$39.00 
,OTHER,,"1,778","$360,671.93 ","$285,640.95 "
,TOTAL,,"1,780","$360,720.68 ","$285,679.95 "
49060,80'S,,24,"$3,204.42 ","$2,563.56 "
,OTHER,,"1,796","$1,371,893.19 ","$1,087,712.82 "
,TOTAL,,"1,820","$1,375,097.61 ","$1,090,276.38 "
49061,80'S,,1,$31.41 ,$22.62 
,OTHER,,"6,035","$1,124,800.32 ","$892,909.76 "
,TOTAL,,"6,036","$1,124,831.73 ","$892,932.38 "
49062,80'S,,24,"$2,272.58 ","$1,818.03 "
,OTHER,,269,"$157,135.39 ","$123,928.32 "
,TOTAL,,293,"$159,407.97 ","$125,746.35 "
49080,SG,,"1,004","$437,525.67 ","$343,899.40 "
,80'S,,2,$12.70 ,$10.16 
,OTHER,,"104,939","$7,775,736.22 ","$6,127,179.52 "
,TOTAL,,"105,945","$8,213,274.59 ","$6,471,089.08 "
49081,SG,,336,"$144,954.83 ","$111,135.49 "
,OTHER,,"9,108","$704,797.52 ","$550,302.87 "
,TOTAL,,"9,444","$849,752.35 ","$661,438.36 "
49085,SG,,26,"$10,909.35 ","$8,676.36 "
,80'S,,3,$215.60 ,$172.48 
,OTHER,,"1,675","$967,183.06 ","$762,398.87 "
,TOTAL,,"1,704","$978,308.01 ","$771,247.71 "
49180,SG,,65,"$19,791.33 ","$15,832.90 "
,OTHER,,"17,127","$1,553,629.83 ","$1,232,327.60 "
,TOTAL,,"17,192","$1,573,421.16 ","$1,248,160.50 "
49200,80'S,,553,"$37,812.36 ","$30,058.83 "
,OTHER,,"2,872","$1,236,588.53 ","$979,173.73 "
,TOTAL,,"3,425","$1,274,400.89 ","$1,009,232.56 "
49201,80'S,,798,"$87,953.81 ","$69,368.60 "
,OTHER,,"3,236","$1,996,693.40 ","$1,583,865.27 "
,TOTAL,,"4,034","$2,084,647.21 ","$1,653,233.87 "
49215,80'S,,45,"$12,979.12 ","$10,383.26 "
,OTHER,,188,"$309,242.93 ","$244,865.28 "
,TOTAL,,233,"$322,222.05 ","$255,248.54 "
49220,80'S,,13,"$1,371.71 ","$1,097.36 "
,OTHER,,39,"$28,136.98 ","$21,494.25 "
,TOTAL,,52,"$29,508.69 ","$22,591.61 "
49250,SG,,12,"$7,547.15 ","$5,966.52 "
,OTHER,,258,"$106,025.07 ","$83,323.74 "
,TOTAL,,270,"$113,572.22 ","$89,290.26 "
49255,80'S,,151,"$13,512.04 ","$10,729.89 "
,OTHER,,843,"$460,560.95 ","$363,620.79 "
,TOTAL,,994,"$474,072.99 ","$374,350.68 "
49320,SG,,274,"$126,822.94 ","$99,668.41 "
,80'S,,"1,120","$38,940.88 ","$30,797.49 "
,OTHER,,"10,403","$2,339,915.38 ","$1,843,028.30 "
,TOTAL,,"11,797","$2,505,679.20 ","$1,973,494.20 "
49321,SG,,47,"$24,090.57 ","$18,742.96 "
,80'S,,319,"$13,649.64 ","$10,843.09 "
,OTHER,,"3,517","$907,968.36 ","$718,274.12 "
,TOTAL,,"3,883","$945,708.57 ","$747,860.17 "
49322,SG,,51,"$28,368.59 ","$21,514.63 "
,80'S,,63,"$2,606.10 ","$2,084.82 "
,OTHER,,749,"$206,187.17 ","$162,347.96 "
,TOTAL,,863,"$237,161.86 ","$185,947.41 "
49323,80'S,,16,"$1,224.61 ",$979.68 
,OTHER,,232,"$108,224.86 ","$84,274.64 "
,TOTAL,,248,"$109,449.47 ","$85,254.32 "
49329,80'S,,51,"$6,434.04 ","$5,147.22 "
,OTHER,,"1,099","$430,415.74 ","$341,071.48 "
,TOTAL,,"1,150","$436,849.78 ","$346,218.70 "
49400,OTHER,,653,"$59,176.07 ","$46,381.48 "
,TOTAL,,653,"$59,176.07 ","$46,381.48 "
49419,OTHER,,160,"$54,638.40 ","$43,240.90 "
,TOTAL,,160,"$54,638.40 ","$43,240.90 "
49420,SG,,133,"$39,366.00 ","$31,422.38 "
,80'S,,4,$77.48 ,$62.00 
,OTHER,,"5,871","$650,891.83 ","$512,173.18 "
,TOTAL,,"6,008","$690,335.31 ","$543,657.56 "
49421,SG,,147,"$38,367.55 ","$29,497.07 "
,OTHER,,"9,286","$2,956,112.49 ","$2,310,386.42 "
,TOTAL,,"9,433","$2,994,480.04 ","$2,339,883.49 "
49422,SG,,136,"$41,633.15 ","$32,736.04 "
,OTHER,,"8,204","$2,681,822.84 ","$2,101,223.76 "
,TOTAL,,"8,340","$2,723,455.99 ","$2,133,959.80 "
49423,80'S,,3,$25.51 ,$20.40 
,OTHER,,"4,555","$356,014.25 ","$280,726.89 "
,TOTAL,,"4,558","$356,039.76 ","$280,747.29 "
49424,OTHER,,"17,861","$740,242.03 ","$584,663.30 "
,TOTAL,,"17,861","$740,242.03 ","$584,663.30 "
49425,80'S,,40,"$4,198.02 ","$3,358.40 "
,OTHER,,660,"$419,427.11 ","$333,957.49 "
,TOTAL,,700,"$423,625.13 ","$337,315.89 "
49426,SG,,5,"$2,012.93 ","$1,610.34 "
,OTHER,,308,"$117,402.95 ","$92,028.68 "
,TOTAL,,313,"$119,415.88 ","$93,639.02 "
49427,OTHER,,239,"$11,864.78 ","$9,397.93 "
,TOTAL,,239,"$11,864.78 ","$9,397.93 "
49428,OTHER,,25,"$7,949.48 ","$6,279.60 "
,TOTAL,,25,"$7,949.48 ","$6,279.60 "
49429,OTHER,,224,"$78,059.27 ","$61,745.27 "
,TOTAL,,224,"$78,059.27 ","$61,745.27 "
49491,80'S,,1,$123.62 ,$98.90 
,OTHER,,2,$728.50 ,$582.80 
,TOTAL,,3,$852.12 ,$681.70 
49492,80'S,,1,$66.55 ,$53.24 
,OTHER,,16,"$12,709.41 ","$10,167.52 "
,TOTAL,,17,"$12,775.96 ","$10,220.76 "
49495,OTHER,,6,"$1,949.53 ","$1,559.62 "
,TOTAL,,6,"$1,949.53 ","$1,559.62 "
49496,80'S,,3,$231.67 ,$185.33 
,OTHER,,7,"$3,559.32 ","$2,847.46 "
,TOTAL,,10,"$3,790.99 ","$3,032.79 "
49500,80'S,,4,$192.27 ,$153.81 
,OTHER,,23,"$7,167.57 ","$5,654.07 "
,TOTAL,,27,"$7,359.84 ","$5,807.88 "
49501,SG,,1,"$1,236.50 ",$989.20 
,80'S,,1,$81.03 ,$64.82 
,OTHER,,31,"$15,276.12 ","$12,185.05 "
,TOTAL,,33,"$16,593.65 ","$13,239.07 "
49505,SG,,"11,120","$6,870,909.49 ","$5,424,429.71 "
,80'S,,"4,661","$330,933.38 ","$260,640.02 "
,OTHER,,"104,616","$45,924,943.77 ","$36,232,741.86 "
,TOTAL,,"120,397","$53,126,786.64 ","$41,917,811.59 "
49507,SG,,292,"$389,489.62 ","$303,500.55 "
,80'S,,856,"$71,437.57 ","$56,452.02 "
,OTHER,,"12,555","$6,523,164.46 ","$5,169,965.67 "
,TOTAL,,"13,703","$6,984,091.65 ","$5,529,918.24 "
49520,SG,,"1,169","$1,160,802.36 ","$919,491.46 "
,80'S,,687,"$59,409.32 ","$47,011.33 "
,OTHER,,"13,510","$7,239,382.52 ","$5,706,802.47 "
,TOTAL,,"15,366","$8,459,594.20 ","$6,673,305.26 "
49521,SG,,94,"$122,132.15 ","$95,661.47 "
,80'S,,229,"$23,274.05 ","$18,339.79 "
,OTHER,,"3,471","$2,206,452.99 ","$1,744,463.03 "
,TOTAL,,"3,794","$2,351,859.19 ","$1,858,464.29 "
49525,SG,,364,"$224,938.77 ","$178,156.39 "
,80'S,,228,"$17,665.73 ","$14,056.56 "
,OTHER,,"3,131","$1,533,008.58 ","$1,209,843.10 "
,TOTAL,,"3,723","$1,775,613.08 ","$1,402,056.05 "
49540,SG,,7,"$3,150.68 ","$2,520.53 "
,80'S,,10,$837.05 ,$669.64 
,OTHER,,139,"$76,268.26 ","$60,973.69 "
,TOTAL,,156,"$80,255.99 ","$64,163.86 "
49550,SG,,185,"$130,684.66 ","$103,224.63 "
,80'S,,137,"$9,353.80 ","$7,369.60 "
,OTHER,,"2,145","$941,970.40 ","$743,721.93 "
,TOTAL,,"2,467","$1,082,008.86 ","$854,316.16 "
49553,SG,,73,"$97,206.57 ","$76,614.87 "
,80'S,,271,"$19,264.96 ","$15,205.02 "
,OTHER,,"3,802","$1,727,917.54 ","$1,370,808.62 "
,TOTAL,,"4,146","$1,844,389.07 ","$1,462,628.51 "
49555,SG,,17,"$11,685.52 ","$9,250.13 "
,80'S,,20,"$1,386.69 ","$1,101.04 "
,OTHER,,248,"$114,337.79 ","$91,246.76 "
,TOTAL,,285,"$127,410.00 ","$101,597.93 "
49557,SG,,6,"$8,284.59 ","$6,627.67 "
,80'S,,31,"$2,860.07 ","$2,129.80 "
,OTHER,,458,"$244,335.41 ","$193,979.86 "
,TOTAL,,495,"$255,480.07 ","$202,737.33 "
49560,SG,,"1,168","$529,432.33 ","$415,099.62 "
,80'S,,"4,435","$413,293.09 ","$326,624.02 "
,OTHER,,"44,137","$26,082,600.53 ","$20,566,544.17 "
,TOTAL,,"49,740","$27,025,325.95 ","$21,308,267.81 "
49561,SG,,239,"$315,493.20 ","$245,253.13 "
,80'S,,"1,844","$218,586.80 ","$172,347.33 "
,OTHER,,"15,330","$11,035,783.69 ","$8,727,878.43 "
,TOTAL,,"17,413","$11,569,863.69 ","$9,145,478.89 "
49565,SG,,186,"$83,208.96 ","$64,977.34 "
,80'S,,"1,118","$109,360.79 ","$86,540.59 "
,OTHER,,"10,120","$5,978,697.69 ","$4,710,901.85 "
,TOTAL,,"11,424","$6,171,267.44 ","$4,862,419.78 "
49566,SG,,42,"$55,489.93 ","$43,182.06 "
,80'S,,671,"$80,640.86 ","$63,772.82 "
,OTHER,,"4,958","$3,582,193.07 ","$2,832,699.23 "
,TOTAL,,"5,671","$3,718,323.86 ","$2,939,654.11 "
49568,SG,,876,"$798,133.53 ","$629,453.14 "
,80'S,,"3,792","$161,127.34 ","$127,973.31 "
,OTHER,,"46,503","$11,714,495.56 ","$9,260,387.18 "
,TOTAL,,"51,171","$12,673,756.43 ","$10,017,813.63 "
49570,SG,,104,"$63,475.97 ","$49,357.82 "
,80'S,,48,"$1,995.18 ","$1,551.59 "
,OTHER,,"1,133","$342,464.17 ","$267,893.35 "
,TOTAL,,"1,285","$407,935.32 ","$318,802.76 "
49572,SG,,37,"$48,308.55 ","$38,463.57 "
,80'S,,71,"$3,859.34 ","$3,054.70 "
,OTHER,,842,"$285,695.69 ","$226,356.14 "
,TOTAL,,950,"$337,863.58 ","$267,874.41 "
49580,SG,,6,"$3,730.75 ","$2,878.25 "
,80'S,,8,$266.25 ,$212.99 
,OTHER,,49,"$9,349.46 ","$7,022.22 "
,TOTAL,,63,"$13,346.46 ","$10,113.46 "
49582,SG,,3,"$3,953.20 ","$3,162.56 "
,80'S,,5,$244.17 ,$195.34 
,OTHER,,96,"$29,470.47 ","$23,195.31 "
,TOTAL,,104,"$33,667.84 ","$26,553.21 "
49585,SG,,"1,862","$1,073,345.45 ","$844,072.56 "
,80'S,,"1,813","$69,084.15 ","$54,890.24 "
,OTHER,,"26,177","$7,323,647.28 ","$5,759,706.06 "
,TOTAL,,"29,852","$8,466,076.88 ","$6,658,668.86 "
49587,SG,,507,"$666,075.11 ","$522,711.15 "
,80'S,,735,"$40,095.43 ","$31,791.56 "
,OTHER,,"9,975","$3,702,513.14 ","$2,919,582.91 "
,TOTAL,,"11,217","$4,408,683.68 ","$3,474,085.62 "
49590,SG,,78,"$36,768.53 ","$28,031.38 "
,80'S,,110,"$7,655.34 ","$6,124.30 "
,OTHER,,"1,450","$641,499.24 ","$505,517.37 "
,TOTAL,,"1,638","$685,923.11 ","$539,673.05 "
49600,80'S,,4,$276.40 ,$221.12 
,OTHER,,25,"$11,866.12 ","$9,492.88 "
,TOTAL,,29,"$12,142.52 ","$9,714.00 "
49605,80'S,,1,$729.64 ,$583.71 
,OTHER,,17,"$36,186.56 ","$28,949.25 "
,TOTAL,,18,"$36,916.20 ","$29,532.96 "
49606,80'S,,8,"$1,214.51 ",$971.61 
,OTHER,,55,"$50,698.58 ","$39,467.70 "
,TOTAL,,63,"$51,913.09 ","$40,439.31 "
49650,SG,,"1,390","$829,848.81 ","$656,401.89 "
,80'S,,"1,443","$90,944.29 ","$71,614.66 "
,OTHER,,"15,519","$5,882,859.79 ","$4,629,098.25 "
,TOTAL,,"18,352","$6,803,652.89 ","$5,357,114.80 "
49651,SG,,223,"$220,871.36 ","$176,042.10 "
,80'S,,285,"$22,313.82 ","$17,534.43 "
,OTHER,,"2,807","$1,349,428.42 ","$1,060,478.67 "
,TOTAL,,"3,315","$1,592,613.60 ","$1,254,055.20 "
49659,80'S,,"1,083","$142,621.19 ","$113,260.84 "
,OTHER,,"7,334","$5,162,707.94 ","$4,099,111.68 "
,TOTAL,,"8,417","$5,305,329.13 ","$4,212,372.52 "
49900,80'S,,187,"$20,716.84 ","$16,258.58 "
,OTHER,,"2,316","$1,452,462.28 ","$1,150,997.46 "
,TOTAL,,"2,503","$1,473,179.12 ","$1,167,256.04 "
49904,OTHER,,259,"$297,374.85 ","$236,493.86 "
,TOTAL,,259,"$297,374.85 ","$236,493.86 "
49905,80'S,,239,"$13,565.21 ","$10,740.64 "
,OTHER,,"1,475","$502,641.88 ","$399,916.86 "
,TOTAL,,"1,714","$516,207.09 ","$410,657.50 "
49906,OTHER,,3,"$3,257.05 ","$2,605.63 "
,TOTAL,,3,"$3,257.05 ","$2,605.63 "
49999,80'S,,67,"$8,673.68 ","$6,938.94 "
,OTHER,,"1,476","$530,893.84 ","$423,507.78 "
,TOTAL,,"1,543","$539,567.52 ","$430,446.72 "
50010,80'S,URINARY,72,"$5,074.70 ","$4,059.83 "
,OTHER,,269,"$126,152.00 ","$100,324.45 "
,TOTAL,,341,"$131,226.70 ","$104,384.28 "
50020,80'S,,1,$70.37 ,$56.30 
,OTHER,,242,"$104,029.38 ","$83,039.01 "
,TOTAL,,243,"$104,099.75 ","$83,095.31 "
50021,OTHER,,839,"$140,974.16 ","$110,992.63 "
,TOTAL,,839,"$140,974.16 ","$110,992.63 "
50040,80'S,,1,$76.37 ,$61.10 
,OTHER,,144,"$108,656.14 ","$85,502.28 "
,TOTAL,,145,"$108,732.51 ","$85,563.38 "
50045,80'S,,7,$894.96 ,$715.97 
,OTHER,,17,"$12,718.49 ","$10,174.78 "
,TOTAL,,24,"$13,613.45 ","$10,890.75 "
50060,80'S,,14,"$2,067.61 ","$1,654.10 "
,OTHER,,67,"$61,343.20 ","$48,784.58 "
,TOTAL,,81,"$63,410.81 ","$50,438.68 "
50065,80'S,,1,$133.17 ,$106.54 
,OTHER,,14,"$12,534.29 ","$9,320.81 "
,TOTAL,,15,"$12,667.46 ","$9,427.35 "
50070,80'S,,2,$364.26 ,$291.41 
,OTHER,,5,"$4,983.38 ","$3,986.71 "
,TOTAL,,7,"$5,347.64 ","$4,278.12 "
50075,80'S,,11,"$2,525.73 ","$2,020.58 "
,OTHER,,41,"$54,353.44 ","$43,482.75 "
,TOTAL,,52,"$56,879.17 ","$45,503.33 "
50080,OTHER,,"1,436","$1,203,223.32 ","$948,865.32 "
,TOTAL,,"1,436","$1,203,223.32 ","$948,865.32 "
50081,80'S,,223,"$44,797.30 ","$35,501.17 "
,OTHER,,"2,316","$2,831,581.78 ","$2,236,663.00 "
,TOTAL,,"2,539","$2,876,379.08 ","$2,272,164.17 "
50100,80'S,,1,$92.18 ,$73.74 
,OTHER,,27,"$13,547.15 ","$10,180.66 "
,TOTAL,,28,"$13,639.33 ","$10,254.40 "
50120,80'S,,3,$288.57 ,$230.84 
,OTHER,,23,"$14,494.82 ","$11,130.68 "
,TOTAL,,26,"$14,783.39 ","$11,361.52 "
50125,OTHER,,5,"$3,269.82 ","$2,615.85 "
,TOTAL,,5,"$3,269.82 ","$2,615.85 "
50130,80'S,,62,"$8,139.30 ","$6,433.76 "
,OTHER,,137,"$105,375.14 ","$82,945.31 "
,TOTAL,,199,"$113,514.44 ","$89,379.07 "
50135,80'S,,9,"$1,270.23 ",$965.87 
,OTHER,,22,"$19,618.49 ","$15,694.81 "
,TOTAL,,31,"$20,888.72 ","$16,660.68 "
50200,SG,,26,"$8,451.61 ","$6,761.25 "
,OTHER,,"23,383","$3,155,728.83 ","$2,474,160.71 "
,TOTAL,,"23,409","$3,164,180.44 ","$2,480,921.96 "
50205,80'S,,93,"$7,322.58 ","$5,752.17 "
,OTHER,,888,"$399,818.86 ","$315,589.85 "
,TOTAL,,981,"$407,141.44 ","$321,342.02 "
50220,80'S,,"1,332","$176,802.60 ","$140,009.21 "
,OTHER,,"2,499","$2,186,795.74 ","$1,734,046.02 "
,TOTAL,,"3,831","$2,363,598.34 ","$1,874,055.23 "
50225,80'S,,138,"$23,764.65 ","$18,978.09 "
,OTHER,,297,"$305,470.83 ","$239,312.67 "
,TOTAL,,435,"$329,235.48 ","$258,290.76 "
50230,80'S,,"4,506","$864,667.54 ","$685,184.23 "
,OTHER,,"7,534","$8,717,306.24 ","$6,910,116.06 "
,TOTAL,,"12,040","$9,581,973.78 ","$7,595,300.29 "
50234,80'S,,562,"$107,019.00 ","$85,178.26 "
,OTHER,,"1,017","$1,165,489.31 ","$927,815.91 "
,TOTAL,,"1,579","$1,272,508.31 ","$1,012,994.17 "
50236,80'S,,508,"$114,543.78 ","$91,179.44 "
,OTHER,,768,"$1,047,047.68 ","$831,537.33 "
,TOTAL,,"1,276","$1,161,591.46 ","$922,716.77 "
50240,80'S,,"1,229","$247,665.37 ","$196,616.05 "
,OTHER,,"2,546","$3,165,136.32 ","$2,506,272.93 "
,TOTAL,,"3,775","$3,412,801.69 ","$2,702,888.98 "
50280,80'S,,119,"$13,615.37 ","$10,860.27 "
,OTHER,,287,"$189,476.33 ","$149,591.24 "
,TOTAL,,406,"$203,091.70 ","$160,451.51 "
50290,80'S,,2,$261.87 ,$209.50 
,OTHER,,16,"$10,900.19 ","$8,714.03 "
,TOTAL,,18,"$11,162.06 ","$8,923.53 "
50320,80'S,,119,"$24,452.51 ","$21,368.66 "
,OTHER,,443,"$552,814.21 ","$536,808.69 "
,TOTAL,,562,"$577,266.72 ","$558,177.35 "
50340,80'S,,15,"$1,709.83 ","$1,274.39 "
,OTHER,,76,"$54,255.15 ","$41,157.05 "
,TOTAL,,91,"$55,964.98 ","$42,431.44 "
50360,80'S,,"1,412","$417,628.65 ","$324,789.94 "
,OTHER,,"9,767","$17,743,695.72 ","$13,839,168.95 "
,TOTAL,,"11,179","$18,161,324.37 ","$14,163,958.89 "
50365,80'S,,20,"$7,081.27 ","$5,585.05 "
,OTHER,,142,"$299,898.81 ","$236,211.74 "
,TOTAL,,162,"$306,980.08 ","$241,796.79 "
50370,80'S,,147,"$19,147.13 ","$15,149.12 "
,OTHER,,"1,192","$932,417.76 ","$734,548.97 "
,TOTAL,,"1,339","$951,564.89 ","$749,698.09 "
50380,80'S,,6,"$1,253.03 ","$1,002.41 "
,OTHER,,78,"$75,155.90 ","$58,636.83 "
,TOTAL,,84,"$76,408.93 ","$59,639.24 "
50390,SG,,11,"$3,593.90 ","$2,875.10 "
,OTHER,,"8,904","$602,548.43 ","$477,146.47 "
,TOTAL,,"8,915","$606,142.33 ","$480,021.57 "
50392,OTHER,,"16,630","$2,630,542.29 ","$2,090,806.16 "
,TOTAL,,"16,630","$2,630,542.29 ","$2,090,806.16 "
50393,SG,,2,$487.61 ,$390.09 
,OTHER,,"10,740","$2,172,172.43 ","$1,727,329.50 "
,TOTAL,,"10,742","$2,172,660.04 ","$1,727,719.59 "
50394,OTHER,,"31,874","$985,409.11 ","$779,495.14 "
,TOTAL,,"31,874","$985,409.11 ","$779,495.14 "
50395,SG,,3,$966.59 ,$773.26 
,OTHER,,"3,169","$424,994.40 ","$337,506.26 "
,TOTAL,,"3,172","$425,960.99 ","$338,279.52 "
50396,OTHER,,93,"$9,428.13 ","$7,384.15 "
,TOTAL,,93,"$9,428.13 ","$7,384.15 "
50398,SG,,32,"$10,173.63 ","$7,943.57 "
,OTHER,,"21,156","$1,486,668.43 ","$1,167,709.15 "
,TOTAL,,"21,188","$1,496,842.06 ","$1,175,652.72 "
50400,80'S,,109,"$17,853.18 ","$14,040.82 "
,OTHER,,228,"$226,561.76 ","$180,134.13 "
,TOTAL,,337,"$244,414.94 ","$194,174.95 "
50405,80'S,,41,"$8,717.67 ","$6,894.13 "
,OTHER,,111,"$146,075.12 ","$116,702.77 "
,TOTAL,,152,"$154,792.79 ","$123,596.90 "
50500,80'S,,5,$897.68 ,$718.14 
,OTHER,,31,"$26,865.08 ","$20,739.76 "
,TOTAL,,36,"$27,762.76 ","$21,457.90 "
50520,80'S,,1,$179.71 ,$143.77 
,OTHER,,8,"$5,437.46 ","$4,276.99 "
,TOTAL,,9,"$5,617.17 ","$4,420.76 "
50525,80'S,,2,$315.54 ,$252.44 
,OTHER,,2,"$2,001.85 ","$1,601.48 "
,TOTAL,,4,"$2,317.39 ","$1,853.92 "
50540,80'S,,4,$565.97 ,$452.77 
,OTHER,,10,"$7,357.75 ","$5,882.53 "
,TOTAL,,14,"$7,923.72 ","$6,335.30 "
50541,80'S,,106,"$14,392.99 ","$11,514.37 "
,OTHER,,268,"$217,352.85 ","$171,975.51 "
,TOTAL,,374,"$231,745.84 ","$183,489.88 "
50542,80'S,,174,"$30,671.72 ","$24,212.69 "
,OTHER,,563,"$593,969.67 ","$470,073.81 "
,TOTAL,,737,"$624,641.39 ","$494,286.50 "
50543,80'S,,286,"$63,442.37 ","$50,101.34 "
,OTHER,,702,"$970,951.39 ","$764,965.90 "
,TOTAL,,988,"$1,034,393.76 ","$815,067.24 "
50544,80'S,,37,"$7,095.48 ","$5,491.57 "
,OTHER,,114,"$133,856.29 ","$104,393.89 "
,TOTAL,,151,"$140,951.77 ","$109,885.46 "
50545,80'S,,"1,777","$365,941.04 ","$290,360.44 "
,OTHER,,"3,563","$4,474,370.02 ","$3,550,063.49 "
,TOTAL,,"5,340","$4,840,311.06 ","$3,840,423.93 "
50546,80'S,,612,"$107,793.36 ","$85,590.33 "
,OTHER,,"1,368","$1,482,992.53 ","$1,178,623.96 "
,TOTAL,,"1,980","$1,590,785.89 ","$1,264,214.29 "
50547,80'S,,493,"$119,839.70 ","$105,484.05 "
,OTHER,,"1,928","$2,580,407.32 ","$2,499,021.55 "
,TOTAL,,"2,421","$2,700,247.02 ","$2,604,505.60 "
50548,80'S,,404,"$84,840.62 ","$67,524.93 "
,OTHER,,835,"$1,069,989.47 ","$851,653.14 "
,TOTAL,,"1,239","$1,154,830.09 ","$919,178.07 "
50549,80'S,,23,"$3,196.21 ","$2,556.96 "
,OTHER,,123,"$73,587.37 ","$58,006.19 "
,TOTAL,,146,"$76,783.58 ","$60,563.15 "
50551,OTHER,,160,"$42,680.37 ","$34,070.38 "
,TOTAL,,160,"$42,680.37 ","$34,070.38 "
50553,OTHER,,308,"$87,908.09 ","$70,171.61 "
,TOTAL,,308,"$87,908.09 ","$70,171.61 "
50555,SG,,1,$321.63 ,$257.30 
,80'S,,2,$115.54 ,$92.43 
,OTHER,,73,"$18,671.57 ","$14,660.47 "
,TOTAL,,76,"$19,108.74 ","$15,010.20 "
50557,80'S,,1,$48.80 ,$39.04 
,OTHER,,64,"$19,088.26 ","$15,270.58 "
,TOTAL,,65,"$19,137.06 ","$15,309.62 "
50559,OTHER,,2,$684.32 ,$547.46 
,TOTAL,,2,$684.32 ,$547.46 
50561,SG,,1,$176.35 ,$141.08 
,80'S,,2,$130.53 ,$104.42 
,OTHER,,324,"$122,776.39 ","$96,772.18 "
,TOTAL,,327,"$123,083.27 ","$97,017.68 "
50562,80'S,,3,$284.38 ,$227.50 
,OTHER,,84,"$47,726.36 ","$38,104.91 "
,TOTAL,,87,"$48,010.74 ","$38,332.41 "
50570,80'S,,1,$74.55 ,$59.64 
,OTHER,,67,"$28,813.79 ","$22,401.20 "
,TOTAL,,68,"$28,888.34 ","$22,460.84 "
50572,80'S,,1,$50.50 ,$40.40 
,OTHER,,23,"$9,477.91 ","$7,218.59 "
,TOTAL,,24,"$9,528.41 ","$7,258.99 "
50574,OTHER,,26,"$15,218.98 ","$12,175.16 "
,TOTAL,,26,"$15,218.98 ","$12,175.16 "
50575,OTHER,,273,"$185,096.11 ","$145,535.71 "
,TOTAL,,273,"$185,096.11 ","$145,535.71 "
50576,OTHER,,39,"$17,473.81 ","$13,441.08 "
,TOTAL,,39,"$17,473.81 ","$13,441.08 "
50578,OTHER,,1,$542.86 ,$434.29 
,TOTAL,,1,$542.86 ,$434.29 
50580,80'S,,4,$289.57 ,$231.66 
,OTHER,,60,"$31,729.81 ","$25,066.11 "
,TOTAL,,64,"$32,019.38 ","$25,297.77 "
50590,80'S,,1,$95.32 ,$76.26 
,OTHER,,"51,800","$28,442,667.56 ","$22,423,221.63 "
,TOTAL,,"51,801","$28,442,762.88 ","$22,423,297.89 "
50600,80'S,,17,"$1,885.99 ","$1,508.80 "
,OTHER,,100,"$74,824.85 ","$59,226.88 "
,TOTAL,,117,"$76,710.84 ","$60,735.68 "
50605,80'S,,236,"$21,107.94 ","$16,721.19 "
,OTHER,,"1,255","$692,200.74 ","$544,547.93 "
,TOTAL,,"1,491","$713,308.68 ","$561,269.12 "
50610,80'S,,25,"$3,168.44 ","$2,368.92 "
,OTHER,,104,"$65,641.65 ","$52,264.70 "
,TOTAL,,129,"$68,810.09 ","$54,633.62 "
50620,80'S,,24,"$2,772.19 ","$2,173.65 "
,OTHER,,59,"$41,182.53 ","$32,786.02 "
,TOTAL,,83,"$43,954.72 ","$34,959.67 "
50630,80'S,,41,"$5,079.58 ","$3,983.62 "
,OTHER,,100,"$64,629.97 ","$51,642.29 "
,TOTAL,,141,"$69,709.55 ","$55,625.91 "
50650,80'S,,229,"$24,907.83 ","$19,889.03 "
,OTHER,,505,"$334,707.04 ","$263,979.01 "
,TOTAL,,734,"$359,614.87 ","$283,868.04 "
50660,80'S,,18,"$2,602.30 ","$2,071.69 "
,OTHER,,41,"$36,858.18 ","$29,486.54 "
,TOTAL,,59,"$39,460.48 ","$31,558.23 "
50684,OTHER,,"1,954","$67,090.57 ","$52,927.60 "
,TOTAL,,"1,954","$67,090.57 ","$52,927.60 "
50686,OTHER,,28,"$2,762.36 ","$2,206.52 "
,TOTAL,,28,"$2,762.36 ","$2,206.52 "
50688,OTHER,,"1,346","$129,190.72 ","$101,699.88 "
,TOTAL,,"1,346","$129,190.72 ","$101,699.88 "
50690,OTHER,,"3,256","$488,957.34 ","$385,052.85 "
,TOTAL,,"3,256","$488,957.34 ","$385,052.85 "
50700,80'S,,19,"$1,981.93 ","$1,585.56 "
,OTHER,,166,"$125,448.08 ","$98,560.36 "
,TOTAL,,185,"$127,430.01 ","$100,145.92 "
50715,80'S,,277,"$44,332.12 ","$35,287.65 "
,OTHER,,"1,380","$1,336,114.70 ","$1,061,369.54 "
,TOTAL,,"1,657","$1,380,446.82 ","$1,096,657.19 "
50722,80'S,,5,$753.26 ,$602.60 
,OTHER,,31,"$22,966.83 ","$18,373.49 "
,TOTAL,,36,"$23,720.09 ","$18,976.09 "
50725,80'S,,2,$341.10 ,$272.88 
,OTHER,,10,"$9,651.80 ","$7,721.45 "
,TOTAL,,12,"$9,992.90 ","$7,994.33 "
50727,80'S,,24,"$1,589.54 ","$1,271.61 "
,OTHER,,160,"$73,138.44 ","$57,221.78 "
,TOTAL,,184,"$74,727.98 ","$58,493.39 "
50728,80'S,,15,"$1,611.28 ","$1,209.03 "
,OTHER,,70,"$39,770.45 ","$31,214.60 "
,TOTAL,,85,"$41,381.73 ","$32,423.63 "
50740,80'S,,18,"$2,984.47 ","$2,387.59 "
,OTHER,,81,"$74,782.81 ","$56,469.52 "
,TOTAL,,99,"$77,767.28 ","$58,857.11 "
50750,80'S,,3,$371.85 ,$297.47 
,OTHER,,9,"$6,996.43 ","$5,517.16 "
,TOTAL,,12,"$7,368.28 ","$5,814.63 "
50760,80'S,,120,"$17,051.81 ","$13,476.32 "
,OTHER,,445,"$398,491.58 ","$317,873.45 "
,TOTAL,,565,"$415,543.39 ","$331,349.77 "
50770,80'S,,7,"$1,075.61 ",$860.48 
,OTHER,,30,"$27,302.80 ","$21,842.28 "
,TOTAL,,37,"$28,378.41 ","$22,702.76 "
50780,80'S,,215,"$32,491.43 ","$25,613.29 "
,OTHER,,877,"$832,245.85 ","$647,714.50 "
,TOTAL,,"1,092","$864,737.28 ","$673,327.79 "
50782,80'S,,5,$924.50 ,$739.60 
,OTHER,,28,"$15,212.37 ","$12,156.82 "
,TOTAL,,33,"$16,136.87 ","$12,896.42 "
50783,80'S,,9,"$1,669.63 ","$1,335.70 "
,OTHER,,17,"$17,388.48 ","$13,910.79 "
,TOTAL,,26,"$19,058.11 ","$15,246.49 "
50785,80'S,,151,"$26,085.10 ","$20,853.98 "
,OTHER,,355,"$389,115.57 ","$310,114.18 "
,TOTAL,,506,"$415,200.67 ","$330,968.16 "
50800,80'S,,43,"$4,559.19 ","$3,647.36 "
,OTHER,,147,"$100,566.61 ","$78,704.98 "
,TOTAL,,190,"$105,125.80 ","$82,352.34 "
50810,80'S,,2,$360.40 ,$288.32 
,OTHER,,16,"$15,403.19 ","$12,322.55 "
,TOTAL,,18,"$15,763.59 ","$12,610.87 "
50815,80'S,,16,"$2,792.85 ","$2,234.28 "
,OTHER,,63,"$65,139.32 ","$52,098.96 "
,TOTAL,,79,"$67,932.17 ","$54,333.24 "
50820,80'S,,313,"$58,733.34 ","$46,560.00 "
,OTHER,,932,"$1,057,409.13 ","$841,795.77 "
,TOTAL,,"1,245","$1,116,142.47 ","$888,355.77 "
50825,80'S,,49,"$10,463.92 ","$8,177.07 "
,OTHER,,201,"$272,310.06 ","$214,804.86 "
,TOTAL,,250,"$282,773.98 ","$222,981.93 "
50830,80'S,,15,"$3,815.36 ","$3,052.28 "
,OTHER,,74,"$84,502.24 ","$67,444.08 "
,TOTAL,,89,"$88,317.60 ","$70,496.36 "
50840,80'S,,6,$911.08 ,$611.55 
,OTHER,,41,"$41,782.59 ","$31,736.18 "
,TOTAL,,47,"$42,693.67 ","$32,347.73 "
50845,80'S,,8,"$1,267.86 ","$1,014.29 "
,OTHER,,73,"$64,873.98 ","$48,587.63 "
,TOTAL,,81,"$66,141.84 ","$49,601.92 "
50860,80'S,,7,$898.25 ,$718.60 
,OTHER,,46,"$32,165.44 ","$25,732.38 "
,TOTAL,,53,"$33,063.69 ","$26,450.98 "
50900,80'S,,23,"$1,802.58 ","$1,442.08 "
,OTHER,,116,"$73,897.38 ","$59,046.31 "
,TOTAL,,139,"$75,699.96 ","$60,488.39 "
50920,80'S,,3,$266.71 ,$213.37 
,OTHER,,13,"$9,243.03 ","$7,394.42 "
,TOTAL,,16,"$9,509.74 ","$7,607.79 "
50930,80'S,,3,$502.12 ,$401.69 
,OTHER,,24,"$18,437.29 ","$14,749.83 "
,TOTAL,,27,"$18,939.41 ","$15,151.52 "
50940,80'S,,6,$591.60 ,$473.29 
,OTHER,,14,"$9,638.09 ","$7,710.47 "
,TOTAL,,20,"$10,229.69 ","$8,183.76 "
50945,80'S,,5,$697.59 ,$558.08 
,OTHER,,6,"$5,201.05 ","$4,160.83 "
,TOTAL,,11,"$5,898.64 ","$4,718.91 "
50947,80'S,,3,$589.64 ,$471.71 
,OTHER,,17,"$20,921.53 ","$16,737.23 "
,TOTAL,,20,"$21,511.17 ","$17,208.94 "
50948,80'S,,1,$213.01 ,$170.41 
,OTHER,,2,"$1,981.11 ","$1,584.89 "
,TOTAL,,3,"$2,194.12 ","$1,755.30 "
50949,80'S,,3,$598.43 ,$478.74 
,OTHER,,32,"$23,120.02 ","$18,496.01 "
,TOTAL,,35,"$23,718.45 ","$18,974.75 "
50951,SG,,20,"$4,515.45 ","$3,612.32 "
,80'S,,2,$71.84 ,$57.47 
,OTHER,,161,"$43,227.86 ","$33,813.99 "
,TOTAL,,183,"$47,815.15 ","$37,483.78 "
50953,SG,,5,"$1,179.41 ",$943.52 
,80'S,,3,$104.55 ,$83.64 
,OTHER,,161,"$40,142.91 ","$31,686.95 "
,TOTAL,,169,"$41,426.87 ","$32,714.11 "
50955,SG,,1,$323.96 ,$150.00 
,OTHER,,41,"$13,914.12 ","$10,800.46 "
,TOTAL,,42,"$14,238.08 ","$10,950.46 "
50957,SG,,1,$331.45 ,$265.16 
,OTHER,,42,"$13,934.53 ","$11,147.62 "
,TOTAL,,43,"$14,265.98 ","$11,412.78 "
50959,OTHER,,1,$119.71 ,$95.77 
,TOTAL,,1,$119.71 ,$95.77 
50961,SG,,2,$649.44 ,$519.55 
,OTHER,,99,"$27,519.88 ","$21,936.32 "
,TOTAL,,101,"$28,169.32 ","$22,455.87 "
50970,SG,,1,$174.34 ,$139.47 
,80'S,,3,$332.60 ,$266.08 
,OTHER,,36,"$9,251.64 ","$7,401.33 "
,TOTAL,,40,"$9,758.58 ","$7,806.88 "
50972,OTHER,,70,"$20,513.23 ","$15,961.58 "
,TOTAL,,70,"$20,513.23 ","$15,961.58 "
50974,80'S,,1,$37.38 ,$29.90 
,OTHER,,12,"$4,070.59 ","$3,256.47 "
,TOTAL,,13,"$4,107.97 ","$3,286.37 "
50976,OTHER,,19,"$8,731.41 ","$6,985.12 "
,TOTAL,,19,"$8,731.41 ","$6,985.12 "
50978,OTHER,,61,"$16,157.94 ","$12,820.68 "
,TOTAL,,61,"$16,157.94 ","$12,820.68 "
50980,OTHER,,47,"$14,939.17 ","$11,662.87 "
,TOTAL,,47,"$14,939.17 ","$11,662.87 "
51000,OTHER,,235,"$14,291.49 ","$11,236.74 "
,TOTAL,,235,"$14,291.49 ","$11,236.74 "
51005,OTHER,,779,"$69,222.70 ","$53,906.69 "
,TOTAL,,779,"$69,222.70 ","$53,906.69 "
51010,SG,,323,"$83,635.04 ","$66,161.91 "
,80'S,,1,$16.48 ,$13.18 
,OTHER,,"15,678","$2,883,463.64 ","$2,277,997.83 "
,TOTAL,,"16,002","$2,967,115.16 ","$2,344,172.92 "
51020,SG,,5,"$3,038.28 ","$2,430.62 "
,80'S,,9,$398.11 ,$292.73 
,OTHER,,176,"$64,699.82 ","$51,504.67 "
,TOTAL,,190,"$68,136.21 ","$54,228.02 "
51030,OTHER,,27,"$6,685.15 ","$5,192.56 "
,TOTAL,,27,"$6,685.15 ","$5,192.56 "
51040,SG,,171,"$106,026.30 ","$84,600.97 "
,80'S,,359,"$11,285.94 ","$8,961.58 "
,OTHER,,"6,939","$1,649,555.19 ","$1,308,382.76 "
,TOTAL,,"7,469","$1,766,867.43 ","$1,401,945.31 "
51045,SG,,42,"$26,134.41 ","$20,907.51 "
,80'S,,67,"$3,013.10 ","$2,304.94 "
,OTHER,,718,"$235,134.61 ","$186,484.40 "
,TOTAL,,827,"$264,282.12 ","$209,696.85 "
51050,SG,,16,"$9,911.81 ","$7,929.45 "
,80'S,,210,"$11,247.47 ","$8,934.73 "
,OTHER,,"1,377","$466,107.15 ","$368,279.08 "
,TOTAL,,"1,603","$487,266.43 ","$385,143.26 "
51060,80'S,,5,$406.70 ,$325.36 
,OTHER,,17,"$7,976.56 ","$6,381.26 "
,TOTAL,,22,"$8,383.26 ","$6,706.62 "
51065,80'S,,2,$120.09 ,$96.07 
,OTHER,,116,"$53,933.90 ","$42,073.54 "
,TOTAL,,118,"$54,053.99 ","$42,169.61 "
51080,SG,,1,$174.66 ,$139.73 
,80'S,,10,$450.06 ,$360.06 
,OTHER,,85,"$23,626.97 ","$18,527.68 "
,TOTAL,,96,"$24,251.69 ","$19,027.47 "
51500,80'S,,16,"$1,127.17 ",$901.74 
,OTHER,,62,"$29,763.19 ","$23,774.01 "
,TOTAL,,78,"$30,890.36 ","$24,675.75 "
51520,SG,,1,$642.87 ,$514.30 
,80'S,,13,$726.03 ,$580.86 
,OTHER,,74,"$33,377.15 ","$26,580.02 "
,TOTAL,,88,"$34,746.05 ","$27,675.18 "
51525,80'S,,149,"$15,661.08 ","$12,505.55 "
,OTHER,,364,"$235,063.22 ","$187,397.27 "
,TOTAL,,513,"$250,724.30 ","$199,902.82 "
51530,80'S,,30,"$2,330.30 ","$1,864.27 "
,OTHER,,146,"$76,666.08 ","$61,332.81 "
,TOTAL,,176,"$78,996.38 ","$63,197.08 "
51535,80'S,,11,$774.32 ,$619.45 
,OTHER,,75,"$46,182.29 ","$36,865.84 "
,TOTAL,,86,"$46,956.61 ","$37,485.29 "
51550,80'S,,338,"$41,664.58 ","$33,084.63 "
,OTHER,,"1,007","$721,383.49 ","$572,075.96 "
,TOTAL,,"1,345","$763,048.07 ","$605,160.59 "
51555,80'S,,229,"$40,829.66 ","$32,490.65 "
,OTHER,,547,"$559,971.18 ","$445,094.25 "
,TOTAL,,776,"$600,800.84 ","$477,584.90 "
51565,80'S,,56,"$10,272.88 ","$8,218.25 "
,OTHER,,125,"$137,698.39 ","$110,158.65 "
,TOTAL,,181,"$147,971.27 ","$118,376.90 "
51570,80'S,,55,"$11,118.56 ","$8,885.61 "
,OTHER,,149,"$174,390.19 ","$138,284.69 "
,TOTAL,,204,"$185,508.75 ","$147,170.30 "
51575,80'S,,109,"$28,411.76 ","$22,504.66 "
,OTHER,,261,"$414,267.65 ","$326,879.63 "
,TOTAL,,370,"$442,679.41 ","$349,384.29 "
51580,80'S,,11,"$3,127.90 ","$2,502.34 "
,OTHER,,37,"$58,321.03 ","$46,656.83 "
,TOTAL,,48,"$61,448.93 ","$49,159.17 "
51585,80'S,,15,"$4,392.00 ","$3,513.59 "
,OTHER,,30,"$53,216.96 ","$42,573.61 "
,TOTAL,,45,"$57,608.96 ","$46,087.20 "
51590,80'S,,618,"$173,923.62 ","$137,573.70 "
,OTHER,,"1,206","$1,997,002.56 ","$1,580,084.14 "
,TOTAL,,"1,824","$2,170,926.18 ","$1,717,657.84 "
51595,80'S,,"1,237","$398,064.93 ","$315,782.43 "
,OTHER,,"2,793","$5,374,272.65 ","$4,271,908.03 "
,TOTAL,,"4,030","$5,772,337.58 ","$4,587,690.46 "
51596,80'S,,225,"$77,338.81 ","$61,364.25 "
,OTHER,,635,"$1,317,586.68 ","$1,049,014.22 "
,TOTAL,,860,"$1,394,925.49 ","$1,110,378.47 "
51597,80'S,,191,"$63,979.02 ","$50,670.01 "
,OTHER,,453,"$891,176.43 ","$709,447.49 "
,TOTAL,,644,"$955,155.45 ","$760,117.50 "
51600,OTHER,,"34,569","$2,762,400.02 ","$2,172,530.31 "
,TOTAL,,"34,569","$2,762,400.02 ","$2,172,530.31 "
51605,OTHER,,260,"$15,862.40 ","$12,564.28 "
,TOTAL,,260,"$15,862.40 ","$12,564.28 "
51610,OTHER,,"6,150","$351,737.01 ","$276,325.13 "
,TOTAL,,"6,150","$351,737.01 ","$276,325.13 "
51700,OTHER,,"97,801","$8,169,957.28 ","$6,292,878.33 "
,TOTAL,,"97,801","$8,169,957.28 ","$6,292,878.33 "
51701,OTHER,,"138,267","$10,195,351.41 ","$7,826,548.46 "
,TOTAL,,"138,267","$10,195,351.41 ","$7,826,548.46 "
51702,OTHER,,"178,459","$15,488,573.07 ","$11,925,559.66 "
,TOTAL,,"178,459","$15,488,573.07 ","$11,925,559.66 "
51703,OTHER,,"46,448","$5,857,144.63 ","$4,587,581.11 "
,TOTAL,,"46,448","$5,857,144.63 ","$4,587,581.11 "
51705,OTHER,,"64,063","$7,272,041.36 ","$5,573,160.41 "
,TOTAL,,"64,063","$7,272,041.36 ","$5,573,160.41 "
51710,SG,,120,"$33,616.56 ","$26,401.85 "
,OTHER,,"7,688","$1,227,319.27 ","$954,742.72 "
,TOTAL,,"7,808","$1,260,935.83 ","$981,144.57 "
51715,SG,,"1,258","$627,749.15 ","$497,394.05 "
,80'S,,2,$64.77 ,$51.82 
,OTHER,,"13,425","$2,887,558.53 ","$2,266,371.01 "
,TOTAL,,"14,685","$3,515,372.45 ","$2,763,816.88 "
51720,OTHER,,"208,895","$29,204,998.74 ","$22,912,395.03 "
,TOTAL,,"208,895","$29,204,998.74 ","$22,912,395.03 "
51725,OTHER,,"20,208","$4,070,842.91 ","$3,206,377.96 "
,TOTAL,,"20,208","$4,070,842.91 ","$3,206,377.96 "
51726,SG,,"10,091","$2,657,335.84 ","$2,098,853.55 "
,OTHER,,"176,873","$49,083,104.92 ","$38,649,315.16 "
,TOTAL,,"186,964","$51,740,440.76 ","$40,748,168.71 "
51736,OTHER,,"14,738","$548,301.88 ","$416,269.49 "
,TOTAL,,"14,738","$548,301.88 ","$416,269.49 "
51741,OTHER,,"479,300","$29,764,082.37 ","$22,863,085.58 "
,TOTAL,,"479,300","$29,764,082.37 ","$22,863,085.58 "
51772,SG,,"1,452","$262,684.85 ","$208,055.10 "
,OTHER,,"50,264","$6,447,740.28 ","$5,108,134.98 "
,TOTAL,,"51,716","$6,710,425.13 ","$5,316,190.08 "
51784,OTHER,,"166,143","$26,908,853.35 ","$21,385,971.51 "
,TOTAL,,"166,143","$26,908,853.35 ","$21,385,971.51 "
51785,SG,,"1,400","$250,331.28 ","$199,180.00 "
,OTHER,,"15,746","$1,458,105.13 ","$1,156,119.78 "
,TOTAL,,"17,146","$1,708,436.41 ","$1,355,299.78 "
51792,OTHER,,"8,008","$1,674,860.75 ","$1,331,495.64 "
,TOTAL,,"8,008","$1,674,860.75 ","$1,331,495.64 "
51795,OTHER,,"118,981","$19,140,691.95 ","$15,150,485.35 "
,TOTAL,,"118,981","$19,140,691.95 ","$15,150,485.35 "
51797,80'S,,1,$38.80 ,$31.04 
,OTHER,,"105,219","$13,609,281.22 ","$10,775,512.50 "
,TOTAL,,"105,220","$13,609,320.02 ","$10,775,543.54 "
51798,OTHER,,"1,174,384","$19,417,583.91 ","$14,596,093.57 "
,TOTAL,,"1,174,384","$19,417,583.91 ","$14,596,093.57 "
51800,80'S,,174,"$19,163.61 ","$15,160.10 "
,OTHER,,442,"$324,437.26 ","$257,204.73 "
,TOTAL,,616,"$343,600.87 ","$272,364.83 "
51820,80'S,,3,$411.00 ,$328.79 
,OTHER,,19,"$17,897.16 ","$14,237.73 "
,TOTAL,,22,"$18,308.16 ","$14,566.52 "
51840,80'S,,827,"$68,187.64 ","$53,200.65 "
,OTHER,,"2,284","$1,131,196.67 ","$887,543.71 "
,TOTAL,,"3,111","$1,199,384.31 ","$940,744.36 "
51841,80'S,,183,"$18,211.37 ","$14,322.83 "
,OTHER,,536,"$329,808.78 ","$258,351.47 "
,TOTAL,,719,"$348,020.15 ","$272,674.30 "
51845,80'S,,171,"$13,787.80 ","$10,758.11 "
,OTHER,,828,"$419,243.88 ","$331,475.62 "
,TOTAL,,999,"$433,031.68 ","$342,233.73 "
51860,80'S,,199,"$15,816.50 ","$12,564.22 "
,OTHER,,"1,091","$567,492.30 ","$448,250.53 "
,TOTAL,,"1,290","$583,308.80 ","$460,814.75 "
51865,80'S,,159,"$19,299.47 ","$15,439.64 "
,OTHER,,682,"$508,724.75 ","$403,270.95 "
,TOTAL,,841,"$528,024.22 ","$418,710.59 "
51880,SG,,4,$992.35 ,$793.87 
,80'S,,25,"$1,155.34 ",$924.26 
,OTHER,,210,"$67,759.85 ","$53,554.35 "
,TOTAL,,239,"$69,907.54 ","$55,272.48 "
51900,80'S,,36,"$3,545.31 ","$2,836.25 "
,OTHER,,117,"$68,481.53 ","$54,676.38 "
,TOTAL,,153,"$72,026.84 ","$57,512.63 "
51920,80'S,,4,$386.00 ,$308.80 
,OTHER,,17,"$7,986.77 ","$6,389.42 "
,TOTAL,,21,"$8,372.77 ","$6,698.22 "
51925,OTHER,,3,"$2,294.97 ","$1,835.97 "
,TOTAL,,3,"$2,294.97 ","$1,835.97 "
51940,OTHER,,2,"$3,181.00 ","$2,544.80 "
,TOTAL,,2,"$3,181.00 ","$2,544.80 "
51960,80'S,,38,"$7,595.21 ","$6,076.13 "
,OTHER,,194,"$229,780.61 ","$179,598.35 "
,TOTAL,,232,"$237,375.82 ","$185,674.48 "
51980,80'S,,7,$478.39 ,$382.73 
,OTHER,,45,"$23,563.47 ","$18,850.76 "
,TOTAL,,52,"$24,041.86 ","$19,233.49 "
51990,80'S,,110,"$9,565.18 ","$7,571.04 "
,OTHER,,323,"$168,478.94 ","$132,539.50 "
,TOTAL,,433,"$178,044.12 ","$140,110.54 "
51992,80'S,,84,"$9,673.17 ","$7,627.56 "
,OTHER,,406,"$289,682.45 ","$229,111.55 "
,TOTAL,,490,"$299,355.62 ","$236,739.11 "
52000,SG,,"65,959","$21,239,189.14 ","$16,705,899.57 "
,80'S,,2,$28.68 ,$22.94 
,OTHER,,"952,892","$172,564,972.45 ","$133,080,594.76 "
,TOTAL,,"1,018,853","$193,804,190.27 ","$149,786,517.27 "
52001,SG,,307,"$113,340.35 ","$89,113.64 "
,OTHER,,"11,375","$3,235,551.39 ","$2,562,399.61 "
,TOTAL,,"11,682","$3,348,891.74 ","$2,651,513.25 "
52005,SG,,"7,828","$3,110,763.34 ","$2,457,049.48 "
,OTHER,,"58,410","$6,871,541.25 ","$5,386,975.67 "
,TOTAL,,"66,238","$9,982,304.59 ","$7,844,025.15 "
52007,SG,,217,"$91,742.05 ","$73,150.04 "
,OTHER,,922,"$127,221.57 ","$99,509.73 "
,TOTAL,,"1,139","$218,963.62 ","$172,659.77 "
52010,SG,,3,"$1,296.87 ","$1,037.50 "
,OTHER,,70,"$9,967.59 ","$7,826.67 "
,TOTAL,,73,"$11,264.46 ","$8,864.17 "
52204,SG,,"4,720","$1,906,843.53 ","$1,508,739.19 "
,OTHER,,"40,187","$4,876,350.21 ","$3,799,671.32 "
,TOTAL,,"44,907","$6,783,193.74 ","$5,308,410.51 "
52214,SG,,"1,374","$571,739.56 ","$453,799.98 "
,OTHER,,"13,405","$2,369,283.93 ","$1,865,396.93 "
,TOTAL,,"14,779","$2,941,023.49 ","$2,319,196.91 "
52224,SG,,"3,513","$1,496,876.40 ","$1,184,806.20 "
,OTHER,,"23,890","$3,705,771.74 ","$2,898,325.01 "
,TOTAL,,"27,403","$5,202,648.14 ","$4,083,131.21 "
52234,SG,,"4,617","$1,987,627.20 ","$1,573,214.46 "
,OTHER,,"32,115","$7,490,732.70 ","$5,895,636.16 "
,TOTAL,,"36,732","$9,478,359.90 ","$7,468,850.62 "
52235,SG,,"3,012","$1,514,600.09 ","$1,199,530.14 "
,OTHER,,"34,578","$9,591,378.80 ","$7,583,544.91 "
,TOTAL,,"37,590","$11,105,978.89 ","$8,783,075.05 "
52240,SG,,"1,418","$713,712.45 ","$565,165.69 "
,OTHER,,"27,303","$13,795,725.98 ","$10,939,085.21 "
,TOTAL,,"28,721","$14,509,438.43 ","$11,504,250.90 "
52250,SG,,14,"$8,296.39 ","$6,415.74 "
,OTHER,,289,"$57,665.33 ","$45,332.36 "
,TOTAL,,303,"$65,961.72 ","$51,748.10 "
52260,SG,,"1,366","$578,095.19 ","$453,510.16 "
,OTHER,,"6,917","$1,367,396.19 ","$1,061,610.74 "
,TOTAL,,"8,283","$1,945,491.38 ","$1,515,120.90 "
52265,OTHER,,"2,174","$447,834.89 ","$351,550.47 "
,TOTAL,,"2,174","$447,834.89 ","$351,550.47 "
52270,SG,,120,"$45,190.76 ","$34,859.96 "
,OTHER,,528,"$76,368.86 ","$59,549.53 "
,TOTAL,,648,"$121,559.62 ","$94,409.49 "
52275,SG,,265,"$108,954.88 ","$86,361.41 "
,OTHER,,"1,852","$423,642.46 ","$333,244.54 "
,TOTAL,,"2,117","$532,597.34 ","$419,605.95 "
52276,SG,,"1,532","$746,322.50 ","$590,307.38 "
,OTHER,,"14,299","$3,521,704.52 ","$2,779,094.05 "
,TOTAL,,"15,831","$4,268,027.02 ","$3,369,401.43 "
52277,SG,,10,"$4,121.39 ","$2,994.85 "
,80'S,,1,$50.87 ,$40.70 
,OTHER,,163,"$42,841.52 ","$33,598.01 "
,TOTAL,,174,"$47,013.78 ","$36,633.56 "
52281,SG,,"10,510","$4,577,819.55 ","$3,613,141.75 "
,80'S,,2,$27.88 ,$22.31 
,OTHER,,"138,719","$45,563,008.54 ","$35,807,210.93 "
,TOTAL,,"149,231","$50,140,855.97 ","$39,420,374.99 "
52282,SG,,76,"$99,661.07 ","$79,415.99 "
,OTHER,,"1,000","$301,790.92 ","$238,772.89 "
,TOTAL,,"1,076","$401,451.99 ","$318,188.88 "
52283,SG,,62,"$17,591.05 ","$13,886.07 "
,OTHER,,524,"$62,876.04 ","$49,770.07 "
,TOTAL,,586,"$80,467.09 ","$63,656.14 "
52285,SG,,587,"$251,677.99 ","$198,020.90 "
,OTHER,,"8,785","$2,272,085.51 ","$1,784,510.17 "
,TOTAL,,"9,372","$2,523,763.50 ","$1,982,531.07 "
52290,SG,,41,"$13,232.12 ","$10,585.67 "
,OTHER,,353,"$61,772.15 ","$49,095.49 "
,TOTAL,,394,"$75,004.27 ","$59,681.16 "
52300,SG,,13,"$3,937.15 ","$3,149.71 "
,80'S,,1,$25.84 ,$20.67 
,OTHER,,198,"$44,256.48 ","$35,019.94 "
,TOTAL,,212,"$48,219.47 ","$38,190.32 "
52301,OTHER,,146,"$14,282.71 ","$11,228.36 "
,TOTAL,,146,"$14,282.71 ","$11,228.36 "
52305,SG,,11,"$4,662.51 ","$3,725.78 "
,OTHER,,310,"$67,487.13 ","$53,382.35 "
,TOTAL,,321,"$72,149.64 ","$57,108.13 "
52310,SG,,"4,070","$1,766,552.02 ","$1,395,736.04 "
,OTHER,,"56,399","$11,282,318.76 ","$8,795,264.38 "
,TOTAL,,"60,469","$13,048,870.78 ","$10,191,000.42 "
52315,SG,,318,"$137,732.33 ","$107,205.66 "
,OTHER,,"3,561","$923,348.88 ","$723,107.56 "
,TOTAL,,"3,879","$1,061,081.21 ","$830,313.22 "
52317,SG,,495,"$131,330.23 ","$103,056.65 "
,OTHER,,"7,675","$2,278,919.54 ","$1,801,903.74 "
,TOTAL,,"8,170","$2,410,249.77 ","$1,904,960.39 "
52318,SG,,335,"$137,086.52 ","$108,729.62 "
,OTHER,,"7,159","$3,046,839.11 ","$2,408,229.73 "
,TOTAL,,"7,494","$3,183,925.63 ","$2,516,959.35 "
52320,SG,,131,"$92,742.47 ","$74,034.01 "
,OTHER,,"1,787","$372,876.54 ","$292,721.79 "
,TOTAL,,"1,918","$465,619.01 ","$366,755.80 "
52325,SG,,107,"$58,908.20 ","$46,966.58 "
,OTHER,,853,"$232,393.14 ","$183,731.81 "
,TOTAL,,960,"$291,301.34 ","$230,698.39 "
52327,SG,,37,"$15,642.21 ","$12,474.65 "
,OTHER,,121,"$32,024.50 ","$24,787.39 "
,TOTAL,,158,"$47,666.71 ","$37,262.04 "
52330,SG,,74,"$29,892.41 ","$23,649.32 "
,OTHER,,"2,486","$595,474.42 ","$469,364.95 "
,TOTAL,,"2,560","$625,366.83 ","$493,014.27 "
52332,SG,,"4,472","$1,673,483.57 ","$1,322,612.91 "
,OTHER,,"94,439","$11,405,967.42 ","$8,998,981.39 "
,TOTAL,,"98,911","$13,079,450.99 ","$10,321,594.30 "
52334,SG,,33,"$16,185.26 ","$12,942.02 "
,OTHER,,517,"$116,375.16 ","$91,723.80 "
,TOTAL,,550,"$132,560.42 ","$104,665.82 "
52341,SG,,114,"$53,735.96 ","$42,958.94 "
,OTHER,,"1,776","$517,904.81 ","$408,644.62 "
,TOTAL,,"1,890","$571,640.77 ","$451,603.56 "
52342,SG,,20,"$9,595.21 ","$7,676.17 "
,OTHER,,348,"$115,883.48 ","$91,543.07 "
,TOTAL,,368,"$125,478.69 ","$99,219.24 "
52343,SG,,2,$979.15 ,$783.32 
,OTHER,,10,"$3,298.74 ","$2,558.98 "
,TOTAL,,12,"$4,277.89 ","$3,342.30 "
52344,SG,,98,"$46,462.85 ","$36,778.84 "
,OTHER,,"1,854","$730,410.40 ","$578,973.35 "
,TOTAL,,"1,952","$776,873.25 ","$615,752.19 "
52345,SG,,12,"$5,215.94 ","$4,172.75 "
,80'S,,2,$138.04 ,$110.43 
,OTHER,,433,"$185,721.71 ","$147,803.58 "
,TOTAL,,447,"$191,075.69 ","$152,086.76 "
52346,SG,,4,"$1,988.53 ","$1,590.83 "
,OTHER,,64,"$31,546.65 ","$24,938.05 "
,TOTAL,,68,"$33,535.18 ","$26,528.88 "
52347,OTHER,,18,"$3,804.42 ","$2,899.91 "
,TOTAL,,18,"$3,804.42 ","$2,899.91 "
52351,SG,,"1,448","$708,921.56 ","$559,533.15 "
,OTHER,,"18,712","$5,566,823.55 ","$4,396,282.52 "
,TOTAL,,"20,160","$6,275,745.11 ","$4,955,815.67 "
52352,SG,,832,"$503,266.02 ","$396,317.83 "
,OTHER,,"14,490","$5,091,721.33 ","$4,005,461.83 "
,TOTAL,,"15,322","$5,594,987.35 ","$4,401,779.66 "
52353,SG,,"1,135","$697,455.10 ","$550,134.52 "
,OTHER,,"20,265","$8,387,851.30 ","$6,616,001.27 "
,TOTAL,,"21,400","$9,085,306.40 ","$7,166,135.79 "
52354,SG,,380,"$233,813.80 ","$186,573.09 "
,OTHER,,"5,541","$2,100,605.52 ","$1,664,929.90 "
,TOTAL,,"5,921","$2,334,419.32 ","$1,851,502.99 "
52355,SG,,34,"$20,629.58 ","$16,503.65 "
,OTHER,,779,"$353,842.32 ","$280,736.72 "
,TOTAL,,813,"$374,471.90 ","$297,240.37 "
52400,SG,,119,"$58,874.48 ","$46,181.92 "
,OTHER,,"1,323","$678,195.06 ","$536,760.91 "
,TOTAL,,"1,442","$737,069.54 ","$582,942.83 "
52450,SG,,266,"$130,330.41 ","$103,203.31 "
,OTHER,,"2,862","$1,180,332.55 ","$933,020.21 "
,TOTAL,,"3,128","$1,310,662.96 ","$1,036,223.52 "
52500,SG,,805,"$382,153.65 ","$302,009.54 "
,OTHER,,"6,541","$2,985,484.39 ","$2,365,035.18 "
,TOTAL,,"7,346","$3,367,638.04 ","$2,667,044.72 "
52510,SG,,10,"$5,037.49 ","$4,029.97 "
,OTHER,,122,"$44,207.14 ","$35,338.90 "
,TOTAL,,132,"$49,244.63 ","$39,368.87 "
52601,SG,,964,"$599,571.60 ","$474,637.65 "
,OTHER,,"70,791","$47,907,528.80 ","$37,936,790.16 "
,TOTAL,,"71,755","$48,507,100.40 ","$38,411,427.81 "
52606,SG,,17,"$4,794.06 ","$3,835.24 "
,OTHER,,584,"$248,003.83 ","$196,570.34 "
,TOTAL,,601,"$252,797.89 ","$200,405.58 "
52612,SG,,31,"$12,265.73 ","$9,812.55 "
,80'S,,1,$84.24 ,$67.39 
,OTHER,,535,"$224,147.31 ","$177,716.52 "
,TOTAL,,567,"$236,497.28 ","$187,596.46 "
52614,SG,,5,"$1,534.72 ","$1,227.78 "
,OTHER,,309,"$113,279.82 ","$89,817.82 "
,TOTAL,,314,"$114,814.54 ","$91,045.60 "
52620,SG,,29,"$7,809.68 ","$6,167.73 "
,OTHER,,864,"$305,835.73 ","$242,548.05 "
,TOTAL,,893,"$313,645.41 ","$248,715.78 "
52630,SG,,84,"$34,851.71 ","$27,796.73 "
,OTHER,,"3,459","$1,345,115.00 ","$1,065,655.86 "
,TOTAL,,"3,543","$1,379,966.71 ","$1,093,452.59 "
52640,SG,,245,"$103,656.82 ","$82,599.56 "
,OTHER,,"2,603","$904,626.85 ","$715,571.47 "
,TOTAL,,"2,848","$1,008,283.67 ","$798,171.03 "
52647,SG,,677,"$896,571.66 ","$711,686.15 "
,OTHER,,"14,848","$30,682,794.95 ","$24,339,085.34 "
,TOTAL,,"15,525","$31,579,366.61 ","$25,050,771.49 "
52648,SG,,516,"$700,022.01 ","$551,998.32 "
,OTHER,,"10,486","$6,539,715.47 ","$5,173,600.91 "
,TOTAL,,"11,002","$7,239,737.48 ","$5,725,599.23 "
52700,SG,,2,$875.07 ,$700.05 
,OTHER,,70,"$19,694.58 ","$15,442.09 "
,TOTAL,,72,"$20,569.65 ","$16,142.14 "
53000,SG,,13,"$3,150.94 ","$2,520.77 "
,OTHER,,179,"$17,072.64 ","$13,407.73 "
,TOTAL,,192,"$20,223.58 ","$15,928.50 "
53010,SG,,5,"$1,446.24 ","$1,156.99 "
,OTHER,,282,"$37,407.37 ","$29,632.12 "
,TOTAL,,287,"$38,853.61 ","$30,789.11 "
53020,SG,,97,"$22,802.27 ","$18,079.55 "
,OTHER,,"1,021","$79,382.08 ","$61,542.09 "
,TOTAL,,"1,118","$102,184.35 ","$79,621.64 "
53025,OTHER,,1,$30.89 ,$24.71 
,TOTAL,,1,$30.89 ,$24.71 
53040,SG,,2,$675.41 ,$190.70 
,OTHER,,92,"$38,159.79 ","$30,180.81 "
,TOTAL,,94,"$38,835.20 ","$30,371.51 "
53060,OTHER,,26,"$3,813.75 ","$3,051.01 "
,TOTAL,,26,"$3,813.75 ","$3,051.01 "
53080,OTHER,,8,"$1,867.52 ","$1,482.02 "
,TOTAL,,8,"$1,867.52 ","$1,482.02 "
53085,OTHER,,120,"$67,474.04 ","$53,978.10 "
,TOTAL,,120,"$67,474.04 ","$53,978.10 "
53200,SG,,35,"$7,737.67 ","$6,110.11 "
,OTHER,,561,"$68,175.19 ","$53,753.06 "
,TOTAL,,596,"$75,912.86 ","$59,863.17 "
53210,SG,,1,$707.34 ,$565.87 
,80'S,,32,"$2,448.67 ","$1,914.53 "
,OTHER,,96,"$43,936.02 ","$34,527.34 "
,TOTAL,,129,"$47,092.03 ","$37,007.74 "
53215,80'S,,70,"$7,629.07 ","$5,964.46 "
,OTHER,,237,"$166,200.64 ","$130,351.78 "
,TOTAL,,307,"$173,829.71 ","$136,316.24 "
53220,SG,,8,"$3,551.04 ","$2,840.84 "
,80'S,,2,$100.32 ,$80.26 
,OTHER,,163,"$57,722.49 ","$45,673.81 "
,TOTAL,,173,"$61,373.85 ","$48,594.91 "
53230,SG,,8,"$3,279.20 ","$2,555.03 "
,80'S,,25,"$1,878.85 ","$1,496.06 "
,OTHER,,179,"$89,166.02 ","$69,267.11 "
,TOTAL,,212,"$94,324.07 ","$73,318.20 "
53235,SG,,3,"$1,524.38 ","$1,139.50 "
,80'S,,6,$410.54 ,$328.43 
,OTHER,,43,"$19,077.21 ","$14,760.80 "
,TOTAL,,52,"$21,012.13 ","$16,228.73 "
53240,SG,,5,"$1,962.53 ","$1,570.03 "
,OTHER,,33,"$11,255.76 ","$9,004.59 "
,TOTAL,,38,"$13,218.29 ","$10,574.62 "
53250,OTHER,,3,$895.72 ,$716.58 
,TOTAL,,3,$895.72 ,$716.58 
53260,SG,,26,"$10,090.26 ","$8,072.22 "
,OTHER,,306,"$51,034.65 ","$40,297.51 "
,TOTAL,,332,"$61,124.91 ","$48,369.73 "
53265,SG,,90,"$37,536.30 ","$29,881.79 "
,OTHER,,"1,099","$185,847.71 ","$147,106.86 "
,TOTAL,,"1,189","$223,384.01 ","$176,988.65 "
53270,OTHER,,18,"$3,025.31 ","$2,244.63 "
,TOTAL,,18,"$3,025.31 ","$2,244.63 "
53275,SG,,18,"$7,683.32 ","$6,146.65 "
,OTHER,,379,"$88,663.59 ","$70,584.73 "
,TOTAL,,397,"$96,346.91 ","$76,731.38 "
53400,SG,,1,$506.45 ,$405.16 
,80'S,,15,"$1,390.59 ","$1,112.48 "
,OTHER,,159,"$108,294.19 ","$86,026.73 "
,TOTAL,,175,"$110,191.23 ","$87,544.37 "
53405,80'S,,1,$127.86 ,$102.29 
,OTHER,,12,"$9,902.50 ","$7,922.00 "
,TOTAL,,13,"$10,030.36 ","$8,024.29 "
53410,SG,,6,"$2,509.35 ","$1,990.82 "
,80'S,,31,"$4,379.90 ","$3,391.39 "
,OTHER,,266,"$235,151.89 ","$186,565.12 "
,TOTAL,,303,"$242,041.14 ","$191,947.33 "
53415,80'S,,19,"$3,162.57 ","$2,450.03 "
,OTHER,,138,"$141,568.63 ","$112,904.54 "
,TOTAL,,157,"$144,731.20 ","$115,354.57 "
53420,OTHER,,19,"$8,323.50 ","$6,183.31 "
,TOTAL,,19,"$8,323.50 ","$6,183.31 "
53425,80'S,,1,$137.43 ,$109.94 
,OTHER,,6,"$5,312.18 ","$4,249.74 "
,TOTAL,,7,"$5,449.61 ","$4,359.68 "
53430,SG,,15,"$5,110.08 ","$4,088.02 "
,80'S,,38,"$5,645.20 ","$4,436.12 "
,OTHER,,174,"$152,962.85 ","$122,249.28 "
,TOTAL,,227,"$163,718.13 ","$130,773.42 "
53431,80'S,,15,"$1,582.76 ","$1,266.20 "
,OTHER,,37,"$25,175.77 ","$19,995.19 "
,TOTAL,,52,"$26,758.53 ","$21,261.39 "
53440,SG,,6,"$2,664.29 ","$2,131.43 "
,80'S,,189,"$22,925.33 ","$18,174.21 "
,OTHER,,906,"$666,308.45 ","$526,232.26 "
,TOTAL,,"1,101","$691,898.07 ","$546,537.90 "
53442,SG,,3,$824.44 ,$659.56 
,80'S,,18,"$1,614.45 ","$1,291.58 "
,OTHER,,111,"$60,151.38 ","$47,343.36 "
,TOTAL,,132,"$62,590.27 ","$49,294.50 "
53444,SG,,2,$854.89 ,$683.91 
,80'S,,25,"$2,910.03 ","$2,236.94 "
,OTHER,,123,"$80,771.29 ","$63,384.82 "
,TOTAL,,150,"$84,536.21 ","$66,305.67 "
53445,SG,,4,"$1,310.36 ","$1,048.28 "
,80'S,,442,"$57,654.09 ","$45,458.71 "
,OTHER,,"1,893","$1,511,302.45 ","$1,197,099.05 "
,TOTAL,,"2,339","$1,570,266.90 ","$1,243,606.04 "
53446,SG,,20,"$6,028.33 ","$4,665.35 "
,80'S,,80,"$7,238.00 ","$5,693.59 "
,OTHER,,753,"$406,565.48 ","$322,136.43 "
,TOTAL,,853,"$419,831.81 ","$332,495.37 "
53447,SG,,2,$660.33 ,$528.26 
,80'S,,93,"$11,314.02 ","$8,832.50 "
,OTHER,,613,"$458,014.14 ","$360,182.38 "
,TOTAL,,708,"$469,988.49 ","$369,543.14 "
53448,80'S,,6,"$1,168.21 ",$934.56 
,OTHER,,59,"$67,586.48 ","$53,887.31 "
,TOTAL,,65,"$68,754.69 ","$54,821.87 "
53449,SG,,9,"$2,689.63 ","$2,151.70 "
,80'S,,30,"$2,531.95 ","$2,025.59 "
,OTHER,,177,"$92,004.14 ","$73,088.76 "
,TOTAL,,216,"$97,225.72 ","$77,266.05 "
53450,SG,,18,"$4,890.90 ","$3,912.74 "
,OTHER,,254,"$83,041.93 ","$65,273.11 "
,TOTAL,,272,"$87,932.83 ","$69,185.85 "
53460,SG,,1,$310.70 ,$248.56 
,OTHER,,54,"$19,117.52 ","$15,294.04 "
,TOTAL,,55,"$19,428.22 ","$15,542.60 "
53500,80'S,,106,"$8,523.34 ","$6,666.43 "
,OTHER,,595,"$307,165.40 ","$244,328.10 "
,TOTAL,,701,"$315,688.74 ","$250,994.53 "
53502,SG,,4,"$1,593.99 ","$1,275.19 "
,OTHER,,52,"$18,454.81 ","$14,694.05 "
,TOTAL,,56,"$20,048.80 ","$15,969.24 "
53505,SG,,1,$453.36 ,$362.69 
,80'S,,4,$242.77 ,$194.20 
,OTHER,,40,"$12,362.13 ","$9,849.54 "
,TOTAL,,45,"$13,058.26 ","$10,406.43 "
53510,SG,,1,$470.00 ,$376.00 
,80'S,,3,$233.78 ,$187.02 
,OTHER,,37,"$15,746.30 ","$11,865.90 "
,TOTAL,,41,"$16,450.08 ","$12,428.92 "
53515,80'S,,2,$184.60 ,$147.68 
,OTHER,,15,"$8,822.76 ","$7,058.21 "
,TOTAL,,17,"$9,007.36 ","$7,205.89 "
53520,SG,,2,$884.38 ,$627.51 
,OTHER,,62,"$25,621.58 ","$19,702.66 "
,TOTAL,,64,"$26,505.96 ","$20,330.17 "
53600,OTHER,,"11,937","$942,894.03 ","$710,141.54 "
,TOTAL,,"11,937","$942,894.03 ","$710,141.54 "
53601,OTHER,,"19,233","$1,604,120.13 ","$1,195,170.65 "
,TOTAL,,"19,233","$1,604,120.13 ","$1,195,170.65 "
53605,SG,,17,"$6,344.65 ","$5,052.67 "
,OTHER,,565,"$30,796.89 ","$24,035.19 "
,TOTAL,,582,"$37,141.54 ","$29,087.86 "
53620,OTHER,,"9,897","$1,115,873.43 ","$861,073.76 "
,TOTAL,,"9,897","$1,115,873.43 ","$861,073.76 "
53621,OTHER,,"7,770","$961,042.77 ","$723,561.72 "
,TOTAL,,"7,770","$961,042.77 ","$723,561.72 "
53660,OTHER,,"27,648","$2,009,489.11 ","$1,509,745.58 "
,TOTAL,,"27,648","$2,009,489.11 ","$1,509,745.58 "
53661,OTHER,,"49,735","$3,783,055.37 ","$2,791,457.82 "
,TOTAL,,"49,735","$3,783,055.37 ","$2,791,457.82 "
53665,SG,,14,"$4,101.67 ","$3,281.31 "
,OTHER,,266,"$9,406.07 ","$7,054.16 "
,TOTAL,,280,"$13,507.74 ","$10,335.47 "
53850,SG,,23,"$30,177.62 ","$24,142.11 "
,OTHER,,"27,413","$107,940,477.38 ","$85,312,079.53 "
,TOTAL,,"27,436","$107,970,655.00 ","$85,336,221.64 "
53852,OTHER,,"10,349","$37,151,397.19 ","$29,441,383.76 "
,TOTAL,,"10,349","$37,151,397.19 ","$29,441,383.76 "
53853,OTHER,,107,"$238,248.28 ","$190,229.72 "
,TOTAL,,107,"$238,248.28 ","$190,229.72 "
53899,80'S,,46,"$7,510.43 ","$6,008.35 "
,OTHER,,"1,966","$819,410.92 ","$648,919.15 "
,TOTAL,,"2,012","$826,921.35 ","$654,927.50 "
54000,SG,MALE GENITAL,5,"$2,205.04 ","$1,764.03 "
,OTHER,,62,"$5,897.18 ","$4,664.53 "
,TOTAL,,67,"$8,102.22 ","$6,428.56 "
54001,SG,,126,"$50,111.58 ","$39,848.78 "
,OTHER,,"2,077","$318,632.05 ","$249,354.94 "
,TOTAL,,"2,203","$368,743.63 ","$289,203.72 "
54015,SG,,2,"$1,263.08 ","$1,010.47 "
,80'S,,3,$156.21 ,$124.97 
,OTHER,,150,"$41,145.32 ","$32,808.94 "
,TOTAL,,155,"$42,564.61 ","$33,944.38 "
54050,OTHER,,964,"$99,499.92 ","$73,453.88 "
,TOTAL,,964,"$99,499.92 ","$73,453.88 "
54055,OTHER,,785,"$76,684.47 ","$57,563.36 "
,TOTAL,,785,"$76,684.47 ","$57,563.36 "
54056,OTHER,,"2,415","$319,226.22 ","$240,182.03 "
,TOTAL,,"2,415","$319,226.22 ","$240,182.03 "
54057,SG,,30,"$9,069.10 ","$7,102.31 "
,OTHER,,309,"$20,320.65 ","$15,670.01 "
,TOTAL,,339,"$29,389.75 ","$22,772.32 "
54060,SG,,109,"$31,325.44 ","$24,775.61 "
,OTHER,,843,"$124,983.54 ","$97,171.12 "
,TOTAL,,952,"$156,308.98 ","$121,946.73 "
54065,SG,,42,"$11,732.41 ","$9,125.34 "
,OTHER,,"1,075","$161,698.73 ","$125,117.32 "
,TOTAL,,"1,117","$173,431.14 ","$134,242.66 "
54100,SG,,101,"$26,100.86 ","$20,757.57 "
,OTHER,,"2,306","$316,297.90 ","$244,004.57 "
,TOTAL,,"2,407","$342,398.76 ","$264,762.14 "
54105,SG,,27,"$7,764.22 ","$5,964.43 "
,OTHER,,304,"$59,030.42 ","$46,612.49 "
,TOTAL,,331,"$66,794.64 ","$52,576.92 "
54110,SG,,6,"$2,442.27 ","$1,873.81 "
,80'S,,7,$565.67 ,$452.55 
,OTHER,,89,"$40,223.18 ","$31,680.74 "
,TOTAL,,102,"$43,231.12 ","$34,007.10 "
54111,SG,,3,"$1,305.93 ","$1,044.75 "
,80'S,,4,$437.67 ,$350.14 
,OTHER,,39,"$28,362.46 ","$21,614.49 "
,TOTAL,,46,"$30,106.06 ","$23,009.38 "
54112,SG,,1,$427.93 ,$342.34 
,80'S,,5,$756.68 ,$567.42 
,OTHER,,44,"$37,456.80 ","$29,250.81 "
,TOTAL,,50,"$38,641.41 ","$30,160.57 "
54115,80'S,,2,$103.28 ,$82.63 
,OTHER,,57,"$23,380.89 ","$18,589.60 "
,TOTAL,,59,"$23,484.17 ","$18,672.23 "
54120,SG,,13,"$5,260.84 ","$4,208.67 "
,80'S,,77,"$7,252.55 ","$5,802.00 "
,OTHER,,538,"$304,699.13 ","$240,148.56 "
,TOTAL,,628,"$317,212.52 ","$250,159.23 "
54125,80'S,,24,"$2,792.74 ","$2,234.21 "
,OTHER,,115,"$81,672.34 ","$65,241.04 "
,TOTAL,,139,"$84,465.08 ","$67,475.25 "
54130,80'S,,5,$919.26 ,$735.42 
,OTHER,,20,"$19,485.26 ","$15,588.20 "
,TOTAL,,25,"$20,404.52 ","$16,323.62 "
54135,80'S,,3,$711.19 ,$568.96 
,OTHER,,4,"$5,667.94 ","$4,534.35 "
,TOTAL,,7,"$6,379.13 ","$5,103.31 "
54150,SG,,1,$329.23 ,$263.38 
,OTHER,,4,$360.38 ,$288.31 
,TOTAL,,5,$689.61 ,$551.69 
54152,SG,,104,"$32,569.68 ","$25,532.52 "
,OTHER,,310,"$38,750.28 ","$30,199.34 "
,TOTAL,,414,"$71,319.96 ","$55,731.86 "
54160,SG,,10,"$3,735.25 ","$2,988.19 "
,OTHER,,27,"$3,304.53 ","$2,643.62 "
,TOTAL,,37,"$7,039.78 ","$5,631.81 "
54161,SG,,"2,201","$937,754.07 ","$738,125.56 "
,OTHER,,"13,284","$2,313,571.62 ","$1,804,730.30 "
,TOTAL,,"15,485","$3,251,325.69 ","$2,542,855.86 "
54162,SG,,28,"$11,493.00 ","$8,975.75 "
,OTHER,,197,"$34,664.07 ","$27,164.30 "
,TOTAL,,225,"$46,157.07 ","$36,140.05 "
54163,SG,,12,"$4,797.78 ","$3,837.18 "
,OTHER,,146,"$26,695.10 ","$20,790.60 "
,TOTAL,,158,"$31,492.88 ","$24,627.78 "
54164,SG,,12,"$4,854.80 ","$3,562.61 "
,OTHER,,93,"$14,300.76 ","$10,974.33 "
,TOTAL,,105,"$19,155.56 ","$14,536.94 "
54200,OTHER,,"2,310","$241,454.84 ","$179,705.28 "
,TOTAL,,"2,310","$241,454.84 ","$179,705.28 "
54205,OTHER,,17,"$5,142.61 ","$3,781.82 "
,TOTAL,,17,"$5,142.61 ","$3,781.82 "
54220,SG,,1,$307.51 ,$246.01 
,OTHER,,354,"$53,759.13 ","$41,827.54 "
,TOTAL,,355,"$54,066.64 ","$42,073.55 "
54230,OTHER,,100,"$7,802.33 ","$6,041.05 "
,TOTAL,,100,"$7,802.33 ","$6,041.05 "
54231,OTHER,,321,"$42,122.44 ","$33,365.04 "
,TOTAL,,321,"$42,122.44 ","$33,365.04 "
54235,OTHER,,"10,448","$853,485.09 ","$649,455.63 "
,TOTAL,,"10,448","$853,485.09 ","$649,455.63 "
54240,80'S,,1,$6.76 ,$5.41 
,OTHER,,"1,033","$69,218.36 ","$54,122.10 "
,TOTAL,,"1,034","$69,225.12 ","$54,127.51 "
54250,OTHER,,"1,358","$164,429.90 ","$128,705.41 "
,TOTAL,,"1,358","$164,429.90 ","$128,705.41 "
54300,SG,,3,"$1,467.02 ","$1,173.62 "
,80'S,,8,$727.56 ,$582.05 
,OTHER,,81,"$44,342.88 ","$35,383.29 "
,TOTAL,,92,"$46,537.46 ","$37,138.96 "
54304,SG,,2,"$1,016.83 ",$813.46 
,80'S,,2,$188.29 ,$150.63 
,OTHER,,21,"$14,907.54 ","$11,846.05 "
,TOTAL,,25,"$16,112.66 ","$12,810.14 "
54308,OTHER,,3,"$2,161.49 ","$1,729.19 "
,TOTAL,,3,"$2,161.49 ","$1,729.19 "
54312,OTHER,,1,$907.02 ,$725.62 
,TOTAL,,1,$907.02 ,$725.62 
54316,80'S,,1,$151.24 ,$120.99 
,OTHER,,1,$756.22 ,$604.98 
,TOTAL,,2,$907.46 ,$725.97 
54318,OTHER,,1,$680.96 ,$544.77 
,TOTAL,,1,$680.96 ,$544.77 
54322,SG,,4,"$2,073.94 ","$1,659.15 "
,80'S,,5,$648.63 ,$518.90 
,OTHER,,22,"$16,597.57 ","$13,278.04 "
,TOTAL,,31,"$19,320.14 ","$15,456.09 "
54324,SG,,4,"$2,023.71 ","$1,618.96 "
,80'S,,1,$128.52 ,$102.82 
,OTHER,,10,"$8,327.43 ","$6,661.94 "
,TOTAL,,15,"$10,479.66 ","$8,383.72 "
54326,OTHER,,7,"$6,486.49 ","$5,189.19 "
,TOTAL,,7,"$6,486.49 ","$5,189.19 "
54328,SG,,1,$529.61 ,$423.69 
,80'S,,1,$165.98 ,$132.78 
,OTHER,,3,"$2,622.46 ","$2,097.97 "
,TOTAL,,5,"$3,318.05 ","$2,654.44 "
54332,OTHER,,8,"$7,441.99 ","$5,953.61 "
,TOTAL,,8,"$7,441.99 ","$5,953.61 "
54336,OTHER,,1,"$1,168.38 ",$934.70 
,TOTAL,,1,"$1,168.38 ",$934.70 
54340,SG,,1,$490.51 ,$351.97 
,OTHER,,5,"$2,355.00 ","$1,883.99 "
,TOTAL,,6,"$2,845.51 ","$2,235.96 "
54344,OTHER,,6,"$4,584.10 ","$3,667.28 "
,TOTAL,,6,"$4,584.10 ","$3,667.28 "
54348,OTHER,,2,"$2,001.17 ","$1,600.94 "
,TOTAL,,2,"$2,001.17 ","$1,600.94 "
54352,80'S,,1,$225.27 ,$180.22 
,OTHER,,3,"$4,351.33 ","$3,481.06 "
,TOTAL,,4,"$4,576.60 ","$3,661.28 "
54360,SG,,25,"$12,491.19 ","$9,446.72 "
,80'S,,20,"$1,735.10 ","$1,388.05 "
,OTHER,,480,"$244,631.97 ","$191,914.04 "
,TOTAL,,525,"$258,858.26 ","$202,748.81 "
54380,SG,,4,"$2,039.49 ","$1,631.58 "
,OTHER,,3,"$2,447.28 ","$1,957.82 "
,TOTAL,,7,"$4,486.77 ","$3,589.40 "
54385,OTHER,,4,"$3,635.07 ","$2,908.05 "
,TOTAL,,4,"$3,635.07 ","$2,908.05 "
54400,SG,,1,$466.73 ,$373.38 
,OTHER,,445,"$224,945.03 ","$175,753.85 "
,TOTAL,,446,"$225,411.76 ","$176,127.23 "
54401,SG,,9,"$4,601.07 ","$3,680.86 "
,80'S,,1,$115.53 ,$92.42 
,OTHER,,157,"$95,327.28 ","$74,961.57 "
,TOTAL,,167,"$100,043.88 ","$78,734.85 "
54405,SG,,24,"$11,919.60 ","$9,264.08 "
,80'S,,960,"$113,959.20 ","$89,437.28 "
,OTHER,,"4,318","$3,116,208.84 ","$2,457,571.75 "
,TOTAL,,"5,302","$3,242,087.64 ","$2,556,273.11 "
54406,SG,,31,"$14,723.26 ","$11,760.57 "
,80'S,,94,"$10,000.68 ","$7,910.94 "
,OTHER,,846,"$533,308.82 ","$421,538.70 "
,TOTAL,,971,"$558,032.76 ","$441,210.21 "
54408,SG,,16,"$8,098.00 ","$6,437.72 "
,80'S,,53,"$5,895.90 ","$4,647.44 "
,OTHER,,379,"$255,750.46 ","$202,081.99 "
,TOTAL,,448,"$269,744.36 ","$213,167.15 "
54410,SG,,7,"$3,510.49 ","$2,521.43 "
,80'S,,332,"$45,542.34 ","$35,788.52 "
,OTHER,,"1,490","$1,234,573.05 ","$975,167.06 "
,TOTAL,,"1,829","$1,283,625.88 ","$1,013,477.01 "
54411,80'S,,25,"$3,589.87 ","$2,831.20 "
,OTHER,,160,"$133,628.06 ","$105,490.35 "
,TOTAL,,185,"$137,217.93 ","$108,321.55 "
54415,SG,,8,"$3,988.41 ","$3,190.72 "
,80'S,,22,"$1,657.99 ","$1,293.29 "
,OTHER,,327,"$141,670.11 ","$111,727.98 "
,TOTAL,,357,"$147,316.51 ","$116,211.99 "
54416,SG,,2,$979.15 ,$783.32 
,80'S,,28,"$2,791.59 ","$2,233.29 "
,OTHER,,162,"$94,294.75 ","$75,013.39 "
,TOTAL,,192,"$98,065.49 ","$78,030.00 "
54417,80'S,,5,$614.88 ,$491.91 
,OTHER,,34,"$25,368.21 ","$20,214.53 "
,TOTAL,,39,"$25,983.09 ","$20,706.44 "
54420,OTHER,,16,"$9,719.15 ","$7,775.32 "
,TOTAL,,16,"$9,719.15 ","$7,775.32 "
54430,80'S,,4,$383.18 ,$306.54 
,OTHER,,71,"$41,789.68 ","$32,762.88 "
,TOTAL,,75,"$42,172.86 ","$33,069.42 "
54435,SG,,2,"$1,204.63 ",$963.71 
,OTHER,,63,"$22,928.16 ","$18,262.82 "
,TOTAL,,65,"$24,132.79 ","$19,226.53 "
54440,SG,,3,"$1,950.54 ","$1,560.43 "
,80'S,,5,$674.39 ,$526.82 
,OTHER,,66,"$45,191.45 ","$35,793.41 "
,TOTAL,,74,"$47,816.38 ","$37,880.66 "
54450,SG,,24,"$6,225.06 ","$4,900.06 "
,OTHER,,"2,188","$141,928.07 ","$110,644.45 "
,TOTAL,,"2,212","$148,153.13 ","$115,544.51 "
54500,SG,,3,$841.49 ,$673.20 
,OTHER,,26,"$1,649.09 ","$1,204.07 "
,TOTAL,,29,"$2,490.58 ","$1,877.27 "
54505,SG,,14,"$3,979.18 ","$2,833.22 "
,80'S,,1,$39.23 ,$31.38 
,OTHER,,130,"$21,804.16 ","$16,365.79 "
,TOTAL,,145,"$25,822.57 ","$19,230.39 "
54512,SG,,16,"$5,338.55 ","$4,246.97 "
,80'S,,6,$436.11 ,$348.89 
,OTHER,,161,"$73,605.80 ","$58,515.46 "
,TOTAL,,183,"$79,380.46 ","$63,111.32 "
54520,SG,,480,"$236,940.05 ","$187,205.84 "
,80'S,,1,$27.64 ,$22.11 
,OTHER,,"5,255","$1,614,600.62 ","$1,279,229.88 "
,TOTAL,,"5,736","$1,851,568.31 ","$1,466,457.83 "
54522,SG,,8,"$4,036.63 ","$3,229.31 "
,80'S,,4,$265.63 ,$212.50 
,OTHER,,86,"$44,110.60 ","$35,208.51 "
,TOTAL,,98,"$48,412.86 ","$38,650.32 "
54530,SG,,120,"$73,250.45 ","$57,754.61 "
,80'S,,108,"$8,211.69 ","$6,549.21 "
,OTHER,,"1,552","$759,460.34 ","$599,479.00 "
,TOTAL,,"1,780","$840,922.48 ","$663,782.82 "
54535,80'S,,3,$328.98 ,$263.19 
,OTHER,,35,"$22,648.33 ","$17,527.70 "
,TOTAL,,38,"$22,977.31 ","$17,790.89 "
54550,SG,,4,"$2,503.74 ","$1,922.99 "
,80'S,,1,$69.87 ,$55.90 
,OTHER,,60,"$23,835.62 ","$19,068.48 "
,TOTAL,,65,"$26,409.23 ","$21,047.37 "
54560,OTHER,,14,"$8,545.72 ","$6,389.17 "
,TOTAL,,14,"$8,545.72 ","$6,389.17 "
54600,SG,,1,$607.95 ,$486.36 
,OTHER,,23,"$9,379.41 ","$7,229.20 "
,TOTAL,,24,"$9,987.36 ","$7,715.56 "
54620,SG,,2,$845.45 ,$596.36 
,OTHER,,21,"$3,748.28 ","$2,921.94 "
,TOTAL,,23,"$4,593.73 ","$3,518.30 "
54640,SG,,15,"$8,938.66 ","$6,990.92 "
,80'S,,1,$32.41 ,$25.93 
,OTHER,,217,"$81,464.52 ","$63,600.96 "
,TOTAL,,233,"$90,435.59 ","$70,617.81 "
54650,80'S,,1,$101.37 ,
,OTHER,,6,"$3,254.66 ","$2,231.24 "
,TOTAL,,7,"$3,356.03 ","$2,231.24 "
54660,OTHER,,16,"$4,904.44 ","$3,843.57 "
,TOTAL,,16,"$4,904.44 ","$3,843.57 "
54670,SG,,1,$500.39 ,$400.31 
,OTHER,,14,"$4,678.55 ","$3,596.66 "
,TOTAL,,15,"$5,178.94 ","$3,996.97 "
54680,OTHER,,37,"$28,720.78 ","$22,976.61 "
,TOTAL,,37,"$28,720.78 ","$22,976.61 "
54690,SG,,2,"$2,520.75 ","$2,016.60 "
,80'S,,4,$346.89 ,$277.52 
,OTHER,,12,"$5,850.57 ","$4,680.45 "
,TOTAL,,18,"$8,718.21 ","$6,974.57 "
54692,OTHER,,1,$500.00 ,$400.00 
,TOTAL,,1,$500.00 ,$400.00 
54699,OTHER,,8,"$3,818.11 ","$3,054.49 "
,TOTAL,,8,"$3,818.11 ","$3,054.49 "
54700,SG,,49,"$20,338.71 ","$15,636.60 "
,OTHER,,"1,566","$286,837.47 ","$225,058.84 "
,TOTAL,,"1,615","$307,176.18 ","$240,695.44 "
54800,OTHER,,7,$740.29 ,$592.23 
,TOTAL,,7,$740.29 ,$592.23 
54820,SG,,3,$658.77 ,$527.01 
,OTHER,,27,"$5,468.81 ","$4,255.35 "
,TOTAL,,30,"$6,127.58 ","$4,782.36 "
54830,SG,,54,"$21,373.71 ","$17,065.02 "
,OTHER,,288,"$74,938.11 ","$59,042.13 "
,TOTAL,,342,"$96,311.82 ","$76,107.15 "
54840,SG,,386,"$232,082.81 ","$182,056.94 "
,OTHER,,"2,104","$537,400.49 ","$419,438.77 "
,TOTAL,,"2,490","$769,483.30 ","$601,495.71 "
54860,SG,,125,"$57,003.95 ","$44,340.13 "
,OTHER,,690,"$238,584.56 ","$186,564.55 "
,TOTAL,,815,"$295,588.51 ","$230,904.68 "
54861,SG,,12,"$6,784.15 ","$4,982.07 "
,80'S,,1,$82.80 ,$66.24 
,OTHER,,79,"$38,804.55 ","$30,653.82 "
,TOTAL,,92,"$45,671.50 ","$35,702.13 "
54901,SG,,1,$641.14 ,$512.91 
,TOTAL,,1,$641.14 ,$512.91 
55000,OTHER,,"4,279","$526,961.43 ","$394,349.08 "
,TOTAL,,"4,279","$526,961.43 ","$394,349.08 "
55040,SG,,966,"$455,335.34 ","$357,571.65 "
,80'S,,2,$89.65 ,$71.72 
,OTHER,,"6,473","$1,867,950.28 ","$1,460,150.93 "
,TOTAL,,"7,441","$2,323,375.27 ","$1,817,794.30 "
55041,SG,,108,"$76,566.43 ","$60,801.45 "
,OTHER,,732,"$314,901.16 ","$247,776.27 "
,TOTAL,,840,"$391,467.59 ","$308,577.72 "
55060,SG,,175,"$102,744.73 ","$81,221.44 "
,80'S,,3,$108.00 ,$86.40 
,OTHER,,981,"$305,720.15 ","$238,932.47 "
,TOTAL,,"1,159","$408,572.88 ","$320,240.31 "
55100,SG,,27,"$7,669.92 ","$6,055.90 "
,OTHER,,"1,046","$155,391.28 ","$120,076.85 "
,TOTAL,,"1,073","$163,061.20 ","$126,132.75 "
55110,SG,,44,"$14,415.37 ","$11,336.39 "
,OTHER,,763,"$220,455.04 ","$172,899.77 "
,TOTAL,,807,"$234,870.41 ","$184,236.16 "
55120,SG,,14,"$6,000.96 ","$4,654.03 "
,80'S,,2,$104.18 ,$83.35 
,OTHER,,135,"$38,259.16 ","$30,092.75 "
,TOTAL,,151,"$44,364.30 ","$34,830.13 "
55150,SG,,35,"$9,623.56 ","$7,542.71 "
,80'S,,27,"$1,546.88 ","$1,237.50 "
,OTHER,,600,"$191,565.11 ","$151,660.04 "
,TOTAL,,662,"$202,735.55 ","$160,440.25 "
55175,SG,,6,"$1,503.64 ","$1,202.92 "
,OTHER,,103,"$25,780.64 ","$20,233.84 "
,TOTAL,,109,"$27,284.28 ","$21,436.76 "
55180,SG,,5,"$1,745.41 ","$1,396.33 "
,80'S,,5,$452.05 ,$361.63 
,OTHER,,114,"$62,990.48 ","$50,312.41 "
,TOTAL,,124,"$65,187.94 ","$52,070.37 "
55200,OTHER,,8,"$2,095.73 ","$1,456.59 "
,TOTAL,,8,"$2,095.73 ","$1,456.59 "
55250,SG,,45,"$17,831.33 ","$13,671.23 "
,OTHER,,187,"$64,847.09 ","$48,892.10 "
,TOTAL,,232,"$82,678.42 ","$62,563.33 "
55300,OTHER,,2,$304.63 ,$243.71 
,TOTAL,,2,$304.63 ,$243.71 
55400,SG,,3,$601.29 ,$481.03 
,OTHER,,9,"$4,268.38 ","$3,414.70 "
,TOTAL,,12,"$4,869.67 ","$3,895.73 "
55450,OTHER,,10,"$2,759.63 ","$2,207.70 "
,TOTAL,,10,"$2,759.63 ","$2,207.70 "
55500,SG,,122,"$53,547.68 ","$41,240.76 "
,80'S,,8,$268.97 ,$215.18 
,OTHER,,630,"$170,514.56 ","$133,501.50 "
,TOTAL,,760,"$224,331.21 ","$174,957.44 "
55520,SG,,498,"$196,129.39 ","$155,370.59 "
,80'S,,105,"$3,512.43 ","$2,809.79 "
,OTHER,,"2,484","$493,537.45 ","$391,405.06 "
,TOTAL,,"3,087","$693,179.27 ","$549,585.44 "
55530,SG,,28,"$16,804.71 ","$13,443.77 "
,OTHER,,168,"$53,190.54 ","$41,691.34 "
,TOTAL,,196,"$69,995.25 ","$55,135.11 "
55535,SG,,5,"$2,683.23 ","$2,066.58 "
,80'S,,1,$62.97 ,$50.38 
,OTHER,,42,"$14,936.25 ","$11,563.71 "
,TOTAL,,48,"$17,682.45 ","$13,680.67 "
55540,SG,,8,"$5,676.45 ","$4,541.17 "
,80'S,,5,$314.40 ,$251.53 
,OTHER,,166,"$70,200.50 ","$55,688.45 "
,TOTAL,,179,"$76,191.35 ","$60,481.15 "
55550,80'S,,2,$123.64 ,$98.92 
,OTHER,,7,"$2,765.17 ","$2,212.13 "
,TOTAL,,9,"$2,888.81 ","$2,311.05 "
55559,OTHER,,9,"$2,103.85 ","$1,683.09 "
,TOTAL,,9,"$2,103.85 ","$1,683.09 "
55600,OTHER,,74,"$38,851.63 ","$31,001.42 "
,TOTAL,,74,"$38,851.63 ","$31,001.42 "
55605,OTHER,,1,$449.46 ,$359.57 
,TOTAL,,1,$449.46 ,$359.57 
55650,80'S,,24,"$1,509.00 ","$1,207.16 "
,OTHER,,60,"$23,846.09 ","$19,076.81 "
,TOTAL,,84,"$25,355.09 ","$20,283.97 "
55680,SG,,1,$343.37 ,$274.70 
,OTHER,,3,$776.35 ,$621.08 
,TOTAL,,4,"$1,119.72 ",$895.78 
55700,SG,,"21,413","$9,317,836.42 ","$7,335,932.21 "
,OTHER,,"233,082","$43,502,710.46 ","$33,784,906.23 "
,TOTAL,,"254,495","$52,820,546.88 ","$41,120,838.44 "
55705,SG,,85,"$35,005.74 ","$27,021.84 "
,OTHER,,298,"$69,997.89 ","$55,016.93 "
,TOTAL,,383,"$105,003.63 ","$82,038.77 "
55720,SG,,1,$338.30 ,$270.64 
,80'S,,3,$212.01 ,$169.61 
,OTHER,,16,"$6,827.83 ","$5,462.26 "
,TOTAL,,20,"$7,378.14 ","$5,902.51 "
55725,OTHER,,14,"$6,579.69 ","$5,222.57 "
,TOTAL,,14,"$6,579.69 ","$5,222.57 "
55801,80'S,,16,"$2,334.35 ","$1,752.28 "
,OTHER,,32,"$28,391.97 ","$22,292.76 "
,TOTAL,,48,"$30,726.32 ","$24,045.04 "
55810,80'S,,435,"$83,045.28 ","$65,719.58 "
,OTHER,,815,"$933,869.20 ","$729,656.84 "
,TOTAL,,"1,250","$1,016,914.48 ","$795,376.42 "
55812,80'S,,15,"$3,468.86 ","$2,775.08 "
,OTHER,,25,"$31,603.52 ","$25,265.23 "
,TOTAL,,40,"$35,072.38 ","$28,040.31 "
55815,80'S,,49,"$12,986.96 ","$10,135.75 "
,OTHER,,89,"$133,624.90 ","$104,907.32 "
,TOTAL,,138,"$146,611.86 ","$115,043.07 "
55821,80'S,,951,"$118,989.81 ","$94,083.12 "
,OTHER,,"1,832","$1,396,278.01 ","$1,106,375.03 "
,TOTAL,,"2,783","$1,515,267.82 ","$1,200,458.15 "
55831,80'S,,647,"$90,052.97 ","$70,357.82 "
,OTHER,,"1,118","$935,387.84 ","$734,568.25 "
,TOTAL,,"1,765","$1,025,440.81 ","$804,926.07 "
55840,80'S,,"1,510","$260,846.26 ","$204,507.54 "
,OTHER,,"3,140","$3,082,670.50 ","$2,423,624.30 "
,TOTAL,,"4,650","$3,343,516.76 ","$2,628,131.84 "
55842,80'S,,504,"$105,182.78 ","$82,513.51 "
,OTHER,,"1,075","$1,343,069.11 ","$1,053,744.32 "
,TOTAL,,"1,579","$1,448,251.89 ","$1,136,257.83 "
55845,80'S,,"6,816","$1,659,283.81 ","$1,303,374.18 "
,OTHER,,"12,136","$17,725,552.30 ","$13,898,811.65 "
,TOTAL,,"18,952","$19,384,836.11 ","$15,202,185.83 "
55859,SG,,"1,787","$2,376,772.41 ","$1,877,735.08 "
,80'S,,151,"$14,356.66 ","$11,485.37 "
,OTHER,,"21,874","$15,727,996.94 ","$12,425,173.50 "
,TOTAL,,"23,812","$18,119,126.01 ","$14,314,393.95 "
55860,OTHER,,314,"$262,075.18 ","$207,072.17 "
,TOTAL,,314,"$262,075.18 ","$207,072.17 "
55862,80'S,,2,$319.92 ,$255.93 
,OTHER,,2,"$1,999.47 ","$1,599.57 "
,TOTAL,,4,"$2,319.39 ","$1,855.50 "
55865,80'S,,3,$609.49 ,$487.59 
,OTHER,,15,"$18,809.54 ","$15,047.61 "
,TOTAL,,18,"$19,419.03 ","$15,535.20 "
55866,80'S,,"1,046","$278,351.29 ","$217,974.59 "
,OTHER,,"2,401","$3,746,409.95 ","$2,953,656.57 "
,TOTAL,,"3,447","$4,024,761.24 ","$3,171,631.16 "
55870,OTHER,,17,"$2,613.50 ","$1,724.53 "
,TOTAL,,17,"$2,613.50 ","$1,724.53 "
55873,OTHER,,"3,325","$3,649,895.07 ","$2,885,956.84 "
,TOTAL,,"3,325","$3,649,895.07 ","$2,885,956.84 "
55899,OTHER,,639,"$229,497.13 ","$182,883.35 "
,TOTAL,,639,"$229,497.13 ","$182,883.35 "
56405,OTHER,FEMALE GENITAL,"3,811","$387,797.24 ","$293,019.65 "
,TOTAL,,"3,811","$387,797.24 ","$293,019.65 "
56420,OTHER,,"1,673","$204,678.66 ","$153,434.52 "
,TOTAL,,"1,673","$204,678.66 ","$153,434.52 "
56440,SG,,56,"$23,709.03 ","$18,110.77 "
,OTHER,,494,"$84,615.81 ","$65,523.44 "
,TOTAL,,550,"$108,324.84 ","$83,634.21 "
56441,SG,,38,"$10,629.75 ","$8,182.45 "
,80'S,,3,$42.34 ,$33.86 
,OTHER,,379,"$43,069.50 ","$33,970.22 "
,TOTAL,,420,"$53,741.59 ","$42,186.53 "
56501,OTHER,,"3,560","$412,686.61 ","$312,279.78 "
,TOTAL,,"3,560","$412,686.61 ","$312,279.78 "
56515,SG,,132,"$64,217.12 ","$50,886.78 "
,OTHER,,"1,630","$285,314.62 ","$222,332.57 "
,TOTAL,,"1,762","$349,531.74 ","$273,219.35 "
56605,OTHER,,"26,165","$2,067,263.65 ","$1,557,815.32 "
,TOTAL,,"26,165","$2,067,263.65 ","$1,557,815.32 "
56606,OTHER,,"4,807","$180,944.48 ","$142,530.49 "
,TOTAL,,"4,807","$180,944.48 ","$142,530.49 "
56620,SG,,115,"$81,768.60 ","$64,687.32 "
,80'S,,117,"$8,119.98 ","$6,317.66 "
,OTHER,,"2,132","$986,164.00 ","$777,560.17 "
,TOTAL,,"2,364","$1,076,052.58 ","$848,565.15 "
56625,SG,,3,"$2,992.99 ","$2,394.40 "
,80'S,,25,"$2,035.71 ","$1,622.05 "
,OTHER,,181,"$93,538.84 ","$74,073.95 "
,TOTAL,,209,"$98,567.54 ","$78,090.40 "
56630,80'S,,65,"$8,024.45 ","$6,419.63 "
,OTHER,,646,"$471,049.55 ","$375,215.64 "
,TOTAL,,711,"$479,074.00 ","$381,635.27 "
56631,80'S,,39,"$6,064.82 ","$4,851.87 "
,OTHER,,262,"$252,632.51 ","$202,087.00 "
,TOTAL,,301,"$258,697.33 ","$206,938.87 "
56632,80'S,,34,"$5,972.56 ","$4,778.01 "
,OTHER,,244,"$264,284.00 ","$211,080.52 "
,TOTAL,,278,"$270,256.56 ","$215,858.53 "
56633,80'S,,26,"$4,024.76 ","$3,219.81 "
,OTHER,,194,"$178,855.78 ","$142,747.99 "
,TOTAL,,220,"$182,880.54 ","$145,967.80 "
56634,80'S,,14,"$2,413.72 ","$1,930.98 "
,OTHER,,77,"$82,182.32 ","$65,711.73 "
,TOTAL,,91,"$84,596.04 ","$67,642.71 "
56637,80'S,,49,"$10,133.24 ","$8,106.59 "
,OTHER,,247,"$311,250.18 ","$246,908.44 "
,TOTAL,,296,"$321,383.42 ","$255,015.03 "
56640,80'S,,5,$953.36 ,$762.69 
,OTHER,,18,"$22,466.59 ","$17,973.26 "
,TOTAL,,23,"$23,419.95 ","$18,735.95 "
56700,SG,,6,"$1,474.13 ","$1,179.31 "
,80'S,,2,$40.38 ,$32.30 
,OTHER,,49,"$6,179.89 ","$4,943.92 "
,TOTAL,,57,"$7,694.40 ","$6,155.53 "
56720,SG,,1,$321.14 ,$256.91 
,80'S,,1,$3.53 ,$2.82 
,OTHER,,40,"$1,135.71 ",$908.54 
,TOTAL,,42,"$1,460.38 ","$1,168.27 "
56740,SG,,45,"$22,869.39 ","$18,067.44 "
,OTHER,,501,"$129,575.08 ","$101,556.18 "
,TOTAL,,546,"$152,444.47 ","$119,623.62 "
56800,SG,,4,"$1,761.63 ","$1,409.30 "
,80'S,,20,$488.36 ,$390.71 
,OTHER,,201,"$35,132.37 ","$27,285.67 "
,TOTAL,,225,"$37,382.36 ","$29,085.68 "
56810,SG,,28,"$20,025.96 ","$15,431.78 "
,80'S,,124,"$2,989.83 ","$2,391.97 "
,OTHER,,813,"$138,143.32 ","$109,005.29 "
,TOTAL,,965,"$161,159.11 ","$126,829.04 "
56820,OTHER,,"3,526","$330,913.04 ","$249,558.17 "
,TOTAL,,"3,526","$330,913.04 ","$249,558.17 "
56821,OTHER,,"2,123","$286,048.16 ","$219,122.74 "
,TOTAL,,"2,123","$286,048.16 ","$219,122.74 "
57000,SG,,7,"$1,861.56 ","$1,489.25 "
,80'S,,1,$30.06 ,$24.05 
,OTHER,,77,"$10,491.26 ","$8,259.76 "
,TOTAL,,85,"$12,382.88 ","$9,773.06 "
57010,SG,,5,"$1,353.16 ","$1,082.52 "
,OTHER,,107,"$34,448.92 ","$27,215.06 "
,TOTAL,,112,"$35,802.08 ","$28,297.58 "
57020,SG,,2,$641.91 ,$513.53 
,OTHER,,84,"$7,199.85 ","$5,404.49 "
,TOTAL,,86,"$7,841.76 ","$5,918.02 "
57022,OTHER,,3,$471.69 ,$377.35 
,TOTAL,,3,$471.69 ,$377.35 
57023,SG,,4,"$1,312.61 ","$1,050.09 "
,80'S,,2,$66.01 ,$52.81 
,OTHER,,67,"$15,560.32 ","$12,040.81 "
,TOTAL,,73,"$16,938.94 ","$13,143.71 "
57061,OTHER,,"2,063","$210,381.82 ","$160,267.51 "
,TOTAL,,"2,063","$210,381.82 ","$160,267.51 "
57065,SG,,89,"$27,299.77 ","$21,404.74 "
,OTHER,,"1,262","$202,161.03 ","$157,619.05 "
,TOTAL,,"1,351","$229,460.80 ","$179,023.79 "
57100,OTHER,,"6,398","$511,351.45 ","$387,629.10 "
,TOTAL,,"6,398","$511,351.45 ","$387,629.10 "
57105,SG,,65,"$27,126.24 ","$21,228.94 "
,OTHER,,"1,000","$115,663.17 ","$90,253.96 "
,TOTAL,,"1,065","$142,789.41 ","$111,482.90 "
57106,80'S,,248,"$10,064.31 ","$7,986.36 "
,OTHER,,"1,249","$356,909.25 ","$282,970.91 "
,TOTAL,,"1,497","$366,973.56 ","$290,957.27 "
57107,80'S,,34,"$5,855.46 ","$4,684.40 "
,OTHER,,141,"$157,053.84 ","$125,563.05 "
,TOTAL,,175,"$162,909.30 ","$130,247.45 "
57109,80'S,,2,$507.40 ,$405.92 
,OTHER,,18,"$20,090.32 ","$16,072.25 "
,TOTAL,,20,"$20,597.72 ","$16,478.17 "
57110,80'S,,187,"$24,950.34 ","$19,808.35 "
,OTHER,,577,"$463,863.87 ","$369,777.87 "
,TOTAL,,764,"$488,814.21 ","$389,586.22 "
57111,80'S,,11,"$2,568.99 ","$2,055.18 "
,OTHER,,51,"$69,875.03 ","$55,900.02 "
,TOTAL,,62,"$72,444.02 ","$57,955.20 "
57112,80'S,,2,$519.12 ,$415.30 
,OTHER,,11,"$13,402.70 ","$10,722.18 "
,TOTAL,,13,"$13,921.82 ","$11,137.48 "
57120,80'S,,688,"$44,140.76 ","$35,067.82 "
,OTHER,,"2,315","$913,939.82 ","$728,236.30 "
,TOTAL,,"3,003","$958,080.58 ","$763,304.12 "
57130,SG,,6,"$2,491.73 ","$1,993.39 "
,80'S,,9,$164.66 ,$131.73 
,OTHER,,72,"$9,094.89 ","$7,032.47 "
,TOTAL,,87,"$11,751.28 ","$9,157.59 "
57135,SG,,143,"$60,228.09 ","$47,205.19 "
,OTHER,,"1,315","$205,912.00 ","$160,463.57 "
,TOTAL,,"1,458","$266,140.09 ","$207,668.76 "
57150,OTHER,,"21,403","$1,324,995.04 ","$1,000,440.76 "
,TOTAL,,"21,403","$1,324,995.04 ","$1,000,440.76 "
57155,OTHER,,"3,313","$1,356,274.30 ","$1,077,199.05 "
,TOTAL,,"3,313","$1,356,274.30 ","$1,077,199.05 "
57160,OTHER,,"111,218","$8,184,346.41 ","$6,108,476.29 "
,TOTAL,,"111,218","$8,184,346.41 ","$6,108,476.29 "
57170,OTHER,,165,"$13,462.88 ","$9,655.49 "
,TOTAL,,165,"$13,462.88 ","$9,655.49 "
57180,SG,,1,$343.13 ,$274.50 
,OTHER,,460,"$57,376.43 ","$45,058.67 "
,TOTAL,,461,"$57,719.56 ","$45,333.17 "
57200,SG,,15,"$3,372.53 ","$2,698.04 "
,80'S,,47,"$1,436.19 ","$1,131.48 "
,OTHER,,391,"$80,419.74 ","$63,189.18 "
,TOTAL,,453,"$85,228.46 ","$67,018.70 "
57210,SG,,8,"$3,052.53 ","$2,442.03 "
,80'S,,55,"$1,786.22 ","$1,429.04 "
,OTHER,,396,"$83,568.63 ","$66,065.70 "
,TOTAL,,459,"$88,407.38 ","$69,936.77 "
57220,SG,,2,$983.18 ,$786.54 
,80'S,,67,"$1,808.99 ","$1,444.59 "
,OTHER,,295,"$46,637.15 ","$37,021.18 "
,TOTAL,,364,"$49,429.32 ","$39,252.31 "
57230,SG,,1,$525.67 ,$420.54 
,80'S,,11,$368.11 ,$294.48 
,OTHER,,45,"$9,766.55 ","$7,740.14 "
,TOTAL,,57,"$10,660.33 ","$8,455.16 "
57240,SG,,110,"$76,974.96 ","$60,457.30 "
,80'S,,"4,359","$174,474.26 ","$137,629.33 "
,OTHER,,"14,421","$3,493,001.79 ","$2,755,514.45 "
,TOTAL,,"18,890","$3,744,451.01 ","$2,953,601.08 "
57250,SG,,66,"$46,748.47 ","$36,936.20 "
,80'S,,"3,351","$131,316.77 ","$103,377.84 "
,OTHER,,"9,750","$2,338,157.41 ","$1,840,362.40 "
,TOTAL,,"13,167","$2,516,222.65 ","$1,980,676.44 "
57260,SG,,68,"$49,226.28 ","$38,130.36 "
,80'S,,"7,168","$396,921.32 ","$313,617.95 "
,OTHER,,"17,494","$5,849,279.33 ","$4,623,302.56 "
,TOTAL,,"24,730","$6,295,426.93 ","$4,975,050.87 "
57265,SG,,9,"$8,888.95 ","$6,349.37 "
,80'S,,"2,521","$215,404.31 ","$170,135.22 "
,OTHER,,"6,898","$3,517,161.08 ","$2,779,368.42 "
,TOTAL,,"9,428","$3,741,454.34 ","$2,955,853.01 "
57268,SG,,13,"$4,016.73 ","$3,092.82 "
,80'S,,738,"$46,271.67 ","$36,285.64 "
,OTHER,,"1,954","$745,289.86 ","$589,046.15 "
,TOTAL,,"2,705","$795,578.26 ","$628,424.61 "
57270,80'S,,237,"$19,210.92 ","$15,242.59 "
,OTHER,,715,"$350,711.52 ","$277,458.37 "
,TOTAL,,952,"$369,922.44 ","$292,700.96 "
57280,80'S,,"1,688","$217,673.56 ","$170,381.06 "
,OTHER,,"4,496","$3,534,567.24 ","$2,779,539.99 "
,TOTAL,,"6,184","$3,752,240.80 ","$2,949,921.05 "
57282,80'S,,"3,624","$221,146.24 ","$174,767.34 "
,OTHER,,"9,502","$3,439,283.25 ","$2,722,741.61 "
,TOTAL,,"13,126","$3,660,429.49 ","$2,897,508.95 "
57284,80'S,,"1,080","$108,782.19 ","$85,224.26 "
,OTHER,,"3,199","$1,948,303.34 ","$1,535,054.33 "
,TOTAL,,"4,279","$2,057,085.53 ","$1,620,278.59 "
57287,80'S,,162,"$14,732.14 ","$11,585.14 "
,OTHER,,"1,369","$760,717.52 ","$601,558.60 "
,TOTAL,,"1,531","$775,449.66 ","$613,143.74 "
57288,80'S,,"8,826","$954,852.07 ","$752,654.72 "
,OTHER,,"39,309","$26,864,272.64 ","$21,169,082.69 "
,TOTAL,,"48,135","$27,819,124.71 ","$21,921,737.41 "
57289,SG,,5,"$3,417.49 ","$2,733.98 "
,80'S,,59,"$5,536.66 ","$4,406.39 "
,OTHER,,130,"$72,327.72 ","$57,061.69 "
,TOTAL,,194,"$81,281.87 ","$64,202.06 "
57291,80'S,,2,$86.98 ,$69.59 
,OTHER,,8,"$3,060.48 ","$2,368.39 "
,TOTAL,,10,"$3,147.46 ","$2,437.98 "
57292,80'S,,6,$566.53 ,$453.23 
,OTHER,,58,"$39,540.39 ","$31,366.82 "
,TOTAL,,64,"$40,106.92 ","$31,820.05 "
57300,SG,,3,"$1,482.40 ","$1,185.92 "
,80'S,,44,"$2,250.29 ","$1,800.20 "
,OTHER,,240,"$86,956.80 ","$68,066.70 "
,TOTAL,,287,"$90,689.49 ","$71,052.82 "
57305,80'S,,122,"$9,478.77 ","$7,582.93 "
,OTHER,,399,"$180,499.97 ","$143,737.22 "
,TOTAL,,521,"$189,978.74 ","$151,320.15 "
57307,80'S,,5,$542.17 ,$433.74 
,OTHER,,35,"$22,955.16 ","$18,284.11 "
,TOTAL,,40,"$23,497.33 ","$18,717.85 "
57308,80'S,,8,$686.96 ,$549.57 
,OTHER,,85,"$39,243.66 ","$31,394.94 "
,TOTAL,,93,"$39,930.62 ","$31,944.51 "
57310,80'S,,8,$338.08 ,$270.47 
,OTHER,,50,"$16,167.63 ","$12,934.12 "
,TOTAL,,58,"$16,505.71 ","$13,204.59 "
57311,80'S,,2,$118.42 ,$94.73 
,OTHER,,12,"$3,452.27 ","$2,580.98 "
,TOTAL,,14,"$3,570.69 ","$2,675.71 "
57320,80'S,,11,$792.91 ,$634.32 
,OTHER,,98,"$41,089.13 ","$32,472.40 "
,TOTAL,,109,"$41,882.04 ","$33,106.72 "
57330,80'S,,5,$467.56 ,$374.05 
,OTHER,,14,"$7,580.36 ","$6,064.31 "
,TOTAL,,19,"$8,047.92 ","$6,438.36 "
57335,80'S,,2,$385.47 ,$308.38 
,OTHER,,12,"$13,260.15 ","$10,608.11 "
,TOTAL,,14,"$13,645.62 ","$10,916.49 "
57400,SG,,11,"$4,483.17 ","$3,586.53 "
,80'S,,1,$23.49 ,$18.79 
,OTHER,,176,"$19,277.17 ","$15,038.26 "
,TOTAL,,188,"$23,783.83 ","$18,643.58 "
57410,SG,,343,"$117,079.63 ","$92,788.45 "
,80'S,,1,$8.62 ,$6.90 
,OTHER,,"6,612","$519,001.68 ","$404,877.86 "
,TOTAL,,"6,956","$636,089.93 ","$497,673.21 "
57415,SG,,50,"$21,073.09 ","$16,676.97 "
,80'S,,9,$147.61 ,$118.09 
,OTHER,,574,"$73,390.90 ","$57,263.36 "
,TOTAL,,633,"$94,611.60 ","$74,058.42 "
57420,OTHER,,"3,886","$411,756.40 ","$310,070.56 "
,TOTAL,,"3,886","$411,756.40 ","$310,070.56 "
57421,OTHER,,"3,509","$516,164.41 ","$393,651.22 "
,TOTAL,,"3,509","$516,164.41 ","$393,651.22 "
57425,80'S,,195,"$23,155.58 ","$18,303.12 "
,OTHER,,458,"$338,825.75 ","$267,351.53 "
,TOTAL,,653,"$361,981.33 ","$285,654.65 "
57452,OTHER,,"13,434","$1,380,056.78 ","$1,024,305.32 "
,TOTAL,,"13,434","$1,380,056.78 ","$1,024,305.32 "
57454,OTHER,,"21,722","$3,294,449.38 ","$2,491,925.04 "
,TOTAL,,"21,722","$3,294,449.38 ","$2,491,925.04 "
57455,OTHER,,"2,521","$341,892.37 ","$256,257.06 "
,TOTAL,,"2,521","$341,892.37 ","$256,257.06 "
57456,OTHER,,"2,090","$268,281.93 ","$201,303.01 "
,TOTAL,,"2,090","$268,281.93 ","$201,303.01 "
57460,OTHER,,"1,617","$414,322.44 ","$320,372.19 "
,TOTAL,,"1,617","$414,322.44 ","$320,372.19 "
57461,OTHER,,599,"$167,358.53 ","$130,175.33 "
,TOTAL,,599,"$167,358.53 ","$130,175.33 "
57500,OTHER,,"9,267","$1,110,423.34 ","$843,060.14 "
,TOTAL,,"9,267","$1,110,423.34 ","$843,060.14 "
57505,OTHER,,"3,423","$306,568.51 ","$232,739.95 "
,TOTAL,,"3,423","$306,568.51 ","$232,739.95 "
57510,OTHER,,719,"$87,916.33 ","$67,320.27 "
,TOTAL,,719,"$87,916.33 ","$67,320.27 "
57511,OTHER,,"2,545","$350,891.08 ","$265,472.06 "
,TOTAL,,"2,545","$350,891.08 ","$265,472.06 "
57513,SG,,20,"$8,346.52 ","$6,517.21 "
,OTHER,,317,"$37,077.79 ","$28,643.48 "
,TOTAL,,337,"$45,424.31 ","$35,160.69 "
57520,SG,,199,"$82,387.67 ","$63,950.90 "
,OTHER,,"2,480","$632,239.68 ","$496,161.19 "
,TOTAL,,"2,679","$714,627.35 ","$560,112.09 "
57522,SG,,300,"$123,169.82 ","$96,811.93 "
,OTHER,,"2,628","$651,310.61 ","$506,532.03 "
,TOTAL,,"2,928","$774,480.43 ","$603,343.96 "
57530,80'S,,37,"$1,194.95 ",$915.80 
,OTHER,,163,"$30,702.95 ","$24,550.28 "
,TOTAL,,200,"$31,897.90 ","$25,466.08 "
57531,80'S,,3,$630.40 ,$504.32 
,OTHER,,9,"$14,648.64 ","$11,638.91 "
,TOTAL,,12,"$15,279.04 ","$12,143.23 "
57540,80'S,,6,$578.72 ,$462.97 
,OTHER,,24,"$12,845.63 ","$10,276.49 "
,TOTAL,,30,"$13,424.35 ","$10,739.46 "
57545,OTHER,,4,"$1,934.49 ","$1,547.59 "
,TOTAL,,4,"$1,934.49 ","$1,547.59 "
57550,80'S,,4,$143.17 ,$114.54 
,OTHER,,34,"$9,188.99 ","$7,258.27 "
,TOTAL,,38,"$9,332.16 ","$7,372.81 "
57555,80'S,,8,$656.56 ,$525.24 
,OTHER,,41,"$17,537.36 ","$13,844.62 "
,TOTAL,,49,"$18,193.92 ","$14,369.86 "
57556,SG,,3,"$2,007.63 ","$1,606.10 "
,80'S,,66,"$4,235.83 ","$3,308.64 "
,OTHER,,180,"$65,752.19 ","$52,425.17 "
,TOTAL,,249,"$71,995.65 ","$57,339.91 "
57700,OTHER,,6,"$1,164.68 ",$931.74 
,TOTAL,,6,"$1,164.68 ",$931.74 
57720,SG,,8,"$2,918.38 ","$2,334.69 "
,80'S,,2,$69.89 ,$55.91 
,OTHER,,51,"$10,982.47 ","$8,785.95 "
,TOTAL,,61,"$13,970.74 ","$11,176.55 "
57800,OTHER,,844,"$47,283.11 ","$35,504.26 "
,TOTAL,,844,"$47,283.11 ","$35,504.26 "
57820,SG,,12,"$5,641.59 ","$4,513.27 "
,OTHER,,107,"$10,068.15 ","$8,000.65 "
,TOTAL,,119,"$15,709.74 ","$12,513.92 "
58100,OTHER,,"80,349","$8,439,091.19 ","$6,386,567.36 "
,TOTAL,,"80,349","$8,439,091.19 ","$6,386,567.36 "
58120,SG,,"1,645","$712,149.41 ","$560,746.93 "
,OTHER,,"19,336","$3,845,031.47 ","$3,028,531.47 "
,TOTAL,,"20,981","$4,557,180.88 ","$3,589,278.40 "
58140,80'S,,114,"$14,249.53 ","$11,023.81 "
,OTHER,,351,"$262,498.84 ","$206,987.72 "
,TOTAL,,465,"$276,748.37 ","$218,011.53 "
58145,SG,,6,"$4,053.99 ","$3,243.19 "
,80'S,,5,$390.85 ,$312.68 
,OTHER,,139,"$71,175.31 ","$56,382.46 "
,TOTAL,,150,"$75,620.15 ","$59,938.33 "
58146,80'S,,17,"$2,876.84 ","$2,301.47 "
,OTHER,,64,"$69,206.61 ","$55,191.12 "
,TOTAL,,81,"$72,083.45 ","$57,492.59 "
58150,80'S,,"10,225","$1,459,882.81 ","$1,148,390.46 "
,OTHER,,"24,864","$21,526,477.07 ","$16,959,037.27 "
,TOTAL,,"35,089","$22,986,359.88 ","$18,107,427.73 "
58152,80'S,,420,"$78,462.43 ","$61,684.84 "
,OTHER,,"1,022","$1,152,919.21 ","$905,179.64 "
,TOTAL,,"1,442","$1,231,381.64 ","$966,864.48 "
58180,80'S,,499,"$71,192.78 ","$56,391.01 "
,OTHER,,"1,306","$1,133,297.21 ","$895,287.26 "
,TOTAL,,"1,805","$1,204,489.99 ","$951,678.27 "
58200,80'S,,559,"$111,352.38 ","$88,330.68 "
,OTHER,,"2,808","$3,370,288.92 ","$2,675,409.95 "
,TOTAL,,"3,367","$3,481,641.30 ","$2,763,740.63 "
58210,80'S,,825,"$224,109.89 ","$178,434.25 "
,OTHER,,"3,808","$6,100,244.13 ","$4,862,038.46 "
,TOTAL,,"4,633","$6,324,354.02 ","$5,040,472.71 "
58240,80'S,,92,"$32,683.78 ","$26,147.13 "
,OTHER,,242,"$514,073.27 ","$406,059.37 "
,TOTAL,,334,"$546,757.05 ","$432,206.50 "
58260,80'S,,"4,698","$578,424.90 ","$454,542.57 "
,OTHER,,"10,002","$7,381,326.96 ","$5,831,705.40 "
,TOTAL,,"14,700","$7,959,751.86 ","$6,286,247.97 "
58262,80'S,,"1,921","$263,654.40 ","$206,006.46 "
,OTHER,,"4,391","$3,682,413.82 ","$2,898,663.06 "
,TOTAL,,"6,312","$3,946,068.22 ","$3,104,669.52 "
58263,80'S,,521,"$78,569.18 ","$61,436.72 "
,OTHER,,"1,391","$1,277,586.47 ","$1,007,405.68 "
,TOTAL,,"1,912","$1,356,155.65 ","$1,068,842.40 "
58267,80'S,,154,"$25,119.16 ","$19,855.31 "
,OTHER,,337,"$326,756.13 ","$258,938.78 "
,TOTAL,,491,"$351,875.29 ","$278,794.09 "
58270,80'S,,567,"$74,932.13 ","$58,911.02 "
,OTHER,,"1,285","$1,048,256.85 ","$828,794.11 "
,TOTAL,,"1,852","$1,123,188.98 ","$887,705.13 "
58275,80'S,,40,"$6,076.57 ","$4,861.24 "
,OTHER,,105,"$96,438.00 ","$76,230.82 "
,TOTAL,,145,"$102,514.57 ","$81,092.06 "
58280,80'S,,76,"$12,495.70 ","$9,886.03 "
,OTHER,,188,"$184,389.21 ","$145,925.46 "
,TOTAL,,264,"$196,884.91 ","$155,811.49 "
58285,80'S,,3,$619.82 ,$495.86 
,OTHER,,19,"$20,439.25 ","$16,245.71 "
,TOTAL,,22,"$21,059.07 ","$16,741.57 "
58290,80'S,,57,"$9,978.63 ","$7,969.91 "
,OTHER,,156,"$165,034.18 ","$130,979.38 "
,TOTAL,,213,"$175,012.81 ","$138,949.29 "
58291,80'S,,48,"$9,074.38 ","$6,959.15 "
,OTHER,,106,"$125,099.51 ","$97,778.17 "
,TOTAL,,154,"$134,173.89 ","$104,737.32 "
58292,80'S,,27,"$5,528.79 ","$4,388.03 "
,OTHER,,56,"$64,362.19 ","$50,713.35 "
,TOTAL,,83,"$69,890.98 ","$55,101.38 "
58293,80'S,,19,"$4,354.39 ","$3,197.26 "
,OTHER,,32,"$45,026.50 ","$34,362.96 "
,TOTAL,,51,"$49,380.89 ","$37,560.22 "
58294,80'S,,15,"$2,800.57 ","$2,160.46 "
,OTHER,,91,"$43,825.87 ","$34,960.13 "
,TOTAL,,106,"$46,626.44 ","$37,120.59 "
58301,OTHER,,390,"$32,141.92 ","$23,648.70 "
,TOTAL,,390,"$32,141.92 ","$23,648.70 "
58321,OTHER,,6,$420.96 ,$336.77 
,TOTAL,,6,$420.96 ,$336.77 
58322,OTHER,,113,"$9,613.38 ","$7,496.42 "
,TOTAL,,113,"$9,613.38 ","$7,496.42 "
58323,OTHER,,43,$559.79 ,$411.20 
,TOTAL,,43,$559.79 ,$411.20 
58340,OTHER,,"6,914","$1,465,096.60 ","$1,135,528.91 "
,TOTAL,,"6,914","$1,465,096.60 ","$1,135,528.91 "
58345,OTHER,,16,"$3,771.10 ","$2,817.19 "
,TOTAL,,16,"$3,771.10 ","$2,817.19 "
58346,OTHER,,25,"$10,510.45 ","$8,375.53 "
,TOTAL,,25,"$10,510.45 ","$8,375.53 "
58350,SG,,8,"$2,024.39 ","$1,431.49 "
,OTHER,,122,"$5,532.05 ","$4,269.82 "
,TOTAL,,130,"$7,556.44 ","$5,701.31 "
58353,SG,,51,"$31,201.90 ","$23,236.28 "
,80'S,,10,$271.58 ,$208.04 
,OTHER,,488,"$105,107.90 ","$79,838.20 "
,TOTAL,,549,"$136,581.38 ","$103,282.52 "
58400,80'S,,67,"$2,485.12 ","$1,988.10 "
,OTHER,,190,"$45,794.65 ","$36,584.93 "
,TOTAL,,257,"$48,279.77 ","$38,573.03 "
58410,80'S,,1,$119.54 ,$95.63 
,OTHER,,6,"$3,389.18 ","$2,711.35 "
,TOTAL,,7,"$3,508.72 ","$2,806.98 "
58520,80'S,,2,$202.31 ,$161.84 
,OTHER,,5,"$3,106.49 ","$2,485.19 "
,TOTAL,,7,"$3,308.80 ","$2,647.03 "
58540,80'S,,1,$148.76 ,$119.01 
,OTHER,,2,"$1,880.86 ","$1,504.69 "
,TOTAL,,3,"$2,029.62 ","$1,623.70 "
58545,SG,,5,"$6,593.87 ","$5,275.09 "
,80'S,,23,"$2,973.96 ","$2,338.95 "
,OTHER,,117,"$95,904.64 ","$75,680.79 "
,TOTAL,,145,"$105,472.47 ","$83,294.83 "
58546,80'S,,5,$847.25 ,$677.80 
,OTHER,,11,"$11,627.30 ","$9,301.84 "
,TOTAL,,16,"$12,474.55 ","$9,979.64 "
58550,SG,,17,"$22,325.76 ","$17,780.62 "
,80'S,,697,"$92,583.29 ","$71,748.86 "
,OTHER,,"1,519","$1,221,235.21 ","$950,083.64 "
,TOTAL,,"2,233","$1,336,144.26 ","$1,039,613.12 "
58552,80'S,,"1,343","$199,927.22 ","$156,032.24 "
,OTHER,,"3,036","$2,729,419.32 ","$2,135,302.10 "
,TOTAL,,"4,379","$2,929,346.54 ","$2,291,334.34 "
58553,80'S,,25,"$4,381.03 ","$3,424.81 "
,OTHER,,63,"$66,761.34 ","$51,162.11 "
,TOTAL,,88,"$71,142.37 ","$54,586.92 "
58554,80'S,,63,"$12,736.41 ","$10,089.01 "
,OTHER,,190,"$232,457.66 ","$182,425.00 "
,TOTAL,,253,"$245,194.07 ","$192,514.01 "
58555,SG,,196,"$42,143.77 ","$33,362.04 "
,80'S,,4,$84.25 ,$67.40 
,OTHER,,"2,189","$340,306.36 ","$266,005.68 "
,TOTAL,,"2,389","$382,534.38 ","$299,435.12 "
58558,SG,,"4,927","$2,475,206.76 ","$1,951,761.70 "
,OTHER,,"36,355","$9,745,836.00 ","$7,672,280.25 "
,TOTAL,,"41,282","$12,221,042.76 ","$9,624,041.95 "
58559,SG,,12,"$4,926.38 ","$3,911.22 "
,OTHER,,212,"$64,420.76 ","$50,368.30 "
,TOTAL,,224,"$69,347.14 ","$54,279.52 "
58560,SG,,7,"$3,112.30 ","$2,489.85 "
,80'S,,1,$65.75 ,$16.38 
,OTHER,,88,"$33,252.35 ","$25,740.56 "
,TOTAL,,96,"$36,430.40 ","$28,246.79 "
58561,SG,,112,"$50,121.77 ","$39,152.19 "
,80'S,,6,$497.23 ,$397.79 
,OTHER,,"1,087","$608,922.69 ","$478,424.97 "
,TOTAL,,"1,205","$659,541.69 ","$517,974.95 "
58562,SG,,1,$249.25 ,$199.40 
,OTHER,,60,"$16,084.10 ","$12,759.85 "
,TOTAL,,61,"$16,333.35 ","$12,959.25 "
58563,SG,,296,"$183,972.22 ","$143,050.58 "
,80'S,,10,$516.13 ,$412.91 
,OTHER,,"3,074","$1,030,797.72 ","$796,725.54 "
,TOTAL,,"3,380","$1,215,286.07 ","$940,189.03 "
58578,80'S,,25,"$4,564.85 ","$3,651.91 "
,OTHER,,143,"$96,843.72 ","$76,191.59 "
,TOTAL,,168,"$101,408.57 ","$79,843.50 "
58579,OTHER,,44,"$8,854.95 ","$7,035.40 "
,TOTAL,,44,"$8,854.95 ","$7,035.40 "
58600,80'S,,4,$176.43 ,$141.14 
,OTHER,,48,"$13,956.50 ","$10,701.40 "
,TOTAL,,52,"$14,132.93 ","$10,842.54 "
58605,OTHER,,54,"$14,089.06 ","$11,123.62 "
,TOTAL,,54,"$14,089.06 ","$11,123.62 "
58611,80'S,,8,$97.07 ,$69.21 
,OTHER,,120,"$9,266.38 ","$7,359.14 "
,TOTAL,,128,"$9,363.45 ","$7,428.35 "
58615,OTHER,,10,"$2,339.14 ","$1,791.30 "
,TOTAL,,10,"$2,339.14 ","$1,791.30 "
58660,SG,,127,"$89,221.29 ","$68,267.93 "
,80'S,,324,"$28,282.06 ","$22,421.88 "
,OTHER,,"2,451","$1,417,147.01 ","$1,112,320.14 "
,TOTAL,,"2,902","$1,534,650.36 ","$1,203,009.95 "
58661,SG,,200,"$139,617.78 ","$108,659.52 "
,80'S,,"1,592","$155,991.91 ","$123,176.24 "
,OTHER,,"6,395","$3,842,750.87 ","$3,030,431.87 "
,TOTAL,,"8,187","$4,138,360.56 ","$3,262,267.63 "
58662,SG,,184,"$127,902.31 ","$98,304.57 "
,80'S,,169,"$17,301.15 ","$13,492.42 "
,OTHER,,"1,505","$986,696.21 ","$762,067.27 "
,TOTAL,,"1,858","$1,131,899.67 ","$873,864.26 "
58670,SG,,64,"$30,658.95 ","$23,593.73 "
,OTHER,,514,"$170,575.89 ","$132,163.74 "
,TOTAL,,578,"$201,234.84 ","$155,757.47 "
58671,SG,,33,"$15,670.95 ","$11,832.43 "
,OTHER,,292,"$98,682.14 ","$76,642.51 "
,TOTAL,,325,"$114,353.09 ","$88,474.94 "
58672,80'S,,2,$187.80 ,$150.24 
,OTHER,,10,"$6,785.38 ","$5,395.72 "
,TOTAL,,12,"$6,973.18 ","$5,545.96 "
58673,SG,,2,"$1,756.81 ","$1,405.45 "
,80'S,,8,"$1,014.45 ",$811.56 
,OTHER,,37,"$30,437.45 ","$24,349.97 "
,TOTAL,,47,"$33,208.71 ","$26,566.98 "
58679,80'S,,1,$153.43 ,$122.74 
,OTHER,,29,"$13,235.00 ","$10,587.98 "
,TOTAL,,30,"$13,388.43 ","$10,710.72 "
58700,80'S,,93,"$8,068.88 ","$6,375.09 "
,OTHER,,394,"$198,934.03 ","$157,443.77 "
,TOTAL,,487,"$207,002.91 ","$163,818.86 "
58720,80'S,,"2,847","$252,952.16 ","$199,601.72 "
,OTHER,,"8,860","$4,720,098.53 ","$3,733,351.93 "
,TOTAL,,"11,707","$4,973,050.69 ","$3,932,953.65 "
58740,80'S,,419,"$47,798.78 ","$37,719.35 "
,OTHER,,"1,325","$874,078.54 ","$691,428.29 "
,TOTAL,,"1,744","$921,877.32 ","$729,147.64 "
58750,80'S,,1,$146.95 ,$117.56 
,OTHER,,8,"$5,942.74 ","$4,754.21 "
,TOTAL,,9,"$6,089.69 ","$4,871.77 "
58752,OTHER,,1,"$1,065.72 ",$852.58 
,TOTAL,,1,"$1,065.72 ",$852.58 
58760,80'S,,4,$485.56 ,$388.44 
,OTHER,,7,"$5,352.07 ","$4,236.85 "
,TOTAL,,11,"$5,837.63 ","$4,625.29 "
58770,80'S,,4,$519.74 ,$415.79 
,OTHER,,18,"$11,003.73 ","$8,400.05 "
,TOTAL,,22,"$11,523.47 ","$8,815.84 "
58800,SG,,1,$251.30 ,$201.04 
,OTHER,,66,"$14,659.95 ","$11,552.17 "
,TOTAL,,67,"$14,911.25 ","$11,753.21 "
58805,80'S,,6,$222.36 ,$177.89 
,OTHER,,112,"$30,746.67 ","$24,218.51 "
,TOTAL,,118,"$30,969.03 ","$24,396.40 "
58820,80'S,,3,$94.36 ,$75.49 
,OTHER,,11,"$2,234.36 ","$1,787.48 "
,TOTAL,,14,"$2,328.72 ","$1,862.97 "
58822,80'S,,4,$240.54 ,$192.43 
,OTHER,,28,"$13,423.75 ","$10,739.02 "
,TOTAL,,32,"$13,664.29 ","$10,931.45 "
58823,80'S,,13,$225.81 ,$180.65 
,OTHER,,575,"$94,841.53 ","$75,753.63 "
,TOTAL,,588,"$95,067.34 ","$75,934.28 "
58825,80'S,,4,$207.08 ,$165.66 
,OTHER,,8,"$2,850.47 ","$2,280.38 "
,TOTAL,,12,"$3,057.55 ","$2,446.04 "
58900,80'S,,11,$439.23 ,$351.37 
,OTHER,,75,"$19,953.44 ","$15,326.12 "
,TOTAL,,86,"$20,392.67 ","$15,677.49 "
58920,80'S,,8,$635.42 ,$508.31 
,OTHER,,31,"$14,450.57 ","$11,480.44 "
,TOTAL,,39,"$15,085.99 ","$11,988.75 "
58925,80'S,,180,"$14,993.58 ","$11,781.42 "
,OTHER,,772,"$397,271.96 ","$314,410.98 "
,TOTAL,,952,"$412,265.54 ","$326,192.40 "
58940,80'S,,878,"$48,169.92 ","$38,077.90 "
,OTHER,,"3,043","$955,200.67 ","$756,767.36 "
,TOTAL,,"3,921","$1,003,370.59 ","$794,845.26 "
58943,80'S,,138,"$22,354.75 ","$17,723.74 "
,OTHER,,514,"$496,981.99 ","$393,055.56 "
,TOTAL,,652,"$519,336.74 ","$410,779.30 "
58950,80'S,,171,"$25,205.74 ","$20,078.17 "
,OTHER,,751,"$676,120.71 ","$537,402.77 "
,TOTAL,,922,"$701,326.45 ","$557,480.94 "
58951,80'S,,213,"$44,295.35 ","$35,129.13 "
,OTHER,,999,"$1,254,439.72 ","$994,305.03 "
,TOTAL,,"1,212","$1,298,735.07 ","$1,029,434.16 "
58952,80'S,,332,"$77,272.35 ","$61,619.01 "
,OTHER,,"1,654","$2,302,301.54 ","$1,832,676.52 "
,TOTAL,,"1,986","$2,379,573.89 ","$1,894,295.53 "
58953,80'S,,325,"$96,804.85 ","$77,173.51 "
,OTHER,,"1,644","$2,991,708.31 ","$2,388,016.68 "
,TOTAL,,"1,969","$3,088,513.16 ","$2,465,190.19 "
58954,80'S,,179,"$58,097.05 ","$46,477.58 "
,OTHER,,937,"$1,840,865.24 ","$1,467,473.40 "
,TOTAL,,"1,116","$1,898,962.29 ","$1,513,950.98 "
58960,80'S,,169,"$19,578.78 ","$15,434.73 "
,OTHER,,673,"$494,933.72 ","$393,139.66 "
,TOTAL,,842,"$514,512.50 ","$408,574.39 "
58970,OTHER,,3,$613.45 ,$490.77 
,TOTAL,,3,$613.45 ,$490.77 
58974,OTHER,,1,$127.89 ,$102.31 
,TOTAL,,1,$127.89 ,$102.31 
58999,80'S,,62,"$6,298.65 ","$5,022.25 "
,OTHER,,501,"$200,889.78 ","$159,834.20 "
,TOTAL,,563,"$207,188.43 ","$164,856.45 "
59000,OTHER,MATERNITY,774,"$82,571.75 ","$63,237.13 "
,TOTAL,,774,"$82,571.75 ","$63,237.13 "
59001,OTHER,,17,"$2,916.85 ","$2,333.50 "
,TOTAL,,17,"$2,916.85 ","$2,333.50 "
59012,OTHER,,8,"$1,452.05 ","$1,056.69 "
,TOTAL,,8,"$1,452.05 ","$1,056.69 "
59015,OTHER,,28,"$4,267.17 ","$3,358.59 "
,TOTAL,,28,"$4,267.17 ","$3,358.59 "
59020,OTHER,,79,"$3,523.72 ","$2,785.95 "
,TOTAL,,79,"$3,523.72 ","$2,785.95 "
59025,OTHER,,"12,088","$417,121.75 ","$315,944.31 "
,TOTAL,,"12,088","$417,121.75 ","$315,944.31 "
59030,OTHER,,1,$126.84 ,$101.47 
,TOTAL,,1,$126.84 ,$101.47 
59050,OTHER,,110,"$6,873.12 ","$5,485.35 "
,TOTAL,,110,"$6,873.12 ","$5,485.35 "
59051,OTHER,,80,"$3,399.39 ","$2,636.97 "
,TOTAL,,80,"$3,399.39 ","$2,636.97 "
59070,OTHER,,7,$488.57 ,$390.86 
,TOTAL,,7,$488.57 ,$390.86 
59100,OTHER,,20,"$9,127.07 ","$7,301.66 "
,TOTAL,,20,"$9,127.07 ","$7,301.66 "
59120,80'S,,10,"$1,203.01 ",$962.40 
,OTHER,,72,"$48,142.80 ","$38,075.26 "
,TOTAL,,82,"$49,345.81 ","$39,037.66 "
59121,80'S,,1,$126.20 ,$100.96 
,OTHER,,5,"$3,450.76 ","$2,760.61 "
,TOTAL,,6,"$3,576.96 ","$2,861.57 "
59130,OTHER,,3,"$2,563.77 ","$2,051.02 "
,TOTAL,,3,"$2,563.77 ","$2,051.02 "
59136,80'S,,1,$133.89 ,$107.11 
,OTHER,,2,"$1,318.00 ","$1,054.40 "
,TOTAL,,3,"$1,451.89 ","$1,161.51 "
59140,OTHER,,1,$183.79 ,$147.03 
,TOTAL,,1,$183.79 ,$147.03 
59150,80'S,,8,$933.13 ,$746.50 
,OTHER,,23,"$16,061.40 ","$12,309.09 "
,TOTAL,,31,"$16,994.53 ","$13,055.59 "
59151,80'S,,11,"$1,169.77 ",$935.82 
,OTHER,,75,"$50,489.91 ","$38,973.53 "
,TOTAL,,86,"$51,659.68 ","$39,909.35 "
59160,SG,,2,"$1,062.66 ",$850.12 
,OTHER,,71,"$12,354.40 ","$9,682.27 "
,TOTAL,,73,"$13,417.06 ","$10,532.39 "
59200,OTHER,,363,"$24,102.30 ","$17,949.17 "
,TOTAL,,363,"$24,102.30 ","$17,949.17 "
59300,80'S,,1,$9.94 ,$7.95 
,OTHER,,46,"$4,073.70 ","$2,993.80 "
,TOTAL,,47,"$4,083.64 ","$3,001.75 "
59320,SG,,2,$650.04 ,$520.04 
,80'S,,1,$13.81 ,$11.05 
,OTHER,,99,"$15,287.31 ","$12,028.92 "
,TOTAL,,102,"$15,951.16 ","$12,560.01 "
59325,OTHER,,3,$729.40 ,$575.77 
,TOTAL,,3,$729.40 ,$575.77 
59350,80'S,,1,$45.34 ,$36.27 
,OTHER,,6,"$1,439.32 ","$1,083.62 "
,TOTAL,,7,"$1,484.66 ","$1,119.89 "
59400,OTHER,,"3,288","$5,131,231.68 ","$3,986,203.57 "
,TOTAL,,"3,288","$5,131,231.68 ","$3,986,203.57 "
59409,OTHER,,"1,137","$906,377.89 ","$713,325.45 "
,TOTAL,,"1,137","$906,377.89 ","$713,325.45 "
59410,OTHER,,"1,017","$890,346.52 ","$700,748.76 "
,TOTAL,,"1,017","$890,346.52 ","$700,748.76 "
59412,OTHER,,39,"$4,059.91 ","$3,107.30 "
,TOTAL,,39,"$4,059.91 ","$3,107.30 "
59414,OTHER,,27,"$2,370.27 ","$1,781.73 "
,TOTAL,,27,"$2,370.27 ","$1,781.73 "
59425,OTHER,,"1,480","$220,643.17 ","$171,071.76 "
,TOTAL,,"1,480","$220,643.17 ","$171,071.76 "
59426,OTHER,,"1,518","$401,586.09 ","$310,515.18 "
,TOTAL,,"1,518","$401,586.09 ","$310,515.18 "
59430,OTHER,,917,"$106,964.92 ","$80,277.61 "
,TOTAL,,917,"$106,964.92 ","$80,277.61 "
59510,80'S,,2,$592.26 ,$473.81 
,OTHER,,"2,231","$4,009,460.09 ","$3,069,620.10 "
,TOTAL,,"2,233","$4,010,052.35 ","$3,070,093.91 "
59514,80'S,,928,"$138,318.69 ","$106,843.87 "
,OTHER,,867,"$782,393.61 ","$620,642.94 "
,TOTAL,,"1,795","$920,712.30 ","$727,486.81 "
59515,OTHER,,847,"$893,565.19 ","$706,038.95 "
,TOTAL,,847,"$893,565.19 ","$706,038.95 "
59525,80'S,,2,$169.14 ,$135.32 
,OTHER,,6,"$2,980.85 ","$2,384.67 "
,TOTAL,,8,"$3,149.99 ","$2,519.99 "
59610,OTHER,,58,"$96,344.15 ","$76,651.87 "
,TOTAL,,58,"$96,344.15 ","$76,651.87 "
59612,OTHER,,32,"$28,147.59 ","$22,208.06 "
,TOTAL,,32,"$28,147.59 ","$22,208.06 "
59614,OTHER,,20,"$19,725.79 ","$15,776.28 "
,TOTAL,,20,"$19,725.79 ","$15,776.28 "
59618,OTHER,,23,"$44,618.54 ","$34,465.92 "
,TOTAL,,23,"$44,618.54 ","$34,465.92 "
59620,80'S,,5,$904.25 ,$643.40 
,OTHER,,11,"$11,321.46 ","$9,057.18 "
,TOTAL,,16,"$12,225.71 ","$9,700.58 "
59622,80'S,,1,$182.87 ,$146.30 
,OTHER,,4,"$4,265.89 ","$3,412.71 "
,TOTAL,,5,"$4,448.76 ","$3,559.01 "
59812,SG,,10,"$6,700.33 ","$5,280.27 "
,OTHER,,381,"$98,600.45 ","$77,605.13 "
,TOTAL,,391,"$105,300.78 ","$82,885.40 "
59820,SG,,40,"$28,986.79 ","$21,385.16 "
,OTHER,,605,"$183,136.39 ","$141,782.18 "
,TOTAL,,645,"$212,123.18 ","$163,167.34 "
59821,OTHER,,39,"$12,358.06 ","$9,882.51 "
,TOTAL,,39,"$12,358.06 ","$9,882.51 "
59830,OTHER,,6,"$2,437.31 ","$1,869.85 "
,TOTAL,,6,"$2,437.31 ","$1,869.85 "
59840,SG,,7,"$5,338.85 ","$4,271.08 "
,OTHER,,31,"$6,740.69 ","$5,322.58 "
,TOTAL,,38,"$12,079.54 ","$9,593.66 "
59841,SG,,1,$702.80 ,$562.24 
,OTHER,,22,"$7,487.36 ","$5,886.36 "
,TOTAL,,23,"$8,190.16 ","$6,448.60 "
59850,OTHER,,1,$417.33 ,$333.86 
,TOTAL,,1,$417.33 ,$333.86 
59851,OTHER,,2,$801.44 ,$641.15 
,TOTAL,,2,$801.44 ,$641.15 
59855,OTHER,,6,"$2,279.17 ","$1,823.33 "
,TOTAL,,6,"$2,279.17 ","$1,823.33 "
59856,OTHER,,2,"$1,007.79 ",$806.23 
,TOTAL,,2,"$1,007.79 ",$806.23 
59870,OTHER,,7,"$2,463.09 ","$1,970.48 "
,TOTAL,,7,"$2,463.09 ","$1,970.48 "
59871,OTHER,,21,"$2,679.13 ","$1,972.02 "
,TOTAL,,21,"$2,679.13 ","$1,972.02 "
59899,OTHER,,4,"$1,460.75 ","$1,168.60 "
,TOTAL,,4,"$1,460.75 ","$1,168.60 "
60000,SG,ENDOCRINE,1,$176.35 ,$141.08 
,80'S,,1,$12.39 ,$9.91 
,OTHER,,36,"$2,915.66 ","$2,117.55 "
,TOTAL,,38,"$3,104.40 ","$2,268.54 "
60001,OTHER,,"5,184","$163,246.20 ","$122,460.20 "
,TOTAL,,"5,184","$163,246.20 ","$122,460.20 "
60100,OTHER,,"19,658","$1,745,883.31 ","$1,363,818.51 "
,TOTAL,,"19,658","$1,745,883.31 ","$1,363,818.51 "
60200,SG,,16,"$6,928.84 ","$5,504.37 "
,80'S,,182,"$13,113.04 ","$10,406.22 "
,OTHER,,"1,862","$968,583.18 ","$769,666.76 "
,TOTAL,,"2,060","$988,625.06 ","$785,577.35 "
60210,80'S,,472,"$43,004.07 ","$34,057.94 "
,OTHER,,"1,794","$980,079.65 ","$775,848.27 "
,TOTAL,,"2,266","$1,023,083.72 ","$809,906.21 "
60212,80'S,,71,"$9,888.97 ","$7,911.17 "
,OTHER,,293,"$255,789.49 ","$202,104.22 "
,TOTAL,,364,"$265,678.46 ","$210,015.39 "
60220,80'S,,"2,199","$243,867.50 ","$192,140.62 "
,OTHER,,"7,911","$5,187,537.95 ","$4,091,878.48 "
,TOTAL,,"10,110","$5,431,405.45 ","$4,284,019.10 "
60225,80'S,,355,"$47,762.43 ","$37,663.78 "
,OTHER,,"1,295","$1,059,141.32 ","$837,686.89 "
,TOTAL,,"1,650","$1,106,903.75 ","$875,350.67 "
60240,80'S,,"1,569","$233,072.95 ","$183,516.91 "
,OTHER,,"5,792","$5,113,936.19 ","$4,029,718.68 "
,TOTAL,,"7,361","$5,347,009.14 ","$4,213,235.59 "
60252,80'S,,242,"$46,803.12 ","$37,161.01 "
,OTHER,,842,"$996,341.13 ","$788,578.30 "
,TOTAL,,"1,084","$1,043,144.25 ","$825,739.31 "
60254,80'S,,45,"$11,345.05 ","$9,076.01 "
,OTHER,,216,"$337,201.25 ","$264,924.88 "
,TOTAL,,261,"$348,546.30 ","$274,000.89 "
60260,80'S,,205,"$33,398.28 ","$26,638.66 "
,OTHER,,946,"$905,872.45 ","$717,041.39 "
,TOTAL,,"1,151","$939,270.73 ","$743,680.05 "
60270,80'S,,61,"$11,720.08 ","$9,376.07 "
,OTHER,,251,"$259,572.06 ","$204,820.08 "
,TOTAL,,312,"$271,292.14 ","$214,196.15 "
60271,80'S,,228,"$35,821.38 ","$28,434.69 "
,OTHER,,935,"$896,702.02 ","$711,684.06 "
,TOTAL,,"1,163","$932,523.40 ","$740,118.75 "
60280,SG,,31,"$19,181.07 ","$15,306.17 "
,80'S,,54,"$3,436.88 ","$2,746.47 "
,OTHER,,360,"$139,381.74 ","$110,677.94 "
,TOTAL,,445,"$161,999.69 ","$128,730.58 "
60281,80'S,,2,$191.26 ,$153.01 
,OTHER,,16,"$8,279.64 ","$6,623.70 "
,TOTAL,,18,"$8,470.90 ","$6,776.71 "
60500,80'S,,"3,141","$471,457.25 ","$373,965.10 "
,OTHER,,"12,899","$11,696,360.80 ","$9,268,685.84 "
,TOTAL,,"16,040","$12,167,818.05 ","$9,642,650.94 "
60502,80'S,,98,"$19,049.85 ","$15,159.81 "
,OTHER,,576,"$662,817.16 ","$522,121.48 "
,TOTAL,,674,"$681,867.01 ","$537,281.29 "
60505,80'S,,28,"$5,779.76 ","$4,623.78 "
,OTHER,,136,"$154,893.80 ","$122,224.30 "
,TOTAL,,164,"$160,673.56 ","$126,848.08 "
60512,80'S,,276,"$10,728.66 ","$8,425.87 "
,OTHER,,"1,667","$398,307.39 ","$315,472.69 "
,TOTAL,,"1,943","$409,036.05 ","$323,898.56 "
60520,80'S,,52,"$7,029.75 ","$5,623.77 "
,OTHER,,237,"$213,095.96 ","$169,414.11 "
,TOTAL,,289,"$220,125.71 ","$175,037.88 "
60521,80'S,,62,"$8,877.78 ","$7,102.22 "
,OTHER,,335,"$278,732.39 ","$220,963.71 "
,TOTAL,,397,"$287,610.17 ","$228,065.93 "
60522,80'S,,24,"$4,648.66 ","$3,638.91 "
,OTHER,,159,"$182,263.42 ","$141,320.48 "
,TOTAL,,183,"$186,912.08 ","$144,959.39 "
60540,80'S,,291,"$37,892.90 ","$30,307.93 "
,OTHER,,808,"$633,892.22 ","$503,474.58 "
,TOTAL,,"1,099","$671,785.12 ","$533,782.51 "
60545,80'S,,59,"$9,023.44 ","$7,098.30 "
,OTHER,,185,"$173,678.76 ","$138,530.98 "
,TOTAL,,244,"$182,702.20 ","$145,629.28 "
60600,80'S,,45,"$8,109.31 ","$6,487.43 "
,OTHER,,126,"$133,004.87 ","$105,559.70 "
,TOTAL,,171,"$141,114.18 ","$112,047.13 "
60605,80'S,,6,"$1,113.05 ",$890.44 
,OTHER,,34,"$38,529.99 ","$30,744.01 "
,TOTAL,,40,"$39,643.04 ","$31,634.45 "
60650,80'S,,211,"$37,755.07 ","$29,607.69 "
,OTHER,,652,"$703,062.48 ","$552,836.90 "
,TOTAL,,863,"$740,817.55 ","$582,444.59 "
60659,80'S,,2,$312.72 ,$250.18 
,OTHER,,16,"$11,127.15 ","$8,901.74 "
,TOTAL,,18,"$11,439.87 ","$9,151.92 "
60699,80'S,,18,"$1,226.28 ",$981.02 
,OTHER,,162,"$68,783.76 ","$55,018.93 "
,TOTAL,,180,"$70,010.04 ","$55,999.95 "
61000,OTHER,,92,"$2,586.43 ","$2,030.32 "
,TOTAL,,92,"$2,586.43 ","$2,030.32 "
61001,OTHER,,35,$591.02 ,$408.28 
,TOTAL,,35,$591.02 ,$408.28 
61020,OTHER,,453,"$49,090.13 ","$37,839.65 "
,TOTAL,,453,"$49,090.13 ","$37,839.65 "
61026,OTHER,,415,"$48,011.32 ","$37,471.23 "
,TOTAL,,415,"$48,011.32 ","$37,471.23 "
61050,OTHER,,242,"$26,777.70 ","$20,734.68 "
,TOTAL,,242,"$26,777.70 ","$20,734.68 "
61055,SG,,36,"$11,926.68 ","$9,485.30 "
,OTHER,,"1,846","$242,606.41 ","$190,335.86 "
,TOTAL,,"1,882","$254,533.09 ","$199,821.16 "
61070,SG,,5,"$1,515.44 ","$1,132.35 "
,OTHER,,"2,313","$167,322.08 ","$130,037.73 "
,TOTAL,,"2,318","$168,837.52 ","$131,170.08 "
61105,OTHER,,126,"$35,890.72 ","$28,678.93 "
,TOTAL,,126,"$35,890.72 ","$28,678.93 "
61107,OTHER,,"3,461","$1,216,802.85 ","$966,065.69 "
,TOTAL,,"3,461","$1,216,802.85 ","$966,065.69 "
61108,OTHER,,633,"$415,742.72 ","$331,372.19 "
,TOTAL,,633,"$415,742.72 ","$331,372.19 "
61120,OTHER,,91,"$42,426.26 ","$33,900.15 "
,TOTAL,,91,"$42,426.26 ","$33,900.15 "
61140,80'S,,39,"$6,117.99 ","$4,894.37 "
,OTHER,,459,"$411,000.99 ","$327,073.14 "
,TOTAL,,498,"$417,118.98 ","$331,967.51 "
61150,OTHER,,96,"$101,887.03 ","$80,398.97 "
,TOTAL,,96,"$101,887.03 ","$80,398.97 "
61151,OTHER,,19,"$10,769.92 ","$8,615.94 "
,TOTAL,,19,"$10,769.92 ","$8,615.94 "
61154,80'S,,362,"$58,116.54 ","$46,383.80 "
,OTHER,,"8,311","$8,013,584.94 ","$6,381,463.84 "
,TOTAL,,"8,673","$8,071,701.48 ","$6,427,847.64 "
61156,80'S,,34,"$4,978.76 ","$3,983.01 "
,OTHER,,134,"$128,533.49 ","$102,730.05 "
,TOTAL,,168,"$133,512.25 ","$106,713.06 "
61210,80'S,,1,$58.52 ,$46.82 
,OTHER,,"1,901","$761,831.01 ","$604,189.15 "
,TOTAL,,"1,902","$761,889.53 ","$604,235.97 "
61215,SG,,2,$964.26 ,$771.40 
,OTHER,,298,"$101,698.50 ","$79,470.53 "
,TOTAL,,300,"$102,662.76 ","$80,241.93 "
61250,OTHER,,18,"$12,722.51 ","$10,178.02 "
,TOTAL,,18,"$12,722.51 ","$10,178.02 "
61253,80'S,,2,$209.56 ,$167.64 
,OTHER,,11,"$7,642.86 ","$6,114.27 "
,TOTAL,,13,"$7,852.42 ","$6,281.91 "
61304,80'S,,22,"$5,124.83 ","$4,099.89 "
,OTHER,,294,"$391,781.52 ","$309,555.32 "
,TOTAL,,316,"$396,906.35 ","$313,655.21 "
61305,80'S,,7,"$1,772.30 ","$1,417.84 "
,OTHER,,47,"$69,273.26 ","$55,418.62 "
,TOTAL,,54,"$71,045.56 ","$56,836.46 "
61312,80'S,,904,"$228,029.50 ","$182,018.20 "
,OTHER,,"10,619","$15,321,843.55 ","$12,199,554.85 "
,TOTAL,,"11,523","$15,549,873.05 ","$12,381,573.05 "
61313,80'S,,239,"$61,703.41 ","$48,303.58 "
,OTHER,,"2,361","$3,441,956.76 ","$2,731,678.78 "
,TOTAL,,"2,600","$3,503,660.17 ","$2,779,982.36 "
61314,80'S,,51,"$11,730.34 ","$9,362.52 "
,OTHER,,470,"$633,469.86 ","$505,573.33 "
,TOTAL,,521,"$645,200.20 ","$514,935.85 "
61315,80'S,,68,"$19,177.11 ","$15,341.72 "
,OTHER,,753,"$1,219,850.14 ","$973,040.12 "
,TOTAL,,821,"$1,239,027.25 ","$988,381.84 "
61316,OTHER,,48,"$4,501.56 ","$3,601.24 "
,TOTAL,,48,"$4,501.56 ","$3,601.24 "
61320,80'S,,20,"$5,364.00 ","$4,291.22 "
,OTHER,,254,"$374,289.88 ","$296,432.28 "
,TOTAL,,274,"$379,653.88 ","$300,723.50 "
61321,80'S,,1,$374.52 ,$299.62 
,OTHER,,12,"$22,537.16 ","$16,722.60 "
,TOTAL,,13,"$22,911.68 ","$17,022.22 "
61322,80'S,,6,"$1,696.69 ","$1,357.35 "
,OTHER,,129,"$215,715.48 ","$169,954.67 "
,TOTAL,,135,"$217,412.17 ","$171,312.02 "
61323,OTHER,,97,"$173,015.52 ","$138,379.14 "
,TOTAL,,97,"$173,015.52 ","$138,379.14 "
61330,80'S,,4,$803.70 ,$562.96 
,OTHER,,29,"$36,622.36 ","$29,297.90 "
,TOTAL,,33,"$37,426.06 ","$29,860.86 "
61332,80'S,,1,$263.12 ,$210.50 
,OTHER,,24,"$39,214.16 ","$31,371.30 "
,TOTAL,,25,"$39,477.28 ","$31,581.80 "
61333,80'S,,6,"$1,294.99 ","$1,036.00 "
,OTHER,,37,"$51,000.47 ","$40,800.37 "
,TOTAL,,43,"$52,295.46 ","$41,836.37 "
61334,OTHER,,11,"$9,060.14 ","$7,248.10 "
,TOTAL,,11,"$9,060.14 ","$7,248.10 "
61340,80'S,,12,"$1,279.21 ","$1,023.35 "
,OTHER,,40,"$33,252.69 ","$26,602.18 "
,TOTAL,,52,"$34,531.90 ","$27,625.53 "
61343,80'S,,75,"$21,920.82 ","$17,284.67 "
,OTHER,,394,"$698,471.94 ","$545,680.75 "
,TOTAL,,469,"$720,392.76 ","$562,965.42 "
61345,80'S,,13,"$3,133.53 ","$2,506.82 "
,OTHER,,65,"$94,362.09 ","$73,733.76 "
,TOTAL,,78,"$97,495.62 ","$76,240.58 "
61450,80'S,,2,$507.16 ,$405.72 
,OTHER,,11,"$15,409.91 ","$12,327.92 "
,TOTAL,,13,"$15,917.07 ","$12,733.64 "
61458,80'S,,59,"$15,783.13 ","$12,328.08 "
,OTHER,,610,"$977,537.79 ","$774,634.05 "
,TOTAL,,669,"$993,320.92 ","$786,962.13 "
61460,80'S,,11,"$3,249.24 ","$2,599.39 "
,OTHER,,69,"$112,031.95 ","$88,083.15 "
,TOTAL,,80,"$115,281.19 ","$90,682.54 "
61470,OTHER,,3,"$2,022.79 ","$1,538.24 "
,TOTAL,,3,"$2,022.79 ","$1,538.24 "
61480,OTHER,,2,"$1,050.00 ",$840.00 
,TOTAL,,2,"$1,050.00 ",$840.00 
61490,80'S,,5,"$1,065.55 ",$852.45 
,OTHER,,12,"$17,004.45 ","$13,603.54 "
,TOTAL,,17,"$18,070.00 ","$14,455.99 "
61500,80'S,,53,"$8,886.22 ","$7,100.68 "
,OTHER,,491,"$491,956.36 ","$390,295.01 "
,TOTAL,,544,"$500,842.58 ","$397,395.69 "
61501,80'S,,7,"$1,073.86 ",$859.08 
,OTHER,,99,"$81,022.80 ","$64,539.79 "
,TOTAL,,106,"$82,096.66 ","$65,398.87 "
61510,80'S,,"1,148","$345,297.36 ","$273,810.86 "
,OTHER,,"7,686","$13,012,640.49 ","$10,322,336.42 "
,TOTAL,,"8,834","$13,357,937.85 ","$10,596,147.28 "
61512,80'S,,593,"$214,791.29 ","$169,098.81 "
,OTHER,,"3,103","$6,452,816.68 ","$5,123,556.36 "
,TOTAL,,"3,696","$6,667,607.97 ","$5,292,655.17 "
61514,80'S,,19,"$5,107.63 ","$4,086.10 "
,OTHER,,167,"$243,442.65 ","$193,109.34 "
,TOTAL,,186,"$248,550.28 ","$197,195.44 "
61516,80'S,,17,"$4,183.86 ","$3,347.08 "
,OTHER,,117,"$165,757.23 ","$131,079.82 "
,TOTAL,,134,"$169,941.09 ","$134,426.90 "
61517,80'S,,1,$11.87 ,$9.50 
,OTHER,,442,"$33,575.79 ","$26,391.01 "
,TOTAL,,443,"$33,587.66 ","$26,400.51 "
61518,80'S,,252,"$97,331.15 ","$76,941.33 "
,OTHER,,"1,626","$3,062,640.90 ","$2,430,353.30 "
,TOTAL,,"1,878","$3,159,972.05 ","$2,507,294.63 "
61519,80'S,,70,"$30,528.49 ","$24,346.87 "
,OTHER,,382,"$926,267.84 ","$723,843.74 "
,TOTAL,,452,"$956,796.33 ","$748,190.61 "
61520,80'S,,45,"$24,795.69 ","$19,443.43 "
,OTHER,,376,"$1,066,706.89 ","$847,098.60 "
,TOTAL,,421,"$1,091,502.58 ","$866,542.03 "
61521,80'S,,14,"$6,465.62 ","$5,172.51 "
,OTHER,,74,"$200,722.91 ","$158,710.82 "
,TOTAL,,88,"$207,188.53 ","$163,883.33 "
61522,80'S,,7,"$2,137.13 ","$1,709.71 "
,OTHER,,21,"$38,674.74 ","$30,939.80 "
,TOTAL,,28,"$40,811.87 ","$32,649.51 "
61524,80'S,,7,"$2,085.93 ","$1,668.75 "
,OTHER,,54,"$78,637.34 ","$62,909.91 "
,TOTAL,,61,"$80,723.27 ","$64,578.66 "
61526,80'S,,1,$584.66 ,$467.73 
,OTHER,,138,"$370,260.43 ","$293,976.87 "
,TOTAL,,139,"$370,845.09 ","$294,444.60 "
61530,OTHER,,44,"$89,789.93 ","$70,295.17 "
,TOTAL,,44,"$89,789.93 ","$70,295.17 "
61531,80'S,,1,$159.70 ,$127.76 
,OTHER,,64,"$34,367.67 ","$27,346.14 "
,TOTAL,,65,"$34,527.37 ","$27,473.90 "
61533,80'S,,7,"$1,332.84 ","$1,066.28 "
,OTHER,,126,"$137,087.21 ","$109,589.90 "
,TOTAL,,133,"$138,420.05 ","$110,656.18 "
61534,OTHER,,31,"$35,909.83 ","$28,644.17 "
,TOTAL,,31,"$35,909.83 ","$28,644.17 "
61535,OTHER,,47,"$32,311.49 ","$25,849.17 "
,TOTAL,,47,"$32,311.49 ","$25,849.17 "
61536,80'S,,3,"$1,157.77 ",$926.22 
,OTHER,,49,"$108,920.42 ","$87,136.38 "
,TOTAL,,52,"$110,078.19 ","$88,062.60 "
61537,80'S,,9,"$2,390.83 ","$1,912.66 "
,OTHER,,147,"$181,870.42 ","$144,448.18 "
,TOTAL,,156,"$184,261.25 ","$146,360.84 "
61538,80'S,,5,"$1,135.09 ",$908.06 
,OTHER,,120,"$185,377.12 ","$144,737.10 "
,TOTAL,,125,"$186,512.21 ","$145,645.16 "
61539,80'S,,3,"$1,118.00 ",$894.40 
,OTHER,,15,"$27,012.11 ","$21,609.68 "
,TOTAL,,18,"$28,130.11 ","$22,504.08 "
61540,80'S,,7,"$2,238.30 ","$1,790.65 "
,OTHER,,29,"$58,574.83 ","$46,843.07 "
,TOTAL,,36,"$60,813.13 ","$48,633.72 "
61541,80'S,,1,$290.99 ,$232.79 
,OTHER,,20,"$36,618.23 ","$29,294.61 "
,TOTAL,,21,"$36,909.22 ","$29,527.40 "
61542,OTHER,,4,"$8,856.31 ","$7,085.04 "
,TOTAL,,4,"$8,856.31 ","$7,085.04 "
61543,80'S,,1,$391.48 ,$313.18 
,OTHER,,9,"$16,041.45 ","$12,833.16 "
,TOTAL,,10,"$16,432.93 ","$13,146.34 "
61544,80'S,,1,$375.66 ,$300.53 
,OTHER,,3,"$4,339.60 ","$3,471.68 "
,TOTAL,,4,"$4,715.26 ","$3,772.21 "
61545,80'S,,7,"$3,312.06 ","$2,649.66 "
,OTHER,,32,"$93,287.40 ","$72,808.71 "
,TOTAL,,39,"$96,599.46 ","$75,458.37 "
61546,80'S,,18,"$5,709.49 ","$4,567.58 "
,OTHER,,79,"$134,078.11 ","$106,475.07 "
,TOTAL,,97,"$139,787.60 ","$111,042.65 "
61548,80'S,,120,"$26,385.83 ","$21,108.60 "
,OTHER,,"2,239","$2,405,202.65 ","$1,907,835.62 "
,TOTAL,,"2,359","$2,431,588.48 ","$1,928,944.22 "
61550,OTHER,,2,"$1,745.38 ","$1,396.30 "
,TOTAL,,2,"$1,745.38 ","$1,396.30 "
61552,OTHER,,2,"$1,620.69 ","$1,296.55 "
,TOTAL,,2,"$1,620.69 ","$1,296.55 "
61556,80'S,,2,$322.70 ,$258.16 
,OTHER,,5,"$5,496.30 ","$4,397.04 "
,TOTAL,,7,"$5,819.00 ","$4,655.20 "
61557,80'S,,1,$128.72 ,$102.98 
,OTHER,,3,"$2,684.02 ","$2,147.21 "
,TOTAL,,4,"$2,812.74 ","$2,250.19 "
61559,80'S,,1,$525.00 ,$420.00 
,OTHER,,1,"$1,205.19 ",$964.15 
,TOTAL,,2,"$1,730.19 ","$1,384.15 "
61563,80'S,,3,"$2,452.20 ","$1,961.77 "
,OTHER,,20,"$27,567.74 ","$22,054.21 "
,TOTAL,,23,"$30,019.94 ","$24,015.98 "
61564,80'S,,5,"$1,542.75 ","$1,234.20 "
,OTHER,,9,"$14,847.15 ","$11,877.73 "
,TOTAL,,14,"$16,389.90 ","$13,111.93 "
61566,80'S,,1,$269.51 ,$215.61 
,OTHER,,41,"$74,593.87 ","$59,595.10 "
,TOTAL,,42,"$74,863.38 ","$59,810.71 "
61567,OTHER,,8,"$15,963.86 ","$12,771.08 "
,TOTAL,,8,"$15,963.86 ","$12,771.08 "
61570,80'S,,5,"$1,252.02 ",$925.30 
,OTHER,,27,"$39,482.40 ","$30,287.74 "
,TOTAL,,32,"$40,734.42 ","$31,213.04 "
61571,OTHER,,21,"$33,691.93 ","$26,953.56 "
,TOTAL,,21,"$33,691.93 ","$26,953.56 "
61575,80'S,,7,"$2,347.51 ","$1,877.99 "
,OTHER,,103,"$156,000.38 ","$124,685.43 "
,TOTAL,,110,"$158,347.89 ","$126,563.42 "
61576,80'S,,1,$553.55 ,$442.84 
,OTHER,,8,"$27,901.94 ","$22,321.56 "
,TOTAL,,9,"$28,455.49 ","$22,764.40 "
61580,80'S,,11,"$4,059.86 ","$3,247.88 "
,OTHER,,119,"$240,073.67 ","$190,311.07 "
,TOTAL,,130,"$244,133.53 ","$193,558.95 "
61581,80'S,,1,$368.18 ,$294.54 
,OTHER,,47,"$89,660.73 ","$71,715.17 "
,TOTAL,,48,"$90,028.91 ","$72,009.71 "
61582,80'S,,7,"$2,687.61 ","$2,096.48 "
,OTHER,,67,"$140,568.11 ","$111,902.74 "
,TOTAL,,74,"$143,255.72 ","$113,999.22 "
61583,80'S,,43,"$16,641.50 ","$13,277.52 "
,OTHER,,186,"$410,259.44 ","$326,127.01 "
,TOTAL,,229,"$426,900.94 ","$339,404.53 "
61584,80'S,,24,"$7,805.59 ","$6,018.86 "
,OTHER,,216,"$427,386.95 ","$338,880.19 "
,TOTAL,,240,"$435,192.54 ","$344,899.05 "
61585,80'S,,2,$615.91 ,$492.73 
,OTHER,,18,"$28,365.37 ","$22,692.28 "
,TOTAL,,20,"$28,981.28 ","$23,185.01 "
61586,80'S,,4,$614.94 ,$491.96 
,OTHER,,29,"$35,739.49 ","$27,620.16 "
,TOTAL,,33,"$36,354.43 ","$28,112.12 "
61590,80'S,,23,"$9,775.06 ","$7,820.04 "
,OTHER,,166,"$434,366.94 ","$346,213.18 "
,TOTAL,,189,"$444,142.00 ","$354,033.22 "
61591,80'S,,8,"$3,587.51 ","$2,870.01 "
,OTHER,,84,"$219,008.17 ","$173,611.77 "
,TOTAL,,92,"$222,595.68 ","$176,481.78 "
61592,80'S,,35,"$11,857.56 ","$9,311.13 "
,OTHER,,268,"$531,406.91 ","$419,229.30 "
,TOTAL,,303,"$543,264.47 ","$428,540.43 "
61595,80'S,,13,"$3,547.15 ","$2,837.71 "
,OTHER,,229,"$327,199.42 ","$259,453.03 "
,TOTAL,,242,"$330,746.57 ","$262,290.74 "
61596,80'S,,18,"$6,852.45 ","$5,481.93 "
,OTHER,,82,"$158,766.15 ","$126,605.43 "
,TOTAL,,100,"$165,618.60 ","$132,087.36 "
61597,80'S,,19,"$5,215.94 ","$4,172.74 "
,OTHER,,120,"$185,189.49 ","$147,970.01 "
,TOTAL,,139,"$190,405.43 ","$152,142.75 "
61598,80'S,,4,"$1,396.01 ","$1,116.81 "
,OTHER,,48,"$76,795.47 ","$60,836.73 "
,TOTAL,,52,"$78,191.48 ","$61,953.54 "
61600,80'S,,16,"$2,855.05 ","$2,171.55 "
,OTHER,,208,"$242,897.35 ","$192,946.02 "
,TOTAL,,224,"$245,752.40 ","$195,117.57 "
61601,80'S,,45,"$8,831.08 ","$7,064.85 "
,OTHER,,334,"$364,512.82 ","$289,600.64 "
,TOTAL,,379,"$373,343.90 ","$296,665.49 "
61605,80'S,,20,"$4,370.22 ","$3,496.16 "
,OTHER,,233,"$343,638.92 ","$271,264.43 "
,TOTAL,,253,"$348,009.14 ","$274,760.59 "
61606,80'S,,29,"$9,418.41 ","$7,497.66 "
,OTHER,,123,"$222,432.05 ","$176,387.23 "
,TOTAL,,152,"$231,850.46 ","$183,884.89 "
61607,80'S,,7,"$1,793.72 ","$1,434.98 "
,OTHER,,68,"$119,965.03 ","$95,972.05 "
,TOTAL,,75,"$121,758.75 ","$97,407.03 "
61608,80'S,,20,"$9,807.09 ","$7,610.90 "
,OTHER,,166,"$461,477.00 ","$363,998.35 "
,TOTAL,,186,"$471,284.09 ","$371,609.25 "
61610,OTHER,,5,"$8,654.66 ","$6,923.73 "
,TOTAL,,5,"$8,654.66 ","$6,923.73 "
61612,80'S,,1,$309.00 ,$247.20 
,OTHER,,3,"$4,105.65 ","$3,284.52 "
,TOTAL,,4,"$4,414.65 ","$3,531.72 "
61613,80'S,,5,"$1,734.83 ","$1,387.88 "
,OTHER,,26,"$67,932.20 ","$54,345.76 "
,TOTAL,,31,"$69,667.03 ","$55,733.64 "
61615,80'S,,13,"$3,931.56 ","$3,145.24 "
,OTHER,,90,"$158,330.12 ","$125,063.75 "
,TOTAL,,103,"$162,261.68 ","$128,208.99 "
61616,80'S,,61,"$30,276.11 ","$24,220.84 "
,OTHER,,383,"$1,017,374.75 ","$802,682.00 "
,TOTAL,,444,"$1,047,650.86 ","$826,902.84 "
61618,80'S,,116,"$12,722.22 ","$10,032.49 "
,OTHER,,620,"$408,821.94 ","$323,293.53 "
,TOTAL,,736,"$421,544.16 ","$333,326.02 "
61619,80'S,,13,"$1,603.66 ","$1,282.93 "
,OTHER,,120,"$91,421.43 ","$72,578.31 "
,TOTAL,,133,"$93,025.09 ","$73,861.24 "
61623,OTHER,,242,"$115,884.67 ","$92,580.19 "
,TOTAL,,242,"$115,884.67 ","$92,580.19 "
61624,OTHER,,"2,773","$2,900,914.85 ","$2,303,220.54 "
,TOTAL,,"2,773","$2,900,914.85 ","$2,303,220.54 "
61626,OTHER,,"1,072","$878,365.36 ","$700,632.25 "
,TOTAL,,"1,072","$878,365.36 ","$700,632.25 "
61680,80'S,,18,"$5,659.34 ","$4,456.62 "
,OTHER,,107,"$198,954.22 ","$157,314.28 "
,TOTAL,,125,"$204,613.56 ","$161,770.90 "
61682,80'S,,21,"$13,525.61 ","$10,801.44 "
,OTHER,,98,"$364,390.41 ","$288,524.12 "
,TOTAL,,119,"$377,916.02 ","$299,325.56 "
61684,80'S,,3,"$1,158.17 ",$926.53 
,OTHER,,16,"$37,454.88 ","$29,883.92 "
,TOTAL,,19,"$38,613.05 ","$30,810.45 "
61686,80'S,,6,"$3,973.15 ","$3,178.51 "
,OTHER,,27,"$95,276.73 ","$72,795.62 "
,TOTAL,,33,"$99,249.88 ","$75,974.13 "
61690,OTHER,,13,"$21,599.42 ","$17,230.47 "
,TOTAL,,13,"$21,599.42 ","$17,230.47 "
61692,80'S,,2,$955.06 ,$764.05 
,OTHER,,21,"$67,636.83 ","$51,804.90 "
,TOTAL,,23,"$68,591.89 ","$52,568.95 "
61697,80'S,,171,"$89,865.96 ","$70,486.98 "
,OTHER,,865,"$2,688,715.57 ","$2,122,449.40 "
,TOTAL,,"1,036","$2,778,581.53 ","$2,192,936.38 "
61698,80'S,,16,"$8,118.35 ","$6,494.67 "
,OTHER,,66,"$195,314.59 ","$156,171.66 "
,TOTAL,,82,"$203,432.94 ","$162,666.33 "
61700,80'S,,305,"$157,907.34 ","$124,910.88 "
,OTHER,,"1,323","$3,954,486.83 ","$3,131,778.97 "
,TOTAL,,"1,628","$4,112,394.17 ","$3,256,689.85 "
61702,80'S,,9,"$4,297.44 ","$3,437.95 "
,OTHER,,55,"$133,770.00 ","$105,724.15 "
,TOTAL,,64,"$138,067.44 ","$109,162.10 "
61703,80'S,,1,$220.37 ,$166.11 
,OTHER,,11,"$6,363.21 ","$4,392.88 "
,TOTAL,,12,"$6,583.58 ","$4,558.99 "
61705,OTHER,,8,"$13,792.83 ","$11,034.25 "
,TOTAL,,8,"$13,792.83 ","$11,034.25 "
61708,80'S,,1,$161.48 ,$129.18 
,OTHER,,72,"$137,314.65 ","$106,930.32 "
,TOTAL,,73,"$137,476.13 ","$107,059.50 "
61710,80'S,,6,"$1,634.85 ","$1,307.86 "
,OTHER,,247,"$413,986.42 ","$329,907.55 "
,TOTAL,,253,"$415,621.27 ","$331,215.41 "
61711,80'S,,11,"$3,918.06 ","$3,134.46 "
,OTHER,,68,"$150,747.96 ","$118,852.28 "
,TOTAL,,79,"$154,666.02 ","$121,986.74 "
61720,OTHER,,122,"$91,357.03 ","$73,036.00 "
,TOTAL,,122,"$91,357.03 ","$73,036.00 "
61735,OTHER,,21,"$18,401.82 ","$14,721.42 "
,TOTAL,,21,"$18,401.82 ","$14,721.42 "
61750,80'S,,1,$163.71 ,$130.97 
,OTHER,,521,"$611,896.83 ","$485,052.75 "
,TOTAL,,522,"$612,060.54 ","$485,183.72 "
61751,OTHER,,"1,905","$2,210,386.15 ","$1,750,821.13 "
,TOTAL,,"1,905","$2,210,386.15 ","$1,750,821.13 "
61760,OTHER,,103,"$105,836.37 ","$83,002.08 "
,TOTAL,,103,"$105,836.37 ","$83,002.08 "
61770,OTHER,,161,"$190,725.54 ","$151,352.07 "
,TOTAL,,161,"$190,725.54 ","$151,352.07 "
61790,SG,,11,"$5,560.32 ","$4,448.27 "
,80'S,,1,$135.70 ,$108.56 
,OTHER,,910,"$626,781.25 ","$497,242.38 "
,TOTAL,,922,"$632,477.27 ","$501,799.21 "
61791,SG,,5,"$2,276.38 ","$1,821.10 "
,80'S,,1,$79.63 ,$63.70 
,OTHER,,116,"$106,717.38 ","$84,933.54 "
,TOTAL,,122,"$109,073.39 ","$86,818.34 "
61793,OTHER,,"8,021","$9,053,869.84 ","$7,189,457.11 "
,TOTAL,,"8,021","$9,053,869.84 ","$7,189,457.11 "
61795,80'S,,5,$200.48 ,$160.38 
,OTHER,,"13,047","$3,434,026.62 ","$2,715,973.88 "
,TOTAL,,"13,052","$3,434,227.10 ","$2,716,134.26 "
61850,OTHER,,4,"$2,533.52 ","$2,026.81 "
,TOTAL,,4,"$2,533.52 ","$2,026.81 "
61860,OTHER,,15,"$19,149.46 ","$14,610.51 "
,TOTAL,,15,"$19,149.46 ","$14,610.51 "
61862,80'S,,4,$805.84 ,$644.68 
,OTHER,,75,"$96,473.60 ","$76,326.69 "
,TOTAL,,79,"$97,279.44 ","$76,971.37 "
61863,80'S,,8,"$1,602.61 ","$1,282.10 "
,OTHER,,280,"$321,313.02 ","$254,711.62 "
,TOTAL,,288,"$322,915.63 ","$255,993.72 "
61864,80'S,,2,$91.86 ,$73.48 
,OTHER,,54,"$13,933.51 ","$11,146.90 "
,TOTAL,,56,"$14,025.37 ","$11,220.38 "
61867,80'S,,95,"$26,087.01 ","$20,869.52 "
,OTHER,,"1,715","$3,150,437.56 ","$2,487,457.93 "
,TOTAL,,"1,810","$3,176,524.57 ","$2,508,327.45 "
61868,80'S,,31,"$2,231.98 ","$1,785.60 "
,OTHER,,656,"$270,856.63 ","$213,440.36 "
,TOTAL,,687,"$273,088.61 ","$215,225.96 "
61875,80'S,,1,$85.06 ,$68.05 
,OTHER,,3,"$1,923.99 ","$1,459.19 "
,TOTAL,,4,"$2,009.05 ","$1,527.24 "
61880,80'S,,9,$591.72 ,$473.37 
,OTHER,,325,"$124,787.72 ","$97,133.95 "
,TOTAL,,334,"$125,379.44 ","$97,607.32 "
61885,SG,,5,"$2,148.14 ","$1,718.51 "
,80'S,,41,"$2,184.36 ","$1,747.45 "
,OTHER,,"2,986","$1,045,688.64 ","$826,159.82 "
,TOTAL,,"3,032","$1,050,021.14 ","$829,625.78 "
61886,SG,,1,$497.77 ,$398.22 
,80'S,,3,$269.36 ,$215.48 
,OTHER,,347,"$160,511.42 ","$126,443.85 "
,TOTAL,,351,"$161,278.55 ","$127,057.55 "
61888,SG,,1,$317.95 ,$254.36 
,OTHER,,"1,033","$361,740.50 ","$283,740.70 "
,TOTAL,,"1,034","$362,058.45 ","$283,995.06 "
62000,OTHER,,50,"$19,601.94 ","$14,397.74 "
,TOTAL,,50,"$19,601.94 ","$14,397.74 "
62005,80'S,,2,$414.37 ,$331.49 
,OTHER,,47,"$34,723.07 ","$27,281.13 "
,TOTAL,,49,"$35,137.44 ","$27,612.62 "
62010,80'S,,5,$914.91 ,$731.92 
,OTHER,,101,"$95,121.61 ","$75,615.74 "
,TOTAL,,106,"$96,036.52 ","$76,347.66 "
62100,80'S,,59,"$9,499.91 ","$7,559.36 "
,OTHER,,246,"$255,177.98 ","$201,381.75 "
,TOTAL,,305,"$264,677.89 ","$208,941.11 "
62115,OTHER,,1,"$1,500.00 ","$1,200.00 "
,TOTAL,,1,"$1,500.00 ","$1,200.00 "
62116,80'S,,1,$132.89 ,$106.31 
,OTHER,,1,$789.01 ,$631.21 
,TOTAL,,2,$921.90 ,$737.52 
62117,OTHER,,1,"$1,766.81 ","$1,413.45 "
,TOTAL,,1,"$1,766.81 ","$1,413.45 "
62120,OTHER,,19,"$21,778.19 ","$17,422.56 "
,TOTAL,,19,"$21,778.19 ","$17,422.56 "
62121,80'S,,4,$810.39 ,$648.31 
,OTHER,,19,"$21,872.68 ","$17,498.15 "
,TOTAL,,23,"$22,683.07 ","$18,146.46 "
62140,80'S,,145,"$12,233.68 ","$9,767.81 "
,OTHER,,"1,274","$619,425.48 ","$491,740.05 "
,TOTAL,,"1,419","$631,659.16 ","$501,507.86 "
62141,80'S,,105,"$10,775.33 ","$8,567.75 "
,OTHER,,776,"$493,415.38 ","$391,357.36 "
,TOTAL,,881,"$504,190.71 ","$399,925.11 "
62142,80'S,,36,"$2,886.92 ","$2,138.60 "
,OTHER,,362,"$212,728.41 ","$167,530.33 "
,TOTAL,,398,"$215,615.33 ","$169,668.93 "
62143,80'S,,70,"$6,109.85 ","$4,887.83 "
,OTHER,,348,"$227,146.25 ","$179,957.84 "
,TOTAL,,418,"$233,256.10 ","$184,845.67 "
62145,80'S,,16,"$1,893.44 ","$1,514.76 "
,OTHER,,116,"$77,709.38 ","$61,259.73 "
,TOTAL,,132,"$79,602.82 ","$62,774.49 "
62146,80'S,,4,$559.15 ,$447.32 
,OTHER,,74,"$43,020.53 ","$33,379.32 "
,TOTAL,,78,"$43,579.68 ","$33,826.64 "
62147,80'S,,11,"$1,534.35 ","$1,227.48 "
,OTHER,,46,"$42,161.99 ","$33,729.60 "
,TOTAL,,57,"$43,696.34 ","$34,957.08 "
62148,OTHER,,24,"$3,149.96 ","$2,519.97 "
,TOTAL,,24,"$3,149.96 ","$2,519.97 "
62160,OTHER,,243,"$44,127.89 ","$34,925.62 "
,TOTAL,,243,"$44,127.89 ","$34,925.62 "
62161,80'S,,3,$614.16 ,$491.32 
,OTHER,,66,"$60,647.61 ","$46,202.86 "
,TOTAL,,69,"$61,261.77 ","$46,694.18 "
62162,80'S,,2,$371.15 ,$296.92 
,OTHER,,18,"$25,147.84 ","$20,118.26 "
,TOTAL,,20,"$25,518.99 ","$20,415.18 "
62163,80'S,,1,$158.61 ,$126.89 
,OTHER,,3,"$3,081.25 ","$2,465.00 "
,TOTAL,,4,"$3,239.86 ","$2,591.89 "
62164,80'S,,4,"$1,145.35 ",$916.27 
,OTHER,,36,"$52,686.79 ","$41,202.15 "
,TOTAL,,40,"$53,832.14 ","$42,118.42 "
62165,80'S,,2,$422.32 ,$337.86 
,OTHER,,156,"$145,838.97 ","$116,598.16 "
,TOTAL,,158,"$146,261.29 ","$116,936.02 "
62180,80'S,,7,$886.80 ,$709.44 
,OTHER,,53,"$55,237.68 ","$44,066.97 "
,TOTAL,,60,"$56,124.48 ","$44,776.41 "
62190,OTHER,,30,"$17,092.04 ","$13,673.67 "
,TOTAL,,30,"$17,092.04 ","$13,673.67 "
62192,80'S,,64,"$6,362.75 ","$5,028.31 "
,OTHER,,292,"$173,079.83 ","$137,709.69 "
,TOTAL,,356,"$179,442.58 ","$142,738.00 "
62194,OTHER,,41,"$11,286.03 ","$9,028.79 "
,TOTAL,,41,"$11,286.03 ","$9,028.79 "
62200,80'S,,17,"$2,672.05 ","$2,137.64 "
,OTHER,,73,"$67,152.07 ","$53,227.38 "
,TOTAL,,90,"$69,824.12 ","$55,365.02 "
62201,OTHER,,88,"$79,621.12 ","$61,684.32 "
,TOTAL,,88,"$79,621.12 ","$61,684.32 "
62220,80'S,,18,"$2,515.93 ","$2,012.76 "
,OTHER,,164,"$125,694.04 ","$99,373.38 "
,TOTAL,,182,"$128,209.97 ","$101,386.14 "
62223,80'S,,717,"$98,776.34 ","$78,322.97 "
,OTHER,,"7,013","$5,289,068.95 ","$4,203,014.81 "
,TOTAL,,"7,730","$5,387,845.29 ","$4,281,337.78 "
62225,SG,,1,$350.53 ,$280.42 
,OTHER,,484,"$153,560.25 ","$121,192.30 "
,TOTAL,,485,"$153,910.78 ","$121,472.72 "
62230,SG,,1,$226.37 ,$181.10 
,80'S,,147,"$15,935.55 ","$12,522.47 "
,OTHER,,"2,213","$1,345,624.20 ","$1,063,820.86 "
,TOTAL,,"2,361","$1,361,786.12 ","$1,076,524.43 "
62252,OTHER,,"2,884","$233,002.03 ","$181,216.79 "
,TOTAL,,"2,884","$233,002.03 ","$181,216.79 "
62256,80'S,,36,"$2,172.25 ","$1,737.83 "
,OTHER,,729,"$291,861.12 ","$231,820.80 "
,TOTAL,,765,"$294,033.37 ","$233,558.63 "
62258,80'S,,39,"$5,032.29 ","$4,025.81 "
,OTHER,,543,"$450,551.10 ","$357,864.75 "
,TOTAL,,582,"$455,583.39 ","$361,890.56 "
62263,SG,,"1,976","$634,469.32 ","$500,268.26 "
,OTHER,,"3,984","$1,548,431.65 ","$1,230,179.13 "
,TOTAL,,"5,960","$2,182,900.97 ","$1,730,447.39 "
62264,OTHER,,"13,923","$4,620,782.76 ","$3,650,032.04 "
,TOTAL,,"13,923","$4,620,782.76 ","$3,650,032.04 "
62268,SG,,38,"$10,332.49 ","$8,265.97 "
,OTHER,,225,"$62,135.23 ","$48,816.73 "
,TOTAL,,263,"$72,467.72 ","$57,082.70 "
62269,OTHER,,374,"$76,621.47 ","$61,296.48 "
,TOTAL,,374,"$76,621.47 ","$61,296.48 "
62270,SG,,163,"$51,959.84 ","$41,296.32 "
,OTHER,,"79,320","$5,473,145.80 ","$4,296,375.44 "
,TOTAL,,"79,483","$5,525,105.64 ","$4,337,671.76 "
62272,SG,,32,"$10,559.96 ","$8,447.95 "
,OTHER,,"5,013","$416,891.83 ","$328,826.25 "
,TOTAL,,"5,045","$427,451.79 ","$337,274.20 "
62273,SG,,341,"$109,373.86 ","$82,943.75 "
,OTHER,,"2,854","$319,980.81 ","$248,333.05 "
,TOTAL,,"3,195","$429,354.67 ","$331,276.80 "
62280,SG,,8,"$2,892.26 ","$1,861.57 "
,OTHER,,306,"$52,952.41 ","$41,929.97 "
,TOTAL,,314,"$55,844.67 ","$43,791.54 "
62281,SG,,231,"$74,137.89 ","$58,192.15 "
,OTHER,,"1,198","$248,631.08 ","$196,744.98 "
,TOTAL,,"1,429","$322,768.97 ","$254,937.13 "
62282,SG,,"2,140","$694,957.05 ","$545,405.53 "
,OTHER,,"9,184","$2,294,527.74 ","$1,816,477.89 "
,TOTAL,,"11,324","$2,989,484.79 ","$2,361,883.42 "
62284,OTHER,,"79,621","$9,279,473.94 ","$7,259,308.46 "
,TOTAL,,"79,621","$9,279,473.94 ","$7,259,308.46 "
62287,SG,,599,"$702,619.47 ","$552,632.95 "
,OTHER,,"2,171","$1,051,911.50 ","$831,019.29 "
,TOTAL,,"2,770","$1,754,530.97 ","$1,383,652.24 "
62290,OTHER,,"22,077","$3,593,405.28 ","$2,779,779.78 "
,TOTAL,,"22,077","$3,593,405.28 ","$2,779,779.78 "
62291,OTHER,,"2,360","$334,098.92 ","$259,856.55 "
,TOTAL,,"2,360","$334,098.92 ","$259,856.55 "
62292,OTHER,,70,"$27,051.42 ","$20,869.59 "
,TOTAL,,70,"$27,051.42 ","$20,869.59 "
62294,OTHER,,13,"$7,445.02 ","$5,113.65 "
,TOTAL,,13,"$7,445.02 ","$5,113.65 "
62310,SG,,"34,201","$11,088,394.54 ","$8,675,745.13 "
,OTHER,,"126,410","$17,346,764.06 ","$13,492,354.82 "
,TOTAL,,"160,611","$28,435,158.60 ","$22,168,099.95 "
62311,SG,,"216,251","$70,307,510.65 ","$55,352,087.29 "
,OTHER,,"912,297","$108,671,856.27 ","$84,984,450.20 "
,TOTAL,,"1,128,548","$178,979,366.92 ","$140,336,537.49 "
62318,SG,,"1,609","$525,603.06 ","$414,000.57 "
,OTHER,,"48,640","$5,020,221.82 ","$3,978,510.99 "
,TOTAL,,"50,249","$5,545,824.88 ","$4,392,511.56 "
62319,SG,,"6,085","$1,959,256.59 ","$1,547,528.07 "
,OTHER,,"84,690","$7,922,711.39 ","$6,265,352.85 "
,TOTAL,,"90,775","$9,881,967.98 ","$7,812,880.92 "
62350,SG,,374,"$145,670.62 ","$114,505.71 "
,80'S,,42,"$1,937.85 ","$1,550.31 "
,OTHER,,"6,434","$1,920,173.59 ","$1,500,892.50 "
,TOTAL,,"6,850","$2,067,782.06 ","$1,616,948.52 "
62351,80'S,,53,"$3,925.18 ","$3,029.85 "
,OTHER,,402,"$197,092.09 ","$154,050.36 "
,TOTAL,,455,"$201,017.27 ","$157,080.21 "
62355,SG,,65,"$24,982.04 ","$19,592.15 "
,80'S,,8,$248.26 ,$198.60 
,OTHER,,"1,312","$310,249.21 ","$241,201.63 "
,TOTAL,,"1,385","$335,479.51 ","$260,992.38 "
62360,SG,,37,"$14,045.35 ","$10,569.85 "
,80'S,,2,$56.23 ,$44.98 
,OTHER,,450,"$68,399.06 ","$53,484.63 "
,TOTAL,,489,"$82,500.64 ","$64,099.46 "
62361,SG,,41,"$9,541.70 ","$7,633.39 "
,80'S,,1,$50.83 ,$40.66 
,OTHER,,233,"$52,286.65 ","$41,104.90 "
,TOTAL,,275,"$61,879.18 ","$48,778.95 "
62362,SG,,184,"$69,279.03 ","$54,702.55 "
,80'S,,75,"$4,961.44 ","$3,853.98 "
,OTHER,,"5,209","$2,197,713.47 ","$1,712,974.28 "
,TOTAL,,"5,468","$2,271,953.94 ","$1,771,530.81 "
62365,SG,,69,"$27,193.58 ","$21,351.06 "
,80'S,,10,$460.36 ,$368.28 
,OTHER,,"1,193","$365,625.53 ","$283,206.26 "
,TOTAL,,"1,272","$393,279.47 ","$304,925.60 "
62367,OTHER,,"15,020","$559,882.86 ","$423,349.15 "
,TOTAL,,"15,020","$559,882.86 ","$423,349.15 "
62368,OTHER,,"147,525","$8,665,149.94 ","$6,555,476.22 "
,TOTAL,,"147,525","$8,665,149.94 ","$6,555,476.22 "
63001,80'S,,114,"$12,280.30 ","$9,756.25 "
,OTHER,,812,"$522,103.05 ","$415,581.75 "
,TOTAL,,926,"$534,383.35 ","$425,338.00 "
63003,80'S,,54,"$6,559.42 ","$5,232.92 "
,OTHER,,451,"$297,921.28 ","$236,296.10 "
,TOTAL,,505,"$304,480.70 ","$241,529.02 "
63005,80'S,,315,"$43,293.13 ","$34,277.42 "
,OTHER,,"1,857","$1,315,115.65 ","$1,041,977.10 "
,TOTAL,,"2,172","$1,358,408.78 ","$1,076,254.52 "
63011,80'S,,11,$821.27 ,$657.04 
,OTHER,,347,"$132,050.09 ","$105,257.57 "
,TOTAL,,358,"$132,871.36 ","$105,914.61 "
63012,80'S,,360,"$35,289.97 ","$27,828.82 "
,OTHER,,"1,740","$914,595.43 ","$728,874.23 "
,TOTAL,,"2,100","$949,885.40 ","$756,703.05 "
63015,80'S,,301,"$58,570.21 ","$46,691.00 "
,OTHER,,"2,214","$2,415,413.28 ","$1,915,276.86 "
,TOTAL,,"2,515","$2,473,983.49 ","$1,961,967.86 "
63016,80'S,,41,"$6,914.68 ","$5,531.74 "
,OTHER,,271,"$274,882.66 ","$217,844.45 "
,TOTAL,,312,"$281,797.34 ","$223,376.19 "
63017,80'S,,248,"$37,511.91 ","$29,642.66 "
,OTHER,,"1,718","$1,409,746.25 ","$1,120,186.88 "
,TOTAL,,"1,966","$1,447,258.16 ","$1,149,829.54 "
63020,80'S,,336,"$49,592.60 ","$38,884.73 "
,OTHER,,"2,216","$1,806,579.41 ","$1,413,832.02 "
,TOTAL,,"2,552","$1,856,172.01 ","$1,452,716.75 "
63030,80'S,,"5,386","$695,864.08 ","$547,290.28 "
,OTHER,,"37,637","$25,280,176.27 ","$19,936,271.23 "
,TOTAL,,"43,023","$25,976,040.35 ","$20,483,561.51 "
63035,80'S,,"2,611","$95,007.38 ","$75,570.57 "
,OTHER,,"15,019","$2,845,340.75 ","$2,253,568.20 "
,TOTAL,,"17,630","$2,940,348.13 ","$2,329,138.77 "
63040,80'S,,80,"$14,330.69 ","$11,464.58 "
,OTHER,,410,"$424,985.34 ","$335,431.11 "
,TOTAL,,490,"$439,316.03 ","$346,895.69 "
63042,80'S,,"3,284","$568,209.78 ","$450,504.78 "
,OTHER,,"19,749","$18,003,419.60 ","$14,210,757.70 "
,TOTAL,,"23,033","$18,571,629.38 ","$14,661,262.48 "
63043,80'S,,85,"$4,417.10 ","$3,533.63 "
,OTHER,,335,"$84,596.10 ","$67,293.20 "
,TOTAL,,420,"$89,013.20 ","$70,826.83 "
63044,80'S,,"2,176","$115,809.93 ","$92,415.48 "
,OTHER,,"11,574","$2,922,118.62 ","$2,317,899.20 "
,TOTAL,,"13,750","$3,037,928.55 ","$2,410,314.68 "
63045,80'S,,"1,256","$178,716.21 ","$141,759.57 "
,OTHER,,"6,873","$5,463,241.45 ","$4,321,457.13 "
,TOTAL,,"8,129","$5,641,957.66 ","$4,463,216.70 "
63046,80'S,,373,"$45,202.52 ","$35,875.69 "
,OTHER,,"1,924","$1,322,986.82 ","$1,049,083.81 "
,TOTAL,,"2,297","$1,368,189.34 ","$1,084,959.50 "
63047,80'S,,"15,456","$1,949,349.68 ","$1,545,480.31 "
,OTHER,,"95,566","$64,978,232.00 ","$51,483,381.45 "
,TOTAL,,"111,022","$66,927,581.68 ","$53,028,861.76 "
63048,80'S,,"25,679","$837,575.97 ","$666,409.30 "
,OTHER,,"148,965","$25,515,195.29 ","$20,268,501.19 "
,TOTAL,,"174,644","$26,352,771.26 ","$20,934,910.49 "
63055,80'S,,91,"$19,037.68 ","$15,102.28 "
,OTHER,,602,"$688,949.52 ","$540,101.61 "
,TOTAL,,693,"$707,987.20 ","$555,203.89 "
63056,80'S,,651,"$114,826.64 ","$90,146.51 "
,OTHER,,"5,073","$4,719,716.78 ","$3,715,965.33 "
,TOTAL,,"5,724","$4,834,543.42 ","$3,806,111.84 "
63057,80'S,,241,"$12,541.16 ","$9,798.46 "
,OTHER,,"1,705","$478,742.03 ","$377,430.98 "
,TOTAL,,"1,946","$491,283.19 ","$387,229.44 "
63064,80'S,,41,"$9,306.18 ","$7,444.92 "
,OTHER,,143,"$188,900.78 ","$149,088.08 "
,TOTAL,,184,"$198,206.96 ","$156,533.00 "
63066,80'S,,25,$833.33 ,$666.67 
,OTHER,,56,"$11,326.56 ","$9,061.26 "
,TOTAL,,81,"$12,159.89 ","$9,727.93 "
63075,80'S,,"3,882","$777,585.30 ","$606,526.90 "
,OTHER,,"25,242","$26,181,085.20 ","$20,460,680.98 "
,TOTAL,,"29,124","$26,958,670.50 ","$21,067,207.88 "
63076,80'S,,"2,683","$107,549.07 ","$84,536.15 "
,OTHER,,"17,040","$3,540,020.02 ","$2,782,894.57 "
,TOTAL,,"19,723","$3,647,569.09 ","$2,867,430.72 "
63077,80'S,,68,"$11,142.98 ","$8,497.28 "
,OTHER,,322,"$258,114.00 ","$201,484.21 "
,TOTAL,,390,"$269,256.98 ","$209,981.49 "
63078,80'S,,53,"$1,799.21 ","$1,390.29 "
,OTHER,,655,"$45,611.28 ","$36,094.39 "
,TOTAL,,708,"$47,410.49 ","$37,484.68 "
63081,80'S,,"1,280","$317,181.72 ","$251,672.76 "
,OTHER,,"6,528","$8,577,185.33 ","$6,763,282.13 "
,TOTAL,,"7,808","$8,894,367.05 ","$7,014,954.89 "
63082,80'S,,"1,166","$49,616.75 ","$39,330.24 "
,OTHER,,"5,630","$1,336,104.60 ","$1,055,801.42 "
,TOTAL,,"6,796","$1,385,721.35 ","$1,095,131.66 "
63085,80'S,,102,"$27,970.03 ","$22,376.08 "
,OTHER,,763,"$873,592.62 ","$694,054.87 "
,TOTAL,,865,"$901,562.65 ","$716,430.95 "
63086,80'S,,53,"$1,749.45 ","$1,399.49 "
,OTHER,,361,"$59,041.66 ","$46,937.21 "
,TOTAL,,414,"$60,791.11 ","$48,336.70 "
63087,80'S,,113,"$40,712.09 ","$32,545.95 "
,OTHER,,797,"$1,245,455.50 ","$990,003.20 "
,TOTAL,,910,"$1,286,167.59 ","$1,022,549.15 "
63088,80'S,,53,"$2,259.62 ","$1,804.82 "
,OTHER,,305,"$65,795.51 ","$51,953.43 "
,TOTAL,,358,"$68,055.13 ","$53,758.25 "
63090,80'S,,191,"$54,607.38 ","$42,063.73 "
,OTHER,,"1,327","$1,558,128.01 ","$1,233,146.23 "
,TOTAL,,"1,518","$1,612,735.39 ","$1,275,209.96 "
63091,80'S,,150,"$4,536.50 ","$3,546.54 "
,OTHER,,901,"$130,381.61 ","$103,088.06 "
,TOTAL,,"1,051","$134,918.11 ","$106,634.60 "
63101,80'S,,39,"$12,765.98 ","$10,132.85 "
,OTHER,,183,"$323,099.13 ","$256,815.11 "
,TOTAL,,222,"$335,865.11 ","$266,947.96 "
63102,80'S,,20,"$6,294.04 ","$5,035.24 "
,OTHER,,130,"$208,251.13 ","$166,600.87 "
,TOTAL,,150,"$214,545.17 ","$171,636.11 "
63103,80'S,,16,$613.30 ,$490.66 
,OTHER,,111,"$21,398.31 ","$17,118.69 "
,TOTAL,,127,"$22,011.61 ","$17,609.35 "
63170,80'S,,1,$176.25 ,$141.00 
,OTHER,,32,"$40,801.92 ","$31,252.14 "
,TOTAL,,33,"$40,978.17 ","$31,393.14 "
63172,80'S,,27,"$4,542.23 ","$3,570.03 "
,OTHER,,140,"$138,142.91 ","$109,165.48 "
,TOTAL,,167,"$142,685.14 ","$112,735.51 "
63173,80'S,,4,$763.49 ,$610.79 
,OTHER,,35,"$44,245.62 ","$33,467.82 "
,TOTAL,,39,"$45,009.11 ","$34,078.61 "
63180,80'S,,3,$428.08 ,$342.46 
,OTHER,,5,$697.81 ,$558.25 
,TOTAL,,8,"$1,125.89 ",$900.71 
63182,80'S,,1,$114.65 ,$91.72 
,OTHER,,1,"$1,249.84 ",$999.87 
,TOTAL,,2,"$1,364.49 ","$1,091.59 "
63185,80'S,,6,$462.62 ,$370.10 
,OTHER,,56,"$39,769.87 ","$30,614.81 "
,TOTAL,,62,"$40,232.49 ","$30,984.91 "
63190,80'S,,8,"$1,366.45 ",$933.29 
,OTHER,,37,"$29,047.80 ","$22,627.30 "
,TOTAL,,45,"$30,414.25 ","$23,560.59 "
63191,OTHER,,2,"$2,772.73 ","$2,218.18 "
,TOTAL,,2,"$2,772.73 ","$2,218.18 "
63194,OTHER,,1,"$1,211.44 ",$969.15 
,TOTAL,,1,"$1,211.44 ",$969.15 
63195,OTHER,,11,"$9,981.13 ","$7,984.89 "
,TOTAL,,11,"$9,981.13 ","$7,984.89 "
63197,OTHER,,6,"$6,529.71 ","$5,223.77 "
,TOTAL,,6,"$6,529.71 ","$5,223.77 "
63199,80'S,,1,$240.49 ,$192.39 
,OTHER,,5,"$9,148.07 ","$7,318.45 "
,TOTAL,,6,"$9,388.56 ","$7,510.84 "
63200,80'S,,11,"$1,873.17 ","$1,498.54 "
,OTHER,,88,"$92,138.33 ","$72,747.39 "
,TOTAL,,99,"$94,011.50 ","$74,245.93 "
63250,80'S,,3,"$1,336.58 ","$1,038.96 "
,OTHER,,5,"$11,459.17 ","$9,167.34 "
,TOTAL,,8,"$12,795.75 ","$10,206.30 "
63251,80'S,,5,"$2,026.71 ","$1,621.36 "
,OTHER,,51,"$127,052.50 ","$101,641.96 "
,TOTAL,,56,"$129,079.21 ","$103,263.32 "
63252,OTHER,,15,"$36,869.37 ","$29,495.50 "
,TOTAL,,15,"$36,869.37 ","$29,495.50 "
63265,80'S,,36,"$7,512.63 ","$6,010.10 "
,OTHER,,303,"$346,266.72 ","$276,908.51 "
,TOTAL,,339,"$353,779.35 ","$282,918.61 "
63266,80'S,,49,"$10,768.21 ","$8,614.59 "
,OTHER,,589,"$729,693.75 ","$578,192.99 "
,TOTAL,,638,"$740,461.96 ","$586,807.58 "
63267,80'S,,548,"$97,840.29 ","$77,569.50 "
,OTHER,,"3,574","$3,339,398.45 ","$2,644,597.84 "
,TOTAL,,"4,122","$3,437,238.74 ","$2,722,167.34 "
63268,80'S,,5,$864.29 ,$691.42 
,OTHER,,102,"$78,868.03 ","$62,563.07 "
,TOTAL,,107,"$79,732.32 ","$63,254.49 "
63270,80'S,,10,"$2,776.03 ","$2,220.80 "
,OTHER,,53,"$78,342.86 ","$62,674.29 "
,TOTAL,,63,"$81,118.89 ","$64,895.09 "
63271,80'S,,36,"$10,020.77 ","$7,849.93 "
,OTHER,,227,"$348,999.64 ","$276,834.52 "
,TOTAL,,263,"$359,020.41 ","$284,684.45 "
63272,80'S,,77,"$19,495.67 ","$15,542.22 "
,OTHER,,420,"$571,073.44 ","$449,191.06 "
,TOTAL,,497,"$590,569.11 ","$464,733.28 "
63273,OTHER,,10,"$15,236.97 ","$11,484.46 "
,TOTAL,,10,"$15,236.97 ","$11,484.46 "
63275,80'S,,26,"$6,001.86 ","$4,608.11 "
,OTHER,,210,"$262,471.78 ","$208,561.03 "
,TOTAL,,236,"$268,473.64 ","$213,169.14 "
63276,80'S,,148,"$34,615.73 ","$27,672.41 "
,OTHER,,977,"$1,263,038.52 ","$1,004,402.60 "
,TOTAL,,"1,125","$1,297,654.25 ","$1,032,075.01 "
63277,80'S,,110,"$21,538.64 ","$16,867.47 "
,OTHER,,726,"$792,015.88 ","$627,034.45 "
,TOTAL,,836,"$813,554.52 ","$643,901.92 "
63278,80'S,,5,"$1,134.02 ",$907.22 
,OTHER,,70,"$70,272.88 ","$56,138.31 "
,TOTAL,,75,"$71,406.90 ","$57,045.53 "
63280,80'S,,29,"$8,292.45 ","$6,633.98 "
,OTHER,,629,"$309,441.44 ","$246,711.90 "
,TOTAL,,658,"$317,733.89 ","$253,345.88 "
63281,80'S,,114,"$34,019.68 ","$26,458.95 "
,OTHER,,558,"$931,636.31 ","$737,154.58 "
,TOTAL,,672,"$965,655.99 ","$763,613.53 "
63282,80'S,,84,"$22,733.18 ","$18,184.16 "
,OTHER,,405,"$611,262.54 ","$479,612.33 "
,TOTAL,,489,"$633,995.72 ","$497,796.49 "
63283,80'S,,4,$950.90 ,$760.72 
,OTHER,,20,"$25,717.69 ","$20,569.53 "
,TOTAL,,24,"$26,668.59 ","$21,330.25 "
63285,80'S,,10,"$3,887.22 ","$3,109.78 "
,OTHER,,63,"$137,719.80 ","$108,517.64 "
,TOTAL,,73,"$141,607.02 ","$111,627.42 "
63286,80'S,,16,"$6,184.78 ","$4,947.80 "
,OTHER,,107,"$221,060.75 ","$174,656.04 "
,TOTAL,,123,"$227,245.53 ","$179,603.84 "
63287,80'S,,16,"$6,118.92 ","$4,638.11 "
,OTHER,,59,"$116,686.31 ","$91,584.14 "
,TOTAL,,75,"$122,805.23 ","$96,222.25 "
63290,80'S,,9,"$3,502.30 ","$2,735.59 "
,OTHER,,59,"$130,029.13 ","$102,795.22 "
,TOTAL,,68,"$133,531.43 ","$105,530.81 "
63300,80'S,,26,"$6,740.86 ","$5,392.70 "
,OTHER,,140,"$189,318.39 ","$151,454.75 "
,TOTAL,,166,"$196,059.25 ","$156,847.45 "
63301,80'S,,10,"$3,037.83 ","$2,430.28 "
,OTHER,,108,"$135,843.56 ","$108,674.79 "
,TOTAL,,118,"$138,881.39 ","$111,105.07 "
63302,80'S,,2,$600.06 ,$480.05 
,OTHER,,36,"$45,878.47 ","$36,702.75 "
,TOTAL,,38,"$46,478.53 ","$37,182.80 "
63303,80'S,,13,"$4,103.04 ","$3,282.43 "
,OTHER,,74,"$108,969.49 ","$86,354.75 "
,TOTAL,,87,"$113,072.53 ","$89,637.18 "
63304,80'S,,3,$813.46 ,$650.77 
,OTHER,,23,"$31,083.37 ","$23,329.87 "
,TOTAL,,26,"$31,896.83 ","$23,980.64 "
63305,OTHER,,11,"$11,945.32 ","$9,556.26 "
,TOTAL,,11,"$11,945.32 ","$9,556.26 "
63306,80'S,,1,$345.46 ,$276.37 
,OTHER,,5,"$6,764.28 ","$5,411.42 "
,TOTAL,,6,"$7,109.74 ","$5,687.79 "
63307,80'S,,2,$447.38 ,$357.90 
,OTHER,,8,"$8,106.91 ","$6,485.53 "
,TOTAL,,10,"$8,554.29 ","$6,843.43 "
63308,80'S,,23,"$1,211.25 ",$969.00 
,OTHER,,124,"$38,404.72 ","$30,378.37 "
,TOTAL,,147,"$39,615.97 ","$31,347.37 "
63600,SG,,39,"$17,388.46 ","$13,910.77 "
,OTHER,,146,"$105,131.83 ","$82,948.34 "
,TOTAL,,185,"$122,520.29 ","$96,859.11 "
63610,SG,,14,"$4,689.45 ","$3,671.57 "
,OTHER,,25,"$25,401.59 ","$20,302.26 "
,TOTAL,,39,"$30,091.04 ","$23,973.83 "
63615,OTHER,,10,"$5,288.51 ","$4,188.14 "
,TOTAL,,10,"$5,288.51 ","$4,188.14 "
63650,SG,,"1,367","$536,579.20 ","$419,641.50 "
,OTHER,,"10,340","$3,219,806.60 ","$2,529,349.93 "
,TOTAL,,"11,707","$3,756,385.80 ","$2,948,991.43 "
63655,80'S,,190,"$19,616.08 ","$15,441.92 "
,OTHER,,"1,543","$905,485.59 ","$707,736.01 "
,TOTAL,,"1,733","$925,101.67 ","$723,177.93 "
63660,SG,,382,"$107,576.79 ","$84,032.62 "
,80'S,,7,$344.81 ,$275.85 
,OTHER,,"3,354","$1,105,452.22 ","$860,696.93 "
,TOTAL,,"3,743","$1,213,373.82 ","$945,005.40 "
63685,SG,,238,"$90,689.20 ","$70,073.86 "
,80'S,,196,"$11,148.95 ","$8,785.72 "
,OTHER,,"3,842","$1,431,565.47 ","$1,116,124.89 "
,TOTAL,,"4,276","$1,533,403.62 ","$1,194,984.47 "
63688,SG,,263,"$76,428.19 ","$58,475.11 "
,OTHER,,"2,683","$712,671.16 ","$554,504.31 "
,TOTAL,,"2,946","$789,099.35 ","$612,979.42 "
63700,80'S,,6,$882.37 ,$656.22 
,OTHER,,39,"$28,645.19 ","$21,839.20 "
,TOTAL,,45,"$29,527.56 ","$22,495.42 "
63702,80'S,,2,$271.21 ,$216.97 
,OTHER,,16,"$12,969.97 ","$10,375.98 "
,TOTAL,,18,"$13,241.18 ","$10,592.95 "
63704,80'S,,5,$904.88 ,$723.91 
,OTHER,,11,"$10,013.78 ","$8,011.02 "
,TOTAL,,16,"$10,918.66 ","$8,734.93 "
63706,OTHER,,4,"$3,939.81 ","$3,151.85 "
,TOTAL,,4,"$3,939.81 ","$3,151.85 "
63707,80'S,,197,"$17,496.81 ","$13,826.24 "
,OTHER,,"1,500","$705,821.29 ","$559,869.70 "
,TOTAL,,"1,697","$723,318.10 ","$573,695.94 "
63709,80'S,,176,"$19,508.38 ","$15,534.52 "
,OTHER,,"1,083","$651,493.88 ","$517,994.33 "
,TOTAL,,"1,259","$671,002.26 ","$533,528.85 "
63710,80'S,,60,"$5,145.50 ","$4,116.39 "
,OTHER,,377,"$207,500.76 ","$163,957.44 "
,TOTAL,,437,"$212,646.26 ","$168,073.83 "
63740,80'S,,31,"$3,456.87 ","$2,765.49 "
,OTHER,,131,"$79,908.46 ","$63,066.73 "
,TOTAL,,162,"$83,365.33 ","$65,832.22 "
63741,80'S,,13,"$1,013.36 ",$810.69 
,OTHER,,212,"$92,887.11 ","$73,575.67 "
,TOTAL,,225,"$93,900.47 ","$74,386.36 "
63744,80'S,,9,$719.31 ,$575.45 
,OTHER,,160,"$74,878.57 ","$58,553.66 "
,TOTAL,,169,"$75,597.88 ","$59,129.11 "
63746,80'S,,2,$64.81 ,$51.84 
,OTHER,,57,"$19,338.35 ","$15,329.62 "
,TOTAL,,59,"$19,403.16 ","$15,381.46 "
64400,OTHER,,"9,287","$843,640.64 ","$656,956.38 "
,TOTAL,,"9,287","$843,640.64 ","$656,956.38 "
64402,OTHER,,"1,583","$123,026.12 ","$93,332.12 "
,TOTAL,,"1,583","$123,026.12 ","$93,332.12 "
64405,OTHER,,"43,369","$3,511,424.88 ","$2,709,676.63 "
,TOTAL,,"43,369","$3,511,424.88 ","$2,709,676.63 "
64408,OTHER,,234,"$27,700.52 ","$21,218.84 "
,TOTAL,,234,"$27,700.52 ","$21,218.84 "
64410,SG,,4,"$1,151.89 ",$897.64 
,OTHER,,51,"$4,131.25 ","$3,040.71 "
,TOTAL,,55,"$5,283.14 ","$3,938.35 "
64412,OTHER,,"1,688","$175,353.45 ","$135,824.37 "
,TOTAL,,"1,688","$175,353.45 ","$135,824.37 "
64413,OTHER,,"6,556","$542,177.06 ","$423,752.33 "
,TOTAL,,"6,556","$542,177.06 ","$423,752.33 "
64415,SG,,"1,499","$320,412.52 ","$253,299.30 "
,OTHER,,"49,313","$3,575,248.61 ","$2,822,540.78 "
,TOTAL,,"50,812","$3,895,661.13 ","$3,075,840.08 "
64416,OTHER,,"2,102","$301,491.88 ","$239,311.85 "
,TOTAL,,"2,102","$301,491.88 ","$239,311.85 "
64417,SG,,196,"$46,417.87 ","$36,912.40 "
,OTHER,,"4,094","$291,309.20 ","$229,040.59 "
,TOTAL,,"4,290","$337,727.07 ","$265,952.99 "
64418,OTHER,,"16,230","$1,892,689.62 ","$1,481,317.99 "
,TOTAL,,"16,230","$1,892,689.62 ","$1,481,317.99 "
64420,SG,,499,"$141,482.20 ","$111,321.30 "
,OTHER,,"5,505","$625,552.66 ","$489,272.31 "
,TOTAL,,"6,004","$767,034.86 ","$600,593.61 "
64421,SG,,"1,831","$531,363.74 ","$417,924.44 "
,OTHER,,"18,840","$2,817,175.98 ","$2,219,205.01 "
,TOTAL,,"20,671","$3,348,539.72 ","$2,637,129.45 "
64425,OTHER,,"6,970","$711,557.56 ","$552,662.53 "
,TOTAL,,"6,970","$711,557.56 ","$552,662.53 "
64430,SG,,333,"$62,837.99 ","$49,618.77 "
,OTHER,,"10,803","$903,358.56 ","$712,254.81 "
,TOTAL,,"11,136","$966,196.55 ","$761,873.58 "
64435,OTHER,,729,"$80,206.54 ","$62,461.83 "
,TOTAL,,729,"$80,206.54 ","$62,461.83 "
64445,OTHER,,"37,404","$3,964,898.61 ","$3,114,351.43 "
,TOTAL,,"37,404","$3,964,898.61 ","$3,114,351.43 "
64446,OTHER,,"1,460","$217,744.95 ","$173,021.78 "
,TOTAL,,"1,460","$217,744.95 ","$173,021.78 "
64447,OTHER,,"36,050","$2,694,186.66 ","$2,135,397.74 "
,TOTAL,,"36,050","$2,694,186.66 ","$2,135,397.74 "
64448,OTHER,,"12,264","$1,726,004.85 ","$1,370,701.53 "
,TOTAL,,"12,264","$1,726,004.85 ","$1,370,701.53 "
64449,OTHER,,"2,710","$386,314.76 ","$307,034.27 "
,TOTAL,,"2,710","$386,314.76 ","$307,034.27 "
64450,OTHER,,"203,622","$16,304,864.71 ","$12,653,487.89 "
,TOTAL,,"203,622","$16,304,864.71 ","$12,653,487.89 "
64470,SG,,"12,739","$3,754,602.63 ","$2,951,998.64 "
,OTHER,,"65,403","$13,299,084.03 ","$10,422,183.39 "
,TOTAL,,"78,142","$17,053,686.66 ","$13,374,182.03 "
64472,SG,,"21,302","$4,312,982.49 ","$3,412,334.69 "
,OTHER,,"101,343","$10,447,245.12 ","$8,251,904.17 "
,TOTAL,,"122,645","$14,760,227.61 ","$11,664,238.86 "
64475,SG,,"55,623","$16,178,364.94 ","$12,778,571.32 "
,OTHER,,"250,410","$38,355,058.95 ","$30,135,228.83 "
,TOTAL,,"306,033","$54,533,423.89 ","$42,913,800.15 "
64476,SG,,"86,131","$17,198,451.58 ","$13,642,437.43 "
,OTHER,,"407,935","$33,786,856.21 ","$26,805,600.42 "
,TOTAL,,"494,066","$50,985,307.79 ","$40,448,037.85 "
64479,SG,,"5,497","$1,720,588.65 ","$1,349,134.16 "
,OTHER,,"25,852","$5,926,831.98 ","$4,642,566.56 "
,TOTAL,,"31,349","$7,647,420.63 ","$5,991,700.72 "
64480,SG,,"2,653","$514,006.21 ","$406,767.21 "
,OTHER,,"18,775","$2,575,043.31 ","$2,040,079.30 "
,TOTAL,,"21,428","$3,089,049.52 ","$2,446,846.51 "
64483,SG,,"98,917","$31,307,136.58 ","$24,693,767.63 "
,OTHER,,"327,283","$62,937,683.12 ","$49,380,413.89 "
,TOTAL,,"426,200","$94,244,819.70 ","$74,074,181.52 "
64484,SG,,"42,643","$8,121,079.83 ","$6,439,800.15 "
,OTHER,,"166,425","$18,459,696.12 ","$14,651,684.88 "
,TOTAL,,"209,068","$26,580,775.95 ","$21,091,485.03 "
64505,OTHER,,"3,849","$359,504.07 ","$283,041.77 "
,TOTAL,,"3,849","$359,504.07 ","$283,041.77 "
64508,OTHER,,12,"$1,357.07 ","$1,085.65 "
,TOTAL,,12,"$1,357.07 ","$1,085.65 "
64510,SG,,"2,574","$839,010.57 ","$655,202.95 "
,OTHER,,"9,382","$829,593.69 ","$644,890.63 "
,TOTAL,,"11,956","$1,668,604.26 ","$1,300,093.58 "
64517,OTHER,,252,"$35,328.01 ","$27,349.20 "
,TOTAL,,252,"$35,328.01 ","$27,349.20 "
64520,SG,,"3,712","$1,133,497.59 ","$885,413.38 "
,OTHER,,"15,279","$1,491,793.22 ","$1,160,844.66 "
,TOTAL,,"18,991","$2,625,290.81 ","$2,046,258.04 "
64530,SG,,270,"$84,559.98 ","$65,710.86 "
,OTHER,,"1,536","$144,503.05 ","$111,750.53 "
,TOTAL,,"1,806","$229,063.03 ","$177,461.39 "
64550,OTHER,,"24,745","$428,379.48 ","$334,202.59 "
,TOTAL,,"24,745","$428,379.48 ","$334,202.59 "
64553,SG,,2,$525.18 ,$420.15 
,80'S,,2,$26.84 ,$21.48 
,OTHER,,61,"$6,204.67 ","$4,715.59 "
,TOTAL,,65,"$6,756.69 ","$5,157.22 "
64555,OTHER,,"2,016","$325,108.64 ","$252,619.33 "
,TOTAL,,"2,016","$325,108.64 ","$252,619.33 "
64560,OTHER,,9,$991.35 ,$718.93 
,TOTAL,,9,$991.35 ,$718.93 
64561,OTHER,,"1,406","$441,355.62 ","$348,788.60 "
,TOTAL,,"1,406","$441,355.62 ","$348,788.60 "
64565,OTHER,,973,"$176,844.88 ","$140,351.94 "
,TOTAL,,973,"$176,844.88 ","$140,351.94 "
64573,SG,,4,$635.92 ,$508.72 
,80'S,,24,"$1,893.10 ","$1,514.48 "
,OTHER,,"1,218","$621,488.28 ","$487,558.74 "
,TOTAL,,"1,246","$624,017.30 ","$489,581.94 "
64575,SG,,5,"$1,481.35 ","$1,185.08 "
,OTHER,,213,"$47,901.54 ","$36,871.28 "
,TOTAL,,218,"$49,382.89 ","$38,056.36 "
64577,OTHER,,13,"$3,800.95 ","$2,671.25 "
,TOTAL,,13,"$3,800.95 ","$2,671.25 "
64580,OTHER,,28,"$6,173.18 ","$4,938.56 "
,TOTAL,,28,"$6,173.18 ","$4,938.56 "
64581,OTHER,,"2,433","$1,679,041.85 ","$1,330,369.02 "
,TOTAL,,"2,433","$1,679,041.85 ","$1,330,369.02 "
64585,SG,,38,"$10,979.47 ","$8,429.19 "
,80'S,,18,$365.88 ,$292.68 
,OTHER,,"1,091","$154,633.91 ","$121,537.19 "
,TOTAL,,"1,147","$165,979.26 ","$130,259.06 "
64590,SG,,11,"$3,749.88 ","$1,665.39 "
,80'S,,58,"$1,602.22 ","$1,242.31 "
,OTHER,,"2,028","$304,080.48 ","$240,590.16 "
,TOTAL,,"2,097","$309,432.58 ","$243,497.86 "
64595,SG,,25,"$7,331.25 ","$5,643.39 "
,OTHER,,584,"$63,326.32 ","$49,312.47 "
,TOTAL,,609,"$70,657.57 ","$54,955.86 "
64600,SG,,46,"$15,287.32 ","$11,968.87 "
,OTHER,,724,"$231,487.89 ","$180,831.54 "
,TOTAL,,770,"$246,775.21 ","$192,800.41 "
64605,SG,,16,"$5,075.08 ","$4,060.02 "
,80'S,,1,$58.08 ,$46.46 
,OTHER,,125,"$49,324.87 ","$39,209.07 "
,TOTAL,,142,"$54,458.03 ","$43,315.55 "
64610,SG,,18,"$6,138.09 ","$4,910.46 "
,OTHER,,517,"$222,004.96 ","$175,763.06 "
,TOTAL,,535,"$228,143.05 ","$180,673.52 "
64612,OTHER,,"64,386","$10,166,511.01 ","$7,793,489.74 "
,TOTAL,,"64,386","$10,166,511.01 ","$7,793,489.74 "
64613,OTHER,,"34,216","$5,182,663.31 ","$3,975,055.07 "
,TOTAL,,"34,216","$5,182,663.31 ","$3,975,055.07 "
64614,OTHER,,"34,542","$5,911,840.67 ","$4,573,221.49 "
,TOTAL,,"34,542","$5,911,840.67 ","$4,573,221.49 "
64620,SG,,327,"$80,062.40 ","$63,256.83 "
,OTHER,,"2,354","$318,790.57 ","$250,596.13 "
,TOTAL,,"2,681","$398,852.97 ","$313,852.96 "
64622,SG,,"14,660","$4,448,314.51 ","$3,511,255.48 "
,OTHER,,"48,433","$11,967,895.79 ","$9,406,109.32 "
,TOTAL,,"63,093","$16,416,210.30 ","$12,917,364.80 "
64623,SG,,"32,088","$6,023,292.54 ","$4,777,004.02 "
,OTHER,,"111,341","$8,744,112.21 ","$6,931,697.41 "
,TOTAL,,"143,429","$14,767,404.75 ","$11,708,701.43 "
64626,SG,,"2,965","$876,565.59 ","$687,002.82 "
,OTHER,,"9,191","$2,385,541.46 ","$1,865,337.27 "
,TOTAL,,"12,156","$3,262,107.05 ","$2,552,340.09 "
64627,SG,,"6,276","$1,164,070.48 ","$919,076.12 "
,OTHER,,"20,189","$1,763,810.71 ","$1,394,101.94 "
,TOTAL,,"26,465","$2,927,881.19 ","$2,313,178.06 "
64630,SG,,8,"$3,444.14 ","$2,745.10 "
,OTHER,,258,"$35,881.83 ","$28,586.78 "
,TOTAL,,266,"$39,325.97 ","$31,331.88 "
64640,OTHER,,"119,671","$26,182,390.41 ","$20,588,567.90 "
,TOTAL,,"119,671","$26,182,390.41 ","$20,588,567.90 "
64680,SG,,65,"$27,353.12 ","$21,275.04 "
,OTHER,,"1,878","$419,980.35 ","$330,315.51 "
,TOTAL,,"1,943","$447,333.47 ","$351,590.55 "
64681,OTHER,,57,"$16,759.41 ","$13,157.17 "
,TOTAL,,57,"$16,759.41 ","$13,157.17 "
64702,SG,,164,"$34,468.16 ","$27,409.68 "
,OTHER,,780,"$162,024.22 ","$127,514.67 "
,TOTAL,,944,"$196,492.38 ","$154,924.35 "
64704,SG,,863,"$168,900.68 ","$133,257.42 "
,80'S,,178,"$5,841.45 ","$4,561.70 "
,OTHER,,"3,353","$611,894.38 ","$483,935.26 "
,TOTAL,,"4,394","$786,636.51 ","$621,754.38 "
64708,SG,,580,"$173,017.82 ","$135,778.64 "
,80'S,,231,"$10,198.68 ","$8,087.09 "
,OTHER,,"3,567","$1,040,211.86 ","$823,151.02 "
,TOTAL,,"4,378","$1,223,428.36 ","$967,016.75 "
64712,SG,,129,"$31,910.90 ","$25,280.67 "
,80'S,,114,"$5,739.68 ","$4,591.67 "
,OTHER,,"1,401","$547,718.18 ","$433,628.04 "
,TOTAL,,"1,644","$585,368.76 ","$463,500.38 "
64713,SG,,33,"$14,464.15 ","$11,571.35 "
,80'S,,44,"$2,855.13 ","$2,180.45 "
,OTHER,,292,"$145,866.97 ","$114,406.27 "
,TOTAL,,369,"$163,186.25 ","$128,158.07 "
64714,SG,,317,"$140,114.01 ","$111,571.10 "
,80'S,,67,"$3,172.87 ","$2,538.30 "
,OTHER,,839,"$390,865.23 ","$309,742.06 "
,TOTAL,,"1,223","$534,152.11 ","$423,851.46 "
64716,SG,,9,"$3,054.86 ","$2,439.69 "
,80'S,,25,$968.55 ,$774.83 
,OTHER,,263,"$67,822.55 ","$53,377.68 "
,TOTAL,,297,"$71,845.96 ","$56,592.20 "
64718,SG,,"3,011","$1,082,199.79 ","$850,977.37 "
,80'S,,73,"$4,786.51 ","$3,782.95 "
,OTHER,,"10,959","$4,644,827.75 ","$3,639,815.65 "
,TOTAL,,"14,043","$5,731,814.05 ","$4,494,575.97 "
64719,SG,,"1,237","$341,610.81 ","$270,115.06 "
,OTHER,,"3,656","$1,062,368.17 ","$840,779.35 "
,TOTAL,,"4,893","$1,403,978.98 ","$1,110,894.41 "
64721,SG,,"38,550","$16,148,359.58 ","$12,721,049.64 "
,80'S,,6,$425.76 ,$340.62 
,OTHER,,"113,878","$38,318,376.09 ","$30,153,560.12 "
,TOTAL,,"152,434","$54,467,161.43 ","$42,874,950.38 "
64722,SG,,179,"$41,025.63 ","$32,107.48 "
,80'S,,125,"$3,523.12 ","$2,770.97 "
,OTHER,,"2,110","$473,693.07 ","$374,939.65 "
,TOTAL,,"2,414","$518,241.82 ","$409,818.10 "
64726,SG,,107,"$21,979.48 ","$17,476.86 "
,OTHER,,351,"$70,533.68 ","$55,155.69 "
,TOTAL,,458,"$92,513.16 ","$72,632.55 "
64727,SG,,517,"$89,569.36 ","$71,540.61 "
,OTHER,,"2,080","$399,608.01 ","$317,117.25 "
,TOTAL,,"2,597","$489,177.37 ","$388,657.86 "
64732,OTHER,,34,"$8,310.50 ","$6,648.41 "
,TOTAL,,34,"$8,310.50 ","$6,648.41 "
64734,80'S,,1,$47.20 ,$37.76 
,OTHER,,52,"$16,105.59 ","$12,752.90 "
,TOTAL,,53,"$16,152.79 ","$12,790.66 "
64736,SG,,1,$435.78 ,$348.62 
,OTHER,,14,"$3,626.86 ","$2,861.34 "
,TOTAL,,15,"$4,062.64 ","$3,209.96 "
64738,80'S,,1,$67.93 ,$54.34 
,OTHER,,11,"$4,150.92 ","$3,320.75 "
,TOTAL,,12,"$4,218.85 ","$3,375.09 "
64740,OTHER,,5,"$1,330.98 ","$1,064.78 "
,TOTAL,,5,"$1,330.98 ","$1,064.78 "
64742,SG,,2,$676.55 ,$541.24 
,80'S,,2,$105.60 ,$84.48 
,OTHER,,33,"$10,010.56 ","$7,820.22 "
,TOTAL,,37,"$10,792.71 ","$8,445.94 "
64744,SG,,2,$926.42 ,$704.57 
,OTHER,,70,"$23,584.65 ","$18,078.50 "
,TOTAL,,72,"$24,511.07 ","$18,783.07 "
64746,80'S,,1,$36.66 ,$29.33 
,OTHER,,9,"$1,816.63 ","$1,453.29 "
,TOTAL,,10,"$1,853.29 ","$1,482.62 "
64752,80'S,,2,$110.80 ,$88.64 
,OTHER,,7,"$1,901.27 ","$1,447.37 "
,TOTAL,,9,"$2,012.07 ","$1,536.01 "
64755,80'S,,2,$133.28 ,$106.62 
,OTHER,,9,"$2,941.20 ","$2,265.03 "
,TOTAL,,11,"$3,074.48 ","$2,371.65 "
64760,80'S,,12,$479.84 ,$383.88 
,OTHER,,99,"$17,303.80 ","$13,545.32 "
,TOTAL,,111,"$17,783.64 ","$13,929.20 "
64761,OTHER,,7,"$1,669.28 ","$1,335.43 "
,TOTAL,,7,"$1,669.28 ","$1,335.43 "
64763,80'S,,1,$39.94 ,$31.95 
,OTHER,,21,"$6,567.19 ","$5,253.76 "
,TOTAL,,22,"$6,607.13 ","$5,285.71 "
64766,OTHER,,7,"$2,721.13 ","$2,079.91 "
,TOTAL,,7,"$2,721.13 ","$2,079.91 "
64771,SG,,10,"$2,443.79 ","$1,955.03 "
,80'S,,3,$222.96 ,$178.38 
,OTHER,,48,"$18,225.09 ","$14,398.86 "
,TOTAL,,61,"$20,891.84 ","$16,532.27 "
64772,SG,,16,"$5,842.37 ","$4,673.90 "
,80'S,,23,"$1,040.31 ",$820.86 
,OTHER,,223,"$65,938.78 ","$50,759.26 "
,TOTAL,,262,"$72,821.46 ","$56,254.02 "
64774,SG,,66,"$22,088.45 ","$17,248.57 "
,OTHER,,409,"$107,178.34 ","$84,467.28 "
,TOTAL,,475,"$129,266.79 ","$101,715.85 "
64776,SG,,144,"$60,856.72 ","$47,415.91 "
,80'S,,12,$362.22 ,$289.78 
,OTHER,,284,"$73,917.71 ","$56,874.20 "
,TOTAL,,440,"$135,136.65 ","$104,579.89 "
64778,SG,,9,"$1,985.66 ","$1,416.73 "
,OTHER,,10,"$1,852.66 ","$1,482.13 "
,TOTAL,,19,"$3,838.32 ","$2,898.86 "
64782,SG,,248,"$101,537.06 ","$79,847.91 "
,OTHER,,940,"$277,884.91 ","$218,340.88 "
,TOTAL,,"1,188","$379,421.97 ","$298,188.79 "
64783,SG,,32,"$7,019.43 ","$5,488.47 "
,OTHER,,73,"$16,142.67 ","$12,611.20 "
,TOTAL,,105,"$23,162.10 ","$18,099.67 "
64784,SG,,79,"$30,324.55 ","$23,857.81 "
,80'S,,12,$932.44 ,$745.95 
,OTHER,,660,"$336,375.84 ","$264,134.51 "
,TOTAL,,751,"$367,632.83 ","$288,738.27 "
64786,SG,,3,"$1,232.05 ",$688.63 
,80'S,,3,$389.10 ,$311.28 
,OTHER,,68,"$56,610.26 ","$43,863.12 "
,TOTAL,,74,"$58,231.41 ","$44,863.03 "
64787,SG,,80,"$18,702.41 ","$14,461.16 "
,80'S,,16,$680.68 ,$544.52 
,OTHER,,371,"$96,781.17 ","$75,295.68 "
,TOTAL,,467,"$116,164.26 ","$90,301.36 "
64788,SG,,64,"$23,462.85 ","$18,655.22 "
,OTHER,,381,"$83,761.88 ","$66,129.80 "
,TOTAL,,445,"$107,224.73 ","$84,785.02 "
64790,SG,,17,"$7,834.38 ","$6,267.51 "
,80'S,,3,$306.79 ,$205.29 
,OTHER,,173,"$117,038.50 ","$91,602.66 "
,TOTAL,,193,"$125,179.67 ","$98,075.46 "
64792,SG,,5,"$1,991.12 ","$1,592.90 "
,80'S,,4,$604.25 ,$483.40 
,OTHER,,99,"$86,346.82 ","$68,193.34 "
,TOTAL,,108,"$88,942.19 ","$70,269.64 "
64795,SG,,127,"$52,488.96 ","$41,272.15 "
,OTHER,,"1,455","$262,671.80 ","$207,051.70 "
,TOTAL,,"1,582","$315,160.76 ","$248,323.85 "
64802,SG,,1,$450.74 ,$360.59 
,80'S,,1,$102.96 ,$82.37 
,OTHER,,12,"$4,588.02 ","$3,202.18 "
,TOTAL,,14,"$5,141.72 ","$3,645.14 "
64804,80'S,,8,"$1,062.32 ",$849.86 
,OTHER,,42,"$34,601.51 ","$27,275.93 "
,TOTAL,,50,"$35,663.83 ","$28,125.79 "
64809,80'S,,3,$191.85 ,$153.48 
,OTHER,,24,"$11,870.93 ","$9,496.71 "
,TOTAL,,27,"$12,062.78 ","$9,650.19 "
64818,80'S,,52,"$4,203.58 ","$3,285.57 "
,OTHER,,263,"$135,482.70 ","$107,435.83 "
,TOTAL,,315,"$139,686.28 ","$110,721.40 "
64820,OTHER,,315,"$143,940.95 ","$112,240.97 "
,TOTAL,,315,"$143,940.95 ","$112,240.97 "
64821,SG,,5,"$2,455.44 ","$1,964.36 "
,OTHER,,59,"$24,736.01 ","$19,526.27 "
,TOTAL,,64,"$27,191.45 ","$21,490.63 "
64822,OTHER,,64,"$24,998.04 ","$19,737.02 "
,TOTAL,,64,"$24,998.04 ","$19,737.02 "
64823,OTHER,,42,"$27,101.18 ","$21,359.36 "
,TOTAL,,42,"$27,101.18 ","$21,359.36 "
64831,SG,,205,"$109,485.10 ","$87,122.31 "
,OTHER,,"1,254","$547,746.93 ","$432,071.82 "
,TOTAL,,"1,459","$657,232.03 ","$519,194.13 "
64832,SG,,29,"$4,921.19 ","$3,936.97 "
,OTHER,,359,"$123,826.28 ","$98,598.54 "
,TOTAL,,388,"$128,747.47 ","$102,535.51 "
64834,SG,,12,"$4,629.89 ","$3,680.25 "
,80'S,,2,$196.96 ,$157.57 
,OTHER,,139,"$67,847.54 ","$52,561.54 "
,TOTAL,,153,"$72,674.39 ","$56,399.36 "
64835,SG,,8,"$2,776.72 ","$2,221.38 "
,80'S,,2,$202.33 ,$161.86 
,OTHER,,51,"$25,629.02 ","$20,083.12 "
,TOTAL,,61,"$28,608.07 ","$22,466.36 "
64836,SG,,5,"$1,760.81 ","$1,408.64 "
,80'S,,2,$178.02 ,$142.42 
,OTHER,,50,"$25,141.09 ","$19,983.19 "
,TOTAL,,57,"$27,079.92 ","$21,534.25 "
64837,SG,,1,$171.62 ,$137.30 
,80'S,,1,$53.19 ,$42.55 
,OTHER,,11,"$3,944.50 ","$3,155.60 "
,TOTAL,,13,"$4,169.31 ","$3,335.45 "
64840,SG,,1,$474.15 ,$379.32 
,OTHER,,7,"$4,502.52 ","$3,602.02 "
,TOTAL,,8,"$4,976.67 ","$3,981.34 "
64856,SG,,20,"$5,037.96 ","$4,030.40 "
,OTHER,,191,"$153,241.91 ","$120,855.93 "
,TOTAL,,211,"$158,279.87 ","$124,886.33 "
64857,SG,,3,"$1,081.65 ",$865.32 
,80'S,,9,"$1,162.36 ",$929.89 
,OTHER,,136,"$115,081.72 ","$91,098.51 "
,TOTAL,,148,"$117,325.73 ","$92,893.72 "
64858,OTHER,,2,"$1,884.76 ","$1,507.81 "
,TOTAL,,2,"$1,884.76 ","$1,507.81 "
64859,SG,,2,$321.75 ,$257.40 
,80'S,,2,$82.52 ,$66.02 
,OTHER,,21,"$5,051.99 ","$3,832.03 "
,TOTAL,,25,"$5,456.26 ","$4,155.45 "
64861,OTHER,,5,"$6,426.24 ","$5,140.99 "
,TOTAL,,5,"$6,426.24 ","$5,140.99 "
64862,OTHER,,1,$626.93 ,$501.54 
,TOTAL,,1,$626.93 ,$501.54 
64864,SG,,1,$544.15 ,$435.32 
,80'S,,8,$595.71 ,$476.58 
,OTHER,,98,"$54,863.36 ","$43,715.64 "
,TOTAL,,107,"$56,003.22 ","$44,627.54 "
64865,80'S,,1,$75.96 ,$60.77 
,OTHER,,25,"$16,242.45 ","$12,993.96 "
,TOTAL,,26,"$16,318.41 ","$13,054.73 "
64866,OTHER,,12,"$7,458.08 ","$5,886.47 "
,TOTAL,,12,"$7,458.08 ","$5,886.47 "
64868,80'S,,7,$928.04 ,$742.44 
,OTHER,,31,"$20,302.46 ","$16,168.42 "
,TOTAL,,38,"$21,230.50 ","$16,910.86 "
64870,OTHER,,1,$469.82 ,$375.86 
,TOTAL,,1,$469.82 ,$375.86 
64872,SG,,5,"$1,570.39 ","$1,256.30 "
,80'S,,1,$17.43 ,$13.94 
,OTHER,,30,"$3,516.61 ","$2,730.84 "
,TOTAL,,36,"$5,104.43 ","$4,001.08 "
64874,80'S,,1,$26.43 ,$21.14 
,OTHER,,18,"$2,983.24 ","$2,386.60 "
,TOTAL,,19,"$3,009.67 ","$2,407.74 "
64885,80'S,,10,"$1,367.73 ","$1,060.66 "
,OTHER,,87,"$66,070.44 ","$52,086.91 "
,TOTAL,,97,"$67,438.17 ","$53,147.57 "
64886,80'S,,5,$980.63 ,$784.50 
,OTHER,,86,"$77,577.95 ","$62,062.37 "
,TOTAL,,91,"$78,558.58 ","$62,846.87 "
64890,SG,,9,"$2,018.99 ","$1,615.19 "
,OTHER,,57,"$47,402.52 ","$37,885.42 "
,TOTAL,,66,"$49,421.51 ","$39,500.61 "
64891,SG,,2,$434.62 ,$347.70 
,OTHER,,8,"$5,235.89 ","$4,188.71 "
,TOTAL,,10,"$5,670.51 ","$4,536.41 "
64892,SG,,4,"$1,796.06 ","$1,356.84 "
,OTHER,,13,"$11,237.48 ","$8,989.97 "
,TOTAL,,17,"$13,033.54 ","$10,346.81 "
64893,SG,,1,$453.41 ,$362.73 
,OTHER,,18,"$14,244.43 ","$10,645.10 "
,TOTAL,,19,"$14,697.84 ","$11,007.83 "
64895,SG,,1,$489.27 ,$383.65 
,OTHER,,12,"$13,091.40 ","$10,473.11 "
,TOTAL,,13,"$13,580.67 ","$10,856.76 "
64896,OTHER,,5,"$6,106.62 ","$4,885.29 "
,TOTAL,,5,"$6,106.62 ","$4,885.29 "
64897,SG,,1,$501.64 ,$401.31 
,OTHER,,13,"$13,185.90 ","$10,548.72 "
,TOTAL,,14,"$13,687.54 ","$10,950.03 "
64898,SG,,1,$508.53 ,$406.82 
,80'S,,1,$190.33 ,$152.26 
,OTHER,,16,"$19,861.35 ","$15,889.08 "
,TOTAL,,18,"$20,560.21 ","$16,448.16 "
64901,SG,,1,$428.88 ,$343.10 
,80'S,,1,$107.13 ,$85.70 
,OTHER,,17,"$9,110.51 ","$7,288.40 "
,TOTAL,,19,"$9,646.52 ","$7,717.20 "
64902,80'S,,4,$491.42 ,$393.14 
,OTHER,,18,"$12,648.57 ","$10,118.87 "
,TOTAL,,22,"$13,139.99 ","$10,512.01 "
64905,OTHER,,2,"$1,807.81 ","$1,446.25 "
,TOTAL,,2,"$1,807.81 ","$1,446.25 "
64907,OTHER,,1,"$1,245.72 ",$996.58 
,TOTAL,,1,"$1,245.72 ",$996.58 
64999,80'S,,89,"$12,048.80 ","$9,639.07 "
,OTHER,,"3,083","$1,210,622.13 ","$961,665.57 "
,TOTAL,,"3,172","$1,222,670.93 ","$971,304.64 "
65091,SG,EYE,21,"$10,293.40 ","$8,234.72 "
,80'S,,1,$97.40 ,$77.92 
,OTHER,,114,"$65,994.67 ","$52,635.72 "
,TOTAL,,136,"$76,385.47 ","$60,948.36 "
65093,SG,,172,"$84,103.61 ","$67,090.86 "
,OTHER,,685,"$413,481.31 ","$326,134.33 "
,TOTAL,,857,"$497,584.92 ","$393,225.19 "
65101,SG,,20,"$9,181.13 ","$7,184.92 "
,OTHER,,119,"$73,265.72 ","$58,138.71 "
,TOTAL,,139,"$82,446.85 ","$65,323.63 "
65103,SG,,54,"$25,427.23 ","$19,950.34 "
,OTHER,,282,"$188,789.17 ","$148,012.79 "
,TOTAL,,336,"$214,216.40 ","$167,963.13 "
65105,SG,,218,"$132,288.79 ","$103,799.34 "
,80'S,,57,"$6,993.80 ","$5,440.34 "
,OTHER,,"1,049","$771,790.69 ","$610,177.12 "
,TOTAL,,"1,324","$911,073.28 ","$719,416.80 "
65110,SG,,5,"$3,615.93 ","$2,892.75 "
,80'S,,9,"$1,446.73 ","$1,157.40 "
,OTHER,,104,"$106,523.52 ","$83,470.40 "
,TOTAL,,118,"$111,586.18 ","$87,520.55 "
65112,80'S,,4,$828.56 ,$662.84 
,OTHER,,38,"$45,364.86 ","$36,197.38 "
,TOTAL,,42,"$46,193.42 ","$36,860.22 "
65114,SG,,1,$966.69 ,$773.35 
,OTHER,,20,"$26,134.87 ","$20,827.90 "
,TOTAL,,21,"$27,101.56 ","$21,601.25 "
65125,OTHER,,33,"$8,022.18 ","$6,413.89 "
,TOTAL,,33,"$8,022.18 ","$6,413.89 "
65130,SG,,8,"$3,596.93 ","$2,877.54 "
,OTHER,,23,"$13,726.09 ","$10,931.38 "
,TOTAL,,31,"$17,323.02 ","$13,808.92 "
65135,SG,,4,"$1,337.03 ",$989.63 
,OTHER,,31,"$19,307.69 ","$15,446.16 "
,TOTAL,,35,"$20,644.72 ","$16,435.79 "
65140,SG,,2,$750.26 ,$600.21 
,OTHER,,17,"$10,347.83 ","$8,187.36 "
,TOTAL,,19,"$11,098.09 ","$8,787.57 "
65150,SG,,22,"$7,647.30 ","$6,117.85 "
,OTHER,,55,"$27,070.56 ","$21,656.43 "
,TOTAL,,77,"$34,717.86 ","$27,774.28 "
65155,SG,,9,"$3,670.88 ","$2,936.70 "
,OTHER,,71,"$49,479.03 ","$39,544.51 "
,TOTAL,,80,"$53,149.91 ","$42,481.21 "
65175,SG,,32,"$8,418.57 ","$6,550.45 "
,OTHER,,137,"$58,672.23 ","$46,483.95 "
,TOTAL,,169,"$67,090.80 ","$53,034.40 "
65205,OTHER,,"22,260","$1,049,858.09 ","$751,247.81 "
,TOTAL,,"22,260","$1,049,858.09 ","$751,247.81 "
65210,OTHER,,"22,432","$1,306,992.10 ","$961,850.67 "
,TOTAL,,"22,432","$1,306,992.10 ","$961,850.67 "
65220,OTHER,,"3,305","$140,563.47 ","$97,837.01 "
,TOTAL,,"3,305","$140,563.47 ","$97,837.01 "
65222,OTHER,,"33,198","$2,061,629.08 ","$1,483,042.88 "
,TOTAL,,"33,198","$2,061,629.08 ","$1,483,042.88 "
65235,SG,,158,"$64,645.44 ","$51,441.06 "
,80'S,,1,$104.89 ,$83.91 
,OTHER,,231,"$101,165.95 ","$79,805.36 "
,TOTAL,,390,"$165,916.28 ","$131,330.33 "
65260,SG,,7,"$1,954.19 ","$1,563.35 "
,80'S,,2,$145.86 ,$116.69 
,OTHER,,22,"$13,324.21 ","$10,659.37 "
,TOTAL,,31,"$15,424.26 ","$12,339.41 "
65265,SG,,17,"$9,572.95 ","$7,658.36 "
,80'S,,20,"$2,669.89 ","$2,135.92 "
,OTHER,,228,"$168,219.85 ","$134,348.56 "
,TOTAL,,265,"$180,462.69 ","$144,142.84 "
65270,SG,,33,"$13,560.31 ","$10,770.33 "
,80'S,,1,$27.30 ,$21.84 
,OTHER,,155,"$24,427.05 ","$19,019.89 "
,TOTAL,,189,"$38,014.66 ","$29,812.06 "
65272,SG,,14,"$5,329.00 ","$4,183.19 "
,OTHER,,69,"$18,616.22 ","$14,732.95 "
,TOTAL,,83,"$23,945.22 ","$18,916.14 "
65273,OTHER,,26,"$7,003.73 ","$5,603.00 "
,TOTAL,,26,"$7,003.73 ","$5,603.00 "
65275,SG,,27,"$16,102.28 ","$12,396.14 "
,OTHER,,148,"$55,335.86 ","$43,524.33 "
,TOTAL,,175,"$71,438.14 ","$55,920.47 "
65280,SG,,46,"$25,167.57 ","$19,835.61 "
,80'S,,2,$98.08 ,$78.46 
,OTHER,,319,"$167,123.12 ","$132,777.82 "
,TOTAL,,367,"$192,388.77 ","$152,691.89 "
65285,SG,,112,"$60,301.37 ","$47,861.72 "
,80'S,,43,"$6,520.60 ","$5,177.10 "
,OTHER,,"1,263","$1,163,732.82 ","$922,966.15 "
,TOTAL,,"1,418","$1,230,554.79 ","$976,004.97 "
65286,OTHER,,505,"$239,017.83 ","$189,540.54 "
,TOTAL,,505,"$239,017.83 ","$189,540.54 "
65290,SG,,4,"$1,497.92 ","$1,198.33 "
,OTHER,,45,"$14,968.61 ","$11,465.32 "
,TOTAL,,49,"$16,466.53 ","$12,663.65 "
65400,SG,,"1,167","$336,092.25 ","$266,251.25 "
,OTHER,,"4,068","$1,963,605.66 ","$1,549,217.30 "
,TOTAL,,"5,235","$2,299,697.91 ","$1,815,468.55 "
65410,SG,,40,"$15,601.42 ","$12,481.11 "
,OTHER,,137,"$11,303.60 ","$8,773.34 "
,TOTAL,,177,"$26,905.02 ","$21,254.45 "
65420,SG,,"2,534","$851,741.87 ","$672,632.67 "
,80'S,,1,$37.74 ,$30.19 
,OTHER,,"5,570","$1,834,606.81 ","$1,443,257.64 "
,TOTAL,,"8,105","$2,686,386.42 ","$2,115,920.50 "
65426,SG,,"2,586","$1,775,539.70 ","$1,398,113.09 "
,80'S,,1,$83.67 ,
,OTHER,,"4,885","$1,964,776.87 ","$1,541,827.48 "
,TOTAL,,"7,472","$3,740,400.24 ","$2,939,940.57 "
65430,OTHER,,"5,054","$1,079,394.10 ","$843,211.15 "
,TOTAL,,"5,054","$1,079,394.10 ","$843,211.15 "
65435,80'S,,1,$14.06 ,$11.25 
,OTHER,,"4,654","$354,103.30 ","$267,734.20 "
,TOTAL,,"4,655","$354,117.36 ","$267,745.45 "
65436,OTHER,,"1,152","$382,187.82 ","$299,539.59 "
,TOTAL,,"1,152","$382,187.82 ","$299,539.59 "
65450,OTHER,,722,"$241,340.59 ","$190,493.10 "
,TOTAL,,722,"$241,340.59 ","$190,493.10 "
65600,OTHER,,583,"$184,387.42 ","$144,450.74 "
,TOTAL,,583,"$184,387.42 ","$144,450.74 "
65710,SG,,316,"$308,805.89 ","$243,996.40 "
,80'S,,27,"$4,248.86 ","$3,358.07 "
,OTHER,,584,"$529,578.35 ","$418,925.45 "
,TOTAL,,927,"$842,633.10 ","$666,279.92 "
65730,SG,,"2,511","$2,461,166.42 ","$1,956,455.51 "
,80'S,,414,"$68,951.44 ","$53,949.70 "
,OTHER,,"4,993","$4,820,582.81 ","$3,816,462.12 "
,TOTAL,,"7,918","$7,350,700.67 ","$5,826,867.33 "
65750,SG,,468,"$460,665.06 ","$365,285.23 "
,80'S,,177,"$31,641.42 ","$25,110.09 "
,OTHER,,"1,066","$1,126,089.83 ","$891,240.16 "
,TOTAL,,"1,711","$1,618,396.31 ","$1,281,635.48 "
65755,SG,,"3,813","$3,780,616.58 ","$3,012,279.07 "
,80'S,,979,"$175,817.69 ","$139,022.26 "
,OTHER,,"9,828","$10,323,175.57 ","$8,193,278.62 "
,TOTAL,,"14,620","$14,279,609.84 ","$11,344,579.95 "
65770,SG,,23,"$20,973.25 ","$15,608.91 "
,80'S,,31,"$6,082.29 ","$4,865.85 "
,OTHER,,210,"$247,200.48 ","$197,320.74 "
,TOTAL,,264,"$274,256.02 ","$217,795.50 "
65771,OTHER,,1,$1.10 ,$0.88 
,TOTAL,,1,$1.10 ,$0.88 
65772,SG,,"1,328","$603,705.90 ","$478,757.33 "
,OTHER,,"3,755","$1,347,117.29 ","$1,064,294.09 "
,TOTAL,,"5,083","$1,950,823.19 ","$1,543,051.42 "
65775,SG,,73,"$37,481.43 ","$29,863.35 "
,OTHER,,131,"$58,298.05 ","$46,231.82 "
,TOTAL,,204,"$95,779.48 ","$76,095.17 "
65780,80'S,,36,"$4,130.77 ","$3,299.26 "
,OTHER,,"1,187","$812,437.71 ","$641,559.15 "
,TOTAL,,"1,223","$816,568.48 ","$644,858.41 "
65781,80'S,,12,"$2,161.77 ","$1,692.75 "
,OTHER,,78,"$86,348.45 ","$65,882.72 "
,TOTAL,,90,"$88,510.22 ","$67,575.47 "
65782,80'S,,3,$457.51 ,$366.01 
,OTHER,,134,"$126,431.55 ","$99,954.93 "
,TOTAL,,137,"$126,889.06 ","$100,320.94 "
65800,SG,,197,"$48,467.26 ","$38,666.13 "
,OTHER,,"2,570","$246,576.82 ","$194,813.16 "
,TOTAL,,"2,767","$295,044.08 ","$233,479.29 "
65805,SG,,818,"$257,098.00 ","$202,807.30 "
,OTHER,,"13,858","$1,373,471.13 ","$1,082,796.33 "
,TOTAL,,"14,676","$1,630,569.13 ","$1,285,603.63 "
65810,SG,,164,"$59,364.72 ","$47,331.68 "
,OTHER,,541,"$192,638.01 ","$153,116.07 "
,TOTAL,,705,"$252,002.73 ","$200,447.75 "
65815,SG,,132,"$48,660.96 ","$38,841.87 "
,OTHER,,694,"$259,011.50 ","$205,616.01 "
,TOTAL,,826,"$307,672.46 ","$244,457.88 "
65820,OTHER,,63,"$42,820.07 ","$34,017.69 "
,TOTAL,,63,"$42,820.07 ","$34,017.69 "
65850,SG,,170,"$94,684.21 ","$75,283.39 "
,OTHER,,346,"$245,618.14 ","$196,111.50 "
,TOTAL,,516,"$340,302.35 ","$271,394.89 "
65855,OTHER,,"157,172","$53,607,557.95 ","$42,059,426.86 "
,TOTAL,,"157,172","$53,607,557.95 ","$42,059,426.86 "
65860,OTHER,,"2,062","$521,733.46 ","$408,855.43 "
,TOTAL,,"2,062","$521,733.46 ","$408,855.43 "
65865,SG,,291,"$61,367.42 ","$48,815.34 "
,80'S,,1,$85.76 ,$68.61 
,OTHER,,876,"$259,073.62 ","$205,253.78 "
,TOTAL,,"1,168","$320,526.80 ","$254,137.73 "
65870,SG,,317,"$126,244.36 ","$99,995.87 "
,OTHER,,"1,251","$427,725.54 ","$338,225.74 "
,TOTAL,,"1,568","$553,969.90 ","$438,221.61 "
65875,SG,,"1,125","$533,900.75 ","$423,776.40 "
,OTHER,,"2,768","$973,954.28 ","$773,801.08 "
,TOTAL,,"3,893","$1,507,855.03 ","$1,197,577.48 "
65880,SG,,37,"$17,191.64 ","$13,532.01 "
,OTHER,,177,"$68,022.72 ","$54,268.75 "
,TOTAL,,214,"$85,214.36 ","$67,800.76 "
65900,SG,,23,"$14,569.45 ","$11,208.52 "
,80'S,,4,$354.19 ,$222.28 
,OTHER,,104,"$70,458.36 ","$55,602.25 "
,TOTAL,,131,"$85,382.00 ","$67,033.05 "
65920,SG,,304,"$278,431.69 ","$221,463.86 "
,OTHER,,995,"$462,599.52 ","$367,402.20 "
,TOTAL,,"1,299","$741,031.21 ","$588,866.06 "
65930,SG,,131,"$82,170.76 ","$65,247.00 "
,OTHER,,519,"$207,204.04 ","$164,372.09 "
,TOTAL,,650,"$289,374.80 ","$229,619.09 "
66020,SG,,289,"$64,859.73 ","$50,860.92 "
,OTHER,,"1,008","$111,933.18 ","$88,423.62 "
,TOTAL,,"1,297","$176,792.91 ","$139,284.54 "
66030,SG,,60,"$14,678.97 ","$11,663.19 "
,OTHER,,844,"$73,692.53 ","$57,808.29 "
,TOTAL,,904,"$88,371.50 ","$69,471.48 "
66130,SG,,42,"$40,692.19 ","$31,678.49 "
,OTHER,,118,"$59,665.69 ","$47,143.29 "
,TOTAL,,160,"$100,357.88 ","$78,821.78 "
66150,SG,,73,"$41,462.65 ","$32,582.05 "
,OTHER,,193,"$105,674.25 ","$83,643.92 "
,TOTAL,,266,"$147,136.90 ","$116,225.97 "
66155,SG,,367,"$236,087.44 ","$188,835.78 "
,OTHER,,49,"$36,555.61 ","$29,047.24 "
,TOTAL,,416,"$272,643.05 ","$217,883.02 "
66160,SG,,147,"$47,274.95 ","$37,152.10 "
,OTHER,,269,"$182,774.69 ","$143,907.35 "
,TOTAL,,416,"$230,049.64 ","$181,059.45 "
66165,SG,,7,"$2,326.21 ","$1,860.95 "
,OTHER,,11,"$8,697.66 ","$6,958.09 "
,TOTAL,,18,"$11,023.87 ","$8,819.04 "
66170,SG,,"13,447","$6,062,890.56 ","$4,811,331.86 "
,80'S,,"1,317","$207,930.39 ","$164,880.96 "
,OTHER,,"24,726","$22,640,945.03 ","$17,961,505.16 "
,TOTAL,,"39,490","$28,911,765.98 ","$22,937,717.98 "
66172,SG,,"3,988","$2,235,476.73 ","$1,773,703.28 "
,80'S,,657,"$123,381.26 ","$98,407.31 "
,OTHER,,"11,507","$13,127,900.48 ","$10,419,614.15 "
,TOTAL,,"16,152","$15,486,758.47 ","$12,291,724.74 "
66180,SG,,"3,225","$2,167,503.41 ","$1,722,628.98 "
,80'S,,641,"$102,893.08 ","$81,406.77 "
,OTHER,,"7,852","$7,462,473.69 ","$5,915,506.69 "
,TOTAL,,"11,718","$9,732,870.18 ","$7,719,542.44 "
66185,SG,,425,"$160,302.21 ","$127,411.70 "
,80'S,,51,"$4,121.31 ","$3,265.86 "
,OTHER,,"1,096","$538,681.40 ","$425,881.02 "
,TOTAL,,"1,572","$703,104.92 ","$556,558.58 "
66220,SG,,9,"$2,427.87 ","$1,873.93 "
,OTHER,,21,"$11,257.21 ","$8,661.84 "
,TOTAL,,30,"$13,685.08 ","$10,535.77 "
66225,SG,,106,"$42,051.05 ","$33,140.40 "
,80'S,,49,"$3,774.03 ","$3,019.34 "
,OTHER,,455,"$213,373.43 ","$169,595.72 "
,TOTAL,,610,"$259,198.51 ","$205,755.46 "
66250,SG,,"3,000","$1,258,919.05 ","$995,828.10 "
,OTHER,,"10,564","$4,391,772.59 ","$3,465,848.07 "
,TOTAL,,"13,564","$5,650,691.64 ","$4,461,676.17 "
66500,SG,,42,"$8,802.51 ","$7,042.01 "
,OTHER,,124,"$23,035.38 ","$18,291.03 "
,TOTAL,,166,"$31,837.89 ","$25,333.04 "
66505,SG,,3,"$1,018.02 ",$814.42 
,OTHER,,10,"$3,284.63 ","$2,627.71 "
,TOTAL,,13,"$4,302.65 ","$3,442.13 "
66600,SG,,22,"$8,487.52 ","$6,323.90 "
,OTHER,,76,"$39,552.65 ","$31,482.18 "
,TOTAL,,98,"$48,040.17 ","$37,806.08 "
66605,SG,,3,"$1,286.57 ","$1,029.26 "
,OTHER,,12,"$9,849.31 ","$7,876.26 "
,TOTAL,,15,"$11,135.88 ","$8,905.52 "
66625,SG,,581,"$235,439.23 ","$185,316.97 "
,OTHER,,"1,473","$539,287.57 ","$425,059.75 "
,TOTAL,,"2,054","$774,726.80 ","$610,376.72 "
66630,SG,,14,"$4,815.09 ","$3,852.08 "
,OTHER,,175,"$68,365.30 ","$53,889.53 "
,TOTAL,,189,"$73,180.39 ","$57,741.61 "
66635,SG,,96,"$29,758.78 ","$23,806.94 "
,OTHER,,237,"$77,123.17 ","$61,458.27 "
,TOTAL,,333,"$106,881.95 ","$85,265.21 "
66680,SG,,286,"$117,506.06 ","$93,887.01 "
,OTHER,,604,"$169,366.30 ","$134,388.98 "
,TOTAL,,890,"$286,872.36 ","$228,275.99 "
66682,SG,,446,"$122,770.22 ","$97,261.34 "
,OTHER,,"1,214","$364,348.03 ","$289,203.27 "
,TOTAL,,"1,660","$487,118.25 ","$386,464.61 "
66700,SG,,8,"$3,222.68 ","$2,498.13 "
,OTHER,,92,"$28,915.86 ","$22,870.45 "
,TOTAL,,100,"$32,138.54 ","$25,368.58 "
66710,SG,,"7,871","$2,040,989.99 ","$1,623,268.53 "
,OTHER,,"11,921","$2,484,647.93 ","$1,968,472.61 "
,TOTAL,,"19,792","$4,525,637.92 ","$3,591,741.14 "
66720,SG,,139,"$54,644.57 ","$43,312.23 "
,OTHER,,813,"$229,564.85 ","$180,400.24 "
,TOTAL,,952,"$284,209.42 ","$223,712.47 "
66740,SG,,269,"$63,922.35 ","$51,049.27 "
,OTHER,,402,"$74,382.18 ","$59,371.53 "
,TOTAL,,671,"$138,304.53 ","$110,420.80 "
66761,OTHER,,"83,987","$30,001,291.10 ","$23,592,327.87 "
,TOTAL,,"83,987","$30,001,291.10 ","$23,592,327.87 "
66762,OTHER,,"3,309","$1,271,329.58 ","$1,003,094.31 "
,TOTAL,,"3,309","$1,271,329.58 ","$1,003,094.31 "
66770,OTHER,,260,"$100,794.12 ","$78,708.39 "
,TOTAL,,260,"$100,794.12 ","$78,708.39 "
66820,OTHER,,907,"$275,004.73 ","$218,817.96 "
,TOTAL,,907,"$275,004.73 ","$218,817.96 "
66821,SG,,"304,703","$134,309,896.41 ","$106,192,440.68 "
,OTHER,,"697,270","$154,430,079.97 ","$120,814,917.22 "
,TOTAL,,"1,001,973","$288,739,976.38 ","$227,007,357.90 "
66825,SG,,"1,966","$1,110,376.53 ","$880,284.19 "
,80'S,,31,"$2,227.43 ","$1,781.99 "
,OTHER,,"4,413","$2,401,063.64 ","$1,900,871.55 "
,TOTAL,,"6,410","$3,513,667.60 ","$2,782,937.73 "
66830,SG,,122,"$59,189.67 ","$47,003.99 "
,OTHER,,848,"$369,162.40 ","$292,528.15 "
,TOTAL,,970,"$428,352.07 ","$339,532.14 "
66840,SG,,824,"$496,916.79 ","$395,352.19 "
,OTHER,,"1,497","$662,423.78 ","$524,920.91 "
,TOTAL,,"2,321","$1,159,340.57 ","$920,273.10 "
66850,SG,,"1,267","$1,231,438.50 ","$979,513.07 "
,OTHER,,"5,145","$2,389,403.19 ","$1,897,654.93 "
,TOTAL,,"6,412","$3,620,841.69 ","$2,877,168.00 "
66852,SG,,495,"$241,811.88 ","$192,506.80 "
,80'S,,8,$734.71 ,$587.78 
,OTHER,,"1,452","$728,134.48 ","$579,177.22 "
,TOTAL,,"1,955","$970,681.07 ","$772,271.80 "
66920,SG,,41,"$20,981.38 ","$16,772.43 "
,OTHER,,103,"$54,251.01 ","$42,857.73 "
,TOTAL,,144,"$75,232.39 ","$59,630.16 "
66930,SG,,62,"$40,595.79 ","$32,004.03 "
,OTHER,,145,"$84,198.29 ","$67,278.63 "
,TOTAL,,207,"$124,794.08 ","$99,282.66 "
66940,SG,,251,"$175,069.00 ","$138,873.78 "
,OTHER,,835,"$499,232.51 ","$396,897.36 "
,TOTAL,,"1,086","$674,301.51 ","$535,771.14 "
66982,SG,,"23,686","$23,203,110.28 ","$18,442,673.25 "
,80'S,,15,"$2,478.75 ","$1,983.00 "
,OTHER,,"60,361","$49,189,717.49 ","$39,050,522.44 "
,TOTAL,,"84,062","$72,395,306.52 ","$57,495,178.69 "
66983,SG,,"1,149","$1,083,459.66 ","$864,764.12 "
,OTHER,,"1,003","$221,648.70 ","$175,906.76 "
,TOTAL,,"2,152","$1,305,108.36 ","$1,040,670.88 "
66984,SG,,"1,064,745","$1,030,967,923.95 ","$817,320,198.01 "
,80'S,,4,$311.24 ,$248.98 
,OTHER,,"2,180,377","$1,206,145,630.92 ","$955,290,458.62 "
,TOTAL,,"3,245,126","$2,237,113,866.11 ","$1,772,610,905.61 "
66985,SG,,"3,310","$2,642,636.08 ","$2,093,225.71 "
,OTHER,,"6,902","$3,392,070.00 ","$2,684,989.21 "
,TOTAL,,"10,212","$6,034,706.08 ","$4,778,214.92 "
66986,SG,,"3,071","$2,340,816.20 ","$1,859,112.82 "
,80'S,,2,$151.44 ,$121.16 
,OTHER,,"5,703","$3,810,326.97 ","$3,021,136.19 "
,TOTAL,,"8,776","$6,151,294.61 ","$4,880,370.17 "
66990,OTHER,,856,"$71,667.02 ","$57,093.04 "
,TOTAL,,856,"$71,667.02 ","$57,093.04 "
66999,OTHER,,"1,660","$616,983.58 ","$491,478.42 "
,TOTAL,,"1,660","$616,983.58 ","$491,478.42 "
67005,SG,,"1,030","$390,178.96 ","$310,307.31 "
,OTHER,,"2,055","$461,941.66 ","$366,790.30 "
,TOTAL,,"3,085","$852,120.62 ","$677,097.61 "
67010,SG,,"2,117","$804,413.69 ","$641,520.79 "
,80'S,,146,"$9,658.48 ","$7,593.82 "
,OTHER,,"4,778","$1,212,646.77 ","$965,168.64 "
,TOTAL,,"7,041","$2,026,718.94 ","$1,614,283.25 "
67015,SG,,391,"$102,612.55 ","$80,547.69 "
,OTHER,,"1,793","$853,664.79 ","$676,496.53 "
,TOTAL,,"2,184","$956,277.34 ","$757,044.22 "
67025,SG,,369,"$77,912.31 ","$61,963.84 "
,OTHER,,"2,256","$1,130,743.88 ","$894,288.06 "
,TOTAL,,"2,625","$1,208,656.19 ","$956,251.90 "
67027,SG,,9,"$4,070.77 ","$3,256.62 "
,80'S,,11,"$1,241.91 ",$993.55 
,OTHER,,110,"$76,087.70 ","$60,336.27 "
,TOTAL,,130,"$81,400.38 ","$64,586.44 "
67028,OTHER,,"83,089","$26,540,664.00 ","$20,943,471.87 "
,TOTAL,,"83,089","$26,540,664.00 ","$20,943,471.87 "
67030,SG,,108,"$27,769.25 ","$21,671.72 "
,80'S,,3,$179.01 ,$143.20 
,OTHER,,199,"$74,245.04 ","$58,981.55 "
,TOTAL,,310,"$102,193.30 ","$80,796.47 "
67031,SG,,742,"$326,425.78 ","$258,866.84 "
,OTHER,,"3,990","$1,234,101.11 ","$969,297.12 "
,TOTAL,,"4,732","$1,560,526.89 ","$1,228,163.96 "
67036,SG,,"3,197","$1,726,862.29 ","$1,369,356.67 "
,80'S,,"1,707","$227,500.33 ","$180,547.13 "
,OTHER,,"13,404","$10,178,139.23 ","$8,075,388.49 "
,TOTAL,,"18,308","$12,132,501.85 ","$9,625,292.29 "
67038,SG,,"11,891","$6,309,229.52 ","$4,993,084.76 "
,80'S,,"7,392","$1,588,226.81 ","$1,260,152.82 "
,OTHER,,"53,476","$67,407,603.62 ","$53,272,530.40 "
,TOTAL,,"72,759","$75,305,059.95 ","$59,525,767.98 "
67039,SG,,"1,340","$1,293,657.38 ","$1,022,899.75 "
,80'S,,278,"$34,781.28 ","$27,817.00 "
,OTHER,,"3,630","$2,495,796.41 ","$1,975,992.91 "
,TOTAL,,"5,248","$3,824,235.07 ","$3,026,709.66 "
67040,SG,,"4,931","$4,772,461.25 ","$3,767,250.74 "
,80'S,,"2,751","$388,299.56 ","$309,195.31 "
,OTHER,,"20,284","$16,865,377.38 ","$13,326,485.97 "
,TOTAL,,"27,966","$22,026,138.19 ","$17,402,932.02 "
67101,OTHER,,"1,736","$806,945.01 ","$638,455.20 "
,TOTAL,,"1,736","$806,945.01 ","$638,455.20 "
67105,OTHER,,"5,718","$3,308,465.32 ","$2,610,547.93 "
,TOTAL,,"5,718","$3,308,465.32 ","$2,610,547.93 "
67107,SG,,690,"$480,812.98 ","$380,569.72 "
,80'S,,475,"$82,854.92 ","$66,070.60 "
,OTHER,,"4,423","$4,506,586.92 ","$3,564,161.19 "
,TOTAL,,"5,588","$5,070,254.82 ","$4,010,801.51 "
67108,SG,,"3,720","$3,630,837.20 ","$2,869,447.81 "
,80'S,,"2,971","$706,055.98 ","$559,136.61 "
,OTHER,,"19,533","$27,004,825.30 ","$21,333,760.33 "
,TOTAL,,"26,224","$31,341,718.48 ","$24,762,344.75 "
67110,OTHER,,"3,809","$3,249,521.85 ","$2,557,782.01 "
,TOTAL,,"3,809","$3,249,521.85 ","$2,557,782.01 "
67112,SG,,390,"$382,722.07 ","$304,542.53 "
,80'S,,48,"$7,466.84 ","$5,973.45 "
,OTHER,,"1,008","$959,260.46 ","$762,227.91 "
,TOTAL,,"1,446","$1,349,449.37 ","$1,072,743.89 "
67115,SG,,32,"$11,123.09 ","$8,898.48 "
,80'S,,1,$39.55 ,$31.64 
,OTHER,,106,"$40,236.24 ","$31,738.48 "
,TOTAL,,139,"$51,398.88 ","$40,668.60 "
67120,SG,,239,"$93,502.86 ","$73,923.79 "
,80'S,,1,$84.23 ,$67.38 
,OTHER,,"1,038","$460,416.96 ","$365,127.19 "
,TOTAL,,"1,278","$554,004.05 ","$439,118.36 "
67121,SG,,255,"$91,983.51 ","$72,752.58 "
,80'S,,76,"$9,712.12 ","$7,648.89 "
,OTHER,,"1,142","$855,152.87 ","$675,111.28 "
,TOTAL,,"1,473","$956,848.50 ","$755,512.75 "
67141,SG,,239,"$102,010.66 ","$80,917.83 "
,OTHER,,"2,674","$1,132,056.00 ","$889,052.20 "
,TOTAL,,"2,913","$1,234,066.66 ","$969,970.03 "
67145,OTHER,,"19,433","$7,945,327.72 ","$6,221,354.91 "
,TOTAL,,"19,433","$7,945,327.72 ","$6,221,354.91 "
67208,OTHER,,562,"$259,556.07 ","$204,841.95 "
,TOTAL,,562,"$259,556.07 ","$204,841.95 "
67210,80'S,,1,$500.00 ,$400.00 
,OTHER,,"176,271","$101,364,079.72 ","$79,781,096.37 "
,TOTAL,,"176,272","$101,364,579.72 ","$79,781,496.37 "
67218,SG,,17,"$11,830.08 ","$9,464.09 "
,OTHER,,687,"$857,874.38 ","$676,096.04 "
,TOTAL,,704,"$869,704.46 ","$685,560.13 "
67220,OTHER,,"31,330","$27,431,829.68 ","$21,823,571.73 "
,TOTAL,,"31,330","$27,431,829.68 ","$21,823,571.73 "
67221,OTHER,,"126,870","$38,939,871.27 ","$30,908,608.23 "
,TOTAL,,"126,870","$38,939,871.27 ","$30,908,608.23 "
67225,OTHER,,"6,964","$191,702.94 ","$152,867.59 "
,TOTAL,,"6,964","$191,702.94 ","$152,867.59 "
67227,SG,,318,"$99,793.23 ","$78,970.68 "
,80'S,,1,$500.00 ,$400.00 
,OTHER,,"1,013","$442,696.59 ","$349,857.49 "
,TOTAL,,"1,332","$542,989.82 ","$429,228.17 "
67228,OTHER,,"109,840","$97,722,954.52 ","$76,697,866.91 "
,TOTAL,,"109,840","$97,722,954.52 ","$76,697,866.91 "
67250,SG,,30,"$9,580.79 ","$7,547.36 "
,OTHER,,46,"$26,075.90 ","$20,860.72 "
,TOTAL,,76,"$35,656.69 ","$28,408.08 "
67255,SG,,"1,744","$499,127.70 ","$398,307.83 "
,80'S,,319,"$22,226.38 ","$17,771.21 "
,OTHER,,"5,470","$2,306,403.94 ","$1,834,157.36 "
,TOTAL,,"7,533","$2,827,758.02 ","$2,250,236.40 "
67299,80'S,,15,"$2,981.20 ","$2,304.92 "
,OTHER,,438,"$334,161.87 ","$265,471.63 "
,TOTAL,,453,"$337,143.07 ","$267,776.55 "
67311,SG,,"1,173","$453,138.48 ","$358,129.34 "
,OTHER,,"2,869","$1,275,224.08 ","$1,006,260.10 "
,TOTAL,,"4,042","$1,728,362.56 ","$1,364,389.44 "
67312,SG,,683,"$392,599.27 ","$309,526.22 "
,80'S,,1,$95.04 ,$76.03 
,OTHER,,"1,902","$1,141,142.53 ","$899,190.42 "
,TOTAL,,"2,586","$1,533,836.84 ","$1,208,792.67 "
67314,SG,,691,"$384,597.28 ","$302,028.53 "
,OTHER,,"2,039","$1,052,968.77 ","$829,631.08 "
,TOTAL,,"2,730","$1,437,566.05 ","$1,131,659.61 "
67316,SG,,73,"$41,632.38 ","$33,008.43 "
,80'S,,2,$298.88 ,$239.10 
,OTHER,,242,"$159,917.39 ","$124,789.56 "
,TOTAL,,317,"$201,848.65 ","$158,037.09 "
67318,SG,,80,"$45,087.72 ","$35,781.66 "
,OTHER,,331,"$156,585.70 ","$123,549.07 "
,TOTAL,,411,"$201,673.42 ","$159,330.73 "
67320,SG,,101,"$42,248.17 ","$33,798.58 "
,80'S,,1,$62.69 ,$50.15 
,OTHER,,401,"$99,499.36 ","$78,635.67 "
,TOTAL,,503,"$141,810.22 ","$112,484.40 "
67331,SG,,135,"$64,168.60 ","$50,755.13 "
,OTHER,,494,"$118,270.45 ","$94,240.32 "
,TOTAL,,629,"$182,439.05 ","$144,995.45 "
67332,SG,,359,"$175,614.94 ","$138,348.57 "
,80'S,,24,"$1,075.51 ",$844.58 
,OTHER,,"1,547","$406,460.57 ","$320,283.83 "
,TOTAL,,"1,930","$583,151.02 ","$459,476.98 "
67334,SG,,23,"$9,864.35 ","$7,891.48 "
,OTHER,,90,"$20,289.34 ","$16,160.60 "
,TOTAL,,113,"$30,153.69 ","$24,052.08 "
67335,SG,,525,"$226,486.32 ","$178,668.12 "
,OTHER,,"1,611","$233,155.61 ","$184,882.58 "
,TOTAL,,"2,136","$459,641.93 ","$363,550.70 "
67340,SG,,16,"$6,695.69 ","$5,276.55 "
,80'S,,1,$48.09 ,$38.47 
,OTHER,,79,"$22,203.55 ","$17,454.21 "
,TOTAL,,96,"$28,947.33 ","$22,769.23 "
67343,80'S,,3,$190.64 ,$152.52 
,OTHER,,167,"$59,033.30 ","$46,244.13 "
,TOTAL,,170,"$59,223.94 ","$46,396.65 "
67345,OTHER,,687,"$177,348.93 ","$137,161.53 "
,TOTAL,,687,"$177,348.93 ","$137,161.53 "
67350,SG,,9,"$1,518.39 ","$1,214.71 "
,OTHER,,26,"$2,987.81 ","$2,390.26 "
,TOTAL,,35,"$4,506.20 ","$3,604.97 "
67399,OTHER,,47,"$22,092.55 ","$17,112.19 "
,TOTAL,,47,"$22,092.55 ","$17,112.19 "
67400,SG,,327,"$131,380.96 ","$103,884.69 "
,80'S,,61,"$7,600.53 ","$6,080.37 "
,OTHER,,"1,530","$1,146,524.96 ","$909,324.08 "
,TOTAL,,"1,918","$1,285,506.45 ","$1,019,289.14 "
67405,SG,,11,"$5,578.53 ","$4,462.82 "
,80'S,,4,$505.42 ,$404.33 
,OTHER,,180,"$116,932.00 ","$92,802.09 "
,TOTAL,,195,"$123,015.95 ","$97,669.24 "
67412,SG,,525,"$365,542.42 ","$289,565.20 "
,80'S,,41,"$5,433.57 ","$4,346.81 "
,OTHER,,"1,436","$1,185,225.27 ","$936,507.68 "
,TOTAL,,"2,002","$1,556,201.26 ","$1,230,419.69 "
67413,SG,,28,"$18,787.87 ","$14,969.99 "
,80'S,,6,$698.72 ,$558.97 
,OTHER,,117,"$90,912.65 ","$71,457.42 "
,TOTAL,,151,"$110,399.24 ","$86,986.38 "
67414,80'S,,31,"$4,396.44 ","$3,517.14 "
,OTHER,,276,"$235,058.77 ","$186,708.72 "
,TOTAL,,307,"$239,455.21 ","$190,225.86 "
67415,SG,,3,$779.07 ,$623.25 
,80'S,,6,$64.33 ,$51.45 
,OTHER,,72,"$5,899.88 ","$4,499.79 "
,TOTAL,,81,"$6,743.28 ","$5,174.49 "
67420,SG,,40,"$28,205.67 ","$21,766.35 "
,80'S,,18,"$4,274.77 ","$3,327.76 "
,OTHER,,183,"$243,575.36 ","$187,730.63 "
,TOTAL,,241,"$276,055.80 ","$212,824.74 "
67430,80'S,,1,$182.14 ,$145.71 
,OTHER,,7,"$7,467.63 ","$5,974.11 "
,TOTAL,,8,"$7,649.77 ","$6,119.82 "
67440,SG,,3,"$2,284.19 ","$1,827.36 "
,OTHER,,14,"$15,909.87 ","$12,727.89 "
,TOTAL,,17,"$18,194.06 ","$14,555.25 "
67445,80'S,,38,"$6,378.53 ","$5,102.82 "
,OTHER,,199,"$213,675.32 ","$170,102.92 "
,TOTAL,,237,"$220,053.85 ","$175,205.74 "
67450,SG,,9,"$6,244.05 ","$4,935.57 "
,80'S,,2,$366.01 ,$292.80 
,OTHER,,75,"$80,581.31 ","$64,305.06 "
,TOTAL,,86,"$87,191.37 ","$69,533.43 "
67500,OTHER,,"17,791","$943,242.90 ","$741,805.94 "
,TOTAL,,"17,791","$943,242.90 ","$741,805.94 "
67505,OTHER,,"1,210","$61,692.09 ","$48,755.96 "
,TOTAL,,"1,210","$61,692.09 ","$48,755.96 "
67515,OTHER,,"34,603","$1,717,970.26 ","$1,316,729.33 "
,TOTAL,,"34,603","$1,717,970.26 ","$1,316,729.33 "
67550,SG,,67,"$36,271.38 ","$27,658.93 "
,OTHER,,226,"$171,909.68 ","$134,003.16 "
,TOTAL,,293,"$208,181.06 ","$161,662.09 "
67560,SG,,49,"$16,831.75 ","$13,140.63 "
,80'S,,2,$283.92 ,$227.14 
,OTHER,,156,"$129,559.72 ","$102,580.51 "
,TOTAL,,207,"$146,675.39 ","$115,948.28 "
67570,80'S,,17,"$2,413.28 ","$1,930.62 "
,OTHER,,163,"$134,713.74 ","$106,760.94 "
,TOTAL,,180,"$137,127.02 ","$108,691.56 "
67599,80'S,,2,$230.90 ,$184.72 
,OTHER,,40,"$17,891.30 ","$14,272.88 "
,TOTAL,,42,"$18,122.20 ","$14,457.60 "
67700,OTHER,,"4,525","$926,913.21 ","$721,454.82 "
,TOTAL,,"4,525","$926,913.21 ","$721,454.82 "
67710,OTHER,,938,"$159,028.07 ","$123,591.96 "
,TOTAL,,938,"$159,028.07 ","$123,591.96 "
67715,SG,,198,"$39,174.23 ","$31,326.80 "
,OTHER,,474,"$34,153.84 ","$26,877.04 "
,TOTAL,,672,"$73,328.07 ","$58,203.84 "
67800,OTHER,,"22,140","$3,102,469.99 ","$2,342,568.77 "
,TOTAL,,"22,140","$3,102,469.99 ","$2,342,568.77 "
67801,OTHER,,"4,152","$1,120,398.78 ","$876,371.27 "
,TOTAL,,"4,152","$1,120,398.78 ","$876,371.27 "
67805,OTHER,,"1,299","$350,418.45 ","$275,135.41 "
,TOTAL,,"1,299","$350,418.45 ","$275,135.41 "
67808,SG,,145,"$53,469.25 ","$42,325.57 "
,OTHER,,225,"$64,704.81 ","$50,830.05 "
,TOTAL,,370,"$118,174.06 ","$93,155.62 "
67810,OTHER,,"36,066","$6,432,379.51 ","$4,995,043.03 "
,TOTAL,,"36,066","$6,432,379.51 ","$4,995,043.03 "
67820,OTHER,,"285,266","$19,973,038.18 ","$15,137,581.92 "
,TOTAL,,"285,266","$19,973,038.18 ","$15,137,581.92 "
67825,OTHER,,"12,056","$1,193,221.84 ","$908,741.27 "
,TOTAL,,"12,056","$1,193,221.84 ","$908,741.27 "
67830,SG,,208,"$63,727.86 ","$50,963.89 "
,OTHER,,853,"$163,025.01 ","$127,401.76 "
,TOTAL,,"1,061","$226,752.87 ","$178,365.65 "
67835,SG,,49,"$15,316.55 ","$11,924.86 "
,OTHER,,135,"$36,434.98 ","$28,855.74 "
,TOTAL,,184,"$51,751.53 ","$40,780.60 "
67840,OTHER,,"49,863","$11,909,239.48 ","$9,302,787.77 "
,TOTAL,,"49,863","$11,909,239.48 ","$9,302,787.77 "
67850,OTHER,,"4,677","$1,230,373.71 ","$964,575.23 "
,TOTAL,,"4,677","$1,230,373.71 ","$964,575.23 "
67875,OTHER,,"5,218","$783,591.84 ","$619,927.35 "
,TOTAL,,"5,218","$783,591.84 ","$619,927.35 "
67880,SG,,690,"$274,110.70 ","$217,913.04 "
,OTHER,,"3,053","$952,012.59 ","$755,196.12 "
,TOTAL,,"3,743","$1,226,123.29 ","$973,109.16 "
67882,SG,,227,"$97,589.92 ","$77,713.22 "
,OTHER,,930,"$346,584.56 ","$274,530.29 "
,TOTAL,,"1,157","$444,174.48 ","$352,243.51 "
67900,SG,,"4,253","$1,642,593.59 ","$1,305,868.87 "
,OTHER,,"9,373","$2,601,541.11 ","$2,066,187.33 "
,TOTAL,,"13,626","$4,244,134.70 ","$3,372,056.20 "
67901,SG,,661,"$414,714.69 ","$328,956.83 "
,OTHER,,880,"$466,935.46 ","$370,814.01 "
,TOTAL,,"1,541","$881,650.15 ","$699,770.84 "
67902,SG,,77,"$50,214.80 ","$40,091.86 "
,OTHER,,152,"$77,334.75 ","$61,111.21 "
,TOTAL,,229,"$127,549.55 ","$101,203.07 "
67903,SG,,"1,606","$843,646.88 ","$670,415.79 "
,OTHER,,"2,601","$1,257,358.86 ","$999,815.50 "
,TOTAL,,"4,207","$2,101,005.74 ","$1,670,231.29 "
67904,SG,,"27,377","$13,359,824.16 ","$10,598,688.77 "
,OTHER,,"44,564","$22,259,336.61 ","$17,646,130.59 "
,TOTAL,,"71,941","$35,619,160.77 ","$28,244,819.36 "
67906,SG,,26,"$17,845.44 ","$13,986.21 "
,OTHER,,26,"$13,388.40 ","$10,710.71 "
,TOTAL,,52,"$31,233.84 ","$24,696.92 "
67908,SG,,"2,033","$1,094,823.77 ","$868,200.37 "
,OTHER,,"3,414","$1,368,644.82 ","$1,084,051.72 "
,TOTAL,,"5,447","$2,463,468.59 ","$1,952,252.09 "
67909,SG,,87,"$49,642.20 ","$39,553.78 "
,OTHER,,276,"$115,733.03 ","$92,154.45 "
,TOTAL,,363,"$165,375.23 ","$131,708.23 "
67911,SG,,"1,038","$401,612.75 ","$318,425.66 "
,OTHER,,"2,536","$781,759.09 ","$619,966.65 "
,TOTAL,,"3,574","$1,183,371.84 ","$938,392.31 "
67912,OTHER,,955,"$442,788.95 ","$350,561.83 "
,TOTAL,,955,"$442,788.95 ","$350,561.83 "
67914,SG,,"1,093","$509,910.49 ","$403,517.38 "
,OTHER,,"2,077","$655,254.62 ","$517,373.53 "
,TOTAL,,"3,170","$1,165,165.11 ","$920,890.91 "
67915,OTHER,,565,"$204,100.04 ","$161,316.40 "
,TOTAL,,565,"$204,100.04 ","$161,316.40 "
67916,SG,,"1,955","$1,130,523.82 ","$896,893.52 "
,OTHER,,"5,648","$2,472,863.75 ","$1,960,180.81 "
,TOTAL,,"7,603","$3,603,387.57 ","$2,857,074.33 "
67917,SG,,"10,127","$5,664,643.87 ","$4,503,245.41 "
,OTHER,,"21,350","$8,747,902.08 ","$6,942,577.90 "
,TOTAL,,"31,477","$14,412,545.95 ","$11,445,823.31 "
67921,SG,,"1,388","$642,246.60 ","$508,299.47 "
,OTHER,,"5,791","$2,085,182.24 ","$1,646,090.31 "
,TOTAL,,"7,179","$2,727,428.84 ","$2,154,389.78 "
67922,OTHER,,379,"$133,908.54 ","$105,200.21 "
,TOTAL,,379,"$133,908.54 ","$105,200.21 "
67923,SG,,"1,734","$1,040,336.16 ","$825,704.39 "
,OTHER,,"4,721","$2,302,695.98 ","$1,822,959.61 "
,TOTAL,,"6,455","$3,343,032.14 ","$2,648,664.00 "
67924,SG,,"5,135","$2,940,574.52 ","$2,339,381.64 "
,OTHER,,"10,121","$4,385,992.35 ","$3,476,797.27 "
,TOTAL,,"15,256","$7,326,566.87 ","$5,816,178.91 "
67930,OTHER,,354,"$111,247.44 ","$88,290.00 "
,TOTAL,,354,"$111,247.44 ","$88,290.00 "
67935,SG,,84,"$32,003.63 ","$25,442.88 "
,OTHER,,662,"$275,676.73 ","$218,156.89 "
,TOTAL,,746,"$307,680.36 ","$243,599.77 "
67938,OTHER,,"2,502","$522,995.47 ","$405,846.50 "
,TOTAL,,"2,502","$522,995.47 ","$405,846.50 "
67950,SG,,"3,369","$900,065.85 ","$716,547.42 "
,80'S,,6,$478.48 ,$382.79 
,OTHER,,"7,200","$2,468,850.29 ","$1,961,739.97 "
,TOTAL,,"10,575","$3,369,394.62 ","$2,678,670.18 "
67961,SG,,"3,243","$1,381,665.11 ","$1,096,842.68 "
,80'S,,27,"$1,390.47 ","$1,112.41 "
,OTHER,,"7,165","$2,854,785.93 ","$2,259,868.05 "
,TOTAL,,"10,435","$4,237,841.51 ","$3,357,823.14 "
67966,SG,,"2,306","$995,080.28 ","$790,387.41 "
,OTHER,,"5,989","$2,285,274.24 ","$1,809,416.78 "
,TOTAL,,"8,295","$3,280,354.52 ","$2,599,804.19 "
67971,SG,,446,"$196,585.01 ","$156,117.18 "
,80'S,,22,"$2,114.29 ","$1,691.44 "
,OTHER,,"1,161","$550,186.22 ","$436,923.60 "
,TOTAL,,"1,629","$748,885.52 ","$594,732.22 "
67973,SG,,439,"$164,716.45 ","$130,909.18 "
,80'S,,68,"$6,782.38 ","$5,425.87 "
,OTHER,,975,"$734,480.08 ","$585,113.73 "
,TOTAL,,"1,482","$905,978.91 ","$721,448.78 "
67974,SG,,91,"$37,357.96 ","$29,802.29 "
,80'S,,23,"$2,435.26 ","$1,948.24 "
,OTHER,,250,"$185,888.03 ","$148,682.44 "
,TOTAL,,364,"$225,681.25 ","$180,432.97 "
67975,SG,,341,"$164,049.60 ","$130,687.40 "
,OTHER,,"1,056","$602,868.25 ","$477,850.80 "
,TOTAL,,"1,397","$766,917.85 ","$608,538.20 "
67999,80'S,,2,$137.37 ,$109.90 
,OTHER,,543,"$227,141.98 ","$181,110.41 "
,TOTAL,,545,"$227,279.35 ","$181,220.31 "
68020,OTHER,,"3,200","$755,800.91 ","$588,189.52 "
,TOTAL,,"3,200","$755,800.91 ","$588,189.52 "
68040,OTHER,,"1,920","$352,363.99 ","$278,729.53 "
,TOTAL,,"1,920","$352,363.99 ","$278,729.53 "
68100,OTHER,,"1,432","$228,986.96 ","$179,024.98 "
,TOTAL,,"1,432","$228,986.96 ","$179,024.98 "
68110,OTHER,,"4,518","$1,068,934.58 ","$836,941.72 "
,TOTAL,,"4,518","$1,068,934.58 ","$836,941.72 "
68115,SG,,293,"$115,631.79 ","$91,161.22 "
,OTHER,,"1,222","$212,442.63 ","$164,712.86 "
,TOTAL,,"1,515","$328,074.42 ","$255,874.08 "
68130,SG,,177,"$73,049.03 ","$58,359.31 "
,OTHER,,325,"$99,014.18 ","$77,812.02 "
,TOTAL,,502,"$172,063.21 ","$136,171.33 "
68135,OTHER,,593,"$112,870.77 ","$88,972.70 "
,TOTAL,,593,"$112,870.77 ","$88,972.70 "
68200,OTHER,,"15,609","$596,968.85 ","$459,144.85 "
,TOTAL,,"15,609","$596,968.85 ","$459,144.85 "
68320,SG,,"2,461","$1,260,544.80 ","$1,004,449.21 "
,OTHER,,"4,370","$1,104,500.22 ","$878,353.98 "
,TOTAL,,"6,831","$2,365,045.02 ","$1,882,803.19 "
68325,SG,,38,"$18,997.75 ","$15,159.51 "
,80'S,,1,$81.07 ,$64.86 
,OTHER,,98,"$40,631.66 ","$32,234.48 "
,TOTAL,,137,"$59,710.48 ","$47,458.85 "
68326,SG,,450,"$231,183.67 ","$183,846.95 "
,OTHER,,"1,786","$592,532.02 ","$470,214.54 "
,TOTAL,,"2,236","$823,715.69 ","$654,061.49 "
68328,SG,,92,"$47,198.67 ","$37,540.46 "
,80'S,,12,$604.12 ,$483.32 
,OTHER,,248,"$109,569.06 ","$86,548.74 "
,TOTAL,,352,"$157,371.85 ","$124,572.52 "
68330,SG,,36,"$19,464.17 ","$15,571.33 "
,80'S,,1,$35.27 ,$28.22 
,OTHER,,157,"$47,913.45 ","$38,053.59 "
,TOTAL,,194,"$67,412.89 ","$53,653.14 "
68335,SG,,45,"$24,116.23 ","$19,292.97 "
,OTHER,,219,"$78,376.49 ","$62,462.08 "
,TOTAL,,264,"$102,492.72 ","$81,755.05 "
68340,SG,,21,"$11,537.39 ","$8,787.52 "
,OTHER,,205,"$79,522.49 ","$63,166.65 "
,TOTAL,,226,"$91,059.88 ","$71,954.17 "
68360,SG,,130,"$40,380.42 ","$32,294.69 "
,OTHER,,343,"$86,035.42 ","$68,154.05 "
,TOTAL,,473,"$126,415.84 ","$100,448.74 "
68362,SG,,204,"$84,251.66 ","$66,612.57 "
,OTHER,,483,"$245,274.42 ","$193,392.41 "
,TOTAL,,687,"$329,526.08 ","$260,004.98 "
68371,OTHER,,36,"$7,306.28 ","$5,845.01 "
,TOTAL,,36,"$7,306.28 ","$5,845.01 "
68399,OTHER,,109,"$21,867.10 ","$17,270.79 "
,TOTAL,,109,"$21,867.10 ","$17,270.79 "
68400,OTHER,,159,"$41,772.01 ","$32,828.06 "
,TOTAL,,159,"$41,772.01 ","$32,828.06 "
68420,OTHER,,570,"$182,718.77 ","$143,590.46 "
,TOTAL,,570,"$182,718.77 ","$143,590.46 "
68440,OTHER,,"9,131","$1,449,683.11 ","$1,134,146.58 "
,TOTAL,,"9,131","$1,449,683.11 ","$1,134,146.58 "
68500,SG,,1,$498.56 ,$398.85 
,OTHER,,3,"$2,316.02 ","$1,852.81 "
,TOTAL,,4,"$2,814.58 ","$2,251.66 "
68505,SG,,11,"$3,018.85 ","$2,415.07 "
,OTHER,,55,"$39,474.98 ","$31,564.40 "
,TOTAL,,66,"$42,493.83 ","$33,979.47 "
68510,SG,,18,"$4,773.34 ","$3,641.38 "
,80'S,,1,$24.28 ,$19.42 
,OTHER,,104,"$24,400.69 ","$19,220.85 "
,TOTAL,,123,"$29,198.31 ","$22,881.65 "
68520,SG,,59,"$25,177.97 ","$20,027.30 "
,80'S,,2,$152.50 ,$122.00 
,OTHER,,161,"$78,439.48 ","$62,147.22 "
,TOTAL,,222,"$103,769.95 ","$82,296.52 "
68525,SG,,21,"$4,210.05 ","$3,368.00 "
,OTHER,,140,"$21,240.49 ","$16,895.67 "
,TOTAL,,161,"$25,450.54 ","$20,263.67 "
68530,OTHER,,"1,322","$566,692.24 ","$443,873.14 "
,TOTAL,,"1,322","$566,692.24 ","$443,873.14 "
68540,SG,,16,"$6,637.58 ","$5,310.07 "
,OTHER,,43,"$27,007.21 ","$21,605.79 "
,TOTAL,,59,"$33,644.79 ","$26,915.86 "
68550,SG,,3,"$1,062.32 ",$849.86 
,OTHER,,6,"$4,801.77 ","$3,841.42 "
,TOTAL,,9,"$5,864.09 ","$4,691.28 "
68700,SG,,763,"$209,823.69 ","$166,623.96 "
,OTHER,,"2,542","$1,013,597.69 ","$801,699.05 "
,TOTAL,,"3,305","$1,223,421.38 ","$968,323.01 "
68705,OTHER,,915,"$179,643.96 ","$141,170.74 "
,TOTAL,,915,"$179,643.96 ","$141,170.74 "
68720,SG,,"2,352","$1,404,947.66 ","$1,115,550.60 "
,80'S,,260,"$26,261.63 ","$20,668.41 "
,OTHER,,"6,557","$3,845,399.47 ","$3,045,449.35 "
,TOTAL,,"9,169","$5,276,608.76 ","$4,181,668.36 "
68745,SG,,5,"$2,935.64 ","$2,348.52 "
,OTHER,,22,"$12,527.27 ","$9,971.32 "
,TOTAL,,27,"$15,462.91 ","$12,319.84 "
68750,SG,,411,"$244,852.99 ","$195,278.70 "
,80'S,,23,"$2,218.66 ","$1,774.92 "
,OTHER,,891,"$536,127.42 ","$423,257.40 "
,TOTAL,,"1,325","$783,199.07 ","$620,311.02 "
68760,OTHER,,"15,402","$2,883,503.83 ","$2,259,840.02 "
,TOTAL,,"15,402","$2,883,503.83 ","$2,259,840.02 "
68761,80'S,,1,$27.98 ,$22.38 
,OTHER,,"296,771","$47,672,219.11 ","$37,429,649.77 "
,TOTAL,,"296,772","$47,672,247.09 ","$37,429,672.15 "
68770,SG,,5,"$2,168.63 ","$1,734.90 "
,OTHER,,50,"$30,729.44 ","$24,194.54 "
,TOTAL,,55,"$32,898.07 ","$25,929.44 "
68801,OTHER,,"35,172","$2,340,215.50 ","$1,774,440.68 "
,TOTAL,,"35,172","$2,340,215.50 ","$1,774,440.68 "
68810,SG,,369,"$84,515.53 ","$67,487.81 "
,OTHER,,"26,119","$4,124,121.35 ","$3,221,034.66 "
,TOTAL,,"26,488","$4,208,636.88 ","$3,288,522.47 "
68811,SG,,259,"$85,397.20 ","$68,020.71 "
,OTHER,,648,"$93,041.26 ","$73,055.40 "
,TOTAL,,907,"$178,438.46 ","$141,076.11 "
68815,SG,,"1,916","$534,983.68 ","$426,770.35 "
,OTHER,,"6,413","$1,093,429.68 ","$866,127.48 "
,TOTAL,,"8,329","$1,628,413.36 ","$1,292,897.83 "
68840,OTHER,,"37,664","$3,521,700.90 ","$2,733,406.22 "
,TOTAL,,"37,664","$3,521,700.90 ","$2,733,406.22 "
68850,OTHER,,377,"$54,376.55 ","$42,739.47 "
,TOTAL,,377,"$54,376.55 ","$42,739.47 "
68899,OTHER,,145,"$24,762.00 ","$19,840.45 "
,TOTAL,,145,"$24,762.00 ","$19,840.45 "
69000,OTHER,EAR,"1,938","$268,021.15 ","$206,090.68 "
,TOTAL,,"1,938","$268,021.15 ","$206,090.68 "
69005,OTHER,,789,"$130,522.54 ","$102,511.68 "
,TOTAL,,789,"$130,522.54 ","$102,511.68 "
69020,OTHER,,"1,631","$295,242.27 ","$228,585.93 "
,TOTAL,,"1,631","$295,242.27 ","$228,585.93 "
69100,OTHER,,"54,375","$4,704,808.46 ","$3,588,865.38 "
,TOTAL,,"54,375","$4,704,808.46 ","$3,588,865.38 "
69105,OTHER,,"1,306","$135,866.90 ","$105,395.87 "
,TOTAL,,"1,306","$135,866.90 ","$105,395.87 "
69110,SG,,278,"$75,629.20 ","$59,665.16 "
,OTHER,,"2,734","$636,561.44 ","$500,638.74 "
,TOTAL,,"3,012","$712,190.64 ","$560,303.90 "
69120,SG,,17,"$5,745.41 ","$4,596.34 "
,OTHER,,283,"$48,299.72 ","$38,209.44 "
,TOTAL,,300,"$54,045.13 ","$42,805.78 "
69140,SG,,28,"$11,538.06 ","$9,085.69 "
,OTHER,,154,"$75,710.32 ","$59,402.60 "
,TOTAL,,182,"$87,248.38 ","$68,488.29 "
69145,SG,,233,"$92,214.11 ","$73,354.87 "
,OTHER,,"2,213","$470,769.13 ","$371,084.19 "
,TOTAL,,"2,446","$562,983.24 ","$444,439.06 "
69150,SG,,22,"$10,572.24 ","$8,203.69 "
,OTHER,,255,"$212,037.63 ","$166,485.66 "
,TOTAL,,277,"$222,609.87 ","$174,689.35 "
69155,80'S,,1,$244.36 ,$195.49 
,OTHER,,23,"$27,957.87 ","$21,701.84 "
,TOTAL,,24,"$28,202.23 ","$21,897.33 "
69200,OTHER,,"23,148","$2,228,939.58 ","$1,688,273.76 "
,TOTAL,,"23,148","$2,228,939.58 ","$1,688,273.76 "
69205,SG,,69,"$19,995.48 ","$15,994.78 "
,OTHER,,507,"$42,361.87 ","$32,375.48 "
,TOTAL,,576,"$62,357.35 ","$48,370.26 "
69210,OTHER,,"1,322,641","$60,341,310.01 ","$42,951,739.97 "
,TOTAL,,"1,322,641","$60,341,310.01 ","$42,951,739.97 "
69220,OTHER,,"52,319","$5,860,567.99 ","$4,359,019.31 "
,TOTAL,,"52,319","$5,860,567.99 ","$4,359,019.31 "
69222,OTHER,,"7,797","$1,451,510.31 ","$1,114,531.13 "
,TOTAL,,"7,797","$1,451,510.31 ","$1,114,531.13 "
69300,SG,,7,"$3,232.01 ","$2,585.60 "
,OTHER,,34,"$13,703.52 ","$10,962.82 "
,TOTAL,,41,"$16,935.53 ","$13,548.42 "
69310,SG,,122,"$54,323.82 ","$42,126.07 "
,OTHER,,869,"$504,182.77 ","$399,233.83 "
,TOTAL,,991,"$558,506.59 ","$441,359.90 "
69320,SG,,6,"$5,383.95 ","$4,307.16 "
,OTHER,,35,"$38,000.40 ","$30,400.32 "
,TOTAL,,41,"$43,384.35 ","$34,707.48 "
69399,OTHER,,90,"$14,104.22 ","$11,276.54 "
,TOTAL,,90,"$14,104.22 ","$11,276.54 "
69400,OTHER,,"1,325","$143,234.13 ","$111,543.69 "
,TOTAL,,"1,325","$143,234.13 ","$111,543.69 "
69401,OTHER,,"4,191","$283,077.92 ","$218,499.19 "
,TOTAL,,"4,191","$283,077.92 ","$218,499.19 "
69405,OTHER,,40,"$6,606.34 ","$5,285.06 "
,TOTAL,,40,"$6,606.34 ","$5,285.06 "
69410,OTHER,,121,"$9,230.87 ","$6,666.41 "
,TOTAL,,121,"$9,230.87 ","$6,666.41 "
69420,OTHER,,"12,921","$2,087,108.37 ","$1,618,506.66 "
,TOTAL,,"12,921","$2,087,108.37 ","$1,618,506.66 "
69421,SG,,152,"$68,353.78 ","$52,889.59 "
,OTHER,,597,"$72,597.61 ","$56,946.05 "
,TOTAL,,749,"$140,951.39 ","$109,835.64 "
69424,OTHER,,"1,178","$113,991.06 ","$87,331.47 "
,TOTAL,,"1,178","$113,991.06 ","$87,331.47 "
69433,OTHER,,"40,687","$7,062,589.43 ","$5,464,673.77 "
,TOTAL,,"40,687","$7,062,589.43 ","$5,464,673.77 "
69436,SG,,"3,221","$1,539,964.60 ","$1,215,530.14 "
,OTHER,,"11,431","$1,907,510.51 ","$1,500,815.40 "
,TOTAL,,"14,652","$3,447,475.11 ","$2,716,345.54 "
69440,SG,,74,"$30,169.86 ","$23,621.14 "
,OTHER,,"1,031","$488,682.15 ","$386,518.27 "
,TOTAL,,"1,105","$518,852.01 ","$410,139.41 "
69450,SG,,57,"$10,538.78 ","$8,240.19 "
,OTHER,,348,"$132,992.31 ","$104,488.13 "
,TOTAL,,405,"$143,531.09 ","$112,728.32 "
69501,SG,,8,"$7,283.60 ","$5,826.88 "
,OTHER,,78,"$38,738.54 ","$30,339.86 "
,TOTAL,,86,"$46,022.14 ","$36,166.74 "
69502,SG,,20,"$19,402.35 ","$15,521.86 "
,80'S,,1,$79.35 ,$63.48 
,OTHER,,245,"$174,000.65 ","$138,229.51 "
,TOTAL,,266,"$193,482.35 ","$153,814.85 "
69505,SG,,17,"$15,678.97 ","$12,538.20 "
,OTHER,,129,"$106,543.96 ","$83,028.45 "
,TOTAL,,146,"$122,222.93 ","$95,566.65 "
69511,SG,,13,"$12,922.50 ","$10,338.00 "
,OTHER,,64,"$54,439.92 ","$42,351.02 "
,TOTAL,,77,"$67,362.42 ","$52,689.02 "
69530,OTHER,,19,"$22,548.23 ","$17,055.70 "
,TOTAL,,19,"$22,548.23 ","$17,055.70 "
69535,OTHER,,176,"$386,221.70 ","$307,436.08 "
,TOTAL,,176,"$386,221.70 ","$307,436.08 "
69540,OTHER,,573,"$88,557.41 ","$67,749.43 "
,TOTAL,,573,"$88,557.41 ","$67,749.43 "
69550,SG,,9,"$6,400.53 ","$5,120.43 "
,80'S,,1,$115.27 ,$92.22 
,OTHER,,57,"$41,068.77 ","$32,123.25 "
,TOTAL,,67,"$47,584.57 ","$37,335.90 "
69552,SG,,5,"$4,542.62 ","$3,634.08 "
,OTHER,,29,"$37,091.38 ","$29,593.09 "
,TOTAL,,34,"$41,634.00 ","$33,227.17 "
69554,OTHER,,5,"$10,216.30 ","$8,132.22 "
,TOTAL,,5,"$10,216.30 ","$8,132.22 "
69601,SG,,13,"$12,254.07 ","$9,723.25 "
,OTHER,,81,"$70,919.64 ","$56,280.35 "
,TOTAL,,94,"$83,173.71 ","$66,003.60 "
69602,SG,,7,"$6,423.35 ","$5,138.69 "
,OTHER,,84,"$73,531.96 ","$58,042.55 "
,TOTAL,,91,"$79,955.31 ","$63,181.24 "
69603,SG,,1,$491.82 ,$393.46 
,OTHER,,53,"$48,714.45 ","$38,891.58 "
,TOTAL,,54,"$49,206.27 ","$39,285.04 "
69604,SG,,12,"$11,011.84 ","$8,809.46 "
,OTHER,,74,"$67,802.64 ","$50,373.35 "
,TOTAL,,86,"$78,814.48 ","$59,182.81 "
69605,OTHER,,7,"$8,362.11 ","$6,689.69 "
,TOTAL,,7,"$8,362.11 ","$6,689.69 "
69610,OTHER,,"2,704","$923,622.78 ","$723,471.35 "
,TOTAL,,"2,704","$923,622.78 ","$723,471.35 "
69620,SG,,130,"$51,971.00 ","$40,188.03 "
,OTHER,,616,"$241,094.23 ","$189,035.44 "
,TOTAL,,746,"$293,065.23 ","$229,223.47 "
69631,SG,,671,"$467,731.44 ","$367,525.83 "
,OTHER,,"2,881","$1,879,597.62 ","$1,479,388.61 "
,TOTAL,,"3,552","$2,347,329.06 ","$1,846,914.44 "
69632,SG,,65,"$45,305.82 ","$34,834.04 "
,OTHER,,393,"$331,912.20 ","$262,457.07 "
,TOTAL,,458,"$377,218.02 ","$297,291.11 "
69633,SG,,131,"$87,469.93 ","$69,204.56 "
,OTHER,,676,"$545,560.70 ","$425,107.06 "
,TOTAL,,807,"$633,030.63 ","$494,311.62 "
69635,SG,,47,"$46,275.48 ","$36,545.20 "
,OTHER,,261,"$224,855.74 ","$177,804.28 "
,TOTAL,,308,"$271,131.22 ","$214,349.48 "
69636,SG,,19,"$18,508.08 ","$14,806.47 "
,80'S,,1,$193.24 ,$154.59 
,OTHER,,103,"$102,578.25 ","$80,365.78 "
,TOTAL,,123,"$121,279.57 ","$95,326.84 "
69637,SG,,31,"$29,938.86 ","$23,359.93 "
,OTHER,,114,"$111,447.43 ","$87,246.03 "
,TOTAL,,145,"$141,386.29 ","$110,605.96 "
69641,SG,,182,"$178,405.96 ","$140,728.92 "
,OTHER,,817,"$682,485.63 ","$537,783.93 "
,TOTAL,,999,"$860,891.59 ","$678,512.85 "
69642,SG,,60,"$58,463.11 ","$46,690.50 "
,OTHER,,309,"$336,224.95 ","$264,094.03 "
,TOTAL,,369,"$394,688.06 ","$310,784.53 "
69643,SG,,71,"$69,359.15 ","$54,311.39 "
,OTHER,,660,"$658,475.14 ","$517,004.24 "
,TOTAL,,731,"$727,834.29 ","$571,315.63 "
69644,SG,,49,"$47,931.73 ","$38,345.37 "
,OTHER,,373,"$412,436.62 ","$322,821.35 "
,TOTAL,,422,"$460,368.35 ","$361,166.72 "
69645,SG,,56,"$54,872.52 ","$43,163.29 "
,OTHER,,346,"$372,747.76 ","$295,755.45 "
,TOTAL,,402,"$427,620.28 ","$338,918.74 "
69646,SG,,25,"$24,246.47 ","$19,393.71 "
,OTHER,,267,"$314,347.41 ","$246,946.47 "
,TOTAL,,292,"$338,593.88 ","$266,340.18 "
69650,SG,,20,"$18,593.65 ","$14,874.90 "
,OTHER,,92,"$45,393.72 ","$35,532.91 "
,TOTAL,,112,"$63,987.37 ","$50,407.81 "
69660,SG,,138,"$98,729.62 ","$78,406.06 "
,OTHER,,843,"$663,498.52 ","$523,949.25 "
,TOTAL,,981,"$762,228.14 ","$602,355.31 "
69661,SG,,63,"$44,572.16 ","$34,656.05 "
,OTHER,,149,"$155,307.22 ","$123,054.13 "
,TOTAL,,212,"$199,879.38 ","$157,710.18 "
69662,SG,,42,"$29,832.56 ","$23,725.42 "
,OTHER,,214,"$214,509.22 ","$170,873.33 "
,TOTAL,,256,"$244,341.78 ","$194,598.75 "
69666,SG,,22,"$9,992.87 ","$7,976.32 "
,OTHER,,127,"$55,142.61 ","$42,865.32 "
,TOTAL,,149,"$65,135.48 ","$50,841.64 "
69667,SG,,16,"$6,822.15 ","$5,457.73 "
,OTHER,,99,"$54,905.07 ","$42,373.55 "
,TOTAL,,115,"$61,727.22 ","$47,831.28 "
69670,SG,,1,$253.73 ,$202.99 
,80'S,,2,$242.36 ,$193.89 
,OTHER,,41,"$20,797.45 ","$16,141.18 "
,TOTAL,,44,"$21,293.54 ","$16,538.06 "
69676,SG,,3,"$1,012.12 ",$715.99 
,OTHER,,19,"$11,469.03 ","$8,830.63 "
,TOTAL,,22,"$12,481.15 ","$9,546.62 "
69700,SG,,3,"$1,549.38 ","$1,239.50 "
,OTHER,,17,"$6,949.13 ","$5,559.33 "
,TOTAL,,20,"$8,498.51 ","$6,798.83 "
69711,SG,,2,$676.28 ,$541.02 
,OTHER,,14,"$6,719.28 ","$5,357.44 "
,TOTAL,,16,"$7,395.56 ","$5,898.46 "
69714,SG,,13,"$18,124.89 ","$14,236.75 "
,OTHER,,154,"$143,043.57 ","$111,070.81 "
,TOTAL,,167,"$161,168.46 ","$125,307.56 "
69715,SG,,1,"$1,324.19 ","$1,059.35 "
,OTHER,,4,"$4,583.04 ","$3,666.43 "
,TOTAL,,5,"$5,907.23 ","$4,725.78 "
69717,SG,,1,"$1,300.90 ","$1,040.72 "
,OTHER,,4,"$3,486.86 ","$2,789.48 "
,TOTAL,,5,"$4,787.76 ","$3,830.20 "
69718,OTHER,,3,"$3,068.42 ","$2,424.08 "
,TOTAL,,3,"$3,068.42 ","$2,424.08 "
69720,80'S,,1,$79.11 ,$63.29 
,OTHER,,82,"$56,601.33 ","$45,281.10 "
,TOTAL,,83,"$56,680.44 ","$45,344.39 "
69725,SG,,1,$739.03 ,$591.22 
,OTHER,,29,"$32,920.53 ","$26,336.45 "
,TOTAL,,30,"$33,659.56 ","$26,927.67 "
69740,80'S,,2,$265.25 ,$212.20 
,OTHER,,11,"$7,138.18 ","$5,710.55 "
,TOTAL,,13,"$7,403.43 ","$5,922.75 "
69745,OTHER,,2,"$1,206.60 ",$965.29 
,TOTAL,,2,"$1,206.60 ",$965.29 
69799,80'S,,1,$42.71 ,$34.17 
,OTHER,,97,"$20,945.47 ","$16,756.40 "
,TOTAL,,98,"$20,988.18 ","$16,790.57 "
69801,SG,,609,"$422,919.42 ","$336,603.66 "
,OTHER,,"2,625","$1,499,672.80 ","$1,177,032.85 "
,TOTAL,,"3,234","$1,922,592.22 ","$1,513,636.51 "
69802,OTHER,,20,"$16,960.80 ","$13,488.63 "
,TOTAL,,20,"$16,960.80 ","$13,488.63 "
69805,SG,,2,"$1,985.72 ","$1,588.57 "
,80'S,,1,$144.21 ,$115.37 
,OTHER,,59,"$54,537.90 ","$43,398.96 "
,TOTAL,,62,"$56,667.83 ","$45,102.90 "
69806,SG,,33,"$32,631.21 ","$26,073.89 "
,OTHER,,200,"$156,392.79 ","$123,567.36 "
,TOTAL,,233,"$189,024.00 ","$149,641.25 "
69820,OTHER,,6,"$4,040.78 ","$3,232.62 "
,TOTAL,,6,"$4,040.78 ","$3,232.62 "
69840,SG,,3,"$2,232.36 ","$1,785.89 "
,OTHER,,7,"$3,881.57 ","$2,976.04 "
,TOTAL,,10,"$6,113.93 ","$4,761.93 "
69905,SG,,1,$983.74 ,$786.99 
,OTHER,,24,"$15,027.74 ","$12,022.18 "
,TOTAL,,25,"$16,011.48 ","$12,809.17 "
69910,SG,,5,"$5,100.03 ","$4,064.57 "
,OTHER,,97,"$78,265.72 ","$61,928.65 "
,TOTAL,,102,"$83,365.75 ","$65,993.22 "
69915,OTHER,,20,"$26,596.39 ","$21,277.13 "
,TOTAL,,20,"$26,596.39 ","$21,277.13 "
69930,SG,,29,"$28,629.83 ","$22,903.86 "
,OTHER,,"1,239","$1,369,090.78 ","$1,084,202.81 "
,TOTAL,,"1,268","$1,397,720.61 ","$1,107,106.67 "
69949,OTHER,,35,"$12,438.49 ","$9,914.64 "
,TOTAL,,35,"$12,438.49 ","$9,914.64 "
69950,OTHER,,12,"$14,311.19 ","$11,368.95 "
,TOTAL,,12,"$14,311.19 ","$11,368.95 "
69955,OTHER,,16,"$21,813.57 ","$16,586.84 "
,TOTAL,,16,"$21,813.57 ","$16,586.84 "
69960,80'S,,1,$288.14 ,$207.46 
,OTHER,,17,"$20,519.57 ","$15,740.62 "
,TOTAL,,18,"$20,807.71 ","$15,948.08 "
69970,OTHER,,40,"$64,994.35 ","$51,915.46 "
,TOTAL,,40,"$64,994.35 ","$51,915.46 "
69979,OTHER,,17,"$12,737.49 ","$10,189.97 "
,TOTAL,,17,"$12,737.49 ","$10,189.97 "
69990,80'S,,"1,082","$38,106.30 ","$30,261.80 "
,OTHER,,"11,631","$2,419,026.78 ","$1,915,836.32 "
,TOTAL,,"12,713","$2,457,133.08 ","$1,946,098.12 "
