HCPCS,MODIFIER,DESCRIPTION,ALLOWED SERVICES,ALLOWED CHARGES,PAYMENT
10040,OTHER,INTEGUMENTARY,"26,947","$2,174,018.30 ","$1,610,469.68 "
,TOTAL,,"26,947","$2,174,018.30 ","$1,610,469.68 "
10060,80'S,,1,$13.17 ,$10.54 
,OTHER,,"571,640","$52,264,384.09 ","$38,689,133.93 "
,TOTAL,,"571,641","$52,264,397.26 ","$38,689,144.47 "
10061,OTHER,,"166,375","$26,903,891.48 ","$20,608,611.00 "
,TOTAL,,"166,375","$26,903,891.48 ","$20,608,611.00 "
10080,OTHER,,"2,006","$262,872.84 ","$193,491.76 "
,TOTAL,,"2,006","$262,872.84 ","$193,491.76 "
10081,OTHER,,755,"$148,464.31 ","$113,991.87 "
,TOTAL,,755,"$148,464.31 ","$113,991.87 "
10120,OTHER,,"40,412","$4,669,659.26 ","$3,447,941.42 "
,TOTAL,,"40,412","$4,669,659.26 ","$3,447,941.42 "
10121,SG,,342,"$138,876.16 ","$109,271.62 "
,OTHER,,"7,759","$1,567,225.35 ","$1,210,161.01 "
,TOTAL,,"8,101","$1,706,101.51 ","$1,319,432.63 "
10140,80'S,,1,$16.72 ,$13.38 
,OTHER,,"70,576","$8,296,993.83 ","$6,383,633.25 "
,TOTAL,,"70,577","$8,297,010.55 ","$6,383,646.63 "
10160,OTHER,,"63,722","$6,363,985.15 ","$4,865,850.05 "
,TOTAL,,"63,722","$6,363,985.15 ","$4,865,850.05 "
10180,SG,,307,"$127,782.37 ","$101,295.30 "
,80'S,,1,$29.22 ,$23.38 
,OTHER,,"15,447","$2,450,045.63 ","$1,927,968.38 "
,TOTAL,,"15,755","$2,577,857.22 ","$2,029,287.06 "
11000,OTHER,,"139,671","$6,081,155.87 ","$4,582,038.98 "
,TOTAL,,"139,671","$6,081,155.87 ","$4,582,038.98 "
11001,OTHER,,"4,197","$89,644.90 ","$69,029.25 "
,TOTAL,,"4,197","$89,644.90 ","$69,029.25 "
11004,80'S,,2,$87.02 ,$69.62 
,OTHER,,"2,424","$1,215,394.04 ","$958,238.63 "
,TOTAL,,"2,426","$1,215,481.06 ","$958,308.25 "
11005,80'S,,23,"$2,802.67 ","$2,242.12 "
,OTHER,,"3,773","$2,723,598.94 ","$2,163,518.77 "
,TOTAL,,"3,796","$2,726,401.61 ","$2,165,760.89 "
11006,OTHER,,748,"$470,656.20 ","$373,147.06 "
,TOTAL,,748,"$470,656.20 ","$373,147.06 "
11008,80'S,,18,$839.81 ,$668.33 
,OTHER,,"1,169","$333,001.00 ","$264,818.28 "
,TOTAL,,"1,187","$333,840.81 ","$265,486.61 "
11010,SG,,46,"$14,755.39 ","$11,804.29 "
,80'S,,5,$187.50 ,$150.00 
,OTHER,,"3,043","$679,394.30 ","$537,235.94 "
,TOTAL,,"3,094","$694,337.19 ","$549,190.23 "
11011,SG,,31,"$9,865.01 ","$7,892.00 "
,80'S,,8,$326.85 ,$261.47 
,OTHER,,"2,605","$707,628.35 ","$560,317.79 "
,TOTAL,,"2,644","$717,820.21 ","$568,471.26 "
11012,SG,,184,"$51,993.19 ","$41,169.06 "
,80'S,,25,"$1,331.14 ","$1,008.78 "
,OTHER,,"7,342","$2,279,229.09 ","$1,804,141.44 "
,TOTAL,,"7,551","$2,332,553.42 ","$1,846,319.28 "
11040,OTHER,,"1,187,584","$41,362,780.49 ","$31,044,346.75 "
,TOTAL,,"1,187,584","$41,362,780.49 ","$31,044,346.75 "
11041,OTHER,,"758,565","$38,823,114.31 ","$29,685,953.37 "
,TOTAL,,"758,565","$38,823,114.31 ","$29,685,953.37 "
11042,SG,,"12,214","$4,282,255.95 ","$3,405,079.25 "
,80'S,,6,$69.78 ,$55.80 
,OTHER,,"1,140,412","$72,400,866.25 ","$56,453,537.27 "
,TOTAL,,"1,152,632","$76,683,191.98 ","$59,858,672.32 "
11043,SG,,"1,771","$649,483.02 ","$516,070.85 "
,80'S,,2,$53.09 ,$42.48 
,OTHER,,"220,080","$40,424,721.23 ","$32,025,562.08 "
,TOTAL,,"221,853","$41,074,257.34 ","$32,541,675.41 "
11044,SG,,"1,029","$365,559.23 ","$288,771.59 "
,80'S,,1,$43.86 ,$35.09 
,OTHER,,"56,714","$13,857,802.17 ","$10,997,413.65 "
,TOTAL,,"57,744","$14,223,405.26 ","$11,286,220.33 "
11055,OTHER,,"688,404","$26,459,572.79 ","$19,565,097.39 "
,TOTAL,,"688,404","$26,459,572.79 ","$19,565,097.39 "
11056,80'S,,3,$27.94 ,$22.36 
,OTHER,,"1,404,868","$69,887,062.69 ","$51,885,438.71 "
,TOTAL,,"1,404,871","$69,887,090.63 ","$51,885,461.07 "
11057,OTHER,,"274,792","$16,803,377.78 ","$12,479,354.84 "
,TOTAL,,"274,792","$16,803,377.78 ","$12,479,354.84 "
11100,OTHER,,"2,223,256","$164,346,786.81 ","$121,972,208.29 "
,TOTAL,,"2,223,256","$164,346,786.81 ","$121,972,208.29 "
11101,OTHER,,"948,026","$26,863,487.06 ","$20,976,919.52 "
,TOTAL,,"948,026","$26,863,487.06 ","$20,976,919.52 "
11200,OTHER,,"111,790","$6,781,059.39 ","$4,811,617.07 "
,TOTAL,,"111,790","$6,781,059.39 ","$4,811,617.07 "
11201,OTHER,,"14,242","$242,848.17 ","$184,953.02 "
,TOTAL,,"14,242","$242,848.17 ","$184,953.02 "
11300,OTHER,,"88,596","$3,295,396.99 ","$2,438,051.17 "
,TOTAL,,"88,596","$3,295,396.99 ","$2,438,051.17 "
11301,OTHER,,"172,521","$9,679,942.15 ","$7,234,026.29 "
,TOTAL,,"172,521","$9,679,942.15 ","$7,234,026.29 "
11302,OTHER,,"105,286","$7,816,974.35 ","$5,901,551.61 "
,TOTAL,,"105,286","$7,816,974.35 ","$5,901,551.61 "
11303,OTHER,,"17,345","$1,683,710.52 ","$1,276,417.38 "
,TOTAL,,"17,345","$1,683,710.52 ","$1,276,417.38 "
11305,OTHER,,"104,104","$5,017,586.29 ","$3,702,856.06 "
,TOTAL,,"104,104","$5,017,586.29 ","$3,702,856.06 "
11306,OTHER,,"98,086","$6,291,101.53 ","$4,713,022.24 "
,TOTAL,,"98,086","$6,291,101.53 ","$4,713,022.24 "
11307,OTHER,,"44,339","$3,461,056.31 ","$2,602,715.25 "
,TOTAL,,"44,339","$3,461,056.31 ","$2,602,715.25 "
11308,OTHER,,"10,038","$994,176.78 ","$753,800.34 "
,TOTAL,,"10,038","$994,176.78 ","$753,800.34 "
11310,80'S,,2,$9.27 ,$7.41 
,OTHER,,"96,696","$4,946,069.05 ","$3,646,010.64 "
,TOTAL,,"96,698","$4,946,078.32 ","$3,646,018.05 "
11311,OTHER,,"130,706","$9,037,566.30 ","$6,760,764.33 "
,TOTAL,,"130,706","$9,037,566.30 ","$6,760,764.33 "
11312,OTHER,,"54,750","$4,687,794.01 ","$3,534,422.99 "
,TOTAL,,"54,750","$4,687,794.01 ","$3,534,422.99 "
11313,OTHER,,"7,965","$960,952.51 ","$733,987.11 "
,TOTAL,,"7,965","$960,952.51 ","$733,987.11 "
11400,OTHER,,"54,778","$4,662,429.89 ","$3,479,771.55 "
,TOTAL,,"54,778","$4,662,429.89 ","$3,479,771.55 "
11401,OTHER,,"101,476","$9,885,736.87 ","$7,468,523.42 "
,TOTAL,,"101,476","$9,885,736.87 ","$7,468,523.42 "
11402,OTHER,,"123,062","$13,209,927.64 ","$10,050,965.98 "
,TOTAL,,"123,062","$13,209,927.64 ","$10,050,965.98 "
11403,OTHER,,"56,868","$6,845,473.23 ","$5,226,526.39 "
,TOTAL,,"56,868","$6,845,473.23 ","$5,226,526.39 "
11404,SG,,"1,469","$401,030.93 ","$315,841.93 "
,OTHER,,"23,044","$3,112,022.29 ","$2,389,924.40 "
,TOTAL,,"24,513","$3,513,053.22 ","$2,705,766.33 "
11406,SG,,"1,875","$718,794.81 ","$565,838.57 "
,OTHER,,"22,744","$3,741,325.81 ","$2,897,384.11 "
,TOTAL,,"24,619","$4,460,120.62 ","$3,463,222.68 "
11420,OTHER,,"35,163","$3,026,604.44 ","$2,283,555.28 "
,TOTAL,,"35,163","$3,026,604.44 ","$2,283,555.28 "
11421,OTHER,,"47,054","$5,054,465.03 ","$3,821,668.89 "
,TOTAL,,"47,054","$5,054,465.03 ","$3,821,668.89 "
11422,OTHER,,"48,982","$5,769,957.71 ","$4,381,403.57 "
,TOTAL,,"48,982","$5,769,957.71 ","$4,381,403.57 "
11423,OTHER,,"20,985","$2,926,011.66 ","$2,234,379.28 "
,TOTAL,,"20,985","$2,926,011.66 ","$2,234,379.28 "
11424,SG,,791,"$303,165.81 ","$239,941.61 "
,OTHER,,"7,558","$1,152,181.69 ","$888,719.12 "
,TOTAL,,"8,349","$1,455,347.50 ","$1,128,660.73 "
11426,SG,,587,"$228,815.32 ","$179,457.30 "
,OTHER,,"5,466","$1,240,688.08 ","$966,655.37 "
,TOTAL,,"6,053","$1,469,503.40 ","$1,146,112.67 "
11440,OTHER,,"63,691","$6,312,807.37 ","$4,733,730.58 "
,TOTAL,,"63,691","$6,312,807.37 ","$4,733,730.58 "
11441,OTHER,,"71,448","$8,316,765.22 ","$6,314,288.12 "
,TOTAL,,"71,448","$8,316,765.22 ","$6,314,288.12 "
11442,80'S,,1,$20.50 ,$16.40 
,OTHER,,"57,464","$7,202,575.86 ","$5,513,545.84 "
,TOTAL,,"57,465","$7,202,596.36 ","$5,513,562.24 "
11443,OTHER,,"17,262","$2,658,193.40 ","$2,052,531.53 "
,TOTAL,,"17,262","$2,658,193.40 ","$2,052,531.53 "
11444,SG,,736,"$187,010.03 ","$147,837.72 "
,OTHER,,"5,052","$1,045,136.39 ","$813,097.75 "
,TOTAL,,"5,788","$1,232,146.42 ","$960,935.47 "
11446,SG,,309,"$109,231.05 ","$85,969.07 "
,OTHER,,"2,654","$721,602.79 ","$564,489.71 "
,TOTAL,,"2,963","$830,833.84 ","$650,458.78 "
11450,SG,,61,"$24,574.44 ","$19,297.39 "
,OTHER,,770,"$152,168.16 ","$117,900.68 "
,TOTAL,,831,"$176,742.60 ","$137,198.07 "
11451,SG,,23,"$9,687.04 ","$7,740.79 "
,OTHER,,260,"$62,346.11 ","$48,425.95 "
,TOTAL,,283,"$72,033.15 ","$56,166.74 "
11462,SG,,33,"$13,064.61 ","$9,977.05 "
,OTHER,,364,"$59,521.68 ","$45,759.44 "
,TOTAL,,397,"$72,586.29 ","$55,736.49 "
11463,SG,,4,"$1,551.46 ","$1,241.17 "
,OTHER,,125,"$30,721.68 ","$24,209.03 "
,TOTAL,,129,"$32,273.14 ","$25,450.20 "
11470,SG,,35,"$13,116.17 ","$10,424.74 "
,OTHER,,425,"$87,059.87 ","$67,659.86 "
,TOTAL,,460,"$100,176.04 ","$78,084.60 "
11471,SG,,10,"$3,528.02 ","$2,799.86 "
,OTHER,,148,"$37,952.51 ","$29,598.88 "
,TOTAL,,158,"$41,480.53 ","$32,398.74 "
11600,OTHER,,"8,374","$1,008,203.44 ","$770,433.01 "
,TOTAL,,"8,374","$1,008,203.44 ","$770,433.01 "
11601,OTHER,,"39,262","$5,214,122.91 ","$4,019,192.00 "
,TOTAL,,"39,262","$5,214,122.91 ","$4,019,192.00 "
11602,OTHER,,"137,090","$16,831,996.97 ","$13,038,864.32 "
,TOTAL,,"137,090","$16,831,996.97 ","$13,038,864.32 "
11603,OTHER,,"69,484","$9,223,890.21 ","$7,168,229.92 "
,TOTAL,,"69,484","$9,223,890.21 ","$7,168,229.92 "
11604,SG,,"1,183","$377,631.71 ","$298,677.12 "
,OTHER,,"27,157","$3,778,172.85 ","$2,943,391.31 "
,TOTAL,,"28,340","$4,155,804.56 ","$3,242,068.43 "
11606,SG,,"1,852","$616,300.62 ","$489,121.37 "
,OTHER,,"25,890","$5,248,673.15 ","$4,126,810.73 "
,TOTAL,,"27,742","$5,864,973.77 ","$4,615,932.10 "
11620,OTHER,,"4,342","$477,252.43 ","$363,202.09 "
,TOTAL,,"4,342","$477,252.43 ","$363,202.09 "
11621,OTHER,,"20,546","$2,560,617.50 ","$1,975,205.52 "
,TOTAL,,"20,546","$2,560,617.50 ","$1,975,205.52 "
11622,OTHER,,"57,012","$7,612,153.83 ","$5,899,760.21 "
,TOTAL,,"57,012","$7,612,153.83 ","$5,899,760.21 "
11623,OTHER,,"24,553","$3,832,061.80 ","$2,982,995.09 "
,TOTAL,,"24,553","$3,832,061.80 ","$2,982,995.09 "
11624,SG,,729,"$226,679.52 ","$178,897.68 "
,OTHER,,"8,729","$1,675,448.93 ","$1,311,985.40 "
,TOTAL,,"9,458","$1,902,128.45 ","$1,490,883.08 "
11626,SG,,797,"$262,259.75 ","$207,812.53 "
,OTHER,,"7,669","$1,813,858.04 ","$1,430,302.99 "
,TOTAL,,"8,466","$2,076,117.79 ","$1,638,115.52 "
11640,OTHER,,"22,282","$2,706,766.46 ","$2,071,546.89 "
,TOTAL,,"22,282","$2,706,766.46 ","$2,071,546.89 "
11641,80'S,,1,$26.57 ,$21.26 
,OTHER,,"82,832","$12,053,744.64 ","$9,316,673.47 "
,TOTAL,,"82,833","$12,053,771.21 ","$9,316,694.73 "
11642,OTHER,,"147,092","$25,323,032.84 ","$19,707,635.79 "
,TOTAL,,"147,092","$25,323,032.84 ","$19,707,635.79 "
11643,OTHER,,"50,211","$10,069,870.11 ","$7,874,989.69 "
,TOTAL,,"50,211","$10,069,870.11 ","$7,874,989.69 "
11644,SG,,"1,788","$556,446.51 ","$441,988.45 "
,OTHER,,"16,654","$4,003,427.20 ","$3,152,330.39 "
,TOTAL,,"18,442","$4,559,873.71 ","$3,594,318.84 "
11646,SG,,"1,367","$417,804.95 ","$332,594.89 "
,OTHER,,"11,022","$3,643,712.16 ","$2,884,995.64 "
,TOTAL,,"12,389","$4,061,517.11 ","$3,217,590.53 "
11719,OTHER,,"1,412,729","$17,391,256.08 ","$12,854,459.05 "
,TOTAL,,"1,412,729","$17,391,256.08 ","$12,854,459.05 "
11720,OTHER,,"2,011,503","$53,031,930.23 ","$38,669,554.25 "
,TOTAL,,"2,011,503","$53,031,930.23 ","$38,669,554.25 "
11721,OTHER,,"7,071,459","$279,674,275.01 ","$203,834,858.45 "
,TOTAL,,"7,071,459","$279,674,275.01 ","$203,834,858.45 "
11730,OTHER,,"661,521","$56,825,789.27 ","$42,566,796.96 "
,TOTAL,,"661,521","$56,825,789.27 ","$42,566,796.96 "
11732,OTHER,,"93,902","$3,896,103.17 ","$3,033,145.94 "
,TOTAL,,"93,902","$3,896,103.17 ","$3,033,145.94 "
11740,OTHER,,"27,661","$903,355.33 ","$683,761.60 "
,TOTAL,,"27,661","$903,355.33 ","$683,761.60 "
11750,OTHER,,"242,182","$34,833,303.60 ","$26,360,571.74 "
,TOTAL,,"242,182","$34,833,303.60 ","$26,360,571.74 "
11752,OTHER,,"2,018","$371,709.56 ","$288,043.65 "
,TOTAL,,"2,018","$371,709.56 ","$288,043.65 "
11755,OTHER,,"23,202","$2,417,297.47 ","$1,859,842.69 "
,TOTAL,,"23,202","$2,417,297.47 ","$1,859,842.69 "
11760,OTHER,,"4,344","$504,299.59 ","$388,771.52 "
,TOTAL,,"4,344","$504,299.59 ","$388,771.52 "
11762,OTHER,,689,"$130,615.76 ","$101,236.58 "
,TOTAL,,689,"$130,615.76 ","$101,236.58 "
11765,OTHER,,"78,845","$6,564,411.83 ","$4,981,867.72 "
,TOTAL,,"78,845","$6,564,411.83 ","$4,981,867.72 "
11770,SG,,54,"$26,701.47 ","$20,670.73 "
,OTHER,,485,"$83,913.90 ","$65,882.17 "
,TOTAL,,539,"$110,615.37 ","$86,552.90 "
11771,SG,,62,"$31,327.48 ","$24,990.86 "
,OTHER,,618,"$219,044.65 ","$171,876.41 "
,TOTAL,,680,"$250,372.13 ","$196,867.27 "
11772,SG,,27,"$13,218.77 ","$10,020.13 "
,OTHER,,450,"$210,187.24 ","$164,844.03 "
,TOTAL,,477,"$223,406.01 ","$174,864.16 "
11900,OTHER,,"128,194","$4,951,911.24 ","$3,611,986.52 "
,TOTAL,,"128,194","$4,951,911.24 ","$3,611,986.52 "
11901,OTHER,,"50,881","$2,724,223.96 ","$2,010,054.53 "
,TOTAL,,"50,881","$2,724,223.96 ","$2,010,054.53 "
11920,OTHER,,222,"$32,758.39 ","$25,533.82 "
,TOTAL,,222,"$32,758.39 ","$25,533.82 "
11921,80'S,,2,$31.77 ,$25.41 
,OTHER,,502,"$101,797.88 ","$77,980.77 "
,TOTAL,,504,"$101,829.65 ","$78,006.18 "
11922,OTHER,,71,"$3,887.17 ","$3,045.82 "
,TOTAL,,71,"$3,887.17 ","$3,045.82 "
11950,OTHER,,53,"$3,117.12 ","$2,493.69 "
,TOTAL,,53,"$3,117.12 ","$2,493.69 "
11951,OTHER,,194,"$14,365.95 ","$11,295.28 "
,TOTAL,,194,"$14,365.95 ","$11,295.28 "
11952,OTHER,,65,"$3,695.76 ","$2,956.58 "
,TOTAL,,65,"$3,695.76 ","$2,956.58 "
11954,OTHER,,24,"$3,959.69 ","$3,002.17 "
,TOTAL,,24,"$3,959.69 ","$3,002.17 "
11960,SG,,6,"$2,225.98 ","$1,681.58 "
,80'S,,1,$131.61 ,$105.29 
,OTHER,,309,"$197,654.09 ","$156,946.04 "
,TOTAL,,316,"$200,011.68 ","$158,732.91 "
11970,SG,,269,"$84,217.70 ","$66,744.36 "
,OTHER,,"1,309","$437,328.25 ","$344,835.65 "
,TOTAL,,"1,578","$521,545.95 ","$411,580.01 "
11971,SG,,51,"$13,898.45 ","$10,900.06 "
,OTHER,,396,"$70,456.14 ","$55,259.39 "
,TOTAL,,447,"$84,354.59 ","$66,159.45 "
11976,OTHER,,4,$410.39 ,$125.32 
,TOTAL,,4,$410.39 ,$125.32 
11980,OTHER,,"4,190","$355,909.54 ","$266,888.88 "
,TOTAL,,"4,190","$355,909.54 ","$266,888.88 "
11981,80'S,,26,$210.84 ,$168.66 
,OTHER,,"13,432","$1,342,469.38 ","$1,052,783.43 "
,TOTAL,,"13,458","$1,342,680.22 ","$1,052,952.09 "
11982,80'S,,3,$23.38 ,$18.71 
,OTHER,,"3,393","$433,101.64 ","$326,365.94 "
,TOTAL,,"3,396","$433,125.02 ","$326,384.65 "
11983,80'S,,5,$105.47 ,$84.38 
,OTHER,,"11,299","$2,432,324.33 ","$1,905,705.04 "
,TOTAL,,"11,304","$2,432,429.80 ","$1,905,789.42 "
12001,OTHER,,"173,859","$17,781,686.64 ","$13,350,420.99 "
,TOTAL,,"173,859","$17,781,686.64 ","$13,350,420.99 "
12002,OTHER,,"133,551","$15,048,093.31 ","$11,398,081.79 "
,TOTAL,,"133,551","$15,048,093.31 ","$11,398,081.79 "
12004,OTHER,,"19,404","$2,542,153.39 ","$1,953,968.68 "
,TOTAL,,"19,404","$2,542,153.39 ","$1,953,968.68 "
12005,SG,,9,"$3,283.61 ","$2,611.04 "
,OTHER,,"5,229","$837,191.92 ","$649,893.47 "
,TOTAL,,"5,238","$840,475.53 ","$652,504.51 "
12006,SG,,2,$672.42 ,$537.94 
,OTHER,,"1,037","$208,794.49 ","$163,127.43 "
,TOTAL,,"1,039","$209,466.91 ","$163,665.37 "
12007,SG,,2,$866.04 ,$692.83 
,OTHER,,355,"$81,838.66 ","$64,759.86 "
,TOTAL,,357,"$82,704.70 ","$65,452.69 "
12011,80'S,,1,$8.02 ,$6.42 
,OTHER,,"85,898","$8,756,202.00 ","$6,711,855.31 "
,TOTAL,,"85,899","$8,756,210.02 ","$6,711,861.73 "
12013,OTHER,,"48,112","$5,613,231.97 ","$4,333,136.52 "
,TOTAL,,"48,112","$5,613,231.97 ","$4,333,136.52 "
12014,OTHER,,"6,117","$854,853.51 ","$661,518.86 "
,TOTAL,,"6,117","$854,853.51 ","$661,518.86 "
12015,OTHER,,"2,956","$520,825.19 ","$407,413.85 "
,TOTAL,,"2,956","$520,825.19 ","$407,413.85 "
12016,SG,,2,$437.15 ,$349.72 
,OTHER,,425,"$90,395.29 ","$71,100.38 "
,TOTAL,,427,"$90,832.44 ","$71,450.10 "
12017,OTHER,,61,"$15,322.85 ","$12,125.55 "
,TOTAL,,61,"$15,322.85 ","$12,125.55 "
12018,OTHER,,24,"$6,953.32 ","$5,502.12 "
,TOTAL,,24,"$6,953.32 ","$5,502.12 "
12020,SG,,232,"$69,232.42 ","$54,346.96 "
,80'S,,1,$16.43 ,$13.14 
,OTHER,,"4,943","$933,406.67 ","$735,837.43 "
,TOTAL,,"5,176","$1,002,655.52 ","$790,197.53 "
12021,SG,,98,"$20,296.87 ","$16,237.82 "
,OTHER,,"5,188","$663,077.02 ","$521,151.15 "
,TOTAL,,"5,286","$683,373.89 ","$537,388.97 "
12031,OTHER,,"48,792","$6,393,849.39 ","$4,975,998.71 "
,TOTAL,,"48,792","$6,393,849.39 ","$4,975,998.71 "
12032,OTHER,,"153,603","$32,480,696.00 ","$25,461,682.95 "
,TOTAL,,"153,603","$32,480,696.00 ","$25,461,682.95 "
12034,SG,,687,"$218,311.36 ","$173,304.58 "
,OTHER,,"18,674","$3,272,396.22 ","$2,565,654.30 "
,TOTAL,,"19,361","$3,490,707.58 ","$2,738,958.88 "
12035,SG,,145,"$44,310.52 ","$34,782.49 "
,OTHER,,"4,585","$978,368.65 ","$768,847.57 "
,TOTAL,,"4,730","$1,022,679.17 ","$803,630.06 "
12036,SG,,28,"$8,103.29 ","$6,308.50 "
,OTHER,,"1,044","$246,198.14 ","$194,070.65 "
,TOTAL,,"1,072","$254,301.43 ","$200,379.15 "
12037,SG,,22,"$6,372.32 ","$5,025.98 "
,80'S,,4,$162.39 ,$129.91 
,OTHER,,547,"$139,491.40 ","$110,376.49 "
,TOTAL,,573,"$146,026.11 ","$115,532.38 "
12041,OTHER,,"18,121","$2,638,869.06 ","$2,042,668.17 "
,TOTAL,,"18,121","$2,638,869.06 ","$2,042,668.17 "
12042,OTHER,,"37,188","$7,172,629.92 ","$5,616,041.24 "
,TOTAL,,"37,188","$7,172,629.92 ","$5,616,041.24 "
12044,SG,,134,"$37,048.63 ","$28,748.39 "
,OTHER,,"2,353","$403,351.18 ","$314,965.77 "
,TOTAL,,"2,487","$440,399.81 ","$343,714.16 "
12045,SG,,22,"$6,371.84 ","$5,097.46 "
,OTHER,,452,"$91,941.71 ","$71,753.25 "
,TOTAL,,474,"$98,313.55 ","$76,850.71 "
12046,OTHER,,114,"$30,226.56 ","$23,652.41 "
,TOTAL,,114,"$30,226.56 ","$23,652.41 "
12047,80'S,,2,$40.54 ,$32.44 
,OTHER,,59,"$15,206.04 ","$12,086.98 "
,TOTAL,,61,"$15,246.58 ","$12,119.42 "
12051,OTHER,,"61,948","$10,362,963.35 ","$8,120,832.78 "
,TOTAL,,"61,948","$10,362,963.35 ","$8,120,832.78 "
12052,OTHER,,"73,456","$12,159,002.75 ","$9,565,380.68 "
,TOTAL,,"73,456","$12,159,002.75 ","$9,565,380.68 "
12053,OTHER,,"9,718","$1,734,877.47 ","$1,362,830.49 "
,TOTAL,,"9,718","$1,734,877.47 ","$1,362,830.49 "
12054,SG,,219,"$58,073.71 ","$46,458.94 "
,OTHER,,"3,434","$678,316.25 ","$533,898.30 "
,TOTAL,,"3,653","$736,389.96 ","$580,357.24 "
12055,SG,,18,"$5,434.40 ","$4,347.51 "
,OTHER,,489,"$118,608.99 ","$93,746.04 "
,TOTAL,,507,"$124,043.39 ","$98,093.55 "
12056,SG,,2,$638.51 ,$510.81 
,OTHER,,74,"$21,110.40 ","$16,789.10 "
,TOTAL,,76,"$21,748.91 ","$17,299.91 "
12057,SG,,2,$670.69 ,$536.55 
,OTHER,,57,"$18,612.58 ","$14,890.08 "
,TOTAL,,59,"$19,283.27 ","$15,426.63 "
13100,SG,,309,"$112,800.50 ","$89,476.92 "
,OTHER,,"4,258","$1,010,941.74 ","$792,364.87 "
,TOTAL,,"4,567","$1,123,742.24 ","$881,841.79 "
13101,SG,,"2,668","$1,230,429.42 ","$974,285.69 "
,OTHER,,"40,855","$11,850,822.61 ","$9,347,379.49 "
,TOTAL,,"43,523","$13,081,252.03 ","$10,321,665.18 "
13102,OTHER,,"12,650","$984,515.25 ","$780,644.15 "
,TOTAL,,"12,650","$984,515.25 ","$780,644.15 "
13120,SG,,434,"$161,389.84 ","$127,798.60 "
,OTHER,,"5,778","$1,457,022.66 ","$1,145,291.85 "
,TOTAL,,"6,212","$1,618,412.50 ","$1,273,090.45 "
13121,SG,,"4,453","$2,101,116.39 ","$1,665,925.84 "
,OTHER,,"62,010","$19,732,422.63 ","$15,577,916.87 "
,TOTAL,,"66,463","$21,833,539.02 ","$17,243,842.71 "
13122,OTHER,,"13,008","$1,288,373.06 ","$1,022,737.99 "
,TOTAL,,"13,008","$1,288,373.06 ","$1,022,737.99 "
13131,SG,,"2,076","$803,533.05 ","$638,586.32 "
,OTHER,,"26,392","$7,424,783.35 ","$5,850,299.64 "
,TOTAL,,"28,468","$8,228,316.40 ","$6,488,885.96 "
13132,SG,,"10,073","$4,839,886.23 ","$3,835,792.36 "
,OTHER,,"133,375","$56,224,352.69 ","$44,475,249.69 "
,TOTAL,,"143,448","$61,064,238.92 ","$48,311,042.05 "
13133,OTHER,,"9,847","$1,404,107.16 ","$1,116,254.62 "
,TOTAL,,"9,847","$1,404,107.16 ","$1,116,254.62 "
13150,SG,,513,"$240,399.36 ","$189,609.08 "
,OTHER,,"2,439","$692,741.38 ","$545,991.06 "
,TOTAL,,"2,952","$933,140.74 ","$735,600.14 "
13151,SG,,"2,373","$1,140,471.39 ","$905,532.23 "
,OTHER,,"25,796","$8,336,923.83 ","$6,581,050.13 "
,TOTAL,,"28,169","$9,477,395.22 ","$7,486,582.36 "
13152,SG,,"3,168","$1,513,443.70 ","$1,202,671.56 "
,OTHER,,"35,885","$15,731,703.94 ","$12,440,376.83 "
,TOTAL,,"39,053","$17,245,147.64 ","$13,643,048.39 "
13153,OTHER,,"1,295","$199,835.24 ","$159,194.35 "
,TOTAL,,"1,295","$199,835.24 ","$159,194.35 "
13160,SG,,513,"$209,622.69 ","$165,400.14 "
,80'S,,1,$134.89 ,$107.91 
,OTHER,,"11,431","$6,922,441.85 ","$5,489,953.07 "
,TOTAL,,"11,945","$7,132,199.43 ","$5,655,461.12 "
14000,SG,,"1,435","$532,202.23 ","$421,422.74 "
,OTHER,,"9,899","$4,539,017.14 ","$3,591,557.62 "
,TOTAL,,"11,334","$5,071,219.37 ","$4,012,980.36 "
14001,SG,,910,"$394,387.39 ","$311,831.54 "
,OTHER,,"7,195","$4,311,713.87 ","$3,417,118.61 "
,TOTAL,,"8,105","$4,706,101.26 ","$3,728,950.15 "
14020,SG,,"3,020","$1,402,449.16 ","$1,111,341.05 "
,OTHER,,"20,351","$10,648,662.25 ","$8,437,686.28 "
,TOTAL,,"23,371","$12,051,111.41 ","$9,549,027.33 "
14021,SG,,"1,705","$799,519.06 ","$635,914.98 "
,OTHER,,"12,906","$9,416,068.95 ","$7,466,097.92 "
,TOTAL,,"14,611","$10,215,588.01 ","$8,102,012.90 "
14040,SG,,"12,136","$4,342,271.02 ","$3,438,795.97 "
,80'S,,1,$48.85 ,$39.08 
,OTHER,,"79,669","$46,510,650.62 ","$36,835,446.65 "
,TOTAL,,"91,806","$50,852,970.49 ","$40,274,281.70 "
14041,SG,,"4,196","$1,923,342.69 ","$1,524,529.43 "
,OTHER,,"31,075","$25,242,265.55 ","$20,002,125.57 "
,TOTAL,,"35,271","$27,165,608.24 ","$21,526,655.00 "
14060,SG,,"16,089","$7,311,991.36 ","$5,798,807.62 "
,OTHER,,"94,708","$58,827,175.10 ","$46,574,647.73 "
,TOTAL,,"110,797","$66,139,166.46 ","$52,373,455.35 "
14061,SG,,"2,715","$1,309,893.54 ","$1,037,668.86 "
,OTHER,,"18,482","$16,559,344.84 ","$13,113,102.75 "
,TOTAL,,"21,197","$17,869,238.38 ","$14,150,771.61 "
14300,SG,,"1,750","$1,069,640.21 ","$851,609.51 "
,80'S,,2,$264.09 ,$211.27 
,OTHER,,"12,516","$10,098,909.98 ","$8,011,866.92 "
,TOTAL,,"14,268","$11,168,814.28 ","$8,863,687.70 "
14350,SG,,14,"$5,301.86 ","$4,193.51 "
,80'S,,1,$112.35 ,$89.88 
,OTHER,,278,"$169,574.48 ","$134,351.90 "
,TOTAL,,293,"$174,988.69 ","$138,635.29 "
15000,SG,,"2,965","$769,148.34 ","$610,595.08 "
,80'S,,17,$728.53 ,$582.84 
,OTHER,,"34,077","$9,034,962.53 ","$7,168,868.38 "
,TOTAL,,"37,059","$9,804,839.40 ","$7,780,046.30 "
15001,SG,,14,"$2,337.16 ","$1,869.74 "
,80'S,,463,"$4,238.78 ","$3,391.03 "
,OTHER,,"38,063","$2,192,820.55 ","$1,748,197.83 "
,TOTAL,,"38,540","$2,199,396.49 ","$1,753,458.60 "
15040,SG,,18,"$4,016.77 ","$3,213.41 "
,OTHER,,201,"$27,126.89 ","$21,531.16 "
,TOTAL,,219,"$31,143.66 ","$24,744.57 "
15050,SG,,51,"$16,160.94 ","$12,793.98 "
,OTHER,,711,"$227,370.30 ","$180,039.11 "
,TOTAL,,762,"$243,531.24 ","$192,833.09 "
15100,SG,,789,"$281,842.75 ","$223,453.14 "
,80'S,,1,$114.02 ,$91.22 
,OTHER,,"19,536","$11,832,228.99 ","$9,395,909.69 "
,TOTAL,,"20,326","$12,114,185.76 ","$9,619,454.05 "
15101,SG,,35,"$14,929.32 ","$11,943.47 "
,OTHER,,"22,926","$2,720,777.96 ","$2,165,349.61 "
,TOTAL,,"22,961","$2,735,707.28 ","$2,177,293.08 "
15110,SG,,5,"$2,062.73 ","$1,650.19 "
,OTHER,,109,"$62,853.14 ","$49,668.51 "
,TOTAL,,114,"$64,915.87 ","$51,318.70 "
15111,SG,,1,$166.21 ,$132.97 
,OTHER,,135,"$14,320.84 ","$11,288.06 "
,TOTAL,,136,"$14,487.05 ","$11,421.03 "
15115,SG,,17,"$6,491.28 ","$5,192.99 "
,OTHER,,319,"$188,120.42 ","$149,066.78 "
,TOTAL,,336,"$194,611.70 ","$154,259.77 "
15116,OTHER,,27,"$3,908.67 ","$3,126.94 "
,TOTAL,,27,"$3,908.67 ","$3,126.94 "
15120,SG,,897,"$306,455.15 ","$242,283.64 "
,80'S,,2,$928.72 ,$742.98 
,OTHER,,"10,299","$6,478,963.57 ","$5,142,753.00 "
,TOTAL,,"11,198","$6,786,347.44 ","$5,385,779.62 "
15121,SG,,17,"$6,523.96 ","$5,219.19 "
,80'S,,1,$309.40 ,$247.52 
,OTHER,,"1,870","$345,801.12 ","$275,728.86 "
,TOTAL,,"1,888","$352,634.48 ","$281,195.57 "
15130,SG,,4,"$1,350.35 ","$1,080.29 "
,OTHER,,107,"$52,304.52 ","$41,763.23 "
,TOTAL,,111,"$53,654.87 ","$42,843.52 "
15131,OTHER,,80,"$7,034.58 ","$5,620.35 "
,TOTAL,,80,"$7,034.58 ","$5,620.35 "
15135,SG,,24,"$7,740.84 ","$6,174.88 "
,OTHER,,261,"$182,598.70 ","$145,766.35 "
,TOTAL,,285,"$190,339.54 ","$151,941.23 "
15136,OTHER,,5,$441.42 ,$353.13 
,TOTAL,,5,$441.42 ,$353.13 
15150,OTHER,,47,"$23,029.52 ","$18,414.42 "
,TOTAL,,47,"$23,029.52 ","$18,414.42 "
15151,OTHER,,17,"$1,971.69 ","$1,577.34 "
,TOTAL,,17,"$1,971.69 ","$1,577.34 "
15152,OTHER,,155,"$23,554.22 ","$18,843.38 "
,TOTAL,,155,"$23,554.22 ","$18,843.38 "
15155,SG,,2,$440.96 ,$352.76 
,OTHER,,13,"$7,531.01 ","$6,024.83 "
,TOTAL,,15,"$7,971.97 ","$6,377.59 "
15156,OTHER,,1,$154.08 ,$123.26 
,TOTAL,,1,$154.08 ,$123.26 
15170,OTHER,,"1,113","$286,299.96 ","$226,280.69 "
,TOTAL,,"1,113","$286,299.96 ","$226,280.69 "
15171,OTHER,,"1,026","$89,041.62 ","$70,559.12 "
,TOTAL,,"1,026","$89,041.62 ","$70,559.12 "
15175,OTHER,,"1,257","$483,852.26 ","$384,489.47 "
,TOTAL,,"1,257","$483,852.26 ","$384,489.47 "
15176,OTHER,,117,"$16,236.74 ","$12,989.35 "
,TOTAL,,117,"$16,236.74 ","$12,989.35 "
15200,SG,,97,"$41,160.15 ","$32,630.55 "
,80'S,,3,$291.69 ,$233.34 
,OTHER,,783,"$397,400.41 ","$315,265.58 "
,TOTAL,,883,"$438,852.25 ","$348,129.47 "
15201,SG,,16,"$3,779.12 ","$3,023.32 "
,80'S,,1,$13.78 ,$11.02 
,OTHER,,371,"$30,853.12 ","$24,682.59 "
,TOTAL,,388,"$34,646.02 ","$27,716.93 "
15220,SG,,994,"$336,189.24 ","$266,781.45 "
,OTHER,,"6,480","$3,598,072.00 ","$2,854,328.04 "
,TOTAL,,"7,474","$3,934,261.24 ","$3,121,109.49 "
15221,SG,,98,"$22,684.18 ","$18,038.59 "
,OTHER,,"1,593","$133,489.63 ","$106,602.23 "
,TOTAL,,"1,691","$156,173.81 ","$124,640.82 "
15240,SG,,"2,163","$971,818.39 ","$769,938.45 "
,OTHER,,"11,868","$7,605,338.47 ","$6,036,659.86 "
,TOTAL,,"14,031","$8,577,156.86 ","$6,806,598.31 "
15241,SG,,115,"$32,093.61 ","$25,467.79 "
,OTHER,,"1,219","$152,398.83 ","$121,210.90 "
,TOTAL,,"1,334","$184,492.44 ","$146,678.69 "
15260,SG,,"8,658","$3,010,688.98 ","$2,388,895.54 "
,OTHER,,"50,253","$36,545,614.49 ","$28,968,200.67 "
,TOTAL,,"58,911","$39,556,303.47 ","$31,357,096.21 "
15261,SG,,75,"$18,565.27 ","$14,752.97 "
,OTHER,,470,"$77,171.78 ","$61,374.59 "
,TOTAL,,545,"$95,737.05 ","$76,127.56 "
15300,SG,,9,"$3,325.27 ","$2,660.22 "
,OTHER,,"2,401","$533,642.58 ","$424,024.30 "
,TOTAL,,"2,410","$536,967.85 ","$426,684.52 "
15301,OTHER,,"8,163","$469,980.16 ","$375,159.37 "
,TOTAL,,"8,163","$469,980.16 ","$375,159.37 "
15320,SG,,53,"$15,170.52 ","$12,136.33 "
,OTHER,,"1,526","$403,426.43 ","$320,379.80 "
,TOTAL,,"1,579","$418,596.95 ","$332,516.13 "
15321,OTHER,,731,"$61,248.06 ","$48,933.18 "
,TOTAL,,731,"$61,248.06 ","$48,933.18 "
15330,SG,,10,"$3,119.41 ","$2,305.85 "
,OTHER,,"1,361","$230,396.91 ","$182,533.84 "
,TOTAL,,"1,371","$233,516.32 ","$184,839.69 "
15331,OTHER,,725,"$42,231.62 ","$33,601.45 "
,TOTAL,,725,"$42,231.62 ","$33,601.45 "
15335,SG,,42,"$11,483.56 ","$9,186.81 "
,OTHER,,"1,272","$260,752.81 ","$206,323.36 "
,TOTAL,,"1,314","$272,236.37 ","$215,510.17 "
15336,SG,,1,$171.30 ,$137.04 
,OTHER,,45,"$3,747.48 ","$2,997.98 "
,TOTAL,,46,"$3,918.78 ","$3,135.02 "
15340,OTHER,,"16,491","$4,118,680.34 ","$3,259,259.93 "
,TOTAL,,"16,491","$4,118,680.34 ","$3,259,259.93 "
15341,OTHER,,"5,189","$155,355.66 ","$123,674.47 "
,TOTAL,,"5,189","$155,355.66 ","$123,674.47 "
15360,OTHER,,320,"$78,544.68 ","$60,906.55 "
,TOTAL,,320,"$78,544.68 ","$60,906.55 "
15361,OTHER,,289,"$18,535.89 ","$14,771.99 "
,TOTAL,,289,"$18,535.89 ","$14,771.99 "
15365,OTHER,,"1,111","$294,993.22 ","$231,318.43 "
,TOTAL,,"1,111","$294,993.22 ","$231,318.43 "
15366,OTHER,,143,"$11,256.71 ","$9,005.32 "
,TOTAL,,143,"$11,256.71 ","$9,005.32 "
15400,SG,,384,"$143,860.95 ","$114,828.88 "
,OTHER,,"6,902","$2,006,105.67 ","$1,584,866.85 "
,TOTAL,,"7,286","$2,149,966.62 ","$1,699,695.73 "
15401,SG,,13,"$2,834.82 ","$2,267.83 "
,OTHER,,"5,487","$317,417.18 ","$253,847.98 "
,TOTAL,,"5,500","$320,252.00 ","$256,115.81 "
15420,SG,,187,"$71,725.56 ","$57,272.66 "
,OTHER,,"1,425","$463,548.67 ","$368,206.47 "
,TOTAL,,"1,612","$535,274.23 ","$425,479.13 "
15421,OTHER,,455,"$37,942.35 ","$30,353.98 "
,TOTAL,,455,"$37,942.35 ","$30,353.98 "
15430,SG,,525,"$208,470.58 ","$166,740.71 "
,OTHER,,"17,641","$8,132,614.17 ","$6,458,564.26 "
,TOTAL,,"18,166","$8,341,084.75 ","$6,625,304.97 "
15431,SG,,1,$167.25 ,$133.80 
,80'S,,1,$13.63 ,$10.90 
,OTHER,,98,"$14,516.06 ","$11,447.29 "
,TOTAL,,100,"$14,696.94 ","$11,591.99 "
15570,SG,,83,"$35,567.42 ","$28,308.38 "
,OTHER,,439,"$247,788.01 ","$196,178.75 "
,TOTAL,,522,"$283,355.43 ","$224,487.13 "
15572,SG,,134,"$47,839.29 ","$38,271.36 "
,OTHER,,586,"$331,558.55 ","$263,866.50 "
,TOTAL,,720,"$379,397.84 ","$302,137.86 "
15574,SG,,477,"$184,154.80 ","$146,700.03 "
,80'S,,1,$55.57 ,$44.46 
,OTHER,,"2,243","$1,471,254.87 ","$1,168,582.85 "
,TOTAL,,"2,721","$1,655,465.24 ","$1,315,327.34 "
15576,SG,,704,"$288,549.34 ","$229,826.22 "
,OTHER,,"3,830","$2,122,408.40 ","$1,682,755.20 "
,TOTAL,,"4,534","$2,410,957.74 ","$1,912,581.42 "
15600,SG,,26,"$9,388.19 ","$4,843.34 "
,80'S,,1,$13.52 ,$10.82 
,OTHER,,173,"$29,063.87 ","$23,096.68 "
,TOTAL,,200,"$38,465.58 ","$27,950.84 "
15610,SG,,14,"$6,300.45 ","$5,040.36 "
,OTHER,,148,"$27,643.72 ","$21,777.69 "
,TOTAL,,162,"$33,944.17 ","$26,818.05 "
15620,SG,,153,"$92,006.10 ","$73,406.49 "
,OTHER,,720,"$173,567.45 ","$136,903.01 "
,TOTAL,,873,"$265,573.55 ","$210,309.50 "
15630,SG,,547,"$259,618.85 ","$205,436.00 "
,OTHER,,"2,842","$830,394.03 ","$652,627.34 "
,TOTAL,,"3,389","$1,090,012.88 ","$858,063.34 "
15650,SG,,42,"$27,970.39 ","$22,376.32 "
,OTHER,,169,"$41,603.85 ","$33,199.11 "
,TOTAL,,211,"$69,574.24 ","$55,575.43 "
15732,SG,,"2,703","$1,079,202.63 ","$857,604.66 "
,80'S,,500,"$86,330.70 ","$68,270.00 "
,OTHER,,"11,497","$13,368,618.49 ","$10,622,828.44 "
,TOTAL,,"14,700","$14,534,151.82 ","$11,548,703.10 "
15734,SG,,215,"$90,289.46 ","$71,573.71 "
,80'S,,789,"$124,247.70 ","$98,643.49 "
,OTHER,,"12,891","$12,450,366.28 ","$9,895,793.09 "
,TOTAL,,"13,895","$12,664,903.44 ","$10,066,010.29 "
15736,SG,,151,"$69,003.02 ","$53,265.14 "
,OTHER,,"1,187","$1,298,924.86 ","$1,030,569.57 "
,TOTAL,,"1,338","$1,367,927.88 ","$1,083,834.71 "
15738,SG,,162,"$73,941.34 ","$57,837.70 "
,80'S,,244,"$41,826.12 ","$33,360.81 "
,OTHER,,"4,912","$5,012,829.76 ","$3,988,855.18 "
,TOTAL,,"5,318","$5,128,597.22 ","$4,080,053.69 "
15740,SG,,"1,165","$420,153.30 ","$332,806.59 "
,OTHER,,"6,132","$4,442,982.84 ","$3,523,457.86 "
,TOTAL,,"7,297","$4,863,136.14 ","$3,856,264.45 "
15750,SG,,84,"$26,895.33 ","$20,970.17 "
,80'S,,23,"$2,381.87 ","$1,905.45 "
,OTHER,,493,"$337,596.17 ","$267,940.40 "
,TOTAL,,600,"$366,873.37 ","$290,816.02 "
15756,80'S,,62,"$22,789.64 ","$17,952.65 "
,OTHER,,592,"$1,214,617.09 ","$963,553.87 "
,TOTAL,,654,"$1,237,406.73 ","$981,506.52 "
15757,80'S,,40,"$13,753.11 ","$11,002.47 "
,OTHER,,610,"$1,300,062.90 ","$1,023,948.50 "
,TOTAL,,650,"$1,313,816.01 ","$1,034,950.97 "
15758,80'S,,36,"$12,613.98 ","$10,091.16 "
,OTHER,,211,"$452,177.97 ","$360,703.23 "
,TOTAL,,247,"$464,791.95 ","$370,794.39 "
15760,SG,,137,"$44,598.99 ","$35,665.84 "
,OTHER,,700,"$396,414.52 ","$313,679.89 "
,TOTAL,,837,"$441,013.51 ","$349,345.73 "
15770,SG,,105,"$37,080.14 ","$29,343.46 "
,80'S,,73,"$3,831.91 ","$3,065.60 "
,OTHER,,"1,206","$401,877.35 ","$317,318.91 "
,TOTAL,,"1,384","$442,789.40 ","$349,727.97 "
15776,OTHER,,1,$167.30 ,$133.84 
,TOTAL,,1,$167.30 ,$133.84 
15780,OTHER,,33,"$20,989.81 ","$14,515.55 "
,TOTAL,,33,"$20,989.81 ","$14,515.55 "
15781,OTHER,,393,"$162,728.56 ","$128,759.47 "
,TOTAL,,393,"$162,728.56 ","$128,759.47 "
15782,OTHER,,43,"$23,888.12 ","$19,110.61 "
,TOTAL,,43,"$23,888.12 ","$19,110.61 "
15783,OTHER,,62,"$21,977.61 ","$16,945.69 "
,TOTAL,,62,"$21,977.61 ","$16,945.69 "
15786,OTHER,,711,"$111,492.70 ","$85,476.51 "
,TOTAL,,711,"$111,492.70 ","$85,476.51 "
15787,OTHER,,88,"$2,858.09 ","$2,236.67 "
,TOTAL,,88,"$2,858.09 ","$2,236.67 "
15788,OTHER,,523,"$135,459.14 ","$104,236.66 "
,TOTAL,,523,"$135,459.14 ","$104,236.66 "
15789,OTHER,,53,"$24,049.37 ","$18,852.59 "
,TOTAL,,53,"$24,049.37 ","$18,852.59 "
15792,OTHER,,69,"$20,392.43 ","$16,047.47 "
,TOTAL,,69,"$20,392.43 ","$16,047.47 "
15793,OTHER,,43,"$15,329.08 ","$12,064.93 "
,TOTAL,,43,"$15,329.08 ","$12,064.93 "
15819,OTHER,,5,"$2,900.62 ","$2,320.50 "
,TOTAL,,5,"$2,900.62 ","$2,320.50 "
15820,SG,,160,"$53,267.50 ","$41,221.26 "
,OTHER,,120,"$46,550.55 ","$36,884.60 "
,TOTAL,,280,"$99,818.05 ","$78,105.86 "
15821,SG,,456,"$132,132.86 ","$104,589.31 "
,OTHER,,241,"$87,720.15 ","$69,913.76 "
,TOTAL,,697,"$219,853.01 ","$174,503.07 "
15822,SG,,"2,582","$1,063,407.81 ","$843,288.96 "
,OTHER,,"2,997","$1,027,142.55 ","$810,898.13 "
,TOTAL,,"5,579","$2,090,550.36 ","$1,654,187.09 "
15823,SG,,"47,590","$28,903,310.61 ","$22,902,082.69 "
,OTHER,,"68,838","$38,007,353.19 ","$30,068,759.03 "
,TOTAL,,"116,428","$66,910,663.80 ","$52,970,841.72 "
15824,SG,,23,"$6,764.10 ","$5,203.19 "
,OTHER,,7,"$8,615.17 ","$6,892.14 "
,TOTAL,,30,"$15,379.27 ","$12,095.33 "
15825,SG,,7,"$1,813.06 ",$819.55 
,TOTAL,,7,"$1,813.06 ",$819.55 
15826,SG,,4,"$1,767.96 ","$1,414.38 "
,TOTAL,,4,"$1,767.96 ","$1,414.38 "
15828,SG,,28,"$9,367.07 ","$7,077.48 "
,OTHER,,17,"$16,977.39 ","$13,581.91 "
,TOTAL,,45,"$26,344.46 ","$20,659.39 "
15829,SG,,17,"$9,898.95 ","$6,819.04 "
,OTHER,,15,"$13,973.43 ","$11,178.73 "
,TOTAL,,32,"$23,872.38 ","$17,997.77 "
15831,SG,,67,"$27,854.39 ","$21,611.95 "
,80'S,,198,"$23,823.83 ","$18,671.75 "
,OTHER,,"2,001","$1,471,347.54 ","$1,162,418.54 "
,TOTAL,,"2,266","$1,523,025.76 ","$1,202,702.24 "
15832,SG,,5,"$2,087.38 ","$1,669.91 "
,80'S,,7,$740.92 ,$592.73 
,OTHER,,173,"$106,059.99 ","$84,776.90 "
,TOTAL,,185,"$108,888.29 ","$87,039.54 "
15833,SG,,1,$589.31 ,$471.45 
,OTHER,,27,"$16,729.63 ","$13,383.68 "
,TOTAL,,28,"$17,318.94 ","$13,855.13 "
15834,SG,,1,$504.61 ,$403.69 
,OTHER,,53,"$23,212.50 ","$18,570.01 "
,TOTAL,,54,"$23,717.11 ","$18,973.70 "
15835,SG,,1,$237.92 ,$190.34 
,80'S,,4,$320.32 ,$256.26 
,OTHER,,30,"$14,638.50 ","$11,710.84 "
,TOTAL,,35,"$15,196.74 ","$12,157.44 "
15836,SG,,10,"$3,622.45 ","$2,897.95 "
,80'S,,2,$161.67 ,$129.33 
,OTHER,,108,"$47,253.66 ","$37,324.25 "
,TOTAL,,120,"$51,037.78 ","$40,351.53 "
15837,OTHER,,23,"$7,498.99 ","$5,943.16 "
,TOTAL,,23,"$7,498.99 ","$5,943.16 "
15838,OTHER,,71,"$23,123.43 ","$18,498.81 "
,TOTAL,,71,"$23,123.43 ","$18,498.81 "
15839,SG,,31,"$13,254.08 ","$10,207.76 "
,80'S,,9,$467.02 ,$373.60 
,OTHER,,290,"$143,780.89 ","$114,826.40 "
,TOTAL,,330,"$157,501.99 ","$125,407.76 "
15840,SG,,18,"$10,000.20 ","$8,000.15 "
,OTHER,,277,"$210,090.59 ","$167,553.97 "
,TOTAL,,295,"$220,090.79 ","$175,554.12 "
15841,SG,,2,$960.02 ,$768.01 
,80'S,,4,$832.04 ,$665.64 
,OTHER,,17,"$23,582.88 ","$18,866.31 "
,TOTAL,,23,"$25,374.94 ","$20,299.96 "
15842,OTHER,,5,"$10,777.07 ","$8,621.65 "
,TOTAL,,5,"$10,777.07 ","$8,621.65 "
15845,SG,,114,"$65,073.67 ","$52,026.51 "
,80'S,,23,"$3,041.07 ","$2,432.86 "
,OTHER,,257,"$191,071.92 ","$152,332.77 "
,TOTAL,,394,"$259,186.66 ","$206,792.14 "
15850,OTHER,,3,$601.00 ,$480.80 
,TOTAL,,3,$601.00 ,$480.80 
15851,OTHER,,"4,140","$337,853.81 ","$258,739.66 "
,TOTAL,,"4,140","$337,853.81 ","$258,739.66 "
15852,OTHER,,"6,310","$410,303.62 ","$322,387.74 "
,TOTAL,,"6,310","$410,303.62 ","$322,387.74 "
15860,OTHER,,91,"$5,575.21 ","$4,369.30 "
,TOTAL,,91,"$5,575.21 ","$4,369.30 "
15876,SG,,2,$750.54 ,$600.43 
,OTHER,,11,"$6,346.84 ","$5,077.46 "
,TOTAL,,13,"$7,097.38 ","$5,677.89 "
15877,SG,,26,"$8,616.36 ","$6,494.46 "
,OTHER,,33,"$16,612.79 ","$13,290.22 "
,TOTAL,,59,"$25,229.15 ","$19,784.68 "
15878,SG,,1,$481.99 ,$385.59 
,OTHER,,4,$638.11 ,$510.49 
,TOTAL,,5,"$1,120.10 ",$896.08 
15879,SG,,2,$524.25 ,$419.40 
,OTHER,,2,"$1,156.47 ",$925.18 
,TOTAL,,4,"$1,680.72 ","$1,344.58 "
15920,SG,,2,"$1,019.86 ",$815.89 
,OTHER,,164,"$75,366.00 ","$59,512.90 "
,TOTAL,,166,"$76,385.86 ","$60,328.79 "
15922,SG,,1,$649.14 ,$519.31 
,80'S,,1,$60.66 ,$48.53 
,OTHER,,83,"$37,734.33 ","$30,165.24 "
,TOTAL,,85,"$38,444.13 ","$30,733.08 "
15931,SG,,8,"$3,855.12 ","$3,084.08 "
,OTHER,,"1,073","$615,190.47 ","$490,353.81 "
,TOTAL,,"1,081","$619,045.59 ","$493,437.89 "
15933,80'S,,1,$121.96 ,$97.57 
,OTHER,,284,"$198,184.77 ","$157,863.67 "
,TOTAL,,285,"$198,306.73 ","$157,961.24 "
15934,SG,,1,$486.90 ,$72.40 
,OTHER,,328,"$251,647.94 ","$199,798.10 "
,TOTAL,,329,"$252,134.84 ","$199,870.50 "
15935,80'S,,10,"$1,742.36 ","$1,393.87 "
,OTHER,,168,"$156,052.58 ","$124,670.45 "
,TOTAL,,178,"$157,794.94 ","$126,064.32 "
15936,SG,,14,"$8,691.59 ","$6,953.25 "
,OTHER,,"2,369","$1,715,694.94 ","$1,366,068.92 "
,TOTAL,,"2,383","$1,724,386.53 ","$1,373,022.17 "
15937,SG,,4,"$2,465.46 ","$1,972.36 "
,80'S,,65,"$6,292.21 ","$5,028.07 "
,OTHER,,"2,140","$1,573,941.63 ","$1,252,616.36 "
,TOTAL,,"2,209","$1,582,699.30 ","$1,259,616.79 "
15940,SG,,11,"$5,505.22 ","$4,404.19 "
,OTHER,,495,"$270,682.99 ","$215,124.34 "
,TOTAL,,506,"$276,188.21 ","$219,528.53 "
15941,SG,,1,$508.58 ,$406.86 
,80'S,,1,$152.15 ,$121.72 
,OTHER,,269,"$191,344.83 ","$151,812.09 "
,TOTAL,,271,"$192,005.56 ","$152,340.67 "
15944,SG,,3,"$1,230.13 ",$905.67 
,80'S,,1,$124.97 ,$99.98 
,OTHER,,220,"$142,738.43 ","$113,552.31 "
,TOTAL,,224,"$144,093.53 ","$114,557.96 "
15945,80'S,,2,$212.04 ,$169.63 
,OTHER,,165,"$124,793.62 ","$98,484.51 "
,TOTAL,,167,"$125,005.66 ","$98,654.14 "
15946,SG,,1,$619.78 ,$495.82 
,80'S,,48,"$10,850.67 ","$8,680.53 "
,OTHER,,"2,339","$3,189,880.40 ","$2,533,486.43 "
,TOTAL,,"2,388","$3,201,350.85 ","$2,542,662.78 "
15950,SG,,2,$785.74 ,$529.39 
,OTHER,,257,"$103,241.76 ","$82,402.28 "
,TOTAL,,259,"$104,027.50 ","$82,931.67 "
15951,SG,,1,$605.48 ,$484.38 
,OTHER,,82,"$50,070.27 ","$39,972.38 "
,TOTAL,,83,"$50,675.75 ","$40,456.76 "
15952,OTHER,,86,"$54,452.02 ","$42,854.47 "
,TOTAL,,86,"$54,452.02 ","$42,854.47 "
15953,OTHER,,32,"$23,825.15 ","$19,002.64 "
,TOTAL,,32,"$23,825.15 ","$19,002.64 "
15956,80'S,,2,$284.08 ,$227.27 
,OTHER,,796,"$725,034.38 ","$578,766.12 "
,TOTAL,,798,"$725,318.46 ","$578,993.39 "
15958,80'S,,16,"$1,875.68 ","$1,487.82 "
,OTHER,,434,"$333,505.56 ","$266,465.08 "
,TOTAL,,450,"$335,381.24 ","$267,952.90 "
15999,OTHER,,376,"$142,083.67 ","$112,408.80 "
,TOTAL,,376,"$142,083.67 ","$112,408.80 "
16000,OTHER,,"1,993","$115,028.78 ","$84,086.19 "
,TOTAL,,"1,993","$115,028.78 ","$84,086.19 "
16020,OTHER,,"18,633","$1,275,436.96 ","$965,963.62 "
,TOTAL,,"18,633","$1,275,436.96 ","$965,963.62 "
16025,SG,,2,$844.34 ,$675.47 
,OTHER,,"3,424","$429,310.09 ","$329,688.89 "
,TOTAL,,"3,426","$430,154.43 ","$330,364.36 "
16030,OTHER,,"1,803","$252,512.98 ","$198,161.39 "
,TOTAL,,"1,803","$252,512.98 ","$198,161.39 "
16035,OTHER,,330,"$62,026.18 ","$48,637.18 "
,TOTAL,,330,"$62,026.18 ","$48,637.18 "
16036,OTHER,,441,"$37,676.79 ","$30,010.74 "
,TOTAL,,441,"$37,676.79 ","$30,010.74 "
17000,OTHER,,"5,256,772","$277,290,431.73 ","$196,895,008.44 "
,TOTAL,,"5,256,772","$277,290,431.73 ","$196,895,008.44 "
17003,OTHER,,"16,062,200","$161,530,300.17 ","$122,327,184.02 "
,TOTAL,,"16,062,200","$161,530,300.17 ","$122,327,184.02 "
17004,OTHER,,"681,685","$132,838,195.41 ","$100,586,875.91 "
,TOTAL,,"681,685","$132,838,195.41 ","$100,586,875.91 "
17106,OTHER,,"3,475","$1,134,966.98 ","$883,552.58 "
,TOTAL,,"3,475","$1,134,966.98 ","$883,552.58 "
17107,OTHER,,"2,183","$1,340,321.23 ","$1,049,689.62 "
,TOTAL,,"2,183","$1,340,321.23 ","$1,049,689.62 "
17108,OTHER,,"5,189","$4,260,204.64 ","$3,363,189.16 "
,TOTAL,,"5,189","$4,260,204.64 ","$3,363,189.16 "
17110,OTHER,,"77,192","$6,281,898.35 ","$4,568,783.31 "
,TOTAL,,"77,192","$6,281,898.35 ","$4,568,783.31 "
17111,OTHER,,"4,478","$419,542.48 ","$306,580.53 "
,TOTAL,,"4,478","$419,542.48 ","$306,580.53 "
17250,OTHER,,"50,397","$2,776,968.17 ","$2,122,791.65 "
,TOTAL,,"50,397","$2,776,968.17 ","$2,122,791.65 "
17260,OTHER,,"21,822","$1,429,800.77 ","$1,084,153.49 "
,TOTAL,,"21,822","$1,429,800.77 ","$1,084,153.49 "
17261,OTHER,,"125,711","$10,938,314.80 ","$8,347,229.84 "
,TOTAL,,"125,711","$10,938,314.80 ","$8,347,229.84 "
17262,OTHER,,"175,549","$20,195,852.50 ","$15,526,576.95 "
,TOTAL,,"175,549","$20,195,852.50 ","$15,526,576.95 "
17263,OTHER,,"34,865","$4,740,932.61 ","$3,654,613.66 "
,TOTAL,,"34,865","$4,740,932.61 ","$3,654,613.66 "
17264,OTHER,,"5,871","$866,896.06 ","$668,499.42 "
,TOTAL,,"5,871","$866,896.06 ","$668,499.42 "
17266,OTHER,,"1,861","$316,144.98 ","$246,013.24 "
,TOTAL,,"1,861","$316,144.98 ","$246,013.24 "
17270,OTHER,,"12,112","$1,159,437.44 ","$877,560.94 "
,TOTAL,,"12,112","$1,159,437.44 ","$877,560.94 "
17271,OTHER,,"56,915","$5,921,402.12 ","$4,525,137.36 "
,TOTAL,,"56,915","$5,921,402.12 ","$4,525,137.36 "
17272,OTHER,,"63,898","$8,176,719.04 ","$6,292,816.53 "
,TOTAL,,"63,898","$8,176,719.04 ","$6,292,816.53 "
17273,OTHER,,"11,662","$1,779,651.44 ","$1,377,699.91 "
,TOTAL,,"11,662","$1,779,651.44 ","$1,377,699.91 "
17274,OTHER,,"2,082","$379,486.16 ","$293,382.03 "
,TOTAL,,"2,082","$379,486.16 ","$293,382.03 "
17276,OTHER,,744,"$162,337.03 ","$125,922.05 "
,TOTAL,,744,"$162,337.03 ","$125,922.05 "
17280,OTHER,,"53,178","$4,689,441.34 ","$3,527,838.00 "
,TOTAL,,"53,178","$4,689,441.34 ","$3,527,838.00 "
17281,OTHER,,"147,360","$17,978,030.03 ","$13,710,007.88 "
,TOTAL,,"147,360","$17,978,030.03 ","$13,710,007.88 "
17282,OTHER,,"111,334","$16,598,728.66 ","$12,796,819.91 "
,TOTAL,,"111,334","$16,598,728.66 ","$12,796,819.91 "
17283,OTHER,,"16,206","$3,071,465.70 ","$2,385,223.90 "
,TOTAL,,"16,206","$3,071,465.70 ","$2,385,223.90 "
17284,OTHER,,"2,986","$670,298.66 ","$522,042.74 "
,TOTAL,,"2,986","$670,298.66 ","$522,042.74 "
17286,OTHER,,984,"$287,123.58 ","$224,564.28 "
,TOTAL,,984,"$287,123.58 ","$224,564.28 "
17304,OTHER,,"443,800","$265,179,960.48 ","$209,393,158.28 "
,TOTAL,,"443,800","$265,179,960.48 ","$209,393,158.28 "
17305,OTHER,,"226,565","$58,061,520.87 ","$46,162,314.32 "
,TOTAL,,"226,565","$58,061,520.87 ","$46,162,314.32 "
17306,OTHER,,"65,257","$16,855,914.81 ","$13,407,400.72 "
,TOTAL,,"65,257","$16,855,914.81 ","$13,407,400.72 "
17307,OTHER,,"31,100","$7,629,662.37 ","$6,066,872.00 "
,TOTAL,,"31,100","$7,629,662.37 ","$6,066,872.00 "
17310,OTHER,,"31,593","$2,780,437.23 ","$2,209,319.77 "
,TOTAL,,"31,593","$2,780,437.23 ","$2,209,319.77 "
17340,OTHER,,"5,885","$229,755.04 ","$158,101.02 "
,TOTAL,,"5,885","$229,755.04 ","$158,101.02 "
17360,OTHER,,"1,713","$187,327.19 ","$140,918.71 "
,TOTAL,,"1,713","$187,327.19 ","$140,918.71 "
17380,OTHER,,2,$59.94 ,$47.96 
,TOTAL,,2,$59.94 ,$47.96 
17999,80'S,,1,$130.05 ,$104.04 
,OTHER,,555,"$157,483.24 ","$124,890.56 "
,TOTAL,,556,"$157,613.29 ","$124,994.60 "
19000,OTHER,,"22,666","$1,721,537.69 ","$1,319,746.79 "
,TOTAL,,"22,666","$1,721,537.69 ","$1,319,746.79 "
19001,OTHER,,"3,281","$81,977.55 ","$64,739.03 "
,TOTAL,,"3,281","$81,977.55 ","$64,739.03 "
19020,SG,,67,"$28,316.33 ","$22,280.60 "
,OTHER,,"1,783","$458,117.03 ","$358,622.30 "
,TOTAL,,"1,850","$486,433.36 ","$380,902.90 "
19030,OTHER,,"1,794","$172,777.12 ","$134,270.04 "
,TOTAL,,"1,794","$172,777.12 ","$134,270.04 "
19100,SG,,90,"$26,503.18 ","$20,953.23 "
,OTHER,,"11,432","$1,257,639.37 ","$974,088.87 "
,TOTAL,,"11,522","$1,284,142.55 ","$995,042.10 "
19101,SG,,346,"$142,361.92 ","$111,737.77 "
,80'S,,2,$65.00 ,$52.00 
,OTHER,,"4,612","$993,583.88 ","$781,175.99 "
,TOTAL,,"4,960","$1,136,010.80 ","$892,965.76 "
19102,SG,,256,"$109,085.69 ","$86,605.74 "
,OTHER,,"52,617","$7,428,747.18 ","$5,836,997.23 "
,TOTAL,,"52,873","$7,537,832.87 ","$5,923,602.97 "
19103,SG,,"1,343","$569,541.23 ","$449,419.37 "
,OTHER,,"85,119","$26,739,745.04 ","$21,107,593.18 "
,TOTAL,,"86,462","$27,309,286.27 ","$21,557,012.55 "
19110,SG,,159,"$66,800.17 ","$52,877.95 "
,OTHER,,"1,701","$529,856.41 ","$415,325.22 "
,TOTAL,,"1,860","$596,656.58 ","$468,203.17 "
19112,SG,,7,"$3,334.66 ","$2,667.73 "
,OTHER,,101,"$25,121.69 ","$19,545.39 "
,TOTAL,,108,"$28,456.35 ","$22,213.12 "
19120,SG,,"5,173","$2,545,541.34 ","$2,003,844.99 "
,80'S,,4,$190.38 ,$152.30 
,OTHER,,"34,945","$11,706,609.99 ","$9,213,409.34 "
,TOTAL,,"40,122","$14,252,341.71 ","$11,217,406.63 "
19125,SG,,"3,946","$1,969,781.92 ","$1,556,585.06 "
,OTHER,,"41,247","$15,041,360.82 ","$11,866,272.41 "
,TOTAL,,"45,193","$17,011,142.74 ","$13,422,857.47 "
19126,SG,,245,"$70,836.48 ","$56,394.49 "
,OTHER,,"2,287","$379,090.44 ","$299,630.92 "
,TOTAL,,"2,532","$449,926.92 ","$356,025.41 "
19140,SG,,232,"$140,995.69 ","$111,692.02 "
,OTHER,,"1,480","$508,797.48 ","$402,919.07 "
,TOTAL,,"1,712","$649,793.17 ","$514,611.09 "
19160,SG,,"2,301","$1,157,508.59 ","$918,356.54 "
,80'S,,208,"$12,105.30 ","$9,684.23 "
,OTHER,,"34,345","$12,631,050.21 ","$10,006,983.76 "
,TOTAL,,"36,854","$13,800,664.10 ","$10,935,024.53 "
19162,SG,,755,"$747,155.50 ","$591,306.06 "
,80'S,,897,"$116,527.22 ","$92,127.60 "
,OTHER,,"11,825","$9,050,117.61 ","$7,175,359.51 "
,TOTAL,,"13,477","$9,913,800.33 ","$7,858,793.17 "
19180,SG,,217,"$132,667.83 ","$105,218.86 "
,80'S,,"1,466","$128,353.79 ","$101,747.47 "
,OTHER,,"17,308","$8,848,430.45 ","$7,016,489.15 "
,TOTAL,,"18,991","$9,109,452.07 ","$7,223,455.48 "
19182,SG,,70,"$42,815.82 ","$33,006.25 "
,80'S,,54,"$4,745.21 ","$3,723.25 "
,OTHER,,717,"$352,285.88 ","$279,441.19 "
,TOTAL,,841,"$399,846.91 ","$316,170.69 "
19200,80'S,,40,"$6,313.33 ","$4,918.97 "
,OTHER,,350,"$297,673.84 ","$237,107.11 "
,TOTAL,,390,"$303,987.17 ","$242,026.08 "
19220,80'S,,16,"$2,422.22 ","$1,937.77 "
,OTHER,,70,"$65,940.75 ","$51,884.47 "
,TOTAL,,86,"$68,362.97 ","$53,822.24 "
19240,80'S,,"2,441","$389,207.94 ","$309,283.23 "
,OTHER,,"18,692","$17,166,286.76 ","$13,640,146.10 "
,TOTAL,,"21,133","$17,555,494.70 ","$13,949,429.33 "
19260,80'S,,77,"$9,584.58 ","$7,667.65 "
,OTHER,,809,"$650,463.43 ","$517,239.22 "
,TOTAL,,886,"$660,048.01 ","$524,906.87 "
19271,80'S,,39,"$9,340.29 ","$7,472.23 "
,OTHER,,285,"$367,965.39 ","$290,287.03 "
,TOTAL,,324,"$377,305.68 ","$297,759.26 "
19272,80'S,,47,"$12,380.20 ","$9,898.12 "
,OTHER,,164,"$230,011.38 ","$183,880.02 "
,TOTAL,,211,"$242,391.58 ","$193,778.14 "
19290,SG,,327,"$55,077.46 ","$43,902.74 "
,OTHER,,"59,037","$4,443,029.71 ","$3,502,799.07 "
,TOTAL,,"59,364","$4,498,107.17 ","$3,546,701.81 "
19291,SG,,7,"$1,187.19 ",$949.75 
,OTHER,,"3,783","$149,066.57 ","$118,265.58 "
,TOTAL,,"3,790","$150,253.76 ","$119,215.33 "
19295,OTHER,,"90,387","$9,082,403.05 ","$7,203,491.61 "
,TOTAL,,"90,387","$9,082,403.05 ","$7,203,491.61 "
19296,SG,,7,"$9,357.64 ","$7,486.10 "
,80'S,,3,"$1,360.81 ","$1,088.64 "
,OTHER,,"2,829","$10,517,429.84 ","$8,353,363.55 "
,TOTAL,,"2,839","$10,528,148.29 ","$8,361,938.29 "
19297,80'S,,3,$51.77 ,$41.41 
,OTHER,,400,"$37,894.25 ","$30,241.65 "
,TOTAL,,403,"$37,946.02 ","$30,283.06 "
19298,SG,,1,$165.22 ,$132.18 
,OTHER,,207,"$183,236.29 ","$145,478.21 "
,TOTAL,,208,"$183,401.51 ","$145,610.39 "
19316,SG,,191,"$89,781.25 ","$70,293.15 "
,80'S,,42,"$4,446.58 ","$3,557.29 "
,OTHER,,"1,169","$710,761.48 ","$561,674.64 "
,TOTAL,,"1,402","$804,989.31 ","$635,525.08 "
19318,SG,,682,"$384,244.06 ","$301,801.16 "
,80'S,,292,"$57,654.17 ","$45,558.97 "
,OTHER,,"4,406","$5,418,089.33 ","$4,253,914.04 "
,TOTAL,,"5,380","$5,859,987.56 ","$4,601,274.17 "
19324,SG,,2,"$1,208.89 ",$967.11 
,80'S,,1,$59.20 ,$47.36 
,OTHER,,34,"$12,278.69 ","$9,822.93 "
,TOTAL,,37,"$13,546.78 ","$10,837.40 "
19325,SG,,102,"$131,609.08 ","$104,288.91 "
,OTHER,,370,"$157,003.71 ","$123,081.33 "
,TOTAL,,472,"$288,612.79 ","$227,370.24 "
19328,SG,,243,"$53,502.79 ","$42,239.80 "
,OTHER,,"1,513","$495,324.46 ","$391,908.79 "
,TOTAL,,"1,756","$548,827.25 ","$434,148.59 "
19330,SG,,177,"$38,237.04 ","$30,331.37 "
,80'S,,1,$69.39 ,$55.51 
,OTHER,,"1,156","$441,050.30 ","$349,130.28 "
,TOTAL,,"1,334","$479,356.73 ","$379,517.16 "
19340,SG,,241,"$63,302.61 ","$50,142.11 "
,80'S,,1,$49.14 ,$39.31 
,OTHER,,805,"$206,442.01 ","$163,584.29 "
,TOTAL,,"1,047","$269,793.76 ","$213,765.71 "
19342,SG,,177,"$67,693.53 ","$53,866.84 "
,80'S,,12,"$1,747.36 ","$1,397.88 "
,OTHER,,"2,015","$1,640,652.82 ","$1,296,079.07 "
,TOTAL,,"2,204","$1,710,093.71 ","$1,351,343.79 "
19350,SG,,355,"$180,388.54 ","$140,753.83 "
,OTHER,,"1,738","$1,049,291.24 ","$825,106.82 "
,TOTAL,,"2,093","$1,229,679.78 ","$965,860.65 "
19355,SG,,6,"$3,416.40 ","$2,733.12 "
,OTHER,,34,"$16,632.09 ","$13,107.17 "
,TOTAL,,40,"$20,048.49 ","$15,840.29 "
19357,SG,,98,"$67,998.12 ","$52,281.49 "
,80'S,,118,"$28,271.09 ","$22,616.95 "
,OTHER,,"2,745","$3,893,097.18 ","$3,078,134.54 "
,TOTAL,,"2,961","$3,989,366.39 ","$3,153,032.98 "
19361,80'S,,33,"$6,694.75 ","$5,312.83 "
,OTHER,,461,"$531,980.29 ","$417,418.41 "
,TOTAL,,494,"$538,675.04 ","$422,731.24 "
19364,80'S,,21,"$11,436.79 ","$7,829.60 "
,OTHER,,176,"$470,045.48 ","$367,691.56 "
,TOTAL,,197,"$481,482.27 ","$375,521.16 "
19366,SG,,15,"$10,135.86 ","$8,108.71 "
,80'S,,21,"$4,876.76 ","$3,668.31 "
,OTHER,,281,"$372,879.59 ","$295,760.03 "
,TOTAL,,317,"$387,892.21 ","$307,537.05 "
19367,80'S,,51,"$13,574.50 ","$10,848.29 "
,OTHER,,339,"$573,751.30 ","$453,827.35 "
,TOTAL,,390,"$587,325.80 ","$464,675.64 "
19368,80'S,,3,$878.06 ,$702.46 
,OTHER,,10,"$23,513.08 ","$18,810.48 "
,TOTAL,,13,"$24,391.14 ","$19,512.94 "
19369,80'S,,2,$639.25 ,$511.40 
,OTHER,,25,"$46,652.37 ","$36,125.04 "
,TOTAL,,27,"$47,291.62 ","$36,636.44 "
19370,SG,,205,"$107,792.12 ","$85,200.58 "
,80'S,,1,$73.19 ,$58.55 
,OTHER,,"1,062","$534,995.70 ","$422,350.27 "
,TOTAL,,"1,268","$642,861.01 ","$507,609.40 "
19371,SG,,498,"$268,830.59 ","$212,744.28 "
,80'S,,1,$87.66 ,$70.13 
,OTHER,,"2,425","$1,586,015.57 ","$1,255,185.24 "
,TOTAL,,"2,924","$1,854,933.82 ","$1,467,999.65 "
19380,SG,,447,"$298,072.94 ","$229,628.63 "
,80'S,,1,$164.76 ,$131.81 
,OTHER,,"2,032","$1,192,485.02 ","$936,240.07 "
,TOTAL,,"2,480","$1,490,722.72 ","$1,166,000.51 "
19396,OTHER,,7,$715.75 ,$572.59 
,TOTAL,,7,$715.75 ,$572.59 
19499,80'S,,1,$34.44 ,$27.55 
,OTHER,,561,"$149,004.19 ","$119,083.84 "
,TOTAL,,562,"$149,038.63 ","$119,111.39 "
20000,OTHER,MUSCULOSKELETAL,"4,453","$739,670.52 ","$568,462.05 "
,TOTAL,,"4,453","$739,670.52 ","$568,462.05 "
20005,SG,,77,"$31,148.41 ","$24,462.44 "
,OTHER,,"4,132","$928,140.27 ","$728,867.31 "
,TOTAL,,"4,209","$959,288.68 ","$753,329.75 "
20100,AS,,3,$238.06 ,$190.44 
,80'S,,18,"$1,464.92 ","$1,171.94 "
,OTHER,,260,"$134,912.91 ","$107,230.44 "
,TOTAL,,281,"$136,615.89 ","$108,592.82 "
20101,AS,,2,$56.26 ,$45.01 
,OTHER,,92,"$15,299.53 ","$12,206.30 "
,TOTAL,,94,"$15,355.79 ","$12,251.31 "
20102,AS,,3,$85.00 ,$67.99 
,80'S,,8,$244.20 ,$195.37 
,OTHER,,383,"$83,556.75 ","$65,921.84 "
,TOTAL,,394,"$83,885.95 ","$66,185.20 "
20103,AS,,16,$750.69 ,$600.55 
,80'S,,6,$330.45 ,$264.35 
,OTHER,,"1,390","$438,771.46 ","$345,514.75 "
,TOTAL,,"1,412","$439,852.60 ","$346,379.65 "
20150,OTHER,,7,"$2,087.76 ","$1,662.02 "
,TOTAL,,7,"$2,087.76 ","$1,662.02 "
20200,SG,,59,"$24,447.86 ","$19,244.80 "
,OTHER,,"1,198","$106,093.65 ","$83,235.03 "
,TOTAL,,"1,257","$130,541.51 ","$102,479.83 "
20205,AS,,1,$22.94 ,$18.35 
,SG,,231,"$114,725.86 ","$90,961.47 "
,OTHER,,"3,432","$494,793.12 ","$387,273.40 "
,TOTAL,,"3,664","$609,541.92 ","$478,253.22 "
20206,SG,,41,"$12,117.78 ","$9,589.76 "
,OTHER,,"7,205","$679,007.48 ","$533,811.28 "
,TOTAL,,"7,246","$691,125.26 ","$543,401.04 "
20220,SG,,50,"$13,388.12 ","$10,710.50 "
,OTHER,,"6,427","$612,356.74 ","$483,483.39 "
,TOTAL,,"6,477","$625,744.86 ","$494,193.89 "
20225,SG,,115,"$46,525.39 ","$37,121.29 "
,80'S,,1,$22.40 ,$17.92 
,OTHER,,"14,995","$2,069,532.20 ","$1,641,507.36 "
,TOTAL,,"15,111","$2,116,079.99 ","$1,678,646.57 "
20240,SG,,86,"$29,414.82 ","$23,432.73 "
,OTHER,,"1,450","$280,809.36 ","$222,078.25 "
,TOTAL,,"1,536","$310,224.18 ","$245,510.98 "
20245,SG,,78,"$37,754.33 ","$29,983.63 "
,OTHER,,"1,900","$882,260.98 ","$699,479.13 "
,TOTAL,,"1,978","$920,015.31 ","$729,462.76 "
20250,AS,,3,$92.48 ,$73.99 
,80'S,,1,$27.24 ,$21.79 
,OTHER,,283,"$67,252.28 ","$53,456.89 "
,TOTAL,,287,"$67,372.00 ","$53,552.67 "
20251,AS,,75,"$3,286.06 ","$2,628.84 "
,SG,,1,$495.68 ,$396.54 
,80'S,,33,"$1,464.26 ","$1,171.42 "
,OTHER,,661,"$177,351.45 ","$140,473.66 "
,TOTAL,,770,"$182,597.45 ","$144,670.46 "
20500,OTHER,,797,"$86,470.83 ","$67,856.04 "
,TOTAL,,797,"$86,470.83 ","$67,856.04 "
20501,OTHER,,"6,548","$254,488.07 ","$198,931.63 "
,TOTAL,,"6,548","$254,488.07 ","$198,931.63 "
20520,OTHER,,"2,591","$395,863.11 ","$298,791.21 "
,TOTAL,,"2,591","$395,863.11 ","$298,791.21 "
20525,SG,,330,"$157,381.77 ","$124,008.23 "
,OTHER,,"1,912","$486,504.92 ","$382,566.57 "
,TOTAL,,"2,242","$643,886.69 ","$506,574.80 "
20526,OTHER,,"48,848","$3,575,786.01 ","$2,711,541.92 "
,TOTAL,,"48,848","$3,575,786.01 ","$2,711,541.92 "
20550,OTHER,,"808,653","$42,148,018.17 ","$31,472,349.02 "
,TOTAL,,"808,653","$42,148,018.17 ","$31,472,349.02 "
20551,OTHER,,"138,798","$5,987,112.07 ","$4,501,512.82 "
,TOTAL,,"138,798","$5,987,112.07 ","$4,501,512.82 "
20552,OTHER,,"304,828","$14,164,764.76 ","$10,665,832.50 "
,TOTAL,,"304,828","$14,164,764.76 ","$10,665,832.50 "
20553,AS,,1,$8.49 ,$6.79 
,OTHER,,"131,472","$6,788,479.81 ","$5,172,260.62 "
,TOTAL,,"131,473","$6,788,488.30 ","$5,172,267.41 "
20600,OTHER,,"377,316","$18,070,694.33 ","$13,506,729.11 "
,TOTAL,,"377,316","$18,070,694.33 ","$13,506,729.11 "
20605,OTHER,,"482,045","$25,170,340.26 ","$18,740,823.52 "
,TOTAL,,"482,045","$25,170,340.26 ","$18,740,823.52 "
20610,AS,,3,$12.53 ,$10.03 
,OTHER,,"4,949,217","$326,511,368.26 ","$246,591,886.56 "
,TOTAL,,"4,949,220","$326,511,380.79 ","$246,591,896.59 "
20612,OTHER,,"17,905","$947,077.29 ","$699,851.26 "
,TOTAL,,"17,905","$947,077.29 ","$699,851.26 "
20615,OTHER,,906,"$169,120.43 ","$130,252.15 "
,TOTAL,,906,"$169,120.43 ","$130,252.15 "
20650,AS,,2,$32.73 ,$24.49 
,SG,,323,"$94,087.95 ","$74,599.39 "
,80'S,,1,$21.13 ,$16.90 
,OTHER,,"3,055","$306,730.06 ","$242,321.11 "
,TOTAL,,"3,381","$400,871.87 ","$316,961.89 "
20660,AS,,1,$23.90 ,$19.12 
,80'S,,6,$171.68 ,$137.36 
,OTHER,,"3,182","$564,498.63 ","$446,729.45 "
,TOTAL,,"3,189","$564,694.21 ","$446,885.93 "
20661,OTHER,,"1,399","$457,297.08 ","$362,933.63 "
,TOTAL,,"1,399","$457,297.08 ","$362,933.63 "
20662,OTHER,,16,"$5,696.14 ","$4,177.92 "
,TOTAL,,16,"$5,696.14 ","$4,177.92 "
20663,OTHER,,6,"$2,462.95 ","$1,970.37 "
,TOTAL,,6,"$2,462.95 ","$1,970.37 "
20664,OTHER,,28,"$14,328.97 ","$10,967.88 "
,TOTAL,,28,"$14,328.97 ","$10,967.88 "
20665,AS,,2,$14.26 ,$11.41 
,80'S,,2,$36.13 ,$28.90 
,OTHER,,839,"$92,183.06 ","$73,138.06 "
,TOTAL,,843,"$92,233.45 ","$73,178.37 "
20670,AS,,1,$20.79 ,$16.63 
,SG,,888,"$248,177.17 ","$194,378.39 "
,OTHER,,"14,609","$4,626,394.42 ","$3,625,194.65 "
,TOTAL,,"15,498","$4,874,592.38 ","$3,819,589.67 "
20680,AS,,"1,054","$30,538.93 ","$24,313.97 "
,SG,,"9,330","$4,152,611.38 ","$3,264,366.50 "
,80'S,,363,"$11,084.98 ","$8,830.20 "
,OTHER,,"51,584","$11,958,342.04 ","$9,405,085.69 "
,TOTAL,,"62,331","$16,152,577.33 ","$12,702,596.36 "
20690,AS,,2,$48.86 ,$39.09 
,SG,,142,"$37,269.48 ","$29,234.13 "
,80'S,,1,$18.99 ,$15.19 
,OTHER,,"4,040","$562,082.55 ","$445,337.51 "
,TOTAL,,"4,185","$599,419.88 ","$474,625.92 "
20692,AS,,121,"$5,174.12 ","$4,053.56 "
,SG,,20,"$5,728.96 ","$4,583.16 "
,80'S,,109,"$5,186.52 ","$4,122.64 "
,OTHER,,"1,654","$424,280.17 ","$336,166.36 "
,TOTAL,,"1,904","$440,369.77 ","$348,925.72 "
20693,SG,,34,"$16,359.49 ","$13,087.59 "
,OTHER,,722,"$251,205.42 ","$199,358.23 "
,TOTAL,,756,"$267,564.91 ","$212,445.82 "
20694,SG,,824,"$251,540.96 ","$195,885.47 "
,OTHER,,"5,241","$1,419,722.45 ","$1,121,350.01 "
,TOTAL,,"6,065","$1,671,263.41 ","$1,317,235.48 "
20805,80'S,,1,$128.04 ,$102.43 
,OTHER,,7,"$6,976.12 ","$5,530.72 "
,TOTAL,,8,"$7,104.16 ","$5,633.15 "
20808,80'S,,1,$653.40 ,$522.72 
,OTHER,,2,"$8,100.57 ","$6,480.45 "
,TOTAL,,3,"$8,753.97 ","$7,003.17 "
20816,80'S,,1,$428.47 ,$342.78 
,OTHER,,4,"$11,111.02 ","$8,888.82 "
,TOTAL,,5,"$11,539.49 ","$9,231.60 "
20822,OTHER,,24,"$51,286.03 ","$39,103.51 "
,TOTAL,,24,"$51,286.03 ","$39,103.51 "
20824,80'S,,1,$496.49 ,$397.19 
,OTHER,,5,"$13,190.81 ","$10,552.65 "
,TOTAL,,6,"$13,687.30 ","$10,949.84 "
20827,OTHER,,12,"$27,798.39 ","$22,008.03 "
,TOTAL,,12,"$27,798.39 ","$22,008.03 "
20838,OTHER,,1,$65.00 ,$52.00 
,TOTAL,,1,$65.00 ,$52.00 
20900,AS,,243,"$8,518.67 ","$6,737.23 "
,SG,,188,"$52,697.30 ","$42,136.12 "
,80'S,,132,"$5,572.95 ","$4,423.77 "
,OTHER,,"2,091","$533,000.81 ","$421,085.50 "
,TOTAL,,"2,654","$599,789.73 ","$474,382.62 "
20902,AS,,729,"$31,248.54 ","$24,832.24 "
,SG,,157,"$67,067.87 ","$53,188.66 "
,80'S,,446,"$23,669.68 ","$18,794.50 "
,OTHER,,"4,062","$1,358,321.15 ","$1,075,612.63 "
,TOTAL,,"5,394","$1,480,307.24 ","$1,172,428.03 "
20910,SG,,3,"$1,024.48 ",$819.59 
,80'S,,5,$196.18 ,$156.95 
,OTHER,,109,"$24,750.09 ","$19,403.81 "
,TOTAL,,117,"$25,970.75 ","$20,380.35 "
20912,SG,,137,"$41,943.96 ","$33,483.79 "
,OTHER,,517,"$136,991.32 ","$108,388.08 "
,TOTAL,,654,"$178,935.28 ","$141,871.87 "
20920,SG,,4,"$1,316.55 ","$1,053.24 "
,OTHER,,88,"$18,063.32 ","$14,199.42 "
,TOTAL,,92,"$19,379.87 ","$15,252.66 "
20922,AS,,22,$779.44 ,$623.54 
,SG,,4,"$1,021.50 ",$817.20 
,80'S,,31,"$1,203.62 ",$962.86 
,OTHER,,351,"$85,714.87 ","$67,886.28 "
,TOTAL,,408,"$88,719.43 ","$70,289.88 "
20924,AS,,123,"$4,689.15 ","$3,725.89 "
,SG,,168,"$61,274.04 ","$48,817.66 "
,80'S,,20,$911.46 ,$729.17 
,OTHER,,748,"$194,493.82 ","$154,230.02 "
,TOTAL,,"1,059","$261,368.47 ","$207,502.74 "
20926,AS,,1,$52.84 ,$42.27 
,SG,,398,"$191,120.48 ","$150,363.41 "
,OTHER,,"8,274","$3,466,377.33 ","$2,745,228.02 "
,TOTAL,,"8,673","$3,657,550.65 ","$2,895,633.70 "
20930,OTHER,,1,$210.32 ,$168.26 
,TOTAL,,1,$210.32 ,$168.26 
20931,AS,,48,$734.54 ,$587.59 
,80'S,,1,$20.90 ,$16.72 
,OTHER,,"22,163","$2,572,024.31 ","$2,025,224.18 "
,TOTAL,,"22,212","$2,572,779.75 ","$2,025,828.49 "
20936,OTHER,,1,$183.09 ,$146.47 
,TOTAL,,1,$183.09 ,$146.47 
20937,AS,,"3,682","$86,472.30 ","$68,699.34 "
,80'S,,"2,261","$65,659.24 ","$52,117.00 "
,OTHER,,"14,680","$2,611,344.36 ","$2,067,635.85 "
,TOTAL,,"20,623","$2,763,475.90 ","$2,188,452.19 "
20938,AS,,812,"$21,235.50 ","$16,860.56 "
,80'S,,840,"$26,005.94 ","$20,564.37 "
,OTHER,,"4,190","$805,928.84 ","$636,914.38 "
,TOTAL,,"5,842","$853,170.28 ","$674,339.31 "
20950,AS,,5,$37.63 ,$30.09 
,80'S,,1,$12.50 ,$10.00 
,OTHER,,389,"$35,381.03 ","$27,785.77 "
,TOTAL,,395,"$35,431.16 ","$27,825.86 "
20955,AS,,2,$684.28 ,$547.42 
,80'S,,10,"$3,907.55 ","$3,126.02 "
,OTHER,,121,"$294,667.32 ","$228,714.41 "
,TOTAL,,133,"$299,259.15 ","$232,387.85 "
20956,AS,,3,"$1,027.30 ",$821.85 
,80'S,,5,"$1,936.75 ","$1,549.39 "
,OTHER,,50,"$124,430.94 ","$98,971.86 "
,TOTAL,,58,"$127,394.99 ","$101,343.10 "
20957,80'S,,1,$442.47 ,$353.98 
,OTHER,,5,"$8,141.96 ","$6,513.57 "
,TOTAL,,6,"$8,584.43 ","$6,867.55 "
20962,AS,,1,$422.47 ,$337.98 
,80'S,,4,"$1,724.57 ","$1,379.66 "
,OTHER,,27,"$70,065.68 ","$55,833.40 "
,TOTAL,,32,"$72,212.72 ","$57,551.04 "
20969,AS,,3,"$1,226.19 ",$980.95 
,80'S,,32,"$19,600.94 ","$15,680.81 "
,OTHER,,307,"$842,551.64 ","$668,183.89 "
,TOTAL,,342,"$863,378.77 ","$684,845.65 "
20970,AS,,2,$737.87 ,$590.30 
,80'S,,1,$473.29 ,$378.63 
,OTHER,,15,"$37,312.15 ","$29,849.72 "
,TOTAL,,18,"$38,523.31 ","$30,818.65 "
20972,OTHER,,2,"$5,162.76 ","$2,611.10 "
,TOTAL,,2,"$5,162.76 ","$2,611.10 "
20974,OTHER,,"2,426","$125,520.13 ","$97,344.27 "
,TOTAL,,"2,426","$125,520.13 ","$97,344.27 "
20975,AS,,305,"$7,245.28 ","$5,774.02 "
,SG,,6,"$1,298.95 ","$1,039.16 "
,80'S,,223,"$4,726.17 ","$3,749.30 "
,OTHER,,"1,472","$261,467.63 ","$207,539.67 "
,TOTAL,,"2,006","$274,738.03 ","$218,102.15 "
20979,OTHER,,373,"$21,150.01 ","$16,337.74 "
,TOTAL,,373,"$21,150.01 ","$16,337.74 "
20982,80'S,,1,$70.77 ,$56.62 
,OTHER,,135,"$61,381.40 ","$48,970.78 "
,TOTAL,,136,"$61,452.17 ","$49,027.40 "
20999,AS,,14,$501.02 ,$400.82 
,80'S,,1,$63.14 ,$50.51 
,OTHER,,477,"$94,695.77 ","$75,633.21 "
,TOTAL,,492,"$95,259.93 ","$76,084.54 "
21010,OTHER,,22,"$10,420.66 ","$8,324.76 "
,TOTAL,,22,"$10,420.66 ","$8,324.76 "
21015,SG,,621,"$265,062.78 ","$210,580.28 "
,80'S,,1,$66.03 ,$52.82 
,OTHER,,"4,127","$1,201,207.73 ","$951,319.48 "
,TOTAL,,"4,749","$1,466,336.54 ","$1,161,952.58 "
21025,SG,,18,"$7,140.16 ","$5,712.09 "
,OTHER,,"1,093","$721,809.28 ","$572,177.89 "
,TOTAL,,"1,111","$728,949.44 ","$577,889.98 "
21026,SG,,27,"$9,174.80 ","$7,212.21 "
,OTHER,,470,"$167,887.97 ","$132,990.26 "
,TOTAL,,497,"$177,062.77 ","$140,202.47 "
21029,AS,,1,$76.27 ,$61.02 
,SG,,13,"$4,619.21 ","$3,695.35 "
,OTHER,,105,"$57,004.07 ","$45,006.72 "
,TOTAL,,119,"$61,699.55 ","$48,763.09 "
21030,OTHER,,"1,313","$497,292.97 ","$387,517.43 "
,TOTAL,,"1,313","$497,292.97 ","$387,517.43 "
21031,OTHER,,923,"$198,211.72 ","$152,413.62 "
,TOTAL,,923,"$198,211.72 ","$152,413.62 "
21032,OTHER,,257,"$71,477.75 ","$55,449.63 "
,TOTAL,,257,"$71,477.75 ","$55,449.63 "
21034,AS,,3,$441.28 ,$353.02 
,SG,,6,"$2,655.79 ","$2,124.63 "
,80'S,,9,"$1,441.96 ","$1,145.54 "
,OTHER,,168,"$162,336.46 ","$128,305.92 "
,TOTAL,,186,"$166,875.49 ","$131,929.11 "
21040,SG,,46,"$19,756.81 ","$15,215.43 "
,OTHER,,"1,496","$566,367.79 ","$444,120.16 "
,TOTAL,,"1,542","$586,124.60 ","$459,335.59 "
21044,AS,,4,$366.51 ,$293.21 
,SG,,6,"$2,126.60 ","$1,701.27 "
,80'S,,18,"$2,014.00 ","$1,611.20 "
,OTHER,,266,"$169,604.06 ","$134,701.65 "
,TOTAL,,294,"$174,111.17 ","$138,307.33 "
21045,AS,,4,$445.45 ,$356.36 
,80'S,,25,"$3,648.78 ","$2,919.07 "
,OTHER,,273,"$249,369.97 ","$198,788.43 "
,TOTAL,,302,"$253,464.20 ","$202,063.86 "
21046,SG,,13,"$5,762.04 ","$4,600.83 "
,80'S,,2,$293.35 ,$234.68 
,OTHER,,350,"$345,235.22 ","$273,401.48 "
,TOTAL,,365,"$351,290.61 ","$278,236.99 "
21047,AS,,2,$370.86 ,$296.69 
,SG,,3,"$1,320.87 ","$1,056.70 "
,80'S,,9,"$1,570.23 ","$1,256.19 "
,OTHER,,88,"$105,460.51 ","$83,819.28 "
,TOTAL,,102,"$108,722.47 ","$86,428.86 "
21048,OTHER,,179,"$162,038.66 ","$129,181.53 "
,TOTAL,,179,"$162,038.66 ","$129,181.53 "
21049,80'S,,5,$982.28 ,$785.82 
,OTHER,,25,"$26,093.68 ","$20,775.73 "
,TOTAL,,30,"$27,075.96 ","$21,561.55 "
21050,SG,,2,$753.15 ,$602.52 
,80'S,,1,$123.25 ,$98.60 
,OTHER,,20,"$11,216.60 ","$8,973.28 "
,TOTAL,,23,"$12,093.00 ","$9,674.40 "
21060,AS,,1,$120.97 ,$96.78 
,80'S,,6,$583.51 ,$402.40 
,OTHER,,23,"$13,095.34 ","$10,208.67 "
,TOTAL,,30,"$13,799.82 ","$10,707.85 "
21070,OTHER,,51,"$21,856.17 ","$17,392.94 "
,TOTAL,,51,"$21,856.17 ","$17,392.94 "
21076,OTHER,,260,"$257,246.86 ","$204,907.72 "
,TOTAL,,260,"$257,246.86 ","$204,907.72 "
21077,OTHER,,53,"$134,431.08 ","$104,148.23 "
,TOTAL,,53,"$134,431.08 ","$104,148.23 "
21079,OTHER,,432,"$626,728.23 ","$495,454.40 "
,TOTAL,,432,"$626,728.23 ","$495,454.40 "
21080,OTHER,,506,"$928,255.95 ","$739,287.79 "
,TOTAL,,506,"$928,255.95 ","$739,287.79 "
21081,OTHER,,243,"$389,051.23 ","$309,909.55 "
,TOTAL,,243,"$389,051.23 ","$309,909.55 "
21082,OTHER,,91,"$125,876.57 ","$100,556.31 "
,TOTAL,,91,"$125,876.57 ","$100,556.31 "
21083,OTHER,,68,"$101,298.01 ","$80,157.15 "
,TOTAL,,68,"$101,298.01 ","$80,157.15 "
21084,OTHER,,80,"$125,890.68 ","$100,552.94 "
,TOTAL,,80,"$125,890.68 ","$100,552.94 "
21085,OTHER,,"1,315","$797,084.39 ","$630,495.93 "
,TOTAL,,"1,315","$797,084.39 ","$630,495.93 "
21086,OTHER,,270,"$535,469.35 ","$426,757.43 "
,TOTAL,,270,"$535,469.35 ","$426,757.43 "
21087,OTHER,,184,"$319,367.74 ","$252,785.35 "
,TOTAL,,184,"$319,367.74 ","$252,785.35 "
21088,OTHER,,52,"$260,586.69 ","$208,338.89 "
,TOTAL,,52,"$260,586.69 ","$208,338.89 "
21089,OTHER,,970,"$716,345.26 ","$568,686.22 "
,TOTAL,,970,"$716,345.26 ","$568,686.22 "
21100,OTHER,,13,"$2,068.47 ","$1,357.80 "
,TOTAL,,13,"$2,068.47 ","$1,357.80 "
21110,OTHER,,721,"$365,417.58 ","$288,545.80 "
,TOTAL,,721,"$365,417.58 ","$288,545.80 "
21116,OTHER,,120,"$15,842.85 ","$12,245.53 "
,TOTAL,,120,"$15,842.85 ","$12,245.53 "
21120,SG,,2,"$2,009.71 ","$1,607.77 "
,OTHER,,9,"$2,967.05 ","$2,373.64 "
,TOTAL,,11,"$4,976.76 ","$3,981.41 "
21121,80'S,,1,$46.80 ,
,OTHER,,5,"$2,496.16 ","$1,805.39 "
,TOTAL,,6,"$2,542.96 ","$1,805.39 "
21122,OTHER,,2,"$1,027.94 ",$822.36 
,TOTAL,,2,"$1,027.94 ",$822.36 
21125,OTHER,,9,"$4,684.71 ","$3,648.57 "
,TOTAL,,9,"$4,684.71 ","$3,648.57 "
21127,OTHER,,4,"$2,605.83 ","$2,084.67 "
,TOTAL,,4,"$2,605.83 ","$2,084.67 "
21137,OTHER,,3,"$2,061.21 ","$1,648.97 "
,TOTAL,,3,"$2,061.21 ","$1,648.97 "
21138,80'S,,6,$515.26 ,$412.22 
,OTHER,,14,"$8,866.09 ","$7,046.39 "
,TOTAL,,20,"$9,381.35 ","$7,458.61 "
21141,AS,,1,$190.13 ,$152.10 
,80'S,,3,$383.37 ,$306.70 
,OTHER,,29,"$31,893.30 ","$25,303.64 "
,TOTAL,,33,"$32,466.80 ","$25,762.44 "
21142,OTHER,,12,"$6,263.50 ","$5,010.81 "
,TOTAL,,12,"$6,263.50 ","$5,010.81 "
21143,80'S,,1,$192.83 ,$154.26 
,OTHER,,3,"$3,360.41 ","$2,688.33 "
,TOTAL,,4,"$3,553.24 ","$2,842.59 "
21145,80'S,,1,$118.63 ,$94.90 
,OTHER,,9,"$9,057.18 ","$7,245.75 "
,TOTAL,,10,"$9,175.81 ","$7,340.65 "
21147,OTHER,,3,"$4,348.13 ","$3,478.50 "
,TOTAL,,3,"$4,348.13 ","$3,478.50 "
21150,OTHER,,3,"$2,798.91 ","$2,239.13 "
,TOTAL,,3,"$2,798.91 ","$2,239.13 "
21154,OTHER,,1,"$1,922.25 ","$1,537.80 "
,TOTAL,,1,"$1,922.25 ","$1,537.80 "
21155,OTHER,,1,"$2,282.35 ","$1,825.88 "
,TOTAL,,1,"$2,282.35 ","$1,825.88 "
21160,OTHER,,5,"$1,847.37 ","$1,342.90 "
,TOTAL,,5,"$1,847.37 ","$1,342.90 "
21172,80'S,,7,"$1,942.35 ","$1,553.86 "
,OTHER,,34,"$45,314.77 ","$36,126.45 "
,TOTAL,,41,"$47,257.12 ","$37,680.31 "
21175,OTHER,,7,"$7,568.30 ","$6,054.65 "
,TOTAL,,7,"$7,568.30 ","$6,054.65 "
21179,80'S,,6,"$1,536.71 ","$1,229.37 "
,OTHER,,16,"$21,267.76 ","$17,014.21 "
,TOTAL,,22,"$22,804.47 ","$18,243.58 "
21180,OTHER,,5,"$7,564.68 ","$6,051.74 "
,TOTAL,,5,"$7,564.68 ","$6,051.74 "
21181,SG,,7,"$6,719.15 ","$5,375.32 "
,OTHER,,14,"$8,502.63 ","$6,802.12 "
,TOTAL,,21,"$15,221.78 ","$12,177.44 "
21182,AS,,1,$271.92 ,$217.54 
,80'S,,2,$553.27 ,$442.62 
,OTHER,,24,"$40,169.32 ","$32,135.47 "
,TOTAL,,27,"$40,994.51 ","$32,795.63 "
21183,OTHER,,2,"$4,379.77 ","$3,503.82 "
,TOTAL,,2,"$4,379.77 ","$3,503.82 "
21184,OTHER,,1,"$1,771.66 ","$1,417.33 "
,TOTAL,,1,"$1,771.66 ","$1,417.33 "
21188,80'S,,1,$267.80 ,$214.24 
,OTHER,,16,"$20,780.03 ","$16,624.02 "
,TOTAL,,17,"$21,047.83 ","$16,838.26 "
21193,80'S,,1,$180.95 ,$144.76 
,OTHER,,34,"$34,350.93 ","$27,480.74 "
,TOTAL,,35,"$34,531.88 ","$27,625.50 "
21194,OTHER,,14,"$12,795.12 ","$10,236.10 "
,TOTAL,,14,"$12,795.12 ","$10,236.10 "
21195,80'S,,1,$193.64 ,$154.91 
,OTHER,,8,"$9,633.18 ","$7,706.54 "
,TOTAL,,9,"$9,826.82 ","$7,861.45 "
21196,AS,,1,$94.23 ,$75.38 
,80'S,,24,"$3,422.82 ","$2,469.44 "
,OTHER,,96,"$93,060.40 ","$72,924.95 "
,TOTAL,,121,"$96,577.45 ","$75,469.77 "
21198,80'S,,9,$906.38 ,$725.09 
,OTHER,,157,"$98,471.59 ","$78,637.88 "
,TOTAL,,166,"$99,377.97 ","$79,362.97 "
21199,80'S,,6,$861.98 ,$647.50 
,OTHER,,91,"$82,762.80 ","$64,047.89 "
,TOTAL,,97,"$83,624.78 ","$64,695.39 "
21206,SG,,2,"$1,509.43 ","$1,207.54 "
,OTHER,,47,"$22,506.53 ","$17,834.63 "
,TOTAL,,49,"$24,015.96 ","$19,042.17 "
21208,SG,,16,"$12,566.39 ","$10,053.13 "
,80'S,,1,$64.28 ,$51.42 
,OTHER,,120,"$67,421.91 ","$53,224.51 "
,TOTAL,,137,"$80,052.58 ","$63,329.06 "
21209,80'S,,3,$138.03 ,$110.43 
,OTHER,,33,"$14,546.92 ","$11,439.14 "
,TOTAL,,36,"$14,684.95 ","$11,549.57 "
21210,SG,,13,"$9,424.32 ","$7,539.47 "
,80'S,,1,$124.55 ,$99.64 
,OTHER,,661,"$653,801.27 ","$518,977.36 "
,TOTAL,,675,"$663,350.14 ","$526,616.47 "
21215,SG,,2,"$1,957.23 ","$1,565.79 "
,OTHER,,487,"$558,918.90 ","$443,358.17 "
,TOTAL,,489,"$560,876.13 ","$444,923.96 "
21230,SG,,6,"$4,964.42 ","$3,872.33 "
,OTHER,,68,"$37,673.59 ","$30,039.69 "
,TOTAL,,74,"$42,638.01 ","$33,912.02 "
21235,SG,,514,"$460,196.99 ","$362,783.32 "
,OTHER,,"2,743","$830,704.99 ","$658,198.26 "
,TOTAL,,"3,257","$1,290,901.98 ","$1,020,981.58 "
21240,SG,,10,"$6,117.91 ","$4,894.31 "
,80'S,,23,"$3,560.47 ","$2,848.35 "
,OTHER,,157,"$161,611.14 ","$128,002.00 "
,TOTAL,,190,"$171,289.52 ","$135,744.66 "
21242,SG,,1,$752.96 ,$602.37 
,80'S,,6,$861.18 ,$688.95 
,OTHER,,14,"$14,867.80 ","$11,894.25 "
,TOTAL,,21,"$16,481.94 ","$13,185.57 "
21243,AS,,1,$214.28 ,$171.42 
,SG,,1,$699.81 ,$559.85 
,80'S,,4,"$1,107.98 ",$886.38 
,OTHER,,45,"$69,486.51 ","$55,490.02 "
,TOTAL,,51,"$71,508.58 ","$57,107.67 "
21244,AS,,1,$61.62 ,$49.30 
,SG,,1,$975.87 ,$780.70 
,80'S,,45,"$4,739.33 ","$3,791.48 "
,OTHER,,351,"$203,194.38 ","$161,211.91 "
,TOTAL,,398,"$208,971.20 ","$165,833.39 "
21245,AS,,2,$115.44 ,$92.36 
,SG,,1,$521.99 ,$417.59 
,OTHER,,44,"$23,316.38 ","$18,533.13 "
,TOTAL,,47,"$23,953.81 ","$19,043.08 "
21246,80'S,,3,$434.90 ,$347.92 
,OTHER,,12,"$6,630.50 ","$5,304.41 "
,TOTAL,,15,"$7,065.40 ","$5,652.33 "
21247,OTHER,,8,"$12,070.07 ","$9,656.06 "
,TOTAL,,8,"$12,070.07 ","$9,656.06 "
21248,SG,,4,"$3,917.20 ","$2,554.45 "
,OTHER,,323,"$215,900.31 ","$172,112.45 "
,TOTAL,,327,"$219,817.51 ","$174,666.90 "
21249,SG,,2,"$1,941.74 ","$1,553.40 "
,OTHER,,59,"$58,076.60 ","$46,454.10 "
,TOTAL,,61,"$60,018.34 ","$48,007.50 "
21255,OTHER,,6,"$6,617.78 ","$5,294.22 "
,TOTAL,,6,"$6,617.78 ","$5,294.22 "
21256,AS,,1,$147.87 ,$118.30 
,80'S,,10,"$1,285.23 ","$1,028.19 "
,OTHER,,29,"$23,645.82 ","$18,063.88 "
,TOTAL,,40,"$25,078.92 ","$19,210.37 "
21260,80'S,,1,$171.98 ,$137.58 
,OTHER,,3,"$2,586.67 ","$2,069.33 "
,TOTAL,,4,"$2,758.65 ","$2,206.91 "
21267,SG,,1,$940.57 ,$752.46 
,80'S,,2,$355.94 ,$284.75 
,OTHER,,8,"$10,013.14 ","$8,010.51 "
,TOTAL,,11,"$11,309.65 ","$9,047.72 "
21270,SG,,1,$739.03 ,$591.22 
,OTHER,,32,"$16,206.52 ","$12,908.10 "
,TOTAL,,33,"$16,945.55 ","$13,499.32 "
21275,SG,,2,"$1,966.72 ","$1,573.38 "
,OTHER,,17,"$11,861.06 ","$9,434.88 "
,TOTAL,,19,"$13,827.78 ","$11,008.26 "
21280,SG,,92,"$59,266.07 ","$47,301.21 "
,OTHER,,309,"$98,411.76 ","$78,528.62 "
,TOTAL,,401,"$157,677.83 ","$125,829.83 "
21282,SG,,610,"$361,259.77 ","$286,343.53 "
,OTHER,,"1,307","$244,872.49 ","$194,102.58 "
,TOTAL,,"1,917","$606,132.26 ","$480,446.11 "
21295,80'S,,1,$12.58 ,$10.06 
,OTHER,,2,$235.82 ,$188.66 
,TOTAL,,3,$248.40 ,$198.72 
21296,OTHER,,1,$369.40 ,$295.52 
,TOTAL,,1,$369.40 ,$295.52 
21299,80'S,,2,$312.86 ,$250.29 
,OTHER,,278,"$89,722.72 ","$70,016.16 "
,TOTAL,,280,"$90,035.58 ","$70,266.45 "
21300,OTHER,,73,"$3,427.68 ","$2,742.16 "
,TOTAL,,73,"$3,427.68 ","$2,742.16 "
21310,SG,,5,"$1,675.58 ","$1,340.46 "
,OTHER,,"4,087","$115,940.27 ","$90,314.29 "
,TOTAL,,"4,092","$117,615.85 ","$91,654.75 "
21315,SG,,25,"$10,668.67 ","$8,350.36 "
,OTHER,,435,"$66,501.68 ","$52,077.54 "
,TOTAL,,460,"$77,170.35 ","$60,427.90 "
21320,SG,,278,"$110,959.95 ","$87,744.67 "
,OTHER,,"1,656","$215,434.77 ","$169,202.12 "
,TOTAL,,"1,934","$326,394.72 ","$256,946.79 "
21325,SG,,7,"$4,397.37 ","$3,517.89 "
,OTHER,,100,"$36,848.01 ","$28,722.40 "
,TOTAL,,107,"$41,245.38 ","$32,240.29 "
21330,AS,,1,$40.26 ,$32.21 
,SG,,20,"$14,060.90 ","$11,239.62 "
,80'S,,1,$97.31 ,$77.85 
,OTHER,,128,"$61,311.33 ","$48,944.90 "
,TOTAL,,150,"$75,509.80 ","$60,294.58 "
21335,SG,,140,"$126,702.08 ","$99,613.38 "
,OTHER,,477,"$313,951.74 ","$248,185.08 "
,TOTAL,,617,"$440,653.82 ","$347,798.46 "
21336,SG,,51,"$29,525.28 ","$23,215.53 "
,OTHER,,128,"$61,772.61 ","$48,275.60 "
,TOTAL,,179,"$91,297.89 ","$71,491.13 "
21337,SG,,42,"$16,407.83 ","$13,027.09 "
,OTHER,,283,"$63,707.44 ","$50,005.53 "
,TOTAL,,325,"$80,115.27 ","$63,032.62 "
21338,SG,,1,$334.88 ,$267.90 
,80'S,,2,$263.62 ,$210.90 
,OTHER,,37,"$19,794.57 ","$15,835.67 "
,TOTAL,,40,"$20,393.07 ","$16,314.47 "
21339,AS,,1,$51.84 ,$41.47 
,80'S,,1,$71.31 ,$57.05 
,OTHER,,11,"$6,149.36 ","$4,919.49 "
,TOTAL,,13,"$6,272.51 ","$5,018.01 "
21340,OTHER,,3,"$1,576.33 ","$1,261.07 "
,TOTAL,,3,"$1,576.33 ","$1,261.07 "
21343,AS,,1,$86.24 ,$68.99 
,OTHER,,30,"$28,665.68 ","$22,932.51 "
,TOTAL,,31,"$28,751.92 ","$23,001.50 "
21344,AS,,3,$506.80 ,$405.44 
,80'S,,1,$223.18 ,$178.54 
,OTHER,,48,"$62,047.83 ","$49,570.50 "
,TOTAL,,52,"$62,777.81 ","$50,154.48 "
21345,OTHER,,15,"$7,548.86 ","$6,039.10 "
,TOTAL,,15,"$7,548.86 ","$6,039.10 "
21346,OTHER,,57,"$42,934.96 ","$34,304.98 "
,TOTAL,,57,"$42,934.96 ","$34,304.98 "
21347,80'S,,4,$729.15 ,$583.32 
,OTHER,,79,"$79,239.56 ","$62,545.35 "
,TOTAL,,83,"$79,968.71 ","$63,128.67 "
21348,AS,,1,$176.53 ,$141.22 
,OTHER,,3,"$3,172.11 ","$2,537.69 "
,TOTAL,,4,"$3,348.64 ","$2,678.91 "
21355,SG,,2,"$1,062.37 ",$849.89 
,OTHER,,27,"$6,731.93 ","$5,385.54 "
,TOTAL,,29,"$7,794.30 ","$6,235.43 "
21356,OTHER,,118,"$36,017.71 ","$28,388.81 "
,TOTAL,,118,"$36,017.71 ","$28,388.81 "
21360,80'S,,8,$474.14 ,$379.31 
,OTHER,,140,"$52,934.83 ","$41,792.54 "
,TOTAL,,148,"$53,408.97 ","$42,171.85 "
21365,AS,,5,$641.13 ,$491.53 
,80'S,,28,"$4,304.44 ","$3,443.55 "
,OTHER,,550,"$523,355.26 ","$414,992.17 "
,TOTAL,,583,"$528,300.83 ","$418,927.25 "
21366,OTHER,,9,"$10,193.05 ","$8,154.44 "
,TOTAL,,9,"$10,193.05 ","$8,154.44 "
21385,80'S,,2,$223.85 ,$179.08 
,OTHER,,42,"$26,220.46 ","$20,487.57 "
,TOTAL,,44,"$26,444.31 ","$20,666.65 "
21386,80'S,,6,$583.02 ,$466.41 
,OTHER,,90,"$46,329.33 ","$36,912.22 "
,TOTAL,,96,"$46,912.35 ","$37,378.63 "
21387,80'S,,4,$414.67 ,$331.73 
,OTHER,,41,"$23,126.24 ","$18,500.98 "
,TOTAL,,45,"$23,540.91 ","$18,832.71 "
21390,AS,,9,$920.75 ,$720.36 
,80'S,,55,"$6,109.24 ","$4,878.74 "
,OTHER,,644,"$401,863.12 ","$319,088.34 "
,TOTAL,,708,"$408,893.11 ","$324,687.44 "
21395,80'S,,1,$142.77 ,$114.22 
,OTHER,,20,"$14,022.94 ","$10,611.34 "
,TOTAL,,21,"$14,165.71 ","$10,725.56 "
21400,OTHER,,127,"$13,158.28 ","$10,375.41 "
,TOTAL,,127,"$13,158.28 ","$10,375.41 "
21401,OTHER,,5,"$1,467.88 ","$1,174.30 "
,TOTAL,,5,"$1,467.88 ","$1,174.30 "
21406,AS,,1,$35.50 ,$28.40 
,80'S,,3,$126.80 ,$101.45 
,OTHER,,68,"$22,456.07 ","$17,312.83 "
,TOTAL,,72,"$22,618.37 ","$17,442.68 "
21407,AS,,1,$96.77 ,$77.42 
,80'S,,10,$573.85 ,$459.09 
,OTHER,,168,"$67,827.14 ","$53,483.29 "
,TOTAL,,179,"$68,497.76 ","$54,019.80 "
21408,80'S,,5,$420.46 ,$336.37 
,OTHER,,13,"$8,956.68 ","$6,547.02 "
,TOTAL,,18,"$9,377.14 ","$6,883.39 "
21421,80'S,,1,$76.39 ,$61.11 
,OTHER,,39,"$18,568.85 ","$14,755.90 "
,TOTAL,,40,"$18,645.24 ","$14,817.01 "
21422,80'S,,16,"$1,292.94 ","$1,034.35 "
,OTHER,,110,"$55,884.28 ","$44,707.37 "
,TOTAL,,126,"$57,177.22 ","$45,741.72 "
21423,80'S,,8,$593.98 ,$475.20 
,OTHER,,70,"$40,626.22 ","$32,107.68 "
,TOTAL,,78,"$41,220.20 ","$32,582.88 "
21431,OTHER,,3,"$1,386.49 ","$1,109.19 "
,TOTAL,,3,"$1,386.49 ","$1,109.19 "
21432,80'S,,1,$71.35 ,$57.08 
,OTHER,,12,"$5,695.34 ","$4,358.68 "
,TOTAL,,13,"$5,766.69 ","$4,415.76 "
21433,AS,,1,$211.23 ,$168.98 
,80'S,,2,$557.15 ,$346.52 
,OTHER,,16,"$25,055.77 ","$20,044.61 "
,TOTAL,,19,"$25,824.15 ","$20,560.11 "
21435,OTHER,,11,"$11,317.55 ","$9,054.05 "
,TOTAL,,11,"$11,317.55 ","$9,054.05 "
21436,80'S,,1,$301.36 ,$241.09 
,OTHER,,3,"$5,492.32 ","$4,393.86 "
,TOTAL,,4,"$5,793.68 ","$4,634.95 "
21440,OTHER,,117,"$37,626.88 ","$29,286.56 "
,TOTAL,,117,"$37,626.88 ","$29,286.56 "
21445,AS,,2,$152.21 ,$121.76 
,OTHER,,83,"$37,848.69 ","$30,223.68 "
,TOTAL,,85,"$38,000.90 ","$30,345.44 "
21450,OTHER,,123,"$42,173.22 ","$33,147.93 "
,TOTAL,,123,"$42,173.22 ","$33,147.93 "
21451,SG,,1,$626.85 ,$147.80 
,80'S,,1,$46.67 ,$37.34 
,OTHER,,83,"$36,135.56 ","$28,277.28 "
,TOTAL,,85,"$36,809.08 ","$28,462.42 "
21452,OTHER,,12,"$2,555.43 ","$2,044.34 "
,TOTAL,,12,"$2,555.43 ","$2,044.34 "
21453,SG,,2,$973.01 ,$778.41 
,80'S,,4,$383.74 ,$306.99 
,OTHER,,360,"$207,654.79 ","$164,347.01 "
,TOTAL,,366,"$209,011.54 ","$165,432.41 "
21454,80'S,,2,$152.41 ,$121.93 
,OTHER,,39,"$16,772.65 ","$13,366.92 "
,TOTAL,,41,"$16,925.06 ","$13,488.85 "
21461,AS,,2,$163.37 ,$130.70 
,80'S,,8,"$1,120.36 ",$896.28 
,OTHER,,278,"$189,130.41 ","$150,917.59 "
,TOTAL,,288,"$190,414.14 ","$151,944.57 "
21462,AS,,1,$114.35 ,$91.48 
,SG,,6,"$4,322.41 ","$3,457.94 "
,80'S,,19,"$2,735.37 ","$2,188.29 "
,OTHER,,303,"$255,788.62 ","$203,318.15 "
,TOTAL,,329,"$262,960.75 ","$209,055.86 "
21465,SG,,1,$662.38 ,$529.90 
,80'S,,1,$140.86 ,$112.69 
,OTHER,,39,"$27,724.22 ","$22,147.62 "
,TOTAL,,41,"$28,527.46 ","$22,790.21 "
21470,AS,,1,$142.56 ,$114.05 
,80'S,,24,"$4,080.14 ","$3,264.13 "
,OTHER,,459,"$466,985.96 ","$370,650.18 "
,TOTAL,,484,"$471,208.66 ","$374,028.36 "
21480,SG,,1,$326.16 ,$260.93 
,OTHER,,"1,206","$53,145.56 ","$40,480.32 "
,TOTAL,,"1,207","$53,471.72 ","$40,741.25 "
21485,OTHER,,448,"$154,965.29 ","$122,243.14 "
,TOTAL,,448,"$154,965.29 ","$122,243.14 "
21490,SG,,2,"$1,014.90 ",$811.92 
,OTHER,,14,"$11,298.11 ","$9,038.49 "
,TOTAL,,16,"$12,313.01 ","$9,850.41 "
21495,OTHER,,2,"$1,181.83 ",$945.46 
,TOTAL,,2,"$1,181.83 ",$945.46 
21497,80'S,,1,$34.62 ,$27.70 
,OTHER,,21,"$7,592.19 ","$6,073.76 "
,TOTAL,,22,"$7,626.81 ","$6,101.46 "
21499,AS,,1,$59.27 ,$47.42 
,80'S,,1,$291.82 ,$233.46 
,OTHER,,160,"$71,775.55 ","$57,362.26 "
,TOTAL,,162,"$72,126.64 ","$57,643.14 "
21501,SG,,64,"$26,574.97 ","$21,191.18 "
,OTHER,,"3,650","$1,002,092.02 ","$790,834.16 "
,TOTAL,,"3,714","$1,028,666.99 ","$812,025.34 "
21502,AS,,2,$140.12 ,$112.10 
,SG,,1,$466.99 ,$373.59 
,80'S,,3,$242.40 ,$193.92 
,OTHER,,39,"$17,176.01 ","$13,631.71 "
,TOTAL,,45,"$18,025.52 ","$14,311.32 "
21510,AS,,1,$62.12 ,$49.70 
,80'S,,1,$34.20 ,$27.36 
,OTHER,,83,"$28,258.41 ","$22,353.24 "
,TOTAL,,85,"$28,354.73 ","$22,430.30 "
21550,OTHER,,"3,652","$621,360.29 ","$485,891.44 "
,TOTAL,,"3,652","$621,360.29 ","$485,891.44 "
21555,AS,,1,$48.27 ,$38.62 
,SG,,"1,585","$623,276.36 ","$492,219.87 "
,OTHER,,"8,429","$2,466,530.86 ","$1,931,170.99 "
,TOTAL,,"10,015","$3,089,855.49 ","$2,423,429.48 "
21556,AS,,1,$61.32 ,$49.06 
,SG,,"1,071","$437,293.39 ","$344,448.63 "
,OTHER,,"5,768","$2,055,380.20 ","$1,619,517.64 "
,TOTAL,,"6,840","$2,492,734.91 ","$1,964,015.33 "
21557,AS,,42,"$2,877.87 ","$2,302.33 "
,80'S,,130,"$10,429.61 ","$8,343.60 "
,OTHER,,"1,810","$866,996.81 ","$686,214.50 "
,TOTAL,,"1,982","$880,304.29 ","$696,860.43 "
21600,AS,,42,"$1,845.04 ","$1,476.05 "
,SG,,3,$850.64 ,$535.37 
,80'S,,186,"$8,262.29 ","$6,569.04 "
,OTHER,,"1,076","$326,956.86 ","$258,741.02 "
,TOTAL,,"1,307","$337,914.83 ","$267,321.48 "
21610,AS,,2,$218.12 ,$174.50 
,80'S,,3,$238.81 ,$191.05 
,OTHER,,40,"$21,477.80 ","$16,732.78 "
,TOTAL,,45,"$21,934.73 ","$17,098.33 "
21615,AS,,9,$594.71 ,$475.79 
,80'S,,20,"$1,583.92 ","$1,267.15 "
,OTHER,,96,"$44,370.39 ","$35,266.75 "
,TOTAL,,125,"$46,549.02 ","$37,009.69 "
21616,AS,,1,$104.22 ,$83.38 
,OTHER,,2,"$1,181.20 ",$944.96 
,TOTAL,,3,"$1,285.42 ","$1,028.34 "
21620,AS,,38,"$1,864.14 ","$1,491.27 "
,80'S,,36,"$1,946.97 ","$1,497.08 "
,OTHER,,398,"$141,281.73 ","$111,578.24 "
,TOTAL,,472,"$145,092.84 ","$114,566.59 "
21627,AS,,333,"$21,255.39 ","$16,837.32 "
,80'S,,185,"$12,435.75 ","$9,899.72 "
,OTHER,,"2,963","$1,196,345.22 ","$952,452.63 "
,TOTAL,,"3,481","$1,230,036.36 ","$979,189.67 "
21630,AS,,30,"$4,224.82 ","$3,250.52 "
,80'S,,31,"$5,224.22 ","$4,179.35 "
,OTHER,,344,"$277,094.96 ","$219,714.96 "
,TOTAL,,405,"$286,544.00 ","$227,144.83 "
21632,AS,,28,"$2,400.42 ","$1,920.35 "
,80'S,,13,"$1,394.02 ","$1,115.25 "
,OTHER,,70,"$49,182.28 ","$39,246.63 "
,TOTAL,,111,"$52,976.72 ","$42,282.23 "
21685,80'S,,6,$574.15 ,$459.31 
,OTHER,,114,"$86,018.21 ","$66,896.37 "
,TOTAL,,120,"$86,592.36 ","$67,355.68 "
21700,AS,,7,$202.57 ,$162.07 
,80'S,,10,$430.60 ,$344.46 
,OTHER,,152,"$20,235.17 ","$15,092.49 "
,TOTAL,,169,"$20,868.34 ","$15,599.02 "
21705,AS,,1,$81.46 ,$65.17 
,80'S,,12,$597.24 ,$477.84 
,OTHER,,37,"$19,156.23 ","$13,824.29 "
,TOTAL,,50,"$19,834.93 ","$14,367.30 "
21720,AS,,1,$47.60 ,$38.08 
,SG,,1,$512.18 ,$409.74 
,80'S,,1,$29.19 ,$23.35 
,OTHER,,14,"$3,280.21 ","$2,624.17 "
,TOTAL,,17,"$3,869.18 ","$3,095.34 "
21725,OTHER,,2,$646.04 ,$516.83 
,TOTAL,,2,$646.04 ,$516.83 
21740,AS,,6,$625.99 ,$500.79 
,80'S,,6,$728.24 ,$582.60 
,OTHER,,26,"$21,224.34 ","$16,979.47 "
,TOTAL,,38,"$22,578.57 ","$18,062.86 "
21742,OTHER,,1,$832.48 ,$665.98 
,TOTAL,,1,$832.48 ,$665.98 
21743,OTHER,,1,"$1,035.28 ",$828.22 
,TOTAL,,1,"$1,035.28 ",$828.22 
21750,AS,,373,"$32,528.39 ","$25,746.80 "
,80'S,,151,"$13,910.90 ","$11,063.41 "
,OTHER,,"2,029","$1,092,411.32 ","$864,761.55 "
,TOTAL,,"2,553","$1,138,850.61 ","$901,571.76 "
21800,OTHER,,"20,223","$1,376,642.22 ","$1,063,109.25 "
,TOTAL,,"20,223","$1,376,642.22 ","$1,063,109.25 "
21805,AS,,1,$15.46 ,$12.37 
,OTHER,,32,"$4,382.94 ","$3,465.14 "
,TOTAL,,33,"$4,398.40 ","$3,477.51 "
21810,AS,,2,$93.28 ,$74.62 
,OTHER,,25,"$8,832.56 ","$7,066.05 "
,TOTAL,,27,"$8,925.84 ","$7,140.67 "
21820,OTHER,,160,"$16,175.56 ","$12,358.49 "
,TOTAL,,160,"$16,175.56 ","$12,358.49 "
21825,AS,,34,"$1,726.94 ","$1,381.52 "
,80'S,,46,"$2,556.82 ","$2,040.68 "
,OTHER,,265,"$93,419.82 ","$73,898.60 "
,TOTAL,,345,"$97,703.58 ","$77,320.80 "
21899,AS,,1,$30.87 ,$24.70 
,80'S,,6,$407.24 ,$325.80 
,OTHER,,138,"$58,197.61 ","$46,516.98 "
,TOTAL,,145,"$58,635.72 ","$46,867.48 "
21920,OTHER,,"1,996","$352,371.90 ","$274,230.55 "
,TOTAL,,"1,996","$352,371.90 ","$274,230.55 "
21925,SG,,60,"$24,640.00 ","$19,392.13 "
,OTHER,,742,"$210,543.11 ","$165,836.33 "
,TOTAL,,802,"$235,183.11 ","$185,228.46 "
21930,AS,,2,$107.88 ,$86.30 
,SG,,"1,715","$676,864.77 ","$529,876.80 "
,OTHER,,"8,914","$2,931,463.12 ","$2,297,089.91 "
,TOTAL,,"10,631","$3,608,435.77 ","$2,827,053.01 "
21935,SG,,167,"$70,300.44 ","$55,552.68 "
,80'S,,1,$160.39 ,$128.31 
,OTHER,,"1,434","$1,581,120.86 ","$1,257,107.29 "
,TOTAL,,"1,602","$1,651,581.69 ","$1,312,788.28 "
22010,AS,,2,$165.44 ,$132.35 
,80'S,,2,$201.39 ,$161.11 
,OTHER,,297,"$183,693.20 ","$146,855.29 "
,TOTAL,,301,"$184,060.03 ","$147,148.75 "
22015,AS,,1,$102.47 ,$81.98 
,80'S,,1,$129.08 ,$103.26 
,OTHER,,"1,188","$727,443.42 ","$575,132.37 "
,TOTAL,,"1,190","$727,674.97 ","$575,317.61 "
22100,AS,,26,"$1,703.68 ","$1,362.99 "
,80'S,,36,"$2,683.30 ","$2,089.12 "
,OTHER,,109,"$53,105.58 ","$42,126.72 "
,TOTAL,,171,"$57,492.56 ","$45,578.83 "
22101,AS,,9,$743.95 ,$595.16 
,80'S,,6,$369.11 ,$295.29 
,OTHER,,67,"$35,983.34 ","$28,687.47 "
,TOTAL,,82,"$37,096.40 ","$29,577.92 "
22102,AS,,541,"$48,789.02 ","$38,907.49 "
,80'S,,234,"$27,277.57 ","$21,638.63 "
,OTHER,,"1,958","$1,334,892.69 ","$1,061,748.19 "
,TOTAL,,"2,733","$1,410,959.28 ","$1,122,294.31 "
22103,AS,,225,"$4,558.27 ","$3,628.17 "
,80'S,,157,"$3,937.54 ","$3,111.16 "
,OTHER,,"1,127","$171,046.51 ","$136,024.34 "
,TOTAL,,"1,509","$179,542.32 ","$142,763.67 "
22110,AS,,17,"$1,843.66 ","$1,474.92 "
,80'S,,10,"$1,197.28 ",$957.82 
,OTHER,,99,"$66,847.10 ","$53,016.15 "
,TOTAL,,126,"$69,888.04 ","$55,448.89 "
22112,AS,,3,$180.62 ,$144.50 
,80'S,,5,$594.05 ,$475.24 
,OTHER,,28,"$16,549.49 ","$12,949.10 "
,TOTAL,,36,"$17,324.16 ","$13,568.84 "
22114,AS,,26,"$1,875.01 ","$1,500.07 "
,80'S,,23,"$1,826.78 ","$1,461.43 "
,OTHER,,105,"$63,814.09 ","$49,421.90 "
,TOTAL,,154,"$67,515.88 ","$52,383.40 "
22116,AS,,23,$468.69 ,$374.98 
,80'S,,10,$218.02 ,$174.43 
,OTHER,,120,"$17,081.51 ","$13,654.02 "
,TOTAL,,153,"$17,768.22 ","$14,203.43 "
22210,AS,,22,"$4,594.66 ","$3,560.73 "
,80'S,,30,"$7,718.19 ","$5,935.42 "
,OTHER,,106,"$159,932.96 ","$124,937.58 "
,TOTAL,,158,"$172,245.81 ","$134,433.73 "
22212,AS,,42,"$5,270.31 ","$4,216.26 "
,80'S,,64,"$9,768.61 ","$7,814.86 "
,OTHER,,252,"$232,427.93 ","$181,825.47 "
,TOTAL,,358,"$247,466.85 ","$193,856.59 "
22214,AS,,372,"$41,412.06 ","$32,910.81 "
,80'S,,378,"$48,393.58 ","$38,418.51 "
,OTHER,,"1,369","$1,131,425.25 ","$893,188.17 "
,TOTAL,,"2,119","$1,221,230.89 ","$964,517.49 "
22216,AS,,495,"$26,702.64 ","$21,209.87 "
,80'S,,523,"$33,927.77 ","$26,893.46 "
,OTHER,,"1,870","$744,121.78 ","$584,372.14 "
,TOTAL,,"2,888","$804,752.19 ","$632,475.47 "
22220,AS,,29,"$4,399.20 ","$3,519.38 "
,80'S,,22,"$4,151.24 ","$3,321.00 "
,OTHER,,117,"$142,113.72 ","$112,400.71 "
,TOTAL,,168,"$150,664.16 ","$119,241.09 "
22222,AS,,2,$386.88 ,$309.51 
,80'S,,6,$839.66 ,$671.73 
,OTHER,,133,"$26,401.69 ","$21,060.82 "
,TOTAL,,141,"$27,628.23 ","$22,042.06 "
22224,AS,,38,"$6,847.32 ","$5,477.88 "
,80'S,,28,"$5,730.01 ","$4,527.41 "
,OTHER,,233,"$281,551.96 ","$219,868.08 "
,TOTAL,,299,"$294,129.29 ","$229,873.37 "
22226,AS,,39,"$2,030.53 ","$1,624.47 "
,80'S,,48,"$3,171.94 ","$2,537.56 "
,OTHER,,233,"$88,300.67 ","$70,271.07 "
,TOTAL,,320,"$93,503.14 ","$74,433.10 "
22305,OTHER,,"2,966","$475,846.81 ","$371,319.02 "
,TOTAL,,"2,966","$475,846.81 ","$371,319.02 "
22310,OTHER,,"9,623","$1,965,463.74 ","$1,547,739.54 "
,TOTAL,,"9,623","$1,965,463.74 ","$1,547,739.54 "
22315,OTHER,,663,"$420,949.06 ","$335,892.75 "
,TOTAL,,663,"$420,949.06 ","$335,892.75 "
22318,AS,,114,"$22,732.13 ","$18,185.62 "
,80'S,,123,"$29,316.12 ","$23,164.87 "
,OTHER,,564,"$804,011.28 ","$641,029.36 "
,TOTAL,,801,"$856,059.53 ","$682,379.85 "
22319,AS,,6,"$1,067.87 ",$854.29 
,80'S,,4,"$1,147.54 ",$918.03 
,OTHER,,19,"$29,944.45 ","$23,955.58 "
,TOTAL,,29,"$32,159.86 ","$25,727.90 "
22325,AS,,393,"$40,753.19 ","$32,385.18 "
,80'S,,316,"$38,370.83 ","$30,597.15 "
,OTHER,,"1,595","$1,292,977.60 ","$1,026,740.64 "
,TOTAL,,"2,304","$1,372,101.62 ","$1,089,722.97 "
22326,AS,,150,"$24,190.67 ","$19,343.06 "
,80'S,,168,"$33,774.13 ","$26,857.17 "
,OTHER,,899,"$1,069,406.27 ","$847,750.15 "
,TOTAL,,"1,217","$1,127,371.07 ","$893,950.38 "
22327,AS,,121,"$17,902.83 ","$14,308.20 "
,80'S,,132,"$22,579.87 ","$17,861.65 "
,OTHER,,665,"$735,844.72 ","$587,930.61 "
,TOTAL,,918,"$776,327.42 ","$620,100.46 "
22328,AS,,170,"$6,625.82 ","$5,276.93 "
,80'S,,159,"$7,312.13 ","$5,849.59 "
,OTHER,,703,"$200,957.94 ","$159,490.91 "
,TOTAL,,"1,032","$214,895.89 ","$170,617.43 "
22505,SG,,97,"$38,842.92 ","$29,501.92 "
,OTHER,,586,"$43,326.67 ","$34,252.33 "
,TOTAL,,683,"$82,169.59 ","$63,754.25 "
22520,OTHER,,"14,696","$11,385,494.79 ","$9,074,004.53 "
,TOTAL,,"14,696","$11,385,494.79 ","$9,074,004.53 "
22521,OTHER,,"14,503","$10,621,807.02 ","$8,460,279.71 "
,TOTAL,,"14,503","$10,621,807.02 ","$8,460,279.71 "
22522,OTHER,,"7,246","$1,824,921.64 ","$1,457,425.17 "
,TOTAL,,"7,246","$1,824,921.64 ","$1,457,425.17 "
22523,OTHER,,"20,896","$12,653,916.90 ","$10,089,865.88 "
,TOTAL,,"20,896","$12,653,916.90 ","$10,089,865.88 "
22524,AS,,3,$210.35 ,$168.28 
,80'S,,2,$374.81 ,$299.85 
,OTHER,,"21,940","$11,999,211.70 ","$9,571,492.53 "
,TOTAL,,"21,945","$11,999,796.86 ","$9,571,960.66 "
22525,OTHER,,"11,487","$3,240,575.58 ","$2,585,913.83 "
,TOTAL,,"11,487","$3,240,575.58 ","$2,585,913.83 "
22532,AS,,15,"$2,622.82 ","$2,098.25 "
,80'S,,18,"$3,197.00 ","$2,557.63 "
,OTHER,,103,"$96,710.69 ","$75,827.66 "
,TOTAL,,136,"$102,530.51 ","$80,483.54 "
22533,AS,,231,"$39,361.56 ","$31,428.14 "
,80'S,,157,"$30,431.91 ","$24,163.76 "
,OTHER,,651,"$778,828.79 ","$616,084.62 "
,TOTAL,,"1,039","$848,622.26 ","$671,676.52 "
22534,AS,,146,"$7,800.05 ","$6,240.08 "
,80'S,,117,"$6,823.08 ","$5,415.09 "
,OTHER,,475,"$177,632.01 ","$141,800.88 "
,TOTAL,,738,"$192,255.14 ","$153,456.05 "
22548,AS,,12,"$2,770.86 ","$2,216.70 "
,80'S,,15,"$4,417.00 ","$3,533.60 "
,OTHER,,72,"$116,392.01 ","$93,014.38 "
,TOTAL,,99,"$123,579.87 ","$98,764.68 "
22554,AS,,"8,630","$794,770.14 ","$630,598.60 "
,80'S,,"4,488","$513,436.12 ","$405,014.94 "
,OTHER,,"28,080","$19,312,255.19 ","$15,212,665.43 "
,TOTAL,,"41,198","$20,620,461.45 ","$16,248,278.97 "
22556,AS,,98,"$15,718.91 ","$12,483.16 "
,80'S,,135,"$25,869.56 ","$20,643.13 "
,OTHER,,905,"$950,991.20 ","$755,348.44 "
,TOTAL,,"1,138","$992,579.67 ","$788,474.73 "
22558,AS,,662,"$96,564.80 ","$76,317.47 "
,80'S,,574,"$102,901.44 ","$81,485.50 "
,OTHER,,"6,762","$5,691,670.65 ","$4,482,390.61 "
,TOTAL,,"7,998","$5,891,136.89 ","$4,640,193.58 "
22585,AS,,"7,651","$367,745.35 ","$292,028.53 "
,80'S,,"3,920","$221,197.45 ","$174,970.08 "
,OTHER,,"27,257","$9,220,618.50 ","$7,279,435.42 "
,TOTAL,,"38,828","$9,809,561.30 ","$7,746,434.03 "
22590,AS,,97,"$17,326.72 ","$13,841.43 "
,80'S,,121,"$26,094.31 ","$20,761.02 "
,OTHER,,648,"$833,950.18 ","$662,779.20 "
,TOTAL,,866,"$877,371.21 ","$697,381.65 "
22595,AS,,196,"$32,106.97 ","$25,501.21 "
,80'S,,217,"$39,469.19 ","$31,522.79 "
,OTHER,,"1,183","$1,296,533.92 ","$1,029,100.86 "
,TOTAL,,"1,596","$1,368,110.08 ","$1,086,124.86 "
22600,AS,,"1,492","$186,903.76 ","$148,574.99 "
,80'S,,"1,179","$170,028.22 ","$134,187.68 "
,OTHER,,"6,473","$5,608,751.67 ","$4,435,757.48 "
,TOTAL,,"9,144","$5,965,683.65 ","$4,718,520.15 "
22610,AS,,592,"$63,375.30 ","$50,655.44 "
,80'S,,590,"$73,717.96 ","$58,483.87 "
,OTHER,,"2,945","$2,242,411.41 ","$1,780,501.44 "
,TOTAL,,"4,127","$2,379,504.67 ","$1,889,640.75 "
22612,AS,,"17,577","$3,367,398.74 ","$2,676,275.00 "
,80'S,,"10,281","$2,339,355.99 ","$1,851,759.06 "
,OTHER,,"51,140","$71,797,983.92 ","$56,813,086.09 "
,TOTAL,,"78,998","$77,504,738.65 ","$61,341,120.15 "
22614,AS,,"21,479","$1,168,506.97 ","$931,078.14 "
,80'S,,"14,076","$939,391.03 ","$744,951.49 "
,OTHER,,"74,211","$30,369,247.52 ","$24,097,441.13 "
,TOTAL,,"109,766","$32,477,145.52 ","$25,773,470.76 "
22630,AS,,"6,855","$801,414.70 ","$637,761.39 "
,80'S,,"3,783","$542,799.41 ","$428,882.32 "
,OTHER,,"19,138","$16,735,403.69 ","$13,221,757.41 "
,TOTAL,,"29,776","$18,079,617.80 ","$14,288,401.12 "
22632,AS,,"2,559","$115,779.48 ","$92,294.67 "
,80'S,,"1,514","$81,736.26 ","$64,547.47 "
,OTHER,,"7,172","$2,386,846.58 ","$1,889,361.01 "
,TOTAL,,"11,245","$2,584,362.32 ","$2,046,203.15 "
22800,AS,,149,"$20,103.74 ","$16,031.25 "
,80'S,,149,"$20,756.50 ","$16,498.75 "
,OTHER,,563,"$518,009.31 ","$409,264.56 "
,TOTAL,,861,"$558,869.55 ","$441,794.56 "
22802,AS,,138,"$38,619.14 ","$30,869.14 "
,80'S,,217,"$72,333.62 ","$57,770.04 "
,OTHER,,652,"$1,314,383.78 ","$1,041,002.41 "
,TOTAL,,"1,007","$1,425,336.54 ","$1,129,641.59 "
22804,AS,,27,"$8,992.18 ","$7,133.27 "
,80'S,,53,"$21,110.16 ","$16,888.13 "
,OTHER,,222,"$533,785.16 ","$421,613.14 "
,TOTAL,,302,"$563,887.50 ","$445,634.54 "
22808,AS,,24,"$5,127.02 ","$4,101.62 "
,80'S,,41,"$9,419.42 ","$7,535.51 "
,OTHER,,239,"$352,381.71 ","$281,868.53 "
,TOTAL,,304,"$366,928.15 ","$293,505.66 "
22810,AS,,19,"$4,755.92 ","$3,804.72 "
,80'S,,23,"$6,692.21 ","$5,353.77 "
,OTHER,,155,"$224,819.93 ","$179,855.93 "
,TOTAL,,197,"$236,268.06 ","$189,014.42 "
22812,AS,,8,"$2,183.03 ","$1,746.42 "
,80'S,,6,"$2,185.84 ","$1,703.19 "
,OTHER,,30,"$48,619.35 ","$38,895.51 "
,TOTAL,,44,"$52,988.22 ","$42,345.12 "
22818,AS,,11,"$3,064.88 ","$2,256.04 "
,80'S,,9,"$2,950.28 ","$2,360.25 "
,OTHER,,70,"$137,264.93 ","$108,058.63 "
,TOTAL,,90,"$143,280.09 ","$112,674.92 "
22819,AS,,1,$326.25 ,$261.00 
,80'S,,1,$363.88 ,$291.10 
,OTHER,,13,"$26,543.63 ","$21,234.90 "
,TOTAL,,15,"$27,233.76 ","$21,787.00 "
22830,AS,,"1,211","$75,968.56 ","$60,349.97 "
,80'S,,729,"$54,864.08 ","$43,280.44 "
,OTHER,,"4,221","$1,953,692.15 ","$1,542,899.29 "
,TOTAL,,"6,161","$2,084,524.79 ","$1,646,529.70 "
22840,AS,,"7,116","$772,120.80 ","$614,190.66 "
,80'S,,"3,867","$495,141.20 ","$391,396.88 "
,OTHER,,"20,097","$16,174,378.45 ","$12,795,798.89 "
,TOTAL,,"31,080","$17,441,640.45 ","$13,801,386.43 "
22842,AS,,"9,909","$1,089,785.17 ","$867,833.10 "
,80'S,,"6,783","$883,191.64 ","$699,256.96 "
,OTHER,,"32,222","$26,186,661.91 ","$20,740,260.60 "
,TOTAL,,"48,914","$28,159,638.72 ","$22,307,350.66 "
22843,AS,,556,"$64,010.76 ","$50,845.18 "
,80'S,,649,"$89,548.30 ","$71,048.03 "
,OTHER,,"2,661","$2,289,330.80 ","$1,816,095.22 "
,TOTAL,,"3,866","$2,442,889.86 ","$1,937,988.43 "
22844,AS,,50,"$7,066.77 ","$5,640.55 "
,80'S,,84,"$14,524.41 ","$11,619.47 "
,OTHER,,361,"$382,653.77 ","$303,534.27 "
,TOTAL,,495,"$404,244.95 ","$320,794.29 "
22845,AS,,"7,002","$728,352.85 ","$577,823.13 "
,80'S,,"3,991","$489,717.52 ","$386,577.53 "
,OTHER,,"23,774","$18,237,792.70 ","$14,343,886.14 "
,TOTAL,,"34,767","$19,455,863.07 ","$15,308,286.80 "
22846,AS,,"1,591","$173,512.64 ","$137,641.79 "
,80'S,,782,"$100,369.47 ","$79,309.02 "
,OTHER,,"4,681","$3,750,714.10 ","$2,962,088.12 "
,TOTAL,,"7,054","$4,024,596.21 ","$3,179,038.93 "
22847,AS,,19,"$2,296.71 ","$1,837.37 "
,80'S,,8,"$1,100.62 ",$880.48 
,OTHER,,81,"$72,288.12 ","$57,830.48 "
,TOTAL,,108,"$75,685.45 ","$60,548.33 "
22848,AS,,157,"$8,302.13 ","$6,618.72 "
,80'S,,201,"$12,755.49 ","$10,128.65 "
,OTHER,,786,"$306,288.20 ","$244,338.24 "
,TOTAL,,"1,144","$327,345.82 ","$261,085.61 "
22849,AS,,609,"$62,995.79 ","$50,163.24 "
,80'S,,387,"$47,438.62 ","$37,273.31 "
,OTHER,,"2,003","$1,517,209.67 ","$1,197,984.66 "
,TOTAL,,"2,999","$1,627,644.08 ","$1,285,421.21 "
22850,AS,,695,"$38,209.04 ","$30,359.30 "
,80'S,,365,"$23,426.12 ","$18,657.01 "
,OTHER,,"1,944","$789,852.59 ","$624,563.24 "
,TOTAL,,"3,004","$851,487.75 ","$673,579.55 "
22851,AS,,"17,684","$1,028,008.45 ","$817,091.88 "
,80'S,,"9,975","$680,899.61 ","$537,237.41 "
,OTHER,,"51,002","$21,760,926.92 ","$17,181,934.80 "
,TOTAL,,"78,661","$23,469,834.98 ","$18,536,264.09 "
22852,AS,,"1,565","$84,897.03 ","$67,400.46 "
,80'S,,931,"$58,310.35 ","$45,840.38 "
,OTHER,,"5,361","$2,119,888.63 ","$1,668,089.90 "
,TOTAL,,"7,857","$2,263,096.01 ","$1,781,330.74 "
22855,AS,,560,"$45,484.64 ","$36,076.28 "
,80'S,,324,"$31,854.32 ","$25,116.15 "
,OTHER,,"1,985","$1,182,651.68 ","$925,097.06 "
,TOTAL,,"2,869","$1,259,990.64 ","$986,289.49 "
22899,AS,,240,"$39,414.04 ","$31,531.20 "
,80'S,,171,"$31,073.64 ","$24,574.68 "
,OTHER,,"2,246","$1,424,729.41 ","$1,137,856.42 "
,TOTAL,,"2,657","$1,495,217.09 ","$1,193,962.30 "
22900,AS,,80,"$3,011.97 ","$2,373.98 "
,SG,,297,"$169,433.14 ","$133,891.43 "
,80'S,,165,"$6,303.78 ","$4,973.91 "
,OTHER,,"2,963","$873,405.49 ","$688,710.72 "
,TOTAL,,"3,505","$1,052,154.38 ","$829,950.04 "
22999,AS,,7,$548.00 ,$438.39 
,80'S,,10,$666.12 ,$532.90 
,OTHER,,342,"$125,769.22 ","$100,005.63 "
,TOTAL,,359,"$126,983.34 ","$100,976.92 "
23000,AS,,13,$404.44 ,$323.57 
,SG,,21,"$5,453.63 ","$4,209.86 "
,80'S,,15,$522.66 ,$418.12 
,OTHER,,141,"$29,260.02 ","$22,951.91 "
,TOTAL,,190,"$35,640.75 ","$27,903.46 "
23020,AS,,52,"$2,869.05 ","$2,233.72 "
,SG,,41,"$9,790.00 ","$7,325.20 "
,80'S,,60,"$3,614.56 ","$2,891.53 "
,OTHER,,337,"$133,433.58 ","$105,032.59 "
,TOTAL,,490,"$149,707.19 ","$117,483.04 "
23030,AS,,1,$17.35 ,$13.88 
,SG,,33,"$9,869.43 ","$7,772.01 "
,OTHER,,"1,304","$306,131.37 ","$242,121.86 "
,TOTAL,,"1,338","$316,018.15 ","$249,907.75 "
23031,SG,,8,"$3,013.01 ","$2,410.41 "
,80'S,,1,$16.25 ,$13.00 
,OTHER,,190,"$32,407.76 ","$25,174.20 "
,TOTAL,,199,"$35,437.02 ","$27,597.61 "
23035,AS,,12,$978.04 ,$782.43 
,SG,,1,$247.12 ,$197.70 
,80'S,,8,$512.12 ,$409.70 
,OTHER,,119,"$69,480.62 ","$55,584.52 "
,TOTAL,,140,"$71,217.90 ","$56,974.35 "
23040,AS,,76,"$6,665.63 ","$5,332.47 "
,SG,,13,"$5,609.98 ","$4,232.51 "
,80'S,,33,"$3,417.65 ","$2,734.10 "
,OTHER,,688,"$418,702.92 ","$334,071.28 "
,TOTAL,,810,"$434,396.18 ","$346,370.36 "
23044,SG,,12,"$6,609.00 ","$5,287.20 "
,OTHER,,214,"$88,364.14 ","$70,592.19 "
,TOTAL,,226,"$94,973.14 ","$75,879.39 "
23065,OTHER,,462,"$70,819.13 ","$54,857.42 "
,TOTAL,,462,"$70,819.13 ","$54,857.42 "
23066,SG,,25,"$8,645.68 ","$6,817.33 "
,OTHER,,340,"$96,098.00 ","$76,512.80 "
,TOTAL,,365,"$104,743.68 ","$83,330.13 "
23075,SG,,443,"$169,968.75 ","$134,408.90 "
,OTHER,,"2,206","$344,423.45 ","$267,957.18 "
,TOTAL,,"2,649","$514,392.20 ","$402,366.08 "
23076,AS,,2,$69.47 ,$55.58 
,SG,,378,"$150,948.93 ","$118,309.22 "
,OTHER,,"1,952","$944,802.76 ","$746,554.40 "
,TOTAL,,"2,332","$1,095,821.16 ","$864,919.20 "
23077,AS,,17,"$2,516.58 ","$2,013.28 "
,SG,,64,"$26,419.18 ","$21,135.36 "
,80'S,,21,"$3,368.46 ","$2,694.77 "
,OTHER,,594,"$610,712.86 ","$485,593.52 "
,TOTAL,,696,"$643,017.08 ","$511,436.93 "
23100,AS,,3,$131.09 ,$104.88 
,SG,,2,$648.68 ,$518.95 
,80'S,,6,$265.72 ,$212.57 
,OTHER,,44,"$14,272.27 ","$11,281.83 "
,TOTAL,,55,"$15,317.76 ","$12,118.23 "
23101,SG,,25,"$20,544.24 ","$16,376.80 "
,OTHER,,252,"$70,043.81 ","$55,534.28 "
,TOTAL,,277,"$90,588.05 ","$71,911.08 "
23105,AS,,26,"$1,682.55 ","$1,346.01 "
,SG,,16,"$7,209.12 ","$5,607.39 "
,80'S,,48,"$2,954.32 ","$2,363.50 "
,OTHER,,283,"$120,007.04 ","$94,646.81 "
,TOTAL,,373,"$131,853.03 ","$103,963.71 "
23106,SG,,2,$988.40 ,$790.72 
,OTHER,,28,"$9,707.24 ","$7,765.81 "
,TOTAL,,30,"$10,695.64 ","$8,556.53 "
23107,AS,,31,"$1,775.03 ","$1,420.03 "
,SG,,15,"$6,139.29 ","$4,911.44 "
,80'S,,26,"$1,790.86 ","$1,432.68 "
,OTHER,,324,"$148,817.16 ","$117,108.15 "
,TOTAL,,396,"$158,522.34 ","$124,872.30 "
23120,AS,,"4,051","$167,258.65 ","$132,839.71 "
,SG,,"3,721","$1,695,490.53 ","$1,336,777.75 "
,80'S,,"1,039","$49,014.42 ","$38,747.38 "
,OTHER,,"18,091","$5,161,570.17 ","$4,069,942.00 "
,TOTAL,,"26,902","$7,073,333.77 ","$5,578,306.84 "
23125,AS,,6,$335.02 ,$268.01 
,SG,,9,"$4,243.53 ","$3,394.82 "
,80'S,,5,$336.04 ,$268.83 
,OTHER,,48,"$22,395.41 ","$17,430.49 "
,TOTAL,,68,"$27,310.00 ","$21,362.15 "
23130,AS,,4,$235.81 ,$188.64 
,SG,,"1,370","$663,429.31 ","$523,548.65 "
,OTHER,,"6,898","$2,826,352.10 ","$2,216,643.54 "
,TOTAL,,"8,272","$3,490,017.22 ","$2,740,380.83 "
23140,SG,,33,"$15,688.37 ","$12,392.12 "
,OTHER,,193,"$73,462.20 ","$58,520.93 "
,TOTAL,,226,"$89,150.57 ","$70,913.05 "
23145,AS,,1,$93.35 ,$74.68 
,SG,,1,$373.73 ,$298.98 
,OTHER,,3,"$2,076.71 ","$1,562.17 "
,TOTAL,,5,"$2,543.79 ","$1,935.83 "
23146,AS,,4,$166.96 ,$133.56 
,80'S,,1,$122.30 ,$97.84 
,OTHER,,16,"$6,687.41 ","$4,629.16 "
,TOTAL,,21,"$6,976.67 ","$4,860.56 "
23150,AS,,18,"$1,056.65 ",$741.06 
,SG,,21,"$10,352.64 ","$8,216.55 "
,80'S,,4,$251.16 ,$200.92 
,OTHER,,102,"$44,742.55 ","$35,262.61 "
,TOTAL,,145,"$56,403.00 ","$44,421.14 "
23155,AS,,1,$52.17 ,$41.74 
,SG,,2,$693.95 ,$555.16 
,80'S,,1,$55.80 ,$44.64 
,OTHER,,9,"$4,699.36 ","$3,759.49 "
,TOTAL,,13,"$5,501.28 ","$4,401.03 "
23156,80'S,,7,$481.52 ,$385.22 
,OTHER,,37,"$18,364.08 ","$14,251.14 "
,TOTAL,,44,"$18,845.60 ","$14,636.36 "
23170,SG,,1,$207.44 ,$165.95 
,OTHER,,25,"$9,235.06 ","$7,388.02 "
,TOTAL,,26,"$9,442.50 ","$7,553.97 "
23172,AS,,1,$45.57 ,$36.46 
,80'S,,1,$41.23 ,$32.98 
,OTHER,,12,"$3,798.28 ","$3,038.63 "
,TOTAL,,14,"$3,885.08 ","$3,108.07 "
23174,AS,,10,$790.43 ,$632.33 
,80'S,,6,$543.89 ,$435.10 
,OTHER,,52,"$31,206.67 ","$24,487.93 "
,TOTAL,,68,"$32,540.99 ","$25,555.36 "
23180,AS,,1,$88.41 ,$70.73 
,SG,,31,"$12,733.01 ","$10,186.43 "
,OTHER,,304,"$154,199.62 ","$122,489.66 "
,TOTAL,,336,"$167,021.04 ","$132,746.82 "
23182,AS,,12,$632.13 ,$505.71 
,SG,,2,"$1,234.97 ",$987.97 
,80'S,,4,$326.25 ,$260.99 
,OTHER,,66,"$26,902.07 ","$21,397.43 "
,TOTAL,,84,"$29,095.42 ","$23,152.10 "
23184,AS,,28,"$2,278.05 ","$1,822.43 "
,SG,,9,"$3,125.69 ","$2,333.19 "
,80'S,,7,$767.62 ,$614.10 
,OTHER,,197,"$105,671.70 ","$83,738.09 "
,TOTAL,,241,"$111,843.06 ","$88,507.81 "
23190,AS,,4,$143.05 ,$114.45 
,SG,,2,"$1,253.75 ",$604.21 
,80'S,,2,$77.10 ,$61.68 
,OTHER,,37,"$12,509.71 ","$10,007.71 "
,TOTAL,,45,"$13,983.61 ","$10,788.05 "
23195,AS,,12,$942.62 ,$754.09 
,SG,,1,$670.98 ,$536.78 
,80'S,,7,$737.52 ,$590.01 
,OTHER,,58,"$35,399.75 ","$28,121.41 "
,TOTAL,,78,"$37,750.87 ","$30,002.29 "
23200,AS,,2,$238.15 ,$190.52 
,80'S,,3,$279.59 ,$223.67 
,OTHER,,37,"$26,329.92 ","$20,964.73 "
,TOTAL,,42,"$26,847.66 ","$21,378.92 "
23210,AS,,4,$504.03 ,$403.23 
,80'S,,5,$591.12 ,$472.90 
,OTHER,,36,"$26,497.89 ","$21,198.32 "
,TOTAL,,45,"$27,593.04 ","$22,074.45 "
23220,AS,,2,$152.65 ,$122.12 
,80'S,,3,$422.70 ,$338.15 
,OTHER,,41,"$31,139.74 ","$24,911.81 "
,TOTAL,,46,"$31,715.09 ","$25,372.08 "
23221,OTHER,,2,"$2,714.85 ","$2,171.88 "
,TOTAL,,2,"$2,714.85 ","$2,171.88 "
23222,AS,,6,"$1,393.63 ","$1,114.89 "
,80'S,,5,"$1,235.97 ",$988.78 
,OTHER,,62,"$99,804.22 ","$79,843.46 "
,TOTAL,,73,"$102,433.82 ","$81,947.13 "
23330,AS,,4,$51.87 ,$41.50 
,SG,,10,"$2,760.46 ","$1,952.82 "
,OTHER,,169,"$25,481.24 ","$19,695.01 "
,TOTAL,,183,"$28,293.57 ","$21,689.33 "
23331,AS,,59,"$2,622.96 ","$2,098.40 "
,SG,,10,"$2,590.15 ","$2,010.80 "
,80'S,,47,"$3,021.93 ","$2,417.53 "
,OTHER,,907,"$324,802.65 ","$257,908.94 "
,TOTAL,,"1,023","$333,037.69 ","$264,435.67 "
23332,AS,,121,"$9,234.05 ","$7,344.08 "
,80'S,,144,"$12,279.02 ","$9,711.08 "
,OTHER,,601,"$340,530.59 ","$270,573.08 "
,TOTAL,,866,"$362,043.66 ","$287,628.24 "
23350,OTHER,,"28,592","$2,933,370.44 ","$2,281,915.52 "
,TOTAL,,"28,592","$2,933,370.44 ","$2,281,915.52 "
23395,AS,,67,"$9,812.78 ","$7,850.27 "
,SG,,9,"$4,229.02 ","$3,383.20 "
,80'S,,41,"$6,538.07 ","$5,230.41 "
,OTHER,,369,"$361,666.17 ","$285,725.83 "
,TOTAL,,486,"$382,246.04 ","$302,189.71 "
23397,AS,,5,$717.69 ,$574.15 
,SG,,1,"$1,004.05 ",$803.24 
,80'S,,8,"$1,207.62 ",$966.09 
,OTHER,,46,"$43,679.62 ","$34,844.53 "
,TOTAL,,60,"$46,608.98 ","$37,188.01 "
23400,SG,,1,$961.85 ,$769.48 
,OTHER,,8,"$6,482.66 ","$4,242.26 "
,TOTAL,,9,"$7,444.51 ","$5,011.74 "
23405,AS,,306,"$13,245.41 ","$10,572.16 "
,SG,,132,"$30,972.97 ","$24,483.92 "
,80'S,,119,"$6,203.04 ","$4,908.33 "
,OTHER,,"1,262","$413,427.98 ","$328,017.24 "
,TOTAL,,"1,819","$463,849.40 ","$367,981.65 "
23406,AS,,9,$588.65 ,$470.93 
,SG,,2,$447.43 ,$357.94 
,80'S,,6,$293.95 ,$235.17 
,OTHER,,70,"$35,846.32 ","$28,677.13 "
,TOTAL,,87,"$37,176.35 ","$29,741.17 "
23410,AS,,"1,215","$142,680.24 ","$112,367.75 "
,SG,,"1,677","$1,108,934.42 ","$872,413.57 "
,80'S,,386,"$53,388.24 ","$42,161.65 "
,OTHER,,"5,701","$4,843,291.61 ","$3,827,265.41 "
,TOTAL,,"8,979","$6,148,294.51 ","$4,854,208.38 "
23412,AS,,"7,246","$902,686.37 ","$712,002.44 "
,SG,,"6,746","$6,621,405.89 ","$5,201,227.35 "
,80'S,,"1,661","$240,591.39 ","$188,021.44 "
,OTHER,,"26,756","$24,215,386.25 ","$19,061,150.14 "
,TOTAL,,"42,409","$31,980,069.90 ","$25,162,401.37 "
23415,SG,,209,"$126,191.21 ","$99,118.86 "
,OTHER,,"1,300","$711,893.66 ","$561,926.88 "
,TOTAL,,"1,509","$838,084.87 ","$661,045.74 "
23420,AS,,"3,771","$498,477.73 ","$394,963.26 "
,SG,,"2,056","$2,011,729.62 ","$1,586,994.73 "
,80'S,,"1,372","$212,326.69 ","$167,134.44 "
,OTHER,,"17,081","$16,371,476.65 ","$12,914,385.32 "
,TOTAL,,"24,280","$19,094,010.69 ","$15,063,477.75 "
23430,AS,,"1,594","$89,986.86 ","$71,525.81 "
,SG,,"1,154","$407,310.63 ","$322,176.19 "
,80'S,,510,"$34,351.24 ","$27,281.98 "
,OTHER,,"5,694","$2,379,721.52 ","$1,877,833.18 "
,TOTAL,,"8,952","$2,911,370.25 ","$2,298,817.16 "
23440,AS,,331,"$20,281.69 ","$16,129.00 "
,SG,,153,"$52,083.67 ","$40,891.14 "
,80'S,,152,"$11,182.24 ","$8,851.17 "
,OTHER,,"1,400","$636,261.42 ","$501,901.85 "
,TOTAL,,"2,036","$719,809.02 ","$567,773.16 "
23450,AS,,33,"$3,943.66 ","$3,154.91 "
,SG,,12,"$7,783.67 ","$5,775.22 "
,80'S,,20,"$2,873.40 ","$2,298.76 "
,OTHER,,181,"$152,950.07 ","$120,066.99 "
,TOTAL,,246,"$167,550.80 ","$131,295.88 "
23455,AS,,78,"$9,877.59 ","$7,902.10 "
,SG,,41,"$36,307.22 ","$28,013.25 "
,80'S,,49,"$7,422.70 ","$5,782.24 "
,OTHER,,410,"$384,179.00 ","$304,006.30 "
,TOTAL,,578,"$437,786.51 ","$345,703.89 "
23460,AS,,10,"$1,348.88 ","$1,079.08 "
,SG,,2,"$1,043.91 ",$835.12 
,80'S,,10,"$1,416.34 ","$1,133.07 "
,OTHER,,40,"$38,396.40 ","$30,254.23 "
,TOTAL,,62,"$42,205.53 ","$33,301.50 "
23462,AS,,9,"$1,304.95 ",$916.94 
,SG,,5,"$4,896.00 ","$3,872.09 "
,80'S,,8,"$1,253.06 ","$1,002.45 "
,OTHER,,45,"$44,490.17 ","$34,658.18 "
,TOTAL,,67,"$51,944.18 ","$40,449.66 "
23465,AS,,17,"$1,624.37 ","$1,299.48 "
,80'S,,18,"$2,288.74 ","$1,788.25 "
,OTHER,,80,"$60,239.95 ","$47,757.38 "
,TOTAL,,115,"$64,153.06 ","$50,845.11 "
23466,AS,,51,"$7,000.96 ","$5,565.24 "
,SG,,12,"$10,962.09 ","$8,769.65 "
,80'S,,19,"$2,990.84 ","$2,392.67 "
,OTHER,,130,"$128,061.75 ","$99,778.60 "
,TOTAL,,212,"$149,015.64 ","$116,506.16 "
23470,AS,,"2,668","$432,166.27 ","$342,160.13 "
,80'S,,"1,581","$301,219.60 ","$238,343.22 "
,OTHER,,"9,352","$11,051,591.53 ","$8,757,711.65 "
,TOTAL,,"13,601","$11,784,977.40 ","$9,338,215.00 "
23472,AS,,"3,957","$781,481.90 ","$620,880.15 "
,80'S,,"2,312","$542,771.09 ","$430,596.56 "
,OTHER,,"12,958","$18,934,556.48 ","$15,007,283.59 "
,TOTAL,,"19,227","$20,258,809.47 ","$16,058,760.30 "
23480,SG,,3,"$1,227.27 ",$981.81 
,OTHER,,126,"$72,328.24 ","$57,177.81 "
,TOTAL,,129,"$73,555.51 ","$58,159.62 "
23485,AS,,31,"$3,859.54 ","$3,087.63 "
,SG,,11,"$10,417.64 ","$8,334.11 "
,80'S,,7,"$1,096.02 ",$876.82 
,OTHER,,122,"$110,540.20 ","$87,392.01 "
,TOTAL,,171,"$125,913.40 ","$99,690.57 "
23490,AS,,2,$224.69 ,$179.75 
,SG,,1,$241.81 ,$193.45 
,OTHER,,9,"$4,307.14 ","$3,445.71 "
,TOTAL,,12,"$4,773.64 ","$3,818.91 "
23491,AS,,16,"$2,279.37 ","$1,706.68 "
,80'S,,3,$500.81 ,$400.64 
,OTHER,,57,"$53,480.96 ","$42,401.49 "
,TOTAL,,76,"$56,261.14 ","$44,508.81 "
23500,SG,,1,$165.30 ,$132.24 
,OTHER,,"11,114","$1,904,436.18 ","$1,475,962.27 "
,TOTAL,,"11,115","$1,904,601.48 ","$1,476,094.51 "
23505,OTHER,,309,"$94,043.47 ","$73,433.34 "
,TOTAL,,309,"$94,043.47 ","$73,433.34 "
23515,AS,,101,"$7,377.39 ","$5,860.02 "
,SG,,51,"$24,319.68 ","$19,053.89 "
,80'S,,51,"$4,129.94 ","$3,112.65 "
,OTHER,,631,"$322,394.97 ","$251,661.24 "
,TOTAL,,834,"$358,221.98 ","$279,687.80 "
23520,OTHER,,62,"$11,270.78 ","$8,888.62 "
,TOTAL,,62,"$11,270.78 ","$8,888.62 "
23525,AS,,1,$21.33 ,$17.06 
,SG,,1,$315.77 ,$252.62 
,OTHER,,16,"$4,038.51 ","$3,163.60 "
,TOTAL,,18,"$4,375.61 ","$3,433.28 "
23530,OTHER,,7,"$3,236.44 ","$2,589.14 "
,TOTAL,,7,"$3,236.44 ","$2,589.14 "
23532,AS,,2,$172.95 ,$138.36 
,OTHER,,8,"$4,480.53 ","$3,485.23 "
,TOTAL,,10,"$4,653.48 ","$3,623.59 "
23540,OTHER,,480,"$82,036.24 ","$63,327.18 "
,TOTAL,,480,"$82,036.24 ","$63,327.18 "
23545,OTHER,,62,"$14,449.33 ","$11,283.17 "
,TOTAL,,62,"$14,449.33 ","$11,283.17 "
23550,AS,,56,"$3,629.12 ","$2,903.33 "
,SG,,42,"$16,541.53 ","$13,092.32 "
,80'S,,53,"$3,363.36 ","$2,599.35 "
,OTHER,,340,"$150,402.48 ","$118,519.37 "
,TOTAL,,491,"$173,936.49 ","$137,114.37 "
23552,AS,,31,"$2,620.53 ","$2,096.43 "
,SG,,10,"$4,985.59 ","$3,988.46 "
,80'S,,19,"$1,733.24 ","$1,342.11 "
,OTHER,,132,"$74,744.62 ","$58,011.79 "
,TOTAL,,192,"$84,083.98 ","$65,438.79 "
23570,SG,,1,$154.38 ,$123.50 
,OTHER,,"2,145","$400,728.28 ","$310,783.40 "
,TOTAL,,"2,146","$400,882.66 ","$310,906.90 "
23575,AS,,1,$22.77 ,$18.22 
,OTHER,,51,"$14,732.13 ","$11,501.06 "
,TOTAL,,52,"$14,754.90 ","$11,519.28 "
23585,AS,,70,"$4,458.07 ","$3,496.19 "
,SG,,16,"$5,300.03 ","$4,240.02 "
,80'S,,55,"$3,701.57 ","$2,948.80 "
,OTHER,,324,"$148,773.59 ","$117,665.68 "
,TOTAL,,465,"$162,233.26 ","$128,350.69 "
23600,80'S,,2,$74.73 ,$59.79 
,OTHER,,"37,460","$10,057,828.62 ","$7,856,376.83 "
,TOTAL,,"37,462","$10,057,903.35 ","$7,856,436.62 "
23605,SG,,28,"$12,111.77 ","$9,491.03 "
,OTHER,,"2,771","$1,063,383.33 ","$838,740.09 "
,TOTAL,,"2,799","$1,075,495.10 ","$848,231.12 "
23615,AS,,"1,228","$116,939.51 ","$92,948.84 "
,SG,,58,"$35,626.51 ","$28,501.23 "
,80'S,,636,"$71,335.07 ","$56,334.39 "
,OTHER,,"6,698","$4,567,555.47 ","$3,629,384.13 "
,TOTAL,,"8,620","$4,791,456.56 ","$3,807,168.59 "
23616,AS,,806,"$158,913.42 ","$126,461.37 "
,SG,,2,"$1,004.83 ",$803.86 
,80'S,,455,"$105,872.78 ","$84,247.57 "
,OTHER,,"3,411","$4,884,266.64 ","$3,887,531.56 "
,TOTAL,,"4,674","$5,150,057.67 ","$4,099,044.36 "
23620,OTHER,,"4,013","$845,852.15 ","$656,396.13 "
,TOTAL,,"4,013","$845,852.15 ","$656,396.13 "
23625,SG,,2,$696.93 ,$557.54 
,OTHER,,270,"$79,304.69 ","$62,791.63 "
,TOTAL,,272,"$80,001.62 ","$63,349.17 "
23630,AS,,143,"$9,167.61 ","$7,319.88 "
,SG,,43,"$27,370.03 ","$21,768.43 "
,80'S,,68,"$5,077.00 ","$4,055.84 "
,OTHER,,762,"$342,384.16 ","$271,590.41 "
,TOTAL,,"1,016","$383,998.80 ","$304,734.56 "
23650,AS,,1,$38.15 ,$30.52 
,SG,,8,"$2,192.25 ","$1,753.81 "
,OTHER,,"13,594","$2,882,042.81 ","$2,256,537.90 "
,TOTAL,,"13,603","$2,884,273.21 ","$2,258,322.23 "
23655,SG,,80,"$24,502.26 ","$19,186.54 "
,80'S,,1,$56.79 ,$45.43 
,OTHER,,"3,458","$1,132,087.09 ","$890,622.53 "
,TOTAL,,"3,539","$1,156,646.14 ","$909,854.50 "
23660,AS,,32,"$1,714.48 ","$1,371.58 "
,SG,,7,"$3,001.88 ","$2,401.52 "
,80'S,,19,"$1,202.44 ",$961.95 
,OTHER,,231,"$90,096.77 ","$71,242.31 "
,TOTAL,,289,"$96,015.57 ","$75,977.36 "
23665,SG,,4,"$1,776.31 ","$1,421.05 "
,OTHER,,824,"$288,270.10 ","$227,419.51 "
,TOTAL,,828,"$290,046.41 ","$228,840.56 "
23670,AS,,31,"$2,101.64 ","$1,681.32 "
,SG,,6,"$2,353.94 ","$1,783.94 "
,80'S,,21,"$1,294.94 ","$1,035.95 "
,OTHER,,164,"$77,295.24 ","$61,487.47 "
,TOTAL,,222,"$83,045.76 ","$65,988.68 "
23675,SG,,2,$852.61 ,$682.08 
,OTHER,,344,"$158,344.49 ","$124,611.75 "
,TOTAL,,346,"$159,197.10 ","$125,293.83 "
23680,AS,,15,"$1,325.48 ","$1,060.39 "
,SG,,1,$490.15 ,$392.12 
,80'S,,16,"$1,795.71 ","$1,436.56 "
,OTHER,,150,"$96,741.53 ","$76,364.11 "
,TOTAL,,182,"$100,352.87 ","$79,253.18 "
23700,AS,,1,$13.94 ,$11.15 
,SG,,"1,346","$397,232.03 ","$308,378.58 "
,OTHER,,"5,147","$812,154.35 ","$634,019.13 "
,TOTAL,,"6,494","$1,209,400.32 ","$942,408.86 "
23800,AS,,4,$536.55 ,$429.25 
,80'S,,6,$876.00 ,$700.79 
,OTHER,,32,"$30,149.75 ","$23,522.92 "
,TOTAL,,42,"$31,562.30 ","$24,652.96 "
23802,AS,,1,$171.20 ,$136.96 
,80'S,,1,$174.16 ,$139.33 
,OTHER,,9,"$9,751.90 ","$7,702.32 "
,TOTAL,,11,"$10,097.26 ","$7,978.61 "
23900,AS,,1,$185.72 ,$148.58 
,80'S,,7,"$1,394.07 ","$1,115.28 "
,OTHER,,27,"$35,357.36 ","$28,186.69 "
,TOTAL,,35,"$36,937.15 ","$29,450.55 "
23920,AS,,4,$488.85 ,$349.29 
,80'S,,2,$366.74 ,$293.39 
,OTHER,,36,"$35,375.29 ","$27,539.50 "
,TOTAL,,42,"$36,230.88 ","$28,182.18 "
23921,OTHER,,5,"$1,738.52 ","$1,390.81 "
,TOTAL,,5,"$1,738.52 ","$1,390.81 "
23929,AS,,118,"$13,494.41 ","$10,760.49 "
,80'S,,59,"$13,630.53 ","$10,904.42 "
,OTHER,,655,"$442,740.42 ","$352,288.35 "
,TOTAL,,832,"$469,865.36 ","$373,953.26 "
23930,SG,,53,"$15,103.22 ","$11,995.03 "
,OTHER,,"2,229","$445,928.89 ","$351,525.59 "
,TOTAL,,"2,282","$461,032.11 ","$363,520.62 "
23931,SG,,33,"$14,094.91 ","$11,236.19 "
,OTHER,,"1,439","$265,563.18 ","$207,339.80 "
,TOTAL,,"1,472","$279,658.09 ","$218,575.99 "
23935,AS,,7,$439.44 ,$351.57 
,SG,,3,$898.14 ,$718.51 
,80'S,,1,$39.28 ,$31.42 
,OTHER,,235,"$93,846.60 ","$74,739.49 "
,TOTAL,,246,"$95,223.46 ","$75,840.99 "
24000,AS,,15,$851.28 ,$681.03 
,SG,,26,"$16,166.75 ","$12,841.52 "
,80'S,,1,$62.34 ,$49.87 
,OTHER,,456,"$170,123.19 ","$134,261.50 "
,TOTAL,,498,"$187,203.56 ","$147,833.92 "
24006,AS,,15,"$1,133.95 ",$907.16 
,SG,,24,"$13,725.44 ","$10,980.35 "
,80'S,,9,$948.55 ,$758.82 
,OTHER,,115,"$69,252.28 ","$54,336.34 "
,TOTAL,,163,"$85,060.22 ","$66,982.67 "
24065,OTHER,,852,"$147,742.37 ","$115,239.41 "
,TOTAL,,852,"$147,742.37 ","$115,239.41 "
24066,SG,,33,"$12,476.96 ","$9,981.57 "
,OTHER,,379,"$134,561.62 ","$106,464.28 "
,TOTAL,,412,"$147,038.58 ","$116,445.85 "
24075,AS,,2,$56.51 ,$45.21 
,SG,,754,"$274,714.69 ","$216,546.37 "
,OTHER,,"3,655","$1,009,533.45 ","$789,714.97 "
,TOTAL,,"4,411","$1,284,304.65 ","$1,006,306.55 "
24076,SG,,390,"$147,872.79 ","$117,244.43 "
,OTHER,,"1,837","$760,707.82 ","$600,634.88 "
,TOTAL,,"2,227","$908,580.61 ","$717,879.31 "
24077,AS,,16,"$1,656.80 ","$1,325.43 "
,SG,,83,"$36,641.93 ","$29,143.65 "
,80'S,,21,"$2,563.80 ","$1,988.93 "
,OTHER,,905,"$664,798.73 ","$529,063.94 "
,TOTAL,,"1,025","$705,661.26 ","$561,521.95 "
24100,OTHER,,8,"$2,596.23 ","$2,076.98 "
,TOTAL,,8,"$2,596.23 ","$2,076.98 "
24101,AS,,44,"$2,438.48 ","$1,899.65 "
,SG,,74,"$44,292.94 ","$35,299.12 "
,80'S,,10,$625.64 ,$441.53 
,OTHER,,298,"$119,858.26 ","$95,194.87 "
,TOTAL,,426,"$167,215.32 ","$132,835.17 "
24102,AS,,36,"$2,799.66 ","$2,239.72 "
,SG,,34,"$21,056.19 ","$16,724.62 "
,80'S,,9,$646.77 ,$517.42 
,OTHER,,210,"$110,006.39 ","$85,081.90 "
,TOTAL,,289,"$134,509.01 ","$104,563.66 "
24105,AS,,2,$65.15 ,$52.12 
,SG,,"1,293","$620,885.18 ","$490,115.98 "
,OTHER,,"5,002","$1,451,212.06 ","$1,141,264.25 "
,TOTAL,,"6,297","$2,072,162.39 ","$1,631,432.35 "
24110,SG,,18,"$5,914.76 ","$4,632.60 "
,OTHER,,88,"$39,515.90 ","$30,448.30 "
,TOTAL,,106,"$45,430.66 ","$35,080.90 "
24116,80'S,,1,$126.76 ,$101.41 
,OTHER,,10,"$6,326.36 ","$5,061.08 "
,TOTAL,,11,"$6,453.12 ","$5,162.49 "
24120,AS,,11,$777.75 ,$622.21 
,SG,,144,"$54,638.97 ","$43,039.43 "
,OTHER,,285,"$131,522.30 ","$101,727.40 "
,TOTAL,,440,"$186,939.02 ","$145,389.04 "
24125,OTHER,,3,"$1,127.52 ",$902.02 
,TOTAL,,3,"$1,127.52 ",$902.02 
24126,AS,,2,$117.94 ,$94.35 
,OTHER,,9,"$4,161.61 ","$3,329.29 "
,TOTAL,,11,"$4,279.55 ","$3,423.64 "
24130,AS,,1,$31.68 ,$25.34 
,SG,,64,"$28,927.05 ","$22,803.99 "
,OTHER,,376,"$138,531.30 ","$110,414.19 "
,TOTAL,,441,"$167,490.03 ","$133,243.52 "
24134,AS,,2,$154.49 ,$123.59 
,SG,,1,$226.39 ,$181.11 
,80'S,,2,$217.05 ,$173.64 
,OTHER,,34,"$23,117.07 ","$17,316.21 "
,TOTAL,,39,"$23,715.00 ","$17,794.55 "
24136,OTHER,,12,"$6,165.07 ","$4,932.05 "
,TOTAL,,12,"$6,165.07 ","$4,932.05 "
24138,AS,,6,$523.38 ,$418.70 
,SG,,7,"$2,223.34 ","$1,778.67 "
,80'S,,2,$198.40 ,$135.63 
,OTHER,,68,"$37,291.71 ","$29,192.95 "
,TOTAL,,83,"$40,236.83 ","$31,525.95 "
24140,AS,,30,"$2,409.64 ","$1,927.72 "
,SG,,58,"$23,652.37 ","$18,669.31 "
,80'S,,14,"$1,461.18 ","$1,168.94 "
,OTHER,,219,"$135,278.44 ","$106,858.41 "
,TOTAL,,321,"$162,801.63 ","$128,624.38 "
24145,SG,,7,"$2,785.13 ","$2,228.11 "
,OTHER,,34,"$16,390.72 ","$12,812.71 "
,TOTAL,,41,"$19,175.85 ","$15,040.82 "
24147,SG,,86,"$30,879.74 ","$24,065.15 "
,OTHER,,443,"$256,132.30 ","$200,711.89 "
,TOTAL,,529,"$287,012.04 ","$224,777.04 "
24149,AS,,37,"$5,089.40 ","$4,071.48 "
,80'S,,18,"$2,454.23 ","$1,963.40 "
,OTHER,,213,"$211,734.04 ","$168,153.90 "
,TOTAL,,268,"$219,277.67 ","$174,188.78 "
24150,AS,,9,$811.51 ,$649.22 
,80'S,,5,$553.66 ,$343.73 
,OTHER,,85,"$69,492.73 ","$54,052.22 "
,TOTAL,,99,"$70,857.90 ","$55,045.17 "
24151,AS,,1,$73.42 ,$58.74 
,80'S,,1,$174.91 ,$139.93 
,OTHER,,4,"$3,930.00 ","$3,144.00 "
,TOTAL,,6,"$4,178.33 ","$3,342.67 "
24152,80'S,,2,$162.63 ,$130.11 
,OTHER,,4,"$2,384.67 ","$1,907.74 "
,TOTAL,,6,"$2,547.30 ","$2,037.85 "
24153,OTHER,,1,$64.00 ,$2.57 
,TOTAL,,1,$64.00 ,$2.57 
24155,AS,,2,$172.93 ,$138.34 
,OTHER,,18,"$14,178.91 ","$11,343.14 "
,TOTAL,,20,"$14,351.84 ","$11,481.48 "
24160,AS,,1,$37.38 ,$29.90 
,SG,,13,"$5,106.16 ","$4,074.47 "
,OTHER,,265,"$115,892.18 ","$92,317.74 "
,TOTAL,,279,"$121,035.72 ","$96,422.11 "
24164,SG,,6,"$2,269.77 ","$1,716.63 "
,OTHER,,61,"$21,461.85 ","$16,871.03 "
,TOTAL,,67,"$23,731.62 ","$18,587.66 "
24200,OTHER,,252,"$38,683.06 ","$29,170.61 "
,TOTAL,,252,"$38,683.06 ","$29,170.61 "
24201,SG,,24,"$7,834.15 ","$6,267.32 "
,OTHER,,187,"$56,852.91 ","$44,732.14 "
,TOTAL,,211,"$64,687.06 ","$50,999.46 "
24220,OTHER,,162,"$21,960.60 ","$16,829.74 "
,TOTAL,,162,"$21,960.60 ","$16,829.74 "
24300,OTHER,,152,"$46,033.59 ","$36,348.70 "
,TOTAL,,152,"$46,033.59 ","$36,348.70 "
24301,AS,,9,$717.59 ,$574.06 
,SG,,19,"$9,892.97 ","$7,028.80 "
,80'S,,10,$871.76 ,$697.41 
,OTHER,,73,"$45,338.65 ","$36,114.09 "
,TOTAL,,111,"$56,820.97 ","$44,414.36 "
24305,AS,,31,"$1,929.02 ","$1,482.25 "
,SG,,99,"$55,631.34 ","$43,871.98 "
,80'S,,3,$219.46 ,$175.57 
,OTHER,,520,"$256,976.85 ","$203,668.67 "
,TOTAL,,653,"$314,756.67 ","$249,198.47 "
24310,AS,,12,$419.88 ,$335.91 
,SG,,45,"$13,990.38 ","$11,168.41 "
,80'S,,2,$121.70 ,$97.36 
,OTHER,,214,"$58,191.71 ","$46,029.93 "
,TOTAL,,273,"$72,723.67 ","$57,631.61 "
24320,AS,,1,$95.34 ,$76.27 
,SG,,1,$479.60 ,$383.68 
,80'S,,1,$125.17 ,$100.14 
,OTHER,,14,"$10,072.10 ","$7,511.93 "
,TOTAL,,17,"$10,772.21 ","$8,072.02 "
24330,SG,,7,"$3,296.34 ","$2,637.08 "
,80'S,,2,$263.30 ,$210.64 
,OTHER,,39,"$23,645.57 ","$18,817.27 "
,TOTAL,,48,"$27,205.21 ","$21,664.99 "
24331,SG,,2,"$1,019.91 ",$716.73 
,80'S,,1,$142.09 ,$113.67 
,OTHER,,3,"$2,647.96 ","$2,118.37 "
,TOTAL,,6,"$3,809.96 ","$2,948.77 "
24332,AS,,1,$35.93 ,$28.74 
,OTHER,,35,"$15,751.71 ","$12,563.45 "
,TOTAL,,36,"$15,787.64 ","$12,592.19 "
24340,AS,,25,"$1,326.50 ","$1,061.22 "
,SG,,40,"$14,604.10 ","$11,501.97 "
,80'S,,11,$725.19 ,$580.14 
,OTHER,,123,"$50,497.52 ","$39,591.35 "
,TOTAL,,199,"$67,153.31 ","$52,734.68 "
24341,AS,,101,"$6,895.70 ","$5,462.88 "
,SG,,113,"$50,643.77 ","$39,820.69 "
,80'S,,51,"$3,959.92 ","$3,078.70 "
,OTHER,,618,"$305,487.24 ","$240,259.18 "
,TOTAL,,883,"$366,986.63 ","$288,621.45 "
24342,AS,,157,"$15,966.49 ","$12,572.30 "
,SG,,164,"$78,984.48 ","$61,955.24 "
,80'S,,46,"$5,571.16 ","$4,232.00 "
,OTHER,,840,"$625,381.70 ","$488,568.82 "
,TOTAL,,"1,207","$725,903.83 ","$567,328.36 "
24343,AS,,48,"$3,287.08 ","$2,629.65 "
,80'S,,25,"$1,943.88 ","$1,555.11 "
,OTHER,,311,"$146,644.75 ","$116,623.80 "
,TOTAL,,384,"$151,875.71 ","$120,808.56 "
24344,AS,,5,$678.47 ,$542.77 
,80'S,,5,$727.21 ,$581.76 
,OTHER,,52,"$48,903.12 ","$38,428.55 "
,TOTAL,,62,"$50,308.80 ","$39,553.08 "
24345,AS,,11,$657.37 ,$525.91 
,SG,,10,"$3,105.65 ","$2,484.53 "
,80'S,,10,$605.71 ,$484.59 
,OTHER,,89,"$38,199.05 ","$30,428.67 "
,TOTAL,,120,"$42,567.78 ","$33,923.70 "
24346,AS,,4,$493.21 ,$394.56 
,80'S,,1,$137.48 ,$109.98 
,OTHER,,26,"$22,580.68 ","$18,064.52 "
,TOTAL,,31,"$23,211.37 ","$18,569.06 "
24350,AS,,11,$735.53 ,$588.42 
,SG,,164,"$74,076.32 ","$57,436.14 "
,80'S,,3,$145.74 ,$116.60 
,OTHER,,396,"$144,492.67 ","$112,123.75 "
,TOTAL,,574,"$219,450.26 ","$170,264.91 "
24351,AS,,8,$421.25 ,$287.62 
,SG,,90,"$41,488.55 ","$32,124.38 "
,80'S,,3,$186.57 ,$149.25 
,OTHER,,348,"$138,543.33 ","$108,360.73 "
,TOTAL,,449,"$180,639.70 ","$140,921.98 "
24352,AS,,2,$102.96 ,$82.36 
,SG,,12,"$5,171.83 ","$4,085.97 "
,80'S,,1,$78.13 ,$62.50 
,OTHER,,32,"$14,572.28 ","$11,438.73 "
,TOTAL,,47,"$19,925.20 ","$15,669.56 "
24354,SG,,22,"$9,122.43 ","$7,056.03 "
,OTHER,,72,"$32,570.46 ","$24,963.64 "
,TOTAL,,94,"$41,692.89 ","$32,019.67 "
24356,AS,,46,"$2,714.54 ","$2,075.73 "
,SG,,323,"$151,421.09 ","$116,000.97 "
,80'S,,9,$671.07 ,$530.16 
,OTHER,,907,"$432,867.97 ","$334,155.45 "
,TOTAL,,"1,285","$587,674.67 ","$452,762.31 "
24360,AS,,3,$368.55 ,$294.85 
,SG,,1,$726.58 ,$581.26 
,80'S,,2,$286.95 ,$229.56 
,OTHER,,36,"$30,507.49 ","$24,391.43 "
,TOTAL,,42,"$31,889.57 ","$25,497.10 "
24361,AS,,13,"$1,829.70 ","$1,463.75 "
,SG,,1,$753.85 ,$603.08 
,80'S,,7,"$1,126.88 ",$901.51 
,OTHER,,51,"$49,732.53 ","$39,313.04 "
,TOTAL,,72,"$53,442.96 ","$42,281.38 "
24363,AS,,192,"$33,890.98 ","$26,882.18 "
,80'S,,163,"$33,767.77 ","$26,613.35 "
,OTHER,,"1,066","$1,387,191.89 ","$1,096,935.64 "
,TOTAL,,"1,421","$1,454,850.64 ","$1,150,431.17 "
24365,AS,,10,$543.82 ,$435.06 
,SG,,6,"$4,218.06 ","$3,374.44 "
,80'S,,6,$375.69 ,$300.54 
,OTHER,,56,"$23,866.49 ","$19,041.55 "
,TOTAL,,78,"$29,004.06 ","$23,151.59 "
24366,AS,,33,"$2,557.23 ","$2,001.34 "
,SG,,10,"$7,194.53 ","$5,755.62 "
,80'S,,11,$776.15 ,$620.91 
,OTHER,,212,"$117,023.16 ","$92,241.17 "
,TOTAL,,266,"$127,551.07 ","$100,619.04 "
24400,AS,,31,"$2,447.80 ","$1,958.23 "
,SG,,15,"$7,126.89 ","$5,550.72 "
,80'S,,22,"$1,790.40 ","$1,432.33 "
,OTHER,,156,"$87,600.10 ","$68,816.89 "
,TOTAL,,224,"$98,965.19 ","$77,758.17 "
24410,OTHER,,2,"$1,454.52 ","$1,163.61 "
,TOTAL,,2,"$1,454.52 ","$1,163.61 "
24420,AS,,2,$134.66 ,$107.73 
,80'S,,5,$436.37 ,$349.10 
,OTHER,,22,"$17,911.21 ","$14,287.88 "
,TOTAL,,29,"$18,482.24 ","$14,744.71 "
24430,AS,,122,"$14,358.11 ","$11,425.48 "
,SG,,5,"$2,118.71 ","$1,632.59 "
,80'S,,74,"$10,539.42 ","$8,332.33 "
,OTHER,,573,"$494,242.13 ","$392,264.58 "
,TOTAL,,774,"$521,258.37 ","$413,654.98 "
24435,AS,,79,"$10,541.61 ","$8,229.14 "
,SG,,8,"$4,366.63 ","$3,493.29 "
,80'S,,51,"$7,473.89 ","$5,979.12 "
,OTHER,,439,"$415,246.84 ","$330,667.56 "
,TOTAL,,577,"$437,628.97 ","$348,369.11 "
24470,80'S,,1,$49.28 ,$39.42 
,OTHER,,1,$612.97 ,$490.38 
,TOTAL,,2,$662.25 ,$529.80 
24495,SG,,2,$689.68 ,$551.74 
,80'S,,3,$320.99 ,$256.79 
,OTHER,,162,"$94,520.94 ","$75,056.15 "
,TOTAL,,167,"$95,531.61 ","$75,864.68 "
24498,AS,,18,"$1,861.11 ","$1,488.87 "
,80'S,,10,"$1,195.62 ",$956.50 
,OTHER,,142,"$112,044.17 ","$87,930.71 "
,TOTAL,,170,"$115,100.90 ","$90,376.08 "
24500,OTHER,,"6,124","$1,770,808.56 ","$1,385,188.20 "
,TOTAL,,"6,124","$1,770,808.56 ","$1,385,188.20 "
24505,SG,,8,"$2,662.60 ","$2,130.09 "
,OTHER,,"1,460","$620,832.20 ","$492,277.39 "
,TOTAL,,"1,468","$623,494.80 ","$494,407.48 "
24515,AS,,346,"$38,293.84 ","$30,349.67 "
,SG,,8,"$4,640.77 ","$3,712.61 "
,80'S,,236,"$30,831.23 ","$24,230.52 "
,OTHER,,"2,106","$1,673,188.53 ","$1,330,012.55 "
,TOTAL,,"2,696","$1,746,954.37 ","$1,388,305.35 "
24516,AS,,548,"$60,216.30 ","$47,408.35 "
,SG,,8,"$4,780.16 ","$3,824.13 "
,80'S,,321,"$41,113.41 ","$32,466.83 "
,OTHER,,"3,435","$2,730,129.84 ","$2,169,137.89 "
,TOTAL,,"4,312","$2,836,239.71 ","$2,252,837.20 "
24530,OTHER,,"1,892","$591,127.87 ","$466,021.01 "
,TOTAL,,"1,892","$591,127.87 ","$466,021.01 "
24535,SG,,2,$478.28 ,$382.62 
,OTHER,,392,"$208,787.18 ","$166,061.91 "
,TOTAL,,394,"$209,265.46 ","$166,444.53 "
24538,SG,,9,"$3,729.43 ","$2,983.54 "
,OTHER,,230,"$156,730.30 ","$123,922.64 "
,TOTAL,,239,"$160,459.73 ","$126,906.18 "
24545,AS,,173,"$17,129.85 ","$13,671.85 "
,SG,,7,"$4,018.41 ","$3,017.94 "
,80'S,,113,"$13,272.84 ","$10,545.64 "
,OTHER,,"1,116","$803,671.40 ","$638,669.50 "
,TOTAL,,"1,409","$838,092.50 ","$665,904.93 "
24546,AS,,154,"$22,525.09 ","$17,761.66 "
,SG,,5,"$3,524.44 ","$2,819.55 "
,80'S,,97,"$17,054.60 ","$13,643.66 "
,OTHER,,"1,018","$1,101,629.98 ","$873,069.52 "
,TOTAL,,"1,274","$1,144,734.11 ","$907,294.39 "
24560,OTHER,,527,"$128,262.16 ","$100,467.89 "
,TOTAL,,527,"$128,262.16 ","$100,467.89 "
24565,OTHER,,33,"$15,173.44 ","$12,078.00 "
,TOTAL,,33,"$15,173.44 ","$12,078.00 "
24566,SG,,1,$217.83 ,$174.26 
,OTHER,,9,"$4,777.61 ","$3,822.10 "
,TOTAL,,10,"$4,995.44 ","$3,996.36 "
24575,AS,,20,"$1,767.67 ","$1,375.18 "
,SG,,9,"$4,251.38 ","$3,301.92 "
,80'S,,13,"$1,358.32 ","$1,086.67 "
,OTHER,,140,"$95,336.56 ","$74,250.10 "
,TOTAL,,182,"$102,713.93 ","$80,013.87 "
24576,OTHER,,621,"$164,335.52 ","$127,929.56 "
,TOTAL,,621,"$164,335.52 ","$127,929.56 "
24577,OTHER,,63,"$27,551.02 ","$21,374.14 "
,TOTAL,,63,"$27,551.02 ","$21,374.14 "
24579,AS,,88,"$9,256.18 ","$7,404.92 "
,SG,,16,"$7,572.14 ","$6,057.72 "
,80'S,,41,"$5,226.48 ","$4,181.17 "
,OTHER,,527,"$410,558.78 ","$326,488.36 "
,TOTAL,,672,"$432,613.58 ","$344,132.17 "
24582,SG,,1,$466.71 ,$373.37 
,OTHER,,26,"$14,799.88 ","$11,740.71 "
,TOTAL,,27,"$15,266.59 ","$12,114.08 "
24586,AS,,54,"$7,695.59 ","$5,958.10 "
,SG,,24,"$14,301.36 ","$11,341.88 "
,80'S,,46,"$7,833.56 ","$6,251.94 "
,OTHER,,377,"$397,550.16 ","$316,655.71 "
,TOTAL,,501,"$427,380.67 ","$340,207.63 "
24587,AS,,12,"$1,782.59 ","$1,426.07 "
,SG,,2,"$1,453.49 ","$1,162.80 "
,80'S,,13,"$2,248.23 ","$1,798.59 "
,OTHER,,96,"$103,131.32 ","$82,505.04 "
,TOTAL,,123,"$108,615.63 ","$86,892.50 "
24600,SG,,1,$323.65 ,$258.92 
,OTHER,,"1,410","$386,409.98 ","$303,667.39 "
,TOTAL,,"1,411","$386,733.63 ","$303,926.31 "
24605,SG,,15,"$6,172.05 ","$4,937.65 "
,OTHER,,762,"$292,226.80 ","$228,856.21 "
,TOTAL,,777,"$298,398.85 ","$233,793.86 "
24615,AS,,32,"$2,588.89 ","$2,071.11 "
,SG,,6,"$2,566.84 ","$2,053.47 "
,80'S,,19,"$1,810.03 ","$1,415.73 "
,OTHER,,254,"$144,667.34 ","$114,298.39 "
,TOTAL,,311,"$151,633.10 ","$119,838.70 "
24620,AS,,2,$107.50 ,$86.00 
,SG,,1,$217.10 ,$173.68 
,OTHER,,189,"$91,450.71 ","$72,209.67 "
,TOTAL,,192,"$91,775.31 ","$72,469.35 "
24635,AS,,65,"$9,666.18 ","$7,732.94 "
,SG,,13,"$6,143.34 ","$4,420.05 "
,80'S,,39,"$6,982.29 ","$5,548.09 "
,OTHER,,496,"$539,126.80 ","$428,949.67 "
,TOTAL,,613,"$561,918.61 ","$446,650.75 "
24640,OTHER,,84,"$6,919.76 ","$5,484.53 "
,TOTAL,,84,"$6,919.76 ","$5,484.53 "
24650,OTHER,,"8,380","$1,713,718.48 ","$1,324,593.57 "
,TOTAL,,"8,380","$1,713,718.48 ","$1,324,593.57 "
24655,SG,,3,$678.77 ,$543.02 
,80'S,,2,$123.02 ,$98.42 
,OTHER,,360,"$118,203.28 ","$93,035.69 "
,TOTAL,,365,"$119,005.07 ","$93,677.13 "
24665,AS,,87,"$5,866.06 ","$4,619.52 "
,SG,,61,"$37,108.46 ","$29,444.93 "
,80'S,,40,"$3,226.32 ","$2,512.36 "
,OTHER,,577,"$272,623.22 ","$215,258.07 "
,TOTAL,,765,"$318,824.06 ","$251,834.88 "
24666,AS,,73,"$6,524.99 ","$5,147.35 "
,SG,,19,"$11,402.81 ","$9,122.24 "
,80'S,,51,"$5,388.25 ","$4,239.28 "
,OTHER,,592,"$382,043.31 ","$303,103.17 "
,TOTAL,,735,"$405,359.36 ","$321,612.04 "
24670,OTHER,,"2,092","$470,709.54 ","$368,074.12 "
,TOTAL,,"2,092","$470,709.54 ","$368,074.12 "
24675,SG,,1,$159.76 ,$127.81 
,OTHER,,163,"$59,318.34 ","$47,077.46 "
,TOTAL,,164,"$59,478.10 ","$47,205.27 "
24685,AS,,955,"$80,503.85 ","$63,906.61 "
,SG,,309,"$151,705.74 ","$119,384.97 "
,80'S,,258,"$23,665.25 ","$18,865.57 "
,OTHER,,"5,669","$3,427,543.44 ","$2,722,021.71 "
,TOTAL,,"7,191","$3,683,418.28 ","$2,924,178.86 "
24800,AS,,3,$313.24 ,$250.60 
,80'S,,1,$135.62 ,$108.50 
,OTHER,,14,"$8,484.61 ","$6,690.09 "
,TOTAL,,18,"$8,933.47 ","$7,049.19 "
24802,SG,,1,$727.89 ,$582.31 
,80'S,,2,$177.14 ,$141.71 
,OTHER,,6,"$5,416.34 ","$4,233.87 "
,TOTAL,,9,"$6,321.37 ","$4,957.89 "
24900,AS,,13,"$1,093.06 ",$874.44 
,80'S,,8,$824.85 ,$659.87 
,OTHER,,131,"$82,676.76 ","$65,595.47 "
,TOTAL,,152,"$84,594.67 ","$67,129.78 "
24920,80'S,,3,$309.92 ,$247.93 
,OTHER,,18,"$11,435.91 ","$9,065.29 "
,TOTAL,,21,"$11,745.83 ","$9,313.22 "
24925,AS,,1,$68.70 ,$49.46 
,SG,,1,$523.97 ,$419.18 
,OTHER,,10,"$4,595.61 ","$3,676.47 "
,TOTAL,,12,"$5,188.28 ","$4,145.11 "
24930,AS,,1,$104.35 ,$83.48 
,80'S,,1,$138.51 ,$110.81 
,OTHER,,17,"$10,758.38 ","$8,304.22 "
,TOTAL,,19,"$11,001.24 ","$8,498.51 "
24935,OTHER,,2,"$2,008.16 ","$1,606.52 "
,TOTAL,,2,"$2,008.16 ","$1,606.52 "
24999,AS,,3,$314.22 ,$251.37 
,80'S,,2,$305.82 ,$244.66 
,OTHER,,140,"$69,199.47 ","$55,336.15 "
,TOTAL,,145,"$69,819.51 ","$55,832.18 "
25000,SG,,"2,252","$1,026,564.63 ","$805,832.82 "
,OTHER,,"5,690","$1,974,491.28 ","$1,545,832.45 "
,TOTAL,,"7,942","$3,001,055.91 ","$2,351,665.27 "
25001,OTHER,,123,"$25,527.39 ","$20,096.32 "
,TOTAL,,123,"$25,527.39 ","$20,096.32 "
25020,SG,,147,"$49,137.61 ","$39,310.10 "
,OTHER,,"1,015","$551,013.21 ","$437,298.95 "
,TOTAL,,"1,162","$600,150.82 ","$476,609.05 "
25023,AS,,2,$306.59 ,$245.28 
,SG,,5,"$1,537.34 ","$1,229.87 "
,80'S,,2,$358.52 ,$286.81 
,OTHER,,107,"$114,214.13 ","$91,156.12 "
,TOTAL,,116,"$116,416.58 ","$92,918.08 "
25024,SG,,4,"$1,606.53 ","$1,285.23 "
,OTHER,,105,"$65,279.58 ","$52,070.48 "
,TOTAL,,109,"$66,886.11 ","$53,355.71 "
25025,AS,,1,$145.22 ,$116.18 
,SG,,1,$492.59 ,$394.07 
,OTHER,,60,"$57,162.44 ","$44,699.73 "
,TOTAL,,62,"$57,800.25 ","$45,209.98 "
25028,AS,,1,$33.52 ,$26.82 
,SG,,55,"$15,254.28 ","$12,104.24 "
,OTHER,,"1,965","$903,600.00 ","$715,878.33 "
,TOTAL,,"2,021","$918,887.80 ","$728,009.39 "
25031,OTHER,,56,"$21,534.27 ","$16,899.22 "
,TOTAL,,56,"$21,534.27 ","$16,899.22 "
25035,AS,,3,$319.05 ,$255.24 
,SG,,4,"$1,511.08 ","$1,188.68 "
,OTHER,,133,"$98,782.81 ","$78,904.89 "
,TOTAL,,140,"$100,612.94 ","$80,348.81 "
25040,AS,,24,"$1,359.80 ","$1,087.87 "
,SG,,30,"$17,629.88 ","$14,004.65 "
,80'S,,1,$80.72 ,$64.58 
,OTHER,,425,"$200,360.62 ","$158,711.58 "
,TOTAL,,480,"$219,431.02 ","$173,868.68 "
25065,OTHER,,"1,071","$186,433.78 ","$144,224.13 "
,TOTAL,,"1,071","$186,433.78 ","$144,224.13 "
25066,SG,,44,"$15,613.68 ","$12,231.58 "
,OTHER,,351,"$133,306.81 ","$105,253.30 "
,TOTAL,,395,"$148,920.49 ","$117,484.88 "
25075,SG,,867,"$286,702.58 ","$226,403.94 "
,OTHER,,"3,252","$1,016,952.87 ","$798,196.33 "
,TOTAL,,"4,119","$1,303,655.45 ","$1,024,600.27 "
25076,AS,,1,$88.60 ,$70.88 
,SG,,445,"$206,788.73 ","$162,310.95 "
,OTHER,,"1,712","$889,681.86 ","$701,475.54 "
,TOTAL,,"2,158","$1,096,559.19 ","$863,857.37 "
25077,SG,,83,"$38,432.54 ","$30,724.54 "
,OTHER,,715,"$600,014.65 ","$477,682.72 "
,TOTAL,,798,"$638,447.19 ","$508,407.26 "
25085,AS,,15,$792.06 ,$614.83 
,SG,,19,"$6,340.63 ","$5,072.50 "
,80'S,,3,$152.34 ,$121.87 
,OTHER,,96,"$32,480.45 ","$25,437.96 "
,TOTAL,,133,"$39,765.48 ","$31,247.16 "
25100,SG,,14,"$4,789.14 ","$3,831.30 "
,80'S,,1,$32.63 ,$26.10 
,OTHER,,61,"$17,421.62 ","$13,378.98 "
,TOTAL,,76,"$22,243.39 ","$17,236.38 "
25101,AS,,6,$233.18 ,$186.54 
,SG,,58,"$20,102.30 ","$15,840.51 "
,80'S,,12,$457.08 ,$365.64 
,OTHER,,254,"$78,572.28 ","$62,352.83 "
,TOTAL,,330,"$99,364.84 ","$78,745.52 "
25105,AS,,14,$836.02 ,$668.82 
,SG,,154,"$89,438.84 ","$70,945.39 "
,80'S,,4,$193.85 ,$155.07 
,OTHER,,506,"$211,937.51 ","$166,896.24 "
,TOTAL,,678,"$302,406.22 ","$238,665.52 "
25107,AS,,16,"$1,100.70 ",$812.57 
,SG,,34,"$12,631.89 ","$10,105.49 "
,80'S,,7,$572.22 ,$457.78 
,OTHER,,133,"$58,211.60 ","$45,658.29 "
,TOTAL,,190,"$72,516.41 ","$57,034.13 "
25110,SG,,90,"$39,957.35 ","$31,888.14 "
,OTHER,,390,"$146,943.05 ","$114,935.49 "
,TOTAL,,480,"$186,900.40 ","$146,823.63 "
25111,SG,,"2,246","$1,045,026.86 ","$819,396.89 "
,OTHER,,"6,257","$1,676,140.97 ","$1,308,612.56 "
,TOTAL,,"8,503","$2,721,167.83 ","$2,128,009.45 "
25112,SG,,150,"$89,774.32 ","$70,390.31 "
,OTHER,,516,"$178,357.38 ","$138,996.02 "
,TOTAL,,666,"$268,131.70 ","$209,386.33 "
25115,AS,,1,$124.36 ,$99.49 
,SG,,"1,410","$843,909.57 ","$666,252.26 "
,OTHER,,"4,402","$3,961,420.71 ","$3,134,079.53 "
,TOTAL,,"5,813","$4,805,454.64 ","$3,800,431.28 "
25116,AS,,26,"$2,491.17 ","$1,992.97 "
,SG,,363,"$214,507.20 ","$168,546.22 "
,80'S,,3,$404.28 ,$323.42 
,OTHER,,"1,045","$710,110.85 ","$557,011.41 "
,TOTAL,,"1,437","$927,513.50 ","$727,874.02 "
25118,SG,,407,"$135,019.69 ","$106,080.58 "
,OTHER,,"1,393","$430,515.46 ","$338,518.31 "
,TOTAL,,"1,800","$565,535.15 ","$444,598.89 "
25119,AS,,10,$546.67 ,$437.32 
,SG,,36,"$14,516.24 ","$11,573.57 "
,80'S,,6,$287.04 ,$166.00 
,OTHER,,126,"$41,157.79 ","$32,308.10 "
,TOTAL,,178,"$56,507.74 ","$44,484.99 "
25120,AS,,3,$246.33 ,$197.06 
,SG,,45,"$18,327.88 ","$14,328.56 "
,OTHER,,121,"$73,430.01 ","$58,644.80 "
,TOTAL,,169,"$92,004.22 ","$73,170.42 "
25125,SG,,3,"$1,246.31 ",$997.05 
,OTHER,,12,"$6,827.29 ","$5,461.84 "
,TOTAL,,15,"$8,073.60 ","$6,458.89 "
25126,AS,,2,$222.06 ,$177.64 
,SG,,3,"$1,494.94 ","$1,142.70 "
,80'S,,2,$238.08 ,$190.46 
,OTHER,,23,"$16,729.55 ","$13,383.62 "
,TOTAL,,30,"$18,684.63 ","$14,894.42 "
25130,AS,,4,$149.47 ,$119.58 
,SG,,70,"$25,716.81 ","$20,180.22 "
,OTHER,,158,"$52,229.90 ","$41,268.91 "
,TOTAL,,232,"$78,096.18 ","$61,568.71 "
25135,AS,,5,$226.82 ,$181.46 
,SG,,6,"$3,069.01 ","$2,418.27 "
,80'S,,1,$42.89 ,$34.31 
,OTHER,,41,"$18,234.60 ","$14,484.80 "
,TOTAL,,53,"$21,573.32 ","$17,118.84 "
25136,AS,,1,$31.71 ,$25.37 
,SG,,2,$515.73 ,$412.58 
,OTHER,,10,"$4,212.79 ","$3,370.22 "
,TOTAL,,13,"$4,760.23 ","$3,808.17 "
25145,AS,,4,$326.96 ,$261.58 
,SG,,3,$868.87 ,$695.09 
,80'S,,2,$222.96 ,$178.37 
,OTHER,,51,"$29,837.61 ","$23,870.07 "
,TOTAL,,60,"$31,256.40 ","$25,005.11 "
25150,SG,,16,"$3,996.31 ","$3,197.05 "
,OTHER,,116,"$54,509.93 ","$42,717.49 "
,TOTAL,,132,"$58,506.24 ","$45,914.54 "
25151,AS,,15,"$1,307.43 ","$1,045.94 "
,SG,,20,"$5,535.96 ","$4,311.40 "
,80'S,,4,$327.06 ,$261.64 
,OTHER,,112,"$69,422.87 ","$54,450.04 "
,TOTAL,,151,"$76,593.32 ","$60,069.02 "
25170,AS,,2,$265.33 ,$212.26 
,80'S,,4,$546.40 ,$437.12 
,OTHER,,32,"$28,346.03 ","$22,676.82 "
,TOTAL,,38,"$29,157.76 ","$23,326.20 "
25210,AS,,34,"$1,486.50 ","$1,189.19 "
,SG,,379,"$130,783.08 ","$103,140.96 "
,80'S,,4,$204.12 ,$163.29 
,OTHER,,"1,125","$355,030.27 ","$280,725.00 "
,TOTAL,,"1,542","$487,503.97 ","$385,218.44 "
25215,AS,,51,"$4,216.52 ","$3,342.75 "
,SG,,193,"$115,644.92 ","$91,158.73 "
,80'S,,12,"$1,223.72 ",$919.01 
,OTHER,,648,"$382,851.25 ","$302,051.17 "
,TOTAL,,904,"$503,936.41 ","$397,471.66 "
25230,SG,,100,"$44,683.75 ","$35,746.93 "
,OTHER,,362,"$95,359.12 ","$75,284.36 "
,TOTAL,,462,"$140,042.87 ","$111,031.29 "
25240,AS,,41,"$1,623.84 ","$1,291.29 "
,SG,,333,"$178,571.40 ","$140,467.43 "
,80'S,,12,$672.96 ,$538.37 
,OTHER,,"1,374","$435,668.87 ","$343,303.63 "
,TOTAL,,"1,760","$616,537.07 ","$485,600.72 "
25246,OTHER,,"1,154","$160,191.54 ","$124,101.73 "
,TOTAL,,"1,154","$160,191.54 ","$124,101.73 "
25248,SG,,49,"$18,647.23 ","$14,624.45 "
,OTHER,,347,"$157,967.68 ","$124,072.30 "
,TOTAL,,396,"$176,614.91 ","$138,696.75 "
25250,AS,,1,$65.44 ,$52.35 
,SG,,18,"$3,874.84 ","$3,099.90 "
,OTHER,,45,"$15,542.26 ","$12,347.54 "
,TOTAL,,64,"$19,482.54 ","$15,499.79 "
25251,AS,,3,$239.40 ,$191.52 
,SG,,1,$173.57 ,$138.86 
,80'S,,4,$263.65 ,$210.92 
,OTHER,,30,"$14,518.08 ","$11,273.84 "
,TOTAL,,38,"$15,194.70 ","$11,815.14 "
25259,OTHER,,211,"$63,755.82 ","$50,138.04 "
,TOTAL,,211,"$63,755.82 ","$50,138.04 "
25260,SG,,95,"$44,841.33 ","$35,057.63 "
,OTHER,,997,"$540,549.11 ","$430,593.73 "
,TOTAL,,"1,092","$585,390.44 ","$465,651.36 "
25263,AS,,22,"$1,619.21 ","$1,295.39 "
,SG,,22,"$5,845.41 ","$4,676.30 "
,80'S,,4,$465.18 ,$372.14 
,OTHER,,98,"$53,188.18 ","$42,550.49 "
,TOTAL,,146,"$61,117.98 ","$48,894.32 "
25265,AS,,4,$500.24 ,$400.20 
,SG,,10,"$3,971.30 ","$2,905.77 "
,80'S,,1,$137.56 ,$110.05 
,OTHER,,46,"$39,689.04 ","$31,272.68 "
,TOTAL,,61,"$44,298.14 ","$34,688.70 "
25270,AS,,17,"$1,268.62 ","$1,014.90 "
,SG,,119,"$58,618.30 ","$45,799.48 "
,80'S,,1,$103.89 ,$83.11 
,OTHER,,744,"$360,609.27 ","$286,221.77 "
,TOTAL,,881,"$420,600.08 ","$333,119.26 "
25272,AS,,8,$561.23 ,$449.00 
,SG,,22,"$7,775.32 ","$6,220.23 "
,OTHER,,136,"$77,587.86 ","$61,289.43 "
,TOTAL,,166,"$85,924.41 ","$67,958.66 "
25274,AS,,1,$55.40 ,$44.32 
,SG,,14,"$6,576.18 ","$5,260.94 "
,80'S,,1,$138.32 ,$110.66 
,OTHER,,90,"$64,087.34 ","$50,488.38 "
,TOTAL,,106,"$70,857.24 ","$55,904.30 "
25275,AS,,2,$164.02 ,$131.21 
,SG,,16,"$10,074.81 ","$7,960.65 "
,OTHER,,60,"$30,353.35 ","$23,592.48 "
,TOTAL,,78,"$40,592.18 ","$31,684.34 "
25280,AS,,42,"$3,910.71 ","$3,128.58 "
,SG,,224,"$90,994.58 ","$72,149.52 "
,80'S,,29,"$2,840.37 ","$2,272.28 "
,OTHER,,"1,135","$591,976.73 ","$471,635.25 "
,TOTAL,,"1,430","$689,722.39 ","$549,185.63 "
25290,AS,,1,$106.44 ,$85.15 
,SG,,240,"$71,760.90 ","$56,549.66 "
,OTHER,,"1,613","$862,474.47 ","$685,475.65 "
,TOTAL,,"1,854","$934,341.81 ","$742,110.46 "
25295,SG,,296,"$95,967.10 ","$76,373.23 "
,OTHER,,"1,494","$767,725.12 ","$610,572.36 "
,TOTAL,,"1,790","$863,692.22 ","$686,945.59 "
25300,AS,,12,$629.30 ,$469.45 
,SG,,34,"$9,868.21 ","$7,894.58 "
,80'S,,2,$115.71 ,$92.57 
,OTHER,,96,"$36,362.58 ","$28,874.70 "
,TOTAL,,144,"$46,975.80 ","$37,331.30 "
25301,AS,,24,"$1,265.94 ",$977.86 
,SG,,65,"$17,925.37 ","$13,846.65 "
,80'S,,7,$518.35 ,$414.69 
,OTHER,,170,"$65,138.92 ","$51,516.82 "
,TOTAL,,266,"$84,848.58 ","$66,756.02 "
25310,AS,,799,"$81,181.69 ","$63,924.61 "
,SG,,"2,366","$657,718.29 ","$520,682.39 "
,80'S,,225,"$26,872.77 ","$21,278.70 "
,OTHER,,"6,861","$5,110,398.44 ","$4,033,142.45 "
,TOTAL,,"10,251","$5,876,171.19 ","$4,639,028.15 "
25312,AS,,40,"$4,654.69 ","$3,663.26 "
,SG,,116,"$45,013.91 ","$35,904.14 "
,80'S,,18,"$1,840.59 ","$1,472.50 "
,OTHER,,235,"$197,151.83 ","$156,834.85 "
,TOTAL,,409,"$248,661.02 ","$197,874.75 "
25315,AS,,5,$616.99 ,$493.59 
,SG,,10,"$4,793.63 ","$3,834.90 "
,80'S,,1,$206.77 ,$165.42 
,OTHER,,64,"$62,417.46 ","$48,646.44 "
,TOTAL,,80,"$68,034.85 ","$53,140.35 "
25316,AS,,4,$681.78 ,$545.43 
,SG,,4,"$1,515.93 ",$983.15 
,OTHER,,12,"$13,378.81 ","$10,703.04 "
,TOTAL,,20,"$15,576.52 ","$12,231.62 "
25320,AS,,58,"$6,556.11 ","$5,121.38 "
,SG,,124,"$49,510.75 ","$39,431.74 "
,80'S,,13,"$1,880.76 ","$1,504.62 "
,OTHER,,616,"$511,758.64 ","$404,274.67 "
,TOTAL,,811,"$569,706.26 ","$450,332.41 "
25332,AS,,51,"$5,470.01 ","$4,309.07 "
,SG,,93,"$59,478.66 ","$46,616.41 "
,80'S,,10,"$1,270.26 ","$1,016.21 "
,OTHER,,289,"$219,280.69 ","$172,992.03 "
,TOTAL,,443,"$285,499.62 ","$224,933.72 "
25335,OTHER,,1,"$1,243.46 ",$994.77 
,TOTAL,,1,"$1,243.46 ",$994.77 
25337,SG,,71,"$47,987.84 ","$38,113.69 "
,OTHER,,255,"$193,982.67 ","$151,469.56 "
,TOTAL,,326,"$241,970.51 ","$189,583.25 "
25350,AS,,35,"$3,951.23 ","$3,160.99 "
,SG,,19,"$7,114.95 ","$5,691.96 "
,80'S,,13,"$1,801.87 ","$1,441.48 "
,OTHER,,231,"$190,597.68 ","$151,319.88 "
,TOTAL,,298,"$203,465.73 ","$161,614.31 "
25355,AS,,1,$134.18 ,$107.34 
,SG,,3,"$1,364.06 ","$1,091.25 "
,80'S,,3,$415.74 ,$332.59 
,OTHER,,10,"$8,515.17 ","$6,739.72 "
,TOTAL,,17,"$10,429.15 ","$8,270.90 "
25360,AS,,27,"$2,764.24 ","$2,118.36 "
,SG,,12,"$4,898.22 ","$3,918.58 "
,80'S,,24,"$2,675.37 ","$2,122.32 "
,OTHER,,217,"$153,125.84 ","$121,475.52 "
,TOTAL,,280,"$163,463.67 ","$129,634.78 "
25365,AS,,2,$293.22 ,$234.57 
,SG,,3,$987.93 ,$790.34 
,80'S,,1,$172.70 ,$138.16 
,OTHER,,15,"$15,867.06 ","$12,693.65 "
,TOTAL,,21,"$17,320.91 ","$13,856.72 "
25370,OTHER,,1,"$1,245.17 ",$996.14 
,TOTAL,,1,"$1,245.17 ",$996.14 
25375,OTHER,,1,"$1,260.82 ","$1,008.66 "
,TOTAL,,1,"$1,260.82 ","$1,008.66 "
25390,AS,,26,"$3,149.64 ","$2,519.71 "
,SG,,47,"$19,981.17 ","$15,467.12 "
,80'S,,17,"$1,951.13 ","$1,560.92 "
,OTHER,,251,"$234,432.71 ","$185,000.04 "
,TOTAL,,341,"$259,514.65 ","$204,547.79 "
25391,AS,,4,$613.06 ,$490.44 
,SG,,3,"$1,570.06 ","$1,256.05 "
,80'S,,3,$464.80 ,$371.85 
,OTHER,,47,"$54,998.73 ","$43,354.03 "
,TOTAL,,57,"$57,646.65 ","$45,472.37 "
25392,OTHER,,3,"$2,688.51 ","$2,150.81 "
,TOTAL,,3,"$2,688.51 ","$2,150.81 "
25393,OTHER,,3,"$2,668.94 ","$2,135.15 "
,TOTAL,,3,"$2,668.94 ","$2,135.15 "
25394,AS,,3,$211.74 ,$169.39 
,OTHER,,12,"$5,828.43 ","$4,560.49 "
,TOTAL,,15,"$6,040.17 ","$4,729.88 "
25400,AS,,102,"$13,932.33 ","$11,073.57 "
,SG,,67,"$31,860.62 ","$25,168.88 "
,80'S,,32,"$5,176.11 ","$4,062.32 "
,OTHER,,575,"$559,348.37 ","$444,122.74 "
,TOTAL,,776,"$610,317.43 ","$484,427.51 "
25405,AS,,78,"$13,164.05 ","$10,220.49 "
,SG,,55,"$32,690.01 ","$26,151.99 "
,80'S,,29,"$5,380.84 ","$4,205.45 "
,OTHER,,483,"$587,566.00 ","$465,391.05 "
,TOTAL,,645,"$638,800.90 ","$505,968.98 "
25415,AS,,15,"$2,413.07 ","$1,930.45 "
,SG,,8,"$4,035.77 ","$3,157.69 "
,OTHER,,71,"$78,854.76 ","$63,044.48 "
,TOTAL,,94,"$85,303.60 ","$68,132.62 "
25420,AS,,15,"$2,937.00 ","$2,349.59 "
,SG,,4,"$1,546.02 ","$1,236.81 "
,80'S,,9,"$2,174.93 ","$1,643.08 "
,OTHER,,68,"$89,581.23 ","$70,548.21 "
,TOTAL,,96,"$96,239.18 ","$75,777.69 "
25425,AS,,2,$357.19 ,$285.75 
,SG,,4,"$1,020.03 ",$816.02 
,80'S,,4,$974.92 ,$779.93 
,OTHER,,29,"$36,844.00 ","$28,672.65 "
,TOTAL,,39,"$39,196.14 ","$30,554.35 "
25426,80'S,,1,$213.76 ,$171.01 
,OTHER,,2,"$2,707.09 ","$2,165.68 "
,TOTAL,,3,"$2,920.85 ","$2,336.69 "
25430,OTHER,,16,"$8,309.17 ","$6,386.10 "
,TOTAL,,16,"$8,309.17 ","$6,386.10 "
25431,80'S,,1,$106.96 ,$85.57 
,OTHER,,13,"$8,897.41 ","$7,117.93 "
,TOTAL,,14,"$9,004.37 ","$7,203.50 "
25440,AS,,12,"$1,242.35 ",$906.10 
,SG,,25,"$14,423.22 ","$11,132.41 "
,80'S,,6,$699.20 ,$559.36 
,OTHER,,111,"$78,660.49 ","$60,832.92 "
,TOTAL,,154,"$95,025.26 ","$73,430.79 "
25441,AS,,2,$262.76 ,$210.21 
,SG,,2,"$1,354.64 ","$1,083.72 "
,80'S,,2,$314.14 ,$251.31 
,OTHER,,16,"$15,484.07 ","$12,387.25 "
,TOTAL,,22,"$17,415.61 ","$13,932.49 "
25442,AS,,3,$271.38 ,$158.28 
,SG,,3,"$2,197.19 ","$1,757.76 "
,80'S,,5,$594.77 ,$405.56 
,OTHER,,76,"$47,854.81 ","$37,320.12 "
,TOTAL,,87,"$50,918.15 ","$39,641.72 "
25443,SG,,1,$684.52 ,$547.62 
,OTHER,,13,"$7,846.42 ","$6,270.08 "
,TOTAL,,14,"$8,530.94 ","$6,817.70 "
25444,SG,,3,"$2,173.85 ","$1,639.88 "
,80'S,,1,$147.58 ,$118.06 
,OTHER,,4,"$2,878.81 ","$2,303.05 "
,TOTAL,,8,"$5,200.24 ","$4,060.99 "
25445,SG,,116,"$80,620.69 ","$63,569.76 "
,OTHER,,490,"$309,203.34 ","$241,383.42 "
,TOTAL,,606,"$389,824.03 ","$304,953.18 "
25446,AS,,19,"$2,934.45 ","$2,285.15 "
,SG,,3,"$2,966.53 ","$2,373.23 "
,80'S,,11,"$2,009.15 ","$1,561.28 "
,OTHER,,130,"$148,213.00 ","$117,386.03 "
,TOTAL,,163,"$156,123.13 ","$123,605.69 "
25447,AS,,"1,398","$105,465.30 ","$83,320.35 "
,SG,,"4,600","$3,190,551.98 ","$2,501,593.23 "
,80'S,,319,"$27,615.02 ","$21,814.74 "
,OTHER,,"11,004","$5,872,957.75 ","$4,620,415.92 "
,TOTAL,,"17,321","$9,196,590.05 ","$7,227,144.24 "
25449,AS,,13,"$1,783.74 ","$1,411.69 "
,SG,,17,"$11,864.77 ","$9,485.37 "
,80'S,,4,$571.31 ,$457.05 
,OTHER,,72,"$69,742.22 ","$54,755.01 "
,TOTAL,,106,"$83,962.04 ","$66,109.12 "
25455,OTHER,,1,$474.28 ,$379.42 
,TOTAL,,1,$474.28 ,$379.42 
25490,AS,,1,$81.08 ,$64.86 
,80'S,,2,$215.70 ,$172.56 
,OTHER,,32,"$24,333.14 ","$19,398.95 "
,TOTAL,,35,"$24,629.92 ","$19,636.37 "
25491,AS,,1,$164.33 ,$131.46 
,OTHER,,4,"$2,787.80 ","$2,230.24 "
,TOTAL,,5,"$2,952.13 ","$2,361.70 "
25492,OTHER,,1,"$1,284.19 ","$1,027.35 "
,TOTAL,,1,"$1,284.19 ","$1,027.35 "
25500,OTHER,,"1,504","$328,501.74 ","$252,227.54 "
,TOTAL,,"1,504","$328,501.74 ","$252,227.54 "
25505,SG,,5,"$1,479.67 ","$1,183.74 "
,OTHER,,441,"$188,052.47 ","$147,734.29 "
,TOTAL,,446,"$189,532.14 ","$148,918.03 "
25515,AS,,76,"$6,820.56 ","$5,456.44 "
,SG,,54,"$25,907.97 ","$20,526.82 "
,80'S,,33,"$3,347.26 ","$2,677.82 "
,OTHER,,595,"$374,306.17 ","$295,412.58 "
,TOTAL,,758,"$410,381.96 ","$324,073.66 "
25520,SG,,3,$976.89 ,$781.50 
,OTHER,,44,"$21,151.25 ","$16,919.65 "
,TOTAL,,47,"$22,128.14 ","$17,701.15 "
25525,AS,,22,"$2,711.20 ","$2,074.98 "
,SG,,6,"$3,786.43 ","$3,029.15 "
,80'S,,13,"$1,756.58 ","$1,405.27 "
,OTHER,,207,"$178,028.69 ","$141,962.93 "
,TOTAL,,248,"$186,282.90 ","$148,472.33 "
25526,AS,,16,"$2,177.57 ","$1,642.87 "
,SG,,4,"$2,568.16 ","$2,054.54 "
,80'S,,7,"$1,276.38 ","$1,021.10 "
,OTHER,,119,"$123,347.17 ","$97,875.71 "
,TOTAL,,146,"$129,369.28 ","$102,594.22 "
25530,OTHER,,"2,539","$527,779.92 ","$406,588.80 "
,TOTAL,,"2,539","$527,779.92 ","$406,588.80 "
25535,SG,,5,"$1,001.89 ",$801.51 
,OTHER,,265,"$90,386.79 ","$71,390.21 "
,TOTAL,,270,"$91,388.68 ","$72,191.72 "
25545,AS,,139,"$11,303.26 ","$8,992.84 "
,SG,,76,"$33,450.83 ","$26,439.78 "
,80'S,,52,"$4,861.00 ","$3,661.31 "
,OTHER,,"1,116","$658,516.91 ","$517,155.53 "
,TOTAL,,"1,383","$708,132.00 ","$556,249.46 "
25560,80'S,,4,$134.16 ,$107.32 
,OTHER,,"1,612","$346,444.77 ","$266,730.83 "
,TOTAL,,"1,616","$346,578.93 ","$266,838.15 "
25565,SG,,17,"$6,320.55 ","$4,926.08 "
,OTHER,,"1,004","$444,969.63 ","$351,421.03 "
,TOTAL,,"1,021","$451,290.18 ","$356,347.11 "
25574,AS,,36,"$2,680.20 ","$2,144.16 "
,SG,,15,"$7,113.89 ","$5,366.27 "
,80'S,,13,"$1,060.88 ",$824.35 
,OTHER,,305,"$158,499.00 ","$124,981.19 "
,TOTAL,,369,"$169,353.97 ","$133,315.97 "
25575,AS,,131,"$13,873.09 ","$10,994.38 "
,SG,,24,"$11,928.76 ","$9,484.62 "
,80'S,,57,"$7,991.63 ","$6,381.86 "
,OTHER,,"1,124","$864,059.29 ","$684,092.94 "
,TOTAL,,"1,336","$897,852.77 ","$710,953.80 "
25600,AS,,1,$33.03 ,$26.42 
,OTHER,,"49,617","$11,972,632.99 ","$9,276,361.55 "
,TOTAL,,"49,618","$11,972,666.02 ","$9,276,387.97 "
25605,AS,,1,$68.00 ,$54.40 
,SG,,502,"$248,422.02 ","$195,773.02 "
,OTHER,,"28,426","$13,638,860.05 ","$10,742,533.05 "
,TOTAL,,"28,929","$13,887,350.07 ","$10,938,360.47 "
25611,AS,,7,$668.88 ,$535.09 
,SG,,"1,339","$665,097.68 ","$524,783.23 "
,80'S,,1,$103.51 ,$82.81 
,OTHER,,"11,550","$7,156,449.21 ","$5,670,888.27 "
,TOTAL,,"12,897","$7,822,319.28 ","$6,196,289.40 "
25620,AS,,"2,611","$218,114.50 ","$172,218.60 "
,SG,,"1,780","$1,252,459.26 ","$990,530.29 "
,80'S,,695,"$65,536.99 ","$51,485.45 "
,OTHER,,"18,308","$10,857,744.47 ","$8,599,824.61 "
,TOTAL,,"23,394","$12,393,855.22 ","$9,814,058.95 "
25622,AS,,1,$14.94 ,$11.95 
,OTHER,,"2,867","$698,765.67 ","$542,782.36 "
,TOTAL,,"2,868","$698,780.61 ","$542,794.31 "
25624,SG,,1,$443.43 ,$354.74 
,80'S,,1,$31.70 ,$25.36 
,OTHER,,118,"$44,229.05 ","$35,153.10 "
,TOTAL,,120,"$44,704.18 ","$35,533.20 "
25628,AS,,29,"$2,423.34 ","$1,866.56 "
,SG,,45,"$19,149.84 ","$15,319.88 "
,80'S,,18,"$1,883.87 ","$1,507.10 "
,OTHER,,240,"$145,854.76 ","$114,728.48 "
,TOTAL,,332,"$169,311.81 ","$133,422.02 "
25630,OTHER,,"1,876","$478,609.47 ","$370,295.45 "
,TOTAL,,"1,876","$478,609.47 ","$370,295.45 "
25635,SG,,3,$783.17 ,$626.53 
,OTHER,,66,"$23,756.73 ","$18,278.50 "
,TOTAL,,69,"$24,539.90 ","$18,905.03 "
25645,AS,,3,$153.10 ,$122.48 
,SG,,6,"$2,745.53 ","$2,196.44 "
,80'S,,3,$217.77 ,$174.22 
,OTHER,,48,"$21,258.78 ","$16,950.87 "
,TOTAL,,60,"$24,375.18 ","$19,444.01 "
25650,OTHER,,"1,275","$313,662.22 ","$245,144.50 "
,TOTAL,,"1,275","$313,662.22 ","$245,144.50 "
25651,AS,,3,$121.12 ,$96.90 
,80'S,,2,$71.03 ,$56.83 
,OTHER,,83,"$19,319.88 ","$15,455.96 "
,TOTAL,,88,"$19,512.03 ","$15,609.69 "
25652,OTHER,,184,"$65,357.33 ","$51,493.19 "
,TOTAL,,184,"$65,357.33 ","$51,493.19 "
25660,AS,,2,$48.02 ,$38.42 
,SG,,9,"$1,976.62 ","$1,581.30 "
,OTHER,,171,"$52,514.54 ","$41,016.72 "
,TOTAL,,182,"$54,539.18 ","$42,636.44 "
25670,AS,,13,$573.24 ,$458.61 
,SG,,11,"$4,058.97 ","$3,147.98 "
,80'S,,7,$483.64 ,$386.91 
,OTHER,,109,"$42,708.80 ","$34,153.62 "
,TOTAL,,140,"$47,824.65 ","$38,147.12 "
25671,SG,,11,"$2,581.63 ","$2,035.64 "
,OTHER,,89,"$25,046.85 ","$19,855.32 "
,TOTAL,,100,"$27,628.48 ","$21,890.96 "
25675,AS,,2,$47.79 ,$38.23 
,SG,,4,"$1,026.73 ",$821.39 
,OTHER,,218,"$66,079.59 ","$52,604.39 "
,TOTAL,,224,"$67,154.11 ","$53,464.01 "
25676,AS,,6,$302.57 ,$242.06 
,SG,,7,"$1,576.58 ","$1,261.27 "
,80'S,,4,$241.15 ,$192.92 
,OTHER,,120,"$42,881.23 ","$34,101.59 "
,TOTAL,,137,"$45,001.53 ","$35,797.84 "
25680,AS,,1,$32.78 ,$26.22 
,SG,,3,$955.78 ,$597.20 
,OTHER,,215,"$84,287.82 ","$66,448.50 "
,TOTAL,,219,"$85,276.38 ","$67,071.92 "
25685,AS,,1,$96.53 ,$77.22 
,SG,,6,"$2,587.80 ","$2,070.24 "
,OTHER,,32,"$18,509.80 ","$14,560.54 "
,TOTAL,,39,"$21,194.13 ","$16,708.00 "
25690,SG,,2,$316.33 ,$253.06 
,OTHER,,34,"$13,774.53 ","$10,977.67 "
,TOTAL,,36,"$14,090.86 ","$11,230.73 "
25695,AS,,2,$81.87 ,$65.49 
,SG,,7,"$1,976.09 ","$1,580.86 "
,80'S,,2,$196.05 ,$156.84 
,OTHER,,43,"$19,009.60 ","$14,892.78 "
,TOTAL,,54,"$21,263.61 ","$16,695.97 "
25800,AS,,52,"$4,909.86 ","$3,927.90 "
,SG,,50,"$28,378.99 ","$22,703.16 "
,80'S,,19,"$2,175.05 ","$1,706.38 "
,OTHER,,363,"$238,821.21 ","$186,462.54 "
,TOTAL,,484,"$274,285.11 ","$214,799.98 "
25805,AS,,7,$779.77 ,$623.82 
,SG,,19,"$13,346.38 ","$10,677.10 "
,80'S,,6,$699.85 ,$559.87 
,OTHER,,79,"$66,119.43 ","$52,685.77 "
,TOTAL,,111,"$80,945.43 ","$64,546.56 "
25810,AS,,76,"$8,125.54 ","$6,351.99 "
,SG,,71,"$49,991.23 ","$39,877.38 "
,80'S,,19,"$2,262.35 ","$1,711.53 "
,OTHER,,506,"$380,637.33 ","$298,781.72 "
,TOTAL,,672,"$441,016.45 ","$346,722.62 "
25820,AS,,30,"$2,128.98 ","$1,703.21 "
,SG,,40,"$22,285.27 ","$17,828.19 "
,80'S,,2,$199.73 ,$159.78 
,OTHER,,193,"$98,766.77 ","$78,244.70 "
,TOTAL,,265,"$123,380.75 ","$97,935.88 "
25825,AS,,71,"$6,543.79 ","$5,217.64 "
,SG,,144,"$98,411.39 ","$78,001.43 "
,80'S,,21,"$2,135.09 ","$1,702.47 "
,OTHER,,527,"$350,750.68 ","$274,847.21 "
,TOTAL,,763,"$457,840.95 ","$359,768.75 "
25830,AS,,15,"$1,969.19 ","$1,575.34 "
,SG,,29,"$20,329.79 ","$15,963.20 "
,80'S,,2,$291.86 ,$233.49 
,OTHER,,79,"$75,612.78 ","$59,151.27 "
,TOTAL,,125,"$98,203.62 ","$76,923.30 "
25900,AS,,4,$489.94 ,$391.96 
,OTHER,,209,"$155,979.99 ","$123,698.39 "
,TOTAL,,213,"$156,469.93 ","$124,090.35 "
25905,AS,,1,$110.14 ,$88.11 
,80'S,,1,$130.56 ,$104.45 
,OTHER,,17,"$13,495.59 ","$10,721.26 "
,TOTAL,,19,"$13,736.29 ","$10,913.82 "
25907,AS,,1,$106.49 ,$85.19 
,SG,,2,$985.85 ,$788.68 
,80'S,,1,$117.37 ,$93.90 
,OTHER,,14,"$9,495.32 ","$6,963.58 "
,TOTAL,,18,"$10,705.03 ","$7,931.35 "
25909,AS,,1,$114.83 ,$91.86 
,OTHER,,24,"$18,408.19 ","$14,726.57 "
,TOTAL,,25,"$18,523.02 ","$14,818.43 "
25920,80'S,,1,$15.76 ,$12.61 
,OTHER,,79,"$47,455.82 ","$37,292.81 "
,TOTAL,,80,"$47,471.58 ","$37,305.42 "
25922,SG,,1,$525.83 ,$420.66 
,OTHER,,2,$676.48 ,$541.19 
,TOTAL,,3,"$1,202.31 ",$961.85 
25924,OTHER,,6,"$3,486.78 ","$2,789.43 "
,TOTAL,,6,"$3,486.78 ","$2,789.43 "
25927,AS,,3,$339.25 ,$271.40 
,OTHER,,66,"$47,019.27 ","$37,615.43 "
,TOTAL,,69,"$47,358.52 ","$37,886.83 "
25929,SG,,1,$489.30 ,$391.44 
,OTHER,,7,"$3,007.86 ","$2,406.29 "
,TOTAL,,8,"$3,497.16 ","$2,797.73 "
25931,OTHER,,12,"$7,873.41 ","$6,298.72 "
,TOTAL,,12,"$7,873.41 ","$6,298.72 "
25999,AS,,2,$172.28 ,$137.82 
,80'S,,2,$369.70 ,$295.76 
,OTHER,,212,"$85,859.69 ","$68,625.70 "
,TOTAL,,216,"$86,401.67 ","$69,059.28 "
26010,OTHER,,"3,770","$644,217.72 ","$493,444.19 "
,TOTAL,,"3,770","$644,217.72 ","$493,444.19 "
26011,SG,,196,"$58,917.56 ","$46,808.39 "
,OTHER,,"2,812","$636,045.95 ","$495,911.64 "
,TOTAL,,"3,008","$694,963.51 ","$542,720.03 "
26020,SG,,101,"$36,906.27 ","$27,871.66 "
,OTHER,,"1,848","$619,679.77 ","$489,123.31 "
,TOTAL,,"1,949","$656,586.04 ","$516,994.97 "
26025,AS,,1,$54.47 ,$43.58 
,SG,,12,"$3,009.50 ","$2,407.61 "
,OTHER,,381,"$121,032.71 ","$94,801.94 "
,TOTAL,,394,"$124,096.68 ","$97,253.13 "
26030,AS,,9,$467.50 ,$374.01 
,SG,,10,"$3,399.31 ","$2,620.25 "
,80'S,,1,$70.32 ,$56.26 
,OTHER,,227,"$86,890.02 ","$68,884.85 "
,TOTAL,,247,"$90,827.15 ","$71,935.37 "
26034,SG,,67,"$27,115.76 ","$21,437.73 "
,OTHER,,529,"$240,387.65 ","$190,969.58 "
,TOTAL,,596,"$267,503.41 ","$212,407.31 "
26035,AS,,1,$108.69 ,$86.95 
,OTHER,,114,"$72,203.65 ","$56,175.28 "
,TOTAL,,115,"$72,312.34 ","$56,262.23 "
26037,AS,,3,$230.20 ,$184.16 
,80'S,,2,$130.37 ,$104.30 
,OTHER,,296,"$125,986.82 ","$100,287.52 "
,TOTAL,,301,"$126,347.39 ","$100,575.98 "
26040,SG,,325,"$174,631.20 ","$138,196.83 "
,OTHER,,"1,042","$272,732.06 ","$212,587.54 "
,TOTAL,,"1,367","$447,363.26 ","$350,784.37 "
26045,SG,,372,"$163,993.54 ","$128,402.40 "
,OTHER,,"1,017","$377,470.53 ","$295,450.65 "
,TOTAL,,"1,389","$541,464.07 ","$423,853.05 "
26055,SG,,"23,963","$8,500,408.45 ","$6,690,630.60 "
,OTHER,,"59,165","$13,482,580.59 ","$10,561,678.87 "
,TOTAL,,"83,128","$21,982,989.04 ","$17,252,309.47 "
26060,AS,,6,$112.27 ,$89.83 
,SG,,36,"$10,554.91 ","$8,344.73 "
,OTHER,,204,"$35,375.36 ","$28,003.89 "
,TOTAL,,246,"$46,042.54 ","$36,438.45 "
26070,SG,,43,"$15,602.28 ","$12,481.80 "
,OTHER,,420,"$95,058.24 ","$73,675.76 "
,TOTAL,,463,"$110,660.52 ","$86,157.56 "
26075,SG,,77,"$44,676.01 ","$35,522.70 "
,OTHER,,594,"$137,399.75 ","$107,650.05 "
,TOTAL,,671,"$182,075.76 ","$143,172.75 "
26080,SG,,336,"$197,399.62 ","$156,767.89 "
,OTHER,,"1,387","$401,694.73 ","$316,864.61 "
,TOTAL,,"1,723","$599,094.35 ","$473,632.50 "
26100,SG,,9,"$2,623.68 ","$2,098.94 "
,OTHER,,34,"$8,693.03 ","$6,954.43 "
,TOTAL,,43,"$11,316.71 ","$9,053.37 "
26105,AS,,3,$125.03 ,$100.02 
,SG,,24,"$6,416.26 ","$5,033.82 "
,80'S,,1,$51.76 ,$41.41 
,OTHER,,85,"$20,789.95 ","$16,410.38 "
,TOTAL,,113,"$27,383.00 ","$21,585.63 "
26110,SG,,108,"$26,515.93 ","$20,920.59 "
,OTHER,,398,"$93,841.12 ","$74,308.78 "
,TOTAL,,506,"$120,357.05 ","$95,229.37 "
26115,SG,,"2,000","$766,539.82 ","$603,671.89 "
,OTHER,,"5,299","$1,806,568.54 ","$1,419,573.78 "
,TOTAL,,"7,299","$2,573,108.36 ","$2,023,245.67 "
26116,SG,,"1,773","$693,864.27 ","$545,717.36 "
,OTHER,,"5,711","$2,376,940.63 ","$1,873,670.54 "
,TOTAL,,"7,484","$3,070,804.90 ","$2,419,387.90 "
26117,SG,,98,"$44,610.39 ","$35,388.07 "
,OTHER,,515,"$269,315.23 ","$213,048.67 "
,TOTAL,,613,"$313,925.62 ","$248,436.74 "
26121,SG,,667,"$386,298.88 ","$303,436.80 "
,OTHER,,"2,286","$1,155,999.26 ","$907,299.40 "
,TOTAL,,"2,953","$1,542,298.14 ","$1,210,736.20 "
26123,AS,,1,$60.71 ,$48.57 
,SG,,"4,008","$2,406,591.67 ","$1,888,549.05 "
,OTHER,,"9,285","$6,612,721.01 ","$5,198,957.88 "
,TOTAL,,"13,294","$9,019,373.39 ","$7,087,555.50 "
26125,AS,,1,$23.53 ,$18.82 
,SG,,"2,188","$756,092.28 ","$597,860.50 "
,OTHER,,"4,998","$1,459,242.53 ","$1,153,208.88 "
,TOTAL,,"7,187","$2,215,358.34 ","$1,751,088.20 "
26130,SG,,43,"$16,859.68 ","$13,487.78 "
,OTHER,,123,"$35,157.72 ","$27,826.95 "
,TOTAL,,166,"$52,017.40 ","$41,314.73 "
26135,AS,,17,$901.52 ,$721.23 
,SG,,180,"$89,317.19 ","$71,043.77 "
,80'S,,4,$206.98 ,$165.59 
,OTHER,,591,"$208,318.93 ","$164,564.57 "
,TOTAL,,792,"$298,744.62 ","$236,495.16 "
26140,SG,,213,"$68,086.38 ","$53,913.72 "
,OTHER,,614,"$238,373.91 ","$188,598.85 "
,TOTAL,,827,"$306,460.29 ","$242,512.57 "
26145,AS,,2,$82.76 ,$66.20 
,SG,,"2,163","$854,480.41 ","$675,641.44 "
,OTHER,,"5,170","$2,037,527.87 ","$1,610,766.70 "
,TOTAL,,"7,335","$2,892,091.04 ","$2,286,474.34 "
26160,AS,,1,$18.01 ,$14.41 
,SG,,"5,446","$2,590,592.11 ","$2,038,310.04 "
,OTHER,,"12,881","$3,639,350.35 ","$2,850,358.41 "
,TOTAL,,"18,328","$6,229,960.47 ","$4,888,682.86 "
26170,SG,,34,"$12,242.81 ","$9,794.25 "
,OTHER,,150,"$39,014.66 ","$30,762.91 "
,TOTAL,,184,"$51,257.47 ","$40,557.16 "
26180,SG,,78,"$32,234.53 ","$25,787.72 "
,OTHER,,262,"$73,444.20 ","$58,617.39 "
,TOTAL,,340,"$105,678.73 ","$84,405.11 "
26185,SG,,9,"$4,498.24 ","$3,594.85 "
,80'S,,1,$44.42 ,$35.54 
,OTHER,,28,"$9,620.90 ","$7,696.72 "
,TOTAL,,38,"$14,163.56 ","$11,327.11 "
26200,AS,,3,$154.24 ,$123.40 
,SG,,70,"$23,105.40 ","$18,153.67 "
,OTHER,,207,"$70,533.49 ","$54,821.34 "
,TOTAL,,280,"$93,793.13 ","$73,098.41 "
26205,SG,,5,"$1,973.57 ","$1,578.86 "
,OTHER,,14,"$7,397.41 ","$5,917.93 "
,TOTAL,,19,"$9,370.98 ","$7,496.79 "
26210,SG,,579,"$209,808.11 ","$163,083.61 "
,OTHER,,"1,273","$444,963.63 ","$348,763.55 "
,TOTAL,,"1,852","$654,771.74 ","$511,847.16 "
26215,SG,,14,"$5,703.68 ","$4,531.59 "
,OTHER,,57,"$28,916.01 ","$22,553.97 "
,TOTAL,,71,"$34,619.69 ","$27,085.56 "
26230,AS,,5,$299.08 ,$239.26 
,SG,,57,"$54,284.29 ","$42,664.88 "
,OTHER,,275,"$103,658.84 ","$81,771.40 "
,TOTAL,,337,"$158,242.21 ","$124,675.54 "
26235,AS,,9,$563.34 ,$450.67 
,SG,,189,"$77,635.21 ","$61,216.11 "
,OTHER,,586,"$226,585.17 ","$180,019.52 "
,TOTAL,,784,"$304,783.72 ","$241,686.30 "
26236,SG,,322,"$141,287.49 ","$111,451.26 "
,OTHER,,871,"$301,501.72 ","$238,847.43 "
,TOTAL,,"1,193","$442,789.21 ","$350,298.69 "
26250,SG,,2,$991.24 ,$793.00 
,OTHER,,23,"$10,162.10 ","$8,030.46 "
,TOTAL,,25,"$11,153.34 ","$8,823.46 "
26255,SG,,1,$250.10 ,$200.08 
,OTHER,,2,"$1,824.18 ","$1,459.35 "
,TOTAL,,3,"$2,074.28 ","$1,659.43 "
26260,AS,,4,$290.28 ,$232.23 
,SG,,5,"$2,331.45 ","$1,865.16 "
,OTHER,,29,"$12,911.26 ","$10,293.80 "
,TOTAL,,38,"$15,532.99 ","$12,391.19 "
26261,SG,,3,"$1,010.32 ",$808.25 
,OTHER,,2,"$1,331.90 ","$1,065.52 "
,TOTAL,,5,"$2,342.22 ","$1,873.77 "
26262,AS,,1,$66.63 ,$53.30 
,SG,,5,"$1,333.84 ","$1,067.07 "
,OTHER,,32,"$11,567.75 ","$9,254.17 "
,TOTAL,,38,"$12,968.22 ","$10,374.54 "
26320,SG,,133,"$41,834.64 ","$33,040.48 "
,OTHER,,617,"$132,954.18 ","$104,399.00 "
,TOTAL,,750,"$174,788.82 ","$137,439.48 "
26340,OTHER,,"1,849","$317,676.68 ","$253,459.97 "
,TOTAL,,"1,849","$317,676.68 ","$253,459.97 "
26350,SG,,159,"$33,429.49 ","$26,065.29 "
,OTHER,,839,"$521,691.91 ","$409,782.19 "
,TOTAL,,998,"$555,121.40 ","$435,847.48 "
26352,AS,,11,$914.12 ,$731.27 
,SG,,20,"$11,724.58 ","$9,354.87 "
,OTHER,,60,"$44,192.26 ","$35,323.85 "
,TOTAL,,91,"$56,830.96 ","$45,409.99 "
26356,SG,,209,"$101,258.90 ","$79,220.51 "
,OTHER,,"1,145","$969,813.69 ","$765,412.32 "
,TOTAL,,"1,354","$1,071,072.59 ","$844,632.83 "
26357,AS,,2,$238.38 ,$190.70 
,SG,,20,"$10,480.70 ","$8,186.17 "
,80'S,,1,$133.08 ,$106.46 
,OTHER,,62,"$46,838.92 ","$37,365.49 "
,TOTAL,,85,"$57,691.08 ","$45,848.82 "
26358,AS,,2,$253.64 ,$202.91 
,SG,,16,"$8,988.30 ","$7,017.95 "
,80'S,,2,$270.30 ,$216.24 
,OTHER,,36,"$32,964.87 ","$26,272.64 "
,TOTAL,,56,"$42,477.11 ","$33,709.74 "
26370,AS,,4,$469.23 ,$375.39 
,SG,,88,"$43,620.26 ","$34,645.96 "
,OTHER,,347,"$240,009.78 ","$190,069.21 "
,TOTAL,,439,"$284,099.27 ","$225,090.56 "
26372,AS,,7,$759.23 ,$607.38 
,SG,,18,"$8,398.48 ","$6,718.78 "
,OTHER,,37,"$33,084.95 ","$26,467.93 "
,TOTAL,,62,"$42,242.66 ","$33,794.09 "
26373,AS,,1,$127.51 ,$102.01 
,SG,,15,"$5,677.08 ","$4,541.66 "
,OTHER,,25,"$19,967.28 ","$15,079.80 "
,TOTAL,,41,"$25,771.87 ","$19,723.47 "
26390,AS,,2,$165.33 ,$132.27 
,SG,,16,"$8,753.36 ","$7,002.68 "
,80'S,,2,$264.32 ,$211.45 
,OTHER,,46,"$38,395.35 ","$30,440.95 "
,TOTAL,,66,"$47,578.36 ","$37,787.35 "
26392,AS,,2,$270.80 ,$216.64 
,SG,,10,"$4,501.14 ","$3,600.91 "
,80'S,,1,$198.97 ,$159.18 
,OTHER,,38,"$34,796.27 ","$27,837.02 "
,TOTAL,,51,"$39,767.18 ","$31,813.75 "
26410,SG,,218,"$87,267.84 ","$68,575.90 "
,OTHER,,"1,394","$683,128.15 ","$538,178.82 "
,TOTAL,,"1,612","$770,395.99 ","$606,754.72 "
26412,AS,,2,$188.87 ,$151.09 
,SG,,26,"$9,638.75 ","$7,711.00 "
,80'S,,1,$154.74 ,$123.79 
,OTHER,,106,"$60,799.33 ","$48,610.20 "
,TOTAL,,135,"$70,781.69 ","$56,596.08 "
26415,AS,,1,$103.31 ,$82.65 
,SG,,13,"$6,694.48 ","$5,355.58 "
,OTHER,,124,"$29,780.50 ","$23,686.81 "
,TOTAL,,138,"$36,578.29 ","$29,125.04 "
26416,SG,,1,$512.27 ,$409.82 
,OTHER,,9,"$5,302.61 ","$3,711.23 "
,TOTAL,,10,"$5,814.88 ","$4,121.05 "
26418,SG,,572,"$306,800.74 ","$242,305.00 "
,OTHER,,"2,341","$1,219,569.05 ","$961,044.17 "
,TOTAL,,"2,913","$1,526,369.79 ","$1,203,349.17 "
26420,AS,,7,$638.92 ,$511.14 
,SG,,37,"$19,821.02 ","$14,790.19 "
,80'S,,1,$110.71 ,$88.57 
,OTHER,,69,"$45,189.81 ","$35,022.72 "
,TOTAL,,114,"$65,760.46 ","$50,412.62 "
26426,SG,,160,"$64,732.95 ","$51,281.42 "
,OTHER,,394,"$256,834.34 ","$202,803.83 "
,TOTAL,,554,"$321,567.29 ","$254,085.25 "
26428,SG,,3,"$1,027.88 ",$822.30 
,OTHER,,13,"$9,072.94 ","$7,140.68 "
,TOTAL,,16,"$10,100.82 ","$7,962.98 "
26432,SG,,47,"$22,243.37 ","$17,359.48 "
,OTHER,,637,"$344,659.50 ","$269,558.21 "
,TOTAL,,684,"$366,902.87 ","$286,917.69 "
26433,SG,,89,"$41,886.13 ","$32,847.60 "
,OTHER,,331,"$175,993.69 ","$139,573.04 "
,TOTAL,,420,"$217,879.82 ","$172,420.64 "
26434,AS,,1,$95.62 ,$76.50 
,SG,,4,"$1,761.21 ","$1,408.97 "
,OTHER,,7,"$3,819.41 ","$3,052.45 "
,TOTAL,,12,"$5,676.24 ","$4,537.92 "
26437,AS,,2,$128.16 ,$102.53 
,SG,,377,"$138,403.81 ","$110,141.76 "
,OTHER,,"1,300","$623,733.49 ","$492,608.98 "
,TOTAL,,"1,679","$762,265.46 ","$602,853.27 "
26440,SG,,363,"$139,875.92 ","$110,525.85 "
,OTHER,,"1,716","$968,217.09 ","$764,731.30 "
,TOTAL,,"2,079","$1,108,093.01 ","$875,257.15 "
26442,SG,,110,"$44,236.25 ","$35,001.12 "
,OTHER,,506,"$385,093.31 ","$307,479.93 "
,TOTAL,,616,"$429,329.56 ","$342,481.05 "
26445,SG,,298,"$102,862.58 ","$81,282.92 "
,80'S,,1,$112.64 ,$90.11 
,OTHER,,966,"$450,823.60 ","$354,133.00 "
,TOTAL,,"1,265","$553,798.82 ","$435,506.03 "
26449,AS,,2,$187.50 ,$150.00 
,SG,,34,"$13,255.21 ","$10,542.58 "
,80'S,,3,$246.19 ,$196.95 
,OTHER,,175,"$120,540.23 ","$95,460.08 "
,TOTAL,,214,"$134,229.13 ","$106,349.61 "
26450,AS,,2,$87.60 ,$70.08 
,SG,,38,"$11,728.86 ","$9,383.11 "
,80'S,,2,$97.22 ,$77.78 
,OTHER,,289,"$74,981.91 ","$59,500.66 "
,TOTAL,,331,"$86,895.59 ","$69,031.63 "
26455,AS,,8,$314.00 ,$251.18 
,SG,,134,"$45,822.09 ","$35,593.49 "
,80'S,,11,$500.17 ,$400.13 
,OTHER,,415,"$109,498.53 ","$86,897.53 "
,TOTAL,,568,"$156,134.79 ","$123,142.33 "
26460,AS,,2,$53.90 ,$43.12 
,SG,,81,"$24,106.39 ","$19,113.28 "
,OTHER,,277,"$69,270.28 ","$55,126.52 "
,TOTAL,,360,"$93,430.57 ","$74,282.92 "
26471,AS,,3,$224.25 ,$179.40 
,SG,,56,"$14,582.36 ","$11,566.69 "
,OTHER,,232,"$99,428.92 ","$78,584.88 "
,TOTAL,,291,"$114,235.53 ","$90,330.97 "
26474,AS,,4,$302.95 ,$242.37 
,SG,,16,"$4,425.21 ","$3,521.36 "
,80'S,,1,$51.85 ,$41.48 
,OTHER,,45,"$20,649.81 ","$15,347.85 "
,TOTAL,,66,"$25,429.82 ","$19,153.06 "
26476,SG,,16,"$2,822.64 ","$2,258.11 "
,OTHER,,59,"$23,154.67 ","$18,523.73 "
,TOTAL,,75,"$25,977.31 ","$20,781.84 "
26477,SG,,45,"$7,878.53 ","$6,233.01 "
,OTHER,,135,"$51,485.53 ","$41,006.05 "
,TOTAL,,180,"$59,364.06 ","$47,239.06 "
26478,AS,,13,$640.22 ,$512.18 
,SG,,43,"$7,477.56 ","$5,799.51 "
,80'S,,2,$168.51 ,$134.81 
,OTHER,,245,"$94,037.69 ","$75,115.34 "
,TOTAL,,303,"$102,323.98 ","$81,561.84 "
26479,AS,,1,$96.63 ,$77.30 
,SG,,2,$336.32 ,$269.05 
,OTHER,,26,"$10,935.90 ","$8,649.52 "
,TOTAL,,29,"$11,368.85 ","$8,995.87 "
26480,AS,,104,"$11,207.42 ","$8,906.09 "
,SG,,"1,347","$384,063.00 ","$304,281.57 "
,80'S,,7,$810.14 ,$648.11 
,OTHER,,"2,760","$2,111,293.38 ","$1,665,814.52 "
,TOTAL,,"4,218","$2,507,373.94 ","$1,979,650.29 "
26483,AS,,32,"$3,751.50 ","$3,001.24 "
,SG,,169,"$47,690.11 ","$37,872.43 "
,80'S,,14,"$1,746.87 ","$1,309.74 "
,OTHER,,168,"$146,889.62 ","$116,077.85 "
,TOTAL,,383,"$200,078.10 ","$158,261.26 "
26485,AS,,62,"$6,878.90 ","$5,503.14 "
,SG,,115,"$29,124.64 ","$23,189.39 "
,80'S,,10,"$1,178.55 ",$868.57 
,OTHER,,449,"$348,932.71 ","$275,713.03 "
,TOTAL,,636,"$386,114.80 ","$305,274.13 "
26489,AS,,5,$484.16 ,$387.32 
,SG,,28,"$8,245.96 ","$6,234.84 "
,OTHER,,54,"$38,726.85 ","$30,981.48 "
,TOTAL,,87,"$47,456.97 ","$37,603.64 "
26490,AS,,1,$108.11 ,$86.49 
,SG,,37,"$15,519.44 ","$12,314.18 "
,80'S,,1,$126.29 ,$101.03 
,OTHER,,108,"$83,295.86 ","$66,309.70 "
,TOTAL,,147,"$99,049.70 ","$78,811.40 "
26492,AS,,8,$947.32 ,$757.86 
,SG,,22,"$8,185.45 ","$6,548.36 "
,80'S,,1,$116.46 ,$93.17 
,OTHER,,51,"$46,511.20 ","$37,148.46 "
,TOTAL,,82,"$55,760.43 ","$44,547.85 "
26494,SG,,1,$532.40 ,$425.92 
,OTHER,,6,"$4,108.49 ","$3,286.79 "
,TOTAL,,7,"$4,640.89 ","$3,712.71 "
26496,AS,,2,$242.66 ,$194.12 
,SG,,37,"$17,094.68 ","$13,675.78 "
,OTHER,,108,"$94,693.18 ","$75,637.80 "
,TOTAL,,147,"$112,030.52 ","$89,507.70 "
26497,AS,,6,$763.50 ,$610.79 
,SG,,28,"$10,437.57 ","$8,296.38 "
,OTHER,,39,"$34,294.52 ","$26,895.24 "
,TOTAL,,73,"$45,495.59 ","$35,802.41 "
26498,AS,,9,"$1,474.46 ","$1,179.58 "
,SG,,16,"$8,087.37 ","$6,370.70 "
,80'S,,2,$365.47 ,$292.38 
,OTHER,,48,"$55,839.62 ","$44,531.01 "
,TOTAL,,75,"$65,766.92 ","$52,373.67 "
26499,AS,,3,$231.84 ,$185.48 
,OTHER,,26,"$17,486.17 ","$13,988.91 "
,TOTAL,,29,"$17,718.01 ","$14,174.39 "
26500,AS,,1,$87.40 ,$69.92 
,SG,,47,"$24,451.28 ","$19,561.03 "
,OTHER,,275,"$136,617.12 ","$108,815.39 "
,TOTAL,,323,"$161,155.80 ","$128,446.34 "
26502,AS,,6,$500.24 ,$400.20 
,SG,,12,"$5,480.66 ","$4,384.52 "
,80'S,,1,$56.75 ,$45.40 
,OTHER,,47,"$25,491.74 ","$20,393.40 "
,TOTAL,,66,"$31,529.39 ","$25,223.52 "
26504,AS,,1,$115.72 ,$92.58 
,SG,,1,$599.64 ,$479.71 
,OTHER,,2,$752.00 ,$601.60 
,TOTAL,,4,"$1,467.36 ","$1,173.89 "
26508,AS,,2,$92.42 ,$73.94 
,SG,,34,"$12,177.29 ","$9,492.49 "
,80'S,,1,$111.33 ,$89.06 
,OTHER,,116,"$51,168.83 ","$40,772.94 "
,TOTAL,,153,"$63,549.87 ","$50,428.43 "
26510,AS,,18,"$1,023.24 ",$818.56 
,SG,,56,"$15,737.43 ","$12,481.81 "
,80'S,,3,$159.93 ,$127.95 
,OTHER,,235,"$91,224.53 ","$71,447.98 "
,TOTAL,,312,"$108,145.13 ","$84,876.30 "
26516,AS,,14,"$1,018.34 ",$814.66 
,SG,,155,"$26,545.86 ","$20,968.97 "
,80'S,,2,$119.81 ,$95.85 
,OTHER,,392,"$183,551.58 ","$144,837.70 "
,TOTAL,,563,"$211,235.59 ","$166,717.18 "
26517,AS,,1,$114.31 ,$64.82 
,SG,,3,"$1,308.23 ","$1,006.60 "
,OTHER,,15,"$12,094.27 ","$9,675.42 "
,TOTAL,,19,"$13,516.81 ","$10,746.84 "
26518,AS,,2,$230.42 ,$184.34 
,SG,,1,$537.44 ,$350.38 
,OTHER,,16,"$12,678.24 ","$10,142.60 "
,TOTAL,,19,"$13,446.10 ","$10,677.32 "
26520,SG,,188,"$64,181.37 ","$49,726.99 "
,OTHER,,612,"$314,346.10 ","$246,785.84 "
,TOTAL,,800,"$378,527.47 ","$296,512.83 "
26525,AS,,1,$129.21 ,$103.37 
,SG,,331,"$125,012.78 ","$98,741.92 "
,OTHER,,"1,092","$664,449.76 ","$527,387.59 "
,TOTAL,,"1,424","$789,591.75 ","$626,232.88 "
26530,AS,,50,"$2,629.09 ","$2,103.26 "
,SG,,133,"$55,498.65 ","$43,385.96 "
,80'S,,5,$272.57 ,$218.05 
,OTHER,,453,"$164,562.35 ","$128,714.21 "
,TOTAL,,641,"$222,962.66 ","$174,421.48 "
26531,AS,,305,"$16,476.48 ","$13,061.22 "
,SG,,357,"$255,751.41 ","$199,780.16 "
,80'S,,148,"$9,074.23 ","$7,234.19 "
,OTHER,,"2,946","$1,094,942.26 ","$862,508.90 "
,TOTAL,,"3,756","$1,376,244.38 ","$1,082,584.47 "
26535,SG,,278,"$181,349.39 ","$144,355.90 "
,OTHER,,726,"$193,363.37 ","$152,336.84 "
,TOTAL,,"1,004","$374,712.76 ","$296,692.74 "
26536,AS,,48,"$3,555.20 ","$2,844.19 "
,SG,,290,"$186,195.75 ","$147,499.76 "
,80'S,,17,"$1,484.62 ","$1,187.68 "
,OTHER,,"1,387","$706,481.09 ","$557,593.24 "
,TOTAL,,"1,742","$897,716.66 ","$709,124.87 "
26540,AS,,28,"$2,633.16 ","$2,066.07 "
,SG,,276,"$150,272.40 ","$117,101.75 "
,80'S,,20,"$1,743.81 ","$1,395.05 "
,OTHER,,"1,000","$607,601.10 ","$476,375.25 "
,TOTAL,,"1,324","$762,250.47 ","$596,938.12 "
26541,AS,,16,"$1,764.82 ","$1,411.88 "
,SG,,89,"$82,858.13 ","$65,315.67 "
,80'S,,8,"$1,103.17 ",$882.55 
,OTHER,,206,"$164,430.37 ","$128,679.99 "
,TOTAL,,319,"$250,156.49 ","$196,290.09 "
26542,AS,,20,"$1,616.91 ","$1,293.56 "
,SG,,46,"$23,408.57 ","$18,180.43 "
,80'S,,6,$516.07 ,$412.85 
,OTHER,,196,"$115,863.07 ","$92,302.82 "
,TOTAL,,268,"$141,404.62 ","$112,189.66 "
26545,AS,,1,$52.94 ,$42.35 
,SG,,25,"$14,556.26 ","$11,642.25 "
,80'S,,1,$105.88 ,$84.70 
,OTHER,,108,"$62,965.64 ","$48,556.67 "
,TOTAL,,135,"$77,680.72 ","$60,325.97 "
26546,AS,,14,"$1,707.02 ","$1,365.62 "
,SG,,30,"$18,516.01 ","$14,614.42 "
,80'S,,4,$713.83 ,$326.32 
,OTHER,,100,"$87,649.68 ","$68,783.80 "
,TOTAL,,148,"$108,586.54 ","$85,090.16 "
26548,AS,,10,$959.78 ,$685.71 
,SG,,68,"$32,928.83 ","$26,343.07 "
,80'S,,2,$227.34 ,$181.88 
,OTHER,,243,"$173,271.68 ","$136,905.72 "
,TOTAL,,323,"$207,387.63 ","$164,116.38 "
26550,OTHER,,15,"$12,006.04 ","$9,505.63 "
,TOTAL,,15,"$12,006.04 ","$9,505.63 "
26553,OTHER,,1,"$2,614.18 ","$2,091.34 "
,TOTAL,,1,"$2,614.18 ","$2,091.34 "
26554,OTHER,,1,"$3,500.00 ","$2,800.00 "
,TOTAL,,1,"$3,500.00 ","$2,800.00 "
26555,80'S,,1,$205.35 ,$164.28 
,OTHER,,7,"$7,329.86 ","$5,863.89 "
,TOTAL,,8,"$7,535.21 ","$6,028.17 "
26556,OTHER,,7,"$10,791.55 ","$8,633.24 "
,TOTAL,,7,"$10,791.55 ","$8,633.24 "
26560,SG,,9,"$2,385.74 ","$1,908.59 "
,80'S,,1,$97.66 ,
,OTHER,,9,"$4,203.49 ","$3,362.80 "
,TOTAL,,19,"$6,686.89 ","$5,271.39 "
26561,AS,,2,$271.31 ,$217.05 
,SG,,4,"$2,005.43 ","$1,604.34 "
,80'S,,3,$231.18 ,$184.95 
,OTHER,,15,"$13,069.23 ","$9,849.40 "
,TOTAL,,24,"$15,577.15 ","$11,855.74 "
26565,AS,,6,$534.25 ,$427.40 
,SG,,19,"$12,237.17 ","$9,789.73 "
,80'S,,2,$115.41 ,$92.33 
,OTHER,,84,"$46,027.01 ","$36,174.79 "
,TOTAL,,111,"$58,913.84 ","$46,484.25 "
26567,AS,,1,$99.59 ,$79.67 
,SG,,44,"$30,112.33 ","$22,370.78 "
,80'S,,1,$122.70 ,$98.16 
,OTHER,,127,"$82,515.34 ","$65,051.18 "
,TOTAL,,173,"$112,849.96 ","$87,599.79 "
26568,AS,,1,$125.02 ,$100.02 
,SG,,3,"$1,248.59 ",$998.87 
,OTHER,,21,"$18,607.66 ","$14,886.12 "
,TOTAL,,25,"$19,981.27 ","$15,985.01 "
26580,SG,,2,"$1,021.61 ",$817.29 
,OTHER,,5,"$5,197.49 ","$4,157.99 "
,TOTAL,,7,"$6,219.10 ","$4,975.28 "
26587,OTHER,,4,"$2,967.23 ","$2,373.78 "
,TOTAL,,4,"$2,967.23 ","$2,373.78 "
26590,SG,,5,"$3,492.79 ","$2,794.23 "
,OTHER,,10,"$8,690.71 ","$6,952.57 "
,TOTAL,,15,"$12,183.50 ","$9,746.80 "
26591,AS,,3,$145.96 ,$107.19 
,SG,,21,"$7,115.89 ","$5,328.13 "
,80'S,,6,$308.91 ,$247.12 
,OTHER,,193,"$62,353.86 ","$48,799.43 "
,TOTAL,,223,"$69,924.62 ","$54,481.87 "
26593,SG,,103,"$31,651.81 ","$25,321.41 "
,OTHER,,728,"$270,950.00 ","$215,264.97 "
,TOTAL,,831,"$302,601.81 ","$240,586.38 "
26596,SG,,2,$679.69 ,$543.76 
,OTHER,,41,"$24,016.28 ","$19,125.69 "
,TOTAL,,43,"$24,695.97 ","$19,669.45 "
26600,OTHER,,"16,472","$3,099,037.16 ","$2,390,486.96 "
,TOTAL,,"16,472","$3,099,037.16 ","$2,390,486.96 "
26605,SG,,15,"$5,827.16 ","$4,661.72 "
,OTHER,,"2,113","$547,511.51 ","$426,170.40 "
,TOTAL,,"2,128","$553,338.67 ","$430,832.12 "
26607,SG,,11,"$4,232.06 ","$3,385.64 "
,OTHER,,130,"$53,571.23 ","$41,972.66 "
,TOTAL,,141,"$57,803.29 ","$45,358.30 "
26608,AS,,16,$870.71 ,$696.55 
,SG,,195,"$110,085.82 ","$86,814.53 "
,80'S,,1,$86.02 ,$68.82 
,OTHER,,987,"$382,847.37 ","$302,420.97 "
,TOTAL,,"1,199","$493,889.92 ","$390,000.87 "
26615,SG,,254,"$144,477.47 ","$113,207.44 "
,OTHER,,"1,417","$475,234.38 ","$373,424.88 "
,TOTAL,,"1,671","$619,711.85 ","$486,632.32 "
26641,OTHER,,154,"$40,745.77 ","$31,599.57 "
,TOTAL,,154,"$40,745.77 ","$31,599.57 "
26645,SG,,4,"$1,326.07 ","$1,060.85 "
,OTHER,,104,"$34,988.00 ","$27,367.41 "
,TOTAL,,108,"$36,314.07 ","$28,428.26 "
26650,SG,,38,"$14,911.41 ","$11,707.12 "
,OTHER,,218,"$76,938.66 ","$59,737.35 "
,TOTAL,,256,"$91,850.07 ","$71,444.47 "
26665,SG,,26,"$16,102.98 ","$12,756.54 "
,OTHER,,105,"$50,985.85 ","$40,071.39 "
,TOTAL,,131,"$67,088.83 ","$52,827.93 "
26670,OTHER,,155,"$37,615.24 ","$29,355.13 "
,TOTAL,,155,"$37,615.24 ","$29,355.13 "
26675,SG,,4,"$1,252.76 ","$1,002.21 "
,OTHER,,43,"$12,907.25 ","$10,226.57 "
,TOTAL,,47,"$14,160.01 ","$11,228.78 "
26676,SG,,26,"$9,635.79 ","$7,708.64 "
,OTHER,,117,"$49,220.03 ","$37,991.27 "
,TOTAL,,143,"$58,855.82 ","$45,699.91 "
26685,SG,,19,"$7,566.04 ","$5,563.12 "
,OTHER,,77,"$33,492.98 ","$26,625.37 "
,TOTAL,,96,"$41,059.02 ","$32,188.49 "
26686,AS,,6,$441.57 ,$353.26 
,SG,,7,"$3,165.10 ","$2,432.88 "
,OTHER,,41,"$21,487.13 ","$17,089.36 "
,TOTAL,,54,"$25,093.80 ","$19,875.50 "
26700,OTHER,,748,"$173,037.87 ","$134,769.81 "
,TOTAL,,748,"$173,037.87 ","$134,769.81 "
26705,AS,,3,$94.35 ,$75.48 
,SG,,4,"$1,544.26 ","$1,235.41 "
,OTHER,,143,"$43,048.08 ","$33,164.92 "
,TOTAL,,150,"$44,686.69 ","$34,475.81 "
26706,SG,,19,"$5,906.47 ","$4,490.25 "
,OTHER,,105,"$26,558.31 ","$21,160.26 "
,TOTAL,,124,"$32,464.78 ","$25,650.51 "
26715,AS,,3,$98.36 ,$78.69 
,SG,,40,"$21,041.91 ","$15,932.86 "
,OTHER,,257,"$91,197.58 ","$71,599.31 "
,TOTAL,,300,"$112,337.85 ","$87,610.86 "
26720,OTHER,,"11,476","$1,635,108.30 ","$1,258,551.81 "
,TOTAL,,"11,476","$1,635,108.30 ","$1,258,551.81 "
26725,OTHER,,"3,144","$852,722.47 ","$668,167.05 "
,TOTAL,,"3,144","$852,722.47 ","$668,167.05 "
26727,SG,,393,"$362,813.69 ","$285,288.96 "
,OTHER,,"1,718","$655,288.99 ","$517,027.94 "
,TOTAL,,"2,111","$1,018,102.68 ","$802,316.90 "
26735,SG,,244,"$137,550.86 ","$108,544.88 "
,OTHER,,"1,613","$539,514.96 ","$426,270.02 "
,TOTAL,,"1,857","$677,065.82 ","$534,814.90 "
26740,OTHER,,"1,084","$196,743.51 ","$152,517.59 "
,TOTAL,,"1,084","$196,743.51 ","$152,517.59 "
26742,SG,,15,"$5,397.88 ","$4,166.34 "
,OTHER,,301,"$90,368.96 ","$70,216.61 "
,TOTAL,,316,"$95,766.84 ","$74,382.95 "
26746,SG,,146,"$101,863.53 ","$78,470.80 "
,OTHER,,934,"$326,089.58 ","$257,325.97 "
,TOTAL,,"1,080","$427,953.11 ","$335,796.77 "
26750,OTHER,,"5,894","$786,095.21 ","$599,404.94 "
,TOTAL,,"5,894","$786,095.21 ","$599,404.94 "
26755,OTHER,,523,"$125,074.25 ","$97,440.87 "
,TOTAL,,523,"$125,074.25 ","$97,440.87 "
26756,AS,,2,$107.34 ,$85.87 
,SG,,81,"$30,213.31 ","$24,118.91 "
,80'S,,2,$86.12 ,$68.90 
,OTHER,,344,"$106,148.23 ","$83,861.77 "
,TOTAL,,429,"$136,555.00 ","$108,135.45 "
26765,SG,,179,"$105,823.66 ","$83,792.60 "
,OTHER,,"1,826","$436,052.82 ","$341,366.20 "
,TOTAL,,"2,005","$541,876.48 ","$425,158.80 "
26770,OTHER,,"4,813","$900,461.84 ","$700,238.72 "
,TOTAL,,"4,813","$900,461.84 ","$700,238.72 "
26775,OTHER,,493,"$141,947.68 ","$110,331.47 "
,TOTAL,,493,"$141,947.68 ","$110,331.47 "
26776,SG,,41,"$14,469.90 ","$11,455.76 "
,OTHER,,251,"$79,433.42 ","$63,352.80 "
,TOTAL,,292,"$93,903.32 ","$74,808.56 "
26785,SG,,83,"$28,419.44 ","$22,465.87 "
,OTHER,,558,"$146,103.20 ","$115,430.08 "
,TOTAL,,641,"$174,522.64 ","$137,895.95 "
26820,AS,,1,$106.33 ,$3.86 
,SG,,10,"$6,747.95 ","$5,368.43 "
,OTHER,,32,"$24,873.07 ","$19,218.39 "
,TOTAL,,43,"$31,727.35 ","$24,590.68 "
26841,AS,,2,$223.20 ,$178.56 
,SG,,119,"$70,331.83 ","$54,986.35 "
,OTHER,,315,"$235,175.75 ","$183,566.81 "
,TOTAL,,436,"$305,730.78 ","$238,731.72 "
26842,AS,,14,"$1,546.07 ","$1,236.86 "
,SG,,33,"$19,487.39 ","$15,381.81 "
,80'S,,1,$117.96 ,$94.37 
,OTHER,,106,"$86,758.09 ","$69,240.87 "
,TOTAL,,154,"$107,909.51 ","$85,953.91 "
26843,AS,,4,$372.61 ,$298.08 
,SG,,7,"$2,744.02 ","$2,195.21 "
,80'S,,1,$58.60 ,$46.03 
,OTHER,,29,"$19,749.14 ","$15,799.30 "
,TOTAL,,41,"$22,924.37 ","$18,338.62 "
26844,AS,,2,$188.96 ,$151.17 
,SG,,10,"$4,575.22 ","$3,660.18 "
,80'S,,2,$217.08 ,$173.67 
,OTHER,,36,"$25,835.81 ","$20,668.65 "
,TOTAL,,50,"$30,817.07 ","$24,653.67 "
26850,AS,,19,"$1,630.46 ","$1,304.36 "
,SG,,348,"$169,306.25 ","$131,996.12 "
,80'S,,5,$561.49 ,$449.20 
,OTHER,,"1,020","$593,015.50 ","$468,003.47 "
,TOTAL,,"1,392","$764,513.70 ","$601,753.15 "
26852,AS,,24,"$2,507.37 ","$1,968.50 "
,SG,,68,"$32,802.87 ","$26,098.59 "
,80'S,,2,$168.24 ,$134.60 
,OTHER,,241,"$187,643.15 ","$147,305.34 "
,TOTAL,,335,"$223,121.63 ","$175,507.03 "
26860,SG,,"1,217","$537,743.08 ","$420,257.11 "
,OTHER,,"3,407","$1,762,569.57 ","$1,385,525.80 "
,TOTAL,,"4,624","$2,300,312.65 ","$1,805,782.91 "
26861,SG,,163,"$36,631.38 ","$28,640.37 "
,OTHER,,549,"$59,439.32 ","$46,767.19 "
,TOTAL,,712,"$96,070.70 ","$75,407.56 "
26862,AS,,57,"$5,376.41 ","$4,301.05 "
,SG,,185,"$106,468.41 ","$84,679.15 "
,80'S,,9,$929.46 ,$743.56 
,OTHER,,477,"$331,384.85 ","$261,368.48 "
,TOTAL,,728,"$444,159.13 ","$351,092.24 "
26863,AS,,3,$98.53 ,$78.83 
,SG,,19,"$4,806.29 ","$3,845.01 "
,80'S,,1,$36.71 ,$29.37 
,OTHER,,66,"$15,933.85 ","$12,747.07 "
,TOTAL,,89,"$20,875.38 ","$16,700.28 "
26910,SG,,92,"$43,533.49 ","$33,792.89 "
,OTHER,,"1,155","$732,335.81 ","$581,647.37 "
,TOTAL,,"1,247","$775,869.30 ","$615,440.26 "
26951,AS,,1,$79.56 ,$17.39 
,SG,,709,"$278,399.82 ","$218,761.33 "
,OTHER,,"6,816","$3,232,795.33 ","$2,553,148.19 "
,TOTAL,,"7,526","$3,511,274.71 ","$2,771,926.91 "
26952,AS,,1,$100.34 ,$80.27 
,SG,,291,"$168,016.72 ","$132,750.77 "
,OTHER,,"1,777","$1,102,274.89 ","$871,634.90 "
,TOTAL,,"2,069","$1,270,391.95 ","$1,004,465.94 "
26989,OTHER,,140,"$47,121.07 ","$37,673.59 "
,TOTAL,,140,"$47,121.07 ","$37,673.59 "
26990,AS,,1,$82.19 ,$65.75 
,SG,,30,"$8,546.29 ","$6,601.81 "
,80'S,,1,$94.99 ,$75.99 
,OTHER,,"5,085","$2,470,218.99 ","$1,963,737.01 "
,TOTAL,,"5,117","$2,478,942.46 ","$1,970,480.56 "
26991,AS,,8,$524.10 ,$419.28 
,SG,,1,$347.14 ,$277.71 
,80'S,,1,$48.43 ,$38.74 
,OTHER,,315,"$133,831.81 ","$106,569.32 "
,TOTAL,,325,"$134,751.48 ","$107,305.05 "
26992,AS,,38,"$4,212.57 ","$3,317.51 "
,80'S,,17,"$2,025.73 ","$1,620.60 "
,OTHER,,679,"$552,737.29 ","$440,516.57 "
,TOTAL,,734,"$558,975.59 ","$445,454.68 "
27000,SG,,2,$892.52 ,$714.01 
,OTHER,,489,"$125,214.49 ","$98,977.18 "
,TOTAL,,491,"$126,107.01 ","$99,691.19 "
27001,AS,,32,"$1,327.03 ","$1,058.53 "
,SG,,94,"$24,944.34 ","$19,945.12 "
,80'S,,17,"$1,053.72 ",$842.98 
,OTHER,,215,"$75,723.68 ","$59,795.76 "
,TOTAL,,358,"$103,048.77 ","$81,642.39 "
27003,AS,,6,$276.30 ,$221.04 
,80'S,,5,$255.63 ,$204.51 
,OTHER,,51,"$16,910.19 ","$13,528.17 "
,TOTAL,,62,"$17,442.12 ","$13,953.72 "
27005,AS,,22,"$1,523.80 ","$1,219.04 "
,80'S,,10,$780.69 ,$624.56 
,OTHER,,95,"$47,794.28 ","$38,042.47 "
,TOTAL,,127,"$50,098.77 ","$39,886.07 "
27006,AS,,31,"$2,631.18 ","$2,104.95 "
,80'S,,12,"$1,181.66 ",$856.65 
,OTHER,,174,"$105,138.29 ","$83,696.03 "
,TOTAL,,217,"$108,951.13 ","$86,657.63 "
27025,AS,,6,$664.25 ,$531.42 
,80'S,,4,$333.21 ,$266.56 
,OTHER,,323,"$226,152.46 ","$178,641.46 "
,TOTAL,,333,"$227,149.92 ","$179,439.44 "
27030,AS,,233,"$27,732.10 ","$22,185.86 "
,80'S,,76,"$10,251.91 ","$8,201.51 "
,OTHER,,"1,508","$1,166,127.11 ","$929,715.53 "
,TOTAL,,"1,817","$1,204,111.12 ","$960,102.90 "
27033,AS,,63,"$7,547.04 ","$5,959.93 "
,SG,,3,"$1,498.30 ","$1,198.63 "
,80'S,,24,"$3,654.67 ","$2,923.74 "
,OTHER,,415,"$320,626.69 ","$254,481.80 "
,TOTAL,,505,"$333,326.70 ","$264,564.10 "
27035,SG,,4,"$2,452.04 ","$1,890.26 "
,OTHER,,26,"$25,753.72 ","$20,602.95 "
,TOTAL,,30,"$28,205.76 ","$22,493.21 "
27036,AS,,50,"$5,001.01 ","$3,971.66 "
,80'S,,26,"$3,162.18 ","$2,529.72 "
,OTHER,,316,"$229,429.13 ","$181,279.76 "
,TOTAL,,392,"$237,592.32 ","$187,781.14 "
27040,SG,,22,"$6,280.73 ","$4,826.21 "
,OTHER,,510,"$108,814.24 ","$85,821.01 "
,TOTAL,,532,"$115,094.97 ","$90,647.22 "
27041,SG,,28,"$12,442.16 ","$9,951.06 "
,OTHER,,738,"$420,096.04 ","$333,864.18 "
,TOTAL,,766,"$432,538.20 ","$343,815.24 "
27047,SG,,223,"$88,859.95 ","$69,559.67 "
,OTHER,,"1,450","$691,441.63 ","$543,404.00 "
,TOTAL,,"1,673","$780,301.58 ","$612,963.67 "
27048,AS,,80,"$3,610.61 ","$2,888.57 "
,SG,,109,"$51,062.16 ","$40,138.29 "
,80'S,,45,"$2,315.17 ","$1,789.50 "
,OTHER,,999,"$379,339.59 ","$299,586.40 "
,TOTAL,,"1,233","$436,327.53 ","$344,402.76 "
27049,AS,,35,"$3,542.66 ","$2,834.12 "
,SG,,8,"$2,907.61 ","$2,122.28 "
,80'S,,48,"$5,402.56 ","$4,268.20 "
,OTHER,,530,"$411,090.04 ","$327,490.05 "
,TOTAL,,621,"$422,942.87 ","$336,714.65 "
27050,OTHER,,548,"$8,117.51 ","$6,454.98 "
,TOTAL,,548,"$8,117.51 ","$6,454.98 "
27052,AS,,15,$804.33 ,$643.49 
,SG,,2,$995.86 ,$796.69 
,80'S,,10,$608.07 ,$486.46 
,OTHER,,113,"$42,737.03 ","$34,189.67 "
,TOTAL,,140,"$45,145.29 ","$36,116.31 "
27054,AS,,37,"$2,548.61 ","$1,989.35 "
,80'S,,20,"$1,319.37 ","$1,055.52 "
,OTHER,,256,"$108,848.42 ","$86,293.68 "
,TOTAL,,313,"$112,716.40 ","$89,338.55 "
27060,AS,,1,$54.92 ,$43.94 
,SG,,5,"$2,855.17 ","$2,284.13 "
,OTHER,,41,"$12,542.03 ","$9,738.61 "
,TOTAL,,47,"$15,452.12 ","$12,066.68 "
27062,SG,,136,"$96,531.76 ","$75,013.86 "
,OTHER,,"1,027","$352,149.90 ","$277,746.78 "
,TOTAL,,"1,163","$448,681.66 ","$352,760.64 "
27065,AS,,16,$802.94 ,$642.35 
,SG,,11,"$6,465.67 ","$5,172.53 "
,80'S,,12,$701.07 ,$500.77 
,OTHER,,123,"$45,966.28 ","$36,043.88 "
,TOTAL,,162,"$53,935.96 ","$42,359.53 "
27066,AS,,37,"$2,630.61 ","$2,104.51 "
,SG,,6,"$4,273.08 ","$3,319.27 "
,80'S,,14,"$1,235.83 ",$937.82 
,OTHER,,239,"$131,071.07 ","$104,572.89 "
,TOTAL,,296,"$139,210.59 ","$110,934.49 "
27067,AS,,2,$215.72 ,$172.58 
,SG,,2,"$1,519.52 ","$1,215.62 "
,80'S,,2,$237.16 ,$189.73 
,OTHER,,13,"$8,738.29 ","$6,990.64 "
,TOTAL,,19,"$10,710.69 ","$8,568.57 "
27070,AS,,43,"$3,950.10 ","$3,160.08 "
,80'S,,10,$985.82 ,$788.64 
,OTHER,,316,"$204,444.95 ","$162,130.07 "
,TOTAL,,369,"$209,380.87 ","$166,078.79 "
27071,AS,,68,"$6,619.81 ","$5,280.58 "
,80'S,,36,"$3,906.09 ","$2,987.94 "
,OTHER,,520,"$390,284.75 ","$306,776.89 "
,TOTAL,,624,"$400,810.65 ","$315,045.41 "
27075,AS,,3,$920.72 ,$736.58 
,80'S,,8,"$2,721.56 ","$2,016.78 "
,OTHER,,84,"$176,760.99 ","$139,365.35 "
,TOTAL,,95,"$180,403.27 ","$142,118.71 "
27076,AS,,14,"$2,944.80 ","$2,355.84 "
,80'S,,8,"$1,663.64 ","$1,330.91 "
,OTHER,,91,"$117,582.09 ","$93,926.19 "
,TOTAL,,113,"$122,190.53 ","$97,612.94 "
27077,OTHER,,7,"$15,768.70 ","$10,487.71 "
,TOTAL,,7,"$15,768.70 ","$10,487.71 "
27078,AS,,6,$658.55 ,$526.82 
,80'S,,6,$651.78 ,$521.42 
,OTHER,,55,"$42,102.65 ","$33,320.93 "
,TOTAL,,67,"$43,412.98 ","$34,369.17 "
27079,OTHER,,11,"$8,759.32 ","$7,007.46 "
,TOTAL,,11,"$8,759.32 ","$7,007.46 "
27080,AS,,27,"$1,547.32 ","$1,222.56 "
,SG,,6,"$2,377.58 ","$1,902.06 "
,80'S,,17,$893.32 ,$714.66 
,OTHER,,248,"$92,118.74 ","$72,564.55 "
,TOTAL,,298,"$96,936.96 ","$76,403.83 "
27086,AS,,1,$18.52 ,$14.82 
,SG,,4,"$1,147.09 ",$917.67 
,80'S,,1,$11.82 ,$9.46 
,OTHER,,131,"$19,576.70 ","$15,558.18 "
,TOTAL,,137,"$20,754.13 ","$16,500.13 "
27087,AS,,41,"$2,514.42 ","$2,011.52 "
,SG,,6,"$3,016.70 ","$2,406.06 "
,80'S,,15,$975.10 ,$780.09 
,OTHER,,355,"$171,956.31 ","$135,949.16 "
,TOTAL,,417,"$178,462.53 ","$141,146.83 "
27090,AS,,130,"$12,080.66 ","$9,578.29 "
,80'S,,73,"$7,094.44 ","$5,670.74 "
,OTHER,,818,"$502,264.76 ","$400,515.49 "
,TOTAL,,"1,021","$521,439.86 ","$415,764.52 "
27091,AS,,459,"$90,109.49 ","$71,789.77 "
,80'S,,274,"$63,394.00 ","$50,641.29 "
,OTHER,,"1,980","$2,729,623.76 ","$2,169,274.60 "
,TOTAL,,"2,713","$2,883,127.25 ","$2,291,705.66 "
27093,OTHER,,"13,976","$1,943,629.42 ","$1,515,974.99 "
,TOTAL,,"13,976","$1,943,629.42 ","$1,515,974.99 "
27095,OTHER,,"4,691","$694,071.62 ","$542,876.18 "
,TOTAL,,"4,691","$694,071.62 ","$542,876.18 "
27096,OTHER,,"214,325","$32,732,156.68 ","$25,567,587.52 "
,TOTAL,,"214,325","$32,732,156.68 ","$25,567,587.52 "
27097,AS,,6,$301.25 ,$241.01 
,SG,,3,"$1,504.64 ","$1,203.71 "
,80'S,,2,$96.50 ,$77.20 
,OTHER,,23,"$10,293.70 ","$8,234.98 "
,TOTAL,,34,"$12,196.09 ","$9,756.90 "
27098,AS,,3,$173.16 ,$138.52 
,SG,,3,"$1,506.46 ",$969.96 
,80'S,,2,$92.78 ,$74.22 
,OTHER,,21,"$8,494.90 ","$6,696.74 "
,TOTAL,,29,"$10,267.30 ","$7,879.44 "
27100,AS,,12,$917.93 ,$734.35 
,SG,,1,$316.40 ,$253.12 
,80'S,,6,$474.93 ,$379.96 
,OTHER,,31,"$16,410.39 ","$13,128.29 "
,TOTAL,,50,"$18,119.65 ","$14,495.72 "
27105,80'S,,3,$378.50 ,$302.80 
,OTHER,,6,"$4,738.83 ","$3,791.07 "
,TOTAL,,9,"$5,117.33 ","$4,093.87 "
27110,AS,,6,$447.83 ,$358.27 
,80'S,,5,$579.13 ,$463.30 
,OTHER,,29,"$14,558.57 ","$11,646.88 "
,TOTAL,,40,"$15,585.53 ","$12,468.45 "
27111,AS,,1,$119.33 ,$95.46 
,80'S,,1,$70.59 ,$56.47 
,OTHER,,5,"$2,389.49 ","$1,911.59 "
,TOTAL,,7,"$2,579.41 ","$2,063.52 "
27120,AS,,18,"$2,417.93 ","$1,934.36 "
,80'S,,11,"$2,123.16 ","$1,698.53 "
,OTHER,,99,"$104,204.95 ","$82,537.46 "
,TOTAL,,128,"$108,746.04 ","$86,170.35 "
27122,AS,,107,"$14,882.51 ","$11,904.86 "
,80'S,,63,"$10,120.79 ","$8,084.74 "
,OTHER,,717,"$708,057.78 ","$563,893.50 "
,TOTAL,,887,"$733,061.08 ","$583,883.10 "
27125,AS,,"2,435","$348,509.04 ","$277,450.60 "
,80'S,,"1,825","$304,469.75 ","$242,016.03 "
,OTHER,,"13,795","$14,185,214.11 ","$11,301,872.23 "
,TOTAL,,"18,055","$14,838,192.90 ","$11,821,338.86 "
27130,AS,,"36,730","$6,902,450.86 ","$5,478,209.04 "
,80'S,,"19,784","$4,368,804.34 ","$3,461,502.77 "
,OTHER,,"105,139","$145,582,101.39 ","$115,382,234.95 "
,TOTAL,,"161,653","$156,853,356.59 ","$124,321,946.76 "
27132,AS,,"1,708","$372,292.01 ","$296,091.57 "
,80'S,,892,"$226,650.73 ","$180,324.25 "
,OTHER,,"5,426","$8,449,333.34 ","$6,716,706.10 "
,TOTAL,,"8,026","$9,048,276.08 ","$7,193,121.92 "
27134,AS,,"3,399","$888,425.65 ","$707,907.94 "
,80'S,,"2,104","$644,830.30 ","$512,692.80 "
,OTHER,,"10,953","$20,515,332.34 ","$16,284,329.47 "
,TOTAL,,"16,456","$22,048,588.29 ","$17,504,930.21 "
27137,AS,,"1,638","$321,479.76 ","$256,049.73 "
,80'S,,917,"$211,432.15 ","$167,519.49 "
,OTHER,,"5,174","$7,069,475.13 ","$5,612,016.33 "
,TOTAL,,"7,729","$7,602,387.04 ","$6,035,585.55 "
27138,AS,,742,"$150,301.22 ","$119,644.59 "
,80'S,,536,"$127,783.69 ","$101,632.09 "
,OTHER,,"2,890","$4,044,029.37 ","$3,217,352.34 "
,TOTAL,,"4,168","$4,322,114.28 ","$3,438,629.02 "
27140,AS,,41,"$2,789.22 ","$2,231.40 "
,80'S,,20,"$1,731.86 ","$1,336.01 "
,OTHER,,167,"$92,517.26 ","$74,013.82 "
,TOTAL,,228,"$97,038.34 ","$77,581.23 "
27146,AS,,16,"$1,611.81 ","$1,289.40 "
,80'S,,10,"$1,273.86 ","$1,019.08 "
,OTHER,,44,"$32,426.78 ","$25,941.38 "
,TOTAL,,70,"$35,312.45 ","$28,249.86 "
27147,AS,,2,$312.20 ,$249.76 
,80'S,,3,$707.39 ,$565.91 
,OTHER,,10,"$11,793.99 ","$9,435.20 "
,TOTAL,,15,"$12,813.58 ","$10,250.87 "
27151,AS,,6,$811.09 ,$648.88 
,80'S,,4,$546.03 ,$436.82 
,OTHER,,25,"$24,518.31 ","$19,448.18 "
,TOTAL,,35,"$25,875.43 ","$20,533.88 "
27156,AS,,9,"$1,818.62 ","$1,454.89 "
,80'S,,1,$128.90 ,$103.12 
,OTHER,,20,"$26,727.37 ","$21,381.90 "
,TOTAL,,30,"$28,674.89 ","$22,939.91 "
27158,OTHER,,1,"$1,069.19 ",$855.35 
,TOTAL,,1,"$1,069.19 ",$855.35 
27161,AS,,32,"$3,931.10 ","$3,054.08 "
,80'S,,17,"$3,849.41 ","$3,079.50 "
,OTHER,,87,"$90,549.87 ","$71,845.75 "
,TOTAL,,136,"$98,330.38 ","$77,979.33 "
27165,AS,,60,"$7,067.00 ","$5,653.66 "
,80'S,,37,"$4,437.49 ","$3,549.99 "
,OTHER,,275,"$250,875.58 ","$199,689.01 "
,TOTAL,,372,"$262,380.07 ","$208,892.66 "
27170,AS,,61,"$8,703.43 ","$6,627.52 "
,80'S,,35,"$5,900.05 ","$4,720.03 "
,OTHER,,320,"$314,543.99 ","$247,499.49 "
,TOTAL,,416,"$329,147.47 ","$258,847.04 "
27175,OTHER,,6,"$3,203.05 ","$2,562.44 "
,TOTAL,,6,"$3,203.05 ","$2,562.44 "
27176,AS,,2,$236.76 ,$189.40 
,80'S,,3,$368.42 ,$294.74 
,OTHER,,42,"$37,623.36 ","$30,079.97 "
,TOTAL,,47,"$38,228.54 ","$30,564.11 "
27177,80'S,,1,$162.75 ,$130.20 
,OTHER,,14,"$16,216.55 ","$12,973.24 "
,TOTAL,,15,"$16,379.30 ","$13,103.44 "
27178,AS,,1,$106.56 ,$85.25 
,80'S,,2,$199.34 ,$159.48 
,OTHER,,6,"$4,934.46 ","$3,947.57 "
,TOTAL,,9,"$5,240.36 ","$4,192.30 "
27179,AS,,2,$213.77 ,$171.02 
,80'S,,2,$363.49 ,$148.74 
,OTHER,,25,"$23,307.59 ","$16,828.62 "
,TOTAL,,29,"$23,884.85 ","$17,148.38 "
27181,OTHER,,2,"$2,070.35 ","$1,656.28 "
,TOTAL,,2,"$2,070.35 ","$1,656.28 "
27185,OTHER,,1,$805.26 ,$644.21 
,TOTAL,,1,$805.26 ,$644.21 
27187,AS,,121,"$15,050.95 ","$11,932.25 "
,80'S,,33,"$4,653.34 ","$3,722.70 "
,OTHER,,575,"$518,170.49 ","$413,161.56 "
,TOTAL,,729,"$537,874.78 ","$428,816.51 "
27193,AS,,1,$27.02 ,$21.62 
,SG,,1,$171.67 ,$137.34 
,OTHER,,"17,547","$7,342,860.01 ","$5,825,275.62 "
,TOTAL,,"17,549","$7,343,058.70 ","$5,825,434.58 "
27194,AS,,2,$95.96 ,$76.77 
,SG,,21,"$6,088.66 ","$3,852.06 "
,OTHER,,323,"$207,509.04 ","$164,357.60 "
,TOTAL,,346,"$213,693.66 ","$168,286.43 "
27200,OTHER,,648,"$93,809.94 ","$73,266.46 "
,TOTAL,,648,"$93,809.94 ","$73,266.46 "
27202,OTHER,,3,"$2,798.31 ","$2,238.65 "
,TOTAL,,3,"$2,798.31 ","$2,238.65 "
27215,AS,,15,$967.17 ,$773.70 
,80'S,,7,$624.85 ,$499.86 
,OTHER,,70,"$42,842.87 ","$34,175.08 "
,TOTAL,,92,"$44,434.89 ","$35,448.64 "
27216,AS,,34,"$3,947.38 ","$3,146.63 "
,80'S,,36,"$5,432.69 ","$4,346.11 "
,OTHER,,282,"$251,396.07 ","$199,094.37 "
,TOTAL,,352,"$260,776.14 ","$206,587.11 "
27217,AS,,43,"$5,053.80 ","$4,031.97 "
,80'S,,22,"$2,553.46 ","$2,042.75 "
,OTHER,,227,"$164,448.76 ","$130,627.23 "
,TOTAL,,292,"$172,056.02 ","$136,701.95 "
27218,AS,,13,"$2,046.76 ","$1,637.41 "
,80'S,,17,"$2,661.36 ","$2,129.08 "
,OTHER,,126,"$142,350.67 ","$113,880.53 "
,TOTAL,,156,"$147,058.79 ","$117,647.02 "
27220,OTHER,,"2,984","$1,402,086.96 ","$1,111,011.02 "
,TOTAL,,"2,984","$1,402,086.96 ","$1,111,011.02 "
27222,OTHER,,257,"$226,947.06 ","$180,828.72 "
,TOTAL,,257,"$226,947.06 ","$180,828.72 "
27226,AS,,30,"$2,610.67 ","$2,046.00 "
,80'S,,39,"$4,802.94 ","$3,842.38 "
,OTHER,,247,"$191,456.30 ","$152,807.12 "
,TOTAL,,316,"$198,869.91 ","$158,695.50 "
27227,AS,,44,"$9,110.14 ","$7,288.06 "
,80'S,,33,"$7,532.29 ","$6,025.80 "
,OTHER,,307,"$462,522.39 ","$367,646.37 "
,TOTAL,,384,"$479,164.82 ","$380,960.23 "
27228,AS,,64,"$14,957.81 ","$11,800.06 "
,80'S,,78,"$22,264.27 ","$17,811.42 "
,OTHER,,520,"$922,520.27 ","$732,300.98 "
,TOTAL,,662,"$959,742.35 ","$761,912.46 "
27230,OTHER,,"2,681","$1,132,806.78 ","$900,039.78 "
,TOTAL,,"2,681","$1,132,806.78 ","$900,039.78 "
27232,OTHER,,467,"$339,493.06 ","$271,217.46 "
,TOTAL,,467,"$339,493.06 ","$271,217.46 "
27235,OTHER,,"17,864","$15,657,666.90 ","$12,469,109.70 "
,TOTAL,,"17,864","$15,657,666.90 ","$12,469,109.70 "
27236,AS,,"15,552","$2,309,082.50 ","$1,834,293.01 "
,80'S,,"6,130","$1,074,001.78 ","$853,940.90 "
,OTHER,,"78,553","$85,305,019.07 ","$68,017,606.92 "
,TOTAL,,"100,235","$88,688,103.35 ","$70,705,840.83 "
27238,SG,,1,$165.30 ,$132.24 
,OTHER,,"2,177","$918,065.79 ","$730,166.89 "
,TOTAL,,"2,178","$918,231.09 ","$730,299.13 "
27240,OTHER,,542,"$494,054.00 ","$394,628.67 "
,TOTAL,,542,"$494,054.00 ","$394,628.67 "
27244,AS,,"6,872","$1,037,187.48 ","$823,949.74 "
,80'S,,"2,347","$415,314.93 ","$330,507.37 "
,OTHER,,"43,280","$48,208,015.77 ","$38,425,980.03 "
,TOTAL,,"52,499","$49,660,518.18 ","$39,580,437.14 "
27245,AS,,"8,915","$1,697,502.04 ","$1,350,252.83 "
,80'S,,"2,819","$629,623.60 ","$500,509.97 "
,OTHER,,"57,129","$80,113,426.41 ","$63,889,948.89 "
,TOTAL,,"68,863","$82,440,552.05 ","$65,740,711.69 "
27246,OTHER,,"2,835","$1,021,137.72 ","$807,531.13 "
,TOTAL,,"2,835","$1,021,137.72 ","$807,531.13 "
27248,AS,,294,"$21,991.02 ","$17,432.71 "
,80'S,,141,"$13,584.94 ","$10,726.77 "
,OTHER,,"1,541","$870,416.44 ","$694,066.23 "
,TOTAL,,"1,976","$905,992.40 ","$722,225.71 "
27250,SG,,1,$350.41 ,$280.33 
,OTHER,,"3,051","$1,206,053.86 ","$957,235.86 "
,TOTAL,,"3,052","$1,206,404.27 ","$957,516.19 "
27252,SG,,2,$864.64 ,$691.72 
,OTHER,,"1,695","$1,142,079.02 ","$905,956.67 "
,TOTAL,,"1,697","$1,142,943.66 ","$906,648.39 "
27253,AS,,52,"$6,296.16 ","$5,036.91 "
,80'S,,24,"$3,403.45 ","$2,722.75 "
,OTHER,,375,"$290,048.27 ","$231,334.76 "
,TOTAL,,451,"$299,747.88 ","$239,094.42 "
27254,AS,,38,"$6,342.41 ","$5,073.92 "
,80'S,,50,"$10,280.99 ","$8,108.21 "
,OTHER,,185,"$220,212.38 ","$175,506.18 "
,TOTAL,,273,"$236,835.78 ","$188,688.31 "
27256,OTHER,,120,"$28,374.17 ","$22,412.17 "
,TOTAL,,120,"$28,374.17 ","$22,412.17 "
27257,OTHER,,168,"$48,713.26 ","$38,665.45 "
,TOTAL,,168,"$48,713.26 ","$38,665.45 "
27258,AS,,8,"$1,134.58 ",$907.67 
,80'S,,8,"$1,281.40 ","$1,025.12 "
,OTHER,,80,"$71,370.53 ","$57,096.46 "
,TOTAL,,96,"$73,786.51 ","$59,029.25 "
27259,OTHER,,2,"$2,606.30 ","$2,085.04 "
,TOTAL,,2,"$2,606.30 ","$2,085.04 "
27265,SG,,1,$313.15 ,$250.52 
,OTHER,,"5,365","$1,834,402.00 ","$1,454,210.71 "
,TOTAL,,"5,366","$1,834,715.15 ","$1,454,461.23 "
27266,AS,,2,$152.12 ,$121.70 
,SG,,9,"$3,951.30 ","$3,161.04 "
,80'S,,1,$107.54 ,$86.03 
,OTHER,,"10,081","$5,169,659.92 ","$4,100,007.10 "
,TOTAL,,"10,093","$5,173,870.88 ","$4,103,375.87 "
27275,SG,,120,"$47,625.10 ","$37,756.36 "
,OTHER,,718,"$91,643.58 ","$72,433.20 "
,TOTAL,,838,"$139,268.68 ","$110,189.56 "
27280,AS,,37,"$4,370.75 ","$3,496.57 "
,80'S,,7,$833.10 ,$605.71 
,OTHER,,146,"$113,581.00 ","$89,278.40 "
,TOTAL,,190,"$118,784.85 ","$93,380.68 "
27282,AS,,1,$57.40 ,$45.92 
,80'S,,1,$144.61 ,$115.69 
,OTHER,,4,"$2,030.81 ","$1,624.65 "
,TOTAL,,6,"$2,232.82 ","$1,786.26 "
27284,AS,,2,$439.76 ,$351.81 
,80'S,,3,$670.16 ,$536.13 
,OTHER,,16,"$22,219.98 ","$17,676.79 "
,TOTAL,,21,"$23,329.90 ","$18,564.73 "
27286,AS,,2,$443.66 ,$354.93 
,80'S,,1,$276.85 ,$221.48 
,OTHER,,10,"$16,012.27 ","$12,809.83 "
,TOTAL,,13,"$16,732.78 ","$13,386.24 "
27290,AS,,2,$417.87 ,$334.30 
,80'S,,5,"$1,231.56 ",$985.25 
,OTHER,,33,"$43,653.13 ","$34,922.52 "
,TOTAL,,40,"$45,302.56 ","$36,242.07 "
27295,AS,,21,"$3,518.01 ","$2,814.38 "
,80'S,,32,"$6,142.42 ","$4,913.93 "
,OTHER,,251,"$279,722.73 ","$221,912.52 "
,TOTAL,,304,"$289,383.16 ","$229,640.83 "
27299,AS,,92,"$15,844.54 ","$12,674.24 "
,80'S,,13,"$1,641.19 ","$1,302.01 "
,OTHER,,685,"$628,111.77 ","$501,184.35 "
,TOTAL,,790,"$645,597.50 ","$515,160.60 "
27301,AS,,1,$65.46 ,$52.37 
,SG,,190,"$90,817.55 ","$71,590.17 "
,OTHER,,"7,630","$3,172,537.02 ","$2,510,767.92 "
,TOTAL,,"7,821","$3,263,420.03 ","$2,582,410.46 "
27303,AS,,119,"$7,814.94 ","$6,252.03 "
,80'S,,50,"$3,526.54 ","$2,821.24 "
,OTHER,,850,"$412,546.80 ","$325,924.44 "
,TOTAL,,"1,019","$423,888.28 ","$334,997.71 "
27305,AS,,38,"$1,587.89 ","$1,270.35 "
,SG,,25,"$8,559.76 ","$6,847.79 "
,80'S,,9,$585.33 ,$468.26 
,OTHER,,180,"$59,688.84 ","$47,202.21 "
,TOTAL,,252,"$70,421.82 ","$55,788.61 "
27306,AS,,9,$294.86 ,$235.88 
,SG,,3,"$1,264.49 ","$1,011.60 "
,80'S,,3,$110.37 ,$88.30 
,OTHER,,67,"$15,742.77 ","$12,594.23 "
,TOTAL,,82,"$17,412.49 ","$13,930.01 "
27307,AS,,2,$85.16 ,$68.12 
,SG,,2,$985.04 ,$788.03 
,80'S,,4,$222.50 ,$178.00 
,OTHER,,79,"$26,741.41 ","$21,383.46 "
,TOTAL,,87,"$28,034.11 ","$22,417.61 "
27310,AS,,533,"$45,717.21 ","$36,310.64 "
,SG,,49,"$28,325.33 ","$22,290.92 "
,80'S,,125,"$12,151.26 ","$9,721.02 "
,OTHER,,"3,625","$2,095,680.31 ","$1,666,225.85 "
,TOTAL,,"4,332","$2,181,874.11 ","$1,734,548.43 "
27315,AS,,1,$65.48 ,$52.38 
,SG,,2,$895.58 ,$716.46 
,80'S,,1,$37.87 ,$30.30 
,OTHER,,12,"$4,908.03 ","$3,926.41 "
,TOTAL,,16,"$5,906.96 ","$4,725.55 "
27320,SG,,3,"$1,092.42 ",$873.94 
,OTHER,,14,"$5,608.63 ","$4,430.01 "
,TOTAL,,17,"$6,701.05 ","$5,303.95 "
27323,SG,,36,"$9,201.14 ","$7,212.31 "
,OTHER,,749,"$135,302.73 ","$105,657.24 "
,TOTAL,,785,"$144,503.87 ","$112,869.55 "
27324,SG,,50,"$14,988.59 ","$11,885.65 "
,OTHER,,969,"$309,582.79 ","$244,282.50 "
,TOTAL,,"1,019","$324,571.38 ","$256,168.15 "
27327,SG,,478,"$178,354.40 ","$140,204.40 "
,OTHER,,"2,618","$777,672.62 ","$611,014.97 "
,TOTAL,,"3,096","$956,027.02 ","$751,219.37 "
27328,SG,,277,"$133,489.45 ","$104,712.38 "
,80'S,,1,$76.12 ,$60.90 
,OTHER,,"1,987","$719,329.14 ","$565,328.25 "
,TOTAL,,"2,265","$852,894.71 ","$670,101.53 "
27329,AS,,68,"$8,296.20 ","$6,636.96 "
,SG,,44,"$26,830.53 ","$21,144.13 "
,80'S,,73,"$10,476.13 ","$8,380.88 "
,OTHER,,"1,132","$1,026,851.56 ","$817,662.58 "
,TOTAL,,"1,317","$1,072,454.42 ","$853,824.55 "
27330,SG,,6,"$3,143.82 ","$2,515.06 "
,OTHER,,84,"$23,373.43 ","$18,607.83 "
,TOTAL,,90,"$26,517.25 ","$21,122.89 "
27331,AS,,104,"$5,917.96 ","$4,734.35 "
,SG,,67,"$36,606.33 ","$28,697.24 "
,80'S,,67,"$3,737.65 ","$2,990.05 "
,OTHER,,835,"$310,976.55 ","$245,077.04 "
,TOTAL,,"1,073","$357,238.49 ","$281,498.68 "
27332,AS,,8,$493.77 ,$306.15 
,SG,,21,"$12,002.96 ","$9,469.16 "
,80'S,,15,"$1,271.49 ","$1,017.18 "
,OTHER,,119,"$58,971.05 ","$46,428.04 "
,TOTAL,,163,"$72,739.27 ","$57,220.53 "
27333,AS,,2,$75.27 ,$60.22 
,SG,,2,$932.28 ,$745.82 
,80'S,,4,$253.99 ,$203.19 
,OTHER,,21,"$8,562.17 ","$6,849.73 "
,TOTAL,,29,"$9,823.71 ","$7,858.96 "
27334,AS,,176,"$12,280.16 ","$9,805.57 "
,SG,,19,"$10,453.98 ","$8,363.17 "
,80'S,,90,"$6,802.64 ","$5,339.25 "
,OTHER,,"1,052","$528,423.55 ","$419,995.42 "
,TOTAL,,"1,337","$557,960.33 ","$443,503.41 "
27335,AS,,323,"$26,595.92 ","$21,035.48 "
,SG,,2,"$1,265.38 ","$1,012.30 "
,80'S,,106,"$9,037.14 ","$7,211.62 "
,OTHER,,"1,101","$556,031.78 ","$441,622.35 "
,TOTAL,,"1,532","$592,930.22 ","$470,881.75 "
27340,SG,,263,"$123,801.42 ","$97,282.16 "
,OTHER,,"1,324","$401,978.50 ","$316,377.31 "
,TOTAL,,"1,587","$525,779.92 ","$413,659.47 "
27345,AS,,413,"$15,337.22 ","$12,217.45 "
,SG,,187,"$97,474.30 ","$76,136.46 "
,80'S,,66,"$3,188.93 ","$2,511.39 "
,OTHER,,"1,294","$413,496.01 ","$325,575.27 "
,TOTAL,,"1,960","$529,496.46 ","$416,440.57 "
27347,AS,,55,"$2,885.73 ","$2,286.43 "
,SG,,96,"$49,307.25 ","$38,866.98 "
,80'S,,8,$424.34 ,$339.47 
,OTHER,,377,"$126,127.73 ","$99,136.68 "
,TOTAL,,536,"$178,745.05 ","$140,629.56 "
27350,AS,,121,"$8,268.96 ","$6,544.98 "
,SG,,33,"$18,751.48 ","$14,811.49 "
,80'S,,59,"$4,357.23 ","$3,485.73 "
,OTHER,,677,"$332,691.77 ","$263,744.55 "
,TOTAL,,890,"$364,069.44 ","$288,586.75 "
27355,AS,,53,"$2,791.01 ","$2,200.75 "
,SG,,12,"$4,793.77 ","$3,782.07 "
,80'S,,20,"$1,223.75 ",$966.65 
,OTHER,,322,"$131,043.30 ","$102,907.88 "
,TOTAL,,407,"$139,851.83 ","$109,857.35 "
27356,AS,,22,"$1,436.84 ","$1,149.47 "
,SG,,1,$653.50 ,$522.80 
,80'S,,5,$302.16 ,$241.73 
,OTHER,,106,"$58,771.99 ","$45,940.68 "
,TOTAL,,134,"$61,164.49 ","$47,854.68 "
27357,AS,,12,$631.74 ,$505.39 
,80'S,,4,$262.27 ,$209.81 
,OTHER,,262,"$132,213.90 ","$105,245.93 "
,TOTAL,,278,"$133,107.91 ","$105,961.13 "
27358,AS,,3,$120.21 ,$96.16 
,80'S,,1,$42.93 ,$34.34 
,OTHER,,26,"$7,951.84 ","$6,361.47 "
,TOTAL,,30,"$8,114.98 ","$6,491.97 "
27360,AS,,121,"$11,172.77 ","$8,900.54 "
,SG,,45,"$30,778.69 ","$24,106.43 "
,80'S,,50,"$4,713.13 ","$3,770.48 "
,OTHER,,918,"$616,953.56 ","$487,675.96 "
,TOTAL,,"1,134","$663,618.15 ","$524,453.41 "
27365,AS,,59,"$6,473.18 ","$5,178.51 "
,80'S,,40,"$4,602.85 ","$3,649.79 "
,OTHER,,421,"$354,107.69 ","$281,173.15 "
,TOTAL,,520,"$365,183.72 ","$290,001.45 "
27370,OTHER,,"10,935","$1,666,853.08 ","$1,314,517.41 "
,TOTAL,,"10,935","$1,666,853.08 ","$1,314,517.41 "
27372,AS,,19,$698.00 ,$558.43 
,SG,,35,"$34,209.90 ","$27,338.45 "
,80'S,,3,$155.05 ,$124.03 
,OTHER,,595,"$191,725.17 ","$151,444.35 "
,TOTAL,,652,"$226,788.12 ","$179,465.26 "
27380,AS,,183,"$11,425.60 ","$9,114.57 "
,SG,,34,"$9,892.58 ","$7,670.60 "
,80'S,,69,"$4,856.75 ","$3,840.16 "
,OTHER,,"1,004","$461,652.56 ","$367,327.02 "
,TOTAL,,"1,290","$487,827.49 ","$387,952.35 "
27381,AS,,103,"$9,014.89 ","$7,211.93 "
,SG,,5,"$2,593.65 ","$2,074.92 "
,80'S,,48,"$5,006.67 ","$3,802.78 "
,OTHER,,431,"$277,111.01 ","$219,728.29 "
,TOTAL,,587,"$293,726.22 ","$232,817.92 "
27385,AS,,512,"$40,111.03 ","$31,523.39 "
,SG,,159,"$75,696.95 ","$59,735.58 "
,80'S,,172,"$15,727.40 ","$12,290.61 "
,OTHER,,"2,618","$1,509,832.15 ","$1,192,384.33 "
,TOTAL,,"3,461","$1,641,367.53 ","$1,295,933.91 "
27386,AS,,96,"$9,529.11 ","$7,542.00 "
,SG,,13,"$6,179.28 ","$4,935.45 "
,80'S,,38,"$4,386.48 ","$3,509.22 "
,OTHER,,390,"$283,208.72 ","$224,274.61 "
,TOTAL,,537,"$303,303.59 ","$240,261.28 "
27390,AS,,5,$171.42 ,$137.13 
,SG,,2,$518.29 ,$414.63 
,80'S,,7,$281.84 ,$225.46 
,OTHER,,35,"$10,338.67 ","$8,270.92 "
,TOTAL,,49,"$11,310.22 ","$9,048.14 "
27391,AS,,2,$107.82 ,$86.25 
,80'S,,2,$82.25 ,$65.80 
,OTHER,,73,"$30,856.71 ","$24,506.72 "
,TOTAL,,77,"$31,046.78 ","$24,658.77 "
27392,AS,,3,$190.58 ,$152.46 
,80'S,,3,$317.42 ,$253.93 
,OTHER,,23,"$12,435.67 ","$9,948.52 "
,TOTAL,,29,"$12,943.67 ","$10,354.91 "
27393,AS,,11,$394.86 ,$315.89 
,80'S,,13,$519.68 ,$415.76 
,OTHER,,72,"$19,750.91 ","$15,800.85 "
,TOTAL,,96,"$20,665.45 ","$16,532.50 "
27394,AS,,17,$959.44 ,$733.29 
,SG,,2,$716.07 ,$572.85 
,80'S,,7,$377.89 ,$302.32 
,OTHER,,137,"$53,275.87 ","$41,493.23 "
,TOTAL,,163,"$55,329.27 ","$43,101.69 "
27395,AS,,1,$119.23 ,$95.38 
,80'S,,4,$626.86 ,$501.49 
,OTHER,,25,"$20,430.22 ","$16,244.97 "
,TOTAL,,30,"$21,176.31 ","$16,841.84 "
27396,AS,,5,$280.14 ,$224.12 
,80'S,,2,$94.61 ,$75.69 
,OTHER,,10,"$4,114.84 ","$3,291.88 "
,TOTAL,,17,"$4,489.59 ","$3,591.69 "
27397,AS,,2,$191.34 ,$153.07 
,SG,,1,$249.28 ,$199.42 
,80'S,,1,$128.02 ,$102.42 
,OTHER,,5,"$3,670.32 ","$2,936.26 "
,TOTAL,,9,"$4,238.96 ","$3,391.17 "
27400,AS,,1,$46.83 ,$37.46 
,OTHER,,45,"$17,769.91 ","$14,215.85 "
,TOTAL,,46,"$17,816.74 ","$14,253.31 "
27403,AS,,25,"$1,164.62 ",$928.41 
,SG,,3,"$2,014.44 ","$1,611.55 "
,80'S,,20,"$1,367.49 ","$1,061.16 "
,OTHER,,197,"$70,258.03 ","$55,340.23 "
,TOTAL,,245,"$74,804.58 ","$58,941.35 "
27405,AS,,66,"$4,199.51 ","$3,359.59 "
,SG,,11,"$6,343.11 ","$4,804.88 "
,80'S,,27,"$2,181.26 ","$1,745.01 "
,OTHER,,359,"$169,925.73 ","$133,283.66 "
,TOTAL,,463,"$182,649.61 ","$143,193.14 "
27407,AS,,3,$216.89 ,$173.51 
,SG,,4,"$1,264.83 ","$1,011.87 "
,80'S,,4,$363.21 ,$290.58 
,OTHER,,36,"$19,736.90 ","$15,789.53 "
,TOTAL,,47,"$21,581.83 ","$17,265.49 "
27409,AS,,4,$316.65 ,$253.31 
,OTHER,,25,"$20,511.17 ","$15,742.35 "
,TOTAL,,29,"$20,827.82 ","$15,995.66 "
27412,AS,,2,$417.61 ,$334.09 
,OTHER,,6,"$9,880.88 ","$7,744.92 "
,TOTAL,,8,"$10,298.49 ","$8,079.01 "
27415,AS,,8,"$1,335.04 ","$1,068.03 "
,80'S,,5,$933.39 ,$695.70 
,OTHER,,39,"$50,101.68 ","$37,672.36 "
,TOTAL,,52,"$52,370.11 ","$39,436.09 "
27418,AS,,44,"$4,443.62 ","$3,473.78 "
,SG,,21,"$7,134.49 ","$5,707.58 "
,80'S,,18,"$2,290.30 ","$1,832.23 "
,OTHER,,201,"$148,910.47 ","$117,320.14 "
,TOTAL,,284,"$162,778.88 ","$128,333.73 "
27420,AS,,16,"$1,474.64 ","$1,179.73 "
,SG,,11,"$4,646.89 ","$3,717.52 "
,80'S,,3,$266.56 ,$213.24 
,OTHER,,87,"$55,518.27 ","$43,383.66 "
,TOTAL,,117,"$61,906.36 ","$48,494.15 "
27422,AS,,158,"$12,762.98 ","$9,916.65 "
,SG,,29,"$28,553.57 ","$22,581.81 "
,80'S,,64,"$6,298.84 ","$4,922.62 "
,OTHER,,684,"$408,259.63 ","$317,446.41 "
,TOTAL,,935,"$455,875.02 ","$354,867.49 "
27424,AS,,29,"$2,541.25 ","$2,033.04 "
,SG,,7,"$3,370.34 ","$2,696.27 "
,80'S,,5,$553.40 ,$442.72 
,OTHER,,82,"$50,926.64 ","$40,528.68 "
,TOTAL,,123,"$57,391.63 ","$45,700.71 "
27425,AS,,2,$93.04 ,$74.44 
,SG,,96,"$94,540.34 ","$74,352.84 "
,OTHER,,"1,936","$498,522.00 ","$392,860.59 "
,TOTAL,,"2,034","$593,155.38 ","$467,287.87 "
27427,AS,,25,"$1,684.38 ","$1,266.99 "
,SG,,9,"$3,249.50 ","$2,599.60 "
,80'S,,14,"$1,298.01 ",$952.34 
,OTHER,,132,"$68,899.34 ","$54,126.56 "
,TOTAL,,180,"$75,131.23 ","$58,945.49 "
27428,AS,,8,$977.64 ,$782.12 
,SG,,6,"$3,437.23 ","$2,749.78 "
,80'S,,7,"$1,021.71 ",$817.36 
,OTHER,,79,"$61,984.50 ","$49,587.61 "
,TOTAL,,100,"$67,421.08 ","$53,936.87 "
27429,AS,,1,$157.52 ,$126.02 
,SG,,1,$307.08 ,$245.66 
,80'S,,1,$188.66 ,$150.93 
,OTHER,,25,"$25,284.42 ","$19,259.93 "
,TOTAL,,28,"$25,937.68 ","$19,782.54 "
27430,AS,,125,"$9,996.62 ","$7,955.89 "
,SG,,31,"$16,896.43 ","$13,402.78 "
,80'S,,76,"$6,059.55 ","$4,847.61 "
,OTHER,,612,"$338,824.65 ","$268,817.42 "
,TOTAL,,844,"$371,777.25 ","$295,023.70 "
27435,AS,,101,"$6,179.36 ","$4,943.52 "
,SG,,1,$607.95 ,$486.36 
,80'S,,72,"$4,971.47 ","$3,942.56 "
,OTHER,,414,"$177,642.59 ","$141,070.79 "
,TOTAL,,588,"$189,401.37 ","$150,443.23 "
27437,AS,,1,$40.00 ,$32.00 
,SG,,3,"$1,856.32 ","$1,377.75 "
,OTHER,,"1,210","$422,564.39 ","$335,242.35 "
,TOTAL,,"1,214","$424,460.71 ","$336,652.10 "
27438,AS,,185,"$18,780.85 ","$14,847.43 "
,SG,,1,$700.82 ,$560.66 
,80'S,,101,"$12,781.93 ","$10,095.13 "
,OTHER,,685,"$505,460.61 ","$399,621.86 "
,TOTAL,,972,"$537,724.21 ","$425,125.08 "
27440,AS,,7,$594.14 ,$475.31 
,80'S,,7,$849.85 ,$679.87 
,OTHER,,20,"$12,367.39 ","$9,893.92 "
,TOTAL,,34,"$13,811.38 ","$11,049.10 "
27441,AS,,5,$425.83 ,$340.66 
,SG,,1,$752.30 ,$601.84 
,80'S,,6,$612.74 ,$490.20 
,OTHER,,44,"$27,256.74 ","$21,585.46 "
,TOTAL,,56,"$29,047.61 ","$23,018.16 "
27442,AS,,25,"$2,999.13 ","$2,399.34 "
,SG,,14,"$9,847.85 ","$7,878.26 "
,80'S,,16,"$2,234.44 ","$1,787.55 "
,OTHER,,83,"$68,434.05 ","$54,310.33 "
,TOTAL,,138,"$83,515.47 ","$66,375.48 "
27443,AS,,4,$420.50 ,$336.41 
,SG,,2,"$1,524.50 ","$1,219.60 "
,80'S,,4,$485.56 ,$388.45 
,OTHER,,40,"$31,449.79 ","$24,510.75 "
,TOTAL,,50,"$33,880.35 ","$26,455.21 "
27445,AS,,37,"$5,663.30 ","$4,530.64 "
,80'S,,32,"$6,084.15 ","$4,814.59 "
,OTHER,,213,"$247,827.11 ","$197,074.41 "
,TOTAL,,282,"$259,574.56 ","$206,419.64 "
27446,AS,,"4,380","$665,623.95 ","$527,673.55 "
,80'S,,"1,548","$272,773.60 ","$215,781.40 "
,OTHER,,"10,974","$12,166,764.01 ","$9,628,246.74 "
,TOTAL,,"16,902","$13,105,161.56 ","$10,371,701.69 "
27447,AS,,"90,580","$18,303,930.04 ","$14,524,159.90 "
,80'S,,"44,314","$10,507,800.25 ","$8,317,848.80 "
,OTHER,,"256,613","$382,398,550.42 ","$302,851,595.57 "
,TOTAL,,"391,507","$411,210,280.71 ","$325,693,604.27 "
27448,AS,,32,"$2,539.82 ","$2,031.88 "
,80'S,,88,"$6,905.98 ","$5,524.98 "
,OTHER,,173,"$87,516.15 ","$69,911.99 "
,TOTAL,,293,"$96,961.95 ","$77,468.85 "
27450,AS,,21,"$1,890.13 ","$1,512.13 "
,80'S,,25,"$2,852.44 ","$2,281.98 "
,OTHER,,146,"$111,390.75 ","$88,375.94 "
,TOTAL,,192,"$116,133.32 ","$92,170.05 "
27454,AS,,14,"$1,430.94 ","$1,144.77 "
,80'S,,3,$389.67 ,$311.74 
,OTHER,,30,"$28,117.41 ","$22,493.91 "
,TOTAL,,47,"$29,938.02 ","$23,950.42 "
27455,AS,,9,$907.38 ,$725.90 
,80'S,,3,$353.01 ,$282.41 
,OTHER,,78,"$48,693.50 ","$38,883.83 "
,TOTAL,,90,"$49,953.89 ","$39,892.14 "
27457,AS,,18,"$2,277.32 ","$1,727.79 "
,80'S,,14,"$1,822.04 ","$1,457.64 "
,OTHER,,90,"$78,629.99 ","$62,232.26 "
,TOTAL,,122,"$82,729.35 ","$65,417.69 "
27465,AS,,3,$311.18 ,$248.95 
,80'S,,1,$161.08 ,$128.86 
,OTHER,,25,"$18,772.07 ","$15,017.66 "
,TOTAL,,29,"$19,244.33 ","$15,395.47 "
27466,AS,,42,"$5,631.75 ","$4,505.35 "
,80'S,,4,$377.92 ,$302.34 
,OTHER,,86,"$72,414.37 ","$57,341.35 "
,TOTAL,,132,"$78,424.04 ","$62,149.04 "
27468,AS,,1,$172.21 ,$137.77 
,80'S,,2,$320.80 ,$256.64 
,OTHER,,6,"$7,411.83 ","$5,929.47 "
,TOTAL,,9,"$7,904.84 ","$6,323.88 "
27470,AS,,128,"$18,467.66 ","$14,690.21 "
,80'S,,56,"$9,171.52 ","$7,278.64 "
,OTHER,,611,"$641,418.82 ","$508,773.17 "
,TOTAL,,795,"$669,058.00 ","$530,742.02 "
27472,AS,,113,"$18,386.96 ","$14,703.68 "
,80'S,,64,"$11,820.28 ","$9,208.26 "
,OTHER,,522,"$612,919.46 ","$483,192.61 "
,TOTAL,,699,"$643,126.70 ","$507,104.55 "
27475,OTHER,,1,$648.53 ,$518.82 
,TOTAL,,1,$648.53 ,$518.82 
27477,OTHER,,43,"$29,884.99 ","$23,589.80 "
,TOTAL,,43,"$29,884.99 ","$23,589.80 "
27479,OTHER,,2,"$1,392.90 ","$1,114.32 "
,TOTAL,,2,"$1,392.90 ","$1,114.32 "
27485,OTHER,,12,"$7,793.06 ","$6,234.43 "
,TOTAL,,12,"$7,793.06 ","$6,234.43 "
27486,AS,,"2,443","$437,401.05 ","$347,598.11 "
,80'S,,"1,227","$257,113.15 ","$203,003.97 "
,OTHER,,"7,855","$10,075,154.94 ","$7,982,962.37 "
,TOTAL,,"11,525","$10,769,669.14 ","$8,533,564.45 "
27487,AS,,"4,330","$1,013,310.55 ","$805,582.97 "
,80'S,,"2,298","$625,248.99 ","$496,035.26 "
,OTHER,,"12,836","$21,691,036.07 ","$17,198,629.13 "
,TOTAL,,"19,464","$23,329,595.61 ","$18,500,247.36 "
27488,AS,,"1,177","$174,049.51 ","$138,058.80 "
,80'S,,556,"$95,381.93 ","$75,866.84 "
,OTHER,,"4,451","$4,631,829.27 ","$3,676,264.14 "
,TOTAL,,"6,184","$4,901,260.71 ","$3,890,189.78 "
27495,AS,,105,"$15,296.81 ","$12,237.27 "
,80'S,,32,"$5,101.58 ","$4,063.89 "
,OTHER,,643,"$667,202.48 ","$531,307.79 "
,TOTAL,,780,"$687,600.87 ","$547,608.95 "
27496,SG,,1,$369.52 ,$295.62 
,OTHER,,51,"$18,569.18 ","$14,680.25 "
,TOTAL,,52,"$18,938.70 ","$14,975.87 "
27497,AS,,2,$100.84 ,$80.67 
,SG,,1,$512.27 ,$409.82 
,OTHER,,15,"$6,424.92 ","$5,139.94 "
,TOTAL,,18,"$7,038.03 ","$5,630.43 "
27498,AS,,1,$78.34 ,$62.67 
,SG,,1,$499.41 ,$399.53 
,OTHER,,56,"$23,463.13 ","$18,737.83 "
,TOTAL,,58,"$24,040.88 ","$19,200.03 "
27499,AS,,4,$173.24 ,$138.60 
,80'S,,1,$95.97 ,$76.78 
,OTHER,,30,"$14,850.95 ","$11,880.76 "
,TOTAL,,35,"$15,120.16 ","$12,096.14 "
27500,OTHER,,941,"$414,645.01 ","$329,301.63 "
,TOTAL,,941,"$414,645.01 ","$329,301.63 "
27501,AS,,1,$62.95 ,$50.36 
,OTHER,,"1,464","$668,465.13 ","$530,767.63 "
,TOTAL,,"1,465","$668,528.08 ","$530,817.99 "
27502,OTHER,,428,"$314,960.66 ","$250,827.58 "
,TOTAL,,428,"$314,960.66 ","$250,827.58 "
27503,AS,,7,$743.67 ,$594.93 
,SG,,2,$991.74 ,$793.39 
,80'S,,6,$730.99 ,$584.79 
,OTHER,,741,"$561,871.35 ","$446,591.77 "
,TOTAL,,756,"$564,337.75 ","$448,564.88 "
27506,AS,,"1,399","$228,389.65 ","$181,237.90 "
,80'S,,644,"$120,289.54 ","$95,730.06 "
,OTHER,,"8,060","$9,611,846.90 ","$7,652,127.18 "
,TOTAL,,"10,103","$9,960,526.09 ","$7,929,095.14 "
27507,AS,,773,"$95,957.01 ","$75,983.80 "
,80'S,,482,"$69,938.92 ","$55,536.58 "
,OTHER,,"4,184","$3,737,351.41 ","$2,979,558.13 "
,TOTAL,,"5,439","$3,903,247.34 ","$3,111,078.51 "
27508,OTHER,,"1,634","$750,531.27 ","$594,518.88 "
,TOTAL,,"1,634","$750,531.27 ","$594,518.88 "
27509,AS,,13,$974.95 ,$779.95 
,SG,,3,"$1,466.19 ","$1,172.95 "
,80'S,,1,$46.37 ,$37.10 
,OTHER,,311,"$175,947.90 ","$140,019.79 "
,TOTAL,,328,"$178,435.41 ","$142,009.79 "
27510,SG,,2,$688.51 ,$550.81 
,OTHER,,391,"$251,417.61 ","$199,482.38 "
,TOTAL,,393,"$252,106.12 ","$200,033.19 "
27511,AS,,755,"$100,990.01 ","$80,158.12 "
,80'S,,371,"$57,881.68 ","$46,054.35 "
,OTHER,,"4,403","$4,283,559.64 ","$3,407,158.62 "
,TOTAL,,"5,529","$4,442,431.33 ","$3,533,371.09 "
27513,AS,,432,"$75,219.94 ","$59,729.66 "
,80'S,,253,"$52,288.81 ","$41,656.02 "
,OTHER,,"2,567","$3,309,463.50 ","$2,638,901.50 "
,TOTAL,,"3,252","$3,436,972.25 ","$2,740,287.18 "
27514,AS,,229,"$37,484.31 ","$29,890.74 "
,80'S,,175,"$34,497.02 ","$27,498.69 "
,OTHER,,"1,457","$1,736,443.56 ","$1,380,887.84 "
,TOTAL,,"1,861","$1,808,424.89 ","$1,438,277.27 "
27516,OTHER,,31,"$14,202.37 ","$11,335.38 "
,TOTAL,,31,"$14,202.37 ","$11,335.38 "
27517,OTHER,,11,"$7,282.19 ","$5,254.42 "
,TOTAL,,11,"$7,282.19 ","$5,254.42 "
27519,AS,,7,"$1,020.67 ",$717.34 
,80'S,,3,$581.47 ,$465.18 
,OTHER,,32,"$33,967.45 ","$27,173.97 "
,TOTAL,,42,"$35,569.59 ","$28,356.49 "
27520,SG,,2,$326.08 ,$260.87 
,80'S,,4,$169.61 ,$135.69 
,OTHER,,"8,079","$2,171,940.42 ","$1,691,646.79 "
,TOTAL,,"8,085","$2,172,436.11 ","$1,692,043.35 "
27524,AS,,862,"$85,138.96 ","$67,429.66 "
,80'S,,250,"$27,454.85 ","$21,853.47 "
,OTHER,,"5,111","$3,631,403.73 ","$2,878,632.65 "
,TOTAL,,"6,223","$3,743,997.54 ","$2,967,915.78 "
27530,SG,,2,$661.50 ,$529.20 
,OTHER,,"7,622","$2,558,839.75 ","$2,010,213.90 "
,TOTAL,,"7,624","$2,559,501.25 ","$2,010,743.10 "
27532,SG,,2,$633.82 ,$507.05 
,80'S,,1,$113.64 ,$90.91 
,OTHER,,524,"$278,055.92 ","$218,842.64 "
,TOTAL,,527,"$278,803.38 ","$219,440.60 "
27535,AS,,428,"$48,088.66 ","$38,110.99 "
,80'S,,175,"$23,182.11 ","$18,365.32 "
,OTHER,,"2,579","$2,126,640.62 ","$1,682,923.32 "
,TOTAL,,"3,182","$2,197,911.39 ","$1,739,399.63 "
27536,AS,,221,"$32,780.60 ","$25,816.92 "
,80'S,,130,"$22,283.08 ","$17,826.42 "
,OTHER,,"1,528","$1,649,247.38 ","$1,307,787.25 "
,TOTAL,,"1,879","$1,704,311.06 ","$1,351,430.59 "
27538,80'S,,1,$50.66 ,$40.53 
,OTHER,,157,"$63,362.91 ","$49,662.20 "
,TOTAL,,158,"$63,413.57 ","$49,702.73 "
27540,AS,,21,"$2,326.73 ","$1,861.39 "
,80'S,,12,"$1,332.17 ","$1,065.74 "
,OTHER,,124,"$99,178.50 ","$79,144.35 "
,TOTAL,,157,"$102,837.40 ","$82,071.48 "
27550,OTHER,,261,"$98,258.45 ","$78,056.12 "
,TOTAL,,261,"$98,258.45 ","$78,056.12 "
27552,AS,,6,$435.86 ,$342.50 
,SG,,7,"$2,308.54 ","$1,846.84 "
,80'S,,1,$89.80 ,$71.84 
,OTHER,,399,"$215,781.39 ","$171,796.00 "
,TOTAL,,413,"$218,615.59 ","$174,057.18 "
27556,AS,,24,"$2,880.42 ","$2,304.29 "
,80'S,,5,$758.70 ,$606.96 
,OTHER,,80,"$69,629.20 ","$55,673.27 "
,TOTAL,,109,"$73,268.32 ","$58,584.52 "
27557,AS,,4,$681.44 ,$545.15 
,80'S,,1,$164.90 ,$131.92 
,OTHER,,17,"$19,566.57 ","$14,753.47 "
,TOTAL,,22,"$20,412.91 ","$15,430.54 "
27558,AS,,3,$508.19 ,$406.55 
,80'S,,1,$210.25 ,$168.20 
,OTHER,,26,"$29,638.84 ","$23,711.07 "
,TOTAL,,30,"$30,357.28 ","$24,285.82 "
27560,SG,,1,$95.69 ,$72.40 
,OTHER,,730,"$201,152.77 ","$159,203.60 "
,TOTAL,,731,"$201,248.46 ","$159,276.00 "
27562,AS,,1,$58.96 ,$47.17 
,OTHER,,29,"$10,023.10 ","$7,761.80 "
,TOTAL,,30,"$10,082.06 ","$7,808.97 "
27566,AS,,12,"$1,427.06 ","$1,141.65 "
,SG,,11,"$4,658.02 ","$3,726.42 "
,80'S,,3,$407.49 ,$325.99 
,OTHER,,58,"$46,963.47 ","$36,544.90 "
,TOTAL,,84,"$53,456.04 ","$41,738.96 "
27570,AS,,2,$28.76 ,$23.01 
,SG,,"2,006","$643,139.17 ","$504,978.43 "
,OTHER,,"9,649","$1,175,651.14 ","$913,896.35 "
,TOTAL,,"11,657","$1,818,819.07 ","$1,418,897.79 "
27580,AS,,108,"$20,082.45 ","$15,954.01 "
,80'S,,63,"$13,899.30 ","$11,024.40 "
,OTHER,,482,"$624,064.91 ","$492,634.20 "
,TOTAL,,653,"$658,046.66 ","$519,612.61 "
27590,AS,,"1,492","$153,999.40 ","$122,354.73 "
,80'S,,971,"$118,682.29 ","$94,535.57 "
,OTHER,,"19,455","$14,263,799.64 ","$11,372,319.54 "
,TOTAL,,"21,918","$14,536,481.33 ","$11,589,209.84 "
27591,AS,,8,$991.70 ,$780.60 
,80'S,,9,"$1,385.09 ","$1,108.07 "
,OTHER,,116,"$98,166.84 ","$78,392.24 "
,TOTAL,,133,"$100,543.63 ","$80,280.91 "
27592,AS,,21,"$1,813.55 ","$1,450.83 "
,80'S,,19,"$2,049.07 ","$1,639.23 "
,OTHER,,390,"$238,909.86 ","$190,879.23 "
,TOTAL,,430,"$242,772.48 ","$193,969.29 "
27594,SG,,14,"$6,449.23 ","$5,159.39 "
,OTHER,,471,"$202,333.21 ","$160,752.25 "
,TOTAL,,485,"$208,782.44 ","$165,911.64 "
27596,OTHER,,"1,614","$1,012,135.42 ","$803,108.05 "
,TOTAL,,"1,614","$1,012,135.42 ","$803,108.05 "
27598,AS,,52,"$5,077.01 ","$4,061.59 "
,80'S,,43,"$5,142.64 ","$4,114.11 "
,OTHER,,656,"$444,266.82 ","$352,448.77 "
,TOTAL,,751,"$454,486.47 ","$360,624.47 "
27599,AS,,92,"$15,243.25 ","$12,194.60 "
,80'S,,23,"$3,338.15 ","$2,665.93 "
,OTHER,,547,"$391,587.67 ","$311,917.65 "
,TOTAL,,662,"$410,169.07 ","$326,778.18 "
27600,AS,,1,$33.16 ,$26.53 
,SG,,65,"$24,812.37 ","$19,849.98 "
,OTHER,,765,"$215,423.48 ","$170,926.62 "
,TOTAL,,831,"$240,269.01 ","$190,803.13 "
27601,SG,,8,"$2,589.31 ","$1,747.84 "
,OTHER,,200,"$65,703.41 ","$52,040.36 "
,TOTAL,,208,"$68,292.72 ","$53,788.20 "
27602,AS,,99,"$4,603.91 ","$3,666.32 "
,SG,,2,"$1,020.93 ",$816.75 
,80'S,,105,"$5,510.50 ","$4,340.80 "
,OTHER,,"1,894","$656,745.20 ","$518,770.19 "
,TOTAL,,"2,100","$667,880.54 ","$527,594.06 "
27603,SG,,112,"$46,474.52 ","$36,073.79 "
,OTHER,,"5,132","$1,721,775.00 ","$1,364,586.17 "
,TOTAL,,"5,244","$1,768,249.52 ","$1,400,659.96 "
27604,AS,,1,$46.62 ,$37.30 
,SG,,7,"$2,190.18 ","$1,586.64 "
,OTHER,,182,"$58,857.72 ","$45,842.04 "
,TOTAL,,190,"$61,094.52 ","$47,465.98 "
27605,AS,,5,$92.84 ,$74.27 
,SG,,29,"$7,726.51 ","$6,082.04 "
,80'S,,4,$75.04 ,$60.03 
,OTHER,,357,"$56,909.82 ","$44,859.90 "
,TOTAL,,395,"$64,804.21 ","$51,076.24 "
27606,SG,,105,"$22,832.91 ","$17,930.26 "
,80'S,,1,$22.41 ,$17.93 
,OTHER,,"1,499","$270,038.15 ","$213,745.53 "
,TOTAL,,"1,605","$292,893.47 ","$231,693.72 "
27607,SG,,9,"$3,375.52 ","$2,700.41 "
,OTHER,,628,"$320,698.75 ","$253,002.68 "
,TOTAL,,637,"$324,074.27 ","$255,703.09 "
27610,SG,,48,"$15,521.12 ","$12,416.94 "
,OTHER,,672,"$347,641.99 ","$275,419.52 "
,TOTAL,,720,"$363,163.11 ","$287,836.46 "
27612,AS,,23,"$1,332.05 ","$1,065.65 "
,SG,,45,"$18,567.21 ","$14,224.88 "
,80'S,,30,"$1,973.66 ","$1,569.56 "
,OTHER,,304,"$120,499.98 ","$95,221.90 "
,TOTAL,,402,"$142,372.90 ","$112,081.99 "
27613,OTHER,,"1,624","$297,876.76 ","$231,938.81 "
,TOTAL,,"1,624","$297,876.76 ","$231,938.81 "
27614,SG,,62,"$23,191.88 ","$18,537.84 "
,OTHER,,733,"$281,150.88 ","$222,508.75 "
,TOTAL,,795,"$304,342.76 ","$241,046.59 "
27615,AS,,10,"$1,178.27 ",$942.60 
,SG,,138,"$60,970.41 ","$48,216.57 "
,80'S,,2,$328.68 ,$262.95 
,OTHER,,"1,045","$884,896.51 ","$703,378.53 "
,TOTAL,,"1,195","$947,373.87 ","$752,800.65 "
27618,SG,,360,"$134,101.65 ","$105,144.04 "
,OTHER,,"1,432","$493,458.33 ","$386,935.73 "
,TOTAL,,"1,792","$627,559.98 ","$492,079.77 "
27619,SG,,234,"$102,193.36 ","$80,721.07 "
,OTHER,,"1,052","$571,252.43 ","$451,310.46 "
,TOTAL,,"1,286","$673,445.79 ","$532,031.53 "
27620,AS,,29,"$1,223.10 ",$927.15 
,SG,,106,"$65,083.65 ","$49,406.27 "
,80'S,,23,"$1,252.10 ","$1,001.68 "
,OTHER,,434,"$149,303.14 ","$115,911.50 "
,TOTAL,,592,"$216,861.99 ","$167,246.60 "
27625,AS,,16,"$1,088.97 ",$871.18 
,SG,,57,"$32,169.94 ","$25,618.00 "
,80'S,,21,"$1,720.83 ","$1,376.66 "
,OTHER,,234,"$109,303.61 ","$86,164.36 "
,TOTAL,,328,"$144,283.35 ","$114,030.20 "
27626,AS,,27,"$2,104.38 ","$1,683.47 "
,SG,,68,"$39,719.95 ","$31,716.45 "
,80'S,,21,"$1,943.91 ","$1,555.13 "
,OTHER,,167,"$89,585.07 ","$71,393.87 "
,TOTAL,,283,"$133,353.31 ","$106,348.92 "
27630,SG,,254,"$109,894.63 ","$85,644.68 "
,OTHER,,870,"$269,307.83 ","$211,582.20 "
,TOTAL,,"1,124","$379,202.46 ","$297,226.88 "
27635,SG,,86,"$36,608.80 ","$28,672.87 "
,OTHER,,328,"$151,648.24 ","$118,201.69 "
,TOTAL,,414,"$188,257.04 ","$146,874.56 "
27637,AS,,14,$890.05 ,$665.76 
,SG,,1,$489.30 ,$217.80 
,80'S,,6,$521.55 ,$408.24 
,OTHER,,40,"$20,175.08 ","$15,398.25 "
,TOTAL,,61,"$22,075.98 ","$16,690.05 "
27638,AS,,18,"$1,673.27 ","$1,332.99 "
,SG,,2,"$1,015.35 ",$812.28 
,80'S,,7,$601.85 ,$481.47 
,OTHER,,113,"$71,856.81 ","$56,371.18 "
,TOTAL,,140,"$75,147.28 ","$58,997.92 "
27640,SG,,138,"$42,826.07 ","$33,876.11 "
,80'S,,2,$310.71 ,$248.57 
,OTHER,,"1,324","$1,078,410.27 ","$851,693.73 "
,TOTAL,,"1,464","$1,121,547.05 ","$885,818.41 "
27641,SG,,83,"$25,317.41 ","$20,154.74 "
,OTHER,,704,"$415,035.34 ","$328,536.03 "
,TOTAL,,787,"$440,352.75 ","$348,690.77 "
27645,AS,,10,"$1,023.78 ",$819.03 
,80'S,,2,$249.25 ,$199.40 
,OTHER,,60,"$54,268.53 ","$42,590.70 "
,TOTAL,,72,"$55,541.56 ","$43,609.13 "
27646,AS,,7,$759.09 ,$607.27 
,80'S,,2,$210.70 ,$168.56 
,OTHER,,31,"$25,450.03 ","$20,360.03 "
,TOTAL,,40,"$26,419.82 ","$21,135.86 "
27647,AS,,4,$341.63 ,$273.30 
,SG,,10,"$3,057.86 ","$2,446.29 "
,80'S,,32,"$3,453.05 ","$2,762.49 "
,OTHER,,167,"$120,798.02 ","$94,739.05 "
,TOTAL,,213,"$127,650.56 ","$100,221.13 "
27648,OTHER,,537,"$68,849.65 ","$54,073.74 "
,TOTAL,,537,"$68,849.65 ","$54,073.74 "
27650,AS,,215,"$19,498.20 ","$15,534.15 "
,SG,,493,"$207,466.44 ","$163,094.28 "
,80'S,,92,"$9,406.17 ","$7,371.94 "
,OTHER,,"1,736","$1,166,079.52 ","$919,739.87 "
,TOTAL,,"2,536","$1,402,450.33 ","$1,105,740.24 "
27652,SG,,40,"$17,982.35 ","$14,385.87 "
,OTHER,,228,"$167,975.92 ","$131,824.64 "
,TOTAL,,268,"$185,958.27 ","$146,210.51 "
27654,AS,,125,"$9,792.01 ","$7,833.63 "
,SG,,229,"$80,925.44 ","$63,344.49 "
,80'S,,76,"$7,644.38 ","$5,917.56 "
,OTHER,,"1,063","$662,496.71 ","$520,127.54 "
,TOTAL,,"1,493","$760,858.54 ","$597,223.22 "
27656,AS,,7,$277.38 ,$221.91 
,SG,,3,"$1,087.70 ",$870.16 
,80'S,,2,$69.30 ,$55.44 
,OTHER,,56,"$16,149.82 ","$12,706.18 "
,TOTAL,,68,"$17,584.20 ","$13,853.69 "
27658,AS,,81,"$2,539.99 ","$2,032.00 "
,SG,,145,"$33,618.63 ","$26,336.99 "
,80'S,,35,"$1,310.77 ","$1,043.00 "
,OTHER,,610,"$153,769.81 ","$120,710.27 "
,TOTAL,,871,"$191,239.20 ","$150,122.26 "
27659,AS,,45,"$1,974.83 ","$1,579.89 "
,SG,,82,"$26,295.52 ","$21,036.42 "
,80'S,,27,"$1,508.33 ","$1,206.70 "
,OTHER,,335,"$116,551.07 ","$92,297.67 "
,TOTAL,,489,"$146,329.75 ","$116,120.68 "
27664,AS,,4,$122.61 ,$98.09 
,SG,,74,"$26,177.37 ","$20,599.43 "
,80'S,,7,$288.23 ,$230.59 
,OTHER,,286,"$81,404.36 ","$64,249.61 "
,TOTAL,,371,"$107,992.57 ","$85,177.72 "
27665,AS,,22,$953.16 ,$762.49 
,SG,,35,"$12,122.05 ","$9,697.63 "
,80'S,,23,"$1,185.85 ",$948.66 
,OTHER,,144,"$46,039.14 ","$36,255.70 "
,TOTAL,,224,"$60,300.20 ","$47,664.48 "
27675,AS,,30,"$1,539.26 ","$1,231.41 "
,SG,,81,"$26,988.31 ","$21,209.88 "
,80'S,,33,"$1,947.45 ","$1,557.97 "
,OTHER,,293,"$116,047.45 ","$91,525.91 "
,TOTAL,,437,"$146,522.47 ","$115,525.17 "
27676,AS,,18,"$1,080.58 ",$864.47 
,SG,,21,"$8,802.24 ","$7,041.81 "
,80'S,,5,$394.35 ,$315.48 
,OTHER,,87,"$43,873.31 ","$34,569.74 "
,TOTAL,,131,"$54,150.48 ","$42,791.50 "
27680,SG,,110,"$42,208.66 ","$33,466.69 "
,OTHER,,754,"$250,082.34 ","$197,615.31 "
,TOTAL,,864,"$292,291.00 ","$231,082.00 "
27681,SG,,2,$657.66 ,$526.13 
,OTHER,,46,"$17,371.68 ","$13,720.05 "
,TOTAL,,48,"$18,029.34 ","$14,246.18 "
27685,AS,,257,"$10,115.02 ","$8,092.07 "
,SG,,290,"$105,780.10 ","$84,206.71 "
,80'S,,245,"$11,779.80 ","$9,367.66 "
,OTHER,,"2,781","$881,481.02 ","$693,259.98 "
,TOTAL,,"3,573","$1,009,155.94 ","$794,926.42 "
27686,SG,,38,"$11,730.95 ","$9,359.58 "
,OTHER,,336,"$123,365.02 ","$96,182.13 "
,TOTAL,,374,"$135,095.97 ","$105,541.71 "
27687,AS,,380,"$13,511.19 ","$10,717.94 "
,SG,,397,"$135,322.31 ","$106,812.07 "
,80'S,,236,"$10,856.86 ","$8,611.63 "
,OTHER,,"2,153","$619,563.93 ","$489,285.91 "
,TOTAL,,"3,166","$779,254.29 ","$615,427.55 "
27690,AS,,132,"$8,562.12 ","$6,724.73 "
,SG,,270,"$147,856.37 ","$116,152.63 "
,80'S,,188,"$14,426.04 ","$11,269.17 "
,OTHER,,"1,658","$822,336.07 ","$649,365.97 "
,TOTAL,,"2,248","$993,180.60 ","$783,512.50 "
27691,AS,,459,"$40,514.14 ","$31,975.99 "
,SG,,376,"$211,108.09 ","$166,192.52 "
,80'S,,256,"$25,302.68 ","$20,017.65 "
,OTHER,,"2,399","$1,567,953.93 ","$1,232,890.80 "
,TOTAL,,"3,490","$1,844,878.84 ","$1,451,076.96 "
27692,AS,,140,"$2,134.81 ","$1,707.81 "
,SG,,48,"$14,574.46 ","$11,498.56 "
,80'S,,27,$504.38 ,$403.53 
,OTHER,,444,"$51,906.63 ","$41,383.22 "
,TOTAL,,659,"$69,120.28 ","$54,993.12 "
27695,SG,,102,"$28,987.88 ","$22,902.91 "
,OTHER,,643,"$203,826.46 ","$159,710.80 "
,TOTAL,,745,"$232,814.34 ","$182,613.71 "
27696,SG,,30,"$9,029.24 ","$6,206.68 "
,OTHER,,172,"$81,553.56 ","$63,812.86 "
,TOTAL,,202,"$90,582.80 ","$70,019.54 "
27698,AS,,101,"$7,170.02 ","$5,584.57 "
,SG,,150,"$43,479.49 ","$34,130.25 "
,80'S,,70,"$5,946.27 ","$4,756.97 "
,OTHER,,685,"$377,374.70 ","$291,821.43 "
,TOTAL,,"1,006","$433,970.48 ","$336,293.22 "
27700,AS,,5,$392.84 ,$314.28 
,SG,,36,"$24,852.37 ","$19,758.43 "
,80'S,,10,$795.18 ,$636.15 
,OTHER,,101,"$51,394.76 ","$40,414.14 "
,TOTAL,,152,"$77,435.15 ","$61,123.00 "
27702,AS,,94,"$12,240.94 ","$9,774.85 "
,80'S,,86,"$13,053.50 ","$10,350.76 "
,OTHER,,413,"$400,436.20 ","$317,502.36 "
,TOTAL,,593,"$425,730.64 ","$337,627.97 "
27703,AS,,19,"$2,746.10 ","$2,196.92 "
,80'S,,26,"$4,456.09 ","$3,434.83 "
,OTHER,,89,"$96,462.54 ","$75,530.46 "
,TOTAL,,134,"$103,664.73 ","$81,162.21 "
27704,SG,,30,"$11,535.90 ","$8,987.17 "
,80'S,,1,$47.36 ,$37.89 
,OTHER,,179,"$78,701.59 ","$62,111.43 "
,TOTAL,,210,"$90,284.85 ","$71,136.49 "
27705,AS,,44,"$3,092.02 ","$2,428.34 "
,SG,,7,"$2,217.38 ","$1,773.90 "
,80'S,,17,"$1,632.77 ","$1,306.22 "
,OTHER,,217,"$117,370.16 ","$92,417.46 "
,TOTAL,,285,"$124,312.33 ","$97,925.92 "
27707,SG,,13,"$3,487.36 ","$2,673.20 "
,OTHER,,369,"$74,819.55 ","$58,989.81 "
,TOTAL,,382,"$78,306.91 ","$61,663.01 "
27709,AS,,37,"$2,285.89 ","$1,828.74 "
,SG,,5,"$1,784.06 ","$1,328.06 "
,80'S,,18,"$1,554.35 ","$1,243.48 "
,OTHER,,157,"$82,736.73 ","$65,828.57 "
,TOTAL,,217,"$88,361.03 ","$70,228.85 "
27712,AS,,2,$312.31 ,$249.84 
,80'S,,3,$329.35 ,$263.48 
,OTHER,,20,"$17,761.48 ","$14,209.19 "
,TOTAL,,25,"$18,403.14 ","$14,722.51 "
27715,AS,,10,"$1,245.08 ",$996.07 
,80'S,,11,"$1,556.68 ","$1,245.35 "
,OTHER,,63,"$61,328.07 ","$49,028.42 "
,TOTAL,,84,"$64,129.83 ","$51,269.84 "
27720,AS,,96,"$10,734.12 ","$8,565.77 "
,80'S,,38,"$4,469.64 ","$3,548.34 "
,OTHER,,494,"$383,327.15 ","$300,796.40 "
,TOTAL,,628,"$398,530.91 ","$312,910.51 "
27722,AS,,5,$496.10 ,$396.88 
,80'S,,1,$150.55 ,$120.44 
,OTHER,,31,"$24,012.39 ","$18,403.44 "
,TOTAL,,37,"$24,659.04 ","$18,920.76 "
27724,AS,,97,"$16,435.95 ","$12,934.27 "
,80'S,,29,"$5,344.12 ","$4,275.30 "
,OTHER,,432,"$517,698.89 ","$407,527.82 "
,TOTAL,,558,"$539,478.96 ","$424,737.39 "
27725,AS,,5,$652.92 ,$522.34 
,80'S,,5,$948.45 ,$758.76 
,OTHER,,65,"$68,667.23 ","$54,246.06 "
,TOTAL,,75,"$70,268.60 ","$55,527.16 "
27727,80'S,,2,$262.47 ,$209.97 
,OTHER,,6,"$5,961.69 ","$4,670.15 "
,TOTAL,,8,"$6,224.16 ","$4,880.12 "
27730,OTHER,,5,"$2,584.02 ","$2,067.22 "
,TOTAL,,5,"$2,584.02 ","$2,067.22 "
27732,OTHER,,3,$755.93 ,$604.75 
,TOTAL,,3,$755.93 ,$604.75 
27734,OTHER,,1,$658.96 ,$527.17 
,TOTAL,,1,$658.96 ,$527.17 
27740,80'S,,1,$118.67 ,$94.94 
,OTHER,,1,$570.04 ,$456.03 
,TOTAL,,2,$688.71 ,$550.97 
27745,AS,,8,$746.30 ,$597.03 
,SG,,1,$248.08 ,$198.46 
,80'S,,4,$411.86 ,$329.48 
,OTHER,,97,"$56,581.84 ","$45,244.28 "
,TOTAL,,110,"$57,988.08 ","$46,369.25 "
27750,SG,,2,$672.19 ,$486.45 
,OTHER,,"4,040","$1,135,915.05 ","$890,673.71 "
,TOTAL,,"4,042","$1,136,587.24 ","$891,160.16 "
27752,SG,,9,"$2,939.36 ","$2,199.32 "
,OTHER,,"2,129","$960,870.98 ","$760,717.36 "
,TOTAL,,"2,138","$963,810.34 ","$762,916.68 "
27756,AS,,41,"$2,836.35 ","$2,210.19 "
,80'S,,10,$770.40 ,$616.32 
,OTHER,,245,"$113,389.23 ","$89,640.05 "
,TOTAL,,296,"$116,995.98 ","$92,466.56 "
27758,AS,,289,"$30,685.86 ","$24,021.39 "
,SG,,2,"$1,196.84 ",$957.47 
,80'S,,132,"$16,297.67 ","$12,798.76 "
,OTHER,,"1,827","$1,408,186.73 ","$1,117,316.36 "
,TOTAL,,"2,250","$1,456,367.10 ","$1,155,093.98 "
27759,AS,,525,"$67,773.10 ","$53,540.73 "
,SG,,3,"$1,828.96 ","$1,463.16 "
,80'S,,236,"$34,577.22 ","$27,229.82 "
,OTHER,,"3,538","$3,322,205.50 ","$2,628,371.74 "
,TOTAL,,"4,302","$3,426,384.78 ","$2,710,605.45 "
27760,SG,,2,$638.35 ,$510.68 
,OTHER,,"3,535","$975,768.79 ","$757,802.70 "
,TOTAL,,"3,537","$976,407.14 ","$758,313.38 "
27762,SG,,5,"$1,463.86 ","$1,126.94 "
,OTHER,,318,"$125,683.76 ","$99,697.61 "
,TOTAL,,323,"$127,147.62 ","$100,824.55 "
27766,SG,,104,"$51,538.30 ","$40,904.26 "
,OTHER,,"1,555","$868,765.22 ","$686,260.75 "
,TOTAL,,"1,659","$920,303.52 ","$727,165.01 "
27780,SG,,1,$156.59 ,$125.27 
,OTHER,,"3,957","$910,369.58 ","$702,966.81 "
,TOTAL,,"3,958","$910,526.17 ","$703,092.08 "
27781,SG,,1,$162.51 ,$130.01 
,OTHER,,214,"$59,290.65 ","$47,085.88 "
,TOTAL,,215,"$59,453.16 ","$47,215.89 "
27784,SG,,19,"$8,573.80 ","$6,774.27 "
,OTHER,,333,"$133,223.74 ","$104,434.14 "
,TOTAL,,352,"$141,797.54 ","$111,208.41 "
27786,SG,,2,$480.61 ,$384.49 
,OTHER,,"27,003","$7,210,862.07 ","$5,576,666.09 "
,TOTAL,,"27,005","$7,211,342.68 ","$5,577,050.58 "
27788,SG,,3,$936.96 ,$749.57 
,OTHER,,"1,481","$545,824.84 ","$429,166.14 "
,TOTAL,,"1,484","$546,761.80 ","$429,915.71 "
27792,AS,,1,$37.12 ,$29.70 
,SG,,374,"$184,811.93 ","$144,803.01 "
,OTHER,,"5,296","$2,871,293.76 ","$2,262,551.99 "
,TOTAL,,"5,671","$3,056,142.81 ","$2,407,384.70 "
27808,SG,,4,"$1,162.37 ",$929.90 
,OTHER,,"4,966","$1,347,098.14 ","$1,048,878.89 "
,TOTAL,,"4,970","$1,348,260.51 ","$1,049,808.79 "
27810,AS,,1,$184.89 ,$147.91 
,SG,,5,"$1,491.86 ","$1,193.48 "
,OTHER,,"2,101","$832,341.03 ","$658,550.86 "
,TOTAL,,"2,107","$834,017.78 ","$659,892.25 "
27814,AS,,"1,615","$168,820.33 ","$133,564.91 "
,SG,,287,"$142,269.02 ","$112,529.92 "
,80'S,,436,"$53,013.23 ","$41,945.79 "
,OTHER,,"11,733","$8,906,313.85 ","$7,064,812.27 "
,TOTAL,,"14,071","$9,270,416.43 ","$7,352,852.89 "
27816,OTHER,,979,"$244,744.43 ","$190,489.74 "
,TOTAL,,979,"$244,744.43 ","$190,489.74 "
27818,SG,,5,"$1,675.18 ","$1,340.14 "
,OTHER,,"1,538","$605,793.14 ","$478,387.89 "
,TOTAL,,"1,543","$607,468.32 ","$479,728.03 "
27822,AS,,783,"$91,622.85 ","$72,835.36 "
,SG,,106,"$51,812.87 ","$40,182.78 "
,80'S,,262,"$35,894.51 ","$28,696.71 "
,OTHER,,"5,685","$4,879,866.60 ","$3,867,880.36 "
,TOTAL,,"6,836","$5,059,196.83 ","$4,009,595.21 "
27823,AS,,141,"$18,603.64 ","$14,883.03 "
,SG,,19,"$9,373.31 ","$7,486.29 "
,80'S,,50,"$7,678.61 ","$6,142.88 "
,OTHER,,"1,101","$1,066,492.07 ","$846,855.57 "
,TOTAL,,"1,311","$1,102,147.63 ","$875,367.77 "
27824,OTHER,,857,"$205,968.76 ","$161,325.05 "
,TOTAL,,857,"$205,968.76 ","$161,325.05 "
27825,AS,,3,$186.58 ,$149.26 
,SG,,5,"$1,942.41 ","$1,553.94 "
,80'S,,4,$260.24 ,$208.19 
,OTHER,,466,"$193,364.48 ","$152,566.88 "
,TOTAL,,478,"$195,753.71 ","$154,478.27 "
27826,AS,,18,"$1,547.79 ","$1,238.23 "
,SG,,6,"$3,044.25 ","$2,435.40 "
,80'S,,11,$969.16 ,$775.32 
,OTHER,,168,"$103,545.67 ","$81,610.26 "
,TOTAL,,203,"$109,106.87 ","$86,059.21 "
27827,AS,,102,"$14,552.48 ","$11,277.62 "
,SG,,12,"$6,086.51 ","$4,869.21 "
,80'S,,46,"$7,734.13 ","$6,074.81 "
,OTHER,,752,"$768,936.04 ","$608,461.64 "
,TOTAL,,912,"$797,309.16 ","$630,683.28 "
27828,AS,,142,"$23,163.73 ","$18,338.13 "
,SG,,5,"$3,180.23 ","$2,544.19 "
,80'S,,55,"$10,446.04 ","$8,356.84 "
,OTHER,,955,"$1,141,730.33 ","$905,483.15 "
,TOTAL,,"1,157","$1,178,520.33 ","$934,722.31 "
27829,AS,,315,"$14,912.20 ","$11,830.48 "
,SG,,74,"$20,760.37 ","$16,240.79 "
,80'S,,94,"$5,035.00 ","$3,977.97 "
,OTHER,,"2,102","$605,923.06 ","$479,780.68 "
,TOTAL,,"2,585","$646,630.63 ","$511,829.92 "
27830,OTHER,,32,"$8,813.42 ","$7,028.70 "
,TOTAL,,32,"$8,813.42 ","$7,028.70 "
27831,OTHER,,7,"$2,103.62 ","$1,682.89 "
,TOTAL,,7,"$2,103.62 ","$1,682.89 "
27832,AS,,3,$210.77 ,$168.62 
,80'S,,2,$128.85 ,$103.08 
,OTHER,,10,"$3,558.81 ","$2,847.04 "
,TOTAL,,15,"$3,898.43 ","$3,118.74 "
27840,SG,,2,$642.37 ,$513.89 
,OTHER,,"2,036","$565,983.95 ","$448,906.18 "
,TOTAL,,"2,038","$566,626.32 ","$449,420.07 "
27842,SG,,1,$165.55 ,$132.44 
,OTHER,,442,"$166,690.59 ","$131,972.69 "
,TOTAL,,443,"$166,856.14 ","$132,105.13 "
27846,AS,,20,"$1,506.52 ","$1,205.22 "
,SG,,1,$531.66 ,$425.33 
,80'S,,9,$728.62 ,$582.90 
,OTHER,,180,"$97,473.45 ","$77,938.66 "
,TOTAL,,210,"$100,240.25 ","$80,152.11 "
27848,AS,,35,"$3,601.16 ","$2,880.95 "
,SG,,3,"$1,494.24 ","$1,195.39 "
,80'S,,21,"$2,446.90 ","$1,858.31 "
,OTHER,,319,"$237,674.85 ","$189,422.16 "
,TOTAL,,378,"$245,217.15 ","$195,356.81 "
27860,AS,,2,$36.18 ,$28.94 
,SG,,58,"$13,775.97 ","$11,020.69 "
,80'S,,1,$14.24 ,$11.39 
,OTHER,,265,"$33,447.42 ","$26,339.88 "
,TOTAL,,326,"$47,273.81 ","$37,400.90 "
27870,AS,,583,"$76,943.95 ","$60,306.87 "
,SG,,70,"$42,811.40 ","$33,555.61 "
,80'S,,329,"$51,955.75 ","$41,073.13 "
,OTHER,,"2,898","$2,823,843.38 ","$2,224,342.94 "
,TOTAL,,"3,880","$2,995,554.48 ","$2,359,278.55 "
27871,AS,,93,"$5,032.86 ","$3,956.41 "
,SG,,14,"$7,171.02 ","$5,736.81 "
,80'S,,42,"$2,720.51 ","$2,134.37 "
,OTHER,,414,"$171,109.16 ","$134,475.59 "
,TOTAL,,563,"$186,033.55 ","$146,303.18 "
27880,AS,,"1,377","$144,008.42 ","$114,433.71 "
,80'S,,724,"$90,205.97 ","$71,822.76 "
,OTHER,,"17,091","$12,574,955.14 ","$9,996,556.81 "
,TOTAL,,"19,192","$12,809,169.53 ","$10,182,813.28 "
27881,AS,,109,"$11,681.49 ","$9,325.48 "
,80'S,,61,"$8,523.66 ","$6,808.27 "
,OTHER,,964,"$794,928.23 ","$631,330.46 "
,TOTAL,,"1,134","$815,133.38 ","$647,464.21 "
27882,AS,,12,$951.44 ,$761.16 
,80'S,,11,$998.97 ,$799.19 
,OTHER,,"1,255","$756,107.59 ","$599,972.68 "
,TOTAL,,"1,278","$758,058.00 ","$601,533.03 "
27884,SG,,11,"$5,150.26 ","$4,105.16 "
,OTHER,,745,"$367,124.79 ","$290,693.03 "
,TOTAL,,756,"$372,275.05 ","$294,798.19 "
27886,AS,,3,$255.41 ,$204.33 
,80'S,,1,$108.98 ,$87.18 
,OTHER,,"1,690","$968,378.50 ","$769,614.27 "
,TOTAL,,"1,694","$968,742.89 ","$769,905.78 "
27888,AS,,17,"$1,573.05 ","$1,258.45 "
,80'S,,12,"$1,430.79 ","$1,144.63 "
,OTHER,,206,"$136,252.85 ","$108,262.46 "
,TOTAL,,235,"$139,256.69 ","$110,665.54 "
27889,SG,,1,$511.77 ,$409.42 
,OTHER,,135,"$86,836.48 ","$69,403.14 "
,TOTAL,,136,"$87,348.25 ","$69,812.56 "
27892,SG,,3,$954.43 ,$763.55 
,80'S,,1,$89.31 ,$71.45 
,OTHER,,141,"$61,755.95 ","$48,971.40 "
,TOTAL,,145,"$62,799.69 ","$49,806.40 "
27893,AS,,2,$104.02 ,$83.22 
,SG,,1,$536.21 ,$428.97 
,OTHER,,42,"$19,077.74 ","$15,262.20 "
,TOTAL,,45,"$19,717.97 ","$15,774.39 "
27894,AS,,8,$790.07 ,$632.05 
,80'S,,2,$239.78 ,$191.83 
,OTHER,,178,"$114,972.70 ","$91,594.15 "
,TOTAL,,188,"$116,002.55 ","$92,418.03 "
27899,AS,,8,$639.59 ,$511.68 
,80'S,,6,$534.76 ,$427.81 
,OTHER,,287,"$115,027.80 ","$90,469.77 "
,TOTAL,,301,"$116,202.15 ","$91,409.26 "
28001,OTHER,,"7,629","$1,215,107.62 ","$938,937.25 "
,TOTAL,,"7,629","$1,215,107.62 ","$938,937.25 "
28002,SG,,132,"$61,647.34 ","$48,852.67 "
,OTHER,,"4,918","$1,565,580.64 ","$1,234,673.49 "
,TOTAL,,"5,050","$1,627,227.98 ","$1,283,526.16 "
28003,SG,,27,"$12,839.26 ","$10,271.38 "
,OTHER,,"2,804","$1,421,321.50 ","$1,128,085.38 "
,TOTAL,,"2,831","$1,434,160.76 ","$1,138,356.76 "
28005,SG,,157,"$69,223.41 ","$54,893.76 "
,OTHER,,"4,641","$2,584,121.43 ","$2,049,987.66 "
,TOTAL,,"4,798","$2,653,344.84 ","$2,104,881.42 "
28008,SG,,560,"$241,588.69 ","$189,313.88 "
,OTHER,,"1,624","$427,749.30 ","$337,190.10 "
,TOTAL,,"2,184","$669,337.99 ","$526,503.98 "
28010,OTHER,,"5,097","$831,673.38 ","$647,189.91 "
,TOTAL,,"5,097","$831,673.38 ","$647,189.91 "
28011,SG,,130,"$40,416.95 ","$32,327.14 "
,OTHER,,"1,182","$254,048.64 ","$199,205.15 "
,TOTAL,,"1,312","$294,465.59 ","$231,532.29 "
28020,SG,,54,"$16,049.27 ","$12,807.72 "
,OTHER,,376,"$111,921.91 ","$88,931.47 "
,TOTAL,,430,"$127,971.18 ","$101,739.19 "
28022,SG,,130,"$41,993.41 ","$33,307.03 "
,OTHER,,942,"$268,408.55 ","$210,556.02 "
,TOTAL,,"1,072","$310,401.96 ","$243,863.05 "
28024,SG,,40,"$13,928.83 ","$11,143.06 "
,OTHER,,477,"$149,114.85 ","$118,104.06 "
,TOTAL,,517,"$163,043.68 ","$129,247.12 "
28030,SG,,63,"$35,302.08 ","$27,730.20 "
,80'S,,3,$167.81 ,$134.25 
,OTHER,,245,"$82,106.55 ","$64,733.47 "
,TOTAL,,311,"$117,576.44 ","$92,597.92 "
28035,SG,,772,"$464,061.99 ","$366,314.82 "
,OTHER,,"2,139","$581,793.42 ","$456,805.51 "
,TOTAL,,"2,911","$1,045,855.41 ","$823,120.33 "
28043,SG,,"1,071","$385,108.74 ","$304,067.73 "
,OTHER,,"3,467","$826,884.56 ","$647,870.11 "
,TOTAL,,"4,538","$1,211,993.30 ","$951,937.84 "
28045,AS,,11,$399.62 ,$317.77 
,SG,,868,"$385,329.90 ","$302,607.25 "
,80'S,,14,$571.19 ,$432.99 
,OTHER,,"3,284","$972,039.58 ","$760,952.90 "
,TOTAL,,"4,177","$1,358,340.29 ","$1,064,310.91 "
28046,SG,,48,"$22,903.78 ","$18,282.94 "
,OTHER,,442,"$274,975.32 ","$218,571.94 "
,TOTAL,,490,"$297,879.10 ","$236,854.88 "
28050,SG,,9,"$3,319.23 ","$2,655.38 "
,OTHER,,82,"$19,692.57 ","$15,553.94 "
,TOTAL,,91,"$23,011.80 ","$18,209.32 "
28052,SG,,34,"$10,344.52 ","$8,227.23 "
,OTHER,,195,"$43,192.94 ","$34,030.59 "
,TOTAL,,229,"$53,537.46 ","$42,257.82 "
28054,SG,,14,"$5,088.66 ","$4,070.91 "
,OTHER,,90,"$20,384.74 ","$16,199.52 "
,TOTAL,,104,"$25,473.40 ","$20,270.43 "
28060,SG,,442,"$157,469.17 ","$124,289.43 "
,OTHER,,"1,704","$534,995.77 ","$418,116.67 "
,TOTAL,,"2,146","$692,464.94 ","$542,406.10 "
28062,SG,,86,"$38,249.33 ","$30,173.69 "
,OTHER,,410,"$158,788.20 ","$123,862.88 "
,TOTAL,,496,"$197,037.53 ","$154,036.57 "
28070,SG,,60,"$18,775.17 ","$15,006.50 "
,OTHER,,172,"$43,978.05 ","$34,466.11 "
,TOTAL,,232,"$62,753.22 ","$49,472.61 "
28072,SG,,67,"$21,733.14 ","$17,268.47 "
,OTHER,,338,"$76,485.51 ","$60,351.81 "
,TOTAL,,405,"$98,218.65 ","$77,620.28 "
28080,AS,,31,"$1,023.78 ",$795.16 
,SG,,"3,262","$1,387,624.50 ","$1,091,864.53 "
,80'S,,31,"$1,109.42 ",$850.58 
,OTHER,,"7,321","$1,669,292.66 ","$1,306,195.75 "
,TOTAL,,"10,645","$3,059,050.36 ","$2,399,706.02 "
28086,AS,,58,"$2,192.98 ","$1,622.45 "
,SG,,60,"$15,239.22 ","$11,821.44 "
,80'S,,22,$792.56 ,$634.03 
,OTHER,,336,"$81,490.64 ","$64,337.93 "
,TOTAL,,476,"$99,715.40 ","$78,415.85 "
28088,AS,,7,$154.87 ,$123.88 
,SG,,32,"$9,781.24 ","$7,758.12 "
,80'S,,1,$25.07 ,$20.06 
,OTHER,,106,"$20,514.57 ","$16,258.13 "
,TOTAL,,146,"$30,475.75 ","$24,160.19 "
28090,SG,,"1,141","$506,165.17 ","$398,283.26 "
,OTHER,,"4,060","$1,109,694.06 ","$870,163.15 "
,TOTAL,,"5,201","$1,615,859.23 ","$1,268,446.41 "
28092,SG,,231,"$99,481.05 ","$79,005.62 "
,OTHER,,773,"$197,214.57 ","$155,498.58 "
,TOTAL,,"1,004","$296,695.62 ","$234,504.20 "
28100,AS,,16,$744.43 ,$595.53 
,SG,,182,"$60,453.41 ","$46,881.49 "
,80'S,,27,"$1,330.62 ","$1,062.83 "
,OTHER,,420,"$145,589.31 ","$114,602.06 "
,TOTAL,,645,"$208,117.77 ","$163,141.91 "
28102,SG,,1,$497.17 ,$397.74 
,OTHER,,12,"$5,465.81 ","$4,197.84 "
,TOTAL,,13,"$5,962.98 ","$4,595.58 "
28103,AS,,2,$92.67 ,$74.13 
,SG,,3,"$1,511.74 ","$1,209.39 "
,80'S,,3,$111.27 ,$89.02 
,OTHER,,52,"$19,391.69 ","$15,272.45 "
,TOTAL,,60,"$21,107.37 ","$16,644.99 "
28104,AS,,26,"$1,117.41 ",$886.66 
,SG,,695,"$231,083.90 ","$180,177.20 "
,80'S,,43,"$2,176.61 ","$1,692.44 "
,OTHER,,"1,152","$358,273.31 ","$280,945.08 "
,TOTAL,,"1,916","$592,651.23 ","$463,701.38 "
28106,AS,,1,$29.15 ,$23.32 
,SG,,13,"$4,694.57 ","$3,755.66 "
,80'S,,5,$197.62 ,$158.10 
,OTHER,,73,"$21,750.09 ","$17,264.67 "
,TOTAL,,92,"$26,671.43 ","$21,201.75 "
28107,AS,,1,$49.83 ,$39.86 
,SG,,14,"$6,054.92 ","$4,786.27 "
,80'S,,4,$177.56 ,$142.05 
,OTHER,,51,"$15,518.16 ","$12,414.50 "
,TOTAL,,70,"$21,800.47 ","$17,382.68 "
28108,SG,,904,"$295,837.58 ","$232,893.43 "
,OTHER,,"2,120","$576,208.32 ","$451,403.16 "
,TOTAL,,"3,024","$872,045.90 ","$684,296.59 "
28110,SG,,"1,398","$542,263.18 ","$426,396.06 "
,OTHER,,"2,805","$562,714.95 ","$441,286.97 "
,TOTAL,,"4,203","$1,104,978.13 ","$867,683.03 "
28111,SG,,165,"$71,586.75 ","$56,954.02 "
,OTHER,,"1,157","$319,251.58 ","$252,713.46 "
,TOTAL,,"1,322","$390,838.33 ","$309,667.48 "
28112,SG,,"1,359","$469,927.16 ","$371,445.91 "
,80'S,,1,$25.08 ,$20.06 
,OTHER,,"5,196","$1,136,219.28 ","$897,025.56 "
,TOTAL,,"6,556","$1,606,171.52 ","$1,268,491.53 "
28113,AS,,18,$873.49 ,$698.83 
,SG,,659,"$264,751.30 ","$209,914.52 "
,80'S,,21,"$1,084.80 ",$867.85 
,OTHER,,"2,612","$791,694.58 ","$623,330.36 "
,TOTAL,,"3,310","$1,058,404.17 ","$834,811.56 "
28114,AS,,133,"$12,123.73 ","$9,547.32 "
,SG,,315,"$106,176.21 ","$84,540.78 "
,80'S,,113,"$12,721.12 ","$10,090.37 "
,OTHER,,"1,439","$975,774.06 ","$772,034.10 "
,TOTAL,,"2,000","$1,106,795.12 ","$876,212.57 "
28116,SG,,34,"$14,901.50 ","$11,899.74 "
,OTHER,,125,"$60,502.93 ","$46,788.80 "
,TOTAL,,159,"$75,404.43 ","$58,688.54 "
28118,AS,,95,"$3,864.97 ","$3,091.90 "
,SG,,325,"$196,590.02 ","$153,872.63 "
,80'S,,84,"$4,092.07 ","$3,175.47 "
,OTHER,,"1,770","$571,979.03 ","$449,021.58 "
,TOTAL,,"2,274","$776,526.09 ","$609,161.58 "
28119,SG,,979,"$587,261.70 ","$460,328.48 "
,OTHER,,"2,102","$682,045.51 ","$531,851.00 "
,TOTAL,,"3,081","$1,269,307.21 ","$992,179.48 "
28120,AS,,1,$51.75 ,$41.40 
,SG,,568,"$550,030.26 ","$434,544.51 "
,80'S,,1,$37.31 ,$29.85 
,OTHER,,"3,521","$1,119,108.31 ","$884,184.28 "
,TOTAL,,"4,091","$1,669,227.63 ","$1,318,800.04 "
28122,AS,,315,"$18,143.33 ","$14,465.77 "
,SG,,"1,943","$804,578.02 ","$634,921.87 "
,80'S,,363,"$25,887.02 ","$20,216.07 "
,OTHER,,"10,362","$4,551,572.71 ","$3,602,285.24 "
,TOTAL,,"12,983","$5,400,181.08 ","$4,271,888.95 "
28124,OTHER,,"14,488","$4,643,088.77 ","$3,644,237.83 "
,TOTAL,,"14,488","$4,643,088.77 ","$3,644,237.83 "
28126,SG,,664,"$259,130.33 ","$205,976.35 "
,80'S,,1,$21.87 ,$17.50 
,OTHER,,"3,091","$619,178.13 ","$484,009.54 "
,TOTAL,,"3,756","$878,330.33 ","$690,003.39 "
28130,AS,,7,$389.07 ,$311.25 
,SG,,1,$589.31 ,$471.45 
,80'S,,13,$943.39 ,$754.71 
,OTHER,,84,"$35,158.87 ","$27,885.70 "
,TOTAL,,105,"$37,080.64 ","$29,423.11 "
28140,SG,,92,"$39,133.58 ","$30,798.83 "
,OTHER,,"1,040","$408,351.39 ","$323,495.31 "
,TOTAL,,"1,132","$447,484.97 ","$354,294.14 "
28150,SG,,391,"$170,453.86 ","$134,752.37 "
,OTHER,,"1,413","$343,199.61 ","$270,274.24 "
,TOTAL,,"1,804","$513,653.47 ","$405,026.61 "
28153,SG,,681,"$275,640.44 ","$218,843.95 "
,OTHER,,"3,771","$749,884.98 ","$588,183.47 "
,TOTAL,,"4,452","$1,025,525.42 ","$807,027.42 "
28160,SG,,886,"$344,513.69 ","$271,596.61 "
,OTHER,,"3,464","$740,365.93 ","$581,596.79 "
,TOTAL,,"4,350","$1,084,879.62 ","$853,193.40 "
28171,AS,,2,$167.68 ,$93.38 
,SG,,7,"$3,100.46 ","$2,480.36 "
,80'S,,2,$155.78 ,$124.62 
,OTHER,,42,"$23,337.67 ","$18,277.93 "
,TOTAL,,53,"$26,761.59 ","$20,976.29 "
28173,SG,,42,"$18,137.07 ","$14,446.47 "
,OTHER,,263,"$130,751.22 ","$104,340.11 "
,TOTAL,,305,"$148,888.29 ","$118,786.58 "
28175,SG,,132,"$61,889.71 ","$49,454.67 "
,OTHER,,275,"$102,326.82 ","$81,131.02 "
,TOTAL,,407,"$164,216.53 ","$130,585.69 "
28190,OTHER,,"6,245","$1,172,016.52 ","$897,850.77 "
,TOTAL,,"6,245","$1,172,016.52 ","$897,850.77 "
28192,SG,,231,"$94,023.69 ","$74,145.16 "
,OTHER,,"1,783","$607,626.77 ","$476,194.22 "
,TOTAL,,"2,014","$701,650.46 ","$550,339.38 "
28193,SG,,69,"$41,420.41 ","$33,105.03 "
,OTHER,,739,"$281,188.46 ","$222,199.72 "
,TOTAL,,808,"$322,608.87 ","$255,304.75 "
28200,SG,,197,"$68,718.35 ","$54,528.90 "
,OTHER,,680,"$155,095.20 ","$121,585.56 "
,TOTAL,,877,"$223,813.55 ","$176,114.46 "
28202,AS,,5,$188.71 ,$150.98 
,SG,,26,"$9,366.82 ","$7,493.45 "
,80'S,,13,$863.47 ,$637.65 
,OTHER,,116,"$40,142.78 ","$32,074.48 "
,TOTAL,,160,"$50,561.78 ","$40,356.56 "
28208,SG,,218,"$79,891.77 ","$63,571.71 "
,OTHER,,"1,140","$229,252.31 ","$181,797.30 "
,TOTAL,,"1,358","$309,144.08 ","$245,369.01 "
28210,AS,,10,$418.88 ,$335.12 
,SG,,16,"$5,409.82 ","$4,327.85 "
,80'S,,11,$555.77 ,$444.61 
,OTHER,,106,"$34,454.97 ","$27,455.84 "
,TOTAL,,143,"$40,839.44 ","$32,563.42 "
28220,80'S,,2,$138.08 ,$110.46 
,OTHER,,"1,013","$275,690.96 ","$216,443.63 "
,TOTAL,,"1,015","$275,829.04 ","$216,554.09 "
28222,SG,,27,"$5,541.43 ","$4,433.17 "
,OTHER,,405,"$152,488.55 ","$119,737.04 "
,TOTAL,,432,"$158,029.98 ","$124,170.21 "
28225,SG,,77,"$15,860.01 ","$12,588.81 "
,OTHER,,572,"$102,657.51 ","$80,604.40 "
,TOTAL,,649,"$118,517.52 ","$93,193.21 "
28226,SG,,27,"$5,317.10 ","$4,253.63 "
,OTHER,,92,"$22,163.51 ","$17,583.49 "
,TOTAL,,119,"$27,480.61 ","$21,837.12 "
28230,AS,,1,$19.93 ,$15.94 
,OTHER,,"4,396","$1,077,243.14 ","$848,820.28 "
,TOTAL,,"4,397","$1,077,263.07 ","$848,836.22 "
28232,OTHER,,"9,624","$1,982,648.42 ","$1,555,081.14 "
,TOTAL,,"9,624","$1,982,648.42 ","$1,555,081.14 "
28234,SG,,817,"$199,357.29 ","$158,805.82 "
,80'S,,1,$22.59 ,$18.07 
,OTHER,,"5,759","$1,106,138.99 ","$873,533.68 "
,TOTAL,,"6,577","$1,305,518.87 ","$1,032,357.57 "
28238,AS,,28,"$1,272.82 ","$1,018.27 "
,SG,,165,"$71,908.87 ","$56,796.44 "
,80'S,,52,"$2,756.45 ","$2,187.21 "
,OTHER,,547,"$213,197.91 ","$168,441.38 "
,TOTAL,,792,"$289,136.05 ","$228,443.30 "
28240,SG,,158,"$39,924.99 ","$31,939.84 "
,OTHER,,616,"$128,446.85 ","$101,130.37 "
,TOTAL,,774,"$168,371.84 ","$133,070.21 "
28250,AS,,22,$841.37 ,$673.10 
,SG,,103,"$45,388.55 ","$35,007.52 "
,80'S,,33,"$1,275.30 ",$967.78 
,OTHER,,564,"$193,780.72 ","$151,592.92 "
,TOTAL,,722,"$241,285.94 ","$188,241.32 "
28260,AS,,2,$99.82 ,$79.86 
,SG,,24,"$8,394.38 ","$6,517.12 "
,80'S,,14,$784.25 ,$627.40 
,OTHER,,104,"$40,634.68 ","$32,196.36 "
,TOTAL,,144,"$49,913.13 ","$39,420.74 "
28261,SG,,53,"$17,768.47 ","$13,865.04 "
,80'S,,1,$61.18 ,$48.94 
,OTHER,,134,"$93,353.82 ","$74,441.69 "
,TOTAL,,188,"$111,183.47 ","$88,355.67 "
28262,AS,,12,"$1,798.17 ","$1,438.50 "
,SG,,8,"$4,382.49 ","$3,399.20 "
,80'S,,22,"$3,920.01 ","$3,033.48 "
,OTHER,,97,"$103,672.51 ","$80,455.86 "
,TOTAL,,139,"$113,773.18 ","$88,327.04 "
28264,AS,,13,$813.76 ,$651.03 
,SG,,3,$684.84 ,$547.87 
,80'S,,2,$173.79 ,$139.03 
,OTHER,,56,"$31,704.88 ","$24,835.72 "
,TOTAL,,74,"$33,377.27 ","$26,173.65 "
28270,SG,,"5,428","$1,591,712.79 ","$1,264,564.60 "
,OTHER,,"25,180","$6,360,155.87 ","$5,024,079.62 "
,TOTAL,,"30,608","$7,951,868.66 ","$6,288,644.22 "
28272,OTHER,,"5,247","$1,151,286.82 ","$905,854.03 "
,TOTAL,,"5,247","$1,151,286.82 ","$905,854.03 "
28280,AS,,4,$148.63 ,$118.91 
,SG,,221,"$58,311.07 ","$45,992.50 "
,80'S,,6,$341.27 ,$214.25 
,OTHER,,675,"$206,122.68 ","$162,579.43 "
,TOTAL,,906,"$264,923.65 ","$208,905.09 "
28285,AS,,1,$41.82 ,$33.46 
,SG,,"31,708","$11,582,895.86 ","$9,162,375.55 "
,80'S,,5,$142.83 ,$114.26 
,OTHER,,"86,913","$19,078,309.90 ","$15,027,961.42 "
,TOTAL,,"118,627","$30,661,390.41 ","$24,190,484.69 "
28286,SG,,108,"$63,941.78 ","$50,717.86 "
,OTHER,,478,"$108,160.95 ","$85,244.70 "
,TOTAL,,586,"$172,102.73 ","$135,962.56 "
28288,SG,,"1,480","$569,669.59 ","$450,273.53 "
,OTHER,,"3,647","$1,116,701.41 ","$880,529.45 "
,TOTAL,,"5,127","$1,686,371.00 ","$1,330,802.98 "
28289,AS,,133,"$8,528.00 ","$6,610.93 "
,SG,,"1,172","$558,317.16 ","$440,393.59 "
,80'S,,109,"$8,860.78 ","$6,776.28 "
,OTHER,,"2,783","$1,379,776.60 ","$1,082,776.66 "
,TOTAL,,"4,197","$1,955,482.54 ","$1,536,557.46 "
28290,SG,,904,"$310,392.52 ","$243,408.25 "
,OTHER,,"2,418","$919,138.65 ","$722,538.48 "
,TOTAL,,"3,322","$1,229,531.17 ","$965,946.73 "
28292,AS,,265,"$15,429.77 ","$12,124.51 "
,SG,,"4,095","$1,377,791.84 ","$1,086,197.13 "
,80'S,,658,"$52,412.40 ","$41,531.87 "
,OTHER,,"11,964","$5,738,727.37 ","$4,524,325.03 "
,TOTAL,,"16,982","$7,184,361.38 ","$5,664,178.54 "
28293,AS,,30,"$2,403.87 ","$1,923.14 "
,SG,,778,"$375,764.38 ","$295,782.58 "
,80'S,,234,"$23,770.67 ","$18,819.64 "
,OTHER,,"3,295","$1,996,550.56 ","$1,576,604.46 "
,TOTAL,,"4,337","$2,398,489.48 ","$1,893,129.82 "
28294,AS,,9,$620.33 ,$496.27 
,SG,,62,"$29,146.84 ","$22,750.47 "
,80'S,,13,"$1,205.93 ",$964.73 
,OTHER,,212,"$110,885.27 ","$87,690.75 "
,TOTAL,,296,"$141,858.37 ","$111,902.22 "
28296,AS,,347,"$26,117.48 ","$20,431.75 "
,SG,,"8,197","$3,948,307.35 ","$3,089,303.42 "
,80'S,,"1,120","$108,529.78 ","$84,806.32 "
,OTHER,,"18,721","$10,859,453.47 ","$8,506,476.26 "
,TOTAL,,"28,385","$14,942,408.08 ","$11,701,017.75 "
28297,AS,,101,"$7,172.24 ","$5,405.68 "
,SG,,276,"$123,800.31 ","$97,348.00 "
,80'S,,87,"$7,422.43 ","$5,895.60 "
,OTHER,,952,"$539,822.47 ","$424,722.06 "
,TOTAL,,"1,416","$678,217.45 ","$533,371.34 "
28298,AS,,66,"$3,732.95 ","$2,986.38 "
,SG,,911,"$399,944.17 ","$316,514.97 "
,80'S,,96,"$7,426.82 ","$5,887.59 "
,OTHER,,"2,143","$1,022,636.08 ","$806,722.62 "
,TOTAL,,"3,216","$1,433,740.02 ","$1,132,111.56 "
28299,AS,,68,"$5,617.14 ","$4,425.33 "
,SG,,"1,580","$1,112,663.74 ","$872,252.83 "
,80'S,,191,"$20,926.93 ","$15,982.34 "
,OTHER,,"3,256","$2,162,755.53 ","$1,699,890.61 "
,TOTAL,,"5,095","$3,301,963.34 ","$2,592,551.11 "
28300,AS,,308,"$17,101.38 ","$13,503.48 "
,SG,,215,"$55,449.59 ","$43,834.32 "
,80'S,,211,"$16,234.30 ","$12,545.21 "
,OTHER,,"1,777","$802,165.23 ","$630,527.86 "
,TOTAL,,"2,511","$890,950.50 ","$700,410.87 "
28302,AS,,8,$537.32 ,$429.86 
,SG,,6,"$1,811.39 ","$1,449.12 "
,80'S,,4,$378.01 ,$191.57 
,OTHER,,37,"$16,845.26 ","$12,567.74 "
,TOTAL,,55,"$19,571.98 ","$14,638.29 "
28304,AS,,32,"$1,415.58 ","$1,132.41 "
,SG,,53,"$15,770.26 ","$12,353.54 "
,80'S,,28,"$2,060.74 ","$1,610.20 "
,OTHER,,327,"$155,698.04 ","$121,970.00 "
,TOTAL,,440,"$174,944.62 ","$137,066.15 "
28305,AS,,3,$224.45 ,$179.56 
,SG,,10,"$3,757.40 ","$3,005.92 "
,80'S,,13,$989.84 ,$791.85 
,OTHER,,92,"$49,291.09 ","$38,937.99 "
,TOTAL,,118,"$54,262.78 ","$42,915.32 "
28306,AS,,144,"$4,568.09 ","$3,570.29 "
,SG,,484,"$294,669.35 ","$231,719.35 "
,80'S,,138,"$6,047.40 ","$4,728.02 "
,OTHER,,"1,828","$463,261.03 ","$365,480.20 "
,TOTAL,,"2,594","$768,545.87 ","$605,497.86 "
28307,AS,,5,$197.01 ,$157.60 
,SG,,19,"$11,422.43 ","$8,822.46 "
,80'S,,1,$38.22 ,$30.58 
,OTHER,,79,"$24,661.31 ","$19,668.10 "
,TOTAL,,104,"$36,318.97 ","$28,678.74 "
28308,AS,,419,"$13,415.18 ","$10,562.48 "
,SG,,"3,513","$911,648.10 ","$720,429.70 "
,80'S,,606,"$24,098.55 ","$19,003.74 "
,OTHER,,"9,512","$2,402,455.23 ","$1,891,661.50 "
,TOTAL,,"14,050","$3,351,617.06 ","$2,641,657.42 "
28309,AS,,3,$308.88 ,$247.10 
,SG,,51,"$29,033.05 ","$23,127.30 "
,OTHER,,108,"$89,965.57 ","$70,504.26 "
,TOTAL,,162,"$119,307.50 ","$93,878.66 "
28310,SG,,621,"$208,358.12 ","$165,549.78 "
,80'S,,3,$101.52 ,$81.21 
,OTHER,,"2,467","$561,944.96 ","$443,420.25 "
,TOTAL,,"3,091","$770,404.60 ","$609,051.24 "
28312,SG,,331,"$113,275.53 ","$89,783.62 "
,OTHER,,859,"$193,856.99 ","$153,755.90 "
,TOTAL,,"1,190","$307,132.52 ","$243,539.52 "
28313,SG,,582,"$145,359.19 ","$114,658.05 "
,OTHER,,"1,627","$447,989.08 ","$353,205.80 "
,TOTAL,,"2,209","$593,348.27 ","$467,863.85 "
28315,SG,,656,"$390,884.19 ","$308,406.47 "
,OTHER,,"2,167","$540,285.05 ","$425,807.33 "
,TOTAL,,"2,823","$931,169.24 ","$734,213.80 "
28320,AS,,21,"$1,222.05 ",$977.66 
,SG,,13,"$7,332.93 ","$5,466.44 "
,80'S,,13,"$1,029.40 ",$817.62 
,OTHER,,126,"$62,872.04 ","$49,679.77 "
,TOTAL,,173,"$72,456.42 ","$56,941.49 "
28322,AS,,53,"$3,757.17 ","$2,950.12 "
,SG,,92,"$55,600.49 ","$43,948.09 "
,80'S,,19,"$1,709.31 ","$1,360.69 "
,OTHER,,348,"$187,912.73 ","$148,364.43 "
,TOTAL,,512,"$248,979.70 ","$196,623.33 "
28340,SG,,21,"$10,541.21 ","$8,333.81 "
,OTHER,,17,"$7,056.68 ","$5,569.64 "
,TOTAL,,38,"$17,597.89 ","$13,903.45 "
28341,SG,,3,"$1,880.82 ","$1,504.66 "
,OTHER,,36,"$20,842.29 ","$16,397.26 "
,TOTAL,,39,"$22,723.11 ","$17,901.92 "
28344,SG,,2,"$1,191.61 ",$953.29 
,OTHER,,4,$802.69 ,$642.15 
,TOTAL,,6,"$1,994.30 ","$1,595.44 "
28345,AS,,1,$28.52 ,$22.82 
,SG,,46,"$24,733.48 ","$19,471.96 "
,OTHER,,86,"$29,812.46 ","$23,691.96 "
,TOTAL,,133,"$54,574.46 ","$43,186.74 "
28400,SG,,2,$330.48 ,$264.38 
,OTHER,,"3,670","$767,216.64 ","$595,170.39 "
,TOTAL,,"3,672","$767,547.12 ","$595,434.77 "
28405,OTHER,,222,"$75,784.60 ","$59,548.66 "
,TOTAL,,222,"$75,784.60 ","$59,548.66 "
28406,AS,,2,$141.90 ,$113.52 
,SG,,6,"$2,397.87 ","$1,819.09 "
,OTHER,,122,"$55,650.38 ","$44,303.87 "
,TOTAL,,130,"$58,190.15 ","$46,236.48 "
28415,AS,,129,"$20,776.79 ","$16,430.02 "
,SG,,57,"$26,830.57 ","$21,222.12 "
,80'S,,71,"$13,591.82 ","$10,555.68 "
,OTHER,,842,"$981,889.59 ","$773,151.03 "
,TOTAL,,"1,099","$1,043,088.77 ","$821,358.85 "
28420,AS,,4,$628.40 ,$502.73 
,SG,,2,"$1,394.30 ","$1,115.44 "
,80'S,,1,$185.52 ,$148.42 
,OTHER,,44,"$54,350.92 ","$43,480.76 "
,TOTAL,,51,"$56,559.14 ","$45,247.35 "
28430,OTHER,,"1,230","$228,464.63 ","$177,658.72 "
,TOTAL,,"1,230","$228,464.63 ","$177,658.72 "
28435,AS,,2,$54.32 ,$43.46 
,80'S,,1,$46.68 ,$37.34 
,OTHER,,89,"$20,298.53 ","$15,694.53 "
,TOTAL,,92,"$20,399.53 ","$15,775.33 "
28436,SG,,1,$215.13 ,$172.10 
,OTHER,,24,"$7,532.33 ","$5,862.02 "
,TOTAL,,25,"$7,747.46 ","$6,034.12 "
28445,AS,,40,"$5,252.59 ","$4,167.92 "
,SG,,24,"$10,489.53 ","$8,335.60 "
,80'S,,21,"$3,376.59 ","$2,584.24 "
,OTHER,,304,"$299,173.75 ","$235,402.79 "
,TOTAL,,389,"$318,292.46 ","$250,490.55 "
28450,OTHER,,"2,511","$427,023.95 ","$328,535.48 "
,TOTAL,,"2,511","$427,023.95 ","$328,535.48 "
28455,OTHER,,98,"$23,471.11 ","$18,243.82 "
,TOTAL,,98,"$23,471.11 ","$18,243.82 "
28456,SG,,4,"$1,374.51 ","$1,099.61 "
,OTHER,,47,"$8,046.51 ","$6,409.16 "
,TOTAL,,51,"$9,421.02 ","$7,508.77 "
28465,SG,,20,"$7,859.18 ","$5,952.50 "
,OTHER,,225,"$90,739.84 ","$71,856.71 "
,TOTAL,,245,"$98,599.02 ","$77,809.21 "
28470,AS,,1,$24.23 ,$19.38 
,OTHER,,"39,700","$6,998,690.38 ","$5,396,987.09 "
,TOTAL,,"39,701","$6,998,714.61 ","$5,397,006.47 "
28475,OTHER,,"1,525","$349,692.27 ","$273,872.41 "
,TOTAL,,"1,525","$349,692.27 ","$273,872.41 "
28476,AS,,3,$133.65 ,$106.92 
,SG,,46,"$18,003.85 ","$13,422.88 "
,80'S,,6,$215.01 ,$172.00 
,OTHER,,385,"$90,758.73 ","$71,476.88 "
,TOTAL,,440,"$109,111.24 ","$85,178.68 "
28485,SG,,533,"$314,201.74 ","$248,368.34 "
,80'S,,1,$68.93 ,$55.14 
,OTHER,,"2,141","$780,437.63 ","$613,867.37 "
,TOTAL,,"2,675","$1,094,708.30 ","$862,290.85 "
28490,OTHER,,"5,895","$626,546.13 ","$479,524.22 "
,TOTAL,,"5,895","$626,546.13 ","$479,524.22 "
28495,OTHER,,573,"$83,101.94 ","$64,355.37 "
,TOTAL,,573,"$83,101.94 ","$64,355.37 "
28496,SG,,24,"$8,573.73 ","$6,858.96 "
,OTHER,,134,"$23,078.38 ","$18,234.04 "
,TOTAL,,158,"$31,652.11 ","$25,093.00 "
28505,AS,,1,$20.05 ,$16.04 
,SG,,62,"$29,502.07 ","$23,502.45 "
,OTHER,,437,"$124,370.02 ","$98,337.04 "
,TOTAL,,500,"$153,892.14 ","$121,855.53 "
28510,OTHER,,"13,537","$1,280,819.43 ","$973,973.50 "
,TOTAL,,"13,537","$1,280,819.43 ","$973,973.50 "
28515,OTHER,,"1,816","$230,215.92 ","$175,620.80 "
,TOTAL,,"1,816","$230,215.92 ","$175,620.80 "
28525,AS,,1,$36.52 ,$29.22 
,SG,,56,"$25,309.71 ","$20,012.27 "
,80'S,,1,$43.39 ,$34.71 
,OTHER,,332,"$78,737.31 ","$61,569.38 "
,TOTAL,,390,"$104,126.93 ","$81,645.58 "
28530,OTHER,,163,"$15,176.89 ","$11,233.38 "
,TOTAL,,163,"$15,176.89 ","$11,233.38 "
28531,SG,,8,"$3,838.79 ","$3,071.03 "
,OTHER,,11,"$1,734.08 ","$1,387.27 "
,TOTAL,,19,"$5,572.87 ","$4,458.30 "
28540,OTHER,,175,"$27,794.11 ","$21,877.68 "
,TOTAL,,175,"$27,794.11 ","$21,877.68 "
28545,SG,,3,$483.51 ,$386.82 
,OTHER,,20,"$2,994.86 ","$2,285.85 "
,TOTAL,,23,"$3,478.37 ","$2,672.67 "
28546,AS,,1,$43.00 ,$34.40 
,SG,,1,$217.97 ,$174.38 
,80'S,,1,$24.47 ,$19.58 
,OTHER,,30,"$5,633.52 ","$4,446.85 "
,TOTAL,,33,"$5,918.96 ","$4,675.21 "
28555,AS,,18,$646.81 ,$517.48 
,SG,,2,$653.13 ,$522.50 
,80'S,,16,$772.81 ,$618.22 
,OTHER,,107,"$33,428.88 ","$26,371.55 "
,TOTAL,,143,"$35,501.63 ","$28,029.75 "
28570,OTHER,,164,"$22,354.58 ","$17,560.42 "
,TOTAL,,164,"$22,354.58 ","$17,560.42 "
28575,OTHER,,36,"$7,830.84 ","$6,064.52 "
,TOTAL,,36,"$7,830.84 ","$6,064.52 "
28576,SG,,1,$494.33 ,$395.46 
,OTHER,,19,"$4,626.50 ","$3,701.22 "
,TOTAL,,20,"$5,120.83 ","$4,096.68 "
28585,AS,,26,"$1,310.87 ","$1,008.58 "
,SG,,29,"$9,865.93 ","$7,892.72 "
,80'S,,18,"$1,057.69 ",$846.16 
,OTHER,,151,"$55,699.38 ","$44,238.07 "
,TOTAL,,224,"$67,933.87 ","$53,985.53 "
28600,OTHER,,151,"$24,024.53 ","$18,614.10 "
,TOTAL,,151,"$24,024.53 ","$18,614.10 "
28605,AS,,3,$47.17 ,$37.73 
,SG,,1,$162.67 ,$130.14 
,80'S,,1,$17.53 ,$14.02 
,OTHER,,55,"$9,546.36 ","$7,418.64 "
,TOTAL,,60,"$9,773.73 ","$7,600.53 "
28606,SG,,7,"$2,173.65 ","$1,738.91 "
,OTHER,,247,"$63,822.78 ","$51,001.70 "
,TOTAL,,254,"$65,996.43 ","$52,740.61 "
28615,AS,,119,"$7,643.56 ","$6,114.85 "
,SG,,49,"$16,826.73 ","$13,187.38 "
,80'S,,76,"$5,442.55 ","$4,239.98 "
,OTHER,,862,"$411,499.96 ","$327,563.14 "
,TOTAL,,"1,106","$441,412.80 ","$351,105.35 "
28630,OTHER,,259,"$27,699.53 ","$21,217.64 "
,TOTAL,,259,"$27,699.53 ","$21,217.64 "
28635,SG,,16,"$3,459.73 ","$2,767.80 "
,80'S,,2,$31.01 ,$24.81 
,OTHER,,174,"$21,518.83 ","$16,538.85 "
,TOTAL,,192,"$25,009.57 ","$19,331.46 "
28636,SG,,21,"$9,044.86 ","$7,235.87 "
,OTHER,,86,"$12,910.18 ","$10,312.30 "
,TOTAL,,107,"$21,955.04 ","$17,548.17 "
28645,SG,,266,"$92,495.92 ","$73,656.30 "
,OTHER,,"1,121","$200,044.42 ","$158,970.47 "
,TOTAL,,"1,387","$292,540.34 ","$232,626.77 "
28660,OTHER,,672,"$52,152.05 ","$39,510.86 "
,TOTAL,,672,"$52,152.05 ","$39,510.86 "
28665,AS,,4,$33.68 ,$26.96 
,SG,,17,"$3,420.51 ","$2,736.41 "
,80'S,,4,$43.52 ,$34.80 
,OTHER,,229,"$27,080.70 ","$21,087.40 "
,TOTAL,,254,"$30,578.41 ","$23,885.57 "
28666,SG,,49,"$16,149.63 ","$12,866.76 "
,OTHER,,105,"$14,952.69 ","$11,884.63 "
,TOTAL,,154,"$31,102.32 ","$24,751.39 "
28675,SG,,41,"$18,492.21 ","$14,543.57 "
,OTHER,,138,"$26,671.89 ","$20,964.89 "
,TOTAL,,179,"$45,164.10 ","$35,508.46 "
28705,AS,,41,"$6,939.57 ","$5,487.13 "
,SG,,7,"$4,014.96 ","$3,141.86 "
,80'S,,66,"$13,459.55 ","$10,512.84 "
,OTHER,,396,"$501,782.22 ","$393,236.74 "
,TOTAL,,510,"$526,196.30 ","$412,378.57 "
28715,AS,,304,"$37,039.28 ","$29,390.60 "
,SG,,53,"$32,287.85 ","$23,688.78 "
,80'S,,238,"$34,566.76 ","$26,921.08 "
,OTHER,,"1,815","$1,657,648.51 ","$1,303,441.82 "
,TOTAL,,"2,410","$1,761,542.40 ","$1,383,442.28 "
28725,AS,,384,"$34,944.27 ","$27,180.86 "
,SG,,197,"$118,718.04 ","$92,872.35 "
,80'S,,289,"$31,996.94 ","$25,232.65 "
,OTHER,,"2,573","$1,789,632.60 ","$1,408,101.40 "
,TOTAL,,"3,443","$1,975,291.85 ","$1,553,387.26 "
28730,AS,,242,"$23,542.85 ","$18,608.75 "
,SG,,179,"$102,334.27 ","$81,010.28 "
,80'S,,165,"$19,035.44 ","$14,822.86 "
,OTHER,,"1,506","$1,064,066.50 ","$833,182.55 "
,TOTAL,,"2,092","$1,208,979.06 ","$947,624.44 "
28735,AS,,48,"$4,341.59 ","$3,473.21 "
,SG,,32,"$17,740.42 ","$13,221.72 "
,80'S,,35,"$4,026.05 ","$3,124.86 "
,OTHER,,280,"$189,704.39 ","$149,641.64 "
,TOTAL,,395,"$215,812.45 ","$169,461.43 "
28737,AS,,7,$531.87 ,$425.50 
,SG,,47,"$33,001.08 ","$26,345.71 "
,80'S,,29,"$1,958.97 ","$1,567.16 "
,OTHER,,170,"$82,839.04 ","$64,769.98 "
,TOTAL,,253,"$118,330.96 ","$93,108.35 "
28740,AS,,258,"$13,813.76 ","$10,872.42 "
,SG,,285,"$158,143.30 ","$124,228.28 "
,80'S,,201,"$13,780.77 ","$10,800.22 "
,OTHER,,"1,728","$741,898.53 ","$584,201.53 "
,TOTAL,,"2,472","$927,636.36 ","$730,102.45 "
28750,AS,,132,"$13,295.72 ","$10,513.50 "
,SG,,"1,220","$742,167.57 ","$582,784.21 "
,80'S,,63,"$4,937.97 ","$3,943.07 "
,OTHER,,"4,536","$2,236,411.00 ","$1,757,292.52 "
,TOTAL,,"5,951","$2,996,812.26 ","$2,354,533.30 "
28755,SG,,624,"$365,684.74 ","$287,120.47 "
,OTHER,,"1,934","$505,175.52 ","$395,089.96 "
,TOTAL,,"2,558","$870,860.26 ","$682,210.43 "
28760,AS,,22,"$1,222.87 ",$973.22 
,SG,,116,"$69,801.06 ","$55,527.23 "
,80'S,,24,"$1,689.90 ","$1,233.09 "
,OTHER,,396,"$190,223.08 ","$149,508.94 "
,TOTAL,,558,"$262,936.91 ","$207,242.48 "
28800,AS,,27,"$1,856.07 ","$1,484.83 "
,80'S,,36,"$3,115.91 ","$2,492.73 "
,OTHER,,"1,000","$513,721.16 ","$408,351.59 "
,TOTAL,,"1,063","$518,693.14 ","$412,329.15 "
28805,AS,,48,"$3,446.27 ","$2,757.05 "
,80'S,,37,"$3,148.23 ","$2,518.62 "
,OTHER,,"6,789","$3,553,042.82 ","$2,821,319.99 "
,TOTAL,,"6,874","$3,559,637.32 ","$2,826,595.66 "
28810,AS,,79,"$4,073.90 ","$3,180.34 "
,SG,,375,"$150,140.58 ","$118,479.13 "
,80'S,,36,"$1,725.83 ","$1,380.68 "
,OTHER,,"17,138","$6,310,161.00 ","$5,003,712.18 "
,TOTAL,,"17,628","$6,466,101.31 ","$5,126,752.33 "
28820,SG,,"1,597","$637,708.72 ","$504,043.41 "
,OTHER,,"20,433","$5,832,141.71 ","$4,619,357.34 "
,TOTAL,,"22,030","$6,469,850.43 ","$5,123,400.75 "
28825,SG,,"1,174","$464,432.89 ","$366,604.83 "
,OTHER,,"9,145","$2,263,073.99 ","$1,792,510.98 "
,TOTAL,,"10,319","$2,727,506.88 ","$2,159,115.81 "
28890,80'S,,2,$63.96 ,$51.17 
,OTHER,,866,"$296,353.52 ","$233,122.11 "
,TOTAL,,868,"$296,417.48 ","$233,173.28 "
28899,AS,,9,$618.85 ,$436.84 
,80'S,,5,$482.31 ,$385.84 
,OTHER,,"4,392","$484,685.79 ","$380,761.63 "
,TOTAL,,"4,406","$485,786.95 ","$381,584.31 "
29000,OTHER,,35,"$4,449.50 ","$3,559.60 "
,TOTAL,,35,"$4,449.50 ","$3,559.60 "
29010,OTHER,,3,$529.99 ,$423.99 
,TOTAL,,3,$529.99 ,$423.99 
29015,OTHER,,14,"$2,090.96 ","$1,384.51 "
,TOTAL,,14,"$2,090.96 ","$1,384.51 "
29020,OTHER,,5,$371.25 ,$297.00 
,TOTAL,,5,$371.25 ,$297.00 
29025,OTHER,,6,$969.38 ,$676.29 
,TOTAL,,6,$969.38 ,$676.29 
29035,OTHER,,12,"$1,918.49 ","$1,480.78 "
,TOTAL,,12,"$1,918.49 ","$1,480.78 "
29040,OTHER,,1,$106.50 ,$85.20 
,TOTAL,,1,$106.50 ,$85.20 
29044,OTHER,,5,$952.44 ,$662.75 
,TOTAL,,5,$952.44 ,$662.75 
29046,OTHER,,11,"$1,579.68 ","$1,263.76 "
,TOTAL,,11,"$1,579.68 ","$1,263.76 "
29049,OTHER,,18,"$1,272.45 ",$929.37 
,TOTAL,,18,"$1,272.45 ",$929.37 
29055,OTHER,,35,"$4,361.87 ","$3,115.74 "
,TOTAL,,35,"$4,361.87 ","$3,115.74 "
29058,OTHER,,79,"$5,552.23 ","$4,346.79 "
,TOTAL,,79,"$5,552.23 ","$4,346.79 "
29065,OTHER,,"11,848","$985,169.09 ","$758,045.82 "
,TOTAL,,"11,848","$985,169.09 ","$758,045.82 "
29075,OTHER,,"69,486","$5,392,662.99 ","$4,133,416.42 "
,TOTAL,,"69,486","$5,392,662.99 ","$4,133,416.42 "
29085,OTHER,,"6,289","$514,395.76 ","$392,979.92 "
,TOTAL,,"6,289","$514,395.76 ","$392,979.92 "
29086,OTHER,,206,"$11,392.81 ","$8,740.76 "
,TOTAL,,206,"$11,392.81 ","$8,740.76 "
29105,OTHER,,"18,087","$1,213,931.83 ","$932,651.76 "
,TOTAL,,"18,087","$1,213,931.83 ","$932,651.76 "
29125,OTHER,,"71,020","$3,393,232.09 ","$2,584,634.42 "
,TOTAL,,"71,020","$3,393,232.09 ","$2,584,634.42 "
29126,OTHER,,962,"$63,962.61 ","$48,662.54 "
,TOTAL,,962,"$63,962.61 ","$48,662.54 "
29130,OTHER,,"14,148","$438,557.39 ","$330,574.05 "
,TOTAL,,"14,148","$438,557.39 ","$330,574.05 "
29131,OTHER,,425,"$18,849.96 ","$14,496.69 "
,TOTAL,,425,"$18,849.96 ","$14,496.69 "
29200,OTHER,,"1,588","$71,111.84 ","$54,524.14 "
,TOTAL,,"1,588","$71,111.84 ","$54,524.14 "
29220,OTHER,,"7,158","$350,988.52 ","$277,758.30 "
,TOTAL,,"7,158","$350,988.52 ","$277,758.30 "
29240,OTHER,,"10,256","$563,835.11 ","$439,512.33 "
,TOTAL,,"10,256","$563,835.11 ","$439,512.33 "
29260,OTHER,,"6,638","$260,714.68 ","$201,407.25 "
,TOTAL,,"6,638","$260,714.68 ","$201,407.25 "
29280,OTHER,,"4,780","$168,532.58 ","$130,877.67 "
,TOTAL,,"4,780","$168,532.58 ","$130,877.67 "
29305,AS,,1,$9.61 ,$7.69 
,80'S,,1,$24.54 ,$19.63 
,OTHER,,51,"$8,246.42 ","$6,597.20 "
,TOTAL,,53,"$8,280.57 ","$6,624.52 "
29325,OTHER,,17,"$2,967.08 ","$2,373.66 "
,TOTAL,,17,"$2,967.08 ","$2,373.66 "
29345,OTHER,,"3,151","$365,985.93 ","$283,832.50 "
,TOTAL,,"3,151","$365,985.93 ","$283,832.50 "
29355,OTHER,,521,"$64,596.17 ","$49,938.32 "
,TOTAL,,521,"$64,596.17 ","$49,938.32 "
29358,OTHER,,65,"$7,557.68 ","$5,872.79 "
,TOTAL,,65,"$7,557.68 ","$5,872.79 "
29365,OTHER,,"1,047","$109,933.39 ","$84,118.56 "
,TOTAL,,"1,047","$109,933.39 ","$84,118.56 "
29405,OTHER,,"49,881","$3,933,101.53 ","$3,003,767.94 "
,TOTAL,,"49,881","$3,933,101.53 ","$3,003,767.94 "
29425,OTHER,,"31,027","$2,704,147.44 ","$2,063,689.86 "
,TOTAL,,"31,027","$2,704,147.44 ","$2,063,689.86 "
29435,OTHER,,358,"$36,973.02 ","$27,829.57 "
,TOTAL,,358,"$36,973.02 ","$27,829.57 "
29440,OTHER,,143,"$5,607.08 ","$4,298.84 "
,TOTAL,,143,"$5,607.08 ","$4,298.84 "
29445,OTHER,,"11,052","$1,460,478.84 ","$1,130,268.83 "
,TOTAL,,"11,052","$1,460,478.84 ","$1,130,268.83 "
29450,OTHER,,357,"$41,457.27 ","$31,910.08 "
,TOTAL,,357,"$41,457.27 ","$31,910.08 "
29505,OTHER,,"7,310","$353,905.97 ","$272,802.90 "
,TOTAL,,"7,310","$353,905.97 ","$272,802.90 "
29515,OTHER,,"45,165","$2,328,791.62 ","$1,780,536.87 "
,TOTAL,,"45,165","$2,328,791.62 ","$1,780,536.87 "
29520,OTHER,,"2,834","$111,038.34 ","$87,563.51 "
,TOTAL,,"2,834","$111,038.34 ","$87,563.51 "
29530,OTHER,,"15,925","$752,260.93 ","$591,778.32 "
,TOTAL,,"15,925","$752,260.93 ","$591,778.32 "
29540,OTHER,,"284,977","$8,696,226.38 ","$6,662,072.75 "
,TOTAL,,"284,977","$8,696,226.38 ","$6,662,072.75 "
29550,OTHER,,"63,837","$1,864,834.65 ","$1,427,110.38 "
,TOTAL,,"63,837","$1,864,834.65 ","$1,427,110.38 "
29580,OTHER,,"411,623","$17,865,930.39 ","$13,761,443.68 "
,TOTAL,,"411,623","$17,865,930.39 ","$13,761,443.68 "
29590,OTHER,,"5,891","$240,933.16 ","$184,058.40 "
,TOTAL,,"5,891","$240,933.16 ","$184,058.40 "
29700,OTHER,,"2,972","$135,299.35 ","$104,462.59 "
,TOTAL,,"2,972","$135,299.35 ","$104,462.59 "
29705,OTHER,,"2,288","$138,278.39 ","$106,641.76 "
,TOTAL,,"2,288","$138,278.39 ","$106,641.76 "
29710,OTHER,,10,$948.79 ,$759.05 
,TOTAL,,10,$948.79 ,$759.05 
29715,OTHER,,5,$298.57 ,$191.48 
,TOTAL,,5,$298.57 ,$191.48 
29720,OTHER,,200,"$13,311.94 ","$10,447.13 "
,TOTAL,,200,"$13,311.94 ","$10,447.13 "
29730,OTHER,,533,"$28,583.09 ","$22,087.90 "
,TOTAL,,533,"$28,583.09 ","$22,087.90 "
29740,OTHER,,127,"$10,296.88 ","$8,038.06 "
,TOTAL,,127,"$10,296.88 ","$8,038.06 "
29750,OTHER,,5,$328.11 ,$262.49 
,TOTAL,,5,$328.11 ,$262.49 
29799,OTHER,,"2,771","$124,765.61 ","$98,175.48 "
,TOTAL,,"2,771","$124,765.61 ","$98,175.48 "
29800,AS,,1,$36.62 ,$29.30 
,SG,,11,"$4,553.76 ","$3,643.02 "
,OTHER,,25,"$10,817.86 ","$8,654.30 "
,TOTAL,,37,"$15,408.24 ","$12,326.62 "
29804,SG,,10,"$4,279.21 ","$3,408.31 "
,80'S,,4,$414.12 ,$331.30 
,OTHER,,96,"$64,241.21 ","$50,929.25 "
,TOTAL,,110,"$68,934.54 ","$54,668.86 "
29805,SG,,186,"$57,130.52 ","$45,255.91 "
,OTHER,,"1,091","$298,614.99 ","$236,482.06 "
,TOTAL,,"1,277","$355,745.51 ","$281,737.97 "
29806,AS,,2,$279.17 ,$223.34 
,SG,,297,"$106,806.86 ","$83,647.82 "
,80'S,,1,$174.89 ,$139.91 
,OTHER,,"1,064","$1,066,988.41 ","$837,398.52 "
,TOTAL,,"1,364","$1,174,249.33 ","$921,409.59 "
29807,AS,,3,$357.01 ,$285.60 
,SG,,983,"$296,036.99 ","$232,857.43 "
,80'S,,1,$91.43 ,$73.14 
,OTHER,,"3,839","$3,697,148.14 ","$2,890,042.86 "
,TOTAL,,"4,826","$3,993,633.57 ","$3,123,259.03 "
29819,SG,,207,"$62,980.48 ","$49,388.15 "
,OTHER,,"1,034","$206,445.89 ","$162,729.96 "
,TOTAL,,"1,241","$269,426.37 ","$212,118.11 "
29820,AS,,122,"$3,166.29 ","$2,529.67 "
,SG,,163,"$47,346.90 ","$37,632.68 "
,80'S,,55,"$1,778.83 ","$1,394.87 "
,OTHER,,953,"$165,754.78 ","$130,913.04 "
,TOTAL,,"1,293","$218,046.80 ","$172,470.26 "
29821,AS,,187,"$4,027.34 ","$3,186.37 "
,SG,,196,"$56,654.81 ","$44,519.03 "
,80'S,,80,"$2,575.91 ","$2,046.37 "
,OTHER,,"1,176","$210,529.07 ","$166,329.24 "
,TOTAL,,"1,639","$273,787.13 ","$216,081.01 "
29822,AS,,"2,520","$62,108.11 ","$49,020.31 "
,SG,,"2,770","$773,219.66 ","$610,259.05 "
,80'S,,490,"$15,179.86 ","$11,994.41 "
,OTHER,,"11,961","$2,088,133.34 ","$1,652,722.76 "
,TOTAL,,"17,741","$2,938,640.97 ","$2,323,996.53 "
29823,AS,,"4,611","$129,655.42 ","$103,018.04 "
,SG,,"4,618","$1,338,276.08 ","$1,056,637.67 "
,80'S,,"1,303","$43,142.58 ","$34,154.45 "
,OTHER,,"18,716","$4,166,048.18 ","$3,292,206.82 "
,TOTAL,,"29,248","$5,677,122.26 ","$4,486,016.98 "
29824,AS,,"7,514","$164,459.30 ","$130,314.03 "
,SG,,"8,180","$4,447,408.94 ","$3,500,277.17 "
,80'S,,"1,680","$43,346.02 ","$34,337.07 "
,OTHER,,"27,593","$4,654,626.58 ","$3,673,074.28 "
,TOTAL,,"44,967","$9,309,840.84 ","$7,338,002.55 "
29825,AS,,288,"$10,906.48 ","$8,546.04 "
,SG,,283,"$105,191.55 ","$82,041.57 "
,80'S,,98,"$4,363.40 ","$3,425.25 "
,OTHER,,"1,474","$390,201.73 ","$307,437.14 "
,TOTAL,,"2,143","$510,663.16 ","$401,450.00 "
29826,AS,,"14,992","$939,475.15 ","$743,651.21 "
,SG,,"16,881","$5,102,499.04 ","$4,014,303.29 "
,80'S,,"3,818","$270,822.21 ","$213,473.68 "
,OTHER,,"61,333","$28,423,798.05 ","$22,333,206.68 "
,TOTAL,,"97,024","$34,736,594.45 ","$27,304,634.86 "
29827,AS,,"8,309","$1,233,959.22 ","$976,982.92 "
,SG,,"7,958","$5,444,988.08 ","$4,283,769.88 "
,80'S,,"2,533","$441,836.77 ","$347,978.27 "
,OTHER,,"28,936","$31,190,766.11 ","$24,569,729.89 "
,TOTAL,,"47,736","$38,311,550.18 ","$30,178,460.96 "
29830,SG,,5,"$1,748.11 ","$1,398.49 "
,OTHER,,17,"$4,693.98 ","$3,755.20 "
,TOTAL,,22,"$6,442.09 ","$5,153.69 "
29834,AS,,39,"$1,603.59 ","$1,233.27 "
,SG,,83,"$32,281.54 ","$24,772.28 "
,80'S,,13,$731.08 ,$584.88 
,OTHER,,196,"$42,226.28 ","$32,815.52 "
,TOTAL,,331,"$76,842.49 ","$59,405.95 "
29835,AS,,9,$470.11 ,$376.08 
,SG,,21,"$8,351.92 ","$6,681.53 "
,OTHER,,55,"$19,777.18 ","$15,492.23 "
,TOTAL,,85,"$28,599.21 ","$22,549.84 "
29836,AS,,13,$845.78 ,$676.61 
,SG,,18,"$6,789.15 ","$5,088.99 "
,80'S,,3,$220.60 ,$176.49 
,OTHER,,62,"$26,491.61 ","$21,136.48 "
,TOTAL,,96,"$34,347.14 ","$27,078.57 "
29837,AS,,21,"$1,166.07 ",$932.89 
,SG,,35,"$16,308.06 ","$12,947.26 "
,80'S,,5,$363.31 ,$290.63 
,OTHER,,95,"$43,388.91 ","$33,591.17 "
,TOTAL,,156,"$61,226.35 ","$47,761.95 "
29838,AS,,18,"$1,480.92 ","$1,177.80 "
,SG,,70,"$31,877.95 ","$25,403.18 "
,80'S,,2,$207.56 ,$166.04 
,OTHER,,247,"$132,858.41 ","$103,561.45 "
,TOTAL,,337,"$166,424.84 ","$130,308.47 "
29840,AS,,1,$29.86 ,$23.89 
,SG,,36,"$13,243.02 ","$10,091.68 "
,80'S,,1,$32.73 ,$26.18 
,OTHER,,89,"$26,835.13 ","$21,127.26 "
,TOTAL,,127,"$40,140.74 ","$31,269.01 "
29843,AS,,2,$99.15 ,$79.32 
,SG,,4,"$2,060.20 ","$1,648.16 "
,OTHER,,34,"$14,344.46 ","$11,049.93 "
,TOTAL,,40,"$16,503.81 ","$12,777.41 "
29844,AS,,20,$891.39 ,$713.13 
,SG,,60,"$18,911.35 ","$14,962.98 "
,80'S,,5,$259.16 ,$207.33 
,OTHER,,150,"$45,720.42 ","$36,477.21 "
,TOTAL,,235,"$65,782.32 ","$52,360.65 "
29845,AS,,10,$605.72 ,$484.58 
,SG,,25,"$11,667.09 ","$9,234.51 "
,80'S,,5,$406.52 ,$243.46 
,OTHER,,105,"$50,896.59 ","$40,055.77 "
,TOTAL,,145,"$63,575.92 ","$50,018.32 "
29846,AS,,36,"$2,050.76 ","$1,640.62 "
,SG,,366,"$166,640.54 ","$131,594.41 "
,80'S,,5,$363.69 ,$267.98 
,OTHER,,920,"$393,893.17 ","$309,651.93 "
,TOTAL,,"1,327","$562,948.16 ","$443,154.94 "
29847,AS,,4,$282.21 ,$225.77 
,SG,,15,"$6,265.15 ","$4,912.92 "
,80'S,,1,$98.57 ,$78.86 
,OTHER,,62,"$23,391.62 ","$18,390.54 "
,TOTAL,,82,"$30,037.55 ","$23,608.09 "
29848,AS,,1,$92.19 ,$73.75 
,SG,,"7,608","$10,059,183.51 ","$7,944,856.26 "
,80'S,,1,$92.19 ,$73.75 
,OTHER,,"16,506","$6,907,836.50 ","$5,445,741.99 "
,TOTAL,,"24,116","$16,967,204.39 ","$13,390,745.75 "
29850,SG,,2,$952.51 ,$762.01 
,OTHER,,43,"$13,686.77 ","$10,931.36 "
,TOTAL,,45,"$14,639.28 ","$11,693.37 "
29851,AS,,4,$256.02 ,$204.80 
,80'S,,1,$144.97 ,$115.98 
,OTHER,,13,"$9,747.72 ","$7,773.03 "
,TOTAL,,18,"$10,148.71 ","$8,093.81 "
29855,AS,,32,"$3,130.46 ","$2,504.36 "
,SG,,6,"$3,756.69 ","$2,983.08 "
,80'S,,8,$937.64 ,$672.45 
,OTHER,,167,"$122,007.27 ","$95,679.14 "
,TOTAL,,213,"$129,832.06 ","$101,839.03 "
29856,AS,,5,$710.98 ,$568.78 
,80'S,,4,$559.60 ,$447.68 
,OTHER,,21,"$19,930.62 ","$15,944.49 "
,TOTAL,,30,"$21,201.20 ","$16,960.95 "
29860,AS,,4,$338.55 ,$270.84 
,SG,,2,"$1,253.84 ","$1,003.07 "
,80'S,,2,$144.51 ,$115.61 
,OTHER,,30,"$16,561.17 ","$12,807.73 "
,TOTAL,,38,"$18,298.07 ","$14,197.25 "
29861,AS,,5,$130.56 ,$104.45 
,SG,,5,"$2,283.76 ","$1,827.01 "
,80'S,,2,$163.61 ,$130.89 
,OTHER,,43,"$11,265.29 ","$8,763.66 "
,TOTAL,,55,"$13,843.22 ","$10,826.01 "
29862,AS,,65,"$6,230.26 ","$4,904.94 "
,SG,,88,"$120,115.16 ","$93,714.56 "
,80'S,,31,"$3,626.37 ","$2,843.72 "
,OTHER,,415,"$293,218.68 ","$226,980.45 "
,TOTAL,,599,"$423,190.47 ","$328,443.67 "
29863,AS,,14,$677.61 ,$542.10 
,SG,,22,"$7,886.63 ","$6,309.29 "
,80'S,,20,"$1,894.31 ","$1,428.85 "
,OTHER,,159,"$59,493.93 ","$46,265.33 "
,TOTAL,,215,"$69,952.48 ","$54,545.57 "
29866,AS,,1,$141.99 ,$113.59 
,OTHER,,51,"$51,176.97 ","$39,692.87 "
,TOTAL,,52,"$51,318.96 ","$39,806.46 "
29867,AS,,1,$175.24 ,$140.19 
,80'S,,1,$189.58 ,$151.66 
,OTHER,,44,"$52,192.48 ","$40,806.31 "
,TOTAL,,46,"$52,557.30 ","$41,098.16 "
29868,OTHER,,5,"$8,726.16 ","$6,818.66 "
,TOTAL,,5,"$8,726.16 ","$6,818.66 "
29870,AS,,1,$26.32 ,$21.06 
,SG,,396,"$141,493.17 ","$111,681.90 "
,80'S,,1,$76.96 ,$61.57 
,OTHER,,"1,938","$541,086.66 ","$423,899.34 "
,TOTAL,,"2,336","$682,683.11 ","$535,663.87 "
29871,SG,,58,"$26,379.95 ","$20,788.31 "
,OTHER,,"2,704","$1,156,616.24 ","$915,462.39 "
,TOTAL,,"2,762","$1,182,996.19 ","$936,250.70 "
29873,SG,,"1,071","$357,753.67 ","$281,857.89 "
,OTHER,,"3,230","$739,288.28 ","$579,116.65 "
,TOTAL,,"4,301","$1,097,041.95 ","$860,974.54 "
29874,AS,,26,"$1,494.55 ","$1,195.66 "
,SG,,173,"$86,743.57 ","$67,816.86 "
,80'S,,9,$709.40 ,$567.53 
,OTHER,,830,"$408,286.34 ","$319,882.61 "
,TOTAL,,"1,038","$497,233.86 ","$389,462.66 "
29875,AS,,187,"$5,702.61 ","$4,510.31 "
,SG,,"3,160","$1,328,225.40 ","$1,048,813.23 "
,80'S,,30,$970.61 ,$776.47 
,OTHER,,"7,441","$1,617,264.48 ","$1,269,337.20 "
,TOTAL,,"10,818","$2,952,163.10 ","$2,323,437.21 "
29876,AS,,7,$452.87 ,$362.29 
,SG,,"3,643","$1,587,929.32 ","$1,254,113.83 "
,80'S,,3,$160.28 ,$128.23 
,OTHER,,"14,506","$6,010,955.07 ","$4,731,363.55 "
,TOTAL,,"18,159","$7,599,497.54 ","$5,985,967.90 "
29877,AS,,130,"$9,242.68 ","$7,308.24 "
,SG,,"2,093","$1,270,740.91 ","$993,117.90 "
,80'S,,17,"$1,327.38 ","$1,061.91 "
,OTHER,,"6,466","$3,481,782.05 ","$2,710,814.02 "
,TOTAL,,"8,706","$4,763,093.02 ","$3,712,302.07 "
29879,AS,,372,"$23,333.67 ","$18,605.63 "
,SG,,"3,615","$993,901.85 ","$752,419.23 "
,80'S,,52,"$3,477.54 ","$2,766.03 "
,OTHER,,"11,849","$5,053,646.06 ","$3,967,098.33 "
,TOTAL,,"15,888","$6,074,359.12 ","$4,740,889.22 "
29880,AS,,"1,309","$113,396.85 ","$89,947.77 "
,SG,,"21,748","$13,418,038.05 ","$10,591,819.75 "
,80'S,,216,"$20,261.72 ","$15,885.47 "
,OTHER,,"57,011","$36,703,515.03 ","$28,936,386.87 "
,TOTAL,,"80,284","$50,255,211.65 ","$39,634,039.86 "
29881,AS,,"1,732","$129,248.16 ","$102,343.04 "
,SG,,"29,981","$17,446,175.05 ","$13,706,827.89 "
,80'S,,247,"$19,610.94 ","$15,327.09 "
,OTHER,,"79,027","$42,979,196.21 ","$33,747,679.79 "
,TOTAL,,"110,987","$60,574,230.36 ","$47,572,177.81 "
29882,SG,,216,"$94,657.93 ","$72,729.01 "
,80'S,,1,$99.66 ,$79.73 
,OTHER,,783,"$466,273.39 ","$365,234.87 "
,TOTAL,,"1,000","$561,030.98 ","$438,043.61 "
29883,AS,,6,$552.66 ,$442.13 
,SG,,115,"$55,398.43 ","$43,357.64 "
,80'S,,2,$275.59 ,$220.47 
,OTHER,,423,"$343,567.61 ","$271,294.86 "
,TOTAL,,546,"$399,794.29 ","$315,315.10 "
29884,AS,,142,"$10,031.74 ","$7,996.43 "
,SG,,269,"$124,553.27 ","$97,322.81 "
,80'S,,45,"$3,690.40 ","$2,865.78 "
,OTHER,,"1,128","$522,706.29 ","$412,675.94 "
,TOTAL,,"1,584","$660,981.70 ","$520,860.96 "
29885,AS,,8,$794.99 ,$636.00 
,SG,,10,"$3,053.05 ","$2,442.45 "
,80'S,,2,$239.17 ,$191.33 
,OTHER,,60,"$41,507.74 ","$32,395.10 "
,TOTAL,,80,"$45,594.95 ","$35,664.88 "
29886,AS,,3,$238.17 ,$190.54 
,SG,,21,"$5,978.59 ","$4,589.43 "
,80'S,,1,$118.36 ,$94.69 
,OTHER,,151,"$43,931.99 ","$34,238.59 "
,TOTAL,,176,"$50,267.11 ","$39,113.25 "
29887,AS,,11,"$1,005.03 ",$804.03 
,SG,,56,"$19,446.50 ","$15,241.23 "
,80'S,,6,$595.07 ,$476.06 
,OTHER,,228,"$151,413.04 ","$118,261.89 "
,TOTAL,,301,"$172,459.64 ","$134,783.21 "
29888,AS,,277,"$36,390.94 ","$28,804.91 "
,SG,,319,"$104,303.32 ","$82,072.31 "
,80'S,,128,"$19,990.19 ","$15,506.13 "
,OTHER,,"1,369","$1,280,246.06 ","$1,007,281.98 "
,TOTAL,,"2,093","$1,440,930.51 ","$1,133,665.33 "
29889,AS,,7,"$1,087.22 ",$869.78 
,SG,,17,"$5,948.30 ","$4,758.63 "
,80'S,,8,"$1,422.29 ","$1,137.84 "
,OTHER,,118,"$128,968.04 ","$100,503.37 "
,TOTAL,,150,"$137,425.85 ","$107,269.62 "
29891,AS,,43,"$3,356.91 ","$2,620.32 "
,SG,,120,"$52,542.80 ","$39,943.53 "
,80'S,,23,"$2,014.84 ","$1,611.88 "
,OTHER,,345,"$200,275.07 ","$156,518.46 "
,TOTAL,,531,"$258,189.62 ","$200,694.19 "
29892,AS,,6,$465.09 ,$343.76 
,SG,,13,"$5,821.92 ","$4,453.71 "
,80'S,,5,$382.13 ,$305.69 
,OTHER,,50,"$30,676.76 ","$23,531.05 "
,TOTAL,,74,"$37,345.90 ","$28,634.21 "
29893,AS,,7,$328.01 ,$262.40 
,SG,,776,"$1,008,375.54 ","$785,836.49 "
,80'S,,31,"$1,631.04 ","$1,253.87 "
,OTHER,,"1,600","$554,515.03 ","$430,023.11 "
,TOTAL,,"2,414","$1,564,849.62 ","$1,217,375.87 "
29894,AS,,14,$718.39 ,$574.70 
,SG,,47,"$20,808.92 ","$16,315.15 "
,80'S,,7,$473.63 ,$378.91 
,OTHER,,171,"$67,564.22 ","$53,290.86 "
,TOTAL,,239,"$89,565.16 ","$70,559.62 "
29895,AS,,41,"$2,075.55 ","$1,660.44 "
,SG,,167,"$72,714.38 ","$57,682.98 "
,80'S,,16,$933.29 ,$746.62 
,OTHER,,391,"$150,708.67 ","$118,330.65 "
,TOTAL,,615,"$226,431.89 ","$178,420.69 "
29897,AS,,34,"$2,151.17 ","$1,672.00 "
,SG,,149,"$67,547.03 ","$52,036.46 "
,80'S,,18,"$1,408.57 ","$1,126.85 "
,OTHER,,354,"$158,516.41 ","$122,230.99 "
,TOTAL,,555,"$229,623.18 ","$177,066.30 "
29898,AS,,153,"$10,311.60 ","$8,231.09 "
,SG,,401,"$185,067.17 ","$144,353.07 "
,80'S,,84,"$7,056.56 ","$5,341.05 "
,OTHER,,"1,313","$656,222.37 ","$513,910.10 "
,TOTAL,,"1,951","$858,657.70 ","$671,835.31 "
29899,AS,,40,"$5,264.12 ","$4,211.31 "
,SG,,24,"$10,274.12 ","$7,442.15 "
,80'S,,18,"$2,914.18 ","$2,331.38 "
,OTHER,,221,"$216,115.79 ","$171,134.25 "
,TOTAL,,303,"$234,568.21 ","$185,119.09 "
29900,SG,,1,$253.23 ,$202.58 
,OTHER,,4,"$1,284.88 ","$1,027.92 "
,TOTAL,,5,"$1,538.11 ","$1,230.50 "
29901,SG,,4,"$1,986.58 ","$1,589.27 "
,OTHER,,14,"$4,793.67 ","$3,834.93 "
,TOTAL,,18,"$6,780.25 ","$5,424.20 "
29902,OTHER,,11,"$5,235.16 ","$4,188.14 "
,TOTAL,,11,"$5,235.16 ","$4,188.14 "
29999,AS,,234,"$13,122.39 ","$10,497.89 "
,80'S,,143,"$11,776.15 ","$9,393.75 "
,OTHER,,"1,956","$804,057.55 ","$640,217.52 "
,TOTAL,,"2,333","$828,956.09 ","$660,109.16 "
30000,OTHER,RESPIRATORY,327,"$50,107.31 ","$39,527.01 "
,TOTAL,,327,"$50,107.31 ","$39,527.01 "
30020,OTHER,,236,"$29,748.13 ","$23,428.33 "
,TOTAL,,236,"$29,748.13 ","$23,428.33 "
30100,OTHER,,"2,977","$279,673.86 ","$214,080.26 "
,TOTAL,,"2,977","$279,673.86 ","$214,080.26 "
30110,OTHER,,728,"$131,639.16 ","$100,007.06 "
,TOTAL,,728,"$131,639.16 ","$100,007.06 "
30115,SG,,135,"$40,692.69 ","$32,211.38 "
,OTHER,,992,"$320,883.52 ","$253,757.23 "
,TOTAL,,"1,127","$361,576.21 ","$285,968.61 "
30117,SG,,308,"$139,506.33 ","$109,353.41 "
,OTHER,,"1,949","$720,715.24 ","$564,870.44 "
,TOTAL,,"2,257","$860,221.57 ","$674,223.85 "
30118,SG,,25,"$11,026.13 ","$8,820.92 "
,80'S,,4,$423.34 ,$338.67 
,OTHER,,230,"$155,235.21 ","$123,839.33 "
,TOTAL,,259,"$166,684.68 ","$132,998.92 "
30120,SG,,74,"$22,862.11 ","$17,963.72 "
,OTHER,,359,"$150,663.14 ","$118,733.69 "
,TOTAL,,433,"$173,525.25 ","$136,697.41 "
30124,OTHER,,181,"$45,617.09 ","$35,750.63 "
,TOTAL,,181,"$45,617.09 ","$35,750.63 "
30125,SG,,18,"$6,265.42 ","$5,012.33 "
,OTHER,,50,"$28,186.88 ","$22,518.22 "
,TOTAL,,68,"$34,452.30 ","$27,530.55 "
30130,SG,,"1,272","$404,521.55 ","$318,712.06 "
,OTHER,,"4,498","$1,287,822.29 ","$1,013,844.00 "
,TOTAL,,"5,770","$1,692,343.84 ","$1,332,556.06 "
30140,SG,,"4,942","$1,400,936.73 ","$1,103,012.29 "
,OTHER,,"14,949","$5,309,458.52 ","$4,165,897.08 "
,TOTAL,,"19,891","$6,710,395.25 ","$5,268,909.37 "
30150,SG,,47,"$20,168.10 ","$15,740.38 "
,OTHER,,377,"$255,895.52 ","$202,981.94 "
,TOTAL,,424,"$276,063.62 ","$218,722.32 "
30160,SG,,1,$629.37 ,$503.50 
,80'S,,2,$192.75 ,$154.20 
,OTHER,,67,"$39,228.79 ","$31,342.80 "
,TOTAL,,70,"$40,050.91 ","$32,000.50 "
30200,OTHER,,"8,107","$638,723.55 ","$485,262.17 "
,TOTAL,,"8,107","$638,723.55 ","$485,262.17 "
30210,OTHER,,840,"$77,212.75 ","$58,501.40 "
,TOTAL,,840,"$77,212.75 ","$58,501.40 "
30220,SG,,32,"$14,281.62 ","$11,067.20 "
,OTHER,,371,"$55,611.80 ","$42,999.26 "
,TOTAL,,403,"$69,893.42 ","$54,066.46 "
30300,OTHER,,"1,760","$313,302.10 ","$240,961.41 "
,TOTAL,,"1,760","$313,302.10 ","$240,961.41 "
30310,SG,,24,"$6,350.91 ","$5,039.39 "
,OTHER,,110,"$17,585.07 ","$13,835.07 "
,TOTAL,,134,"$23,935.98 ","$18,874.46 "
30320,SG,,3,"$1,209.56 ",$967.65 
,OTHER,,11,"$3,678.30 ","$2,697.35 "
,TOTAL,,14,"$4,887.86 ","$3,665.00 "
30400,SG,,34,"$17,751.08 ","$14,034.43 "
,OTHER,,101,"$88,672.34 ","$70,431.40 "
,TOTAL,,135,"$106,423.42 ","$84,465.83 "
30410,SG,,23,"$14,474.72 ","$11,243.69 "
,OTHER,,55,"$64,055.46 ","$50,320.55 "
,TOTAL,,78,"$78,530.18 ","$61,564.24 "
30420,SG,,92,"$60,006.98 ","$47,498.16 "
,OTHER,,366,"$471,380.07 ","$371,793.64 "
,TOTAL,,458,"$531,387.05 ","$419,291.80 "
30430,SG,,23,"$8,542.89 ","$6,588.66 "
,80'S,,1,$126.78 ,$101.42 
,OTHER,,66,"$52,126.97 ","$41,701.57 "
,TOTAL,,90,"$60,796.64 ","$48,391.65 "
30435,80'S,,2,$387.71 ,$310.17 
,OTHER,,23,"$25,237.57 ","$20,190.06 "
,TOTAL,,25,"$25,625.28 ","$20,500.23 "
30450,SG,,10,"$8,953.28 ","$6,616.02 "
,OTHER,,78,"$118,853.17 ","$95,082.47 "
,TOTAL,,88,"$127,806.45 ","$101,698.49 "
30460,SG,,2,"$1,226.71 ",$981.37 
,OTHER,,12,"$6,393.33 ","$5,114.66 "
,TOTAL,,14,"$7,620.04 ","$6,096.03 "
30462,SG,,2,"$2,340.02 ","$1,872.02 "
,80'S,,2,$522.01 ,$417.61 
,OTHER,,11,"$17,405.29 ","$13,924.22 "
,TOTAL,,15,"$20,267.32 ","$16,213.85 "
30465,SG,,272,"$349,935.01 ","$275,705.61 "
,80'S,,1,$69.27 ,$55.42 
,OTHER,,"1,030","$908,474.25 ","$712,420.85 "
,TOTAL,,"1,303","$1,258,478.53 ","$988,181.88 "
30520,SG,,"5,333","$2,564,121.15 ","$2,011,134.52 "
,OTHER,,"19,766","$6,546,216.92 ","$5,126,193.98 "
,TOTAL,,"25,099","$9,110,338.07 ","$7,137,328.50 "
30540,SG,,4,"$2,914.51 ","$1,850.58 "
,80'S,,2,$152.03 ,$121.63 
,OTHER,,18,"$9,084.24 ","$7,134.74 "
,TOTAL,,24,"$12,150.78 ","$9,106.95 "
30545,OTHER,,1,"$1,017.63 ",$814.10 
,TOTAL,,1,"$1,017.63 ",$814.10 
30560,SG,,66,"$17,089.19 ","$13,497.22 "
,OTHER,,576,"$71,708.05 ","$55,498.00 "
,TOTAL,,642,"$88,797.24 ","$68,995.22 "
30580,SG,,29,"$16,105.24 ","$12,718.89 "
,OTHER,,754,"$369,080.02 ","$288,666.42 "
,TOTAL,,783,"$385,185.26 ","$301,385.31 "
30600,SG,,6,"$3,638.63 ","$2,910.90 "
,OTHER,,74,"$27,584.64 ","$21,749.08 "
,TOTAL,,80,"$31,223.27 ","$24,659.98 "
30620,SG,,19,"$17,239.76 ","$13,061.29 "
,OTHER,,144,"$60,640.09 ","$48,027.68 "
,TOTAL,,163,"$77,879.85 ","$61,088.97 "
30630,SG,,59,"$53,302.04 ","$41,629.96 "
,80'S,,1,$101.40 ,$81.12 
,OTHER,,198,"$99,113.90 ","$78,286.35 "
,TOTAL,,258,"$152,517.34 ","$119,997.43 "
30801,SG,,168,"$31,625.76 ","$24,819.52 "
,OTHER,,"4,233","$723,501.62 ","$555,384.30 "
,TOTAL,,"4,401","$755,127.38 ","$580,203.82 "
30802,SG,,388,"$75,956.51 ","$59,845.16 "
,OTHER,,"3,299","$530,573.84 ","$415,054.52 "
,TOTAL,,"3,687","$606,530.35 ","$474,899.68 "
30901,OTHER,,"125,291","$9,974,187.34 ","$7,533,496.55 "
,TOTAL,,"125,291","$9,974,187.34 ","$7,533,496.55 "
30903,SG,,76,"$22,267.46 ","$17,498.69 "
,OTHER,,"46,330","$5,969,170.00 ","$4,611,792.51 "
,TOTAL,,"46,406","$5,991,437.46 ","$4,629,291.20 "
30905,SG,,26,"$6,304.05 ","$5,022.95 "
,OTHER,,"8,452","$1,099,065.19 ","$856,357.73 "
,TOTAL,,"8,478","$1,105,369.24 ","$861,380.68 "
30906,SG,,6,"$1,779.54 ","$1,423.62 "
,OTHER,,"1,046","$197,906.62 ","$154,879.74 "
,TOTAL,,"1,052","$199,686.16 ","$156,303.36 "
30915,SG,,7,"$2,123.32 ","$1,698.66 "
,OTHER,,141,"$60,180.85 ","$47,738.75 "
,TOTAL,,148,"$62,304.17 ","$49,437.41 "
30920,SG,,5,"$1,561.09 ","$1,149.67 "
,OTHER,,155,"$105,457.49 ","$81,807.60 "
,TOTAL,,160,"$107,018.58 ","$82,957.27 "
30930,SG,,933,"$408,344.19 ","$324,313.51 "
,OTHER,,"2,638","$191,664.94 ","$151,573.42 "
,TOTAL,,"3,571","$600,009.13 ","$475,886.93 "
30999,80'S,,1,$34.20 ,$27.36 
,OTHER,,310,"$87,960.02 ","$70,055.93 "
,TOTAL,,311,"$87,994.22 ","$70,083.29 "
31000,OTHER,,"3,998","$606,194.62 ","$471,854.96 "
,TOTAL,,"3,998","$606,194.62 ","$471,854.96 "
31002,OTHER,,179,"$22,722.95 ","$17,710.35 "
,TOTAL,,179,"$22,722.95 ","$17,710.35 "
31020,SG,,90,"$27,013.39 ","$21,549.54 "
,OTHER,,433,"$95,514.29 ","$75,309.90 "
,TOTAL,,523,"$122,527.68 ","$96,859.44 "
31030,SG,,88,"$35,465.79 ","$27,977.68 "
,OTHER,,698,"$290,654.01 ","$228,604.24 "
,TOTAL,,786,"$326,119.80 ","$256,581.92 "
31032,SG,,64,"$35,515.91 ","$28,412.71 "
,OTHER,,406,"$197,457.77 ","$155,152.25 "
,TOTAL,,470,"$232,973.68 ","$183,564.96 "
31040,OTHER,,183,"$46,549.43 ","$36,839.59 "
,TOTAL,,183,"$46,549.43 ","$36,839.59 "
31050,SG,,20,"$5,358.73 ","$4,286.99 "
,OTHER,,126,"$41,294.17 ","$32,641.95 "
,TOTAL,,146,"$46,652.90 ","$36,928.94 "
31051,SG,,15,"$5,731.66 ","$4,585.33 "
,OTHER,,93,"$39,868.43 ","$31,398.08 "
,TOTAL,,108,"$45,600.09 ","$35,983.41 "
31070,SG,,30,"$7,413.10 ","$5,817.09 "
,OTHER,,232,"$66,956.30 ","$53,437.18 "
,TOTAL,,262,"$74,369.40 ","$59,254.27 "
31075,SG,,5,"$2,526.37 ","$2,021.10 "
,80'S,,7,$812.81 ,$561.25 
,OTHER,,90,"$58,198.37 ","$45,833.87 "
,TOTAL,,102,"$61,537.55 ","$48,416.22 "
31080,OTHER,,39,"$13,177.40 ","$10,454.82 "
,TOTAL,,39,"$13,177.40 ","$10,454.82 "
31081,80'S,,5,$577.50 ,$462.00 
,OTHER,,55,"$38,531.14 ","$30,774.62 "
,TOTAL,,60,"$39,108.64 ","$31,236.62 "
31084,SG,,1,$334.88 ,$267.90 
,80'S,,5,$689.19 ,$551.35 
,OTHER,,29,"$26,483.39 ","$20,481.76 "
,TOTAL,,35,"$27,507.46 ","$21,301.01 "
31085,SG,,1,$632.82 ,$506.26 
,80'S,,9,"$1,310.56 ","$1,048.45 "
,OTHER,,99,"$92,016.20 ","$73,612.94 "
,TOTAL,,109,"$93,959.58 ","$75,167.65 "
31086,80'S,,1,$183.67 ,$146.94 
,OTHER,,13,"$12,337.66 ","$9,870.13 "
,TOTAL,,14,"$12,521.33 ","$10,017.07 "
31087,80'S,,1,$196.58 ,$157.26 
,OTHER,,17,"$13,991.95 ","$11,193.56 "
,TOTAL,,18,"$14,188.53 ","$11,350.82 "
31090,SG,,116,"$70,634.61 ","$55,072.22 "
,OTHER,,323,"$331,913.34 ","$264,621.09 "
,TOTAL,,439,"$402,547.95 ","$319,693.31 "
31200,SG,,265,"$63,553.63 ","$50,462.84 "
,OTHER,,879,"$282,102.21 ","$223,351.64 "
,TOTAL,,"1,144","$345,655.84 ","$273,814.48 "
31201,SG,,41,"$30,521.35 ","$24,035.33 "
,OTHER,,219,"$160,424.86 ","$126,866.77 "
,TOTAL,,260,"$190,946.21 ","$150,902.10 "
31205,SG,,98,"$31,894.89 ","$25,375.04 "
,80'S,,46,"$5,457.57 ","$4,366.13 "
,OTHER,,458,"$326,226.99 ","$255,729.44 "
,TOTAL,,602,"$363,579.45 ","$285,470.61 "
31225,80'S,,63,"$13,795.17 ","$11,036.15 "
,OTHER,,752,"$1,048,134.02 ","$831,089.00 "
,TOTAL,,815,"$1,061,929.19 ","$842,125.15 "
31230,80'S,,3,$777.39 ,$621.91 
,OTHER,,64,"$89,054.83 ","$71,144.62 "
,TOTAL,,67,"$89,832.22 ","$71,766.53 "
31231,OTHER,,"274,959","$46,757,626.68 ","$36,011,357.42 "
,TOTAL,,"274,959","$46,757,626.68 ","$36,011,357.42 "
31233,SG,,22,"$7,791.31 ","$6,233.05 "
,OTHER,,"9,495","$2,566,530.39 ","$1,999,772.43 "
,TOTAL,,"9,517","$2,574,321.70 ","$2,006,005.48 "
31235,SG,,13,"$2,921.53 ","$2,337.24 "
,OTHER,,"2,602","$1,020,425.77 ","$809,525.53 "
,TOTAL,,"2,615","$1,023,347.30 ","$811,862.77 "
31237,SG,,"1,001","$388,827.84 ","$308,096.21 "
,OTHER,,"52,551","$18,212,299.72 ","$14,209,998.71 "
,TOTAL,,"53,552","$18,601,127.56 ","$14,518,094.92 "
31238,SG,,298,"$88,695.11 ","$70,066.96 "
,80'S,,2,$90.48 ,$72.39 
,OTHER,,"18,037","$5,703,344.13 ","$4,460,886.21 "
,TOTAL,,"18,337","$5,792,129.72 ","$4,531,025.56 "
31239,SG,,285,"$162,313.08 ","$128,945.86 "
,80'S,,4,$314.42 ,$251.53 
,OTHER,,763,"$480,236.67 ","$378,503.82 "
,TOTAL,,"1,052","$642,864.17 ","$507,701.21 "
31240,SG,,755,"$186,826.32 ","$145,720.37 "
,OTHER,,"2,406","$245,557.66 ","$193,573.90 "
,TOTAL,,"3,161","$432,383.98 ","$339,294.27 "
31254,SG,,"1,980","$690,889.00 ","$544,620.82 "
,OTHER,,"5,837","$1,249,895.96 ","$982,641.06 "
,TOTAL,,"7,817","$1,940,784.96 ","$1,527,261.88 "
31255,SG,,"6,161","$4,062,486.53 ","$3,199,801.48 "
,OTHER,,"18,701","$7,960,452.72 ","$6,266,625.11 "
,TOTAL,,"24,862","$12,022,939.25 ","$9,466,426.59 "
31256,SG,,"3,558","$1,084,461.88 ","$854,573.81 "
,OTHER,,"10,298","$1,479,298.62 ","$1,166,194.45 "
,TOTAL,,"13,856","$2,563,760.50 ","$2,020,768.26 "
31267,SG,,"4,798","$1,493,165.73 ","$1,180,451.29 "
,OTHER,,"15,769","$4,025,215.20 ","$3,166,826.35 "
,TOTAL,,"20,567","$5,518,380.93 ","$4,347,277.64 "
31276,SG,,"2,792","$812,456.24 ","$642,162.20 "
,OTHER,,"9,411","$6,062,998.57 ","$4,777,261.65 "
,TOTAL,,"12,203","$6,875,454.81 ","$5,419,423.85 "
31287,SG,,"1,180","$340,360.77 ","$268,131.40 "
,80'S,,3,$154.56 ,$123.65 
,OTHER,,"4,268","$706,904.38 ","$557,930.96 "
,TOTAL,,"5,451","$1,047,419.71 ","$826,186.01 "
31288,SG,,"1,309","$385,621.23 ","$304,949.93 "
,80'S,,5,$204.10 ,$163.28 
,OTHER,,"4,860","$973,335.48 ","$769,039.88 "
,TOTAL,,"6,174","$1,359,160.81 ","$1,074,153.09 "
31290,80'S,,4,$562.11 ,$449.70 
,OTHER,,118,"$130,011.88 ","$103,460.95 "
,TOTAL,,122,"$130,573.99 ","$103,910.65 "
31291,80'S,,3,$508.98 ,$407.19 
,OTHER,,70,"$80,644.28 ","$62,809.49 "
,TOTAL,,73,"$81,153.26 ","$63,216.68 "
31292,80'S,,1,$238.46 ,$190.77 
,OTHER,,86,"$89,271.64 ","$70,819.79 "
,TOTAL,,87,"$89,510.10 ","$71,010.56 "
31293,80'S,,4,$620.25 ,$496.21 
,OTHER,,71,"$80,774.51 ","$63,989.86 "
,TOTAL,,75,"$81,394.76 ","$64,486.07 "
31294,OTHER,,26,"$31,690.64 ","$25,349.86 "
,TOTAL,,26,"$31,690.64 ","$25,349.86 "
31299,OTHER,,117,"$63,561.02 ","$50,842.29 "
,TOTAL,,117,"$63,561.02 ","$50,842.29 "
31300,SG,,8,"$5,489.70 ","$4,391.75 "
,80'S,,8,"$1,462.25 ","$1,169.81 "
,OTHER,,116,"$126,075.14 ","$98,910.71 "
,TOTAL,,132,"$133,027.09 ","$104,472.27 "
31320,SG,,1,$494.25 ,$395.40 
,OTHER,,7,"$3,143.81 ","$2,515.04 "
,TOTAL,,8,"$3,638.06 ","$2,910.44 "
31360,80'S,,115,"$23,762.51 ","$19,010.02 "
,OTHER,,640,"$781,559.17 ","$622,021.46 "
,TOTAL,,755,"$805,321.68 ","$641,031.48 "
31365,80'S,,68,"$18,328.96 ","$14,611.07 "
,OTHER,,414,"$687,051.87 ","$547,404.80 "
,TOTAL,,482,"$705,380.83 ","$562,015.87 "
31367,80'S,,4,"$1,100.37 ",$880.30 
,OTHER,,85,"$143,101.59 ","$114,423.26 "
,TOTAL,,89,"$144,201.96 ","$115,303.56 "
31368,80'S,,6,"$2,010.01 ","$1,608.00 "
,OTHER,,43,"$86,931.81 ","$69,545.51 "
,TOTAL,,49,"$88,941.82 ","$71,153.51 "
31370,80'S,,3,$845.01 ,$676.01 
,OTHER,,59,"$104,763.39 ","$83,810.77 "
,TOTAL,,62,"$105,608.40 ","$84,486.78 "
31375,80'S,,4,$991.66 ,$793.33 
,OTHER,,51,"$70,488.82 ","$55,935.68 "
,TOTAL,,55,"$71,480.48 ","$56,729.01 "
31380,80'S,,3,$783.18 ,$626.55 
,OTHER,,39,"$60,756.17 ","$48,604.91 "
,TOTAL,,42,"$61,539.35 ","$49,231.46 "
31382,80'S,,3,$867.34 ,$693.88 
,OTHER,,32,"$52,725.93 ","$42,171.71 "
,TOTAL,,35,"$53,593.27 ","$42,865.59 "
31390,80'S,,9,"$2,905.87 ","$2,324.70 "
,OTHER,,98,"$184,800.29 ","$147,840.19 "
,TOTAL,,107,"$187,706.16 ","$150,164.89 "
31395,80'S,,9,"$3,248.06 ","$2,598.47 "
,OTHER,,61,"$140,359.60 ","$110,349.94 "
,TOTAL,,70,"$143,607.66 ","$112,948.41 "
31400,80'S,,8,$871.00 ,$696.78 
,OTHER,,86,"$54,489.96 ","$43,497.18 "
,TOTAL,,94,"$55,360.96 ","$44,193.96 "
31420,80'S,,1,$62.40 ,$49.92 
,OTHER,,41,"$28,604.18 ","$22,635.61 "
,TOTAL,,42,"$28,666.58 ","$22,685.53 "
31500,OTHER,,"262,626","$30,250,239.04 ","$23,971,306.50 "
,TOTAL,,"262,626","$30,250,239.04 ","$23,971,306.50 "
31502,OTHER,,"17,346","$612,229.33 ","$477,314.09 "
,TOTAL,,"17,346","$612,229.33 ","$477,314.09 "
31505,OTHER,,"20,496","$1,547,545.97 ","$1,177,024.44 "
,TOTAL,,"20,496","$1,547,545.97 ","$1,177,024.44 "
31510,SG,,15,"$5,306.96 ","$4,146.37 "
,80'S,,1,$23.68 ,$18.94 
,OTHER,,140,"$15,877.66 ","$12,673.12 "
,TOTAL,,156,"$21,208.30 ","$16,838.43 "
31511,SG,,1,$425.93 ,$241.54 
,OTHER,,223,"$36,682.22 ","$28,830.07 "
,TOTAL,,224,"$37,108.15 ","$29,071.61 "
31512,SG,,8,"$3,342.21 ","$2,673.78 "
,OTHER,,35,"$4,766.01 ","$3,812.80 "
,TOTAL,,43,"$8,108.22 ","$6,486.58 "
31513,SG,,17,"$6,669.57 ","$5,323.86 "
,OTHER,,731,"$95,644.72 ","$73,331.80 "
,TOTAL,,748,"$102,314.29 ","$78,655.66 "
31515,SG,,36,"$9,956.60 ","$7,740.99 "
,OTHER,,"1,507","$178,020.67 ","$139,656.07 "
,TOTAL,,"1,543","$187,977.27 ","$147,397.06 "
31520,OTHER,,33,"$4,256.38 ","$3,405.13 "
,TOTAL,,33,"$4,256.38 ","$3,405.13 "
31525,SG,,406,"$109,234.97 ","$86,250.84 "
,OTHER,,"10,890","$2,004,567.50 ","$1,571,465.77 "
,TOTAL,,"11,296","$2,113,802.47 ","$1,657,716.61 "
31526,SG,,217,"$88,151.09 ","$68,885.35 "
,OTHER,,"1,570","$223,065.73 ","$175,663.18 "
,TOTAL,,"1,787","$311,216.82 ","$244,548.53 "
31527,OTHER,,24,"$4,259.65 ","$3,308.52 "
,TOTAL,,24,"$4,259.65 ","$3,308.52 "
31528,SG,,18,"$6,811.47 ","$5,449.18 "
,80'S,,1,$22.50 ,$18.00 
,OTHER,,200,"$23,488.07 ","$18,481.83 "
,TOTAL,,219,"$30,322.04 ","$23,949.01 "
31529,SG,,13,"$4,841.94 ","$3,873.55 "
,OTHER,,129,"$16,867.69 ","$13,066.19 "
,TOTAL,,142,"$21,709.63 ","$16,939.74 "
31530,SG,,19,"$7,470.35 ","$5,877.08 "
,OTHER,,401,"$80,196.24 ","$62,442.23 "
,TOTAL,,420,"$87,666.59 ","$68,319.31 "
31531,SG,,14,"$6,446.40 ","$5,097.58 "
,OTHER,,154,"$32,186.40 ","$25,536.14 "
,TOTAL,,168,"$38,632.80 ","$30,633.72 "
31535,SG,,"1,037","$435,208.58 ","$343,000.69 "
,OTHER,,"8,065","$1,435,851.62 ","$1,131,278.71 "
,TOTAL,,"9,102","$1,871,060.20 ","$1,474,279.40 "
31536,SG,,"1,391","$681,935.82 ","$537,550.86 "
,OTHER,,"7,482","$1,595,731.14 ","$1,254,293.39 "
,TOTAL,,"8,873","$2,277,666.96 ","$1,791,844.25 "
31540,SG,,269,"$134,857.58 ","$106,526.32 "
,OTHER,,"1,054","$259,032.19 ","$204,513.21 "
,TOTAL,,"1,323","$393,889.77 ","$311,039.53 "
31541,SG,,"1,573","$967,304.42 ","$761,275.03 "
,OTHER,,"10,381","$2,907,068.03 ","$2,282,976.25 "
,TOTAL,,"11,954","$3,874,372.45 ","$3,044,251.28 "
31545,SG,,86,"$52,263.24 ","$41,711.44 "
,OTHER,,677,"$253,439.22 ","$199,825.18 "
,TOTAL,,763,"$305,702.46 ","$241,536.62 "
31546,SG,,5,"$2,944.88 ","$2,355.91 "
,OTHER,,24,"$13,255.13 ","$10,059.06 "
,TOTAL,,29,"$16,200.01 ","$12,414.97 "
31560,SG,,3,"$2,088.85 ","$1,671.08 "
,OTHER,,35,"$10,232.23 ","$8,185.77 "
,TOTAL,,38,"$12,321.08 ","$9,856.85 "
31561,SG,,8,"$5,621.70 ","$4,497.36 "
,OTHER,,166,"$57,728.97 ","$45,638.65 "
,TOTAL,,174,"$63,350.67 ","$50,136.01 "
31570,SG,,64,"$26,263.34 ","$20,821.87 "
,OTHER,,"1,861","$589,578.94 ","$457,387.42 "
,TOTAL,,"1,925","$615,842.28 ","$478,209.29 "
31571,SG,,233,"$90,685.64 ","$71,471.86 "
,OTHER,,"2,003","$481,225.10 ","$379,980.27 "
,TOTAL,,"2,236","$571,910.74 ","$451,452.13 "
31575,OTHER,,"541,229","$60,850,964.42 ","$46,449,978.39 "
,TOTAL,,"541,229","$60,850,964.42 ","$46,449,978.39 "
31576,SG,,21,"$7,935.80 ","$6,261.02 "
,OTHER,,547,"$92,083.62 ","$72,255.89 "
,TOTAL,,568,"$100,019.42 ","$78,516.91 "
31577,SG,,1,$443.45 ,$354.76 
,OTHER,,167,"$36,178.88 ","$28,276.46 "
,TOTAL,,168,"$36,622.33 ","$28,631.22 "
31578,SG,,11,"$4,477.54 ","$3,355.25 "
,OTHER,,160,"$32,703.19 ","$26,051.30 "
,TOTAL,,171,"$37,180.73 ","$29,406.55 "
31579,OTHER,,"31,873","$7,317,073.93 ","$5,687,712.37 "
,TOTAL,,"31,873","$7,317,073.93 ","$5,687,712.37 "
31580,SG,,1,$755.58 ,$604.46 
,80'S,,2,$362.78 ,$290.22 
,OTHER,,82,"$43,609.31 ","$34,247.09 "
,TOTAL,,85,"$44,727.67 ","$35,141.77 "
31582,SG,,5,"$3,557.02 ","$2,746.43 "
,OTHER,,117,"$194,031.14 ","$152,678.14 "
,TOTAL,,122,"$197,588.16 ","$155,424.57 "
31584,80'S,,1,$221.54 ,$177.23 
,OTHER,,15,"$21,377.86 ","$17,003.08 "
,TOTAL,,16,"$21,599.40 ","$17,180.31 "
31587,80'S,,1,$154.46 ,$123.57 
,OTHER,,26,"$17,545.40 ","$12,654.76 "
,TOTAL,,27,"$17,699.86 ","$12,778.33 "
31588,SG,,90,"$63,705.89 ","$50,646.95 "
,80'S,,99,"$16,385.04 ","$13,107.95 "
,OTHER,,"1,204","$1,220,781.15 ","$963,699.89 "
,TOTAL,,"1,393","$1,300,872.08 ","$1,027,454.79 "
31590,SG,,1,$716.36 ,$573.09 
,80'S,,2,$190.45 ,$152.36 
,OTHER,,8,"$4,944.61 ","$3,954.71 "
,TOTAL,,11,"$5,851.42 ","$4,680.16 "
31595,SG,,1,$474.15 ,$379.32 
,OTHER,,30,"$16,840.22 ","$13,472.21 "
,TOTAL,,31,"$17,314.37 ","$13,851.53 "
31599,80'S,,5,$655.84 ,$524.67 
,OTHER,,606,"$245,949.22 ","$194,962.04 "
,TOTAL,,611,"$246,605.06 ","$195,486.71 "
31600,80'S,,3,$228.37 ,$182.69 
,OTHER,,"42,235","$17,212,134.43 ","$13,699,514.15 "
,TOTAL,,"42,238","$17,212,362.80 ","$13,699,696.84 "
31601,OTHER,,16,"$3,980.89 ","$3,184.71 "
,TOTAL,,16,"$3,980.89 ","$3,184.71 "
31603,SG,,3,$659.17 ,$527.34 
,80'S,,1,$43.20 ,$34.56 
,OTHER,,"2,238","$499,648.48 ","$396,692.56 "
,TOTAL,,"2,242","$500,350.85 ","$397,254.46 "
31605,OTHER,,379,"$70,416.23 ","$55,862.89 "
,TOTAL,,379,"$70,416.23 ","$55,862.89 "
31610,OTHER,,"1,800","$1,170,123.25 ","$930,556.58 "
,TOTAL,,"1,800","$1,170,123.25 ","$930,556.58 "
31611,SG,,50,"$24,556.72 ","$19,379.82 "
,80'S,,53,"$2,510.44 ","$2,008.31 "
,OTHER,,962,"$371,086.73 ","$294,519.52 "
,TOTAL,,"1,065","$398,153.89 ","$315,907.65 "
31612,SG,,7,"$2,319.69 ","$1,795.53 "
,OTHER,,264,"$11,878.72 ","$9,281.13 "
,TOTAL,,271,"$14,198.41 ","$11,076.66 "
31613,SG,,23,"$10,032.89 ","$7,695.48 "
,OTHER,,"1,178","$457,961.42 ","$363,343.48 "
,TOTAL,,"1,201","$467,994.31 ","$371,038.96 "
31614,SG,,16,"$6,860.84 ","$5,183.44 "
,OTHER,,397,"$231,291.52 ","$184,072.11 "
,TOTAL,,413,"$238,152.36 ","$189,255.55 "
31615,SG,,60,"$14,493.49 ","$11,591.76 "
,OTHER,,"9,570","$1,405,146.99 ","$1,098,288.14 "
,TOTAL,,"9,630","$1,419,640.48 ","$1,109,879.90 "
31620,OTHER,,"1,063","$83,972.15 ","$66,655.87 "
,TOTAL,,"1,063","$83,972.15 ","$66,655.87 "
31622,SG,,"1,100","$302,231.66 ","$238,441.77 "
,80'S,,4,$95.03 ,$76.02 
,OTHER,,"96,601","$13,347,392.99 ","$10,570,737.59 "
,TOTAL,,"97,705","$13,649,719.68 ","$10,809,255.38 "
31623,SG,,545,"$179,821.81 ","$142,534.09 "
,OTHER,,"37,727","$2,517,488.42 ","$1,991,235.63 "
,TOTAL,,"38,272","$2,697,310.23 ","$2,133,769.72 "
31624,SG,,459,"$141,496.49 ","$112,429.86 "
,OTHER,,"73,162","$7,118,841.83 ","$5,642,770.39 "
,TOTAL,,"73,621","$7,260,338.32 ","$5,755,200.25 "
31625,SG,,496,"$197,820.19 ","$156,402.51 "
,80'S,,3,$63.80 ,$51.04 
,OTHER,,"37,175","$6,162,353.58 ","$4,877,673.39 "
,TOTAL,,"37,674","$6,360,237.57 ","$5,034,126.94 "
31628,SG,,500,"$199,594.48 ","$157,506.77 "
,OTHER,,"47,156","$8,961,784.86 ","$7,072,486.85 "
,TOTAL,,"47,656","$9,161,379.34 ","$7,229,993.62 "
31629,SG,,124,"$48,182.56 ","$38,263.39 "
,OTHER,,"12,561","$2,674,549.27 ","$2,118,086.18 "
,TOTAL,,"12,685","$2,722,731.83 ","$2,156,349.57 "
31630,SG,,5,"$1,962.00 ","$1,569.59 "
,OTHER,,"1,245","$219,842.19 ","$172,259.07 "
,TOTAL,,"1,250","$221,804.19 ","$173,828.66 "
31631,SG,,4,"$1,299.38 ",$940.31 
,80'S,,1,$40.26 ,$32.21 
,OTHER,,815,"$175,652.37 ","$139,204.84 "
,TOTAL,,820,"$176,992.01 ","$140,177.36 "
31632,OTHER,,"3,133","$177,955.67 ","$141,332.30 "
,TOTAL,,"3,133","$177,955.67 ","$141,332.30 "
31633,OTHER,,"1,280","$90,445.72 ","$71,980.08 "
,TOTAL,,"1,280","$90,445.72 ","$71,980.08 "
31635,SG,,10,"$4,036.58 ","$3,229.26 "
,OTHER,,"2,052","$379,810.41 ","$301,323.58 "
,TOTAL,,"2,062","$383,846.99 ","$304,552.84 "
31636,OTHER,,590,"$111,294.53 ","$87,708.78 "
,TOTAL,,590,"$111,294.53 ","$87,708.78 "
31637,OTHER,,80,"$7,103.08 ","$5,636.93 "
,TOTAL,,80,"$7,103.08 ","$5,636.93 "
31638,SG,,1,$432.68 ,$346.14 
,OTHER,,202,"$48,501.76 ","$38,240.37 "
,TOTAL,,203,"$48,934.44 ","$38,586.51 "
31640,SG,,5,"$1,536.33 ","$1,229.06 "
,OTHER,,555,"$152,963.80 ","$121,093.50 "
,TOTAL,,560,"$154,500.13 ","$122,322.56 "
31641,SG,,8,"$3,021.15 ","$2,416.91 "
,OTHER,,"3,229","$852,491.38 ","$670,382.29 "
,TOTAL,,"3,237","$855,512.53 ","$672,799.20 "
31643,SG,,7,"$3,000.48 ","$2,400.37 "
,OTHER,,"1,312","$226,574.50 ","$179,134.81 "
,TOTAL,,"1,319","$229,574.98 ","$181,535.18 "
31645,SG,,11,"$2,773.72 ","$2,218.98 "
,OTHER,,"28,313","$4,439,850.71 ","$3,528,703.24 "
,TOTAL,,"28,324","$4,442,624.43 ","$3,530,922.22 "
31646,SG,,1,$161.98 ,$129.58 
,OTHER,,"4,838","$662,807.87 ","$527,164.57 "
,TOTAL,,"4,839","$662,969.85 ","$527,294.15 "
31656,OTHER,,70,"$5,846.18 ","$4,677.07 "
,TOTAL,,70,"$5,846.18 ","$4,677.07 "
31700,OTHER,,17,"$1,434.79 ","$1,147.84 "
,TOTAL,,17,"$1,434.79 ","$1,147.84 "
31708,OTHER,,4,$187.51 ,$150.00 
,TOTAL,,4,$187.51 ,$150.00 
31710,OTHER,,18,$709.16 ,$567.33 
,TOTAL,,18,$709.16 ,$567.33 
31715,OTHER,,9,$251.28 ,$201.06 
,TOTAL,,9,$251.28 ,$201.06 
31717,OTHER,,90,"$8,095.69 ","$6,325.62 "
,TOTAL,,90,"$8,095.69 ","$6,325.62 "
31720,OTHER,,522,"$28,914.91 ","$23,015.72 "
,TOTAL,,522,"$28,914.91 ","$23,015.72 "
31725,OTHER,,296,"$28,939.68 ","$22,912.52 "
,TOTAL,,296,"$28,939.68 ","$22,912.52 "
31730,SG,,1,$325.37 ,$260.30 
,OTHER,,774,"$109,792.54 ","$86,967.88 "
,TOTAL,,775,"$110,117.91 ","$87,228.18 "
31750,SG,,3,"$2,115.11 ","$1,692.10 "
,80'S,,20,"$4,128.81 ","$3,303.01 "
,OTHER,,157,"$175,512.92 ","$139,360.50 "
,TOTAL,,180,"$181,756.84 ","$144,355.61 "
31755,SG,,6,"$2,609.81 ","$2,087.85 "
,80'S,,2,$259.90 ,$207.92 
,OTHER,,30,"$43,804.44 ","$35,043.52 "
,TOTAL,,38,"$46,674.15 ","$37,339.29 "
31760,80'S,,8,"$1,788.19 ","$1,412.43 "
,OTHER,,24,"$27,457.35 ","$21,965.92 "
,TOTAL,,32,"$29,245.54 ","$23,378.35 "
31766,OTHER,,1,"$1,600.00 ","$1,280.00 "
,TOTAL,,1,"$1,600.00 ","$1,280.00 "
31770,80'S,,9,"$1,113.87 ",$891.09 
,OTHER,,38,"$30,890.79 ","$24,712.63 "
,TOTAL,,47,"$32,004.66 ","$25,603.72 "
31775,OTHER,,9,"$13,279.01 ","$10,610.65 "
,TOTAL,,9,"$13,279.01 ","$10,610.65 "
31780,80'S,,10,"$1,695.57 ","$1,356.44 "
,OTHER,,122,"$126,892.84 ","$100,066.90 "
,TOTAL,,132,"$128,588.41 ","$101,423.34 "
31781,80'S,,4,$915.69 ,$732.55 
,OTHER,,14,"$20,458.39 ","$15,442.69 "
,TOTAL,,18,"$21,374.08 ","$16,175.24 "
31785,80'S,,7,$683.16 ,$546.53 
,OTHER,,96,"$85,771.31 ","$67,553.10 "
,TOTAL,,103,"$86,454.47 ","$68,099.63 "
31786,80'S,,1,$236.73 ,$189.38 
,OTHER,,11,"$13,055.78 ","$10,444.62 "
,TOTAL,,12,"$13,292.51 ","$10,634.00 "
31800,80'S,,3,$216.00 ,$172.79 
,OTHER,,59,"$32,807.93 ","$26,246.35 "
,TOTAL,,62,"$33,023.93 ","$26,419.14 "
31805,80'S,,5,$356.22 ,$284.98 
,OTHER,,21,"$11,175.97 ","$8,869.72 "
,TOTAL,,26,"$11,532.19 ","$9,154.70 "
31820,SG,,27,"$8,342.80 ","$6,674.25 "
,80'S,,1,$28.94 ,$23.15 
,OTHER,,313,"$95,061.95 ","$75,084.18 "
,TOTAL,,341,"$103,433.69 ","$81,781.58 "
31825,SG,,15,"$6,615.96 ","$5,292.75 "
,80'S,,1,$71.72 ,$57.38 
,OTHER,,276,"$119,500.80 ","$93,885.40 "
,TOTAL,,292,"$126,188.48 ","$99,235.53 "
31830,SG,,6,"$2,198.85 ","$1,759.08 "
,OTHER,,159,"$48,773.80 ","$38,441.50 "
,TOTAL,,165,"$50,972.65 ","$40,200.58 "
31899,80'S,,6,$556.23 ,$444.99 
,OTHER,,352,"$55,795.68 ","$44,341.50 "
,TOTAL,,358,"$56,351.91 ","$44,786.49 "
32000,SG,,306,"$96,014.45 ","$76,436.52 "
,80'S,,2,$28.08 ,$22.46 
,OTHER,,"133,617","$11,227,906.27 ","$8,890,705.17 "
,TOTAL,,"133,925","$11,323,948.80 ","$8,967,164.15 "
32002,OTHER,,"79,675","$10,320,246.45 ","$8,198,941.98 "
,TOTAL,,"79,675","$10,320,246.45 ","$8,198,941.98 "
32005,OTHER,,"7,028","$765,104.37 ","$609,315.29 "
,TOTAL,,"7,028","$765,104.37 ","$609,315.29 "
32019,OTHER,,"2,901","$708,865.84 ","$564,467.53 "
,TOTAL,,"2,901","$708,865.84 ","$564,467.53 "
32020,80'S,,4,$156.64 ,$125.32 
,OTHER,,"67,430","$14,474,650.47 ","$11,498,455.46 "
,TOTAL,,"67,434","$14,474,807.11 ","$11,498,580.78 "
32035,80'S,,17,"$1,408.17 ","$1,126.53 "
,OTHER,,185,"$85,395.37 ","$67,792.05 "
,TOTAL,,202,"$86,803.54 ","$68,918.58 "
32036,80'S,,29,"$2,913.44 ","$2,323.40 "
,OTHER,,264,"$146,799.56 ","$116,802.10 "
,TOTAL,,293,"$149,713.00 ","$119,125.50 "
32095,80'S,,197,"$14,575.20 ","$11,499.79 "
,OTHER,,"2,248","$937,084.98 ","$744,364.90 "
,TOTAL,,"2,445","$951,660.18 ","$755,864.69 "
32100,80'S,,454,"$64,687.08 ","$51,051.55 "
,OTHER,,"3,251","$2,503,043.91 ","$1,986,465.23 "
,TOTAL,,"3,705","$2,567,730.99 ","$2,037,516.78 "
32110,80'S,,67,"$12,067.90 ","$9,654.31 "
,OTHER,,576,"$620,889.90 ","$494,241.59 "
,TOTAL,,643,"$632,957.80 ","$503,895.90 "
32120,80'S,,99,"$9,962.43 ","$7,969.96 "
,OTHER,,"1,039","$522,705.94 ","$416,266.07 "
,TOTAL,,"1,138","$532,668.37 ","$424,236.03 "
32124,80'S,,355,"$27,474.35 ","$21,928.15 "
,OTHER,,"1,524","$695,467.95 ","$552,747.43 "
,TOTAL,,"1,879","$722,942.30 ","$574,675.58 "
32140,80'S,,21,"$2,337.09 ","$1,869.65 "
,OTHER,,111,"$72,374.78 ","$57,238.45 "
,TOTAL,,132,"$74,711.87 ","$59,108.10 "
32141,80'S,,75,"$8,205.80 ","$6,465.41 "
,OTHER,,707,"$435,244.69 ","$346,159.59 "
,TOTAL,,782,"$443,450.49 ","$352,625.00 "
32150,80'S,,40,"$4,416.85 ","$3,533.51 "
,OTHER,,262,"$167,159.22 ","$133,239.26 "
,TOTAL,,302,"$171,576.07 ","$136,772.77 "
32151,80'S,,7,$652.84 ,$522.25 
,OTHER,,47,"$25,925.59 ","$20,632.47 "
,TOTAL,,54,"$26,578.43 ","$21,154.72 "
32160,80'S,,36,"$2,336.51 ","$1,869.20 "
,OTHER,,323,"$130,874.25 ","$104,349.13 "
,TOTAL,,359,"$133,210.76 ","$106,218.33 "
32200,80'S,,11,"$1,250.60 ","$1,000.49 "
,OTHER,,104,"$61,844.85 ","$49,475.92 "
,TOTAL,,115,"$63,095.45 ","$50,476.41 "
32201,80'S,,1,$16.87 ,$13.50 
,OTHER,,540,"$108,702.05 ","$86,557.44 "
,TOTAL,,541,"$108,718.92 ","$86,570.94 "
32215,80'S,,21,"$1,731.62 ","$1,385.29 "
,OTHER,,268,"$126,293.95 ","$101,035.08 "
,TOTAL,,289,"$128,025.57 ","$102,420.37 "
32220,80'S,,413,"$97,573.39 ","$77,543.59 "
,OTHER,,"3,652","$4,618,213.01 ","$3,677,738.81 "
,TOTAL,,"4,065","$4,715,786.40 ","$3,755,282.40 "
32225,80'S,,112,"$12,993.13 ","$10,248.73 "
,OTHER,,"1,153","$730,807.73 ","$582,105.00 "
,TOTAL,,"1,265","$743,800.86 ","$592,353.73 "
32310,80'S,,81,"$7,675.43 ","$6,140.34 "
,OTHER,,372,"$197,559.15 ","$157,418.89 "
,TOTAL,,453,"$205,234.58 ","$163,559.23 "
32320,80'S,,210,"$48,321.06 ","$38,428.37 "
,OTHER,,"1,269","$1,630,818.14 ","$1,297,583.24 "
,TOTAL,,"1,479","$1,679,139.20 ","$1,336,011.61 "
32400,SG,,3,$965.35 ,$772.28 
,80'S,,4,$32.32 ,$25.84 
,OTHER,,"1,685","$149,986.09 ","$119,148.81 "
,TOTAL,,"1,692","$150,983.76 ","$119,946.93 "
32402,80'S,,39,"$2,030.26 ","$1,624.20 "
,OTHER,,339,"$106,409.58 ","$84,478.00 "
,TOTAL,,378,"$108,439.84 ","$86,102.20 "
32405,SG,,72,"$22,683.79 ","$18,146.77 "
,80'S,,1,$7.52 ,$6.02 
,OTHER,,"57,158","$5,728,954.83 ","$4,530,110.69 "
,TOTAL,,"57,231","$5,751,646.14 ","$4,548,263.48 "
32420,SG,,2,$521.49 ,$227.64 
,OTHER,,275,"$28,931.92 ","$22,912.70 "
,TOTAL,,277,"$29,453.41 ","$23,140.34 "
32440,80'S,,287,"$70,399.14 ","$56,319.35 "
,OTHER,,"1,316","$1,731,198.42 ","$1,377,695.33 "
,TOTAL,,"1,603","$1,801,597.56 ","$1,434,014.68 "
32442,80'S,,1,$235.33 ,$188.26 
,OTHER,,5,"$8,747.06 ","$6,997.65 "
,TOTAL,,6,"$8,982.39 ","$7,185.91 "
32445,80'S,,21,"$5,581.11 ","$4,464.88 "
,OTHER,,106,"$164,027.81 ","$131,222.26 "
,TOTAL,,127,"$169,608.92 ","$135,687.14 "
32480,80'S,,"3,462","$807,377.78 ","$640,773.73 "
,OTHER,,"18,175","$22,757,428.97 ","$18,083,145.93 "
,TOTAL,,"21,637","$23,564,806.75 ","$18,723,919.66 "
32482,80'S,,293,"$71,551.13 ","$56,749.89 "
,OTHER,,"1,384","$1,807,898.49 ","$1,435,761.75 "
,TOTAL,,"1,677","$1,879,449.62 ","$1,492,511.64 "
32484,80'S,,248,"$48,832.42 ","$39,041.51 "
,OTHER,,"1,520","$1,645,665.16 ","$1,312,028.36 "
,TOTAL,,"1,768","$1,694,497.58 ","$1,351,069.87 "
32486,80'S,,25,"$6,080.52 ","$4,673.38 "
,OTHER,,160,"$219,911.50 ","$173,727.26 "
,TOTAL,,185,"$225,992.02 ","$178,400.64 "
32488,80'S,,34,"$9,062.67 ","$7,250.09 "
,OTHER,,173,"$246,385.79 ","$197,044.78 "
,TOTAL,,207,"$255,448.46 ","$204,294.87 "
32491,80'S,,19,"$5,748.58 ","$4,598.85 "
,OTHER,,133,"$204,428.90 ","$159,516.53 "
,TOTAL,,152,"$210,177.48 ","$164,115.38 "
32500,80'S,,"1,500","$290,702.35 ","$230,871.70 "
,OTHER,,"9,620","$10,312,326.21 ","$8,182,199.14 "
,TOTAL,,"11,120","$10,603,028.56 ","$8,413,070.84 "
32501,80'S,,39,"$1,611.29 ","$1,289.03 "
,OTHER,,211,"$47,299.28 ","$37,145.37 "
,TOTAL,,250,"$48,910.57 ","$38,434.40 "
32503,80'S,,29,"$8,434.15 ","$6,648.14 "
,OTHER,,172,"$274,932.74 ","$218,139.03 "
,TOTAL,,201,"$283,366.89 ","$224,787.17 "
32504,80'S,,19,"$6,466.56 ","$5,173.25 "
,OTHER,,123,"$223,466.47 ","$178,773.22 "
,TOTAL,,142,"$229,933.03 ","$183,946.47 "
32540,80'S,,32,"$3,406.89 ","$2,649.27 "
,OTHER,,164,"$110,943.39 ","$88,093.44 "
,TOTAL,,196,"$114,350.28 ","$90,742.71 "
32601,80'S,,28,$940.76 ,$752.62 
,OTHER,,"2,249","$465,070.15 ","$370,306.21 "
,TOTAL,,"2,277","$466,010.91 ","$371,058.83 "
32602,80'S,,80,"$4,037.67 ","$3,225.99 "
,OTHER,,"3,725","$1,147,877.54 ","$908,307.43 "
,TOTAL,,"3,805","$1,151,915.21 ","$911,533.42 "
32603,OTHER,,43,"$11,783.63 ","$9,426.86 "
,TOTAL,,43,"$11,783.63 ","$9,426.86 "
32604,OTHER,,48,"$18,185.81 ","$14,548.64 "
,TOTAL,,48,"$18,185.81 ","$14,548.64 "
32605,OTHER,,46,"$15,033.84 ","$12,027.07 "
,TOTAL,,46,"$15,033.84 ","$12,027.07 "
32606,80'S,,7,$498.45 ,$398.75 
,OTHER,,292,"$128,680.94 ","$102,027.21 "
,TOTAL,,299,"$129,179.39 ","$102,425.96 "
32650,80'S,,716,"$67,709.71 ","$53,981.18 "
,OTHER,,"8,270","$4,813,011.58 ","$3,832,405.77 "
,TOTAL,,"8,986","$4,880,721.29 ","$3,886,386.95 "
32651,80'S,,152,"$18,169.37 ","$14,489.71 "
,OTHER,,"1,474","$1,019,145.50 ","$807,289.57 "
,TOTAL,,"1,626","$1,037,314.87 ","$821,779.28 "
32652,80'S,,281,"$50,589.08 ","$40,229.25 "
,OTHER,,"1,612","$1,718,816.07 ","$1,364,103.35 "
,TOTAL,,"1,893","$1,769,405.15 ","$1,404,332.60 "
32653,80'S,,130,"$12,287.17 ","$9,766.95 "
,OTHER,,748,"$481,282.84 ","$384,426.34 "
,TOTAL,,878,"$493,570.01 ","$394,193.29 "
32654,80'S,,10,"$1,009.21 ",$807.35 
,OTHER,,150,"$103,946.20 ","$82,401.14 "
,TOTAL,,160,"$104,955.41 ","$83,208.49 "
32655,80'S,,84,"$9,719.86 ","$7,481.81 "
,OTHER,,712,"$470,864.67 ","$374,315.90 "
,TOTAL,,796,"$480,584.53 ","$381,797.71 "
32656,80'S,,213,"$24,311.62 ","$19,383.21 "
,OTHER,,675,"$460,105.24 ","$367,363.30 "
,TOTAL,,888,"$484,416.86 ","$386,746.51 "
32657,80'S,,"1,052","$130,409.79 ","$103,699.55 "
,OTHER,,"8,654","$6,421,310.15 ","$5,097,789.87 "
,TOTAL,,"9,706","$6,551,719.94 ","$5,201,489.42 "
32658,80'S,,2,$174.55 ,$139.64 
,OTHER,,42,"$23,763.98 ","$19,011.19 "
,TOTAL,,44,"$23,938.53 ","$19,150.83 "
32659,80'S,,70,"$7,303.31 ","$5,842.70 "
,OTHER,,472,"$297,626.22 ","$235,143.59 "
,TOTAL,,542,"$304,929.53 ","$240,986.29 "
32660,80'S,,2,$401.57 ,$321.26 
,OTHER,,17,"$15,841.21 ","$12,672.97 "
,TOTAL,,19,"$16,242.78 ","$12,994.23 "
32661,80'S,,2,$242.67 ,$194.13 
,OTHER,,31,"$17,742.42 ","$13,496.88 "
,TOTAL,,33,"$17,985.09 ","$13,691.01 "
32662,80'S,,59,"$8,993.42 ","$7,194.81 "
,OTHER,,286,"$257,890.64 ","$204,067.62 "
,TOTAL,,345,"$266,884.06 ","$211,262.43 "
32663,80'S,,665,"$130,291.75 ","$103,621.36 "
,OTHER,,"2,266","$2,604,269.95 ","$2,074,600.08 "
,TOTAL,,"2,931","$2,734,561.70 ","$2,178,221.44 "
32664,80'S,,6,$718.68 ,$574.93 
,OTHER,,110,"$77,712.33 ","$59,525.95 "
,TOTAL,,116,"$78,431.01 ","$60,100.88 "
32665,80'S,,13,"$1,608.30 ","$1,286.62 "
,OTHER,,32,"$22,284.13 ","$17,827.30 "
,TOTAL,,45,"$23,892.43 ","$19,113.92 "
32800,80'S,,7,$714.86 ,$500.60 
,OTHER,,80,"$48,750.91 ","$37,786.94 "
,TOTAL,,87,"$49,465.77 ","$38,287.54 "
32810,80'S,,1,$113.64 ,$90.91 
,OTHER,,49,"$34,308.83 ","$27,447.05 "
,TOTAL,,50,"$34,422.47 ","$27,537.96 "
32815,80'S,,22,"$4,321.49 ","$3,457.19 "
,OTHER,,216,"$227,272.75 ","$181,589.41 "
,TOTAL,,238,"$231,594.24 ","$185,046.60 "
32820,80'S,,9,"$1,784.17 ","$1,427.32 "
,OTHER,,51,"$57,400.50 ","$45,832.01 "
,TOTAL,,60,"$59,184.67 ","$47,259.33 "
32851,80'S,,55,"$23,847.18 ","$19,040.25 "
,OTHER,,188,"$472,114.79 ","$377,188.42 "
,TOTAL,,243,"$495,961.97 ","$396,228.67 "
32852,80'S,,8,"$3,991.98 ","$3,193.56 "
,OTHER,,20,"$59,045.01 ","$47,236.03 "
,TOTAL,,28,"$63,036.99 ","$50,429.59 "
32853,80'S,,42,"$21,669.23 ","$17,335.35 "
,OTHER,,127,"$403,153.05 ","$313,268.59 "
,TOTAL,,169,"$424,822.28 ","$330,603.94 "
32854,80'S,,39,"$22,129.11 ","$17,703.26 "
,OTHER,,121,"$366,616.60 ","$291,962.38 "
,TOTAL,,160,"$388,745.71 ","$309,665.64 "
32855,80'S,,35,"$1,314.35 ","$1,051.49 "
,OTHER,,110,"$18,693.87 ","$14,955.03 "
,TOTAL,,145,"$20,008.22 ","$16,006.52 "
32856,80'S,,41,"$1,269.73 ","$1,015.77 "
,OTHER,,130,"$20,881.20 ","$16,674.02 "
,TOTAL,,171,"$22,150.93 ","$17,689.79 "
32900,80'S,,41,"$5,619.63 ","$4,400.63 "
,OTHER,,208,"$190,196.99 ","$151,687.28 "
,TOTAL,,249,"$195,816.62 ","$156,087.91 "
32905,80'S,,13,"$2,272.81 ","$1,818.25 "
,OTHER,,76,"$80,248.61 ","$64,198.91 "
,TOTAL,,89,"$82,521.42 ","$66,017.16 "
32906,80'S,,3,$814.35 ,$651.48 
,OTHER,,31,"$43,817.66 ","$35,054.14 "
,TOTAL,,34,"$44,632.01 ","$35,705.62 "
32940,80'S,,14,"$1,497.20 ","$1,197.77 "
,OTHER,,56,"$38,704.57 ","$30,390.41 "
,TOTAL,,70,"$40,201.77 ","$31,588.18 "
32960,OTHER,,42,"$3,814.71 ","$2,974.59 "
,TOTAL,,42,"$3,814.71 ","$2,974.59 "
32997,OTHER,,158,"$44,831.24 ","$35,460.59 "
,TOTAL,,158,"$44,831.24 ","$35,460.59 "
32999,80'S,,39,"$5,808.85 ","$4,646.96 "
,OTHER,,"1,421","$569,613.78 ","$454,684.93 "
,TOTAL,,"1,460","$575,422.63 ","$459,331.89 "
33010,OTHER,CARDIOVASCULAR,"4,227","$444,468.70 ","$351,767.82 "
,TOTAL,,"4,227","$444,468.70 ","$351,767.82 "
33011,OTHER,,88,"$9,707.83 ","$7,755.61 "
,TOTAL,,88,"$9,707.83 ","$7,755.61 "
33015,OTHER,,567,"$232,801.77 ","$184,666.86 "
,TOTAL,,567,"$232,801.77 ","$184,666.86 "
33020,80'S,,21,"$1,816.28 ","$1,453.01 "
,OTHER,,305,"$180,007.58 ","$142,487.82 "
,TOTAL,,326,"$181,823.86 ","$143,940.83 "
33025,80'S,,606,"$66,703.22 ","$53,134.25 "
,OTHER,,"6,949","$4,430,158.01 ","$3,518,591.95 "
,TOTAL,,"7,555","$4,496,861.23 ","$3,571,726.20 "
33030,80'S,,142,"$21,795.74 ","$17,306.06 "
,OTHER,,670,"$605,406.87 ","$480,357.83 "
,TOTAL,,812,"$627,202.61 ","$497,663.89 "
33031,80'S,,73,"$9,481.47 ","$7,483.46 "
,OTHER,,287,"$199,551.44 ","$158,707.70 "
,TOTAL,,360,"$209,032.91 ","$166,191.16 "
33050,80'S,,18,"$1,595.69 ","$1,276.54 "
,OTHER,,133,"$65,730.50 ","$52,584.38 "
,TOTAL,,151,"$67,326.19 ","$53,860.92 "
33120,80'S,,225,"$39,266.70 ","$31,097.99 "
,OTHER,,880,"$799,865.99 ","$637,745.50 "
,TOTAL,,"1,105","$839,132.69 ","$668,843.49 "
33130,80'S,,16,"$2,376.34 ","$1,901.06 "
,OTHER,,57,"$47,668.87 ","$38,097.23 "
,TOTAL,,73,"$50,045.21 ","$39,998.29 "
33140,80'S,,20,"$3,901.92 ","$3,022.33 "
,OTHER,,137,"$136,142.08 ","$107,100.13 "
,TOTAL,,157,"$140,044.00 ","$110,122.46 "
33141,80'S,,451,"$18,932.37 ","$15,017.25 "
,OTHER,,"2,285","$457,561.23 ","$362,465.96 "
,TOTAL,,"2,736","$476,493.60 ","$377,483.21 "
33200,80'S,,1,$146.68 ,$117.34 
,OTHER,,990,"$616,824.72 ","$488,855.87 "
,TOTAL,,991,"$616,971.40 ","$488,973.21 "
33201,OTHER,,223,"$134,761.26 ","$107,785.14 "
,TOTAL,,223,"$134,761.26 ","$107,785.14 "
33206,OTHER,,"1,579","$628,637.68 ","$500,251.90 "
,TOTAL,,"1,579","$628,637.68 ","$500,251.90 "
33207,80'S,,1,$91.14 ,$72.91 
,OTHER,,"29,884","$14,419,176.05 ","$11,477,443.42 "
,TOTAL,,"29,885","$14,419,267.19 ","$11,477,516.33 "
33208,OTHER,,"123,779","$60,621,297.83 ","$48,208,983.34 "
,TOTAL,,"123,779","$60,621,297.83 ","$48,208,983.34 "
33210,OTHER,,"22,442","$3,040,970.59 ","$2,410,994.30 "
,TOTAL,,"22,442","$3,040,970.59 ","$2,410,994.30 "
33211,OTHER,,"1,119","$138,344.56 ","$109,214.05 "
,TOTAL,,"1,119","$138,344.56 ","$109,214.05 "
33212,SG,,2,$713.04 ,$570.43 
,OTHER,,"12,201","$4,167,735.05 ","$3,300,501.50 "
,TOTAL,,"12,203","$4,168,448.09 ","$3,301,071.93 "
33213,SG,,2,$992.41 ,$793.93 
,OTHER,,"38,870","$15,113,114.00 ","$11,979,361.52 "
,TOTAL,,"38,872","$15,114,106.41 ","$11,980,155.45 "
33214,80'S,,2,$146.90 ,$117.52 
,OTHER,,982,"$440,139.90 ","$349,370.08 "
,TOTAL,,984,"$440,286.80 ","$349,487.60 "
33215,OTHER,,"4,969","$1,323,985.38 ","$1,053,083.07 "
,TOTAL,,"4,969","$1,323,985.38 ","$1,053,083.07 "
33216,80'S,,1,$59.77 ,$47.82 
,OTHER,,"5,241","$1,611,753.73 ","$1,281,758.50 "
,TOTAL,,"5,242","$1,611,813.50 ","$1,281,806.32 "
33217,OTHER,,"3,531","$1,124,415.23 ","$893,256.88 "
,TOTAL,,"3,531","$1,124,415.23 ","$893,256.88 "
33218,OTHER,,742,"$233,224.73 ","$185,603.65 "
,TOTAL,,742,"$233,224.73 ","$185,603.65 "
33220,OTHER,,441,"$128,563.12 ","$102,045.73 "
,TOTAL,,441,"$128,563.12 ","$102,045.73 "
33222,SG,,6,"$2,579.79 ","$2,019.88 "
,OTHER,,"3,732","$974,646.18 ","$775,400.63 "
,TOTAL,,"3,738","$977,225.97 ","$777,420.51 "
33223,80'S,,3,$181.97 ,$145.57 
,OTHER,,"5,004","$1,493,171.93 ","$1,184,548.96 "
,TOTAL,,"5,007","$1,493,353.90 ","$1,184,694.53 "
33224,80'S,,1,$39.79 ,$31.83 
,OTHER,,"3,292","$1,457,884.82 ","$1,154,048.71 "
,TOTAL,,"3,293","$1,457,924.61 ","$1,154,080.54 "
33225,80'S,,1,$70.71 ,$56.57 
,OTHER,,"35,138","$15,928,652.63 ","$12,675,087.85 "
,TOTAL,,"35,139","$15,928,723.34 ","$12,675,144.42 "
33226,OTHER,,"1,056","$501,798.58 ","$398,833.78 "
,TOTAL,,"1,056","$501,798.58 ","$398,833.78 "
33233,SG,,4,$849.45 ,$679.56 
,80'S,,1,$19.48 ,$15.58 
,OTHER,,"55,655","$7,534,640.89 ","$5,978,641.26 "
,TOTAL,,"55,660","$7,535,509.82 ","$5,979,336.40 "
33234,OTHER,,"3,894","$1,474,575.78 ","$1,170,949.91 "
,TOTAL,,"3,894","$1,474,575.78 ","$1,170,949.91 "
33235,80'S,,1,$97.86 ,$78.29 
,OTHER,,"3,596","$2,014,183.59 ","$1,601,645.71 "
,TOTAL,,"3,597","$2,014,281.45 ","$1,601,724.00 "
33236,80'S,,2,$141.36 ,$113.08 
,OTHER,,116,"$82,565.56 ","$66,019.45 "
,TOTAL,,118,"$82,706.92 ","$66,132.53 "
33237,80'S,,3,$212.54 ,$170.02 
,OTHER,,84,"$55,342.43 ","$44,233.89 "
,TOTAL,,87,"$55,554.97 ","$44,403.91 "
33238,80'S,,1,$124.95 ,$99.96 
,OTHER,,118,"$82,075.46 ","$65,520.21 "
,TOTAL,,119,"$82,200.41 ","$65,620.17 "
33240,80'S,,3,$120.80 ,$96.65 
,OTHER,,"18,233","$8,350,839.53 ","$6,598,206.16 "
,TOTAL,,"18,236","$8,350,960.33 ","$6,598,302.81 "
33241,80'S,,26,$698.29 ,$558.65 
,OTHER,,"22,317","$2,947,517.88 ","$2,331,612.15 "
,TOTAL,,"22,343","$2,948,216.17 ","$2,332,170.80 "
33243,80'S,,57,"$8,644.47 ","$6,915.58 "
,OTHER,,358,"$369,849.67 ","$294,196.52 "
,TOTAL,,415,"$378,494.14 ","$301,112.10 "
33244,OTHER,,"3,724","$3,128,928.98 ","$2,485,138.53 "
,TOTAL,,"3,724","$3,128,928.98 ","$2,485,138.53 "
33245,80'S,,282,"$26,954.40 ","$21,460.50 "
,OTHER,,"2,048","$1,311,065.91 ","$1,035,004.62 "
,TOTAL,,"2,330","$1,338,020.31 ","$1,056,465.12 "
33246,80'S,,43,"$7,263.55 ","$5,810.82 "
,OTHER,,607,"$648,769.70 ","$509,408.31 "
,TOTAL,,650,"$656,033.25 ","$515,219.13 "
33249,80'S,,1,$135.43 ,$108.34 
,OTHER,,"74,165","$63,647,587.46 ","$50,549,725.73 "
,TOTAL,,"74,166","$63,647,722.89 ","$50,549,834.07 "
33250,80'S,,9,"$1,139.43 ",$911.56 
,OTHER,,55,"$34,109.93 ","$27,175.92 "
,TOTAL,,64,"$35,249.36 ","$28,087.48 "
33251,80'S,,219,"$27,742.16 ","$21,970.31 "
,OTHER,,647,"$402,680.62 ","$320,979.78 "
,TOTAL,,866,"$430,422.78 ","$342,950.09 "
33253,80'S,,"3,390","$542,379.31 ","$431,378.99 "
,OTHER,,"13,769","$10,778,064.24 ","$8,558,792.54 "
,TOTAL,,"17,159","$11,320,443.55 ","$8,990,171.53 "
33261,80'S,,6,$734.80 ,$587.83 
,OTHER,,56,"$39,105.90 ","$31,284.73 "
,TOTAL,,62,"$39,840.70 ","$31,872.56 "
33282,OTHER,,"3,903","$1,192,861.63 ","$944,503.37 "
,TOTAL,,"3,903","$1,192,861.63 ","$944,503.37 "
33284,OTHER,,"2,373","$471,678.10 ","$369,760.72 "
,TOTAL,,"2,373","$471,678.10 ","$369,760.72 "
33300,80'S,,53,"$8,230.75 ","$6,494.96 "
,OTHER,,298,"$257,873.91 ","$204,104.34 "
,TOTAL,,351,"$266,104.66 ","$210,599.30 "
33305,80'S,,80,"$10,727.53 ","$8,581.98 "
,OTHER,,295,"$205,871.13 ","$163,198.05 "
,TOTAL,,375,"$216,598.66 ","$171,780.03 "
33310,80'S,,14,"$1,971.13 ","$1,576.90 "
,OTHER,,104,"$92,982.95 ","$74,293.78 "
,TOTAL,,118,"$94,954.08 ","$75,870.68 "
33315,80'S,,81,"$11,418.32 ","$9,134.58 "
,OTHER,,437,"$300,307.80 ","$238,582.01 "
,TOTAL,,518,"$311,726.12 ","$247,716.59 "
33320,80'S,,43,"$4,849.39 ","$3,879.49 "
,OTHER,,196,"$127,930.84 ","$102,243.25 "
,TOTAL,,239,"$132,780.23 ","$106,122.74 "
33321,80'S,,2,$287.99 ,$230.39 
,OTHER,,1,$560.74 ,$448.59 
,TOTAL,,3,$848.73 ,$678.98 
33322,80'S,,67,"$8,497.24 ","$6,797.82 "
,OTHER,,191,"$125,418.58 ","$99,328.48 "
,TOTAL,,258,"$133,915.82 ","$106,126.30 "
33330,80'S,,13,"$2,190.23 ","$1,652.19 "
,OTHER,,53,"$46,182.46 ","$36,630.73 "
,TOTAL,,66,"$48,372.69 ","$38,282.92 "
33332,OTHER,,2,$766.96 ,$613.57 
,TOTAL,,2,$766.96 ,$613.57 
33335,80'S,,50,"$8,648.76 ","$6,906.96 "
,OTHER,,136,"$120,613.26 ","$96,415.57 "
,TOTAL,,186,"$129,262.02 ","$103,322.53 "
33400,80'S,,107,"$17,316.07 ","$13,852.81 "
,OTHER,,400,"$362,222.89 ","$289,086.81 "
,TOTAL,,507,"$379,538.96 ","$302,939.62 "
33401,80'S,,1,$117.05 ,$93.64 
,OTHER,,4,"$3,967.67 ","$3,174.14 "
,TOTAL,,5,"$4,084.72 ","$3,267.78 "
33403,80'S,,4,$595.29 ,$476.23 
,OTHER,,13,"$9,361.45 ","$7,489.15 "
,TOTAL,,17,"$9,956.74 ","$7,965.38 "
33404,80'S,,23,"$5,569.45 ","$4,455.55 "
,OTHER,,65,"$92,417.78 ","$73,897.60 "
,TOTAL,,88,"$97,987.23 ","$78,353.15 "
33405,80'S,,"11,882","$4,071,961.61 ","$3,238,623.35 "
,OTHER,,"39,406","$68,396,563.04 ","$54,410,151.22 "
,TOTAL,,"51,288","$72,468,524.65 ","$57,648,774.57 "
33406,80'S,,188,"$67,785.63 ","$53,685.35 "
,OTHER,,821,"$1,537,776.55 ","$1,226,081.02 "
,TOTAL,,"1,009","$1,605,562.18 ","$1,279,766.37 "
33410,80'S,,496,"$136,156.76 ","$108,338.69 "
,OTHER,,"1,800","$2,537,858.15 ","$2,014,117.35 "
,TOTAL,,"2,296","$2,674,014.91 ","$2,122,456.04 "
33411,80'S,,379,"$139,852.58 ","$110,800.98 "
,OTHER,,"1,221","$2,201,160.63 ","$1,757,923.86 "
,TOTAL,,"1,600","$2,341,013.21 ","$1,868,724.84 "
33412,80'S,,13,"$5,385.98 ","$4,308.79 "
,OTHER,,44,"$91,789.41 ","$73,431.54 "
,TOTAL,,57,"$97,175.39 ","$77,740.33 "
33413,80'S,,3,"$1,294.59 ","$1,035.67 "
,OTHER,,13,"$24,894.95 ","$18,286.87 "
,TOTAL,,16,"$26,189.54 ","$19,322.54 "
33414,80'S,,35,"$5,542.89 ","$4,434.33 "
,OTHER,,111,"$90,358.67 ","$72,077.64 "
,TOTAL,,146,"$95,901.56 ","$76,511.97 "
33415,80'S,,32,"$5,147.07 ","$3,909.84 "
,OTHER,,152,"$106,364.56 ","$85,041.04 "
,TOTAL,,184,"$111,511.63 ","$88,950.88 "
33416,80'S,,187,"$30,612.85 ","$24,326.02 "
,OTHER,,705,"$592,483.62 ","$471,538.93 "
,TOTAL,,892,"$623,096.47 ","$495,864.95 "
33417,80'S,,68,"$10,304.30 ","$8,126.62 "
,OTHER,,247,"$172,859.38 ","$137,860.77 "
,TOTAL,,315,"$183,163.68 ","$145,987.39 "
33420,OTHER,,152,"$23,504.54 ","$18,545.86 "
,TOTAL,,152,"$23,504.54 ","$18,545.86 "
33422,80'S,,23,"$3,042.25 ","$2,433.83 "
,OTHER,,53,"$40,230.27 ","$32,184.17 "
,TOTAL,,76,"$43,272.52 ","$34,618.00 "
33425,80'S,,280,"$42,052.23 ","$33,520.84 "
,OTHER,,854,"$695,980.66 ","$555,597.73 "
,TOTAL,,"1,134","$738,032.89 ","$589,118.57 "
33426,80'S,,"2,333","$687,412.94 ","$546,719.75 "
,OTHER,,"9,241","$13,495,513.11 ","$10,740,754.96 "
,TOTAL,,"11,574","$14,182,926.05 ","$11,287,474.71 "
33427,80'S,,"1,086","$430,820.13 ","$341,791.49 "
,OTHER,,"3,866","$7,855,261.63 ","$6,228,439.19 "
,TOTAL,,"4,952","$8,286,081.76 ","$6,570,230.68 "
33430,80'S,,"3,581","$1,059,412.57 ","$843,204.15 "
,OTHER,,"12,659","$19,032,103.12 ","$15,154,230.04 "
,TOTAL,,"16,240","$20,091,515.69 ","$15,997,434.19 "
33460,80'S,,12,"$1,694.70 ","$1,355.76 "
,OTHER,,62,"$47,208.21 ","$37,766.58 "
,TOTAL,,74,"$48,902.91 ","$39,122.34 "
33463,80'S,,281,"$38,051.16 ","$30,387.47 "
,OTHER,,"1,090","$780,521.70 ","$619,617.87 "
,TOTAL,,"1,371","$818,572.86 ","$650,005.34 "
33464,80'S,,835,"$117,818.54 ","$93,831.93 "
,OTHER,,"3,470","$2,477,110.67 ","$1,971,985.86 "
,TOTAL,,"4,305","$2,594,929.21 ","$2,065,817.79 "
33465,80'S,,97,"$17,770.35 ","$14,004.26 "
,OTHER,,447,"$442,147.70 ","$351,032.95 "
,TOTAL,,544,"$459,918.05 ","$365,037.21 "
33468,80'S,,6,$951.73 ,$761.40 
,OTHER,,8,"$7,987.84 ","$6,390.26 "
,TOTAL,,14,"$8,939.57 ","$7,151.66 "
33470,OTHER,,4,$810.56 ,$648.45 
,TOTAL,,4,$810.56 ,$648.45 
33471,OTHER,,3,"$2,244.05 ","$1,795.24 "
,TOTAL,,3,"$2,244.05 ","$1,795.24 "
33472,OTHER,,2,$836.88 ,$669.50 
,TOTAL,,2,$836.88 ,$669.50 
33474,OTHER,,4,"$2,186.47 ","$1,749.18 "
,TOTAL,,4,"$2,186.47 ","$1,749.18 "
33475,80'S,,20,"$5,526.67 ","$4,421.34 "
,OTHER,,88,"$126,956.84 ","$100,357.62 "
,TOTAL,,108,"$132,483.51 ","$104,778.96 "
33476,80'S,,6,$852.53 ,$682.03 
,OTHER,,16,"$12,384.30 ","$9,907.44 "
,TOTAL,,22,"$13,236.83 ","$10,589.47 "
33478,80'S,,5,$668.51 ,$534.81 
,OTHER,,30,"$22,984.31 ","$18,387.41 "
,TOTAL,,35,"$23,652.82 ","$18,922.22 "
33496,80'S,,24,"$4,340.76 ","$3,472.62 "
,OTHER,,95,"$94,630.49 ","$75,704.41 "
,TOTAL,,119,"$98,971.25 ","$79,177.03 "
33500,80'S,,24,"$3,554.26 ","$2,843.40 "
,OTHER,,47,"$34,167.53 ","$27,333.99 "
,TOTAL,,71,"$37,721.79 ","$30,177.39 "
33501,80'S,,9,"$1,535.80 ","$1,228.66 "
,OTHER,,40,"$27,150.83 ","$21,720.66 "
,TOTAL,,49,"$28,686.63 ","$22,949.32 "
33502,80'S,,24,"$3,065.63 ","$2,452.54 "
,OTHER,,88,"$52,460.04 ","$41,153.71 "
,TOTAL,,112,"$55,525.67 ","$43,606.25 "
33503,OTHER,,9,"$9,001.68 ","$7,201.34 "
,TOTAL,,9,"$9,001.68 ","$7,201.34 "
33504,80'S,,7,"$1,063.04 ",$850.44 
,OTHER,,23,"$15,540.79 ","$12,416.57 "
,TOTAL,,30,"$16,603.83 ","$13,267.01 "
33505,80'S,,3,$373.81 ,$299.04 
,OTHER,,8,"$4,223.09 ","$3,378.46 "
,TOTAL,,11,"$4,596.90 ","$3,677.50 "
33506,OTHER,,10,"$8,156.32 ","$6,525.05 "
,TOTAL,,10,"$8,156.32 ","$6,525.05 "
33507,80'S,,5,$830.86 ,$664.68 
,OTHER,,15,"$12,483.17 ","$9,986.54 "
,TOTAL,,20,"$13,314.03 ","$10,651.22 "
33508,80'S,,"11,347","$29,924.41 ","$23,828.16 "
,OTHER,,"79,534","$1,115,971.44 ","$886,492.44 "
,TOTAL,,"90,881","$1,145,895.85 ","$910,320.60 "
33510,80'S,,"2,661","$475,150.60 ","$377,127.27 "
,OTHER,,"9,272","$8,225,320.91 ","$6,533,962.13 "
,TOTAL,,"11,933","$8,700,471.51 ","$6,911,089.40 "
33511,80'S,,"2,458","$555,061.49 ","$441,406.81 "
,OTHER,,"8,957","$10,233,770.28 ","$8,125,521.74 "
,TOTAL,,"11,415","$10,788,831.77 ","$8,566,928.55 "
33512,80'S,,"2,115","$576,975.90 ","$458,328.20 "
,OTHER,,"8,045","$10,908,441.01 ","$8,654,870.03 "
,TOTAL,,"10,160","$11,485,416.91 ","$9,113,198.23 "
33513,80'S,,945,"$270,733.27 ","$214,854.13 "
,OTHER,,"3,639","$5,170,616.47 ","$4,103,523.85 "
,TOTAL,,"4,584","$5,441,349.74 ","$4,318,377.98 "
33514,80'S,,233,"$72,763.21 ","$57,835.15 "
,OTHER,,888,"$1,321,769.53 ","$1,049,628.08 "
,TOTAL,,"1,121","$1,394,532.74 ","$1,107,463.23 "
33516,80'S,,51,"$17,506.14 ","$14,004.88 "
,OTHER,,175,"$287,541.06 ","$228,711.18 "
,TOTAL,,226,"$305,047.20 ","$242,716.06 "
33517,80'S,,"6,061","$137,171.02 ","$109,118.47 "
,OTHER,,"23,444","$2,659,458.81 ","$2,112,679.71 "
,TOTAL,,"29,505","$2,796,629.83 ","$2,221,798.18 "
33518,80'S,,"13,889","$589,702.06 ","$469,237.68 "
,OTHER,,"53,861","$11,334,696.29 ","$9,004,398.74 "
,TOTAL,,"67,750","$11,924,398.35 ","$9,473,636.42 "
33519,80'S,,"10,736","$664,378.60 ","$528,890.30 "
,OTHER,,"41,477","$12,585,646.82 ","$9,990,734.89 "
,TOTAL,,"52,213","$13,250,025.42 ","$10,519,625.19 "
33521,80'S,,"3,164","$258,287.02 ","$205,191.13 "
,OTHER,,"12,860","$5,060,055.41 ","$4,013,325.28 "
,TOTAL,,"16,024","$5,318,342.43 ","$4,218,516.41 "
33522,80'S,,623,"$63,165.88 ","$50,203.87 "
,OTHER,,"2,284","$1,124,158.95 ","$889,689.07 "
,TOTAL,,"2,907","$1,187,324.83 ","$939,892.94 "
33523,80'S,,138,"$17,004.81 ","$13,499.09 "
,OTHER,,417,"$254,268.41 ","$200,017.26 "
,TOTAL,,555,"$271,273.22 ","$213,516.35 "
33530,80'S,,"4,443","$230,821.81 ","$183,190.11 "
,OTHER,,"17,311","$4,436,718.87 ","$3,521,657.06 "
,TOTAL,,"21,754","$4,667,540.68 ","$3,704,847.17 "
33533,80'S,,"33,869","$9,474,927.67 ","$7,520,461.17 "
,OTHER,,"130,380","$180,039,622.45 ","$142,866,680.11 "
,TOTAL,,"164,249","$189,514,550.12 ","$150,387,141.28 "
33534,80'S,,"3,040","$940,576.72 ","$747,083.29 "
,OTHER,,"12,107","$18,278,678.72 ","$14,473,179.83 "
,TOTAL,,"15,147","$19,219,255.44 ","$15,220,263.12 "
33535,80'S,,731,"$239,202.56 ","$190,500.68 "
,OTHER,,"2,669","$4,312,460.33 ","$3,419,801.28 "
,TOTAL,,"3,400","$4,551,662.89 ","$3,610,301.96 "
33536,80'S,,287,"$98,216.71 ","$78,509.90 "
,OTHER,,"1,054","$1,799,265.08 ","$1,433,298.94 "
,TOTAL,,"1,341","$1,897,481.79 ","$1,511,808.84 "
33542,80'S,,233,"$35,164.68 ","$28,131.73 "
,OTHER,,899,"$698,522.56 ","$557,364.08 "
,TOTAL,,"1,132","$733,687.24 ","$585,495.81 "
33545,80'S,,49,"$16,257.71 ","$12,728.33 "
,OTHER,,172,"$286,630.62 ","$225,865.87 "
,TOTAL,,221,"$302,888.33 ","$238,594.20 "
33548,80'S,,86,"$31,346.01 ","$25,076.83 "
,OTHER,,303,"$585,964.26 ","$465,031.69 "
,TOTAL,,389,"$617,310.27 ","$490,108.52 "
33572,80'S,,800,"$30,737.70 ","$24,398.92 "
,OTHER,,"3,748","$725,367.85 ","$577,020.53 "
,TOTAL,,"4,548","$756,105.55 ","$601,419.45 "
33600,80'S,,1,$137.51 ,$110.01 
,OTHER,,16,"$14,985.43 ","$11,988.36 "
,TOTAL,,17,"$15,122.94 ","$12,098.37 "
33602,80'S,,4,$549.85 ,$439.87 
,OTHER,,13,"$10,265.48 ","$8,212.39 "
,TOTAL,,17,"$10,815.33 ","$8,652.26 "
33606,80'S,,5,$668.20 ,$534.55 
,OTHER,,10,"$11,182.58 ","$8,946.06 "
,TOTAL,,15,"$11,850.78 ","$9,480.61 "
33608,80'S,,3,$897.22 ,$664.22 
,OTHER,,13,"$18,696.23 ","$14,950.07 "
,TOTAL,,16,"$19,593.45 ","$15,614.29 "
33610,80'S,,1,$167.21 ,$133.77 
,OTHER,,10,"$7,374.97 ","$5,053.86 "
,TOTAL,,11,"$7,542.18 ","$5,187.63 "
33611,80'S,,1,$311.54 ,$249.23 
,OTHER,,2,"$3,851.32 ","$3,081.05 "
,TOTAL,,3,"$4,162.86 ","$3,330.28 "
33612,80'S,,3,$875.85 ,$700.69 
,OTHER,,8,"$12,247.55 ","$9,798.03 "
,TOTAL,,11,"$13,123.40 ","$10,498.72 "
33615,80'S,,4,$798.31 ,$638.65 
,OTHER,,27,"$24,895.54 ","$19,916.49 "
,TOTAL,,31,"$25,693.85 ","$20,555.14 "
33617,80'S,,4,"$1,374.17 ","$1,099.33 "
,OTHER,,10,"$19,208.07 ","$13,697.10 "
,TOTAL,,14,"$20,582.24 ","$14,796.43 "
33619,OTHER,,2,"$5,796.45 ","$4,637.16 "
,TOTAL,,2,"$5,796.45 ","$4,637.16 "
33641,80'S,,724,"$78,849.54 ","$62,734.80 "
,OTHER,,"3,087","$1,707,472.11 ","$1,360,958.85 "
,TOTAL,,"3,811","$1,786,321.65 ","$1,423,693.65 "
33645,80'S,,11,"$2,042.56 ","$1,634.05 "
,OTHER,,54,"$45,594.14 ","$34,962.29 "
,TOTAL,,65,"$47,636.70 ","$36,596.34 "
33647,80'S,,20,"$3,379.24 ","$2,703.40 "
,OTHER,,59,"$59,487.48 ","$47,589.96 "
,TOTAL,,79,"$62,866.72 ","$50,293.36 "
33660,80'S,,3,$398.30 ,$318.64 
,OTHER,,52,"$34,462.54 ","$27,570.09 "
,TOTAL,,55,"$34,860.84 ","$27,888.73 "
33665,OTHER,,3,"$2,984.55 ","$2,387.64 "
,TOTAL,,3,"$2,984.55 ","$2,387.64 "
33670,80'S,,1,$313.30 ,$250.64 
,OTHER,,3,"$4,978.49 ","$3,982.79 "
,TOTAL,,4,"$5,291.79 ","$4,233.43 "
33681,80'S,,52,"$11,151.78 ","$8,921.42 "
,OTHER,,197,"$211,214.89 ","$167,381.30 "
,TOTAL,,249,"$222,366.67 ","$176,302.72 "
33684,OTHER,,6,"$5,264.36 ","$4,211.49 "
,TOTAL,,6,"$5,264.36 ","$4,211.49 "
33688,OTHER,,2,"$2,585.15 ","$2,068.12 "
,TOTAL,,2,"$2,585.15 ","$2,068.12 "
33690,80'S,,2,$272.63 ,$218.11 
,OTHER,,3,"$2,676.53 ","$2,141.22 "
,TOTAL,,5,"$2,949.16 ","$2,359.33 "
33692,80'S,,1,$290.91 ,
,TOTAL,,1,$290.91 ,
33697,80'S,,1,$301.78 ,$241.42 
,OTHER,,4,"$6,369.09 ","$5,095.28 "
,TOTAL,,5,"$6,670.87 ","$5,336.70 "
33702,80'S,,5,$967.44 ,$773.95 
,OTHER,,16,"$16,293.96 ","$12,354.67 "
,TOTAL,,21,"$17,261.40 ","$13,128.62 "
33710,80'S,,1,$174.79 ,$139.83 
,OTHER,,3,"$4,277.89 ","$3,422.31 "
,TOTAL,,4,"$4,452.68 ","$3,562.14 "
33720,80'S,,14,"$2,188.99 ","$1,751.17 "
,OTHER,,49,"$38,196.87 ","$30,557.52 "
,TOTAL,,63,"$40,385.86 ","$32,308.69 "
33722,80'S,,1,$126.93 ,$101.54 
,OTHER,,1,$793.28 ,$634.62 
,TOTAL,,2,$920.21 ,$736.16 
33730,80'S,,3,$706.69 ,$565.35 
,OTHER,,7,"$7,263.14 ","$5,810.51 "
,TOTAL,,10,"$7,969.83 ","$6,375.86 "
33732,80'S,,2,$459.18 ,$367.35 
,OTHER,,8,"$4,811.46 ","$3,849.17 "
,TOTAL,,10,"$5,270.64 ","$4,216.52 "
33735,OTHER,,6,"$2,595.97 ","$1,970.65 "
,TOTAL,,6,"$2,595.97 ","$1,970.65 "
33736,80'S,,1,$124.65 ,$99.72 
,OTHER,,13,"$6,665.32 ","$5,332.27 "
,TOTAL,,14,"$6,789.97 ","$5,431.99 "
33737,80'S,,1,$118.56 ,$94.85 
,OTHER,,2,$841.80 ,$673.44 
,TOTAL,,3,$960.36 ,$768.29 
33750,80'S,,2,$385.97 ,$308.78 
,OTHER,,5,"$4,733.23 ","$3,692.66 "
,TOTAL,,7,"$5,119.20 ","$4,001.44 "
33762,OTHER,,1,"$1,458.57 ","$1,166.86 "
,TOTAL,,1,"$1,458.57 ","$1,166.86 "
33764,80'S,,1,$123.80 ,$99.04 
,OTHER,,4,"$4,219.22 ","$3,375.38 "
,TOTAL,,5,"$4,343.02 ","$3,474.42 "
33766,OTHER,,1,"$1,384.92 ","$1,107.94 "
,TOTAL,,1,"$1,384.92 ","$1,107.94 "
33767,80'S,,2,$373.47 ,$298.78 
,OTHER,,4,"$3,252.89 ","$2,602.31 "
,TOTAL,,6,"$3,626.36 ","$2,901.09 "
33770,OTHER,,1,"$1,735.17 ","$1,388.14 "
,TOTAL,,1,"$1,735.17 ","$1,388.14 "
33771,OTHER,,1,"$2,444.46 ","$1,955.57 "
,TOTAL,,1,"$2,444.46 ","$1,955.57 "
33774,80'S,,17,"$2,882.73 ","$2,306.22 "
,OTHER,,63,"$46,606.94 ","$37,285.40 "
,TOTAL,,80,"$49,489.67 ","$39,591.62 "
33776,OTHER,,1,"$2,070.50 ","$1,656.40 "
,TOTAL,,1,"$2,070.50 ","$1,656.40 "
33778,OTHER,,3,"$3,756.80 ","$3,005.44 "
,TOTAL,,3,"$3,756.80 ","$3,005.44 "
33779,OTHER,,2,"$4,110.19 ","$3,288.15 "
,TOTAL,,2,"$4,110.19 ","$3,288.15 "
33780,OTHER,,1,"$2,691.85 ","$2,136.70 "
,TOTAL,,1,"$2,691.85 ","$2,136.70 "
33786,OTHER,,1,"$2,791.50 ","$2,233.20 "
,TOTAL,,1,"$2,791.50 ","$2,233.20 "
33800,80'S,,3,$241.76 ,$193.41 
,OTHER,,8,"$4,067.77 ","$3,254.20 "
,TOTAL,,11,"$4,309.53 ","$3,447.61 "
33802,80'S,,2,$328.51 ,$262.81 
,OTHER,,3,"$3,348.56 ","$2,678.85 "
,TOTAL,,5,"$3,677.07 ","$2,941.66 "
33813,80'S,,1,$118.67 ,$94.94 
,OTHER,,2,"$1,351.95 ","$1,081.56 "
,TOTAL,,3,"$1,470.62 ","$1,176.50 "
33814,80'S,,2,$238.90 ,$191.12 
,OTHER,,21,"$13,179.62 ","$10,543.70 "
,TOTAL,,23,"$13,418.52 ","$10,734.82 "
33820,80'S,,9,"$1,030.65 ",$824.51 
,OTHER,,43,"$18,612.89 ","$14,890.33 "
,TOTAL,,52,"$19,643.54 ","$15,714.84 "
33824,80'S,,1,$104.70 ,$83.76 
,OTHER,,4,"$1,963.56 ","$1,570.85 "
,TOTAL,,5,"$2,068.26 ","$1,654.61 "
33840,80'S,,1,$188.14 ,$150.51 
,OTHER,,4,"$3,428.86 ","$2,743.08 "
,TOTAL,,5,"$3,617.00 ","$2,893.59 "
33845,80'S,,4,$913.16 ,$653.62 
,OTHER,,7,"$7,515.99 ","$6,012.80 "
,TOTAL,,11,"$8,429.15 ","$6,666.42 "
33851,80'S,,3,$311.06 ,$248.84 
,OTHER,,6,"$3,735.48 ","$2,988.37 "
,TOTAL,,9,"$4,046.54 ","$3,237.21 "
33852,OTHER,,7,"$6,741.07 ","$5,392.86 "
,TOTAL,,7,"$6,741.07 ","$5,392.86 "
33853,80'S,,7,"$1,320.76 ","$1,056.62 "
,OTHER,,25,"$28,405.79 ","$22,724.63 "
,TOTAL,,32,"$29,726.55 ","$23,781.25 "
33860,80'S,,"1,192","$386,248.02 ","$307,245.41 "
,OTHER,,"3,892","$6,596,183.24 ","$5,244,705.63 "
,TOTAL,,"5,084","$6,982,431.26 ","$5,551,951.04 "
33861,80'S,,110,"$42,013.77 ","$33,511.89 "
,OTHER,,396,"$754,129.94 ","$599,037.98 "
,TOTAL,,506,"$796,143.71 ","$632,549.87 "
33863,80'S,,588,"$246,429.47 ","$196,494.42 "
,OTHER,,"2,143","$4,799,464.59 ","$3,802,743.09 "
,TOTAL,,"2,731","$5,045,894.06 ","$3,999,237.51 "
33870,80'S,,362,"$135,773.49 ","$108,257.84 "
,OTHER,,"1,259","$2,652,233.04 ","$2,109,630.99 "
,TOTAL,,"1,621","$2,788,006.53 ","$2,217,888.83 "
33875,80'S,,167,"$44,958.43 ","$35,752.49 "
,OTHER,,464,"$670,627.01 ","$533,437.57 "
,TOTAL,,631,"$715,585.44 ","$569,190.06 "
33877,80'S,,271,"$106,255.82 ","$84,407.35 "
,OTHER,,858,"$1,841,772.53 ","$1,467,286.25 "
,TOTAL,,"1,129","$1,948,028.35 ","$1,551,693.60 "
33880,80'S,,99,"$29,086.29 ","$23,234.53 "
,OTHER,,676,"$971,496.87 ","$773,717.43 "
,TOTAL,,775,"$1,000,583.16 ","$796,951.96 "
33881,80'S,,207,"$52,104.06 ","$41,492.49 "
,OTHER,,"1,289","$1,630,170.25 ","$1,299,956.72 "
,TOTAL,,"1,496","$1,682,274.31 ","$1,341,449.21 "
33883,80'S,,73,"$7,929.67 ","$6,343.67 "
,OTHER,,518,"$297,300.30 ","$236,650.45 "
,TOTAL,,591,"$305,229.97 ","$242,994.12 "
33884,80'S,,17,"$1,205.88 ",$964.73 
,OTHER,,139,"$54,227.80 ","$43,044.26 "
,TOTAL,,156,"$55,433.68 ","$44,008.99 "
33886,80'S,,7,$995.82 ,$796.66 
,OTHER,,59,"$44,334.07 ","$35,422.55 "
,TOTAL,,66,"$45,329.89 ","$36,219.21 "
33889,80'S,,11,$829.04 ,$663.23 
,OTHER,,36,"$18,991.07 ","$15,192.87 "
,TOTAL,,47,"$19,820.11 ","$15,856.10 "
33891,80'S,,8,"$1,074.82 ",$859.86 
,OTHER,,29,"$21,942.73 ","$17,554.17 "
,TOTAL,,37,"$23,017.55 ","$18,414.03 "
33910,80'S,,27,"$4,708.86 ","$3,617.59 "
,OTHER,,103,"$108,575.62 ","$86,539.91 "
,TOTAL,,130,"$113,284.48 ","$90,157.50 "
33915,80'S,,2,$200.69 ,$160.55 
,OTHER,,8,"$7,615.87 ","$6,083.90 "
,TOTAL,,10,"$7,816.56 ","$6,244.45 "
33916,80'S,,11,"$2,509.06 ","$2,007.24 "
,OTHER,,32,"$37,670.92 ","$30,136.74 "
,TOTAL,,43,"$40,179.98 ","$32,143.98 "
33917,80'S,,9,"$1,719.73 ","$1,375.78 "
,OTHER,,32,"$30,258.55 ","$24,206.84 "
,TOTAL,,41,"$31,978.28 ","$25,582.62 "
33922,80'S,,4,$548.06 ,$438.45 
,OTHER,,13,"$10,699.80 ","$8,559.84 "
,TOTAL,,17,"$11,247.86 ","$8,998.29 "
33924,80'S,,3,$139.92 ,$111.94 
,OTHER,,5,"$1,625.57 ","$1,300.45 "
,TOTAL,,8,"$1,765.49 ","$1,412.39 "
33925,OTHER,,2,"$1,349.36 ","$1,079.49 "
,TOTAL,,2,"$1,349.36 ","$1,079.49 "
33926,80'S,,11,"$4,109.86 ","$3,287.89 "
,OTHER,,22,"$52,844.60 ","$42,275.75 "
,TOTAL,,33,"$56,954.46 ","$45,563.64 "
33933,80'S,,2,$54.81 ,$43.85 
,OTHER,,7,"$1,464.63 ","$1,171.70 "
,TOTAL,,9,"$1,519.44 ","$1,215.55 "
33935,80'S,,5,"$6,771.97 ","$5,417.58 "
,OTHER,,7,"$22,876.82 ","$18,301.45 "
,TOTAL,,12,"$29,648.79 ","$23,719.03 "
33944,80'S,,45,"$1,291.27 ","$1,033.01 "
,OTHER,,193,"$32,716.90 ","$25,941.30 "
,TOTAL,,238,"$34,008.17 ","$26,974.31 "
33945,80'S,,239,"$97,683.75 ","$77,440.39 "
,OTHER,,549,"$1,321,447.92 ","$1,041,836.54 "
,TOTAL,,788,"$1,419,131.67 ","$1,119,276.93 "
33960,80'S,,10,"$1,389.58 ","$1,111.66 "
,OTHER,,76,"$66,640.38 ","$53,113.17 "
,TOTAL,,86,"$68,029.96 ","$54,224.83 "
33961,OTHER,,197,"$116,340.72 ","$93,073.00 "
,TOTAL,,197,"$116,340.72 ","$93,073.00 "
33967,80'S,,77,"$2,132.07 ","$1,704.24 "
,OTHER,,"22,088","$4,197,620.03 ","$3,332,150.91 "
,TOTAL,,"22,165","$4,199,752.10 ","$3,333,855.15 "
33968,OTHER,,"4,750","$164,976.66 ","$129,927.06 "
,TOTAL,,"4,750","$164,976.66 ","$129,927.06 "
33970,80'S,,355,"$11,282.60 ","$8,923.36 "
,OTHER,,"2,282","$504,094.29 ","$400,949.92 "
,TOTAL,,"2,637","$515,376.89 ","$409,873.28 "
33971,OTHER,,856,"$480,071.32 ","$380,352.09 "
,TOTAL,,856,"$480,071.32 ","$380,352.09 "
33973,80'S,,36,"$1,756.23 ","$1,394.68 "
,OTHER,,196,"$64,570.39 ","$51,557.04 "
,TOTAL,,232,"$66,326.62 ","$52,951.72 "
33974,OTHER,,70,"$54,550.57 ","$43,249.93 "
,TOTAL,,70,"$54,550.57 ","$43,249.93 "
33975,80'S,,53,"$6,731.96 ","$5,385.54 "
,OTHER,,198,"$156,473.96 ","$124,879.25 "
,TOTAL,,251,"$163,205.92 ","$130,264.79 "
33976,80'S,,24,"$3,717.54 ","$2,889.16 "
,OTHER,,84,"$80,034.18 ","$63,389.10 "
,TOTAL,,108,"$83,751.72 ","$66,278.26 "
33977,80'S,,26,"$4,163.40 ","$3,231.53 "
,OTHER,,90,"$95,682.17 ","$76,545.70 "
,TOTAL,,116,"$99,845.57 ","$79,777.23 "
33978,80'S,,7,"$1,270.90 ","$1,016.71 "
,OTHER,,37,"$41,066.89 ","$32,606.57 "
,TOTAL,,44,"$42,337.79 ","$33,623.28 "
33979,80'S,,81,"$29,581.32 ","$23,665.04 "
,OTHER,,333,"$745,199.83 ","$593,714.55 "
,TOTAL,,414,"$774,781.15 ","$617,379.59 "
33980,80'S,,52,"$28,159.68 ","$22,527.77 "
,OTHER,,134,"$437,527.47 ","$344,509.72 "
,TOTAL,,186,"$465,687.15 ","$367,037.49 "
33999,80'S,,150,"$28,276.87 ","$22,621.57 "
,OTHER,,"1,789","$1,084,180.99 ","$863,154.59 "
,TOTAL,,"1,939","$1,112,457.86 ","$885,776.16 "
34001,80'S,,23,"$2,590.90 ","$2,072.70 "
,OTHER,,157,"$90,770.71 ","$72,517.37 "
,TOTAL,,180,"$93,361.61 ","$74,590.07 "
34051,80'S,,5,$620.69 ,$496.54 
,OTHER,,22,"$19,255.62 ","$15,404.54 "
,TOTAL,,27,"$19,876.31 ","$15,901.08 "
34101,80'S,,113,"$10,117.89 ","$8,094.31 "
,OTHER,,"2,622","$1,428,712.31 ","$1,138,796.17 "
,TOTAL,,"2,735","$1,438,830.20 ","$1,146,890.48 "
34111,80'S,,38,"$2,631.87 ","$2,105.50 "
,OTHER,,808,"$347,435.84 ","$277,650.30 "
,TOTAL,,846,"$350,067.71 ","$279,755.80 "
34151,80'S,,87,"$18,290.46 ","$14,436.52 "
,OTHER,,427,"$533,931.95 ","$425,971.08 "
,TOTAL,,514,"$552,222.41 ","$440,407.60 "
34201,80'S,,703,"$54,170.06 ","$42,926.64 "
,OTHER,,"7,851","$3,772,558.33 ","$3,004,010.59 "
,TOTAL,,"8,554","$3,826,728.39 ","$3,046,937.23 "
34203,80'S,,258,"$32,464.83 ","$25,703.41 "
,OTHER,,"2,839","$2,292,276.72 ","$1,823,378.37 "
,TOTAL,,"3,097","$2,324,741.55 ","$1,849,081.78 "
34401,80'S,,13,"$2,222.70 ","$1,778.16 "
,OTHER,,85,"$102,369.11 ","$81,895.24 "
,TOTAL,,98,"$104,591.81 ","$83,673.40 "
34421,80'S,,15,"$1,476.26 ","$1,180.99 "
,OTHER,,195,"$123,020.87 ","$97,792.86 "
,TOTAL,,210,"$124,497.13 ","$98,973.85 "
34451,80'S,,2,$472.96 ,$378.36 
,OTHER,,44,"$62,155.61 ","$49,724.50 "
,TOTAL,,46,"$62,628.57 ","$50,102.86 "
34471,OTHER,,42,"$21,353.84 ","$16,983.85 "
,TOTAL,,42,"$21,353.84 ","$16,983.85 "
34490,OTHER,,292,"$142,439.26 ","$113,816.92 "
,TOTAL,,292,"$142,439.26 ","$113,816.92 "
34501,80'S,,9,$811.19 ,$648.95 
,OTHER,,81,"$59,276.08 ","$46,958.77 "
,TOTAL,,90,"$60,087.27 ","$47,607.72 "
34502,80'S,,36,"$8,500.03 ","$6,800.04 "
,OTHER,,179,"$258,707.20 ","$206,820.74 "
,TOTAL,,215,"$267,207.23 ","$213,620.78 "
34510,OTHER,,11,"$9,022.96 ","$7,210.36 "
,TOTAL,,11,"$9,022.96 ","$7,210.36 "
34520,80'S,,6,$739.30 ,$591.44 
,OTHER,,59,"$55,072.84 ","$44,058.27 "
,TOTAL,,65,"$55,812.14 ","$44,649.71 "
34530,OTHER,,15,"$10,591.99 ","$8,473.62 "
,TOTAL,,15,"$10,591.99 ","$8,473.62 "
34800,80'S,,100,"$19,149.54 ","$15,319.58 "
,OTHER,,499,"$511,858.05 ","$408,125.34 "
,TOTAL,,599,"$531,007.59 ","$423,444.92 "
34802,80'S,,"2,847","$595,637.10 ","$472,804.34 "
,OTHER,,"16,472","$17,207,417.36 ","$13,683,942.73 "
,TOTAL,,"19,319","$17,803,054.46 ","$14,156,747.07 "
34803,80'S,,812,"$176,241.10 ","$140,020.37 "
,OTHER,,"5,331","$5,992,509.05 ","$4,772,213.77 "
,TOTAL,,"6,143","$6,168,750.15 ","$4,912,234.14 "
34804,80'S,,176,"$36,890.30 ","$28,908.67 "
,OTHER,,968,"$1,047,336.69 ","$833,005.60 "
,TOTAL,,"1,144","$1,084,226.99 ","$861,914.27 "
34805,80'S,,43,"$8,591.02 ","$6,857.57 "
,OTHER,,356,"$364,152.86 ","$290,152.21 "
,TOTAL,,399,"$372,743.88 ","$297,009.78 "
34808,80'S,,44,"$1,654.78 ","$1,318.31 "
,OTHER,,290,"$61,538.98 ","$49,220.50 "
,TOTAL,,334,"$63,193.76 ","$50,538.81 "
34812,80'S,,"3,754","$148,089.15 ","$117,737.00 "
,OTHER,,"23,734","$5,612,831.51 ","$4,470,130.58 "
,TOTAL,,"27,488","$5,760,920.66 ","$4,587,867.58 "
34813,80'S,,50,"$2,165.54 ","$1,732.44 "
,OTHER,,333,"$82,815.00 ","$66,049.36 "
,TOTAL,,383,"$84,980.54 ","$67,781.80 "
34820,80'S,,107,"$6,025.97 ","$4,820.82 "
,OTHER,,601,"$196,061.28 ","$156,011.33 "
,TOTAL,,708,"$202,087.25 ","$160,832.15 "
34825,80'S,,"2,078","$132,890.53 ","$105,537.91 "
,OTHER,,"13,216","$4,481,301.32 ","$3,568,321.99 "
,TOTAL,,"15,294","$4,614,191.85 ","$3,673,859.90 "
34826,80'S,,916,"$32,666.10 ","$25,961.02 "
,OTHER,,"6,230","$1,180,598.54 ","$940,539.19 "
,TOTAL,,"7,146","$1,213,264.64 ","$966,500.21 "
34830,80'S,,9,"$2,786.63 ","$2,229.30 "
,OTHER,,48,"$88,328.64 ","$70,521.75 "
,TOTAL,,57,"$91,115.27 ","$72,751.05 "
34831,80'S,,10,"$2,744.18 ","$2,195.33 "
,OTHER,,85,"$155,495.16 ","$124,257.27 "
,TOTAL,,95,"$158,239.34 ","$126,452.60 "
34832,80'S,,6,"$2,011.44 ","$1,609.15 "
,OTHER,,54,"$97,892.60 ","$78,143.99 "
,TOTAL,,60,"$99,904.04 ","$79,753.14 "
34833,80'S,,53,"$3,580.15 ","$2,718.51 "
,OTHER,,292,"$108,774.96 ","$86,650.67 "
,TOTAL,,345,"$112,355.11 ","$89,369.18 "
34834,80'S,,31,$952.81 ,$762.25 
,OTHER,,157,"$30,825.74 ","$24,660.55 "
,TOTAL,,188,"$31,778.55 ","$25,422.80 "
34900,80'S,,117,"$16,811.31 ","$13,302.39 "
,OTHER,,926,"$755,567.33 ","$601,290.43 "
,TOTAL,,"1,043","$772,378.64 ","$614,592.82 "
35001,80'S,,85,"$16,289.71 ","$13,031.74 "
,OTHER,,405,"$418,042.37 ","$332,706.34 "
,TOTAL,,490,"$434,332.08 ","$345,738.08 "
35002,80'S,,6,"$1,197.09 ",$957.66 
,OTHER,,16,"$19,532.06 ","$15,625.67 "
,TOTAL,,22,"$20,729.15 ","$16,583.33 "
35005,OTHER,,8,"$5,556.49 ","$4,305.18 "
,TOTAL,,8,"$5,556.49 ","$4,305.18 "
35011,80'S,,72,"$12,458.73 ","$9,966.97 "
,OTHER,,"1,500","$1,531,552.71 ","$1,218,031.74 "
,TOTAL,,"1,572","$1,544,011.44 ","$1,227,998.71 "
35013,80'S,,23,"$4,902.51 ","$3,922.01 "
,OTHER,,257,"$318,637.83 ","$254,722.26 "
,TOTAL,,280,"$323,540.34 ","$258,644.27 "
35021,80'S,,15,"$1,801.86 ","$1,441.48 "
,OTHER,,68,"$48,006.83 ","$38,405.46 "
,TOTAL,,83,"$49,808.69 ","$39,846.94 "
35022,80'S,,2,$337.19 ,$269.75 
,OTHER,,6,"$6,274.06 ","$5,019.24 "
,TOTAL,,8,"$6,611.25 ","$5,288.99 "
35045,80'S,,19,"$2,897.05 ","$2,317.66 "
,OTHER,,369,"$364,673.76 ","$290,498.40 "
,TOTAL,,388,"$367,570.81 ","$292,816.06 "
35081,80'S,,"2,007","$500,440.70 ","$396,759.14 "
,OTHER,,"6,044","$8,489,656.51 ","$6,737,148.61 "
,TOTAL,,"8,051","$8,990,097.21 ","$7,133,907.75 "
35082,80'S,,682,"$242,061.69 ","$192,105.48 "
,OTHER,,"1,995","$4,067,346.47 ","$3,232,310.66 "
,TOTAL,,"2,677","$4,309,408.16 ","$3,424,416.14 "
35091,80'S,,392,"$126,292.71 ","$100,667.05 "
,OTHER,,"1,440","$2,653,681.31 ","$2,109,083.38 "
,TOTAL,,"1,832","$2,779,974.02 ","$2,209,750.43 "
35092,80'S,,80,"$33,064.71 ","$26,311.41 "
,OTHER,,293,"$713,031.60 ","$567,410.68 "
,TOTAL,,373,"$746,096.31 ","$593,722.09 "
35102,80'S,,"1,264","$358,270.87 ","$284,766.35 "
,OTHER,,"3,779","$6,089,138.55 ","$4,830,708.91 "
,TOTAL,,"5,043","$6,447,409.42 ","$5,115,475.26 "
35103,80'S,,202,"$72,767.40 ","$57,866.05 "
,OTHER,,663,"$1,433,054.86 ","$1,141,236.63 "
,TOTAL,,865,"$1,505,822.26 ","$1,199,102.68 "
35111,80'S,,19,"$4,229.21 ","$3,383.35 "
,OTHER,,60,"$78,003.27 ","$62,338.41 "
,TOTAL,,79,"$82,232.48 ","$65,721.76 "
35112,80'S,,3,$900.90 ,$720.72 
,OTHER,,11,"$17,822.36 ","$14,257.89 "
,TOTAL,,14,"$18,723.26 ","$14,978.61 "
35121,80'S,,36,"$8,984.55 ","$7,187.66 "
,OTHER,,149,"$211,368.81 ","$168,995.85 "
,TOTAL,,185,"$220,353.36 ","$176,183.51 "
35122,80'S,,12,"$3,701.96 ","$2,961.57 "
,OTHER,,39,"$68,379.97 ","$53,757.67 "
,TOTAL,,51,"$72,081.93 ","$56,719.24 "
35131,80'S,,163,"$34,586.66 ","$27,361.91 "
,OTHER,,576,"$716,615.50 ","$566,734.09 "
,TOTAL,,739,"$751,202.16 ","$594,096.00 "
35132,80'S,,34,"$8,735.40 ","$6,822.69 "
,OTHER,,136,"$215,403.93 ","$171,827.51 "
,TOTAL,,170,"$224,139.33 ","$178,650.20 "
35141,80'S,,583,"$96,528.22 ","$76,637.38 "
,OTHER,,"4,079","$4,125,790.82 ","$3,277,097.00 "
,TOTAL,,"4,662","$4,222,319.04 ","$3,353,734.38 "
35142,80'S,,71,"$14,810.44 ","$11,848.35 "
,OTHER,,500,"$637,343.34 ","$507,410.83 "
,TOTAL,,571,"$652,153.78 ","$519,259.18 "
35151,80'S,,205,"$42,576.68 ","$33,736.87 "
,OTHER,,"1,136","$1,348,569.15 ","$1,067,107.63 "
,TOTAL,,"1,341","$1,391,145.83 ","$1,100,844.50 "
35152,80'S,,6,"$1,194.48 ",$955.59 
,OTHER,,41,"$50,598.87 ","$39,574.81 "
,TOTAL,,47,"$51,793.35 ","$40,530.40 "
35180,OTHER,,5,"$3,852.87 ","$3,082.31 "
,TOTAL,,5,"$3,852.87 ","$3,082.31 "
35182,80'S,,4,$983.55 ,$786.83 
,OTHER,,9,"$11,959.85 ","$9,567.87 "
,TOTAL,,13,"$12,943.40 ","$10,354.70 "
35184,80'S,,7,"$1,073.34 ",$858.67 
,OTHER,,105,"$97,388.88 ","$76,452.98 "
,TOTAL,,112,"$98,462.22 ","$77,311.65 "
35188,SG,,1,$693.85 ,$555.08 
,OTHER,,17,"$15,312.17 ","$11,617.60 "
,TOTAL,,18,"$16,006.02 ","$12,172.68 "
35189,80'S,,16,"$3,436.22 ","$2,748.95 "
,OTHER,,45,"$45,870.32 ","$36,696.27 "
,TOTAL,,61,"$49,306.54 ","$39,445.22 "
35190,80'S,,67,"$7,177.83 ","$5,706.74 "
,OTHER,,"1,339","$896,782.37 ","$711,773.17 "
,TOTAL,,"1,406","$903,960.20 ","$717,479.91 "
35201,80'S,,103,"$13,981.25 ","$10,933.92 "
,OTHER,,659,"$478,316.83 ","$379,098.68 "
,TOTAL,,762,"$492,298.08 ","$390,032.60 "
35206,80'S,,81,"$9,362.20 ","$7,481.29 "
,OTHER,,"2,057","$1,451,801.31 ","$1,157,672.61 "
,TOTAL,,"2,138","$1,461,163.51 ","$1,165,153.90 "
35207,SG,,34,"$16,873.36 ","$13,459.51 "
,OTHER,,340,"$154,512.54 ","$121,906.42 "
,TOTAL,,374,"$171,385.90 ","$135,365.93 "
35211,80'S,,70,"$8,158.98 ","$6,527.14 "
,OTHER,,394,"$232,414.33 ","$184,490.89 "
,TOTAL,,464,"$240,573.31 ","$191,018.03 "
35216,80'S,,58,"$7,545.03 ","$6,028.35 "
,OTHER,,315,"$244,293.65 ","$195,253.86 "
,TOTAL,,373,"$251,838.68 ","$201,282.21 "
35221,80'S,,222,"$42,221.97 ","$33,150.05 "
,OTHER,,"1,115","$1,306,140.24 ","$1,039,462.18 "
,TOTAL,,"1,337","$1,348,362.21 ","$1,072,612.23 "
35226,80'S,,415,"$48,442.17 ","$38,489.69 "
,OTHER,,"4,244","$3,163,844.63 ","$2,522,032.67 "
,TOTAL,,"4,659","$3,212,286.80 ","$2,560,522.36 "
35231,80'S,,13,"$2,477.13 ","$1,981.70 "
,OTHER,,110,"$106,703.99 ","$85,312.68 "
,TOTAL,,123,"$109,181.12 ","$87,294.38 "
35236,80'S,,42,"$6,351.36 ","$5,067.41 "
,OTHER,,673,"$609,938.56 ","$487,042.49 "
,TOTAL,,715,"$616,289.92 ","$492,109.90 "
35241,80'S,,57,"$6,505.42 ","$5,204.38 "
,OTHER,,130,"$79,614.75 ","$63,285.33 "
,TOTAL,,187,"$86,120.17 ","$68,489.71 "
35246,80'S,,3,$508.84 ,$407.07 
,OTHER,,31,"$37,912.49 ","$30,329.98 "
,TOTAL,,34,"$38,421.33 ","$30,737.05 "
35251,80'S,,41,"$9,716.02 ","$7,772.83 "
,OTHER,,143,"$187,999.43 ","$150,399.56 "
,TOTAL,,184,"$197,715.45 ","$158,172.39 "
35256,80'S,,116,"$16,267.40 ","$12,902.10 "
,OTHER,,852,"$750,516.74 ","$597,237.63 "
,TOTAL,,968,"$766,784.14 ","$610,139.73 "
35261,80'S,,75,"$8,003.95 ","$6,403.32 "
,OTHER,,235,"$153,910.11 ","$121,482.38 "
,TOTAL,,310,"$161,914.06 ","$127,885.70 "
35266,80'S,,20,"$2,305.80 ","$1,844.63 "
,OTHER,,336,"$254,512.72 ","$201,580.97 "
,TOTAL,,356,"$256,818.52 ","$203,425.60 "
35271,80'S,,33,"$4,028.86 ","$3,223.09 "
,OTHER,,119,"$84,605.28 ","$66,845.58 "
,TOTAL,,152,"$88,634.14 ","$70,068.67 "
35276,80'S,,8,"$1,691.33 ","$1,353.06 "
,OTHER,,30,"$33,691.67 ","$26,854.11 "
,TOTAL,,38,"$35,383.00 ","$28,207.17 "
35281,80'S,,30,"$6,889.80 ","$5,511.87 "
,OTHER,,125,"$173,586.91 ","$139,230.68 "
,TOTAL,,155,"$180,476.71 ","$144,742.55 "
35286,80'S,,135,"$15,573.12 ","$12,444.34 "
,OTHER,,"1,040","$758,490.10 ","$601,663.34 "
,TOTAL,,"1,175","$774,063.22 ","$614,107.68 "
35301,80'S,,"17,414","$3,051,611.30 ","$2,418,379.34 "
,OTHER,,"87,439","$83,791,007.10 ","$66,505,521.33 "
,TOTAL,,"104,853","$86,842,618.40 ","$68,923,900.67 "
35311,80'S,,9,"$1,642.42 ","$1,313.95 "
,OTHER,,34,"$37,984.64 ","$30,387.74 "
,TOTAL,,43,"$39,627.06 ","$31,701.69 "
35321,80'S,,29,"$3,898.28 ","$3,108.11 "
,OTHER,,515,"$454,058.37 ","$360,703.42 "
,TOTAL,,544,"$457,956.65 ","$363,811.53 "
35331,80'S,,107,"$17,169.99 ","$13,658.69 "
,OTHER,,385,"$355,442.20 ","$283,181.23 "
,TOTAL,,492,"$372,612.19 ","$296,839.92 "
35341,80'S,,137,"$19,987.14 ","$15,885.94 "
,OTHER,,455,"$412,515.60 ","$327,698.20 "
,TOTAL,,592,"$432,502.74 ","$343,584.14 "
35351,80'S,,230,"$42,087.23 ","$33,669.91 "
,OTHER,,"1,022","$1,136,776.81 ","$904,856.02 "
,TOTAL,,"1,252","$1,178,864.04 ","$938,525.93 "
35355,80'S,,387,"$52,091.91 ","$41,399.67 "
,OTHER,,"2,276","$1,866,761.10 ","$1,483,100.07 "
,TOTAL,,"2,663","$1,918,853.01 ","$1,524,499.74 "
35361,80'S,,26,"$6,109.65 ","$4,887.71 "
,OTHER,,89,"$118,201.84 ","$94,336.37 "
,TOTAL,,115,"$124,311.49 ","$99,224.08 "
35363,80'S,,9,"$1,957.12 ","$1,565.69 "
,OTHER,,76,"$124,029.62 ","$99,159.17 "
,TOTAL,,85,"$125,986.74 ","$100,724.86 "
35371,80'S,,"1,267","$129,172.16 ","$102,859.07 "
,OTHER,,"9,130","$5,450,991.66 ","$4,331,520.14 "
,TOTAL,,"10,397","$5,580,163.82 ","$4,434,379.21 "
35372,80'S,,819,"$92,583.14 ","$73,651.23 "
,OTHER,,"4,969","$3,541,794.51 ","$2,813,394.03 "
,TOTAL,,"5,788","$3,634,377.65 ","$2,887,045.26 "
35381,80'S,,460,"$48,502.21 ","$38,543.89 "
,OTHER,,"3,423","$2,212,720.68 ","$1,763,924.83 "
,TOTAL,,"3,883","$2,261,222.89 ","$1,802,468.72 "
35390,80'S,,230,"$6,406.66 ","$5,100.55 "
,OTHER,,"1,504","$236,707.64 ","$188,246.15 "
,TOTAL,,"1,734","$243,114.30 ","$193,346.70 "
35400,80'S,,10,$262.88 ,$210.31 
,OTHER,,564,"$97,005.29 ","$77,278.70 "
,TOTAL,,574,"$97,268.17 ","$77,489.01 "
35450,80'S,,21,"$1,357.87 ","$1,086.29 "
,OTHER,,278,"$114,172.02 ","$91,337.47 "
,TOTAL,,299,"$115,529.89 ","$92,423.76 "
35452,80'S,,30,"$1,088.47 ",$870.81 
,OTHER,,220,"$47,293.72 ","$37,687.98 "
,TOTAL,,250,"$48,382.19 ","$38,558.79 "
35454,80'S,,258,"$8,123.21 ","$6,444.79 "
,OTHER,,"2,503","$477,993.07 ","$380,026.82 "
,TOTAL,,"2,761","$486,116.28 ","$386,471.61 "
35456,80'S,,270,"$11,362.11 ","$9,089.69 "
,OTHER,,"3,508","$861,678.61 ","$685,509.96 "
,TOTAL,,"3,778","$873,040.72 ","$694,599.65 "
35458,80'S,,36,"$2,172.85 ","$1,738.31 "
,OTHER,,983,"$411,920.85 ","$328,343.26 "
,TOTAL,,"1,019","$414,093.70 ","$330,081.57 "
35459,80'S,,84,"$4,261.48 ","$3,319.77 "
,OTHER,,"1,136","$377,588.08 ","$300,519.49 "
,TOTAL,,"1,220","$381,849.56 ","$303,839.26 "
35460,OTHER,,"6,054","$1,422,420.39 ","$1,132,590.43 "
,TOTAL,,"6,054","$1,422,420.39 ","$1,132,590.43 "
35470,80'S,,1,$75.62 ,$60.50 
,OTHER,,"19,596","$8,304,791.12 ","$6,606,272.97 "
,TOTAL,,"19,597","$8,304,866.74 ","$6,606,333.47 "
35471,OTHER,,"19,650","$12,187,766.96 ","$9,693,600.24 "
,TOTAL,,"19,650","$12,187,766.96 ","$9,693,600.24 "
35472,80'S,,7,$243.53 ,$194.84 
,OTHER,,"1,095","$281,725.80 ","$223,927.09 "
,TOTAL,,"1,102","$281,969.33 ","$224,121.93 "
35473,80'S,,2,$83.18 ,$66.55 
,OTHER,,"27,167","$6,789,576.98 ","$5,392,399.70 "
,TOTAL,,"27,169","$6,789,660.16 ","$5,392,466.25 "
35474,80'S,,1,$64.60 ,$51.68 
,OTHER,,"58,059","$18,366,026.39 ","$14,605,652.87 "
,TOTAL,,"58,060","$18,366,090.99 ","$14,605,704.55 "
35475,OTHER,,"16,196","$20,948,688.51 ","$16,693,208.24 "
,TOTAL,,"16,196","$20,948,688.51 ","$16,693,208.24 "
35476,OTHER,,"183,048","$129,019,120.61 ","$102,606,644.45 "
,TOTAL,,"183,048","$129,019,120.61 ","$102,606,644.45 "
35480,80'S,,3,$207.91 ,$166.33 
,OTHER,,15,"$7,916.15 ","$6,332.93 "
,TOTAL,,18,"$8,124.06 ","$6,499.26 "
35481,80'S,,10,$393.23 ,$314.60 
,OTHER,,31,"$5,808.41 ","$4,646.73 "
,TOTAL,,41,"$6,201.64 ","$4,961.33 "
35482,80'S,,6,$191.16 ,$152.92 
,OTHER,,81,"$17,863.82 ","$14,291.11 "
,TOTAL,,87,"$18,054.98 ","$14,444.03 "
35483,80'S,,99,"$5,218.63 ","$4,174.94 "
,OTHER,,"1,393","$421,535.18 ","$336,255.02 "
,TOTAL,,"1,492","$426,753.81 ","$340,429.96 "
35484,OTHER,,53,"$23,217.31 ","$18,388.53 "
,TOTAL,,53,"$23,217.31 ","$18,388.53 "
35485,80'S,,45,"$2,837.31 ","$2,269.87 "
,OTHER,,590,"$244,755.32 ","$195,351.47 "
,TOTAL,,635,"$247,592.63 ","$197,621.34 "
35490,80'S,,1,$102.56 ,$82.05 
,OTHER,,136,"$75,682.26 ","$59,670.95 "
,TOTAL,,137,"$75,784.82 ","$59,753.00 "
35491,OTHER,,51,"$14,000.17 ","$11,030.43 "
,TOTAL,,51,"$14,000.17 ","$11,030.43 "
35492,80'S,,1,$33.42 ,$26.74 
,OTHER,,645,"$148,378.18 ","$117,638.02 "
,TOTAL,,646,"$148,411.60 ","$117,664.76 "
35493,OTHER,,"24,775","$8,490,643.38 ","$6,744,791.29 "
,TOTAL,,"24,775","$8,490,643.38 ","$6,744,791.29 "
35494,OTHER,,253,"$136,397.74 ","$108,289.84 "
,TOTAL,,253,"$136,397.74 ","$108,289.84 "
35495,80'S,,26,"$2,165.03 ","$1,732.07 "
,OTHER,,"12,427","$6,127,620.25 ","$4,873,018.89 "
,TOTAL,,"12,453","$6,129,785.28 ","$4,874,750.96 "
35500,80'S,,142,"$7,913.15 ","$6,326.09 "
,OTHER,,902,"$298,891.56 ","$237,950.22 "
,TOTAL,,"1,044","$306,804.71 ","$244,276.31 "
35501,80'S,,13,"$2,111.12 ","$1,688.89 "
,OTHER,,111,"$111,799.19 ","$88,757.82 "
,TOTAL,,124,"$113,910.31 ","$90,446.71 "
35506,80'S,,18,"$3,072.97 ","$2,458.37 "
,OTHER,,95,"$91,439.48 ","$72,917.38 "
,TOTAL,,113,"$94,512.45 ","$75,375.75 "
35507,80'S,,10,"$1,754.44 ","$1,403.55 "
,OTHER,,43,"$41,016.43 ","$32,781.09 "
,TOTAL,,53,"$42,770.87 ","$34,184.64 "
35508,OTHER,,16,"$12,434.42 ","$9,947.53 "
,TOTAL,,16,"$12,434.42 ","$9,947.53 "
35509,80'S,,16,"$2,331.28 ","$1,865.01 "
,OTHER,,98,"$80,898.78 ","$64,609.96 "
,TOTAL,,114,"$83,230.06 ","$66,474.97 "
35510,80'S,,7,"$1,399.65 ","$1,119.72 "
,OTHER,,44,"$47,987.03 ","$38,389.66 "
,TOTAL,,51,"$49,386.68 ","$39,509.38 "
35511,80'S,,2,$291.95 ,$233.56 
,OTHER,,16,"$22,004.33 ","$17,603.46 "
,TOTAL,,18,"$22,296.28 ","$17,837.02 "
35512,80'S,,4,$603.90 ,$483.12 
,OTHER,,12,"$15,306.29 ","$11,024.94 "
,TOTAL,,16,"$15,910.19 ","$11,508.06 "
35515,80'S,,1,$88.02 ,$70.42 
,OTHER,,3,"$2,743.15 ","$2,194.52 "
,TOTAL,,4,"$2,831.17 ","$2,264.94 "
35516,OTHER,,14,"$14,193.46 ","$10,571.89 "
,TOTAL,,14,"$14,193.46 ","$10,571.89 "
35518,80'S,,3,$623.37 ,$498.70 
,OTHER,,22,"$28,390.95 ","$21,714.16 "
,TOTAL,,25,"$29,014.32 ","$22,212.86 "
35521,80'S,,13,"$2,548.95 ","$2,039.17 "
,OTHER,,58,"$66,117.88 ","$52,821.21 "
,TOTAL,,71,"$68,666.83 ","$54,860.38 "
35522,80'S,,15,"$2,984.66 ","$2,387.73 "
,OTHER,,124,"$144,547.82 ","$114,111.53 "
,TOTAL,,139,"$147,532.48 ","$116,499.26 "
35525,80'S,,34,"$6,400.90 ","$5,049.99 "
,OTHER,,305,"$338,995.27 ","$269,401.05 "
,TOTAL,,339,"$345,396.17 ","$274,451.04 "
35526,80'S,,5,"$1,134.32 ",$907.46 
,OTHER,,5,"$5,262.36 ","$4,209.89 "
,TOTAL,,10,"$6,396.68 ","$5,117.35 "
35531,80'S,,52,"$14,950.46 ","$11,960.41 "
,OTHER,,179,"$321,550.83 ","$257,036.07 "
,TOTAL,,231,"$336,501.29 ","$268,996.48 "
35533,80'S,,15,"$3,904.57 ","$3,123.66 "
,OTHER,,62,"$82,045.90 ","$65,537.53 "
,TOTAL,,77,"$85,950.47 ","$68,661.19 "
35536,80'S,,7,"$1,885.37 ","$1,508.30 "
,OTHER,,26,"$43,626.52 ","$34,889.58 "
,TOTAL,,33,"$45,511.89 ","$36,397.88 "
35541,80'S,,14,"$2,205.37 ","$1,764.29 "
,OTHER,,71,"$72,982.31 ","$58,360.80 "
,TOTAL,,85,"$75,187.68 ","$60,125.09 "
35546,80'S,,71,"$14,196.77 ","$11,175.59 "
,OTHER,,247,"$290,222.71 ","$230,876.54 "
,TOTAL,,318,"$304,419.48 ","$242,052.13 "
35548,80'S,,9,"$1,500.29 ","$1,200.23 "
,OTHER,,25,"$21,037.58 ","$16,730.84 "
,TOTAL,,34,"$22,537.87 ","$17,931.07 "
35549,80'S,,9,"$1,649.14 ","$1,319.31 "
,OTHER,,11,"$11,075.83 ","$8,860.68 "
,TOTAL,,20,"$12,724.97 ","$10,179.99 "
35551,80'S,,1,$237.62 ,$190.10 
,OTHER,,19,"$27,028.18 ","$21,622.56 "
,TOTAL,,20,"$27,265.80 ","$21,812.66 "
35556,80'S,,"1,216","$244,118.92 ","$193,416.92 "
,OTHER,,"6,328","$7,084,438.75 ","$5,617,177.90 "
,TOTAL,,"7,544","$7,328,557.67 ","$5,810,594.82 "
35558,80'S,,132,"$24,695.05 ","$19,603.34 "
,OTHER,,597,"$622,472.93 ","$494,200.83 "
,TOTAL,,729,"$647,167.98 ","$513,804.17 "
35560,80'S,,29,"$7,838.75 ","$6,130.26 "
,OTHER,,107,"$161,352.24 ","$125,701.30 "
,TOTAL,,136,"$169,190.99 ","$131,831.56 "
35563,80'S,,7,"$1,160.71 ",$928.57 
,OTHER,,22,"$27,966.69 ","$22,373.35 "
,TOTAL,,29,"$29,127.40 ","$23,301.92 "
35565,80'S,,74,"$14,669.76 ","$11,607.81 "
,OTHER,,302,"$362,357.59 ","$287,832.67 "
,TOTAL,,376,"$377,027.35 ","$299,440.48 "
35566,80'S,,"1,105","$278,653.02 ","$222,279.33 "
,OTHER,,"5,549","$7,907,114.32 ","$6,292,367.03 "
,TOTAL,,"6,654","$8,185,767.34 ","$6,514,646.36 "
35571,80'S,,542,"$123,144.84 ","$97,745.66 "
,OTHER,,"3,128","$4,099,861.36 ","$3,256,974.14 "
,TOTAL,,"3,670","$4,223,006.20 ","$3,354,719.80 "
35572,80'S,,277,"$16,935.68 ","$13,548.34 "
,OTHER,,"1,918","$701,535.12 ","$557,270.43 "
,TOTAL,,"2,195","$718,470.80 ","$570,818.77 "
35583,80'S,,539,"$112,765.38 ","$89,652.88 "
,OTHER,,"2,674","$3,116,493.25 ","$2,477,923.63 "
,TOTAL,,"3,213","$3,229,258.63 ","$2,567,576.51 "
35585,80'S,,661,"$176,059.49 ","$139,607.51 "
,OTHER,,"3,117","$4,762,034.94 ","$3,783,224.62 "
,TOTAL,,"3,778","$4,938,094.43 ","$3,922,832.13 "
35587,80'S,,125,"$29,081.71 ","$23,100.32 "
,OTHER,,550,"$747,049.76 ","$594,567.34 "
,TOTAL,,675,"$776,131.47 ","$617,667.66 "
35600,80'S,,"1,054","$45,703.93 ","$36,334.57 "
,OTHER,,"6,619","$1,483,698.51 ","$1,177,587.80 "
,TOTAL,,"7,673","$1,529,402.44 ","$1,213,922.37 "
35601,80'S,,41,"$6,029.27 ","$4,823.40 "
,OTHER,,261,"$209,173.12 ","$165,920.36 "
,TOTAL,,302,"$215,202.39 ","$170,743.76 "
35606,80'S,,191,"$32,735.92 ","$25,899.41 "
,OTHER,,834,"$813,553.37 ","$646,380.10 "
,TOTAL,,"1,025","$846,289.29 ","$672,279.51 "
35612,80'S,,10,"$1,321.26 ","$1,034.38 "
,OTHER,,60,"$50,279.07 ","$40,024.86 "
,TOTAL,,70,"$51,600.33 ","$41,059.24 "
35616,80'S,,7,$869.01 ,$695.21 
,OTHER,,66,"$50,608.92 ","$40,414.26 "
,TOTAL,,73,"$51,477.93 ","$41,109.47 "
35621,80'S,,169,"$30,240.45 ","$23,917.23 "
,OTHER,,860,"$861,469.70 ","$684,601.99 "
,TOTAL,,"1,029","$891,710.15 ","$708,519.22 "
35623,80'S,,25,"$5,313.41 ","$4,230.77 "
,OTHER,,112,"$143,453.86 ","$112,683.46 "
,TOTAL,,137,"$148,767.27 ","$116,914.23 "
35626,80'S,,59,"$9,558.11 ","$7,646.51 "
,OTHER,,220,"$228,743.44 ","$181,998.23 "
,TOTAL,,279,"$238,301.55 ","$189,644.74 "
35631,80'S,,300,"$80,991.61 ","$64,226.57 "
,OTHER,,"1,075","$1,656,702.20 ","$1,320,037.69 "
,TOTAL,,"1,375","$1,737,693.81 ","$1,384,264.26 "
35636,80'S,,9,"$1,867.99 ","$1,494.38 "
,OTHER,,29,"$34,442.27 ","$26,542.08 "
,TOTAL,,38,"$36,310.26 ","$28,036.46 "
35641,80'S,,272,"$48,901.47 ","$38,432.51 "
,OTHER,,975,"$968,261.63 ","$764,697.82 "
,TOTAL,,"1,247","$1,017,163.10 ","$803,130.33 "
35642,80'S,,1,$103.15 ,$82.52 
,OTHER,,4,"$3,516.75 ","$2,813.40 "
,TOTAL,,5,"$3,619.90 ","$2,895.92 "
35645,80'S,,1,$83.64 ,$66.91 
,OTHER,,3,"$1,530.34 ","$1,224.27 "
,TOTAL,,4,"$1,613.98 ","$1,291.18 "
35646,80'S,,"1,173","$324,298.26 ","$256,297.65 "
,OTHER,,"3,827","$5,975,558.97 ","$4,731,025.11 "
,TOTAL,,"5,000","$6,299,857.23 ","$4,987,322.76 "
35647,80'S,,116,"$27,127.35 ","$21,559.05 "
,OTHER,,335,"$455,858.99 ","$361,066.81 "
,TOTAL,,451,"$482,986.34 ","$382,625.86 "
35650,80'S,,36,"$5,053.88 ","$4,043.10 "
,OTHER,,144,"$141,155.69 ","$112,755.15 "
,TOTAL,,180,"$146,209.57 ","$116,798.25 "
35651,80'S,,14,"$2,946.12 ","$2,356.89 "
,OTHER,,90,"$93,569.90 ","$73,019.43 "
,TOTAL,,104,"$96,516.02 ","$75,376.32 "
35654,80'S,,285,"$62,122.15 ","$49,499.06 "
,OTHER,,"1,199","$1,526,514.14 ","$1,214,380.00 "
,TOTAL,,"1,484","$1,588,636.29 ","$1,263,879.06 "
35656,80'S,,"2,860","$503,139.26 ","$399,984.63 "
,OTHER,,"15,770","$15,761,876.20 ","$12,513,046.53 "
,TOTAL,,"18,630","$16,265,015.46 ","$12,913,031.16 "
35661,80'S,,974,"$151,876.40 ","$120,292.82 "
,OTHER,,"5,213","$4,763,961.38 ","$3,784,646.95 "
,TOTAL,,"6,187","$4,915,837.78 ","$3,904,939.77 "
35663,80'S,,34,"$5,159.57 ","$4,046.13 "
,OTHER,,151,"$132,136.81 ","$105,638.36 "
,TOTAL,,185,"$137,296.38 ","$109,684.49 "
35665,80'S,,403,"$70,151.47 ","$55,971.90 "
,OTHER,,"2,057","$2,073,201.16 ","$1,645,018.71 "
,TOTAL,,"2,460","$2,143,352.63 ","$1,700,990.61 "
35666,80'S,,478,"$102,676.94 ","$81,337.81 "
,OTHER,,"2,861","$3,532,460.40 ","$2,802,760.51 "
,TOTAL,,"3,339","$3,635,137.34 ","$2,884,098.32 "
35671,80'S,,60,"$10,914.62 ","$8,731.75 "
,OTHER,,388,"$412,079.40 ","$328,399.41 "
,TOTAL,,448,"$422,994.02 ","$337,131.16 "
35681,80'S,,183,"$2,534.69 ","$2,026.55 "
,OTHER,,"1,081","$92,597.61 ","$73,783.74 "
,TOTAL,,"1,264","$95,132.30 ","$75,810.29 "
35682,80'S,,42,"$2,658.24 ","$2,069.16 "
,OTHER,,795,"$310,513.44 ","$247,009.92 "
,TOTAL,,837,"$313,171.68 ","$249,079.08 "
35683,80'S,,7,$499.33 ,$399.47 
,OTHER,,78,"$34,877.95 ","$27,840.72 "
,TOTAL,,85,"$35,377.28 ","$28,240.19 "
35685,80'S,,73,"$2,758.12 ","$2,206.43 "
,OTHER,,665,"$144,488.30 ","$115,323.93 "
,TOTAL,,738,"$147,246.42 ","$117,530.36 "
35686,80'S,,12,$367.66 ,$294.12 
,OTHER,,146,"$28,043.02 ","$22,434.57 "
,TOTAL,,158,"$28,410.68 ","$22,728.69 "
35691,80'S,,5,$524.65 ,$419.71 
,OTHER,,44,"$37,410.17 ","$29,887.52 "
,TOTAL,,49,"$37,934.82 ","$30,307.23 "
35693,80'S,,2,$342.22 ,$273.78 
,OTHER,,14,"$8,932.56 ","$7,095.99 "
,TOTAL,,16,"$9,274.78 ","$7,369.77 "
35694,80'S,,16,"$2,714.38 ","$2,114.06 "
,OTHER,,56,"$53,284.79 ","$42,147.07 "
,TOTAL,,72,"$55,999.17 ","$44,261.13 "
35695,80'S,,3,$465.64 ,$372.51 
,OTHER,,38,"$32,822.63 ","$25,805.90 "
,TOTAL,,41,"$33,288.27 ","$26,178.41 "
35697,80'S,,157,"$4,108.08 ","$3,261.81 "
,OTHER,,720,"$110,732.90 ","$87,590.70 "
,TOTAL,,877,"$114,840.98 ","$90,852.51 "
35700,80'S,,530,"$14,349.57 ","$11,409.72 "
,OTHER,,"3,533","$553,860.07 ","$439,161.63 "
,TOTAL,,"4,063","$568,209.64 ","$450,571.35 "
35701,80'S,,92,"$5,870.08 ","$4,695.91 "
,OTHER,,641,"$259,632.44 ","$206,052.69 "
,TOTAL,,733,"$265,502.52 ","$210,748.60 "
35721,80'S,,151,"$8,191.89 ","$6,507.52 "
,OTHER,,"1,371","$483,603.40 ","$384,255.62 "
,TOTAL,,"1,522","$491,795.29 ","$390,763.14 "
35741,80'S,,57,"$3,668.93 ","$2,931.83 "
,OTHER,,400,"$155,724.86 ","$124,360.53 "
,TOTAL,,457,"$159,393.79 ","$127,292.36 "
35761,80'S,,211,"$8,545.23 ","$6,747.10 "
,OTHER,,"2,847","$751,600.66 ","$595,682.52 "
,TOTAL,,"3,058","$760,145.89 ","$602,429.62 "
35800,80'S,,88,"$5,634.50 ","$4,451.07 "
,OTHER,,"1,687","$623,546.90 ","$495,898.35 "
,TOTAL,,"1,775","$629,181.40 ","$500,349.42 "
35820,80'S,,722,"$84,872.12 ","$67,785.30 "
,OTHER,,"8,134","$4,914,210.37 ","$3,906,759.70 "
,TOTAL,,"8,856","$4,999,082.49 ","$3,974,545.00 "
35840,80'S,,168,"$14,865.41 ","$11,892.39 "
,OTHER,,"1,485","$739,240.49 ","$587,630.31 "
,TOTAL,,"1,653","$754,105.90 ","$599,522.70 "
35860,80'S,,222,"$11,169.83 ","$8,899.42 "
,OTHER,,"4,043","$1,236,279.00 ","$982,220.57 "
,TOTAL,,"4,265","$1,247,448.83 ","$991,119.99 "
35870,80'S,,7,$911.37 ,$729.09 
,OTHER,,57,"$55,574.21 ","$44,459.42 "
,TOTAL,,64,"$56,485.58 ","$45,188.51 "
35875,SG,,4,"$5,354.80 ","$4,283.84 "
,80'S,,5,$447.11 ,$357.69 
,OTHER,,"3,498","$1,769,284.99 ","$1,407,355.17 "
,TOTAL,,"3,507","$1,775,086.90 ","$1,411,996.70 "
35876,80'S,,219,"$29,677.81 ","$23,619.50 "
,OTHER,,"2,104","$1,703,168.19 ","$1,351,815.15 "
,TOTAL,,"2,323","$1,732,846.00 ","$1,375,434.65 "
35879,80'S,,146,"$18,268.68 ","$14,522.18 "
,OTHER,,"1,190","$919,040.31 ","$725,758.35 "
,TOTAL,,"1,336","$937,308.99 ","$740,280.53 "
35881,80'S,,95,"$15,375.02 ","$12,241.78 "
,OTHER,,640,"$585,322.30 ","$465,651.97 "
,TOTAL,,735,"$600,697.32 ","$477,893.75 "
35901,80'S,,18,"$1,087.05 ",$869.66 
,OTHER,,141,"$53,158.41 ","$42,275.04 "
,TOTAL,,159,"$54,245.46 ","$43,144.70 "
35903,80'S,,472,"$37,450.31 ","$29,621.64 "
,OTHER,,"10,100","$5,289,727.37 ","$4,203,900.20 "
,TOTAL,,"10,572","$5,327,177.68 ","$4,233,521.84 "
35905,80'S,,5,"$1,433.76 ","$1,147.01 "
,OTHER,,73,"$113,177.74 ","$90,333.86 "
,TOTAL,,78,"$114,611.50 ","$91,480.87 "
35907,80'S,,102,"$32,046.68 ","$25,637.32 "
,OTHER,,422,"$765,770.17 ","$610,734.98 "
,TOTAL,,524,"$797,816.85 ","$636,372.30 "
36000,OTHER,,"221,698","$5,788,072.38 ","$4,548,535.93 "
,TOTAL,,"221,698","$5,788,072.38 ","$4,548,535.93 "
36002,OTHER,,"4,662","$543,490.29 ","$431,361.31 "
,TOTAL,,"4,662","$543,490.29 ","$431,361.31 "
36005,80'S,,2,$12.69 ,$10.15 
,OTHER,,"59,127","$4,308,280.39 ","$3,415,601.84 "
,TOTAL,,"59,129","$4,308,293.08 ","$3,415,611.99 "
36010,OTHER,,"74,322","$7,269,784.73 ","$5,780,011.71 "
,TOTAL,,"74,322","$7,269,784.73 ","$5,780,011.71 "
36011,OTHER,,"17,327","$3,916,609.21 ","$3,110,670.14 "
,TOTAL,,"17,327","$3,916,609.21 ","$3,110,670.14 "
36012,OTHER,,"4,584","$708,053.70 ","$563,329.99 "
,TOTAL,,"4,584","$708,053.70 ","$563,329.99 "
36013,OTHER,,"2,252","$206,561.89 ","$164,406.07 "
,TOTAL,,"2,252","$206,561.89 ","$164,406.07 "
36014,OTHER,,"1,887","$235,907.39 ","$187,115.06 "
,TOTAL,,"1,887","$235,907.39 ","$187,115.06 "
36015,OTHER,,944,"$129,293.55 ","$103,119.87 "
,TOTAL,,944,"$129,293.55 ","$103,119.87 "
36100,80'S,,7,$207.60 ,$166.08 
,OTHER,,"1,191","$149,944.05 ","$119,566.39 "
,TOTAL,,"1,198","$150,151.65 ","$119,732.47 "
36120,OTHER,,"4,467","$506,260.35 ","$401,870.40 "
,TOTAL,,"4,467","$506,260.35 ","$401,870.40 "
36140,80'S,,1,$19.00 ,$15.20 
,OTHER,,"35,805","$2,730,195.39 ","$2,167,154.00 "
,TOTAL,,"35,806","$2,730,214.39 ","$2,167,169.20 "
36145,80'S,,1,$14.34 ,$11.47 
,OTHER,,"240,587","$32,029,964.08 ","$25,404,489.90 "
,TOTAL,,"240,588","$32,029,978.42 ","$25,404,501.37 "
36160,OTHER,,365,"$29,393.35 ","$23,302.27 "
,TOTAL,,365,"$29,393.35 ","$23,302.27 "
36200,80'S,,12,$234.69 ,$187.78 
,OTHER,,"92,033","$12,522,683.42 ","$9,886,037.85 "
,TOTAL,,"92,045","$12,522,918.11 ","$9,886,225.63 "
36215,80'S,,2,$61.99 ,$49.59 
,OTHER,,"85,784","$18,588,087.71 ","$14,782,119.31 "
,TOTAL,,"85,786","$18,588,149.70 ","$14,782,168.90 "
36216,OTHER,,"81,548","$20,215,642.06 ","$16,041,432.59 "
,TOTAL,,"81,548","$20,215,642.06 ","$16,041,432.59 "
36217,OTHER,,"30,584","$10,400,652.83 ","$8,239,643.30 "
,TOTAL,,"30,584","$10,400,652.83 ","$8,239,643.30 "
36218,OTHER,,"26,795","$1,691,057.21 ","$1,344,188.88 "
,TOTAL,,"26,795","$1,691,057.21 ","$1,344,188.88 "
36245,OTHER,,"171,568","$40,931,972.07 ","$32,528,802.62 "
,TOTAL,,"171,568","$40,931,972.07 ","$32,528,802.62 "
36246,OTHER,,"66,674","$15,560,104.93 ","$12,347,981.99 "
,TOTAL,,"66,674","$15,560,104.93 ","$12,347,981.99 "
36247,OTHER,,"90,251","$21,142,893.46 ","$16,806,115.95 "
,TOTAL,,"90,251","$21,142,893.46 ","$16,806,115.95 "
36248,OTHER,,"19,217","$1,099,644.93 ","$875,205.59 "
,TOTAL,,"19,217","$1,099,644.93 ","$875,205.59 "
36260,OTHER,,158,"$76,061.75 ","$60,626.63 "
,TOTAL,,158,"$76,061.75 ","$60,626.63 "
36261,SG,,1,$428.41 ,$342.73 
,OTHER,,4,"$1,171.26 ",$937.01 
,TOTAL,,5,"$1,599.67 ","$1,279.74 "
36262,SG,,11,"$3,452.02 ","$2,761.60 "
,OTHER,,182,"$43,368.61 ","$34,294.00 "
,TOTAL,,193,"$46,820.63 ","$37,055.60 "
36299,OTHER,,509,"$172,777.53 ","$137,921.38 "
,TOTAL,,509,"$172,777.53 ","$137,921.38 "
36400,OTHER,,51,"$1,298.51 ","$1,015.49 "
,TOTAL,,51,"$1,298.51 ","$1,015.49 "
36405,OTHER,,28,$434.54 ,$331.91 
,TOTAL,,28,$434.54 ,$331.91 
36406,OTHER,,35,$524.62 ,$384.38 
,TOTAL,,35,$524.62 ,$384.38 
36410,OTHER,,"209,516","$3,514,164.96 ","$2,583,562.80 "
,TOTAL,,"209,516","$3,514,164.96 ","$2,583,562.80 "
36415,OTHER,,"65,957,345","$197,629,843.41 ","$197,069,366.84 "
,TOTAL,,"65,957,345","$197,629,843.41 ","$197,069,366.84 "
36416,OTHER,,4,$4.00 ,$3.20 
,TOTAL,,4,$4.00 ,$3.20 
36420,OTHER,,3,$147.43 ,$117.94 
,TOTAL,,3,$147.43 ,$117.94 
36425,OTHER,,"6,991","$171,468.31 ","$126,039.84 "
,TOTAL,,"6,991","$171,468.31 ","$126,039.84 "
36430,OTHER,,"16,776","$665,159.61 ","$521,931.37 "
,TOTAL,,"16,776","$665,159.61 ","$521,931.37 "
36440,OTHER,,4,$189.61 ,$111.80 
,TOTAL,,4,$189.61 ,$111.80 
36450,OTHER,,17,"$1,214.86 ",$957.55 
,TOTAL,,17,"$1,214.86 ",$957.55 
36455,OTHER,,113,"$13,758.40 ","$10,973.96 "
,TOTAL,,113,"$13,758.40 ","$10,973.96 "
36460,OTHER,,1,$385.55 ,$308.44 
,TOTAL,,1,$385.55 ,$308.44 
36468,OTHER,,100,"$11,981.39 ","$8,666.43 "
,TOTAL,,100,"$11,981.39 ","$8,666.43 "
36469,OTHER,,3,$297.53 ,$238.03 
,TOTAL,,3,$297.53 ,$238.03 
36470,OTHER,,"4,082","$488,388.69 ","$375,236.08 "
,TOTAL,,"4,082","$488,388.69 ","$375,236.08 "
36471,OTHER,,"67,258","$11,599,334.74 ","$9,045,972.78 "
,TOTAL,,"67,258","$11,599,334.74 ","$9,045,972.78 "
36475,SG,,66,"$32,039.03 ","$25,085.52 "
,OTHER,,"14,720","$26,317,219.17 ","$20,879,532.79 "
,TOTAL,,"14,786","$26,349,258.20 ","$20,904,618.31 "
36476,SG,,8,"$2,024.94 ","$1,619.96 "
,OTHER,,"3,256","$1,417,866.30 ","$1,129,142.68 "
,TOTAL,,"3,264","$1,419,891.24 ","$1,130,762.64 "
36478,SG,,334,"$170,901.50 ","$135,061.48 "
,OTHER,,"22,410","$40,959,615.77 ","$32,304,280.32 "
,TOTAL,,"22,744","$41,130,517.27 ","$32,439,341.80 "
36479,SG,,90,"$25,310.32 ","$20,213.45 "
,OTHER,,"2,388","$969,105.51 ","$769,936.06 "
,TOTAL,,"2,478","$994,415.83 ","$790,149.51 "
36481,OTHER,,"1,162","$370,480.39 ","$294,236.55 "
,TOTAL,,"1,162","$370,480.39 ","$294,236.55 "
36500,OTHER,,"1,553","$198,989.34 ","$157,651.62 "
,TOTAL,,"1,553","$198,989.34 ","$157,651.62 "
36510,OTHER,,6,$565.04 ,$410.62 
,TOTAL,,6,$565.04 ,$410.62 
36511,OTHER,,535,"$49,895.97 ","$39,295.02 "
,TOTAL,,535,"$49,895.97 ","$39,295.02 "
36512,OTHER,,728,"$72,551.07 ","$55,933.45 "
,TOTAL,,728,"$72,551.07 ","$55,933.45 "
36513,OTHER,,406,"$33,771.24 ","$26,536.35 "
,TOTAL,,406,"$33,771.24 ","$26,536.35 "
36514,OTHER,,"19,832","$2,125,262.58 ","$1,661,962.71 "
,TOTAL,,"19,832","$2,125,262.58 ","$1,661,962.71 "
36515,OTHER,,491,"$729,109.38 ","$582,890.75 "
,TOTAL,,491,"$729,109.38 ","$582,890.75 "
36516,OTHER,,630,"$1,629,331.06 ","$1,300,737.00 "
,TOTAL,,630,"$1,629,331.06 ","$1,300,737.00 "
36522,OTHER,,"3,107","$363,435.84 ","$286,522.91 "
,TOTAL,,"3,107","$363,435.84 ","$286,522.91 "
36540,OTHER,,1,$40.00 ,$32.00 
,TOTAL,,1,$40.00 ,$32.00 
36550,OTHER,,"18,424","$526,226.24 ","$410,625.85 "
,TOTAL,,"18,424","$526,226.24 ","$410,625.85 "
36555,OTHER,,176,"$19,859.95 ","$15,613.23 "
,TOTAL,,176,"$19,859.95 ","$15,613.23 "
36556,SG,,121,"$36,684.85 ","$29,193.98 "
,80'S,,1,$20.04 ,$16.03 
,OTHER,,"627,515","$79,708,028.83 ","$63,253,040.82 "
,TOTAL,,"627,637","$79,744,733.72 ","$63,282,250.83 "
36557,OTHER,,95,"$26,608.29 ","$20,889.44 "
,TOTAL,,95,"$26,608.29 ","$20,889.44 "
36558,SG,,733,"$310,154.13 ","$246,313.65 "
,80'S,,46,"$1,718.90 ","$1,375.12 "
,OTHER,,"139,971","$42,103,962.45 ","$33,424,178.78 "
,TOTAL,,"140,750","$42,415,835.48 ","$33,671,867.55 "
36560,SG,,1,$478.88 ,$283.90 
,OTHER,,34,"$11,678.96 ","$9,313.14 "
,TOTAL,,35,"$12,157.84 ","$9,597.04 "
36561,SG,,"5,199","$2,594,292.58 ","$2,058,683.80 "
,80'S,,62,"$2,956.69 ","$2,361.39 "
,OTHER,,"109,201","$39,396,271.31 ","$31,237,048.00 "
,TOTAL,,"114,462","$41,993,520.58 ","$33,298,093.19 "
36563,SG,,115,"$53,260.74 ","$41,746.32 "
,80'S,,2,$65.48 ,$52.38 
,OTHER,,"2,509","$919,901.23 ","$731,834.18 "
,TOTAL,,"2,626","$973,227.45 ","$773,632.88 "
36565,SG,,27,"$13,083.00 ","$10,466.43 "
,80'S,,6,$203.34 ,$115.61 
,OTHER,,"10,892","$3,747,242.08 ","$2,977,642.21 "
,TOTAL,,"10,925","$3,760,528.42 ","$2,988,224.25 "
36566,SG,,4,"$2,046.42 ","$1,637.14 "
,80'S,,1,$62.89 ,$50.31 
,OTHER,,"1,710","$594,243.23 ","$472,795.28 "
,TOTAL,,"1,715","$596,352.54 ","$474,482.73 "
36568,OTHER,,56,"$5,541.19 ","$4,356.16 "
,TOTAL,,56,"$5,541.19 ","$4,356.16 "
36569,SG,,39,"$12,440.26 ","$9,952.11 "
,OTHER,,"278,126","$27,930,510.11 ","$22,156,495.99 "
,TOTAL,,"278,165","$27,942,950.37 ","$22,166,448.10 "
36570,OTHER,,5,"$1,442.79 ","$1,154.25 "
,TOTAL,,5,"$1,442.79 ","$1,154.25 "
36571,SG,,561,"$274,867.01 ","$217,519.74 "
,80'S,,12,$448.16 ,$358.51 
,OTHER,,"14,697","$4,956,345.47 ","$3,935,609.83 "
,TOTAL,,"15,270","$5,231,660.64 ","$4,153,488.08 "
36575,SG,,30,"$12,411.95 ","$9,659.81 "
,OTHER,,"2,711","$219,910.47 ","$171,688.01 "
,TOTAL,,"2,741","$232,322.42 ","$181,347.82 "
36576,SG,,20,"$8,577.74 ","$6,829.89 "
,OTHER,,696,"$132,549.56 ","$104,698.28 "
,TOTAL,,716,"$141,127.30 ","$111,528.17 "
36578,SG,,8,"$3,700.54 ","$2,960.44 "
,80'S,,1,$18.15 ,$14.52 
,OTHER,,763,"$163,718.57 ","$129,475.18 "
,TOTAL,,772,"$167,437.26 ","$132,450.14 "
36580,SG,,12,"$4,020.18 ","$3,216.15 "
,OTHER,,"11,092","$821,257.79 ","$651,655.49 "
,TOTAL,,"11,104","$825,277.97 ","$654,871.64 "
36581,SG,,395,"$175,658.17 ","$139,809.90 "
,80'S,,3,$92.04 ,$73.64 
,OTHER,,"31,771","$8,901,347.48 ","$7,044,092.57 "
,TOTAL,,"32,169","$9,077,097.69 ","$7,183,976.11 "
36582,SG,,33,"$16,604.13 ","$13,283.31 "
,80'S,,2,$57.51 ,$46.00 
,OTHER,,"1,436","$439,429.59 ","$346,734.07 "
,TOTAL,,"1,471","$456,091.23 ","$360,063.38 "
36583,OTHER,,125,"$38,400.72 ","$30,449.15 "
,TOTAL,,125,"$38,400.72 ","$30,449.15 "
36584,SG,,6,"$1,841.16 ","$1,472.93 "
,OTHER,,"9,768","$739,312.30 ","$586,884.66 "
,TOTAL,,"9,774","$741,153.46 ","$588,357.59 "
36585,SG,,3,"$1,528.81 ","$1,223.05 "
,OTHER,,180,"$52,431.49 ","$41,372.31 "
,TOTAL,,183,"$53,960.30 ","$42,595.36 "
36589,SG,,"1,436","$443,737.51 ","$348,605.15 "
,80'S,,6,$82.24 ,$65.78 
,OTHER,,"101,496","$14,441,316.57 ","$11,249,214.87 "
,TOTAL,,"102,938","$14,885,136.32 ","$11,597,885.80 "
36590,SG,,"2,427","$759,613.01 ","$597,325.01 "
,80'S,,7,$150.99 ,$120.81 
,OTHER,,"42,277","$8,460,844.52 ","$6,627,924.26 "
,TOTAL,,"44,711","$9,220,608.52 ","$7,225,370.08 "
36595,OTHER,,"1,070","$200,604.32 ","$158,981.40 "
,TOTAL,,"1,070","$200,604.32 ","$158,981.40 "
36596,OTHER,,"2,324","$168,573.88 ","$131,660.95 "
,TOTAL,,"2,324","$168,573.88 ","$131,660.95 "
36597,OTHER,,"5,882","$369,539.23 ","$292,986.64 "
,TOTAL,,"5,882","$369,539.23 ","$292,986.64 "
36598,OTHER,,"11,104","$1,354,888.04 ","$1,072,655.84 "
,TOTAL,,"11,104","$1,354,888.04 ","$1,072,655.84 "
36600,OTHER,,"72,012","$1,976,316.14 ","$1,530,195.73 "
,TOTAL,,"72,012","$1,976,316.14 ","$1,530,195.73 "
36620,OTHER,,"615,846","$32,752,065.21 ","$26,027,127.29 "
,TOTAL,,"615,846","$32,752,065.21 ","$26,027,127.29 "
36625,OTHER,,"2,957","$331,360.06 ","$263,342.32 "
,TOTAL,,"2,957","$331,360.06 ","$263,342.32 "
36640,SG,,2,$670.75 ,$536.60 
,OTHER,,109,"$11,422.34 ","$9,070.99 "
,TOTAL,,111,"$12,093.09 ","$9,607.59 "
36660,OTHER,,5,$182.90 ,$146.31 
,TOTAL,,5,$182.90 ,$146.31 
36680,OTHER,,114,"$6,940.16 ","$5,484.82 "
,TOTAL,,114,"$6,940.16 ","$5,484.82 "
36800,SG,,2,"$1,006.86 ",$805.49 
,OTHER,,"26,121","$4,329,005.36 ","$3,437,024.46 "
,TOTAL,,"26,123","$4,330,012.22 ","$3,437,829.95 "
36810,SG,,2,"$1,040.87 ",$832.70 
,OTHER,,560,"$119,859.11 ","$95,441.50 "
,TOTAL,,562,"$120,899.98 ","$96,274.20 "
36815,SG,,5,"$2,545.55 ","$2,036.43 "
,OTHER,,227,"$30,782.00 ","$24,300.58 "
,TOTAL,,232,"$33,327.55 ","$26,337.01 "
36818,80'S,,272,"$30,178.09 ","$23,750.37 "
,OTHER,,"6,365","$4,352,400.81 ","$3,443,837.03 "
,TOTAL,,"6,637","$4,382,578.90 ","$3,467,587.40 "
36819,SG,,121,"$60,518.13 ","$47,464.56 "
,80'S,,603,"$78,773.29 ","$62,676.21 "
,OTHER,,"12,911","$10,128,772.79 ","$8,020,095.10 "
,TOTAL,,"13,635","$10,268,064.21 ","$8,130,235.87 "
36820,SG,,55,"$27,289.06 ","$21,264.80 "
,80'S,,93,"$12,212.64 ","$9,474.66 "
,OTHER,,"3,019","$2,378,438.83 ","$1,883,591.32 "
,TOTAL,,"3,167","$2,417,940.53 ","$1,914,330.78 "
36821,SG,,943,"$473,595.73 ","$375,425.65 "
,80'S,,"1,216","$104,149.29 ","$81,916.54 "
,OTHER,,"38,063","$19,801,607.57 ","$15,623,954.01 "
,TOTAL,,"40,222","$20,379,352.59 ","$16,081,296.20 "
36822,OTHER,,293,"$82,912.96 ","$65,530.96 "
,TOTAL,,293,"$82,912.96 ","$65,530.96 "
36823,OTHER,,164,"$195,019.32 ","$154,140.52 "
,TOTAL,,164,"$195,019.32 ","$154,140.52 "
36825,SG,,193,"$119,815.50 ","$95,238.11 "
,80'S,,369,"$35,547.42 ","$28,129.64 "
,OTHER,,"6,266","$3,630,933.73 ","$2,877,612.50 "
,TOTAL,,"6,828","$3,786,296.65 ","$3,000,980.25 "
36830,SG,,228,"$140,780.96 ","$111,496.88 "
,80'S,,"1,222","$134,553.73 ","$106,527.76 "
,OTHER,,"33,794","$22,261,274.70 ","$17,659,134.32 "
,TOTAL,,"35,244","$22,536,609.39 ","$17,877,158.96 "
36831,SG,,57,"$74,778.13 ","$59,822.56 "
,80'S,,387,"$28,267.53 ","$22,440.89 "
,OTHER,,"18,231","$7,982,429.47 ","$6,338,100.15 "
,TOTAL,,"18,675","$8,085,475.13 ","$6,420,363.60 "
36832,SG,,258,"$159,180.30 ","$126,545.48 "
,80'S,,440,"$41,524.08 ","$32,686.58 "
,OTHER,,"15,046","$8,495,179.36 ","$6,721,429.39 "
,TOTAL,,"15,744","$8,695,883.74 ","$6,880,661.45 "
36833,SG,,45,"$28,011.67 ","$22,111.71 "
,80'S,,472,"$51,732.44 ","$40,797.64 "
,OTHER,,"12,926","$8,317,596.63 ","$6,598,976.02 "
,TOTAL,,"13,443","$8,397,340.74 ","$6,661,885.37 "
36834,SG,,12,"$5,533.64 ","$4,426.91 "
,80'S,,74,"$6,430.93 ","$5,072.33 "
,OTHER,,"1,762","$942,875.65 ","$749,498.30 "
,TOTAL,,"1,848","$954,840.22 ","$758,997.54 "
36835,OTHER,,56,"$24,338.63 ","$19,470.86 "
,TOTAL,,56,"$24,338.63 ","$19,470.86 "
36838,80'S,,56,"$11,080.75 ","$8,735.68 "
,OTHER,,840,"$931,669.61 ","$738,931.92 "
,TOTAL,,896,"$942,750.36 ","$747,667.60 "
36860,OTHER,,460,"$55,053.50 ","$43,470.73 "
,TOTAL,,460,"$55,053.50 ","$43,470.73 "
36861,SG,,2,$959.32 ,$767.46 
,OTHER,,255,"$31,277.19 ","$24,619.71 "
,TOTAL,,257,"$32,236.51 ","$25,387.17 "
36870,SG,,683,"$925,174.04 ","$732,131.56 "
,OTHER,,"52,202","$33,218,570.74 ","$26,423,269.02 "
,TOTAL,,"52,885","$34,143,744.78 ","$27,155,400.58 "
37140,OTHER,,60,"$54,973.62 ","$43,978.94 "
,TOTAL,,60,"$54,973.62 ","$43,978.94 "
37145,OTHER,,4,"$3,309.89 ","$2,647.91 "
,TOTAL,,4,"$3,309.89 ","$2,647.91 "
37160,80'S,,3,$397.99 ,$318.39 
,OTHER,,14,"$12,916.17 ","$10,332.92 "
,TOTAL,,17,"$13,314.16 ","$10,651.31 "
37180,OTHER,,6,"$6,708.22 ","$5,366.58 "
,TOTAL,,6,"$6,708.22 ","$5,366.58 "
37181,80'S,,3,$750.96 ,$600.76 
,OTHER,,10,"$12,713.84 ","$10,171.08 "
,TOTAL,,13,"$13,464.80 ","$10,771.84 "
37182,80'S,,2,$148.49 ,$118.79 
,OTHER,,"1,424","$1,214,353.08 ","$961,266.14 "
,TOTAL,,"1,426","$1,214,501.57 ","$961,384.93 "
37183,OTHER,,638,"$266,164.64 ","$210,309.85 "
,TOTAL,,638,"$266,164.64 ","$210,309.85 "
37184,OTHER,,"2,970","$1,307,677.20 ","$1,040,929.48 "
,TOTAL,,"2,970","$1,307,677.20 ","$1,040,929.48 "
37185,OTHER,,783,"$136,054.71 ","$108,433.91 "
,TOTAL,,783,"$136,054.71 ","$108,433.91 "
37186,OTHER,,"1,153","$319,127.22 ","$254,617.15 "
,TOTAL,,"1,153","$319,127.22 ","$254,617.15 "
37187,OTHER,,"1,676","$1,649,303.90 ","$1,316,967.20 "
,TOTAL,,"1,676","$1,649,303.90 ","$1,316,967.20 "
37188,OTHER,,145,"$40,762.22 ","$32,609.88 "
,TOTAL,,145,"$40,762.22 ","$32,609.88 "
37195,OTHER,,14,"$4,183.49 ","$3,346.79 "
,TOTAL,,14,"$4,183.49 ","$3,346.79 "
37200,OTHER,,"2,941","$668,955.78 ","$526,374.11 "
,TOTAL,,"2,941","$668,955.78 ","$526,374.11 "
37201,OTHER,,"12,846","$2,545,415.94 ","$2,021,979.65 "
,TOTAL,,"12,846","$2,545,415.94 ","$2,021,979.65 "
37202,OTHER,,"16,633","$3,828,251.23 ","$3,042,938.12 "
,TOTAL,,"16,633","$3,828,251.23 ","$3,042,938.12 "
37203,OTHER,,"3,163","$816,078.90 ","$647,295.18 "
,TOTAL,,"3,163","$816,078.90 ","$647,295.18 "
37204,80'S,,1,$76.65 ,$61.32 
,OTHER,,"20,665","$18,523,389.08 ","$14,721,462.94 "
,TOTAL,,"20,666","$18,523,465.73 ","$14,721,524.26 "
37205,80'S,,162,"$11,104.37 ","$8,877.17 "
,OTHER,,"108,518","$44,342,095.17 ","$35,235,055.46 "
,TOTAL,,"108,680","$44,353,199.54 ","$35,243,932.63 "
37206,80'S,,56,"$2,013.12 ","$1,607.54 "
,OTHER,,"29,956","$6,605,399.75 ","$5,258,135.94 "
,TOTAL,,"30,012","$6,607,412.87 ","$5,259,743.48 "
37207,80'S,,417,"$20,661.92 ","$16,382.56 "
,OTHER,,"5,380","$1,700,761.90 ","$1,352,181.33 "
,TOTAL,,"5,797","$1,721,423.82 ","$1,368,563.89 "
37208,80'S,,129,"$4,669.62 ","$3,735.79 "
,OTHER,,"1,482","$318,781.86 ","$253,313.65 "
,TOTAL,,"1,611","$323,451.48 ","$257,049.44 "
37209,OTHER,,"2,434","$208,389.54 ","$165,348.43 "
,TOTAL,,"2,434","$208,389.54 ","$165,348.43 "
37215,80'S,,110,"$20,040.52 ","$16,032.44 "
,OTHER,,"10,421","$10,916,333.74 ","$8,690,830.62 "
,TOTAL,,"10,531","$10,936,374.26 ","$8,706,863.06 "
37216,OTHER,,54,"$51,965.72 ","$41,556.48 "
,TOTAL,,54,"$51,965.72 ","$41,556.48 "
37250,80'S,,9,$159.26 ,$127.40 
,OTHER,,"5,226","$602,396.87 ","$479,623.65 "
,TOTAL,,"5,235","$602,556.13 ","$479,751.05 "
37251,80'S,,4,$53.38 ,$42.70 
,OTHER,,"3,717","$323,230.56 ","$256,598.94 "
,TOTAL,,"3,721","$323,283.94 ","$256,641.64 "
37500,SG,,7,"$3,125.49 ","$2,500.38 "
,80'S,,1,$138.57 ,$110.86 
,OTHER,,522,"$359,454.42 ","$282,788.03 "
,TOTAL,,530,"$362,718.48 ","$285,399.27 "
37501,OTHER,,149,"$52,416.46 ","$41,254.28 "
,TOTAL,,149,"$52,416.46 ","$41,254.28 "
37565,80'S,,1,$130.69 ,$104.55 
,OTHER,,104,"$56,968.54 ","$45,441.35 "
,TOTAL,,105,"$57,099.23 ","$45,545.90 "
37600,80'S,,20,"$1,348.62 ","$1,078.85 "
,OTHER,,175,"$61,784.20 ","$49,090.12 "
,TOTAL,,195,"$63,132.82 ","$50,168.97 "
37605,80'S,,21,"$2,108.17 ","$1,686.53 "
,OTHER,,140,"$74,173.33 ","$59,299.00 "
,TOTAL,,161,"$76,281.50 ","$60,985.53 "
37606,OTHER,,19,"$6,807.13 ","$5,247.28 "
,TOTAL,,19,"$6,807.13 ","$5,247.28 "
37607,SG,,165,"$74,381.32 ","$58,520.87 "
,80'S,,1,$36.94 ,$29.55 
,OTHER,,"10,204","$3,307,957.14 ","$2,617,599.84 "
,TOTAL,,"10,370","$3,382,375.40 ","$2,676,150.26 "
37609,SG,,"2,401","$1,036,196.83 ","$822,246.49 "
,80'S,,2,$68.77 ,$55.02 
,OTHER,,"20,665","$4,543,234.50 ","$3,596,504.71 "
,TOTAL,,"23,068","$5,579,500.10 ","$4,418,806.22 "
37615,80'S,,7,$297.68 ,$238.15 
,OTHER,,76,"$21,293.13 ","$16,997.61 "
,TOTAL,,83,"$21,590.81 ","$17,235.76 "
37616,80'S,,25,"$2,436.29 ","$1,949.04 "
,OTHER,,104,"$69,343.94 ","$54,443.59 "
,TOTAL,,129,"$71,780.23 ","$56,392.63 "
37617,80'S,,123,"$20,278.25 ","$16,222.51 "
,OTHER,,632,"$636,562.15 ","$506,223.89 "
,TOTAL,,755,"$656,840.40 ","$522,446.40 "
37618,80'S,,55,"$1,929.04 ","$1,520.46 "
,OTHER,,959,"$233,465.08 ","$185,530.08 "
,TOTAL,,"1,014","$235,394.12 ","$187,050.54 "
37620,80'S,,2,$165.03 ,$123.06 
,OTHER,,"63,048","$40,980,557.36 ","$32,649,607.39 "
,TOTAL,,"63,050","$40,980,722.39 ","$32,649,730.45 "
37650,SG,,1,$237.08 ,$189.66 
,OTHER,,109,"$45,015.01 ","$35,603.04 "
,TOTAL,,110,"$45,252.09 ","$35,792.70 "
37660,80'S,,13,"$2,118.30 ","$1,694.64 "
,OTHER,,64,"$60,766.71 ","$48,613.37 "
,TOTAL,,77,"$62,885.01 ","$50,308.01 "
37700,SG,,116,"$45,982.82 ","$36,187.01 "
,80'S,,4,$154.80 ,$123.84 
,OTHER,,"1,681","$290,227.04 ","$227,728.95 "
,TOTAL,,"1,801","$336,364.66 ","$264,039.80 "
37718,SG,,67,"$30,380.20 ","$23,918.42 "
,OTHER,,500,"$158,876.72 ","$126,055.09 "
,TOTAL,,567,"$189,256.92 ","$149,973.51 "
37722,SG,,221,"$106,155.43 ","$83,437.30 "
,OTHER,,"2,344","$996,080.98 ","$786,676.27 "
,TOTAL,,"2,565","$1,102,236.41 ","$870,113.57 "
37735,SG,,23,"$12,079.49 ","$9,465.17 "
,80'S,,6,$616.47 ,$493.18 
,OTHER,,230,"$137,264.68 ","$108,712.53 "
,TOTAL,,259,"$149,960.64 ","$118,670.88 "
37760,SG,,130,"$53,220.58 ","$42,085.61 "
,80'S,,28,"$2,623.69 ","$2,098.93 "
,OTHER,,"1,870","$1,008,469.64 ","$798,290.24 "
,TOTAL,,"2,028","$1,064,313.91 ","$842,474.78 "
37765,80'S,,1,$111.53 ,$89.22 
,OTHER,,"8,344","$3,037,868.32 ","$2,388,490.15 "
,TOTAL,,"8,345","$3,037,979.85 ","$2,388,579.37 "
37766,OTHER,,"4,942","$2,280,782.31 ","$1,794,311.59 "
,TOTAL,,"4,942","$2,280,782.31 ","$1,794,311.59 "
37780,SG,,18,"$8,940.92 ","$7,010.49 "
,OTHER,,276,"$51,505.36 ","$40,360.99 "
,TOTAL,,294,"$60,446.28 ","$47,371.48 "
37785,SG,,522,"$229,349.97 ","$180,803.66 "
,OTHER,,"3,332","$767,753.04 ","$603,690.89 "
,TOTAL,,"3,854","$997,103.01 ","$784,494.55 "
37788,OTHER,,2,"$2,404.54 ","$1,923.64 "
,TOTAL,,2,"$2,404.54 ","$1,923.64 "
37790,OTHER,,8,"$2,020.96 ","$1,616.77 "
,TOTAL,,8,"$2,020.96 ","$1,616.77 "
37799,80'S,,57,"$9,448.38 ","$7,558.68 "
,OTHER,,"3,177","$1,381,616.48 ","$1,099,723.69 "
,TOTAL,,"3,234","$1,391,064.86 ","$1,107,282.37 "
38100,80'S,LYMPHATIC,893,"$101,261.56 ","$80,268.25 "
,OTHER,,"3,699","$2,496,139.57 ","$1,978,679.93 "
,TOTAL,,"4,592","$2,597,401.13 ","$2,058,948.18 "
38101,80'S,,9,"$1,002.27 ",$801.80 
,OTHER,,35,"$23,667.32 ","$18,674.42 "
,TOTAL,,44,"$24,669.59 ","$19,476.22 "
38102,80'S,,157,"$6,755.31 ","$5,345.34 "
,OTHER,,723,"$184,658.33 ","$146,026.65 "
,TOTAL,,880,"$191,413.64 ","$151,371.99 "
38115,80'S,,50,"$4,584.63 ","$3,667.69 "
,OTHER,,233,"$136,552.14 ","$107,620.31 "
,TOTAL,,283,"$141,136.77 ","$111,288.00 "
38120,80'S,,357,"$55,510.54 ","$44,252.25 "
,OTHER,,"1,134","$1,050,316.44 ","$833,761.18 "
,TOTAL,,"1,491","$1,105,826.98 ","$878,013.43 "
38129,80'S,,1,$141.37 ,$113.10 
,OTHER,,19,"$9,103.62 ","$7,282.90 "
,TOTAL,,20,"$9,244.99 ","$7,396.00 "
38200,OTHER,,83,"$5,937.80 ","$4,695.94 "
,TOTAL,,83,"$5,937.80 ","$4,695.94 "
38205,OTHER,,170,"$14,084.30 ","$11,243.84 "
,TOTAL,,170,"$14,084.30 ","$11,243.84 "
38206,OTHER,,"2,231","$185,610.38 ","$147,591.43 "
,TOTAL,,"2,231","$185,610.38 ","$147,591.43 "
38220,80'S,,224,"$1,286.34 ","$1,024.73 "
,OTHER,,"48,538","$3,397,101.75 ","$2,667,861.35 "
,TOTAL,,"48,762","$3,398,388.09 ","$2,668,886.08 "
38221,80'S,,3,$57.77 ,$46.21 
,OTHER,,"135,291","$19,098,502.62 ","$15,038,046.56 "
,TOTAL,,"135,294","$19,098,560.39 ","$15,038,092.77 "
38230,80'S,,11,$296.08 ,$235.99 
,OTHER,,465,"$78,752.74 ","$62,747.59 "
,TOTAL,,476,"$79,048.82 ","$62,983.58 "
38240,80'S,,2,$19.58 ,$15.66 
,OTHER,,259,"$33,310.82 ","$26,351.74 "
,TOTAL,,261,"$33,330.40 ","$26,367.40 "
38241,OTHER,,948,"$118,794.43 ","$94,317.01 "
,TOTAL,,948,"$118,794.43 ","$94,317.01 "
38242,OTHER,,48,"$4,620.39 ","$3,590.26 "
,TOTAL,,48,"$4,620.39 ","$3,590.26 "
38300,SG,,2,$673.68 ,$538.95 
,OTHER,,171,"$28,247.15 ","$21,886.79 "
,TOTAL,,173,"$28,920.83 ","$22,425.74 "
38305,SG,,1,$421.32 ,$337.06 
,OTHER,,201,"$71,556.21 ","$55,768.45 "
,TOTAL,,202,"$71,977.53 ","$56,105.51 "
38308,SG,,24,"$6,414.45 ","$5,118.48 "
,80'S,,125,"$5,423.54 ","$4,338.82 "
,OTHER,,"1,439","$438,854.68 ","$348,171.95 "
,TOTAL,,"1,588","$450,692.67 ","$357,629.25 "
38380,80'S,,5,$324.06 ,$259.24 
,OTHER,,43,"$13,876.99 ","$11,101.57 "
,TOTAL,,48,"$14,201.05 ","$11,360.81 "
38381,80'S,,17,"$1,604.98 ","$1,283.99 "
,OTHER,,197,"$101,848.18 ","$81,295.30 "
,TOTAL,,214,"$103,453.16 ","$82,579.29 "
38382,80'S,,3,$246.24 ,$189.13 
,OTHER,,6,"$2,757.67 ","$2,206.13 "
,TOTAL,,9,"$3,003.91 ","$2,395.26 "
38500,SG,,905,"$357,959.02 ","$282,421.34 "
,80'S,,3,$78.28 ,$62.62 
,OTHER,,"13,716","$2,588,555.43 ","$2,046,442.13 "
,TOTAL,,"14,624","$2,946,592.73 ","$2,328,926.09 "
38505,SG,,99,"$28,914.36 ","$23,131.36 "
,80'S,,3,$27.75 ,$22.20 
,OTHER,,"9,134","$795,218.59 ","$621,752.46 "
,TOTAL,,"9,236","$824,160.70 ","$644,906.02 "
38510,SG,,"1,052","$440,638.29 ","$347,670.41 "
,OTHER,,"9,649","$3,523,573.19 ","$2,782,150.71 "
,TOTAL,,"10,701","$3,964,211.48 ","$3,129,821.12 "
38520,SG,,38,"$15,267.67 ","$12,042.44 "
,OTHER,,910,"$369,853.45 ","$293,715.97 "
,TOTAL,,948,"$385,121.12 ","$305,758.41 "
38525,SG,,"2,087","$626,513.60 ","$497,066.70 "
,80'S,,7,$248.74 ,$198.98 
,OTHER,,"35,774","$9,199,374.19 ","$7,303,922.90 "
,TOTAL,,"37,868","$9,826,136.53 ","$7,801,188.58 "
38530,SG,,9,"$2,413.30 ","$1,896.13 "
,80'S,,66,"$3,457.18 ","$2,765.69 "
,OTHER,,339,"$110,365.24 ","$87,915.02 "
,TOTAL,,414,"$116,235.72 ","$92,576.84 "
38542,SG,,57,"$21,938.94 ","$17,270.31 "
,80'S,,124,"$6,240.66 ","$4,943.09 "
,OTHER,,"1,263","$401,566.19 ","$318,695.70 "
,TOTAL,,"1,444","$429,745.79 ","$340,909.10 "
38550,SG,,5,"$2,538.11 ","$1,931.28 "
,80'S,,1,$67.68 ,$54.14 
,OTHER,,119,"$38,218.57 ","$30,208.35 "
,TOTAL,,125,"$40,824.36 ","$32,193.77 "
38555,SG,,1,$581.82 ,$465.46 
,80'S,,4,$603.01 ,$482.41 
,OTHER,,64,"$52,191.95 ","$41,718.91 "
,TOTAL,,69,"$53,376.78 ","$42,666.78 "
38562,80'S,,227,"$18,101.15 ","$14,372.96 "
,OTHER,,"1,184","$541,599.50 ","$430,057.40 "
,TOTAL,,"1,411","$559,700.65 ","$444,430.36 "
38564,80'S,,97,"$6,383.87 ","$5,107.17 "
,OTHER,,407,"$167,063.66 ","$133,599.82 "
,TOTAL,,504,"$173,447.53 ","$138,706.99 "
38570,SG,,5,"$6,981.92 ","$5,585.54 "
,80'S,,263,"$12,662.55 ","$9,965.03 "
,OTHER,,833,"$297,811.10 ","$235,153.50 "
,TOTAL,,"1,101","$317,455.57 ","$250,704.07 "
38571,SG,,1,"$1,474.71 ","$1,179.77 "
,80'S,,720,"$53,629.79 ","$42,653.28 "
,OTHER,,"2,660","$1,223,299.81 ","$970,260.76 "
,TOTAL,,"3,381","$1,278,404.31 ","$1,014,093.81 "
38572,80'S,,151,"$16,431.77 ","$13,145.36 "
,OTHER,,516,"$321,138.18 ","$255,056.86 "
,TOTAL,,667,"$337,569.95 ","$268,202.22 "
38589,80'S,,8,$454.66 ,$363.73 
,OTHER,,65,"$21,186.28 ","$16,949.02 "
,TOTAL,,73,"$21,640.94 ","$17,312.75 "
38700,80'S,,107,"$7,563.12 ","$6,001.81 "
,OTHER,,825,"$342,326.73 ","$271,980.41 "
,TOTAL,,932,"$349,889.85 ","$277,982.22 "
38720,80'S,,149,"$19,756.02 ","$15,742.64 "
,OTHER,,817,"$628,467.07 ","$495,721.55 "
,TOTAL,,966,"$648,223.09 ","$511,464.19 "
38724,80'S,,746,"$98,026.97 ","$78,123.27 "
,OTHER,,"4,631","$3,681,382.63 ","$2,924,330.56 "
,TOTAL,,"5,377","$3,779,409.60 ","$3,002,453.83 "
38740,SG,,142,"$43,053.81 ","$34,110.60 "
,80'S,,146,"$13,517.02 ","$10,773.12 "
,OTHER,,"2,646","$1,463,599.88 ","$1,160,224.41 "
,TOTAL,,"2,934","$1,520,170.71 ","$1,205,108.13 "
38745,SG,,116,"$72,162.60 ","$57,452.06 "
,80'S,,243,"$29,924.00 ","$23,556.06 "
,OTHER,,"3,706","$2,657,795.20 ","$2,111,378.07 "
,TOTAL,,"4,065","$2,759,881.80 ","$2,192,386.19 "
38746,80'S,,"1,924","$84,596.53 ","$67,322.36 "
,OTHER,,"13,555","$3,302,163.58 ","$2,627,178.07 "
,TOTAL,,"15,479","$3,386,760.11 ","$2,694,500.43 "
38747,80'S,,384,"$17,415.66 ","$13,862.15 "
,OTHER,,"1,977","$520,519.85 ","$414,308.50 "
,TOTAL,,"2,361","$537,935.51 ","$428,170.65 "
38760,SG,,89,"$32,029.09 ","$25,448.09 "
,80'S,,114,"$13,262.60 ","$10,526.42 "
,OTHER,,"1,831","$1,315,794.53 ","$1,041,201.60 "
,TOTAL,,"2,034","$1,361,086.22 ","$1,077,176.11 "
38765,80'S,,42,"$7,328.39 ","$5,862.70 "
,OTHER,,227,"$244,497.43 ","$193,428.21 "
,TOTAL,,269,"$251,825.82 ","$199,290.91 "
38770,80'S,,481,"$49,595.78 ","$39,525.99 "
,OTHER,,"1,717","$1,131,162.08 ","$894,674.72 "
,TOTAL,,"2,198","$1,180,757.86 ","$934,200.71 "
38780,80'S,,180,"$25,352.74 ","$20,201.48 "
,OTHER,,497,"$397,210.13 ","$314,314.36 "
,TOTAL,,677,"$422,562.87 ","$334,515.84 "
38790,OTHER,,"1,800","$121,339.26 ","$96,177.28 "
,TOTAL,,"1,800","$121,339.26 ","$96,177.28 "
38792,80'S,,3,$41.80 ,$33.44 
,OTHER,,"37,729","$911,696.16 ","$723,426.78 "
,TOTAL,,"37,732","$911,737.96 ","$723,460.22 "
38794,OTHER,,7,"$1,300.12 ","$1,040.10 "
,TOTAL,,7,"$1,300.12 ","$1,040.10 "
38999,80'S,,10,$612.55 ,$490.05 
,OTHER,,306,"$87,922.23 ","$70,337.62 "
,TOTAL,,316,"$88,534.78 ","$70,827.67 "
39000,80'S,MEDIASTINUM,65,"$3,507.19 ","$2,750.01 "
,OTHER,,943,"$330,117.84 ","$262,442.00 "
,TOTAL,,"1,008","$333,625.03 ","$265,192.01 "
39010,80'S,,251,"$24,788.13 ","$19,630.16 "
,OTHER,,"2,507","$1,329,061.32 ","$1,056,651.11 "
,TOTAL,,"2,758","$1,353,849.45 ","$1,076,281.27 "
39200,80'S,,14,"$1,383.73 ","$1,106.98 "
,OTHER,,112,"$65,975.02 ","$52,466.04 "
,TOTAL,,126,"$67,358.75 ","$53,573.02 "
39220,80'S,,104,"$14,083.85 ","$11,135.81 "
,OTHER,,606,"$506,209.09 ","$401,976.40 "
,TOTAL,,710,"$520,292.94 ","$413,112.21 "
39400,80'S,,4,$272.34 ,$217.86 
,OTHER,,"13,690","$5,133,806.82 ","$4,074,002.13 "
,TOTAL,,"13,694","$5,134,079.16 ","$4,074,219.99 "
39499,OTHER,,21,"$8,676.77 ","$6,941.42 "
,TOTAL,,21,"$8,676.77 ","$6,941.42 "
39501,80'S,,40,"$3,561.68 ","$2,849.37 "
,OTHER,,344,"$165,659.68 ","$131,393.46 "
,TOTAL,,384,"$169,221.36 ","$134,242.83 "
39502,80'S,,676,"$92,889.42 ","$73,750.90 "
,OTHER,,"2,418","$1,956,430.66 ","$1,551,377.05 "
,TOTAL,,"3,094","$2,049,320.08 ","$1,625,127.95 "
39503,80'S,,1,$795.48 ,$636.38 
,OTHER,,6,"$15,037.76 ","$12,030.21 "
,TOTAL,,7,"$15,833.24 ","$12,666.59 "
39520,80'S,,102,"$11,388.41 ","$9,057.13 "
,OTHER,,375,"$256,268.23 ","$202,477.62 "
,TOTAL,,477,"$267,656.64 ","$211,534.75 "
39530,80'S,,32,"$3,512.91 ","$2,761.20 "
,OTHER,,110,"$72,372.60 ","$56,372.49 "
,TOTAL,,142,"$75,885.51 ","$59,133.69 "
39531,80'S,,2,$235.25 ,$176.45 
,OTHER,,15,"$11,289.14 ","$9,031.32 "
,TOTAL,,17,"$11,524.39 ","$9,207.77 "
39540,80'S,,23,"$2,326.04 ","$1,761.76 "
,OTHER,,89,"$50,469.30 ","$39,993.82 "
,TOTAL,,112,"$52,795.34 ","$41,755.58 "
39541,80'S,,61,"$6,426.30 ","$5,141.07 "
,OTHER,,224,"$142,722.12 ","$114,336.94 "
,TOTAL,,285,"$149,148.42 ","$119,478.01 "
39545,80'S,,22,"$2,295.26 ","$1,836.22 "
,OTHER,,137,"$87,270.63 ","$68,574.46 "
,TOTAL,,159,"$89,565.89 ","$70,410.68 "
39560,80'S,,82,"$5,551.71 ","$4,441.36 "
,OTHER,,395,"$159,929.80 ","$127,240.84 "
,TOTAL,,477,"$165,481.51 ","$131,682.20 "
39561,80'S,,53,"$6,649.64 ","$5,256.28 "
,OTHER,,208,"$149,696.60 ","$119,757.30 "
,TOTAL,,261,"$156,346.24 ","$125,013.58 "
39599,80'S,,102,"$16,539.96 ","$13,232.01 "
,OTHER,,448,"$362,184.83 ","$288,975.53 "
,TOTAL,,550,"$378,724.79 ","$302,207.54 "
40490,OTHER,DIGESTIVE,"32,182","$3,244,449.13 ","$2,446,833.84 "
,TOTAL,,"32,182","$3,244,449.13 ","$2,446,833.84 "
40500,SG,,74,"$29,773.04 ","$23,166.11 "
,OTHER,,592,"$199,875.83 ","$155,971.62 "
,TOTAL,,666,"$229,648.87 ","$179,137.73 "
40510,SG,,205,"$82,202.44 ","$64,858.23 "
,OTHER,,"1,309","$470,549.76 ","$371,278.10 "
,TOTAL,,"1,514","$552,752.20 ","$436,136.33 "
40520,SG,,187,"$77,162.41 ","$61,226.43 "
,OTHER,,"1,681","$619,630.58 ","$487,823.65 "
,TOTAL,,"1,868","$696,792.99 ","$549,050.08 "
40525,SG,,88,"$36,076.72 ","$28,371.09 "
,OTHER,,366,"$174,262.14 ","$137,638.08 "
,TOTAL,,454,"$210,338.86 ","$166,009.17 "
40527,SG,,8,"$3,275.15 ","$2,620.13 "
,OTHER,,93,"$53,267.66 ","$42,271.37 "
,TOTAL,,101,"$56,542.81 ","$44,891.50 "
40530,SG,,68,"$22,232.12 ","$17,731.04 "
,OTHER,,246,"$75,299.48 ","$59,719.09 "
,TOTAL,,314,"$97,531.60 ","$77,450.13 "
40650,SG,,18,"$8,751.89 ","$6,937.60 "
,OTHER,,300,"$81,617.19 ","$64,247.86 "
,TOTAL,,318,"$90,369.08 ","$71,185.46 "
40652,SG,,15,"$6,884.97 ","$5,507.97 "
,OTHER,,209,"$72,068.99 ","$56,443.59 "
,TOTAL,,224,"$78,953.96 ","$61,951.56 "
40654,SG,,68,"$29,789.76 ","$23,551.43 "
,OTHER,,601,"$242,619.78 ","$191,706.63 "
,TOTAL,,669,"$272,409.54 ","$215,258.06 "
40700,SG,,1,$812.95 ,$650.36 
,OTHER,,7,"$2,073.00 ","$1,591.29 "
,TOTAL,,8,"$2,885.95 ","$2,241.65 "
40701,OTHER,,2,"$1,616.01 ","$1,292.81 "
,TOTAL,,2,"$1,616.01 ","$1,292.81 "
40702,OTHER,,3,$940.82 ,$402.73 
,TOTAL,,3,$940.82 ,$402.73 
40720,SG,,2,"$1,973.03 ","$1,578.43 "
,OTHER,,13,"$12,587.09 ","$9,066.65 "
,TOTAL,,15,"$14,560.12 ","$10,645.08 "
40761,SG,,2,$987.76 ,$790.21 
,OTHER,,14,"$13,141.88 ","$10,513.50 "
,TOTAL,,16,"$14,129.64 ","$11,303.71 "
40799,OTHER,,8,"$1,945.88 ","$1,556.70 "
,TOTAL,,8,"$1,945.88 ","$1,556.70 "
40800,OTHER,,997,"$139,249.50 ","$104,346.06 "
,TOTAL,,997,"$139,249.50 ","$104,346.06 "
40801,SG,,13,"$5,650.57 ","$4,520.47 "
,OTHER,,446,"$97,271.06 ","$75,336.42 "
,TOTAL,,459,"$102,921.63 ","$79,856.89 "
40804,OTHER,,90,"$13,412.79 ","$10,291.68 "
,TOTAL,,90,"$13,412.79 ","$10,291.68 "
40805,OTHER,,73,"$14,484.81 ","$11,440.90 "
,TOTAL,,73,"$14,484.81 ","$11,440.90 "
40806,OTHER,,21,"$1,232.58 ",$903.38 
,TOTAL,,21,"$1,232.58 ",$903.38 
40808,OTHER,,"8,501","$1,072,157.06 ","$817,798.31 "
,TOTAL,,"8,501","$1,072,157.06 ","$817,798.31 "
40810,OTHER,,"2,266","$325,341.62 ","$248,276.84 "
,TOTAL,,"2,266","$325,341.62 ","$248,276.84 "
40812,OTHER,,"7,533","$1,645,426.49 ","$1,271,643.74 "
,TOTAL,,"7,533","$1,645,426.49 ","$1,271,643.74 "
40814,SG,,144,"$59,949.37 ","$47,278.20 "
,OTHER,,"1,670","$516,028.37 ","$404,071.41 "
,TOTAL,,"1,814","$575,977.74 ","$451,349.61 "
40816,SG,,35,"$14,803.29 ","$11,842.64 "
,OTHER,,847,"$245,226.56 ","$192,814.46 "
,TOTAL,,882,"$260,029.85 ","$204,657.10 "
40818,SG,,27,"$4,668.53 ","$3,688.99 "
,80'S,,4,$179.43 ,$143.54 
,OTHER,,225,"$38,480.12 ","$30,018.11 "
,TOTAL,,256,"$43,328.08 ","$33,850.64 "
40819,SG,,13,"$3,596.20 ","$2,876.95 "
,OTHER,,142,"$30,027.25 ","$22,499.30 "
,TOTAL,,155,"$33,623.45 ","$25,376.25 "
40820,OTHER,,996,"$169,536.29 ","$129,665.79 "
,TOTAL,,996,"$169,536.29 ","$129,665.79 "
40830,OTHER,,370,"$52,992.18 ","$41,442.87 "
,TOTAL,,370,"$52,992.18 ","$41,442.87 "
40831,SG,,3,"$1,029.49 ",$823.58 
,OTHER,,191,"$34,686.36 ","$27,278.13 "
,TOTAL,,194,"$35,715.85 ","$28,101.71 "
40840,SG,,2,$643.22 ,$514.58 
,80'S,,3,$159.34 ,$127.47 
,OTHER,,52,"$24,462.52 ","$19,570.01 "
,TOTAL,,57,"$25,265.08 ","$20,212.06 "
40842,SG,,2,$996.70 ,$797.36 
,OTHER,,9,"$4,917.11 ","$3,933.70 "
,TOTAL,,11,"$5,913.81 ","$4,731.06 "
40843,OTHER,,5,"$3,856.23 ","$3,084.98 "
,TOTAL,,5,"$3,856.23 ","$3,084.98 "
40844,SG,,1,$716.28 ,$573.02 
,OTHER,,8,"$8,159.20 ","$6,527.36 "
,TOTAL,,9,"$8,875.48 ","$7,100.38 "
40845,SG,,1,$687.85 ,$550.28 
,80'S,,14,"$2,507.80 ","$2,006.28 "
,OTHER,,64,"$58,244.05 ","$45,995.76 "
,TOTAL,,79,"$61,439.70 ","$48,552.32 "
40899,OTHER,,31,"$7,716.01 ","$6,132.78 "
,TOTAL,,31,"$7,716.01 ","$6,132.78 "
41000,OTHER,,152,"$17,536.26 ","$13,482.30 "
,TOTAL,,152,"$17,536.26 ","$13,482.30 "
41005,SG,,3,$795.87 ,$537.49 
,80'S,,1,$11.35 ,$9.08 
,OTHER,,60,"$7,828.85 ","$6,251.97 "
,TOTAL,,64,"$8,636.07 ","$6,798.54 "
41006,SG,,1,$330.59 ,$264.47 
,OTHER,,48,"$10,652.72 ","$8,269.07 "
,TOTAL,,49,"$10,983.31 ","$8,533.54 "
41007,SG,,1,$346.16 ,$276.93 
,OTHER,,35,"$8,435.08 ","$6,549.66 "
,TOTAL,,36,"$8,781.24 ","$6,826.59 "
41008,SG,,1,$345.42 ,$276.34 
,80'S,,1,$21.20 ,$16.96 
,OTHER,,132,"$32,873.82 ","$25,474.38 "
,TOTAL,,134,"$33,240.44 ","$25,767.68 "
41009,OTHER,,172,"$49,681.72 ","$38,933.80 "
,TOTAL,,172,"$49,681.72 ","$38,933.80 "
41010,SG,,1,$322.79 ,$258.23 
,OTHER,,40,"$4,852.05 ","$3,665.44 "
,TOTAL,,41,"$5,174.84 ","$3,923.67 "
41015,SG,,2,$710.70 ,$568.56 
,OTHER,,51,"$11,064.90 ","$8,805.61 "
,TOTAL,,53,"$11,775.60 ","$9,374.17 "
41016,SG,,2,$494.90 ,$395.92 
,OTHER,,114,"$29,069.97 ","$22,694.08 "
,TOTAL,,116,"$29,564.87 ","$23,090.00 "
41017,SG,,2,$665.53 ,$532.43 
,80'S,,1,$53.98 ,$43.18 
,OTHER,,178,"$52,397.09 ","$41,435.59 "
,TOTAL,,181,"$53,116.60 ","$42,011.20 "
41018,OTHER,,77,"$25,766.22 ","$20,459.95 "
,TOTAL,,77,"$25,766.22 ","$20,459.95 "
41100,OTHER,,"6,651","$964,170.68 ","$737,942.68 "
,TOTAL,,"6,651","$964,170.68 ","$737,942.68 "
41105,OTHER,,"1,901","$216,914.10 ","$167,713.93 "
,TOTAL,,"1,901","$216,914.10 ","$167,713.93 "
41108,OTHER,,"2,157","$221,915.23 ","$168,253.25 "
,TOTAL,,"2,157","$221,915.23 ","$168,253.25 "
41110,OTHER,,"1,551","$229,968.90 ","$176,598.72 "
,TOTAL,,"1,551","$229,968.90 ","$176,598.72 "
41112,SG,,331,"$135,465.43 ","$106,620.46 "
,OTHER,,"4,203","$1,056,121.18 ","$824,123.75 "
,TOTAL,,"4,534","$1,191,586.61 ","$930,744.21 "
41113,SG,,115,"$46,510.90 ","$36,865.40 "
,OTHER,,"1,058","$289,327.29 ","$226,272.90 "
,TOTAL,,"1,173","$335,838.19 ","$263,138.30 "
41114,SG,,31,"$12,533.95 ","$9,519.15 "
,80'S,,1,$49.84 ,$39.87 
,OTHER,,214,"$114,837.19 ","$90,766.06 "
,TOTAL,,246,"$127,420.98 ","$100,325.08 "
41115,OTHER,,47,"$7,379.05 ","$5,504.81 "
,TOTAL,,47,"$7,379.05 ","$5,504.81 "
41116,SG,,105,"$30,577.01 ","$23,690.89 "
,OTHER,,"1,392","$265,569.61 ","$206,612.46 "
,TOTAL,,"1,497","$296,146.62 ","$230,303.35 "
41120,SG,,100,"$69,718.34 ","$55,641.09 "
,80'S,,85,"$11,141.47 ","$8,913.23 "
,OTHER,,"1,490","$1,344,882.68 ","$1,065,994.30 "
,TOTAL,,"1,675","$1,425,742.49 ","$1,130,548.62 "
41130,80'S,,31,"$4,387.51 ","$3,502.44 "
,OTHER,,294,"$290,698.96 ","$231,748.39 "
,TOTAL,,325,"$295,086.47 ","$235,250.83 "
41135,80'S,,33,"$9,338.43 ","$7,309.52 "
,OTHER,,315,"$531,631.46 ","$422,764.55 "
,TOTAL,,348,"$540,969.89 ","$430,074.07 "
41140,80'S,,3,$775.53 ,$620.42 
,OTHER,,27,"$48,465.52 ","$38,673.22 "
,TOTAL,,30,"$49,241.05 ","$39,293.64 "
41145,80'S,,2,$717.10 ,$573.68 
,OTHER,,35,"$80,469.42 ","$64,375.55 "
,TOTAL,,37,"$81,186.52 ","$64,949.23 "
41150,80'S,,28,"$7,877.15 ","$6,301.69 "
,OTHER,,248,"$441,097.58 ","$348,846.67 "
,TOTAL,,276,"$448,974.73 ","$355,148.36 "
41153,80'S,,22,"$6,015.71 ","$4,785.58 "
,OTHER,,152,"$273,054.91 ","$218,314.65 "
,TOTAL,,174,"$279,070.62 ","$223,100.23 "
41155,80'S,,36,"$12,191.25 ","$9,752.99 "
,OTHER,,467,"$931,396.16 ","$740,339.36 "
,TOTAL,,503,"$943,587.41 ","$750,092.35 "
41250,SG,,2,$859.58 ,$687.67 
,OTHER,,588,"$73,958.68 ","$57,310.31 "
,TOTAL,,590,"$74,818.26 ","$57,997.98 "
41251,OTHER,,29,"$3,985.33 ","$3,143.53 "
,TOTAL,,29,"$3,985.33 ","$3,143.53 "
41252,SG,,5,"$1,534.93 ","$1,227.93 "
,80'S,,1,$39.63 ,$31.70 
,OTHER,,168,"$29,478.00 ","$23,326.83 "
,TOTAL,,174,"$31,052.56 ","$24,586.46 "
41500,OTHER,,5,"$1,582.66 ","$1,266.13 "
,TOTAL,,5,"$1,582.66 ","$1,266.13 "
41510,OTHER,,9,"$1,493.73 ","$1,194.99 "
,TOTAL,,9,"$1,493.73 ","$1,194.99 "
41520,SG,,4,"$1,571.22 ","$1,256.98 "
,OTHER,,54,"$13,441.81 ","$10,654.26 "
,TOTAL,,58,"$15,013.03 ","$11,911.24 "
41599,OTHER,,86,"$20,076.50 ","$15,850.97 "
,TOTAL,,86,"$20,076.50 ","$15,850.97 "
41800,SG,,260,"$91,018.38 ","$72,559.60 "
,OTHER,,456,"$43,066.62 ","$32,396.83 "
,TOTAL,,716,"$134,085.00 ","$104,956.43 "
41805,OTHER,,78,"$10,008.29 ","$7,495.00 "
,TOTAL,,78,"$10,008.29 ","$7,495.00 "
41806,OTHER,,112,"$22,151.80 ","$17,325.54 "
,TOTAL,,112,"$22,151.80 ","$17,325.54 "
41820,OTHER,,9,$869.21 ,$695.38 
,TOTAL,,9,$869.21 ,$695.38 
41822,OTHER,,16,"$3,121.86 ","$2,443.70 "
,TOTAL,,16,"$3,121.86 ","$2,443.70 "
41823,OTHER,,31,"$8,265.42 ","$6,385.74 "
,TOTAL,,31,"$8,265.42 ","$6,385.74 "
41825,OTHER,,825,"$111,660.98 ","$86,431.65 "
,TOTAL,,825,"$111,660.98 ","$86,431.65 "
41826,OTHER,,929,"$161,948.14 ","$124,976.38 "
,TOTAL,,929,"$161,948.14 ","$124,976.38 "
41827,SG,,16,"$6,651.86 ","$5,123.08 "
,OTHER,,387,"$86,921.09 ","$67,974.10 "
,TOTAL,,403,"$93,572.95 ","$73,097.18 "
41828,OTHER,,64,"$15,089.29 ","$12,043.61 "
,TOTAL,,64,"$15,089.29 ","$12,043.61 "
41830,OTHER,,85,"$20,852.65 ","$16,351.97 "
,TOTAL,,85,"$20,852.65 ","$16,351.97 "
41850,OTHER,,19,"$1,241.66 ",$993.33 
,TOTAL,,19,"$1,241.66 ",$993.33 
41872,OTHER,,5,$693.22 ,$554.57 
,TOTAL,,5,$693.22 ,$554.57 
41874,OTHER,,785,"$107,774.72 ","$85,379.29 "
,TOTAL,,785,"$107,774.72 ","$85,379.29 "
41899,80'S,,1,$18.14 ,$14.51 
,OTHER,,"4,364","$163,640.40 ","$130,694.93 "
,TOTAL,,"4,365","$163,658.54 ","$130,709.44 "
42000,SG,,3,"$1,279.21 ","$1,023.38 "
,OTHER,,87,"$10,093.75 ","$7,667.47 "
,TOTAL,,90,"$11,372.96 ","$8,690.85 "
42100,OTHER,,"3,077","$364,437.74 ","$276,984.47 "
,TOTAL,,"3,077","$364,437.74 ","$276,984.47 "
42104,OTHER,,"1,540","$217,393.35 ","$165,024.44 "
,TOTAL,,"1,540","$217,393.35 ","$165,024.44 "
42106,OTHER,,"1,237","$227,012.34 ","$175,268.75 "
,TOTAL,,"1,237","$227,012.34 ","$175,268.75 "
42107,SG,,27,"$10,693.47 ","$8,554.78 "
,OTHER,,169,"$55,436.00 ","$43,920.37 "
,TOTAL,,196,"$66,129.47 ","$52,475.15 "
42120,SG,,27,"$16,401.28 ","$13,021.85 "
,80'S,,28,"$2,066.12 ","$1,625.20 "
,OTHER,,513,"$285,358.75 ","$226,206.22 "
,TOTAL,,568,"$303,826.15 ","$240,853.27 "
42140,SG,,108,"$30,998.54 ","$24,481.12 "
,OTHER,,526,"$60,523.10 ","$46,794.49 "
,TOTAL,,634,"$91,521.64 ","$71,275.61 "
42145,SG,,246,"$160,429.88 ","$126,840.27 "
,OTHER,,"2,511","$1,363,746.43 ","$1,066,968.76 "
,TOTAL,,"2,757","$1,524,176.31 ","$1,193,809.03 "
42160,OTHER,,211,"$39,111.55 ","$30,595.20 "
,TOTAL,,211,"$39,111.55 ","$30,595.20 "
42180,OTHER,,18,"$2,906.48 ","$2,325.19 "
,TOTAL,,18,"$2,906.48 ","$2,325.19 "
42182,SG,,1,$419.17 ,$335.34 
,OTHER,,34,"$6,734.91 ","$5,387.92 "
,TOTAL,,35,"$7,154.08 ","$5,723.26 "
42200,SG,,1,$687.95 ,$550.36 
,OTHER,,20,"$14,649.68 ","$11,323.23 "
,TOTAL,,21,"$15,337.63 ","$11,873.59 "
42205,OTHER,,4,"$3,400.96 ","$2,720.76 "
,TOTAL,,4,"$3,400.96 ","$2,720.76 "
42210,OTHER,,10,"$9,832.48 ","$7,667.59 "
,TOTAL,,10,"$9,832.48 ","$7,667.59 "
42215,OTHER,,10,"$5,370.85 ","$4,296.67 "
,TOTAL,,10,"$5,370.85 ","$4,296.67 "
42220,OTHER,,2,"$1,069.87 ",$855.90 
,TOTAL,,2,"$1,069.87 ",$855.90 
42225,80'S,,1,$92.53 ,$74.02 
,OTHER,,11,"$9,501.04 ","$7,198.87 "
,TOTAL,,12,"$9,593.57 ","$7,272.89 "
42226,OTHER,,13,"$10,418.55 ","$8,244.74 "
,TOTAL,,13,"$10,418.55 ","$8,244.74 "
42227,OTHER,,5,"$5,087.34 ","$3,994.83 "
,TOTAL,,5,"$5,087.34 ","$3,994.83 "
42235,SG,,2,"$1,435.04 ","$1,148.03 "
,OTHER,,20,"$13,536.31 ","$10,666.42 "
,TOTAL,,22,"$14,971.35 ","$11,814.45 "
42260,80'S,,1,$60.87 ,$43.83 
,OTHER,,9,"$5,006.15 ","$3,875.28 "
,TOTAL,,10,"$5,067.02 ","$3,919.11 "
42280,OTHER,,81,"$9,108.34 ","$6,860.89 "
,TOTAL,,81,"$9,108.34 ","$6,860.89 "
42281,80'S,,1,$13.17 ,$10.54 
,OTHER,,49,"$4,047.64 ","$3,238.17 "
,TOTAL,,50,"$4,060.81 ","$3,248.71 "
42299,OTHER,,55,"$12,093.31 ","$9,674.68 "
,TOTAL,,55,"$12,093.31 ","$9,674.68 "
42300,SG,,4,$995.95 ,$796.76 
,OTHER,,300,"$48,843.99 ","$38,424.99 "
,TOTAL,,304,"$49,839.94 ","$39,221.75 "
42305,SG,,8,"$3,743.68 ","$2,994.96 "
,OTHER,,167,"$66,863.83 ","$53,455.67 "
,TOTAL,,175,"$70,607.51 ","$56,450.63 "
42310,SG,,5,"$1,459.01 ","$1,108.57 "
,OTHER,,99,"$12,779.60 ","$9,854.53 "
,TOTAL,,104,"$14,238.61 ","$10,963.10 "
42320,SG,,3,"$1,039.24 ",$831.40 
,OTHER,,61,"$9,741.18 ","$7,681.01 "
,TOTAL,,64,"$10,780.42 ","$8,512.41 "
42330,OTHER,,"1,206","$233,353.42 ","$179,418.84 "
,TOTAL,,"1,206","$233,353.42 ","$179,418.84 "
42335,OTHER,,457,"$126,780.41 ","$99,227.36 "
,TOTAL,,457,"$126,780.41 ","$99,227.36 "
42340,SG,,6,"$2,667.45 ","$2,133.96 "
,80'S,,2,$104.44 ,$83.55 
,OTHER,,91,"$31,147.42 ","$24,521.08 "
,TOTAL,,99,"$33,919.31 ","$26,738.59 "
42400,OTHER,,"2,108","$168,635.98 ","$131,076.94 "
,TOTAL,,"2,108","$168,635.98 ","$131,076.94 "
42405,SG,,58,"$23,409.44 ","$18,148.58 "
,OTHER,,674,"$155,528.31 ","$121,289.71 "
,TOTAL,,732,"$178,937.75 ","$139,438.29 "
42408,SG,,15,"$7,018.65 ","$5,614.91 "
,80'S,,2,$73.38 ,$58.71 
,OTHER,,122,"$40,335.07 ","$31,417.08 "
,TOTAL,,139,"$47,427.10 ","$37,090.70 "
42409,SG,,4,"$2,017.61 ","$1,614.09 "
,OTHER,,78,"$17,021.69 ","$13,114.42 "
,TOTAL,,82,"$19,039.30 ","$14,728.51 "
42410,SG,,106,"$52,117.06 ","$40,627.66 "
,80'S,,123,"$11,373.15 ","$9,067.75 "
,OTHER,,955,"$533,299.53 ","$421,214.64 "
,TOTAL,,"1,184","$596,789.74 ","$470,910.05 "
42415,SG,,200,"$195,653.44 ","$154,064.70 "
,80'S,,"1,038","$178,071.02 ","$140,798.33 "
,OTHER,,"4,724","$4,944,679.37 ","$3,913,831.11 "
,TOTAL,,"5,962","$5,318,403.83 ","$4,208,694.14 "
42420,SG,,96,"$94,053.34 ","$73,748.40 "
,80'S,,401,"$81,188.89 ","$64,132.59 "
,OTHER,,"1,636","$1,996,696.70 ","$1,582,375.30 "
,TOTAL,,"2,133","$2,171,938.93 ","$1,720,256.29 "
42425,SG,,6,"$5,804.10 ","$4,643.27 "
,80'S,,33,"$3,490.67 ","$2,792.55 "
,OTHER,,211,"$134,890.72 ","$107,354.93 "
,TOTAL,,250,"$144,185.49 ","$114,790.75 "
42426,80'S,,81,"$16,784.30 ","$13,303.54 "
,OTHER,,466,"$579,530.49 ","$459,447.41 "
,TOTAL,,547,"$596,314.79 ","$472,750.95 "
42440,SG,,293,"$144,675.31 ","$114,872.78 "
,80'S,,277,"$18,991.76 ","$15,001.04 "
,OTHER,,"2,448","$1,035,486.79 ","$818,633.23 "
,TOTAL,,"3,018","$1,199,153.86 ","$948,507.05 "
42450,SG,,16,"$5,732.71 ","$4,503.69 "
,80'S,,1,$26.92 ,$21.54 
,OTHER,,111,"$31,031.85 ","$24,431.72 "
,TOTAL,,128,"$36,791.48 ","$28,956.95 "
42500,SG,,8,"$3,838.45 ","$3,070.76 "
,OTHER,,174,"$52,045.24 ","$41,198.21 "
,TOTAL,,182,"$55,883.69 ","$44,268.97 "
42505,SG,,12,"$7,359.89 ","$5,357.09 "
,OTHER,,86,"$33,108.60 ","$26,465.18 "
,TOTAL,,98,"$40,468.49 ","$31,822.27 "
42507,SG,,1,$268.11 ,$214.49 
,OTHER,,6,"$3,076.82 ","$2,461.45 "
,TOTAL,,7,"$3,344.93 ","$2,675.94 "
42508,80'S,,1,$126.97 ,$101.58 
,OTHER,,2,"$1,274.46 ","$1,019.57 "
,TOTAL,,3,"$1,401.43 ","$1,121.15 "
42509,OTHER,,2,"$1,644.91 ","$1,315.93 "
,TOTAL,,2,"$1,644.91 ","$1,315.93 "
42510,OTHER,,8,"$4,493.28 ","$3,594.62 "
,TOTAL,,8,"$4,493.28 ","$3,594.62 "
42550,OTHER,,442,"$36,396.07 ","$28,078.10 "
,TOTAL,,442,"$36,396.07 ","$28,078.10 "
42600,SG,,2,$461.30 ,$369.04 
,OTHER,,24,"$6,417.16 ","$5,133.71 "
,TOTAL,,26,"$6,878.46 ","$5,502.75 "
42650,OTHER,,"1,152","$77,142.13 ","$58,298.17 "
,TOTAL,,"1,152","$77,142.13 ","$58,298.17 "
42660,OTHER,,216,"$17,896.07 ","$13,454.92 "
,TOTAL,,216,"$17,896.07 ","$13,454.92 "
42665,OTHER,,11,"$1,683.33 ","$1,322.89 "
,TOTAL,,11,"$1,683.33 ","$1,322.89 "
42699,80'S,,1,$28.74 ,$22.99 
,OTHER,,75,"$16,455.27 ","$13,122.70 "
,TOTAL,,76,"$16,484.01 ","$13,145.69 "
42700,SG,,9,"$2,145.64 ","$1,716.50 "
,OTHER,,891,"$127,698.30 ","$96,289.67 "
,TOTAL,,900,"$129,843.94 ","$98,006.17 "
42720,SG,,3,$658.33 ,$526.66 
,80'S,,1,$59.54 ,$47.63 
,OTHER,,166,"$55,980.31 ","$44,396.03 "
,TOTAL,,170,"$56,698.18 ","$44,970.32 "
42725,80'S,,4,$407.92 ,$258.54 
,OTHER,,97,"$66,913.39 ","$53,067.38 "
,TOTAL,,101,"$67,321.31 ","$53,325.92 "
42800,OTHER,,"2,644","$314,795.44 ","$243,331.74 "
,TOTAL,,"2,644","$314,795.44 ","$243,331.74 "
42802,SG,,18,"$4,467.22 ","$3,573.78 "
,OTHER,,293,"$34,775.11 ","$27,289.11 "
,TOTAL,,311,"$39,242.33 ","$30,862.89 "
42804,SG,,108,"$26,541.29 ","$20,698.14 "
,OTHER,,817,"$88,988.30 ","$69,408.16 "
,TOTAL,,925,"$115,529.59 ","$90,106.30 "
42806,SG,,39,"$11,686.79 ","$9,225.02 "
,OTHER,,477,"$46,608.45 ","$36,771.91 "
,TOTAL,,516,"$58,295.24 ","$45,996.93 "
42808,SG,,111,"$42,361.45 ","$33,545.21 "
,OTHER,,756,"$111,345.48 ","$86,698.89 "
,TOTAL,,867,"$153,706.93 ","$120,244.10 "
42809,OTHER,,525,"$70,411.83 ","$53,709.86 "
,TOTAL,,525,"$70,411.83 ","$53,709.86 "
42810,SG,,6,"$2,905.39 ","$2,324.31 "
,80'S,,5,$224.84 ,$179.88 
,OTHER,,68,"$17,699.96 ","$13,750.50 "
,TOTAL,,79,"$20,830.19 ","$16,254.69 "
42815,SG,,28,"$19,273.18 ","$15,291.63 "
,80'S,,21,"$1,819.54 ","$1,455.62 "
,OTHER,,191,"$97,794.81 ","$75,762.63 "
,TOTAL,,240,"$118,887.53 ","$92,509.88 "
42820,SG,,1,$485.74 ,$388.59 
,OTHER,,24,"$6,323.45 ","$4,675.27 "
,TOTAL,,25,"$6,809.19 ","$5,063.86 "
42821,SG,,86,"$58,709.83 ","$43,906.05 "
,OTHER,,377,"$100,794.32 ","$78,648.96 "
,TOTAL,,463,"$159,504.15 ","$122,555.01 "
42825,SG,,1,$615.57 ,$492.46 
,OTHER,,6,"$1,453.27 ","$1,162.61 "
,TOTAL,,7,"$2,068.84 ","$1,655.07 "
42826,SG,,532,"$318,835.81 ","$248,436.00 "
,OTHER,,"2,619","$582,815.57 ","$452,717.39 "
,TOTAL,,"3,151","$901,651.38 ","$701,153.39 "
42830,SG,,1,$292.29 ,$233.83 
,OTHER,,2,$297.45 ,$237.96 
,TOTAL,,3,$589.74 ,$471.79 
42831,SG,,64,"$32,645.35 ","$25,647.40 "
,OTHER,,258,"$42,517.41 ","$32,953.79 "
,TOTAL,,322,"$75,162.76 ","$58,601.19 "
42836,SG,,7,"$4,149.81 ","$3,121.44 "
,OTHER,,25,"$4,678.61 ","$3,406.78 "
,TOTAL,,32,"$8,828.42 ","$6,528.22 "
42842,80'S,,2,$128.59 ,$102.87 
,OTHER,,268,"$155,883.94 ","$124,114.68 "
,TOTAL,,270,"$156,012.53 ","$124,217.55 "
42844,80'S,,7,"$1,223.51 ",$978.81 
,OTHER,,79,"$84,775.90 ","$67,528.67 "
,TOTAL,,86,"$85,999.41 ","$68,507.48 "
42845,80'S,,7,"$1,522.30 ","$1,217.85 "
,OTHER,,52,"$81,107.73 ","$64,886.25 "
,TOTAL,,59,"$82,630.03 ","$66,104.10 "
42860,SG,,14,"$6,812.01 ","$5,390.33 "
,OTHER,,77,"$11,908.78 ","$9,372.91 "
,TOTAL,,91,"$18,720.79 ","$14,763.24 "
42870,SG,,13,"$5,260.06 ","$4,208.05 "
,OTHER,,146,"$71,998.10 ","$56,022.29 "
,TOTAL,,159,"$77,258.16 ","$60,230.34 "
42890,SG,,3,"$2,991.75 ","$2,393.40 "
,80'S,,26,"$3,227.94 ","$2,470.49 "
,OTHER,,290,"$246,577.04 ","$196,699.62 "
,TOTAL,,319,"$252,796.73 ","$201,563.51 "
42892,80'S,,10,"$1,661.94 ","$1,329.56 "
,OTHER,,134,"$155,567.13 ","$122,796.88 "
,TOTAL,,144,"$157,229.07 ","$124,126.44 "
42894,80'S,,9,"$2,623.72 ","$2,098.97 "
,OTHER,,78,"$112,919.37 ","$90,335.50 "
,TOTAL,,87,"$115,543.09 ","$92,434.47 "
42900,OTHER,,54,"$13,936.66 ","$10,871.22 "
,TOTAL,,54,"$13,936.66 ","$10,871.22 "
42950,SG,,3,$777.60 ,$622.09 
,80'S,,31,"$2,152.46 ","$1,722.02 "
,OTHER,,254,"$133,243.65 ","$106,047.85 "
,TOTAL,,288,"$136,173.71 ","$108,391.96 "
42953,80'S,,20,"$2,102.67 ","$1,682.15 "
,OTHER,,169,"$116,999.72 ","$93,599.82 "
,TOTAL,,189,"$119,102.39 ","$95,281.97 "
42955,80'S,,1,$51.65 ,$41.32 
,OTHER,,34,"$18,552.68 ","$14,842.16 "
,TOTAL,,35,"$18,604.33 ","$14,883.48 "
42960,SG,,3,$956.58 ,$765.26 
,OTHER,,223,"$35,973.24 ","$28,302.51 "
,TOTAL,,226,"$36,929.82 ","$29,067.77 "
42961,80'S,,1,$31.13 ,$24.90 
,OTHER,,92,"$35,348.04 ","$27,896.07 "
,TOTAL,,93,"$35,379.17 ","$27,920.97 "
42962,SG,,1,$448.27 ,$358.62 
,OTHER,,143,"$64,196.09 ","$50,654.80 "
,TOTAL,,144,"$64,644.36 ","$51,013.42 "
42970,OTHER,,199,"$70,702.56 ","$55,237.32 "
,TOTAL,,199,"$70,702.56 ","$55,237.32 "
42971,OTHER,,29,"$10,510.40 ","$8,340.49 "
,TOTAL,,29,"$10,510.40 ","$8,340.49 "
42972,OTHER,,16,"$7,919.57 ","$5,948.56 "
,TOTAL,,16,"$7,919.57 ","$5,948.56 "
42999,80'S,,1,$80.99 ,$64.79 
,OTHER,,98,"$35,096.59 ","$27,434.29 "
,TOTAL,,99,"$35,177.58 ","$27,499.08 "
43020,OTHER,,29,"$12,939.12 ","$10,351.27 "
,TOTAL,,29,"$12,939.12 ","$10,351.27 "
43030,80'S,,151,"$10,085.22 ","$8,019.56 "
,OTHER,,884,"$362,481.05 ","$287,888.21 "
,TOTAL,,"1,035","$372,566.27 ","$295,907.77 "
43045,80'S,,3,$562.46 ,$449.97 
,OTHER,,18,"$16,880.57 ","$13,504.46 "
,TOTAL,,21,"$17,443.03 ","$13,954.43 "
43100,80'S,,9,$822.57 ,$658.05 
,OTHER,,47,"$23,735.25 ","$18,988.21 "
,TOTAL,,56,"$24,557.82 ","$19,646.26 "
43101,80'S,,14,"$1,783.88 ","$1,276.69 "
,OTHER,,55,"$38,306.58 ","$29,774.47 "
,TOTAL,,69,"$40,090.46 ","$31,051.16 "
43107,80'S,,161,"$61,115.27 ","$48,750.79 "
,OTHER,,922,"$1,945,556.97 ","$1,545,318.38 "
,TOTAL,,"1,083","$2,006,672.24 ","$1,594,069.17 "
43108,OTHER,,20,"$29,802.71 ","$23,842.19 "
,TOTAL,,20,"$29,802.71 ","$23,842.19 "
43112,80'S,,61,"$25,578.62 ","$20,425.40 "
,OTHER,,327,"$743,556.97 ","$594,845.57 "
,TOTAL,,388,"$769,135.59 ","$615,270.97 "
43113,80'S,,3,"$1,001.40 ",$801.12 
,OTHER,,18,"$29,244.15 ","$23,395.32 "
,TOTAL,,21,"$30,245.55 ","$24,196.44 "
43116,80'S,,3,$760.25 ,$608.20 
,OTHER,,14,"$19,083.50 ","$15,266.79 "
,TOTAL,,17,"$19,843.75 ","$15,874.99 "
43117,80'S,,250,"$93,296.46 ","$74,039.23 "
,OTHER,,"1,257","$2,517,089.86 ","$1,987,738.54 "
,TOTAL,,"1,507","$2,610,386.32 ","$2,061,777.77 "
43118,80'S,,3,$968.72 ,$774.97 
,OTHER,,16,"$22,297.24 ","$17,677.79 "
,TOTAL,,19,"$23,265.96 ","$18,452.76 "
43121,80'S,,18,"$5,102.01 ","$4,081.60 "
,OTHER,,71,"$118,279.94 ","$94,623.98 "
,TOTAL,,89,"$123,381.95 ","$98,705.58 "
43122,80'S,,138,"$51,506.28 ","$40,971.07 "
,OTHER,,385,"$869,816.16 ","$690,212.08 "
,TOTAL,,523,"$921,322.44 ","$731,183.15 "
43123,80'S,,7,"$2,193.19 ","$1,754.55 "
,OTHER,,18,"$32,101.56 ","$25,681.26 "
,TOTAL,,25,"$34,294.75 ","$27,435.81 "
43124,80'S,,13,"$3,114.53 ","$2,491.63 "
,OTHER,,74,"$98,493.04 ","$78,695.23 "
,TOTAL,,87,"$101,607.57 ","$81,186.86 "
43130,80'S,,248,"$30,019.26 ","$23,468.11 "
,OTHER,,"1,355","$990,182.24 ","$783,570.46 "
,TOTAL,,"1,603","$1,020,201.50 ","$807,038.57 "
43135,80'S,,26,"$3,516.36 ","$2,684.19 "
,OTHER,,151,"$116,251.50 ","$91,418.52 "
,TOTAL,,177,"$119,767.86 ","$94,102.71 "
43200,SG,,"1,608","$382,263.06 ","$303,020.83 "
,OTHER,,"17,163","$1,724,227.59 ","$1,347,638.03 "
,TOTAL,,"18,771","$2,106,490.65 ","$1,650,658.86 "
43201,SG,,19,"$4,673.30 ","$3,738.63 "
,OTHER,,405,"$44,533.53 ","$34,978.67 "
,TOTAL,,424,"$49,206.83 ","$38,717.30 "
43202,SG,,677,"$188,230.14 ","$147,057.67 "
,OTHER,,"4,669","$484,438.97 ","$377,919.70 "
,TOTAL,,"5,346","$672,669.11 ","$524,977.37 "
43204,SG,,5,"$1,490.90 ","$1,093.53 "
,OTHER,,145,"$30,591.68 ","$24,275.01 "
,TOTAL,,150,"$32,082.58 ","$25,368.54 "
43205,SG,,27,"$8,802.25 ","$7,024.09 "
,OTHER,,412,"$86,107.95 ","$67,529.00 "
,TOTAL,,439,"$94,910.20 ","$74,553.09 "
43215,SG,,54,"$16,124.65 ","$12,594.19 "
,OTHER,,"2,009","$288,705.98 ","$221,884.75 "
,TOTAL,,"2,063","$304,830.63 ","$234,478.94 "
43216,SG,,11,"$3,184.35 ","$2,484.21 "
,OTHER,,148,"$17,468.37 ","$13,815.61 "
,TOTAL,,159,"$20,652.72 ","$16,299.82 "
43217,SG,,20,"$5,457.88 ","$4,366.32 "
,OTHER,,215,"$32,101.29 ","$25,321.50 "
,TOTAL,,235,"$37,559.17 ","$29,687.82 "
43219,SG,,5,"$1,610.60 ","$1,288.48 "
,OTHER,,770,"$122,251.10 ","$96,865.68 "
,TOTAL,,775,"$123,861.70 ","$98,154.16 "
43220,SG,,390,"$121,055.72 ","$94,527.34 "
,OTHER,,"4,080","$443,229.29 ","$341,828.39 "
,TOTAL,,"4,470","$564,285.01 ","$436,355.73 "
43226,SG,,745,"$234,993.93 ","$182,927.16 "
,OTHER,,"3,420","$409,489.89 ","$314,213.83 "
,TOTAL,,"4,165","$644,483.82 ","$497,140.99 "
43227,SG,,13,"$5,454.31 ","$4,264.27 "
,OTHER,,795,"$154,398.83 ","$122,131.22 "
,TOTAL,,808,"$159,853.14 ","$126,395.49 "
43228,SG,,99,"$38,749.77 ","$30,049.51 "
,OTHER,,"1,051","$219,286.28 ","$172,668.73 "
,TOTAL,,"1,150","$258,036.05 ","$202,718.24 "
43231,SG,,12,"$5,034.60 ","$3,981.27 "
,OTHER,,350,"$59,770.99 ","$47,150.33 "
,TOTAL,,362,"$64,805.59 ","$51,131.60 "
43232,SG,,9,"$3,785.39 ","$2,793.72 "
,OTHER,,230,"$56,646.64 ","$44,237.74 "
,TOTAL,,239,"$60,432.03 ","$47,031.46 "
43234,SG,,280,"$72,638.47 ","$57,320.45 "
,OTHER,,"2,831","$316,921.67 ","$249,078.09 "
,TOTAL,,"3,111","$389,560.14 ","$306,398.54 "
43235,SG,,"88,796","$24,475,812.70 ","$19,177,978.60 "
,OTHER,,"478,891","$58,303,779.53 ","$45,544,783.08 "
,TOTAL,,"567,687","$82,779,592.23 ","$64,722,761.68 "
43236,SG,,672,"$231,829.43 ","$182,215.47 "
,80'S,,1,$14.77 ,$11.82 
,OTHER,,"9,655","$1,216,929.17 ","$951,309.14 "
,TOTAL,,"10,328","$1,448,773.37 ","$1,133,536.43 "
43237,SG,,31,"$13,160.45 ","$10,359.04 "
,OTHER,,705,"$158,449.16 ","$123,367.63 "
,TOTAL,,736,"$171,609.61 ","$133,726.67 "
43238,SG,,23,"$9,603.83 ","$7,385.90 "
,OTHER,,462,"$127,933.28 ","$101,553.40 "
,TOTAL,,485,"$137,537.11 ","$108,939.30 "
43239,SG,,"424,480","$161,702,064.20 ","$127,245,539.31 "
,OTHER,,"1,391,887","$191,935,579.82 ","$150,237,056.43 "
,TOTAL,,"1,816,367","$353,637,644.02 ","$277,482,595.74 "
43240,SG,,3,"$1,348.18 ",$803.47 
,OTHER,,200,"$62,632.33 ","$50,105.82 "
,TOTAL,,203,"$63,980.51 ","$50,909.29 "
43241,SG,,137,"$50,654.76 ","$39,568.01 "
,OTHER,,"3,605","$423,817.05 ","$334,720.39 "
,TOTAL,,"3,742","$474,471.81 ","$374,288.40 "
43242,SG,,495,"$218,275.19 ","$171,335.36 "
,OTHER,,"14,377","$5,666,343.74 ","$4,484,266.54 "
,TOTAL,,"14,872","$5,884,618.93 ","$4,655,601.90 "
43243,SG,,184,"$71,661.55 ","$56,332.67 "
,OTHER,,"3,735","$883,426.86 ","$696,482.11 "
,TOTAL,,"3,919","$955,088.41 ","$752,814.78 "
43244,SG,,799,"$334,077.93 ","$262,164.70 "
,80'S,,1,$43.24 ,$34.59 
,OTHER,,"11,794","$3,250,195.91 ","$2,542,381.84 "
,TOTAL,,"12,594","$3,584,317.08 ","$2,804,581.13 "
43245,SG,,"2,520","$965,748.11 ","$761,316.37 "
,OTHER,,"14,233","$2,297,163.42 ","$1,791,801.51 "
,TOTAL,,"16,753","$3,262,911.53 ","$2,553,117.88 "
43246,SG,,"1,864","$797,187.76 ","$632,341.39 "
,80'S,,574,"$21,383.44 ","$17,095.41 "
,OTHER,,"137,732","$31,183,417.55 ","$24,779,911.78 "
,TOTAL,,"140,170","$32,001,988.75 ","$25,429,348.58 "
43247,SG,,"1,769","$704,010.52 ","$555,914.67 "
,OTHER,,"26,136","$4,737,292.01 ","$3,678,783.95 "
,TOTAL,,"27,905","$5,441,302.53 ","$4,234,698.62 "
43248,SG,,"44,763","$16,999,046.46 ","$13,379,877.85 "
,OTHER,,"94,964","$14,968,455.56 ","$11,631,856.56 "
,TOTAL,,"139,727","$31,967,502.02 ","$25,011,734.41 "
43249,SG,,"22,014","$8,431,340.35 ","$6,640,551.58 "
,OTHER,,"85,399","$12,199,990.13 ","$9,455,999.15 "
,TOTAL,,"107,413","$20,631,330.48 ","$16,096,550.73 "
43250,SG,,"2,327","$910,760.22 ","$710,749.92 "
,OTHER,,"8,309","$1,211,551.58 ","$947,621.06 "
,TOTAL,,"10,636","$2,122,311.80 ","$1,658,370.98 "
43251,SG,,"6,966","$2,621,843.60 ","$2,061,629.30 "
,OTHER,,"24,640","$4,368,873.36 ","$3,422,339.14 "
,TOTAL,,"31,606","$6,990,716.96 ","$5,483,968.44 "
43255,SG,,"2,318","$847,343.72 ","$668,510.97 "
,OTHER,,"55,102","$14,285,138.46 ","$11,316,501.83 "
,TOTAL,,"57,420","$15,132,482.18 ","$11,985,012.80 "
43256,SG,,9,"$3,235.32 ","$2,588.27 "
,OTHER,,"2,608","$604,277.14 ","$479,037.96 "
,TOTAL,,"2,617","$607,512.46 ","$481,626.23 "
43257,OTHER,,182,"$52,702.09 ","$41,597.55 "
,TOTAL,,182,"$52,702.09 ","$41,597.55 "
43258,SG,,"2,041","$1,005,420.91 ","$793,800.44 "
,OTHER,,"11,073","$2,599,271.12 ","$2,045,669.86 "
,TOTAL,,"13,114","$3,604,692.03 ","$2,839,470.30 "
43259,SG,,"1,050","$529,621.66 ","$419,014.11 "
,OTHER,,"21,828","$6,129,628.32 ","$4,819,178.14 "
,TOTAL,,"22,878","$6,659,249.98 ","$5,238,192.25 "
43260,SG,,101,"$43,419.50 ","$34,142.21 "
,OTHER,,"19,171","$6,134,041.80 ","$4,850,943.80 "
,TOTAL,,"19,272","$6,177,461.30 ","$4,885,086.01 "
43261,SG,,18,"$5,936.62 ","$4,345.64 "
,OTHER,,"7,934","$748,277.89 ","$592,806.39 "
,TOTAL,,"7,952","$754,214.51 ","$597,152.03 "
43262,SG,,138,"$47,503.17 ","$37,475.34 "
,OTHER,,"54,847","$8,589,455.81 ","$6,813,594.14 "
,TOTAL,,"54,985","$8,636,958.98 ","$6,851,069.48 "
43263,SG,,2,$842.63 ,$674.11 
,OTHER,,904,"$103,195.94 ","$81,943.13 "
,TOTAL,,906,"$104,038.57 ","$82,617.24 "
43264,SG,,115,"$40,801.98 ","$32,536.18 "
,OTHER,,"37,862","$17,907,557.30 ","$14,224,027.78 "
,TOTAL,,"37,977","$17,948,359.28 ","$14,256,563.96 "
43265,SG,,13,"$3,828.84 ","$3,063.04 "
,OTHER,,"2,696","$1,487,700.77 ","$1,184,570.49 "
,TOTAL,,"2,709","$1,491,529.61 ","$1,187,633.53 "
43267,OTHER,,465,"$100,799.02 ","$80,475.07 "
,TOTAL,,465,"$100,799.02 ","$80,475.07 "
43268,SG,,79,"$23,671.91 ","$18,910.44 "
,OTHER,,"31,988","$10,250,021.63 ","$8,132,728.91 "
,TOTAL,,"32,067","$10,273,693.54 ","$8,151,639.35 "
43269,SG,,129,"$45,917.48 ","$36,427.24 "
,OTHER,,"16,110","$5,427,353.77 ","$4,299,874.38 "
,TOTAL,,"16,239","$5,473,271.25 ","$4,336,301.62 "
43271,SG,,23,"$6,359.18 ","$5,087.33 "
,OTHER,,"8,207","$1,094,015.33 ","$867,868.90 "
,TOTAL,,"8,230","$1,100,374.51 ","$872,956.23 "
43272,SG,,2,$663.33 ,$530.66 
,OTHER,,305,"$53,254.29 ","$42,382.16 "
,TOTAL,,307,"$53,917.62 ","$42,912.82 "
43280,80'S,,"2,249","$351,522.55 ","$276,365.33 "
,OTHER,,"7,584","$6,971,492.82 ","$5,489,551.22 "
,TOTAL,,"9,833","$7,323,015.37 ","$5,765,916.55 "
43289,80'S,,192,"$35,989.91 ","$28,738.07 "
,OTHER,,794,"$813,825.41 ","$650,308.89 "
,TOTAL,,986,"$849,815.32 ","$679,046.96 "
43300,80'S,,8,$753.92 ,$603.13 
,OTHER,,56,"$26,891.71 ","$21,513.40 "
,TOTAL,,64,"$27,645.63 ","$22,116.53 "
43305,80'S,,6,$739.89 ,$591.92 
,OTHER,,86,"$80,984.52 ","$64,579.80 "
,TOTAL,,92,"$81,724.41 ","$65,171.72 "
43310,80'S,,19,"$4,614.64 ","$3,485.87 "
,OTHER,,97,"$118,699.70 ","$94,959.74 "
,TOTAL,,116,"$123,314.34 ","$98,445.61 "
43312,80'S,,3,$883.99 ,$707.18 
,OTHER,,21,"$29,510.28 ","$23,608.22 "
,TOTAL,,24,"$30,394.27 ","$24,315.40 "
43313,OTHER,,3,"$8,376.14 ","$6,700.92 "
,TOTAL,,3,"$8,376.14 ","$6,700.92 "
43320,80'S,,28,"$4,842.37 ","$3,858.39 "
,OTHER,,115,"$115,097.70 ","$91,199.07 "
,TOTAL,,143,"$119,940.07 ","$95,057.46 "
43324,80'S,,480,"$87,967.07 ","$69,818.34 "
,OTHER,,"1,744","$1,883,479.57 ","$1,493,633.44 "
,TOTAL,,"2,224","$1,971,446.64 ","$1,563,451.78 "
43325,80'S,,25,"$4,342.42 ","$3,473.95 "
,OTHER,,87,"$85,024.56 ","$67,369.07 "
,TOTAL,,112,"$89,366.98 ","$70,843.02 "
43326,80'S,,42,"$7,315.86 ","$5,728.28 "
,OTHER,,230,"$247,662.21 ","$195,449.29 "
,TOTAL,,272,"$254,978.07 ","$201,177.57 "
43330,80'S,,49,"$8,427.05 ","$6,741.66 "
,OTHER,,214,"$208,050.33 ","$163,266.00 "
,TOTAL,,263,"$216,477.38 ","$170,007.66 "
43331,80'S,,26,"$4,709.36 ","$3,767.52 "
,OTHER,,112,"$110,998.64 ","$87,124.32 "
,TOTAL,,138,"$115,708.00 ","$90,891.84 "
43340,80'S,,6,$979.39 ,$783.52 
,OTHER,,35,"$32,523.26 ","$26,018.60 "
,TOTAL,,41,"$33,502.65 ","$26,802.12 "
43341,80'S,,3,$522.53 ,$418.03 
,OTHER,,8,"$5,506.72 ","$4,405.37 "
,TOTAL,,11,"$6,029.25 ","$4,823.40 "
43350,OTHER,,7,"$6,913.59 ","$5,530.88 "
,TOTAL,,7,"$6,913.59 ","$5,530.88 "
43351,80'S,,2,$264.38 ,$211.51 
,OTHER,,7,"$6,742.01 ","$5,393.61 "
,TOTAL,,9,"$7,006.39 ","$5,605.12 "
43352,80'S,,11,"$1,411.43 ","$1,129.15 "
,OTHER,,75,"$61,475.09 ","$49,180.09 "
,TOTAL,,86,"$62,886.52 ","$50,309.24 "
43360,80'S,,8,"$2,669.00 ","$2,135.20 "
,OTHER,,34,"$58,196.99 ","$46,084.63 "
,TOTAL,,42,"$60,865.99 ","$48,219.83 "
43361,80'S,,4,"$1,526.71 ","$1,221.37 "
,OTHER,,22,"$44,506.82 ","$34,666.25 "
,TOTAL,,26,"$46,033.53 ","$35,887.62 "
43400,80'S,,1,$87.55 ,$70.04 
,OTHER,,21,"$22,802.66 ","$18,242.11 "
,TOTAL,,22,"$22,890.21 ","$18,312.15 "
43401,80'S,,3,$669.65 ,$535.72 
,OTHER,,7,"$8,562.02 ","$6,849.62 "
,TOTAL,,10,"$9,231.67 ","$7,385.34 "
43405,80'S,,7,$997.81 ,$798.24 
,OTHER,,48,"$42,215.37 ","$33,772.28 "
,TOTAL,,55,"$43,213.18 ","$34,570.52 "
43410,80'S,,9,"$1,120.53 ",$896.43 
,OTHER,,79,"$54,931.86 ","$43,901.23 "
,TOTAL,,88,"$56,052.39 ","$44,797.66 "
43415,80'S,,81,"$18,653.29 ","$14,922.66 "
,OTHER,,361,"$449,366.81 ","$357,953.96 "
,TOTAL,,442,"$468,020.10 ","$372,876.62 "
43420,80'S,,1,$146.10 ,$116.88 
,OTHER,,45,"$29,379.37 ","$23,392.99 "
,TOTAL,,46,"$29,525.47 ","$23,509.87 "
43425,80'S,,10,"$1,674.74 ","$1,339.80 "
,OTHER,,40,"$42,696.37 ","$34,097.79 "
,TOTAL,,50,"$44,371.11 ","$35,437.59 "
43450,SG,,"30,575","$5,429,342.24 ","$4,291,560.34 "
,OTHER,,"75,213","$3,443,417.61 ","$2,704,251.83 "
,TOTAL,,"105,788","$8,872,759.85 ","$6,995,812.17 "
43453,SG,,"1,415","$246,830.86 ","$196,433.39 "
,OTHER,,"5,561","$340,363.57 ","$269,341.51 "
,TOTAL,,"6,976","$587,194.43 ","$465,774.90 "
43456,SG,,533,"$179,034.81 ","$141,649.86 "
,OTHER,,"2,523","$337,578.68 ","$266,146.16 "
,TOTAL,,"3,056","$516,613.49 ","$407,796.02 "
43458,SG,,193,"$62,614.85 ","$47,491.50 "
,OTHER,,"2,260","$363,339.69 ","$285,525.15 "
,TOTAL,,"2,453","$425,954.54 ","$333,016.65 "
43460,OTHER,,55,"$10,092.44 ","$8,073.95 "
,TOTAL,,55,"$10,092.44 ","$8,073.95 "
43496,80'S,,1,$223.15 ,$178.52 
,OTHER,,17,"$29,421.66 ","$23,537.36 "
,TOTAL,,18,"$29,644.81 ","$23,715.88 "
43499,80'S,,19,"$2,352.82 ","$1,882.24 "
,OTHER,,467,"$221,075.59 ","$176,471.76 "
,TOTAL,,486,"$223,428.41 ","$178,354.00 "
43500,80'S,,61,"$4,850.14 ","$3,880.17 "
,OTHER,,500,"$246,126.89 ","$195,922.39 "
,TOTAL,,561,"$250,977.03 ","$199,802.56 "
43501,80'S,,168,"$30,614.70 ","$24,377.77 "
,OTHER,,839,"$910,456.55 ","$726,575.76 "
,TOTAL,,"1,007","$941,071.25 ","$750,953.53 "
43502,80'S,,14,"$3,002.84 ","$2,402.28 "
,OTHER,,73,"$90,519.21 ","$71,380.28 "
,TOTAL,,87,"$93,522.05 ","$73,782.56 "
43510,OTHER,,60,"$40,458.99 ","$32,296.45 "
,TOTAL,,60,"$40,458.99 ","$32,296.45 "
43520,80'S,,30,"$1,824.91 ","$1,459.93 "
,OTHER,,135,"$46,513.67 ","$37,210.97 "
,TOTAL,,165,"$48,338.58 ","$38,670.90 "
43600,SG,,4,"$1,354.00 ","$1,083.20 "
,OTHER,,283,"$14,614.64 ","$11,583.08 "
,TOTAL,,287,"$15,968.64 ","$12,666.28 "
43605,80'S,,30,"$2,428.75 ","$1,943.03 "
,OTHER,,252,"$118,571.88 ","$93,990.57 "
,TOTAL,,282,"$121,000.63 ","$95,933.60 "
43610,80'S,,248,"$29,235.48 ","$23,221.46 "
,OTHER,,"1,260","$880,838.56 ","$700,848.27 "
,TOTAL,,"1,508","$910,074.04 ","$724,069.73 "
43611,80'S,,196,"$28,299.91 ","$22,580.11 "
,OTHER,,810,"$699,882.56 ","$557,550.41 "
,TOTAL,,"1,006","$728,182.47 ","$580,130.52 "
43620,80'S,,44,"$11,573.03 ","$9,128.68 "
,OTHER,,191,"$285,327.45 ","$227,006.79 "
,TOTAL,,235,"$296,900.48 ","$236,135.47 "
43621,80'S,,223,"$62,155.53 ","$49,724.22 "
,OTHER,,770,"$1,288,839.35 ","$1,024,697.28 "
,TOTAL,,993,"$1,350,994.88 ","$1,074,421.50 "
43622,80'S,,24,"$6,998.04 ","$5,598.43 "
,OTHER,,117,"$198,235.43 ","$158,588.40 "
,TOTAL,,141,"$205,233.47 ","$164,186.83 "
43631,80'S,,455,"$93,517.75 ","$74,628.67 "
,OTHER,,"1,434","$1,726,684.01 ","$1,375,285.56 "
,TOTAL,,"1,889","$1,820,201.76 ","$1,449,914.23 "
43632,80'S,,738,"$153,769.72 ","$122,475.23 "
,OTHER,,"2,489","$3,108,643.20 ","$2,469,343.43 "
,TOTAL,,"3,227","$3,262,412.92 ","$2,591,818.66 "
43633,80'S,,441,"$90,559.59 ","$72,093.60 "
,OTHER,,"1,459","$1,808,803.28 ","$1,438,472.62 "
,TOTAL,,"1,900","$1,899,362.87 ","$1,510,566.22 "
43634,80'S,,12,"$2,710.63 ","$2,168.50 "
,OTHER,,29,"$42,240.61 ","$33,792.48 "
,TOTAL,,41,"$44,951.24 ","$35,960.98 "
43635,80'S,,115,"$2,101.33 ","$1,657.35 "
,OTHER,,556,"$61,083.07 ","$48,406.08 "
,TOTAL,,671,"$63,184.40 ","$50,063.43 "
43640,80'S,,133,"$19,552.77 ","$15,362.24 "
,OTHER,,629,"$542,941.58 ","$430,774.37 "
,TOTAL,,762,"$562,494.35 ","$446,136.61 "
43641,80'S,,14,"$1,753.48 ","$1,402.80 "
,OTHER,,51,"$39,062.29 ","$31,240.85 "
,TOTAL,,65,"$40,815.77 ","$32,643.65 "
43644,80'S,,"1,409","$351,855.81 ","$278,197.19 "
,OTHER,,"3,359","$4,989,328.11 ","$3,947,886.59 "
,TOTAL,,"4,768","$5,341,183.92 ","$4,226,083.78 "
43645,80'S,,34,"$9,345.84 ","$7,452.34 "
,OTHER,,126,"$209,182.65 ","$166,997.50 "
,TOTAL,,160,"$218,528.49 ","$174,449.84 "
43651,80'S,,8,$559.38 ,$447.51 
,OTHER,,14,"$6,267.45 ","$5,013.98 "
,TOTAL,,22,"$6,826.83 ","$5,461.49 "
43652,80'S,,6,$429.99 ,$344.00 
,OTHER,,12,"$5,249.46 ","$4,199.57 "
,TOTAL,,18,"$5,679.45 ","$4,543.57 "
43653,SG,,1,"$1,388.08 ","$1,110.46 "
,80'S,,95,"$5,612.50 ","$4,409.34 "
,OTHER,,901,"$362,720.35 ","$289,140.73 "
,TOTAL,,997,"$369,720.93 ","$294,660.53 "
43659,80'S,,240,"$25,321.15 ","$20,256.90 "
,OTHER,,920,"$744,779.70 ","$594,833.11 "
,TOTAL,,"1,160","$770,100.85 ","$615,090.01 "
43750,SG,,162,"$68,112.71 ","$54,140.82 "
,80'S,,1,$41.54 ,$33.23 
,OTHER,,"32,337","$8,372,605.52 ","$6,658,931.39 "
,TOTAL,,"32,500","$8,440,759.77 ","$6,713,105.44 "
43752,OTHER,,"11,408","$464,553.54 ","$368,539.90 "
,TOTAL,,"11,408","$464,553.54 ","$368,539.90 "
43760,SG,,"1,870","$590,847.48 ","$463,629.84 "
,OTHER,,"71,768","$4,778,789.98 ","$3,706,074.50 "
,TOTAL,,"73,638","$5,369,637.46 ","$4,169,704.34 "
43761,OTHER,,"9,029","$896,280.03 ","$708,912.54 "
,TOTAL,,"9,029","$896,280.03 ","$708,912.54 "
43770,80'S,,501,"$79,509.91 ","$62,863.21 "
,OTHER,,"1,676","$1,553,052.76 ","$1,236,868.34 "
,TOTAL,,"2,177","$1,632,562.67 ","$1,299,731.55 "
43771,80'S,,7,"$1,288.06 ","$1,030.43 "
,OTHER,,50,"$51,876.62 ","$40,672.60 "
,TOTAL,,57,"$53,164.68 ","$41,703.03 "
43772,80'S,,4,$497.60 ,$398.08 
,OTHER,,22,"$16,773.17 ","$13,418.56 "
,TOTAL,,26,"$17,270.77 ","$13,816.64 "
43773,80'S,,3,$520.18 ,$416.15 
,OTHER,,21,"$22,216.22 ","$17,767.16 "
,TOTAL,,24,"$22,736.40 ","$18,183.31 "
43774,80'S,,19,"$2,331.51 ","$1,865.22 "
,OTHER,,75,"$57,771.62 ","$44,669.08 "
,TOTAL,,94,"$60,103.13 ","$46,534.30 "
43800,80'S,,157,"$14,014.44 ","$11,014.03 "
,OTHER,,802,"$428,229.05 ","$338,838.85 "
,TOTAL,,959,"$442,243.49 ","$349,852.88 "
43810,80'S,,16,"$1,763.35 ","$1,410.68 "
,OTHER,,86,"$59,172.59 ","$47,087.61 "
,TOTAL,,102,"$60,935.94 ","$48,498.29 "
43820,80'S,,558,"$65,400.82 ","$51,937.97 "
,OTHER,,"2,577","$1,853,611.98 ","$1,474,235.02 "
,TOTAL,,"3,135","$1,919,012.80 ","$1,526,172.99 "
43825,80'S,,29,"$4,779.70 ","$3,823.77 "
,OTHER,,146,"$148,778.29 ","$116,669.62 "
,TOTAL,,175,"$153,557.99 ","$120,493.39 "
43830,80'S,,"1,053","$72,034.17 ","$57,123.29 "
,OTHER,,"9,459","$4,320,574.73 ","$3,439,639.32 "
,TOTAL,,"10,512","$4,392,608.90 ","$3,496,762.61 "
43831,OTHER,,37,"$17,570.70 ","$14,056.62 "
,TOTAL,,37,"$17,570.70 ","$14,056.62 "
43832,80'S,,174,"$22,420.07 ","$17,936.07 "
,OTHER,,"1,392","$1,129,365.80 ","$898,840.94 "
,TOTAL,,"1,566","$1,151,785.87 ","$916,777.01 "
43840,80'S,,708,"$97,044.88 ","$76,993.82 "
,OTHER,,"5,230","$4,263,526.42 ","$3,394,775.17 "
,TOTAL,,"5,938","$4,360,571.30 ","$3,471,768.99 "
43842,80'S,,3,$466.56 ,$373.25 
,OTHER,,12,"$11,490.32 ","$8,940.12 "
,TOTAL,,15,"$11,956.88 ","$9,313.37 "
43843,80'S,,29,"$5,183.96 ","$4,147.17 "
,OTHER,,97,"$103,990.42 ","$82,243.39 "
,TOTAL,,126,"$109,174.38 ","$86,390.56 "
43845,80'S,,13,"$3,534.01 ","$2,728.00 "
,OTHER,,38,"$60,468.71 ","$48,275.78 "
,TOTAL,,51,"$64,002.72 ","$51,003.78 "
43846,80'S,,371,"$80,329.12 ","$63,624.63 "
,OTHER,,"1,141","$1,435,908.62 ","$1,136,594.04 "
,TOTAL,,"1,512","$1,516,237.74 ","$1,200,218.67 "
43847,80'S,,62,"$14,405.24 ","$11,524.15 "
,OTHER,,179,"$262,575.65 ","$208,911.67 "
,TOTAL,,241,"$276,980.89 ","$220,435.82 "
43848,80'S,,79,"$20,701.30 ","$16,192.43 "
,OTHER,,289,"$450,815.78 ","$348,719.30 "
,TOTAL,,368,"$471,517.08 ","$364,911.73 "
43850,80'S,,9,"$1,874.13 ","$1,499.29 "
,OTHER,,36,"$43,618.39 ","$34,795.50 "
,TOTAL,,45,"$45,492.52 ","$36,294.79 "
43855,80'S,,2,$473.78 ,$379.02 
,OTHER,,7,"$10,105.31 ","$8,084.24 "
,TOTAL,,9,"$10,579.09 ","$8,463.26 "
43860,80'S,,139,"$31,083.36 ","$24,690.27 "
,OTHER,,563,"$752,860.49 ","$598,197.06 "
,TOTAL,,702,"$783,943.85 ","$622,887.33 "
43865,80'S,,11,"$2,638.58 ","$2,110.87 "
,OTHER,,32,"$42,898.93 ","$34,099.54 "
,TOTAL,,43,"$45,537.51 ","$36,210.41 "
43870,SG,,21,"$6,477.00 ","$5,053.31 "
,80'S,,59,"$4,057.77 ","$3,208.78 "
,OTHER,,822,"$382,211.24 ","$303,447.72 "
,TOTAL,,902,"$392,746.01 ","$311,709.81 "
43880,80'S,,21,"$4,719.72 ","$3,775.77 "
,OTHER,,206,"$278,109.94 ","$220,955.42 "
,TOTAL,,227,"$282,829.66 ","$224,731.19 "
43886,80'S,,2,$87.35 ,$69.88 
,OTHER,,32,"$7,600.64 ","$6,031.06 "
,TOTAL,,34,"$7,687.99 ","$6,100.94 "
43887,OTHER,,23,"$5,399.49 ","$4,319.61 "
,TOTAL,,23,"$5,399.49 ","$4,319.61 "
43888,80'S,,3,$423.21 ,$338.57 
,OTHER,,44,"$15,768.68 ","$12,614.91 "
,TOTAL,,47,"$16,191.89 ","$12,953.48 "
43999,80'S,,23,"$3,709.79 ","$2,967.85 "
,OTHER,,"1,447","$295,568.15 ","$235,295.48 "
,TOTAL,,"1,470","$299,277.94 ","$238,263.33 "
44005,80'S,,"2,766","$409,042.27 ","$323,714.00 "
,OTHER,,"17,686","$15,637,334.78 ","$12,410,740.12 "
,TOTAL,,"20,452","$16,046,377.05 ","$12,734,454.12 "
44010,80'S,,138,"$11,076.55 ","$8,777.74 "
,OTHER,,564,"$278,819.31 ","$221,695.87 "
,TOTAL,,702,"$289,895.86 ","$230,473.61 "
44015,80'S,,956,"$22,130.08 ","$17,637.81 "
,OTHER,,"7,166","$1,001,797.99 ","$796,276.10 "
,TOTAL,,"8,122","$1,023,928.07 ","$813,913.91 "
44020,80'S,,149,"$15,990.44 ","$12,747.82 "
,OTHER,,989,"$637,233.58 ","$504,610.18 "
,TOTAL,,"1,138","$653,224.02 ","$517,358.00 "
44021,80'S,,120,"$11,258.90 ","$9,007.11 "
,OTHER,,926,"$543,051.03 ","$431,725.64 "
,TOTAL,,"1,046","$554,309.93 ","$440,732.75 "
44025,80'S,,81,"$8,941.93 ","$7,148.31 "
,OTHER,,544,"$352,076.52 ","$280,918.54 "
,TOTAL,,625,"$361,018.45 ","$288,066.85 "
44050,80'S,,420,"$43,130.34 ","$34,032.98 "
,OTHER,,"2,840","$1,759,361.62 ","$1,398,201.56 "
,TOTAL,,"3,260","$1,802,491.96 ","$1,432,234.54 "
44055,80'S,,42,"$7,717.10 ","$6,158.57 "
,OTHER,,282,"$324,643.37 ","$258,674.44 "
,TOTAL,,324,"$332,360.47 ","$264,833.01 "
44100,SG,,3,$489.95 ,$391.96 
,OTHER,,549,"$31,661.91 ","$25,014.69 "
,TOTAL,,552,"$32,151.86 ","$25,406.65 "
44110,80'S,,303,"$25,693.22 ","$20,404.10 "
,OTHER,,"1,510","$754,297.32 ","$600,434.90 "
,TOTAL,,"1,813","$779,990.54 ","$620,839.00 "
44111,80'S,,43,"$4,183.19 ","$3,336.50 "
,OTHER,,235,"$133,481.49 ","$106,149.45 "
,TOTAL,,278,"$137,664.68 ","$109,485.95 "
44120,80'S,,"5,516","$760,856.74 ","$603,983.19 "
,OTHER,,"31,837","$26,829,423.28 ","$21,341,138.76 "
,TOTAL,,"37,353","$27,590,280.02 ","$21,945,121.95 "
44121,80'S,,473,"$18,673.63 ","$14,887.02 "
,OTHER,,"3,029","$713,871.90 ","$568,613.60 "
,TOTAL,,"3,502","$732,545.53 ","$583,500.62 "
44125,80'S,,218,"$31,541.70 ","$25,024.38 "
,OTHER,,"1,294","$1,094,260.35 ","$871,209.88 "
,TOTAL,,"1,512","$1,125,802.05 ","$896,234.26 "
44126,80'S,,15,"$4,653.10 ","$3,722.48 "
,OTHER,,70,"$138,181.19 ","$110,544.92 "
,TOTAL,,85,"$142,834.29 ","$114,267.40 "
44127,80'S,,2,$784.73 ,$627.78 
,OTHER,,13,"$26,155.29 ","$20,924.24 "
,TOTAL,,15,"$26,940.02 ","$21,552.02 "
44128,80'S,,3,$118.27 ,$94.62 
,OTHER,,21,"$4,931.77 ","$3,945.41 "
,TOTAL,,24,"$5,050.04 ","$4,040.03 "
44130,80'S,,466,"$52,836.55 ","$41,892.88 "
,OTHER,,"2,496","$1,732,226.70 ","$1,379,052.71 "
,TOTAL,,"2,962","$1,785,063.25 ","$1,420,945.59 "
44135,80'S,,3,$621.78 ,$497.43 
,OTHER,,9,"$20,906.28 ","$16,725.04 "
,TOTAL,,12,"$21,528.06 ","$17,222.47 "
44139,80'S,,"3,867","$76,379.09 ","$60,924.85 "
,OTHER,,"19,016","$2,246,693.44 ","$1,786,718.02 "
,TOTAL,,"22,883","$2,323,072.53 ","$1,847,642.87 "
44140,80'S,,"10,167","$1,941,705.56 ","$1,544,484.60 "
,OTHER,,"40,156","$45,301,029.25 ","$36,027,100.73 "
,TOTAL,,"50,323","$47,242,734.81 ","$37,571,585.33 "
44141,80'S,,674,"$126,576.77 ","$100,694.62 "
,OTHER,,"3,503","$3,880,070.48 ","$3,092,830.91 "
,TOTAL,,"4,177","$4,006,647.25 ","$3,193,525.53 "
44143,80'S,,"3,331","$737,070.54 ","$586,109.14 "
,OTHER,,"16,626","$21,745,192.46 ","$17,309,192.74 "
,TOTAL,,"19,957","$22,482,263.00 ","$17,895,301.88 "
44144,80'S,,570,"$113,867.30 ","$90,697.67 "
,OTHER,,"3,112","$3,721,928.54 ","$2,967,443.11 "
,TOTAL,,"3,682","$3,835,795.84 ","$3,058,140.78 "
44145,80'S,,"4,856","$1,176,910.11 ","$936,331.91 "
,OTHER,,"15,145","$21,510,677.45 ","$17,086,894.74 "
,TOTAL,,"20,001","$22,687,587.56 ","$18,023,226.65 "
44146,80'S,,620,"$162,809.41 ","$128,685.04 "
,OTHER,,"2,130","$3,337,865.55 ","$2,655,043.23 "
,TOTAL,,"2,750","$3,500,674.96 ","$2,783,728.27 "
44147,80'S,,292,"$55,012.17 ","$43,797.87 "
,OTHER,,833,"$902,735.53 ","$717,980.17 "
,TOTAL,,"1,125","$957,747.70 ","$761,778.04 "
44150,80'S,,"1,132","$264,368.53 ","$210,081.22 "
,OTHER,,"5,406","$7,507,940.99 ","$5,972,579.16 "
,TOTAL,,"6,538","$7,772,309.52 ","$6,182,660.38 "
44151,80'S,,13,"$3,465.70 ","$2,772.57 "
,OTHER,,94,"$151,992.11 ","$121,593.72 "
,TOTAL,,107,"$155,457.81 ","$124,366.29 "
44152,80'S,,40,"$10,234.43 ","$8,187.53 "
,OTHER,,157,"$232,408.77 ","$185,728.61 "
,TOTAL,,197,"$242,643.20 ","$193,916.14 "
44153,80'S,,43,"$12,771.64 ","$10,136.08 "
,OTHER,,153,"$268,612.95 ","$207,691.34 "
,TOTAL,,196,"$281,384.59 ","$217,827.42 "
44155,80'S,,214,"$56,910.89 ","$45,326.31 "
,OTHER,,801,"$1,273,930.11 ","$1,010,801.19 "
,TOTAL,,"1,015","$1,330,841.00 ","$1,056,127.50 "
44156,80'S,,6,"$1,877.26 ","$1,501.81 "
,OTHER,,25,"$44,021.14 ","$35,216.94 "
,TOTAL,,31,"$45,898.40 ","$36,718.75 "
44160,80'S,,"5,215","$877,701.31 ","$698,012.58 "
,OTHER,,"23,549","$23,327,665.81 ","$18,540,819.00 "
,TOTAL,,"28,764","$24,205,367.12 ","$19,238,831.58 "
44180,80'S,,635,"$81,389.63 ","$64,550.87 "
,OTHER,,"5,330","$4,147,109.35 ","$3,273,637.33 "
,TOTAL,,"5,965","$4,228,498.98 ","$3,338,188.20 "
44186,80'S,,55,"$4,793.60 ","$3,810.34 "
,OTHER,,656,"$345,870.74 ","$274,617.40 "
,TOTAL,,711,"$350,664.34 ","$278,427.74 "
44187,80'S,,48,"$6,759.18 ","$5,407.35 "
,OTHER,,256,"$217,291.05 ","$173,244.30 "
,TOTAL,,304,"$224,050.23 ","$178,651.65 "
44188,80'S,,161,"$27,012.75 ","$21,583.46 "
,OTHER,,"1,206","$1,202,827.91 ","$958,142.46 "
,TOTAL,,"1,367","$1,229,840.66 ","$979,725.92 "
44202,80'S,,346,"$66,797.38 ","$53,406.00 "
,OTHER,,"1,689","$1,952,370.62 ","$1,550,219.89 "
,TOTAL,,"2,035","$2,019,168.00 ","$1,603,625.89 "
44203,80'S,,11,$431.59 ,$345.27 
,OTHER,,78,"$18,789.81 ","$15,012.77 "
,TOTAL,,89,"$19,221.40 ","$15,358.04 "
44204,80'S,,"3,219","$739,907.58 ","$587,523.68 "
,OTHER,,"9,967","$13,657,138.77 ","$10,842,376.85 "
,TOTAL,,"13,186","$14,397,046.35 ","$11,429,900.53 "
44205,80'S,,"2,239","$456,557.24 ","$362,911.40 "
,OTHER,,"7,743","$9,283,968.55 ","$7,379,110.79 "
,TOTAL,,"9,982","$9,740,525.79 ","$7,742,022.19 "
44206,80'S,,224,"$56,855.67 ","$45,463.11 "
,OTHER,,905,"$1,347,636.45 ","$1,072,608.26 "
,TOTAL,,"1,129","$1,404,492.12 ","$1,118,071.37 "
44207,80'S,,"1,662","$453,199.66 ","$360,107.58 "
,OTHER,,"4,441","$7,183,949.78 ","$5,694,240.06 "
,TOTAL,,"6,103","$7,637,149.44 ","$6,054,347.64 "
44208,80'S,,135,"$39,703.33 ","$31,473.10 "
,OTHER,,356,"$632,247.46 ","$501,436.77 "
,TOTAL,,491,"$671,950.79 ","$532,909.87 "
44210,80'S,,115,"$29,944.57 ","$23,575.34 "
,OTHER,,395,"$613,145.40 ","$485,820.41 "
,TOTAL,,510,"$643,089.97 ","$509,395.75 "
44211,80'S,,22,"$7,286.45 ","$5,600.70 "
,OTHER,,78,"$138,770.81 ","$109,603.00 "
,TOTAL,,100,"$146,057.26 ","$115,203.70 "
44212,80'S,,36,"$10,562.95 ","$8,416.28 "
,OTHER,,92,"$155,808.48 ","$123,403.70 "
,TOTAL,,128,"$166,371.43 ","$131,819.98 "
44213,80'S,,"1,079","$33,701.12 ","$26,802.38 "
,OTHER,,"3,841","$725,237.25 ","$575,218.82 "
,TOTAL,,"4,920","$758,938.37 ","$602,021.20 "
44227,80'S,,121,"$28,864.06 ","$22,774.27 "
,OTHER,,382,"$535,597.16 ","$424,071.04 "
,TOTAL,,503,"$564,461.22 ","$446,845.31 "
44238,80'S,,51,"$7,063.37 ","$5,650.69 "
,OTHER,,500,"$403,306.72 ","$322,101.33 "
,TOTAL,,551,"$410,370.09 ","$327,752.02 "
44300,80'S,,270,"$24,310.73 ","$19,439.85 "
,OTHER,,"3,102","$1,902,785.74 ","$1,514,985.64 "
,TOTAL,,"3,372","$1,927,096.47 ","$1,534,425.49 "
44310,80'S,,594,"$61,524.46 ","$48,627.93 "
,OTHER,,"3,509","$2,333,586.04 ","$1,857,472.53 "
,TOTAL,,"4,103","$2,395,110.50 ","$1,906,100.46 "
44312,SG,,7,"$2,135.99 ","$1,708.80 "
,80'S,,15,$909.71 ,$699.61 
,OTHER,,552,"$234,522.53 ","$185,686.89 "
,TOTAL,,574,"$237,568.23 ","$188,095.30 "
44314,80'S,,144,"$18,324.99 ","$14,489.34 "
,OTHER,,920,"$693,640.55 ","$548,640.51 "
,TOTAL,,"1,064","$711,965.54 ","$563,129.85 "
44316,80'S,,5,$945.05 ,$756.04 
,OTHER,,27,"$26,844.72 ","$21,475.76 "
,TOTAL,,32,"$27,789.77 ","$22,231.80 "
44320,80'S,,"1,054","$166,156.28 ","$131,961.63 "
,OTHER,,"7,097","$6,764,239.39 ","$5,376,978.37 "
,TOTAL,,"8,151","$6,930,395.67 ","$5,508,940.00 "
44322,80'S,,9,"$1,132.94 ",$906.36 
,OTHER,,66,"$48,313.01 ","$38,640.72 "
,TOTAL,,75,"$49,445.95 ","$39,547.08 "
44340,SG,,13,"$6,611.49 ","$5,289.19 "
,80'S,,2,$135.46 ,$108.37 
,OTHER,,809,"$348,117.62 ","$275,837.36 "
,TOTAL,,824,"$354,864.57 ","$281,234.92 "
44345,80'S,,154,"$21,203.17 ","$16,491.82 "
,OTHER,,"1,136","$905,275.53 ","$718,079.43 "
,TOTAL,,"1,290","$926,478.70 ","$734,571.25 "
44346,80'S,,328,"$49,779.62 ","$39,350.51 "
,OTHER,,"1,897","$1,717,203.92 ","$1,357,236.33 "
,TOTAL,,"2,225","$1,766,983.54 ","$1,396,586.84 "
44360,SG,,600,"$237,622.60 ","$187,592.54 "
,80'S,,1,$26.37 ,$21.10 
,OTHER,,"6,682","$882,913.75 ","$696,943.40 "
,TOTAL,,"7,283","$1,120,562.72 ","$884,557.04 "
44361,SG,,"3,292","$1,226,041.22 ","$969,452.05 "
,OTHER,,"14,015","$1,771,010.60 ","$1,392,199.92 "
,TOTAL,,"17,307","$2,997,051.82 ","$2,361,651.97 "
44363,SG,,19,"$7,494.75 ","$5,995.76 "
,OTHER,,146,"$21,907.06 ","$17,256.21 "
,TOTAL,,165,"$29,401.81 ","$23,251.97 "
44364,SG,,44,"$18,030.35 ","$14,131.37 "
,OTHER,,277,"$49,329.29 ","$38,814.53 "
,TOTAL,,321,"$67,359.64 ","$52,945.90 "
44365,SG,,36,"$15,617.88 ","$12,395.09 "
,OTHER,,209,"$32,605.25 ","$25,876.86 "
,TOTAL,,245,"$48,223.13 ","$38,271.95 "
44366,SG,,157,"$61,349.60 ","$48,571.64 "
,OTHER,,"2,795","$657,471.61 ","$520,043.19 "
,TOTAL,,"2,952","$718,821.21 ","$568,614.83 "
44369,SG,,83,"$34,418.46 ","$27,186.42 "
,OTHER,,991,"$235,286.58 ","$186,154.80 "
,TOTAL,,"1,074","$269,705.04 ","$213,341.22 "
44370,OTHER,,70,"$18,300.43 ","$14,291.75 "
,TOTAL,,70,"$18,300.43 ","$14,291.75 "
44372,SG,,10,"$4,120.34 ","$3,296.29 "
,OTHER,,"1,756","$422,047.76 ","$336,102.97 "
,TOTAL,,"1,766","$426,168.10 ","$339,399.26 "
44373,SG,,7,"$2,217.28 ","$1,773.83 "
,OTHER,,"2,101","$329,480.50 ","$261,292.06 "
,TOTAL,,"2,108","$331,697.78 ","$263,065.89 "
44376,SG,,214,"$65,569.16 ","$52,210.41 "
,80'S,,1,$45.80 ,$36.64 
,OTHER,,"2,176","$607,756.56 ","$480,397.32 "
,TOTAL,,"2,391","$673,371.52 ","$532,644.37 "
44377,SG,,71,"$27,327.45 ","$21,851.46 "
,OTHER,,"1,611","$476,336.88 ","$376,176.10 "
,TOTAL,,"1,682","$503,664.33 ","$398,027.56 "
44378,SG,,14,"$5,941.23 ","$4,683.89 "
,OTHER,,586,"$229,234.24 ","$182,496.97 "
,TOTAL,,600,"$235,175.47 ","$187,180.86 "
44379,OTHER,,14,"$5,648.99 ","$4,519.19 "
,TOTAL,,14,"$5,648.99 ","$4,519.19 "
44380,SG,,197,"$52,617.06 ","$40,730.60 "
,OTHER,,"1,896","$90,663.14 ","$70,378.57 "
,TOTAL,,"2,093","$143,280.20 ","$111,109.17 "
44382,SG,,100,"$25,827.03 ","$20,170.93 "
,OTHER,,"1,150","$74,017.08 ","$57,761.16 "
,TOTAL,,"1,250","$99,844.11 ","$77,932.09 "
44383,SG,,16,"$20,888.58 ","$15,781.36 "
,OTHER,,230,"$35,190.93 ","$27,503.98 "
,TOTAL,,246,"$56,079.51 ","$43,285.34 "
44385,SG,,45,"$13,096.30 ","$10,156.19 "
,OTHER,,849,"$105,962.65 ","$79,701.45 "
,TOTAL,,894,"$119,058.95 ","$89,857.64 "
44386,SG,,55,"$16,245.30 ","$12,664.35 "
,OTHER,,543,"$93,751.49 ","$72,755.95 "
,TOTAL,,598,"$109,996.79 ","$85,420.30 "
44388,SG,,"1,407","$434,713.59 ","$341,844.20 "
,OTHER,,"5,441","$824,157.49 ","$643,011.73 "
,TOTAL,,"6,848","$1,258,871.08 ","$984,855.93 "
44389,SG,,451,"$131,801.09 ","$102,999.98 "
,OTHER,,"1,759","$280,006.46 ","$219,725.97 "
,TOTAL,,"2,210","$411,807.55 ","$322,725.95 "
44390,SG,,7,"$2,102.48 ","$1,681.99 "
,OTHER,,32,"$6,704.27 ","$5,363.41 "
,TOTAL,,39,"$8,806.75 ","$7,045.40 "
44391,SG,,9,"$2,477.82 ","$1,982.27 "
,OTHER,,199,"$44,955.13 ","$35,818.00 "
,TOTAL,,208,"$47,432.95 ","$37,800.27 "
44392,SG,,144,"$42,419.61 ","$33,466.09 "
,OTHER,,839,"$166,048.76 ","$130,569.87 "
,TOTAL,,983,"$208,468.37 ","$164,035.96 "
44393,SG,,43,"$12,235.82 ","$9,341.92 "
,OTHER,,189,"$49,880.06 ","$39,087.77 "
,TOTAL,,232,"$62,115.88 ","$48,429.69 "
44394,SG,,386,"$120,357.75 ","$93,771.80 "
,OTHER,,"1,156","$282,052.52 ","$221,275.83 "
,TOTAL,,"1,542","$402,410.27 ","$315,047.63 "
44397,OTHER,,13,"$3,263.42 ","$2,610.73 "
,TOTAL,,13,"$3,263.42 ","$2,610.73 "
44500,80'S,,3,$12.78 ,$10.23 
,OTHER,,"13,972","$350,639.48 ","$277,164.63 "
,TOTAL,,"13,975","$350,652.26 ","$277,174.86 "
44602,80'S,,816,"$94,543.68 ","$75,533.88 "
,OTHER,,"5,093","$3,647,257.84 ","$2,902,129.10 "
,TOTAL,,"5,909","$3,741,801.52 ","$2,977,662.98 "
44603,80'S,,366,"$50,824.00 ","$40,406.84 "
,OTHER,,"1,827","$1,599,754.16 ","$1,273,032.58 "
,TOTAL,,"2,193","$1,650,578.16 ","$1,313,439.42 "
44604,80'S,,374,"$46,218.73 ","$36,372.35 "
,OTHER,,"2,397","$1,779,039.34 ","$1,411,483.20 "
,TOTAL,,"2,771","$1,825,258.07 ","$1,447,855.55 "
44605,80'S,,55,"$9,029.53 ","$7,216.55 "
,OTHER,,289,"$292,292.37 ","$231,329.22 "
,TOTAL,,344,"$301,321.90 ","$238,545.77 "
44615,80'S,,106,"$13,711.91 ","$10,958.43 "
,OTHER,,737,"$560,382.13 ","$444,266.67 "
,TOTAL,,843,"$574,094.04 ","$455,225.10 "
44620,80'S,,436,"$43,752.82 ","$34,579.26 "
,OTHER,,"2,807","$1,694,211.39 ","$1,340,243.11 "
,TOTAL,,"3,243","$1,737,964.21 ","$1,374,822.37 "
44625,80'S,,731,"$95,362.30 ","$75,590.94 "
,OTHER,,"3,825","$2,988,049.90 ","$2,366,104.14 "
,TOTAL,,"4,556","$3,083,412.20 ","$2,441,695.08 "
44626,80'S,,"1,444","$331,139.68 ","$262,945.03 "
,OTHER,,"4,907","$6,633,825.16 ","$5,272,293.19 "
,TOTAL,,"6,351","$6,964,964.84 ","$5,535,238.22 "
44640,80'S,,180,"$34,177.68 ","$27,028.32 "
,OTHER,,"1,284","$1,404,970.26 ","$1,119,106.72 "
,TOTAL,,"1,464","$1,439,147.94 ","$1,146,135.04 "
44650,80'S,,80,"$14,604.79 ","$11,683.87 "
,OTHER,,413,"$435,904.18 ","$347,772.12 "
,TOTAL,,493,"$450,508.97 ","$359,455.99 "
44660,80'S,,87,"$13,167.47 ","$10,533.95 "
,OTHER,,333,"$313,620.27 ","$249,561.92 "
,TOTAL,,420,"$326,787.74 ","$260,095.87 "
44661,80'S,,199,"$41,081.76 ","$32,810.65 "
,OTHER,,787,"$961,586.67 ","$762,984.14 "
,TOTAL,,986,"$1,002,668.43 ","$795,794.79 "
44680,80'S,,8,"$1,162.54 ",$930.04 
,OTHER,,81,"$47,419.35 ","$37,440.55 "
,TOTAL,,89,"$48,581.89 ","$38,370.59 "
44700,80'S,,195,"$16,223.18 ","$12,821.86 "
,OTHER,,566,"$291,225.09 ","$230,789.61 "
,TOTAL,,761,"$307,448.27 ","$243,611.47 "
44701,80'S,,26,$714.58 ,$571.68 
,OTHER,,225,"$38,264.85 ","$30,397.31 "
,TOTAL,,251,"$38,979.43 ","$30,968.99 "
44715,80'S,,1,$69.29 ,$55.43 
,OTHER,,8,"$2,835.44 ","$2,268.36 "
,TOTAL,,9,"$2,904.73 ","$2,323.79 "
44720,OTHER,,1,$269.33 ,$215.46 
,TOTAL,,1,$269.33 ,$215.46 
44721,OTHER,,7,"$1,817.76 ","$1,454.20 "
,TOTAL,,7,"$1,817.76 ","$1,454.20 "
44799,80'S,,48,"$5,808.89 ","$4,647.01 "
,OTHER,,"1,243","$381,078.40 ","$304,511.51 "
,TOTAL,,"1,291","$386,887.29 ","$309,158.52 "
44800,80'S,,147,"$9,480.95 ","$7,541.90 "
,OTHER,,840,"$347,700.99 ","$275,663.86 "
,TOTAL,,987,"$357,181.94 ","$283,205.76 "
44820,80'S,,30,"$2,787.57 ","$2,230.05 "
,OTHER,,152,"$93,954.10 ","$75,043.72 "
,TOTAL,,182,"$96,741.67 ","$77,273.77 "
44850,80'S,,40,"$2,971.33 ","$2,369.91 "
,OTHER,,152,"$80,134.56 ","$63,667.74 "
,TOTAL,,192,"$83,105.89 ","$66,037.65 "
44899,80'S,,1,$186.10 ,$148.88 
,OTHER,,27,"$12,584.41 ","$10,067.54 "
,TOTAL,,28,"$12,770.51 ","$10,216.42 "
44900,80'S,,11,$915.68 ,$732.54 
,OTHER,,212,"$97,625.06 ","$77,345.79 "
,TOTAL,,223,"$98,540.74 ","$78,078.33 "
44901,OTHER,,191,"$32,780.67 ","$25,940.50 "
,TOTAL,,191,"$32,780.67 ","$25,940.50 "
44950,80'S,,330,"$31,179.26 ","$24,519.12 "
,OTHER,,"5,988","$3,394,424.48 ","$2,679,299.11 "
,TOTAL,,"6,318","$3,425,603.74 ","$2,703,818.23 "
44955,80'S,,728,"$9,975.15 ","$7,966.03 "
,OTHER,,"4,903","$401,817.38 ","$319,280.81 "
,TOTAL,,"5,631","$411,792.53 ","$327,246.84 "
44960,80'S,,314,"$34,224.46 ","$26,749.12 "
,OTHER,,"4,704","$3,248,622.65 ","$2,569,282.76 "
,TOTAL,,"5,018","$3,282,847.11 ","$2,596,031.88 "
44970,80'S,,547,"$42,436.69 ","$33,370.71 "
,OTHER,,"12,426","$6,114,228.30 ","$4,811,692.02 "
,TOTAL,,"12,973","$6,156,664.99 ","$4,845,062.73 "
44979,80'S,,2,$124.74 ,$99.79 
,OTHER,,74,"$40,549.97 ","$32,114.64 "
,TOTAL,,76,"$40,674.71 ","$32,214.43 "
45000,SG,,3,$827.64 ,$662.11 
,OTHER,,215,"$55,252.36 ","$43,503.25 "
,TOTAL,,218,"$56,080.00 ","$44,165.36 "
45005,SG,,16,"$6,816.14 ","$4,998.70 "
,OTHER,,375,"$59,761.85 ","$46,632.27 "
,TOTAL,,391,"$66,577.99 ","$51,630.97 "
45020,SG,,2,$941.00 ,$752.80 
,OTHER,,530,"$153,735.80 ","$120,997.48 "
,TOTAL,,532,"$154,676.80 ","$121,750.28 "
45100,SG,,153,"$41,005.70 ","$32,341.06 "
,OTHER,,"1,469","$319,123.71 ","$250,602.48 "
,TOTAL,,"1,622","$360,129.41 ","$282,943.54 "
45108,SG,,3,"$1,103.18 ",$882.55 
,80'S,,2,$73.40 ,$58.72 
,OTHER,,73,"$19,896.87 ","$15,503.62 "
,TOTAL,,78,"$21,073.45 ","$16,444.89 "
45110,80'S,,"1,095","$287,150.01 ","$228,446.00 "
,OTHER,,"3,165","$4,841,982.81 ","$3,852,730.01 "
,TOTAL,,"4,260","$5,129,132.82 ","$4,081,176.01 "
45111,80'S,,120,"$15,266.92 ","$12,207.46 "
,OTHER,,457,"$358,256.32 ","$282,769.07 "
,TOTAL,,577,"$373,523.24 ","$294,976.53 "
45112,80'S,,80,"$22,031.22 ","$17,459.95 "
,OTHER,,293,"$493,645.78 ","$393,471.53 "
,TOTAL,,373,"$515,677.00 ","$410,931.48 "
45113,80'S,,24,"$6,767.62 ","$4,993.81 "
,OTHER,,83,"$140,407.09 ","$109,647.85 "
,TOTAL,,107,"$147,174.71 ","$114,641.66 "
45114,80'S,,14,"$3,368.21 ","$2,561.17 "
,OTHER,,55,"$83,487.78 ","$65,956.45 "
,TOTAL,,69,"$86,855.99 ","$68,517.62 "
45116,80'S,,8,"$1,853.08 ","$1,482.48 "
,OTHER,,22,"$28,812.99 ","$23,050.38 "
,TOTAL,,30,"$30,666.07 ","$24,532.86 "
45119,80'S,,73,"$20,516.70 ","$16,381.21 "
,OTHER,,346,"$575,529.91 ","$448,881.41 "
,TOTAL,,419,"$596,046.61 ","$465,262.62 "
45120,80'S,,4,$912.88 ,$730.30 
,OTHER,,23,"$27,050.81 ","$21,620.61 "
,TOTAL,,27,"$27,963.69 ","$22,350.91 "
45121,80'S,,3,$798.80 ,$639.03 
,OTHER,,21,"$30,580.30 ","$24,464.26 "
,TOTAL,,24,"$31,379.10 ","$25,103.29 "
45123,80'S,,82,"$12,332.63 ","$9,691.44 "
,OTHER,,525,"$481,686.62 ","$382,568.41 "
,TOTAL,,607,"$494,019.25 ","$392,259.85 "
45126,80'S,,23,"$9,803.24 ","$7,842.59 "
,OTHER,,115,"$249,405.16 ","$196,524.80 "
,TOTAL,,138,"$259,208.40 ","$204,367.39 "
45130,80'S,,362,"$54,774.00 ","$43,406.16 "
,OTHER,,"2,188","$1,990,859.44 ","$1,581,518.74 "
,TOTAL,,"2,550","$2,045,633.44 ","$1,624,924.90 "
45135,80'S,,10,"$1,852.53 ","$1,482.03 "
,OTHER,,40,"$42,883.13 ","$34,081.55 "
,TOTAL,,50,"$44,735.66 ","$35,563.58 "
45136,80'S,,8,"$1,982.47 ","$1,443.03 "
,OTHER,,42,"$63,589.29 ","$49,828.63 "
,TOTAL,,50,"$65,571.76 ","$51,271.66 "
45150,SG,,8,"$3,100.50 ","$2,480.40 "
,OTHER,,80,"$26,247.78 ","$20,892.19 "
,TOTAL,,88,"$29,348.28 ","$23,372.59 "
45160,SG,,6,"$2,663.16 ","$2,130.53 "
,80'S,,16,"$2,222.26 ","$1,670.12 "
,OTHER,,118,"$96,168.87 ","$75,669.97 "
,TOTAL,,140,"$101,054.29 ","$79,470.62 "
45170,SG,,493,"$205,550.88 ","$162,884.38 "
,80'S,,311,"$31,923.77 ","$25,273.03 "
,OTHER,,"7,024","$4,590,100.06 ","$3,633,390.38 "
,TOTAL,,"7,828","$4,827,574.71 ","$3,821,547.79 "
45190,SG,,34,"$46,651.79 ","$37,164.75 "
,80'S,,7,$536.51 ,$429.22 
,OTHER,,404,"$233,801.81 ","$185,761.57 "
,TOTAL,,445,"$280,990.11 ","$223,355.54 "
45300,OTHER,,"48,951","$3,135,360.33 ","$2,346,607.23 "
,TOTAL,,"48,951","$3,135,360.33 ","$2,346,607.23 "
45303,OTHER,,648,"$236,086.68 ","$185,871.88 "
,TOTAL,,648,"$236,086.68 ","$185,871.88 "
45305,SG,,76,"$21,457.31 ","$16,615.39 "
,OTHER,,"1,805","$166,268.45 ","$127,996.34 "
,TOTAL,,"1,881","$187,725.76 ","$144,611.73 "
45307,SG,,1,$343.37 ,$274.70 
,OTHER,,123,"$10,248.80 ","$7,865.50 "
,TOTAL,,124,"$10,592.17 ","$8,140.20 "
45308,SG,,14,"$4,526.25 ","$3,621.03 "
,OTHER,,166,"$10,631.99 ","$7,818.99 "
,TOTAL,,180,"$15,158.24 ","$11,440.02 "
45309,SG,,17,"$4,855.26 ","$3,847.57 "
,OTHER,,165,"$21,579.44 ","$16,628.00 "
,TOTAL,,182,"$26,434.70 ","$20,475.57 "
45315,SG,,9,"$2,637.86 ","$2,110.28 "
,OTHER,,109,"$8,322.46 ","$6,550.40 "
,TOTAL,,118,"$10,960.32 ","$8,660.68 "
45317,SG,,11,"$3,584.39 ","$2,660.20 "
,OTHER,,872,"$100,474.90 ","$77,999.24 "
,TOTAL,,883,"$104,059.29 ","$80,659.44 "
45320,SG,,19,"$5,484.54 ","$4,363.23 "
,OTHER,,162,"$17,480.25 ","$13,444.31 "
,TOTAL,,181,"$22,964.79 ","$17,807.54 "
45321,OTHER,,301,"$20,607.58 ","$16,297.67 "
,TOTAL,,301,"$20,607.58 ","$16,297.67 "
45327,OTHER,,24,"$2,238.68 ","$1,790.96 "
,TOTAL,,24,"$2,238.68 ","$1,790.96 "
45330,80'S,,1,$10.19 ,$8.15 
,OTHER,,"93,586","$7,908,689.32 ","$5,947,332.17 "
,TOTAL,,"93,587","$7,908,699.51 ","$5,947,340.32 "
45331,SG,,"5,725","$1,720,360.86 ","$1,345,291.36 "
,OTHER,,"37,192","$2,932,778.10 ","$2,252,271.58 "
,TOTAL,,"42,917","$4,653,138.96 ","$3,597,562.94 "
45332,SG,,14,"$3,769.06 ","$3,015.26 "
,OTHER,,257,"$26,109.66 ","$20,326.38 "
,TOTAL,,271,"$29,878.72 ","$23,341.64 "
45333,SG,,532,"$161,649.80 ","$125,989.84 "
,OTHER,,"3,033","$342,040.22 ","$259,028.00 "
,TOTAL,,"3,565","$503,690.02 ","$385,017.84 "
45334,SG,,304,"$95,191.25 ","$75,012.98 "
,OTHER,,"3,631","$545,081.41 ","$425,226.24 "
,TOTAL,,"3,935","$640,272.66 ","$500,239.22 "
45335,SG,,360,"$102,474.98 ","$81,356.85 "
,OTHER,,"1,874","$138,936.41 ","$108,968.90 "
,TOTAL,,"2,234","$241,411.39 ","$190,325.75 "
45337,SG,,2,$668.87 ,$535.10 
,OTHER,,946,"$124,144.49 ","$98,153.13 "
,TOTAL,,948,"$124,813.36 ","$98,688.23 "
45338,SG,,"1,063","$330,978.17 ","$258,662.09 "
,OTHER,,"4,847","$639,851.27 ","$489,083.82 "
,TOTAL,,"5,910","$970,829.44 ","$747,745.91 "
45339,SG,,255,"$78,576.88 ","$61,976.81 "
,OTHER,,"2,061","$364,315.25 ","$280,531.68 "
,TOTAL,,"2,316","$442,892.13 ","$342,508.49 "
45340,SG,,130,"$40,939.55 ","$32,380.92 "
,OTHER,,"1,053","$119,208.38 ","$92,000.18 "
,TOTAL,,"1,183","$160,147.93 ","$124,381.10 "
45341,SG,,170,"$54,614.38 ","$42,611.36 "
,OTHER,,"2,668","$382,894.11 ","$299,400.34 "
,TOTAL,,"2,838","$437,508.49 ","$342,011.70 "
45342,SG,,30,"$9,570.76 ","$7,605.80 "
,OTHER,,245,"$53,843.07 ","$42,463.61 "
,TOTAL,,275,"$63,413.83 ","$50,069.41 "
45345,SG,,3,$979.82 ,$783.85 
,OTHER,,309,"$49,967.19 ","$39,293.96 "
,TOTAL,,312,"$50,947.01 ","$40,077.81 "
45355,SG,,96,"$28,650.73 ","$22,580.69 "
,OTHER,,976,"$178,625.48 ","$140,534.57 "
,TOTAL,,"1,072","$207,276.21 ","$163,115.26 "
45378,SG,,"335,179","$145,639,054.43 ","$113,870,841.37 "
,OTHER,,"1,064,879","$225,566,034.02 ","$175,040,221.32 "
,TOTAL,,"1,400,058","$371,205,088.45 ","$288,911,062.69 "
45379,SG,,180,"$71,619.42 ","$56,612.83 "
,OTHER,,924,"$225,603.37 ","$177,397.54 "
,TOTAL,,"1,104","$297,222.79 ","$234,010.37 "
45380,SG,,"275,151","$111,104,420.27 ","$87,074,042.55 "
,OTHER,,"750,767","$165,814,362.46 ","$129,297,628.51 "
,TOTAL,,"1,025,918","$276,918,782.73 ","$216,371,671.06 "
45381,SG,,"12,065","$3,312,339.37 ","$2,615,987.67 "
,OTHER,,"34,742","$1,621,817.16 ","$1,281,297.50 "
,TOTAL,,"46,807","$4,934,156.53 ","$3,897,285.17 "
45382,SG,,"2,604","$990,241.14 ","$783,213.28 "
,OTHER,,"21,547","$6,729,120.52 ","$5,326,395.11 "
,TOTAL,,"24,151","$7,719,361.66 ","$6,109,608.39 "
45383,SG,,"21,700","$8,978,820.26 ","$7,024,045.20 "
,OTHER,,"72,783","$24,593,476.74 ","$19,230,581.27 "
,TOTAL,,"94,483","$33,572,297.00 ","$26,254,626.47 "
45384,SG,,"97,726","$39,278,571.30 ","$30,779,565.27 "
,OTHER,,"272,766","$61,966,166.62 ","$48,152,177.87 "
,TOTAL,,"370,492","$101,244,737.92 ","$78,931,743.14 "
45385,SG,,"256,724","$110,545,880.02 ","$86,429,824.46 "
,OTHER,,"699,148","$209,277,033.67 ","$163,010,425.11 "
,TOTAL,,"955,872","$319,822,913.69 ","$249,440,249.57 "
45386,SG,,470,"$189,722.36 ","$148,017.74 "
,OTHER,,"2,195","$522,582.16 ","$405,690.37 "
,TOTAL,,"2,665","$712,304.52 ","$553,708.11 "
45387,SG,,9,"$2,666.29 ","$2,133.03 "
,OTHER,,603,"$196,333.67 ","$156,307.63 "
,TOTAL,,612,"$198,999.96 ","$158,440.66 "
45391,SG,,14,"$6,002.91 ","$4,712.64 "
,OTHER,,366,"$91,674.09 ","$72,177.14 "
,TOTAL,,380,"$97,677.00 ","$76,889.78 "
45392,SG,,3,$886.22 ,$708.97 
,OTHER,,54,"$19,490.70 ","$15,362.36 "
,TOTAL,,57,"$20,376.92 ","$16,071.33 "
45395,80'S,,78,"$22,337.79 ","$17,870.22 "
,OTHER,,205,"$335,150.96 ","$266,831.79 "
,TOTAL,,283,"$357,488.75 ","$284,702.01 "
45397,80'S,,21,"$6,539.53 ","$5,231.64 "
,OTHER,,71,"$129,553.23 ","$103,396.16 "
,TOTAL,,92,"$136,092.76 ","$108,627.80 "
45400,80'S,,26,"$4,125.37 ","$3,300.31 "
,OTHER,,116,"$110,576.75 ","$86,652.59 "
,TOTAL,,142,"$114,702.12 ","$89,952.90 "
45402,80'S,,27,"$6,141.96 ","$4,913.60 "
,OTHER,,102,"$135,944.03 ","$107,867.14 "
,TOTAL,,129,"$142,085.99 ","$112,780.74 "
45499,80'S,,3,$498.79 ,$399.03 
,OTHER,,27,"$21,405.24 ","$17,124.21 "
,TOTAL,,30,"$21,904.03 ","$17,523.24 "
45500,SG,,19,"$6,032.09 ","$4,743.15 "
,80'S,,2,$61.38 ,$49.10 
,OTHER,,103,"$37,265.18 ","$29,757.80 "
,TOTAL,,124,"$43,358.65 ","$34,550.05 "
45505,SG,,66,"$20,155.57 ","$16,072.54 "
,OTHER,,569,"$247,359.32 ","$195,645.18 "
,TOTAL,,635,"$267,514.89 ","$211,717.72 "
45520,OTHER,,229,"$11,916.68 ","$9,183.54 "
,TOTAL,,229,"$11,916.68 ","$9,183.54 "
45540,80'S,,129,"$17,000.15 ","$13,326.77 "
,OTHER,,448,"$358,550.16 ","$283,467.96 "
,TOTAL,,577,"$375,550.31 ","$296,794.73 "
45541,80'S,,46,"$5,619.82 ","$4,450.92 "
,OTHER,,551,"$391,155.00 ","$308,870.01 "
,TOTAL,,597,"$396,774.82 ","$313,320.93 "
45550,80'S,,166,"$33,306.49 ","$26,494.99 "
,OTHER,,496,"$594,428.13 ","$471,466.26 "
,TOTAL,,662,"$627,734.62 ","$497,961.25 "
45560,SG,,69,"$27,291.36 ","$21,634.58 "
,80'S,,631,"$42,960.10 ","$33,793.54 "
,OTHER,,"2,429","$1,081,744.55 ","$853,994.72 "
,TOTAL,,"3,129","$1,151,996.01 ","$909,422.84 "
45562,80'S,,17,"$1,907.18 ","$1,518.83 "
,OTHER,,127,"$95,145.32 ","$76,023.62 "
,TOTAL,,144,"$97,052.50 ","$77,542.45 "
45563,80'S,,11,"$2,598.85 ","$1,868.19 "
,OTHER,,50,"$66,182.99 ","$50,717.06 "
,TOTAL,,61,"$68,781.84 ","$52,585.25 "
45800,80'S,,36,"$3,924.25 ","$3,139.43 "
,OTHER,,130,"$91,031.77 ","$72,320.00 "
,TOTAL,,166,"$94,956.02 ","$75,459.43 "
45805,80'S,,5,$796.15 ,$636.93 
,OTHER,,27,"$22,698.12 ","$18,158.49 "
,TOTAL,,32,"$23,494.27 ","$18,795.42 "
45820,80'S,,9,"$1,322.54 ","$1,058.03 "
,OTHER,,49,"$42,563.59 ","$33,547.87 "
,TOTAL,,58,"$43,886.13 ","$34,605.90 "
45825,80'S,,3,$625.42 ,$500.34 
,OTHER,,4,"$5,023.60 ","$4,018.87 "
,TOTAL,,7,"$5,649.02 ","$4,519.21 "
45900,SG,,4,"$1,373.74 ","$1,099.00 "
,OTHER,,153,"$24,160.17 ","$18,904.44 "
,TOTAL,,157,"$25,533.91 ","$20,003.44 "
45905,SG,,95,"$28,147.94 ","$21,879.75 "
,OTHER,,721,"$93,487.15 ","$72,394.30 "
,TOTAL,,816,"$121,635.09 ","$94,274.05 "
45910,SG,,61,"$17,809.10 ","$13,704.82 "
,OTHER,,423,"$67,714.04 ","$52,395.65 "
,TOTAL,,484,"$85,523.14 ","$66,100.47 "
45915,SG,,38,"$11,044.67 ","$8,809.83 "
,OTHER,,"3,006","$663,667.43 ","$524,055.19 "
,TOTAL,,"3,044","$674,712.10 ","$532,865.02 "
45990,SG,,112,"$39,937.65 ","$31,612.22 "
,80'S,,2,$31.53 ,$25.22 
,OTHER,,"1,906","$155,267.85 ","$122,682.51 "
,TOTAL,,"2,020","$195,237.03 ","$154,319.95 "
45999,80'S,,8,"$1,079.20 ",$863.36 
,OTHER,,371,"$95,891.46 ","$76,177.66 "
,TOTAL,,379,"$96,970.66 ","$77,041.02 "
46020,SG,,42,"$15,616.76 ","$12,335.28 "
,OTHER,,500,"$76,184.44 ","$59,857.61 "
,TOTAL,,542,"$91,801.20 ","$72,192.89 "
46030,SG,,12,"$2,761.89 ","$2,008.58 "
,OTHER,,148,"$10,342.48 ","$7,661.62 "
,TOTAL,,160,"$13,104.37 ","$9,670.20 "
46040,SG,,97,"$49,094.89 ","$38,640.01 "
,80'S,,1,$54.52 ,$43.62 
,OTHER,,"5,941","$2,062,242.36 ","$1,614,885.54 "
,TOTAL,,"6,039","$2,111,391.77 ","$1,653,569.17 "
46045,SG,,16,"$6,654.70 ","$5,323.76 "
,OTHER,,360,"$97,699.70 ","$76,694.96 "
,TOTAL,,376,"$104,354.40 ","$82,018.72 "
46050,SG,,40,"$10,707.26 ","$8,565.83 "
,OTHER,,"2,923","$321,524.65 ","$243,773.11 "
,TOTAL,,"2,963","$332,231.91 ","$252,338.94 "
46060,SG,,49,"$21,219.97 ","$16,642.58 "
,OTHER,,"1,077","$367,145.43 ","$289,084.49 "
,TOTAL,,"1,126","$388,365.40 ","$305,727.07 "
46080,SG,,391,"$196,614.99 ","$154,082.06 "
,OTHER,,"2,346","$320,579.95 ","$248,816.30 "
,TOTAL,,"2,737","$517,194.94 ","$402,898.36 "
46083,OTHER,,"3,395","$433,515.80 ","$310,604.95 "
,TOTAL,,"3,395","$433,515.80 ","$310,604.95 "
46200,SG,,291,"$117,719.73 ","$91,417.46 "
,OTHER,,"1,867","$431,968.44 ","$336,019.97 "
,TOTAL,,"2,158","$549,688.17 ","$427,437.43 "
46210,SG,,2,$442.90 ,$354.32 
,OTHER,,43,"$7,106.00 ","$5,684.77 "
,TOTAL,,45,"$7,548.90 ","$6,039.09 "
46211,SG,,28,"$13,272.87 ","$10,144.91 "
,OTHER,,52,"$18,139.68 ","$14,313.28 "
,TOTAL,,80,"$31,412.55 ","$24,458.19 "
46220,SG,,80,"$24,139.37 ","$19,097.45 "
,OTHER,,944,"$115,193.89 ","$87,535.25 "
,TOTAL,,"1,024","$139,333.26 ","$106,632.70 "
46221,OTHER,,"36,721","$6,181,405.95 ","$4,746,794.47 "
,TOTAL,,"36,721","$6,181,405.95 ","$4,746,794.47 "
46230,SG,,139,"$34,506.80 ","$27,130.55 "
,OTHER,,"1,535","$240,358.25 ","$183,377.59 "
,TOTAL,,"1,674","$274,865.05 ","$210,508.14 "
46250,SG,,257,"$122,979.65 ","$95,939.83 "
,OTHER,,"2,084","$551,509.11 ","$427,868.08 "
,TOTAL,,"2,341","$674,488.76 ","$523,807.91 "
46255,SG,,571,"$280,585.71 ","$221,648.77 "
,OTHER,,"4,274","$1,242,953.44 ","$974,720.60 "
,TOTAL,,"4,845","$1,523,539.15 ","$1,196,369.37 "
46257,SG,,31,"$15,202.74 ","$12,063.02 "
,OTHER,,235,"$74,944.28 ","$58,974.33 "
,TOTAL,,266,"$90,147.02 ","$71,037.35 "
46258,SG,,12,"$6,343.23 ","$5,074.58 "
,80'S,,1,$46.66 ,$37.33 
,OTHER,,73,"$25,579.03 ","$20,114.11 "
,TOTAL,,86,"$31,968.92 ","$25,226.02 "
46260,SG,,"1,012","$512,647.51 ","$400,994.18 "
,80'S,,1,$57.65 ,$46.12 
,OTHER,,"8,909","$3,330,881.90 ","$2,613,149.38 "
,TOTAL,,"9,922","$3,843,587.06 ","$3,014,189.68 "
46261,SG,,63,"$39,625.31 ","$31,571.31 "
,OTHER,,618,"$254,906.15 ","$201,197.58 "
,TOTAL,,681,"$294,531.46 ","$232,768.89 "
46262,SG,,24,"$15,281.88 ","$11,865.08 "
,OTHER,,249,"$111,697.25 ","$87,316.53 "
,TOTAL,,273,"$126,979.13 ","$99,181.61 "
46270,SG,,308,"$152,706.00 ","$119,851.46 "
,OTHER,,"1,624","$400,749.41 ","$313,057.83 "
,TOTAL,,"1,932","$553,455.41 ","$432,909.29 "
46275,SG,,143,"$71,715.49 ","$55,288.64 "
,OTHER,,"1,130","$332,397.51 ","$260,198.79 "
,TOTAL,,"1,273","$404,113.00 ","$315,487.43 "
46280,SG,,168,"$104,735.54 ","$82,167.43 "
,80'S,,1,$60.09 ,$48.07 
,OTHER,,"1,572","$568,513.02 ","$445,639.46 "
,TOTAL,,"1,741","$673,308.65 ","$527,854.96 "
46285,SG,,17,"$5,374.60 ","$4,299.69 "
,OTHER,,130,"$34,150.19 ","$26,343.18 "
,TOTAL,,147,"$39,524.79 ","$30,642.87 "
46288,SG,,12,"$7,530.74 ","$5,985.15 "
,80'S,,1,$40.08 ,$32.06 
,OTHER,,198,"$79,063.11 ","$62,364.32 "
,TOTAL,,211,"$86,633.93 ","$68,381.53 "
46320,OTHER,,"2,521","$335,492.75 ","$248,989.57 "
,TOTAL,,"2,521","$335,492.75 ","$248,989.57 "
46500,OTHER,,"9,522","$1,436,967.67 ","$1,097,224.45 "
,TOTAL,,"9,522","$1,436,967.67 ","$1,097,224.45 "
46505,OTHER,,234,"$38,605.02 ","$29,549.93 "
,TOTAL,,234,"$38,605.02 ","$29,549.93 "
46600,OTHER,,"98,367","$7,239,533.88 ","$5,404,038.55 "
,TOTAL,,"98,367","$7,239,533.88 ","$5,404,038.55 "
46604,OTHER,,"1,479","$353,169.77 ","$274,090.13 "
,TOTAL,,"1,479","$353,169.77 ","$274,090.13 "
46606,OTHER,,"1,823","$159,150.79 ","$122,483.41 "
,TOTAL,,"1,823","$159,150.79 ","$122,483.41 "
46608,SG,,3,$797.21 ,$637.77 
,OTHER,,122,"$14,270.02 ","$11,064.30 "
,TOTAL,,125,"$15,067.23 ","$11,702.07 "
46610,SG,,26,"$6,807.41 ","$5,285.11 "
,OTHER,,245,"$24,462.85 ","$19,012.38 "
,TOTAL,,271,"$31,270.26 ","$24,297.49 "
46611,SG,,8,"$2,117.49 ","$1,524.87 "
,80'S,,1,$16.86 ,$13.49 
,OTHER,,181,"$26,293.71 ","$20,434.04 "
,TOTAL,,190,"$28,428.06 ","$21,972.40 "
46612,SG,,29,"$8,458.21 ","$6,766.51 "
,OTHER,,88,"$11,743.29 ","$8,997.87 "
,TOTAL,,117,"$20,201.50 ","$15,764.38 "
46614,OTHER,,"2,287","$379,529.54 ","$295,703.43 "
,TOTAL,,"2,287","$379,529.54 ","$295,703.43 "
46615,SG,,37,"$13,453.92 ","$10,735.69 "
,OTHER,,333,"$60,935.00 ","$47,600.15 "
,TOTAL,,370,"$74,388.92 ","$58,335.84 "
46700,SG,,77,"$37,966.43 ","$29,938.28 "
,OTHER,,741,"$377,145.62 ","$298,600.57 "
,TOTAL,,818,"$415,112.05 ","$328,538.85 "
46706,SG,,7,"$2,502.97 ","$1,903.18 "
,OTHER,,149,"$19,736.40 ","$15,488.41 "
,TOTAL,,156,"$22,239.37 ","$17,391.59 "
46710,80'S,,1,$73.65 ,$58.92 
,OTHER,,8,"$6,497.83 ","$5,198.27 "
,TOTAL,,9,"$6,571.48 ","$5,257.19 "
46712,80'S,,3,$973.34 ,$778.67 
,OTHER,,5,"$8,608.96 ","$6,887.16 "
,TOTAL,,8,"$9,582.30 ","$7,665.83 "
46716,OTHER,,1,$250.00 ,$200.00 
,TOTAL,,1,$250.00 ,$200.00 
46730,80'S,,1,$235.92 ,$169.87 
,OTHER,,3,"$4,171.59 ","$3,337.27 "
,TOTAL,,4,"$4,407.51 ","$3,507.14 "
46735,OTHER,,1,"$1,849.29 ","$1,479.43 "
,TOTAL,,1,"$1,849.29 ","$1,479.43 "
46740,OTHER,,3,"$3,663.24 ","$2,930.59 "
,TOTAL,,3,"$3,663.24 ","$2,930.59 "
46750,SG,,20,"$8,547.99 ","$6,838.40 "
,80'S,,102,"$7,176.77 ","$5,741.41 "
,OTHER,,771,"$371,742.88 ","$293,063.79 "
,TOTAL,,893,"$387,467.64 ","$305,643.60 "
46751,80'S,,1,$43.07 ,$34.46 
,OTHER,,1,$269.17 ,$215.34 
,TOTAL,,2,$312.24 ,$249.80 
46753,SG,,21,"$10,383.64 ","$8,306.94 "
,OTHER,,171,"$82,480.73 ","$65,624.04 "
,TOTAL,,192,"$92,864.37 ","$73,930.98 "
46754,SG,,4,"$1,784.16 ","$1,427.33 "
,OTHER,,64,"$7,329.54 ","$5,759.44 "
,TOTAL,,68,"$9,113.70 ","$7,186.77 "
46760,SG,,1,$258.54 ,$206.83 
,80'S,,3,$348.36 ,$278.68 
,OTHER,,35,"$28,338.45 ","$22,203.57 "
,TOTAL,,39,"$28,945.35 ","$22,689.08 "
46761,80'S,,36,"$3,433.44 ","$2,737.11 "
,OTHER,,244,"$139,297.99 ","$109,690.14 "
,TOTAL,,280,"$142,731.43 ","$112,427.25 "
46762,80'S,,3,$349.87 ,$279.90 
,OTHER,,28,"$18,984.39 ","$14,501.62 "
,TOTAL,,31,"$19,334.26 ","$14,781.52 "
46900,OTHER,,"2,043","$349,509.58 ","$267,636.74 "
,TOTAL,,"2,043","$349,509.58 ","$267,636.74 "
46910,OTHER,,712,"$101,733.69 ","$79,190.33 "
,TOTAL,,712,"$101,733.69 ","$79,190.33 "
46916,OTHER,,977,"$169,340.40 ","$128,681.12 "
,TOTAL,,977,"$169,340.40 ","$128,681.12 "
46917,SG,,21,"$5,586.18 ","$4,210.78 "
,OTHER,,197,"$39,684.37 ","$30,966.81 "
,TOTAL,,218,"$45,270.55 ","$35,177.59 "
46922,SG,,261,"$74,941.22 ","$58,937.15 "
,OTHER,,"1,566","$189,351.89 ","$146,095.27 "
,TOTAL,,"1,827","$264,293.11 ","$205,032.42 "
46924,SG,,176,"$51,708.74 ","$40,395.69 "
,OTHER,,"2,127","$545,047.30 ","$425,704.64 "
,TOTAL,,"2,303","$596,756.04 ","$466,100.33 "
46934,OTHER,,"34,003","$11,287,567.96 ","$8,844,812.46 "
,TOTAL,,"34,003","$11,287,567.96 ","$8,844,812.46 "
46935,OTHER,,396,"$78,778.86 ","$60,848.87 "
,TOTAL,,396,"$78,778.86 ","$60,848.87 "
46936,OTHER,,"2,252","$759,213.65 ","$594,214.26 "
,TOTAL,,"2,252","$759,213.65 ","$594,214.26 "
46937,OTHER,,16,"$2,248.07 ","$1,798.43 "
,TOTAL,,16,"$2,248.07 ","$1,798.43 "
46938,OTHER,,6,"$1,837.79 ","$1,470.24 "
,TOTAL,,6,"$1,837.79 ","$1,470.24 "
46940,OTHER,,391,"$69,234.43 ","$53,073.10 "
,TOTAL,,391,"$69,234.43 ","$53,073.10 "
46942,OTHER,,262,"$44,452.15 ","$33,639.40 "
,TOTAL,,262,"$44,452.15 ","$33,639.40 "
46945,OTHER,,"1,630","$280,973.44 ","$218,005.76 "
,TOTAL,,"1,630","$280,973.44 ","$218,005.76 "
46946,OTHER,,"1,231","$235,058.85 ","$182,192.05 "
,TOTAL,,"1,231","$235,058.85 ","$182,192.05 "
46947,SG,,545,"$270,260.17 ","$212,998.25 "
,OTHER,,"4,626","$1,449,326.62 ","$1,137,127.26 "
,TOTAL,,"5,171","$1,719,586.79 ","$1,350,125.51 "
46999,OTHER,,264,"$64,180.35 ","$50,218.01 "
,TOTAL,,264,"$64,180.35 ","$50,218.01 "
47000,SG,,624,"$203,235.06 ","$159,657.65 "
,80'S,,5,$53.51 ,$42.82 
,OTHER,,"53,569","$5,408,744.45 ","$4,230,534.08 "
,TOTAL,,"54,198","$5,612,033.02 ","$4,390,234.55 "
47001,80'S,,3,$51.08 ,$40.86 
,OTHER,,"8,277","$864,199.15 ","$686,163.17 "
,TOTAL,,"8,280","$864,250.23 ","$686,204.03 "
47010,80'S,,74,"$9,915.73 ","$7,932.56 "
,OTHER,,469,"$391,693.37 ","$311,345.17 "
,TOTAL,,543,"$401,609.10 ","$319,277.73 "
47011,80'S,,11,$100.16 ,$80.14 
,OTHER,,"3,033","$563,045.93 ","$447,328.72 "
,TOTAL,,"3,044","$563,146.09 ","$447,408.86 "
47015,80'S,,7,$735.60 ,$588.47 
,OTHER,,83,"$59,466.23 ","$47,572.97 "
,TOTAL,,90,"$60,201.83 ","$48,161.44 "
47100,80'S,,959,"$70,970.60 ","$56,119.11 "
,OTHER,,"6,391","$2,912,281.51 ","$2,309,220.64 "
,TOTAL,,"7,350","$2,983,252.11 ","$2,365,339.75 "
47120,80'S,,394,"$130,076.60 ","$103,506.51 "
,OTHER,,"2,003","$3,903,134.71 ","$3,096,395.23 "
,TOTAL,,"2,397","$4,033,211.31 ","$3,199,901.74 "
47122,80'S,,34,"$17,323.30 ","$13,448.07 "
,OTHER,,173,"$543,052.12 ","$426,722.50 "
,TOTAL,,207,"$560,375.42 ","$440,170.57 "
47125,80'S,,87,"$39,720.34 ","$31,677.09 "
,OTHER,,341,"$952,970.69 ","$759,273.60 "
,TOTAL,,428,"$992,691.03 ","$790,950.69 "
47130,80'S,,120,"$59,939.15 ","$47,925.71 "
,OTHER,,610,"$1,832,686.47 ","$1,465,222.17 "
,TOTAL,,730,"$1,892,625.62 ","$1,513,147.88 "
47135,80'S,,585,"$445,330.29 ","$353,438.65 "
,OTHER,,"1,473","$6,188,616.00 ","$4,938,120.94 "
,TOTAL,,"2,058","$6,633,946.29 ","$5,291,559.59 "
47136,OTHER,,1,"$4,047.80 ","$3,238.24 "
,TOTAL,,1,"$4,047.80 ","$3,238.24 "
47140,OTHER,,3,"$5,793.36 ","$4,634.69 "
,TOTAL,,3,"$5,793.36 ","$4,634.69 "
47141,80'S,,1,$581.52 ,$465.22 
,OTHER,,1,"$3,634.48 ","$2,907.58 "
,TOTAL,,2,"$4,216.00 ","$3,372.80 "
47142,80'S,,21,"$13,734.06 ","$10,987.24 "
,OTHER,,31,"$127,245.50 ","$101,786.00 "
,TOTAL,,52,"$140,979.56 ","$112,773.24 "
47143,80'S,,102,"$4,278.78 ","$3,355.04 "
,OTHER,,922,"$245,531.04 ","$196,267.77 "
,TOTAL,,"1,024","$249,809.82 ","$199,622.81 "
47144,80'S,,1,$74.85 ,$59.88 
,OTHER,,5,"$1,652.55 ","$1,322.03 "
,TOTAL,,6,"$1,727.40 ","$1,381.91 "
47145,OTHER,,2,$961.94 ,$769.55 
,TOTAL,,2,$961.94 ,$769.55 
47146,80'S,,7,$197.22 ,$157.76 
,OTHER,,49,"$9,230.12 ","$7,365.88 "
,TOTAL,,56,"$9,427.34 ","$7,523.64 "
47147,80'S,,34,"$1,257.80 ","$1,006.31 "
,OTHER,,151,"$38,635.31 ","$30,908.24 "
,TOTAL,,185,"$39,893.11 ","$31,914.55 "
47300,80'S,,33,"$4,532.82 ","$3,626.24 "
,OTHER,,160,"$127,178.97 ","$101,251.27 "
,TOTAL,,193,"$131,711.79 ","$104,877.51 "
47350,80'S,,48,"$8,071.33 ","$6,457.05 "
,OTHER,,351,"$351,234.75 ","$279,914.26 "
,TOTAL,,399,"$359,306.08 ","$286,371.31 "
47360,80'S,,10,"$2,348.66 ","$1,878.92 "
,OTHER,,80,"$115,459.85 ","$92,268.38 "
,TOTAL,,90,"$117,808.51 ","$94,147.30 "
47361,80'S,,23,"$9,618.05 ","$7,449.50 "
,OTHER,,174,"$382,354.09 ","$303,648.56 "
,TOTAL,,197,"$391,972.14 ","$311,098.06 "
47362,80'S,,8,"$1,222.12 ",$977.70 
,OTHER,,91,"$85,744.71 ","$68,258.43 "
,TOTAL,,99,"$86,966.83 ","$69,236.13 "
47370,80'S,,64,"$11,212.74 ","$8,970.20 "
,OTHER,,404,"$447,099.97 ","$354,402.04 "
,TOTAL,,468,"$458,312.71 ","$363,372.24 "
47371,80'S,,1,$177.09 ,$141.67 
,OTHER,,13,"$15,322.92 ","$12,131.98 "
,TOTAL,,14,"$15,500.01 ","$12,273.65 "
47379,80'S,,64,"$7,741.95 ","$6,189.59 "
,OTHER,,838,"$426,308.07 ","$340,166.00 "
,TOTAL,,902,"$434,050.02 ","$346,355.59 "
47380,80'S,,100,"$18,191.46 ","$14,553.15 "
,OTHER,,553,"$613,625.46 ","$482,726.61 "
,TOTAL,,653,"$631,816.92 ","$497,279.76 "
47381,80'S,,1,$208.02 ,$166.42 
,OTHER,,26,"$27,756.18 ","$22,204.92 "
,TOTAL,,27,"$27,964.20 ","$22,371.34 "
47382,80'S,,17,"$2,240.60 ","$1,792.43 "
,OTHER,,"1,559","$1,292,906.30 ","$1,030,036.17 "
,TOTAL,,"1,576","$1,295,146.90 ","$1,031,828.60 "
47399,80'S,,6,"$1,306.06 ","$1,044.86 "
,OTHER,,219,"$120,212.28 ","$96,070.72 "
,TOTAL,,225,"$121,518.34 ","$97,115.58 "
47400,80'S,,3,$884.17 ,$707.34 
,OTHER,,24,"$39,925.17 ","$31,940.16 "
,TOTAL,,27,"$40,809.34 ","$32,647.50 "
47420,80'S,,163,"$27,232.43 ","$21,598.76 "
,OTHER,,623,"$609,876.73 ","$487,119.49 "
,TOTAL,,786,"$637,109.16 ","$508,718.25 "
47425,80'S,,13,"$2,144.09 ","$1,685.71 "
,OTHER,,42,"$44,596.41 ","$35,677.14 "
,TOTAL,,55,"$46,740.50 ","$37,362.85 "
47460,80'S,,16,"$2,155.60 ","$1,724.47 "
,OTHER,,87,"$82,252.65 ","$65,802.12 "
,TOTAL,,103,"$84,408.25 ","$67,526.59 "
47480,80'S,,81,"$7,911.94 ","$6,329.57 "
,OTHER,,544,"$314,351.46 ","$250,877.86 "
,TOTAL,,625,"$322,263.40 ","$257,207.43 "
47490,OTHER,,"4,847","$2,414,521.99 ","$1,924,734.83 "
,TOTAL,,"4,847","$2,414,521.99 ","$1,924,734.83 "
47500,OTHER,,"6,405","$404,405.94 ","$321,301.45 "
,TOTAL,,"6,405","$404,405.94 ","$321,301.45 "
47505,80'S,,4,$16.55 ,$13.23 
,OTHER,,"18,651","$600,050.58 ","$474,181.39 "
,TOTAL,,"18,655","$600,067.13 ","$474,194.62 "
47510,SG,,1,$427.90 ,$342.32 
,OTHER,,"2,933","$1,383,911.87 ","$1,103,277.54 "
,TOTAL,,"2,934","$1,384,339.77 ","$1,103,619.86 "
47511,OTHER,,"5,286","$3,156,438.36 ","$2,513,425.68 "
,TOTAL,,"5,286","$3,156,438.36 ","$2,513,425.68 "
47525,SG,,2,$647.30 ,$457.98 
,OTHER,,"10,462","$3,076,002.31 ","$2,436,343.43 "
,TOTAL,,"10,464","$3,076,649.61 ","$2,436,801.41 "
47530,OTHER,,423,"$139,374.53 ","$110,505.31 "
,TOTAL,,423,"$139,374.53 ","$110,505.31 "
47550,80'S,,166,"$4,427.92 ","$3,480.72 "
,OTHER,,"1,164","$185,854.10 ","$148,184.38 "
,TOTAL,,"1,330","$190,282.02 ","$151,665.10 "
47552,SG,,1,$211.93 ,$169.54 
,OTHER,,395,"$93,755.75 ","$74,647.90 "
,TOTAL,,396,"$93,967.68 ","$74,817.44 "
47553,OTHER,,394,"$96,506.04 ","$76,548.65 "
,TOTAL,,394,"$96,506.04 ","$76,548.65 "
47554,80'S,,1,$79.12 ,$63.30 
,OTHER,,185,"$69,173.86 ","$54,971.62 "
,TOTAL,,186,"$69,252.98 ","$55,034.92 "
47555,OTHER,,"1,322","$405,648.76 ","$321,408.57 "
,TOTAL,,"1,322","$405,648.76 ","$321,408.57 "
47556,OTHER,,"1,756","$680,327.90 ","$542,177.34 "
,TOTAL,,"1,756","$680,327.90 ","$542,177.34 "
47560,SG,,4,"$2,037.52 ","$1,630.02 "
,80'S,,1,$42.34 ,$33.87 
,OTHER,,105,"$20,140.37 ","$15,960.92 "
,TOTAL,,110,"$22,220.23 ","$17,624.81 "
47561,SG,,6,"$2,849.35 ","$2,279.48 "
,80'S,,1,$43.88 ,$35.10 
,OTHER,,51,"$11,544.50 ","$9,169.52 "
,TOTAL,,58,"$14,437.73 ","$11,484.10 "
47562,80'S,,"19,482","$2,015,673.34 ","$1,590,353.70 "
,OTHER,,"125,200","$76,264,502.99 ","$60,298,405.40 "
,TOTAL,,"144,682","$78,280,176.33 ","$61,888,759.10 "
47563,80'S,,"9,988","$1,105,791.92 ","$873,468.85 "
,OTHER,,"67,910","$44,109,000.81 ","$34,910,954.08 "
,TOTAL,,"77,898","$45,214,792.73 ","$35,784,422.93 "
47564,80'S,,312,"$41,348.17 ","$32,870.30 "
,OTHER,,"1,940","$1,478,843.11 ","$1,174,192.70 "
,TOTAL,,"2,252","$1,520,191.28 ","$1,207,063.00 "
47570,80'S,,9,$729.54 ,$583.63 
,OTHER,,36,"$18,608.72 ","$14,886.97 "
,TOTAL,,45,"$19,338.26 ","$15,470.60 "
47579,80'S,,5,$589.26 ,$471.41 
,OTHER,,86,"$47,014.12 ","$37,611.25 "
,TOTAL,,91,"$47,603.38 ","$38,082.66 "
47600,80'S,,"5,096","$522,329.84 ","$414,223.78 "
,OTHER,,"25,959","$16,206,449.18 ","$12,879,432.63 "
,TOTAL,,"31,055","$16,728,779.02 ","$13,293,656.41 "
47605,80'S,,"1,286","$164,642.39 ","$130,558.84 "
,OTHER,,"6,822","$5,160,477.58 ","$4,096,443.03 "
,TOTAL,,"8,108","$5,325,119.97 ","$4,227,001.87 "
47610,80'S,,747,"$125,983.85 ","$99,788.53 "
,OTHER,,"3,077","$3,076,972.17 ","$2,454,350.11 "
,TOTAL,,"3,824","$3,202,956.02 ","$2,554,138.64 "
47612,80'S,,144,"$24,094.14 ","$19,206.29 "
,OTHER,,491,"$489,555.34 ","$390,096.99 "
,TOTAL,,635,"$513,649.48 ","$409,303.28 "
47620,80'S,,28,"$5,357.09 ","$4,285.65 "
,OTHER,,95,"$102,302.97 ","$81,752.45 "
,TOTAL,,123,"$107,660.06 ","$86,038.10 "
47630,OTHER,,472,"$207,683.91 ","$165,822.36 "
,TOTAL,,472,"$207,683.91 ","$165,822.36 "
47700,80'S,,9,"$1,360.92 ","$1,088.73 "
,OTHER,,44,"$37,418.57 ","$29,911.05 "
,TOTAL,,53,"$38,779.49 ","$30,999.78 "
47701,80'S,,1,$255.16 ,$204.13 
,OTHER,,7,"$10,644.22 ","$8,515.38 "
,TOTAL,,8,"$10,899.38 ","$8,719.51 "
47711,80'S,,32,"$4,081.87 ","$3,265.50 "
,OTHER,,169,"$138,805.08 ","$111,044.04 "
,TOTAL,,201,"$142,886.95 ","$114,309.54 "
47712,80'S,,9,"$2,049.32 ","$1,639.45 "
,OTHER,,44,"$58,423.38 ","$46,738.74 "
,TOTAL,,53,"$60,472.70 ","$48,378.19 "
47715,80'S,,5,$656.43 ,$425.94 
,OTHER,,29,"$22,874.22 ","$18,299.36 "
,TOTAL,,34,"$23,530.65 ","$18,725.30 "
47716,80'S,,2,$266.95 ,$213.56 
,OTHER,,3,"$2,627.75 ","$2,064.56 "
,TOTAL,,5,"$2,894.70 ","$2,278.12 "
47720,80'S,,27,"$3,961.47 ","$3,169.18 "
,OTHER,,131,"$107,234.03 ","$85,566.12 "
,TOTAL,,158,"$111,195.50 ","$88,735.30 "
47721,80'S,,17,"$3,053.91 ","$2,443.11 "
,OTHER,,64,"$69,839.93 ","$55,795.74 "
,TOTAL,,81,"$72,893.84 ","$58,238.85 "
47740,80'S,,21,"$3,427.16 ","$2,707.03 "
,OTHER,,69,"$65,557.71 ","$52,446.15 "
,TOTAL,,90,"$68,984.87 ","$55,153.18 "
47741,80'S,,21,"$3,716.78 ","$2,973.45 "
,OTHER,,77,"$84,239.32 ","$65,737.89 "
,TOTAL,,98,"$87,956.10 ","$68,711.34 "
47760,80'S,,186,"$42,675.46 ","$33,941.46 "
,OTHER,,628,"$856,987.08 ","$683,771.94 "
,TOTAL,,814,"$899,662.54 ","$717,713.40 "
47765,80'S,,14,"$2,750.68 ","$2,200.54 "
,OTHER,,59,"$72,007.39 ","$57,506.71 "
,TOTAL,,73,"$74,758.07 ","$59,707.25 "
47780,80'S,,249,"$58,295.74 ","$46,405.68 "
,OTHER,,"1,059","$1,495,211.38 ","$1,190,313.71 "
,TOTAL,,"1,308","$1,553,507.12 ","$1,236,719.39 "
47785,80'S,,48,"$11,936.49 ","$9,360.41 "
,OTHER,,329,"$482,021.61 ","$382,235.68 "
,TOTAL,,377,"$493,958.10 ","$391,596.09 "
47800,80'S,,101,"$13,264.36 ","$10,611.68 "
,OTHER,,152,"$137,729.41 ","$110,183.42 "
,TOTAL,,253,"$150,993.77 ","$120,795.10 "
47801,80'S,,24,"$2,330.45 ","$1,864.36 "
,OTHER,,248,"$190,143.62 ","$150,113.62 "
,TOTAL,,272,"$192,474.07 ","$151,977.98 "
47802,80'S,,3,$400.64 ,$320.51 
,OTHER,,13,"$12,296.45 ","$8,883.80 "
,TOTAL,,16,"$12,697.09 ","$9,204.31 "
47900,80'S,,23,"$3,911.17 ","$3,128.91 "
,OTHER,,120,"$118,566.27 ","$93,205.27 "
,TOTAL,,143,"$122,477.44 ","$96,334.18 "
47999,80'S,,8,"$1,259.05 ","$1,007.24 "
,OTHER,,287,"$110,622.99 ","$88,469.59 "
,TOTAL,,295,"$111,882.04 ","$89,476.83 "
48000,80'S,,21,"$4,419.85 ","$3,436.14 "
,OTHER,,151,"$203,853.56 ","$160,974.35 "
,TOTAL,,172,"$208,273.41 ","$164,410.49 "
48001,80'S,,8,"$2,439.41 ","$1,951.54 "
,OTHER,,54,"$93,419.87 ","$74,735.90 "
,TOTAL,,62,"$95,859.28 ","$76,687.44 "
48005,80'S,,108,"$40,461.03 ","$31,653.92 "
,OTHER,,584,"$1,293,759.81 ","$1,028,912.06 "
,TOTAL,,692,"$1,334,220.84 ","$1,060,565.98 "
48020,OTHER,,4,"$1,801.35 ","$1,441.09 "
,TOTAL,,4,"$1,801.35 ","$1,441.09 "
48100,80'S,,188,"$13,323.64 ","$10,524.73 "
,OTHER,,"1,014","$458,685.68 ","$366,061.78 "
,TOTAL,,"1,202","$472,009.32 ","$376,586.51 "
48102,SG,,7,"$2,251.41 ","$1,801.10 "
,OTHER,,"3,693","$952,045.22 ","$756,059.68 "
,TOTAL,,"3,700","$954,296.63 ","$757,860.78 "
48120,80'S,,40,"$5,231.26 ","$4,184.99 "
,OTHER,,197,"$144,749.52 ","$115,700.41 "
,TOTAL,,237,"$149,980.78 ","$119,885.40 "
48140,80'S,,414,"$84,459.69 ","$67,067.37 "
,OTHER,,"1,710","$2,139,049.96 ","$1,697,457.67 "
,TOTAL,,"2,124","$2,223,509.65 ","$1,764,525.04 "
48145,80'S,,19,"$3,609.58 ","$2,887.68 "
,OTHER,,69,"$86,879.85 ","$68,351.55 "
,TOTAL,,88,"$90,489.43 ","$71,239.23 "
48146,80'S,,12,"$3,048.61 ","$2,438.89 "
,OTHER,,61,"$89,849.73 ","$71,780.62 "
,TOTAL,,73,"$92,898.34 ","$74,219.51 "
48148,80'S,,22,"$2,562.76 ","$1,988.64 "
,OTHER,,80,"$64,654.03 ","$51,524.80 "
,TOTAL,,102,"$67,216.79 ","$53,513.44 "
48150,80'S,,457,"$204,602.54 ","$163,329.78 "
,OTHER,,"1,918","$5,294,662.00 ","$4,223,002.29 "
,TOTAL,,"2,375","$5,499,264.54 ","$4,386,332.07 "
48152,80'S,,23,"$9,324.08 ","$7,459.28 "
,OTHER,,67,"$163,916.45 ","$131,133.14 "
,TOTAL,,90,"$173,240.53 ","$138,592.42 "
48153,80'S,,219,"$97,670.82 ","$76,754.08 "
,OTHER,,"1,306","$3,619,809.17 ","$2,877,650.89 "
,TOTAL,,"1,525","$3,717,479.99 ","$2,954,404.97 "
48154,80'S,,5,"$2,235.67 ","$1,788.55 "
,OTHER,,35,"$87,339.13 ","$69,672.92 "
,TOTAL,,40,"$89,574.80 ","$71,461.47 "
48155,80'S,,30,"$6,604.68 ","$5,175.95 "
,OTHER,,109,"$144,741.98 ","$115,119.75 "
,TOTAL,,139,"$151,346.66 ","$120,295.70 "
48180,80'S,,23,"$4,937.61 ","$3,950.08 "
,OTHER,,97,"$125,454.09 ","$99,898.41 "
,TOTAL,,120,"$130,391.70 ","$103,848.49 "
48400,80'S,,1,$15.45 ,$12.36 
,OTHER,,39,"$4,093.52 ","$3,274.85 "
,TOTAL,,40,"$4,108.97 ","$3,287.21 "
48500,80'S,,1,$152.31 ,$121.85 
,OTHER,,11,"$7,866.61 ","$5,618.89 "
,TOTAL,,12,"$8,018.92 ","$5,740.74 "
48510,80'S,,25,"$3,028.47 ","$2,411.86 "
,OTHER,,146,"$107,363.08 ","$85,189.41 "
,TOTAL,,171,"$110,391.55 ","$87,601.27 "
48511,OTHER,,540,"$111,241.05 ","$88,097.49 "
,TOTAL,,540,"$111,241.05 ","$88,097.49 "
48520,80'S,,58,"$7,364.92 ","$5,891.96 "
,OTHER,,232,"$189,821.53 ","$151,819.63 "
,TOTAL,,290,"$197,186.45 ","$157,711.59 "
48540,80'S,,20,"$2,874.86 ","$2,299.90 "
,OTHER,,103,"$97,468.54 ","$77,414.21 "
,TOTAL,,123,"$100,343.40 ","$79,714.11 "
48545,80'S,,4,$667.41 ,$533.93 
,OTHER,,42,"$34,567.00 ","$27,615.14 "
,TOTAL,,46,"$35,234.41 ","$28,149.07 "
48547,80'S,,13,"$3,039.06 ","$2,410.72 "
,OTHER,,52,"$71,178.54 ","$56,006.50 "
,TOTAL,,65,"$74,217.60 ","$58,417.22 "
48551,80'S,,53,"$1,076.53 ",$828.41 
,OTHER,,430,"$55,410.62 ","$44,253.57 "
,TOTAL,,483,"$56,487.15 ","$45,081.98 "
48552,80'S,,6,$154.74 ,$123.79 
,OTHER,,50,"$7,372.00 ","$5,887.57 "
,TOTAL,,56,"$7,526.74 ","$6,011.36 "
48554,80'S,,169,"$57,023.64 ","$45,132.03 "
,OTHER,,564,"$1,110,948.20 ","$879,027.39 "
,TOTAL,,733,"$1,167,971.84 ","$924,159.42 "
48556,80'S,,20,"$2,627.01 ","$2,037.31 "
,OTHER,,103,"$83,311.37 ","$65,780.50 "
,TOTAL,,123,"$85,938.38 ","$67,817.81 "
48999,80'S,,37,"$8,345.73 ","$6,653.98 "
,OTHER,,219,"$207,768.43 ","$164,596.24 "
,TOTAL,,256,"$216,114.16 ","$171,250.22 "
49000,80'S,,"1,555","$170,331.58 ","$135,247.57 "
,OTHER,,"11,296","$7,278,153.70 ","$5,782,562.61 "
,TOTAL,,"12,851","$7,448,485.28 ","$5,917,810.18 "
49002,80'S,,494,"$44,997.30 ","$35,830.38 "
,OTHER,,"5,619","$2,920,111.41 ","$2,326,430.87 "
,TOTAL,,"6,113","$2,965,108.71 ","$2,362,261.25 "
49010,80'S,,228,"$25,738.87 ","$20,505.03 "
,OTHER,,"1,492","$1,005,575.86 ","$798,174.90 "
,TOTAL,,"1,720","$1,031,314.73 ","$818,679.93 "
49020,80'S,,686,"$133,505.85 ","$105,842.10 "
,OTHER,,"5,354","$6,184,126.50 ","$4,920,588.97 "
,TOTAL,,"6,040","$6,317,632.35 ","$5,026,431.07 "
49021,80'S,,1,$28.21 ,$22.57 
,OTHER,,"16,448","$2,875,474.75 ","$2,284,680.73 "
,TOTAL,,"16,449","$2,875,502.96 ","$2,284,703.30 "
49040,80'S,,91,"$9,359.70 ","$7,385.50 "
,OTHER,,719,"$454,254.23 ","$361,560.45 "
,TOTAL,,810,"$463,613.93 ","$368,945.95 "
49041,OTHER,,"1,760","$366,203.77 ","$291,281.02 "
,TOTAL,,"1,760","$366,203.77 ","$291,281.02 "
49060,80'S,,31,"$4,067.56 ","$3,095.15 "
,OTHER,,"1,381","$1,090,202.17 ","$864,328.38 "
,TOTAL,,"1,412","$1,094,269.73 ","$867,423.53 "
49061,80'S,,4,$65.65 ,$52.52 
,OTHER,,"6,176","$1,190,272.87 ","$945,462.49 "
,TOTAL,,"6,180","$1,190,338.52 ","$945,515.01 "
49062,80'S,,22,"$2,109.63 ","$1,687.69 "
,OTHER,,242,"$138,752.37 ","$110,058.46 "
,TOTAL,,264,"$140,862.00 ","$111,746.15 "
49080,SG,,803,"$347,851.88 ","$273,401.24 "
,OTHER,,"117,233","$8,707,921.63 ","$6,849,366.46 "
,TOTAL,,"118,036","$9,055,773.51 ","$7,122,767.70 "
49081,SG,,199,"$85,615.45 ","$68,105.22 "
,OTHER,,"7,214","$526,456.28 ","$412,081.27 "
,TOTAL,,"7,413","$612,071.73 ","$480,186.49 "
49085,SG,,20,"$9,015.36 ","$7,201.60 "
,OTHER,,"1,266","$747,892.26 ","$590,325.28 "
,TOTAL,,"1,286","$756,907.62 ","$597,526.88 "
49180,SG,,70,"$21,184.54 ","$16,947.43 "
,OTHER,,"16,885","$1,551,579.13 ","$1,228,720.36 "
,TOTAL,,"16,955","$1,572,763.67 ","$1,245,667.79 "
49200,80'S,,483,"$33,747.88 ","$26,664.09 "
,OTHER,,"2,649","$1,134,432.93 ","$898,153.59 "
,TOTAL,,"3,132","$1,168,180.81 ","$924,817.68 "
49201,80'S,,658,"$74,327.65 ","$58,772.42 "
,OTHER,,"2,911","$1,924,827.74 ","$1,528,494.69 "
,TOTAL,,"3,569","$1,999,155.39 ","$1,587,267.11 "
49215,80'S,,72,"$21,583.00 ","$17,167.13 "
,OTHER,,226,"$355,209.02 ","$281,546.08 "
,TOTAL,,298,"$376,792.02 ","$298,713.21 "
49220,80'S,,8,$926.98 ,$741.58 
,OTHER,,29,"$19,693.49 ","$14,742.08 "
,TOTAL,,37,"$20,620.47 ","$15,483.66 "
49250,SG,,15,"$9,424.26 ","$7,539.41 "
,OTHER,,261,"$103,859.49 ","$82,055.70 "
,TOTAL,,276,"$113,283.75 ","$89,595.11 "
49255,80'S,,134,"$11,859.42 ","$9,487.49 "
,OTHER,,891,"$480,254.18 ","$381,362.55 "
,TOTAL,,"1,025","$492,113.60 ","$390,850.04 "
49320,SG,,242,"$110,185.53 ","$85,464.61 "
,80'S,,952,"$34,650.26 ","$27,402.58 "
,OTHER,,"10,136","$2,360,500.41 ","$1,857,598.61 "
,TOTAL,,"11,330","$2,505,336.20 ","$1,970,465.80 "
49321,SG,,54,"$30,224.63 ","$23,438.46 "
,80'S,,359,"$14,645.55 ","$11,621.81 "
,OTHER,,"3,830","$974,768.58 ","$774,680.43 "
,TOTAL,,"4,243","$1,019,638.76 ","$809,740.70 "
49322,SG,,41,"$23,021.44 ","$17,964.41 "
,80'S,,64,"$2,945.56 ","$2,312.81 "
,OTHER,,795,"$218,664.14 ","$170,196.32 "
,TOTAL,,900,"$244,631.14 ","$190,473.54 "
49323,80'S,,27,"$2,244.56 ","$1,795.66 "
,OTHER,,219,"$101,240.06 ","$80,339.41 "
,TOTAL,,246,"$103,484.62 ","$82,135.07 "
49329,80'S,,46,"$4,575.60 ","$3,660.49 "
,OTHER,,"1,550","$609,160.89 ","$481,603.61 "
,TOTAL,,"1,596","$613,736.49 ","$485,264.10 "
49400,OTHER,,760,"$75,035.69 ","$58,400.09 "
,TOTAL,,760,"$75,035.69 ","$58,400.09 "
49419,SG,,2,$496.29 ,$397.03 
,OTHER,,598,"$183,858.03 ","$146,895.26 "
,TOTAL,,600,"$184,354.32 ","$147,292.29 "
49420,SG,,104,"$31,796.07 ","$25,317.46 "
,80'S,,1,$10.44 ,$8.35 
,OTHER,,"5,498","$590,938.53 ","$465,024.71 "
,TOTAL,,"5,603","$622,745.04 ","$490,350.52 "
49421,SG,,114,"$33,166.64 ","$25,624.42 "
,OTHER,,"8,728","$2,821,309.44 ","$2,200,097.51 "
,TOTAL,,"8,842","$2,854,476.08 ","$2,225,721.93 "
49422,SG,,141,"$40,955.03 ","$32,151.22 "
,OTHER,,"8,277","$2,776,289.82 ","$2,175,254.53 "
,TOTAL,,"8,418","$2,817,244.85 ","$2,207,405.75 "
49423,OTHER,,"5,199","$403,951.34 ","$319,758.08 "
,TOTAL,,"5,199","$403,951.34 ","$319,758.08 "
49424,OTHER,,"23,505","$886,918.84 ","$700,794.09 "
,TOTAL,,"23,505","$886,918.84 ","$700,794.09 "
49425,80'S,,33,"$3,350.79 ","$2,610.71 "
,OTHER,,490,"$321,020.08 ","$255,735.53 "
,TOTAL,,523,"$324,370.87 ","$258,346.24 "
49426,SG,,1,$411.86 ,$329.49 
,OTHER,,224,"$121,393.61 ","$95,094.48 "
,TOTAL,,225,"$121,805.47 ","$95,423.97 "
49427,OTHER,,232,"$9,719.67 ","$7,631.39 "
,TOTAL,,232,"$9,719.67 ","$7,631.39 "
49428,OTHER,,30,"$9,727.34 ","$7,781.85 "
,TOTAL,,30,"$9,727.34 ","$7,781.85 "
49429,OTHER,,188,"$65,213.82 ","$52,171.03 "
,TOTAL,,188,"$65,213.82 ","$52,171.03 "
49492,OTHER,,4,"$2,914.92 ","$2,331.93 "
,TOTAL,,4,"$2,914.92 ","$2,331.93 "
49495,OTHER,,3,"$1,082.30 ",$865.83 
,TOTAL,,3,"$1,082.30 ",$865.83 
49496,OTHER,,6,"$2,787.17 ","$2,194.99 "
,TOTAL,,6,"$2,787.17 ","$2,194.99 "
49500,SG,,1,$629.28 ,$350.85 
,80'S,,3,$130.69 ,$93.00 
,OTHER,,24,"$7,322.45 ","$5,857.95 "
,TOTAL,,28,"$8,082.42 ","$6,301.80 "
49501,SG,,2,"$2,694.93 ","$2,155.95 "
,80'S,,2,$150.01 ,$120.01 
,OTHER,,25,"$12,697.58 ","$10,158.06 "
,TOTAL,,29,"$15,542.52 ","$12,434.02 "
49505,SG,,"10,797","$6,623,224.72 ","$5,217,137.09 "
,80'S,,"3,778","$273,247.43 ","$215,364.16 "
,OTHER,,"93,567","$41,797,068.05 ","$32,911,861.92 "
,TOTAL,,"108,142","$48,693,540.20 ","$38,344,363.17 "
49507,SG,,506,"$663,600.54 ","$523,152.62 "
,80'S,,751,"$65,348.16 ","$51,943.40 "
,OTHER,,"12,356","$6,596,493.84 ","$5,221,238.73 "
,TOTAL,,"13,613","$7,325,442.54 ","$5,796,334.75 "
49520,SG,,"1,201","$1,176,575.35 ","$931,260.13 "
,80'S,,515,"$45,275.87 ","$35,731.12 "
,OTHER,,"11,610","$6,348,626.69 ","$5,004,932.46 "
,TOTAL,,"13,326","$7,570,477.91 ","$5,971,923.71 "
49521,SG,,110,"$146,695.02 ","$114,440.92 "
,80'S,,200,"$21,828.31 ","$16,978.16 "
,OTHER,,"3,126","$2,069,263.70 ","$1,637,093.78 "
,TOTAL,,"3,436","$2,237,787.03 ","$1,768,512.86 "
49525,SG,,309,"$187,309.80 ","$147,649.98 "
,80'S,,147,"$11,503.11 ","$9,178.06 "
,OTHER,,"2,700","$1,348,250.17 ","$1,063,568.20 "
,TOTAL,,"3,156","$1,547,063.08 ","$1,220,396.24 "
49540,SG,,7,"$3,108.69 ","$2,486.95 "
,80'S,,11,$958.09 ,$766.48 
,OTHER,,148,"$83,661.03 ","$66,164.34 "
,TOTAL,,166,"$87,727.81 ","$69,417.77 "
49550,SG,,165,"$113,247.32 ","$89,746.24 "
,80'S,,118,"$8,428.15 ","$6,742.50 "
,OTHER,,"1,949","$894,881.03 ","$707,687.60 "
,TOTAL,,"2,232","$1,016,556.50 ","$804,176.34 "
49553,SG,,83,"$109,445.41 ","$87,329.53 "
,80'S,,217,"$16,522.08 ","$13,136.65 "
,OTHER,,"3,419","$1,591,059.86 ","$1,265,482.28 "
,TOTAL,,"3,719","$1,717,027.35 ","$1,365,948.46 "
49555,SG,,25,"$17,875.39 ","$14,207.15 "
,80'S,,11,$810.04 ,$648.04 
,OTHER,,201,"$96,992.90 ","$76,930.75 "
,TOTAL,,237,"$115,678.33 ","$91,785.94 "
49557,SG,,8,"$10,765.69 ","$8,612.56 "
,80'S,,17,"$1,568.74 ","$1,225.82 "
,OTHER,,373,"$214,219.81 ","$170,656.47 "
,TOTAL,,398,"$226,554.24 ","$180,494.85 "
49560,SG,,"1,293","$559,398.24 ","$440,400.92 "
,80'S,,"4,052","$389,292.06 ","$306,657.21 "
,OTHER,,"42,949","$25,813,069.58 ","$20,350,390.78 "
,TOTAL,,"48,294","$26,761,759.88 ","$21,097,448.91 "
49561,SG,,363,"$471,839.95 ","$375,184.27 "
,80'S,,"1,746","$212,290.87 ","$168,005.18 "
,OTHER,,"15,976","$11,841,793.84 ","$9,380,234.17 "
,TOTAL,,"18,085","$12,525,924.66 ","$9,923,423.62 "
49565,SG,,178,"$68,875.25 ","$53,482.84 "
,80'S,,991,"$98,742.51 ","$77,828.94 "
,OTHER,,"10,016","$6,050,662.21 ","$4,764,112.70 "
,TOTAL,,"11,185","$6,218,279.97 ","$4,895,424.48 "
49566,SG,,54,"$71,252.30 ","$55,776.66 "
,80'S,,666,"$80,427.32 ","$63,346.65 "
,OTHER,,"5,369","$3,982,439.41 ","$3,151,957.42 "
,TOTAL,,"6,089","$4,134,119.03 ","$3,271,080.73 "
49568,SG,,"1,161","$1,017,538.27 ","$802,558.09 "
,80'S,,"3,780","$164,779.88 ","$130,899.72 "
,OTHER,,"47,681","$12,414,482.97 ","$9,821,747.16 "
,TOTAL,,"52,622","$13,596,801.12 ","$10,755,204.97 "
49570,SG,,94,"$54,384.14 ","$42,602.21 "
,80'S,,57,"$2,686.26 ","$2,146.64 "
,OTHER,,"1,075","$329,540.66 ","$257,940.01 "
,TOTAL,,"1,226","$386,611.06 ","$302,688.86 "
49572,SG,,52,"$67,210.57 ","$53,260.84 "
,80'S,,67,"$4,082.60 ","$3,213.83 "
,OTHER,,767,"$270,195.93 ","$212,643.47 "
,TOTAL,,886,"$341,489.10 ","$269,118.14 "
49580,80'S,,6,$193.97 ,$155.18 
,OTHER,,12,"$1,604.05 ","$1,283.21 "
,TOTAL,,18,"$1,798.02 ","$1,438.39 "
49582,SG,,3,"$3,320.37 ","$2,656.30 "
,80'S,,7,$296.69 ,$237.36 
,OTHER,,23,"$5,886.65 ","$4,709.32 "
,TOTAL,,33,"$9,503.71 ","$7,602.98 "
49585,SG,,"1,887","$1,073,603.37 ","$838,555.99 "
,80'S,,"1,524","$60,792.91 ","$48,172.02 "
,OTHER,,"25,068","$7,208,013.23 ","$5,661,813.61 "
,TOTAL,,"28,479","$8,342,409.51 ","$6,548,541.62 "
49587,SG,,615,"$799,873.00 ","$630,779.48 "
,80'S,,651,"$35,206.04 ","$27,559.73 "
,OTHER,,"10,077","$3,800,145.03 ","$2,991,512.06 "
,TOTAL,,"11,343","$4,635,224.07 ","$3,649,851.27 "
49590,SG,,73,"$33,019.57 ","$25,949.20 "
,80'S,,114,"$7,917.73 ","$6,249.27 "
,OTHER,,"1,290","$593,662.24 ","$469,707.52 "
,TOTAL,,"1,477","$634,599.54 ","$501,905.99 "
49600,SG,,2,$661.02 ,$528.82 
,80'S,,12,$760.49 ,$608.38 
,OTHER,,29,"$12,016.91 ","$9,545.65 "
,TOTAL,,43,"$13,438.42 ","$10,682.85 "
49605,OTHER,,14,"$49,727.16 ","$39,781.73 "
,TOTAL,,14,"$49,727.16 ","$39,781.73 "
49606,OTHER,,17,"$16,822.26 ","$13,222.30 "
,TOTAL,,17,"$16,822.26 ","$13,222.30 "
49610,OTHER,,3,"$1,427.88 ","$1,142.30 "
,TOTAL,,3,"$1,427.88 ","$1,142.30 "
49611,OTHER,,1,$589.70 ,$471.76 
,TOTAL,,1,$589.70 ,$471.76 
49650,SG,,"1,614","$938,056.80 ","$734,461.19 "
,80'S,,"1,426","$92,477.87 ","$73,074.17 "
,OTHER,,"15,968","$6,110,144.90 ","$4,800,481.16 "
,TOTAL,,"19,008","$7,140,679.57 ","$5,608,016.52 "
49651,SG,,211,"$203,685.67 ","$158,034.45 "
,80'S,,252,"$20,162.07 ","$15,837.53 "
,OTHER,,"2,593","$1,250,411.43 ","$984,615.18 "
,TOTAL,,"3,056","$1,474,259.17 ","$1,158,487.16 "
49659,80'S,,"1,295","$170,655.57 ","$135,966.86 "
,OTHER,,"9,728","$6,901,658.99 ","$5,491,228.02 "
,TOTAL,,"11,023","$7,072,314.56 ","$5,627,194.88 "
49900,80'S,,164,"$18,827.70 ","$14,964.30 "
,OTHER,,"2,118","$1,353,665.05 ","$1,077,120.16 "
,TOTAL,,"2,282","$1,372,492.75 ","$1,092,084.46 "
49904,OTHER,,217,"$259,990.65 ","$207,992.43 "
,TOTAL,,217,"$259,990.65 ","$207,992.43 "
49905,80'S,,295,"$17,116.01 ","$13,665.97 "
,OTHER,,"2,022","$699,500.06 ","$557,954.18 "
,TOTAL,,"2,317","$716,616.07 ","$571,620.15 "
49906,OTHER,,8,"$8,293.26 ","$6,634.62 "
,TOTAL,,8,"$8,293.26 ","$6,634.62 "
49999,80'S,,40,"$4,856.33 ","$3,885.05 "
,OTHER,,"1,437","$495,574.90 ","$395,389.50 "
,TOTAL,,"1,477","$500,431.23 ","$399,274.55 "
50010,80'S,URINARY,36,"$2,675.32 ","$2,140.26 "
,OTHER,,180,"$83,071.09 ","$66,023.86 "
,TOTAL,,216,"$85,746.41 ","$68,164.12 "
50020,OTHER,,245,"$130,843.25 ","$102,652.70 "
,TOTAL,,245,"$130,843.25 ","$102,652.70 "
50021,80'S,,6,$121.85 ,$97.49 
,OTHER,,813,"$142,106.94 ","$112,338.43 "
,TOTAL,,819,"$142,228.79 ","$112,435.92 "
50040,OTHER,,174,"$115,604.55 ","$91,503.53 "
,TOTAL,,174,"$115,604.55 ","$91,503.53 "
50045,80'S,,3,$203.66 ,$162.92 
,OTHER,,16,"$10,771.69 ","$8,617.36 "
,TOTAL,,19,"$10,975.35 ","$8,780.28 "
50060,80'S,,15,"$2,242.73 ","$1,757.38 "
,OTHER,,64,"$61,841.98 ","$49,473.62 "
,TOTAL,,79,"$64,084.71 ","$51,231.00 "
50065,80'S,,2,$336.25 ,$169.80 
,OTHER,,11,"$9,900.78 ","$7,821.43 "
,TOTAL,,13,"$10,237.03 ","$7,991.23 "
50070,80'S,,2,$365.49 ,$292.39 
,OTHER,,8,"$8,731.96 ","$6,985.56 "
,TOTAL,,10,"$9,097.45 ","$7,277.95 "
50075,80'S,,19,"$4,207.05 ","$3,131.82 "
,OTHER,,44,"$55,079.38 ","$43,293.01 "
,TOTAL,,63,"$59,286.43 ","$46,424.83 "
50080,OTHER,,"1,326","$1,061,204.81 ","$835,162.07 "
,TOTAL,,"1,326","$1,061,204.81 ","$835,162.07 "
50081,80'S,,249,"$48,601.43 ","$38,284.43 "
,OTHER,,"2,509","$2,976,579.82 ","$2,357,541.29 "
,TOTAL,,"2,758","$3,025,181.25 ","$2,395,825.72 "
50100,OTHER,,21,"$7,590.76 ","$5,322.47 "
,TOTAL,,21,"$7,590.76 ","$5,322.47 "
50120,80'S,,4,$501.54 ,$401.23 
,OTHER,,20,"$15,347.17 ","$12,277.75 "
,TOTAL,,24,"$15,848.71 ","$12,678.98 "
50125,80'S,,2,$229.59 ,$183.68 
,OTHER,,4,"$2,839.88 ","$2,271.90 "
,TOTAL,,6,"$3,069.47 ","$2,455.58 "
50130,80'S,,36,"$5,179.68 ","$4,025.66 "
,OTHER,,93,"$75,974.85 ","$60,023.52 "
,TOTAL,,129,"$81,154.53 ","$64,049.18 "
50135,80'S,,2,$249.79 ,$199.83 
,OTHER,,16,"$15,577.93 ","$12,462.33 "
,TOTAL,,18,"$15,827.72 ","$12,662.16 "
50200,SG,,20,"$6,477.62 ","$5,082.84 "
,80'S,,1,$153.90 ,$123.12 
,OTHER,,"25,226","$3,834,136.14 ","$3,005,422.89 "
,TOTAL,,"25,247","$3,840,767.66 ","$3,010,628.85 "
50205,80'S,,78,"$6,351.72 ","$4,939.06 "
,OTHER,,850,"$394,429.85 ","$309,182.51 "
,TOTAL,,928,"$400,781.57 ","$314,121.57 "
50220,80'S,,985,"$147,636.77 ","$116,695.54 "
,OTHER,,"2,050","$1,845,965.25 ","$1,455,862.78 "
,TOTAL,,"3,035","$1,993,602.02 ","$1,572,558.32 "
50225,80'S,,123,"$21,809.30 ","$17,240.36 "
,OTHER,,259,"$277,893.75 ","$219,198.23 "
,TOTAL,,382,"$299,703.05 ","$236,438.59 "
50230,80'S,,"3,404","$654,352.94 ","$518,706.98 "
,OTHER,,"6,245","$7,163,650.55 ","$5,679,801.90 "
,TOTAL,,"9,649","$7,818,003.49 ","$6,198,508.88 "
50234,80'S,,497,"$96,296.79 ","$76,549.80 "
,OTHER,,947,"$1,085,785.55 ","$865,258.56 "
,TOTAL,,"1,444","$1,182,082.34 ","$941,808.36 "
50236,80'S,,365,"$80,210.27 ","$63,925.63 "
,OTHER,,610,"$799,663.70 ","$634,783.70 "
,TOTAL,,975,"$879,873.97 ","$698,709.33 "
50240,80'S,,"1,125","$218,636.78 ","$173,471.46 "
,OTHER,,"2,485","$2,959,449.64 ","$2,349,162.66 "
,TOTAL,,"3,610","$3,178,086.42 ","$2,522,634.12 "
50250,80'S,,55,"$9,900.45 ","$7,752.15 "
,OTHER,,186,"$173,588.66 ","$133,264.11 "
,TOTAL,,241,"$183,489.11 ","$141,016.26 "
50280,80'S,,68,"$7,307.99 ","$5,846.42 "
,OTHER,,201,"$125,368.44 ","$99,814.59 "
,TOTAL,,269,"$132,676.43 ","$105,661.01 "
50290,80'S,,1,$62.77 ,$50.22 
,OTHER,,13,"$8,123.36 ","$6,498.69 "
,TOTAL,,14,"$8,186.13 ","$6,548.91 "
50320,80'S,,72,"$14,726.81 ","$13,291.65 "
,OTHER,,286,"$333,017.47 ","$316,154.89 "
,TOTAL,,358,"$347,744.28 ","$329,446.54 "
50323,80'S,,313,"$7,206.80 ","$5,714.23 "
,OTHER,,"4,821","$627,594.65 ","$497,915.16 "
,TOTAL,,"5,134","$634,801.45 ","$503,629.39 "
50325,80'S,,114,"$3,704.22 ","$2,931.62 "
,OTHER,,"1,753","$231,897.47 ","$180,556.20 "
,TOTAL,,"1,867","$235,601.69 ","$183,487.82 "
50327,80'S,,65,"$1,369.23 ","$1,067.70 "
,OTHER,,"1,361","$156,651.83 ","$123,476.97 "
,TOTAL,,"1,426","$158,021.06 ","$124,544.67 "
50328,80'S,,67,"$1,034.59 ",$804.25 
,OTHER,,936,"$91,455.36 ","$71,812.15 "
,TOTAL,,"1,003","$92,489.95 ","$72,616.40 "
50329,80'S,,22,$289.59 ,$231.73 
,OTHER,,155,"$13,624.71 ","$10,774.08 "
,TOTAL,,177,"$13,914.30 ","$11,005.81 "
50340,80'S,,6,$770.39 ,$616.32 
,OTHER,,51,"$38,143.98 ","$29,575.81 "
,TOTAL,,57,"$38,914.37 ","$30,192.13 "
50360,80'S,,"1,375","$414,123.68 ","$324,387.29 "
,OTHER,,"10,251","$18,885,263.50 ","$14,800,180.74 "
,TOTAL,,"11,626","$19,299,387.18 ","$15,124,568.03 "
50365,80'S,,24,"$8,381.81 ","$6,606.25 "
,OTHER,,135,"$282,662.27 ","$218,439.44 "
,TOTAL,,159,"$291,044.08 ","$225,045.69 "
50370,80'S,,137,"$17,976.59 ","$14,199.34 "
,OTHER,,"1,157","$914,823.38 ","$720,420.03 "
,TOTAL,,"1,294","$932,799.97 ","$734,619.37 "
50380,80'S,,30,"$4,035.04 ","$3,228.01 "
,OTHER,,76,"$73,211.82 ","$57,326.02 "
,TOTAL,,106,"$77,246.86 ","$60,554.03 "
50382,OTHER,,581,"$171,808.00 ","$137,035.83 "
,TOTAL,,581,"$171,808.00 ","$137,035.83 "
50384,OTHER,,273,"$75,325.96 ","$59,841.83 "
,TOTAL,,273,"$75,325.96 ","$59,841.83 "
50387,80'S,,1,$8.11 ,$6.49 
,OTHER,,"1,487","$163,121.56 ","$129,491.82 "
,TOTAL,,"1,488","$163,129.67 ","$129,498.31 "
50389,OTHER,,"1,821","$102,725.21 ","$81,732.83 "
,TOTAL,,"1,821","$102,725.21 ","$81,732.83 "
50390,SG,,10,"$3,321.97 ","$2,657.57 "
,OTHER,,"9,223","$609,903.28 ","$483,491.69 "
,TOTAL,,"9,233","$613,225.25 ","$486,149.26 "
50391,OTHER,,411,"$40,601.43 ","$32,213.16 "
,TOTAL,,411,"$40,601.43 ","$32,213.16 "
50392,SG,,8,"$2,407.96 ","$1,926.36 "
,OTHER,,"17,695","$3,120,909.56 ","$2,479,444.67 "
,TOTAL,,"17,703","$3,123,317.52 ","$2,481,371.03 "
50393,SG,,5,"$1,468.51 ","$1,174.80 "
,OTHER,,"10,078","$2,235,951.52 ","$1,779,124.84 "
,TOTAL,,"10,083","$2,237,420.03 ","$1,780,299.64 "
50394,OTHER,,"31,041","$1,259,599.53 ","$993,675.21 "
,TOTAL,,"31,041","$1,259,599.53 ","$993,675.21 "
50395,SG,,2,$644.11 ,$515.28 
,80'S,,3,$86.10 ,$68.88 
,OTHER,,"2,847","$414,382.45 ","$327,893.81 "
,TOTAL,,"2,852","$415,112.66 ","$328,477.97 "
50396,OTHER,,110,"$12,683.86 ","$9,910.47 "
,TOTAL,,110,"$12,683.86 ","$9,910.47 "
50398,SG,,24,"$7,163.76 ","$5,731.01 "
,OTHER,,"22,137","$1,901,736.66 ","$1,493,784.58 "
,TOTAL,,"22,161","$1,908,900.42 ","$1,499,515.59 "
50400,80'S,,95,"$15,652.10 ","$12,332.77 "
,OTHER,,178,"$176,939.88 ","$141,189.14 "
,TOTAL,,273,"$192,591.98 ","$153,521.91 "
50405,80'S,,34,"$6,965.97 ","$5,572.79 "
,OTHER,,111,"$137,874.10 ","$110,275.12 "
,TOTAL,,145,"$144,840.07 ","$115,847.91 "
50500,80'S,,8,"$1,465.12 ","$1,172.10 "
,OTHER,,50,"$41,441.23 ","$33,060.39 "
,TOTAL,,58,"$42,906.35 ","$34,232.49 "
50520,80'S,,2,$313.17 ,$250.53 
,OTHER,,7,"$6,229.81 ","$4,983.84 "
,TOTAL,,9,"$6,542.98 ","$5,234.37 "
50525,80'S,,2,$308.33 ,$246.66 
,OTHER,,4,"$4,105.69 ","$3,284.55 "
,TOTAL,,6,"$4,414.02 ","$3,531.21 "
50540,80'S,,4,$605.36 ,$484.28 
,OTHER,,14,"$12,458.46 ","$9,906.70 "
,TOTAL,,18,"$13,063.82 ","$10,390.98 "
50541,80'S,,105,"$15,106.27 ","$11,987.15 "
,OTHER,,270,"$219,249.74 ","$173,831.06 "
,TOTAL,,375,"$234,356.01 ","$185,818.21 "
50542,80'S,,380,"$66,937.97 ","$53,164.14 "
,OTHER,,"1,135","$1,196,504.81 ","$951,805.75 "
,TOTAL,,"1,515","$1,263,442.78 ","$1,004,969.89 "
50543,80'S,,361,"$81,628.07 ","$64,037.31 "
,OTHER,,996,"$1,402,365.11 ","$1,108,669.19 "
,TOTAL,,"1,357","$1,483,993.18 ","$1,172,706.50 "
50544,80'S,,74,"$14,612.10 ","$11,615.92 "
,OTHER,,189,"$227,545.10 ","$179,653.73 "
,TOTAL,,263,"$242,157.20 ","$191,269.65 "
50545,80'S,,"2,130","$445,999.88 ","$353,561.70 "
,OTHER,,"4,525","$5,740,814.15 ","$4,552,191.14 "
,TOTAL,,"6,655","$6,186,814.03 ","$4,905,752.84 "
50546,80'S,,774,"$140,726.94 ","$111,434.96 "
,OTHER,,"1,801","$1,943,053.03 ","$1,544,987.96 "
,TOTAL,,"2,575","$2,083,779.97 ","$1,656,422.92 "
50547,80'S,,441,"$105,516.78 ","$89,820.56 "
,OTHER,,"1,953","$2,665,355.05 ","$2,607,775.01 "
,TOTAL,,"2,394","$2,770,871.83 ","$2,697,595.57 "
50548,80'S,,513,"$108,791.63 ","$86,282.54 "
,OTHER,,"1,139","$1,479,757.99 ","$1,177,895.22 "
,TOTAL,,"1,652","$1,588,549.62 ","$1,264,177.76 "
50549,80'S,,14,"$1,712.71 ","$1,370.18 "
,OTHER,,106,"$74,167.03 ","$59,333.63 "
,TOTAL,,120,"$75,879.74 ","$60,703.81 "
50551,SG,,2,$656.36 ,$525.08 
,80'S,,2,$76.40 ,$61.12 
,OTHER,,152,"$42,568.88 ","$33,069.54 "
,TOTAL,,156,"$43,301.64 ","$33,655.74 "
50553,OTHER,,278,"$75,390.13 ","$59,667.72 "
,TOTAL,,278,"$75,390.13 ","$59,667.72 "
50555,80'S,,4,$93.58 ,$74.86 
,OTHER,,54,"$16,822.31 ","$13,048.80 "
,TOTAL,,58,"$16,915.89 ","$13,123.66 "
50557,OTHER,,67,"$21,476.61 ","$16,259.54 "
,TOTAL,,67,"$21,476.61 ","$16,259.54 "
50561,SG,,4,"$1,163.13 ",$930.51 
,80'S,,6,$475.13 ,$380.09 
,OTHER,,357,"$134,075.58 ","$106,150.57 "
,TOTAL,,367,"$135,713.84 ","$107,461.17 "
50562,80'S,,4,$378.47 ,$302.79 
,OTHER,,60,"$34,757.59 ","$27,326.04 "
,TOTAL,,64,"$35,136.06 ","$27,628.83 "
50570,80'S,,2,$120.11 ,$96.09 
,OTHER,,72,"$31,789.05 ","$24,324.17 "
,TOTAL,,74,"$31,909.16 ","$24,420.26 "
50572,OTHER,,22,"$11,793.91 ","$9,101.45 "
,TOTAL,,22,"$11,793.91 ","$9,101.45 "
50574,OTHER,,8,"$3,834.28 ","$3,067.42 "
,TOTAL,,8,"$3,834.28 ","$3,067.42 "
50575,OTHER,,194,"$138,503.37 ","$109,626.16 "
,TOTAL,,194,"$138,503.37 ","$109,626.16 "
50576,OTHER,,26,"$15,330.11 ","$12,264.08 "
,TOTAL,,26,"$15,330.11 ","$12,264.08 "
50580,80'S,,2,$102.88 ,$82.30 
,OTHER,,72,"$38,441.60 ","$30,717.23 "
,TOTAL,,74,"$38,544.48 ","$30,799.53 "
50590,OTHER,,"51,846","$27,256,996.75 ","$21,443,958.01 "
,TOTAL,,"51,846","$27,256,996.75 ","$21,443,958.01 "
50592,80'S,,15,$871.20 ,$696.99 
,OTHER,,912,"$373,562.92 ","$297,629.81 "
,TOTAL,,927,"$374,434.12 ","$298,326.80 "
50600,80'S,,22,"$2,110.25 ","$1,688.21 "
,OTHER,,111,"$76,908.77 ","$61,089.98 "
,TOTAL,,133,"$79,019.02 ","$62,778.19 "
50605,80'S,,290,"$23,909.27 ","$18,981.24 "
,OTHER,,"1,720","$924,711.54 ","$732,757.91 "
,TOTAL,,"2,010","$948,620.81 ","$751,739.15 "
50610,80'S,,24,"$2,717.37 ","$2,173.92 "
,OTHER,,70,"$50,264.42 ","$39,623.11 "
,TOTAL,,94,"$52,981.79 ","$41,797.03 "
50620,80'S,,12,"$1,460.10 ","$1,168.08 "
,OTHER,,39,"$28,280.79 ","$22,624.63 "
,TOTAL,,51,"$29,740.89 ","$23,792.71 "
50630,80'S,,22,"$2,641.43 ","$2,113.15 "
,OTHER,,92,"$54,207.28 ","$43,334.42 "
,TOTAL,,114,"$56,848.71 ","$45,447.57 "
50650,80'S,,148,"$18,792.38 ","$14,911.85 "
,OTHER,,325,"$241,986.09 ","$192,523.09 "
,TOTAL,,473,"$260,778.47 ","$207,434.94 "
50660,80'S,,19,"$2,618.72 ","$2,094.97 "
,OTHER,,51,"$43,148.24 ","$34,223.76 "
,TOTAL,,70,"$45,766.96 ","$36,318.73 "
50684,OTHER,,"1,896","$70,726.19 ","$56,193.81 "
,TOTAL,,"1,896","$70,726.19 ","$56,193.81 "
50686,OTHER,,1,$87.17 ,$69.74 
,TOTAL,,1,$87.17 ,$69.74 
50688,SG,,19,"$5,866.73 ","$4,693.40 "
,OTHER,,"1,965","$148,890.92 ","$116,689.88 "
,TOTAL,,"1,984","$154,757.65 ","$121,383.28 "
50690,OTHER,,"2,803","$201,761.10 ","$157,271.94 "
,TOTAL,,"2,803","$201,761.10 ","$157,271.94 "
50700,80'S,,18,"$2,013.37 ","$1,547.71 "
,OTHER,,133,"$102,329.15 ","$81,370.43 "
,TOTAL,,151,"$104,342.52 ","$82,918.14 "
50715,80'S,,352,"$56,872.54 ","$45,475.85 "
,OTHER,,"1,400","$1,395,442.28 ","$1,112,528.15 "
,TOTAL,,"1,752","$1,452,314.82 ","$1,158,004.00 "
50722,80'S,,15,"$1,977.78 ","$1,576.33 "
,OTHER,,46,"$37,587.22 ","$30,069.80 "
,TOTAL,,61,"$39,565.00 ","$31,646.13 "
50725,80'S,,3,$344.81 ,$275.85 
,OTHER,,16,"$11,410.92 ","$9,128.74 "
,TOTAL,,19,"$11,755.73 ","$9,404.59 "
50727,80'S,,25,"$1,706.83 ","$1,365.48 "
,OTHER,,146,"$61,895.27 ","$49,153.47 "
,TOTAL,,171,"$63,602.10 ","$50,518.95 "
50728,80'S,,11,$920.95 ,$736.76 
,OTHER,,71,"$42,360.24 ","$33,849.36 "
,TOTAL,,82,"$43,281.19 ","$34,586.12 "
50740,80'S,,15,"$2,309.12 ","$1,847.29 "
,OTHER,,85,"$77,231.42 ","$61,374.53 "
,TOTAL,,100,"$79,540.54 ","$63,221.82 "
50750,OTHER,,4,"$3,423.07 ","$2,738.45 "
,TOTAL,,4,"$3,423.07 ","$2,738.45 "
50760,80'S,,106,"$15,876.40 ","$12,331.75 "
,OTHER,,427,"$385,837.27 ","$304,670.34 "
,TOTAL,,533,"$401,713.67 ","$317,002.09 "
50770,80'S,,9,"$1,544.69 ","$1,235.74 "
,OTHER,,29,"$27,994.84 ","$22,361.25 "
,TOTAL,,38,"$29,539.53 ","$23,596.99 "
50780,80'S,,196,"$30,917.56 ","$24,586.59 "
,OTHER,,861,"$851,167.31 ","$669,403.57 "
,TOTAL,,"1,057","$882,084.87 ","$693,990.16 "
50782,80'S,,2,$265.54 ,$113.24 
,OTHER,,14,"$11,136.65 ","$8,909.33 "
,TOTAL,,16,"$11,402.19 ","$9,022.57 "
50783,80'S,,6,"$1,109.75 ",$887.81 
,OTHER,,20,"$20,859.70 ","$16,687.77 "
,TOTAL,,26,"$21,969.45 ","$17,575.58 "
50785,80'S,,131,"$23,422.97 ","$18,475.96 "
,OTHER,,352,"$376,130.53 ","$298,675.77 "
,TOTAL,,483,"$399,553.50 ","$317,151.73 "
50800,80'S,,24,"$2,638.18 ","$2,081.83 "
,OTHER,,110,"$79,403.97 ","$63,341.38 "
,TOTAL,,134,"$82,042.15 ","$65,423.21 "
50810,80'S,,4,$616.59 ,$493.28 
,OTHER,,28,"$27,921.51 ","$22,337.21 "
,TOTAL,,32,"$28,538.10 ","$22,830.49 "
50815,80'S,,12,"$2,092.51 ","$1,659.41 "
,OTHER,,57,"$60,029.67 ","$47,512.82 "
,TOTAL,,69,"$62,122.18 ","$49,172.23 "
50820,80'S,,268,"$51,208.77 ","$40,857.69 "
,OTHER,,893,"$1,019,391.41 ","$809,481.55 "
,TOTAL,,"1,161","$1,070,600.18 ","$850,339.24 "
50825,80'S,,29,"$6,625.84 ","$5,300.69 "
,OTHER,,166,"$231,835.32 ","$183,870.51 "
,TOTAL,,195,"$238,461.16 ","$189,171.20 "
50830,80'S,,7,"$1,875.20 ","$1,500.14 "
,OTHER,,48,"$78,120.99 ","$62,496.76 "
,TOTAL,,55,"$79,996.19 ","$63,996.90 "
50840,80'S,,7,"$1,091.44 ",$873.15 
,OTHER,,37,"$38,590.59 ","$30,872.47 "
,TOTAL,,44,"$39,682.03 ","$31,745.62 "
50845,80'S,,13,"$2,202.87 ","$1,654.33 "
,OTHER,,80,"$69,582.96 ","$54,117.26 "
,TOTAL,,93,"$71,785.83 ","$55,771.59 "
50860,80'S,,4,$416.59 ,$333.27 
,OTHER,,38,"$29,880.28 ","$23,904.25 "
,TOTAL,,42,"$30,296.87 ","$24,237.52 "
50900,80'S,,16,"$1,315.86 ","$1,052.68 "
,OTHER,,112,"$68,016.75 ","$54,413.34 "
,TOTAL,,128,"$69,332.61 ","$55,466.02 "
50920,80'S,,1,$66.41 ,$53.13 
,OTHER,,11,"$8,028.27 ","$6,386.42 "
,TOTAL,,12,"$8,094.68 ","$6,439.55 "
50930,OTHER,,13,"$11,661.10 ","$9,328.86 "
,TOTAL,,13,"$11,661.10 ","$9,328.86 "
50940,80'S,,3,$189.67 ,$151.74 
,OTHER,,8,"$4,442.46 ","$3,553.96 "
,TOTAL,,11,"$4,632.13 ","$3,705.70 "
50945,80'S,,5,$704.84 ,$563.88 
,OTHER,,10,"$7,816.69 ","$6,253.36 "
,TOTAL,,15,"$8,521.53 ","$6,817.24 "
50947,SG,,1,"$1,343.66 ","$1,074.93 "
,80'S,,8,"$1,697.78 ","$1,358.22 "
,OTHER,,44,"$57,261.26 ","$45,809.02 "
,TOTAL,,53,"$60,302.70 ","$48,242.17 "
50948,80'S,,2,$373.88 ,$299.10 
,OTHER,,5,"$6,167.63 ","$4,934.11 "
,TOTAL,,7,"$6,541.51 ","$5,233.21 "
50949,80'S,,13,"$1,369.59 ","$1,095.66 "
,OTHER,,45,"$41,146.81 ","$32,917.44 "
,TOTAL,,58,"$42,516.40 ","$34,013.10 "
50951,SG,,12,"$2,992.04 ","$2,393.62 "
,80'S,,1,$25.09 ,$20.07 
,OTHER,,182,"$50,982.34 ","$40,605.49 "
,TOTAL,,195,"$53,999.47 ","$43,019.18 "
50953,SG,,5,"$1,172.85 ",$739.80 
,OTHER,,124,"$38,760.08 ","$29,990.69 "
,TOTAL,,129,"$39,932.93 ","$30,730.49 "
50955,SG,,1,$329.23 ,$263.38 
,OTHER,,39,"$14,248.78 ","$11,073.88 "
,TOTAL,,40,"$14,578.01 ","$11,337.26 "
50957,SG,,3,"$1,098.23 ",$878.58 
,OTHER,,26,"$8,779.48 ","$6,825.17 "
,TOTAL,,29,"$9,877.71 ","$7,703.75 "
50961,SG,,1,$320.04 ,$256.03 
,OTHER,,77,"$23,133.09 ","$17,738.75 "
,TOTAL,,78,"$23,453.13 ","$17,994.78 "
50970,SG,,1,$310.70 ,$248.56 
,OTHER,,28,"$6,245.10 ","$4,994.30 "
,TOTAL,,29,"$6,555.80 ","$5,242.86 "
50972,OTHER,,34,"$9,670.49 ","$7,736.39 "
,TOTAL,,34,"$9,670.49 ","$7,736.39 "
50974,OTHER,,7,"$3,105.20 ","$2,484.15 "
,TOTAL,,7,"$3,105.20 ","$2,484.15 "
50976,OTHER,,9,"$3,385.92 ","$2,282.26 "
,TOTAL,,9,"$3,385.92 ","$2,282.26 "
50980,OTHER,,41,"$12,263.14 ","$9,810.50 "
,TOTAL,,41,"$12,263.14 ","$9,810.50 "
51000,OTHER,,192,"$12,218.92 ","$9,320.18 "
,TOTAL,,192,"$12,218.92 ","$9,320.18 "
51005,OTHER,,579,"$67,813.88 ","$53,162.21 "
,TOTAL,,579,"$67,813.88 ","$53,162.21 "
51010,SG,,424,"$109,986.98 ","$86,438.65 "
,OTHER,,"14,725","$2,817,720.11 ","$2,220,893.84 "
,TOTAL,,"15,149","$2,927,707.09 ","$2,307,332.49 "
51020,SG,,3,"$1,917.99 ","$1,534.39 "
,80'S,,9,$405.86 ,$324.70 
,OTHER,,149,"$51,637.80 ","$41,041.12 "
,TOTAL,,161,"$53,961.65 ","$42,900.21 "
51030,OTHER,,15,"$3,263.95 ","$2,611.17 "
,TOTAL,,15,"$3,263.95 ","$2,611.17 "
51040,SG,,207,"$126,355.99 ","$99,702.85 "
,80'S,,274,"$9,267.13 ","$7,360.61 "
,OTHER,,"6,515","$1,549,185.15 ","$1,226,026.23 "
,TOTAL,,"6,996","$1,684,808.27 ","$1,333,089.69 "
51045,SG,,20,"$12,191.41 ","$9,718.42 "
,80'S,,48,"$2,007.08 ","$1,605.65 "
,OTHER,,745,"$230,451.63 ","$182,572.31 "
,TOTAL,,813,"$244,650.12 ","$193,896.38 "
51050,SG,,26,"$14,864.66 ","$11,691.97 "
,80'S,,159,"$8,404.99 ","$6,582.64 "
,OTHER,,"1,108","$373,155.86 ","$295,687.05 "
,TOTAL,,"1,293","$396,425.51 ","$313,961.66 "
51060,80'S,,4,$325.76 ,$260.60 
,OTHER,,16,"$6,912.80 ","$5,530.24 "
,TOTAL,,20,"$7,238.56 ","$5,790.84 "
51065,SG,,3,"$1,593.69 ","$1,274.95 "
,80'S,,1,$41.96 ,$33.57 
,OTHER,,110,"$51,289.61 ","$40,266.41 "
,TOTAL,,114,"$52,925.26 ","$41,574.93 "
51080,SG,,1,$160.67 ,$128.54 
,80'S,,15,$563.06 ,$450.44 
,OTHER,,68,"$20,644.53 ","$16,491.39 "
,TOTAL,,84,"$21,368.26 ","$17,070.37 "
51500,SG,,1,$610.68 ,$488.54 
,80'S,,11,$696.06 ,$556.84 
,OTHER,,76,"$35,603.68 ","$28,160.61 "
,TOTAL,,88,"$36,910.42 ","$29,205.99 "
51520,SG,,1,$626.40 ,$501.12 
,80'S,,7,$491.35 ,$318.01 
,OTHER,,42,"$19,927.73 ","$15,555.63 "
,TOTAL,,50,"$21,045.48 ","$16,374.76 "
51525,80'S,,138,"$14,586.52 ","$11,578.11 "
,OTHER,,321,"$210,083.98 ","$165,676.50 "
,TOTAL,,459,"$224,670.50 ","$177,254.61 "
51530,80'S,,31,"$2,383.03 ","$1,906.40 "
,OTHER,,134,"$68,803.88 ","$54,535.72 "
,TOTAL,,165,"$71,186.91 ","$56,442.12 "
51535,80'S,,5,$458.29 ,$366.64 
,OTHER,,77,"$48,468.23 ","$38,714.86 "
,TOTAL,,82,"$48,926.52 ","$39,081.50 "
51550,80'S,,334,"$40,658.41 ","$32,407.28 "
,OTHER,,951,"$676,738.30 ","$539,067.99 "
,TOTAL,,"1,285","$717,396.71 ","$571,475.27 "
51555,80'S,,188,"$32,385.69 ","$25,509.11 "
,OTHER,,529,"$549,161.23 ","$433,090.62 "
,TOTAL,,717,"$581,546.92 ","$458,599.73 "
51565,80'S,,38,"$7,181.69 ","$5,745.37 "
,OTHER,,115,"$132,696.36 ","$104,971.53 "
,TOTAL,,153,"$139,878.05 ","$110,716.90 "
51570,80'S,,41,"$7,998.01 ","$6,242.19 "
,OTHER,,116,"$137,318.82 ","$108,843.58 "
,TOTAL,,157,"$145,316.83 ","$115,085.77 "
51575,80'S,,110,"$29,033.81 ","$23,227.08 "
,OTHER,,286,"$474,932.38 ","$379,737.84 "
,TOTAL,,396,"$503,966.19 ","$402,964.92 "
51580,80'S,,5,"$1,385.36 ","$1,108.28 "
,OTHER,,18,"$27,835.44 ","$22,268.36 "
,TOTAL,,23,"$29,220.80 ","$23,376.64 "
51585,80'S,,15,"$4,502.66 ","$3,602.13 "
,OTHER,,34,"$62,770.17 ","$50,158.27 "
,TOTAL,,49,"$67,272.83 ","$53,760.40 "
51590,80'S,,482,"$136,728.75 ","$108,917.60 "
,OTHER,,"1,004","$1,683,865.49 ","$1,341,751.62 "
,TOTAL,,"1,486","$1,820,594.24 ","$1,450,669.22 "
51595,80'S,,"1,162","$372,575.70 ","$296,952.70 "
,OTHER,,"3,066","$5,963,127.03 ","$4,750,201.16 "
,TOTAL,,"4,228","$6,335,702.73 ","$5,047,153.86 "
51596,80'S,,199,"$68,869.16 ","$54,398.92 "
,OTHER,,646,"$1,353,803.31 ","$1,071,877.90 "
,TOTAL,,845,"$1,422,672.47 ","$1,126,276.82 "
51597,80'S,,119,"$39,801.42 ","$31,741.91 "
,OTHER,,423,"$837,840.10 ","$664,999.54 "
,TOTAL,,542,"$877,641.52 ","$696,741.45 "
51600,OTHER,,"35,954","$2,911,017.85 ","$2,280,896.79 "
,TOTAL,,"35,954","$2,911,017.85 ","$2,280,896.79 "
51605,OTHER,,264,"$12,086.48 ","$9,606.01 "
,TOTAL,,264,"$12,086.48 ","$9,606.01 "
51610,OTHER,,"5,416","$336,678.84 ","$263,064.30 "
,TOTAL,,"5,416","$336,678.84 ","$263,064.30 "
51700,OTHER,,"111,319","$9,327,343.71 ","$7,159,836.92 "
,TOTAL,,"111,319","$9,327,343.71 ","$7,159,836.92 "
51701,OTHER,,"157,805","$11,754,540.79 ","$8,926,299.77 "
,TOTAL,,"157,805","$11,754,540.79 ","$8,926,299.77 "
51702,OTHER,,"190,743","$15,696,075.09 ","$11,991,232.78 "
,TOTAL,,"190,743","$15,696,075.09 ","$11,991,232.78 "
51703,OTHER,,"48,991","$6,110,024.51 ","$4,750,524.41 "
,TOTAL,,"48,991","$6,110,024.51 ","$4,750,524.41 "
51705,OTHER,,"76,954","$8,747,596.90 ","$6,641,164.92 "
,TOTAL,,"76,954","$8,747,596.90 ","$6,641,164.92 "
51710,SG,,76,"$21,183.02 ","$16,587.05 "
,OTHER,,"9,208","$1,471,920.23 ","$1,130,613.05 "
,TOTAL,,"9,284","$1,493,103.25 ","$1,147,200.10 "
51715,SG,,"1,855","$926,707.96 ","$736,686.39 "
,80'S,,4,$93.78 ,$75.03 
,OTHER,,"15,485","$3,446,686.63 ","$2,694,924.43 "
,TOTAL,,"17,344","$4,373,488.37 ","$3,431,685.85 "
51720,OTHER,,"190,870","$26,833,013.17 ","$20,982,578.57 "
,TOTAL,,"190,870","$26,833,013.17 ","$20,982,578.57 "
51725,OTHER,,"21,540","$4,562,358.12 ","$3,592,468.14 "
,TOTAL,,"21,540","$4,562,358.12 ","$3,592,468.14 "
51726,SG,,"9,211","$2,359,452.95 ","$1,862,348.08 "
,OTHER,,"210,284","$59,570,582.62 ","$46,775,878.08 "
,TOTAL,,"219,495","$61,930,035.57 ","$48,638,226.16 "
51736,OTHER,,"16,099","$630,097.73 ","$476,346.72 "
,TOTAL,,"16,099","$630,097.73 ","$476,346.72 "
51741,OTHER,,"578,323","$34,948,492.37 ","$26,484,943.59 "
,TOTAL,,"578,323","$34,948,492.37 ","$26,484,943.59 "
51772,SG,,"1,238","$215,407.07 ","$171,498.49 "
,OTHER,,"78,427","$10,219,467.34 ","$8,105,810.10 "
,TOTAL,,"79,665","$10,434,874.41 ","$8,277,308.59 "
51784,OTHER,,"143,980","$16,708,508.79 ","$13,204,959.56 "
,TOTAL,,"143,980","$16,708,508.79 ","$13,204,959.56 "
51785,SG,,991,"$172,636.52 ","$137,355.08 "
,OTHER,,"12,467","$1,170,422.06 ","$925,739.40 "
,TOTAL,,"13,458","$1,343,058.58 ","$1,063,094.48 "
51792,OTHER,,"10,009","$1,574,637.24 ","$1,246,525.28 "
,TOTAL,,"10,009","$1,574,637.24 ","$1,246,525.28 "
51795,OTHER,,"157,163","$25,076,793.46 ","$19,885,669.09 "
,TOTAL,,"157,163","$25,076,793.46 ","$19,885,669.09 "
51797,OTHER,,"139,390","$18,097,851.02 ","$14,345,362.26 "
,TOTAL,,"139,390","$18,097,851.02 ","$14,345,362.26 "
51798,OTHER,,"1,491,997","$23,747,682.34 ","$17,713,033.45 "
,TOTAL,,"1,491,997","$23,747,682.34 ","$17,713,033.45 "
51800,80'S,,151,"$20,040.15 ","$15,640.94 "
,OTHER,,460,"$361,005.46 ","$281,823.61 "
,TOTAL,,611,"$381,045.61 ","$297,464.55 "
51820,80'S,,4,$593.83 ,$475.06 
,OTHER,,16,"$13,063.79 ","$10,451.03 "
,TOTAL,,20,"$13,657.62 ","$10,926.09 "
51840,80'S,,474,"$37,627.27 ","$29,770.27 "
,OTHER,,"1,365","$639,266.38 ","$502,741.54 "
,TOTAL,,"1,839","$676,893.65 ","$532,511.81 "
51841,80'S,,79,"$8,902.39 ","$7,050.49 "
,OTHER,,276,"$179,537.57 ","$142,044.65 "
,TOTAL,,355,"$188,439.96 ","$149,095.14 "
51845,80'S,,65,"$5,524.54 ","$4,419.63 "
,OTHER,,395,"$205,747.52 ","$162,674.04 "
,TOTAL,,460,"$211,272.06 ","$167,093.67 "
51860,80'S,,177,"$14,434.92 ","$11,491.71 "
,OTHER,,"1,065","$544,531.77 ","$431,717.18 "
,TOTAL,,"1,242","$558,966.69 ","$443,208.89 "
51865,80'S,,145,"$17,465.34 ","$13,966.98 "
,OTHER,,654,"$489,148.58 ","$387,628.21 "
,TOTAL,,799,"$506,613.92 ","$401,595.19 "
51880,80'S,,27,"$1,475.57 ","$1,180.42 "
,OTHER,,209,"$71,306.97 ","$56,943.56 "
,TOTAL,,236,"$72,782.54 ","$58,123.98 "
51900,80'S,,31,"$3,389.11 ","$2,688.31 "
,OTHER,,104,"$66,392.28 ","$52,380.44 "
,TOTAL,,135,"$69,781.39 ","$55,068.75 "
51920,80'S,,1,$58.33 ,$46.66 
,OTHER,,7,"$3,649.03 ","$2,919.22 "
,TOTAL,,8,"$3,707.36 ","$2,965.88 "
51925,OTHER,,1,$200.00 ,$160.00 
,TOTAL,,1,$200.00 ,$160.00 
51940,OTHER,,6,"$5,943.20 ","$4,753.86 "
,TOTAL,,6,"$5,943.20 ","$4,753.86 "
51960,80'S,,33,"$6,574.04 ","$5,095.45 "
,OTHER,,159,"$185,078.38 ","$144,427.81 "
,TOTAL,,192,"$191,652.42 ","$149,523.26 "
51980,80'S,,9,$558.42 ,$446.72 
,OTHER,,50,"$24,717.21 ","$19,649.81 "
,TOTAL,,59,"$25,275.63 ","$20,096.53 "
51990,80'S,,61,"$5,506.18 ","$4,262.51 "
,OTHER,,197,"$105,785.05 ","$83,548.31 "
,TOTAL,,258,"$111,291.23 ","$87,810.82 "
51992,SG,,4,"$3,053.44 ","$2,442.76 "
,80'S,,116,"$11,504.91 ","$8,845.92 "
,OTHER,,438,"$307,521.58 ","$243,173.22 "
,TOTAL,,558,"$322,079.93 ","$254,461.90 "
51999,80'S,,16,"$2,547.39 ","$2,037.93 "
,OTHER,,119,"$111,122.50 ","$87,671.94 "
,TOTAL,,135,"$113,669.89 ","$89,709.87 "
52000,SG,,"74,109","$23,746,073.49 ","$18,618,706.03 "
,80'S,,2,$29.54 ,$23.63 
,OTHER,,"967,539","$176,715,121.74 ","$135,131,210.67 "
,TOTAL,,"1,041,650","$200,461,224.77 ","$153,749,940.33 "
52001,SG,,390,"$145,191.01 ","$114,588.93 "
,OTHER,,"12,500","$3,660,344.90 ","$2,899,735.99 "
,TOTAL,,"12,890","$3,805,535.91 ","$3,014,324.92 "
52005,SG,,"8,351","$3,219,276.30 ","$2,535,995.28 "
,80'S,,1,$11.61 ,$9.29 
,OTHER,,"54,093","$6,022,711.60 ","$4,700,375.52 "
,TOTAL,,"62,445","$9,241,999.51 ","$7,236,380.09 "
52007,SG,,31,"$11,999.12 ","$9,439.58 "
,OTHER,,715,"$127,758.42 ","$99,408.38 "
,TOTAL,,746,"$139,757.54 ","$108,847.96 "
52010,SG,,3,"$1,393.99 ","$1,115.19 "
,OTHER,,86,"$36,306.69 ","$28,620.74 "
,TOTAL,,89,"$37,700.68 ","$29,735.93 "
52204,SG,,"5,056","$2,046,408.19 ","$1,617,322.85 "
,OTHER,,"40,333","$9,891,968.46 ","$7,759,341.52 "
,TOTAL,,"45,389","$11,938,376.65 ","$9,376,664.37 "
52214,SG,,"1,671","$686,350.44 ","$542,537.65 "
,OTHER,,"25,485","$24,233,390.38 ","$19,221,535.82 "
,TOTAL,,"27,156","$24,919,740.82 ","$19,764,073.47 "
52224,SG,,"3,424","$1,441,818.36 ","$1,137,112.16 "
,OTHER,,"49,443","$47,796,545.80 ","$37,856,713.19 "
,TOTAL,,"52,867","$49,238,364.16 ","$38,993,825.35 "
52234,SG,,"4,294","$1,837,460.91 ","$1,451,292.12 "
,80'S,,1,$44.69 ,$35.75 
,OTHER,,"27,599","$6,527,387.84 ","$5,127,754.18 "
,TOTAL,,"31,894","$8,364,893.44 ","$6,579,082.05 "
52235,SG,,"3,174","$1,585,716.44 ","$1,256,409.28 "
,OTHER,,"32,170","$9,111,419.90 ","$7,190,996.56 "
,TOTAL,,"35,344","$10,697,136.34 ","$8,447,405.84 "
52240,SG,,"1,519","$762,577.37 ","$604,404.26 "
,OTHER,,"26,226","$13,468,889.13 ","$10,681,140.01 "
,TOTAL,,"27,745","$14,231,466.50 ","$11,285,544.27 "
52250,SG,,18,"$11,466.76 ","$9,173.41 "
,OTHER,,191,"$40,218.84 ","$31,468.44 "
,TOTAL,,209,"$51,685.60 ","$40,641.85 "
52260,SG,,"1,707","$706,527.83 ","$554,543.61 "
,OTHER,,"6,655","$1,317,189.74 ","$1,013,994.15 "
,TOTAL,,"8,362","$2,023,717.57 ","$1,568,537.76 "
52265,OTHER,,"2,795","$1,499,466.24 ","$1,183,770.34 "
,TOTAL,,"2,795","$1,499,466.24 ","$1,183,770.34 "
52270,SG,,97,"$37,580.82 ","$29,205.24 "
,OTHER,,765,"$273,920.72 ","$216,743.33 "
,TOTAL,,862,"$311,501.54 ","$245,948.57 "
52275,SG,,255,"$104,028.10 ","$82,107.29 "
,OTHER,,"3,527","$1,923,324.19 ","$1,518,020.25 "
,TOTAL,,"3,782","$2,027,352.29 ","$1,600,127.54 "
52276,SG,,"1,895","$917,723.58 ","$724,913.72 "
,OTHER,,"13,338","$3,321,853.48 ","$2,610,226.90 "
,TOTAL,,"15,233","$4,239,577.06 ","$3,335,140.62 "
52277,SG,,6,"$2,438.10 ","$1,950.49 "
,80'S,,1,$55.25 ,$44.20 
,OTHER,,137,"$35,391.86 ","$28,066.55 "
,TOTAL,,144,"$37,885.21 ","$30,061.24 "
52281,SG,,"10,747","$4,710,065.93 ","$3,709,019.28 "
,80'S,,2,$41.46 ,$33.17 
,OTHER,,"135,918","$44,910,940.46 ","$35,128,044.22 "
,TOTAL,,"146,667","$49,621,047.85 ","$38,837,096.67 "
52282,SG,,116,"$158,955.38 ","$126,979.28 "
,OTHER,,978,"$303,143.22 ","$240,154.15 "
,TOTAL,,"1,094","$462,098.60 ","$367,133.43 "
52283,SG,,62,"$20,154.39 ","$16,123.49 "
,OTHER,,581,"$82,839.44 ","$65,171.73 "
,TOTAL,,643,"$102,993.83 ","$81,295.22 "
52285,SG,,651,"$280,215.63 ","$221,237.33 "
,OTHER,,"7,488","$1,887,948.57 ","$1,474,756.43 "
,TOTAL,,"8,139","$2,168,164.20 ","$1,695,993.76 "
52290,SG,,30,"$10,317.48 ","$7,960.48 "
,OTHER,,339,"$59,136.23 ","$47,023.51 "
,TOTAL,,369,"$69,453.71 ","$54,983.99 "
52300,SG,,19,"$6,386.24 ","$5,009.79 "
,OTHER,,177,"$39,521.56 ","$30,973.75 "
,TOTAL,,196,"$45,907.80 ","$35,983.54 "
52301,SG,,4,"$1,863.77 ","$1,491.01 "
,80'S,,2,$48.18 ,$38.54 
,OTHER,,60,"$14,712.42 ","$11,498.33 "
,TOTAL,,66,"$16,624.37 ","$13,027.88 "
52305,SG,,18,"$6,837.82 ","$5,470.25 "
,OTHER,,221,"$49,756.14 ","$39,595.40 "
,TOTAL,,239,"$56,593.96 ","$45,065.65 "
52310,SG,,"4,582","$1,966,589.47 ","$1,551,484.51 "
,OTHER,,"59,330","$13,778,904.64 ","$10,727,790.08 "
,TOTAL,,"63,912","$15,745,494.11 ","$12,279,274.59 "
52315,SG,,477,"$186,573.82 ","$147,356.44 "
,OTHER,,"4,175","$1,533,160.30 ","$1,206,876.38 "
,TOTAL,,"4,652","$1,719,734.12 ","$1,354,232.82 "
52317,SG,,514,"$134,455.13 ","$105,737.67 "
,OTHER,,"7,872","$3,320,309.10 ","$2,624,667.88 "
,TOTAL,,"8,386","$3,454,764.23 ","$2,730,405.55 "
52318,SG,,379,"$154,248.66 ","$122,131.57 "
,OTHER,,"7,349","$3,212,852.24 ","$2,535,065.78 "
,TOTAL,,"7,728","$3,367,100.90 ","$2,657,197.35 "
52320,SG,,245,"$177,981.60 ","$139,592.25 "
,OTHER,,"1,566","$315,465.57 ","$248,196.32 "
,TOTAL,,"1,811","$493,447.17 ","$387,788.57 "
52325,SG,,74,"$38,926.89 ","$30,900.18 "
,OTHER,,711,"$201,128.52 ","$159,345.24 "
,TOTAL,,785,"$240,055.41 ","$190,245.42 "
52327,SG,,52,"$22,253.45 ","$17,802.67 "
,OTHER,,217,"$71,108.39 ","$55,430.98 "
,TOTAL,,269,"$93,361.84 ","$73,233.65 "
52330,SG,,97,"$38,223.85 ","$29,760.65 "
,OTHER,,"2,634","$903,220.06 ","$714,230.03 "
,TOTAL,,"2,731","$941,443.91 ","$743,990.68 "
52332,SG,,"6,031","$2,142,789.18 ","$1,691,718.98 "
,80'S,,4,$87.83 ,$70.27 
,OTHER,,"102,282","$12,352,116.93 ","$9,718,150.03 "
,TOTAL,,"108,317","$14,494,993.94 ","$11,409,939.28 "
52334,SG,,37,"$17,735.78 ","$13,572.11 "
,OTHER,,448,"$100,474.81 ","$79,310.19 "
,TOTAL,,485,"$118,210.59 ","$92,882.30 "
52341,SG,,151,"$61,031.49 ","$48,688.21 "
,80'S,,3,$139.65 ,$111.72 
,OTHER,,"1,896","$552,897.20 ","$437,465.28 "
,TOTAL,,"2,050","$614,068.34 ","$486,265.21 "
52342,SG,,11,"$5,250.73 ","$4,138.17 "
,OTHER,,328,"$108,042.70 ","$85,474.85 "
,TOTAL,,339,"$113,293.43 ","$89,613.02 "
52343,OTHER,,24,"$9,277.03 ","$7,421.61 "
,TOTAL,,24,"$9,277.03 ","$7,421.61 "
52344,SG,,146,"$69,491.54 ","$55,156.63 "
,OTHER,,"2,140","$855,333.16 ","$676,603.73 "
,TOTAL,,"2,286","$924,824.70 ","$731,760.36 "
52345,SG,,36,"$12,665.42 ","$10,132.31 "
,80'S,,1,$68.81 ,$55.05 
,OTHER,,434,"$184,600.24 ","$146,279.62 "
,TOTAL,,471,"$197,334.47 ","$156,466.98 "
52346,OTHER,,90,"$44,033.89 ","$34,683.96 "
,TOTAL,,90,"$44,033.89 ","$34,683.96 "
52351,SG,,"1,434","$704,571.20 ","$557,640.32 "
,80'S,,1,$56.87 ,$45.50 
,OTHER,,"17,948","$5,381,550.48 ","$4,244,731.82 "
,TOTAL,,"19,383","$6,086,178.55 ","$4,802,417.64 "
52352,SG,,912,"$556,462.95 ","$438,863.86 "
,OTHER,,"14,045","$4,989,634.56 ","$3,929,445.68 "
,TOTAL,,"14,957","$5,546,097.51 ","$4,368,309.54 "
52353,SG,,"1,813","$1,086,499.40 ","$857,478.84 "
,80'S,,1,$68.86 ,$55.09 
,OTHER,,"24,188","$10,153,214.41 ","$8,006,960.94 "
,TOTAL,,"26,002","$11,239,782.67 ","$8,864,494.87 "
52354,SG,,357,"$215,507.24 ","$170,556.58 "
,OTHER,,"5,764","$2,200,308.23 ","$1,739,573.57 "
,TOTAL,,"6,121","$2,415,815.47 ","$1,910,130.15 "
52355,SG,,37,"$22,164.94 ","$17,206.34 "
,OTHER,,829,"$380,131.85 ","$302,925.30 "
,TOTAL,,866,"$402,296.79 ","$320,131.64 "
52400,SG,,100,"$51,720.03 ","$41,110.29 "
,OTHER,,850,"$441,436.73 ","$346,977.28 "
,TOTAL,,950,"$493,156.76 ","$388,087.57 "
52402,SG,,1,$485.31 ,$388.25 
,OTHER,,40,"$8,907.13 ","$6,941.24 "
,TOTAL,,41,"$9,392.44 ","$7,329.49 "
52450,SG,,220,"$108,956.46 ","$85,811.73 "
,OTHER,,"2,328","$951,430.56 ","$746,648.63 "
,TOTAL,,"2,548","$1,060,387.02 ","$832,460.36 "
52500,SG,,739,"$356,825.02 ","$280,791.03 "
,80'S,,1,$40.10 ,$32.08 
,OTHER,,"6,106","$2,815,116.72 ","$2,222,899.12 "
,TOTAL,,"6,846","$3,171,981.84 ","$2,503,722.23 "
52510,SG,,21,"$10,323.11 ","$8,258.50 "
,OTHER,,"2,321","$482,540.45 ","$383,298.19 "
,TOTAL,,"2,342","$492,863.56 ","$391,556.69 "
52601,SG,,730,"$453,264.75 ","$359,638.46 "
,OTHER,,"54,391","$37,253,517.26 ","$29,463,238.03 "
,TOTAL,,"55,121","$37,706,782.01 ","$29,822,876.49 "
52606,SG,,11,"$2,605.69 ","$2,084.55 "
,OTHER,,459,"$190,178.82 ","$149,483.48 "
,TOTAL,,470,"$192,784.51 ","$151,568.03 "
52612,SG,,26,"$10,610.03 ","$8,380.39 "
,OTHER,,540,"$227,097.89 ","$179,846.99 "
,TOTAL,,566,"$237,707.92 ","$188,227.38 "
52614,SG,,3,$645.96 ,$516.77 
,OTHER,,299,"$111,697.09 ","$88,204.06 "
,TOTAL,,302,"$112,343.05 ","$88,720.83 "
52620,SG,,41,"$11,117.10 ","$8,854.41 "
,OTHER,,800,"$283,244.28 ","$223,149.27 "
,TOTAL,,841,"$294,361.38 ","$232,003.68 "
52630,SG,,108,"$44,947.25 ","$35,711.58 "
,OTHER,,"3,098","$1,210,922.86 ","$959,940.87 "
,TOTAL,,"3,206","$1,255,870.11 ","$995,652.45 "
52640,SG,,308,"$131,792.60 ","$104,408.44 "
,OTHER,,"2,509","$875,679.10 ","$692,494.65 "
,TOTAL,,"2,817","$1,007,471.70 ","$796,903.09 "
52647,SG,,245,"$324,535.83 ","$257,771.95 "
,OTHER,,"10,363","$23,659,945.26 ","$18,711,154.98 "
,TOTAL,,"10,608","$23,984,481.09 ","$18,968,926.93 "
52648,SG,,610,"$825,171.53 ","$651,377.65 "
,OTHER,,"33,201","$25,558,752.30 ","$20,246,231.60 "
,TOTAL,,"33,811","$26,383,923.83 ","$20,897,609.25 "
52700,SG,,4,"$1,115.79 ",$892.63 
,OTHER,,69,"$20,711.57 ","$16,490.70 "
,TOTAL,,73,"$21,827.36 ","$17,383.33 "
53000,SG,,15,"$3,947.86 ","$3,158.31 "
,OTHER,,133,"$13,227.16 ","$9,910.15 "
,TOTAL,,148,"$17,175.02 ","$13,068.46 "
53010,SG,,2,$641.27 ,$513.01 
,OTHER,,236,"$41,551.31 ","$32,849.34 "
,TOTAL,,238,"$42,192.58 ","$33,362.35 "
53020,SG,,133,"$28,107.90 ","$22,162.18 "
,OTHER,,931,"$69,846.88 ","$54,458.43 "
,TOTAL,,"1,064","$97,954.78 ","$76,620.61 "
53025,OTHER,,4,$161.16 ,$112.66 
,TOTAL,,4,$161.16 ,$112.66 
53040,SG,,1,$214.21 ,$171.37 
,80'S,,1,$31.18 ,$24.94 
,OTHER,,84,"$27,617.44 ","$21,772.73 "
,TOTAL,,86,"$27,862.83 ","$21,969.04 "
53060,OTHER,,25,"$3,946.31 ","$3,006.19 "
,TOTAL,,25,"$3,946.31 ","$3,006.19 "
53080,SG,,1,$507.08 ,$405.66 
,OTHER,,10,"$3,937.23 ","$2,865.14 "
,TOTAL,,11,"$4,444.31 ","$3,270.80 "
53085,80'S,,1,$112.75 ,$90.20 
,OTHER,,53,"$30,009.92 ","$23,009.61 "
,TOTAL,,54,"$30,122.67 ","$23,099.81 "
53200,SG,,41,"$8,817.61 ","$6,858.70 "
,OTHER,,578,"$59,809.02 ","$46,791.73 "
,TOTAL,,619,"$68,626.63 ","$53,650.43 "
53210,SG,,3,"$2,128.07 ","$1,702.45 "
,80'S,,21,"$1,803.54 ","$1,442.85 "
,OTHER,,87,"$43,043.23 ","$34,178.34 "
,TOTAL,,111,"$46,974.84 ","$37,323.64 "
53215,80'S,,56,"$5,534.73 ","$4,427.82 "
,OTHER,,236,"$165,624.27 ","$132,098.38 "
,TOTAL,,292,"$171,159.00 ","$136,526.20 "
53220,SG,,7,"$2,423.18 ","$1,938.55 "
,80'S,,2,$133.94 ,$107.15 
,OTHER,,131,"$45,401.42 ","$35,862.82 "
,TOTAL,,140,"$47,958.54 ","$37,908.52 "
53230,SG,,11,"$4,973.18 ","$3,978.55 "
,80'S,,24,"$1,776.33 ","$1,421.07 "
,OTHER,,167,"$85,371.83 ","$66,995.57 "
,TOTAL,,202,"$92,121.34 ","$72,395.19 "
53235,SG,,2,$999.28 ,$799.42 
,80'S,,1,$94.52 ,$75.62 
,OTHER,,36,"$16,603.95 ","$13,080.13 "
,TOTAL,,39,"$17,697.75 ","$13,955.17 "
53240,SG,,5,"$1,935.59 ","$1,548.48 "
,OTHER,,26,"$9,482.76 ","$7,586.20 "
,TOTAL,,31,"$11,418.35 ","$9,134.68 "
53250,OTHER,,7,"$2,184.53 ","$1,747.63 "
,TOTAL,,7,"$2,184.53 ","$1,747.63 "
53260,SG,,27,"$9,936.15 ","$7,833.41 "
,OTHER,,335,"$51,440.47 ","$40,423.11 "
,TOTAL,,362,"$61,376.62 ","$48,256.52 "
53265,SG,,108,"$42,563.86 ","$33,899.88 "
,OTHER,,954,"$159,952.89 ","$125,558.55 "
,TOTAL,,"1,062","$202,516.75 ","$159,458.43 "
53270,SG,,1,$491.20 ,$392.96 
,OTHER,,18,"$2,865.97 ","$2,169.23 "
,TOTAL,,19,"$3,357.17 ","$2,562.19 "
53275,SG,,25,"$10,651.33 ","$8,521.06 "
,OTHER,,504,"$108,100.06 ","$85,308.83 "
,TOTAL,,529,"$118,751.39 ","$93,829.89 "
53400,SG,,7,"$3,492.16 ","$2,793.73 "
,80'S,,6,$728.10 ,$582.48 
,OTHER,,123,"$81,111.04 ","$64,432.96 "
,TOTAL,,136,"$85,331.30 ","$67,809.17 "
53405,80'S,,1,$125.17 ,$100.14 
,OTHER,,16,"$12,893.47 ","$10,204.91 "
,TOTAL,,17,"$13,018.64 ","$10,305.05 "
53410,SG,,5,"$2,090.14 ","$1,672.11 "
,80'S,,32,"$4,682.20 ","$3,646.57 "
,OTHER,,270,"$234,554.79 ","$185,851.18 "
,TOTAL,,307,"$241,327.13 ","$191,169.86 "
53415,80'S,,14,"$2,327.63 ","$1,862.09 "
,OTHER,,134,"$137,965.37 ","$109,297.77 "
,TOTAL,,148,"$140,293.00 ","$111,159.86 "
53420,OTHER,,28,"$11,848.63 ","$9,127.57 "
,TOTAL,,28,"$11,848.63 ","$9,127.57 "
53425,80'S,,1,$155.64 ,$124.51 
,OTHER,,5,"$4,144.87 ","$3,315.89 "
,TOTAL,,6,"$4,300.51 ","$3,440.40 "
53430,SG,,5,"$1,661.02 ","$1,328.82 "
,80'S,,9,"$1,283.09 ","$1,026.46 "
,OTHER,,116,"$101,272.58 ","$79,711.54 "
,TOTAL,,130,"$104,216.69 ","$82,066.82 "
53431,SG,,1,$421.12 ,$336.90 
,80'S,,19,"$1,759.64 ","$1,370.44 "
,OTHER,,26,"$17,107.56 ","$13,686.06 "
,TOTAL,,46,"$19,288.32 ","$15,393.40 "
53440,SG,,5,"$2,213.66 ","$1,770.94 "
,80'S,,196,"$23,766.59 ","$18,737.53 "
,OTHER,,"1,046","$770,799.37 ","$605,553.44 "
,TOTAL,,"1,247","$796,779.62 ","$626,061.91 "
53442,SG,,3,$826.71 ,$661.37 
,80'S,,23,"$2,296.84 ","$1,837.46 "
,OTHER,,156,"$92,609.24 ","$73,311.22 "
,TOTAL,,182,"$95,732.79 ","$75,810.05 "
53444,80'S,,17,"$2,049.11 ","$1,540.09 "
,OTHER,,125,"$88,913.92 ","$69,651.32 "
,TOTAL,,142,"$90,963.03 ","$71,191.41 "
53445,SG,,13,"$3,960.64 ","$3,168.49 "
,80'S,,475,"$62,017.46 ","$48,853.11 "
,OTHER,,"2,149","$1,708,290.38 ","$1,348,245.31 "
,TOTAL,,"2,637","$1,774,268.48 ","$1,400,266.91 "
53446,SG,,20,"$5,795.41 ","$4,636.32 "
,80'S,,81,"$7,188.19 ","$5,639.95 "
,OTHER,,801,"$429,116.70 ","$341,409.40 "
,TOTAL,,902,"$442,100.30 ","$351,685.67 "
53447,SG,,8,"$2,503.41 ","$2,002.72 "
,80'S,,91,"$11,259.85 ","$8,728.23 "
,OTHER,,557,"$414,264.05 ","$324,971.85 "
,TOTAL,,656,"$428,027.31 ","$335,702.80 "
53448,80'S,,7,"$1,356.51 ","$1,085.21 "
,OTHER,,57,"$63,319.32 ","$50,457.02 "
,TOTAL,,64,"$64,675.83 ","$51,542.23 "
53449,SG,,7,"$2,177.40 ","$1,741.91 "
,80'S,,28,"$2,367.08 ","$1,854.03 "
,OTHER,,198,"$101,973.80 ","$80,480.73 "
,TOTAL,,233,"$106,518.28 ","$84,076.67 "
53450,SG,,22,"$5,217.09 ","$4,100.73 "
,OTHER,,196,"$63,178.44 ","$49,592.08 "
,TOTAL,,218,"$68,395.53 ","$53,692.81 "
53460,SG,,4,$964.05 ,$771.24 
,OTHER,,59,"$19,930.06 ","$15,944.07 "
,TOTAL,,63,"$20,894.11 ","$16,715.31 "
53500,80'S,,137,"$11,011.13 ","$8,678.28 "
,OTHER,,748,"$392,640.22 ","$310,864.19 "
,TOTAL,,885,"$403,651.35 ","$319,542.47 "
53502,SG,,1,$436.00 ,$348.80 
,80'S,,1,$36.23 ,$28.98 
,OTHER,,41,"$15,734.49 ","$12,587.61 "
,TOTAL,,43,"$16,206.72 ","$12,965.39 "
53505,80'S,,3,$103.98 ,$83.19 
,OTHER,,52,"$16,204.54 ","$12,963.64 "
,TOTAL,,55,"$16,308.52 ","$13,046.83 "
53510,80'S,,4,$297.62 ,$147.37 
,OTHER,,47,"$18,837.93 ","$14,450.53 "
,TOTAL,,51,"$19,135.55 ","$14,597.90 "
53515,80'S,,2,$176.33 ,$141.07 
,OTHER,,10,"$6,568.36 ","$5,254.69 "
,TOTAL,,12,"$6,744.69 ","$5,395.76 "
53520,SG,,2,$917.92 ,$734.34 
,OTHER,,52,"$22,893.26 ","$18,207.02 "
,TOTAL,,54,"$23,811.18 ","$18,941.36 "
53600,OTHER,,"10,389","$830,460.66 ","$622,005.76 "
,TOTAL,,"10,389","$830,460.66 ","$622,005.76 "
53601,OTHER,,"15,927","$1,330,591.05 ","$982,244.58 "
,TOTAL,,"15,927","$1,330,591.05 ","$982,244.58 "
53605,SG,,40,"$15,346.84 ","$12,162.42 "
,OTHER,,499,"$27,786.07 ","$21,379.83 "
,TOTAL,,539,"$43,132.91 ","$33,542.25 "
53620,OTHER,,"8,823","$1,015,239.34 ","$776,836.91 "
,TOTAL,,"8,823","$1,015,239.34 ","$776,836.91 "
53621,OTHER,,"6,302","$793,294.20 ","$588,703.95 "
,TOTAL,,"6,302","$793,294.20 ","$588,703.95 "
53660,OTHER,,"22,672","$1,658,977.58 ","$1,237,435.47 "
,TOTAL,,"22,672","$1,658,977.58 ","$1,237,435.47 "
53661,OTHER,,"43,284","$3,270,894.01 ","$2,388,493.07 "
,TOTAL,,"43,284","$3,270,894.01 ","$2,388,493.07 "
53665,SG,,24,"$6,690.85 ","$5,192.17 "
,OTHER,,214,"$7,352.39 ","$5,417.94 "
,TOTAL,,238,"$14,043.24 ","$10,610.11 "
53850,OTHER,,"35,013","$136,826,180.45 ","$108,090,747.56 "
,TOTAL,,"35,013","$136,826,180.45 ","$108,090,747.56 "
53852,OTHER,,"9,256","$34,074,881.91 ","$26,948,647.95 "
,TOTAL,,"9,256","$34,074,881.91 ","$26,948,647.95 "
53853,OTHER,,48,"$99,886.87 ","$78,269.40 "
,TOTAL,,48,"$99,886.87 ","$78,269.40 "
53899,80'S,,28,"$2,967.78 ","$2,374.25 "
,OTHER,,"2,908","$850,430.81 ","$677,429.86 "
,TOTAL,,"2,936","$853,398.59 ","$679,804.11 "
54000,OTHER,MALE GENITAL,62,"$5,866.32 ","$4,488.65 "
,TOTAL,,62,"$5,866.32 ","$4,488.65 "
54001,SG,,146,"$61,573.84 ","$48,054.79 "
,OTHER,,"2,070","$286,067.49 ","$222,460.56 "
,TOTAL,,"2,216","$347,641.33 ","$270,515.35 "
54015,SG,,2,"$1,213.43 ",$970.74 
,80'S,,1,$49.79 ,$39.83 
,OTHER,,142,"$37,590.31 ","$29,863.98 "
,TOTAL,,145,"$38,853.53 ","$30,874.55 "
54050,OTHER,,920,"$96,194.98 ","$70,684.01 "
,TOTAL,,920,"$96,194.98 ","$70,684.01 "
54055,OTHER,,726,"$70,394.60 ","$52,712.00 "
,TOTAL,,726,"$70,394.60 ","$52,712.00 "
54056,OTHER,,"2,738","$287,829.50 ","$213,291.01 "
,TOTAL,,"2,738","$287,829.50 ","$213,291.01 "
54057,SG,,33,"$9,986.58 ","$7,676.85 "
,OTHER,,284,"$19,910.47 ","$15,022.93 "
,TOTAL,,317,"$29,897.05 ","$22,699.78 "
54060,SG,,134,"$36,821.83 ","$28,734.06 "
,OTHER,,812,"$107,889.18 ","$82,779.69 "
,TOTAL,,946,"$144,711.01 ","$111,513.75 "
54065,SG,,56,"$15,995.86 ","$12,490.68 "
,OTHER,,"1,325","$235,868.76 ","$180,703.06 "
,TOTAL,,"1,381","$251,864.62 ","$193,193.74 "
54100,SG,,122,"$32,036.52 ","$25,226.82 "
,OTHER,,"2,699","$381,290.40 ","$293,331.96 "
,TOTAL,,"2,821","$413,326.92 ","$318,558.78 "
54105,SG,,31,"$8,752.71 ","$6,909.32 "
,OTHER,,300,"$61,505.06 ","$48,088.78 "
,TOTAL,,331,"$70,257.77 ","$54,998.10 "
54110,SG,,4,"$1,557.75 ","$1,246.21 "
,80'S,,1,$48.63 ,$38.90 
,OTHER,,57,"$25,196.43 ","$20,157.13 "
,TOTAL,,62,"$26,802.81 ","$21,442.24 "
54111,SG,,2,$658.14 ,$526.51 
,80'S,,4,$431.92 ,$345.54 
,OTHER,,37,"$24,147.70 ","$18,808.68 "
,TOTAL,,43,"$25,237.76 ","$19,680.73 "
54112,80'S,,6,$863.71 ,$690.96 
,OTHER,,47,"$39,387.87 ","$30,796.61 "
,TOTAL,,53,"$40,251.58 ","$31,487.57 "
54115,SG,,2,$639.91 ,$465.29 
,80'S,,1,$65.50 ,$52.40 
,OTHER,,45,"$15,877.28 ","$12,236.12 "
,TOTAL,,48,"$16,582.69 ","$12,753.81 "
54120,SG,,12,"$5,319.48 ","$4,248.83 "
,80'S,,63,"$5,664.90 ","$4,490.85 "
,OTHER,,490,"$264,408.21 ","$210,002.95 "
,TOTAL,,565,"$275,392.59 ","$218,742.63 "
54125,80'S,,15,"$1,695.85 ","$1,356.68 "
,OTHER,,123,"$83,886.78 ","$67,043.02 "
,TOTAL,,138,"$85,582.63 ","$68,399.70 "
54130,80'S,,1,$193.14 ,$154.51 
,OTHER,,13,"$14,189.76 ","$10,645.75 "
,TOTAL,,14,"$14,382.90 ","$10,800.26 "
54135,OTHER,,4,"$5,559.66 ","$4,447.74 "
,TOTAL,,4,"$5,559.66 ","$4,447.74 "
54150,SG,,1,$320.12 ,$256.10 
,OTHER,,7,$524.57 ,$419.65 
,TOTAL,,8,$844.69 ,$675.75 
54152,SG,,104,"$33,029.42 ","$25,875.06 "
,OTHER,,287,"$36,190.00 ","$27,392.54 "
,TOTAL,,391,"$69,219.42 ","$53,267.60 "
54160,SG,,2,$659.70 ,$527.76 
,OTHER,,13,"$1,623.71 ","$1,270.30 "
,TOTAL,,15,"$2,283.41 ","$1,798.06 "
54161,SG,,"2,349","$1,000,469.62 ","$784,159.74 "
,OTHER,,"12,478","$2,197,951.65 ","$1,705,873.75 "
,TOTAL,,"14,827","$3,198,421.27 ","$2,490,033.49 "
54162,SG,,38,"$15,191.14 ","$11,949.66 "
,OTHER,,299,"$56,283.42 ","$43,624.50 "
,TOTAL,,337,"$71,474.56 ","$55,574.16 "
54163,SG,,28,"$11,430.84 ","$9,083.04 "
,OTHER,,145,"$24,850.71 ","$19,261.92 "
,TOTAL,,173,"$36,281.55 ","$28,344.96 "
54164,SG,,23,"$8,335.61 ","$6,546.17 "
,OTHER,,129,"$18,760.95 ","$14,023.23 "
,TOTAL,,152,"$27,096.56 ","$20,569.40 "
54200,OTHER,,"2,484","$261,893.34 ","$194,214.40 "
,TOTAL,,"2,484","$261,893.34 ","$194,214.40 "
54205,80'S,,1,$45.01 ,$36.01 
,OTHER,,11,"$3,247.74 ","$2,598.18 "
,TOTAL,,12,"$3,292.75 ","$2,634.19 "
54220,OTHER,,431,"$65,651.24 ","$50,007.99 "
,TOTAL,,431,"$65,651.24 ","$50,007.99 "
54230,OTHER,,90,"$7,520.89 ","$5,775.00 "
,TOTAL,,90,"$7,520.89 ","$5,775.00 "
54231,OTHER,,278,"$36,951.28 ","$28,126.35 "
,TOTAL,,278,"$36,951.28 ","$28,126.35 "
54235,OTHER,,"11,216","$918,474.52 ","$687,618.60 "
,TOTAL,,"11,216","$918,474.52 ","$687,618.60 "
54240,OTHER,,871,"$63,302.58 ","$49,842.34 "
,TOTAL,,871,"$63,302.58 ","$49,842.34 "
54250,OTHER,,915,"$104,565.51 ","$82,060.84 "
,TOTAL,,915,"$104,565.51 ","$82,060.84 "
54300,SG,,9,"$4,529.94 ","$3,623.96 "
,80'S,,3,$254.64 ,$203.71 
,OTHER,,84,"$39,743.77 ","$31,724.14 "
,TOTAL,,96,"$44,528.35 ","$35,551.81 "
54304,SG,,3,"$1,225.20 ",$980.16 
,80'S,,2,$209.73 ,$167.78 
,OTHER,,13,"$9,234.71 ","$7,387.76 "
,TOTAL,,18,"$10,669.64 ","$8,535.70 "
54312,OTHER,,2,"$1,227.52 ",$982.02 
,TOTAL,,2,"$1,227.52 ",$982.02 
54316,OTHER,,2,"$1,884.46 ","$1,507.57 "
,TOTAL,,2,"$1,884.46 ","$1,507.57 "
54322,SG,,2,$991.46 ,$793.17 
,80'S,,1,$148.34 ,$118.67 
,OTHER,,8,"$5,635.13 ","$4,487.59 "
,TOTAL,,11,"$6,774.93 ","$5,399.43 "
54324,OTHER,,8,"$7,479.86 ","$5,983.89 "
,TOTAL,,8,"$7,479.86 ","$5,983.89 "
54326,80'S,,2,$291.47 ,$233.17 
,OTHER,,7,"$6,163.40 ","$4,930.72 "
,TOTAL,,9,"$6,454.87 ","$5,163.89 "
54328,SG,,1,$533.68 ,$426.94 
,OTHER,,5,"$4,446.00 ","$3,556.81 "
,TOTAL,,6,"$4,979.68 ","$3,983.75 "
54332,OTHER,,5,"$3,991.42 ","$3,193.12 "
,TOTAL,,5,"$3,991.42 ","$3,193.12 "
54340,SG,,1,$512.18 ,$409.74 
,OTHER,,10,"$5,014.65 ","$4,011.70 "
,TOTAL,,11,"$5,526.83 ","$4,421.44 "
54344,OTHER,,2,"$1,957.24 ","$1,565.79 "
,TOTAL,,2,"$1,957.24 ","$1,565.79 "
54348,OTHER,,4,"$4,052.17 ","$3,142.53 "
,TOTAL,,4,"$4,052.17 ","$3,142.53 "
54352,80'S,,1,$189.12 ,$151.30 
,OTHER,,3,"$4,541.58 ","$3,633.27 "
,TOTAL,,4,"$4,730.70 ","$3,784.57 "
54360,SG,,16,"$7,961.32 ","$6,075.84 "
,80'S,,33,"$2,921.44 ","$2,279.04 "
,OTHER,,531,"$256,063.78 ","$201,549.34 "
,TOTAL,,580,"$266,946.54 ","$209,904.22 "
54380,SG,,1,$505.10 ,$404.08 
,OTHER,,2,"$1,688.12 ","$1,350.50 "
,TOTAL,,3,"$2,193.22 ","$1,754.58 "
54385,OTHER,,2,"$1,741.95 ","$1,393.56 "
,TOTAL,,2,"$1,741.95 ","$1,393.56 "
54400,SG,,4,"$2,013.15 ","$1,511.33 "
,OTHER,,429,"$217,632.93 ","$171,131.81 "
,TOTAL,,433,"$219,646.08 ","$172,643.14 "
54401,SG,,1,$504.22 ,$403.38 
,OTHER,,150,"$92,022.70 ","$72,509.72 "
,TOTAL,,151,"$92,526.92 ","$72,913.10 "
54405,SG,,24,"$11,983.83 ","$9,552.29 "
,80'S,,919,"$109,800.28 ","$85,912.96 "
,OTHER,,"4,478","$3,217,547.34 ","$2,530,190.46 "
,TOTAL,,"5,421","$3,339,331.45 ","$2,625,655.71 "
54406,SG,,22,"$10,786.92 ","$8,466.81 "
,80'S,,95,"$10,134.39 ","$8,016.29 "
,OTHER,,791,"$501,606.66 ","$395,559.58 "
,TOTAL,,908,"$522,527.97 ","$412,042.68 "
54408,SG,,14,"$6,849.59 ","$5,477.29 "
,80'S,,48,"$5,445.36 ","$4,289.09 "
,OTHER,,322,"$216,820.84 ","$170,083.47 "
,TOTAL,,384,"$229,115.79 ","$179,849.85 "
54410,SG,,16,"$7,728.47 ","$6,083.58 "
,80'S,,247,"$34,114.87 ","$26,767.45 "
,OTHER,,"1,388","$1,150,101.28 ","$905,791.39 "
,TOTAL,,"1,651","$1,191,944.62 ","$938,642.42 "
54411,80'S,,28,"$4,008.61 ","$3,206.91 "
,OTHER,,172,"$150,982.70 ","$119,209.37 "
,TOTAL,,200,"$154,991.31 ","$122,416.28 "
54415,SG,,19,"$9,271.74 ","$7,345.72 "
,80'S,,24,"$1,692.58 ","$1,354.06 "
,OTHER,,287,"$127,506.16 ","$101,539.26 "
,TOTAL,,330,"$138,470.48 ","$110,239.04 "
54416,SG,,3,"$1,532.91 ","$1,226.32 "
,80'S,,36,"$3,648.19 ","$2,831.07 "
,OTHER,,148,"$89,209.55 ","$70,423.36 "
,TOTAL,,187,"$94,390.65 ","$74,480.75 "
54417,80'S,,4,$516.09 ,$412.86 
,OTHER,,33,"$26,067.33 ","$20,754.65 "
,TOTAL,,37,"$26,583.42 ","$21,167.51 "
54420,SG,,2,"$1,261.67 ","$1,009.33 "
,80'S,,1,$103.98 ,$83.18 
,OTHER,,13,"$8,749.73 ","$6,999.77 "
,TOTAL,,16,"$10,115.38 ","$8,092.28 "
54430,80'S,,3,$309.59 ,$247.67 
,OTHER,,54,"$30,844.78 ","$24,467.60 "
,TOTAL,,57,"$31,154.37 ","$24,715.27 "
54435,SG,,1,$617.26 ,$493.81 
,OTHER,,64,"$23,106.27 ","$18,334.09 "
,TOTAL,,65,"$23,723.53 ","$18,827.90 "
54440,SG,,3,"$1,877.93 ","$1,403.15 "
,80'S,,3,$295.66 ,$236.53 
,OTHER,,83,"$60,587.90 ","$47,606.77 "
,TOTAL,,89,"$62,761.49 ","$49,246.45 "
54450,SG,,22,"$4,712.73 ","$3,770.17 "
,OTHER,,"2,193","$138,444.71 ","$107,619.73 "
,TOTAL,,"2,215","$143,157.44 ","$111,389.90 "
54500,OTHER,,34,"$2,057.46 ","$1,536.93 "
,TOTAL,,34,"$2,057.46 ","$1,536.93 "
54505,SG,,9,"$2,480.33 ","$1,984.27 "
,OTHER,,111,"$19,022.58 ","$14,958.98 "
,TOTAL,,120,"$21,502.91 ","$16,943.25 "
54512,SG,,28,"$9,117.65 ","$7,152.05 "
,80'S,,2,$145.93 ,$116.74 
,OTHER,,137,"$64,021.17 ","$49,792.90 "
,TOTAL,,167,"$73,284.75 ","$57,061.69 "
54520,SG,,588,"$281,201.75 ","$223,311.49 "
,80'S,,1,$30.18 ,$24.14 
,OTHER,,"4,906","$1,563,285.99 ","$1,238,512.85 "
,TOTAL,,"5,495","$1,844,517.92 ","$1,461,848.48 "
54522,SG,,21,"$9,003.91 ","$7,203.15 "
,80'S,,6,$444.66 ,$355.72 
,OTHER,,83,"$44,209.45 ","$35,313.71 "
,TOTAL,,110,"$53,658.02 ","$42,872.58 "
54530,SG,,137,"$82,910.85 ","$65,405.35 "
,80'S,,71,"$5,748.07 ","$4,538.29 "
,OTHER,,"1,460","$718,743.17 ","$567,646.26 "
,TOTAL,,"1,668","$807,402.09 ","$637,589.90 "
54535,80'S,,1,$121.03 ,$96.82 
,OTHER,,29,"$18,128.24 ","$14,403.42 "
,TOTAL,,30,"$18,249.27 ","$14,500.24 "
54550,SG,,3,"$1,301.33 ","$1,041.06 "
,80'S,,2,$124.76 ,$99.81 
,OTHER,,82,"$32,123.27 ","$25,299.85 "
,TOTAL,,87,"$33,549.36 ","$26,440.72 "
54560,80'S,,1,$48.09 ,$38.47 
,OTHER,,7,"$4,540.64 ","$3,345.61 "
,TOTAL,,8,"$4,588.73 ","$3,384.08 "
54600,SG,,3,"$1,856.80 ","$1,010.57 "
,OTHER,,30,"$11,169.94 ","$8,714.64 "
,TOTAL,,33,"$13,026.74 ","$9,725.21 "
54620,SG,,4,"$1,300.67 ","$1,040.54 "
,OTHER,,33,"$5,000.62 ","$3,874.10 "
,TOTAL,,37,"$6,301.29 ","$4,914.64 "
54640,SG,,15,"$8,180.48 ","$6,544.36 "
,80'S,,2,$103.82 ,$83.06 
,OTHER,,177,"$66,336.11 ","$52,554.05 "
,TOTAL,,194,"$74,620.41 ","$59,181.47 "
54650,OTHER,,6,"$3,185.02 ","$2,548.01 "
,TOTAL,,6,"$3,185.02 ","$2,548.01 "
54660,SG,,1,$448.00 ,$358.40 
,OTHER,,19,"$6,141.69 ","$4,785.48 "
,TOTAL,,20,"$6,589.69 ","$5,143.88 "
54670,OTHER,,22,"$8,046.25 ","$6,332.33 "
,TOTAL,,22,"$8,046.25 ","$6,332.33 "
54680,OTHER,,32,"$22,817.45 ","$17,586.64 "
,TOTAL,,32,"$22,817.45 ","$17,586.64 "
54690,SG,,3,"$3,894.35 ","$3,115.48 "
,80'S,,4,$333.05 ,$201.07 
,OTHER,,22,"$14,108.35 ","$11,286.69 "
,TOTAL,,29,"$18,335.75 ","$14,603.24 "
54692,OTHER,,2,"$1,521.22 ","$1,216.97 "
,TOTAL,,2,"$1,521.22 ","$1,216.97 "
54699,OTHER,,2,$756.98 ,$605.58 
,TOTAL,,2,$756.98 ,$605.58 
54700,SG,,50,"$19,409.66 ","$14,601.98 "
,OTHER,,"1,716","$321,348.31 ","$250,388.90 "
,TOTAL,,"1,766","$340,757.97 ","$264,990.88 "
54800,OTHER,,21,"$2,407.94 ","$1,801.66 "
,TOTAL,,21,"$2,407.94 ","$1,801.66 "
54820,SG,,2,$506.06 ,$404.84 
,80'S,,1,$52.85 ,$42.28 
,OTHER,,26,"$5,927.22 ","$4,741.79 "
,TOTAL,,29,"$6,486.13 ","$5,188.91 "
54830,SG,,52,"$22,959.82 ","$18,367.82 "
,OTHER,,263,"$70,945.35 ","$56,007.19 "
,TOTAL,,315,"$93,905.17 ","$74,375.01 "
54840,SG,,426,"$250,465.05 ","$197,871.16 "
,80'S,,1,$48.46 ,$38.77 
,OTHER,,"2,018","$516,092.62 ","$402,960.63 "
,TOTAL,,"2,445","$766,606.13 ","$600,870.56 "
54860,SG,,121,"$54,252.26 ","$42,011.31 "
,OTHER,,654,"$227,657.63 ","$177,096.93 "
,TOTAL,,775,"$281,909.89 ","$219,108.24 "
54861,SG,,23,"$12,224.50 ","$9,779.63 "
,OTHER,,77,"$36,439.90 ","$28,925.31 "
,TOTAL,,100,"$48,664.40 ","$38,704.94 "
54901,SG,,1,$621.21 ,$496.97 
,OTHER,,2,"$1,872.17 ","$1,497.74 "
,TOTAL,,3,"$2,493.38 ","$1,994.71 "
55000,OTHER,,"3,968","$497,735.25 ","$364,622.82 "
,TOTAL,,"3,968","$497,735.25 ","$364,622.82 "
55040,SG,,"1,098","$519,408.28 ","$408,448.97 "
,80'S,,1,$29.77 ,$23.82 
,OTHER,,"6,234","$1,820,175.21 ","$1,422,155.54 "
,TOTAL,,"7,333","$2,339,613.26 ","$1,830,628.33 "
55041,SG,,123,"$87,297.56 ","$69,322.73 "
,OTHER,,708,"$309,540.29 ","$244,240.62 "
,TOTAL,,831,"$396,837.85 ","$313,563.35 "
55060,SG,,203,"$120,310.34 ","$95,079.21 "
,OTHER,,985,"$311,713.68 ","$242,697.89 "
,TOTAL,,"1,188","$432,024.02 ","$337,777.10 "
55100,SG,,26,"$7,700.49 ","$5,986.08 "
,OTHER,,"1,156","$176,600.06 ","$135,938.04 "
,TOTAL,,"1,182","$184,300.55 ","$141,924.12 "
55110,SG,,61,"$17,432.07 ","$13,557.71 "
,OTHER,,764,"$220,557.17 ","$174,469.87 "
,TOTAL,,825,"$237,989.24 ","$188,027.58 "
55120,SG,,11,"$4,645.23 ","$3,716.19 "
,OTHER,,103,"$28,016.42 ","$22,210.46 "
,TOTAL,,114,"$32,661.65 ","$25,926.65 "
55150,SG,,26,"$7,024.44 ","$5,347.18 "
,80'S,,28,"$1,677.44 ","$1,341.96 "
,OTHER,,421,"$159,977.23 ","$127,103.09 "
,TOTAL,,475,"$168,679.11 ","$133,792.23 "
55175,SG,,15,"$3,345.70 ","$2,550.82 "
,80'S,,2,$78.35 ,$62.68 
,OTHER,,134,"$32,722.75 ","$25,890.06 "
,TOTAL,,151,"$36,146.80 ","$28,503.56 "
55180,SG,,1,$215.78 ,$172.62 
,80'S,,2,$190.97 ,$152.77 
,OTHER,,110,"$56,220.80 ","$44,722.85 "
,TOTAL,,113,"$56,627.55 ","$45,048.24 "
55200,OTHER,,16,"$5,367.60 ","$4,294.08 "
,TOTAL,,16,"$5,367.60 ","$4,294.08 "
55250,SG,,25,"$9,951.31 ","$7,590.18 "
,OTHER,,157,"$68,659.74 ","$50,985.14 "
,TOTAL,,182,"$78,611.05 ","$58,575.32 "
55300,OTHER,,4,$563.97 ,$388.59 
,TOTAL,,4,$563.97 ,$388.59 
55400,SG,,3,"$1,017.28 ",$813.83 
,80'S,,3,$265.74 ,$212.59 
,OTHER,,10,"$4,978.73 ","$3,883.79 "
,TOTAL,,16,"$6,261.75 ","$4,910.21 "
55450,OTHER,,10,"$2,246.50 ","$1,797.20 "
,TOTAL,,10,"$2,246.50 ","$1,797.20 "
55500,SG,,109,"$45,536.48 ","$35,878.04 "
,OTHER,,535,"$147,028.03 ","$115,734.67 "
,TOTAL,,644,"$192,564.51 ","$151,612.71 "
55520,SG,,677,"$240,585.93 ","$190,263.97 "
,80'S,,134,"$4,499.58 ","$3,524.25 "
,OTHER,,"2,792","$548,977.81 ","$433,838.42 "
,TOTAL,,"3,603","$794,063.32 ","$627,626.64 "
55530,SG,,29,"$17,640.38 ","$13,943.31 "
,OTHER,,126,"$38,068.18 ","$28,721.64 "
,TOTAL,,155,"$55,708.56 ","$42,664.95 "
55535,SG,,1,$601.66 ,$481.33 
,80'S,,1,$61.73 ,$49.38 
,OTHER,,24,"$8,702.62 ","$6,763.70 "
,TOTAL,,26,"$9,366.01 ","$7,294.41 "
55540,SG,,31,"$20,780.40 ","$16,423.19 "
,80'S,,5,$246.28 ,$197.04 
,OTHER,,216,"$84,735.35 ","$67,655.66 "
,TOTAL,,252,"$105,762.03 ","$84,275.89 "
55550,SG,,1,"$1,294.39 ","$1,035.51 "
,OTHER,,2,$560.06 ,$448.05 
,TOTAL,,3,"$1,854.45 ","$1,483.56 "
55559,OTHER,,10,"$2,315.65 ","$1,852.53 "
,TOTAL,,10,"$2,315.65 ","$1,852.53 "
55600,OTHER,,72,"$36,127.86 ","$27,838.00 "
,TOTAL,,72,"$36,127.86 ","$27,838.00 "
55605,OTHER,,1,$284.18 ,$227.34 
,TOTAL,,1,$284.18 ,$227.34 
55650,80'S,,14,$792.47 ,$633.94 
,OTHER,,38,"$14,605.71 ","$11,423.47 "
,TOTAL,,52,"$15,398.18 ","$12,057.41 "
55680,SG,,1,$343.37 ,$274.70 
,OTHER,,4,$925.37 ,$740.29 
,TOTAL,,5,"$1,268.74 ","$1,014.99 "
55700,SG,,"23,989","$10,429,890.98 ","$8,185,261.46 "
,OTHER,,"235,957","$43,792,897.93 ","$33,790,233.21 "
,TOTAL,,"259,946","$54,222,788.91 ","$41,975,494.67 "
55705,SG,,38,"$13,936.03 ","$11,049.61 "
,OTHER,,238,"$53,843.01 ","$42,396.42 "
,TOTAL,,276,"$67,779.04 ","$53,446.03 "
55720,OTHER,,31,"$12,708.65 ","$10,166.88 "
,TOTAL,,31,"$12,708.65 ","$10,166.88 "
55725,OTHER,,8,"$3,261.32 ","$2,609.07 "
,TOTAL,,8,"$3,261.32 ","$2,609.07 "
55801,80'S,,7,$927.26 ,$741.81 
,OTHER,,20,"$18,357.17 ","$13,998.92 "
,TOTAL,,27,"$19,284.43 ","$14,740.73 "
55810,80'S,,279,"$53,883.04 ","$41,921.38 "
,OTHER,,654,"$742,212.10 ","$577,657.66 "
,TOTAL,,933,"$796,095.14 ","$619,579.04 "
55812,80'S,,9,"$2,198.95 ","$1,759.16 "
,OTHER,,12,"$13,771.59 ","$10,863.90 "
,TOTAL,,21,"$15,970.54 ","$12,623.06 "
55815,80'S,,28,"$7,219.22 ","$5,644.56 "
,OTHER,,66,"$103,481.73 ","$81,527.46 "
,TOTAL,,94,"$110,700.95 ","$87,172.02 "
55821,80'S,,697,"$87,743.32 ","$69,299.52 "
,OTHER,,"1,438","$1,099,731.95 ","$872,433.43 "
,TOTAL,,"2,135","$1,187,475.27 ","$941,732.95 "
55831,80'S,,482,"$68,016.97 ","$54,088.62 "
,OTHER,,866,"$737,794.70 ","$585,061.24 "
,TOTAL,,"1,348","$805,811.67 ","$639,149.86 "
55840,80'S,,"1,265","$213,582.70 ","$167,857.70 "
,OTHER,,"2,925","$2,718,776.89 ","$2,142,990.70 "
,TOTAL,,"4,190","$2,932,359.59 ","$2,310,848.40 "
55842,80'S,,391,"$82,410.91 ","$64,508.45 "
,OTHER,,852,"$1,087,531.71 ","$849,579.10 "
,TOTAL,,"1,243","$1,169,942.62 ","$914,087.55 "
55845,80'S,,"4,750","$1,165,252.87 ","$916,179.97 "
,OTHER,,"9,160","$13,458,097.76 ","$10,597,692.26 "
,TOTAL,,"13,910","$14,623,350.63 ","$11,513,872.23 "
55859,SG,,"3,447","$4,576,388.26 ","$3,629,940.41 "
,80'S,,91,"$11,034.64 ","$8,827.57 "
,OTHER,,"21,531","$15,283,761.96 ","$12,054,572.96 "
,TOTAL,,"25,069","$19,871,184.86 ","$15,693,340.94 "
55860,OTHER,,214,"$181,441.50 ","$142,845.20 "
,TOTAL,,214,"$181,441.50 ","$142,845.20 "
55862,80'S,,1,$101.76 ,$81.41 
,OTHER,,2,"$2,212.82 ","$1,671.06 "
,TOTAL,,3,"$2,314.58 ","$1,752.47 "
55865,80'S,,9,"$1,924.97 ","$1,539.95 "
,OTHER,,16,"$21,225.10 ","$16,980.07 "
,TOTAL,,25,"$23,150.07 ","$18,520.02 "
55866,80'S,,"2,984","$797,338.11 ","$626,711.23 "
,OTHER,,"7,041","$11,202,059.29 ","$8,815,124.56 "
,TOTAL,,"10,025","$11,999,397.40 ","$9,441,835.79 "
55870,OTHER,,30,"$4,520.32 ","$3,417.85 "
,TOTAL,,30,"$4,520.32 ","$3,417.85 "
55873,SG,,1,"$1,345.00 ","$1,076.00 "
,OTHER,,"4,902","$5,415,145.91 ","$4,276,369.29 "
,TOTAL,,"4,903","$5,416,490.91 ","$4,277,445.29 "
55899,80'S,,3,$741.51 ,$593.20 
,OTHER,,"2,808","$1,077,069.09 ","$859,074.81 "
,TOTAL,,"2,811","$1,077,810.60 ","$859,668.01 "
,TOTAL,,816,"$88,843.77 ","$68,106.53 "
59001,OTHER,,6,"$1,150.35 ",$920.28 
,TOTAL,,6,"$1,150.35 ",$920.28 
59012,OTHER,,5,"$1,170.83 ",$936.67 
,TOTAL,,5,"$1,170.83 ",$936.67 
59015,OTHER,,40,"$5,910.57 ","$4,708.25 "
,TOTAL,,40,"$5,910.57 ","$4,708.25 "
59020,OTHER,,178,"$8,115.03 ","$6,360.46 "
,TOTAL,,178,"$8,115.03 ","$6,360.46 "
59025,OTHER,,"15,002","$522,558.66 ","$395,487.32 "
,TOTAL,,"15,002","$522,558.66 ","$395,487.32 "
59050,OTHER,,8,$398.58 ,$267.38 
,TOTAL,,8,$398.58 ,$267.38 
59051,OTHER,,58,"$2,688.03 ","$2,055.09 "
,TOTAL,,58,"$2,688.03 ","$2,055.09 "
59070,OTHER,,4,$972.23 ,$752.85 
,TOTAL,,4,$972.23 ,$752.85 
59100,80'S,,1,$135.46 ,$108.37 
,OTHER,,16,"$7,835.72 ","$6,036.36 "
,TOTAL,,17,"$7,971.18 ","$6,144.73 "
59120,80'S,,15,"$1,609.60 ","$1,287.67 "
,OTHER,,62,"$44,282.22 ","$35,128.20 "
,TOTAL,,77,"$45,891.82 ","$36,415.87 "
59121,OTHER,,8,"$5,639.75 ","$4,412.59 "
,TOTAL,,8,"$5,639.75 ","$4,412.59 "
59130,OTHER,,1,$104.00 ,$83.20 
,TOTAL,,1,$104.00 ,$83.20 
59140,OTHER,,1,$143.15 ,$114.52 
,TOTAL,,1,$143.15 ,$114.52 
59150,80'S,,6,$743.34 ,$594.67 
,OTHER,,29,"$20,707.01 ","$16,466.42 "
,TOTAL,,35,"$21,450.35 ","$17,061.09 "
59151,80'S,,13,"$1,581.69 ","$1,236.07 "
,OTHER,,98,"$70,566.19 ","$55,364.78 "
,TOTAL,,111,"$72,147.88 ","$56,600.85 "
59160,OTHER,,89,"$14,060.23 ","$11,074.04 "
,TOTAL,,89,"$14,060.23 ","$11,074.04 "
59200,OTHER,,288,"$18,194.10 ","$13,938.21 "
,TOTAL,,288,"$18,194.10 ","$13,938.21 "
59300,OTHER,,19,"$1,874.43 ","$1,459.55 "
,TOTAL,,19,"$1,874.43 ","$1,459.55 "
59320,SG,,2,$694.07 ,$555.25 
,80'S,,3,$66.09 ,$52.88 
,OTHER,,95,"$15,504.66 ","$12,081.80 "
,TOTAL,,100,"$16,264.82 ","$12,689.93 "
59325,OTHER,,2,$523.00 ,$418.40 
,TOTAL,,2,$523.00 ,$418.40 
59350,80'S,,1,$25.45 ,$20.36 
,OTHER,,2,$306.37 ,$245.10 
,TOTAL,,3,$331.82 ,$265.46 
59400,OTHER,,"3,588","$5,720,265.95 ","$4,477,387.51 "
,TOTAL,,"3,588","$5,720,265.95 ","$4,477,387.51 "
59409,OTHER,,"1,353","$1,109,706.99 ","$875,008.02 "
,TOTAL,,"1,353","$1,109,706.99 ","$875,008.02 "
59410,OTHER,,"1,205","$1,091,181.68 ","$858,389.00 "
,TOTAL,,"1,205","$1,091,181.68 ","$858,389.00 "
59412,OTHER,,31,"$3,343.33 ","$2,505.48 "
,TOTAL,,31,"$3,343.33 ","$2,505.48 "
59414,OTHER,,44,"$4,335.14 ","$3,171.76 "
,TOTAL,,44,"$4,335.14 ","$3,171.76 "
59425,OTHER,,"1,433","$274,352.51 ","$213,028.50 "
,TOTAL,,"1,433","$274,352.51 ","$213,028.50 "
59426,OTHER,,"1,566","$473,460.70 ","$371,164.77 "
,TOTAL,,"1,566","$473,460.70 ","$371,164.77 "
59430,OTHER,,"1,162","$144,307.92 ","$106,327.05 "
,TOTAL,,"1,162","$144,307.92 ","$106,327.05 "
59510,80'S,,5,"$1,466.88 ","$1,173.52 "
,OTHER,,"2,717","$4,977,819.42 ","$3,861,200.90 "
,TOTAL,,"2,722","$4,979,286.30 ","$3,862,374.42 "
59514,80'S,,"1,155","$177,173.71 ","$135,978.10 "
,OTHER,,"1,043","$941,904.60 ","$748,559.74 "
,TOTAL,,"2,198","$1,119,078.31 ","$884,537.84 "
59515,OTHER,,992,"$1,074,097.92 ","$854,845.65 "
,TOTAL,,992,"$1,074,097.92 ","$854,845.65 "
59525,OTHER,,3,"$1,494.34 ","$1,195.48 "
,TOTAL,,3,"$1,494.34 ","$1,195.48 "
59610,OTHER,,62,"$104,677.71 ","$80,407.07 "
,TOTAL,,62,"$104,677.71 ","$80,407.07 "
59612,OTHER,,30,"$28,524.85 ","$22,720.70 "
,TOTAL,,30,"$28,524.85 ","$22,720.70 "
59614,OTHER,,23,"$23,691.17 ","$18,698.13 "
,TOTAL,,23,"$23,691.17 ","$18,698.13 "
59618,80'S,,1,$296.90 ,$237.52 
,OTHER,,15,"$29,023.94 ","$22,233.45 "
,TOTAL,,16,"$29,320.84 ","$22,470.97 "
59620,80'S,,2,$369.47 ,$295.58 
,OTHER,,13,"$14,265.28 ","$11,250.62 "
,TOTAL,,15,"$14,634.75 ","$11,546.20 "
59622,80'S,,1,$129.82 ,$103.86 
,OTHER,,6,"$7,103.79 ","$5,583.83 "
,TOTAL,,7,"$7,233.61 ","$5,687.69 "
59812,SG,,13,"$9,062.78 ","$6,854.90 "
,OTHER,,398,"$106,762.66 ","$83,452.91 "
,TOTAL,,411,"$115,825.44 ","$90,307.81 "
59820,SG,,40,"$28,810.11 ","$21,443.83 "
,OTHER,,628,"$197,933.22 ","$154,067.77 "
,TOTAL,,668,"$226,743.33 ","$175,511.60 "
59821,OTHER,,32,"$10,091.46 ","$7,777.12 "
,TOTAL,,32,"$10,091.46 ","$7,777.12 "
59830,OTHER,,2,$799.64 ,$639.72 
,TOTAL,,2,$799.64 ,$639.72 
59840,SG,,7,"$5,255.07 ","$4,204.06 "
,OTHER,,70,"$16,278.39 ","$12,550.64 "
,TOTAL,,77,"$21,533.46 ","$16,754.70 "
59841,SG,,1,$762.25 ,$609.80 
,OTHER,,36,"$12,916.48 ","$9,793.91 "
,TOTAL,,37,"$13,678.73 ","$10,403.71 "
59851,OTHER,,1,$453.91 ,$363.13 
,TOTAL,,1,$453.91 ,$363.13 
59855,OTHER,,4,"$1,703.65 ","$1,263.72 "
,TOTAL,,4,"$1,703.65 ","$1,263.72 "
59856,OTHER,,6,"$2,849.77 ","$2,279.81 "
,TOTAL,,6,"$2,849.77 ","$2,279.81 "
59857,OTHER,,1,$567.29 ,$453.83 
,TOTAL,,1,$567.29 ,$453.83 
59866,OTHER,,2,$465.14 ,$372.11 
,TOTAL,,2,$465.14 ,$372.11 
59870,OTHER,,7,"$2,918.42 ","$2,301.28 "
,TOTAL,,7,"$2,918.42 ","$2,301.28 "
59871,OTHER,,26,"$2,766.17 ","$2,138.72 "
,TOTAL,,26,"$2,766.17 ","$2,138.72 "
60000,OTHER,ENDOCRINE,24,"$2,359.93 ","$1,879.94 "
,TOTAL,,24,"$2,359.93 ","$1,879.94 "
60001,OTHER,,"2,168","$146,429.98 ","$112,859.24 "
,TOTAL,,"2,168","$146,429.98 ","$112,859.24 "
60100,OTHER,,"21,308","$1,916,134.14 ","$1,498,184.08 "
,TOTAL,,"21,308","$1,916,134.14 ","$1,498,184.08 "
60200,SG,,27,"$11,609.25 ","$8,978.06 "
,80'S,,280,"$18,197.18 ","$14,498.32 "
,OTHER,,"2,074","$1,084,812.60 ","$864,646.07 "
,TOTAL,,"2,381","$1,114,619.03 ","$888,122.45 "
60210,80'S,,378,"$35,584.17 ","$28,204.73 "
,OTHER,,"1,633","$905,960.18 ","$717,205.60 "
,TOTAL,,"2,011","$941,544.35 ","$745,410.33 "
60212,80'S,,50,"$7,403.75 ","$5,810.48 "
,OTHER,,247,"$214,322.02 ","$168,207.23 "
,TOTAL,,297,"$221,725.77 ","$174,017.71 "
60220,80'S,,"2,293","$257,234.19 ","$202,409.33 "
,OTHER,,"8,868","$5,853,126.07 ","$4,612,042.17 "
,TOTAL,,"11,161","$6,110,360.26 ","$4,814,451.50 "
60225,80'S,,278,"$38,154.23 ","$30,174.36 "
,OTHER,,"1,166","$948,872.44 ","$752,254.35 "
,TOTAL,,"1,444","$987,026.67 ","$782,428.71 "
60240,80'S,,"1,814","$270,482.15 ","$213,037.88 "
,OTHER,,"7,455","$6,600,316.89 ","$5,211,805.13 "
,TOTAL,,"9,269","$6,870,799.04 ","$5,424,843.01 "
60252,80'S,,271,"$54,101.92 ","$43,037.99 "
,OTHER,,"1,065","$1,282,333.23 ","$1,011,022.53 "
,TOTAL,,"1,336","$1,336,435.15 ","$1,054,060.52 "
60254,80'S,,59,"$15,461.27 ","$12,254.61 "
,OTHER,,238,"$371,364.70 ","$293,355.02 "
,TOTAL,,297,"$386,825.97 ","$305,609.63 "
60260,80'S,,238,"$40,181.56 ","$32,042.91 "
,OTHER,,"1,160","$1,141,028.14 ","$901,481.36 "
,TOTAL,,"1,398","$1,181,209.70 ","$933,524.27 "
60270,80'S,,58,"$11,118.34 ","$8,626.06 "
,OTHER,,235,"$265,608.85 ","$210,450.75 "
,TOTAL,,293,"$276,727.19 ","$219,076.81 "
60271,80'S,,289,"$45,373.35 ","$36,040.63 "
,OTHER,,"1,343","$1,274,791.62 ","$1,008,080.79 "
,TOTAL,,"1,632","$1,320,164.97 ","$1,044,121.42 "
60280,SG,,34,"$20,931.16 ","$16,645.75 "
,80'S,,32,"$1,978.01 ","$1,552.94 "
,OTHER,,326,"$128,069.05 ","$101,350.07 "
,TOTAL,,392,"$150,978.22 ","$119,548.76 "
60281,SG,,1,$584.12 ,$467.30 
,80'S,,4,$323.18 ,$258.55 
,OTHER,,16,"$8,296.00 ","$6,319.80 "
,TOTAL,,21,"$9,203.30 ","$7,045.65 "
60500,80'S,,"3,107","$469,767.61 ","$373,546.94 "
,OTHER,,"13,129","$11,917,038.14 ","$9,444,334.73 "
,TOTAL,,"16,236","$12,386,805.75 ","$9,817,881.67 "
60502,80'S,,162,"$31,229.45 ","$24,910.12 "
,OTHER,,577,"$682,217.89 ","$542,738.36 "
,TOTAL,,739,"$713,447.34 ","$567,648.48 "
60505,80'S,,33,"$6,830.99 ","$5,464.78 "
,OTHER,,128,"$149,854.13 ","$118,920.79 "
,TOTAL,,161,"$156,685.12 ","$124,385.57 "
60512,80'S,,301,"$11,857.39 ","$9,405.44 "
,OTHER,,"1,891","$457,222.24 ","$362,705.14 "
,TOTAL,,"2,192","$469,079.63 ","$372,110.58 "
60520,80'S,,50,"$6,949.24 ","$5,559.36 "
,OTHER,,272,"$252,534.96 ","$201,114.97 "
,TOTAL,,322,"$259,484.20 ","$206,674.33 "
60521,80'S,,57,"$8,360.66 ","$6,688.55 "
,OTHER,,363,"$314,033.48 ","$247,793.21 "
,TOTAL,,420,"$322,394.14 ","$254,481.76 "
60522,80'S,,32,"$6,297.52 ","$4,930.90 "
,OTHER,,181,"$213,742.05 ","$168,517.77 "
,TOTAL,,213,"$220,039.57 ","$173,448.67 "
60540,80'S,,195,"$26,824.79 ","$21,380.36 "
,OTHER,,694,"$545,362.40 ","$433,942.21 "
,TOTAL,,889,"$572,187.19 ","$455,322.57 "
60545,80'S,,45,"$6,837.58 ","$5,470.06 "
,OTHER,,148,"$138,504.14 ","$109,895.40 "
,TOTAL,,193,"$145,341.72 ","$115,365.46 "
60600,80'S,,36,"$6,585.31 ","$5,191.62 "
,OTHER,,162,"$162,566.57 ","$129,129.85 "
,TOTAL,,198,"$169,151.88 ","$134,321.47 "
60605,80'S,,4,$879.48 ,$703.59 
,OTHER,,27,"$29,490.36 ","$23,592.27 "
,TOTAL,,31,"$30,369.84 ","$24,295.86 "
60650,80'S,,308,"$55,543.81 ","$43,495.68 "
,OTHER,,863,"$929,841.64 ","$734,797.50 "
,TOTAL,,"1,171","$985,385.45 ","$778,293.18 "
60659,80'S,,1,$188.63 ,$150.90 
,OTHER,,20,"$18,123.21 ","$14,498.57 "
,TOTAL,,21,"$18,311.84 ","$14,649.47 "
60699,80'S,,7,"$1,082.33 ",$865.87 
,OTHER,,153,"$60,979.40 ","$48,638.04 "
,TOTAL,,160,"$62,061.73 ","$49,503.91 "
61000,OTHER,,36,"$1,619.07 ","$1,205.60 "
,TOTAL,,36,"$1,619.07 ","$1,205.60 "
61001,OTHER,,19,"$1,005.27 ",$791.82 
,TOTAL,,19,"$1,005.27 ",$791.82 
61020,OTHER,,445,"$50,180.15 ","$39,589.89 "
,TOTAL,,445,"$50,180.15 ","$39,589.89 "
61026,OTHER,,648,"$78,478.82 ","$61,990.78 "
,TOTAL,,648,"$78,478.82 ","$61,990.78 "
61050,OTHER,,186,"$20,145.77 ","$15,645.34 "
,TOTAL,,186,"$20,145.77 ","$15,645.34 "
61055,SG,,128,"$28,856.70 ","$22,986.12 "
,OTHER,,"1,901","$258,802.05 ","$200,522.15 "
,TOTAL,,"2,029","$287,658.75 ","$223,508.27 "
61070,SG,,41,"$13,046.45 ","$10,310.00 "
,OTHER,,"2,960","$222,367.01 ","$172,765.64 "
,TOTAL,,"3,001","$235,413.46 ","$183,075.64 "
61105,80'S,,1,$49.97 ,$39.98 
,OTHER,,125,"$38,505.39 ","$30,604.12 "
,TOTAL,,126,"$38,555.36 ","$30,644.10 "
61107,OTHER,,"3,105","$1,025,888.37 ","$813,639.70 "
,TOTAL,,"3,105","$1,025,888.37 ","$813,639.70 "
61108,OTHER,,708,"$474,706.48 ","$378,746.85 "
,TOTAL,,708,"$474,706.48 ","$378,746.85 "
61120,80'S,,2,$151.46 ,$121.16 
,OTHER,,102,"$49,198.21 ","$39,274.86 "
,TOTAL,,104,"$49,349.67 ","$39,396.02 "
61140,80'S,,35,"$5,736.39 ","$4,589.13 "
,OTHER,,422,"$386,892.94 ","$308,399.93 "
,TOTAL,,457,"$392,629.33 ","$312,989.06 "
61150,OTHER,,87,"$94,207.71 ","$75,366.19 "
,TOTAL,,87,"$94,207.71 ","$75,366.19 "
61151,OTHER,,16,"$12,271.19 ","$9,816.95 "
,TOTAL,,16,"$12,271.19 ","$9,816.95 "
61154,80'S,,333,"$54,582.35 ","$43,072.17 "
,OTHER,,"8,142","$8,019,085.15 ","$6,385,492.34 "
,TOTAL,,"8,475","$8,073,667.50 ","$6,428,564.51 "
61156,80'S,,23,"$3,425.68 ","$2,740.58 "
,OTHER,,155,"$141,051.75 ","$112,677.62 "
,TOTAL,,178,"$144,477.43 ","$115,418.20 "
61210,OTHER,,"2,074","$800,900.93 ","$635,338.53 "
,TOTAL,,"2,074","$800,900.93 ","$635,338.53 "
61215,SG,,1,$525.88 ,$420.70 
,OTHER,,284,"$98,013.88 ","$78,309.57 "
,TOTAL,,285,"$98,539.76 ","$78,730.27 "
61250,80'S,,3,$512.88 ,$410.31 
,OTHER,,37,"$27,569.89 ","$22,055.90 "
,TOTAL,,40,"$28,082.77 ","$22,466.21 "
61253,80'S,,3,$331.58 ,$265.26 
,OTHER,,9,"$5,760.53 ","$4,608.42 "
,TOTAL,,12,"$6,092.11 ","$4,873.68 "
61304,80'S,,30,"$7,285.72 ","$5,729.36 "
,OTHER,,324,"$428,119.48 ","$341,151.82 "
,TOTAL,,354,"$435,405.20 ","$346,881.18 "
61305,80'S,,4,"$1,011.79 ",$809.43 
,OTHER,,47,"$74,661.04 ","$59,728.84 "
,TOTAL,,51,"$75,672.83 ","$60,538.27 "
61312,80'S,,839,"$219,197.96 ","$175,076.52 "
,OTHER,,"11,177","$16,319,217.54 ","$12,991,387.93 "
,TOTAL,,"12,016","$16,538,415.50 ","$13,166,464.45 "
61313,80'S,,162,"$42,290.45 ","$33,650.23 "
,OTHER,,"2,087","$3,108,004.52 ","$2,474,664.25 "
,TOTAL,,"2,249","$3,150,294.97 ","$2,508,314.48 "
61314,80'S,,33,"$8,000.95 ","$6,400.73 "
,OTHER,,433,"$584,188.07 ","$464,935.16 "
,TOTAL,,466,"$592,189.02 ","$471,335.89 "
61315,80'S,,42,"$11,632.16 ","$9,305.71 "
,OTHER,,618,"$1,010,589.91 ","$805,982.18 "
,TOTAL,,660,"$1,022,222.07 ","$815,287.89 "
61316,OTHER,,102,"$9,252.47 ","$7,395.00 "
,TOTAL,,102,"$9,252.47 ","$7,395.00 "
61320,80'S,,26,"$6,704.70 ","$4,875.51 "
,OTHER,,316,"$456,698.32 ","$363,819.97 "
,TOTAL,,342,"$463,403.02 ","$368,695.48 "
61321,80'S,,6,"$1,644.16 ","$1,315.33 "
,OTHER,,33,"$52,071.97 ","$41,558.37 "
,TOTAL,,39,"$53,716.13 ","$42,873.70 "
61322,80'S,,15,"$4,747.82 ","$3,798.25 "
,OTHER,,197,"$352,385.00 ","$278,282.29 "
,TOTAL,,212,"$357,132.82 ","$282,080.54 "
61323,OTHER,,91,"$181,908.04 ","$145,427.23 "
,TOTAL,,91,"$181,908.04 ","$145,427.23 "
61330,OTHER,,22,"$28,267.70 ","$22,614.18 "
,TOTAL,,22,"$28,267.70 ","$22,614.18 "
61332,80'S,,1,$309.46 ,$247.57 
,OTHER,,24,"$40,120.74 ","$31,961.79 "
,TOTAL,,25,"$40,430.20 ","$32,209.36 "
61333,80'S,,4,"$1,227.53 ",$982.03 
,OTHER,,43,"$58,809.59 ","$47,047.67 "
,TOTAL,,47,"$60,037.12 ","$48,029.70 "
61334,OTHER,,2,"$1,303.70 ","$1,042.96 "
,TOTAL,,2,"$1,303.70 ","$1,042.96 "
61340,80'S,,4,$440.69 ,$352.55 
,OTHER,,33,"$26,576.89 ","$21,232.32 "
,TOTAL,,37,"$27,017.58 ","$21,584.87 "
61343,80'S,,69,"$22,648.34 ","$17,423.73 "
,OTHER,,379,"$664,751.19 ","$524,233.26 "
,TOTAL,,448,"$687,399.53 ","$541,656.99 "
61345,80'S,,6,"$1,322.64 ","$1,058.10 "
,OTHER,,58,"$79,022.85 ","$63,172.44 "
,TOTAL,,64,"$80,345.49 ","$64,230.54 "
61440,OTHER,,5,"$5,324.90 ","$4,259.93 "
,TOTAL,,5,"$5,324.90 ","$4,259.93 "
61450,80'S,,1,$148.65 ,$118.92 
,OTHER,,33,"$37,506.68 ","$28,829.37 "
,TOTAL,,34,"$37,655.33 ","$28,948.29 "
61458,80'S,,38,"$11,151.10 ","$8,781.70 "
,OTHER,,586,"$972,675.72 ","$767,339.90 "
,TOTAL,,624,"$983,826.82 ","$776,121.60 "
61460,80'S,,5,"$1,498.90 ","$1,199.10 "
,OTHER,,55,"$81,192.94 ","$60,586.96 "
,TOTAL,,60,"$82,691.84 ","$61,786.06 "
61470,80'S,,1,$271.20 ,$216.96 
,OTHER,,4,"$5,566.38 ","$4,453.11 "
,TOTAL,,5,"$5,837.58 ","$4,670.07 "
61490,80'S,,3,$680.91 ,$544.73 
,OTHER,,8,"$9,332.18 ","$7,465.75 "
,TOTAL,,11,"$10,013.09 ","$8,010.48 "
61500,80'S,,41,"$6,871.23 ","$5,496.96 "
,OTHER,,523,"$536,292.32 ","$425,819.46 "
,TOTAL,,564,"$543,163.55 ","$431,316.42 "
61501,80'S,,4,$618.13 ,$494.50 
,OTHER,,104,"$89,938.32 ","$71,672.31 "
,TOTAL,,108,"$90,556.45 ","$72,166.81 "
61510,80'S,,"1,024","$321,094.99 ","$255,466.04 "
,OTHER,,"7,932","$13,542,699.69 ","$10,748,678.25 "
,TOTAL,,"8,956","$13,863,794.68 ","$11,004,144.29 "
61512,80'S,,489,"$184,000.88 ","$145,089.57 "
,OTHER,,"3,092","$6,328,029.03 ","$5,030,349.60 "
,TOTAL,,"3,581","$6,512,029.91 ","$5,175,439.17 "
61514,80'S,,8,"$2,211.90 ","$1,769.52 "
,OTHER,,185,"$262,739.29 ","$207,904.29 "
,TOTAL,,193,"$264,951.19 ","$209,673.81 "
61516,80'S,,19,"$4,801.82 ","$3,841.48 "
,OTHER,,115,"$162,001.44 ","$129,484.78 "
,TOTAL,,134,"$166,803.26 ","$133,326.26 "
61517,OTHER,,518,"$45,865.10 ","$36,428.94 "
,TOTAL,,518,"$45,865.10 ","$36,428.94 "
61518,80'S,,178,"$70,953.69 ","$56,762.97 "
,OTHER,,"1,333","$2,895,672.91 ","$2,302,799.63 "
,TOTAL,,"1,511","$2,966,626.60 ","$2,359,562.60 "
61519,80'S,,54,"$24,060.17 ","$18,883.09 "
,OTHER,,352,"$857,387.38 ","$679,023.16 "
,TOTAL,,406,"$881,447.55 ","$697,906.25 "
61520,80'S,,36,"$19,787.91 ","$15,830.35 "
,OTHER,,291,"$846,760.66 ","$674,003.35 "
,TOTAL,,327,"$866,548.57 ","$689,833.70 "
61521,80'S,,16,"$8,196.83 ","$6,557.44 "
,OTHER,,76,"$210,655.57 ","$166,263.14 "
,TOTAL,,92,"$218,852.40 ","$172,820.58 "
61522,OTHER,,12,"$22,921.83 ","$18,337.47 "
,TOTAL,,12,"$22,921.83 ","$18,337.47 "
61524,80'S,,5,"$1,467.54 ","$1,174.02 "
,OTHER,,41,"$60,054.65 ","$46,891.32 "
,TOTAL,,46,"$61,522.19 ","$48,065.34 "
61526,OTHER,,81,"$211,578.94 ","$169,083.13 "
,TOTAL,,81,"$211,578.94 ","$169,083.13 "
61530,OTHER,,33,"$70,653.54 ","$56,467.39 "
,TOTAL,,33,"$70,653.54 ","$56,467.39 "
61531,OTHER,,40,"$27,432.64 ","$21,810.48 "
,TOTAL,,40,"$27,432.64 ","$21,810.48 "
61533,80'S,,7,"$1,436.23 ","$1,148.97 "
,OTHER,,120,"$141,685.87 ","$112,318.56 "
,TOTAL,,127,"$143,122.10 ","$113,467.53 "
61534,80'S,,1,$238.84 ,$191.07 
,OTHER,,25,"$28,807.91 ","$23,046.33 "
,TOTAL,,26,"$29,046.75 ","$23,237.40 "
61535,OTHER,,38,"$25,894.42 ","$20,261.14 "
,TOTAL,,38,"$25,894.42 ","$20,261.14 "
61536,80'S,,3,"$1,022.00 ",$817.60 
,OTHER,,33,"$75,971.88 ","$60,777.48 "
,TOTAL,,36,"$76,993.88 ","$61,595.08 "
61537,80'S,,13,"$2,977.29 ","$2,381.84 "
,OTHER,,152,"$230,855.75 ","$183,027.22 "
,TOTAL,,165,"$233,833.04 ","$185,409.06 "
61538,80'S,,6,"$1,693.35 ","$1,196.66 "
,OTHER,,84,"$135,512.02 ","$105,082.36 "
,TOTAL,,90,"$137,205.37 ","$106,279.02 "
61539,80'S,,2,$692.36 ,$553.88 
,OTHER,,17,"$34,521.66 ","$27,617.31 "
,TOTAL,,19,"$35,214.02 ","$28,171.19 "
61540,80'S,,3,"$1,123.55 ",$870.61 
,OTHER,,33,"$49,922.84 ","$39,938.27 "
,TOTAL,,36,"$51,046.39 ","$40,808.88 "
61541,OTHER,,8,"$15,961.37 ","$12,769.09 "
,TOTAL,,8,"$15,961.37 ","$12,769.09 "
61542,OTHER,,3,"$6,911.85 ","$5,529.48 "
,TOTAL,,3,"$6,911.85 ","$5,529.48 "
61543,80'S,,1,$169.88 ,$135.90 
,OTHER,,3,"$6,495.67 ","$5,097.33 "
,TOTAL,,4,"$6,665.55 ","$5,233.23 "
61544,80'S,,1,$146.14 ,$116.91 
,OTHER,,3,"$2,933.77 ","$2,347.02 "
,TOTAL,,4,"$3,079.91 ","$2,463.93 "
61545,80'S,,6,"$2,701.37 ","$2,161.11 "
,OTHER,,33,"$86,642.91 ","$69,314.31 "
,TOTAL,,39,"$89,344.28 ","$71,475.42 "
61546,80'S,,23,"$7,621.90 ","$6,097.53 "
,OTHER,,87,"$157,562.00 ","$125,909.80 "
,TOTAL,,110,"$165,183.90 ","$132,007.33 "
61548,80'S,,116,"$26,197.66 ","$20,958.03 "
,OTHER,,"2,153","$2,292,490.18 ","$1,815,739.30 "
,TOTAL,,"2,269","$2,318,687.84 ","$1,836,697.33 "
61552,OTHER,,1,$575.39 ,$460.31 
,TOTAL,,1,$575.39 ,$460.31 
61556,80'S,,2,$393.06 ,$314.45 
,OTHER,,8,"$9,234.72 ","$7,387.77 "
,TOTAL,,10,"$9,627.78 ","$7,702.22 "
61557,80'S,,2,$523.45 ,$418.76 
,OTHER,,3,"$3,849.82 ","$3,079.86 "
,TOTAL,,5,"$4,373.27 ","$3,498.62 "
61558,OTHER,,1,"$1,462.89 ","$1,170.31 "
,TOTAL,,1,"$1,462.89 ","$1,170.31 "
61559,OTHER,,1,"$1,223.41 ",$978.73 
,TOTAL,,1,"$1,223.41 ",$978.73 
61563,80'S,,3,$955.47 ,$739.97 
,OTHER,,16,"$21,695.52 ","$17,356.40 "
,TOTAL,,19,"$22,650.99 ","$18,096.37 "
61564,80'S,,2,$588.50 ,$470.80 
,OTHER,,7,"$11,851.61 ","$9,481.29 "
,TOTAL,,9,"$12,440.11 ","$9,952.09 "
61566,OTHER,,34,"$66,544.87 ","$50,070.60 "
,TOTAL,,34,"$66,544.87 ","$50,070.60 "
61567,OTHER,,5,"$12,537.44 ","$10,029.96 "
,TOTAL,,5,"$12,537.44 ","$10,029.96 "
61570,80'S,,3,$794.60 ,$635.69 
,OTHER,,32,"$38,895.57 ","$31,116.45 "
,TOTAL,,35,"$39,690.17 ","$31,752.14 "
61571,OTHER,,28,"$39,135.27 ","$31,209.04 "
,TOTAL,,28,"$39,135.27 ","$31,209.04 "
61575,80'S,,5,"$1,824.38 ","$1,459.50 "
,OTHER,,95,"$173,562.82 ","$138,654.07 "
,TOTAL,,100,"$175,387.20 ","$140,113.57 "
61576,OTHER,,3,"$8,916.48 ","$7,133.18 "
,TOTAL,,3,"$8,916.48 ","$7,133.18 "
61580,80'S,,3,$905.08 ,$724.07 
,OTHER,,126,"$262,311.00 ","$208,459.93 "
,TOTAL,,129,"$263,216.08 ","$209,184.00 "
61581,80'S,,3,$986.70 ,$789.36 
,OTHER,,67,"$141,921.69 ","$113,537.38 "
,TOTAL,,70,"$142,908.39 ","$114,326.74 "
61582,80'S,,3,"$1,198.98 ",$959.19 
,OTHER,,64,"$135,193.82 ","$108,155.04 "
,TOTAL,,67,"$136,392.80 ","$109,114.23 "
61583,80'S,,33,"$13,203.56 ","$10,562.85 "
,OTHER,,236,"$534,442.44 ","$424,548.82 "
,TOTAL,,269,"$547,646.00 ","$435,111.67 "
61584,80'S,,32,"$11,242.68 ","$8,994.17 "
,OTHER,,195,"$395,398.53 ","$316,127.48 "
,TOTAL,,227,"$406,641.21 ","$325,121.65 "
61585,OTHER,,22,"$46,990.17 ","$37,592.11 "
,TOTAL,,22,"$46,990.17 ","$37,592.11 "
61586,80'S,,1,$158.51 ,$126.81 
,OTHER,,31,"$40,922.87 ","$32,738.29 "
,TOTAL,,32,"$41,081.38 ","$32,865.10 "
61590,80'S,,24,"$10,227.21 ","$8,181.81 "
,OTHER,,167,"$418,964.62 ","$335,057.01 "
,TOTAL,,191,"$429,191.83 ","$343,238.82 "
61591,80'S,,11,"$5,295.08 ","$4,236.05 "
,OTHER,,102,"$259,777.92 ","$207,188.70 "
,TOTAL,,113,"$265,073.00 ","$211,424.75 "
61592,80'S,,33,"$10,483.02 ","$8,386.44 "
,OTHER,,291,"$554,716.70 ","$441,609.91 "
,TOTAL,,324,"$565,199.72 ","$449,996.35 "
61595,80'S,,7,"$1,761.47 ","$1,409.17 "
,OTHER,,239,"$325,355.92 ","$258,383.54 "
,TOTAL,,246,"$327,117.39 ","$259,792.71 "
61596,80'S,,21,"$8,320.00 ","$6,656.00 "
,OTHER,,60,"$118,969.34 ","$94,273.38 "
,TOTAL,,81,"$127,289.34 ","$100,929.38 "
61597,80'S,,14,"$4,385.24 ","$3,336.85 "
,OTHER,,90,"$147,012.28 ","$117,609.81 "
,TOTAL,,104,"$151,397.52 ","$120,946.66 "
61598,80'S,,3,$923.95 ,$739.16 
,OTHER,,40,"$53,737.09 ","$42,906.18 "
,TOTAL,,43,"$54,661.04 ","$43,645.34 "
61600,80'S,,12,"$2,541.49 ","$2,033.20 "
,OTHER,,205,"$251,439.20 ","$200,425.89 "
,TOTAL,,217,"$253,980.69 ","$202,459.09 "
61601,80'S,,39,"$7,348.03 ","$5,864.56 "
,OTHER,,386,"$449,557.14 ","$358,333.18 "
,TOTAL,,425,"$456,905.17 ","$364,197.74 "
61605,80'S,,25,"$6,372.87 ","$5,098.30 "
,OTHER,,274,"$425,706.97 ","$338,523.51 "
,TOTAL,,299,"$432,079.84 ","$343,621.81 "
61606,80'S,,14,"$4,256.06 ","$3,404.86 "
,OTHER,,135,"$234,455.44 ","$187,564.25 "
,TOTAL,,149,"$238,711.50 ","$190,969.11 "
61607,80'S,,6,"$1,554.12 ","$1,243.30 "
,OTHER,,66,"$127,575.83 ","$99,678.47 "
,TOTAL,,72,"$129,129.95 ","$100,921.77 "
61608,80'S,,31,"$14,400.43 ","$11,520.32 "
,OTHER,,211,"$586,502.91 ","$466,088.26 "
,TOTAL,,242,"$600,903.34 ","$477,608.58 "
61609,OTHER,,1,$659.12 ,$527.30 
,TOTAL,,1,$659.12 ,$527.30 
61610,80'S,,1,$266.42 ,$213.14 
,OTHER,,2,"$4,118.51 ","$3,294.81 "
,TOTAL,,3,"$4,384.93 ","$3,507.95 "
61613,80'S,,1,$431.99 ,$345.59 
,OTHER,,24,"$38,010.56 ","$30,377.52 "
,TOTAL,,25,"$38,442.55 ","$30,723.11 "
61615,80'S,,3,$890.88 ,$712.70 
,OTHER,,80,"$147,141.22 ","$116,648.52 "
,TOTAL,,83,"$148,032.10 ","$117,361.22 "
61616,80'S,,46,"$23,028.66 ","$18,152.54 "
,OTHER,,322,"$805,768.22 ","$639,636.18 "
,TOTAL,,368,"$828,796.88 ","$657,788.72 "
61618,80'S,,84,"$9,253.99 ","$7,395.38 "
,OTHER,,703,"$442,997.97 ","$353,216.55 "
,TOTAL,,787,"$452,251.96 ","$360,611.93 "
61619,80'S,,20,"$2,571.65 ","$2,057.33 "
,OTHER,,160,"$118,454.14 ","$94,443.03 "
,TOTAL,,180,"$121,025.79 ","$96,500.36 "
61623,OTHER,,239,"$113,071.49 ","$90,026.61 "
,TOTAL,,239,"$113,071.49 ","$90,026.61 "
61624,OTHER,,"3,425","$3,715,166.07 ","$2,955,906.70 "
,TOTAL,,"3,425","$3,715,166.07 ","$2,955,906.70 "
61626,OTHER,,"1,179","$993,289.46 ","$790,653.32 "
,TOTAL,,"1,179","$993,289.46 ","$790,653.32 "
61680,80'S,,13,"$3,952.44 ","$3,161.94 "
,OTHER,,108,"$194,187.81 ","$152,962.01 "
,TOTAL,,121,"$198,140.25 ","$156,123.95 "
61682,80'S,,21,"$14,089.07 ","$11,271.25 "
,OTHER,,116,"$434,223.07 ","$347,321.10 "
,TOTAL,,137,"$448,312.14 ","$358,592.35 "
61684,80'S,,4,"$1,798.09 ","$1,438.48 "
,OTHER,,29,"$67,989.32 ","$54,391.50 "
,TOTAL,,33,"$69,787.41 ","$55,829.98 "
61686,80'S,,7,"$5,114.11 ","$4,091.29 "
,OTHER,,41,"$181,534.28 ","$145,227.39 "
,TOTAL,,48,"$186,648.39 ","$149,318.68 "
61690,OTHER,,7,"$11,889.21 ","$9,511.36 "
,TOTAL,,7,"$11,889.21 ","$9,511.36 "
61692,80'S,,7,"$3,754.83 ","$3,003.86 "
,OTHER,,23,"$79,032.80 ","$63,127.07 "
,TOTAL,,30,"$82,787.63 ","$66,130.93 "
61697,80'S,,166,"$88,618.81 ","$70,096.08 "
,OTHER,,840,"$2,592,887.39 ","$2,058,724.00 "
,TOTAL,,"1,006","$2,681,506.20 ","$2,128,820.08 "
61698,80'S,,12,"$5,227.37 ","$4,181.88 "
,OTHER,,58,"$175,388.78 ","$140,311.05 "
,TOTAL,,70,"$180,616.15 ","$144,492.93 "
61700,80'S,,194,"$102,327.25 ","$80,926.58 "
,OTHER,,962,"$2,957,484.05 ","$2,343,240.80 "
,TOTAL,,"1,156","$3,059,811.30 ","$2,424,167.38 "
61702,80'S,,6,"$2,975.12 ","$2,380.10 "
,OTHER,,49,"$128,509.15 ","$102,761.55 "
,TOTAL,,55,"$131,484.27 ","$105,141.65 "
61703,80'S,,1,$97.92 ,$78.34 
,OTHER,,8,"$3,447.50 ","$2,757.98 "
,TOTAL,,9,"$3,545.42 ","$2,836.32 "
61705,OTHER,,11,"$22,053.93 ","$17,642.09 "
,TOTAL,,11,"$22,053.93 ","$17,642.09 "
61708,OTHER,,30,"$55,899.96 ","$44,640.14 "
,TOTAL,,30,"$55,899.96 ","$44,640.14 "
61710,OTHER,,122,"$222,886.24 ","$175,525.79 "
,TOTAL,,122,"$222,886.24 ","$175,525.79 "
61711,80'S,,16,"$6,226.65 ","$4,782.93 "
,OTHER,,76,"$164,535.32 ","$131,628.24 "
,TOTAL,,92,"$170,761.97 ","$136,411.17 "
61720,OTHER,,79,"$55,303.16 ","$44,122.23 "
,TOTAL,,79,"$55,303.16 ","$44,122.23 "
61735,OTHER,,23,"$20,280.82 ","$16,224.67 "
,TOTAL,,23,"$20,280.82 ","$16,224.67 "
61750,OTHER,,674,"$812,355.65 ","$646,554.55 "
,TOTAL,,674,"$812,355.65 ","$646,554.55 "
61751,OTHER,,"1,780","$2,111,871.01 ","$1,671,669.12 "
,TOTAL,,"1,780","$2,111,871.01 ","$1,671,669.12 "
61760,OTHER,,67,"$83,414.73 ","$64,550.25 "
,TOTAL,,67,"$83,414.73 ","$64,550.25 "
61770,OTHER,,159,"$190,433.63 ","$151,182.79 "
,TOTAL,,159,"$190,433.63 ","$151,182.79 "
61790,SG,,7,"$3,113.24 ","$2,165.19 "
,OTHER,,765,"$543,796.15 ","$429,945.92 "
,TOTAL,,772,"$546,909.39 ","$432,111.11 "
61791,SG,,5,"$2,329.62 ","$1,863.70 "
,OTHER,,118,"$120,451.88 ","$95,719.67 "
,TOTAL,,123,"$122,781.50 ","$97,583.37 "
61793,80'S,,1,$236.72 ,$189.38 
,OTHER,,"10,708","$11,954,392.59 ","$9,486,973.42 "
,TOTAL,,"10,709","$11,954,629.31 ","$9,487,162.80 "
61795,80'S,,3,$121.03 ,$96.82 
,OTHER,,"17,193","$4,452,698.89 ","$3,528,772.29 "
,TOTAL,,"17,196","$4,452,819.92 ","$3,528,869.11 "
61850,OTHER,,6,"$3,166.09 ","$2,532.86 "
,TOTAL,,6,"$3,166.09 ","$2,532.86 "
61860,80'S,,2,$476.40 ,$362.06 
,OTHER,,31,"$40,686.90 ","$31,847.76 "
,TOTAL,,33,"$41,163.30 ","$32,209.82 "
61863,80'S,,5,"$1,075.72 ",$860.57 
,OTHER,,257,"$336,374.56 ","$267,056.47 "
,TOTAL,,262,"$337,450.28 ","$267,917.04 "
61864,80'S,,2,$143.28 ,$114.62 
,OTHER,,88,"$36,510.54 ","$29,208.43 "
,TOTAL,,90,"$36,653.82 ","$29,323.05 "
61867,80'S,,81,"$27,062.15 ","$21,168.88 "
,OTHER,,"1,845","$3,638,465.70 ","$2,884,118.81 "
,TOTAL,,"1,926","$3,665,527.85 ","$2,905,287.69 "
61868,80'S,,30,"$2,919.75 ","$2,295.21 "
,OTHER,,857,"$479,936.92 ","$379,571.37 "
,TOTAL,,887,"$482,856.67 ","$381,866.58 "
61870,80'S,,1,$180.60 ,$144.48 
,OTHER,,2,"$1,817.76 ","$1,454.20 "
,TOTAL,,3,"$1,998.36 ","$1,598.68 "
61880,80'S,,5,$374.35 ,$299.48 
,OTHER,,333,"$119,437.34 ","$92,842.23 "
,TOTAL,,338,"$119,811.69 ","$93,141.71 "
61885,SG,,3,"$1,514.12 ","$1,211.30 "
,80'S,,35,"$2,021.78 ","$1,602.48 "
,OTHER,,"4,106","$1,610,025.57 ","$1,273,582.74 "
,TOTAL,,"4,144","$1,613,561.47 ","$1,276,396.52 "
61886,SG,,1,$497.77 ,$398.22 
,80'S,,5,$433.07 ,$346.45 
,OTHER,,753,"$397,610.82 ","$314,130.58 "
,TOTAL,,759,"$398,541.66 ","$314,875.25 "
61888,SG,,2,$654.33 ,$523.47 
,OTHER,,746,"$260,675.31 ","$205,491.56 "
,TOTAL,,748,"$261,329.64 ","$206,015.03 "
62000,OTHER,,39,"$15,522.78 ","$11,110.62 "
,TOTAL,,39,"$15,522.78 ","$11,110.62 "
62005,80'S,,1,$202.59 ,$162.07 
,OTHER,,42,"$26,662.64 ","$21,330.11 "
,TOTAL,,43,"$26,865.23 ","$21,492.18 "
62010,80'S,,6,$864.00 ,$691.20 
,OTHER,,90,"$90,195.24 ","$72,056.96 "
,TOTAL,,96,"$91,059.24 ","$72,748.16 "
62100,80'S,,40,"$6,308.48 ","$5,046.74 "
,OTHER,,278,"$282,719.26 ","$222,885.37 "
,TOTAL,,318,"$289,027.74 ","$227,932.11 "
62115,OTHER,,1,"$1,406.36 ","$1,125.09 "
,TOTAL,,1,"$1,406.36 ","$1,125.09 "
62116,80'S,,1,$137.90 ,$110.32 
,OTHER,,4,"$5,187.75 ","$4,150.19 "
,TOTAL,,5,"$5,325.65 ","$4,260.51 "
62117,OTHER,,2,"$3,355.87 ","$2,684.69 "
,TOTAL,,2,"$3,355.87 ","$2,684.69 "
62120,80'S,,3,$831.20 ,$664.96 
,OTHER,,48,"$65,723.99 ","$50,661.73 "
,TOTAL,,51,"$66,555.19 ","$51,326.69 "
62121,OTHER,,32,"$43,090.30 ","$34,472.23 "
,TOTAL,,32,"$43,090.30 ","$34,472.23 "
62140,80'S,,130,"$11,365.23 ","$9,092.29 "
,OTHER,,"1,367","$679,034.99 ","$539,781.77 "
,TOTAL,,"1,497","$690,400.22 ","$548,874.06 "
62141,80'S,,134,"$14,132.86 ","$11,300.44 "
,OTHER,,912,"$584,697.64 ","$465,903.76 "
,TOTAL,,"1,046","$598,830.50 ","$477,204.20 "
62142,80'S,,39,"$3,364.56 ","$2,680.47 "
,OTHER,,412,"$239,363.11 ","$190,550.82 "
,TOTAL,,451,"$242,727.67 ","$193,231.29 "
62143,80'S,,55,"$5,264.22 ","$4,193.17 "
,OTHER,,368,"$250,695.12 ","$199,853.89 "
,TOTAL,,423,"$255,959.34 ","$204,047.06 "
62145,80'S,,11,"$1,308.42 ","$1,046.76 "
,OTHER,,177,"$120,816.37 ","$96,646.24 "
,TOTAL,,188,"$122,124.79 ","$97,693.00 "
62146,80'S,,4,$329.87 ,$263.90 
,OTHER,,71,"$40,553.63 ","$31,768.49 "
,TOTAL,,75,"$40,883.50 ","$32,032.39 "
62147,80'S,,9,"$1,358.75 ","$1,087.01 "
,OTHER,,58,"$51,666.93 ","$41,333.53 "
,TOTAL,,67,"$53,025.68 ","$42,420.54 "
62148,OTHER,,36,"$4,623.10 ","$3,698.52 "
,TOTAL,,36,"$4,623.10 ","$3,698.52 "
62160,OTHER,,312,"$62,795.40 ","$49,721.20 "
,TOTAL,,312,"$62,795.40 ","$49,721.20 "
62161,80'S,,14,"$2,784.51 ","$2,227.61 "
,OTHER,,94,"$106,979.17 ","$85,484.13 "
,TOTAL,,108,"$109,763.68 ","$87,711.74 "
62162,80'S,,2,$520.32 ,$416.25 
,OTHER,,33,"$44,484.87 ","$35,587.91 "
,TOTAL,,35,"$45,005.19 ","$36,004.16 "
62163,OTHER,,7,"$6,145.72 ","$4,916.58 "
,TOTAL,,7,"$6,145.72 ","$4,916.58 "
62164,80'S,,3,$964.06 ,$771.26 
,OTHER,,31,"$48,273.21 ","$38,618.57 "
,TOTAL,,34,"$49,237.27 ","$39,389.83 "
62165,80'S,,7,"$1,646.74 ","$1,317.40 "
,OTHER,,336,"$344,870.56 ","$273,791.31 "
,TOTAL,,343,"$346,517.30 ","$275,108.71 "
62180,80'S,,3,$600.30 ,$461.91 
,OTHER,,56,"$57,813.47 ","$46,136.17 "
,TOTAL,,59,"$58,413.77 ","$46,598.08 "
62190,OTHER,,20,"$11,914.39 ","$9,531.52 "
,TOTAL,,20,"$11,914.39 ","$9,531.52 "
62192,80'S,,37,"$3,557.85 ","$2,846.23 "
,OTHER,,256,"$160,046.23 ","$127,937.90 "
,TOTAL,,293,"$163,604.08 ","$130,784.13 "
62194,OTHER,,69,"$15,793.89 ","$12,635.05 "
,TOTAL,,69,"$15,793.89 ","$12,635.05 "
62200,80'S,,13,"$1,931.55 ","$1,545.26 "
,OTHER,,75,"$68,368.64 ","$54,694.94 "
,TOTAL,,88,"$70,300.19 ","$56,240.20 "
62201,OTHER,,93,"$92,142.63 ","$71,536.94 "
,TOTAL,,93,"$92,142.63 ","$71,536.94 "
62220,80'S,,26,"$3,636.60 ","$2,909.23 "
,OTHER,,230,"$179,394.45 ","$143,158.92 "
,TOTAL,,256,"$183,031.05 ","$146,068.15 "
62223,80'S,,778,"$110,383.60 ","$87,480.50 "
,OTHER,,"9,010","$6,654,314.08 ","$5,286,032.76 "
,TOTAL,,"9,788","$6,764,697.68 ","$5,373,513.26 "
62225,OTHER,,610,"$192,913.95 ","$152,721.93 "
,TOTAL,,610,"$192,913.95 ","$152,721.93 "
62230,SG,,1,$459.55 ,$367.64 
,80'S,,177,"$19,291.36 ","$15,248.50 "
,OTHER,,"2,661","$1,612,865.07 ","$1,276,756.11 "
,TOTAL,,"2,839","$1,632,615.98 ","$1,292,372.25 "
62252,80'S,,1,$9.45 ,$7.56 
,OTHER,,"4,849","$391,084.57 ","$300,423.15 "
,TOTAL,,"4,850","$391,094.02 ","$300,430.71 "
62256,80'S,,39,"$2,439.38 ","$1,868.02 "
,OTHER,,786,"$301,927.24 ","$238,019.20 "
,TOTAL,,825,"$304,366.62 ","$239,887.22 "
62258,80'S,,37,"$5,918.78 ","$4,667.09 "
,OTHER,,630,"$518,333.03 ","$411,163.38 "
,TOTAL,,667,"$524,251.81 ","$415,830.47 "
62263,SG,,963,"$314,174.85 ","$247,260.27 "
,OTHER,,"2,167","$967,209.38 ","$767,250.36 "
,TOTAL,,"3,130","$1,281,384.23 ","$1,014,510.63 "
62264,SG,,"3,830","$1,123,740.15 ","$882,653.84 "
,OTHER,,"15,935","$4,764,796.51 ","$3,758,495.37 "
,TOTAL,,"19,765","$5,888,536.66 ","$4,641,149.21 "
62268,SG,,41,"$12,249.36 ","$9,499.04 "
,OTHER,,214,"$67,465.95 ","$52,927.94 "
,TOTAL,,255,"$79,715.31 ","$62,426.98 "
62269,OTHER,,332,"$86,618.26 ","$69,194.55 "
,TOTAL,,332,"$86,618.26 ","$69,194.55 "
62270,SG,,203,"$67,002.46 ","$52,574.88 "
,OTHER,,"81,908","$5,916,832.41 ","$4,635,867.90 "
,TOTAL,,"82,111","$5,983,834.87 ","$4,688,442.78 "
62272,SG,,52,"$15,973.12 ","$11,730.97 "
,OTHER,,"5,872","$510,369.02 ","$401,066.19 "
,TOTAL,,"5,924","$526,342.14 ","$412,797.16 "
62273,SG,,344,"$106,956.57 ","$83,247.08 "
,OTHER,,"2,925","$342,776.76 ","$265,938.52 "
,TOTAL,,"3,269","$449,733.33 ","$349,185.60 "
62280,SG,,7,"$2,378.97 ","$1,903.18 "
,OTHER,,170,"$28,589.99 ","$22,588.99 "
,TOTAL,,177,"$30,968.96 ","$24,492.17 "
62281,SG,,94,"$30,015.52 ","$23,897.89 "
,OTHER,,978,"$202,032.75 ","$158,726.34 "
,TOTAL,,"1,072","$232,048.27 ","$182,624.23 "
62282,SG,,489,"$158,170.02 ","$124,179.64 "
,OTHER,,"7,297","$2,051,712.66 ","$1,611,338.53 "
,TOTAL,,"7,786","$2,209,882.68 ","$1,735,518.17 "
62284,OTHER,,"72,473","$9,153,559.80 ","$7,149,365.52 "
,TOTAL,,"72,473","$9,153,559.80 ","$7,149,365.52 "
62287,SG,,394,"$498,584.06 ","$394,017.43 "
,OTHER,,"2,232","$1,093,878.43 ","$867,977.22 "
,TOTAL,,"2,626","$1,592,462.49 ","$1,261,994.65 "
62290,OTHER,,"23,276","$4,056,985.49 ","$3,164,609.68 "
,TOTAL,,"23,276","$4,056,985.49 ","$3,164,609.68 "
62291,OTHER,,"2,122","$317,208.35 ","$246,842.79 "
,TOTAL,,"2,122","$317,208.35 ","$246,842.79 "
62292,OTHER,,94,"$46,504.86 ","$36,817.48 "
,TOTAL,,94,"$46,504.86 ","$36,817.48 "
62294,OTHER,,10,"$5,133.32 ","$4,106.67 "
,TOTAL,,10,"$5,133.32 ","$4,106.67 "
62310,SG,,"42,895","$13,826,806.72 ","$10,806,943.33 "
,OTHER,,"148,402","$22,284,136.16 ","$17,281,006.72 "
,TOTAL,,"191,297","$36,110,942.88 ","$28,087,950.05 "
62311,SG,,"240,970","$77,661,225.50 ","$60,925,975.57 "
,OTHER,,"959,862","$126,319,747.95 ","$98,297,275.74 "
,TOTAL,,"1,200,832","$203,980,973.45 ","$159,223,251.31 "
62318,SG,,"1,778","$556,224.68 ","$438,148.62 "
,OTHER,,"47,476","$5,245,678.57 ","$4,158,861.15 "
,TOTAL,,"49,254","$5,801,903.25 ","$4,597,009.77 "
62319,SG,,"3,898","$1,183,676.37 ","$935,632.58 "
,OTHER,,"65,189","$6,775,690.45 ","$5,354,366.84 "
,TOTAL,,"69,087","$7,959,366.82 ","$6,289,999.42 "
62350,SG,,433,"$158,852.83 ","$123,156.69 "
,80'S,,28,"$1,451.99 ","$1,161.59 "
,OTHER,,"7,025","$2,131,486.00 ","$1,669,466.35 "
,TOTAL,,"7,486","$2,291,790.82 ","$1,793,784.63 "
62351,80'S,,27,"$2,072.53 ","$1,658.01 "
,OTHER,,397,"$171,818.33 ","$135,386.85 "
,TOTAL,,424,"$173,890.86 ","$137,044.86 "
62355,SG,,105,"$38,498.41 ","$30,501.18 "
,80'S,,6,$208.54 ,$166.84 
,OTHER,,"1,556","$370,857.73 ","$287,794.23 "
,TOTAL,,"1,667","$409,564.68 ","$318,462.25 "
62360,SG,,25,"$9,187.76 ","$7,350.18 "
,80'S,,1,$17.04 ,$13.63 
,OTHER,,539,"$85,402.11 ","$67,027.07 "
,TOTAL,,565,"$94,606.91 ","$74,390.88 "
62361,SG,,16,"$5,505.15 ","$4,404.12 "
,80'S,,2,$57.90 ,$46.32 
,OTHER,,265,"$59,026.14 ","$46,031.19 "
,TOTAL,,283,"$64,589.19 ","$50,481.63 "
62362,SG,,248,"$96,455.64 ","$74,579.13 "
,80'S,,44,"$3,080.58 ","$2,464.39 "
,OTHER,,"6,331","$2,762,870.28 ","$2,165,576.75 "
,TOTAL,,"6,623","$2,862,406.50 ","$2,242,620.27 "
62365,SG,,123,"$45,078.13 ","$35,785.78 "
,80'S,,11,$568.09 ,$454.48 
,OTHER,,"1,455","$455,817.59 ","$353,290.77 "
,TOTAL,,"1,589","$501,463.81 ","$389,531.03 "
62367,OTHER,,"17,065","$615,522.47 ","$460,326.41 "
,TOTAL,,"17,065","$615,522.47 ","$460,326.41 "
62368,OTHER,,"171,001","$8,804,918.74 ","$6,624,584.62 "
,TOTAL,,"171,001","$8,804,918.74 ","$6,624,584.62 "
63001,80'S,,108,"$12,473.59 ","$9,907.83 "
,OTHER,,899,"$554,914.15 ","$438,887.00 "
,TOTAL,,"1,007","$567,387.74 ","$448,794.83 "
63003,80'S,,50,"$5,891.83 ","$4,641.39 "
,OTHER,,399,"$281,820.43 ","$223,544.13 "
,TOTAL,,449,"$287,712.26 ","$228,185.52 "
63005,80'S,,225,"$31,750.08 ","$25,182.91 "
,OTHER,,"1,693","$1,140,214.83 ","$906,693.37 "
,TOTAL,,"1,918","$1,171,964.91 ","$931,876.28 "
63011,80'S,,9,$660.25 ,$528.19 
,OTHER,,327,"$135,234.58 ","$106,095.28 "
,TOTAL,,336,"$135,894.83 ","$106,623.47 "
63012,80'S,,322,"$30,933.34 ","$24,353.73 "
,OTHER,,"2,386","$1,142,509.77 ","$904,769.35 "
,TOTAL,,"2,708","$1,173,443.11 ","$929,123.08 "
63015,80'S,,241,"$47,408.95 ","$37,755.39 "
,OTHER,,"2,244","$2,401,179.04 ","$1,906,439.63 "
,TOTAL,,"2,485","$2,448,587.99 ","$1,944,195.02 "
63016,80'S,,44,"$6,894.23 ","$5,515.38 "
,OTHER,,271,"$274,362.18 ","$217,276.34 "
,TOTAL,,315,"$281,256.41 ","$222,791.72 "
63017,80'S,,161,"$23,684.08 ","$18,843.07 "
,OTHER,,"1,413","$1,111,776.87 ","$881,454.61 "
,TOTAL,,"1,574","$1,135,460.95 ","$900,297.68 "
63020,80'S,,309,"$44,445.80 ","$35,245.55 "
,OTHER,,"2,288","$1,861,267.44 ","$1,471,333.51 "
,TOTAL,,"2,597","$1,905,713.24 ","$1,506,579.06 "
63030,80'S,,"4,677","$611,983.98 ","$482,291.27 "
,OTHER,,"38,328","$25,481,613.60 ","$20,135,939.56 "
,TOTAL,,"43,005","$26,093,597.58 ","$20,618,230.83 "
63035,80'S,,"2,310","$82,542.82 ","$65,659.46 "
,OTHER,,"15,442","$2,840,691.39 ","$2,254,492.36 "
,TOTAL,,"17,752","$2,923,234.21 ","$2,320,151.82 "
63040,80'S,,64,"$12,445.44 ","$9,956.31 "
,OTHER,,433,"$437,084.47 ","$345,984.81 "
,TOTAL,,497,"$449,529.91 ","$355,941.12 "
63042,80'S,,"3,017","$532,952.43 ","$421,119.53 "
,OTHER,,"21,442","$19,252,720.06 ","$15,218,157.71 "
,TOTAL,,"24,459","$19,785,672.49 ","$15,639,277.24 "
63043,80'S,,31,"$1,554.61 ","$1,243.65 "
,OTHER,,368,"$83,942.32 ","$66,997.60 "
,TOTAL,,399,"$85,496.93 ","$68,241.25 "
63044,80'S,,"1,912","$96,275.23 ","$76,073.90 "
,OTHER,,"12,821","$2,924,189.51 ","$2,324,812.63 "
,TOTAL,,"14,733","$3,020,464.74 ","$2,400,886.53 "
63045,80'S,,"1,131","$149,010.01 ","$118,161.32 "
,OTHER,,"7,638","$5,374,473.88 ","$4,258,121.05 "
,TOTAL,,"8,769","$5,523,483.89 ","$4,376,282.37 "
63046,80'S,,408,"$49,268.25 ","$39,259.09 "
,OTHER,,"2,387","$1,536,617.53 ","$1,218,198.31 "
,TOTAL,,"2,795","$1,585,885.78 ","$1,257,457.40 "
63047,80'S,,"13,855","$1,710,531.31 ","$1,357,962.61 "
,OTHER,,"99,657","$64,400,943.93 ","$51,042,006.93 "
,TOTAL,,"113,512","$66,111,475.24 ","$52,399,969.54 "
63048,80'S,,"22,775","$756,662.90 ","$601,895.35 "
,OTHER,,"155,277","$26,018,111.03 ","$20,672,726.36 "
,TOTAL,,"178,052","$26,774,773.93 ","$21,274,621.71 "
63050,80'S,,9,"$1,725.71 ","$1,380.59 "
,OTHER,,114,"$101,096.88 ","$80,340.19 "
,TOTAL,,123,"$102,822.59 ","$81,720.78 "
63051,80'S,,148,"$35,866.16 ","$28,672.58 "
,OTHER,,761,"$1,032,933.10 ","$823,274.50 "
,TOTAL,,909,"$1,068,799.26 ","$851,947.08 "
63055,80'S,,94,"$19,671.46 ","$15,625.92 "
,OTHER,,635,"$734,232.09 ","$577,280.89 "
,TOTAL,,729,"$753,903.55 ","$592,906.81 "
63056,80'S,,877,"$148,452.67 ","$117,734.95 "
,OTHER,,"6,807","$5,942,100.87 ","$4,701,076.06 "
,TOTAL,,"7,684","$6,090,553.54 ","$4,818,811.01 "
63057,80'S,,306,"$16,882.06 ","$13,456.91 "
,OTHER,,"2,894","$789,706.19 ","$627,207.84 "
,TOTAL,,"3,200","$806,588.25 ","$640,664.75 "
63064,80'S,,31,"$6,841.83 ","$5,473.46 "
,OTHER,,143,"$189,851.75 ","$150,319.63 "
,TOTAL,,174,"$196,693.58 ","$155,793.09 "
63066,80'S,,11,$388.81 ,$311.04 
,OTHER,,48,"$9,396.74 ","$7,517.37 "
,TOTAL,,59,"$9,785.55 ","$7,828.41 "
63075,80'S,,"3,835","$778,211.28 ","$612,312.39 "
,OTHER,,"29,680","$30,346,655.78 ","$23,845,462.61 "
,TOTAL,,"33,515","$31,124,867.06 ","$24,457,775.00 "
63076,80'S,,"2,733","$111,806.94 ","$88,509.04 "
,OTHER,,"21,513","$4,396,569.45 ","$3,468,299.61 "
,TOTAL,,"24,246","$4,508,376.39 ","$3,556,808.65 "
63077,80'S,,86,"$15,099.05 ","$11,913.01 "
,OTHER,,341,"$268,524.31 ","$211,398.10 "
,TOTAL,,427,"$283,623.36 ","$223,311.11 "
63078,80'S,,53,"$1,819.84 ","$1,413.31 "
,OTHER,,169,"$30,757.37 ","$23,224.43 "
,TOTAL,,222,"$32,577.21 ","$24,637.74 "
63081,80'S,,"1,157","$295,977.92 ","$234,073.31 "
,OTHER,,"7,375","$9,661,634.18 ","$7,622,679.53 "
,TOTAL,,"8,532","$9,957,612.10 ","$7,856,752.84 "
63082,80'S,,988,"$45,096.46 ","$35,632.98 "
,OTHER,,"6,961","$1,635,657.63 ","$1,291,926.09 "
,TOTAL,,"7,949","$1,680,754.09 ","$1,327,559.07 "
63085,80'S,,90,"$23,977.93 ","$19,182.37 "
,OTHER,,657,"$747,117.34 ","$595,761.75 "
,TOTAL,,747,"$771,095.27 ","$614,944.12 "
63086,80'S,,46,"$1,468.12 ","$1,174.49 "
,OTHER,,359,"$56,879.32 ","$45,303.26 "
,TOTAL,,405,"$58,347.44 ","$46,477.75 "
63087,80'S,,86,"$30,340.64 ","$24,120.23 "
,OTHER,,713,"$1,134,641.39 ","$900,835.50 "
,TOTAL,,799,"$1,164,982.03 ","$924,955.73 "
63088,80'S,,29,"$1,286.97 ","$1,011.44 "
,OTHER,,348,"$77,947.77 ","$61,971.37 "
,TOTAL,,377,"$79,234.74 ","$62,982.81 "
63090,80'S,,258,"$73,181.41 ","$57,193.39 "
,OTHER,,"1,643","$2,035,348.14 ","$1,609,980.94 "
,TOTAL,,"1,901","$2,108,529.55 ","$1,667,174.33 "
63091,80'S,,218,"$6,615.75 ","$5,208.47 "
,OTHER,,"1,280","$196,739.84 ","$155,676.59 "
,TOTAL,,"1,498","$203,355.59 ","$160,885.06 "
63101,80'S,,44,"$14,201.11 ","$11,360.90 "
,OTHER,,293,"$544,936.35 ","$432,288.41 "
,TOTAL,,337,"$559,137.46 ","$443,649.31 "
63102,80'S,,49,"$15,843.98 ","$12,157.29 "
,OTHER,,361,"$583,622.76 ","$461,329.58 "
,TOTAL,,410,"$599,466.74 ","$473,486.87 "
63103,80'S,,38,"$1,750.74 ","$1,366.84 "
,OTHER,,283,"$68,522.28 ","$54,160.66 "
,TOTAL,,321,"$70,273.02 ","$55,527.50 "
63170,80'S,,4,$753.40 ,$602.72 
,OTHER,,8,"$10,339.95 ","$8,271.96 "
,TOTAL,,12,"$11,093.35 ","$8,874.68 "
63172,80'S,,20,"$3,227.63 ","$2,582.10 "
,OTHER,,149,"$147,178.42 ","$116,663.28 "
,TOTAL,,169,"$150,406.05 ","$119,245.38 "
63173,80'S,,2,$473.11 ,$378.49 
,OTHER,,22,"$27,334.42 ","$21,663.09 "
,TOTAL,,24,"$27,807.53 ","$22,041.58 "
63180,80'S,,2,$188.38 ,$150.70 
,OTHER,,3,"$2,244.91 ","$1,795.93 "
,TOTAL,,5,"$2,433.29 ","$1,946.63 "
63185,80'S,,16,"$1,829.51 ","$1,463.60 "
,OTHER,,66,"$42,966.45 ","$33,887.31 "
,TOTAL,,82,"$44,795.96 ","$35,350.91 "
63190,80'S,,13,"$2,244.36 ","$1,795.53 "
,OTHER,,47,"$43,146.27 ","$34,417.78 "
,TOTAL,,60,"$45,390.63 ","$36,213.31 "
63191,OTHER,,12,"$13,909.43 ","$11,127.56 "
,TOTAL,,12,"$13,909.43 ","$11,127.56 "
63194,80'S,,1,$222.09 ,$177.67 
,OTHER,,2,"$2,924.70 ","$2,339.76 "
,TOTAL,,3,"$3,146.79 ","$2,517.43 "
63195,80'S,,2,$378.76 ,$303.00 
,OTHER,,2,"$2,785.06 ","$2,228.04 "
,TOTAL,,4,"$3,163.82 ","$2,531.04 "
63196,OTHER,,1,"$1,166.58 ",$933.26 
,TOTAL,,1,"$1,166.58 ",$933.26 
63200,80'S,,21,"$3,219.55 ","$2,190.62 "
,OTHER,,142,"$146,640.11 ","$112,407.86 "
,TOTAL,,163,"$149,859.66 ","$114,598.48 "
63250,OTHER,,9,"$21,505.74 ","$17,204.60 "
,TOTAL,,9,"$21,505.74 ","$17,204.60 "
63251,80'S,,5,"$2,126.70 ","$1,701.36 "
,OTHER,,54,"$137,641.91 ","$110,051.60 "
,TOTAL,,59,"$139,768.61 ","$111,752.96 "
63252,80'S,,1,$360.77 ,$288.62 
,OTHER,,26,"$61,370.77 ","$49,096.60 "
,TOTAL,,27,"$61,731.54 ","$49,385.22 "
63265,80'S,,39,"$8,315.32 ","$6,599.25 "
,OTHER,,339,"$397,271.78 ","$315,295.28 "
,TOTAL,,378,"$405,587.10 ","$321,894.53 "
63266,80'S,,89,"$19,769.15 ","$15,815.31 "
,OTHER,,617,"$769,943.99 ","$615,955.32 "
,TOTAL,,706,"$789,713.14 ","$631,770.63 "
63267,80'S,,518,"$92,929.79 ","$74,046.39 "
,OTHER,,"3,862","$3,457,431.77 ","$2,737,179.57 "
,TOTAL,,"4,380","$3,550,361.56 ","$2,811,225.96 "
63268,80'S,,2,$316.09 ,$252.87 
,OTHER,,43,"$29,061.61 ","$23,249.28 "
,TOTAL,,45,"$29,377.70 ","$23,502.15 "
63270,80'S,,23,"$6,407.86 ","$5,050.03 "
,OTHER,,92,"$140,426.48 ","$112,242.03 "
,TOTAL,,115,"$146,834.34 ","$117,292.06 "
63271,80'S,,28,"$7,634.91 ","$5,824.90 "
,OTHER,,235,"$360,972.56 ","$286,671.32 "
,TOTAL,,263,"$368,607.47 ","$292,496.22 "
63272,80'S,,46,"$11,529.57 ","$9,139.45 "
,OTHER,,372,"$511,363.47 ","$407,640.97 "
,TOTAL,,418,"$522,893.04 ","$416,780.42 "
63273,80'S,,3,$673.76 ,$539.01 
,OTHER,,21,"$28,956.57 ","$23,111.35 "
,TOTAL,,24,"$29,630.33 ","$23,650.36 "
63275,80'S,,34,"$8,121.58 ","$6,497.27 "
,OTHER,,199,"$272,275.95 ","$216,346.89 "
,TOTAL,,233,"$280,397.53 ","$222,844.16 "
63276,80'S,,128,"$29,955.93 ","$23,912.62 "
,OTHER,,979,"$1,246,446.28 ","$993,543.62 "
,TOTAL,,"1,107","$1,276,402.21 ","$1,017,456.24 "
63277,80'S,,93,"$18,223.39 ","$14,547.95 "
,OTHER,,689,"$717,663.70 ","$567,229.79 "
,TOTAL,,782,"$735,887.09 ","$581,777.74 "
63278,80'S,,9,"$1,844.29 ","$1,475.42 "
,OTHER,,69,"$71,009.20 ","$56,214.51 "
,TOTAL,,78,"$72,853.49 ","$57,689.93 "
63280,80'S,,47,"$14,630.25 ","$11,605.06 "
,OTHER,,210,"$350,428.93 ","$277,186.73 "
,TOTAL,,257,"$365,059.18 ","$288,791.79 "
63281,80'S,,104,"$31,833.05 ","$25,140.31 "
,OTHER,,595,"$961,719.33 ","$764,972.66 "
,TOTAL,,699,"$993,552.38 ","$790,112.97 "
63282,80'S,,69,"$19,396.23 ","$15,516.97 "
,OTHER,,429,"$622,146.98 ","$493,098.20 "
,TOTAL,,498,"$641,543.21 ","$508,615.17 "
63283,80'S,,2,$588.24 ,$470.59 
,OTHER,,24,"$29,244.22 ","$23,395.36 "
,TOTAL,,26,"$29,832.46 ","$23,865.95 "
63285,80'S,,8,"$3,091.87 ","$2,473.49 "
,OTHER,,63,"$135,379.97 ","$106,937.82 "
,TOTAL,,71,"$138,471.84 ","$109,411.31 "
63286,80'S,,18,"$7,178.22 ","$5,742.57 "
,OTHER,,133,"$271,724.21 ","$211,333.74 "
,TOTAL,,151,"$278,902.43 ","$217,076.31 "
63287,80'S,,21,"$7,230.96 ","$5,784.79 "
,OTHER,,78,"$151,579.05 ","$120,132.30 "
,TOTAL,,99,"$158,810.01 ","$125,917.09 "
63290,80'S,,13,"$4,929.34 ","$3,943.46 "
,OTHER,,78,"$181,788.11 ","$144,271.63 "
,TOTAL,,91,"$186,717.45 ","$148,215.09 "
63295,80'S,,3,$147.92 ,$118.34 
,OTHER,,26,"$7,122.14 ","$5,495.19 "
,TOTAL,,29,"$7,270.06 ","$5,613.53 "
63300,80'S,,16,"$4,273.24 ","$3,418.60 "
,OTHER,,110,"$153,333.40 ","$121,316.65 "
,TOTAL,,126,"$157,606.64 ","$124,735.25 "
63301,80'S,,8,"$2,181.71 ","$1,531.76 "
,OTHER,,85,"$88,618.59 ","$70,801.82 "
,TOTAL,,93,"$90,800.30 ","$72,333.58 "
63302,80'S,,2,$625.24 ,$500.19 
,OTHER,,36,"$52,263.97 ","$41,811.17 "
,TOTAL,,38,"$52,889.21 ","$42,311.36 "
63303,80'S,,9,"$2,709.96 ","$2,167.96 "
,OTHER,,56,"$75,060.21 ","$60,048.18 "
,TOTAL,,65,"$77,770.17 ","$62,216.14 "
63304,80'S,,2,$639.91 ,$511.93 
,OTHER,,11,"$17,823.86 ","$14,259.09 "
,TOTAL,,13,"$18,463.77 ","$14,771.02 "
63305,OTHER,,13,"$17,819.70 ","$14,255.75 "
,TOTAL,,13,"$17,819.70 ","$14,255.75 "
63306,OTHER,,5,"$8,894.72 ","$7,115.78 "
,TOTAL,,5,"$8,894.72 ","$7,115.78 "
63307,OTHER,,10,"$12,129.62 ","$9,703.70 "
,TOTAL,,10,"$12,129.62 ","$9,703.70 "
63308,80'S,,31,"$1,670.99 ","$1,336.78 "
,OTHER,,144,"$42,694.53 ","$33,909.91 "
,TOTAL,,175,"$44,365.52 ","$35,246.69 "
63600,SG,,30,"$12,572.84 ","$9,347.92 "
,OTHER,,133,"$95,816.51 ","$76,262.70 "
,TOTAL,,163,"$108,389.35 ","$85,610.62 "
63610,SG,,1,$353.16 ,$282.53 
,OTHER,,50,"$79,959.86 ","$63,931.87 "
,TOTAL,,51,"$80,313.02 ","$64,214.40 "
63615,OTHER,,10,"$7,607.88 ","$6,074.29 "
,TOTAL,,10,"$7,607.88 ","$6,074.29 "
63650,SG,,"3,565","$1,281,405.09 ","$1,013,889.20 "
,OTHER,,"18,593","$5,542,682.42 ","$4,360,732.59 "
,TOTAL,,"22,158","$6,824,087.51 ","$5,374,621.79 "
63655,80'S,,239,"$25,578.09 ","$20,010.65 "
,OTHER,,"2,512","$1,434,234.85 ","$1,123,422.31 "
,TOTAL,,"2,751","$1,459,812.94 ","$1,143,432.96 "
63660,SG,,733,"$196,749.33 ","$154,507.98 "
,80'S,,7,$326.11 ,$260.90 
,OTHER,,"5,042","$1,637,027.55 ","$1,277,725.65 "
,TOTAL,,"5,782","$1,834,102.99 ","$1,432,494.53 "
63685,SG,,617,"$218,309.08 ","$173,177.74 "
,80'S,,334,"$17,895.40 ","$14,043.04 "
,OTHER,,"7,160","$2,627,834.74 ","$2,057,209.38 "
,TOTAL,,"8,111","$2,864,039.22 ","$2,244,430.16 "
63688,SG,,301,"$82,265.69 ","$64,659.27 "
,80'S,,1,$367.78 ,$294.22 
,OTHER,,"3,119","$801,092.94 ","$625,203.88 "
,TOTAL,,"3,421","$883,726.41 ","$690,157.37 "
63700,80'S,,4,$665.32 ,$532.26 
,OTHER,,33,"$21,300.51 ","$16,969.06 "
,TOTAL,,37,"$21,965.83 ","$17,501.32 "
63702,80'S,,2,$371.34 ,$297.07 
,OTHER,,13,"$9,627.87 ","$7,702.32 "
,TOTAL,,15,"$9,999.21 ","$7,999.39 "
63704,OTHER,,9,"$9,301.93 ","$7,441.55 "
,TOTAL,,9,"$9,301.93 ","$7,441.55 "
63706,80'S,,2,$364.42 ,$291.53 
,OTHER,,8,"$10,539.83 ","$8,431.87 "
,TOTAL,,10,"$10,904.25 ","$8,723.40 "
63707,80'S,,183,"$15,466.15 ","$12,110.85 "
,OTHER,,"1,674","$758,425.62 ","$601,334.86 "
,TOTAL,,"1,857","$773,891.77 ","$613,445.71 "
63709,80'S,,182,"$20,049.49 ","$15,865.13 "
,OTHER,,"1,163","$692,075.96 ","$548,724.76 "
,TOTAL,,"1,345","$712,125.45 ","$564,589.89 "
63710,80'S,,75,"$7,456.11 ","$5,964.85 "
,OTHER,,539,"$271,415.60 ","$215,941.00 "
,TOTAL,,614,"$278,871.71 ","$221,905.85 "
63740,80'S,,4,$419.42 ,$335.54 
,OTHER,,110,"$70,278.92 ","$56,223.09 "
,TOTAL,,114,"$70,698.34 ","$56,558.63 "
63741,80'S,,17,"$1,264.98 ",$991.84 
,OTHER,,298,"$139,677.70 ","$111,085.11 "
,TOTAL,,315,"$140,942.68 ","$112,076.95 "
63744,80'S,,6,$524.94 ,$419.95 
,OTHER,,142,"$67,325.68 ","$52,080.92 "
,TOTAL,,148,"$67,850.62 ","$52,500.87 "
63746,80'S,,2,$115.82 ,$92.66 
,OTHER,,49,"$16,639.36 ","$13,174.56 "
,TOTAL,,51,"$16,755.18 ","$13,267.22 "
64400,OTHER,,"9,393","$824,142.83 ","$637,425.35 "
,TOTAL,,"9,393","$824,142.83 ","$637,425.35 "
64402,OTHER,,"1,774","$131,487.23 ","$100,320.65 "
,TOTAL,,"1,774","$131,487.23 ","$100,320.65 "
64405,OTHER,,"54,327","$4,343,918.29 ","$3,350,371.62 "
,TOTAL,,"54,327","$4,343,918.29 ","$3,350,371.62 "
64408,OTHER,,138,"$14,119.59 ","$10,612.75 "
,TOTAL,,138,"$14,119.59 ","$10,612.75 "
64410,SG,,2,$493.19 ,$394.55 
,OTHER,,78,"$6,409.91 ","$5,037.60 "
,TOTAL,,80,"$6,903.10 ","$5,432.15 "
64412,OTHER,,"2,763","$292,192.68 ","$224,983.82 "
,TOTAL,,"2,763","$292,192.68 ","$224,983.82 "
64413,OTHER,,"8,162","$634,473.44 ","$494,486.87 "
,TOTAL,,"8,162","$634,473.44 ","$494,486.87 "
64415,SG,,"2,157","$436,777.23 ","$343,850.05 "
,OTHER,,"67,221","$5,082,050.59 ","$4,012,565.91 "
,TOTAL,,"69,378","$5,518,827.82 ","$4,356,415.96 "
64416,OTHER,,"3,760","$633,105.91 ","$501,778.80 "
,TOTAL,,"3,760","$633,105.91 ","$501,778.80 "
64417,SG,,285,"$54,157.35 ","$43,068.21 "
,OTHER,,"7,138","$455,613.27 ","$358,797.11 "
,TOTAL,,"7,423","$509,770.62 ","$401,865.32 "
64418,OTHER,,"20,057","$2,314,868.35 ","$1,808,520.73 "
,TOTAL,,"20,057","$2,314,868.35 ","$1,808,520.73 "
64420,SG,,443,"$124,323.49 ","$98,128.38 "
,OTHER,,"5,634","$718,281.71 ","$560,280.46 "
,TOTAL,,"6,077","$842,605.20 ","$658,408.84 "
64421,SG,,"2,029","$582,204.84 ","$457,866.70 "
,OTHER,,"20,336","$3,642,925.79 ","$2,865,105.41 "
,TOTAL,,"22,365","$4,225,130.63 ","$3,322,972.11 "
64425,OTHER,,"6,767","$729,040.50 ","$558,115.78 "
,TOTAL,,"6,767","$729,040.50 ","$558,115.78 "
64430,SG,,692,"$128,609.04 ","$102,103.66 "
,OTHER,,"13,762","$1,142,610.56 ","$893,449.92 "
,TOTAL,,"14,454","$1,271,219.60 ","$995,553.58 "
64435,OTHER,,954,"$110,101.27 ","$85,823.68 "
,TOTAL,,954,"$110,101.27 ","$85,823.68 "
64445,OTHER,,"55,413","$6,068,598.43 ","$4,764,732.46 "
,TOTAL,,"55,413","$6,068,598.43 ","$4,764,732.46 "
64446,80'S,,1,$13.81 ,$11.05 
,OTHER,,"3,366","$509,107.59 ","$400,890.56 "
,TOTAL,,"3,367","$509,121.40 ","$400,901.61 "
64447,OTHER,,"65,411","$4,494,165.91 ","$3,561,542.39 "
,TOTAL,,"65,411","$4,494,165.91 ","$3,561,542.39 "
64448,OTHER,,"30,674","$4,327,060.60 ","$3,438,350.94 "
,TOTAL,,"30,674","$4,327,060.60 ","$3,438,350.94 "
64449,OTHER,,"3,423","$476,752.83 ","$379,377.01 "
,TOTAL,,"3,423","$476,752.83 ","$379,377.01 "
64450,80'S,,1,$5.31 ,$4.25 
,OTHER,,"223,848","$18,674,469.30 ","$14,427,901.59 "
,TOTAL,,"223,849","$18,674,474.61 ","$14,427,905.84 "
64470,SG,,"21,157","$6,587,581.17 ","$5,178,222.86 "
,OTHER,,"122,383","$34,366,154.48 ","$27,090,904.97 "
,TOTAL,,"143,540","$40,953,735.65 ","$32,269,127.83 "
64472,SG,,"36,601","$6,647,705.69 ","$5,264,925.57 "
,OTHER,,"206,372","$25,952,465.43 ","$20,574,798.28 "
,TOTAL,,"242,973","$32,600,171.12 ","$25,839,723.85 "
64475,SG,,"86,705","$25,784,534.58 ","$20,340,685.44 "
,OTHER,,"374,908","$83,413,180.56 ","$65,704,570.37 "
,TOTAL,,"461,613","$109,197,715.14 ","$86,045,255.81 "
64476,SG,,"134,680","$24,399,468.62 ","$19,377,765.95 "
,OTHER,,"643,933","$63,510,764.74 ","$50,450,998.91 "
,TOTAL,,"778,613","$87,910,233.36 ","$69,828,764.86 "
64479,SG,,"6,919","$2,237,485.38 ","$1,758,455.05 "
,OTHER,,"30,113","$7,650,875.48 ","$5,990,831.29 "
,TOTAL,,"37,032","$9,888,360.86 ","$7,749,286.34 "
64480,SG,,"4,151","$782,219.26 ","$619,702.79 "
,OTHER,,"23,318","$3,439,520.94 ","$2,726,683.90 "
,TOTAL,,"27,469","$4,221,740.20 ","$3,346,386.69 "
64483,SG,,"150,318","$47,303,425.88 ","$37,211,658.16 "
,OTHER,,"457,459","$100,229,435.19 ","$78,543,920.73 "
,TOTAL,,"607,777","$147,532,861.07 ","$115,755,578.89 "
64484,SG,,"74,295","$13,195,522.85 ","$10,495,113.73 "
,OTHER,,"248,296","$29,855,981.08 ","$23,684,406.08 "
,TOTAL,,"322,591","$43,051,503.93 ","$34,179,519.81 "
64505,OTHER,,"3,187","$306,212.77 ","$239,776.65 "
,TOTAL,,"3,187","$306,212.77 ","$239,776.65 "
64508,OTHER,,15,"$1,921.43 ","$1,457.50 "
,TOTAL,,15,"$1,921.43 ","$1,457.50 "
64510,SG,,"2,501","$806,356.98 ","$627,845.68 "
,OTHER,,"8,777","$906,399.58 ","$703,835.78 "
,TOTAL,,"11,278","$1,712,756.56 ","$1,331,681.46 "
64517,SG,,119,"$50,356.09 ","$39,408.74 "
,OTHER,,481,"$63,617.53 ","$49,532.51 "
,TOTAL,,600,"$113,973.62 ","$88,941.25 "
64520,SG,,"3,626","$1,079,668.94 ","$839,291.43 "
,OTHER,,"16,207","$2,304,857.54 ","$1,797,866.54 "
,TOTAL,,"19,833","$3,384,526.48 ","$2,637,157.97 "
64530,SG,,294,"$93,217.60 ","$73,082.59 "
,OTHER,,"1,811","$207,774.19 ","$162,482.71 "
,TOTAL,,"2,105","$300,991.79 ","$235,565.30 "
64550,OTHER,,"28,512","$492,393.10 ","$384,106.12 "
,TOTAL,,"28,512","$492,393.10 ","$384,106.12 "
64553,SG,,9,"$2,283.54 ","$1,826.84 "
,80'S,,15,$201.74 ,$161.36 
,OTHER,,82,"$8,115.69 ","$6,437.75 "
,TOTAL,,106,"$10,600.97 ","$8,425.95 "
64555,OTHER,,"7,733","$1,516,637.45 ","$1,196,435.06 "
,TOTAL,,"7,733","$1,516,637.45 ","$1,196,435.06 "
64560,OTHER,,2,$297.70 ,$238.16 
,TOTAL,,2,$297.70 ,$238.16 
64561,SG,,35,"$14,449.24 ","$11,559.35 "
,OTHER,,"1,993","$1,229,525.74 ","$972,106.83 "
,TOTAL,,"2,028","$1,243,974.98 ","$983,666.18 "
64565,OTHER,,"1,132","$203,043.17 ","$160,665.49 "
,TOTAL,,"1,132","$203,043.17 ","$160,665.49 "
64573,SG,,4,$820.54 ,$656.43 
,80'S,,14,"$1,202.34 ",$926.37 
,OTHER,,"1,620","$837,221.39 ","$659,743.82 "
,TOTAL,,"1,638","$839,244.27 ","$661,326.62 "
64575,SG,,49,"$9,646.90 ","$7,197.52 "
,OTHER,,491,"$101,658.79 ","$79,266.97 "
,TOTAL,,540,"$111,305.69 ","$86,464.49 "
64577,OTHER,,3,$771.75 ,$617.40 
,TOTAL,,3,$771.75 ,$617.40 
64580,OTHER,,25,"$6,478.33 ","$5,110.12 "
,TOTAL,,25,"$6,478.33 ","$5,110.12 "
64581,SG,,1,$490.15 ,$392.12 
,OTHER,,"3,503","$2,514,197.66 ","$1,980,443.24 "
,TOTAL,,"3,504","$2,514,687.81 ","$1,980,835.36 "
64585,SG,,69,"$20,432.86 ","$16,148.38 "
,80'S,,28,$586.20 ,$463.35 
,OTHER,,"1,625","$275,429.41 ","$216,915.00 "
,TOTAL,,"1,722","$296,448.47 ","$233,526.73 "
64590,SG,,24,"$9,536.85 ","$7,063.01 "
,80'S,,75,"$2,214.80 ","$1,751.58 "
,OTHER,,"3,044","$469,956.10 ","$369,574.99 "
,TOTAL,,"3,143","$481,707.75 ","$378,389.58 "
64595,SG,,45,"$12,572.27 ","$9,899.86 "
,80'S,,1,$25.55 ,$20.44 
,OTHER,,913,"$108,988.78 ","$85,379.27 "
,TOTAL,,959,"$121,586.60 ","$95,299.57 "
64600,SG,,60,"$18,675.01 ","$14,408.78 "
,OTHER,,598,"$208,128.32 ","$161,608.03 "
,TOTAL,,658,"$226,803.33 ","$176,016.81 "
64605,SG,,8,"$2,429.54 ","$1,943.62 "
,OTHER,,67,"$24,857.66 ","$19,785.71 "
,TOTAL,,75,"$27,287.20 ","$21,729.33 "
64610,SG,,30,"$8,302.48 ","$6,641.99 "
,OTHER,,472,"$216,254.94 ","$169,662.69 "
,TOTAL,,502,"$224,557.42 ","$176,304.68 "
64612,OTHER,,"72,434","$11,312,499.40 ","$8,591,061.85 "
,TOTAL,,"72,434","$11,312,499.40 ","$8,591,061.85 "
64613,OTHER,,"41,659","$6,415,794.88 ","$4,877,836.59 "
,TOTAL,,"41,659","$6,415,794.88 ","$4,877,836.59 "
64614,OTHER,,"43,901","$7,931,898.19 ","$6,113,462.77 "
,TOTAL,,"43,901","$7,931,898.19 ","$6,113,462.77 "
64620,SG,,289,"$68,631.48 ","$53,837.00 "
,OTHER,,"1,814","$274,387.68 ","$215,480.05 "
,TOTAL,,"2,103","$343,019.16 ","$269,317.05 "
64622,SG,,"23,745","$7,448,495.23 ","$5,880,760.37 "
,OTHER,,"80,066","$22,687,920.84 ","$17,867,661.37 "
,TOTAL,,"103,811","$30,136,416.07 ","$23,748,421.74 "
64623,SG,,"53,817","$9,459,523.71 ","$7,523,951.47 "
,OTHER,,"228,633","$25,146,024.63 ","$20,007,357.93 "
,TOTAL,,"282,450","$34,605,548.34 ","$27,531,309.40 "
64626,SG,,"5,465","$1,682,186.76 ","$1,322,747.24 "
,OTHER,,"14,330","$4,417,213.68 ","$3,459,024.19 "
,TOTAL,,"19,795","$6,099,400.44 ","$4,781,771.43 "
64627,SG,,"11,675","$2,062,321.64 ","$1,633,792.88 "
,OTHER,,"32,528","$4,165,681.00 ","$3,288,999.01 "
,TOTAL,,"44,203","$6,228,002.64 ","$4,922,791.89 "
64630,SG,,5,"$2,195.04 ","$1,756.04 "
,OTHER,,283,"$43,875.04 ","$35,100.14 "
,TOTAL,,288,"$46,070.08 ","$36,856.18 "
64640,OTHER,,"93,730","$22,394,676.88 ","$17,513,501.30 "
,TOTAL,,"93,730","$22,394,676.88 ","$17,513,501.30 "
64650,OTHER,,91,"$5,068.42 ","$3,975.08 "
,TOTAL,,91,"$5,068.42 ","$3,975.08 "
64653,OTHER,,60,"$3,640.97 ","$2,850.45 "
,TOTAL,,60,"$3,640.97 ","$2,850.45 "
64680,SG,,55,"$21,659.86 ","$17,228.66 "
,OTHER,,952,"$138,762.39 ","$109,128.10 "
,TOTAL,,"1,007","$160,422.25 ","$126,356.76 "
64681,SG,,10,"$4,417.25 ","$3,181.32 "
,OTHER,,88,"$21,332.15 ","$16,902.75 "
,TOTAL,,98,"$25,749.40 ","$20,084.07 "
64702,SG,,183,"$35,635.59 ","$28,201.39 "
,80'S,,1,$30.78 ,$24.62 
,OTHER,,754,"$157,407.47 ","$123,825.63 "
,TOTAL,,938,"$193,073.84 ","$152,051.64 "
64704,SG,,"1,034","$195,210.56 ","$155,451.76 "
,80'S,,235,"$7,592.87 ","$5,986.35 "
,OTHER,,"3,917","$743,270.83 ","$589,203.31 "
,TOTAL,,"5,186","$946,074.26 ","$750,641.42 "
64708,SG,,803,"$227,465.00 ","$178,936.86 "
,80'S,,230,"$11,403.06 ","$8,928.02 "
,OTHER,,"3,617","$1,085,293.47 ","$856,680.90 "
,TOTAL,,"4,650","$1,324,161.53 ","$1,044,545.78 "
64712,SG,,104,"$30,312.00 ","$23,856.51 "
,80'S,,125,"$7,063.53 ","$5,644.40 "
,OTHER,,"1,418","$536,655.25 ","$424,305.38 "
,TOTAL,,"1,647","$574,030.78 ","$453,806.29 "
64713,SG,,29,"$11,950.28 ","$9,344.83 "
,80'S,,60,"$4,778.42 ","$3,822.72 "
,OTHER,,309,"$164,302.40 ","$130,610.67 "
,TOTAL,,398,"$181,031.10 ","$143,778.22 "
64714,SG,,185,"$76,185.06 ","$60,331.31 "
,80'S,,49,"$2,515.93 ","$1,974.46 "
,OTHER,,"1,154","$541,722.04 ","$428,213.78 "
,TOTAL,,"1,388","$620,423.03 ","$490,519.55 "
64716,SG,,12,"$5,647.56 ","$4,518.04 "
,80'S,,23,"$1,080.94 ",$763.08 
,OTHER,,313,"$88,973.43 ","$69,778.81 "
,TOTAL,,348,"$95,701.93 ","$75,059.93 "
64718,SG,,"3,551","$1,279,608.34 ","$1,003,935.75 "
,80'S,,71,"$4,488.28 ","$3,563.12 "
,OTHER,,"12,256","$5,274,668.37 ","$4,136,754.34 "
,TOTAL,,"15,878","$6,558,764.99 ","$5,144,253.21 "
64719,SG,,"1,237","$343,208.08 ","$269,612.55 "
,OTHER,,"3,386","$708,574.28 ","$560,509.09 "
,TOTAL,,"4,623","$1,051,782.36 ","$830,121.64 "
64721,SG,,"40,714","$16,809,619.03 ","$13,205,698.90 "
,80'S,,6,$378.39 ,$302.72 
,OTHER,,"109,996","$39,226,139.37 ","$30,796,248.84 "
,TOTAL,,"150,716","$56,036,136.79 ","$44,002,250.46 "
64722,SG,,193,"$43,369.45 ","$33,989.15 "
,80'S,,136,"$4,380.24 ","$3,504.26 "
,OTHER,,"2,378","$524,180.63 ","$412,704.27 "
,TOTAL,,"2,707","$571,930.32 ","$450,197.68 "
64726,SG,,101,"$21,695.07 ","$16,993.03 "
,OTHER,,338,"$68,560.34 ","$53,900.56 "
,TOTAL,,439,"$90,255.41 ","$70,893.59 "
64727,SG,,614,"$103,927.26 ","$81,965.71 "
,OTHER,,"2,025","$398,562.82 ","$315,327.08 "
,TOTAL,,"2,639","$502,490.08 ","$397,292.79 "
64732,SG,,4,"$1,359.36 ","$1,087.48 "
,OTHER,,24,"$5,870.17 ","$4,596.92 "
,TOTAL,,28,"$7,229.53 ","$5,684.40 "
64734,SG,,4,"$1,326.87 ","$1,061.49 "
,OTHER,,44,"$14,472.75 ","$11,379.81 "
,TOTAL,,48,"$15,799.62 ","$12,441.30 "
64736,OTHER,,12,"$3,185.09 ","$2,548.08 "
,TOTAL,,12,"$3,185.09 ","$2,548.08 "
64738,OTHER,,7,"$2,825.21 ","$2,260.17 "
,TOTAL,,7,"$2,825.21 ","$2,260.17 "
64740,OTHER,,8,"$2,080.26 ","$1,664.21 "
,TOTAL,,8,"$2,080.26 ","$1,664.21 "
64742,SG,,8,"$2,249.69 ","$1,799.74 "
,80'S,,2,$98.33 ,$78.66 
,OTHER,,60,"$16,207.09 ","$12,600.77 "
,TOTAL,,70,"$18,555.11 ","$14,479.17 "
64744,SG,,1,$416.13 ,$332.90 
,80'S,,1,$49.16 ,$39.33 
,OTHER,,72,"$22,002.41 ","$17,601.93 "
,TOTAL,,74,"$22,467.70 ","$17,974.16 "
64746,OTHER,,8,"$2,923.07 ","$2,338.45 "
,TOTAL,,8,"$2,923.07 ","$2,338.45 "
64752,80'S,,1,$30.07 ,$24.06 
,OTHER,,16,"$5,499.65 ","$4,399.75 "
,TOTAL,,17,"$5,529.72 ","$4,423.81 "
64755,80'S,,1,$120.80 ,$96.64 
,OTHER,,9,"$4,147.96 ","$3,318.37 "
,TOTAL,,10,"$4,268.76 ","$3,415.01 "
64760,80'S,,6,$205.08 ,$164.06 
,OTHER,,51,"$11,987.47 ","$9,503.71 "
,TOTAL,,57,"$12,192.55 ","$9,667.77 "
64761,OTHER,,11,"$3,775.19 ","$3,020.16 "
,TOTAL,,11,"$3,775.19 ","$3,020.16 "
64763,OTHER,,2,$926.92 ,$741.53 
,TOTAL,,2,$926.92 ,$741.53 
64766,OTHER,,8,"$3,316.88 ","$2,653.51 "
,TOTAL,,8,"$3,316.88 ","$2,653.51 "
64771,SG,,6,"$1,588.33 ","$1,270.66 "
,80'S,,6,$295.87 ,$236.68 
,OTHER,,70,"$25,364.08 ","$19,533.59 "
,TOTAL,,82,"$27,248.28 ","$21,040.93 "
64772,SG,,50,"$14,090.27 ","$11,272.22 "
,80'S,,22,"$1,113.38 ",$890.69 
,OTHER,,290,"$83,472.35 ","$65,640.69 "
,TOTAL,,362,"$98,676.00 ","$77,803.60 "
64774,SG,,85,"$26,402.44 ","$20,861.01 "
,OTHER,,425,"$114,907.87 ","$89,867.47 "
,TOTAL,,510,"$141,310.31 ","$110,728.48 "
64776,SG,,330,"$129,638.23 ","$102,268.28 "
,80'S,,4,$114.76 ,$91.80 
,OTHER,,289,"$77,040.43 ","$60,482.42 "
,TOTAL,,623,"$206,793.42 ","$162,842.50 "
64778,SG,,8,"$1,796.92 ","$1,313.70 "
,OTHER,,16,"$3,056.13 ","$2,444.91 "
,TOTAL,,24,"$4,853.05 ","$3,758.61 "
64782,SG,,231,"$93,382.33 ","$73,214.39 "
,OTHER,,948,"$282,463.80 ","$224,101.26 "
,TOTAL,,"1,179","$375,846.13 ","$297,315.65 "
64783,SG,,28,"$6,114.71 ","$4,891.76 "
,OTHER,,97,"$21,357.15 ","$17,085.63 "
,TOTAL,,125,"$27,471.86 ","$21,977.39 "
64784,SG,,133,"$49,338.91 ","$39,115.69 "
,80'S,,12,"$1,046.62 ",$837.27 
,OTHER,,720,"$365,720.10 ","$286,553.29 "
,TOTAL,,865,"$416,105.63 ","$326,506.25 "
64786,SG,,5,"$2,293.59 ","$1,834.87 "
,80'S,,3,$326.22 ,$260.97 
,OTHER,,34,"$29,771.09 ","$23,717.64 "
,TOTAL,,42,"$32,390.90 ","$25,813.48 "
64787,SG,,105,"$24,509.15 ","$19,257.20 "
,80'S,,7,$269.18 ,$215.32 
,OTHER,,451,"$117,189.69 ","$92,059.81 "
,TOTAL,,563,"$141,968.02 ","$111,532.33 "
64788,SG,,26,"$10,629.17 ","$8,503.31 "
,OTHER,,354,"$79,180.60 ","$62,699.31 "
,TOTAL,,380,"$89,809.77 ","$71,202.62 "
64790,SG,,27,"$11,189.43 ","$8,951.50 "
,80'S,,2,$258.95 ,$207.16 
,OTHER,,173,"$123,056.28 ","$97,003.37 "
,TOTAL,,202,"$134,504.66 ","$106,162.03 "
64792,SG,,2,$993.95 ,$795.16 
,80'S,,7,"$1,081.08 ",$864.87 
,OTHER,,119,"$101,264.52 ","$79,863.15 "
,TOTAL,,128,"$103,339.55 ","$81,523.18 "
64795,SG,,105,"$42,456.10 ","$33,402.50 "
,OTHER,,"1,270","$231,420.34 ","$182,252.93 "
,TOTAL,,"1,375","$273,876.44 ","$215,655.43 "
64802,SG,,1,$425.95 ,$340.76 
,80'S,,2,$192.13 ,$153.70 
,OTHER,,12,"$6,651.05 ","$5,254.32 "
,TOTAL,,15,"$7,269.13 ","$5,748.78 "
64804,80'S,,1,$216.95 ,$173.56 
,OTHER,,30,"$25,621.41 ","$20,397.95 "
,TOTAL,,31,"$25,838.36 ","$20,571.51 "
64809,80'S,,5,$308.60 ,$246.90 
,OTHER,,14,"$8,299.16 ","$6,580.57 "
,TOTAL,,19,"$8,607.76 ","$6,827.47 "
64818,80'S,,21,"$1,797.73 ","$1,438.18 "
,OTHER,,236,"$130,735.25 ","$101,717.38 "
,TOTAL,,257,"$132,532.98 ","$103,155.56 "
64820,OTHER,,236,"$112,703.27 ","$88,387.48 "
,TOTAL,,236,"$112,703.27 ","$88,387.48 "
64821,SG,,15,"$8,999.24 ","$7,199.37 "
,OTHER,,62,"$23,243.43 ","$17,921.22 "
,TOTAL,,77,"$32,242.67 ","$25,120.59 "
64822,OTHER,,64,"$22,496.64 ","$17,521.27 "
,TOTAL,,64,"$22,496.64 ","$17,521.27 "
64823,OTHER,,62,"$32,561.47 ","$26,006.14 "
,TOTAL,,62,"$32,561.47 ","$26,006.14 "
64831,SG,,233,"$118,611.76 ","$94,380.22 "
,OTHER,,"1,181","$534,016.28 ","$417,855.95 "
,TOTAL,,"1,414","$652,628.04 ","$512,236.17 "
64832,SG,,36,"$5,906.34 ","$4,605.82 "
,OTHER,,374,"$131,515.03 ","$103,770.14 "
,TOTAL,,410,"$137,421.37 ","$108,375.96 "
64834,SG,,30,"$8,519.16 ","$6,815.32 "
,80'S,,3,$191.94 ,$153.54 
,OTHER,,148,"$72,876.99 ","$57,595.22 "
,TOTAL,,181,"$81,588.09 ","$64,564.08 "
64835,SG,,10,"$4,347.35 ","$3,477.86 "
,80'S,,2,$217.90 ,$174.32 
,OTHER,,41,"$23,639.27 ","$18,837.14 "
,TOTAL,,53,"$28,204.52 ","$22,489.32 "
64836,SG,,11,"$3,384.33 ","$2,707.48 "
,OTHER,,50,"$27,599.38 ","$21,980.35 "
,TOTAL,,61,"$30,983.71 ","$24,687.83 "
64837,SG,,5,$814.63 ,$651.70 
,80'S,,2,$123.16 ,$98.52 
,OTHER,,18,"$6,746.99 ","$5,397.58 "
,TOTAL,,25,"$7,684.78 ","$6,147.80 "
64840,SG,,1,$207.59 ,$166.07 
,OTHER,,15,"$9,583.34 ","$6,907.65 "
,TOTAL,,16,"$9,790.93 ","$7,073.72 "
64856,SG,,10,"$2,909.66 ","$2,327.75 "
,OTHER,,174,"$141,440.38 ","$111,880.39 "
,TOTAL,,184,"$144,350.04 ","$114,208.14 "
64857,SG,,11,"$2,903.56 ","$2,322.83 "
,80'S,,6,$869.45 ,$695.55 
,OTHER,,121,"$101,900.85 ","$79,916.52 "
,TOTAL,,138,"$105,673.86 ","$82,934.90 "
64858,OTHER,,1,"$1,053.22 ",$842.58 
,TOTAL,,1,"$1,053.22 ",$842.58 
64859,80'S,,9,$348.92 ,$279.14 
,OTHER,,29,"$7,012.52 ","$5,434.36 "
,TOTAL,,38,"$7,361.44 ","$5,713.50 "
64861,SG,,1,$248.34 ,$198.67 
,80'S,,2,$348.72 ,$278.97 
,OTHER,,9,"$10,836.35 ","$7,434.47 "
,TOTAL,,12,"$11,433.41 ","$7,912.11 "
64862,80'S,,3,$329.61 ,$263.70 
,OTHER,,3,"$3,334.54 ","$2,667.63 "
,TOTAL,,6,"$3,664.15 ","$2,931.33 "
64864,SG,,2,$984.98 ,$688.78 
,80'S,,12,$887.67 ,$710.15 
,OTHER,,108,"$61,244.66 ","$47,947.21 "
,TOTAL,,122,"$63,117.31 ","$49,346.14 "
64865,SG,,1,$365.20 ,$292.16 
,80'S,,4,$666.15 ,$532.92 
,OTHER,,18,"$13,105.98 ","$10,061.53 "
,TOTAL,,23,"$14,137.33 ","$10,886.61 "
64866,OTHER,,5,"$4,239.15 ","$3,391.32 "
,TOTAL,,5,"$4,239.15 ","$3,391.32 "
64868,80'S,,3,$274.95 ,$219.95 
,OTHER,,34,"$23,576.84 ","$18,673.55 "
,TOTAL,,37,"$23,851.79 ","$18,893.50 "
64870,SG,,1,$607.73 ,$486.18 
,80'S,,1,$100.00 ,$80.00 
,OTHER,,5,"$2,998.56 ","$2,398.84 "
,TOTAL,,7,"$3,706.29 ","$2,965.02 "
64872,SG,,1,$262.33 ,$209.86 
,OTHER,,18,"$2,189.25 ","$1,751.41 "
,TOTAL,,19,"$2,451.58 ","$1,961.27 "
64874,SG,,2,$854.01 ,$683.21 
,80'S,,2,$67.10 ,$53.68 
,OTHER,,23,"$4,174.56 ","$3,339.63 "
,TOTAL,,27,"$5,095.67 ","$4,076.52 "
64876,SG,,2,$750.81 ,$600.65 
,OTHER,,2,$322.37 ,$257.90 
,TOTAL,,4,"$1,073.18 ",$858.55 
64885,80'S,,7,$856.31 ,$685.06 
,OTHER,,73,"$61,405.23 ","$49,124.16 "
,TOTAL,,80,"$62,261.54 ","$49,809.22 "
64886,80'S,,6,"$1,145.31 ",$916.25 
,OTHER,,80,"$84,833.64 ","$66,596.33 "
,TOTAL,,86,"$85,978.95 ","$67,512.58 "
64890,SG,,5,"$1,575.66 ","$1,260.52 "
,80'S,,4,$673.00 ,$538.40 
,OTHER,,61,"$55,234.73 ","$43,444.24 "
,TOTAL,,70,"$57,483.39 ","$45,243.16 "
64891,80'S,,1,$73.72 ,$58.98 
,OTHER,,1,$460.73 ,$368.58 
,TOTAL,,2,$534.45 ,$427.56 
64892,SG,,1,$205.93 ,$164.74 
,80'S,,1,$80.25 ,$64.20 
,OTHER,,20,"$16,640.14 ","$13,312.11 "
,TOTAL,,22,"$16,926.32 ","$13,541.05 "
64893,SG,,1,$223.96 ,$179.17 
,OTHER,,9,"$8,304.69 ","$6,643.75 "
,TOTAL,,10,"$8,528.65 ","$6,822.92 "
64895,SG,,2,$757.81 ,$606.25 
,OTHER,,7,"$8,299.86 ","$5,817.32 "
,TOTAL,,9,"$9,057.67 ","$6,423.57 "
64896,OTHER,,4,"$5,735.00 ","$4,588.00 "
,TOTAL,,4,"$5,735.00 ","$4,588.00 "
64897,80'S,,1,$176.03 ,$140.82 
,OTHER,,10,"$10,024.95 ","$8,019.97 "
,TOTAL,,11,"$10,200.98 ","$8,160.79 "
64898,OTHER,,14,"$16,631.42 ","$13,305.14 "
,TOTAL,,14,"$16,631.42 ","$13,305.14 "
64901,80'S,,2,$196.83 ,$157.46 
,OTHER,,20,"$12,996.35 ","$10,397.07 "
,TOTAL,,22,"$13,193.18 ","$10,554.53 "
64902,SG,,1,$223.96 ,$179.17 
,80'S,,4,$460.59 ,$368.48 
,OTHER,,19,"$13,573.24 ","$10,317.40 "
,TOTAL,,24,"$14,257.79 ","$10,865.05 "
64905,OTHER,,11,"$7,027.19 ","$5,621.74 "
,TOTAL,,11,"$7,027.19 ","$5,621.74 "
64999,80'S,,99,"$12,426.37 ","$9,938.04 "
,OTHER,,"4,993","$1,319,552.67 ","$1,046,498.11 "
,TOTAL,,"5,092","$1,331,979.04 ","$1,056,436.15 "
65091,SG,EYE,19,"$9,252.46 ","$7,238.89 "
,OTHER,,97,"$51,840.84 ","$40,982.77 "
,TOTAL,,116,"$61,093.30 ","$48,221.66 "
65093,SG,,164,"$76,911.18 ","$60,983.90 "
,OTHER,,619,"$347,730.56 ","$274,012.22 "
,TOTAL,,783,"$424,641.74 ","$334,996.12 "
65101,SG,,16,"$7,613.83 ","$6,057.65 "
,OTHER,,109,"$63,504.75 ","$50,641.84 "
,TOTAL,,125,"$71,118.58 ","$56,699.49 "
65103,SG,,49,"$23,695.14 ","$18,856.96 "
,OTHER,,267,"$169,833.07 ","$134,711.57 "
,TOTAL,,316,"$193,528.21 ","$153,568.53 "
65105,SG,,179,"$109,615.13 ","$86,494.74 "
,80'S,,68,"$7,507.95 ","$5,909.90 "
,OTHER,,945,"$664,392.74 ","$525,293.44 "
,TOTAL,,"1,192","$781,515.82 ","$617,698.08 "
65110,SG,,16,"$11,206.06 ","$8,952.79 "
,80'S,,11,"$1,878.94 ","$1,503.14 "
,OTHER,,120,"$112,617.77 ","$89,308.15 "
,TOTAL,,147,"$125,702.77 ","$99,764.08 "
65112,80'S,,1,$261.67 ,$209.34 
,OTHER,,29,"$31,265.17 ","$25,012.12 "
,TOTAL,,30,"$31,526.84 ","$25,221.46 "
65114,SG,,2,"$2,084.82 ","$1,667.86 "
,80'S,,2,$461.28 ,$369.02 
,OTHER,,30,"$38,068.09 ","$30,454.46 "
,TOTAL,,34,"$40,614.19 ","$32,491.34 "
65125,OTHER,,43,"$11,540.50 ","$9,194.70 "
,TOTAL,,43,"$11,540.50 ","$9,194.70 "
65130,SG,,6,"$2,639.41 ","$2,111.52 "
,OTHER,,25,"$14,588.99 ","$11,571.96 "
,TOTAL,,31,"$17,228.40 ","$13,683.48 "
65135,SG,,12,"$4,675.20 ","$3,740.17 "
,OTHER,,29,"$16,895.18 ","$13,391.11 "
,TOTAL,,41,"$21,570.38 ","$17,131.28 "
65140,SG,,10,"$4,859.81 ","$3,887.84 "
,OTHER,,39,"$23,300.09 ","$18,540.88 "
,TOTAL,,49,"$28,159.90 ","$22,428.72 "
65150,SG,,13,"$5,543.82 ","$4,353.84 "
,OTHER,,41,"$17,692.47 ","$13,750.86 "
,TOTAL,,54,"$23,236.29 ","$18,104.70 "
65155,SG,,15,"$6,320.67 ","$5,056.54 "
,OTHER,,53,"$33,202.72 ","$25,814.23 "
,TOTAL,,68,"$39,523.39 ","$30,870.77 "
65175,SG,,48,"$10,704.96 ","$8,384.61 "
,OTHER,,157,"$63,063.10 ","$49,530.26 "
,TOTAL,,205,"$73,768.06 ","$57,914.87 "
65205,OTHER,,"24,727","$1,204,544.13 ","$856,677.57 "
,TOTAL,,"24,727","$1,204,544.13 ","$856,677.57 "
65210,OTHER,,"23,044","$1,447,455.82 ","$1,052,245.47 "
,TOTAL,,"23,044","$1,447,455.82 ","$1,052,245.47 "
65220,OTHER,,"3,041","$136,243.43 ","$93,487.22 "
,TOTAL,,"3,041","$136,243.43 ","$93,487.22 "
65222,OTHER,,"34,853","$2,376,980.82 ","$1,687,145.43 "
,TOTAL,,"34,853","$2,376,980.82 ","$1,687,145.43 "
65235,SG,,131,"$53,511.96 ","$42,521.54 "
,80'S,,1,$103.54 ,$82.83 
,OTHER,,239,"$109,497.31 ","$85,649.42 "
,TOTAL,,371,"$163,112.81 ","$128,253.79 "
65260,SG,,15,"$4,199.49 ","$3,359.60 "
,OTHER,,15,"$7,823.18 ","$6,039.73 "
,TOTAL,,30,"$12,022.67 ","$9,399.33 "
65265,SG,,14,"$5,380.78 ","$4,304.60 "
,80'S,,15,"$1,984.45 ","$1,587.57 "
,OTHER,,196,"$127,513.94 ","$101,554.26 "
,TOTAL,,225,"$134,879.17 ","$107,446.43 "
65270,SG,,25,"$9,808.25 ","$7,846.63 "
,OTHER,,140,"$22,766.30 ","$17,786.17 "
,TOTAL,,165,"$32,574.55 ","$25,632.80 "
65272,SG,,14,"$4,377.11 ","$3,501.70 "
,OTHER,,77,"$19,198.03 ","$14,520.77 "
,TOTAL,,91,"$23,575.14 ","$18,022.47 "
65273,OTHER,,17,"$3,561.89 ","$2,849.51 "
,TOTAL,,17,"$3,561.89 ","$2,849.51 "
65275,SG,,28,"$16,810.10 ","$13,448.07 "
,OTHER,,109,"$38,398.00 ","$29,771.50 "
,TOTAL,,137,"$55,208.10 ","$43,219.57 "
65280,SG,,47,"$24,440.34 ","$19,552.24 "
,OTHER,,284,"$126,083.68 ","$100,399.24 "
,TOTAL,,331,"$150,524.02 ","$119,951.48 "
65285,SG,,131,"$75,440.88 ","$59,818.43 "
,80'S,,23,"$2,973.73 ","$2,326.59 "
,OTHER,,"1,149","$943,342.56 ","$750,064.04 "
,TOTAL,,"1,303","$1,021,757.17 ","$812,209.06 "
65286,OTHER,,514,"$265,248.78 ","$210,047.73 "
,TOTAL,,514,"$265,248.78 ","$210,047.73 "
65290,SG,,10,"$3,713.22 ","$2,970.59 "
,OTHER,,53,"$13,686.64 ","$10,949.25 "
,TOTAL,,63,"$17,399.86 ","$13,919.84 "
65400,SG,,"1,425","$385,822.51 ","$302,654.39 "
,80'S,,11,$452.98 ,$342.00 
,OTHER,,"4,638","$2,082,787.02 ","$1,636,005.45 "
,TOTAL,,"6,074","$2,469,062.51 ","$1,939,001.84 "
65410,SG,,39,"$14,523.15 ","$11,608.65 "
,80'S,,1,$9.40 ,$7.52 
,OTHER,,146,"$13,314.76 ","$10,352.98 "
,TOTAL,,186,"$27,847.31 ","$21,969.15 "
65420,SG,,"1,950","$658,879.58 ","$518,046.00 "
,OTHER,,"4,404","$1,297,589.72 ","$1,016,861.87 "
,TOTAL,,"6,354","$1,956,469.30 ","$1,534,907.87 "
65426,SG,,"2,983","$2,039,949.44 ","$1,611,345.77 "
,OTHER,,"5,480","$1,951,998.51 ","$1,525,021.39 "
,TOTAL,,"8,463","$3,991,947.95 ","$3,136,367.16 "
65430,OTHER,,"5,081","$514,243.24 ","$396,191.87 "
,TOTAL,,"5,081","$514,243.24 ","$396,191.87 "
65435,OTHER,,"6,133","$420,329.32 ","$316,843.45 "
,TOTAL,,"6,133","$420,329.32 ","$316,843.45 "
65436,OTHER,,"1,155","$332,373.62 ","$260,153.08 "
,TOTAL,,"1,155","$332,373.62 ","$260,153.08 "
65450,OTHER,,721,"$165,092.06 ","$129,491.89 "
,TOTAL,,721,"$165,092.06 ","$129,491.89 "
65600,OTHER,,664,"$194,699.40 ","$150,094.35 "
,TOTAL,,664,"$194,699.40 ","$150,094.35 "
65710,SG,,865,"$838,105.52 ","$666,090.96 "
,80'S,,118,"$17,627.10 ","$14,101.99 "
,OTHER,,986,"$870,185.16 ","$689,694.95 "
,TOTAL,,"1,969","$1,725,917.78 ","$1,369,887.90 "
65730,SG,,"2,368","$2,323,171.63 ","$1,844,831.07 "
,80'S,,352,"$60,210.17 ","$47,614.02 "
,OTHER,,"4,399","$4,368,365.13 ","$3,445,498.15 "
,TOTAL,,"7,119","$6,751,746.93 ","$5,337,943.24 "
65750,SG,,432,"$422,250.36 ","$335,764.28 "
,80'S,,122,"$20,929.08 ","$16,476.46 "
,OTHER,,978,"$986,913.70 ","$780,291.69 "
,TOTAL,,"1,532","$1,430,093.14 ","$1,132,532.43 "
65755,SG,,"4,137","$4,073,572.97 ","$3,245,916.85 "
,80'S,,756,"$131,373.81 ","$104,314.51 "
,OTHER,,"10,502","$10,548,201.51 ","$8,364,763.56 "
,TOTAL,,"15,395","$14,753,148.29 ","$11,714,994.92 "
65770,SG,,30,"$25,494.23 ","$20,395.41 "
,80'S,,33,"$6,573.06 ","$5,258.46 "
,OTHER,,245,"$286,931.20 ","$228,162.26 "
,TOTAL,,308,"$318,998.49 ","$253,816.13 "
65771,OTHER,,1,$494.74 ,$395.79 
,TOTAL,,1,$494.74 ,$395.79 
65772,SG,,"1,792","$786,017.55 ","$623,161.58 "
,OTHER,,"4,655","$1,259,584.02 ","$989,180.57 "
,TOTAL,,"6,447","$2,045,601.57 ","$1,612,342.15 "
65775,SG,,43,"$25,643.81 ","$20,415.80 "
,OTHER,,139,"$56,346.51 ","$44,127.44 "
,TOTAL,,182,"$81,990.32 ","$64,543.24 "
65780,SG,,799,"$544,414.26 ","$434,724.47 "
,80'S,,23,"$3,109.69 ","$2,487.77 "
,OTHER,,"2,033","$1,533,736.18 ","$1,218,341.60 "
,TOTAL,,"2,855","$2,081,260.13 ","$1,655,553.84 "
65781,SG,,7,"$4,414.44 ","$3,531.55 "
,80'S,,11,"$1,827.01 ","$1,461.60 "
,OTHER,,72,"$83,458.04 ","$65,088.40 "
,TOTAL,,90,"$89,699.49 ","$70,081.55 "
65782,SG,,45,"$29,760.79 ","$23,709.44 "
,80'S,,4,$727.85 ,$582.29 
,OTHER,,217,"$221,473.89 ","$174,509.26 "
,TOTAL,,266,"$251,962.53 ","$198,800.99 "
65800,SG,,184,"$52,191.60 ","$41,498.59 "
,OTHER,,"3,135","$273,784.06 ","$216,788.83 "
,TOTAL,,"3,319","$325,975.66 ","$258,287.42 "
65805,SG,,"1,391","$452,136.52 ","$358,051.60 "
,OTHER,,"21,820","$2,029,806.35 ","$1,607,712.82 "
,TOTAL,,"23,211","$2,481,942.87 ","$1,965,764.42 "
65810,SG,,247,"$82,499.14 ","$65,998.89 "
,OTHER,,449,"$122,795.70 ","$97,632.53 "
,TOTAL,,696,"$205,294.84 ","$163,631.42 "
65815,SG,,133,"$50,664.11 ","$40,135.11 "
,OTHER,,765,"$223,456.25 ","$176,842.53 "
,TOTAL,,898,"$274,120.36 ","$216,977.64 "
65820,SG,,14,"$4,456.31 ","$3,315.33 "
,OTHER,,54,"$29,083.91 ","$22,977.43 "
,TOTAL,,68,"$33,540.22 ","$26,292.76 "
65850,SG,,133,"$76,133.67 ","$59,010.18 "
,OTHER,,337,"$249,312.49 ","$197,353.09 "
,TOTAL,,470,"$325,446.16 ","$256,363.27 "
65855,OTHER,,"173,459","$54,357,997.78 ","$42,313,569.75 "
,TOTAL,,"173,459","$54,357,997.78 ","$42,313,569.75 "
65860,OTHER,,"1,602","$409,073.29 ","$318,256.80 "
,TOTAL,,"1,602","$409,073.29 ","$318,256.80 "
65865,SG,,249,"$52,877.25 ","$41,938.73 "
,80'S,,1,$81.60 ,$65.28 
,OTHER,,950,"$265,556.38 ","$211,677.53 "
,TOTAL,,"1,200","$318,515.23 ","$253,681.54 "
65870,SG,,385,"$150,994.89 ","$119,727.79 "
,OTHER,,"1,139","$357,984.92 ","$283,862.15 "
,TOTAL,,"1,524","$508,979.81 ","$403,589.94 "
65875,SG,,714,"$285,845.56 ","$227,693.90 "
,80'S,,7,$315.56 ,$252.42 
,OTHER,,"2,214","$697,137.70 ","$554,696.19 "
,TOTAL,,"2,935","$983,298.82 ","$782,642.51 "
65880,SG,,41,"$18,671.06 ","$14,936.84 "
,OTHER,,122,"$43,466.92 ","$34,217.20 "
,TOTAL,,163,"$62,137.98 ","$49,154.04 "
65900,SG,,27,"$15,329.28 ","$12,263.40 "
,80'S,,2,$292.62 ,$234.10 
,OTHER,,73,"$43,009.17 ","$34,407.34 "
,TOTAL,,102,"$58,631.07 ","$46,904.84 "
65920,SG,,243,"$221,901.99 ","$175,766.77 "
,OTHER,,818,"$361,087.22 ","$286,199.66 "
,TOTAL,,"1,061","$582,989.21 ","$461,966.43 "
65930,SG,,124,"$78,349.10 ","$62,139.39 "
,OTHER,,504,"$195,504.50 ","$155,877.47 "
,TOTAL,,628,"$273,853.60 ","$218,016.86 "
66020,SG,,328,"$76,487.91 ","$60,735.20 "
,OTHER,,"1,580","$176,245.81 ","$139,841.28 "
,TOTAL,,"1,908","$252,733.72 ","$200,576.48 "
66030,SG,,809,"$224,047.45 ","$178,737.56 "
,OTHER,,893,"$87,851.89 ","$68,186.70 "
,TOTAL,,"1,702","$311,899.34 ","$246,924.26 "
66130,SG,,38,"$37,620.59 ","$29,404.35 "
,OTHER,,107,"$52,464.24 ","$40,965.90 "
,TOTAL,,145,"$90,084.83 ","$70,370.25 "
66150,SG,,85,"$47,658.54 ","$37,904.67 "
,OTHER,,165,"$88,835.96 ","$70,394.20 "
,TOTAL,,250,"$136,494.50 ","$108,298.87 "
66155,SG,,329,"$206,056.90 ","$164,834.37 "
,OTHER,,78,"$40,117.68 ","$31,732.21 "
,TOTAL,,407,"$246,174.58 ","$196,566.58 "
66160,SG,,158,"$52,227.83 ","$41,517.97 "
,80'S,,3,$325.67 ,$260.54 
,OTHER,,263,"$184,816.35 ","$145,971.05 "
,TOTAL,,424,"$237,369.85 ","$187,749.56 "
66165,SG,,14,"$5,592.09 ","$4,473.64 "
,OTHER,,16,"$10,801.65 ","$8,641.30 "
,TOTAL,,30,"$16,393.74 ","$13,114.94 "
66170,SG,,"13,160","$6,023,152.55 ","$4,769,017.51 "
,80'S,,"1,084","$177,459.44 ","$141,432.90 "
,OTHER,,"22,158","$20,429,284.99 ","$16,178,538.45 "
,TOTAL,,"36,402","$26,629,896.98 ","$21,088,988.86 "
66172,SG,,"4,215","$2,365,703.78 ","$1,876,501.02 "
,80'S,,559,"$113,813.33 ","$90,650.09 "
,OTHER,,"10,791","$12,655,715.25 ","$10,024,016.85 "
,TOTAL,,"15,565","$15,135,232.36 ","$11,991,167.96 "
66180,SG,,"3,832","$2,541,472.03 ","$2,021,246.49 "
,80'S,,508,"$81,768.47 ","$65,046.93 "
,OTHER,,"8,820","$8,288,222.64 ","$6,574,347.32 "
,TOTAL,,"13,160","$10,911,463.14 ","$8,660,640.74 "
66185,SG,,496,"$172,841.10 ","$136,847.09 "
,80'S,,77,"$6,253.35 ","$5,002.65 "
,OTHER,,"1,184","$527,774.05 ","$419,002.54 "
,TOTAL,,"1,757","$706,868.50 ","$560,852.28 "
66220,SG,,7,"$3,331.17 ","$2,664.93 "
,OTHER,,15,"$7,179.64 ","$5,692.78 "
,TOTAL,,22,"$10,510.81 ","$8,357.71 "
66225,SG,,105,"$39,741.03 ","$31,534.05 "
,80'S,,38,"$2,958.87 ","$2,367.10 "
,OTHER,,474,"$216,082.18 ","$172,729.88 "
,TOTAL,,617,"$258,782.08 ","$206,631.03 "
66250,SG,,"3,315","$1,396,819.63 ","$1,102,385.69 "
,OTHER,,"10,613","$4,905,130.61 ","$3,860,281.50 "
,TOTAL,,"13,928","$6,301,950.24 ","$4,962,667.19 "
66500,SG,,52,"$11,777.41 ","$9,421.92 "
,OTHER,,185,"$37,730.90 ","$30,077.34 "
,TOTAL,,237,"$49,508.31 ","$39,499.26 "
66505,OTHER,,9,"$2,445.23 ","$1,956.21 "
,TOTAL,,9,"$2,445.23 ","$1,956.21 "
66600,SG,,24,"$8,642.07 ","$6,852.86 "
,OTHER,,93,"$47,029.73 ","$37,251.88 "
,TOTAL,,117,"$55,671.80 ","$44,104.74 "
66605,SG,,10,"$2,993.39 ","$2,394.73 "
,OTHER,,27,"$21,302.54 ","$17,042.05 "
,TOTAL,,37,"$24,295.93 ","$19,436.78 "
66625,SG,,458,"$179,680.77 ","$142,707.91 "
,OTHER,,"1,279","$398,809.90 ","$314,904.46 "
,TOTAL,,"1,737","$578,490.67 ","$457,612.37 "
66630,SG,,21,"$6,196.69 ","$4,957.33 "
,OTHER,,166,"$53,409.86 ","$41,912.05 "
,TOTAL,,187,"$59,606.55 ","$46,869.38 "
66635,SG,,78,"$21,746.61 ","$17,298.01 "
,OTHER,,187,"$58,138.37 ","$45,970.32 "
,TOTAL,,265,"$79,884.98 ","$63,268.33 "
66680,SG,,243,"$97,044.89 ","$77,167.53 "
,OTHER,,601,"$168,455.88 ","$133,369.40 "
,TOTAL,,844,"$265,500.77 ","$210,536.93 "
66682,SG,,537,"$143,541.53 ","$113,479.85 "
,80'S,,1,$80.65 ,$64.52 
,OTHER,,"1,296","$378,596.94 ","$300,510.49 "
,TOTAL,,"1,834","$522,219.12 ","$414,054.86 "
66700,SG,,12,"$5,054.63 ","$4,028.46 "
,OTHER,,63,"$20,570.65 ","$15,554.04 "
,TOTAL,,75,"$25,625.28 ","$19,582.50 "
66710,SG,,"2,633","$815,458.24 ","$647,153.87 "
,OTHER,,"4,862","$1,292,646.61 ","$1,018,801.55 "
,TOTAL,,"7,495","$2,108,104.85 ","$1,665,955.42 "
66711,SG,,"5,225","$1,281,679.83 ","$1,020,151.98 "
,OTHER,,"6,713","$1,753,306.70 ","$1,393,392.45 "
,TOTAL,,"11,938","$3,034,986.53 ","$2,413,544.43 "
66720,SG,,105,"$40,206.51 ","$32,030.08 "
,OTHER,,568,"$177,596.75 ","$140,054.83 "
,TOTAL,,673,"$217,803.26 ","$172,084.91 "
66740,SG,,133,"$33,495.84 ","$26,796.78 "
,OTHER,,276,"$55,078.93 ","$44,062.33 "
,TOTAL,,409,"$88,574.77 ","$70,859.11 "
66761,OTHER,,"83,671","$30,872,248.18 ","$24,208,120.35 "
,TOTAL,,"83,671","$30,872,248.18 ","$24,208,120.35 "
66762,OTHER,,"3,386","$1,341,611.50 ","$1,054,504.54 "
,TOTAL,,"3,386","$1,341,611.50 ","$1,054,504.54 "
66770,OTHER,,196,"$82,208.53 ","$64,684.77 "
,TOTAL,,196,"$82,208.53 ","$64,684.77 "
66820,OTHER,,701,"$168,251.16 ","$132,181.79 "
,TOTAL,,701,"$168,251.16 ","$132,181.79 "
66821,SG,,"306,278","$134,131,527.04 ","$105,678,221.18 "
,OTHER,,"651,528","$143,178,969.58 ","$111,299,885.69 "
,TOTAL,,"957,806","$277,310,496.62 ","$216,978,106.87 "
66825,SG,,"2,266","$1,251,340.44 ","$990,499.80 "
,80'S,,17,"$1,173.99 ",$939.20 
,OTHER,,"4,533","$2,347,976.02 ","$1,859,885.02 "
,TOTAL,,"6,816","$3,600,490.45 ","$2,851,324.02 "
66830,SG,,94,"$46,304.61 ","$36,618.30 "
,OTHER,,518,"$211,412.24 ","$167,756.15 "
,TOTAL,,612,"$257,716.85 ","$204,374.45 "
66840,SG,,987,"$597,364.94 ","$473,685.13 "
,OTHER,,"1,609","$713,645.64 ","$564,962.93 "
,TOTAL,,"2,596","$1,311,010.58 ","$1,038,648.06 "
66850,SG,,"1,297","$1,249,729.89 ","$990,856.32 "
,80'S,,1,$117.70 ,$94.16 
,OTHER,,"4,795","$2,200,286.61 ","$1,746,629.87 "
,TOTAL,,"6,093","$3,450,134.20 ","$2,737,580.35 "
66852,SG,,485,"$248,642.67 ","$197,579.35 "
,80'S,,6,$510.80 ,$408.63 
,OTHER,,"1,402","$747,637.21 ","$593,069.85 "
,TOTAL,,"1,893","$996,790.68 ","$791,057.83 "
66920,SG,,35,"$21,488.77 ","$16,695.97 "
,OTHER,,77,"$44,447.41 ","$35,222.33 "
,TOTAL,,112,"$65,936.18 ","$51,918.30 "
66930,SG,,44,"$27,070.33 ","$21,557.05 "
,OTHER,,105,"$60,310.90 ","$48,096.17 "
,TOTAL,,149,"$87,381.23 ","$69,653.22 "
66940,SG,,225,"$151,536.78 ","$120,139.87 "
,OTHER,,828,"$463,512.23 ","$366,063.50 "
,TOTAL,,"1,053","$615,049.01 ","$486,203.37 "
66982,SG,,"42,922","$41,781,579.93 ","$33,189,500.57 "
,80'S,,23,"$3,685.47 ","$2,948.30 "
,OTHER,,"100,163","$81,370,322.04 ","$64,547,638.54 "
,TOTAL,,"143,108","$123,155,587.44 ","$97,740,087.41 "
66983,SG,,194,"$187,271.20 ","$148,878.59 "
,OTHER,,805,"$195,684.21 ","$155,837.11 "
,TOTAL,,999,"$382,955.41 ","$304,715.70 "
66984,SG,,"1,110,623","$1,071,765,843.12 ","$848,596,248.02 "
,80'S,,1,$58.58 ,$18.01 
,OTHER,,"2,163,240","$1,163,334,115.61 ","$919,949,909.78 "
,TOTAL,,"3,273,864","$2,235,100,017.31 ","$1,768,546,175.81 "
66985,SG,,"3,210","$2,570,343.97 ","$2,033,395.47 "
,80'S,,1,$53.10 ,$42.48 
,OTHER,,"6,456","$3,103,574.17 ","$2,454,833.75 "
,TOTAL,,"9,667","$5,673,971.24 ","$4,488,271.70 "
66986,SG,,"3,473","$2,690,481.26 ","$2,130,204.65 "
,OTHER,,"6,064","$4,203,403.97 ","$3,326,970.63 "
,TOTAL,,"9,537","$6,893,885.23 ","$5,457,175.28 "
66990,OTHER,,244,"$20,790.60 ","$16,529.11 "
,TOTAL,,244,"$20,790.60 ","$16,529.11 "
66999,OTHER,,"1,167","$412,087.29 ","$324,905.56 "
,TOTAL,,"1,167","$412,087.29 ","$324,905.56 "
67005,SG,,996,"$367,977.18 ","$292,215.77 "
,OTHER,,"1,966","$471,387.38 ","$372,907.23 "
,TOTAL,,"2,962","$839,364.56 ","$665,123.00 "
67010,SG,,"2,077","$751,986.25 ","$598,226.92 "
,80'S,,103,"$6,908.94 ","$5,527.10 "
,OTHER,,"4,218","$1,101,849.36 ","$876,292.91 "
,TOTAL,,"6,398","$1,860,744.55 ","$1,480,046.93 "
67015,SG,,356,"$95,898.42 ","$76,259.08 "
,OTHER,,"1,893","$820,444.19 ","$650,616.35 "
,TOTAL,,"2,249","$916,342.61 ","$726,875.43 "
67025,SG,,402,"$74,670.54 ","$59,710.82 "
,OTHER,,"2,100","$858,725.57 ","$678,831.30 "
,TOTAL,,"2,502","$933,396.11 ","$738,542.12 "
67027,SG,,15,"$7,040.69 ","$5,632.57 "
,80'S,,51,"$6,005.05 ","$4,529.34 "
,OTHER,,254,"$170,015.28 ","$133,353.99 "
,TOTAL,,320,"$183,061.02 ","$143,515.90 "
67028,OTHER,,"531,652","$105,007,893.04 ","$82,751,553.87 "
,TOTAL,,"531,652","$105,007,893.04 ","$82,751,553.87 "
67030,SG,,88,"$21,985.89 ","$16,816.57 "
,80'S,,2,$95.75 ,$76.60 
,OTHER,,212,"$59,951.01 ","$47,649.51 "
,TOTAL,,302,"$82,032.65 ","$64,542.68 "
67031,SG,,836,"$367,454.59 ","$290,648.06 "
,OTHER,,"3,571","$1,076,793.01 ","$842,864.16 "
,TOTAL,,"4,407","$1,444,247.60 ","$1,133,512.22 "
67036,SG,,"3,373","$1,662,526.47 ","$1,318,510.08 "
,80'S,,"1,777","$240,159.33 ","$190,473.90 "
,OTHER,,"13,571","$10,182,231.91 ","$8,078,271.00 "
,TOTAL,,"18,721","$12,084,917.71 ","$9,587,254.98 "
67038,SG,,"13,461","$7,240,690.00 ","$5,734,146.88 "
,80'S,,"7,907","$1,865,512.50 ","$1,479,763.07 "
,OTHER,,"57,066","$78,645,205.34 ","$62,177,425.38 "
,TOTAL,,"78,434","$87,751,407.84 ","$69,391,335.33 "
67039,SG,,"1,496","$1,454,211.70 ","$1,153,401.52 "
,80'S,,455,"$53,455.88 ","$42,615.09 "
,OTHER,,"4,359","$2,924,819.55 ","$2,322,336.01 "
,TOTAL,,"6,310","$4,432,487.13 ","$3,518,352.62 "
67040,SG,,"5,128","$4,979,796.50 ","$3,941,500.98 "
,80'S,,"2,849","$391,858.43 ","$311,393.24 "
,OTHER,,"19,829","$16,281,772.16 ","$12,873,677.76 "
,TOTAL,,"27,806","$21,653,427.09 ","$17,126,571.98 "
67101,OTHER,,"1,553","$690,794.96 ","$545,644.40 "
,TOTAL,,"1,553","$690,794.96 ","$545,644.40 "
67105,OTHER,,"5,436","$3,215,389.31 ","$2,523,161.88 "
,TOTAL,,"5,436","$3,215,389.31 ","$2,523,161.88 "
67107,SG,,535,"$374,711.01 ","$295,108.96 "
,80'S,,386,"$65,276.60 ","$51,933.97 "
,OTHER,,"3,221","$3,122,808.79 ","$2,464,899.77 "
,TOTAL,,"4,142","$3,562,796.40 ","$2,811,942.70 "
67108,SG,,"3,995","$3,903,252.42 ","$3,077,405.86 "
,80'S,,"2,638","$451,913.83 ","$357,887.62 "
,OTHER,,"19,874","$20,584,296.06 ","$16,261,230.37 "
,TOTAL,,"26,507","$24,939,462.31 ","$19,696,523.85 "
67110,OTHER,,"3,573","$2,514,893.41 ","$1,976,155.06 "
,TOTAL,,"3,573","$2,514,893.41 ","$1,976,155.06 "
67112,SG,,397,"$382,130.47 ","$304,644.23 "
,80'S,,63,"$11,016.60 ","$8,670.96 "
,OTHER,,983,"$824,789.19 ","$652,852.93 "
,TOTAL,,"1,443","$1,217,936.26 ","$966,168.12 "
67115,SG,,18,"$6,760.81 ","$5,378.80 "
,OTHER,,84,"$25,644.66 ","$20,214.49 "
,TOTAL,,102,"$32,405.47 ","$25,593.29 "
67120,SG,,216,"$83,020.78 ","$65,463.26 "
,OTHER,,985,"$387,008.56 ","$306,008.26 "
,TOTAL,,"1,201","$470,029.34 ","$371,471.52 "
67121,SG,,232,"$86,760.67 ","$68,862.73 "
,80'S,,78,"$8,939.26 ","$6,985.43 "
,OTHER,,"1,094","$684,416.82 ","$541,277.08 "
,TOTAL,,"1,404","$780,116.75 ","$617,125.24 "
67141,SG,,205,"$88,974.95 ","$69,609.88 "
,OTHER,,"2,272","$868,516.59 ","$677,108.30 "
,TOTAL,,"2,477","$957,491.54 ","$746,718.18 "
67145,OTHER,,"19,516","$8,097,285.72 ","$6,329,823.64 "
,TOTAL,,"19,516","$8,097,285.72 ","$6,329,823.64 "
67208,OTHER,,381,"$178,016.41 ","$139,730.43 "
,TOTAL,,381,"$178,016.41 ","$139,730.43 "
67210,OTHER,,"147,870","$88,381,107.91 ","$69,446,505.26 "
,TOTAL,,"147,870","$88,381,107.91 ","$69,446,505.26 "
67218,SG,,22,"$16,420.86 ","$13,037.52 "
,OTHER,,631,"$750,822.56 ","$592,582.01 "
,TOTAL,,653,"$767,243.42 ","$605,619.53 "
67220,OTHER,,"18,403","$16,795,189.95 ","$13,343,458.21 "
,TOTAL,,"18,403","$16,795,189.95 ","$13,343,458.21 "
67221,OTHER,,"43,921","$13,585,651.73 ","$10,688,153.42 "
,TOTAL,,"43,921","$13,585,651.73 ","$10,688,153.42 "
67225,OTHER,,"3,127","$82,547.83 ","$65,631.07 "
,TOTAL,,"3,127","$82,547.83 ","$65,631.07 "
67227,SG,,327,"$105,828.76 ","$84,186.38 "
,OTHER,,682,"$301,433.09 ","$236,603.18 "
,TOTAL,,"1,009","$407,261.85 ","$320,789.56 "
67228,OTHER,,"99,286","$92,467,459.89 ","$72,601,232.76 "
,TOTAL,,"99,286","$92,467,459.89 ","$72,601,232.76 "
67250,SG,,21,"$7,698.62 ","$6,046.77 "
,OTHER,,46,"$24,558.40 ","$19,646.73 "
,TOTAL,,67,"$32,257.02 ","$25,693.50 "
67255,SG,,"2,164","$604,163.55 ","$481,620.09 "
,80'S,,295,"$20,352.80 ","$16,282.09 "
,OTHER,,"6,180","$2,496,867.98 ","$1,986,996.06 "
,TOTAL,,"8,639","$3,121,384.33 ","$2,484,898.24 "
67299,80'S,,13,"$2,700.01 ","$2,141.86 "
,OTHER,,177,"$130,209.12 ","$103,365.60 "
,TOTAL,,190,"$132,909.13 ","$105,507.46 "
67311,SG,,"1,458","$533,177.03 ","$421,906.80 "
,80'S,,1,$81.90 ,$65.52 
,OTHER,,"2,946","$1,280,281.95 ","$1,010,185.97 "
,TOTAL,,"4,405","$1,813,540.88 ","$1,432,158.29 "
67312,SG,,653,"$386,763.51 ","$306,962.47 "
,OTHER,,"1,740","$1,012,470.38 ","$796,446.23 "
,TOTAL,,"2,393","$1,399,233.89 ","$1,103,408.70 "
67314,SG,,739,"$403,381.21 ","$317,997.51 "
,OTHER,,"1,792","$914,766.90 ","$720,828.49 "
,TOTAL,,"2,531","$1,318,148.11 ","$1,038,826.00 "
67316,SG,,77,"$43,743.60 ","$34,499.28 "
,80'S,,2,$209.86 ,$167.89 
,OTHER,,218,"$148,152.42 ","$117,790.42 "
,TOTAL,,297,"$192,105.88 ","$152,457.59 "
67318,SG,,70,"$33,507.24 ","$26,805.79 "
,OTHER,,198,"$95,309.34 ","$74,910.70 "
,TOTAL,,268,"$128,816.58 ","$101,716.49 "
67320,SG,,120,"$51,622.34 ","$40,957.90 "
,OTHER,,332,"$80,648.95 ","$64,091.21 "
,TOTAL,,452,"$132,271.29 ","$105,049.11 "
67331,SG,,155,"$69,484.53 ","$55,211.90 "
,OTHER,,588,"$134,517.51 ","$106,811.90 "
,TOTAL,,743,"$204,002.04 ","$162,023.80 "
67332,SG,,434,"$202,725.64 ","$160,277.94 "
,80'S,,21,$881.21 ,$701.25 
,OTHER,,"1,487","$375,085.22 ","$297,767.24 "
,TOTAL,,"1,942","$578,692.07 ","$458,746.43 "
67334,SG,,22,"$9,517.93 ","$7,515.14 "
,OTHER,,82,"$18,278.53 ","$14,523.65 "
,TOTAL,,104,"$27,796.46 ","$22,038.79 "
67335,SG,,532,"$208,637.85 ","$164,507.28 "
,OTHER,,"1,491","$207,849.04 ","$164,816.78 "
,TOTAL,,"2,023","$416,486.89 ","$329,324.06 "
67340,SG,,16,"$7,142.62 ","$5,714.11 "
,80'S,,1,$44.64 ,$35.71 
,OTHER,,52,"$14,629.24 ","$11,703.36 "
,TOTAL,,69,"$21,816.50 ","$17,453.18 "
67343,SG,,17,"$16,325.99 ","$13,060.77 "
,80'S,,6,$264.14 ,$211.30 
,OTHER,,186,"$62,161.38 ","$48,625.96 "
,TOTAL,,209,"$78,751.51 ","$61,898.03 "
67345,OTHER,,713,"$126,240.20 ","$98,763.34 "
,TOTAL,,713,"$126,240.20 ","$98,763.34 "
67350,SG,,18,"$3,121.28 ","$2,496.99 "
,80'S,,1,$18.32 ,$14.66 
,OTHER,,37,"$4,519.57 ","$3,615.70 "
,TOTAL,,56,"$7,659.17 ","$6,127.35 "
67399,OTHER,,15,"$6,090.63 ","$4,872.49 "
,TOTAL,,15,"$6,090.63 ","$4,872.49 "
67400,SG,,374,"$158,559.00 ","$126,341.03 "
,80'S,,64,"$8,150.78 ","$6,520.60 "
,OTHER,,"1,544","$1,150,926.09 ","$909,309.46 "
,TOTAL,,"1,982","$1,317,635.87 ","$1,042,171.09 "
67405,SG,,28,"$16,203.60 ","$12,962.89 "
,80'S,,7,$768.80 ,$615.05 
,OTHER,,143,"$87,383.94 ","$68,755.74 "
,TOTAL,,178,"$104,356.34 ","$82,333.68 "
67412,SG,,643,"$437,619.32 ","$347,921.70 "
,80'S,,63,"$7,861.72 ","$6,289.31 "
,OTHER,,"1,547","$1,169,807.64 ","$924,039.13 "
,TOTAL,,"2,253","$1,615,288.68 ","$1,278,250.14 "
67413,SG,,48,"$32,741.65 ","$26,010.74 "
,80'S,,8,$993.74 ,$794.98 
,OTHER,,134,"$101,840.11 ","$80,552.72 "
,TOTAL,,190,"$135,575.50 ","$107,358.44 "
67414,80'S,,27,"$3,039.68 ","$2,342.07 "
,OTHER,,242,"$199,943.47 ","$157,013.99 "
,TOTAL,,269,"$202,983.15 ","$159,356.06 "
67415,OTHER,,54,"$4,283.07 ","$3,426.46 "
,TOTAL,,54,"$4,283.07 ","$3,426.46 "
67420,SG,,29,"$19,504.03 ","$15,603.27 "
,80'S,,21,"$5,305.11 ","$4,244.09 "
,OTHER,,165,"$241,919.54 ","$192,447.81 "
,TOTAL,,215,"$266,728.68 ","$212,295.17 "
67430,SG,,4,"$2,776.31 ","$2,221.05 "
,OTHER,,7,"$6,478.77 ","$5,124.07 "
,TOTAL,,11,"$9,255.08 ","$7,345.12 "
67440,SG,,7,"$4,353.77 ","$3,483.02 "
,80'S,,1,$161.64 ,$129.31 
,OTHER,,33,"$32,695.18 ","$26,156.13 "
,TOTAL,,41,"$37,210.59 ","$29,768.46 "
67445,SG,,14,"$10,143.81 ","$7,916.67 "
,80'S,,58,"$9,239.05 ","$7,391.20 "
,OTHER,,206,"$214,780.94 ","$168,801.44 "
,TOTAL,,278,"$234,163.80 ","$184,109.31 "
67450,SG,,17,"$11,590.04 ","$9,272.04 "
,80'S,,1,$192.34 ,$153.87 
,OTHER,,92,"$96,676.42 ","$76,451.14 "
,TOTAL,,110,"$108,458.80 ","$85,877.05 "
67500,OTHER,,"11,008","$563,546.74 ","$442,371.10 "
,TOTAL,,"11,008","$563,546.74 ","$442,371.10 "
67505,OTHER,,503,"$26,104.43 ","$19,896.52 "
,TOTAL,,503,"$26,104.43 ","$19,896.52 "
67515,OTHER,,"35,036","$1,456,129.39 ","$1,106,738.24 "
,TOTAL,,"35,036","$1,456,129.39 ","$1,106,738.24 "
67550,SG,,60,"$34,206.75 ","$27,203.82 "
,OTHER,,197,"$156,367.43 ","$124,870.45 "
,TOTAL,,257,"$190,574.18 ","$152,074.27 "
67560,SG,,54,"$18,594.13 ","$14,812.07 "
,80'S,,1,$150.16 ,$120.13 
,OTHER,,162,"$123,952.25 ","$97,669.38 "
,TOTAL,,217,"$142,696.54 ","$112,601.58 "
67570,SG,,20,"$9,277.65 ","$7,422.12 "
,80'S,,9,"$1,588.32 ","$1,270.66 "
,OTHER,,90,"$71,617.09 ","$57,257.50 "
,TOTAL,,119,"$82,483.06 ","$65,950.28 "
67599,OTHER,,40,"$16,039.46 ","$12,831.57 "
,TOTAL,,40,"$16,039.46 ","$12,831.57 "
67700,OTHER,,"4,885","$1,226,115.43 ","$953,358.28 "
,TOTAL,,"4,885","$1,226,115.43 ","$953,358.28 "
67710,OTHER,,913,"$166,204.58 ","$129,225.36 "
,TOTAL,,913,"$166,204.58 ","$129,225.36 "
67715,SG,,213,"$39,667.28 ","$31,167.09 "
,OTHER,,462,"$44,498.28 ","$35,096.42 "
,TOTAL,,675,"$84,165.56 ","$66,263.51 "
67800,OTHER,,"20,551","$2,311,712.03 ","$1,694,947.13 "
,TOTAL,,"20,551","$2,311,712.03 ","$1,694,947.13 "
67801,OTHER,,"3,486","$516,255.50 ","$392,809.72 "
,TOTAL,,"3,486","$516,255.50 ","$392,809.72 "
67805,OTHER,,"1,532","$275,812.95 ","$213,508.24 "
,TOTAL,,"1,532","$275,812.95 ","$213,508.24 "
67808,SG,,138,"$49,309.54 ","$39,306.70 "
,OTHER,,235,"$57,479.80 ","$45,437.86 "
,TOTAL,,373,"$106,789.34 ","$84,744.56 "
67810,OTHER,,"43,676","$7,492,846.80 ","$5,766,004.24 "
,TOTAL,,"43,676","$7,492,846.80 ","$5,766,004.24 "
67820,OTHER,,"300,469","$16,340,172.72 ","$12,170,954.81 "
,TOTAL,,"300,469","$16,340,172.72 ","$12,170,954.81 "
67825,OTHER,,"11,373","$1,226,160.99 ","$933,782.43 "
,TOTAL,,"11,373","$1,226,160.99 ","$933,782.43 "
67830,SG,,215,"$65,464.11 ","$51,863.02 "
,OTHER,,772,"$133,274.93 ","$103,086.06 "
,TOTAL,,987,"$198,739.04 ","$154,949.08 "
67835,SG,,47,"$14,467.61 ","$11,474.85 "
,OTHER,,85,"$26,006.46 ","$20,409.12 "
,TOTAL,,132,"$40,474.07 ","$31,883.97 "
67840,OTHER,,"51,237","$13,020,070.86 ","$10,115,175.92 "
,TOTAL,,"51,237","$13,020,070.86 ","$10,115,175.92 "
67850,80'S,,1,$17.33 ,$13.86 
,OTHER,,"4,668","$830,359.45 ","$640,981.32 "
,TOTAL,,"4,669","$830,376.78 ","$640,995.18 "
67875,OTHER,,"5,446","$535,186.45 ","$421,591.88 "
,TOTAL,,"5,446","$535,186.45 ","$421,591.88 "
67880,SG,,719,"$282,397.22 ","$224,208.08 "
,OTHER,,"2,737","$740,669.93 ","$585,373.30 "
,TOTAL,,"3,456","$1,023,067.15 ","$809,581.38 "
67882,SG,,217,"$90,513.52 ","$72,309.91 "
,OTHER,,"1,021","$339,720.96 ","$268,276.94 "
,TOTAL,,"1,238","$430,234.48 ","$340,586.85 "
67900,SG,,"5,806","$2,227,090.94 ","$1,769,436.97 "
,OTHER,,"9,281","$2,916,928.30 ","$2,308,593.01 "
,TOTAL,,"15,087","$5,144,019.24 ","$4,078,029.98 "
67901,SG,,577,"$352,189.90 ","$279,629.66 "
,OTHER,,884,"$387,875.99 ","$306,191.31 "
,TOTAL,,"1,461","$740,065.89 ","$585,820.97 "
67902,SG,,70,"$42,114.79 ","$33,069.96 "
,OTHER,,128,"$79,210.25 ","$61,851.28 "
,TOTAL,,198,"$121,325.04 ","$94,921.24 "
67903,SG,,"1,678","$826,075.35 ","$655,401.95 "
,OTHER,,"2,678","$1,162,125.86 ","$920,339.09 "
,TOTAL,,"4,356","$1,988,201.21 ","$1,575,741.04 "
67904,SG,,"30,764","$13,728,936.30 ","$10,886,876.48 "
,OTHER,,"45,535","$17,683,343.67 ","$13,996,402.13 "
,TOTAL,,"76,299","$31,412,279.97 ","$24,883,278.61 "
67906,SG,,17,"$10,777.18 ","$8,522.54 "
,OTHER,,34,"$12,080.74 ","$9,664.58 "
,TOTAL,,51,"$22,857.92 ","$18,187.12 "
67908,SG,,"2,278","$1,130,600.80 ","$896,358.96 "
,OTHER,,"3,492","$1,285,391.13 ","$1,018,825.19 "
,TOTAL,,"5,770","$2,415,991.93 ","$1,915,184.15 "
67909,SG,,110,"$62,836.23 ","$49,874.95 "
,OTHER,,309,"$116,280.41 ","$91,493.68 "
,TOTAL,,419,"$179,116.64 ","$141,368.63 "
67911,SG,,"1,084","$392,726.31 ","$310,609.40 "
,OTHER,,"2,639","$702,295.05 ","$553,642.20 "
,TOTAL,,"3,723","$1,095,021.36 ","$864,251.60 "
67912,SG,,272,"$105,822.94 ","$84,225.58 "
,OTHER,,"1,064","$449,982.24 ","$358,017.79 "
,TOTAL,,"1,336","$555,805.18 ","$442,243.37 "
67914,SG,,"1,044","$458,712.81 ","$363,869.84 "
,80'S,,1,$22.67 ,$18.14 
,OTHER,,"1,949","$504,732.80 ","$396,814.15 "
,TOTAL,,"2,994","$963,468.28 ","$760,702.13 "
67915,OTHER,,687,"$212,356.28 ","$167,030.93 "
,TOTAL,,687,"$212,356.28 ","$167,030.93 "
67916,SG,,"2,054","$1,123,589.10 ","$892,489.52 "
,OTHER,,"4,266","$1,527,592.24 ","$1,207,123.79 "
,TOTAL,,"6,320","$2,651,181.34 ","$2,099,613.31 "
67917,SG,,"12,550","$6,753,079.06 ","$5,359,288.08 "
,80'S,,1,$75.21 ,$60.17 
,OTHER,,"23,287","$8,958,300.11 ","$7,093,140.68 "
,TOTAL,,"35,838","$15,711,454.38 ","$12,452,488.93 "
67921,SG,,"1,571","$675,595.18 ","$536,224.93 "
,80'S,,1,$21.17 ,$16.94 
,OTHER,,"5,565","$1,611,614.66 ","$1,258,249.67 "
,TOTAL,,"7,137","$2,287,231.01 ","$1,794,491.54 "
67922,OTHER,,458,"$120,413.32 ","$94,006.29 "
,TOTAL,,458,"$120,413.32 ","$94,006.29 "
67923,SG,,"1,619","$953,777.41 ","$756,405.04 "
,OTHER,,"3,533","$1,494,858.15 ","$1,181,329.76 "
,TOTAL,,"5,152","$2,448,635.56 ","$1,937,734.80 "
67924,SG,,"6,160","$3,483,246.16 ","$2,769,329.35 "
,80'S,,1,$74.20 ,$59.36 
,OTHER,,"10,959","$4,456,249.69 ","$3,525,274.87 "
,TOTAL,,"17,120","$7,939,570.05 ","$6,294,663.58 "
67930,OTHER,,327,"$85,668.93 ","$67,196.36 "
,TOTAL,,327,"$85,668.93 ","$67,196.36 "
67935,SG,,103,"$36,466.78 ","$28,936.14 "
,OTHER,,703,"$262,406.37 ","$207,286.58 "
,TOTAL,,806,"$298,873.15 ","$236,222.72 "
67938,OTHER,,"2,406","$502,515.18 ","$388,672.81 "
,TOTAL,,"2,406","$502,515.18 ","$388,672.81 "
67950,SG,,"3,394","$908,780.74 ","$722,618.01 "
,80'S,,5,$342.09 ,$273.68 
,OTHER,,"6,052","$2,216,593.35 ","$1,760,579.30 "
,TOTAL,,"9,451","$3,125,716.18 ","$2,483,470.99 "
67961,SG,,"3,844","$1,567,636.94 ","$1,243,461.36 "
,80'S,,49,"$2,766.96 ","$2,213.52 "
,OTHER,,"7,203","$2,698,721.44 ","$2,134,800.63 "
,TOTAL,,"11,096","$4,269,125.34 ","$3,380,475.51 "
67966,SG,,"2,420","$1,045,176.79 ","$829,888.71 "
,OTHER,,"5,915","$2,353,229.22 ","$1,864,437.99 "
,TOTAL,,"8,335","$3,398,406.01 ","$2,694,326.70 "
67971,SG,,542,"$238,946.81 ","$190,326.20 "
,80'S,,33,"$2,962.12 ","$2,369.71 "
,OTHER,,"1,121","$547,951.55 ","$435,474.09 "
,TOTAL,,"1,696","$789,860.48 ","$628,170.00 "
67973,SG,,413,"$156,850.27 ","$124,809.78 "
,80'S,,53,"$6,184.65 ","$4,947.74 "
,OTHER,,984,"$774,255.19 ","$616,068.30 "
,TOTAL,,"1,450","$937,290.11 ","$745,825.82 "
67974,SG,,114,"$47,106.06 ","$37,499.40 "
,80'S,,23,"$2,480.76 ","$1,984.64 "
,OTHER,,252,"$220,034.73 ","$174,796.67 "
,TOTAL,,389,"$269,621.55 ","$214,280.71 "
67975,SG,,357,"$172,140.59 ","$136,720.84 "
,OTHER,,"1,173","$668,828.16 ","$527,865.15 "
,TOTAL,,"1,530","$840,968.75 ","$664,585.99 "
67999,OTHER,,357,"$114,422.76 ","$90,602.39 "
,TOTAL,,357,"$114,422.76 ","$90,602.39 "
68020,OTHER,,"3,651","$371,514.71 ","$278,800.46 "
,TOTAL,,"3,651","$371,514.71 ","$278,800.46 "
68040,OTHER,,"3,781","$175,306.15 ","$137,777.67 "
,TOTAL,,"3,781","$175,306.15 ","$137,777.67 "
68100,OTHER,,"1,329","$170,713.40 ","$132,705.09 "
,TOTAL,,"1,329","$170,713.40 ","$132,705.09 "
68110,OTHER,,"4,865","$894,558.68 ","$695,449.02 "
,TOTAL,,"4,865","$894,558.68 ","$695,449.02 "
68115,SG,,382,"$151,652.39 ","$119,897.39 "
,OTHER,,"1,274","$244,292.59 ","$188,457.84 "
,TOTAL,,"1,656","$395,944.98 ","$308,355.23 "
68130,SG,,167,"$68,186.52 ","$53,960.20 "
,OTHER,,312,"$96,989.18 ","$76,998.80 "
,TOTAL,,479,"$165,175.70 ","$130,959.00 "
68135,OTHER,,589,"$69,346.96 ","$53,701.71 "
,TOTAL,,589,"$69,346.96 ","$53,701.71 "
68200,OTHER,,"19,078","$583,777.02 ","$448,791.05 "
,TOTAL,,"19,078","$583,777.02 ","$448,791.05 "
68320,SG,,"2,553","$1,282,271.94 ","$1,020,639.14 "
,OTHER,,"3,900","$1,281,207.86 ","$1,017,034.37 "
,TOTAL,,"6,453","$2,563,479.80 ","$2,037,673.51 "
68325,SG,,35,"$18,126.48 ","$13,745.06 "
,OTHER,,77,"$31,612.94 ","$24,427.63 "
,TOTAL,,112,"$49,739.42 ","$38,172.69 "
68326,SG,,567,"$299,435.16 ","$236,247.36 "
,80'S,,18,"$1,279.32 ","$1,023.40 "
,OTHER,,"1,718","$630,560.77 ","$500,160.51 "
,TOTAL,,"2,303","$931,275.25 ","$737,431.27 "
68328,SG,,66,"$36,526.66 ","$28,511.73 "
,80'S,,2,$105.94 ,$84.76 
,OTHER,,204,"$97,348.80 ","$76,810.32 "
,TOTAL,,272,"$133,981.40 ","$105,406.81 "
68330,SG,,53,"$28,174.67 ","$22,421.12 "
,OTHER,,344,"$136,621.97 ","$108,111.22 "
,TOTAL,,397,"$164,796.64 ","$130,532.34 "
68335,SG,,34,"$16,021.32 ","$12,787.11 "
,OTHER,,183,"$72,702.57 ","$57,357.81 "
,TOTAL,,217,"$88,723.89 ","$70,144.92 "
68340,SG,,29,"$13,713.88 ","$10,515.43 "
,OTHER,,137,"$43,274.64 ","$34,254.72 "
,TOTAL,,166,"$56,988.52 ","$44,770.15 "
68360,SG,,122,"$38,550.34 ","$30,728.82 "
,OTHER,,193,"$50,008.18 ","$39,452.69 "
,TOTAL,,315,"$88,558.52 ","$70,181.51 "
68362,SG,,200,"$80,393.42 ","$62,888.13 "
,OTHER,,397,"$187,825.00 ","$147,156.03 "
,TOTAL,,597,"$268,218.42 ","$210,044.16 "
68371,SG,,3,$873.61 ,$698.88 
,OTHER,,19,"$3,967.07 ","$3,075.25 "
,TOTAL,,22,"$4,840.68 ","$3,774.13 "
68399,OTHER,,97,"$19,524.52 ","$15,558.68 "
,TOTAL,,97,"$19,524.52 ","$15,558.68 "
68400,OTHER,,104,"$23,801.80 ","$18,299.97 "
,TOTAL,,104,"$23,801.80 ","$18,299.97 "
68420,OTHER,,634,"$173,986.07 ","$134,345.71 "
,TOTAL,,634,"$173,986.07 ","$134,345.71 "
68440,OTHER,,"8,271","$737,572.12 ","$566,543.24 "
,TOTAL,,"8,271","$737,572.12 ","$566,543.24 "
68500,SG,,3,"$1,500.91 ","$1,200.73 "
,OTHER,,6,"$4,525.28 ","$3,620.23 "
,TOTAL,,9,"$6,026.19 ","$4,820.96 "
68505,SG,,10,"$3,770.44 ","$3,016.34 "
,OTHER,,43,"$34,739.04 ","$27,662.13 "
,TOTAL,,53,"$38,509.48 ","$30,678.47 "
68510,SG,,26,"$6,062.27 ","$4,849.80 "
,OTHER,,107,"$25,476.86 ","$19,852.02 "
,TOTAL,,133,"$31,539.13 ","$24,701.82 "
68520,SG,,75,"$30,941.48 ","$24,554.85 "
,80'S,,2,$135.81 ,$108.65 
,OTHER,,187,"$88,901.56 ","$70,524.07 "
,TOTAL,,264,"$119,978.85 ","$95,187.57 "
68525,SG,,27,"$5,242.18 ","$4,193.77 "
,OTHER,,152,"$23,651.98 ","$18,921.35 "
,TOTAL,,179,"$28,894.16 ","$23,115.12 "
68530,OTHER,,"1,742","$700,600.49 ","$548,696.18 "
,TOTAL,,"1,742","$700,600.49 ","$548,696.18 "
68540,SG,,20,"$9,163.76 ","$7,225.30 "
,OTHER,,39,"$26,523.91 ","$20,727.84 "
,TOTAL,,59,"$35,687.67 ","$27,953.14 "
68550,OTHER,,3,"$3,041.95 ","$2,433.57 "
,TOTAL,,3,"$3,041.95 ","$2,433.57 "
68700,SG,,"1,059","$289,749.02 ","$230,389.62 "
,OTHER,,"2,709","$1,053,955.78 ","$836,991.84 "
,TOTAL,,"3,768","$1,343,704.80 ","$1,067,381.46 "
68705,OTHER,,768,"$138,898.59 ","$107,802.31 "
,TOTAL,,768,"$138,898.59 ","$107,802.31 "
68720,SG,,"2,546","$1,522,374.91 ","$1,204,848.62 "
,80'S,,319,"$31,154.85 ","$24,838.48 "
,OTHER,,"6,054","$3,645,710.45 ","$2,881,808.47 "
,TOTAL,,"8,919","$5,199,240.21 ","$4,111,495.57 "
68745,SG,,5,"$2,855.03 ","$2,284.02 "
,OTHER,,30,"$17,208.41 ","$12,936.95 "
,TOTAL,,35,"$20,063.44 ","$15,220.97 "
68750,SG,,437,"$248,934.37 ","$196,986.88 "
,80'S,,52,"$5,062.06 ","$4,037.50 "
,OTHER,,863,"$519,051.63 ","$412,178.93 "
,TOTAL,,"1,352","$773,048.06 ","$613,203.31 "
68760,OTHER,,"14,545","$2,584,586.07 ","$2,010,557.07 "
,TOTAL,,"14,545","$2,584,586.07 ","$2,010,557.07 "
68761,80'S,,1,$22.56 ,$18.05 
,OTHER,,"276,261","$34,788,628.06 ","$27,040,759.61 "
,TOTAL,,"276,262","$34,788,650.62 ","$27,040,777.66 "
68770,SG,,8,"$4,121.13 ","$3,197.72 "
,OTHER,,47,"$14,533.27 ","$11,149.32 "
,TOTAL,,55,"$18,654.40 ","$14,347.04 "
68801,OTHER,,"36,515","$3,726,879.25 ","$2,838,612.02 "
,TOTAL,,"36,515","$3,726,879.25 ","$2,838,612.02 "
68810,SG,,467,"$106,688.07 ","$85,239.73 "
,OTHER,,"27,261","$5,849,570.77 ","$4,571,876.81 "
,TOTAL,,"27,728","$5,956,258.84 ","$4,657,116.54 "
68811,SG,,253,"$80,707.37 ","$63,959.61 "
,OTHER,,556,"$83,431.40 ","$64,841.69 "
,TOTAL,,809,"$164,138.77 ","$128,801.30 "
68815,SG,,"2,547","$671,413.82 ","$534,877.64 "
,OTHER,,"6,615","$1,111,741.95 ","$877,894.55 "
,TOTAL,,"9,162","$1,783,155.77 ","$1,412,772.19 "
68840,OTHER,,"40,322","$4,070,516.70 ","$3,133,114.86 "
,TOTAL,,"40,322","$4,070,516.70 ","$3,133,114.86 "
68850,OTHER,,278,"$14,670.47 ","$11,186.56 "
,TOTAL,,278,"$14,670.47 ","$11,186.56 "
68899,OTHER,,137,"$22,728.37 ","$18,055.99 "
,TOTAL,,137,"$22,728.37 ","$18,055.99 "
69000,OTHER,EAR,"1,746","$251,571.80 ","$189,960.81 "
,TOTAL,,"1,746","$251,571.80 ","$189,960.81 "
69005,OTHER,,959,"$163,167.60 ","$127,858.49 "
,TOTAL,,959,"$163,167.60 ","$127,858.49 "
69020,OTHER,,"1,691","$320,087.09 ","$249,567.23 "
,TOTAL,,"1,691","$320,087.09 ","$249,567.23 "
69100,OTHER,,"73,069","$6,260,881.33 ","$4,735,509.67 "
,TOTAL,,"73,069","$6,260,881.33 ","$4,735,509.67 "
69105,OTHER,,"1,218","$131,803.92 ","$101,840.83 "
,TOTAL,,"1,218","$131,803.92 ","$101,840.83 "
69110,SG,,279,"$75,908.58 ","$60,065.88 "
,OTHER,,"2,848","$863,877.16 ","$680,132.02 "
,TOTAL,,"3,127","$939,785.74 ","$740,197.90 "
69120,SG,,10,"$3,505.34 ","$2,804.28 "
,OTHER,,313,"$64,569.34 ","$50,631.18 "
,TOTAL,,323,"$68,074.68 ","$53,435.46 "
69140,SG,,26,"$10,155.43 ","$8,023.95 "
,OTHER,,158,"$118,173.37 ","$93,244.66 "
,TOTAL,,184,"$128,328.80 ","$101,268.61 "
69145,SG,,277,"$108,016.00 ","$85,461.86 "
,OTHER,,"2,288","$629,433.96 ","$494,827.76 "
,TOTAL,,"2,565","$737,449.96 ","$580,289.62 "
69150,SG,,40,"$18,008.13 ","$14,114.40 "
,80'S,,1,$173.12 ,$138.50 
,OTHER,,288,"$273,613.23 ","$217,841.61 "
,TOTAL,,329,"$291,794.48 ","$232,094.51 "
69155,80'S,,3,$745.75 ,$596.60 
,OTHER,,30,"$43,369.69 ","$34,695.79 "
,TOTAL,,33,"$44,115.44 ","$35,292.39 "
69200,OTHER,,"24,653","$2,579,060.55 ","$1,930,012.07 "
,TOTAL,,"24,653","$2,579,060.55 ","$1,930,012.07 "
69205,SG,,119,"$33,264.49 ","$26,247.30 "
,OTHER,,532,"$45,532.90 ","$35,078.21 "
,TOTAL,,651,"$78,797.39 ","$61,325.51 "
69210,OTHER,,"1,307,811","$60,797,455.16 ","$42,579,656.50 "
,TOTAL,,"1,307,811","$60,797,455.16 ","$42,579,656.50 "
69220,OTHER,,"52,310","$6,267,947.10 ","$4,597,578.53 "
,TOTAL,,"52,310","$6,267,947.10 ","$4,597,578.53 "
69222,OTHER,,"7,969","$1,611,638.42 ","$1,231,550.94 "
,TOTAL,,"7,969","$1,611,638.42 ","$1,231,550.94 "
69300,SG,,5,"$2,733.24 ","$2,186.60 "
,OTHER,,28,"$9,267.74 ","$7,374.39 "
,TOTAL,,33,"$12,000.98 ","$9,560.99 "
69310,SG,,128,"$51,751.45 ","$41,202.74 "
,OTHER,,766,"$687,678.06 ","$544,811.96 "
,TOTAL,,894,"$739,429.51 ","$586,014.70 "
69320,SG,,3,"$2,408.26 ","$1,926.60 "
,OTHER,,34,"$49,239.57 ","$38,605.64 "
,TOTAL,,37,"$51,647.83 ","$40,532.24 "
69399,OTHER,,130,"$23,059.86 ","$18,384.24 "
,TOTAL,,130,"$23,059.86 ","$18,384.24 "
69400,OTHER,,"1,191","$140,946.41 ","$109,634.26 "
,TOTAL,,"1,191","$140,946.41 ","$109,634.26 "
69401,OTHER,,"4,920","$326,850.52 ","$250,582.30 "
,TOTAL,,"4,920","$326,850.52 ","$250,582.30 "
69405,OTHER,,55,"$11,185.13 ","$8,845.57 "
,TOTAL,,55,"$11,185.13 ","$8,845.57 "
69420,OTHER,,"12,579","$2,116,412.44 ","$1,629,995.07 "
,TOTAL,,"12,579","$2,116,412.44 ","$1,629,995.07 "
69421,SG,,163,"$68,999.87 ","$54,127.12 "
,OTHER,,473,"$62,603.52 ","$48,947.99 "
,TOTAL,,636,"$131,603.39 ","$103,075.11 "
69424,OTHER,,"1,045","$103,503.98 ","$78,364.93 "
,TOTAL,,"1,045","$103,503.98 ","$78,364.93 "
69433,OTHER,,"38,244","$6,789,859.55 ","$5,201,020.44 "
,TOTAL,,"38,244","$6,789,859.55 ","$5,201,020.44 "
69436,SG,,"3,879","$1,783,807.71 ","$1,405,080.70 "
,OTHER,,"11,143","$1,929,693.59 ","$1,512,754.65 "
,TOTAL,,"15,022","$3,713,501.30 ","$2,917,835.35 "
69440,SG,,124,"$54,169.52 ","$42,977.94 "
,OTHER,,976,"$560,141.82 ","$441,632.10 "
,TOTAL,,"1,100","$614,311.34 ","$484,610.04 "
69450,SG,,36,"$8,005.55 ","$6,404.38 "
,OTHER,,357,"$178,250.59 ","$140,796.13 "
,TOTAL,,393,"$186,256.14 ","$147,200.51 "
69501,SG,,9,"$8,711.36 ","$6,969.08 "
,OTHER,,55,"$30,686.48 ","$24,449.98 "
,TOTAL,,64,"$39,397.84 ","$31,419.06 "
69502,SG,,22,"$20,697.93 ","$16,558.33 "
,80'S,,1,$151.26 ,$121.01 
,OTHER,,241,"$193,563.83 ","$153,269.64 "
,TOTAL,,264,"$214,413.02 ","$169,948.98 "
69505,SG,,11,"$10,823.90 ","$8,659.13 "
,OTHER,,97,"$108,574.93 ","$85,563.65 "
,TOTAL,,108,"$119,398.83 ","$94,222.78 "
69511,SG,,4,"$3,769.68 ","$3,015.75 "
,OTHER,,70,"$80,150.67 ","$63,242.62 "
,TOTAL,,74,"$83,920.35 ","$66,258.37 "
69530,SG,,1,"$1,032.12 ",$825.70 
,OTHER,,29,"$44,753.98 ","$35,574.01 "
,TOTAL,,30,"$45,786.10 ","$36,399.71 "
69535,OTHER,,198,"$517,008.13 ","$411,590.74 "
,TOTAL,,198,"$517,008.13 ","$411,590.74 "
69540,OTHER,,538,"$86,892.94 ","$66,525.88 "
,TOTAL,,538,"$86,892.94 ","$66,525.88 "
69550,SG,,16,"$9,266.83 ","$7,314.28 "
,80'S,,1,$187.64 ,$150.11 
,OTHER,,74,"$70,584.90 ","$55,172.89 "
,TOTAL,,91,"$80,039.37 ","$62,637.28 "
69552,SG,,3,"$3,038.27 ","$2,430.62 "
,80'S,,1,$239.61 ,$191.69 
,OTHER,,41,"$61,593.09 ","$49,083.06 "
,TOTAL,,45,"$64,870.97 ","$51,705.37 "
69554,OTHER,,10,"$16,982.08 ","$13,585.67 "
,TOTAL,,10,"$16,982.08 ","$13,585.67 "
69601,SG,,7,"$6,719.88 ","$4,598.99 "
,OTHER,,66,"$61,892.50 ","$48,634.62 "
,TOTAL,,73,"$68,612.38 ","$53,233.61 "
69602,SG,,10,"$9,379.43 ","$6,750.27 "
,OTHER,,70,"$69,927.00 ","$55,135.80 "
,TOTAL,,80,"$79,306.43 ","$61,886.07 "
69603,SG,,4,"$4,038.03 ","$3,230.43 "
,OTHER,,64,"$79,551.87 ","$63,542.31 "
,TOTAL,,68,"$83,589.90 ","$66,772.74 "
69604,SG,,9,"$8,741.48 ","$6,993.18 "
,OTHER,,51,"$55,417.07 ","$42,987.06 "
,TOTAL,,60,"$64,158.55 ","$49,980.24 "
69605,OTHER,,4,"$5,069.00 ","$4,055.20 "
,TOTAL,,4,"$5,069.00 ","$4,055.20 "
69610,OTHER,,"2,694","$988,347.79 ","$770,709.51 "
,TOTAL,,"2,694","$988,347.79 ","$770,709.51 "
69620,SG,,132,"$49,976.10 ","$38,872.90 "
,OTHER,,637,"$317,996.47 ","$249,374.20 "
,TOTAL,,769,"$367,972.57 ","$288,247.10 "
69631,SG,,698,"$484,576.20 ","$380,375.80 "
,OTHER,,"2,730","$2,150,130.54 ","$1,688,011.95 "
,TOTAL,,"3,428","$2,634,706.74 ","$2,068,387.75 "
69632,SG,,78,"$55,195.36 ","$43,996.67 "
,OTHER,,359,"$356,758.18 ","$282,291.36 "
,TOTAL,,437,"$411,953.54 ","$326,288.03 "
69633,SG,,112,"$72,538.50 ","$57,727.40 "
,OTHER,,517,"$487,347.77 ","$383,687.05 "
,TOTAL,,629,"$559,886.27 ","$441,414.45 "
69635,SG,,46,"$45,107.21 ","$35,986.56 "
,OTHER,,216,"$244,987.66 ","$192,296.55 "
,TOTAL,,262,"$290,094.87 ","$228,283.11 "
69636,SG,,30,"$29,608.33 ","$22,990.25 "
,OTHER,,107,"$141,550.61 ","$110,407.77 "
,TOTAL,,137,"$171,158.94 ","$133,398.02 "
69637,SG,,38,"$36,720.50 ","$28,162.26 "
,OTHER,,105,"$137,706.33 ","$107,167.66 "
,TOTAL,,143,"$174,426.83 ","$135,329.92 "
69641,SG,,177,"$171,097.29 ","$133,528.85 "
,OTHER,,719,"$679,007.56 ","$531,629.32 "
,TOTAL,,896,"$850,104.85 ","$665,158.17 "
69642,SG,,56,"$53,440.81 ","$41,407.69 "
,OTHER,,256,"$322,385.62 ","$249,429.03 "
,TOTAL,,312,"$375,826.43 ","$290,836.72 "
69643,SG,,62,"$60,540.43 ","$48,333.09 "
,OTHER,,639,"$740,431.09 ","$585,490.43 "
,TOTAL,,701,"$800,971.52 ","$633,823.52 "
69644,SG,,48,"$46,823.81 ","$35,990.01 "
,OTHER,,378,"$536,770.23 ","$421,472.78 "
,TOTAL,,426,"$583,594.04 ","$457,462.79 "
69645,SG,,38,"$37,729.65 ","$30,084.51 "
,OTHER,,364,"$510,513.53 ","$404,381.81 "
,TOTAL,,402,"$548,243.18 ","$434,466.32 "
69646,SG,,30,"$29,796.84 ","$23,837.49 "
,OTHER,,279,"$422,657.99 ","$333,492.64 "
,TOTAL,,309,"$452,454.83 ","$357,330.13 "
69650,SG,,16,"$14,008.22 ","$10,530.76 "
,OTHER,,53,"$29,502.81 ","$23,482.42 "
,TOTAL,,69,"$43,511.03 ","$34,013.18 "
69660,SG,,138,"$96,026.96 ","$75,270.65 "
,OTHER,,727,"$638,876.91 ","$500,709.59 "
,TOTAL,,865,"$734,903.87 ","$575,980.24 "
69661,SG,,58,"$40,064.86 ","$31,853.43 "
,OTHER,,151,"$177,990.38 ","$140,571.07 "
,TOTAL,,209,"$218,055.24 ","$172,424.50 "
69662,SG,,55,"$37,792.85 ","$29,091.57 "
,OTHER,,218,"$245,116.15 ","$190,866.16 "
,TOTAL,,273,"$282,909.00 ","$219,957.73 "
69666,SG,,18,"$8,855.46 ","$7,084.36 "
,OTHER,,124,"$60,806.22 ","$47,358.34 "
,TOTAL,,142,"$69,661.68 ","$54,442.70 "
69667,SG,,12,"$5,812.96 ","$4,359.42 "
,OTHER,,107,"$63,516.79 ","$50,404.07 "
,TOTAL,,119,"$69,329.75 ","$54,763.49 "
69670,SG,,2,$764.66 ,$611.73 
,OTHER,,71,"$41,607.77 ","$33,127.55 "
,TOTAL,,73,"$42,372.43 ","$33,739.28 "
69676,OTHER,,9,"$6,864.18 ","$5,491.34 "
,TOTAL,,9,"$6,864.18 ","$5,491.34 "
69700,SG,,3,"$1,481.07 ","$1,124.80 "
,OTHER,,13,"$6,566.87 ","$5,253.51 "
,TOTAL,,16,"$8,047.94 ","$6,378.31 "
69711,OTHER,,9,"$7,095.11 ","$5,621.56 "
,TOTAL,,9,"$7,095.11 ","$5,621.56 "
69714,SG,,69,"$90,507.36 ","$72,405.93 "
,OTHER,,493,"$495,255.94 ","$393,062.89 "
,TOTAL,,562,"$585,763.30 ","$465,468.82 "
69715,OTHER,,9,"$11,778.19 ","$9,372.21 "
,TOTAL,,9,"$11,778.19 ","$9,372.21 "
69717,SG,,3,"$4,223.24 ","$3,378.59 "
,OTHER,,19,"$23,151.02 ","$18,446.96 "
,TOTAL,,22,"$27,374.26 ","$21,825.55 "
69718,OTHER,,6,"$7,810.60 ","$6,191.33 "
,TOTAL,,6,"$7,810.60 ","$6,191.33 "
69720,SG,,5,"$3,231.02 ","$2,584.82 "
,80'S,,1,$99.71 ,$79.77 
,OTHER,,122,"$92,834.55 ","$73,611.59 "
,TOTAL,,128,"$96,165.28 ","$76,276.18 "
69725,OTHER,,14,"$17,794.00 ","$14,235.16 "
,TOTAL,,14,"$17,794.00 ","$14,235.16 "
69740,OTHER,,9,"$5,724.13 ","$4,579.30 "
,TOTAL,,9,"$5,724.13 ","$4,579.30 "
69799,OTHER,,80,"$27,780.11 ","$22,122.31 "
,TOTAL,,80,"$27,780.11 ","$22,122.31 "
69801,SG,,691,"$476,849.53 ","$373,164.07 "
,OTHER,,"3,540","$2,408,118.75 ","$1,889,302.96 "
,TOTAL,,"4,231","$2,884,968.28 ","$2,262,467.03 "
69802,SG,,1,$967.99 ,$774.39 
,OTHER,,17,"$15,932.25 ","$12,745.79 "
,TOTAL,,18,"$16,900.24 ","$13,520.18 "
69805,SG,,6,"$6,080.82 ","$4,849.73 "
,OTHER,,61,"$59,447.30 ","$46,131.90 "
,TOTAL,,67,"$65,528.12 ","$50,981.63 "
69806,SG,,20,"$18,771.46 ","$15,017.16 "
,OTHER,,166,"$142,945.08 ","$112,254.75 "
,TOTAL,,186,"$161,716.54 ","$127,271.91 "
69820,SG,,2,"$1,355.27 ","$1,084.22 "
,OTHER,,10,"$6,717.69 ","$4,777.76 "
,TOTAL,,12,"$8,072.96 ","$5,861.98 "
69840,SG,,2,"$1,033.64 ",$575.64 
,OTHER,,8,"$4,515.84 ","$3,195.56 "
,TOTAL,,10,"$5,549.48 ","$3,771.20 "
69905,SG,,1,$961.85 ,$769.48 
,OTHER,,21,"$15,594.36 ","$12,358.39 "
,TOTAL,,22,"$16,556.21 ","$13,127.87 "
69910,SG,,6,"$5,429.25 ","$4,343.40 "
,OTHER,,84,"$77,670.71 ","$61,215.62 "
,TOTAL,,90,"$83,099.96 ","$65,559.02 "
69915,OTHER,,13,"$15,643.54 ","$11,399.78 "
,TOTAL,,13,"$15,643.54 ","$11,399.78 "
69930,SG,,9,"$8,814.21 ","$7,051.36 "
,OTHER,,"1,576","$1,949,886.78 ","$1,542,576.83 "
,TOTAL,,"1,585","$1,958,700.99 ","$1,549,628.19 "
69949,OTHER,,40,"$20,627.92 ","$16,502.34 "
,TOTAL,,40,"$20,627.92 ","$16,502.34 "
69950,OTHER,,7,"$9,116.51 ","$7,293.22 "
,TOTAL,,7,"$9,116.51 ","$7,293.22 "
69955,OTHER,,11,"$15,029.03 ","$12,023.22 "
,TOTAL,,11,"$15,029.03 ","$12,023.22 "
69960,OTHER,,14,"$15,432.73 ","$10,766.55 "
,TOTAL,,14,"$15,432.73 ","$10,766.55 "
69970,80'S,,1,$332.62 ,$266.10 
,OTHER,,33,"$64,203.94 ","$48,977.74 "
,TOTAL,,34,"$64,536.56 ","$49,243.84 "
69979,OTHER,,10,"$5,378.74 ","$4,303.01 "
,TOTAL,,10,"$5,378.74 ","$4,303.01 "
69990,80'S,,966,"$35,835.66 ","$28,532.01 "
,OTHER,,"12,587","$2,726,172.67 ","$2,159,254.21 "
,TOTAL,,"13,553","$2,762,008.33 ","$2,187,786.22 "
