HCPCS,MODIFIER,DESCRIPTION,ALLOWED SERVICES,ALLOWED CHARGES,PAYMENT
WW002,TOTAL,MISC.,"135,411","$1,008,626.07 ","$803,654.37 "
WW003,TOTAL,,"10,033","$4,127,494.18 ","$3,270,751.65 "
WW005,TOTAL,,"133,372","$17,371,215.34 ","$13,781,931.22 "
WW006,TOTAL,,"119,043","$3,441,064.83 ","$2,727,183.33 "
WW010,TOTAL,,"34,297","$33,363.50 ","$26,458.53 "
WW011,TOTAL,,"157,676","$295,162.59 ","$229,317.05 "
WW014,TOTAL,,515,$503.75 ,$402.98 
WW015,TOTAL,,540,$526.14 ,$420.91 
WW020,TOTAL,,"10,116","$22,315.52 ","$17,380.36 "
WW030,TOTAL,,"74,593","$2,128,888.42 ","$1,695,512.88 "
WW040,TOTAL,,"18,354","$4,429.56 ","$3,176.19 "
WW080,TOTAL,,30,$130.08 ,$104.06 
WW090,TOTAL,,"444,242","$1,822,419.71 ","$1,450,104.40 "
WW093,TOTAL,,"6,234,366","$84,637,855.14 ","$67,353,176.52 "
WW096,TOTAL,,154,$997.00 ,$797.60 
WW100,TOTAL,,40,$18.12 ,$11.70 
10021,TOTAL,,"44,265","$4,775,208.88 ","$3,707,607.56 "
10022,TOTAL,,"124,054","$12,077,117.83 ","$9,471,676.77 "
WW999,TOTAL,,"13,859,074","$49,561,644.68 ","$38,084,001.67 "
X7648,TOTAL,,4,"$2,600.00 ","$2,080.00 "
Z5220,TOTAL,,1,$25.00 ,$20.00 
Z7900,TOTAL,,184,$470.22 ,$372.25 
10040,OTHER,INTEGUMENTARY,"29,007","$2,162,333.62 ","$1,605,418.30 "
,TOTAL,,"29,007","$2,162,333.62 ","$1,605,418.30 "
10060,80'S,,4,$55.97 ,$44.78 
,OTHER,,"557,262","$50,499,480.83 ","$37,354,170.49 "
,TOTAL,,"557,266","$50,499,536.80 ","$37,354,215.27 "
10061,OTHER,,"172,090","$26,876,919.26 ","$20,563,648.66 "
,TOTAL,,"172,090","$26,876,919.26 ","$20,563,648.66 "
10080,OTHER,,"1,924","$240,794.85 ","$177,992.72 "
,TOTAL,,"1,924","$240,794.85 ","$177,992.72 "
10081,OTHER,,832,"$151,121.78 ","$115,716.16 "
,TOTAL,,832,"$151,121.78 ","$115,716.16 "
10120,OTHER,,"40,398","$4,522,928.57 ","$3,348,355.60 "
,TOTAL,,"40,398","$4,522,928.57 ","$3,348,355.60 "
10121,SG,,375,"$152,318.27 ","$120,079.21 "
,OTHER,,"7,543","$1,460,380.12 ","$1,129,996.72 "
,TOTAL,,"7,918","$1,612,698.39 ","$1,250,075.93 "
10140,80'S,,1,$13.95 ,$11.16 
,OTHER,,"71,679","$8,360,029.11 ","$6,450,113.92 "
,TOTAL,,"71,680","$8,360,043.06 ","$6,450,125.08 "
10160,OTHER,,"64,524","$6,362,250.33 ","$4,879,607.55 "
,TOTAL,,"64,524","$6,362,250.33 ","$4,879,607.55 "
10180,SG,,337,"$139,931.25 ","$110,282.89 "
,80'S,,1,$26.29 ,$21.03 
,OTHER,,"14,974","$2,256,768.26 ","$1,774,505.54 "
,TOTAL,,"15,312","$2,396,725.80 ","$1,884,809.46 "
1050F,OTHER,,1,$0.01 ,$0.01 
,TOTAL,,1,$0.01 ,$0.01 
1055F,OTHER,,9,$0.09 ,$0.09 
,TOTAL,,9,$0.09 ,$0.09 
1100F,OTHER,,2,$0.02 ,$0.02 
,TOTAL,,2,$0.02 ,$0.02 
11000,OTHER,,"129,791","$5,578,580.26 ","$4,197,554.53 "
,TOTAL,,"129,791","$5,578,580.26 ","$4,197,554.53 "
11001,OTHER,,"4,473","$91,678.79 ","$70,696.89 "
,TOTAL,,"4,473","$91,678.79 ","$70,696.89 "
11004,80'S,,1,$82.37 ,$65.90 
,OTHER,,"2,377","$1,136,159.75 ","$901,716.52 "
,TOTAL,,"2,378","$1,136,242.12 ","$901,782.42 "
11005,80'S,,38,"$4,138.36 ","$3,310.71 "
,OTHER,,"3,779","$2,592,212.13 ","$2,056,378.22 "
,TOTAL,,"3,817","$2,596,350.49 ","$2,059,688.93 "
11006,OTHER,,744,"$451,640.52 ","$358,395.82 "
,TOTAL,,744,"$451,640.52 ","$358,395.82 "
11008,80'S,,22,$876.25 ,$700.99 
,OTHER,,"1,262","$324,272.67 ","$258,170.74 "
,TOTAL,,"1,284","$325,148.92 ","$258,871.73 "
1101F,OTHER,,1,$0.01 ,$0.01 
,TOTAL,,1,$0.01 ,$0.01 
11010,SG,,51,"$8,265.32 ","$6,565.64 "
,80'S,,7,$259.89 ,$207.91 
,OTHER,,"2,781","$568,322.63 ","$449,020.87 "
,TOTAL,,"2,839","$576,847.84 ","$455,794.42 "
11011,SG,,24,"$4,553.68 ","$3,620.90 "
,80'S,,3,$128.39 ,$102.71 
,OTHER,,"2,464","$611,145.70 ","$482,575.04 "
,TOTAL,,"2,491","$615,827.77 ","$486,298.65 "
11012,SG,,211,"$31,150.10 ","$24,586.86 "
,80'S,,22,"$1,109.75 ",$887.78 
,OTHER,,"7,619","$2,159,215.25 ","$1,713,434.64 "
,TOTAL,,"7,852","$2,191,475.10 ","$1,738,909.28 "
11040,OTHER,,"1,152,000","$39,410,998.04 ","$29,621,760.11 "
,TOTAL,,"1,152,000","$39,410,998.04 ","$29,621,760.11 "
11041,OTHER,,"752,669","$31,216,693.97 ","$23,787,262.50 "
,TOTAL,,"752,669","$31,216,693.97 ","$23,787,262.50 "
11042,SG,,"11,254","$1,473,538.66 ","$1,164,952.29 "
,80'S,,4,$26.22 ,$20.98 
,OTHER,,"1,226,168","$60,297,716.54 ","$46,958,040.82 "
,TOTAL,,"1,237,426","$61,771,281.42 ","$48,123,014.09 "
11043,SG,,"1,742","$238,903.38 ","$189,385.15 "
,80'S,,3,$53.70 ,$42.96 
,OTHER,,"195,544","$39,220,266.35 ","$31,076,029.78 "
,TOTAL,,"197,289","$39,459,223.43 ","$31,265,457.89 "
11044,SG,,983,"$334,698.33 ","$265,369.89 "
,OTHER,,"54,048","$14,357,759.59 ","$11,381,988.29 "
,TOTAL,,"55,031","$14,692,457.92 ","$11,647,358.18 "
11055,OTHER,,"715,363","$28,231,176.61 ","$20,818,477.44 "
,TOTAL,,"715,363","$28,231,176.61 ","$20,818,477.44 "
11056,80'S,,1,$8.39 ,$6.71 
,OTHER,,"1,487,617","$74,242,410.32 ","$54,964,310.38 "
,TOTAL,,"1,487,618","$74,242,418.71 ","$54,964,317.09 "
11057,OTHER,,"299,697","$18,310,058.85 ","$13,609,562.01 "
,TOTAL,,"299,697","$18,310,058.85 ","$13,609,562.01 "
11100,80'S,,1,$5.66 ,$4.53 
,OTHER,,"2,330,156","$173,324,360.82 ","$128,469,674.04 "
,TOTAL,,"2,330,157","$173,324,366.48 ","$128,469,678.57 "
11101,OTHER,,"1,000,082","$27,771,214.96 ","$21,663,085.89 "
,TOTAL,,"1,000,082","$27,771,214.96 ","$21,663,085.89 "
11200,OTHER,,"112,312","$6,379,111.95 ","$4,533,276.49 "
,TOTAL,,"112,312","$6,379,111.95 ","$4,533,276.49 "
11201,OTHER,,"13,234","$209,348.01 ","$157,836.67 "
,TOTAL,,"13,234","$209,348.01 ","$157,836.67 "
11300,OTHER,,"86,725","$3,217,400.52 ","$2,378,720.17 "
,TOTAL,,"86,725","$3,217,400.52 ","$2,378,720.17 "
11301,80'S,,1,$3.47 ,$2.78 
,OTHER,,"175,757","$9,637,529.79 ","$7,196,005.98 "
,TOTAL,,"175,758","$9,637,533.26 ","$7,196,008.76 "
11302,OTHER,,"110,994","$8,264,568.17 ","$6,214,502.70 "
,TOTAL,,"110,994","$8,264,568.17 ","$6,214,502.70 "
11303,OTHER,,"17,412","$1,687,399.17 ","$1,274,013.59 "
,TOTAL,,"17,412","$1,687,399.17 ","$1,274,013.59 "
11305,OTHER,,"99,229","$4,686,479.41 ","$3,481,840.29 "
,TOTAL,,"99,229","$4,686,479.41 ","$3,481,840.29 "
11306,OTHER,,"97,427","$6,041,353.56 ","$4,528,908.77 "
,TOTAL,,"97,427","$6,041,353.56 ","$4,528,908.77 "
11307,OTHER,,"44,331","$3,454,864.82 ","$2,607,487.33 "
,TOTAL,,"44,331","$3,454,864.82 ","$2,607,487.33 "
11308,OTHER,,"10,280","$1,002,965.17 ","$761,502.01 "
,TOTAL,,"10,280","$1,002,965.17 ","$761,502.01 "
11310,OTHER,,"91,989","$4,603,885.76 ","$3,383,964.59 "
,TOTAL,,"91,989","$4,603,885.76 ","$3,383,964.59 "
11311,OTHER,,"130,908","$8,938,200.31 ","$6,682,200.11 "
,TOTAL,,"130,908","$8,938,200.31 ","$6,682,200.11 "
11312,OTHER,,"55,689","$4,767,577.56 ","$3,592,217.89 "
,TOTAL,,"55,689","$4,767,577.56 ","$3,592,217.89 "
11313,80'S,,1,$6.57 ,$5.26 
,OTHER,,"8,012","$942,521.16 ","$717,211.12 "
,TOTAL,,"8,013","$942,527.73 ","$717,216.38 "
11400,80'S,,1,$8.46 ,$6.77 
,OTHER,,"52,434","$4,317,142.61 ","$3,226,652.07 "
,TOTAL,,"52,435","$4,317,151.07 ","$3,226,658.84 "
11401,80'S,,2,$26.96 ,$21.56 
,OTHER,,"99,465","$9,419,868.83 ","$7,118,364.90 "
,TOTAL,,"99,467","$9,419,895.79 ","$7,118,386.46 "
11402,SG,,1,$62.35 ,$49.88 
,OTHER,,"121,295","$12,169,693.42 ","$9,234,701.94 "
,TOTAL,,"121,296","$12,169,755.77 ","$9,234,751.82 "
11403,SG,,1,$144.34 ,$115.47 
,80'S,,1,$18.89 ,$13.60 
,OTHER,,"54,910","$6,323,019.68 ","$4,823,646.37 "
,TOTAL,,"54,912","$6,323,182.91 ","$4,823,775.44 "
11404,SG,,"1,623","$451,680.88 ","$356,876.08 "
,OTHER,,"22,514","$2,898,242.30 ","$2,224,475.89 "
,TOTAL,,"24,137","$3,349,923.18 ","$2,581,351.97 "
11406,SG,,"2,012","$808,960.46 ","$640,003.15 "
,OTHER,,"22,295","$4,148,737.77 ","$3,221,279.37 "
,TOTAL,,"24,307","$4,957,698.23 ","$3,861,282.52 "
11420,OTHER,,"32,049","$2,689,062.06 ","$2,023,824.09 "
,TOTAL,,"32,049","$2,689,062.06 ","$2,023,824.09 "
11421,OTHER,,"43,423","$4,554,148.36 ","$3,440,276.04 "
,TOTAL,,"43,423","$4,554,148.36 ","$3,440,276.04 "
11422,OTHER,,"47,918","$5,449,712.91 ","$4,135,611.59 "
,TOTAL,,"47,918","$5,449,712.91 ","$4,135,611.59 "
11423,OTHER,,"19,328","$2,535,823.71 ","$1,930,982.16 "
,TOTAL,,"19,328","$2,535,823.71 ","$1,930,982.16 "
11424,SG,,870,"$348,781.23 ","$277,206.14 "
,OTHER,,"6,879","$991,638.33 ","$761,867.24 "
,TOTAL,,"7,749","$1,340,419.56 ","$1,039,073.38 "
11426,SG,,599,"$238,503.50 ","$188,084.98 "
,80'S,,1,$36.82 ,$29.46 
,OTHER,,"5,220","$1,145,865.83 ","$893,521.10 "
,TOTAL,,"5,820","$1,384,406.15 ","$1,081,635.54 "
11440,OTHER,,"59,319","$5,558,262.17 ","$4,167,953.67 "
,TOTAL,,"59,319","$5,558,262.17 ","$4,167,953.67 "
11441,OTHER,,"66,363","$7,469,497.25 ","$5,662,697.17 "
,TOTAL,,"66,363","$7,469,497.25 ","$5,662,697.17 "
11442,OTHER,,"54,306","$6,508,351.97 ","$4,970,272.10 "
,TOTAL,,"54,306","$6,508,351.97 ","$4,970,272.10 "
11443,OTHER,,"16,105","$2,317,665.48 ","$1,785,307.84 "
,TOTAL,,"16,105","$2,317,665.48 ","$1,785,307.84 "
11444,SG,,786,"$216,669.77 ","$171,657.36 "
,OTHER,,"4,727","$905,794.97 ","$704,996.59 "
,TOTAL,,"5,513","$1,122,464.74 ","$876,653.95 "
11446,SG,,351,"$131,720.96 ","$104,537.89 "
,OTHER,,"2,621","$690,831.89 ","$539,526.23 "
,TOTAL,,"2,972","$822,552.85 ","$644,064.12 "
11450,SG,,64,"$25,654.27 ","$20,285.84 "
,OTHER,,637,"$126,317.42 ","$97,605.11 "
,TOTAL,,701,"$151,971.69 ","$117,890.95 "
11451,SG,,11,"$3,673.58 ","$2,938.86 "
,OTHER,,237,"$57,997.71 ","$45,590.74 "
,TOTAL,,248,"$61,671.29 ","$48,529.60 "
11462,SG,,24,"$8,771.97 ","$7,017.55 "
,OTHER,,348,"$58,600.85 ","$45,927.14 "
,TOTAL,,372,"$67,372.82 ","$52,944.69 "
11463,SG,,9,"$3,273.38 ","$2,513.89 "
,80'S,,1,$47.13 ,$37.70 
,OTHER,,126,"$29,504.08 ","$23,156.59 "
,TOTAL,,136,"$32,824.59 ","$25,708.18 "
11470,SG,,41,"$16,093.21 ","$12,454.93 "
,OTHER,,422,"$93,187.44 ","$72,958.99 "
,TOTAL,,463,"$109,280.65 ","$85,413.92 "
11471,SG,,12,"$5,028.14 ","$3,938.58 "
,80'S,,1,$49.16 ,$39.33 
,OTHER,,172,"$44,183.91 ","$34,529.43 "
,TOTAL,,185,"$49,261.21 ","$38,507.34 "
11600,OTHER,,"8,400","$1,045,442.56 ","$801,219.79 "
,TOTAL,,"8,400","$1,045,442.56 ","$801,219.79 "
11601,OTHER,,"38,681","$5,381,134.39 ","$4,148,800.51 "
,TOTAL,,"38,681","$5,381,134.39 ","$4,148,800.51 "
11602,OTHER,,"143,653","$18,477,554.52 ","$14,334,865.58 "
,TOTAL,,"143,653","$18,477,554.52 ","$14,334,865.58 "
11603,OTHER,,"72,600","$10,521,266.42 ","$8,191,527.80 "
,TOTAL,,"72,600","$10,521,266.42 ","$8,191,527.80 "
11604,SG,,"1,378","$471,790.10 ","$374,968.10 "
,OTHER,,"27,670","$5,056,323.49 ","$3,950,421.42 "
,TOTAL,,"29,048","$5,528,113.59 ","$4,325,389.52 "
11606,SG,,"1,939","$737,308.57 ","$584,435.95 "
,80'S,,1,$39.07 ,$31.26 
,OTHER,,"26,360","$6,766,440.77 ","$5,331,238.36 "
,TOTAL,,"28,300","$7,503,788.41 ","$5,915,705.57 "
11620,OTHER,,"4,331","$514,234.58 ","$395,101.42 "
,TOTAL,,"4,331","$514,234.58 ","$395,101.42 "
11621,OTHER,,"19,795","$2,680,665.75 ","$2,070,435.42 "
,TOTAL,,"19,795","$2,680,665.75 ","$2,070,435.42 "
11622,OTHER,,"56,645","$7,931,716.66 ","$6,142,699.78 "
,TOTAL,,"56,645","$7,931,716.66 ","$6,142,699.78 "
11623,80'S,,1,$24.51 ,$19.61 
,OTHER,,"24,403","$4,464,135.74 ","$3,482,289.86 "
,TOTAL,,"24,404","$4,464,160.25 ","$3,482,309.47 "
11624,SG,,880,"$315,837.36 ","$251,303.34 "
,OTHER,,"9,079","$1,796,832.05 ","$1,406,556.59 "
,TOTAL,,"9,959","$2,112,669.41 ","$1,657,859.93 "
11626,SG,,751,"$264,831.92 ","$210,393.00 "
,OTHER,,"7,697","$1,757,980.09 ","$1,382,689.30 "
,TOTAL,,"8,448","$2,022,812.01 ","$1,593,082.30 "
11640,OTHER,,"20,549","$2,629,419.75 ","$2,007,399.41 "
,TOTAL,,"20,549","$2,629,419.75 ","$2,007,399.41 "
11641,80'S,,1,$12.61 ,$10.09 
,OTHER,,"77,183","$10,944,026.22 ","$8,449,082.72 "
,TOTAL,,"77,184","$10,944,038.83 ","$8,449,092.81 "
11642,OTHER,,"142,154","$22,243,657.30 ","$17,274,546.77 "
,TOTAL,,"142,154","$22,243,657.30 ","$17,274,546.77 "
11643,OTHER,,"48,634","$9,787,545.17 ","$7,652,442.76 "
,TOTAL,,"48,634","$9,787,545.17 ","$7,652,442.76 "
11644,SG,,"1,917","$673,322.62 ","$534,612.01 "
,OTHER,,"16,127","$3,801,958.16 ","$2,985,829.46 "
,TOTAL,,"18,044","$4,475,280.78 ","$3,520,441.47 "
11646,SG,,"1,371","$486,934.37 ","$387,342.35 "
,80'S,,1,$185.73 ,$148.58 
,OTHER,,"10,727","$3,268,546.75 ","$2,580,920.77 "
,TOTAL,,"12,099","$3,755,666.85 ","$2,968,411.70 "
11719,OTHER,,"1,442,168","$18,291,573.53 ","$13,443,047.93 "
,TOTAL,,"1,442,168","$18,291,573.53 ","$13,443,047.93 "
11720,OTHER,,"2,056,836","$54,156,952.30 ","$39,426,121.07 "
,TOTAL,,"2,056,836","$54,156,952.30 ","$39,426,121.07 "
11721,80'S,,1,$7.28 ,$5.82 
,OTHER,,"7,245,274","$280,380,236.87 ","$203,930,269.26 "
,TOTAL,,"7,245,275","$280,380,244.15 ","$203,930,275.08 "
11730,OTHER,,"651,828","$54,548,579.46 ","$40,846,799.16 "
,TOTAL,,"651,828","$54,548,579.46 ","$40,846,799.16 "
11732,OTHER,,"93,382","$3,772,165.42 ","$2,928,446.90 "
,TOTAL,,"93,382","$3,772,165.42 ","$2,928,446.90 "
11740,OTHER,,"27,925","$916,922.42 ","$694,711.87 "
,TOTAL,,"27,925","$916,922.42 ","$694,711.87 "
11750,SG,,3,"$3,670.17 ","$2,936.14 "
,OTHER,,"232,342","$37,180,680.62 ","$28,291,467.83 "
,TOTAL,,"232,345","$37,184,350.79 ","$28,294,403.97 "
11752,OTHER,,"1,796","$366,395.58 ","$285,036.55 "
,TOTAL,,"1,796","$366,395.58 ","$285,036.55 "
11755,OTHER,,"26,311","$2,811,496.02 ","$2,165,980.13 "
,TOTAL,,"26,311","$2,811,496.02 ","$2,165,980.13 "
11760,OTHER,,"4,257","$480,787.50 ","$370,558.25 "
,TOTAL,,"4,257","$480,787.50 ","$370,558.25 "
11762,OTHER,,599,"$116,291.69 ","$90,306.11 "
,TOTAL,,599,"$116,291.69 ","$90,306.11 "
11765,OTHER,,"76,649","$6,808,228.53 ","$5,182,852.71 "
,TOTAL,,"76,649","$6,808,228.53 ","$5,182,852.71 "
11770,SG,,64,"$32,370.49 ","$25,068.52 "
,OTHER,,495,"$81,216.44 ","$62,372.50 "
,TOTAL,,559,"$113,586.93 ","$87,441.02 "
11771,SG,,62,"$30,932.81 ","$24,014.66 "
,OTHER,,563,"$195,714.78 ","$151,860.47 "
,TOTAL,,625,"$226,647.59 ","$175,875.13 "
11772,SG,,50,"$24,445.53 ","$19,083.34 "
,OTHER,,409,"$185,139.54 ","$146,061.89 "
,TOTAL,,459,"$209,585.07 ","$165,145.23 "
11900,OTHER,,"130,194","$5,070,974.47 ","$3,698,037.28 "
,TOTAL,,"130,194","$5,070,974.47 ","$3,698,037.28 "
11901,OTHER,,"48,431","$2,584,896.85 ","$1,907,727.40 "
,TOTAL,,"48,431","$2,584,896.85 ","$1,907,727.40 "
11920,OTHER,,315,"$44,943.82 ","$34,387.12 "
,TOTAL,,315,"$44,943.82 ","$34,387.12 "
11921,OTHER,,553,"$104,679.64 ","$80,592.37 "
,TOTAL,,553,"$104,679.64 ","$80,592.37 "
11922,OTHER,,96,"$5,425.46 ","$4,290.38 "
,TOTAL,,96,"$5,425.46 ","$4,290.38 "
11950,OTHER,,17,$782.41 ,$585.92 
,TOTAL,,17,$782.41 ,$585.92 
11951,OTHER,,80,"$2,342.14 ","$1,751.30 "
,TOTAL,,80,"$2,342.14 ","$1,751.30 "
11952,OTHER,,144,"$2,520.03 ","$2,016.06 "
,TOTAL,,144,"$2,520.03 ","$2,016.06 "
11954,OTHER,,33,"$5,210.90 ","$4,027.22 "
,TOTAL,,33,"$5,210.90 ","$4,027.22 "
11960,SG,,10,"$3,297.96 ","$2,638.36 "
,OTHER,,372,"$271,294.33 ","$215,368.47 "
,TOTAL,,382,"$274,592.29 ","$218,006.83 "
11970,SG,,322,"$108,526.33 ","$85,539.87 "
,80'S,,1,$40.85 ,$32.68 
,OTHER,,"1,492","$496,610.00 ","$391,129.97 "
,TOTAL,,"1,815","$605,177.18 ","$476,702.52 "
11971,SG,,70,"$17,449.82 ","$13,769.02 "
,80'S,,2,$60.36 ,$48.29 
,OTHER,,464,"$95,650.88 ","$75,126.39 "
,TOTAL,,536,"$113,161.06 ","$88,943.70 "
11976,OTHER,,12,"$1,031.85 ",$748.70 
,TOTAL,,12,"$1,031.85 ",$748.70 
11980,OTHER,,"4,055","$323,048.95 ","$238,296.63 "
,TOTAL,,"4,055","$323,048.95 ","$238,296.63 "
11981,80'S,,37,$254.70 ,$203.37 
,OTHER,,"13,400","$1,132,706.85 ","$885,866.23 "
,TOTAL,,"13,437","$1,132,961.55 ","$886,069.60 "
11982,80'S,,8,$68.86 ,$55.08 
,OTHER,,"3,313","$383,023.93 ","$292,189.78 "
,TOTAL,,"3,321","$383,092.79 ","$292,244.86 "
11983,OTHER,,"11,364","$2,328,138.14 ","$1,821,657.25 "
,TOTAL,,"11,364","$2,328,138.14 ","$1,821,657.25 "
12001,OTHER,,"172,798","$16,632,942.84 ","$12,516,166.60 "
,TOTAL,,"172,798","$16,632,942.84 ","$12,516,166.60 "
12002,OTHER,,"132,042","$13,962,083.83 ","$10,586,756.10 "
,TOTAL,,"132,042","$13,962,083.83 ","$10,586,756.10 "
12004,OTHER,,"19,521","$2,387,395.54 ","$1,839,091.81 "
,TOTAL,,"19,521","$2,387,395.54 ","$1,839,091.81 "
12005,SG,,9,$694.62 ,$483.53 
,OTHER,,"4,976","$742,267.02 ","$577,843.73 "
,TOTAL,,"4,985","$742,961.64 ","$578,327.26 "
12006,SG,,2,$132.85 ,$106.28 
,OTHER,,"1,016","$191,820.33 ","$150,237.53 "
,TOTAL,,"1,018","$191,953.18 ","$150,343.81 "
12007,OTHER,,371,"$77,778.55 ","$60,940.72 "
,TOTAL,,371,"$77,778.55 ","$60,940.72 "
12011,OTHER,,"84,697","$8,106,194.27 ","$6,235,861.60 "
,TOTAL,,"84,697","$8,106,194.27 ","$6,235,861.60 "
12013,OTHER,,"47,351","$5,185,155.47 ","$4,011,767.90 "
,TOTAL,,"47,351","$5,185,155.47 ","$4,011,767.90 "
12014,OTHER,,"6,166","$804,534.77 ","$625,327.24 "
,TOTAL,,"6,166","$804,534.77 ","$625,327.24 "
12015,OTHER,,"3,039","$495,092.34 ","$384,985.49 "
,TOTAL,,"3,039","$495,092.34 ","$384,985.49 "
12016,SG,,16,$798.67 ,$638.97 
,OTHER,,448,"$87,491.00 ","$68,530.39 "
,TOTAL,,464,"$88,289.67 ","$69,169.36 "
12017,OTHER,,75,"$17,542.81 ","$13,723.75 "
,TOTAL,,75,"$17,542.81 ","$13,723.75 "
12018,SG,,1,$92.19 ,$73.75 
,OTHER,,23,"$5,964.57 ","$4,599.75 "
,TOTAL,,24,"$6,056.76 ","$4,673.50 "
12020,SG,,211,"$17,174.69 ","$13,444.78 "
,OTHER,,"4,956","$891,319.07 ","$701,685.10 "
,TOTAL,,"5,167","$908,493.76 ","$715,129.88 "
12021,SG,,173,"$8,707.33 ","$6,955.58 "
,80'S,,1,$18.90 ,$15.12 
,OTHER,,"5,631","$686,257.73 ","$539,384.89 "
,TOTAL,,"5,805","$694,983.96 ","$546,355.59 "
12031,OTHER,,"50,272","$6,854,118.72 ","$5,340,617.53 "
,TOTAL,,"50,272","$6,854,118.72 ","$5,340,617.53 "
12032,OTHER,,"161,388","$34,118,786.99 ","$26,783,591.12 "
,TOTAL,,"161,388","$34,118,786.99 ","$26,783,591.12 "
12034,SG,,635,"$32,106.28 ","$25,266.41 "
,80'S,,1,$12.71 ,$10.17 
,OTHER,,"18,489","$2,992,540.23 ","$2,352,138.33 "
,TOTAL,,"19,125","$3,024,659.22 ","$2,377,414.91 "
12035,SG,,114,"$5,827.63 ","$4,662.07 "
,80'S,,1,$20.26 ,$16.21 
,OTHER,,"4,478","$854,002.28 ","$673,570.00 "
,TOTAL,,"4,593","$859,850.17 ","$678,248.28 "
12036,SG,,18,$921.01 ,$736.82 
,OTHER,,"1,177","$252,693.90 ","$199,853.30 "
,TOTAL,,"1,195","$253,614.91 ","$200,590.12 "
12037,SG,,25,"$4,114.01 ","$3,171.03 "
,80'S,,2,$74.28 ,$59.43 
,OTHER,,515,"$122,074.85 ","$96,371.02 "
,TOTAL,,542,"$126,263.14 ","$99,601.48 "
12041,OTHER,,"17,524","$2,585,432.32 ","$2,007,353.66 "
,TOTAL,,"17,524","$2,585,432.32 ","$2,007,353.66 "
12042,OTHER,,"37,759","$6,895,316.56 ","$5,400,616.87 "
,TOTAL,,"37,759","$6,895,316.56 ","$5,400,616.87 "
12044,SG,,95,"$4,804.16 ","$3,843.42 "
,OTHER,,"2,265","$385,148.55 ","$300,965.59 "
,TOTAL,,"2,360","$389,952.71 ","$304,809.01 "
12045,SG,,10,$503.81 ,$403.06 
,OTHER,,433,"$82,329.29 ","$64,272.18 "
,TOTAL,,443,"$82,833.10 ","$64,675.24 "
12046,SG,,3,$135.31 ,$108.24 
,OTHER,,105,"$24,262.15 ","$19,243.15 "
,TOTAL,,108,"$24,397.46 ","$19,351.39 "
12047,SG,,3,$458.40 ,$366.72 
,80'S,,2,$49.47 ,$39.58 
,OTHER,,47,"$10,597.94 ","$8,373.56 "
,TOTAL,,52,"$11,105.81 ","$8,779.86 "
12051,OTHER,,"59,927","$9,941,317.61 ","$7,791,774.04 "
,TOTAL,,"59,927","$9,941,317.61 ","$7,791,774.04 "
12052,OTHER,,"72,742","$13,898,098.13 ","$10,936,577.34 "
,TOTAL,,"72,742","$13,898,098.13 ","$10,936,577.34 "
12053,OTHER,,"9,133","$1,662,144.92 ","$1,308,439.96 "
,TOTAL,,"9,133","$1,662,144.92 ","$1,308,439.96 "
12054,SG,,230,"$11,289.20 ","$9,031.67 "
,OTHER,,"3,351","$644,415.71 ","$508,151.18 "
,TOTAL,,"3,581","$655,704.91 ","$517,182.85 "
12055,SG,,30,"$2,266.88 ","$1,813.50 "
,OTHER,,431,"$99,954.88 ","$79,435.38 "
,TOTAL,,461,"$102,221.76 ","$81,248.88 "
12056,SG,,6,$266.37 ,$213.09 
,OTHER,,66,"$17,385.95 ","$13,599.90 "
,TOTAL,,72,"$17,652.32 ","$13,812.99 "
12057,SG,,8,"$1,234.54 ",$987.64 
,80'S,,1,$28.32 ,$22.66 
,OTHER,,79,"$27,577.79 ","$21,671.91 "
,TOTAL,,88,"$28,840.65 ","$22,682.21 "
13100,SG,,265,"$72,643.94 ","$57,234.14 "
,OTHER,,"4,841","$1,136,363.47 ","$889,866.57 "
,TOTAL,,"5,106","$1,209,007.41 ","$947,100.71 "
13101,SG,,"2,756","$729,012.96 ","$576,796.67 "
,80'S,,1,$16.08 ,$12.86 
,OTHER,,"44,255","$12,487,835.77 ","$9,845,452.57 "
,TOTAL,,"47,012","$13,216,864.81 ","$10,422,262.10 "
13102,SG,,510,"$23,450.54 ","$18,611.67 "
,80'S,,2,$17.92 ,$14.34 
,OTHER,,"11,989","$945,897.71 ","$750,258.23 "
,TOTAL,,"12,501","$969,366.17 ","$768,884.24 "
13120,SG,,406,"$30,778.01 ","$23,836.75 "
,OTHER,,"6,623","$1,629,885.14 ","$1,284,942.04 "
,TOTAL,,"7,029","$1,660,663.15 ","$1,308,778.79 "
13121,SG,,"4,202","$324,871.35 ","$253,926.51 "
,80'S,,1,$37.88 ,$30.30 
,OTHER,,"69,553","$22,266,886.22 ","$17,594,093.29 "
,TOTAL,,"73,756","$22,591,795.45 ","$17,848,050.10 "
13122,SG,,433,"$20,845.49 ","$15,964.44 "
,OTHER,,"13,491","$1,253,880.25 ","$996,616.03 "
,TOTAL,,"13,924","$1,274,725.74 ","$1,012,580.47 "
13131,SG,,"1,886","$146,055.07 ","$114,801.79 "
,OTHER,,"28,133","$7,693,502.37 ","$6,064,581.34 "
,TOTAL,,"30,019","$7,839,557.44 ","$6,179,383.13 "
13132,SG,,"9,034","$722,209.17 ","$563,780.81 "
,OTHER,,"144,830","$62,847,104.35 ","$49,742,300.72 "
,TOTAL,,"153,864","$63,569,313.52 ","$50,306,081.53 "
13133,SG,,518,"$24,446.30 ","$19,284.55 "
,OTHER,,"10,111","$1,355,785.86 ","$1,076,805.52 "
,TOTAL,,"10,629","$1,380,232.16 ","$1,096,090.07 "
13150,SG,,409,"$117,082.30 ","$91,884.82 "
,OTHER,,"2,401","$658,476.21 ","$519,179.93 "
,TOTAL,,"2,810","$775,558.51 ","$611,064.75 "
13151,SG,,"2,008","$598,168.24 ","$472,934.70 "
,OTHER,,"26,270","$8,152,091.31 ","$6,435,934.96 "
,TOTAL,,"28,278","$8,750,259.55 ","$6,908,869.66 "
13152,SG,,"2,785","$799,794.68 ","$630,612.94 "
,OTHER,,"37,026","$15,162,579.29 ","$11,991,984.52 "
,TOTAL,,"39,811","$15,962,373.97 ","$12,622,597.46 "
13153,SG,,66,"$3,066.69 ","$2,453.32 "
,OTHER,,"1,195","$171,870.30 ","$136,886.71 "
,TOTAL,,"1,261","$174,936.99 ","$139,340.03 "
13160,SG,,553,"$219,830.22 ","$173,816.87 "
,80'S,,5,$579.66 ,$463.73 
,OTHER,,"11,543","$7,072,772.65 ","$5,608,595.82 "
,TOTAL,,"12,101","$7,293,182.53 ","$5,782,876.42 "
14000,SG,,"1,539","$577,224.35 ","$456,694.67 "
,OTHER,,"10,208","$4,788,095.10 ","$3,785,106.20 "
,TOTAL,,"11,747","$5,365,319.45 ","$4,241,800.87 "
14001,SG,,918,"$422,871.33 ","$335,708.98 "
,OTHER,,"7,951","$4,928,640.97 ","$3,899,968.62 "
,TOTAL,,"8,869","$5,351,512.30 ","$4,235,677.60 "
14020,SG,,"3,636","$1,686,102.89 ","$1,334,749.04 "
,OTHER,,"21,701","$11,743,390.31 ","$9,303,549.78 "
,TOTAL,,"25,337","$13,429,493.20 ","$10,638,298.82 "
14021,SG,,"2,029","$969,052.82 ","$770,006.81 "
,OTHER,,"14,720","$11,067,619.52 ","$8,771,697.60 "
,TOTAL,,"16,749","$12,036,672.34 ","$9,541,704.41 "
14040,SG,,"13,158","$4,841,345.52 ","$3,838,415.22 "
,OTHER,,"83,370","$48,676,802.25 ","$38,560,769.47 "
,TOTAL,,"96,528","$53,518,147.77 ","$42,399,184.69 "
14041,SG,,"4,603","$2,174,620.98 ","$1,722,928.64 "
,OTHER,,"33,509","$28,083,743.51 ","$22,271,163.12 "
,TOTAL,,"38,112","$30,258,364.49 ","$23,994,091.76 "
14060,SG,,"17,273","$7,961,393.92 ","$6,309,732.52 "
,80'S,,1,$47.52 ,$38.02 
,OTHER,,"97,155","$59,610,500.44 ","$47,186,815.96 "
,TOTAL,,"114,429","$67,571,941.88 ","$53,496,586.50 "
14061,SG,,"3,319","$1,612,383.61 ","$1,275,630.32 "
,80'S,,1,$145.06 ,$116.05 
,OTHER,,"20,965","$19,355,278.77 ","$15,337,086.19 "
,TOTAL,,"24,285","$20,967,807.44 ","$16,612,832.56 "
14300,SG,,"2,525","$1,559,477.45 ","$1,237,426.47 "
,80'S,,4,$508.48 ,$406.79 
,OTHER,,"14,144","$11,577,445.34 ","$9,182,217.06 "
,TOTAL,,"16,673","$13,137,431.27 ","$10,420,050.32 "
14350,SG,,17,"$6,813.93 ","$5,413.32 "
,80'S,,2,$207.94 ,$166.36 
,OTHER,,262,"$160,218.48 ","$127,694.43 "
,TOTAL,,281,"$167,240.35 ","$133,274.11 "
15002,SG,,"1,197","$207,871.30 ","$165,611.54 "
,80'S,,58,"$1,836.12 ","$1,468.90 "
,OTHER,,"19,141","$4,049,525.35 ","$3,220,588.25 "
,TOTAL,,"20,396","$4,259,232.77 ","$3,387,668.69 "
15003,SG,,26,"$4,291.70 ","$3,433.37 "
,80'S,,638,"$4,182.61 ","$3,346.00 "
,OTHER,,"39,580","$1,482,616.29 ","$1,179,317.67 "
,TOTAL,,"40,244","$1,491,090.60 ","$1,186,097.04 "
15004,SG,,"1,813","$309,908.75 ","$247,534.69 "
,80'S,,50,"$1,968.85 ","$1,575.14 "
,OTHER,,"13,339","$3,712,349.68 ","$2,950,975.69 "
,TOTAL,,"15,202","$4,024,227.28 ","$3,200,085.52 "
15005,SG,,12,"$2,065.18 ","$1,652.14 "
,80'S,,351,"$4,776.21 ","$3,820.95 "
,OTHER,,"4,887","$311,081.25 ","$247,758.58 "
,TOTAL,,"5,250","$317,922.64 ","$253,231.67 "
15040,SG,,30,"$1,501.18 ","$1,200.93 "
,OTHER,,380,"$49,477.13 ","$39,311.61 "
,TOTAL,,410,"$50,978.31 ","$40,512.54 "
15050,SG,,44,"$11,139.59 ","$8,898.78 "
,OTHER,,547,"$187,082.39 ","$147,750.67 "
,TOTAL,,591,"$198,221.98 ","$156,649.45 "
15100,SG,,858,"$323,875.47 ","$256,704.86 "
,80'S,,3,$292.18 ,$233.74 
,OTHER,,"17,995","$10,522,460.49 ","$8,357,563.22 "
,TOTAL,,"18,856","$10,846,628.14 ","$8,614,501.82 "
15101,SG,,50,"$21,802.77 ","$17,330.24 "
,OTHER,,"22,979","$2,363,274.85 ","$1,872,402.29 "
,TOTAL,,"23,029","$2,385,077.62 ","$1,889,732.53 "
15110,SG,,3,"$1,168.22 ",$934.57 
,OTHER,,123,"$73,343.66 ","$58,626.12 "
,TOTAL,,126,"$74,511.88 ","$59,560.69 "
15111,SG,,1,$333.00 ,$266.40 
,OTHER,,97,"$9,448.21 ","$7,558.55 "
,TOTAL,,98,"$9,781.21 ","$7,824.95 "
15115,SG,,32,"$10,482.30 ","$8,385.80 "
,OTHER,,460,"$285,294.89 ","$226,670.53 "
,TOTAL,,492,"$295,777.19 ","$235,056.33 "
15116,OTHER,,22,"$3,000.38 ","$2,400.32 "
,TOTAL,,22,"$3,000.38 ","$2,400.32 "
15120,SG,,903,"$321,023.37 ","$254,852.80 "
,80'S,,2,$181.73 ,$145.39 
,OTHER,,"10,545","$6,618,101.72 ","$5,243,632.06 "
,TOTAL,,"11,450","$6,939,306.82 ","$5,498,630.25 "
15121,SG,,8,"$3,982.09 ","$3,185.69 "
,80'S,,1,$27.79 ,$22.23 
,OTHER,,"3,218","$380,481.99 ","$302,759.65 "
,TOTAL,,"3,227","$384,491.87 ","$305,967.57 "
15130,SG,,4,"$1,162.82 ",$930.25 
,OTHER,,177,"$81,241.31 ","$64,241.95 "
,TOTAL,,181,"$82,404.13 ","$65,172.20 "
15131,OTHER,,57,"$4,912.74 ","$3,930.18 "
,TOTAL,,57,"$4,912.74 ","$3,930.18 "
15135,SG,,26,"$8,489.86 ","$6,791.91 "
,OTHER,,264,"$166,337.04 ","$132,322.67 "
,TOTAL,,290,"$174,826.90 ","$139,114.58 "
15136,SG,,1,$160.20 ,$128.16 
,OTHER,,9,$768.94 ,$615.17 
,TOTAL,,10,$929.14 ,$743.33 
15150,SG,,3,$662.72 ,$530.18 
,OTHER,,42,"$20,347.93 ","$15,742.55 "
,TOTAL,,45,"$21,010.65 ","$16,272.73 "
15151,SG,,1,$164.00 ,$131.20 
,OTHER,,17,"$1,819.63 ","$1,455.70 "
,TOTAL,,18,"$1,983.63 ","$1,586.90 "
15152,SG,,1,$379.09 ,$303.27 
,OTHER,,260,"$32,565.34 ","$26,052.28 "
,TOTAL,,261,"$32,944.43 ","$26,355.55 "
15155,OTHER,,13,"$5,578.25 ","$4,462.60 "
,TOTAL,,13,"$5,578.25 ","$4,462.60 "
15156,OTHER,,3,$415.11 ,$332.10 
,TOTAL,,3,$415.11 ,$332.10 
15157,OTHER,,5,$834.38 ,$667.50 
,TOTAL,,5,$834.38 ,$667.50 
15170,OTHER,,"1,178","$300,017.85 ","$237,879.44 "
,TOTAL,,"1,178","$300,017.85 ","$237,879.44 "
15171,OTHER,,986,"$79,807.06 ","$63,672.08 "
,TOTAL,,986,"$79,807.06 ","$63,672.08 "
15175,OTHER,,"1,128","$443,858.64 ","$352,862.26 "
,TOTAL,,"1,128","$443,858.64 ","$352,862.26 "
15176,OTHER,,129,"$16,553.07 ","$13,221.97 "
,TOTAL,,129,"$16,553.07 ","$13,221.97 "
15200,SG,,97,"$43,901.33 ","$34,859.05 "
,80'S,,1,$97.23 ,$77.78 
,OTHER,,803,"$412,292.33 ","$327,569.80 "
,TOTAL,,901,"$456,290.89 ","$362,506.63 "
15201,SG,,19,"$3,016.08 ","$2,156.64 "
,OTHER,,242,"$19,705.95 ","$15,728.14 "
,TOTAL,,261,"$22,722.03 ","$17,884.78 "
15220,SG,,"1,132","$400,212.30 ","$318,485.51 "
,OTHER,,"6,860","$3,650,486.67 ","$2,895,568.53 "
,TOTAL,,"7,992","$4,050,698.97 ","$3,214,054.04 "
15221,SG,,138,"$22,435.63 ","$17,948.46 "
,OTHER,,"1,750","$138,933.12 ","$110,379.44 "
,TOTAL,,"1,888","$161,368.75 ","$128,327.90 "
15240,SG,,"2,053","$916,575.83 ","$726,528.79 "
,OTHER,,"11,983","$7,788,571.33 ","$6,178,236.52 "
,TOTAL,,"14,036","$8,705,147.16 ","$6,904,765.31 "
15241,SG,,133,"$21,754.44 ","$17,327.09 "
,OTHER,,"1,236","$146,367.61 ","$116,728.44 "
,TOTAL,,"1,369","$168,122.05 ","$134,055.53 "
15260,SG,,"8,840","$3,147,623.00 ","$2,495,189.59 "
,OTHER,,"50,859","$38,326,795.44 ","$30,385,788.02 "
,TOTAL,,"59,699","$41,474,418.44 ","$32,880,977.61 "
15261,SG,,91,"$15,564.27 ","$12,451.40 "
,OTHER,,487,"$74,443.18 ","$59,302.15 "
,TOTAL,,578,"$90,007.45 ","$71,753.55 "
15300,SG,,6,"$1,266.31 ","$1,013.06 "
,OTHER,,"2,426","$547,846.81 ","$435,151.70 "
,TOTAL,,"2,432","$549,113.12 ","$436,164.76 "
15301,SG,,3,$473.76 ,$379.02 
,OTHER,,"9,506","$497,849.00 ","$397,483.57 "
,TOTAL,,"9,509","$498,322.76 ","$397,862.59 "
15320,SG,,45,"$8,050.09 ","$6,440.14 "
,OTHER,,"1,815","$498,380.07 ","$395,041.25 "
,TOTAL,,"1,860","$506,430.16 ","$401,481.39 "
15321,SG,,2,$315.84 ,$252.68 
,OTHER,,"1,170","$91,322.69 ","$72,938.11 "
,TOTAL,,"1,172","$91,638.53 ","$73,190.79 "
15330,SG,,8,"$1,290.92 ","$1,032.75 "
,OTHER,,"2,555","$370,208.28 ","$293,758.91 "
,TOTAL,,"2,563","$371,499.20 ","$294,791.66 "
15331,SG,,2,$482.83 ,$358.57 
,OTHER,,"1,139","$61,920.04 ","$49,247.27 "
,TOTAL,,"1,141","$62,402.87 ","$49,605.84 "
15335,SG,,70,"$13,317.16 ","$10,653.71 "
,OTHER,,"1,710","$329,440.43 ","$261,079.72 "
,TOTAL,,"1,780","$342,757.59 ","$271,733.43 "
15336,OTHER,,50,"$3,894.85 ","$3,115.87 "
,TOTAL,,50,"$3,894.85 ","$3,115.87 "
15340,OTHER,,"20,128","$4,921,063.63 ","$3,886,893.42 "
,TOTAL,,"20,128","$4,921,063.63 ","$3,886,893.42 "
15341,OTHER,,"5,323","$154,364.69 ","$122,524.71 "
,TOTAL,,"5,323","$154,364.69 ","$122,524.71 "
15360,OTHER,,365,"$87,213.90 ","$69,412.58 "
,TOTAL,,365,"$87,213.90 ","$69,412.58 "
15361,OTHER,,675,"$38,680.15 ","$30,944.10 "
,TOTAL,,675,"$38,680.15 ","$30,944.10 "
15365,OTHER,,"5,049","$1,465,922.06 ","$1,163,119.27 "
,TOTAL,,"5,049","$1,465,922.06 ","$1,163,119.27 "
15366,OTHER,,86,"$6,439.44 ","$5,151.52 "
,TOTAL,,86,"$6,439.44 ","$5,151.52 "
15400,SG,,490,"$144,008.04 ","$114,745.92 "
,OTHER,,"5,009","$1,410,768.11 ","$1,118,120.52 "
,TOTAL,,"5,499","$1,554,776.15 ","$1,232,866.44 "
15401,SG,,8,"$1,264.28 ","$1,011.44 "
,OTHER,,"6,394","$340,071.93 ","$271,915.50 "
,TOTAL,,"6,402","$341,336.21 ","$272,926.94 "
15420,SG,,371,"$108,233.80 ","$85,674.79 "
,OTHER,,"2,710","$835,381.43 ","$662,788.32 "
,TOTAL,,"3,081","$943,615.23 ","$748,463.11 "
15421,OTHER,,624,"$48,189.41 ","$38,551.57 "
,TOTAL,,624,"$48,189.41 ","$38,551.57 "
15430,SG,,"1,195","$361,011.63 ","$288,142.66 "
,OTHER,,"16,413","$7,017,213.74 ","$5,570,362.95 "
,TOTAL,,"17,608","$7,378,225.37 ","$5,858,505.61 "
15431,SG,,1,$162.37 ,$129.90 
,OTHER,,196,"$29,192.67 ","$23,301.61 "
,TOTAL,,197,"$29,355.04 ","$23,431.51 "
15570,SG,,70,"$23,555.21 ","$18,844.14 "
,80'S,,1,$161.87 ,$129.50 
,OTHER,,387,"$199,545.00 ","$158,137.52 "
,TOTAL,,458,"$223,262.08 ","$177,111.16 "
15572,SG,,115,"$37,829.26 ","$30,014.27 "
,80'S,,2,$200.56 ,$160.45 
,OTHER,,685,"$392,061.57 ","$311,869.46 "
,TOTAL,,802,"$430,091.39 ","$342,044.18 "
15574,SG,,418,"$157,913.38 ","$125,880.33 "
,OTHER,,"2,172","$1,314,723.49 ","$1,045,423.05 "
,TOTAL,,"2,590","$1,472,636.87 ","$1,171,303.38 "
15576,SG,,713,"$289,954.06 ","$231,207.21 "
,OTHER,,"3,462","$1,880,264.51 ","$1,490,078.44 "
,TOTAL,,"4,175","$2,170,218.57 ","$1,721,285.65 "
15600,SG,,9,"$4,432.92 ","$3,441.53 "
,80'S,,3,$95.18 ,$76.15 
,OTHER,,180,"$28,048.13 ","$22,360.08 "
,TOTAL,,192,"$32,576.23 ","$25,877.76 "
15610,SG,,5,"$2,510.61 ","$2,008.49 "
,OTHER,,144,"$24,810.34 ","$19,709.47 "
,TOTAL,,149,"$27,320.95 ","$21,717.96 "
15620,SG,,154,"$94,547.52 ","$74,860.84 "
,OTHER,,704,"$172,673.44 ","$136,369.28 "
,TOTAL,,858,"$267,220.96 ","$211,230.12 "
15630,SG,,539,"$251,751.79 ","$199,587.16 "
,OTHER,,"2,831","$854,671.55 ","$673,438.82 "
,TOTAL,,"3,370","$1,106,423.34 ","$873,025.98 "
15650,SG,,13,"$9,098.48 ","$7,278.78 "
,OTHER,,209,"$64,389.04 ","$51,252.17 "
,TOTAL,,222,"$73,487.52 ","$58,530.95 "
15731,SG,,165,"$72,858.88 ","$57,939.38 "
,80'S,,7,$953.00 ,$762.40 
,OTHER,,903,"$772,349.41 ","$614,410.97 "
,TOTAL,,"1,075","$846,161.29 ","$673,112.75 "
15732,SG,,"2,864","$1,133,211.84 ","$899,068.07 "
,80'S,,480,"$76,400.42 ","$60,953.60 "
,OTHER,,"11,257","$12,737,225.73 ","$10,125,256.34 "
,TOTAL,,"14,601","$13,946,837.99 ","$11,085,278.01 "
15734,SG,,179,"$71,965.02 ","$57,132.85 "
,80'S,,762,"$122,805.18 ","$98,025.53 "
,OTHER,,"13,044","$12,415,511.99 ","$9,874,888.42 "
,TOTAL,,"13,985","$12,610,282.19 ","$10,030,046.80 "
15736,SG,,170,"$71,738.02 ","$56,994.67 "
,OTHER,,"1,075","$1,105,819.56 ","$880,683.96 "
,TOTAL,,"1,245","$1,177,557.58 ","$937,678.63 "
15738,SG,,152,"$69,162.04 ","$54,650.50 "
,80'S,,211,"$33,895.26 ","$26,921.48 "
,OTHER,,"4,965","$4,718,441.43 ","$3,744,692.68 "
,TOTAL,,"5,328","$4,821,498.73 ","$3,826,264.66 "
15740,SG,,"1,355","$516,505.86 ","$409,432.13 "
,OTHER,,"7,067","$5,372,715.37 ","$4,253,275.74 "
,TOTAL,,"8,422","$5,889,221.23 ","$4,662,707.87 "
15750,SG,,91,"$29,195.28 ","$23,151.33 "
,80'S,,17,"$1,642.92 ","$1,314.34 "
,OTHER,,427,"$286,933.49 ","$227,741.71 "
,TOTAL,,535,"$317,771.69 ","$252,207.38 "
15756,80'S,,73,"$25,464.38 ","$20,371.56 "
,OTHER,,595,"$1,196,282.04 ","$945,574.46 "
,TOTAL,,668,"$1,221,746.42 ","$965,946.02 "
15757,80'S,,36,"$12,272.32 ","$9,817.87 "
,OTHER,,612,"$1,205,342.20 ","$956,662.88 "
,TOTAL,,648,"$1,217,614.52 ","$966,480.75 "
15758,80'S,,35,"$11,311.89 ","$8,950.21 "
,OTHER,,213,"$431,931.77 ","$345,397.75 "
,TOTAL,,248,"$443,243.66 ","$354,347.96 "
15760,SG,,156,"$51,475.13 ","$41,009.36 "
,OTHER,,769,"$442,661.32 ","$351,040.55 "
,TOTAL,,925,"$494,136.45 ","$392,049.91 "
15770,SG,,112,"$39,428.25 ","$31,247.13 "
,80'S,,86,"$4,869.72 ","$3,891.56 "
,OTHER,,"1,286","$458,269.37 ","$362,109.46 "
,TOTAL,,"1,484","$502,567.34 ","$397,248.15 "
15776,OTHER,,2,$307.57 ,$246.05 
,TOTAL,,2,$307.57 ,$246.05 
15780,OTHER,,29,"$15,258.15 ","$11,952.04 "
,TOTAL,,29,"$15,258.15 ","$11,952.04 "
15781,OTHER,,377,"$159,891.81 ","$125,695.09 "
,TOTAL,,377,"$159,891.81 ","$125,695.09 "
15782,OTHER,,20,"$8,741.44 ","$6,880.76 "
,TOTAL,,20,"$8,741.44 ","$6,880.76 "
15783,OTHER,,17,"$6,503.59 ","$4,902.40 "
,TOTAL,,17,"$6,503.59 ","$4,902.40 "
15786,OTHER,,609,"$101,162.90 ","$77,962.54 "
,TOTAL,,609,"$101,162.90 ","$77,962.54 "
15787,OTHER,,33,"$1,309.38 ","$1,047.54 "
,TOTAL,,33,"$1,309.38 ","$1,047.54 "
15788,OTHER,,613,"$183,001.46 ","$143,184.13 "
,TOTAL,,613,"$183,001.46 ","$143,184.13 "
15789,OTHER,,111,"$52,550.22 ","$41,803.25 "
,TOTAL,,111,"$52,550.22 ","$41,803.25 "
15792,OTHER,,94,"$22,003.15 ","$17,581.29 "
,TOTAL,,94,"$22,003.15 ","$17,581.29 "
15793,OTHER,,53,"$16,115.09 ","$12,860.60 "
,TOTAL,,53,"$16,115.09 ","$12,860.60 "
15819,OTHER,,7,"$3,622.51 ","$2,898.01 "
,TOTAL,,7,"$3,622.51 ","$2,898.01 "
15820,SG,,149,"$51,411.94 ","$41,117.28 "
,OTHER,,104,"$38,310.21 ","$30,381.20 "
,TOTAL,,253,"$89,722.15 ","$71,498.48 "
15821,SG,,416,"$122,337.05 ","$97,721.95 "
,OTHER,,295,"$100,798.07 ","$80,047.00 "
,TOTAL,,711,"$223,135.12 ","$177,768.95 "
15822,SG,,"2,895","$1,184,042.83 ","$940,162.73 "
,OTHER,,"3,033","$993,044.66 ","$782,791.10 "
,TOTAL,,"5,928","$2,177,087.49 ","$1,722,953.83 "
15823,SG,,"52,441","$31,684,275.13 ","$25,122,614.14 "
,OTHER,,"72,783","$41,011,781.37 ","$32,451,083.06 "
,TOTAL,,"125,224","$72,696,056.50 ","$57,573,697.20 "
15824,SG,,12,"$4,195.41 ","$3,356.33 "
,OTHER,,3,"$1,725.85 ","$1,380.68 "
,TOTAL,,15,"$5,921.26 ","$4,737.01 "
15825,SG,,1,$248.59 ,$198.87 
,TOTAL,,1,$248.59 ,$198.87 
15826,SG,,7,"$2,298.87 ","$1,380.03 "
,TOTAL,,7,"$2,298.87 ","$1,380.03 "
15828,SG,,28,"$7,979.84 ","$6,383.85 "
,OTHER,,22,"$17,999.74 ","$14,399.78 "
,TOTAL,,50,"$25,979.58 ","$20,783.63 "
15829,SG,,14,"$9,977.57 ","$7,961.43 "
,OTHER,,10,"$6,626.07 ","$5,300.86 "
,TOTAL,,24,"$16,603.64 ","$13,262.29 "
15830,SG,,57,"$25,243.45 ","$20,194.78 "
,80'S,,160,"$24,728.15 ","$19,767.29 "
,OTHER,,"1,773","$1,685,354.83 ","$1,336,647.22 "
,TOTAL,,"1,990","$1,735,326.43 ","$1,376,609.29 "
15832,SG,,11,"$3,304.70 ","$2,643.77 "
,80'S,,15,"$1,475.94 ","$1,180.75 "
,OTHER,,119,"$71,753.18 ","$56,888.89 "
,TOTAL,,145,"$76,533.82 ","$60,713.41 "
15833,SG,,2,$505.10 ,$404.08 
,80'S,,1,$111.31 ,$89.05 
,OTHER,,33,"$21,916.72 ","$17,533.37 "
,TOTAL,,36,"$22,533.13 ","$18,026.50 "
15834,OTHER,,42,"$16,721.91 ","$13,295.29 "
,TOTAL,,42,"$16,721.91 ","$13,295.29 "
15835,80'S,,1,$119.44 ,$95.55 
,OTHER,,28,"$14,803.70 ","$11,842.93 "
,TOTAL,,29,"$14,923.14 ","$11,938.48 "
15836,SG,,7,"$2,519.96 ","$2,015.97 "
,OTHER,,99,"$48,224.51 ","$37,829.96 "
,TOTAL,,106,"$50,744.47 ","$39,845.93 "
15837,OTHER,,15,"$5,033.26 ","$3,904.14 "
,TOTAL,,15,"$5,033.26 ","$3,904.14 "
15838,80'S,,4,$286.82 ,$229.46 
,OTHER,,71,"$23,299.08 ","$18,185.48 "
,TOTAL,,75,"$23,585.90 ","$18,414.94 "
15839,SG,,34,"$14,409.15 ","$10,926.28 "
,80'S,,17,$926.53 ,$741.24 
,OTHER,,367,"$168,039.04 ","$133,195.09 "
,TOTAL,,418,"$183,374.72 ","$144,862.61 "
15840,SG,,17,"$9,695.16 ","$7,659.27 "
,OTHER,,241,"$181,508.25 ","$144,879.60 "
,TOTAL,,258,"$191,203.41 ","$152,538.87 "
15841,80'S,,1,$287.05 ,$229.64 
,OTHER,,30,"$33,601.93 ","$25,754.44 "
,TOTAL,,31,"$33,888.98 ","$25,984.08 "
15842,80'S,,1,$432.31 ,$345.85 
,OTHER,,4,"$10,117.00 ","$8,093.60 "
,TOTAL,,5,"$10,549.31 ","$8,439.45 "
15845,SG,,112,"$64,834.86 ","$51,763.27 "
,80'S,,20,"$2,434.10 ","$1,947.29 "
,OTHER,,251,"$180,167.68 ","$143,484.99 "
,TOTAL,,383,"$247,436.64 ","$197,195.55 "
15847,SG,,14,"$5,164.26 ","$4,131.42 "
,80'S,,25,"$1,020.50 ",$816.40 
,OTHER,,209,"$65,230.20 ","$51,994.78 "
,TOTAL,,248,"$71,414.96 ","$56,942.60 "
15851,OTHER,,"3,911","$298,330.13 ","$229,615.82 "
,TOTAL,,"3,911","$298,330.13 ","$229,615.82 "
15852,OTHER,,"6,781","$266,486.40 ","$208,125.14 "
,TOTAL,,"6,781","$266,486.40 ","$208,125.14 "
15860,OTHER,,59,"$3,935.21 ","$3,143.62 "
,TOTAL,,59,"$3,935.21 ","$3,143.62 "
15876,SG,,3,"$1,308.23 ",$942.09 
,OTHER,,11,"$4,679.11 ","$3,743.27 "
,TOTAL,,14,"$5,987.34 ","$4,685.36 "
15877,SG,,16,"$5,764.87 ","$4,611.91 "
,OTHER,,33,"$11,828.89 ","$9,463.09 "
,TOTAL,,49,"$17,593.76 ","$14,075.00 "
15878,SG,,5,"$1,651.52 ","$1,321.21 "
,OTHER,,5,$347.51 ,$278.01 
,TOTAL,,10,"$1,999.03 ","$1,599.22 "
15879,SG,,2,$794.42 ,$635.54 
,OTHER,,3,$852.44 ,$681.95 
,TOTAL,,5,"$1,646.86 ","$1,317.49 "
15920,SG,,1,$133.70 ,$106.96 
,OTHER,,174,"$76,076.76 ","$60,450.25 "
,TOTAL,,175,"$76,210.46 ","$60,557.21 "
15922,SG,,2,"$1,120.66 ",$796.28 
,80'S,,2,$139.58 ,$111.66 
,OTHER,,76,"$37,752.67 ","$30,090.52 "
,TOTAL,,80,"$39,012.91 ","$30,998.46 "
15931,SG,,7,"$3,337.56 ","$2,670.05 "
,OTHER,,"1,039","$592,721.61 ","$472,508.54 "
,TOTAL,,"1,046","$596,059.17 ","$475,178.59 "
15933,OTHER,,293,"$198,673.57 ","$158,764.09 "
,TOTAL,,293,"$198,673.57 ","$158,764.09 "
15934,SG,,4,"$1,757.55 ","$1,406.04 "
,OTHER,,263,"$197,006.10 ","$156,742.94 "
,TOTAL,,267,"$198,763.65 ","$158,148.98 "
15935,SG,,2,"$1,278.73 ","$1,022.99 "
,80'S,,8,"$1,439.31 ","$1,151.45 "
,OTHER,,188,"$166,601.25 ","$133,176.13 "
,TOTAL,,198,"$169,319.29 ","$135,350.57 "
15936,SG,,5,"$3,246.25 ","$2,543.42 "
,OTHER,,"2,387","$1,650,574.00 ","$1,314,809.15 "
,TOTAL,,"2,392","$1,653,820.25 ","$1,317,352.57 "
15937,SG,,4,"$2,473.25 ","$1,978.59 "
,80'S,,61,"$6,573.05 ","$5,258.44 "
,OTHER,,"1,996","$1,379,631.43 ","$1,099,562.72 "
,TOTAL,,"2,061","$1,388,677.73 ","$1,106,799.75 "
15940,SG,,2,"$1,065.13 ",$852.11 
,OTHER,,449,"$234,390.68 ","$186,766.39 "
,TOTAL,,451,"$235,455.81 ","$187,618.50 "
15941,SG,,3,"$1,571.91 ","$1,257.54 "
,80'S,,4,$384.90 ,$307.91 
,OTHER,,282,"$191,311.65 ","$150,892.29 "
,TOTAL,,289,"$193,268.46 ","$152,457.74 "
15944,SG,,1,$498.49 ,$398.79 
,80'S,,2,$167.64 ,$134.11 
,OTHER,,225,"$141,607.39 ","$112,775.35 "
,TOTAL,,228,"$142,273.52 ","$113,308.25 "
15945,80'S,,2,$179.13 ,$143.30 
,OTHER,,161,"$114,896.59 ","$91,642.01 "
,TOTAL,,163,"$115,075.72 ","$91,785.31 "
15946,SG,,1,$595.80 ,$476.64 
,80'S,,47,"$9,582.65 ","$7,666.12 "
,OTHER,,"2,415","$3,240,966.41 ","$2,563,733.74 "
,TOTAL,,"2,463","$3,251,144.86 ","$2,571,876.50 "
15950,SG,,1,$503.41 ,$402.73 
,OTHER,,244,"$95,677.94 ","$75,563.99 "
,TOTAL,,245,"$96,181.35 ","$75,966.72 "
15951,80'S,,2,$110.44 ,$88.35 
,OTHER,,74,"$38,694.96 ","$30,346.46 "
,TOTAL,,76,"$38,805.40 ","$30,434.81 "
15952,SG,,1,$525.88 ,$420.70 
,OTHER,,60,"$34,362.20 ","$27,177.68 "
,TOTAL,,61,"$34,888.08 ","$27,598.38 "
15953,OTHER,,51,"$34,155.63 ","$27,289.66 "
,TOTAL,,51,"$34,155.63 ","$27,289.66 "
15956,SG,,1,$519.08 ,$415.26 
,80'S,,2,$271.14 ,$216.91 
,OTHER,,783,"$676,272.04 ","$539,547.94 "
,TOTAL,,786,"$677,062.26 ","$540,180.11 "
15958,80'S,,21,"$2,385.58 ","$1,908.46 "
,OTHER,,465,"$324,244.35 ","$258,383.53 "
,TOTAL,,486,"$326,629.93 ","$260,291.99 "
15999,80'S,,74,$512.82 ,$410.26 
,OTHER,,599,"$257,090.66 ","$205,061.87 "
,TOTAL,,673,"$257,603.48 ","$205,472.13 "
16000,OTHER,,"1,921","$103,479.57 ","$75,374.41 "
,TOTAL,,"1,921","$103,479.57 ","$75,374.41 "
16020,OTHER,,"18,053","$1,184,712.66 ","$898,826.09 "
,TOTAL,,"18,053","$1,184,712.66 ","$898,826.09 "
16025,SG,,2,$132.45 ,$105.96 
,OTHER,,"3,384","$405,417.54 ","$314,310.73 "
,TOTAL,,"3,386","$405,549.99 ","$314,416.69 "
16030,OTHER,,"1,807","$236,981.01 ","$186,636.41 "
,TOTAL,,"1,807","$236,981.01 ","$186,636.41 "
16035,OTHER,,348,"$61,665.07 ","$48,453.56 "
,TOTAL,,348,"$61,665.07 ","$48,453.56 "
16036,OTHER,,412,"$31,607.37 ","$25,285.83 "
,TOTAL,,412,"$31,607.37 ","$25,285.83 "
17000,OTHER,,"4,590,185","$242,761,969.42 ","$172,471,308.16 "
,TOTAL,,"4,590,185","$242,761,969.42 ","$172,471,308.16 "
17003,80'S,,3,$3.90 ,$3.12 
,OTHER,,"14,575,704","$97,259,602.63 ","$73,158,539.76 "
,TOTAL,,"14,575,707","$97,259,606.53 ","$73,158,542.88 "
17004,OTHER,,"699,677","$105,662,307.91 ","$79,058,987.65 "
,TOTAL,,"699,677","$105,662,307.91 ","$79,058,987.65 "
17106,OTHER,,"3,195","$1,025,834.16 ","$800,184.77 "
,TOTAL,,"3,195","$1,025,834.16 ","$800,184.77 "
17107,OTHER,,"1,939","$1,145,074.25 ","$896,230.99 "
,TOTAL,,"1,939","$1,145,074.25 ","$896,230.99 "
17108,OTHER,,"3,130","$2,428,828.55 ","$1,915,198.92 "
,TOTAL,,"3,130","$2,428,828.55 ","$1,915,198.92 "
17110,OTHER,,"1,176,310","$96,558,270.36 ","$71,020,278.06 "
,TOTAL,,"1,176,310","$96,558,270.36 ","$71,020,278.06 "
17111,OTHER,,"61,987","$6,009,863.49 ","$4,472,948.58 "
,TOTAL,,"61,987","$6,009,863.49 ","$4,472,948.58 "
17250,OTHER,,"55,648","$2,878,820.54 ","$2,203,363.84 "
,TOTAL,,"55,648","$2,878,820.54 ","$2,203,363.84 "
17260,OTHER,,"22,178","$1,416,254.05 ","$1,069,984.28 "
,TOTAL,,"22,178","$1,416,254.05 ","$1,069,984.28 "
17261,OTHER,,"127,087","$11,555,775.69 ","$8,818,952.45 "
,TOTAL,,"127,087","$11,555,775.69 ","$8,818,952.45 "
17262,OTHER,,"187,062","$22,124,736.18 ","$17,013,512.74 "
,TOTAL,,"187,062","$22,124,736.18 ","$17,013,512.74 "
17263,OTHER,,"36,816","$5,103,222.93 ","$3,934,778.39 "
,TOTAL,,"36,816","$5,103,222.93 ","$3,934,778.39 "
17264,OTHER,,"6,217","$930,346.59 ","$719,317.97 "
,TOTAL,,"6,217","$930,346.59 ","$719,317.97 "
17266,OTHER,,"2,009","$343,662.35 ","$268,028.03 "
,TOTAL,,"2,009","$343,662.35 ","$268,028.03 "
17270,OTHER,,"11,730","$1,155,317.84 ","$874,532.09 "
,TOTAL,,"11,730","$1,155,317.84 ","$874,532.09 "
17271,OTHER,,"57,637","$6,112,675.69 ","$4,668,508.37 "
,TOTAL,,"57,637","$6,112,675.69 ","$4,668,508.37 "
17272,OTHER,,"67,465","$8,796,533.01 ","$6,766,067.90 "
,TOTAL,,"67,465","$8,796,533.01 ","$6,766,067.90 "
17273,OTHER,,"11,849","$1,821,979.75 ","$1,409,609.74 "
,TOTAL,,"11,849","$1,821,979.75 ","$1,409,609.74 "
17274,OTHER,,"2,403","$437,404.69 ","$340,459.16 "
,TOTAL,,"2,403","$437,404.69 ","$340,459.16 "
17276,OTHER,,777,"$165,888.05 ","$128,197.28 "
,TOTAL,,777,"$165,888.05 ","$128,197.28 "
17280,OTHER,,"49,767","$4,505,728.29 ","$3,393,351.88 "
,TOTAL,,"49,767","$4,505,728.29 ","$3,393,351.88 "
17281,OTHER,,"142,852","$17,601,242.93 ","$13,409,047.76 "
,TOTAL,,"142,852","$17,601,242.93 ","$13,409,047.76 "
17282,OTHER,,"112,782","$16,981,263.12 ","$13,078,548.34 "
,TOTAL,,"112,782","$16,981,263.12 ","$13,078,548.34 "
17283,OTHER,,"16,959","$3,199,409.43 ","$2,486,203.64 "
,TOTAL,,"16,959","$3,199,409.43 ","$2,486,203.64 "
17284,OTHER,,"3,210","$698,350.82 ","$544,455.94 "
,TOTAL,,"3,210","$698,350.82 ","$544,455.94 "
17286,OTHER,,"1,099","$309,595.38 ","$242,464.46 "
,TOTAL,,"1,099","$309,595.38 ","$242,464.46 "
17311,OTHER,,"426,142","$258,580,789.76 ","$204,455,770.16 "
,TOTAL,,"426,142","$258,580,789.76 ","$204,455,770.16 "
17312,OTHER,,"326,629","$121,298,508.39 ","$96,429,918.92 "
,TOTAL,,"326,629","$121,298,508.39 ","$96,429,918.92 "
17313,OTHER,,"57,942","$32,706,101.92 ","$25,879,741.57 "
,TOTAL,,"57,942","$32,706,101.92 ","$25,879,741.57 "
17314,OTHER,,"29,608","$10,522,202.53 ","$8,364,685.13 "
,TOTAL,,"29,608","$10,522,202.53 ","$8,364,685.13 "
17315,OTHER,,"26,359","$1,856,459.68 ","$1,476,243.12 "
,TOTAL,,"26,359","$1,856,459.68 ","$1,476,243.12 "
17340,OTHER,,"4,332","$155,100.82 ","$107,929.77 "
,TOTAL,,"4,332","$155,100.82 ","$107,929.77 "
17360,OTHER,,"1,867","$201,640.80 ","$151,425.55 "
,TOTAL,,"1,867","$201,640.80 ","$151,425.55 "
17380,OTHER,,11,$538.55 ,$430.85 
,TOTAL,,11,$538.55 ,$430.85 
17999,80'S,,4,$161.50 ,$129.20 
,OTHER,,679,"$214,686.17 ","$170,190.05 "
,TOTAL,,683,"$214,847.67 ","$170,319.25 "
19000,SG,,1,"$1,185.00 ",$948.00 
,OTHER,,"20,873","$1,483,366.87 ","$1,133,495.34 "
,TOTAL,,"20,874","$1,484,551.87 ","$1,134,443.34 "
19001,OTHER,,"2,978","$69,984.46 ","$55,163.80 "
,TOTAL,,"2,978","$69,984.46 ","$55,163.80 "
19020,SG,,78,"$32,028.76 ","$25,485.12 "
,80'S,,3,$131.67 ,$105.34 
,OTHER,,"1,959","$484,627.37 ","$379,596.37 "
,TOTAL,,"2,040","$516,787.80 ","$405,186.83 "
19030,OTHER,,"1,647","$149,822.06 ","$116,018.50 "
,TOTAL,,"1,647","$149,822.06 ","$116,018.50 "
19100,SG,,68,"$14,707.81 ","$11,632.24 "
,OTHER,,"9,991","$1,044,689.55 ","$809,173.25 "
,TOTAL,,"10,059","$1,059,397.36 ","$820,805.49 "
19101,SG,,302,"$123,915.79 ","$96,483.12 "
,OTHER,,"4,281","$869,069.74 ","$681,968.69 "
,TOTAL,,"4,583","$992,985.53 ","$778,451.81 "
19102,SG,,229,"$50,981.98 ","$40,174.90 "
,OTHER,,"54,145","$7,117,288.50 ","$5,586,239.36 "
,TOTAL,,"54,374","$7,168,270.48 ","$5,626,414.26 "
19103,SG,,"1,082","$403,203.40 ","$318,355.91 "
,OTHER,,"91,751","$27,603,532.29 ","$21,775,456.06 "
,TOTAL,,"92,833","$28,006,735.69 ","$22,093,811.97 "
19105,OTHER,,9,"$8,174.79 ","$6,528.92 "
,TOTAL,,9,"$8,174.79 ","$6,528.92 "
19110,SG,,143,"$59,948.75 ","$47,681.79 "
,OTHER,,"1,167","$305,244.01 ","$238,287.25 "
,TOTAL,,"1,310","$365,192.76 ","$285,969.04 "
19112,SG,,11,"$5,690.83 ","$4,552.68 "
,OTHER,,101,"$24,103.94 ","$19,147.62 "
,TOTAL,,112,"$29,794.77 ","$23,700.30 "
19120,SG,,"5,178","$2,546,914.61 ","$2,010,372.78 "
,80'S,,12,$566.48 ,$448.87 
,OTHER,,"31,247","$10,277,273.39 ","$8,095,937.06 "
,TOTAL,,"36,437","$12,824,754.48 ","$10,106,758.71 "
19125,SG,,"3,714","$1,854,331.27 ","$1,463,926.13 "
,80'S,,9,$528.26 ,$422.59 
,OTHER,,"37,887","$14,221,233.13 ","$11,238,306.78 "
,TOTAL,,"41,610","$16,076,092.66 ","$12,702,655.50 "
19126,SG,,229,"$64,983.36 ","$51,894.69 "
,OTHER,,"2,096","$317,916.75 ","$252,856.54 "
,TOTAL,,"2,325","$382,900.11 ","$304,751.23 "
19260,80'S,,95,"$12,567.03 ","$9,916.57 "
,OTHER,,830,"$678,552.37 ","$538,502.99 "
,TOTAL,,925,"$691,119.40 ","$548,419.56 "
19271,80'S,,41,"$9,438.53 ","$7,446.02 "
,OTHER,,272,"$366,396.67 ","$291,135.43 "
,TOTAL,,313,"$375,835.20 ","$298,581.45 "
19272,80'S,,30,"$8,083.11 ","$6,443.41 "
,OTHER,,158,"$232,162.84 ","$184,713.49 "
,TOTAL,,188,"$240,245.95 ","$191,156.90 "
19290,SG,,389,"$66,459.55 ","$52,744.84 "
,OTHER,,"56,479","$3,986,875.68 ","$3,143,503.15 "
,TOTAL,,"56,868","$4,053,335.23 ","$3,196,247.99 "
19291,SG,,16,"$2,632.32 ","$2,105.89 "
,OTHER,,"3,682","$138,995.47 ","$110,190.23 "
,TOTAL,,"3,698","$141,627.79 ","$112,296.12 "
19295,SG,,"1,055","$58,233.14 ","$46,443.30 "
,OTHER,,"102,078","$8,467,448.05 ","$6,717,381.58 "
,TOTAL,,"103,133","$8,525,681.19 ","$6,763,824.88 "
19296,SG,,17,"$21,919.63 ","$17,535.71 "
,OTHER,,"3,696","$13,692,937.72 ","$10,883,325.73 "
,TOTAL,,"3,713","$13,714,857.35 ","$10,900,861.44 "
19297,SG,,70,"$92,323.20 ","$73,858.61 "
,OTHER,,474,"$41,275.72 ","$32,777.63 "
,TOTAL,,544,"$133,598.92 ","$106,636.24 "
19298,SG,,8,"$9,509.91 ","$7,607.94 "
,80'S,,1,$24.97 ,$19.98 
,OTHER,,149,"$88,063.11 ","$70,228.77 "
,TOTAL,,158,"$97,597.99 ","$77,856.69 "
19300,SG,,204,"$126,538.08 ","$100,832.69 "
,80'S,,7,$495.84 ,$396.67 
,OTHER,,"1,478","$486,173.43 ","$384,945.03 "
,TOTAL,,"1,689","$613,207.35 ","$486,174.39 "
19301,SG,,"2,419","$1,206,262.13 ","$957,964.70 "
,80'S,,193,"$10,343.48 ","$8,216.24 "
,OTHER,,"34,736","$9,724,749.70 ","$7,717,907.87 "
,TOTAL,,"37,348","$10,941,355.31 ","$8,684,088.81 "
19302,SG,,820,"$801,780.07 ","$637,817.70 "
,80'S,,763,"$94,248.35 ","$75,132.64 "
,OTHER,,"10,715","$7,871,249.51 ","$6,254,610.98 "
,TOTAL,,"12,298","$8,767,277.93 ","$6,967,561.32 "
19303,SG,,225,"$134,082.60 ","$107,044.41 "
,80'S,,"1,446","$176,360.30 ","$139,742.13 "
,OTHER,,"18,634","$13,446,238.31 ","$10,683,519.98 "
,TOTAL,,"20,305","$13,756,681.21 ","$10,930,306.52 "
19304,SG,,75,"$44,915.93 ","$35,649.46 "
,80'S,,58,"$4,739.04 ","$3,791.21 "
,OTHER,,870,"$392,130.50 ","$310,145.60 "
,TOTAL,,"1,003","$441,785.47 ","$349,586.27 "
19305,80'S,,100,"$15,596.55 ","$12,477.29 "
,OTHER,,860,"$749,267.45 ","$597,596.78 "
,TOTAL,,960,"$764,864.00 ","$610,074.07 "
19306,80'S,,18,"$2,762.05 ","$2,209.61 "
,OTHER,,175,"$157,343.88 ","$124,387.81 "
,TOTAL,,193,"$160,105.93 ","$126,597.42 "
19307,80'S,,"1,994","$320,683.21 ","$255,542.78 "
,OTHER,,"16,755","$15,599,507.24 ","$12,423,557.31 "
,TOTAL,,"18,749","$15,920,190.45 ","$12,679,100.09 "
19316,SG,,160,"$74,582.69 ","$58,759.03 "
,80'S,,33,"$3,142.95 ","$2,514.39 "
,OTHER,,"1,304","$742,857.53 ","$589,941.16 "
,TOTAL,,"1,497","$820,583.17 ","$651,214.58 "
19318,SG,,773,"$428,016.36 ","$337,143.64 "
,80'S,,271,"$47,847.69 ","$38,098.82 "
,OTHER,,"4,294","$4,925,775.24 ","$3,882,261.04 "
,TOTAL,,"5,338","$5,401,639.29 ","$4,257,503.50 "
19324,SG,,2,"$1,225.32 ",$980.26 
,OTHER,,38,"$13,432.50 ","$10,746.06 "
,TOTAL,,40,"$14,657.82 ","$11,726.32 "
19325,SG,,94,"$121,477.20 ","$95,987.41 "
,80'S,,1,$47.56 ,$38.05 
,OTHER,,398,"$155,023.49 ","$121,721.88 "
,TOTAL,,493,"$276,548.25 ","$217,747.34 "
19328,SG,,260,"$58,555.33 ","$45,893.17 "
,80'S,,2,$183.54 ,$146.83 
,OTHER,,"1,559","$508,755.94 ","$404,654.43 "
,TOTAL,,"1,821","$567,494.81 ","$450,694.43 "
19330,SG,,206,"$41,288.25 ","$32,709.85 "
,80'S,,1,$69.50 ,$55.60 
,OTHER,,"1,059","$430,680.23 ","$341,462.25 "
,TOTAL,,"1,266","$472,037.98 ","$374,227.70 "
19340,SG,,231,"$60,282.85 ","$47,788.59 "
,80'S,,1,$44.79 ,$35.83 
,OTHER,,"1,110","$265,954.32 ","$211,633.15 "
,TOTAL,,"1,342","$326,281.96 ","$259,457.57 "
19342,SG,,237,"$83,675.47 ","$66,066.07 "
,80'S,,19,"$3,235.78 ","$2,577.43 "
,OTHER,,"2,145","$1,780,501.27 ","$1,408,266.02 "
,TOTAL,,"2,401","$1,867,412.52 ","$1,476,909.52 "
19350,SG,,370,"$190,966.15 ","$149,668.86 "
,OTHER,,"1,723","$1,004,679.73 ","$785,703.70 "
,TOTAL,,"2,093","$1,195,645.88 ","$935,372.56 "
19355,SG,,8,"$4,828.71 ","$3,862.97 "
,OTHER,,37,"$17,670.97 ","$13,357.13 "
,TOTAL,,45,"$22,499.68 ","$17,220.10 "
19357,SG,,158,"$103,250.43 ","$80,074.70 "
,80'S,,125,"$29,400.78 ","$23,266.43 "
,OTHER,,"3,406","$4,812,517.18 ","$3,812,799.78 "
,TOTAL,,"3,689","$4,945,168.39 ","$3,916,140.91 "
19361,80'S,,40,"$9,283.71 ","$7,409.95 "
,OTHER,,493,"$661,895.59 ","$524,765.70 "
,TOTAL,,533,"$671,179.30 ","$532,175.65 "
19364,80'S,,34,"$15,047.70 ","$12,038.17 "
,OTHER,,227,"$562,272.21 ","$439,601.15 "
,TOTAL,,261,"$577,319.91 ","$451,639.32 "
19366,SG,,18,"$11,535.10 ","$9,228.08 "
,80'S,,11,"$2,306.55 ","$1,826.50 "
,OTHER,,297,"$374,124.79 ","$297,379.37 "
,TOTAL,,326,"$387,966.44 ","$308,433.95 "
19367,80'S,,52,"$13,847.32 ","$11,027.16 "
,OTHER,,310,"$513,784.39 ","$403,276.57 "
,TOTAL,,362,"$527,631.71 ","$414,303.73 "
19368,80'S,,2,$659.06 ,$500.88 
,OTHER,,17,"$30,632.81 ","$24,506.23 "
,TOTAL,,19,"$31,291.87 ","$25,007.11 "
19369,80'S,,1,$245.63 ,$196.50 
,OTHER,,26,"$46,951.72 ","$36,304.64 "
,TOTAL,,27,"$47,197.35 ","$36,501.14 "
19370,SG,,213,"$106,429.64 ","$84,220.13 "
,OTHER,,"1,223","$618,764.25 ","$489,090.76 "
,TOTAL,,"1,436","$725,193.89 ","$573,310.89 "
19371,SG,,559,"$293,341.49 ","$233,443.56 "
,80'S,,1,$175.56 ,$140.45 
,OTHER,,"2,419","$1,583,048.86 ","$1,253,712.69 "
,TOTAL,,"2,979","$1,876,565.91 ","$1,487,296.70 "
19380,SG,,434,"$281,293.34 ","$220,709.67 "
,OTHER,,"2,165","$1,300,372.56 ","$1,025,114.05 "
,TOTAL,,"2,599","$1,581,665.90 ","$1,245,823.72 "
19499,80'S,,3,"$1,461.76 ","$1,169.41 "
,OTHER,,709,"$212,623.76 ","$169,789.70 "
,TOTAL,,712,"$214,085.52 ","$170,959.11 "
20000,OTHER,MUSCULOSKELETAL,"4,452","$716,354.83 ","$548,298.62 "
,TOTAL,,"4,452","$716,354.83 ","$548,298.62 "
20005,SG,,95,"$41,323.57 ","$32,613.33 "
,OTHER,,"3,960","$867,026.95 ","$681,219.61 "
,TOTAL,,"4,055","$908,350.52 ","$713,832.94 "
20100,AS,,5,$306.97 ,$245.57 
,80'S,,17,"$1,362.26 ",$974.67 
,OTHER,,446,"$228,024.23 ","$180,872.46 "
,TOTAL,,468,"$229,693.46 ","$182,092.70 "
20101,80'S,,1,$15.99 ,$12.79 
,OTHER,,97,"$14,853.12 ","$11,882.52 "
,TOTAL,,98,"$14,869.11 ","$11,895.31 "
20102,AS,,13,$372.64 ,$295.63 
,80'S,,12,$348.32 ,$278.66 
,OTHER,,400,"$82,547.53 ","$64,931.79 "
,TOTAL,,425,"$83,268.49 ","$65,506.08 "
20103,AS,,16,$767.61 ,$614.11 
,80'S,,3,$129.12 ,$103.30 
,OTHER,,"1,452","$434,328.87 ","$341,363.06 "
,TOTAL,,"1,471","$435,225.60 ","$342,080.47 "
20150,OTHER,,8,"$4,416.83 ","$3,533.47 "
,TOTAL,,8,"$4,416.83 ","$3,533.47 "
2019F,OTHER,,50,$0.50 ,$0.49 
,TOTAL,,50,$0.50 ,$0.49 
2020F,OTHER,,20,$0.20 ,$0.20 
,TOTAL,,20,$0.20 ,$0.20 
20200,SG,,76,"$30,525.00 ","$23,570.64 "
,OTHER,,"1,067","$91,030.09 ","$70,225.95 "
,TOTAL,,"1,143","$121,555.09 ","$93,796.59 "
20205,SG,,210,"$103,474.47 ","$81,357.82 "
,OTHER,,"3,382","$457,123.98 ","$358,727.85 "
,TOTAL,,"3,592","$560,598.45 ","$440,085.67 "
20206,SG,,37,"$7,727.96 ","$6,182.36 "
,OTHER,,"7,698","$665,327.83 ","$524,269.33 "
,TOTAL,,"7,735","$673,055.79 ","$530,451.69 "
2021F,OTHER,,75,$0.75 ,$0.75 
,TOTAL,,75,$0.75 ,$0.75 
20220,SG,,46,"$9,778.10 ","$7,783.73 "
,OTHER,,"6,689","$568,174.63 ","$448,585.83 "
,TOTAL,,"6,735","$577,952.73 ","$456,369.56 "
20225,SG,,92,"$29,908.34 ","$23,717.11 "
,OTHER,,"15,468","$2,163,672.74 ","$1,717,096.52 "
,TOTAL,,"15,560","$2,193,581.08 ","$1,740,813.63 "
20240,SG,,97,"$35,935.68 ","$28,500.95 "
,OTHER,,"1,706","$289,484.46 ","$227,946.26 "
,TOTAL,,"1,803","$325,420.14 ","$256,447.21 "
20245,SG,,72,"$31,848.69 ","$25,479.00 "
,OTHER,,"2,105","$955,407.91 ","$756,411.49 "
,TOTAL,,"2,177","$987,256.60 ","$781,890.49 "
20250,AS,,1,$23.84 ,$19.07 
,SG,,2,"$1,063.49 ",$850.79 
,OTHER,,311,"$71,109.41 ","$56,520.37 "
,TOTAL,,314,"$72,196.74 ","$57,390.23 "
20251,AS,,97,"$3,544.19 ","$2,833.34 "
,SG,,1,$502.32 ,$401.86 
,80'S,,31,"$1,447.03 ","$1,157.65 "
,OTHER,,710,"$180,411.23 ","$143,602.71 "
,TOTAL,,839,"$185,904.77 ","$147,995.56 "
2027F,OTHER,,8,$1.07 ,$0.87 
,TOTAL,,8,$1.07 ,$0.87 
20500,OTHER,,737,"$72,280.22 ","$56,133.49 "
,TOTAL,,737,"$72,280.22 ","$56,133.49 "
20501,OTHER,,"5,995","$214,070.06 ","$168,273.36 "
,TOTAL,,"5,995","$214,070.06 ","$168,273.36 "
20520,OTHER,,"2,479","$365,172.12 ","$276,303.93 "
,TOTAL,,"2,479","$365,172.12 ","$276,303.93 "
20525,SG,,311,"$145,028.52 ","$113,661.46 "
,80'S,,1,$15.06 ,$12.05 
,OTHER,,"1,812","$442,086.01 ","$345,985.58 "
,TOTAL,,"2,124","$587,129.59 ","$459,659.09 "
20526,OTHER,,"50,698","$3,512,402.98 ","$2,654,693.40 "
,TOTAL,,"50,698","$3,512,402.98 ","$2,654,693.40 "
20550,80'S,,1,$3.18 ,$2.54 
,OTHER,,"786,861","$38,420,060.63 ","$28,673,466.06 "
,TOTAL,,"786,862","$38,420,063.81 ","$28,673,468.60 "
20551,OTHER,,"197,353","$7,051,301.37 ","$5,369,079.77 "
,TOTAL,,"197,353","$7,051,301.37 ","$5,369,079.77 "
20552,SG,,1,$46.57 ,$37.26 
,OTHER,,"295,883","$12,873,160.18 ","$9,688,817.37 "
,TOTAL,,"295,884","$12,873,206.75 ","$9,688,854.63 "
20553,SG,,1,$52.38 ,$41.90 
,OTHER,,"133,461","$6,515,055.94 ","$4,943,556.86 "
,TOTAL,,"133,462","$6,515,108.32 ","$4,943,598.76 "
20600,OTHER,,"373,092","$17,021,432.82 ","$12,709,585.18 "
,TOTAL,,"373,092","$17,021,432.82 ","$12,709,585.18 "
20605,SG,,2,$26.53 ,$21.22 
,OTHER,,"472,562","$23,670,992.53 ","$17,647,551.52 "
,TOTAL,,"472,564","$23,671,019.06 ","$17,647,572.74 "
20610,AS,,3,$16.26 ,$13.01 
,80'S,,2,$16.64 ,$13.31 
,OTHER,,"5,079,340","$326,515,732.89 ","$246,769,398.07 "
,TOTAL,,"5,079,345","$326,515,765.79 ","$246,769,424.39 "
20612,OTHER,,"18,808","$941,042.27 ","$690,675.48 "
,TOTAL,,"18,808","$941,042.27 ","$690,675.48 "
20615,OTHER,,802,"$137,691.97 ","$106,802.52 "
,TOTAL,,802,"$137,691.97 ","$106,802.52 "
20650,AS,,1,$19.07 ,$15.26 
,SG,,424,"$121,860.20 ","$97,072.98 "
,OTHER,,"3,246","$301,916.34 ","$238,761.72 "
,TOTAL,,"3,671","$423,795.61 ","$335,849.96 "
20660,OTHER,,"3,210","$544,249.72 ","$431,330.18 "
,TOTAL,,"3,210","$544,249.72 ","$431,330.18 "
20661,80'S,,1,$65.42 ,$52.34 
,OTHER,,"1,328","$432,927.43 ","$343,635.33 "
,TOTAL,,"1,329","$432,992.85 ","$343,687.67 "
20662,OTHER,,22,"$7,806.22 ","$6,244.94 "
,TOTAL,,22,"$7,806.22 ","$6,244.94 "
20663,OTHER,,12,"$4,864.89 ","$3,713.47 "
,TOTAL,,12,"$4,864.89 ","$3,713.47 "
20664,OTHER,,42,"$22,665.25 ","$18,102.96 "
,TOTAL,,42,"$22,665.25 ","$18,102.96 "
20665,AS,,2,$19.93 ,$15.95 
,OTHER,,"1,126","$114,771.03 ","$90,846.46 "
,TOTAL,,"1,128","$114,790.96 ","$90,862.41 "
20670,AS,,1,$19.70 ,$15.76 
,SG,,860,"$239,363.86 ","$187,962.27 "
,OTHER,,"14,097","$4,174,408.76 ","$3,273,020.89 "
,TOTAL,,"14,958","$4,413,792.32 ","$3,460,998.92 "
20680,AS,,"1,251","$46,257.01 ","$36,844.19 "
,SG,,"9,578","$4,229,884.93 ","$3,327,433.56 "
,80'S,,458,"$18,658.97 ","$14,796.93 "
,OTHER,,"52,019","$15,223,287.96 ","$12,002,119.43 "
,TOTAL,,"63,306","$19,518,088.87 ","$15,381,194.11 "
20690,AS,,2,$49.83 ,$39.86 
,SG,,247,"$83,213.16 ","$66,288.94 "
,OTHER,,"5,373","$707,996.09 ","$562,029.68 "
,TOTAL,,"5,622","$791,259.08 ","$628,358.48 "
20692,AS,,164,"$6,570.46 ","$5,221.23 "
,SG,,27,"$9,531.17 ","$7,520.13 "
,80'S,,131,"$5,044.75 ","$4,035.89 "
,OTHER,,"1,788","$424,436.15 ","$336,575.06 "
,TOTAL,,"2,110","$445,582.53 ","$353,352.31 "
20693,SG,,39,"$18,744.41 ","$14,995.55 "
,OTHER,,682,"$217,792.15 ","$172,440.09 "
,TOTAL,,721,"$236,536.56 ","$187,435.64 "
20694,AS,,2,$71.47 ,$57.18 
,SG,,673,"$208,992.80 ","$164,563.68 "
,OTHER,,"5,045","$1,242,101.01 ","$981,315.78 "
,TOTAL,,"5,720","$1,451,165.28 ","$1,145,936.64 "
20802,OTHER,,1,$823.00 ,$658.40 
,TOTAL,,1,$823.00 ,$658.40 
20805,OTHER,,14,"$7,755.84 ","$6,013.27 "
,TOTAL,,14,"$7,755.84 ","$6,013.27 "
20808,80'S,,1,$779.56 ,$623.65 
,OTHER,,2,"$6,375.28 ","$5,100.23 "
,TOTAL,,3,"$7,154.84 ","$5,723.88 "
20816,OTHER,,18,"$37,718.33 ","$30,174.67 "
,TOTAL,,18,"$37,718.33 ","$30,174.67 "
20822,AS,,1,$395.48 ,$316.38 
,OTHER,,12,"$24,632.84 ","$19,706.29 "
,TOTAL,,13,"$25,028.32 ","$20,022.67 "
20824,OTHER,,6,"$13,675.72 ","$10,940.58 "
,TOTAL,,6,"$13,675.72 ","$10,940.58 "
20827,OTHER,,10,"$20,474.94 ","$15,904.56 "
,TOTAL,,10,"$20,474.94 ","$15,904.56 "
20900,AS,,347,"$12,406.90 ","$9,863.82 "
,SG,,230,"$63,624.43 ","$49,731.18 "
,80'S,,177,"$6,771.77 ","$5,417.47 "
,OTHER,,"2,360","$577,459.66 ","$457,909.95 "
,TOTAL,,"3,114","$660,262.76 ","$522,922.42 "
20902,AS,,823,"$35,175.48 ","$27,953.70 "
,SG,,141,"$57,255.83 ","$45,725.64 "
,80'S,,428,"$21,616.04 ","$17,188.45 "
,OTHER,,"3,973","$1,268,047.43 ","$1,005,397.53 "
,TOTAL,,"5,365","$1,382,094.78 ","$1,096,265.32 "
20910,SG,,11,"$2,740.05 ","$2,192.04 "
,80'S,,1,$29.72 ,$23.78 
,OTHER,,71,"$15,870.28 ","$12,696.19 "
,TOTAL,,83,"$18,640.05 ","$14,912.01 "
20912,AS,,3,$121.96 ,$97.57 
,SG,,146,"$42,950.37 ","$34,032.51 "
,80'S,,4,$208.30 ,$166.64 
,OTHER,,555,"$131,872.78 ","$104,251.92 "
,TOTAL,,708,"$175,153.41 ","$138,548.64 "
20920,SG,,10,"$3,681.89 ","$2,945.49 "
,OTHER,,102,"$18,901.15 ","$15,121.00 "
,TOTAL,,112,"$22,583.04 ","$18,066.49 "
20922,AS,,18,$636.73 ,$475.74 
,SG,,5,"$1,239.25 ",$991.39 
,80'S,,21,$777.66 ,$622.14 
,OTHER,,316,"$74,533.88 ","$58,863.29 "
,TOTAL,,360,"$77,187.52 ","$60,952.56 "
20924,AS,,86,"$2,813.59 ","$2,238.66 "
,SG,,171,"$59,839.79 ","$47,451.99 "
,80'S,,23,$927.21 ,$741.77 
,OTHER,,699,"$171,400.09 ","$135,355.51 "
,TOTAL,,979,"$234,980.68 ","$185,787.93 "
20926,AS,,4,$253.21 ,$202.56 
,SG,,427,"$209,746.64 ","$166,780.72 "
,80'S,,1,$75.80 ,$60.64 
,OTHER,,"10,632","$4,244,702.55 ","$3,361,726.65 "
,TOTAL,,"11,064","$4,454,778.20 ","$3,528,770.57 "
20930,OTHER,,1,$142.23 ,$113.78 
,TOTAL,,1,$142.23 ,$113.78 
20931,AS,,7,$103.00 ,$82.40 
,80'S,,1,$18.52 ,$14.82 
,OTHER,,"22,354","$2,412,848.63 ","$1,903,345.59 "
,TOTAL,,"22,362","$2,412,970.15 ","$1,903,442.81 "
20936,OTHER,,1,$963.00 ,$770.40 
,TOTAL,,1,$963.00 ,$770.40 
20937,AS,,"3,295","$72,575.51 ","$57,749.52 "
,80'S,,"1,813","$48,054.17 ","$38,208.44 "
,OTHER,,"12,782","$2,117,669.17 ","$1,677,328.60 "
,TOTAL,,"17,890","$2,238,298.85 ","$1,773,286.56 "
20938,AS,,730,"$17,691.77 ","$14,053.87 "
,80'S,,651,"$18,620.85 ","$14,653.90 "
,OTHER,,"3,525","$633,215.16 ","$498,185.13 "
,TOTAL,,"4,906","$669,527.78 ","$526,892.90 "
20950,AS,,12,$74.45 ,$59.57 
,80'S,,1,$11.83 ,$9.46 
,OTHER,,418,"$43,573.53 ","$34,407.39 "
,TOTAL,,431,"$43,659.81 ","$34,476.42 "
20955,AS,,2,$641.19 ,$512.96 
,80'S,,8,"$3,056.72 ","$2,445.38 "
,OTHER,,124,"$250,447.27 ","$200,357.70 "
,TOTAL,,134,"$254,145.18 ","$203,316.04 "
20956,AS,,1,$320.25 ,$256.20 
,OTHER,,24,"$56,199.99 ","$44,959.98 "
,TOTAL,,25,"$56,520.24 ","$45,216.18 "
20957,AS,,1,$294.27 ,$235.42 
,OTHER,,4,"$9,592.67 ","$7,674.13 "
,TOTAL,,5,"$9,886.94 ","$7,909.55 "
20962,AS,,3,"$1,114.58 ",$858.24 
,80'S,,4,"$1,744.09 ","$1,395.27 "
,OTHER,,29,"$57,047.48 ","$45,533.20 "
,TOTAL,,36,"$59,906.15 ","$47,786.71 "
20969,AS,,1,$356.03 ,$284.82 
,80'S,,32,"$13,799.79 ","$10,999.40 "
,OTHER,,303,"$768,017.69 ","$605,105.55 "
,TOTAL,,336,"$782,173.51 ","$616,389.77 "
20970,AS,,3,"$1,069.42 ",$855.53 
,80'S,,1,$199.00 ,$159.20 
,OTHER,,19,"$49,909.69 ","$39,927.73 "
,TOTAL,,23,"$51,178.11 ","$40,942.46 "
20972,OTHER,,1,"$2,746.22 ","$2,196.98 "
,TOTAL,,1,"$2,746.22 ","$2,196.98 "
20973,OTHER,,2,"$5,456.87 ","$4,365.50 "
,TOTAL,,2,"$5,456.87 ","$4,365.50 "
20974,OTHER,,"2,101","$112,151.72 ","$86,775.21 "
,TOTAL,,"2,101","$112,151.72 ","$86,775.21 "
20975,AS,,196,"$4,389.22 ","$3,493.27 "
,SG,,3,$76.03 ,$29.20 
,80'S,,98,"$2,555.29 ","$2,036.48 "
,OTHER,,"1,110","$184,134.43 ","$146,062.86 "
,TOTAL,,"1,407","$191,154.97 ","$151,621.81 "
20979,OTHER,,522,"$28,218.07 ","$21,734.18 "
,TOTAL,,522,"$28,218.07 ","$21,734.18 "
20982,OTHER,,184,"$122,734.81 ","$98,002.74 "
,TOTAL,,184,"$122,734.81 ","$98,002.74 "
20999,AS,,21,"$1,874.71 ","$1,499.77 "
,80'S,,1,$13.84 ,$11.07 
,OTHER,,386,"$82,105.17 ","$65,200.07 "
,TOTAL,,408,"$83,993.72 ","$66,710.91 "
21010,AS,,1,$110.38 ,$88.30 
,SG,,2,$913.22 ,$583.25 
,OTHER,,14,"$6,375.12 ","$5,100.10 "
,TOTAL,,17,"$7,398.72 ","$5,771.65 "
21015,SG,,596,"$248,596.30 ","$197,747.33 "
,80'S,,1,$74.79 ,$59.83 
,OTHER,,"3,984","$1,101,174.90 ","$873,152.69 "
,TOTAL,,"4,581","$1,349,845.99 ","$1,070,959.85 "
21025,SG,,37,"$15,087.04 ","$11,759.03 "
,OTHER,,"1,131","$774,035.48 ","$610,220.01 "
,TOTAL,,"1,168","$789,122.52 ","$621,979.04 "
21026,AS,,1,$30.91 ,$24.73 
,SG,,26,"$8,537.44 ","$6,658.53 "
,OTHER,,450,"$166,413.02 ","$131,078.43 "
,TOTAL,,477,"$174,981.37 ","$137,761.69 "
21029,SG,,12,"$4,831.51 ","$3,865.22 "
,80'S,,1,$43.39 ,$34.71 
,OTHER,,114,"$53,923.76 ","$42,028.81 "
,TOTAL,,127,"$58,798.66 ","$45,928.74 "
21030,OTHER,,"1,176","$425,689.30 ","$334,299.01 "
,TOTAL,,"1,176","$425,689.30 ","$334,299.01 "
21031,OTHER,,650,"$161,306.78 ","$123,383.15 "
,TOTAL,,650,"$161,306.78 ","$123,383.15 "
21032,OTHER,,215,"$58,515.52 ","$45,915.95 "
,TOTAL,,215,"$58,515.52 ","$45,915.95 "
21034,AS,,3,$293.70 ,$234.97 
,SG,,4,"$2,036.50 ","$1,629.20 "
,80'S,,14,"$1,995.74 ","$1,596.61 "
,OTHER,,157,"$138,880.15 ","$110,293.89 "
,TOTAL,,178,"$143,206.09 ","$113,754.67 "
21040,SG,,41,"$17,332.85 ","$13,866.32 "
,OTHER,,"1,243","$473,296.88 ","$369,347.88 "
,TOTAL,,"1,284","$490,629.73 ","$383,214.20 "
21044,AS,,4,$374.63 ,$299.71 
,SG,,6,"$2,405.96 ","$1,924.77 "
,80'S,,23,"$1,963.76 ","$1,571.02 "
,OTHER,,245,"$147,937.14 ","$117,458.75 "
,TOTAL,,278,"$152,681.49 ","$121,254.25 "
21045,AS,,8,$750.58 ,$600.46 
,80'S,,40,"$4,902.32 ","$3,921.85 "
,OTHER,,315,"$239,144.95 ","$190,360.93 "
,TOTAL,,363,"$244,797.85 ","$194,883.24 "
21046,SG,,12,"$4,547.67 ","$3,638.15 "
,80'S,,2,$357.44 ,$285.95 
,OTHER,,399,"$384,807.00 ","$305,645.89 "
,TOTAL,,413,"$389,712.11 ","$309,569.99 "
21047,80'S,,4,$763.91 ,$609.76 
,OTHER,,65,"$73,419.69 ","$58,730.58 "
,TOTAL,,69,"$74,183.60 ","$59,340.34 "
21048,80'S,,1,$163.97 ,$131.18 
,OTHER,,195,"$161,102.24 ","$127,530.21 "
,TOTAL,,196,"$161,266.21 ","$127,661.39 "
21049,80'S,,1,$200.53 ,$160.42 
,OTHER,,20,"$20,176.13 ","$15,609.70 "
,TOTAL,,21,"$20,376.66 ","$15,770.12 "
21050,SG,,2,$757.38 ,$605.91 
,80'S,,1,$120.16 ,$96.13 
,OTHER,,22,"$12,127.57 ","$9,701.25 "
,TOTAL,,25,"$13,005.11 ","$10,403.29 "
21060,80'S,,2,$119.51 ,$95.60 
,OTHER,,14,"$7,491.23 ","$5,932.35 "
,TOTAL,,16,"$7,610.74 ","$6,027.95 "
21070,SG,,2,$768.42 ,$614.73 
,80'S,,2,$92.94 ,$74.35 
,OTHER,,62,"$25,995.11 ","$20,563.72 "
,TOTAL,,66,"$26,856.47 ","$21,252.80 "
21076,80'S,,3,$190.32 ,$152.25 
,OTHER,,418,"$364,100.22 ","$290,456.86 "
,TOTAL,,421,"$364,290.54 ","$290,609.11 "
21077,OTHER,,71,"$153,362.37 ","$121,017.23 "
,TOTAL,,71,"$153,362.37 ","$121,017.23 "
21079,OTHER,,485,"$702,090.33 ","$557,349.58 "
,TOTAL,,485,"$702,090.33 ","$557,349.58 "
21080,OTHER,,464,"$793,333.06 ","$627,890.52 "
,TOTAL,,464,"$793,333.06 ","$627,890.52 "
21081,AS,,1,$194.17 ,$155.34 
,80'S,,1,$114.22 ,$91.38 
,OTHER,,222,"$341,739.05 ","$272,326.68 "
,TOTAL,,224,"$342,047.44 ","$272,573.40 "
21082,OTHER,,96,"$116,414.39 ","$92,921.83 "
,TOTAL,,96,"$116,414.39 ","$92,921.83 "
21083,OTHER,,46,"$64,771.96 ","$50,596.96 "
,TOTAL,,46,"$64,771.96 ","$50,596.96 "
21084,OTHER,,64,"$87,017.18 ","$69,164.21 "
,TOTAL,,64,"$87,017.18 ","$69,164.21 "
21085,OTHER,,"1,470","$850,839.41 ","$675,790.81 "
,TOTAL,,"1,470","$850,839.41 ","$675,790.81 "
21086,OTHER,,278,"$495,465.79 ","$394,160.63 "
,TOTAL,,278,"$495,465.79 ","$394,160.63 "
21087,OTHER,,138,"$226,905.16 ","$180,860.57 "
,TOTAL,,138,"$226,905.16 ","$180,860.57 "
21088,OTHER,,227,"$719,851.96 ","$575,319.02 "
,TOTAL,,227,"$719,851.96 ","$575,319.02 "
21089,OTHER,,829,"$757,220.52 ","$602,262.37 "
,TOTAL,,829,"$757,220.52 ","$602,262.37 "
21100,OTHER,,27,"$1,569.86 ","$1,255.89 "
,TOTAL,,27,"$1,569.86 ","$1,255.89 "
21110,OTHER,,749,"$424,676.93 ","$336,819.25 "
,TOTAL,,749,"$424,676.93 ","$336,819.25 "
21116,OTHER,,111,"$13,690.34 ","$10,715.63 "
,TOTAL,,111,"$13,690.34 ","$10,715.63 "
21120,OTHER,,10,"$3,187.99 ","$2,550.40 "
,TOTAL,,10,"$3,187.99 ","$2,550.40 "
21121,80'S,,1,$54.00 ,$43.20 
,OTHER,,6,"$2,452.95 ","$1,962.36 "
,TOTAL,,7,"$2,506.95 ","$2,005.56 "
21122,OTHER,,1,$332.95 ,$266.36 
,TOTAL,,1,$332.95 ,$266.36 
21125,SG,,3,"$2,447.53 ","$1,958.03 "
,OTHER,,6,"$5,300.19 ","$4,240.15 "
,TOTAL,,9,"$7,747.72 ","$6,198.18 "
21127,AS,,1,$56.09 ,$44.87 
,SG,,1,"$1,292.13 ",$990.13 
,80'S,,1,$65.50 ,$52.40 
,OTHER,,4,"$2,880.50 ","$2,304.40 "
,TOTAL,,7,"$4,294.22 ","$3,391.80 "
21137,OTHER,,2,$994.35 ,$795.48 
,TOTAL,,2,$994.35 ,$795.48 
21138,80'S,,5,$353.80 ,$283.05 
,OTHER,,12,"$6,403.13 ","$4,883.62 "
,TOTAL,,17,"$6,756.93 ","$5,166.67 "
21141,80'S,,7,"$1,079.92 ",$863.94 
,OTHER,,31,"$24,589.00 ","$19,671.20 "
,TOTAL,,38,"$25,668.92 ","$20,535.14 "
21142,OTHER,,5,"$5,374.50 ","$4,299.61 "
,TOTAL,,5,"$5,374.50 ","$4,299.61 "
21143,OTHER,,3,"$2,565.32 ","$2,052.25 "
,TOTAL,,3,"$2,565.32 ","$2,052.25 "
21145,OTHER,,9,"$12,909.72 ","$10,327.77 "
,TOTAL,,9,"$12,909.72 ","$10,327.77 "
21146,AS,,1,$207.61 ,$166.09 
,OTHER,,4,"$5,199.68 ","$4,159.74 "
,TOTAL,,5,"$5,407.29 ","$4,325.83 "
21147,80'S,,1,$117.43 ,$93.94 
,OTHER,,1,$743.92 ,$595.14 
,TOTAL,,2,$861.35 ,$689.08 
21150,80'S,,1,$140.46 ,$112.37 
,OTHER,,2,"$1,202.87 ",$962.30 
,TOTAL,,3,"$1,343.33 ","$1,074.67 "
21151,OTHER,,1,$854.94 ,$683.95 
,TOTAL,,1,$854.94 ,$683.95 
21154,OTHER,,1,"$1,817.73 ","$1,454.18 "
,TOTAL,,1,"$1,817.73 ","$1,454.18 "
21172,AS,,2,$328.71 ,$262.97 
,80'S,,6,"$1,065.06 ",$852.06 
,OTHER,,37,"$44,946.00 ","$35,956.82 "
,TOTAL,,45,"$46,339.77 ","$37,071.85 "
21175,80'S,,2,$526.31 ,$421.05 
,OTHER,,4,"$7,654.37 ","$6,123.50 "
,TOTAL,,6,"$8,180.68 ","$6,544.55 "
21179,AS,,1,$94.17 ,$75.34 
,80'S,,3,$523.20 ,$418.56 
,OTHER,,26,"$29,338.63 ","$22,711.92 "
,TOTAL,,30,"$29,956.00 ","$23,205.82 "
21180,OTHER,,8,"$9,352.27 ","$7,481.80 "
,TOTAL,,8,"$9,352.27 ","$7,481.80 "
21181,SG,,1,$994.01 ,$795.21 
,OTHER,,13,"$7,555.51 ","$6,044.41 "
,TOTAL,,14,"$8,549.52 ","$6,839.62 "
21182,80'S,,3,$933.29 ,$746.63 
,OTHER,,26,"$38,677.94 ","$30,279.19 "
,TOTAL,,29,"$39,611.23 ","$31,025.82 "
21183,OTHER,,2,"$4,272.17 ","$3,417.73 "
,TOTAL,,2,"$4,272.17 ","$3,417.73 "
21184,OTHER,,2,"$4,464.62 ","$3,571.70 "
,TOTAL,,2,"$4,464.62 ","$3,571.70 "
21188,80'S,,3,$721.98 ,$577.59 
,OTHER,,11,"$14,630.03 ","$11,704.00 "
,TOTAL,,14,"$15,352.01 ","$12,281.59 "
21193,AS,,1,$164.86 ,$131.89 
,80'S,,2,$188.70 ,$150.96 
,OTHER,,19,"$15,997.64 ","$12,798.12 "
,TOTAL,,22,"$16,351.20 ","$13,080.97 "
21194,AS,,1,$171.49 ,$137.19 
,OTHER,,27,"$26,586.08 ","$21,268.86 "
,TOTAL,,28,"$26,757.57 ","$21,406.05 "
21195,OTHER,,10,"$11,981.77 ","$9,585.41 "
,TOTAL,,10,"$11,981.77 ","$9,585.41 "
21196,AS,,1,$177.97 ,$142.38 
,80'S,,25,"$3,599.03 ","$2,879.24 "
,OTHER,,104,"$95,188.24 ","$75,986.95 "
,TOTAL,,130,"$98,965.24 ","$79,008.57 "
21198,AS,,2,$140.42 ,$112.33 
,80'S,,6,$894.37 ,$715.50 
,OTHER,,159,"$106,093.23 ","$84,504.21 "
,TOTAL,,167,"$107,128.02 ","$85,332.04 "
21199,80'S,,7,"$1,004.39 ",$803.49 
,OTHER,,82,"$71,555.38 ","$54,802.93 "
,TOTAL,,89,"$72,559.77 ","$55,606.42 "
21206,SG,,3,"$1,753.48 ","$1,360.59 "
,OTHER,,21,"$16,768.01 ","$13,414.39 "
,TOTAL,,24,"$18,521.49 ","$14,774.98 "
21208,AS,,1,$105.76 ,$84.61 
,SG,,6,"$5,415.02 ","$4,332.01 "
,OTHER,,79,"$44,875.54 ","$35,532.31 "
,TOTAL,,86,"$50,396.32 ","$39,948.93 "
21209,SG,,2,"$1,449.68 ","$1,159.75 "
,80'S,,1,$44.56 ,$35.65 
,OTHER,,25,"$11,512.61 ","$9,210.10 "
,TOTAL,,28,"$13,006.85 ","$10,405.50 "
21210,SG,,17,"$13,378.73 ","$10,703.00 "
,OTHER,,542,"$589,095.68 ","$465,331.31 "
,TOTAL,,559,"$602,474.41 ","$476,034.31 "
21215,OTHER,,434,"$541,476.13 ","$430,572.01 "
,TOTAL,,434,"$541,476.13 ","$430,572.01 "
21230,SG,,7,"$5,279.66 ","$4,223.72 "
,OTHER,,62,"$27,609.42 ","$20,965.57 "
,TOTAL,,69,"$32,889.08 ","$25,189.29 "
21235,SG,,541,"$485,551.43 ","$384,077.98 "
,OTHER,,"2,832","$830,004.17 ","$658,418.01 "
,TOTAL,,"3,373","$1,315,555.60 ","$1,042,495.99 "
21240,SG,,10,"$6,044.51 ","$4,835.62 "
,80'S,,20,"$3,135.61 ","$2,508.46 "
,OTHER,,134,"$137,323.60 ","$108,992.12 "
,TOTAL,,164,"$146,503.72 ","$116,336.20 "
21242,AS,,1,$131.78 ,$105.42 
,80'S,,6,$978.57 ,$782.86 
,OTHER,,16,"$16,836.25 ","$13,469.04 "
,TOTAL,,23,"$17,946.60 ","$14,357.32 "
21243,SG,,1,$712.87 ,$570.30 
,80'S,,10,"$2,464.43 ","$1,971.57 "
,OTHER,,41,"$64,465.41 ","$49,250.50 "
,TOTAL,,52,"$67,642.71 ","$51,792.37 "
21244,AS,,1,$63.29 ,$50.63 
,SG,,2,"$1,951.74 ","$1,561.40 "
,80'S,,48,"$4,783.90 ","$3,827.07 "
,OTHER,,337,"$207,077.46 ","$164,899.41 "
,TOTAL,,388,"$213,876.39 ","$170,338.51 "
21245,AS,,4,$227.48 ,$181.98 
,OTHER,,61,"$29,338.63 ","$23,276.41 "
,TOTAL,,65,"$29,566.11 ","$23,458.39 "
21246,SG,,1,$994.01 ,$795.21 
,80'S,,2,$186.41 ,$149.13 
,OTHER,,13,"$7,214.81 ","$5,673.45 "
,TOTAL,,16,"$8,395.23 ","$6,617.79 "
21247,AS,,1,$104.98 ,$83.98 
,80'S,,1,$265.33 ,$212.26 
,OTHER,,10,"$11,382.92 ","$9,106.34 "
,TOTAL,,12,"$11,753.23 ","$9,402.58 "
21248,SG,,2,"$1,961.21 ","$1,083.68 "
,OTHER,,259,"$162,345.30 ","$125,558.06 "
,TOTAL,,261,"$164,306.51 ","$126,641.74 "
21249,OTHER,,66,"$58,648.43 ","$46,918.79 "
,TOTAL,,66,"$58,648.43 ","$46,918.79 "
21255,80'S,,1,$212.56 ,$170.05 
,OTHER,,8,"$8,691.63 ","$6,953.31 "
,TOTAL,,9,"$8,904.19 ","$7,123.36 "
21256,80'S,,8,$790.33 ,$632.24 
,OTHER,,27,"$21,041.59 ","$16,728.49 "
,TOTAL,,35,"$21,831.92 ","$17,360.73 "
21260,OTHER,,1,"$1,134.24 ",$907.39 
,TOTAL,,1,"$1,134.24 ",$907.39 
21267,AS,,1,$200.93 ,$144.67 
,SG,,3,"$2,948.05 ","$2,358.43 "
,OTHER,,10,"$13,066.18 ","$10,452.93 "
,TOTAL,,14,"$16,215.16 ","$12,956.03 "
21268,OTHER,,1,"$1,500.00 ","$1,200.00 "
,TOTAL,,1,"$1,500.00 ","$1,200.00 "
21270,SG,,3,"$1,448.73 ","$1,158.98 "
,OTHER,,39,"$18,276.83 ","$14,620.15 "
,TOTAL,,42,"$19,725.56 ","$15,779.13 "
21275,SG,,2,"$2,065.62 ","$1,652.49 "
,80'S,,1,$59.96 ,$47.97 
,OTHER,,19,"$12,251.05 ","$9,800.83 "
,TOTAL,,22,"$14,376.63 ","$11,501.29 "
21280,SG,,90,"$57,290.78 ","$45,114.02 "
,80'S,,2,$160.05 ,$128.04 
,OTHER,,305,"$99,727.88 ","$79,236.90 "
,TOTAL,,397,"$157,178.71 ","$124,478.96 "
21282,SG,,546,"$323,043.02 ","$257,150.40 "
,OTHER,,"1,163","$225,683.29 ","$179,610.87 "
,TOTAL,,"1,709","$548,726.31 ","$436,761.27 "
21295,OTHER,,8,"$1,146.51 ",$812.42 
,TOTAL,,8,"$1,146.51 ",$812.42 
21296,OTHER,,1,$167.60 ,$134.08 
,TOTAL,,1,$167.60 ,$134.08 
21299,80'S,,3,$178.42 ,$142.74 
,OTHER,,161,"$72,734.68 ","$57,752.95 "
,TOTAL,,164,"$72,913.10 ","$57,895.69 "
21310,SG,,2,$221.07 ,$176.86 
,OTHER,,"4,756","$118,244.19 ","$92,466.47 "
,TOTAL,,"4,758","$118,465.26 ","$92,643.33 "
21315,SG,,26,"$3,419.79 ","$2,679.54 "
,OTHER,,484,"$75,760.81 ","$58,886.89 "
,TOTAL,,510,"$79,180.60 ","$61,566.43 "
21320,SG,,293,"$117,790.23 ","$93,198.71 "
,OTHER,,"1,667","$201,335.02 ","$158,555.45 "
,TOTAL,,"1,960","$319,125.25 ","$251,754.16 "
21325,SG,,21,"$12,236.02 ","$9,788.83 "
,OTHER,,127,"$43,406.90 ","$34,374.05 "
,TOTAL,,148,"$55,642.92 ","$44,162.88 "
21330,SG,,9,"$6,460.61 ","$4,825.20 "
,OTHER,,126,"$57,628.67 ","$44,567.16 "
,TOTAL,,135,"$64,089.28 ","$49,392.36 "
21335,SG,,127,"$112,430.97 ","$89,329.92 "
,OTHER,,527,"$324,936.25 ","$256,132.64 "
,TOTAL,,654,"$437,367.22 ","$345,462.56 "
21336,SG,,34,"$20,558.48 ","$15,949.55 "
,OTHER,,142,"$69,951.56 ","$55,953.15 "
,TOTAL,,176,"$90,510.04 ","$71,902.70 "
21337,AS,,1,$33.94 ,$27.15 
,SG,,63,"$25,873.19 ","$20,488.95 "
,80'S,,1,$20.99 ,$16.79 
,OTHER,,317,"$74,175.76 ","$58,366.97 "
,TOTAL,,382,"$100,103.88 ","$78,899.86 "
21338,SG,,1,$584.12 ,$467.30 
,80'S,,3,$368.79 ,$295.02 
,OTHER,,37,"$21,445.01 ","$16,778.36 "
,TOTAL,,41,"$22,397.92 ","$17,540.68 "
21339,80'S,,2,$127.38 ,$101.90 
,OTHER,,11,"$4,989.82 ","$3,991.86 "
,TOTAL,,13,"$5,117.20 ","$4,093.76 "
21340,OTHER,,6,"$2,006.01 ","$1,604.80 "
,TOTAL,,6,"$2,006.01 ","$1,604.80 "
21343,OTHER,,25,"$25,007.43 ","$19,373.05 "
,TOTAL,,25,"$25,007.43 ","$19,373.05 "
21344,AS,,1,$181.64 ,$145.31 
,80'S,,1,$228.43 ,$182.74 
,OTHER,,54,"$66,703.52 ","$52,215.98 "
,TOTAL,,56,"$67,113.59 ","$52,544.03 "
21345,SG,,2,"$2,073.16 ","$1,575.59 "
,80'S,,1,$91.50 ,$73.20 
,OTHER,,11,"$5,944.67 ","$4,755.74 "
,TOTAL,,14,"$8,109.33 ","$6,404.53 "
21346,OTHER,,45,"$34,584.59 ","$27,182.92 "
,TOTAL,,45,"$34,584.59 ","$27,182.92 "
21347,AS,,1,$133.88 ,$107.10 
,80'S,,4,$613.79 ,$491.03 
,OTHER,,62,"$55,564.64 ","$44,451.70 "
,TOTAL,,67,"$56,312.31 ","$45,049.83 "
21348,80'S,,1,$161.67 ,$129.34 
,OTHER,,5,"$4,772.05 ","$3,817.65 "
,TOTAL,,6,"$4,933.72 ","$3,946.99 "
21355,SG,,1,$496.61 ,$397.29 
,OTHER,,21,"$5,314.20 ","$4,251.33 "
,TOTAL,,22,"$5,810.81 ","$4,648.62 "
21356,SG,,21,"$9,651.71 ","$7,348.00 "
,80'S,,2,$107.02 ,$41.62 
,OTHER,,121,"$37,376.07 ","$29,681.33 "
,TOTAL,,144,"$47,134.80 ","$37,070.95 "
21360,AS,,1,$39.63 ,$31.70 
,80'S,,4,$234.67 ,$187.74 
,OTHER,,101,"$37,506.14 ","$29,612.58 "
,TOTAL,,106,"$37,780.44 ","$29,832.02 "
21365,AS,,4,$533.29 ,$426.63 
,80'S,,36,"$5,258.68 ","$4,206.96 "
,OTHER,,557,"$523,011.04 ","$417,500.82 "
,TOTAL,,597,"$528,803.01 ","$422,134.41 "
21366,80'S,,2,$353.70 ,$282.96 
,OTHER,,13,"$12,353.35 ","$9,882.68 "
,TOTAL,,15,"$12,707.05 ","$10,165.64 "
21385,80'S,,5,$302.33 ,$241.87 
,OTHER,,58,"$31,160.37 ","$24,860.30 "
,TOTAL,,63,"$31,462.70 ","$25,102.17 "
21386,80'S,,3,$240.72 ,$192.58 
,OTHER,,89,"$44,290.65 ","$35,001.51 "
,TOTAL,,92,"$44,531.37 ","$35,194.09 "
21387,80'S,,1,$114.32 ,$91.46 
,OTHER,,44,"$23,601.08 ","$18,864.77 "
,TOTAL,,45,"$23,715.40 ","$18,956.23 "
21390,AS,,7,$705.61 ,$564.50 
,80'S,,60,"$5,980.68 ","$4,784.57 "
,OTHER,,764,"$472,781.26 ","$374,639.74 "
,TOTAL,,831,"$479,467.55 ","$379,988.81 "
21395,80'S,,1,$73.48 ,$58.78 
,OTHER,,25,"$15,116.19 ","$12,092.98 "
,TOTAL,,26,"$15,189.67 ","$12,151.76 "
21400,OTHER,,138,"$15,135.27 ","$11,924.41 "
,TOTAL,,138,"$15,135.27 ","$11,924.41 "
21401,SG,,1,$512.28 ,$409.82 
,80'S,,1,$22.21 ,$17.77 
,OTHER,,8,"$1,907.43 ","$1,334.14 "
,TOTAL,,10,"$2,441.92 ","$1,761.73 "
21406,AS,,4,$226.16 ,$180.93 
,OTHER,,78,"$26,721.51 ","$21,315.50 "
,TOTAL,,82,"$26,947.67 ","$21,496.43 "
21407,AS,,4,$199.97 ,$159.98 
,80'S,,19,"$1,174.20 ",$939.36 
,OTHER,,196,"$76,887.27 ","$61,123.71 "
,TOTAL,,219,"$78,261.44 ","$62,223.05 "
21408,OTHER,,17,"$9,702.79 ","$7,726.20 "
,TOTAL,,17,"$9,702.79 ","$7,726.20 "
21421,AS,,1,$70.08 ,$56.06 
,80'S,,1,$99.14 ,$79.31 
,OTHER,,38,"$16,613.20 ","$13,290.55 "
,TOTAL,,40,"$16,782.42 ","$13,425.92 "
21422,AS,,3,$184.79 ,$147.83 
,80'S,,7,$562.76 ,$450.20 
,OTHER,,107,"$49,143.09 ","$39,314.49 "
,TOTAL,,117,"$49,890.64 ","$39,912.52 "
21423,AS,,3,$262.23 ,$209.78 
,80'S,,8,$691.63 ,$553.31 
,OTHER,,87,"$45,387.78 ","$36,253.74 "
,TOTAL,,98,"$46,341.64 ","$37,016.83 "
21431,OTHER,,2,$651.90 ,$521.52 
,TOTAL,,2,$651.90 ,$521.52 
21432,AS,,1,$95.00 ,$76.00 
,80'S,,1,$47.38 ,$37.90 
,OTHER,,10,"$3,752.61 ","$3,002.09 "
,TOTAL,,12,"$3,894.99 ","$3,115.99 "
21433,80'S,,2,$476.02 ,$380.81 
,OTHER,,32,"$47,135.12 ","$37,708.10 "
,TOTAL,,34,"$47,611.14 ","$38,088.91 "
21435,80'S,,1,$199.57 ,$159.66 
,OTHER,,17,"$19,700.93 ","$15,760.77 "
,TOTAL,,18,"$19,900.50 ","$15,920.43 "
21436,AS,,1,$239.25 ,$191.40 
,OTHER,,8,"$13,285.15 ","$10,628.13 "
,TOTAL,,9,"$13,524.40 ","$10,819.53 "
21440,OTHER,,99,"$36,980.53 ","$29,306.49 "
,TOTAL,,99,"$36,980.53 ","$29,306.49 "
21445,80'S,,3,$207.02 ,$165.61 
,OTHER,,51,"$22,495.30 ","$17,813.40 "
,TOTAL,,54,"$22,702.32 ","$17,979.01 "
21450,OTHER,,116,"$41,193.94 ","$32,775.56 "
,TOTAL,,116,"$41,193.94 ","$32,775.56 "
21451,80'S,,1,$77.33 ,$61.86 
,OTHER,,90,"$39,075.67 ","$30,895.64 "
,TOTAL,,91,"$39,153.00 ","$30,957.50 "
21452,80'S,,1,$43.82 ,$35.06 
,OTHER,,19,"$5,338.68 ","$4,270.95 "
,TOTAL,,20,"$5,382.50 ","$4,306.01 "
21453,SG,,1,$508.58 ,$406.86 
,80'S,,2,$221.43 ,$177.14 
,OTHER,,333,"$198,771.05 ","$157,457.02 "
,TOTAL,,336,"$199,501.06 ","$158,041.02 "
21454,80'S,,1,$40.09 ,$32.07 
,OTHER,,27,"$11,322.77 ","$9,013.92 "
,TOTAL,,28,"$11,362.86 ","$9,045.99 "
21461,AS,,4,$274.41 ,$219.53 
,SG,,1,$644.80 ,$515.84 
,80'S,,10,"$1,230.70 ",$984.56 
,OTHER,,235,"$160,371.48 ","$127,578.58 "
,TOTAL,,250,"$162,521.39 ","$129,298.51 "
21462,SG,,5,"$3,474.59 ","$2,779.68 "
,80'S,,15,"$1,766.39 ","$1,413.12 "
,OTHER,,262,"$220,532.83 ","$174,986.78 "
,TOTAL,,282,"$225,773.81 ","$179,179.58 "
21465,80'S,,1,$129.28 ,$103.42 
,OTHER,,29,"$20,285.78 ","$16,228.60 "
,TOTAL,,30,"$20,415.06 ","$16,332.02 "
21470,AS,,1,$73.30 ,$58.64 
,80'S,,33,"$5,028.83 ","$4,023.01 "
,OTHER,,421,"$420,821.11 ","$334,431.39 "
,TOTAL,,455,"$425,923.24 ","$338,513.04 "
21480,SG,,2,$308.33 ,$246.67 
,OTHER,,"1,041","$40,101.88 ","$30,869.04 "
,TOTAL,,"1,043","$40,410.21 ","$31,115.71 "
21485,SG,,1,$432.22 ,$345.78 
,OTHER,,509,"$185,254.68 ","$146,148.60 "
,TOTAL,,510,"$185,686.90 ","$146,494.38 "
21490,SG,,3,"$1,522.35 ","$1,217.88 "
,80'S,,3,$269.96 ,$215.97 
,OTHER,,25,"$16,580.38 ","$13,215.73 "
,TOTAL,,31,"$18,372.69 ","$14,649.58 "
21495,OTHER,,3,"$1,340.16 ","$1,072.12 "
,TOTAL,,3,"$1,340.16 ","$1,072.12 "
21497,AS,,1,$33.12 ,$26.50 
,OTHER,,23,"$7,056.62 ","$5,645.31 "
,TOTAL,,24,"$7,089.74 ","$5,671.81 "
21499,AS,,1,$17.47 ,$13.98 
,80'S,,1,$12.21 ,$9.77 
,OTHER,,161,"$53,041.95 ","$42,244.67 "
,TOTAL,,163,"$53,071.63 ","$42,268.42 "
21501,SG,,63,"$26,971.92 ","$21,559.76 "
,OTHER,,"3,569","$932,800.67 ","$737,968.74 "
,TOTAL,,"3,632","$959,772.59 ","$759,528.50 "
21502,AS,,2,$103.27 ,$82.61 
,80'S,,4,$324.93 ,$259.95 
,OTHER,,41,"$16,224.90 ","$12,669.38 "
,TOTAL,,47,"$16,653.10 ","$13,011.94 "
21510,AS,,3,$118.20 ,$94.57 
,OTHER,,57,"$20,374.95 ","$16,299.96 "
,TOTAL,,60,"$20,493.15 ","$16,394.53 "
21550,OTHER,,"3,321","$548,197.72 ","$427,262.86 "
,TOTAL,,"3,321","$548,197.72 ","$427,262.86 "
21555,SG,,"1,669","$669,499.15 ","$528,894.80 "
,80'S,,1,$46.52 ,$37.22 
,OTHER,,"8,597","$2,415,545.69 ","$1,890,833.72 "
,TOTAL,,"10,267","$3,085,091.36 ","$2,419,765.74 "
21556,AS,,1,$51.65 ,$41.32 
,SG,,"1,029","$426,672.78 ","$337,211.52 "
,OTHER,,"5,606","$1,900,846.97 ","$1,497,583.42 "
,TOTAL,,"6,636","$2,327,571.40 ","$1,834,836.26 "
21557,AS,,52,"$3,317.64 ","$2,654.09 "
,80'S,,116,"$8,306.10 ","$6,578.70 "
,OTHER,,"1,818","$794,684.62 ","$630,669.57 "
,TOTAL,,"1,986","$806,308.36 ","$639,902.36 "
21600,AS,,48,"$2,095.35 ","$1,676.30 "
,SG,,2,$653.86 ,$523.08 
,80'S,,143,"$6,456.93 ","$5,119.56 "
,OTHER,,955,"$283,295.80 ","$224,859.09 "
,TOTAL,,"1,148","$292,501.94 ","$232,178.03 "
21610,AS,,3,$198.32 ,$158.66 
,80'S,,7,$820.88 ,$656.71 
,OTHER,,47,"$27,823.30 ","$22,120.25 "
,TOTAL,,57,"$28,842.50 ","$22,935.62 "
21615,AS,,7,$471.17 ,$376.93 
,80'S,,12,$796.87 ,$613.40 
,OTHER,,84,"$42,605.99 ","$33,533.15 "
,TOTAL,,103,"$43,874.03 ","$34,523.48 "
21620,AS,,42,"$1,869.43 ","$1,495.57 "
,80'S,,27,"$1,477.74 ","$1,182.21 "
,OTHER,,344,"$114,216.70 ","$90,576.69 "
,TOTAL,,413,"$117,563.87 ","$93,254.47 "
21627,AS,,324,"$20,364.92 ","$16,234.62 "
,80'S,,186,"$12,929.12 ","$10,337.01 "
,OTHER,,"2,758","$1,074,234.62 ","$855,854.42 "
,TOTAL,,"3,268","$1,107,528.66 ","$882,426.05 "
21630,AS,,26,"$3,388.06 ","$2,646.19 "
,80'S,,22,"$2,774.22 ","$2,219.38 "
,OTHER,,295,"$234,671.57 ","$186,479.88 "
,TOTAL,,343,"$240,833.85 ","$191,345.45 "
21632,AS,,22,"$1,838.53 ","$1,470.81 "
,80'S,,12,"$1,303.63 ","$1,042.88 "
,OTHER,,80,"$51,691.73 ","$41,299.83 "
,TOTAL,,114,"$54,833.89 ","$43,813.52 "
21685,80'S,,9,$906.72 ,$722.79 
,OTHER,,134,"$99,478.05 ","$77,143.17 "
,TOTAL,,143,"$100,384.77 ","$77,865.96 "
21700,AS,,5,$207.18 ,$165.76 
,80'S,,6,$222.01 ,$177.62 
,OTHER,,76,"$15,706.96 ","$11,917.50 "
,TOTAL,,87,"$16,136.15 ","$12,260.88 "
21705,80'S,,1,$46.72 ,$37.38 
,OTHER,,13,"$5,041.24 ","$3,928.21 "
,TOTAL,,14,"$5,087.96 ","$3,965.59 "
21720,AS,,4,$90.30 ,$70.49 
,SG,,1,$254.26 ,$203.41 
,80'S,,1,$32.18 ,$25.74 
,OTHER,,15,"$3,127.56 ","$2,502.05 "
,TOTAL,,21,"$3,504.30 ","$2,801.69 "
21725,OTHER,,1,$498.44 ,$398.75 
,TOTAL,,1,$498.44 ,$398.75 
21740,AS,,3,$350.78 ,$280.63 
,80'S,,4,$614.07 ,$491.26 
,OTHER,,20,"$15,724.28 ","$12,466.83 "
,TOTAL,,27,"$16,689.13 ","$13,238.72 "
21750,AS,,340,"$28,343.11 ","$22,589.14 "
,80'S,,158,"$14,365.40 ","$11,380.97 "
,OTHER,,"1,778","$936,597.13 ","$743,391.56 "
,TOTAL,,"2,276","$979,305.64 ","$777,361.67 "
21800,OTHER,,"22,142","$1,448,120.67 ","$1,121,995.43 "
,TOTAL,,"22,142","$1,448,120.67 ","$1,121,995.43 "
21805,OTHER,,24,"$3,976.69 ","$3,105.60 "
,TOTAL,,24,"$3,976.69 ","$3,105.60 "
21810,AS,,10,$371.94 ,$297.55 
,80'S,,2,$110.37 ,$88.30 
,OTHER,,23,"$6,207.87 ","$4,966.27 "
,TOTAL,,35,"$6,690.18 ","$5,352.12 "
21820,OTHER,,179,"$17,616.19 ","$13,470.98 "
,TOTAL,,179,"$17,616.19 ","$13,470.98 "
21825,AS,,63,"$3,039.87 ","$2,431.79 "
,80'S,,63,"$3,122.95 ","$2,498.16 "
,OTHER,,298,"$101,736.28 ","$81,196.50 "
,TOTAL,,424,"$107,899.10 ","$86,126.45 "
21899,80'S,,4,"$1,049.40 ",$839.51 
,OTHER,,135,"$49,114.55 ","$39,201.10 "
,TOTAL,,139,"$50,163.95 ","$40,040.61 "
21920,OTHER,,"1,482","$266,295.18 ","$206,102.51 "
,TOTAL,,"1,482","$266,295.18 ","$206,102.51 "
21925,SG,,78,"$32,655.13 ","$25,614.53 "
,OTHER,,682,"$187,972.78 ","$146,922.31 "
,TOTAL,,760,"$220,627.91 ","$172,536.84 "
21930,AS,,1,$52.05 ,$41.64 
,SG,,"1,848","$742,243.27 ","$583,032.18 "
,80'S,,1,$52.05 ,$41.64 
,OTHER,,"9,168","$2,888,062.40 ","$2,260,835.69 "
,TOTAL,,"11,018","$3,630,409.77 ","$2,843,951.15 "
21935,SG,,150,"$62,600.27 ","$49,318.00 "
,OTHER,,"1,413","$1,466,658.22 ","$1,163,381.67 "
,TOTAL,,"1,563","$1,529,258.49 ","$1,212,699.67 "
22010,AS,,14,"$1,312.31 ","$1,049.83 "
,80'S,,6,$686.81 ,$549.45 
,OTHER,,452,"$281,583.00 ","$222,758.52 "
,TOTAL,,472,"$283,582.12 ","$224,357.80 "
22015,AS,,9,"$1,007.21 ",$805.79 
,80'S,,2,$220.62 ,$176.50 
,OTHER,,"1,558","$959,064.97 ","$759,805.64 "
,TOTAL,,"1,569","$960,292.80 ","$760,787.93 "
22100,AS,,22,"$1,451.77 ","$1,161.38 "
,80'S,,27,"$2,130.38 ","$1,704.30 "
,OTHER,,98,"$48,769.52 ","$38,925.35 "
,TOTAL,,147,"$52,351.67 ","$41,791.03 "
22101,AS,,11,$877.66 ,$702.11 
,80'S,,8,$733.41 ,$586.73 
,OTHER,,63,"$34,119.90 ","$27,032.25 "
,TOTAL,,82,"$35,730.97 ","$28,321.09 "
22102,AS,,293,"$26,190.59 ","$20,448.56 "
,80'S,,250,"$25,417.73 ","$20,175.94 "
,OTHER,,"1,298","$805,160.00 ","$640,953.21 "
,TOTAL,,"1,841","$856,768.32 ","$681,577.71 "
22103,AS,,142,"$2,668.17 ","$2,134.62 "
,80'S,,297,"$7,186.49 ","$5,740.66 "
,OTHER,,997,"$143,940.85 ","$114,879.29 "
,TOTAL,,"1,436","$153,795.51 ","$122,754.57 "
22110,AS,,12,"$1,083.43 ",$866.74 
,80'S,,11,"$1,425.40 ","$1,140.30 "
,OTHER,,81,"$56,726.60 ","$45,381.26 "
,TOTAL,,104,"$59,235.43 ","$47,388.30 "
22112,AS,,3,$242.03 ,$193.62 
,80'S,,3,$281.39 ,$225.11 
,OTHER,,16,"$10,346.55 ","$8,277.23 "
,TOTAL,,22,"$10,869.97 ","$8,695.96 "
22114,AS,,23,"$1,660.58 ","$1,328.48 "
,80'S,,28,"$2,291.55 ","$1,750.73 "
,OTHER,,102,"$58,097.48 ","$46,373.35 "
,TOTAL,,153,"$62,049.61 ","$49,452.56 "
22116,AS,,5,$95.16 ,$76.13 
,80'S,,25,$529.22 ,$423.32 
,OTHER,,85,"$11,267.19 ","$9,013.79 "
,TOTAL,,115,"$11,891.57 ","$9,513.24 "
22210,AS,,23,"$5,186.64 ","$4,131.29 "
,80'S,,17,"$4,000.87 ","$3,120.46 "
,OTHER,,110,"$160,216.87 ","$128,173.45 "
,TOTAL,,150,"$169,404.38 ","$135,425.20 "
22212,AS,,80,"$9,518.63 ","$7,614.87 "
,80'S,,85,"$11,997.44 ","$9,542.07 "
,OTHER,,356,"$333,411.60 ","$265,779.98 "
,TOTAL,,521,"$354,927.67 ","$282,936.92 "
22214,AS,,623,"$68,779.06 ","$54,831.59 "
,80'S,,456,"$57,399.59 ","$45,712.40 "
,OTHER,,"1,773","$1,401,339.98 ","$1,113,536.00 "
,TOTAL,,"2,852","$1,527,518.63 ","$1,214,079.99 "
22216,AS,,874,"$43,784.22 ","$34,943.03 "
,80'S,,632,"$36,926.43 ","$29,431.20 "
,OTHER,,"2,518","$916,762.23 ","$730,160.35 "
,TOTAL,,"4,024","$997,472.88 ","$794,534.58 "
22220,AS,,48,"$7,440.90 ","$5,630.80 "
,80'S,,34,"$5,990.84 ","$4,792.67 "
,OTHER,,165,"$186,953.75 ","$144,759.57 "
,TOTAL,,247,"$200,385.49 ","$155,183.04 "
22222,AS,,6,$644.85 ,$515.88 
,80'S,,4,$623.55 ,$498.84 
,OTHER,,64,"$25,787.07 ","$20,303.86 "
,TOTAL,,74,"$27,055.47 ","$21,318.58 "
22224,AS,,49,"$7,175.93 ","$5,728.58 "
,80'S,,48,"$8,773.01 ","$7,018.44 "
,OTHER,,240,"$259,978.53 ","$207,624.28 "
,TOTAL,,337,"$275,927.47 ","$220,371.30 "
22226,AS,,74,"$3,651.60 ","$2,917.29 "
,80'S,,81,"$4,688.85 ","$3,751.08 "
,OTHER,,333,"$118,780.07 ","$94,450.96 "
,TOTAL,,488,"$127,120.52 ","$101,119.33 "
22305,OTHER,,"2,821","$426,381.20 ","$332,921.85 "
,TOTAL,,"2,821","$426,381.20 ","$332,921.85 "
22310,SG,,1,$50.22 ,$40.18 
,OTHER,,"9,361","$2,170,735.84 ","$1,713,209.35 "
,TOTAL,,"9,362","$2,170,786.06 ","$1,713,249.53 "
22315,OTHER,,697,"$447,770.57 ","$353,399.50 "
,TOTAL,,697,"$447,770.57 ","$353,399.50 "
22318,AS,,134,"$25,120.11 ","$19,892.56 "
,80'S,,122,"$27,244.55 ","$21,716.67 "
,OTHER,,611,"$840,932.67 ","$668,722.13 "
,TOTAL,,867,"$893,297.33 ","$710,331.36 "
22319,AS,,3,$537.28 ,$429.83 
,80'S,,1,$255.87 ,$204.70 
,OTHER,,15,"$23,402.72 ","$18,722.18 "
,TOTAL,,19,"$24,195.87 ","$19,356.71 "
22325,AS,,550,"$55,155.34 ","$44,021.24 "
,80'S,,283,"$33,991.53 ","$27,106.98 "
,OTHER,,"1,628","$1,285,479.54 ","$1,020,406.65 "
,TOTAL,,"2,461","$1,374,626.41 ","$1,091,534.87 "
22326,AS,,158,"$20,982.13 ","$16,778.23 "
,80'S,,190,"$30,290.97 ","$23,950.72 "
,OTHER,,917,"$886,014.88 ","$702,007.49 "
,TOTAL,,"1,265","$937,287.98 ","$742,736.44 "
22327,AS,,162,"$23,798.13 ","$19,022.77 "
,80'S,,112,"$19,677.90 ","$15,712.03 "
,OTHER,,678,"$731,828.58 ","$582,060.79 "
,TOTAL,,952,"$775,304.61 ","$616,795.59 "
22328,AS,,302,"$11,216.39 ","$8,973.35 "
,80'S,,138,"$5,941.74 ","$4,749.99 "
,OTHER,,777,"$212,961.79 ","$169,411.50 "
,TOTAL,,"1,217","$230,119.92 ","$183,134.84 "
22505,SG,,161,"$66,292.39 ","$52,997.34 "
,80'S,,1,$9.33 ,$7.46 
,OTHER,,387,"$34,308.44 ","$27,134.67 "
,TOTAL,,549,"$100,610.16 ","$80,139.47 "
22520,AS,,1,$72.90 ,$58.32 
,SG,,520,"$674,954.53 ","$537,045.30 "
,80'S,,1,$95.56 ,$76.45 
,OTHER,,"14,280","$10,547,964.23 ","$8,408,941.62 "
,TOTAL,,"14,802","$11,223,087.22 ","$8,946,121.69 "
22521,SG,,536,"$676,362.21 ","$537,994.08 "
,OTHER,,"14,762","$10,273,378.23 ","$8,191,570.51 "
,TOTAL,,"15,298","$10,949,740.44 ","$8,729,564.59 "
22522,SG,,218,"$155,238.37 ","$123,998.19 "
,OTHER,,"6,765","$1,575,103.17 ","$1,256,603.33 "
,TOTAL,,"6,983","$1,730,341.54 ","$1,380,601.52 "
22523,AS,,2,$161.38 ,$129.10 
,OTHER,,"24,077","$13,781,575.53 ","$10,989,837.09 "
,TOTAL,,"24,079","$13,781,736.91 ","$10,989,966.19 "
22524,AS,,1,$72.20 ,$57.76 
,OTHER,,"25,591","$13,182,917.72 ","$10,510,237.93 "
,TOTAL,,"25,592","$13,182,989.92 ","$10,510,295.69 "
22525,AS,,1,$36.03 ,$28.82 
,OTHER,,"13,034","$3,387,929.40 ","$2,703,758.67 "
,TOTAL,,"13,035","$3,387,965.43 ","$2,703,787.49 "
22526,OTHER,,128,"$112,013.52 ","$89,506.06 "
,TOTAL,,128,"$112,013.52 ","$89,506.06 "
22527,OTHER,,56,"$20,432.56 ","$16,346.05 "
,TOTAL,,56,"$20,432.56 ","$16,346.05 "
22532,AS,,15,"$2,103.38 ","$1,673.99 "
,80'S,,20,"$2,873.85 ","$2,288.13 "
,OTHER,,144,"$145,839.44 ","$115,427.91 "
,TOTAL,,179,"$150,816.67 ","$119,390.03 "
22533,AS,,415,"$57,851.14 ","$45,936.42 "
,80'S,,197,"$36,316.47 ","$28,361.16 "
,OTHER,,"1,021","$1,060,956.50 ","$842,281.48 "
,TOTAL,,"1,633","$1,155,124.11 ","$916,579.06 "
22534,AS,,281,"$13,931.99 ","$11,111.08 "
,80'S,,163,"$9,156.24 ","$7,266.87 "
,OTHER,,785,"$279,164.29 ","$222,162.83 "
,TOTAL,,"1,229","$302,252.52 ","$240,540.78 "
22548,AS,,17,"$3,777.92 ","$3,022.33 "
,80'S,,9,"$2,115.48 ","$1,674.73 "
,OTHER,,77,"$115,893.64 ","$92,714.92 "
,TOTAL,,103,"$121,787.04 ","$97,411.98 "
22554,AS,,"10,076","$835,364.46 ","$663,374.70 "
,80'S,,"4,564","$470,765.14 ","$371,920.64 "
,OTHER,,"29,543","$18,374,531.53 ","$14,492,276.52 "
,TOTAL,,"44,183","$19,680,661.13 ","$15,527,571.86 "
22556,AS,,90,"$13,503.81 ","$10,803.08 "
,80'S,,125,"$21,866.17 ","$17,313.77 "
,OTHER,,883,"$856,890.45 ","$680,771.56 "
,TOTAL,,"1,098","$892,260.43 ","$708,888.41 "
22558,AS,,917,"$131,699.71 ","$105,022.83 "
,80'S,,701,"$120,193.25 ","$95,549.65 "
,OTHER,,"7,861","$6,492,985.26 ","$5,138,502.10 "
,TOTAL,,"9,479","$6,744,878.22 ","$5,339,074.58 "
22585,AS,,"8,914","$395,299.41 ","$313,941.56 "
,80'S,,"4,285","$222,501.57 ","$176,514.65 "
,OTHER,,"29,451","$9,184,377.95 ","$7,256,020.03 "
,TOTAL,,"42,650","$9,802,178.93 ","$7,746,476.24 "
22590,AS,,101,"$18,200.65 ","$14,350.84 "
,80'S,,131,"$27,901.95 ","$22,115.83 "
,OTHER,,634,"$808,636.51 ","$642,726.08 "
,TOTAL,,866,"$854,739.11 ","$679,192.75 "
22595,AS,,216,"$35,809.02 ","$28,604.91 "
,80'S,,234,"$46,673.24 ","$36,892.13 "
,OTHER,,"1,187","$1,426,353.23 ","$1,132,853.77 "
,TOTAL,,"1,637","$1,508,835.49 ","$1,198,350.81 "
22600,AS,,"1,689","$181,047.03 ","$143,891.81 "
,80'S,,"1,213","$164,210.45 ","$129,675.44 "
,OTHER,,"6,961","$5,424,264.05 ","$4,292,522.38 "
,TOTAL,,"9,863","$5,769,521.53 ","$4,566,089.63 "
22610,AS,,626,"$65,996.65 ","$52,633.86 "
,80'S,,569,"$70,775.50 ","$55,966.89 "
,OTHER,,"3,021","$2,267,970.90 ","$1,798,047.16 "
,TOTAL,,"4,216","$2,404,743.05 ","$1,906,647.91 "
22612,AS,,"19,489","$3,710,625.42 ","$2,947,711.97 "
,80'S,,"9,485","$2,141,100.84 ","$1,696,679.93 "
,OTHER,,"52,378","$73,121,269.32 ","$57,898,841.30 "
,TOTAL,,"81,352","$78,972,995.58 ","$62,543,233.20 "
22614,AS,,"24,529","$1,276,233.81 ","$1,015,922.71 "
,80'S,,"14,327","$878,163.97 ","$697,464.23 "
,OTHER,,"78,929","$30,153,895.00 ","$23,941,467.07 "
,TOTAL,,"117,785","$32,308,292.78 ","$25,654,854.01 "
22630,AS,,"8,794","$950,792.90 ","$755,866.77 "
,80'S,,"4,000","$530,709.85 ","$419,449.77 "
,OTHER,,"22,120","$18,223,903.63 ","$14,402,985.07 "
,TOTAL,,"34,914","$19,705,406.38 ","$15,578,301.61 "
22632,AS,,"3,292","$138,248.66 ","$109,929.54 "
,80'S,,"1,527","$75,414.51 ","$59,814.89 "
,OTHER,,"8,150","$2,503,973.44 ","$1,985,237.09 "
,TOTAL,,"12,969","$2,717,636.61 ","$2,154,981.52 "
22800,AS,,200,"$22,464.56 ","$17,867.31 "
,80'S,,178,"$23,822.67 ","$18,879.15 "
,OTHER,,679,"$574,119.17 ","$454,004.78 "
,TOTAL,,"1,057","$620,406.40 ","$490,751.24 "
22802,AS,,147,"$39,233.82 ","$31,190.93 "
,80'S,,220,"$68,611.20 ","$54,685.43 "
,OTHER,,753,"$1,397,188.77 ","$1,108,516.17 "
,TOTAL,,"1,120","$1,505,033.79 ","$1,194,392.53 "
22804,AS,,38,"$11,485.31 ","$9,188.25 "
,80'S,,54,"$19,809.68 ","$15,447.40 "
,OTHER,,224,"$492,197.48 ","$393,742.47 "
,TOTAL,,316,"$523,492.47 ","$418,378.12 "
22808,AS,,26,"$4,619.34 ","$3,695.46 "
,80'S,,39,"$8,357.61 ","$6,674.38 "
,OTHER,,254,"$340,021.63 ","$271,625.90 "
,TOTAL,,319,"$352,998.58 ","$281,995.74 "
22810,AS,,20,"$4,970.43 ","$3,976.37 "
,80'S,,20,"$5,615.52 ","$4,492.40 "
,OTHER,,169,"$225,166.50 ","$179,982.57 "
,TOTAL,,209,"$235,752.45 ","$188,451.34 "
22812,AS,,3,$950.87 ,$760.69 
,80'S,,6,"$1,710.42 ","$1,368.33 "
,OTHER,,21,"$35,289.41 ","$28,231.53 "
,TOTAL,,30,"$37,950.70 ","$30,360.55 "
22818,AS,,11,"$2,893.08 ","$2,314.47 "
,80'S,,28,"$9,240.01 ","$7,392.01 "
,OTHER,,64,"$124,553.11 ","$99,642.56 "
,TOTAL,,103,"$136,686.20 ","$109,349.04 "
22819,AS,,3,"$1,053.58 ",$842.86 
,80'S,,1,$376.15 ,$300.92 
,OTHER,,11,"$25,638.32 ","$20,510.67 "
,TOTAL,,15,"$27,068.05 ","$21,654.45 "
22830,AS,,"1,550","$90,336.75 ","$71,448.57 "
,80'S,,665,"$47,762.51 ","$37,748.08 "
,OTHER,,"4,607","$2,001,697.44 ","$1,583,271.43 "
,TOTAL,,"6,822","$2,139,796.70 ","$1,692,468.08 "
22840,AS,,"7,877","$787,918.04 ","$626,882.67 "
,80'S,,"3,675","$433,696.54 ","$343,624.57 "
,OTHER,,"21,168","$15,716,605.29 ","$12,436,728.30 "
,TOTAL,,"32,720","$16,938,219.87 ","$13,407,235.54 "
22842,AS,,"11,076","$1,125,283.97 ","$895,729.54 "
,80'S,,"6,397","$769,427.92 ","$610,284.78 "
,OTHER,,"33,204","$24,958,491.36 ","$19,783,391.70 "
,TOTAL,,"50,677","$26,853,203.25 ","$21,289,406.02 "
22843,AS,,680,"$73,017.62 ","$58,190.99 "
,80'S,,699,"$88,935.55 ","$70,459.20 "
,OTHER,,"3,072","$2,439,118.22 ","$1,939,559.26 "
,TOTAL,,"4,451","$2,601,071.39 ","$2,068,209.45 "
22844,AS,,72,"$9,498.32 ","$7,598.67 "
,80'S,,82,"$12,811.47 ","$10,217.55 "
,OTHER,,349,"$334,435.02 ","$266,008.24 "
,TOTAL,,503,"$356,744.81 ","$283,824.46 "
22845,AS,,"8,363","$803,952.13 ","$637,864.74 "
,80'S,,"4,185","$473,415.67 ","$373,948.58 "
,OTHER,,"25,820","$18,298,558.49 ","$14,423,848.09 "
,TOTAL,,"38,368","$19,575,926.29 ","$15,435,661.41 "
22846,AS,,"1,819","$183,472.13 ","$145,458.90 "
,80'S,,752,"$88,931.89 ","$70,491.85 "
,OTHER,,"5,106","$3,783,833.13 ","$2,989,942.15 "
,TOTAL,,"7,677","$4,056,237.15 ","$3,205,892.90 "
22847,AS,,15,"$1,657.38 ","$1,317.25 "
,80'S,,14,"$1,693.92 ","$1,259.62 "
,OTHER,,62,"$50,835.91 ","$39,395.12 "
,TOTAL,,91,"$54,187.21 ","$41,971.99 "
22848,AS,,263,"$12,564.00 ","$10,019.73 "
,80'S,,249,"$14,091.82 ","$11,126.77 "
,OTHER,,995,"$350,487.95 ","$278,019.29 "
,TOTAL,,"1,507","$377,143.77 ","$299,165.79 "
22849,AS,,835,"$83,605.86 ","$66,422.03 "
,80'S,,460,"$52,865.84 ","$41,620.42 "
,OTHER,,"2,455","$1,755,433.84 ","$1,383,794.81 "
,TOTAL,,"3,750","$1,891,905.54 ","$1,491,837.26 "
22850,AS,,853,"$44,524.12 ","$35,180.75 "
,80'S,,431,"$25,386.95 ","$20,092.19 "
,OTHER,,"2,375","$904,618.14 ","$714,783.16 "
,TOTAL,,"3,659","$974,529.21 ","$770,056.10 "
22851,AS,,"21,970","$1,179,589.97 ","$938,691.97 "
,80'S,,"10,164","$640,870.31 ","$507,587.68 "
,OTHER,,"58,454","$22,929,833.53 ","$18,138,135.78 "
,TOTAL,,"90,588","$24,750,293.81 ","$19,584,415.43 "
22852,AS,,"1,966","$98,731.87 ","$78,171.84 "
,80'S,,986,"$57,720.53 ","$45,441.19 "
,OTHER,,"5,849","$2,178,457.37 ","$1,716,766.61 "
,TOTAL,,"8,801","$2,334,909.77 ","$1,840,379.64 "
22855,AS,,702,"$54,374.48 ","$42,948.83 "
,80'S,,341,"$31,983.85 ","$25,304.53 "
,OTHER,,"2,173","$1,252,570.70 ","$983,062.30 "
,TOTAL,,"3,216","$1,338,929.03 ","$1,051,315.66 "
22857,AS,,2,$263.79 ,$211.03 
,80'S,,6,"$1,257.21 ",$845.25 
,OTHER,,28,"$26,146.36 ","$20,132.85 "
,TOTAL,,36,"$27,667.36 ","$21,189.13 "
22865,OTHER,,1,"$1,469.53 ","$1,175.62 "
,TOTAL,,1,"$1,469.53 ","$1,175.62 "
22899,AS,,197,"$33,566.63 ","$26,853.24 "
,80'S,,138,"$12,980.10 ","$10,372.04 "
,OTHER,,"2,073","$1,131,347.69 ","$902,655.43 "
,TOTAL,,"2,408","$1,177,894.42 ","$939,880.71 "
22900,AS,,86,"$3,154.11 ","$2,523.31 "
,SG,,309,"$177,039.38 ","$140,275.97 "
,80'S,,138,"$5,077.72 ","$4,025.50 "
,OTHER,,"2,951","$863,436.62 ","$680,114.49 "
,TOTAL,,"3,484","$1,048,707.83 ","$826,939.27 "
22999,AS,,3,$112.59 ,$90.07 
,80'S,,2,$173.79 ,$139.03 
,OTHER,,264,"$94,523.49 ","$75,613.82 "
,TOTAL,,269,"$94,809.87 ","$75,842.92 "
23000,AS,,17,$443.04 ,$354.43 
,SG,,15,"$3,984.04 ","$3,082.44 "
,80'S,,4,$123.99 ,$99.18 
,OTHER,,136,"$26,571.34 ","$21,118.07 "
,TOTAL,,172,"$31,122.41 ","$24,654.12 "
23020,AS,,92,"$5,121.23 ","$4,067.40 "
,SG,,49,"$12,021.35 ","$9,401.17 "
,80'S,,84,"$4,591.92 ","$3,626.62 "
,OTHER,,466,"$178,417.56 ","$141,542.32 "
,TOTAL,,691,"$200,152.06 ","$158,637.51 "
23030,AS,,1,$32.33 ,$25.86 
,SG,,36,"$11,267.90 ","$8,794.76 "
,OTHER,,"1,257","$278,468.77 ","$219,901.53 "
,TOTAL,,"1,294","$289,769.00 ","$228,722.15 "
23031,SG,,4,"$1,342.77 ","$1,074.22 "
,OTHER,,243,"$53,201.68 ","$42,249.38 "
,TOTAL,,247,"$54,544.45 ","$43,323.60 "
23035,AS,,14,$881.42 ,$705.14 
,SG,,1,$252.50 ,$202.00 
,80'S,,9,$804.39 ,$643.49 
,OTHER,,115,"$62,702.74 ","$49,952.62 "
,TOTAL,,139,"$64,641.05 ","$51,503.25 "
23040,AS,,134,"$10,659.90 ","$8,465.93 "
,SG,,20,"$9,252.07 ","$7,401.67 "
,80'S,,29,"$2,714.14 ","$2,139.64 "
,OTHER,,739,"$422,482.83 ","$335,161.28 "
,TOTAL,,922,"$445,108.94 ","$353,168.52 "
23044,SG,,9,"$4,086.17 ","$3,268.93 "
,OTHER,,184,"$75,521.85 ","$59,861.20 "
,TOTAL,,193,"$79,608.02 ","$63,130.13 "
23065,OTHER,,388,"$58,613.40 ","$45,147.11 "
,TOTAL,,388,"$58,613.40 ","$45,147.11 "
23066,SG,,26,"$10,193.68 ","$8,154.96 "
,OTHER,,342,"$93,453.37 ","$73,815.09 "
,TOTAL,,368,"$103,647.05 ","$81,970.05 "
23075,SG,,475,"$186,460.19 ","$146,971.28 "
,OTHER,,"2,097","$307,562.41 ","$238,785.87 "
,TOTAL,,"2,572","$494,022.60 ","$385,757.15 "
23076,SG,,363,"$143,321.54 ","$112,820.80 "
,80'S,,1,$48.15 ,$38.52 
,OTHER,,"1,950","$888,885.21 ","$700,582.02 "
,TOTAL,,"2,314","$1,032,254.90 ","$813,441.34 "
23077,AS,,25,"$3,525.71 ","$2,820.54 "
,SG,,84,"$31,383.76 ","$25,107.04 "
,80'S,,32,"$5,522.96 ","$4,418.36 "
,OTHER,,631,"$669,519.48 ","$531,354.11 "
,TOTAL,,772,"$709,951.91 ","$563,700.05 "
23100,AS,,4,$205.10 ,$164.08 
,SG,,3,$894.89 ,$570.53 
,80'S,,3,$109.96 ,$87.96 
,OTHER,,44,"$14,531.91 ","$11,571.42 "
,TOTAL,,54,"$15,741.86 ","$12,393.99 "
23101,SG,,22,"$19,218.79 ","$15,298.55 "
,80'S,,1,$41.25 ,$33.00 
,OTHER,,215,"$56,193.87 ","$44,819.99 "
,TOTAL,,238,"$75,453.91 ","$60,151.54 "
23105,AS,,25,"$1,406.61 ","$1,089.98 "
,SG,,11,"$6,351.91 ","$4,976.72 "
,80'S,,44,"$2,940.59 ","$2,352.49 "
,OTHER,,267,"$105,935.98 ","$84,269.94 "
,TOTAL,,347,"$116,635.09 ","$92,689.13 "
23106,OTHER,,16,"$5,988.17 ","$4,790.54 "
,TOTAL,,16,"$5,988.17 ","$4,790.54 "
23107,AS,,49,"$2,722.04 ","$2,177.65 "
,SG,,24,"$10,390.03 ","$8,312.00 "
,80'S,,26,"$2,042.17 ","$1,550.65 "
,OTHER,,250,"$110,577.63 ","$87,180.50 "
,TOTAL,,349,"$125,731.87 ","$99,220.80 "
23120,AS,,"3,827","$146,702.12 ","$116,020.80 "
,SG,,"3,551","$1,603,445.97 ","$1,265,365.77 "
,80'S,,830,"$37,029.99 ","$29,300.29 "
,OTHER,,"16,175","$4,376,077.56 ","$3,453,713.58 "
,TOTAL,,"24,383","$6,163,255.64 ","$4,864,400.44 "
23125,AS,,6,$449.32 ,$359.46 
,SG,,6,"$3,541.92 ","$2,425.19 "
,80'S,,8,$500.10 ,$367.28 
,OTHER,,63,"$29,233.20 ","$23,284.29 "
,TOTAL,,83,"$33,724.54 ","$26,436.22 "
23130,AS,,3,$147.85 ,$118.28 
,SG,,"1,295","$617,395.53 ","$486,898.30 "
,OTHER,,"6,275","$2,363,974.41 ","$1,857,033.49 "
,TOTAL,,"7,573","$2,981,517.79 ","$2,344,050.07 "
23140,SG,,30,"$16,001.13 ","$12,800.90 "
,OTHER,,180,"$65,189.08 ","$51,549.79 "
,TOTAL,,210,"$81,190.21 ","$64,350.69 "
23145,OTHER,,6,"$2,860.00 ","$2,287.99 "
,TOTAL,,6,"$2,860.00 ","$2,287.99 "
23146,OTHER,,6,"$2,030.59 ","$1,624.47 "
,TOTAL,,6,"$2,030.59 ","$1,624.47 "
23150,AS,,20,"$1,065.13 ",$852.07 
,SG,,13,"$5,900.35 ","$4,720.26 "
,80'S,,12,$603.16 ,$482.51 
,OTHER,,86,"$36,564.55 ","$29,123.01 "
,TOTAL,,131,"$44,133.19 ","$35,177.85 "
23155,80'S,,1,$57.11 ,$45.69 
,OTHER,,4,"$1,858.98 ","$1,487.19 "
,TOTAL,,5,"$1,916.09 ","$1,532.88 "
23156,AS,,7,$339.07 ,$211.76 
,SG,,1,$336.94 ,$269.55 
,80'S,,4,$294.66 ,$235.73 
,OTHER,,36,"$18,178.59 ","$14,001.55 "
,TOTAL,,48,"$19,149.26 ","$14,718.59 "
23170,SG,,1,$217.10 ,$173.68 
,OTHER,,37,"$13,654.92 ","$10,923.93 "
,TOTAL,,38,"$13,872.02 ","$11,097.61 "
23172,80'S,,6,$291.73 ,$233.40 
,OTHER,,13,"$4,524.07 ","$3,619.26 "
,TOTAL,,19,"$4,815.80 ","$3,852.66 "
23174,AS,,3,$269.66 ,$215.72 
,80'S,,12,"$1,136.05 ",$867.71 
,OTHER,,39,"$22,260.58 ","$17,311.95 "
,TOTAL,,54,"$23,666.29 ","$18,395.38 "
23180,SG,,14,"$5,923.33 ","$4,738.67 "
,OTHER,,243,"$122,083.93 ","$96,479.85 "
,TOTAL,,257,"$128,007.26 ","$101,218.52 "
23182,AS,,14,$697.86 ,$558.33 
,SG,,1,$607.73 ,$486.18 
,80'S,,5,$338.68 ,$270.94 
,OTHER,,66,"$29,077.83 ","$22,331.55 "
,TOTAL,,86,"$30,722.10 ","$23,647.00 "
23184,AS,,43,"$3,228.83 ","$2,583.04 "
,SG,,6,"$3,111.00 ","$2,488.79 "
,80'S,,16,"$1,196.43 ",$927.27 
,OTHER,,174,"$90,065.55 ","$70,715.37 "
,TOTAL,,239,"$97,601.81 ","$76,714.47 "
23190,AS,,8,$379.12 ,$295.88 
,SG,,1,$305.27 ,$244.22 
,80'S,,9,$408.74 ,$327.01 
,OTHER,,35,"$11,449.79 ","$8,916.72 "
,TOTAL,,53,"$12,542.92 ","$9,783.83 "
23195,AS,,14,"$1,165.89 ",$932.71 
,SG,,1,$338.69 ,$270.95 
,80'S,,2,$218.65 ,$174.92 
,OTHER,,62,"$36,670.87 ","$29,336.70 "
,TOTAL,,79,"$38,394.10 ","$30,715.28 "
23200,AS,,3,$213.89 ,$171.11 
,80'S,,3,$343.75 ,$275.00 
,OTHER,,52,"$32,845.92 ","$26,276.70 "
,TOTAL,,58,"$33,403.56 ","$26,722.81 "
23210,AS,,2,$176.12 ,$140.89 
,80'S,,2,$194.90 ,$155.92 
,OTHER,,42,"$29,018.64 ","$23,183.83 "
,TOTAL,,46,"$29,389.66 ","$23,480.64 "
23220,AS,,7,$796.65 ,$637.32 
,80'S,,3,$394.66 ,$315.73 
,OTHER,,38,"$28,685.22 ","$22,948.20 "
,TOTAL,,48,"$29,876.53 ","$23,901.25 "
23221,80'S,,1,$86.08 ,$68.86 
,OTHER,,1,$566.30 ,$453.04 
,TOTAL,,2,$652.38 ,$521.90 
23222,AS,,1,$223.87 ,$179.10 
,80'S,,3,$754.11 ,$603.28 
,OTHER,,53,"$84,146.42 ","$64,904.88 "
,TOTAL,,57,"$85,124.40 ","$65,687.26 "
23330,AS,,4,$47.33 ,$37.85 
,SG,,4,"$1,005.97 ",$773.04 
,80'S,,3,$30.17 ,$24.13 
,OTHER,,171,"$24,145.49 ","$18,641.99 "
,TOTAL,,182,"$25,228.96 ","$19,477.01 "
23331,AS,,76,"$3,455.91 ","$2,764.82 "
,SG,,4,$977.54 ,$782.03 
,80'S,,59,"$3,034.56 ","$2,427.62 "
,OTHER,,"1,036","$343,937.47 ","$273,816.19 "
,TOTAL,,"1,175","$351,405.48 ","$279,790.66 "
23332,AS,,186,"$14,005.24 ","$11,199.74 "
,80'S,,115,"$10,419.68 ","$8,188.09 "
,OTHER,,710,"$389,932.23 ","$307,484.80 "
,TOTAL,,"1,011","$414,357.15 ","$326,872.63 "
23350,OTHER,,"29,318","$2,852,678.45 ","$2,210,473.56 "
,TOTAL,,"29,318","$2,852,678.45 ","$2,210,473.56 "
23395,AS,,94,"$12,674.46 ","$9,964.34 "
,SG,,11,"$6,235.95 ","$4,988.76 "
,80'S,,50,"$6,869.23 ","$5,387.26 "
,OTHER,,430,"$390,962.59 ","$310,085.75 "
,TOTAL,,585,"$416,742.23 ","$330,426.11 "
23397,AS,,7,$714.64 ,$571.70 
,80'S,,7,$925.30 ,$740.22 
,OTHER,,52,"$40,509.38 ","$31,687.27 "
,TOTAL,,66,"$42,149.32 ","$32,999.19 "
23400,OTHER,,6,"$4,812.63 ","$3,850.10 "
,TOTAL,,6,"$4,812.63 ","$3,850.10 "
23405,AS,,477,"$19,675.35 ","$15,593.47 "
,SG,,145,"$33,249.88 ","$26,599.92 "
,80'S,,967,"$8,618.50 ","$6,778.07 "
,OTHER,,"1,671","$510,937.07 ","$405,170.55 "
,TOTAL,,"3,260","$572,480.80 ","$454,142.01 "
23406,AS,,5,$339.47 ,$271.58 
,SG,,7,"$2,012.74 ","$1,553.11 "
,80'S,,6,$428.80 ,$343.05 
,OTHER,,74,"$36,603.94 ","$29,283.17 "
,TOTAL,,92,"$39,384.95 ","$31,450.91 "
23410,AS,,"1,188","$128,669.33 ","$101,471.16 "
,SG,,"1,742","$1,157,950.44 ","$914,226.84 "
,80'S,,374,"$48,830.43 ","$38,713.31 "
,OTHER,,"5,161","$4,081,570.92 ","$3,220,079.14 "
,TOTAL,,"8,465","$5,417,021.12 ","$4,274,490.45 "
23412,AS,,"7,161","$831,550.62 ","$655,834.30 "
,SG,,"6,302","$6,196,297.79 ","$4,893,047.44 "
,80'S,,"1,473","$199,552.20 ","$156,503.02 "
,OTHER,,"25,710","$21,660,369.32 ","$17,059,865.17 "
,TOTAL,,"40,646","$28,887,769.93 ","$22,765,249.93 "
23415,SG,,236,"$135,269.94 ","$106,845.69 "
,OTHER,,"1,259","$634,815.67 ","$501,990.22 "
,TOTAL,,"1,495","$770,085.61 ","$608,835.91 "
23420,AS,,"3,212","$418,178.18 ","$329,794.29 "
,SG,,"1,805","$1,772,358.91 ","$1,400,266.62 "
,80'S,,"1,079","$165,496.68 ","$130,824.00 "
,OTHER,,"14,256","$13,593,197.18 ","$10,716,657.08 "
,TOTAL,,"20,352","$15,949,230.95 ","$12,577,541.99 "
23430,AS,,"2,016","$105,171.17 ","$83,673.33 "
,SG,,"1,308","$473,135.77 ","$374,469.51 "
,80'S,,595,"$37,034.47 ","$29,259.96 "
,OTHER,,"6,955","$2,679,754.04 ","$2,114,188.63 "
,TOTAL,,"10,874","$3,295,095.45 ","$2,601,591.43 "
23440,AS,,510,"$28,289.06 ","$22,481.61 "
,SG,,225,"$85,858.28 ","$68,646.39 "
,80'S,,151,"$10,668.99 ","$8,495.58 "
,OTHER,,"1,689","$705,619.72 ","$559,439.00 "
,TOTAL,,"2,575","$830,436.05 ","$659,062.58 "
23450,AS,,41,"$4,477.31 ","$3,439.13 "
,SG,,13,"$7,273.19 ","$5,818.55 "
,80'S,,25,"$2,953.15 ","$2,362.52 "
,OTHER,,174,"$126,027.15 ","$99,500.82 "
,TOTAL,,253,"$140,730.80 ","$111,121.02 "
23455,AS,,87,"$9,854.00 ","$7,883.20 "
,SG,,43,"$37,873.74 ","$29,495.99 "
,80'S,,49,"$6,693.76 ","$5,297.63 "
,OTHER,,402,"$320,802.12 ","$253,830.83 "
,TOTAL,,581,"$375,223.62 ","$296,507.65 "
23460,AS,,10,"$1,065.30 ",$852.24 
,SG,,4,"$2,989.04 ","$2,391.23 "
,80'S,,9,"$1,473.58 ","$1,178.85 "
,OTHER,,49,"$43,850.79 ","$35,080.62 "
,TOTAL,,72,"$49,378.71 ","$39,502.94 "
23462,AS,,12,"$1,546.40 ","$1,237.12 "
,80'S,,2,$315.91 ,$252.72 
,OTHER,,42,"$39,573.32 ","$31,602.08 "
,TOTAL,,56,"$41,435.63 ","$33,091.92 "
23465,AS,,26,"$2,313.15 ","$1,844.74 "
,SG,,5,"$2,486.86 ","$1,989.50 "
,80'S,,17,"$1,810.48 ","$1,448.38 "
,OTHER,,84,"$57,409.97 ","$45,927.96 "
,TOTAL,,132,"$64,020.46 ","$51,210.58 "
23466,AS,,48,"$6,249.25 ","$4,999.47 "
,SG,,9,"$7,301.62 ","$5,736.50 "
,80'S,,17,"$2,713.81 ","$2,171.07 "
,OTHER,,147,"$140,025.28 ","$107,921.30 "
,TOTAL,,221,"$156,289.96 ","$120,828.34 "
23470,AS,,"2,626","$404,535.51 ","$320,503.37 "
,80'S,,"1,452","$259,792.11 ","$205,710.76 "
,OTHER,,"9,126","$10,220,363.85 ","$8,102,708.90 "
,TOTAL,,"13,204","$10,884,691.47 ","$8,628,923.03 "
23472,AS,,"4,902","$931,099.44 ","$737,967.60 "
,80'S,,"2,592","$579,557.30 ","$458,990.17 "
,OTHER,,"14,968","$21,048,031.78 ","$16,675,834.12 "
,TOTAL,,"22,462","$22,558,688.52 ","$17,872,791.89 "
23480,SG,,5,"$2,214.43 ","$1,771.55 "
,OTHER,,95,"$53,745.67 ","$42,073.14 "
,TOTAL,,100,"$55,960.10 ","$43,844.69 "
23485,AS,,29,"$3,426.89 ","$2,741.50 "
,SG,,7,"$6,917.12 ","$5,428.89 "
,80'S,,12,"$1,581.99 ","$1,184.13 "
,OTHER,,132,"$113,723.22 ","$90,462.95 "
,TOTAL,,180,"$125,649.22 ","$99,817.47 "
23490,AS,,1,$103.13 ,$82.50 
,80'S,,2,$251.90 ,$201.52 
,OTHER,,12,"$8,630.72 ","$6,904.60 "
,TOTAL,,15,"$8,985.75 ","$7,188.62 "
23491,AS,,16,"$2,045.98 ","$1,532.00 "
,SG,,1,$511.77 ,$409.42 
,80'S,,14,"$1,912.36 ","$1,529.90 "
,OTHER,,67,"$60,668.16 ","$48,534.51 "
,TOTAL,,98,"$65,138.27 ","$52,005.83 "
23500,OTHER,,"11,718","$1,913,385.88 ","$1,485,517.50 "
,TOTAL,,"11,718","$1,913,385.88 ","$1,485,517.50 "
23505,OTHER,,288,"$85,706.66 ","$68,071.57 "
,TOTAL,,288,"$85,706.66 ","$68,071.57 "
23515,AS,,167,"$11,549.01 ","$9,101.96 "
,SG,,42,"$20,662.20 ","$16,243.94 "
,80'S,,51,"$3,923.20 ","$2,998.62 "
,OTHER,,808,"$390,269.88 ","$307,218.38 "
,TOTAL,,"1,068","$426,404.29 ","$335,562.90 "
23520,SG,,1,$97.90 ,$78.32 
,OTHER,,68,"$12,380.23 ","$9,271.66 "
,TOTAL,,69,"$12,478.13 ","$9,349.98 "
23525,OTHER,,27,"$6,997.64 ","$5,437.63 "
,TOTAL,,27,"$6,997.64 ","$5,437.63 "
23530,80'S,,2,$121.65 ,$97.32 
,OTHER,,14,"$5,267.21 ","$4,198.23 "
,TOTAL,,16,"$5,388.86 ","$4,295.55 "
23532,AS,,1,$36.27 ,$29.02 
,80'S,,2,$86.19 ,$68.95 
,OTHER,,4,"$1,329.86 ","$1,063.89 "
,TOTAL,,7,"$1,452.32 ","$1,161.86 "
23540,OTHER,,473,"$74,982.81 ","$57,218.69 "
,TOTAL,,473,"$74,982.81 ","$57,218.69 "
23545,80'S,,1,$43.71 ,$34.97 
,OTHER,,80,"$18,230.23 ","$14,216.54 "
,TOTAL,,81,"$18,273.94 ","$14,251.51 "
23550,AS,,66,"$3,886.00 ","$3,103.16 "
,SG,,51,"$20,105.53 ","$15,621.04 "
,80'S,,63,"$3,649.11 ","$2,867.35 "
,OTHER,,397,"$166,230.66 ","$131,401.50 "
,TOTAL,,577,"$193,871.30 ","$152,993.05 "
23552,AS,,29,"$2,078.26 ","$1,662.59 "
,SG,,4,"$2,512.22 ","$2,009.77 "
,80'S,,9,$827.88 ,$662.31 
,OTHER,,118,"$63,128.61 ","$49,683.01 "
,TOTAL,,160,"$68,546.97 ","$54,017.68 "
23570,OTHER,,"2,290","$411,284.88 ","$319,835.09 "
,TOTAL,,"2,290","$411,284.88 ","$319,835.09 "
23575,OTHER,,58,"$16,437.54 ","$12,885.84 "
,TOTAL,,58,"$16,437.54 ","$12,885.84 "
23585,AS,,80,"$4,975.17 ","$3,980.19 "
,SG,,14,"$4,858.29 ","$3,886.63 "
,80'S,,50,"$3,464.24 ","$2,609.48 "
,OTHER,,320,"$143,114.09 ","$113,397.39 "
,TOTAL,,464,"$156,411.79 ","$123,873.69 "
23600,AS,,1,$41.22 ,$32.98 
,OTHER,,"38,380","$9,887,428.79 ","$7,710,419.11 "
,TOTAL,,"38,381","$9,887,470.01 ","$7,710,452.09 "
23605,SG,,18,"$1,678.17 ","$1,262.85 "
,OTHER,,"2,403","$867,233.08 ","$683,604.39 "
,TOTAL,,"2,421","$868,911.25 ","$684,867.24 "
23615,AS,,"1,519","$147,234.08 ","$116,330.44 "
,SG,,43,"$25,811.11 ","$20,575.06 "
,80'S,,679,"$77,015.21 ","$61,148.95 "
,OTHER,,"7,446","$5,195,666.48 ","$4,126,302.36 "
,TOTAL,,"9,687","$5,445,726.88 ","$4,324,356.81 "
23616,AS,,887,"$165,195.08 ","$130,963.60 "
,80'S,,454,"$98,884.80 ","$78,586.05 "
,OTHER,,"3,524","$4,760,624.13 ","$3,789,952.02 "
,TOTAL,,"4,865","$5,024,704.01 ","$3,999,501.67 "
23620,OTHER,,"4,127","$838,758.38 ","$650,091.01 "
,TOTAL,,"4,127","$838,758.38 ","$650,091.01 "
23625,OTHER,,243,"$66,339.67 ","$52,904.68 "
,TOTAL,,243,"$66,339.67 ","$52,904.68 "
23630,AS,,177,"$10,333.98 ","$8,263.49 "
,SG,,46,"$29,200.40 ","$23,255.53 "
,80'S,,71,"$4,781.04 ","$3,820.10 "
,OTHER,,783,"$323,181.64 ","$256,819.37 "
,TOTAL,,"1,077","$367,497.06 ","$292,158.49 "
23650,SG,,2,$150.52 ,$120.42 
,OTHER,,"13,786","$2,770,896.86 ","$2,175,097.96 "
,TOTAL,,"13,788","$2,771,047.38 ","$2,175,218.38 "
23655,SG,,106,"$33,624.34 ","$26,333.48 "
,OTHER,,"3,386","$1,065,940.26 ","$841,150.64 "
,TOTAL,,"3,492","$1,099,564.60 ","$867,484.12 "
23660,AS,,35,"$1,559.79 ","$1,228.29 "
,SG,,1,$254.95 ,$203.96 
,80'S,,25,"$1,451.56 ","$1,096.41 "
,OTHER,,239,"$84,498.68 ","$67,191.40 "
,TOTAL,,300,"$87,764.98 ","$69,720.06 "
23665,SG,,2,$210.57 ,$168.45 
,OTHER,,753,"$248,589.61 ","$194,954.23 "
,TOTAL,,755,"$248,800.18 ","$195,122.68 "
23670,AS,,34,"$2,133.05 ","$1,640.40 "
,SG,,4,"$1,546.98 ",$972.50 
,80'S,,13,"$1,030.70 ",$824.56 
,OTHER,,170,"$79,696.35 ","$63,379.17 "
,TOTAL,,221,"$84,407.08 ","$66,816.63 "
23675,SG,,1,$103.50 ,$82.80 
,OTHER,,292,"$129,043.90 ","$102,510.75 "
,TOTAL,,293,"$129,147.40 ","$102,593.55 "
23680,AS,,24,"$1,732.25 ","$1,385.82 "
,SG,,1,$492.15 ,$393.72 
,80'S,,11,"$1,125.93 ",$900.74 
,OTHER,,142,"$82,223.98 ","$65,249.86 "
,TOTAL,,178,"$85,574.31 ","$67,930.14 "
23700,AS,,1,$24.95 ,$19.96 
,SG,,"1,436","$420,866.71 ","$329,407.23 "
,OTHER,,"5,081","$759,048.84 ","$592,316.62 "
,TOTAL,,"6,518","$1,179,940.50 ","$921,743.81 "
23800,AS,,5,$586.72 ,$469.38 
,SG,,2,"$1,285.15 ","$1,028.12 "
,80'S,,6,$837.45 ,$669.97 
,OTHER,,29,"$24,880.06 ","$19,241.03 "
,TOTAL,,42,"$27,589.38 ","$21,408.50 "
23802,AS,,2,$303.72 ,$242.98 
,80'S,,3,$507.78 ,$406.23 
,OTHER,,9,"$9,401.71 ","$7,521.37 "
,TOTAL,,14,"$10,213.21 ","$8,170.58 "
23900,AS,,1,$184.68 ,$147.74 
,80'S,,6,"$1,149.69 ",$919.76 
,OTHER,,24,"$29,336.84 ","$23,125.38 "
,TOTAL,,31,"$30,671.21 ","$24,192.88 "
23920,80'S,,4,$598.31 ,$478.65 
,OTHER,,39,"$37,473.54 ","$29,978.81 "
,TOTAL,,43,"$38,071.85 ","$30,457.46 "
23921,OTHER,,2,$826.25 ,$661.00 
,TOTAL,,2,$826.25 ,$661.00 
23929,AS,,91,"$8,564.19 ","$6,851.32 "
,80'S,,28,"$5,826.33 ","$4,661.06 "
,OTHER,,621,"$391,534.23 ","$312,200.79 "
,TOTAL,,740,"$405,924.75 ","$323,713.17 "
23930,AS,,1,$16.20 ,$12.96 
,SG,,69,"$20,917.66 ","$16,366.09 "
,OTHER,,"2,153","$400,140.42 ","$314,817.03 "
,TOTAL,,"2,223","$421,074.28 ","$331,196.08 "
23931,AS,,1,$28.79 ,$23.03 
,SG,,44,"$17,653.93 ","$13,745.86 "
,OTHER,,"1,612","$283,555.89 ","$220,219.96 "
,TOTAL,,"1,657","$301,238.61 ","$233,988.85 "
23935,AS,,9,$420.56 ,$336.46 
,SG,,10,"$3,583.78 ","$2,841.46 "
,80'S,,5,$265.30 ,$212.24 
,OTHER,,284,"$113,555.24 ","$90,482.43 "
,TOTAL,,308,"$117,824.88 ","$93,872.59 "
24000,AS,,11,$578.81 ,$439.35 
,SG,,23,"$14,235.62 ","$10,998.00 "
,80'S,,3,$97.38 ,$77.90 
,OTHER,,468,"$166,338.85 ","$130,112.05 "
,TOTAL,,505,"$181,250.66 ","$141,627.30 "
24006,AS,,22,"$1,650.72 ","$1,320.58 "
,SG,,16,"$8,342.08 ","$6,673.67 "
,80'S,,6,$498.96 ,$399.17 
,OTHER,,136,"$73,596.51 ","$58,448.65 "
,TOTAL,,180,"$84,088.27 ","$66,842.07 "
24065,OTHER,,794,"$133,615.07 ","$104,030.59 "
,TOTAL,,794,"$133,615.07 ","$104,030.59 "
24066,SG,,37,"$14,744.03 ","$11,551.08 "
,OTHER,,449,"$147,764.14 ","$116,703.31 "
,TOTAL,,486,"$162,508.17 ","$128,254.39 "
24075,SG,,801,"$290,788.65 ","$228,304.00 "
,80'S,,1,$45.16 ,$36.13 
,OTHER,,"3,626","$953,470.21 ","$747,734.75 "
,TOTAL,,"4,428","$1,244,304.02 ","$976,074.88 "
24076,SG,,384,"$148,613.78 ","$117,523.78 "
,OTHER,,"1,802","$701,154.45 ","$552,709.45 "
,TOTAL,,"2,186","$849,768.23 ","$670,233.23 "
24077,AS,,30,"$3,022.82 ","$2,418.25 "
,SG,,107,"$45,532.95 ","$35,786.26 "
,80'S,,22,"$2,472.63 ","$1,978.11 "
,OTHER,,895,"$623,076.40 ","$496,142.72 "
,TOTAL,,"1,054","$674,104.80 ","$536,325.34 "
24100,OTHER,,12,"$3,978.79 ","$3,096.00 "
,TOTAL,,12,"$3,978.79 ","$3,096.00 "
24101,AS,,28,"$1,499.20 ","$1,183.45 "
,SG,,63,"$37,958.25 ","$29,830.91 "
,80'S,,11,$591.56 ,$473.25 
,OTHER,,296,"$106,054.51 ","$83,484.71 "
,TOTAL,,398,"$146,103.52 ","$114,972.32 "
24102,AS,,21,"$1,549.00 ","$1,239.22 "
,SG,,30,"$17,729.51 ","$13,673.08 "
,80'S,,7,$477.05 ,$381.64 
,OTHER,,209,"$101,173.15 ","$79,784.79 "
,TOTAL,,267,"$120,928.71 ","$95,078.73 "
24105,SG,,"1,259","$611,176.76 ","$479,172.72 "
,80'S,,2,$79.57 ,$63.66 
,OTHER,,"4,881","$1,326,020.73 ","$1,041,320.68 "
,TOTAL,,"6,142","$1,937,277.06 ","$1,520,557.06 "
24110,SG,,16,"$5,254.25 ","$4,126.16 "
,OTHER,,95,"$41,589.22 ","$32,669.45 "
,TOTAL,,111,"$46,843.47 ","$36,795.61 "
24115,OTHER,,1,$460.00 ,$368.00 
,TOTAL,,1,$460.00 ,$368.00 
24116,AS,,1,$53.96 ,$43.17 
,SG,,1,$474.76 ,$379.81 
,80'S,,4,$369.46 ,$295.57 
,OTHER,,18,"$12,066.06 ","$9,652.85 "
,TOTAL,,24,"$12,964.24 ","$10,371.40 "
24120,AS,,9,$570.43 ,$456.32 
,SG,,100,"$46,895.42 ","$37,185.62 "
,80'S,,1,$31.05 ,$24.84 
,OTHER,,252,"$109,104.67 ","$86,416.95 "
,TOTAL,,362,"$156,601.57 ","$124,083.73 "
24125,OTHER,,1,$490.37 ,$392.30 
,TOTAL,,1,$490.37 ,$392.30 
24126,AS,,2,$82.03 ,$65.63 
,SG,,1,$509.54 ,$407.63 
,OTHER,,9,"$4,476.83 ","$3,581.47 "
,TOTAL,,12,"$5,068.40 ","$4,054.73 "
24130,SG,,56,"$24,885.95 ","$19,771.19 "
,OTHER,,396,"$133,079.92 ","$104,151.63 "
,TOTAL,,452,"$157,965.87 ","$123,922.82 "
24134,AS,,5,$465.65 ,$372.52 
,80'S,,1,$68.69 ,$54.95 
,OTHER,,34,"$20,098.82 ","$16,024.85 "
,TOTAL,,40,"$20,633.16 ","$16,452.32 "
24136,OTHER,,2,"$1,178.09 ",$942.47 
,TOTAL,,2,"$1,178.09 ",$942.47 
24138,AS,,7,$527.85 ,$422.28 
,SG,,3,$885.66 ,$708.53 
,80'S,,1,$98.26 ,$78.61 
,OTHER,,52,"$28,095.94 ","$22,399.57 "
,TOTAL,,63,"$29,607.71 ","$23,608.99 "
24140,AS,,31,"$2,575.78 ","$2,060.61 "
,SG,,47,"$19,610.07 ","$15,644.57 "
,80'S,,10,$923.22 ,$712.41 
,OTHER,,226,"$134,130.87 ","$106,119.25 "
,TOTAL,,314,"$157,239.94 ","$124,536.84 "
24145,SG,,4,"$1,739.90 ","$1,287.12 "
,OTHER,,44,"$17,763.31 ","$14,210.71 "
,TOTAL,,48,"$19,503.21 ","$15,497.83 "
24147,SG,,99,"$34,404.09 ","$26,735.31 "
,OTHER,,511,"$270,482.34 ","$213,124.82 "
,TOTAL,,610,"$304,886.43 ","$239,860.13 "
24149,AS,,40,"$5,670.38 ","$4,536.33 "
,80'S,,13,"$2,041.92 ","$1,633.52 "
,OTHER,,194,"$195,928.58 ","$155,680.26 "
,TOTAL,,247,"$203,640.88 ","$161,850.11 "
24150,AS,,9,$800.14 ,$640.11 
,80'S,,1,$68.75 ,$55.00 
,OTHER,,57,"$44,320.76 ","$35,356.76 "
,TOTAL,,67,"$45,189.65 ","$36,051.87 "
24151,80'S,,1,$193.36 ,$154.69 
,OTHER,,1,$999.97 ,$799.98 
,TOTAL,,2,"$1,193.33 ",$954.67 
24152,OTHER,,4,"$2,001.07 ","$1,600.85 "
,TOTAL,,4,"$2,001.07 ","$1,600.85 "
24153,OTHER,,2,$624.16 ,$499.33 
,TOTAL,,2,$624.16 ,$499.33 
24155,80'S,,3,$385.08 ,$308.06 
,OTHER,,14,"$10,454.51 ","$8,336.05 "
,TOTAL,,17,"$10,839.59 ","$8,644.11 "
24160,SG,,17,"$6,043.38 ","$4,782.79 "
,OTHER,,300,"$115,942.20 ","$92,068.88 "
,TOTAL,,317,"$121,985.58 ","$96,851.67 "
24164,SG,,10,"$4,061.66 ","$3,193.13 "
,OTHER,,61,"$20,080.97 ","$15,178.57 "
,TOTAL,,71,"$24,142.63 ","$18,371.70 "
24200,AS,,1,$17.11 ,$13.69 
,OTHER,,260,"$37,751.69 ","$28,787.60 "
,TOTAL,,261,"$37,768.80 ","$28,801.29 "
24201,SG,,26,"$9,541.38 ","$7,406.32 "
,OTHER,,173,"$47,871.01 ","$37,782.67 "
,TOTAL,,199,"$57,412.39 ","$45,188.99 "
24220,OTHER,,216,"$26,962.66 ","$20,442.72 "
,TOTAL,,216,"$26,962.66 ","$20,442.72 "
24300,OTHER,,167,"$46,555.75 ","$36,964.87 "
,TOTAL,,167,"$46,555.75 ","$36,964.87 "
24301,AS,,10,$626.99 ,$501.59 
,SG,,19,"$8,608.86 ","$6,887.04 "
,80'S,,8,$644.73 ,$515.77 
,OTHER,,70,"$37,987.68 ","$29,078.32 "
,TOTAL,,107,"$47,868.26 ","$36,982.72 "
24305,AS,,18,"$1,048.59 ",$838.88 
,SG,,142,"$80,920.44 ","$63,863.76 "
,80'S,,5,$303.94 ,$243.16 
,OTHER,,683,"$315,319.92 ","$246,875.71 "
,TOTAL,,848,"$397,592.89 ","$311,821.51 "
24310,AS,,9,$265.36 ,$212.31 
,SG,,51,"$18,350.42 ","$14,033.70 "
,80'S,,1,$30.02 ,$24.02 
,OTHER,,231,"$59,171.82 ","$46,564.91 "
,TOTAL,,292,"$77,817.62 ","$60,834.94 "
24320,AS,,2,$149.11 ,$119.29 
,SG,,1,$508.52 ,$406.82 
,80'S,,2,$96.60 ,$77.28 
,OTHER,,22,"$13,114.67 ","$10,386.92 "
,TOTAL,,27,"$13,868.90 ","$10,990.31 "
24330,AS,,2,$182.40 ,$145.92 
,SG,,12,"$4,963.11 ","$3,970.49 "
,80'S,,2,$189.50 ,$151.60 
,OTHER,,55,"$29,699.84 ","$23,223.55 "
,TOTAL,,71,"$35,034.85 ","$27,491.56 "
24331,SG,,1,$497.17 ,$397.74 
,OTHER,,1,$903.04 ,$722.43 
,TOTAL,,2,"$1,400.21 ","$1,120.17 "
24332,OTHER,,37,"$14,243.43 ","$11,394.77 "
,TOTAL,,37,"$14,243.43 ","$11,394.77 "
24340,AS,,21,"$1,181.41 ",$945.11 
,SG,,53,"$20,367.50 ","$16,028.87 "
,80'S,,15,$905.30 ,$724.25 
,OTHER,,139,"$55,732.07 ","$43,160.41 "
,TOTAL,,228,"$78,186.28 ","$60,858.64 "
24341,AS,,105,"$7,727.34 ","$6,096.06 "
,SG,,150,"$64,643.32 ","$50,800.09 "
,80'S,,35,"$3,235.40 ","$2,537.09 "
,OTHER,,613,"$326,151.93 ","$258,554.27 "
,TOTAL,,903,"$401,757.99 ","$317,987.51 "
24342,AS,,185,"$17,639.97 ","$13,867.01 "
,SG,,188,"$90,612.38 ","$71,595.82 "
,80'S,,68,"$7,527.17 ","$5,768.81 "
,OTHER,,930,"$648,033.93 ","$509,067.17 "
,TOTAL,,"1,371","$763,813.45 ","$600,298.81 "
24343,AS,,50,"$2,836.07 ","$2,197.76 "
,80'S,,33,"$2,359.48 ","$1,862.40 "
,OTHER,,377,"$163,600.27 ","$129,628.00 "
,TOTAL,,460,"$168,795.82 ","$133,688.16 "
24344,AS,,6,$819.94 ,$655.95 
,80'S,,6,$852.84 ,$682.27 
,OTHER,,52,"$48,595.96 ","$36,716.91 "
,TOTAL,,64,"$50,268.74 ","$38,055.13 "
24345,AS,,15,$718.24 ,$476.38 
,SG,,8,"$1,984.51 ","$1,587.60 "
,80'S,,9,$625.23 ,$462.50 
,OTHER,,88,"$34,570.47 ","$27,489.19 "
,TOTAL,,120,"$37,898.45 ","$30,015.67 "
24346,AS,,2,$268.14 ,$214.52 
,80'S,,2,$253.47 ,$202.77 
,OTHER,,15,"$13,153.77 ","$10,523.02 "
,TOTAL,,19,"$13,675.38 ","$10,940.31 "
24350,AS,,10,$365.38 ,$292.28 
,SG,,187,"$88,315.96 ","$68,353.61 "
,OTHER,,427,"$147,896.23 ","$112,975.98 "
,TOTAL,,624,"$236,577.57 ","$181,621.87 "
24351,AS,,4,$215.38 ,$172.30 
,SG,,110,"$48,872.77 ","$37,616.60 "
,80'S,,1,$33.90 ,$27.12 
,OTHER,,345,"$131,659.77 ","$101,930.78 "
,TOTAL,,460,"$180,781.82 ","$139,746.80 "
24352,AS,,2,$124.02 ,$99.22 
,SG,,11,"$4,627.78 ","$3,702.21 "
,80'S,,2,$133.82 ,$107.06 
,OTHER,,26,"$11,536.79 ","$8,960.43 "
,TOTAL,,41,"$16,422.41 ","$12,868.92 "
24354,SG,,21,"$9,592.22 ","$7,228.71 "
,OTHER,,73,"$28,331.37 ","$20,916.42 "
,TOTAL,,94,"$37,923.59 ","$28,145.13 "
24356,AS,,40,"$2,103.32 ","$1,682.70 "
,SG,,362,"$170,835.73 ","$132,726.81 "
,80'S,,11,$784.77 ,$627.80 
,OTHER,,907,"$390,653.54 ","$301,938.79 "
,TOTAL,,"1,320","$564,377.36 ","$436,976.10 "
24360,AS,,4,$430.83 ,$344.66 
,SG,,4,"$2,772.93 ","$2,218.35 "
,80'S,,4,$522.88 ,$418.30 
,OTHER,,43,"$34,324.06 ","$27,126.44 "
,TOTAL,,55,"$38,050.70 ","$30,107.75 "
24361,AS,,12,"$1,526.56 ","$1,122.92 "
,SG,,2,"$1,406.85 ","$1,125.48 "
,80'S,,9,"$1,312.98 ","$1,050.38 "
,OTHER,,62,"$55,452.44 ","$43,710.27 "
,TOTAL,,85,"$59,698.83 ","$47,009.05 "
24362,AS,,3,$339.69 ,$271.75 
,OTHER,,8,"$6,768.21 ","$5,414.56 "
,TOTAL,,11,"$7,107.90 ","$5,686.31 "
24363,AS,,178,"$32,691.62 ","$26,009.62 "
,SG,,1,$969.98 ,$775.98 
,80'S,,147,"$31,975.51 ","$25,461.96 "
,OTHER,,"1,042","$1,405,588.48 ","$1,112,727.05 "
,TOTAL,,"1,368","$1,471,225.59 ","$1,164,974.61 "
24365,AS,,12,$700.54 ,$560.43 
,SG,,5,"$3,556.79 ","$2,845.44 "
,80'S,,7,$352.16 ,$281.73 
,OTHER,,65,"$26,627.32 ","$21,092.26 "
,TOTAL,,89,"$31,236.81 ","$24,779.86 "
24366,AS,,36,"$2,780.37 ","$2,189.25 "
,SG,,15,"$10,258.56 ","$8,206.85 "
,80'S,,25,"$2,074.21 ","$1,659.35 "
,OTHER,,236,"$122,673.81 ","$95,629.56 "
,TOTAL,,312,"$137,786.95 ","$107,685.01 "
24400,AS,,29,"$1,985.29 ","$1,588.25 "
,SG,,11,"$4,303.81 ","$3,443.02 "
,80'S,,20,"$1,641.42 ","$1,313.13 "
,OTHER,,158,"$82,321.14 ","$65,856.96 "
,TOTAL,,218,"$90,251.66 ","$72,201.36 "
24410,80'S,,3,$557.16 ,$445.74 
,OTHER,,4,"$4,052.12 ","$3,241.70 "
,TOTAL,,7,"$4,609.28 ","$3,687.44 "
24420,AS,,4,$444.45 ,$355.55 
,80'S,,7,$650.78 ,$520.62 
,OTHER,,28,"$18,176.78 ","$14,541.45 "
,TOTAL,,39,"$19,272.01 ","$15,417.62 "
24430,AS,,119,"$14,890.53 ","$11,866.14 "
,SG,,12,"$6,157.28 ","$4,925.82 "
,80'S,,76,"$10,987.31 ","$8,717.37 "
,OTHER,,607,"$546,827.73 ","$434,639.14 "
,TOTAL,,814,"$578,862.85 ","$460,148.47 "
24435,AS,,71,"$9,113.73 ","$7,290.97 "
,80'S,,53,"$7,922.76 ","$6,228.28 "
,OTHER,,379,"$358,800.59 ","$283,676.65 "
,TOTAL,,503,"$375,837.08 ","$297,195.90 "
24495,AS,,2,$118.03 ,$94.42 
,SG,,2,$483.92 ,$387.14 
,80'S,,2,$168.31 ,$134.65 
,OTHER,,136,"$72,242.59 ","$57,364.70 "
,TOTAL,,142,"$73,012.85 ","$57,980.91 "
24498,AS,,24,"$2,362.91 ","$1,881.81 "
,80'S,,10,$821.31 ,$657.04 
,OTHER,,155,"$109,787.55 ","$87,809.83 "
,TOTAL,,189,"$112,971.77 ","$90,348.68 "
24500,SG,,1,$109.04 ,$87.23 
,OTHER,,"6,007","$1,663,366.33 ","$1,299,888.34 "
,TOTAL,,"6,008","$1,663,475.37 ","$1,299,975.57 "
24505,SG,,2,$152.78 ,$122.23 
,OTHER,,"1,354","$549,624.50 ","$433,943.58 "
,TOTAL,,"1,356","$549,777.28 ","$434,065.81 "
24515,AS,,478,"$50,170.28 ","$39,643.34 "
,SG,,10,"$5,915.46 ","$4,732.36 "
,80'S,,252,"$30,780.45 ","$24,324.37 "
,OTHER,,"2,349","$1,757,680.12 ","$1,398,694.99 "
,TOTAL,,"3,089","$1,844,546.31 ","$1,467,395.06 "
24516,AS,,620,"$64,801.89 ","$51,438.33 "
,SG,,7,"$4,304.62 ","$3,443.70 "
,80'S,,252,"$29,893.51 ","$23,712.70 "
,OTHER,,"3,307","$2,491,036.82 ","$1,975,196.79 "
,TOTAL,,"4,186","$2,590,036.84 ","$2,053,791.52 "
24530,OTHER,,"1,856","$558,685.85 ","$438,182.84 "
,TOTAL,,"1,856","$558,685.85 ","$438,182.84 "
24535,SG,,2,$206.95 ,$83.26 
,OTHER,,349,"$177,044.34 ","$139,825.19 "
,TOTAL,,351,"$177,251.29 ","$139,908.45 "
24538,SG,,4,"$1,805.36 ","$1,444.30 "
,OTHER,,188,"$118,800.46 ","$93,391.72 "
,TOTAL,,192,"$120,605.82 ","$94,836.02 "
24545,AS,,188,"$17,526.21 ","$13,854.47 "
,SG,,13,"$8,320.92 ","$6,321.20 "
,80'S,,92,"$10,145.56 ","$8,053.69 "
,OTHER,,"1,123","$767,236.40 ","$607,763.04 "
,TOTAL,,"1,416","$803,229.09 ","$635,992.40 "
24546,AS,,170,"$23,563.79 ","$18,331.04 "
,SG,,7,"$4,910.89 ","$3,928.71 "
,80'S,,101,"$16,916.93 ","$13,509.17 "
,OTHER,,"1,097","$1,119,007.00 ","$887,828.48 "
,TOTAL,,"1,375","$1,164,398.61 ","$923,597.40 "
24560,OTHER,,520,"$122,354.17 ","$95,452.85 "
,TOTAL,,520,"$122,354.17 ","$95,452.85 "
24565,OTHER,,33,"$13,083.75 ","$10,420.60 "
,TOTAL,,33,"$13,083.75 ","$10,420.60 "
24566,OTHER,,17,"$9,166.88 ","$7,321.48 "
,TOTAL,,17,"$9,166.88 ","$7,321.48 "
24575,AS,,27,"$2,521.02 ","$2,016.81 "
,SG,,13,"$6,255.46 ","$4,899.58 "
,80'S,,10,$978.17 ,$782.54 
,OTHER,,162,"$106,328.16 ","$84,130.01 "
,TOTAL,,212,"$116,082.81 ","$91,828.94 "
24576,SG,,2,$105.47 ,$84.37 
,OTHER,,581,"$147,830.05 ","$115,516.88 "
,TOTAL,,583,"$147,935.52 ","$115,601.25 "
24577,OTHER,,48,"$19,521.66 ","$15,617.34 "
,TOTAL,,48,"$19,521.66 ","$15,617.34 "
24579,AS,,101,"$10,186.52 ","$8,149.25 "
,SG,,20,"$9,152.05 ","$7,123.44 "
,80'S,,40,"$4,857.87 ","$3,886.30 "
,OTHER,,529,"$389,207.43 ","$307,822.56 "
,TOTAL,,690,"$413,403.87 ","$326,981.55 "
24582,OTHER,,32,"$20,849.41 ","$16,142.54 "
,TOTAL,,32,"$20,849.41 ","$16,142.54 "
24586,AS,,53,"$7,351.76 ","$5,875.91 "
,SG,,23,"$13,727.30 ","$10,981.84 "
,80'S,,28,"$4,482.27 ","$3,577.45 "
,OTHER,,424,"$426,025.48 ","$337,858.63 "
,TOTAL,,528,"$451,586.81 ","$358,293.83 "
24587,AS,,16,"$2,001.02 ","$1,600.83 "
,SG,,1,$708.87 ,$567.10 
,80'S,,8,"$1,154.85 ",$923.87 
,OTHER,,105,"$101,918.65 ","$81,236.88 "
,TOTAL,,130,"$105,783.39 ","$84,328.68 "
24600,SG,,1,$110.21 ,$88.17 
,OTHER,,"1,483","$382,896.79 ","$302,151.89 "
,TOTAL,,"1,484","$383,007.00 ","$302,240.06 "
24605,SG,,15,"$6,486.68 ","$5,189.34 "
,OTHER,,729,"$265,557.08 ","$209,419.67 "
,TOTAL,,744,"$272,043.76 ","$214,609.01 "
24615,AS,,38,"$2,911.01 ","$2,256.07 "
,SG,,9,"$4,086.13 ","$3,268.90 "
,80'S,,17,"$1,373.80 ","$1,099.07 "
,OTHER,,290,"$152,747.37 ","$121,929.43 "
,TOTAL,,354,"$161,118.31 ","$128,553.47 "
24620,AS,,1,$73.07 ,$58.46 
,SG,,2,$155.66 ,$124.53 
,OTHER,,198,"$90,442.49 ","$71,635.65 "
,TOTAL,,201,"$90,671.22 ","$71,818.64 "
24635,AS,,60,"$8,544.16 ","$6,636.76 "
,SG,,12,"$5,726.61 ","$4,581.28 "
,80'S,,36,"$6,014.57 ","$4,714.08 "
,OTHER,,556,"$564,790.85 ","$448,606.75 "
,TOTAL,,664,"$585,076.19 ","$464,538.87 "
24640,OTHER,,67,"$4,777.68 ","$3,594.07 "
,TOTAL,,67,"$4,777.68 ","$3,594.07 "
24650,OTHER,,"8,264","$1,635,615.14 ","$1,258,145.98 "
,TOTAL,,"8,264","$1,635,615.14 ","$1,258,145.98 "
24655,AS,,1,$51.41 ,$41.13 
,SG,,2,$104.93 ,$83.94 
,OTHER,,355,"$111,090.59 ","$87,514.52 "
,TOTAL,,358,"$111,246.93 ","$87,639.59 "
24665,AS,,69,"$4,534.54 ","$3,627.60 "
,SG,,48,"$30,009.35 ","$23,470.37 "
,80'S,,32,"$2,075.14 ","$1,660.14 "
,OTHER,,529,"$237,101.11 ","$187,595.27 "
,TOTAL,,678,"$273,720.14 ","$216,353.38 "
24666,AS,,95,"$7,929.27 ","$6,343.49 "
,SG,,19,"$10,678.25 ","$8,542.60 "
,80'S,,57,"$5,678.49 ","$4,459.79 "
,OTHER,,619,"$372,813.24 ","$295,212.38 "
,TOTAL,,790,"$397,099.25 ","$314,558.26 "
24670,OTHER,,"2,203","$475,364.20 ","$369,785.63 "
,TOTAL,,"2,203","$475,364.20 ","$369,785.63 "
24675,SG,,2,$201.47 ,$161.18 
,OTHER,,170,"$62,154.96 ","$48,555.26 "
,TOTAL,,172,"$62,356.43 ","$48,716.44 "
24685,AS,,974,"$76,838.32 ","$60,705.54 "
,SG,,338,"$169,258.61 ","$133,625.27 "
,80'S,,305,"$26,325.85 ","$20,859.03 "
,OTHER,,"5,963","$3,360,280.44 ","$2,669,597.68 "
,TOTAL,,"7,580","$3,632,703.22 ","$2,884,787.52 "
24800,AS,,2,$206.45 ,$165.16 
,80'S,,2,$224.48 ,$179.59 
,OTHER,,14,"$9,817.85 ","$7,854.30 "
,TOTAL,,18,"$10,248.78 ","$8,199.05 "
24802,AS,,1,$124.89 ,$99.91 
,80'S,,3,$466.29 ,$373.03 
,OTHER,,4,"$3,833.33 ","$3,066.66 "
,TOTAL,,8,"$4,424.51 ","$3,539.60 "
24900,AS,,10,$896.57 ,$717.24 
,80'S,,11,"$1,142.00 ",$913.59 
,OTHER,,120,"$73,304.10 ","$58,526.88 "
,TOTAL,,141,"$75,342.67 ","$60,157.71 "
24920,80'S,,3,$332.02 ,$265.61 
,OTHER,,29,"$16,353.37 ","$13,082.68 "
,TOTAL,,32,"$16,685.39 ","$13,348.29 "
24925,80'S,,1,$84.22 ,$67.38 
,OTHER,,6,"$2,577.10 ","$2,061.68 "
,TOTAL,,7,"$2,661.32 ","$2,129.06 "
24930,AS,,2,$198.23 ,$158.58 
,OTHER,,23,"$14,308.88 ","$11,447.11 "
,TOTAL,,25,"$14,507.11 ","$11,605.69 "
24935,OTHER,,1,$860.81 ,$688.65 
,TOTAL,,1,$860.81 ,$688.65 
24999,AS,,2,$292.07 ,$233.66 
,80'S,,2,"$1,448.64 ","$1,158.91 "
,OTHER,,127,"$69,606.46 ","$55,522.06 "
,TOTAL,,131,"$71,347.17 ","$56,914.63 "
25000,SG,,"2,389","$1,096,387.81 ","$861,007.18 "
,80'S,,1,$33.49 ,$26.79 
,OTHER,,"5,837","$1,840,922.91 ","$1,443,917.46 "
,TOTAL,,"8,227","$2,937,344.21 ","$2,304,951.43 "
25001,OTHER,,153,"$29,367.89 ","$23,262.54 "
,TOTAL,,153,"$29,367.89 ","$23,262.54 "
25020,SG,,129,"$42,997.24 ","$33,856.26 "
,OTHER,,994,"$517,510.98 ","$410,238.33 "
,TOTAL,,"1,123","$560,508.22 ","$444,094.59 "
25023,AS,,1,$135.33 ,$108.26 
,SG,,8,"$3,611.02 ","$2,888.82 "
,OTHER,,90,"$89,302.99 ","$71,442.35 "
,TOTAL,,99,"$93,049.34 ","$74,439.43 "
25024,SG,,3,$812.86 ,$650.29 
,OTHER,,114,"$74,488.30 ","$59,027.09 "
,TOTAL,,117,"$75,301.16 ","$59,677.38 "
25025,AS,,3,$431.12 ,$344.90 
,SG,,2,$772.49 ,$617.99 
,80'S,,1,$99.84 ,$79.87 
,OTHER,,68,"$61,957.75 ","$49,557.49 "
,TOTAL,,74,"$63,261.20 ","$50,600.25 "
25028,SG,,80,"$22,823.38 ","$18,258.70 "
,OTHER,,"2,109","$900,704.36 ","$716,163.34 "
,TOTAL,,"2,189","$923,527.74 ","$734,422.04 "
25031,AS,,2,$120.12 ,$96.10 
,SG,,1,$442.77 ,$354.22 
,OTHER,,93,"$34,419.29 ","$27,415.75 "
,TOTAL,,96,"$34,982.18 ","$27,866.07 "
25035,AS,,2,$222.55 ,$178.04 
,SG,,6,"$2,007.87 ","$1,606.29 "
,80'S,,3,$218.03 ,$174.42 
,OTHER,,111,"$77,181.37 ","$61,235.49 "
,TOTAL,,122,"$79,629.82 ","$63,194.24 "
25040,AS,,30,"$1,611.24 ","$1,288.98 "
,SG,,56,"$33,632.40 ","$26,905.81 "
,80'S,,5,$289.39 ,$231.50 
,OTHER,,508,"$221,737.33 ","$175,258.05 "
,TOTAL,,599,"$257,270.36 ","$203,684.34 "
25065,OTHER,,"1,049","$175,889.76 ","$135,580.34 "
,TOTAL,,"1,049","$175,889.76 ","$135,580.34 "
25066,SG,,53,"$19,143.67 ","$15,218.73 "
,OTHER,,368,"$130,975.68 ","$103,659.23 "
,TOTAL,,421,"$150,119.35 ","$118,877.96 "
25075,SG,,909,"$315,820.73 ","$247,778.52 "
,OTHER,,"3,484","$1,016,416.75 ","$798,749.34 "
,TOTAL,,"4,393","$1,332,237.48 ","$1,046,527.86 "
25076,SG,,449,"$206,696.63 ","$163,649.86 "
,OTHER,,"1,706","$818,607.11 ","$646,987.22 "
,TOTAL,,"2,155","$1,025,303.74 ","$810,637.08 "
25077,SG,,83,"$38,265.11 ","$30,146.26 "
,OTHER,,700,"$539,732.99 ","$426,248.02 "
,TOTAL,,783,"$577,998.10 ","$456,394.28 "
25085,AS,,16,$779.17 ,$623.33 
,SG,,21,"$7,385.01 ","$5,908.02 "
,80'S,,5,$294.29 ,$235.43 
,OTHER,,91,"$30,130.29 ","$24,069.44 "
,TOTAL,,133,"$38,588.76 ","$30,836.22 "
25100,AS,,1,$26.10 ,$20.88 
,SG,,12,"$4,211.19 ","$3,368.95 "
,OTHER,,60,"$15,856.21 ","$12,379.64 "
,TOTAL,,73,"$20,093.50 ","$15,769.47 "
25101,AS,,6,$215.59 ,$172.47 
,SG,,65,"$26,279.32 ","$20,678.32 "
,80'S,,10,$374.17 ,$299.30 
,OTHER,,238,"$67,845.83 ","$53,732.17 "
,TOTAL,,319,"$94,714.91 ","$74,882.26 "
25105,AS,,18,$875.53 ,$700.40 
,SG,,142,"$81,161.41 ","$64,146.14 "
,80'S,,3,$143.26 ,$114.61 
,OTHER,,458,"$176,658.82 ","$140,033.24 "
,TOTAL,,621,"$258,839.02 ","$204,994.39 "
25107,AS,,13,$947.59 ,$758.08 
,SG,,32,"$11,087.38 ","$8,710.74 "
,80'S,,3,$187.29 ,$149.83 
,OTHER,,108,"$46,273.20 ","$36,568.44 "
,TOTAL,,156,"$58,495.46 ","$46,187.09 "
25109,OTHER,,130,"$44,018.60 ","$34,944.50 "
,TOTAL,,130,"$44,018.60 ","$34,944.50 "
25110,AS,,1,$59.78 ,$47.82 
,SG,,129,"$59,544.81 ","$47,341.40 "
,OTHER,,374,"$131,158.70 ","$102,439.40 "
,TOTAL,,504,"$190,763.29 ","$149,828.62 "
25111,SG,,"2,326","$1,081,593.07 ","$849,440.14 "
,OTHER,,"6,089","$1,544,747.00 ","$1,208,343.53 "
,TOTAL,,"8,415","$2,626,340.07 ","$2,057,783.67 "
25112,SG,,165,"$99,196.85 ","$77,080.74 "
,OTHER,,484,"$155,805.57 ","$120,916.68 "
,TOTAL,,649,"$255,002.42 ","$197,997.42 "
25115,SG,,"1,314","$783,620.24 ","$618,880.11 "
,OTHER,,"4,234","$3,695,257.39 ","$2,927,817.36 "
,TOTAL,,"5,548","$4,478,877.63 ","$3,546,697.47 "
25116,AS,,29,"$2,363.10 ","$1,890.47 "
,SG,,374,"$217,669.47 ","$170,536.66 "
,80'S,,1,$139.01 ,$111.21 
,OTHER,,"1,044","$669,103.47 ","$530,703.44 "
,TOTAL,,"1,448","$889,275.05 ","$703,241.78 "
25118,SG,,443,"$144,338.24 ","$114,366.70 "
,OTHER,,"1,324","$359,324.45 ","$284,754.46 "
,TOTAL,,"1,767","$503,662.69 ","$399,121.16 "
25119,AS,,14,$744.33 ,$595.46 
,SG,,19,"$6,819.79 ","$5,455.85 "
,80'S,,5,$342.41 ,$273.94 
,OTHER,,122,"$40,754.00 ","$32,547.18 "
,TOTAL,,160,"$48,660.53 ","$38,872.43 "
25120,AS,,3,$259.97 ,$207.98 
,SG,,56,"$21,847.27 ","$17,391.88 "
,OTHER,,144,"$83,105.69 ","$65,129.00 "
,TOTAL,,203,"$105,212.93 ","$82,728.86 "
25125,SG,,3,$957.07 ,$765.66 
,OTHER,,13,"$7,877.06 ","$6,275.34 "
,TOTAL,,16,"$8,834.13 ","$7,041.00 "
25126,AS,,3,$310.57 ,$248.46 
,SG,,4,"$1,502.71 ","$1,202.17 "
,OTHER,,19,"$13,140.20 ","$10,297.79 "
,TOTAL,,26,"$14,953.48 ","$11,748.42 "
25130,AS,,6,$260.26 ,$208.22 
,SG,,77,"$28,097.61 ","$22,269.76 "
,80'S,,1,$28.21 ,$22.57 
,OTHER,,192,"$59,970.82 ","$47,913.28 "
,TOTAL,,276,"$88,356.90 ","$70,413.83 "
25135,AS,,1,$79.03 ,$63.22 
,SG,,11,"$4,673.65 ","$3,738.92 "
,80'S,,2,$80.14 ,$64.12 
,OTHER,,19,"$7,945.30 ","$6,098.36 "
,TOTAL,,33,"$12,778.12 ","$9,964.62 "
25136,AS,,1,$34.78 ,$27.82 
,SG,,3,"$1,272.59 ","$1,018.07 "
,80'S,,1,$77.97 ,$62.38 
,OTHER,,10,"$3,153.76 ","$2,418.21 "
,TOTAL,,15,"$4,539.10 ","$3,526.48 "
25145,AS,,3,$227.34 ,$181.88 
,SG,,5,"$1,803.51 ","$1,442.81 "
,80'S,,1,$105.59 ,$84.47 
,OTHER,,42,"$23,239.17 ","$18,278.03 "
,TOTAL,,51,"$25,375.61 ","$19,987.19 "
25150,SG,,30,"$8,252.80 ","$6,487.04 "
,OTHER,,116,"$50,555.97 ","$39,477.25 "
,TOTAL,,146,"$58,808.77 ","$45,964.29 "
25151,AS,,12,"$1,109.38 ",$808.30 
,SG,,29,"$8,182.63 ","$6,263.02 "
,80'S,,8,$899.01 ,$719.23 
,OTHER,,116,"$71,548.30 ","$56,816.72 "
,TOTAL,,165,"$81,739.32 ","$64,607.27 "
25170,AS,,4,$457.75 ,$366.20 
,80'S,,1,$154.81 ,$123.85 
,OTHER,,20,"$18,159.18 ","$14,527.36 "
,TOTAL,,25,"$18,771.74 ","$15,017.41 "
25210,AS,,37,"$1,519.30 ","$1,215.46 "
,SG,,440,"$154,253.00 ","$122,432.32 "
,80'S,,5,$216.28 ,$173.02 
,OTHER,,"1,391","$396,842.96 ","$311,581.03 "
,TOTAL,,"1,873","$552,831.54 ","$435,401.83 "
25215,AS,,84,"$6,630.91 ","$5,237.63 "
,SG,,217,"$127,976.84 ","$100,388.98 "
,80'S,,15,"$1,205.95 ",$963.58 
,OTHER,,680,"$376,460.53 ","$294,545.18 "
,TOTAL,,996,"$512,274.23 ","$401,135.37 "
25230,SG,,123,"$53,327.51 ","$42,360.23 "
,OTHER,,387,"$95,008.32 ","$74,841.26 "
,TOTAL,,510,"$148,335.83 ","$117,201.49 "
25240,AS,,30,"$1,372.95 ","$1,098.36 "
,SG,,335,"$182,063.96 ","$144,503.31 "
,80'S,,14,$487.47 ,$389.97 
,OTHER,,"1,271","$376,176.16 ","$296,360.28 "
,TOTAL,,"1,650","$560,100.54 ","$442,351.92 "
25246,OTHER,,"1,162","$142,046.57 ","$109,704.69 "
,TOTAL,,"1,162","$142,046.57 ","$109,704.69 "
25248,SG,,46,"$17,260.73 ","$13,703.82 "
,OTHER,,326,"$136,052.96 ","$106,969.31 "
,TOTAL,,372,"$153,313.69 ","$120,673.13 "
25250,AS,,3,$127.38 ,$101.91 
,SG,,20,"$4,367.78 ","$3,336.69 "
,80'S,,2,$107.31 ,$85.85 
,OTHER,,46,"$15,358.50 ","$11,950.18 "
,TOTAL,,71,"$19,960.97 ","$15,474.63 "
25251,AS,,3,$125.94 ,$100.75 
,SG,,1,$163.30 ,$130.64 
,80'S,,1,$59.56 ,$47.65 
,OTHER,,28,"$12,356.20 ","$9,707.08 "
,TOTAL,,33,"$12,705.00 ","$9,986.12 "
25259,OTHER,,236,"$62,035.38 ","$49,251.11 "
,TOTAL,,236,"$62,035.38 ","$49,251.11 "
25260,SG,,89,"$46,454.69 ","$37,099.39 "
,OTHER,,948,"$481,662.09 ","$381,267.49 "
,TOTAL,,"1,037","$528,116.78 ","$418,366.88 "
25263,AS,,12,$736.81 ,$589.41 
,SG,,22,"$6,243.97 ","$4,995.17 "
,80'S,,11,$760.83 ,$608.66 
,OTHER,,84,"$40,816.79 ","$32,375.82 "
,TOTAL,,129,"$48,558.40 ","$38,569.06 "
25265,AS,,2,$235.10 ,$188.08 
,SG,,9,"$2,793.46 ","$2,234.76 "
,80'S,,2,$284.73 ,$227.79 
,OTHER,,44,"$31,563.97 ","$24,669.20 "
,TOTAL,,57,"$34,877.26 ","$27,319.83 "
25270,AS,,34,"$1,956.91 ","$1,565.52 "
,SG,,128,"$65,022.07 ","$50,990.36 "
,80'S,,4,$304.27 ,$243.42 
,OTHER,,733,"$315,909.22 ","$251,454.36 "
,TOTAL,,899,"$383,192.47 ","$304,253.66 "
25272,AS,,2,$138.60 ,$110.88 
,SG,,31,"$11,398.75 ","$9,118.99 "
,OTHER,,124,"$58,644.39 ","$46,915.45 "
,TOTAL,,157,"$70,181.74 ","$56,145.32 "
25274,AS,,4,$463.64 ,$370.91 
,SG,,27,"$12,851.48 ","$10,281.19 "
,80'S,,3,$300.28 ,$240.23 
,OTHER,,114,"$71,594.04 ","$57,275.25 "
,TOTAL,,148,"$85,209.44 ","$68,167.58 "
25275,AS,,4,$282.77 ,$226.20 
,SG,,26,"$13,666.14 ","$10,774.15 "
,OTHER,,65,"$29,646.75 ","$23,484.80 "
,TOTAL,,95,"$43,595.66 ","$34,485.15 "
25280,AS,,71,"$5,078.41 ","$4,062.64 "
,SG,,259,"$108,541.42 ","$85,229.01 "
,80'S,,14,"$1,153.02 ",$922.40 
,OTHER,,"1,313","$601,523.13 ","$476,722.63 "
,TOTAL,,"1,657","$716,295.98 ","$566,936.68 "
25290,SG,,155,"$47,481.14 ","$37,889.54 "
,OTHER,,"1,481","$657,712.66 ","$520,633.11 "
,TOTAL,,"1,636","$705,193.80 ","$558,522.65 "
25295,SG,,232,"$82,596.92 ","$64,922.39 "
,OTHER,,"1,598","$743,551.77 ","$591,093.58 "
,TOTAL,,"1,830","$826,148.69 ","$656,015.97 "
25300,AS,,11,$666.31 ,$533.07 
,SG,,22,"$6,228.13 ","$4,982.49 "
,80'S,,1,$55.67 ,$44.54 
,OTHER,,80,"$31,553.40 ","$25,105.69 "
,TOTAL,,114,"$38,503.51 ","$30,665.79 "
25301,AS,,19,$919.36 ,$735.48 
,SG,,90,"$24,655.01 ","$19,243.60 "
,80'S,,3,$151.48 ,$121.18 
,OTHER,,196,"$69,191.93 ","$55,171.76 "
,TOTAL,,308,"$94,917.78 ","$75,272.02 "
25310,AS,,912,"$87,404.83 ","$68,934.79 "
,SG,,"2,440","$665,752.13 ","$527,889.96 "
,80'S,,242,"$25,125.58 ","$19,761.05 "
,OTHER,,"6,898","$4,735,553.83 ","$3,733,556.65 "
,TOTAL,,"10,492","$5,513,836.37 ","$4,350,142.45 "
25312,AS,,58,"$5,732.88 ","$4,586.42 "
,SG,,100,"$39,076.29 ","$30,772.55 "
,80'S,,8,$868.29 ,$635.43 
,OTHER,,277,"$205,516.54 ","$163,526.99 "
,TOTAL,,443,"$251,194.00 ","$199,521.39 "
25315,AS,,2,$238.56 ,$190.85 
,SG,,5,"$2,476.54 ","$1,981.22 "
,80'S,,5,$772.25 ,$617.80 
,OTHER,,68,"$63,148.82 ","$49,109.37 "
,TOTAL,,80,"$66,636.17 ","$51,899.24 "
25316,SG,,2,$733.49 ,$586.79 
,80'S,,1,$132.61 ,$106.09 
,OTHER,,17,"$16,915.40 ","$13,427.54 "
,TOTAL,,20,"$17,781.50 ","$14,120.42 "
25320,AS,,96,"$10,111.94 ","$8,089.54 "
,SG,,157,"$65,352.40 ","$51,324.09 "
,80'S,,16,"$2,008.79 ","$1,607.04 "
,OTHER,,622,"$508,724.82 ","$400,254.26 "
,TOTAL,,891,"$586,197.95 ","$461,274.93 "
25332,AS,,34,"$3,366.63 ","$2,602.99 "
,SG,,69,"$46,677.63 ","$36,790.40 "
,80'S,,10,"$1,229.60 ",$983.67 
,OTHER,,252,"$185,343.32 ","$145,909.18 "
,TOTAL,,365,"$236,617.18 ","$186,286.24 "
25335,OTHER,,1,"$1,138.50 ",$910.80 
,TOTAL,,1,"$1,138.50 ",$910.80 
25337,SG,,66,"$45,393.86 ","$35,532.75 "
,OTHER,,261,"$201,619.09 ","$160,428.53 "
,TOTAL,,327,"$247,012.95 ","$195,961.28 "
25350,AS,,41,"$3,999.25 ","$3,199.40 "
,SG,,33,"$14,135.28 ","$11,229.67 "
,80'S,,6,$795.58 ,$636.47 
,OTHER,,272,"$198,726.22 ","$157,649.49 "
,TOTAL,,352,"$217,656.33 ","$172,715.03 "
25355,AS,,1,$63.37 ,$50.70 
,OTHER,,12,"$10,196.66 ","$8,157.32 "
,TOTAL,,13,"$10,260.03 ","$8,208.02 "
25360,AS,,34,"$2,852.12 ","$2,281.70 "
,SG,,22,"$8,391.01 ","$6,607.97 "
,80'S,,16,"$1,645.66 ","$1,316.50 "
,OTHER,,206,"$125,971.99 ","$99,419.16 "
,TOTAL,,278,"$138,860.78 ","$109,625.33 "
25365,AS,,3,$466.34 ,$373.07 
,SG,,5,"$2,034.47 ","$1,627.58 "
,80'S,,1,$149.17 ,$119.34 
,OTHER,,11,"$12,646.26 ","$10,117.01 "
,TOTAL,,20,"$15,296.24 ","$12,237.00 "
25370,OTHER,,1,"$1,055.05 ",$844.04 
,TOTAL,,1,"$1,055.05 ",$844.04 
25375,OTHER,,2,"$2,342.28 ","$1,851.57 "
,TOTAL,,2,"$2,342.28 ","$1,851.57 "
25390,AS,,26,"$3,211.92 ","$2,507.59 "
,SG,,55,"$21,690.97 ","$17,287.96 "
,80'S,,12,"$1,448.35 ","$1,158.68 "
,OTHER,,264,"$235,372.52 ","$185,557.24 "
,TOTAL,,357,"$261,723.76 ","$206,511.47 "
25391,AS,,5,$739.79 ,$591.83 
,SG,,5,"$3,184.39 ","$2,547.50 "
,80'S,,2,$264.71 ,$211.76 
,OTHER,,36,"$38,095.33 ","$29,772.50 "
,TOTAL,,48,"$42,284.22 ","$33,123.59 "
25392,AS,,1,$76.32 ,$61.06 
,OTHER,,2,"$1,590.63 ","$1,272.50 "
,TOTAL,,3,"$1,666.95 ","$1,333.56 "
25393,OTHER,,4,"$4,418.20 ","$3,534.56 "
,TOTAL,,4,"$4,418.20 ","$3,534.56 "
25394,AS,,5,$385.54 ,$308.43 
,80'S,,1,$48.35 ,$38.68 
,OTHER,,19,"$10,037.17 ","$7,976.69 "
,TOTAL,,25,"$10,471.06 ","$8,323.80 "
25400,AS,,96,"$12,409.99 ","$9,927.99 "
,SG,,67,"$30,147.80 ","$24,118.20 "
,80'S,,28,"$4,299.08 ","$3,439.22 "
,OTHER,,609,"$549,347.69 ","$436,663.33 "
,TOTAL,,800,"$596,204.56 ","$474,148.74 "
25405,AS,,76,"$12,068.73 ","$9,507.18 "
,SG,,49,"$28,398.69 ","$22,386.32 "
,80'S,,30,"$5,604.42 ","$4,483.56 "
,OTHER,,467,"$533,839.25 ","$424,804.35 "
,TOTAL,,622,"$579,911.09 ","$461,181.41 "
25415,AS,,11,"$1,720.65 ","$1,376.52 "
,SG,,7,"$3,511.18 ","$2,808.93 "
,80'S,,4,$702.35 ,$561.88 
,OTHER,,51,"$54,075.81 ","$43,144.58 "
,TOTAL,,73,"$60,009.99 ","$47,891.91 "
25420,AS,,4,$722.96 ,$578.37 
,SG,,2,"$1,273.35 ","$1,018.68 "
,80'S,,2,$398.98 ,$319.18 
,OTHER,,35,"$44,584.05 ","$35,653.51 "
,TOTAL,,43,"$46,979.34 ","$37,569.74 "
25425,AS,,1,$186.88 ,$149.50 
,SG,,5,"$2,033.00 ","$1,626.40 "
,80'S,,1,$226.82 ,$181.46 
,OTHER,,24,"$28,459.25 ","$22,767.41 "
,TOTAL,,31,"$30,905.95 ","$24,724.77 "
25430,OTHER,,8,"$3,305.00 ","$2,644.00 "
,TOTAL,,8,"$3,305.00 ","$2,644.00 "
25431,OTHER,,11,"$5,578.81 ","$4,358.25 "
,TOTAL,,11,"$5,578.81 ","$4,358.25 "
25440,AS,,16,"$1,595.49 ","$1,222.11 "
,SG,,30,"$18,005.22 ","$13,918.63 "
,80'S,,3,$347.54 ,$278.04 
,OTHER,,126,"$91,850.21 ","$71,925.12 "
,TOTAL,,175,"$111,798.46 ","$87,343.90 "
25441,AS,,3,$347.85 ,$278.27 
,SG,,2,"$1,436.57 ","$1,149.26 "
,80'S,,1,$143.22 ,$114.58 
,OTHER,,18,"$14,135.45 ","$11,308.33 "
,TOTAL,,24,"$16,063.09 ","$12,850.44 "
25442,AS,,7,$570.97 ,$456.78 
,SG,,12,"$7,651.64 ","$5,530.08 "
,80'S,,8,$602.55 ,$482.04 
,OTHER,,101,"$55,337.87 ","$43,410.20 "
,TOTAL,,128,"$64,163.03 ","$49,879.10 "
25443,SG,,5,"$3,146.60 ","$2,517.28 "
,80'S,,2,$238.21 ,$190.56 
,OTHER,,15,"$8,907.06 ","$7,098.85 "
,TOTAL,,22,"$12,291.87 ","$9,806.69 "
25444,AS,,1,$96.90 ,$77.52 
,SG,,1,$739.03 ,$591.22 
,OTHER,,6,"$4,157.40 ","$3,325.91 "
,TOTAL,,8,"$4,993.33 ","$3,994.65 "
25445,SG,,99,"$67,191.09 ","$52,860.74 "
,OTHER,,509,"$302,158.21 ","$234,088.39 "
,TOTAL,,608,"$369,349.30 ","$286,949.13 "
25446,AS,,23,"$3,380.99 ","$2,704.80 "
,SG,,5,"$4,953.20 ","$3,962.56 "
,80'S,,16,"$2,716.66 ","$2,167.97 "
,OTHER,,128,"$141,132.18 ","$110,509.13 "
,TOTAL,,172,"$152,183.03 ","$119,344.46 "
25447,AS,,"1,523","$109,959.80 ","$86,529.48 "
,SG,,"4,910","$3,409,613.55 ","$2,688,392.18 "
,80'S,,302,"$24,115.33 ","$18,818.27 "
,OTHER,,"11,156","$5,697,020.40 ","$4,480,254.13 "
,TOTAL,,"17,891","$9,240,709.08 ","$7,273,994.06 "
25449,AS,,8,"$1,035.88 ",$828.70 
,SG,,19,"$13,089.96 ","$10,184.15 "
,80'S,,3,$452.61 ,$362.08 
,OTHER,,80,"$75,467.33 ","$59,634.17 "
,TOTAL,,110,"$90,045.78 ","$71,009.10 "
25490,AS,,1,$114.87 ,$91.90 
,80'S,,1,$61.94 ,$49.55 
,OTHER,,26,"$16,092.03 ","$12,695.96 "
,TOTAL,,28,"$16,268.84 ","$12,837.41 "
25491,AS,,1,$60.41 ,$48.33 
,OTHER,,4,"$3,035.96 ","$2,428.77 "
,TOTAL,,5,"$3,096.37 ","$2,477.10 "
25492,SG,,2,$985.74 ,$788.59 
,OTHER,,3,"$3,246.10 ","$2,596.88 "
,TOTAL,,5,"$4,231.84 ","$3,385.47 "
25500,OTHER,,"1,386","$292,968.17 ","$224,914.23 "
,TOTAL,,"1,386","$292,968.17 ","$224,914.23 "
25505,SG,,16,"$1,474.70 ","$1,062.21 "
,80'S,,1,$55.42 ,$44.34 
,OTHER,,381,"$153,345.54 ","$120,000.30 "
,TOTAL,,398,"$154,875.66 ","$121,106.85 "
25515,AS,,90,"$7,609.93 ","$5,982.37 "
,SG,,62,"$29,438.84 ","$22,959.01 "
,80'S,,26,"$2,531.84 ","$1,938.85 "
,OTHER,,676,"$394,451.48 ","$311,470.13 "
,TOTAL,,854,"$434,032.09 ","$342,350.36 "
25520,SG,,4,$351.95 ,$281.56 
,OTHER,,58,"$25,351.01 ","$20,013.69 "
,TOTAL,,62,"$25,702.96 ","$20,295.25 "
25525,AS,,22,"$2,570.63 ","$2,056.50 "
,SG,,10,"$6,175.87 ","$4,940.71 "
,80'S,,9,"$1,258.65 ","$1,006.92 "
,OTHER,,215,"$179,463.80 ","$143,008.60 "
,TOTAL,,256,"$189,468.95 ","$151,012.73 "
25526,AS,,15,"$2,065.77 ","$1,447.13 "
,SG,,8,"$5,360.14 ","$4,288.11 "
,80'S,,7,"$1,211.11 ",$968.89 
,OTHER,,131,"$124,983.07 ","$98,912.33 "
,TOTAL,,161,"$133,620.09 ","$105,616.46 "
25530,OTHER,,"2,520","$497,262.44 ","$384,519.17 "
,TOTAL,,"2,520","$497,262.44 ","$384,519.17 "
25535,SG,,6,$310.29 ,$248.24 
,OTHER,,256,"$82,231.98 ","$65,295.12 "
,TOTAL,,262,"$82,542.27 ","$65,543.36 "
25545,AS,,138,"$9,819.86 ","$7,855.97 "
,SG,,78,"$34,698.73 ","$27,339.24 "
,80'S,,31,"$2,586.79 ","$2,042.82 "
,OTHER,,"1,137","$583,966.58 ","$460,900.09 "
,TOTAL,,"1,384","$631,071.96 ","$498,138.12 "
25560,80'S,,2,$75.12 ,$60.10 
,OTHER,,"1,639","$336,734.39 ","$258,903.14 "
,TOTAL,,"1,641","$336,809.51 ","$258,963.24 "
25565,SG,,16,"$1,387.50 ","$1,019.44 "
,OTHER,,959,"$402,026.32 ","$316,740.47 "
,TOTAL,,975,"$403,413.82 ","$317,759.91 "
25574,AS,,37,"$2,685.54 ","$2,148.47 "
,SG,,19,"$8,877.57 ","$7,102.06 "
,80'S,,13,"$1,147.78 ",$918.22 
,OTHER,,370,"$186,118.68 ","$147,017.33 "
,TOTAL,,439,"$198,829.57 ","$157,186.08 "
25575,AS,,138,"$14,820.63 ","$11,618.36 "
,SG,,28,"$13,853.19 ","$11,082.55 "
,80'S,,57,"$7,125.91 ","$5,690.86 "
,OTHER,,"1,148","$900,730.39 ","$714,236.77 "
,TOTAL,,"1,371","$936,530.12 ","$742,628.54 "
25600,OTHER,,"50,655","$11,707,722.86 ","$9,060,096.84 "
,TOTAL,,"50,655","$11,707,722.86 ","$9,060,096.84 "
25605,SG,,548,"$49,478.75 ","$38,507.43 "
,OTHER,,"28,266","$13,955,926.13 ","$10,996,366.28 "
,TOTAL,,"28,814","$14,005,404.88 ","$11,034,873.71 "
25606,AS,,4,$247.38 ,$197.90 
,SG,,"1,381","$671,498.31 ","$532,385.89 "
,80'S,,1,$48.51 ,$38.81 
,OTHER,,"9,637","$5,605,210.06 ","$4,439,935.33 "
,TOTAL,,"11,023","$6,277,004.26 ","$4,972,557.93 "
25607,AS,,"1,048","$86,169.60 ","$68,131.21 "
,SG,,832,"$586,972.24 ","$465,962.58 "
,80'S,,283,"$26,503.18 ","$21,118.91 "
,OTHER,,"7,527","$4,396,393.74 ","$3,483,759.31 "
,TOTAL,,"9,690","$5,096,038.76 ","$4,038,972.01 "
25608,AS,,805,"$76,233.71 ","$60,339.96 "
,SG,,505,"$356,797.61 ","$281,587.96 "
,80'S,,161,"$17,322.15 ","$13,762.82 "
,OTHER,,"5,449","$3,740,437.41 ","$2,961,610.71 "
,TOTAL,,"6,920","$4,190,790.88 ","$3,317,301.45 "
25609,AS,,"1,260","$156,487.73 ","$123,179.92 "
,SG,,590,"$412,009.94 ","$326,531.98 "
,80'S,,298,"$42,421.94 ","$33,844.76 "
,OTHER,,"8,186","$7,370,742.00 ","$5,853,596.86 "
,TOTAL,,"10,334","$7,981,661.61 ","$6,337,153.52 "
25622,80'S,,1,$17.48 ,$13.98 
,OTHER,,"2,914","$685,895.71 ","$534,262.94 "
,TOTAL,,"2,915","$685,913.19 ","$534,276.92 "
25624,SG,,3,$252.04 ,$201.63 
,OTHER,,85,"$31,744.08 ","$25,211.52 "
,TOTAL,,88,"$31,996.12 ","$25,413.15 "
25628,AS,,24,"$1,755.65 ","$1,384.80 "
,SG,,48,"$22,372.73 ","$17,898.15 "
,80'S,,5,$486.57 ,$389.26 
,OTHER,,254,"$143,624.46 ","$114,623.33 "
,TOTAL,,331,"$168,239.41 ","$134,295.54 "
25630,OTHER,,"1,984","$485,324.05 ","$376,022.22 "
,TOTAL,,"1,984","$485,324.05 ","$376,022.22 "
25635,SG,,4,$358.68 ,$286.95 
,OTHER,,66,"$22,950.12 ","$18,103.35 "
,TOTAL,,70,"$23,308.80 ","$18,390.30 "
25645,AS,,5,$351.26 ,$281.01 
,SG,,11,"$4,941.01 ","$3,854.71 "
,OTHER,,44,"$17,522.69 ","$14,018.14 "
,TOTAL,,60,"$22,814.96 ","$18,153.86 "
25650,OTHER,,"1,221","$287,456.57 ","$224,890.76 "
,TOTAL,,"1,221","$287,456.57 ","$224,890.76 "
25651,AS,,7,$315.29 ,$252.23 
,80'S,,1,$38.90 ,$31.12 
,OTHER,,314,"$71,997.16 ","$56,972.73 "
,TOTAL,,322,"$72,351.35 ","$57,256.08 "
25652,OTHER,,533,"$167,740.24 ","$133,116.38 "
,TOTAL,,533,"$167,740.24 ","$133,116.38 "
25660,SG,,4,$248.26 ,$198.61 
,OTHER,,177,"$53,775.04 ","$42,423.24 "
,TOTAL,,181,"$54,023.30 ","$42,621.85 "
25670,AS,,21,"$1,014.24 ",$811.42 
,SG,,11,"$4,069.00 ","$3,225.09 "
,80'S,,13,$789.25 ,$631.37 
,OTHER,,99,"$39,984.34 ","$31,663.01 "
,TOTAL,,144,"$45,856.83 ","$36,330.89 "
25671,SG,,9,"$2,665.93 ","$2,087.15 "
,OTHER,,106,"$31,201.78 ","$24,763.95 "
,TOTAL,,115,"$33,867.71 ","$26,851.10 "
25675,AS,,2,$48.24 ,$38.60 
,SG,,2,$205.46 ,$155.83 
,OTHER,,246,"$69,992.71 ","$55,878.80 "
,TOTAL,,250,"$70,246.41 ","$56,073.23 "
25676,AS,,11,$446.59 ,$357.28 
,SG,,12,"$3,559.89 ","$2,847.92 "
,80'S,,2,$97.99 ,$78.39 
,OTHER,,132,"$47,096.84 ","$36,949.59 "
,TOTAL,,157,"$51,201.31 ","$40,233.18 "
25680,AS,,2,$87.47 ,$69.98 
,SG,,3,$260.27 ,$208.22 
,OTHER,,227,"$86,793.29 ","$68,275.15 "
,TOTAL,,232,"$87,141.03 ","$68,553.35 "
25685,AS,,7,$591.28 ,$387.93 
,SG,,1,$490.69 ,$392.55 
,80'S,,2,$172.10 ,$137.68 
,OTHER,,48,"$27,621.13 ","$21,641.88 "
,TOTAL,,58,"$28,875.20 ","$22,560.04 "
25690,AS,,1,$29.00 ,$23.20 
,OTHER,,35,"$12,395.87 ","$9,679.82 "
,TOTAL,,36,"$12,424.87 ","$9,703.02 "
25695,AS,,4,$194.69 ,$155.75 
,SG,,3,$849.60 ,$679.68 
,OTHER,,45,"$18,909.06 ","$14,757.41 "
,TOTAL,,52,"$19,953.35 ","$15,592.84 "
25800,AS,,41,"$3,667.26 ","$2,865.19 "
,SG,,36,"$20,227.47 ","$16,181.98 "
,80'S,,11,"$1,002.54 ",$802.02 
,OTHER,,349,"$216,483.41 ","$169,041.27 "
,TOTAL,,437,"$241,380.68 ","$188,890.46 "
25805,AS,,7,$713.48 ,$479.77 
,SG,,21,"$13,766.08 ","$10,575.38 "
,80'S,,2,$227.67 ,$182.14 
,OTHER,,86,"$66,911.00 ","$52,756.35 "
,TOTAL,,116,"$81,618.23 ","$63,993.64 "
25810,AS,,70,"$7,223.75 ","$5,685.73 "
,SG,,63,"$44,215.20 ","$34,138.14 "
,80'S,,17,"$2,078.66 ","$1,662.95 "
,OTHER,,489,"$374,427.07 ","$295,121.39 "
,TOTAL,,639,"$427,944.68 ","$336,608.21 "
25820,AS,,34,"$2,290.00 ","$1,832.00 "
,SG,,60,"$33,406.63 ","$26,459.59 "
,80'S,,7,$537.27 ,$429.81 
,OTHER,,230,"$109,100.80 ","$85,678.15 "
,TOTAL,,331,"$145,334.70 ","$114,399.55 "
25825,AS,,70,"$6,301.98 ","$4,915.26 "
,SG,,122,"$82,016.13 ","$64,420.93 "
,80'S,,23,"$2,248.06 ","$1,798.45 "
,OTHER,,546,"$346,372.70 ","$270,937.37 "
,TOTAL,,761,"$436,938.87 ","$342,072.01 "
25830,AS,,11,"$1,317.75 ","$1,054.21 "
,SG,,27,"$19,297.15 ","$14,936.91 "
,80'S,,5,$709.01 ,$567.21 
,OTHER,,79,"$68,820.60 ","$54,428.47 "
,TOTAL,,122,"$90,144.51 ","$70,986.80 "
25900,AS,,5,$532.53 ,$426.01 
,OTHER,,154,"$111,380.83 ","$88,889.50 "
,TOTAL,,159,"$111,913.36 ","$89,315.51 "
25905,AS,,1,$107.70 ,$86.16 
,80'S,,2,$222.40 ,$177.92 
,OTHER,,20,"$15,060.30 ","$12,048.21 "
,TOTAL,,23,"$15,390.40 ","$12,312.29 "
25907,OTHER,,13,"$8,816.40 ","$6,513.36 "
,TOTAL,,13,"$8,816.40 ","$6,513.36 "
25909,AS,,1,$103.00 ,$82.40 
,OTHER,,23,"$17,205.90 ","$13,764.73 "
,TOTAL,,24,"$17,308.90 ","$13,847.13 "
25915,OTHER,,1,$867.56 ,$694.05 
,TOTAL,,1,$867.56 ,$694.05 
25920,AS,,3,$257.43 ,$205.94 
,80'S,,1,$111.53 ,$89.22 
,OTHER,,73,"$41,134.15 ","$31,878.99 "
,TOTAL,,77,"$41,503.11 ","$32,174.15 "
25922,SG,,1,$493.01 ,$394.41 
,OTHER,,8,"$3,342.62 ","$2,583.17 "
,TOTAL,,9,"$3,835.63 ","$2,977.58 "
25924,OTHER,,6,"$2,615.75 ","$2,092.61 "
,TOTAL,,6,"$2,615.75 ","$2,092.61 "
25927,80'S,,1,$110.78 ,$88.62 
,OTHER,,80,"$53,544.88 ","$42,715.97 "
,TOTAL,,81,"$53,655.66 ","$42,804.59 "
25929,AS,,1,$71.55 ,$57.24 
,SG,,1,$491.97 ,$393.58 
,OTHER,,13,"$5,713.44 ","$4,570.76 "
,TOTAL,,15,"$6,276.96 ","$5,021.58 "
25931,OTHER,,15,"$9,553.10 ","$7,642.49 "
,TOTAL,,15,"$9,553.10 ","$7,642.49 "
25999,AS,,2,$144.19 ,$115.36 
,80'S,,1,$115.13 ,$92.10 
,OTHER,,201,"$78,416.65 ","$61,346.58 "
,TOTAL,,204,"$78,675.97 ","$61,554.04 "
26010,OTHER,,"3,860","$623,834.66 ","$477,638.18 "
,TOTAL,,"3,860","$623,834.66 ","$477,638.18 "
26011,SG,,237,"$70,196.18 ","$55,374.12 "
,OTHER,,"2,633","$555,431.66 ","$434,798.44 "
,TOTAL,,"2,870","$625,627.84 ","$490,172.56 "
26020,SG,,79,"$27,874.90 ","$22,126.62 "
,OTHER,,"1,786","$575,891.26 ","$453,360.19 "
,TOTAL,,"1,865","$603,766.16 ","$475,486.81 "
26025,AS,,10,$512.66 ,$410.13 
,SG,,9,"$2,305.30 ","$1,698.99 "
,80'S,,1,$56.74 ,$45.39 
,OTHER,,431,"$128,780.71 ","$100,727.48 "
,TOTAL,,451,"$131,655.41 ","$102,881.99 "
26030,AS,,2,$120.54 ,$96.43 
,SG,,10,"$3,951.16 ","$3,160.92 "
,OTHER,,229,"$79,872.22 ","$62,596.87 "
,TOTAL,,241,"$83,943.92 ","$65,854.22 "
26034,AS,,1,$61.79 ,$49.43 
,SG,,74,"$28,643.51 ","$22,610.49 "
,OTHER,,522,"$226,148.85 ","$178,537.78 "
,TOTAL,,597,"$254,854.15 ","$201,197.70 "
26035,OTHER,,70,"$48,231.68 ","$37,840.57 "
,TOTAL,,70,"$48,231.68 ","$37,840.57 "
26037,AS,,3,$233.55 ,$186.84 
,80'S,,2,$174.04 ,$139.23 
,OTHER,,288,"$113,069.36 ","$90,100.44 "
,TOTAL,,293,"$113,476.95 ","$90,426.51 "
26040,SG,,504,"$259,491.46 ","$205,929.64 "
,OTHER,,"1,548","$381,051.44 ","$298,071.65 "
,TOTAL,,"2,052","$640,542.90 ","$504,001.29 "
26045,SG,,493,"$216,306.50 ","$169,660.32 "
,OTHER,,"1,006","$355,461.71 ","$280,369.96 "
,TOTAL,,"1,499","$571,768.21 ","$450,030.28 "
26055,AS,,2,$64.41 ,$51.53 
,SG,,"25,265","$8,949,344.99 ","$7,043,853.08 "
,OTHER,,"59,657","$13,487,256.27 ","$10,570,124.84 "
,TOTAL,,"84,924","$22,436,665.67 ","$17,614,029.45 "
26060,SG,,21,"$6,826.72 ","$5,243.08 "
,OTHER,,178,"$30,647.31 ","$23,705.28 "
,TOTAL,,199,"$37,474.03 ","$28,948.36 "
26070,SG,,45,"$16,856.98 ","$13,335.37 "
,OTHER,,424,"$89,389.55 ","$69,069.71 "
,TOTAL,,469,"$106,246.53 ","$82,405.08 "
26075,SG,,62,"$36,259.44 ","$29,007.55 "
,OTHER,,598,"$128,217.17 ","$99,837.95 "
,TOTAL,,660,"$164,476.61 ","$128,845.50 "
26080,SG,,304,"$182,006.29 ","$144,258.07 "
,OTHER,,"1,380","$377,791.61 ","$297,708.18 "
,TOTAL,,"1,684","$559,797.90 ","$441,966.25 "
26100,SG,,6,"$1,904.76 ","$1,523.81 "
,OTHER,,45,"$10,428.70 ","$8,342.93 "
,TOTAL,,51,"$12,333.46 ","$9,866.74 "
26105,AS,,1,$38.28 ,$30.62 
,SG,,21,"$4,914.79 ","$3,931.83 "
,OTHER,,81,"$17,723.32 ","$13,733.85 "
,TOTAL,,103,"$22,676.39 ","$17,696.30 "
26110,SG,,114,"$28,256.41 ","$22,261.15 "
,OTHER,,464,"$97,457.45 ","$77,638.45 "
,TOTAL,,578,"$125,713.86 ","$99,899.60 "
26115,SG,,"2,011","$771,203.72 ","$607,334.07 "
,OTHER,,"5,268","$1,674,594.27 ","$1,316,672.64 "
,TOTAL,,"7,279","$2,445,797.99 ","$1,924,006.71 "
26116,SG,,"1,906","$738,000.97 ","$581,179.22 "
,OTHER,,"5,815","$2,261,026.84 ","$1,782,046.18 "
,TOTAL,,"7,721","$2,999,027.81 ","$2,363,225.40 "
26117,SG,,82,"$36,914.67 ","$29,066.93 "
,OTHER,,528,"$260,885.68 ","$207,269.69 "
,TOTAL,,610,"$297,800.35 ","$236,336.62 "
26121,SG,,629,"$365,678.70 ","$289,324.36 "
,OTHER,,"2,127","$1,012,116.49 ","$797,442.60 "
,TOTAL,,"2,756","$1,377,795.19 ","$1,086,766.96 "
26123,SG,,"3,996","$2,394,301.16 ","$1,887,631.43 "
,OTHER,,"9,138","$6,618,300.76 ","$5,223,841.87 "
,TOTAL,,"13,134","$9,012,601.92 ","$7,111,473.30 "
26125,SG,,"2,110","$731,033.07 ","$581,258.47 "
,OTHER,,"4,950","$1,330,038.80 ","$1,058,198.54 "
,TOTAL,,"7,060","$2,061,071.87 ","$1,639,457.01 "
26130,SG,,41,"$16,404.95 ","$13,123.68 "
,OTHER,,95,"$27,157.94 ","$21,621.52 "
,TOTAL,,136,"$43,562.89 ","$34,745.20 "
26135,AS,,27,"$1,195.57 ",$956.47 
,SG,,207,"$100,610.70 ","$79,064.27 "
,OTHER,,659,"$219,778.11 ","$173,443.98 "
,TOTAL,,893,"$321,584.38 ","$253,464.72 "
26140,SG,,176,"$55,356.23 ","$43,639.19 "
,80'S,,1,$43.99 ,$35.19 
,OTHER,,588,"$215,928.67 ","$170,882.59 "
,TOTAL,,765,"$271,328.89 ","$214,556.97 "
26145,SG,,"2,162","$883,118.60 ","$699,099.88 "
,OTHER,,"5,238","$1,964,215.89 ","$1,550,097.24 "
,TOTAL,,"7,400","$2,847,334.49 ","$2,249,197.12 "
26160,SG,,"5,580","$2,635,059.53 ","$2,076,005.69 "
,OTHER,,"12,802","$3,538,185.91 ","$2,761,851.11 "
,TOTAL,,"18,382","$6,173,245.44 ","$4,837,856.80 "
26170,AS,,5,$217.45 ,$173.97 
,SG,,45,"$17,397.06 ","$13,522.13 "
,80'S,,1,$23.80 ,$19.04 
,OTHER,,188,"$45,900.04 ","$36,317.93 "
,TOTAL,,239,"$63,538.35 ","$50,033.07 "
26180,AS,,5,$206.17 ,$164.94 
,SG,,111,"$41,641.16 ","$32,997.35 "
,OTHER,,283,"$79,826.49 ","$63,521.30 "
,TOTAL,,399,"$121,673.82 ","$96,683.59 "
26185,AS,,2,$128.29 ,$102.63 
,SG,,16,"$8,294.84 ","$6,635.86 "
,OTHER,,49,"$16,907.20 ","$13,351.98 "
,TOTAL,,67,"$25,330.33 ","$20,090.47 "
26200,AS,,2,$78.83 ,$63.06 
,SG,,86,"$26,110.59 ","$20,574.02 "
,OTHER,,182,"$60,258.79 ","$47,347.25 "
,TOTAL,,270,"$86,448.21 ","$67,984.33 "
26205,SG,,5,"$2,076.75 ","$1,661.40 "
,OTHER,,17,"$7,246.87 ","$5,797.49 "
,TOTAL,,22,"$9,323.62 ","$7,458.89 "
26210,SG,,650,"$238,396.07 ","$188,326.64 "
,OTHER,,"1,195","$392,020.13 ","$309,903.98 "
,TOTAL,,"1,845","$630,416.20 ","$498,230.62 "
26215,SG,,15,"$7,334.03 ","$5,867.25 "
,OTHER,,46,"$22,416.26 ","$17,791.57 "
,TOTAL,,61,"$29,750.29 ","$23,658.82 "
26230,AS,,2,$127.12 ,$101.70 
,SG,,58,"$55,573.79 ","$44,417.42 "
,80'S,,1,$34.75 ,$27.80 
,OTHER,,280,"$101,181.65 ","$80,141.29 "
,TOTAL,,341,"$156,917.31 ","$124,688.21 "
26235,AS,,12,$579.86 ,$463.90 
,SG,,205,"$83,049.11 ","$65,433.25 "
,80'S,,2,$140.67 ,$112.53 
,OTHER,,603,"$219,194.77 ","$173,873.42 "
,TOTAL,,822,"$302,964.41 ","$239,883.10 "
26236,SG,,332,"$145,408.89 ","$113,285.86 "
,OTHER,,957,"$311,002.06 ","$246,448.41 "
,TOTAL,,"1,289","$456,410.95 ","$359,734.27 "
26250,SG,,3,$810.63 ,$648.51 
,OTHER,,19,"$8,619.92 ","$6,895.95 "
,TOTAL,,22,"$9,430.55 ","$7,544.46 "
26255,OTHER,,2,"$1,724.77 ","$1,379.82 "
,TOTAL,,2,"$1,724.77 ","$1,379.82 "
26260,AS,,3,$200.91 ,$160.72 
,SG,,6,"$2,533.45 ","$2,026.77 "
,80'S,,1,$64.81 ,$51.85 
,OTHER,,29,"$11,687.29 ","$9,349.82 "
,TOTAL,,39,"$14,486.46 ","$11,589.16 "
26261,SG,,2,$785.05 ,$628.04 
,OTHER,,4,"$1,831.30 ","$1,465.03 "
,TOTAL,,6,"$2,616.35 ","$2,093.07 "
26262,SG,,6,"$1,988.25 ","$1,590.60 "
,OTHER,,40,"$11,010.59 ","$8,798.04 "
,TOTAL,,46,"$12,998.84 ","$10,388.64 "
26320,SG,,116,"$39,931.96 ","$31,563.44 "
,OTHER,,539,"$114,852.68 ","$89,773.88 "
,TOTAL,,655,"$154,784.64 ","$121,337.32 "
26340,OTHER,,"1,996","$342,339.81 ","$271,157.45 "
,TOTAL,,"1,996","$342,339.81 ","$271,157.45 "
26350,SG,,134,"$28,708.93 ","$22,606.80 "
,OTHER,,733,"$420,180.15 ","$333,337.43 "
,TOTAL,,867,"$448,889.08 ","$355,944.23 "
26352,AS,,5,$631.78 ,$505.43 
,SG,,16,"$9,723.26 ","$7,768.24 "
,OTHER,,44,"$31,067.70 ","$24,644.57 "
,TOTAL,,65,"$41,422.74 ","$32,918.24 "
26356,SG,,230,"$112,349.33 ","$89,320.41 "
,OTHER,,"1,184","$986,836.35 ","$780,670.83 "
,TOTAL,,"1,414","$1,099,185.68 ","$869,991.24 "
26357,AS,,12,"$1,140.25 ",$851.22 
,SG,,19,"$10,405.29 ","$8,324.21 "
,OTHER,,73,"$50,188.49 ","$40,150.75 "
,TOTAL,,104,"$61,734.03 ","$49,326.18 "
26358,AS,,7,$795.78 ,$636.63 
,SG,,7,"$3,996.75 ","$3,197.38 "
,OTHER,,37,"$30,915.33 ","$24,732.27 "
,TOTAL,,51,"$35,707.86 ","$28,566.28 "
26370,AS,,12,"$1,189.09 ",$937.61 
,SG,,147,"$67,795.73 ","$53,057.00 "
,80'S,,1,$123.28 ,$98.62 
,OTHER,,349,"$218,970.91 ","$172,948.41 "
,TOTAL,,509,"$288,079.01 ","$227,041.64 "
26372,AS,,3,$381.16 ,$304.93 
,SG,,8,"$3,985.82 ","$3,083.84 "
,OTHER,,28,"$22,507.38 ","$17,463.38 "
,TOTAL,,39,"$26,874.36 ","$20,852.15 "
26373,AS,,2,$243.56 ,$136.49 
,SG,,12,"$5,375.13 ","$3,893.98 "
,OTHER,,19,"$14,788.70 ","$11,621.37 "
,TOTAL,,33,"$20,407.39 ","$15,651.84 "
26390,AS,,4,$445.92 ,$356.73 
,SG,,7,"$4,014.53 ","$3,211.61 "
,OTHER,,43,"$30,851.96 ","$24,620.99 "
,TOTAL,,54,"$35,312.41 ","$28,189.33 "
26392,AS,,1,$153.22 ,$122.58 
,SG,,7,"$3,291.58 ","$2,633.27 "
,OTHER,,33,"$30,010.20 ","$23,863.34 "
,TOTAL,,41,"$33,455.00 ","$26,619.19 "
26410,SG,,234,"$96,000.05 ","$76,163.95 "
,OTHER,,"1,307","$586,680.83 ","$461,266.33 "
,TOTAL,,"1,541","$682,680.88 ","$537,430.28 "
26412,SG,,19,"$8,553.56 ","$6,718.70 "
,OTHER,,109,"$57,513.33 ","$45,954.50 "
,TOTAL,,128,"$66,066.89 ","$52,673.20 "
26415,SG,,10,"$5,400.44 ","$4,320.34 "
,OTHER,,84,"$20,578.50 ","$16,217.74 "
,TOTAL,,94,"$25,978.94 ","$20,538.08 "
26416,SG,,5,"$2,502.21 ","$2,001.78 "
,OTHER,,7,"$3,348.52 ","$2,678.82 "
,TOTAL,,12,"$5,850.73 ","$4,680.60 "
26418,SG,,535,"$288,413.42 ","$226,308.13 "
,OTHER,,"2,280","$1,067,150.55 ","$845,262.24 "
,TOTAL,,"2,815","$1,355,563.97 ","$1,071,570.37 "
26420,AS,,11,$861.68 ,$689.35 
,SG,,21,"$11,394.63 ","$9,010.89 "
,80'S,,7,$676.42 ,$541.12 
,OTHER,,82,"$51,126.45 ","$40,305.20 "
,TOTAL,,121,"$64,059.18 ","$50,546.56 "
26426,SG,,148,"$59,893.83 ","$46,791.39 "
,OTHER,,349,"$218,440.00 ","$173,491.32 "
,TOTAL,,497,"$278,333.83 ","$220,282.71 "
26428,SG,,4,"$1,829.20 ","$1,463.36 "
,OTHER,,17,"$12,485.98 ","$9,979.02 "
,TOTAL,,21,"$14,315.18 ","$11,442.38 "
26432,SG,,75,"$34,453.52 ","$27,369.79 "
,OTHER,,673,"$335,681.00 ","$262,465.14 "
,TOTAL,,748,"$370,134.52 ","$289,834.93 "
26433,SG,,124,"$57,038.33 ","$44,959.91 "
,OTHER,,372,"$178,215.54 ","$139,969.74 "
,TOTAL,,496,"$235,253.87 ","$184,929.65 "
26434,AS,,2,$167.37 ,$133.90 
,SG,,4,"$1,501.34 ","$1,201.08 "
,OTHER,,8,"$4,673.21 ","$3,738.57 "
,TOTAL,,14,"$6,341.92 ","$5,073.55 "
26437,SG,,454,"$164,234.56 ","$129,031.51 "
,OTHER,,"1,463","$650,704.37 ","$515,709.22 "
,TOTAL,,"1,917","$814,938.93 ","$644,740.73 "
26440,SG,,389,"$152,815.60 ","$121,337.78 "
,OTHER,,"1,585","$781,645.00 ","$620,862.50 "
,TOTAL,,"1,974","$934,460.60 ","$742,200.28 "
26442,SG,,167,"$60,851.12 ","$48,334.88 "
,OTHER,,605,"$440,515.07 ","$346,642.41 "
,TOTAL,,772,"$501,366.19 ","$394,977.29 "
26445,SG,,348,"$118,011.58 ","$92,841.86 "
,OTHER,,"1,009","$418,051.44 ","$329,564.56 "
,TOTAL,,"1,357","$536,063.02 ","$422,406.42 "
26449,AS,,6,$666.63 ,$437.57 
,SG,,38,"$15,018.55 ","$12,014.83 "
,OTHER,,268,"$178,992.91 ","$141,847.32 "
,TOTAL,,312,"$194,678.09 ","$154,299.72 "
26450,AS,,4,$107.48 ,$86.00 
,SG,,39,"$12,292.73 ","$9,820.93 "
,OTHER,,264,"$60,635.85 ","$48,138.33 "
,TOTAL,,307,"$73,036.06 ","$58,045.26 "
26455,AS,,1,$48.65 ,$38.92 
,SG,,125,"$41,012.67 ","$32,306.60 "
,OTHER,,322,"$78,513.11 ","$61,593.67 "
,TOTAL,,448,"$119,574.43 ","$93,939.19 "
26460,SG,,66,"$20,998.31 ","$16,334.59 "
,OTHER,,296,"$64,546.99 ","$50,654.81 "
,TOTAL,,362,"$85,545.30 ","$66,989.40 "
26471,AS,,11,$605.30 ,$484.22 
,SG,,78,"$21,078.62 ","$16,666.10 "
,OTHER,,195,"$76,054.62 ","$59,302.89 "
,TOTAL,,284,"$97,738.54 ","$76,453.21 "
26474,AS,,4,$289.03 ,$231.22 
,SG,,24,"$5,671.12 ","$4,536.92 "
,OTHER,,52,"$19,969.05 ","$15,975.22 "
,TOTAL,,80,"$25,929.20 ","$20,743.36 "
26476,SG,,14,"$2,495.10 ","$1,996.08 "
,OTHER,,61,"$21,978.20 ","$17,582.57 "
,TOTAL,,75,"$24,473.30 ","$19,578.65 "
26477,SG,,16,"$2,626.27 ","$2,101.02 "
,OTHER,,121,"$40,817.36 ","$32,653.86 "
,TOTAL,,137,"$43,443.63 ","$34,754.88 "
26478,AS,,2,$163.30 ,$130.64 
,SG,,51,"$9,593.27 ","$7,399.45 "
,80'S,,5,$318.47 ,$254.76 
,OTHER,,181,"$66,075.80 ","$52,474.03 "
,TOTAL,,239,"$76,150.84 ","$60,258.88 "
26479,AS,,1,$80.26 ,$64.21 
,SG,,9,"$1,810.01 ","$1,448.02 "
,80'S,,1,$89.06 ,$71.25 
,OTHER,,19,"$7,518.52 ","$6,014.83 "
,TOTAL,,30,"$9,497.85 ","$7,598.31 "
26480,AS,,115,"$11,542.08 ","$9,167.79 "
,SG,,"1,564","$444,232.67 ","$350,734.23 "
,80'S,,11,"$1,364.37 ","$1,091.49 "
,OTHER,,"3,000","$2,077,206.91 ","$1,639,503.31 "
,TOTAL,,"4,690","$2,534,346.03 ","$2,000,496.82 "
26483,AS,,45,"$4,986.31 ","$3,989.00 "
,SG,,233,"$62,864.64 ","$49,761.11 "
,80'S,,6,$685.95 ,$548.77 
,OTHER,,225,"$171,275.42 ","$135,162.65 "
,TOTAL,,509,"$239,812.32 ","$189,461.53 "
26485,AS,,37,"$3,813.74 ","$3,050.95 "
,SG,,116,"$29,122.82 ","$23,043.58 "
,80'S,,12,"$1,345.99 ","$1,076.80 "
,OTHER,,357,"$244,518.57 ","$193,691.67 "
,TOTAL,,522,"$278,801.12 ","$220,863.00 "
26489,SG,,21,"$6,041.11 ","$4,728.08 "
,OTHER,,46,"$30,050.67 ","$23,143.39 "
,TOTAL,,67,"$36,091.78 ","$27,871.47 "
26490,AS,,4,$425.01 ,$340.00 
,SG,,42,"$18,087.55 ","$14,387.44 "
,80'S,,1,$58.02 ,$46.42 
,OTHER,,102,"$70,256.75 ","$55,982.29 "
,TOTAL,,149,"$88,827.33 ","$70,756.15 "
26492,AS,,4,$443.85 ,$355.08 
,SG,,20,"$8,037.99 ","$6,416.27 "
,OTHER,,36,"$26,397.13 ","$21,117.69 "
,TOTAL,,60,"$34,878.97 ","$27,889.04 "
26494,SG,,4,"$1,537.47 ","$1,229.98 "
,OTHER,,10,"$7,447.64 ","$5,853.30 "
,TOTAL,,14,"$8,985.11 ","$7,083.28 "
26496,SG,,27,"$11,994.01 ","$9,595.21 "
,OTHER,,90,"$67,233.85 ","$53,787.06 "
,TOTAL,,117,"$79,227.86 ","$63,382.27 "
26497,AS,,7,$758.37 ,$606.69 
,SG,,40,"$14,676.99 ","$11,641.08 "
,80'S,,2,$126.22 ,$100.97 
,OTHER,,55,"$39,715.05 ","$30,962.56 "
,TOTAL,,104,"$55,276.63 ","$43,311.30 "
26498,SG,,12,"$6,941.86 ","$5,553.48 "
,80'S,,4,$790.38 ,$632.30 
,OTHER,,46,"$48,721.64 ","$37,411.85 "
,TOTAL,,62,"$56,453.88 ","$43,597.63 "
26499,AS,,3,$216.91 ,$173.52 
,SG,,5,"$1,736.52 ","$1,389.21 "
,OTHER,,9,"$6,291.01 ","$5,032.82 "
,TOTAL,,17,"$8,244.44 ","$6,595.55 "
26500,AS,,1,$89.44 ,$71.55 
,SG,,57,"$30,750.20 ","$24,600.14 "
,80'S,,5,$338.22 ,$270.59 
,OTHER,,261,"$117,319.23 ","$93,573.18 "
,TOTAL,,324,"$148,497.09 ","$118,515.46 "
26502,AS,,13,$797.56 ,$594.25 
,SG,,19,"$9,932.86 ","$7,946.29 "
,OTHER,,61,"$28,273.08 ","$22,587.19 "
,TOTAL,,93,"$39,003.50 ","$31,127.73 "
26508,AS,,2,$135.17 ,$108.14 
,SG,,35,"$11,921.54 ","$9,537.20 "
,OTHER,,112,"$45,253.61 ","$35,190.71 "
,TOTAL,,149,"$57,310.32 ","$44,836.05 "
26510,SG,,41,"$12,815.59 ","$10,252.50 "
,80'S,,4,$219.18 ,$175.36 
,OTHER,,270,"$96,133.61 ","$76,032.52 "
,TOTAL,,315,"$109,168.38 ","$86,460.38 "
26516,AS,,20,"$1,069.01 ",$820.57 
,SG,,157,"$27,370.02 ","$21,690.95 "
,OTHER,,431,"$178,859.25 ","$142,276.10 "
,TOTAL,,608,"$207,298.28 ","$164,787.62 "
26517,SG,,2,"$1,008.92 ",$807.13 
,OTHER,,4,"$3,032.91 ","$2,426.33 "
,TOTAL,,6,"$4,041.83 ","$3,233.46 "
26518,SG,,2,$751.44 ,$601.15 
,80'S,,1,$122.26 ,$97.81 
,OTHER,,11,"$7,590.44 ","$6,072.36 "
,TOTAL,,14,"$8,464.14 ","$6,771.32 "
26520,SG,,191,"$62,100.21 ","$48,402.58 "
,OTHER,,629,"$275,511.39 ","$217,724.97 "
,TOTAL,,820,"$337,611.60 ","$266,127.55 "
26525,SG,,324,"$122,001.47 ","$96,482.46 "
,OTHER,,"1,043","$540,785.76 ","$428,248.58 "
,TOTAL,,"1,367","$662,787.23 ","$524,731.04 "
26530,AS,,37,"$1,931.83 ","$1,545.50 "
,SG,,110,"$44,212.17 ","$35,107.00 "
,80'S,,14,$791.89 ,$633.49 
,OTHER,,368,"$129,694.51 ","$101,402.36 "
,TOTAL,,529,"$176,630.40 ","$138,688.35 "
26531,AS,,264,"$14,063.94 ","$11,131.68 "
,SG,,340,"$254,899.77 ","$200,243.71 "
,80'S,,76,"$4,334.33 ","$3,467.55 "
,OTHER,,"2,473","$869,873.20 ","$682,378.00 "
,TOTAL,,"3,153","$1,143,171.24 ","$897,220.94 "
26535,SG,,265,"$168,200.70 ","$133,343.86 "
,OTHER,,677,"$172,037.51 ","$136,784.98 "
,TOTAL,,942,"$340,238.21 ","$270,128.84 "
26536,AS,,55,"$3,480.16 ","$2,784.16 "
,SG,,307,"$188,675.46 ","$149,720.99 "
,80'S,,13,$987.04 ,$789.62 
,OTHER,,"1,292","$631,861.03 ","$497,680.88 "
,TOTAL,,"1,667","$825,003.69 ","$650,975.65 "
26540,AS,,36,"$2,862.36 ","$2,289.92 "
,SG,,259,"$141,607.84 ","$111,917.12 "
,80'S,,10,$784.82 ,$627.85 
,OTHER,,"1,006","$561,949.94 ","$444,222.65 "
,TOTAL,,"1,311","$707,204.96 ","$559,057.54 "
26541,AS,,22,"$2,311.73 ","$1,849.42 "
,SG,,69,"$69,363.28 ","$55,328.22 "
,80'S,,7,$710.86 ,$568.70 
,OTHER,,244,"$181,040.26 ","$142,815.43 "
,TOTAL,,342,"$253,426.13 ","$200,561.77 "
26542,AS,,3,$275.16 ,$220.12 
,SG,,47,"$25,015.95 ","$19,907.94 "
,OTHER,,164,"$91,232.37 ","$72,481.95 "
,TOTAL,,214,"$116,523.48 ","$92,610.01 "
26545,AS,,2,$151.24 ,$121.00 
,SG,,24,"$12,474.86 ","$9,850.26 "
,OTHER,,96,"$54,665.72 ","$43,023.61 "
,TOTAL,,122,"$67,291.82 ","$52,994.87 "
26546,AS,,25,"$2,888.86 ","$2,311.07 "
,SG,,36,"$21,214.53 ","$16,652.46 "
,80'S,,2,$275.37 ,$220.29 
,OTHER,,134,"$112,729.83 ","$89,852.64 "
,TOTAL,,197,"$137,108.59 ","$109,036.46 "
26548,AS,,11,$964.14 ,$771.31 
,SG,,74,"$36,880.39 ","$28,912.08 "
,OTHER,,243,"$151,867.66 ","$119,224.39 "
,TOTAL,,328,"$189,712.19 ","$148,907.78 "
26550,80'S,,1,$217.78 ,$174.22 
,OTHER,,5,"$3,138.93 ","$2,496.10 "
,TOTAL,,6,"$3,356.71 ","$2,670.32 "
26551,OTHER,,1,$438.50 ,$350.80 
,TOTAL,,1,$438.50 ,$350.80 
26553,OTHER,,2,$470.00 ,$376.00 
,TOTAL,,2,$470.00 ,$376.00 
26555,OTHER,,5,"$5,520.13 ","$4,416.10 "
,TOTAL,,5,"$5,520.13 ","$4,416.10 "
26556,OTHER,,7,"$10,636.27 ","$8,509.03 "
,TOTAL,,7,"$10,636.27 ","$8,509.03 "
26560,AS,,1,$76.36 ,$61.09 
,SG,,5,"$1,323.44 ",$953.94 
,OTHER,,12,"$3,894.73 ","$3,021.65 "
,TOTAL,,18,"$5,294.53 ","$4,036.68 "
26561,AS,,2,$257.68 ,$206.14 
,SG,,4,"$2,103.32 ","$1,682.66 "
,OTHER,,21,"$13,628.50 ","$10,732.11 "
,TOTAL,,27,"$15,989.50 ","$12,620.91 "
26562,OTHER,,2,"$1,987.91 ","$1,590.33 "
,TOTAL,,2,"$1,987.91 ","$1,590.33 "
26565,AS,,11,$916.94 ,$733.57 
,SG,,31,"$20,065.63 ","$15,947.70 "
,80'S,,3,$256.76 ,$205.41 
,OTHER,,99,"$52,554.43 ","$41,875.50 "
,TOTAL,,144,"$73,793.76 ","$58,762.18 "
26567,AS,,2,$175.65 ,$140.52 
,SG,,33,"$21,974.15 ","$17,434.52 "
,OTHER,,127,"$74,728.62 ","$59,255.85 "
,TOTAL,,162,"$96,878.42 ","$76,830.89 "
26568,SG,,1,$548.35 ,$438.68 
,OTHER,,12,"$8,690.05 ","$6,952.03 "
,TOTAL,,13,"$9,238.40 ","$7,390.71 "
26580,OTHER,,4,"$2,995.89 ","$2,396.71 "
,TOTAL,,4,"$2,995.89 ","$2,396.71 "
26587,SG,,1,$720.51 ,$576.41 
,OTHER,,7,"$5,230.85 ","$4,184.68 "
,TOTAL,,8,"$5,951.36 ","$4,761.09 "
26590,SG,,4,"$2,791.97 ","$1,907.18 "
,OTHER,,5,"$4,780.37 ","$3,824.29 "
,TOTAL,,9,"$7,572.34 ","$5,731.47 "
26591,AS,,1,$31.47 ,$25.18 
,SG,,13,"$4,446.10 ","$3,556.88 "
,OTHER,,172,"$53,115.65 ","$42,383.63 "
,TOTAL,,186,"$57,593.22 ","$45,965.69 "
26593,SG,,103,"$31,089.65 ","$24,871.70 "
,OTHER,,722,"$244,574.44 ","$194,832.35 "
,TOTAL,,825,"$275,664.09 ","$219,704.05 "
26596,AS,,1,$87.20 ,$69.76 
,SG,,3,"$1,296.60 ","$1,037.28 "
,OTHER,,44,"$22,812.58 ","$18,223.13 "
,TOTAL,,48,"$24,196.38 ","$19,330.17 "
26600,OTHER,,"16,432","$3,294,206.74 ","$2,544,030.61 "
,TOTAL,,"16,432","$3,294,206.74 ","$2,544,030.61 "
26605,SG,,27,"$2,043.03 ","$1,634.41 "
,OTHER,,"2,061","$516,111.78 ","$401,005.25 "
,TOTAL,,"2,088","$518,154.81 ","$402,639.66 "
26607,AS,,1,$38.81 ,$31.05 
,SG,,15,"$1,417.48 ","$1,133.98 "
,80'S,,1,$71.38 ,$57.10 
,OTHER,,174,"$52,249.25 ","$41,162.43 "
,TOTAL,,191,"$53,776.92 ","$42,384.56 "
26608,AS,,17,$857.58 ,$686.08 
,SG,,220,"$125,321.86 ","$99,338.24 "
,80'S,,3,$164.42 ,$131.54 
,OTHER,,992,"$375,615.93 ","$294,385.59 "
,TOTAL,,"1,232","$501,959.79 ","$394,541.45 "
26615,SG,,293,"$166,281.74 ","$131,013.14 "
,OTHER,,"1,425","$461,114.73 ","$362,455.27 "
,TOTAL,,"1,718","$627,396.47 ","$493,468.41 "
26641,OTHER,,143,"$36,394.52 ","$28,505.52 "
,TOTAL,,143,"$36,394.52 ","$28,505.52 "
26645,AS,,1,$20.95 ,$16.76 
,SG,,3,$252.23 ,$201.79 
,OTHER,,95,"$30,332.72 ","$23,783.79 "
,TOTAL,,99,"$30,605.90 ","$24,002.34 "
26650,SG,,40,"$15,600.94 ","$12,343.60 "
,OTHER,,191,"$80,516.92 ","$63,944.36 "
,TOTAL,,231,"$96,117.86 ","$76,287.96 "
26665,SG,,26,"$15,825.14 ","$12,588.66 "
,OTHER,,83,"$38,247.54 ","$30,364.95 "
,TOTAL,,109,"$54,072.68 ","$42,953.61 "
26670,AS,,1,$31.68 ,$25.34 
,OTHER,,146,"$33,533.77 ","$26,429.65 "
,TOTAL,,147,"$33,565.45 ","$26,454.99 "
26675,SG,,2,$210.20 ,$168.16 
,OTHER,,28,"$8,254.16 ","$6,262.84 "
,TOTAL,,30,"$8,464.36 ","$6,431.00 "
26676,SG,,32,"$11,376.37 ","$9,101.07 "
,OTHER,,126,"$49,231.11 ","$38,692.14 "
,TOTAL,,158,"$60,607.48 ","$47,793.21 "
26685,SG,,12,"$5,405.22 ","$4,324.19 "
,OTHER,,68,"$26,531.48 ","$21,034.30 "
,TOTAL,,80,"$31,936.70 ","$25,358.49 "
26686,AS,,4,$262.51 ,$210.01 
,SG,,3,"$1,294.09 ","$1,035.27 "
,80'S,,4,$200.95 ,$160.75 
,OTHER,,31,"$14,587.33 ","$11,617.59 "
,TOTAL,,42,"$16,344.88 ","$13,023.62 "
26700,OTHER,,675,"$149,179.36 ","$116,456.46 "
,TOTAL,,675,"$149,179.36 ","$116,456.46 "
26705,AS,,1,$44.50 ,$35.60 
,SG,,8,$768.47 ,$614.79 
,OTHER,,121,"$37,199.42 ","$28,997.80 "
,TOTAL,,130,"$38,012.39 ","$29,648.19 "
26706,SG,,22,"$1,387.39 ","$1,032.60 "
,OTHER,,101,"$23,149.15 ","$18,519.30 "
,TOTAL,,123,"$24,536.54 ","$19,551.90 "
26715,AS,,6,$231.11 ,$184.89 
,SG,,45,"$23,899.61 ","$19,119.68 "
,80'S,,2,$66.73 ,$53.39 
,OTHER,,236,"$78,954.22 ","$62,512.67 "
,TOTAL,,289,"$103,151.67 ","$81,870.63 "
26720,OTHER,,"11,444","$1,571,297.47 ","$1,207,217.26 "
,TOTAL,,"11,444","$1,571,297.47 ","$1,207,217.26 "
26725,OTHER,,"2,897","$745,556.87 ","$580,850.68 "
,TOTAL,,"2,897","$745,556.87 ","$580,850.68 "
26727,SG,,445,"$406,574.34 ","$321,130.01 "
,OTHER,,"1,756","$640,576.15 ","$504,748.09 "
,TOTAL,,"2,201","$1,047,150.49 ","$825,878.10 "
26735,SG,,240,"$135,807.53 ","$107,705.93 "
,OTHER,,"1,545","$515,888.31 ","$406,566.18 "
,TOTAL,,"1,785","$651,695.84 ","$514,272.11 "
26740,OTHER,,"1,055","$183,789.04 ","$142,520.49 "
,TOTAL,,"1,055","$183,789.04 ","$142,520.49 "
26742,SG,,17,"$1,229.36 ",$983.49 
,OTHER,,333,"$95,460.60 ","$74,554.10 "
,TOTAL,,350,"$96,689.96 ","$75,537.59 "
26746,SG,,145,"$100,399.39 ","$79,357.51 "
,OTHER,,906,"$296,711.61 ","$234,402.37 "
,TOTAL,,"1,051","$397,111.00 ","$313,759.88 "
26750,OTHER,,"5,892","$747,820.98 ","$570,995.19 "
,TOTAL,,"5,892","$747,820.98 ","$570,995.19 "
26755,OTHER,,514,"$118,323.29 ","$91,313.95 "
,TOTAL,,514,"$118,323.29 ","$91,313.95 "
26756,AS,,4,$141.08 ,$112.86 
,SG,,97,"$38,848.51 ","$30,992.14 "
,OTHER,,341,"$98,899.31 ","$78,314.63 "
,TOTAL,,442,"$137,888.90 ","$109,419.63 "
26765,SG,,155,"$91,407.00 ","$72,161.83 "
,OTHER,,"1,604","$374,163.96 ","$292,417.52 "
,TOTAL,,"1,759","$465,570.96 ","$364,579.35 "
26770,OTHER,,"4,725","$834,572.19 ","$648,181.63 "
,TOTAL,,"4,725","$834,572.19 ","$648,181.63 "
26775,OTHER,,525,"$148,807.30 ","$117,096.72 "
,TOTAL,,525,"$148,807.30 ","$117,096.72 "
26776,SG,,41,"$14,075.18 ","$11,155.31 "
,OTHER,,239,"$72,118.30 ","$57,409.98 "
,TOTAL,,280,"$86,193.48 ","$68,565.29 "
26785,SG,,82,"$28,062.80 ","$21,884.71 "
,OTHER,,512,"$127,320.33 ","$100,972.55 "
,TOTAL,,594,"$155,383.13 ","$122,857.26 "
26820,AS,,1,$105.46 ,$84.37 
,SG,,6,"$4,417.00 ","$3,533.61 "
,80'S,,2,$268.70 ,$214.96 
,OTHER,,24,"$18,782.63 ","$14,911.32 "
,TOTAL,,33,"$23,573.79 ","$18,744.26 "
26841,AS,,2,$193.98 ,$155.18 
,SG,,99,"$56,102.62 ","$43,395.01 "
,OTHER,,292,"$194,008.34 ","$150,921.00 "
,TOTAL,,393,"$250,304.94 ","$194,471.19 "
26842,AS,,12,"$1,274.34 ","$1,019.49 "
,SG,,30,"$18,148.07 ","$14,025.59 "
,80'S,,3,$318.41 ,$254.73 
,OTHER,,89,"$67,263.43 ","$53,435.45 "
,TOTAL,,134,"$87,004.25 ","$68,735.26 "
26843,AS,,7,$526.69 ,$421.35 
,SG,,12,"$4,353.64 ","$3,268.31 "
,80'S,,1,$90.60 ,$72.48 
,OTHER,,36,"$18,966.20 ","$14,924.22 "
,TOTAL,,56,"$23,937.13 ","$18,686.36 "
26844,AS,,4,$426.96 ,$341.57 
,SG,,10,"$4,248.07 ","$3,398.46 "
,80'S,,1,$119.62 ,$95.70 
,OTHER,,37,"$25,518.01 ","$20,323.45 "
,TOTAL,,52,"$30,312.66 ","$24,159.18 "
26850,AS,,28,"$1,977.92 ","$1,578.57 "
,SG,,306,"$142,896.65 ","$112,122.87 "
,80'S,,4,$209.74 ,$167.80 
,OTHER,,966,"$502,875.42 ","$396,535.18 "
,TOTAL,,"1,304","$647,959.73 ","$510,404.42 "
26852,AS,,32,"$2,978.56 ","$2,351.87 "
,SG,,85,"$39,269.23 ","$30,840.89 "
,80'S,,2,$224.46 ,$179.57 
,OTHER,,251,"$178,746.69 ","$141,161.42 "
,TOTAL,,370,"$221,218.94 ","$174,533.75 "
26860,SG,,"1,170","$522,285.63 ","$409,652.55 "
,OTHER,,"3,336","$1,596,436.99 ","$1,256,268.68 "
,TOTAL,,"4,506","$2,118,722.62 ","$1,665,921.23 "
26861,SG,,159,"$35,101.92 ","$27,660.46 "
,OTHER,,522,"$51,925.82 ","$41,145.97 "
,TOTAL,,681,"$87,027.74 ","$68,806.43 "
26862,AS,,54,"$4,587.76 ","$3,670.17 "
,SG,,168,"$99,352.24 ","$78,401.26 "
,80'S,,10,"$1,091.28 ",$873.03 
,OTHER,,434,"$284,694.27 ","$225,169.60 "
,TOTAL,,666,"$389,725.55 ","$308,114.06 "
26863,AS,,7,$220.47 ,$176.38 
,SG,,20,"$5,046.55 ","$4,037.23 "
,80'S,,3,$127.31 ,$101.86 
,OTHER,,68,"$15,736.16 ","$12,426.78 "
,TOTAL,,98,"$21,130.49 ","$16,742.25 "
26910,SG,,80,"$37,937.91 ","$28,957.48 "
,OTHER,,"1,110","$636,660.80 ","$504,459.08 "
,TOTAL,,"1,190","$674,598.71 ","$533,416.56 "
26951,SG,,715,"$271,037.40 ","$212,517.85 "
,OTHER,,"6,398","$3,081,176.00 ","$2,434,759.90 "
,TOTAL,,"7,113","$3,352,213.40 ","$2,647,277.75 "
26952,SG,,274,"$163,152.85 ","$129,042.16 "
,OTHER,,"1,782","$1,009,883.38 ","$798,096.46 "
,TOTAL,,"2,056","$1,173,036.23 ","$927,138.62 "
26989,OTHER,,104,"$31,769.04 ","$24,894.04 "
,TOTAL,,104,"$31,769.04 ","$24,894.04 "
26990,AS,,4,$323.80 ,$259.05 
,SG,,37,"$11,796.42 ","$9,222.64 "
,80'S,,2,$157.42 ,$125.94 
,OTHER,,"5,125","$2,384,213.66 ","$1,895,319.63 "
,TOTAL,,"5,168","$2,396,491.30 ","$1,904,927.26 "
26991,AS,,11,$713.40 ,$570.72 
,SG,,1,$331.10 ,$264.88 
,80'S,,1,$76.46 ,$61.17 
,OTHER,,251,"$103,785.55 ","$82,475.28 "
,TOTAL,,264,"$104,906.51 ","$83,372.05 "
26992,AS,,45,"$4,418.96 ","$3,535.19 "
,80'S,,12,"$1,383.98 ","$1,107.21 "
,OTHER,,688,"$513,983.72 ","$408,238.39 "
,TOTAL,,745,"$519,786.66 ","$412,880.79 "
27000,SG,,3,"$1,316.55 ","$1,053.24 "
,80'S,,2,$159.76 ,$127.80 
,OTHER,,450,"$106,332.48 ","$84,941.47 "
,TOTAL,,455,"$107,808.79 ","$86,122.51 "
27001,AS,,39,"$1,525.57 ","$1,220.47 "
,SG,,4,"$1,800.58 ","$1,440.47 "
,80'S,,18,$876.43 ,$701.15 
,OTHER,,230,"$71,418.28 ","$56,420.38 "
,TOTAL,,291,"$75,620.86 ","$59,782.47 "
27003,SG,,1,$259.21 ,$207.37 
,80'S,,1,$48.90 ,$39.12 
,OTHER,,27,"$9,871.85 ","$7,862.11 "
,TOTAL,,29,"$10,179.96 ","$8,108.60 "
27005,AS,,24,"$1,414.58 ","$1,131.63 "
,80'S,,19,"$1,462.36 ","$1,169.86 "
,OTHER,,165,"$74,388.50 ","$58,841.43 "
,TOTAL,,208,"$77,265.44 ","$61,142.92 "
27006,AS,,29,"$2,254.05 ","$1,723.77 "
,80'S,,12,$994.80 ,$795.82 
,OTHER,,172,"$97,206.54 ","$76,236.34 "
,TOTAL,,213,"$100,455.39 ","$78,755.93 "
27025,AS,,11,$993.37 ,$794.69 
,80'S,,4,$387.03 ,$309.62 
,OTHER,,296,"$207,738.82 ","$164,510.52 "
,TOTAL,,311,"$209,119.22 ","$165,614.83 "
27030,AS,,259,"$29,338.62 ","$23,408.51 "
,80'S,,96,"$12,444.35 ","$9,955.45 "
,OTHER,,"1,583","$1,167,828.87 ","$929,541.06 "
,TOTAL,,"1,938","$1,209,611.84 ","$962,905.02 "
27033,AS,,106,"$10,780.04 ","$8,623.99 "
,SG,,5,"$2,039.56 ","$1,631.65 "
,80'S,,31,"$4,137.57 ","$3,310.07 "
,OTHER,,482,"$354,417.75 ","$281,194.71 "
,TOTAL,,624,"$371,374.92 ","$294,760.42 "
27035,AS,,2,$242.48 ,$193.99 
,SG,,6,"$3,131.08 ","$2,370.70 "
,OTHER,,30,"$27,454.89 ","$21,350.41 "
,TOTAL,,38,"$30,828.45 ","$23,915.10 "
27036,AS,,104,"$8,359.72 ","$6,586.00 "
,80'S,,28,"$3,288.08 ","$2,630.49 "
,OTHER,,389,"$259,270.78 ","$205,456.35 "
,TOTAL,,521,"$270,918.58 ","$214,672.84 "
27040,SG,,9,"$3,053.33 ","$2,442.68 "
,OTHER,,445,"$88,315.24 ","$69,568.33 "
,TOTAL,,454,"$91,368.57 ","$72,011.01 "
27041,SG,,18,"$6,670.95 ","$5,277.04 "
,80'S,,1,$102.18 ,$81.74 
,OTHER,,723,"$382,228.19 ","$300,483.47 "
,TOTAL,,742,"$389,001.32 ","$305,842.25 "
27047,SG,,221,"$88,171.65 ","$69,999.79 "
,OTHER,,"1,410","$635,939.65 ","$500,916.61 "
,TOTAL,,"1,631","$724,111.30 ","$570,916.40 "
27048,AS,,60,"$2,563.19 ","$2,050.53 "
,SG,,99,"$47,237.29 ","$36,521.44 "
,80'S,,39,"$1,780.64 ","$1,424.49 "
,OTHER,,954,"$343,164.15 ","$269,771.68 "
,TOTAL,,"1,152","$394,745.27 ","$309,768.14 "
27049,AS,,33,"$3,398.94 ","$2,719.20 "
,SG,,16,"$7,399.96 ","$5,859.86 "
,80'S,,43,"$5,297.63 ","$4,238.08 "
,OTHER,,489,"$382,903.05 ","$304,809.68 "
,TOTAL,,581,"$398,999.58 ","$317,626.82 "
27050,SG,,1,$489.88 ,$391.90 
,OTHER,,69,"$4,677.75 ","$3,540.65 "
,TOTAL,,70,"$5,167.63 ","$3,932.55 "
27052,AS,,11,$669.85 ,$535.87 
,SG,,1,$487.07 ,$389.66 
,80'S,,4,$330.61 ,$264.49 
,OTHER,,79,"$30,426.73 ","$24,012.55 "
,TOTAL,,95,"$31,914.26 ","$25,202.57 "
27054,AS,,37,"$2,356.51 ","$1,877.52 "
,80'S,,26,"$1,983.97 ","$1,587.19 "
,OTHER,,225,"$100,082.20 ","$79,891.04 "
,TOTAL,,288,"$104,422.68 ","$83,355.75 "
27060,SG,,9,"$6,058.21 ","$4,406.06 "
,OTHER,,51,"$15,810.97 ","$12,648.79 "
,TOTAL,,60,"$21,869.18 ","$17,054.85 "
27062,AS,,1,$28.22 ,$22.58 
,SG,,127,"$89,064.84 ","$69,598.27 "
,OTHER,,"1,023","$327,320.45 ","$257,364.14 "
,TOTAL,,"1,151","$416,413.51 ","$326,984.99 "
27065,AS,,20,$860.79 ,$641.70 
,SG,,13,"$8,568.48 ","$6,854.77 "
,80'S,,8,$392.40 ,$301.86 
,OTHER,,139,"$48,868.15 ","$38,624.47 "
,TOTAL,,180,"$58,689.82 ","$46,422.80 "
27066,AS,,47,"$3,233.65 ","$2,586.85 "
,SG,,3,"$1,777.83 ","$1,422.26 "
,80'S,,15,"$1,159.91 ",$927.93 
,OTHER,,252,"$132,633.41 ","$105,883.92 "
,TOTAL,,317,"$138,804.80 ","$110,820.96 "
27067,AS,,1,$62.36 ,$49.89 
,OTHER,,11,"$6,209.22 ","$4,271.72 "
,TOTAL,,12,"$6,271.58 ","$4,321.61 "
27070,AS,,38,"$3,490.27 ","$2,792.22 "
,80'S,,14,"$1,202.60 ",$952.73 
,OTHER,,372,"$223,124.28 ","$176,071.38 "
,TOTAL,,424,"$227,817.15 ","$179,816.33 "
27071,AS,,76,"$7,944.88 ","$6,347.26 "
,80'S,,37,"$3,726.88 ","$2,898.66 "
,OTHER,,525,"$373,636.97 ","$293,822.53 "
,TOTAL,,638,"$385,308.73 ","$303,068.45 "
27075,AS,,6,"$1,763.97 ","$1,411.17 "
,80'S,,12,"$4,139.47 ","$3,311.57 "
,OTHER,,102,"$208,124.88 ","$164,687.54 "
,TOTAL,,120,"$214,028.32 ","$169,410.28 "
27076,AS,,9,"$1,633.07 ","$1,306.46 "
,80'S,,6,"$1,336.59 ","$1,069.28 "
,OTHER,,96,"$127,820.05 ","$102,117.76 "
,TOTAL,,111,"$130,789.71 ","$104,493.50 "
27077,80'S,,1,$415.02 ,$332.02 
,OTHER,,14,"$34,334.38 ","$27,467.52 "
,TOTAL,,15,"$34,749.40 ","$27,799.54 "
27078,AS,,6,$581.28 ,$465.03 
,80'S,,3,$318.57 ,$254.86 
,OTHER,,48,"$33,568.68 ","$26,854.99 "
,TOTAL,,57,"$34,468.53 ","$27,574.88 "
27079,AS,,1,$137.77 ,$110.22 
,OTHER,,21,"$14,677.57 ","$11,628.65 "
,TOTAL,,22,"$14,815.34 ","$11,738.87 "
27080,AS,,37,"$2,063.62 ","$1,650.92 "
,SG,,10,"$4,175.49 ","$3,299.58 "
,80'S,,16,$911.51 ,$729.22 
,OTHER,,286,"$107,579.49 ","$84,474.21 "
,TOTAL,,349,"$114,730.11 ","$90,153.93 "
27086,SG,,4,$967.59 ,$774.07 
,OTHER,,108,"$15,042.68 ","$11,731.63 "
,TOTAL,,112,"$16,010.27 ","$12,505.70 "
27087,AS,,41,"$2,329.78 ","$1,863.83 "
,SG,,5,"$2,268.32 ","$1,814.66 "
,80'S,,29,"$1,795.71 ","$1,425.12 "
,OTHER,,344,"$154,278.55 ","$122,454.05 "
,TOTAL,,419,"$160,672.36 ","$127,557.66 "
27090,AS,,131,"$11,554.09 ","$9,215.82 "
,80'S,,74,"$7,164.33 ","$5,668.79 "
,OTHER,,699,"$406,494.39 ","$323,182.35 "
,TOTAL,,904,"$425,212.81 ","$338,066.96 "
27091,AS,,557,"$108,103.59 ","$86,193.35 "
,80'S,,272,"$60,987.98 ","$48,626.95 "
,OTHER,,"2,087","$2,820,021.71 ","$2,243,292.78 "
,TOTAL,,"2,916","$2,989,113.28 ","$2,378,113.08 "
27093,OTHER,,"14,606","$1,932,863.47 ","$1,500,432.41 "
,TOTAL,,"14,606","$1,932,863.47 ","$1,500,432.41 "
27095,OTHER,,"5,405","$764,852.86 ","$598,805.44 "
,TOTAL,,"5,405","$764,852.86 ","$598,805.44 "
27096,OTHER,,"215,622","$30,361,434.66 ","$23,668,896.16 "
,TOTAL,,"215,622","$30,361,434.66 ","$23,668,896.16 "
27097,AS,,7,$443.91 ,$355.12 
,SG,,9,"$4,075.09 ","$3,260.07 "
,80'S,,1,$59.83 ,$47.86 
,OTHER,,46,"$19,431.47 ","$14,929.77 "
,TOTAL,,63,"$24,010.30 ","$18,592.82 "
27098,AS,,1,$40.44 ,$32.35 
,OTHER,,22,"$10,677.55 ","$6,850.30 "
,TOTAL,,23,"$10,717.99 ","$6,882.65 "
27100,AS,,14,"$1,019.38 ",$815.51 
,80'S,,7,$557.39 ,$445.91 
,OTHER,,42,"$21,303.93 ","$17,043.14 "
,TOTAL,,63,"$22,880.70 ","$18,304.56 "
27105,AS,,1,$110.57 ,$88.46 
,80'S,,1,$63.85 ,$51.08 
,OTHER,,8,"$4,533.83 ","$3,627.07 "
,TOTAL,,10,"$4,708.25 ","$3,766.61 "
27110,AS,,6,$465.90 ,$372.73 
,80'S,,7,$554.79 ,$443.81 
,OTHER,,30,"$17,428.50 ","$13,942.83 "
,TOTAL,,43,"$18,449.19 ","$14,759.37 "
27111,80'S,,3,$197.35 ,$157.88 
,OTHER,,5,"$2,585.29 ","$2,068.23 "
,TOTAL,,8,"$2,782.64 ","$2,226.11 "
27120,AS,,19,"$2,651.54 ","$2,121.22 "
,80'S,,5,$855.43 ,$684.34 
,OTHER,,80,"$78,556.95 ","$62,591.79 "
,TOTAL,,104,"$82,063.92 ","$65,397.35 "
27122,AS,,121,"$16,521.47 ","$13,190.08 "
,80'S,,68,"$10,515.37 ","$8,412.30 "
,OTHER,,759,"$720,011.11 ","$572,388.64 "
,TOTAL,,948,"$747,047.95 ","$593,991.02 "
27125,AS,,"2,492","$354,688.65 ","$281,906.67 "
,80'S,,"1,550","$257,227.92 ","$204,533.20 "
,OTHER,,"12,819","$13,176,531.56 ","$10,504,127.74 "
,TOTAL,,"16,861","$13,788,448.13 ","$10,990,567.61 "
27130,AS,,"39,399","$7,196,971.40 ","$5,711,436.11 "
,80'S,,"17,640","$3,772,246.04 ","$2,987,323.60 "
,OTHER,,"105,037","$141,560,663.58 ","$112,254,502.39 "
,TOTAL,,"162,076","$152,529,881.02 ","$120,953,262.10 "
27132,AS,,"1,864","$396,837.22 ","$316,719.51 "
,80'S,,816,"$203,501.50 ","$161,567.17 "
,OTHER,,"5,579","$8,554,935.51 ","$6,812,576.64 "
,TOTAL,,"8,259","$9,155,274.23 ","$7,290,863.32 "
27134,AS,,"3,721","$931,741.62 ","$741,389.38 "
,80'S,,"1,837","$538,172.90 ","$427,464.79 "
,OTHER,,"10,853","$19,487,604.07 ","$15,481,308.73 "
,TOTAL,,"16,411","$20,957,518.59 ","$16,650,162.90 "
27137,AS,,"1,627","$306,145.06 ","$243,530.66 "
,80'S,,850,"$186,466.41 ","$148,234.48 "
,OTHER,,"5,043","$6,644,684.51 ","$5,270,721.53 "
,TOTAL,,"7,520","$7,137,295.98 ","$5,662,486.67 "
27138,AS,,842,"$164,586.61 ","$130,820.51 "
,80'S,,498,"$113,352.18 ","$90,451.50 "
,OTHER,,"2,883","$3,859,661.73 ","$3,073,960.15 "
,TOTAL,,"4,223","$4,137,600.52 ","$3,295,232.16 "
27140,AS,,37,"$2,351.40 ","$1,881.14 "
,80'S,,33,"$2,580.21 ","$2,064.19 "
,OTHER,,174,"$84,645.03 ","$67,345.62 "
,TOTAL,,244,"$89,576.64 ","$71,290.95 "
27146,AS,,6,$602.64 ,$482.11 
,80'S,,22,"$2,478.48 ","$1,982.76 "
,OTHER,,41,"$32,548.81 ","$25,934.27 "
,TOTAL,,69,"$35,629.93 ","$28,399.14 "
27147,AS,,3,$529.79 ,$319.02 
,80'S,,2,$280.19 ,$224.15 
,OTHER,,8,"$8,600.25 ","$6,880.22 "
,TOTAL,,13,"$9,410.23 ","$7,423.39 "
27151,AS,,6,$756.26 ,$605.01 
,80'S,,3,$525.10 ,$420.08 
,OTHER,,24,"$22,775.90 ","$18,220.73 "
,TOTAL,,33,"$24,057.26 ","$19,245.82 "
27156,AS,,1,$226.57 ,$181.26 
,80'S,,4,"$1,007.00 ",$805.60 
,OTHER,,13,"$20,183.52 ","$16,146.81 "
,TOTAL,,18,"$21,417.09 ","$17,133.67 "
27158,OTHER,,2,"$1,763.25 ","$1,410.60 "
,TOTAL,,2,"$1,763.25 ","$1,410.60 "
27161,AS,,37,"$4,106.48 ","$3,279.17 "
,80'S,,20,"$3,437.07 ","$2,749.64 "
,OTHER,,143,"$144,039.52 ","$115,022.01 "
,TOTAL,,200,"$151,583.07 ","$121,050.82 "
27165,AS,,73,"$8,086.00 ","$6,468.84 "
,80'S,,38,"$5,808.94 ","$4,627.29 "
,OTHER,,276,"$258,049.81 ","$205,795.19 "
,TOTAL,,387,"$271,944.75 ","$216,891.32 "
27170,AS,,44,"$6,078.11 ","$4,862.47 "
,80'S,,28,"$3,794.78 ","$2,954.38 "
,OTHER,,288,"$277,704.91 ","$220,563.67 "
,TOTAL,,360,"$287,577.80 ","$228,380.52 "
27175,OTHER,,2,$744.56 ,$595.64 
,TOTAL,,2,$744.56 ,$595.64 
27176,AS,,5,$557.53 ,$446.03 
,OTHER,,37,"$31,909.31 ","$24,939.22 "
,TOTAL,,42,"$32,466.84 ","$25,385.25 "
27177,AS,,1,$152.71 ,$122.17 
,OTHER,,9,"$9,592.11 ","$7,673.69 "
,TOTAL,,10,"$9,744.82 ","$7,795.86 "
27178,80'S,,1,$126.17 ,$100.94 
,OTHER,,11,"$8,681.22 ","$6,944.95 "
,TOTAL,,12,"$8,807.39 ","$7,045.89 "
27179,AS,,8,$985.50 ,$788.38 
,80'S,,3,$419.44 ,$335.55 
,OTHER,,29,"$19,819.14 ","$15,528.77 "
,TOTAL,,40,"$21,224.08 ","$16,652.70 "
27181,OTHER,,4,"$3,574.23 ","$2,859.38 "
,TOTAL,,4,"$3,574.23 ","$2,859.38 "
27187,AS,,140,"$16,582.67 ","$13,112.76 "
,80'S,,20,"$2,538.11 ","$2,030.49 "
,OTHER,,592,"$508,017.83 ","$402,545.10 "
,TOTAL,,752,"$527,138.61 ","$417,688.35 "
27193,OTHER,,"18,109","$7,397,016.35 ","$5,863,235.68 "
,TOTAL,,"18,109","$7,397,016.35 ","$5,863,235.68 "
27194,AS,,1,$92.18 ,$73.74 
,SG,,28,"$7,671.61 ","$6,137.40 "
,80'S,,1,$100.03 ,$80.02 
,OTHER,,224,"$132,821.02 ","$105,771.01 "
,TOTAL,,254,"$140,684.84 ","$112,062.17 "
27200,OTHER,,658,"$89,172.19 ","$69,344.81 "
,TOTAL,,658,"$89,172.19 ","$69,344.81 "
27202,SG,,2,$905.29 ,$724.23 
,80'S,,1,$122.04 ,$97.63 
,OTHER,,20,"$11,788.40 ","$9,366.70 "
,TOTAL,,23,"$12,815.73 ","$10,188.56 "
27215,AS,,10,$643.07 ,$514.46 
,80'S,,6,$445.03 ,$356.02 
,OTHER,,78,"$41,935.20 ","$33,453.27 "
,TOTAL,,94,"$43,023.30 ","$34,323.75 "
27216,AS,,23,"$2,629.77 ","$2,103.83 "
,80'S,,26,"$4,008.02 ","$3,206.40 "
,OTHER,,283,"$245,412.23 ","$192,631.21 "
,TOTAL,,332,"$252,050.02 ","$197,941.44 "
27217,AS,,28,"$2,549.74 ","$1,978.89 "
,80'S,,22,"$2,207.15 ","$1,765.74 "
,OTHER,,243,"$167,600.30 ","$133,201.84 "
,TOTAL,,293,"$172,357.19 ","$136,946.47 "
27218,AS,,27,"$3,828.36 ","$3,022.45 "
,80'S,,20,"$3,608.71 ","$2,886.95 "
,OTHER,,166,"$178,503.30 ","$140,633.45 "
,TOTAL,,213,"$185,940.37 ","$146,542.85 "
27220,OTHER,,"3,264","$1,506,769.83 ","$1,195,993.37 "
,TOTAL,,"3,264","$1,506,769.83 ","$1,195,993.37 "
27222,OTHER,,224,"$189,861.32 ","$151,432.40 "
,TOTAL,,224,"$189,861.32 ","$151,432.40 "
27226,AS,,39,"$4,054.42 ","$3,243.54 "
,80'S,,18,"$2,173.83 ","$1,739.07 "
,OTHER,,255,"$192,692.16 ","$151,954.94 "
,TOTAL,,312,"$198,920.41 ","$156,937.55 "
27227,AS,,53,"$10,595.24 ","$8,416.91 "
,80'S,,43,"$9,732.62 ","$7,786.12 "
,OTHER,,334,"$474,371.89 ","$378,461.52 "
,TOTAL,,430,"$494,699.75 ","$394,664.55 "
27228,AS,,64,"$14,491.07 ","$11,566.88 "
,80'S,,79,"$20,978.15 ","$16,677.72 "
,OTHER,,561,"$972,665.01 ","$774,739.51 "
,TOTAL,,704,"$1,008,134.23 ","$802,984.11 "
27230,OTHER,,"2,616","$1,056,527.79 ","$839,526.55 "
,TOTAL,,"2,616","$1,056,527.79 ","$839,526.55 "
27232,OTHER,,449,"$309,323.35 ","$247,187.76 "
,TOTAL,,449,"$309,323.35 ","$247,187.76 "
27235,AS,,5,$638.32 ,$510.65 
,OTHER,,"17,262","$14,543,972.91 ","$11,584,618.33 "
,TOTAL,,"17,267","$14,544,611.23 ","$11,585,128.98 "
27236,AS,,"15,810","$2,334,518.91 ","$1,854,258.73 "
,80'S,,"5,287","$923,713.56 ","$733,909.18 "
,OTHER,,"75,277","$81,488,931.01 ","$64,985,720.78 "
,TOTAL,,"96,374","$84,747,163.48 ","$67,573,888.69 "
27238,OTHER,,"2,040","$814,524.54 ","$646,048.38 "
,TOTAL,,"2,040","$814,524.54 ","$646,048.38 "
27240,80'S,,1,$167.13 ,$133.70 
,OTHER,,535,"$462,255.27 ","$368,417.71 "
,TOTAL,,536,"$462,422.40 ","$368,551.41 "
27244,AS,,"6,031","$879,352.15 ","$698,356.87 "
,80'S,,"1,750","$301,284.87 ","$239,094.75 "
,OTHER,,"35,445","$38,133,818.18 ","$30,389,663.85 "
,TOTAL,,"43,226","$39,314,455.20 ","$31,327,115.47 "
27245,AS,,"10,463","$1,891,003.15 ","$1,501,772.78 "
,80'S,,"2,902","$609,212.00 ","$484,604.18 "
,OTHER,,"64,138","$85,421,724.15 ","$68,131,052.43 "
,TOTAL,,"77,503","$87,921,939.30 ","$70,117,429.39 "
27246,OTHER,,"2,997","$1,015,398.00 ","$803,164.54 "
,TOTAL,,"2,997","$1,015,398.00 ","$803,164.54 "
27248,AS,,296,"$21,964.57 ","$17,437.97 "
,80'S,,138,"$11,629.24 ","$9,257.90 "
,OTHER,,"1,500","$789,209.87 ","$628,163.55 "
,TOTAL,,"1,934","$822,803.68 ","$654,859.42 "
27250,OTHER,,"3,154","$1,186,114.84 ","$942,857.73 "
,TOTAL,,"3,154","$1,186,114.84 ","$942,857.73 "
27252,SG,,1,$443.77 ,$355.02 
,OTHER,,"1,508","$982,245.28 ","$778,557.25 "
,TOTAL,,"1,509","$982,689.05 ","$778,912.27 "
27253,AS,,46,"$5,146.29 ","$4,035.61 "
,80'S,,20,"$2,592.39 ","$2,039.36 "
,OTHER,,356,"$263,317.36 ","$209,970.38 "
,TOTAL,,422,"$271,056.04 ","$216,045.35 "
27254,AS,,24,"$4,212.91 ","$3,265.49 "
,80'S,,19,"$3,523.24 ","$2,818.56 "
,OTHER,,135,"$148,914.75 ","$118,752.21 "
,TOTAL,,178,"$156,650.90 ","$124,836.26 "
27256,OTHER,,105,"$22,692.39 ","$17,961.28 "
,TOTAL,,105,"$22,692.39 ","$17,961.28 "
27257,AS,,2,$85.24 ,$68.20 
,OTHER,,132,"$36,712.05 ","$28,911.18 "
,TOTAL,,134,"$36,797.29 ","$28,979.38 "
27258,AS,,12,"$1,678.86 ","$1,343.10 "
,80'S,,8,"$1,272.52 ","$1,018.01 "
,OTHER,,98,"$80,341.04 ","$64,191.70 "
,TOTAL,,118,"$83,292.42 ","$66,552.81 "
27259,80'S,,1,$279.63 ,$223.70 
,OTHER,,5,"$6,357.22 ","$5,085.78 "
,TOTAL,,6,"$6,636.85 ","$5,309.48 "
27265,OTHER,,"5,123","$1,633,926.87 ","$1,297,492.72 "
,TOTAL,,"5,123","$1,633,926.87 ","$1,297,492.72 "
27266,SG,,14,"$6,131.63 ","$4,905.31 "
,80'S,,2,$150.12 ,$120.10 
,OTHER,,"9,535","$4,609,237.91 ","$3,659,317.16 "
,TOTAL,,"9,551","$4,615,519.66 ","$3,664,342.57 "
27275,SG,,150,"$60,070.36 ","$47,477.04 "
,OTHER,,504,"$71,103.32 ","$56,375.62 "
,TOTAL,,654,"$131,173.68 ","$103,852.66 "
27280,AS,,38,"$4,448.21 ","$3,548.64 "
,80'S,,29,"$3,256.84 ","$2,605.47 "
,OTHER,,152,"$112,329.24 ","$88,246.74 "
,TOTAL,,219,"$120,034.29 ","$94,400.85 "
27282,OTHER,,6,"$4,353.49 ","$3,482.79 "
,TOTAL,,6,"$4,353.49 ","$3,482.79 "
27284,AS,,1,$209.78 ,$167.82 
,OTHER,,7,"$7,982.53 ","$6,386.03 "
,TOTAL,,8,"$8,192.31 ","$6,553.85 "
27286,OTHER,,4,"$5,210.68 ","$4,168.55 "
,TOTAL,,4,"$5,210.68 ","$4,168.55 "
27290,80'S,,5,"$1,168.65 ",$827.67 
,OTHER,,39,"$46,733.12 ","$36,565.19 "
,TOTAL,,44,"$47,901.77 ","$37,392.86 "
27295,AS,,22,"$3,507.21 ","$2,805.77 "
,80'S,,25,"$4,299.80 ","$3,439.84 "
,OTHER,,247,"$265,066.69 ","$211,408.23 "
,TOTAL,,294,"$272,873.70 ","$217,653.84 "
27299,AS,,75,"$11,786.18 ","$9,428.93 "
,80'S,,21,"$2,832.22 ","$2,265.76 "
,OTHER,,638,"$517,807.11 ","$412,110.24 "
,TOTAL,,734,"$532,425.51 ","$423,804.93 "
27301,AS,,4,$257.02 ,$205.63 
,SG,,150,"$73,055.52 ","$58,147.88 "
,80'S,,1,$73.27 ,$58.62 
,OTHER,,"7,608","$3,005,748.40 ","$2,387,547.69 "
,TOTAL,,"7,763","$3,079,134.21 ","$2,445,959.82 "
27303,AS,,105,"$7,013.39 ","$5,590.61 "
,80'S,,46,"$3,158.73 ","$2,504.30 "
,OTHER,,710,"$337,378.51 ","$267,974.15 "
,TOTAL,,861,"$347,550.63 ","$276,069.06 "
27305,AS,,30,"$1,226.08 ",$980.84 
,SG,,40,"$12,169.93 ","$9,604.82 "
,80'S,,6,$268.84 ,$215.07 
,OTHER,,187,"$58,772.70 ","$46,259.73 "
,TOTAL,,263,"$72,437.55 ","$57,060.46 "
27306,AS,,8,$286.99 ,$210.69 
,SG,,2,$740.77 ,$592.61 
,80'S,,4,$124.42 ,$99.54 
,OTHER,,80,"$19,931.72 ","$15,881.46 "
,TOTAL,,94,"$21,083.90 ","$16,784.30 "
27307,AS,,2,$55.56 ,$44.45 
,SG,,3,$997.94 ,$798.36 
,80'S,,2,$111.87 ,$89.49 
,OTHER,,60,"$20,676.65 ","$16,541.31 "
,TOTAL,,67,"$21,842.02 ","$17,473.61 "
27310,AS,,560,"$46,101.30 ","$36,766.77 "
,SG,,35,"$19,489.53 ","$15,547.14 "
,80'S,,150,"$14,005.32 ","$11,090.09 "
,OTHER,,"3,706","$2,071,394.36 ","$1,643,979.17 "
,TOTAL,,"4,451","$2,150,990.51 ","$1,707,383.17 "
27323,SG,,40,"$11,583.55 ","$9,200.58 "
,OTHER,,773,"$138,919.10 ","$107,973.56 "
,TOTAL,,813,"$150,502.65 ","$117,174.14 "
27324,SG,,55,"$17,131.00 ","$13,568.19 "
,OTHER,,995,"$295,817.79 ","$234,884.67 "
,TOTAL,,"1,050","$312,948.79 ","$248,452.86 "
27325,AS,,3,$128.09 ,$102.46 
,SG,,4,"$1,546.66 ","$1,237.33 "
,80'S,,2,$111.29 ,$89.03 
,OTHER,,12,"$4,099.92 ","$3,279.95 "
,TOTAL,,21,"$5,885.96 ","$4,708.77 "
27326,AS,,1,$29.69 ,$23.75 
,SG,,1,$231.32 ,$185.06 
,OTHER,,18,"$7,748.67 ","$6,198.91 "
,TOTAL,,20,"$8,009.68 ","$6,407.72 "
27327,SG,,556,"$209,126.39 ","$164,213.40 "
,OTHER,,"2,701","$774,773.25 ","$607,932.87 "
,TOTAL,,"3,257","$983,899.64 ","$772,146.27 "
27328,AS,,1,$61.34 ,$49.07 
,SG,,261,"$123,105.01 ","$97,197.50 "
,OTHER,,"1,685","$574,723.20 ","$452,609.60 "
,TOTAL,,"1,947","$697,889.55 ","$549,856.17 "
27329,AS,,51,"$5,785.78 ","$4,628.65 "
,SG,,49,"$28,318.61 ","$21,954.82 "
,80'S,,53,"$7,462.69 ","$5,937.85 "
,OTHER,,"1,145","$1,036,299.71 ","$821,459.65 "
,TOTAL,,"1,298","$1,077,866.79 ","$853,980.97 "
27330,SG,,6,"$2,529.22 ","$2,023.36 "
,OTHER,,109,"$28,621.89 ","$22,591.84 "
,TOTAL,,115,"$31,151.11 ","$24,615.20 "
27331,AS,,113,"$5,356.80 ","$4,191.72 "
,SG,,51,"$28,947.38 ","$22,786.45 "
,80'S,,52,"$2,714.93 ","$2,121.72 "
,OTHER,,731,"$249,141.56 ","$196,093.30 "
,TOTAL,,947,"$286,160.67 ","$225,193.19 "
27332,AS,,7,$323.30 ,$258.64 
,SG,,9,"$5,722.39 ","$4,577.92 "
,80'S,,6,$581.60 ,$465.28 
,OTHER,,111,"$53,237.28 ","$42,548.98 "
,TOTAL,,133,"$59,864.57 ","$47,850.82 "
27333,AS,,4,$247.68 ,$198.15 
,SG,,2,"$1,246.98 ",$966.10 
,80'S,,4,$267.29 ,$213.84 
,OTHER,,42,"$16,476.86 ","$13,076.67 "
,TOTAL,,52,"$18,238.81 ","$14,454.76 "
27334,AS,,190,"$13,066.25 ","$10,339.13 "
,SG,,18,"$9,611.65 ","$7,689.30 "
,80'S,,89,"$6,031.01 ","$4,824.80 "
,OTHER,,"1,091","$497,882.01 ","$393,662.94 "
,TOTAL,,"1,388","$526,590.92 ","$416,516.17 "
27335,AS,,300,"$19,791.57 ","$15,716.44 "
,SG,,3,"$1,811.26 ","$1,449.00 "
,80'S,,87,"$6,944.38 ","$5,456.41 "
,OTHER,,"1,172","$546,066.02 ","$433,483.28 "
,TOTAL,,"1,562","$574,613.23 ","$456,105.13 "
27340,AS,,1,$43.17 ,$34.54 
,SG,,284,"$134,795.71 ","$106,411.21 "
,OTHER,,"1,423","$407,336.81 ","$321,440.13 "
,TOTAL,,"1,708","$542,175.69 ","$427,885.88 "
27345,AS,,426,"$15,125.27 ","$12,092.82 "
,SG,,214,"$107,193.25 ","$84,196.16 "
,80'S,,39,"$2,072.00 ","$1,657.61 "
,OTHER,,"1,251","$371,618.25 ","$293,982.98 "
,TOTAL,,"1,930","$496,008.77 ","$391,929.57 "
27347,AS,,46,"$2,623.57 ","$2,022.23 "
,SG,,97,"$48,795.45 ","$38,323.68 "
,80'S,,8,$410.61 ,$328.48 
,OTHER,,395,"$132,052.14 ","$103,732.23 "
,TOTAL,,546,"$183,881.77 ","$144,406.62 "
27350,AS,,159,"$10,511.24 ","$8,346.79 "
,SG,,24,"$12,811.32 ","$10,150.85 "
,80'S,,68,"$4,718.08 ","$3,687.77 "
,OTHER,,767,"$346,391.62 ","$273,619.46 "
,TOTAL,,"1,018","$374,432.26 ","$295,804.87 "
27355,AS,,50,"$2,554.06 ","$2,043.30 "
,SG,,14,"$5,539.77 ","$4,431.81 "
,80'S,,24,"$1,429.47 ","$1,143.57 "
,OTHER,,304,"$118,348.01 ","$93,908.79 "
,TOTAL,,392,"$127,871.31 ","$101,527.47 "
27356,AS,,23,"$1,458.66 ","$1,166.93 "
,SG,,3,"$1,577.46 ","$1,261.97 "
,80'S,,6,$440.19 ,$352.15 
,OTHER,,97,"$51,253.15 ","$40,957.30 "
,TOTAL,,129,"$54,729.46 ","$43,738.35 "
27357,AS,,6,$360.01 ,$288.02 
,80'S,,2,$139.52 ,$111.62 
,OTHER,,228,"$112,093.51 ","$88,750.78 "
,TOTAL,,236,"$112,593.04 ","$89,150.42 "
27358,AS,,1,$37.64 ,$30.11 
,80'S,,2,$92.86 ,$74.28 
,OTHER,,26,"$7,339.31 ","$5,871.43 "
,TOTAL,,29,"$7,469.81 ","$5,975.82 "
27360,AS,,114,"$10,427.66 ","$8,268.56 "
,SG,,34,"$24,245.07 ","$18,946.77 "
,80'S,,59,"$5,240.44 ","$4,181.80 "
,OTHER,,843,"$528,091.50 ","$418,277.62 "
,TOTAL,,"1,050","$568,004.67 ","$449,674.75 "
27365,AS,,49,"$5,090.41 ","$4,072.32 "
,80'S,,43,"$5,051.36 ","$4,041.05 "
,OTHER,,427,"$358,803.25 ","$286,368.23 "
,TOTAL,,519,"$368,945.02 ","$294,481.60 "
27370,OTHER,,"12,677","$1,796,031.32 ","$1,410,686.25 "
,TOTAL,,"12,677","$1,796,031.32 ","$1,410,686.25 "
27372,AS,,8,$230.69 ,$184.55 
,SG,,46,"$44,110.35 ","$35,025.26 "
,80'S,,6,$194.05 ,$155.25 
,OTHER,,594,"$174,605.65 ","$136,762.32 "
,TOTAL,,654,"$219,140.74 ","$172,127.38 "
27380,AS,,192,"$11,318.68 ","$8,789.41 "
,SG,,41,"$12,177.61 ","$9,402.39 "
,80'S,,73,"$4,725.36 ","$3,780.32 "
,OTHER,,"1,073","$462,956.01 ","$364,997.39 "
,TOTAL,,"1,379","$491,177.66 ","$386,969.51 "
27381,AS,,85,"$7,347.54 ","$5,801.87 "
,SG,,1,$542.19 ,$433.75 
,80'S,,34,"$3,444.15 ","$2,755.32 "
,OTHER,,372,"$227,647.70 ","$181,453.44 "
,TOTAL,,492,"$238,981.58 ","$190,444.38 "
27385,AS,,539,"$40,267.08 ","$31,671.76 "
,SG,,165,"$80,887.51 ","$63,491.61 "
,80'S,,131,"$11,298.78 ","$9,007.03 "
,OTHER,,"2,671","$1,473,956.54 ","$1,162,186.45 "
,TOTAL,,"3,506","$1,606,409.91 ","$1,266,356.85 "
27386,AS,,106,"$9,882.04 ","$7,877.38 "
,SG,,25,"$12,508.45 ","$9,992.62 "
,80'S,,30,"$3,204.12 ","$2,538.84 "
,OTHER,,410,"$284,233.08 ","$225,050.44 "
,TOTAL,,571,"$309,827.69 ","$245,459.28 "
27390,AS,,6,$173.83 ,$139.06 
,80'S,,2,$67.80 ,$54.24 
,OTHER,,47,"$11,899.88 ","$9,120.99 "
,TOTAL,,55,"$12,141.51 ","$9,314.29 "
27391,AS,,1,$72.59 ,$58.07 
,80'S,,2,$134.24 ,$107.40 
,OTHER,,54,"$20,344.81 ","$16,171.03 "
,TOTAL,,57,"$20,551.64 ","$16,336.50 "
27392,AS,,5,$373.32 ,$298.66 
,OTHER,,28,"$15,646.68 ","$12,412.55 "
,TOTAL,,33,"$16,020.00 ","$12,711.21 "
27393,AS,,4,$193.20 ,$154.55 
,SG,,2,$845.48 ,$676.38 
,80'S,,16,$655.26 ,$524.23 
,OTHER,,67,"$16,906.62 ","$13,356.86 "
,TOTAL,,89,"$18,600.56 ","$14,712.02 "
27394,AS,,12,$782.64 ,$626.13 
,SG,,1,$507.08 ,$405.66 
,80'S,,4,$221.09 ,$176.87 
,OTHER,,120,"$45,029.98 ","$35,994.61 "
,TOTAL,,137,"$46,540.79 ","$37,203.27 "
27395,AS,,1,$53.48 ,$42.78 
,SG,,1,$507.08 ,$405.66 
,80'S,,1,$128.26 ,$102.61 
,OTHER,,29,"$19,911.84 ","$15,852.22 "
,TOTAL,,32,"$20,600.66 ","$16,403.27 "
27396,AS,,2,$79.12 ,$63.30 
,OTHER,,6,"$1,966.83 ","$1,573.45 "
,TOTAL,,8,"$2,045.95 ","$1,636.75 "
27397,AS,,1,$52.82 ,$42.26 
,OTHER,,13,"$9,933.13 ","$7,946.50 "
,TOTAL,,14,"$9,985.95 ","$7,988.76 "
27400,AS,,1,$86.98 ,$69.58 
,80'S,,1,$47.15 ,$37.72 
,OTHER,,33,"$12,189.20 ","$9,751.40 "
,TOTAL,,35,"$12,323.33 ","$9,858.70 "
27403,AS,,30,"$1,382.76 ","$1,106.23 "
,SG,,2,"$1,302.47 ","$1,041.98 "
,80'S,,24,"$1,395.34 ","$1,032.64 "
,OTHER,,208,"$69,303.10 ","$54,623.74 "
,TOTAL,,264,"$73,383.67 ","$57,804.59 "
27405,AS,,64,"$4,037.77 ","$3,194.35 "
,SG,,17,"$9,840.11 ","$7,429.96 "
,80'S,,25,"$1,715.40 ","$1,372.32 "
,OTHER,,389,"$170,461.38 ","$133,993.25 "
,TOTAL,,495,"$186,054.66 ","$145,989.88 "
27407,AS,,2,$142.38 ,$113.90 
,SG,,2,$932.28 ,$745.82 
,80'S,,1,$53.72 ,$42.98 
,OTHER,,29,"$15,701.13 ","$12,504.81 "
,TOTAL,,34,"$16,829.51 ","$13,407.51 "
27409,AS,,1,$117.24 ,$93.79 
,SG,,1,$629.37 ,$503.50 
,80'S,,1,$145.56 ,$116.45 
,OTHER,,17,"$13,017.45 ","$10,413.95 "
,TOTAL,,20,"$13,909.62 ","$11,127.69 "
27412,AS,,1,$200.06 ,$160.05 
,OTHER,,42,"$47,007.45 ","$37,605.88 "
,TOTAL,,43,"$47,207.51 ","$37,765.93 "
27415,AS,,6,"$1,061.38 ",$849.10 
,80'S,,6,"$1,094.80 ",$875.84 
,OTHER,,39,"$47,360.62 ","$37,783.69 "
,TOTAL,,51,"$49,516.80 ","$39,508.63 "
27418,AS,,68,"$5,568.86 ","$4,290.60 "
,SG,,9,"$3,243.26 ","$2,573.01 "
,80'S,,25,"$2,161.95 ","$1,729.57 "
,OTHER,,228,"$143,482.62 ","$113,746.57 "
,TOTAL,,330,"$154,456.69 ","$122,339.75 "
27420,AS,,23,"$2,064.84 ","$1,651.89 "
,SG,,6,"$2,285.72 ","$1,828.57 "
,80'S,,11,"$1,149.75 ",$919.81 
,OTHER,,102,"$66,500.76 ","$51,472.03 "
,TOTAL,,142,"$72,001.07 ","$55,872.30 "
27422,AS,,141,"$11,049.46 ","$8,839.57 "
,SG,,28,"$27,694.64 ","$21,596.82 "
,80'S,,58,"$5,433.48 ","$4,216.46 "
,OTHER,,674,"$365,479.54 ","$289,094.99 "
,TOTAL,,901,"$409,657.12 ","$323,747.84 "
27424,AS,,14,"$1,021.44 ",$817.16 
,SG,,2,$775.52 ,$620.42 
,80'S,,6,$600.69 ,$480.55 
,OTHER,,74,"$42,640.61 ","$33,771.24 "
,TOTAL,,96,"$45,038.26 ","$35,689.37 "
27425,AS,,7,$195.42 ,$156.31 
,SG,,93,"$91,374.46 ","$72,127.18 "
,80'S,,1,$38.51 ,$30.81 
,OTHER,,"1,922","$467,747.70 ","$370,502.60 "
,TOTAL,,"2,023","$559,356.09 ","$442,816.90 "
27427,AS,,51,"$3,038.11 ","$2,393.77 "
,SG,,5,"$2,259.44 ","$1,807.55 "
,80'S,,18,"$1,510.55 ","$1,208.45 "
,OTHER,,151,"$68,340.03 ","$54,335.64 "
,TOTAL,,225,"$75,148.13 ","$59,745.41 "
27428,AS,,7,$885.40 ,$708.32 
,SG,,4,"$2,536.01 ","$2,028.80 "
,80'S,,19,"$2,556.06 ","$2,044.87 "
,OTHER,,83,"$63,597.33 ","$50,630.26 "
,TOTAL,,113,"$69,574.80 ","$55,412.25 "
27429,AS,,16,"$1,740.77 ","$1,392.65 "
,SG,,1,$656.76 ,$525.41 
,80'S,,8,"$1,096.90 ",$877.52 
,OTHER,,55,"$48,507.63 ","$37,888.22 "
,TOTAL,,80,"$52,002.06 ","$40,683.80 "
27430,AS,,135,"$9,587.82 ","$7,649.46 "
,SG,,35,"$20,484.56 ","$15,949.39 "
,80'S,,76,"$5,710.34 ","$4,545.12 "
,OTHER,,638,"$327,624.02 ","$261,170.21 "
,TOTAL,,884,"$363,406.74 ","$289,314.18 "
27435,AS,,177,"$11,255.27 ","$9,004.17 "
,SG,,2,"$1,054.29 ",$843.43 
,80'S,,66,"$4,817.10 ","$3,843.32 "
,OTHER,,462,"$212,964.59 ","$169,229.37 "
,TOTAL,,707,"$230,091.25 ","$182,920.29 "
27437,SG,,3,"$1,556.14 ","$1,244.90 "
,80'S,,1,$79.53 ,$63.62 
,OTHER,,"1,218","$409,562.65 ","$324,034.85 "
,TOTAL,,"1,222","$411,198.32 ","$325,343.37 "
27438,AS,,302,"$27,671.94 ","$22,137.62 "
,80'S,,121,"$12,913.41 ","$10,295.29 "
,OTHER,,918,"$608,173.15 ","$481,745.42 "
,TOTAL,,"1,341","$648,758.50 ","$514,178.33 "
27440,AS,,7,$591.92 ,$473.54 
,80'S,,7,$772.72 ,$618.17 
,OTHER,,27,"$16,384.01 ","$13,101.13 "
,TOTAL,,41,"$17,748.65 ","$14,192.84 "
27441,AS,,6,$483.45 ,$386.76 
,80'S,,6,$717.77 ,$574.21 
,OTHER,,34,"$22,779.29 ","$17,681.52 "
,TOTAL,,46,"$23,980.51 ","$18,642.49 "
27442,AS,,31,"$3,274.19 ","$2,619.34 "
,SG,,13,"$9,005.63 ","$7,032.78 "
,80'S,,18,"$2,315.24 ","$1,852.18 "
,OTHER,,92,"$69,589.24 ","$55,566.59 "
,TOTAL,,154,"$84,184.30 ","$67,070.89 "
27443,AS,,11,"$1,051.99 ",$841.60 
,SG,,2,"$1,501.06 ","$1,200.85 "
,80'S,,6,$663.10 ,$530.49 
,OTHER,,57,"$38,015.31 ","$29,594.12 "
,TOTAL,,76,"$41,231.46 ","$32,167.06 "
27445,AS,,40,"$6,484.73 ","$5,187.75 "
,80'S,,35,"$6,441.83 ","$5,100.09 "
,OTHER,,200,"$231,049.74 ","$183,293.11 "
,TOTAL,,275,"$243,976.30 ","$193,580.95 "
27446,AS,,"4,930","$702,644.57 ","$555,933.56 "
,80'S,,"1,743","$291,586.28 ","$230,841.58 "
,OTHER,,"12,357","$12,911,186.21 ","$10,212,075.40 "
,TOTAL,,"19,030","$13,905,417.06 ","$10,998,850.54 "
27447,AS,,"95,400","$18,730,181.56 ","$14,850,905.71 "
,80'S,,"38,917","$8,926,978.25 ","$7,062,146.04 "
,OTHER,,"253,518","$366,729,226.37 ","$290,344,319.58 "
,TOTAL,,"387,835","$394,386,386.18 ","$312,257,371.33 "
27448,AS,,17,"$1,490.21 ","$1,192.14 "
,80'S,,63,"$4,764.49 ","$3,811.71 "
,OTHER,,144,"$76,382.09 ","$61,105.60 "
,TOTAL,,224,"$82,636.79 ","$66,109.45 "
27450,AS,,26,"$2,811.35 ","$2,249.06 "
,80'S,,18,"$1,971.75 ","$1,577.40 "
,OTHER,,135,"$98,294.17 ","$77,831.29 "
,TOTAL,,179,"$103,077.27 ","$81,657.75 "
27454,AS,,10,$954.59 ,$763.68 
,80'S,,1,$190.45 ,$152.36 
,OTHER,,23,"$21,117.05 ","$16,879.67 "
,TOTAL,,34,"$22,262.09 ","$17,795.71 "
27455,AS,,8,$642.59 ,$514.08 
,80'S,,4,$430.16 ,$344.13 
,OTHER,,122,"$72,092.40 ","$57,600.11 "
,TOTAL,,134,"$73,165.15 ","$58,458.32 "
27457,AS,,14,"$1,593.92 ","$1,275.12 "
,80'S,,20,"$2,334.59 ","$1,867.67 "
,OTHER,,86,"$63,030.45 ","$48,865.38 "
,TOTAL,,120,"$66,958.96 ","$52,008.17 "
27465,AS,,2,$226.56 ,$181.25 
,80'S,,4,$356.64 ,$285.31 
,OTHER,,35,"$30,632.60 ","$23,893.52 "
,TOTAL,,41,"$31,215.80 ","$24,360.08 "
27466,AS,,63,"$7,895.45 ","$6,316.34 "
,80'S,,24,"$2,690.98 ","$2,152.82 "
,OTHER,,107,"$85,329.04 ","$67,231.09 "
,TOTAL,,194,"$95,915.47 ","$75,700.25 "
27468,AS,,3,$515.64 ,$412.50 
,TOTAL,,3,$515.64 ,$412.50 
27470,AS,,128,"$17,255.40 ","$13,790.85 "
,80'S,,56,"$8,982.10 ","$6,976.05 "
,OTHER,,611,"$611,039.14 ","$486,705.91 "
,TOTAL,,795,"$637,276.64 ","$507,472.81 "
27472,AS,,99,"$14,988.57 ","$11,678.38 "
,80'S,,67,"$11,846.38 ","$9,412.13 "
,OTHER,,474,"$532,996.67 ","$422,351.04 "
,TOTAL,,640,"$559,831.62 ","$443,441.55 "
27475,OTHER,,5,"$3,345.17 ","$2,676.14 "
,TOTAL,,5,"$3,345.17 ","$2,676.14 "
27477,AS,,1,$88.47 ,$70.78 
,OTHER,,23,"$16,171.19 ","$12,399.45 "
,TOTAL,,24,"$16,259.66 ","$12,470.23 "
27479,OTHER,,2,"$2,407.55 ","$1,926.04 "
,TOTAL,,2,"$2,407.55 ","$1,926.04 "
27485,OTHER,,11,"$7,221.99 ","$5,777.59 "
,TOTAL,,11,"$7,221.99 ","$5,777.59 "
27486,AS,,"2,615","$457,855.36 ","$363,658.40 "
,80'S,,"1,159","$236,581.90 ","$187,067.84 "
,OTHER,,"8,079","$10,069,928.37 ","$7,971,797.10 "
,TOTAL,,"11,853","$10,764,365.63 ","$8,522,523.34 "
27487,AS,,"4,582","$1,036,897.06 ","$824,300.16 "
,80'S,,"2,076","$544,740.30 ","$431,415.73 "
,OTHER,,"12,848","$20,997,257.47 ","$16,642,958.66 "
,TOTAL,,"19,506","$22,578,894.83 ","$17,898,674.55 "
27488,AS,,"1,198","$174,384.38 ","$138,807.63 "
,80'S,,473,"$79,486.59 ","$62,602.21 "
,OTHER,,"4,398","$4,482,156.70 ","$3,553,840.10 "
,TOTAL,,"6,069","$4,736,027.67 ","$3,755,249.94 "
27495,AS,,98,"$12,970.71 ","$10,365.44 "
,80'S,,33,"$5,064.96 ","$3,956.91 "
,OTHER,,648,"$618,986.49 ","$492,016.14 "
,TOTAL,,779,"$637,022.16 ","$506,338.49 "
27496,SG,,3,"$1,507.38 ","$1,205.91 "
,OTHER,,51,"$17,707.63 ","$13,542.29 "
,TOTAL,,54,"$19,215.01 ","$14,748.20 "
27497,OTHER,,16,"$6,742.47 ","$5,393.96 "
,TOTAL,,16,"$6,742.47 ","$5,393.96 "
27498,AS,,1,$39.97 ,$31.98 
,80'S,,4,$179.80 ,$143.84 
,OTHER,,45,"$20,147.94 ","$15,937.24 "
,TOTAL,,50,"$20,367.71 ","$16,113.06 "
27499,AS,,2,$92.15 ,$73.72 
,80'S,,1,$84.65 ,$67.72 
,OTHER,,16,"$8,657.90 ","$6,926.32 "
,TOTAL,,19,"$8,834.70 ","$7,067.76 "
27500,OTHER,,947,"$401,336.15 ","$317,765.59 "
,TOTAL,,947,"$401,336.15 ","$317,765.59 "
27501,AS,,3,$152.23 ,$121.78 
,80'S,,1,$39.46 ,$31.57 
,OTHER,,"1,426","$630,237.94 ","$499,385.50 "
,TOTAL,,"1,430","$630,429.63 ","$499,538.85 "
27502,OTHER,,385,"$271,680.19 ","$216,823.53 "
,TOTAL,,385,"$271,680.19 ","$216,823.53 "
27503,AS,,6,$556.04 ,$444.84 
,80'S,,3,$352.58 ,$282.07 
,OTHER,,636,"$463,274.93 ","$368,993.86 "
,TOTAL,,645,"$464,183.55 ","$369,720.77 "
27506,AS,,"1,391","$225,694.68 ","$179,348.83 "
,80'S,,635,"$117,098.90 ","$92,863.48 "
,OTHER,,"7,971","$9,467,746.33 ","$7,537,227.01 "
,TOTAL,,"9,997","$9,810,539.91 ","$7,809,439.32 "
27507,AS,,883,"$102,972.81 ","$81,865.21 "
,80'S,,478,"$64,842.84 ","$51,426.34 "
,OTHER,,"4,354","$3,685,474.29 ","$2,934,496.83 "
,TOTAL,,"5,715","$3,853,289.94 ","$3,067,788.38 "
27508,OTHER,,"1,626","$710,571.19 ","$561,641.54 "
,TOTAL,,"1,626","$710,571.19 ","$561,641.54 "
27509,AS,,7,$553.30 ,$442.65 
,SG,,3,"$1,252.32 ","$1,001.86 "
,80'S,,3,$275.66 ,$220.53 
,OTHER,,276,"$149,280.07 ","$118,627.96 "
,TOTAL,,289,"$151,361.35 ","$120,293.00 "
27510,SG,,2,$154.09 ,$123.28 
,OTHER,,370,"$228,928.94 ","$181,589.18 "
,TOTAL,,372,"$229,083.03 ","$181,712.46 "
27511,AS,,852,"$106,225.04 ","$84,513.98 "
,80'S,,377,"$55,471.15 ","$44,196.83 "
,OTHER,,"4,554","$4,163,020.83 ","$3,317,843.28 "
,TOTAL,,"5,783","$4,324,717.02 ","$3,446,554.09 "
27513,AS,,475,"$81,440.23 ","$64,742.37 "
,80'S,,214,"$42,810.20 ","$33,947.30 "
,OTHER,,"2,619","$3,277,171.95 ","$2,610,030.84 "
,TOTAL,,"3,308","$3,401,422.38 ","$2,708,720.51 "
27514,AS,,336,"$53,595.15 ","$42,721.65 "
,80'S,,165,"$30,681.01 ","$24,454.46 "
,OTHER,,"1,611","$1,892,258.93 ","$1,509,200.67 "
,TOTAL,,"2,112","$1,976,535.09 ","$1,576,376.78 "
27516,OTHER,,33,"$13,609.87 ","$10,723.62 "
,TOTAL,,33,"$13,609.87 ","$10,723.62 "
27517,OTHER,,10,"$5,357.42 ","$4,285.94 "
,TOTAL,,10,"$5,357.42 ","$4,285.94 "
27519,AS,,4,$553.57 ,$442.85 
,80'S,,2,$344.90 ,$275.92 
,OTHER,,25,"$25,409.66 ","$20,327.76 "
,TOTAL,,31,"$26,308.13 ","$21,046.53 "
27520,SG,,4,$423.04 ,$338.43 
,80'S,,1,$47.12 ,$37.70 
,OTHER,,"8,132","$2,089,380.75 ","$1,625,253.55 "
,TOTAL,,"8,137","$2,089,850.91 ","$1,625,629.68 "
27524,AS,,917,"$85,505.70 ","$67,325.49 "
,80'S,,233,"$25,146.83 ","$19,780.38 "
,OTHER,,"5,117","$3,425,180.89 ","$2,711,271.12 "
,TOTAL,,"6,267","$3,535,833.42 ","$2,798,376.99 "
27530,OTHER,,"7,651","$2,471,065.91 ","$1,937,695.39 "
,TOTAL,,"7,651","$2,471,065.91 ","$1,937,695.39 "
27532,SG,,4,$353.41 ,$282.73 
,OTHER,,545,"$279,165.00 ","$221,500.07 "
,TOTAL,,549,"$279,518.41 ","$221,782.80 "
27535,AS,,424,"$45,263.25 ","$35,675.24 "
,80'S,,198,"$24,550.31 ","$19,132.92 "
,OTHER,,"2,528","$1,968,227.71 ","$1,557,133.28 "
,TOTAL,,"3,150","$2,038,041.27 ","$1,611,941.44 "
27536,AS,,251,"$36,597.32 ","$29,007.05 "
,80'S,,113,"$18,878.97 ","$14,827.63 "
,OTHER,,"1,554","$1,645,663.82 ","$1,301,867.25 "
,TOTAL,,"1,918","$1,701,140.11 ","$1,345,701.93 "
27538,80'S,,2,$84.93 ,$67.95 
,OTHER,,176,"$68,472.69 ","$54,628.29 "
,TOTAL,,178,"$68,557.62 ","$54,696.24 "
27540,AS,,25,"$2,578.92 ","$2,063.14 "
,80'S,,7,$836.91 ,$669.53 
,OTHER,,130,"$95,132.51 ","$75,390.56 "
,TOTAL,,162,"$98,548.34 ","$78,123.23 "
27550,AS,,3,$166.08 ,$132.87 
,SG,,1,$120.13 ,$96.10 
,OTHER,,248,"$86,831.14 ","$68,116.89 "
,TOTAL,,252,"$87,117.35 ","$68,345.86 "
27552,AS,,6,$464.33 ,$371.48 
,SG,,10,"$3,107.29 ","$2,485.83 "
,80'S,,1,$93.60 ,$74.88 
,OTHER,,362,"$182,283.49 ","$145,045.46 "
,TOTAL,,379,"$185,948.71 ","$147,977.65 "
27556,AS,,17,"$1,982.25 ","$1,501.20 "
,80'S,,9,"$1,305.37 ","$1,044.28 "
,OTHER,,68,"$59,796.68 ","$47,742.31 "
,TOTAL,,94,"$63,084.30 ","$50,287.79 "
27557,AS,,3,$455.63 ,$364.50 
,80'S,,1,$143.55 ,
,OTHER,,15,"$15,693.95 ","$12,506.75 "
,TOTAL,,19,"$16,293.13 ","$12,871.25 "
27558,AS,,1,$149.01 ,$119.21 
,80'S,,2,$385.31 ,$308.24 
,OTHER,,14,"$14,321.39 ","$11,352.30 "
,TOTAL,,17,"$14,855.71 ","$11,779.75 "
27560,OTHER,,"1,447","$385,930.75 ","$306,235.21 "
,TOTAL,,"1,447","$385,930.75 ","$306,235.21 "
27562,AS,,1,$26.72 ,$21.38 
,OTHER,,40,"$15,168.77 ","$12,077.80 "
,TOTAL,,41,"$15,195.49 ","$12,099.18 "
27566,AS,,16,"$1,716.98 ","$1,373.59 "
,SG,,5,"$1,935.29 ","$1,548.24 "
,80'S,,5,$710.45 ,$568.36 
,OTHER,,78,"$62,007.21 ","$47,936.26 "
,TOTAL,,104,"$66,369.93 ","$51,426.45 "
27570,AS,,2,$37.26 ,$29.80 
,SG,,"1,999","$643,282.70 ","$506,291.28 "
,80'S,,1,$20.68 ,$16.54 
,OTHER,,"9,327","$1,081,972.09 ","$841,355.24 "
,TOTAL,,"11,329","$1,725,312.73 ","$1,347,692.86 "
27580,AS,,92,"$16,689.19 ","$13,337.59 "
,80'S,,66,"$14,102.12 ","$11,281.69 "
,OTHER,,444,"$553,693.68 ","$441,534.51 "
,TOTAL,,602,"$584,484.99 ","$466,153.79 "
27590,AS,,"1,357","$138,995.83 ","$110,665.86 "
,80'S,,788,"$96,594.97 ","$77,137.53 "
,OTHER,,"17,508","$12,712,502.10 ","$10,140,697.15 "
,TOTAL,,"19,653","$12,948,092.90 ","$10,328,500.54 "
27591,AS,,14,"$1,572.88 ","$1,258.32 "
,80'S,,8,"$1,102.12 ",$881.72 
,OTHER,,139,"$111,503.57 ","$89,098.05 "
,TOTAL,,161,"$114,178.57 ","$91,238.09 "
27592,AS,,27,"$2,241.45 ","$1,786.04 "
,80'S,,23,"$2,503.39 ","$2,002.73 "
,OTHER,,364,"$219,508.60 ","$174,816.68 "
,TOTAL,,414,"$224,253.44 ","$178,605.45 "
27594,SG,,6,"$3,013.06 ","$2,346.92 "
,OTHER,,451,"$186,348.97 ","$146,874.30 "
,TOTAL,,457,"$189,362.03 ","$149,221.22 "
27596,AS,,1,$88.97 ,$71.18 
,OTHER,,"1,524","$921,528.48 ","$732,160.23 "
,TOTAL,,"1,525","$921,617.45 ","$732,231.41 "
27598,AS,,36,"$3,387.08 ","$2,701.15 "
,80'S,,48,"$5,178.05 ","$4,052.99 "
,OTHER,,574,"$375,328.81 ","$299,150.38 "
,TOTAL,,658,"$383,893.94 ","$305,904.52 "
27599,AS,,97,"$16,393.44 ","$13,114.89 "
,80'S,,15,"$2,252.54 ","$1,802.01 "
,OTHER,,573,"$408,108.15 ","$326,310.95 "
,TOTAL,,685,"$426,754.13 ","$341,227.85 "
27600,SG,,38,"$11,979.45 ","$9,583.55 "
,80'S,,1,$30.02 ,$24.02 
,OTHER,,848,"$222,765.24 ","$176,460.25 "
,TOTAL,,887,"$234,774.71 ","$186,067.82 "
27601,SG,,7,"$2,539.19 ","$1,926.56 "
,OTHER,,206,"$64,197.26 ","$50,918.85 "
,TOTAL,,213,"$66,736.45 ","$52,845.41 "
27602,AS,,104,"$4,607.78 ","$3,686.29 "
,SG,,13,"$4,516.67 ","$3,613.34 "
,80'S,,119,"$6,043.97 ","$4,835.16 "
,OTHER,,"1,895","$617,171.17 ","$491,060.86 "
,TOTAL,,"2,131","$632,339.59 ","$503,195.65 "
27603,SG,,122,"$51,293.27 ","$40,639.65 "
,OTHER,,"5,124","$1,655,015.05 ","$1,307,435.34 "
,TOTAL,,"5,246","$1,706,308.32 ","$1,348,074.99 "
27604,AS,,1,$43.13 ,$34.50 
,SG,,2,$682.21 ,$545.77 
,80'S,,1,$22.15 ,$17.72 
,OTHER,,260,"$83,730.32 ","$66,478.43 "
,TOTAL,,264,"$84,477.81 ","$67,076.42 "
27605,AS,,2,$50.68 ,$40.55 
,SG,,34,"$7,706.37 ","$6,010.67 "
,80'S,,2,$29.24 ,$23.39 
,OTHER,,380,"$60,027.00 ","$46,872.42 "
,TOTAL,,418,"$67,813.29 ","$52,947.03 "
27606,SG,,93,"$20,089.11 ","$15,818.37 "
,80'S,,1,$34.17 ,$27.34 
,OTHER,,"1,516","$252,437.03 ","$199,528.45 "
,TOTAL,,"1,610","$272,560.31 ","$215,374.16 "
27607,SG,,9,"$3,773.04 ","$3,018.43 "
,OTHER,,660,"$317,660.01 ","$252,392.45 "
,TOTAL,,669,"$321,433.05 ","$255,410.88 "
27610,SG,,35,"$11,612.10 ","$9,289.67 "
,OTHER,,689,"$356,620.25 ","$283,600.66 "
,TOTAL,,724,"$368,232.35 ","$292,890.33 "
27612,AS,,35,"$2,027.75 ","$1,622.22 "
,SG,,50,"$19,403.27 ","$15,368.80 "
,80'S,,19,"$1,153.29 ",$863.62 
,OTHER,,321,"$123,468.19 ","$96,126.35 "
,TOTAL,,425,"$146,052.50 ","$113,980.99 "
27613,OTHER,,"1,647","$300,083.92 ","$232,844.79 "
,TOTAL,,"1,647","$300,083.92 ","$232,844.79 "
27614,SG,,60,"$22,971.99 ","$18,261.74 "
,OTHER,,689,"$250,484.06 ","$198,800.08 "
,TOTAL,,749,"$273,456.05 ","$217,061.82 "
27615,AS,,16,"$1,805.89 ","$1,444.69 "
,SG,,161,"$67,360.86 ","$53,869.49 "
,80'S,,5,$611.53 ,$489.23 
,OTHER,,"1,092","$863,964.88 ","$688,513.60 "
,TOTAL,,"1,274","$933,743.16 ","$744,317.01 "
27618,SG,,425,"$162,922.52 ","$128,554.66 "
,80'S,,1,$53.07 ,$42.46 
,OTHER,,"1,480","$488,650.83 ","$384,671.28 "
,TOTAL,,"1,906","$651,626.42 ","$513,268.40 "
27619,SG,,183,"$84,956.75 ","$67,356.64 "
,OTHER,,"1,068","$543,631.71 ","$429,547.75 "
,TOTAL,,"1,251","$628,588.46 ","$496,904.39 "
27620,AS,,43,"$1,645.42 ","$1,316.36 "
,SG,,77,"$44,763.59 ","$35,474.40 "
,80'S,,27,"$1,426.80 ","$1,124.66 "
,OTHER,,502,"$156,636.34 ","$122,764.71 "
,TOTAL,,649,"$204,472.15 ","$160,680.13 "
27625,AS,,27,"$1,729.97 ","$1,384.01 "
,SG,,48,"$27,469.92 ","$21,975.93 "
,80'S,,36,"$2,740.03 ","$2,192.05 "
,OTHER,,256,"$110,747.99 ","$86,944.57 "
,TOTAL,,367,"$142,687.91 ","$112,496.56 "
27626,AS,,12,$864.58 ,$655.65 
,SG,,47,"$27,296.39 ","$21,374.46 "
,80'S,,10,$938.24 ,$750.61 
,OTHER,,142,"$70,705.17 ","$55,253.01 "
,TOTAL,,211,"$99,804.38 ","$78,033.73 "
27630,SG,,243,"$105,041.01 ","$82,826.27 "
,OTHER,,863,"$244,942.53 ","$192,442.65 "
,TOTAL,,"1,106","$349,983.54 ","$275,268.92 "
27635,SG,,91,"$36,593.84 ","$29,245.08 "
,OTHER,,317,"$135,554.32 ","$107,248.95 "
,TOTAL,,408,"$172,148.16 ","$136,494.03 "
27637,AS,,8,$523.11 ,$418.47 
,SG,,4,"$1,770.04 ","$1,416.04 "
,80'S,,4,$240.12 ,$192.10 
,OTHER,,37,"$17,032.22 ","$13,625.77 "
,TOTAL,,53,"$19,565.49 ","$15,652.38 "
27638,AS,,11,"$1,001.57 ",$801.26 
,SG,,1,$510.86 ,$408.69 
,80'S,,5,$447.02 ,$357.62 
,OTHER,,95,"$64,088.63 ","$50,515.72 "
,TOTAL,,112,"$66,048.08 ","$52,083.29 "
27640,SG,,142,"$42,400.36 ","$33,617.90 "
,OTHER,,"1,404","$1,098,752.45 ","$866,016.88 "
,TOTAL,,"1,546","$1,141,152.81 ","$899,634.78 "
27641,SG,,82,"$23,950.24 ","$18,932.83 "
,OTHER,,703,"$394,101.46 ","$313,682.74 "
,TOTAL,,785,"$418,051.70 ","$332,615.57 "
27645,AS,,4,$431.76 ,$345.41 
,80'S,,6,$688.83 ,$551.07 
,OTHER,,65,"$52,998.35 ","$42,398.71 "
,TOTAL,,75,"$54,118.94 ","$43,295.19 "
27646,AS,,2,$179.84 ,$143.88 
,OTHER,,43,"$34,716.47 ","$27,731.19 "
,TOTAL,,45,"$34,896.31 ","$27,875.07 "
27647,AS,,8,$785.22 ,$618.05 
,SG,,4,"$2,010.39 ","$1,608.32 "
,80'S,,9,"$1,077.90 ",$862.32 
,OTHER,,158,"$115,111.31 ","$91,255.37 "
,TOTAL,,179,"$118,984.82 ","$94,344.06 "
27648,OTHER,,527,"$63,050.43 ","$48,910.56 "
,TOTAL,,527,"$63,050.43 ","$48,910.56 "
27650,AS,,216,"$18,105.12 ","$14,242.15 "
,SG,,467,"$194,745.90 ","$154,033.35 "
,80'S,,109,"$10,572.96 ","$8,114.69 "
,OTHER,,"1,686","$1,061,036.64 ","$832,007.50 "
,TOTAL,,"2,478","$1,284,460.62 ","$1,008,397.69 "
27652,SG,,50,"$22,337.07 ","$17,741.02 "
,OTHER,,298,"$207,812.99 ","$162,277.74 "
,TOTAL,,348,"$230,150.06 ","$180,018.76 "
27654,AS,,154,"$12,127.09 ","$9,497.30 "
,SG,,247,"$84,967.93 ","$67,241.45 "
,80'S,,89,"$8,381.72 ","$6,633.27 "
,OTHER,,"1,152","$681,428.13 ","$533,112.15 "
,TOTAL,,"1,642","$786,904.87 ","$616,484.17 "
27656,AS,,1,$43.87 ,$35.10 
,SG,,5,"$1,706.05 ","$1,364.85 "
,OTHER,,47,"$12,309.16 ","$9,847.35 "
,TOTAL,,53,"$14,059.08 ","$11,247.30 "
27658,AS,,75,"$2,303.03 ","$1,768.96 "
,SG,,156,"$36,546.10 ","$28,886.84 "
,80'S,,43,"$1,613.13 ","$1,250.19 "
,OTHER,,611,"$143,654.02 ","$112,736.78 "
,TOTAL,,885,"$184,116.28 ","$144,642.77 "
27659,AS,,51,"$2,323.82 ","$1,831.77 "
,SG,,96,"$29,065.07 ","$22,762.39 "
,80'S,,31,"$1,636.89 ","$1,306.24 "
,OTHER,,403,"$134,737.94 ","$106,541.49 "
,TOTAL,,581,"$167,763.72 ","$132,441.89 "
27664,AS,,2,$74.87 ,$59.90 
,SG,,65,"$23,314.42 ","$18,372.88 "
,80'S,,2,$63.27 ,$25.40 
,OTHER,,287,"$73,975.78 ","$58,665.09 "
,TOTAL,,356,"$97,428.34 ","$77,123.27 "
27665,AS,,35,"$1,410.42 ","$1,096.95 "
,SG,,35,"$12,305.34 ","$9,299.35 "
,80'S,,7,$392.29 ,$313.83 
,OTHER,,148,"$43,662.32 ","$34,709.61 "
,TOTAL,,225,"$57,770.37 ","$45,419.74 "
27675,AS,,28,"$1,536.64 ","$1,169.10 "
,SG,,102,"$34,415.77 ","$27,251.02 "
,80'S,,18,"$1,165.64 ",$894.81 
,OTHER,,298,"$114,660.96 ","$89,785.68 "
,TOTAL,,446,"$151,779.01 ","$119,100.61 "
27676,AS,,17,"$1,168.33 ",$934.68 
,SG,,29,"$11,052.79 ","$8,842.24 "
,80'S,,4,$326.36 ,$261.09 
,OTHER,,86,"$40,141.36 ","$31,722.89 "
,TOTAL,,136,"$52,688.84 ","$41,760.90 "
27680,SG,,122,"$46,001.67 ","$35,655.55 "
,OTHER,,762,"$224,242.46 ","$175,476.98 "
,TOTAL,,884,"$270,244.13 ","$211,132.53 "
27681,SG,,12,"$2,920.46 ","$2,336.38 "
,OTHER,,46,"$16,019.11 ","$12,661.01 "
,TOTAL,,58,"$18,939.57 ","$14,997.39 "
27685,AS,,341,"$12,691.83 ","$10,037.69 "
,SG,,340,"$123,312.91 ","$96,699.00 "
,80'S,,231,"$10,584.76 ","$8,381.75 "
,OTHER,,"2,842","$842,905.95 ","$665,584.17 "
,TOTAL,,"3,754","$989,495.45 ","$780,702.61 "
27686,SG,,43,"$13,536.55 ","$10,509.77 "
,80'S,,2,$79.28 ,$63.42 
,OTHER,,347,"$120,013.43 ","$95,418.92 "
,TOTAL,,392,"$133,629.26 ","$105,992.11 "
27687,AS,,441,"$15,161.81 ","$11,894.05 "
,SG,,461,"$164,694.88 ","$130,248.07 "
,80'S,,305,"$12,964.15 ","$10,201.99 "
,OTHER,,"2,580","$701,103.87 ","$552,654.83 "
,TOTAL,,"3,787","$893,924.71 ","$704,998.94 "
27690,AS,,125,"$7,234.97 ","$5,761.40 "
,SG,,239,"$133,974.99 ","$106,001.60 "
,80'S,,120,"$9,170.16 ","$7,089.02 "
,OTHER,,"1,728","$790,499.36 ","$624,224.12 "
,TOTAL,,"2,212","$940,879.48 ","$743,076.14 "
27691,AS,,506,"$42,561.04 ","$33,499.03 "
,SG,,412,"$228,477.55 ","$179,368.60 "
,80'S,,234,"$22,800.31 ","$18,080.24 "
,OTHER,,"2,469","$1,537,925.66 ","$1,208,148.36 "
,TOTAL,,"3,621","$1,831,764.56 ","$1,439,096.23 "
27692,AS,,64,$897.57 ,$705.78 
,SG,,39,"$9,823.15 ","$7,858.53 "
,80'S,,21,$364.06 ,$291.20 
,OTHER,,366,"$39,444.01 ","$31,072.11 "
,TOTAL,,490,"$50,528.79 ","$39,927.62 "
27695,SG,,111,"$34,724.02 ","$26,843.91 "
,OTHER,,739,"$219,905.41 ","$173,100.98 "
,TOTAL,,850,"$254,629.43 ","$199,944.89 "
27696,SG,,48,"$14,859.79 ","$11,887.79 "
,OTHER,,186,"$81,399.63 ","$63,554.20 "
,TOTAL,,234,"$96,259.42 ","$75,441.99 "
27698,AS,,108,"$7,434.24 ","$5,857.92 "
,SG,,135,"$38,156.54 ","$30,186.08 "
,80'S,,55,"$4,523.14 ","$3,596.79 "
,OTHER,,715,"$359,043.12 ","$281,484.14 "
,TOTAL,,"1,013","$409,157.04 ","$321,124.93 "
27700,AS,,5,$271.35 ,$217.08 
,SG,,45,"$29,898.84 ","$23,919.02 "
,80'S,,11,$905.51 ,$724.41 
,OTHER,,116,"$55,340.11 ","$42,608.30 "
,TOTAL,,177,"$86,415.81 ","$67,468.81 "
27702,AS,,111,"$14,057.60 ","$11,162.58 "
,80'S,,108,"$15,972.80 ","$12,666.06 "
,OTHER,,552,"$513,567.60 ","$407,494.26 "
,TOTAL,,771,"$543,598.00 ","$431,322.90 "
27703,AS,,17,"$2,393.84 ","$1,901.89 "
,80'S,,17,"$2,718.50 ","$2,174.82 "
,OTHER,,96,"$99,278.82 ","$78,115.17 "
,TOTAL,,130,"$104,391.16 ","$82,191.88 "
27704,SG,,22,"$9,427.88 ","$7,332.73 "
,OTHER,,170,"$70,082.90 ","$55,561.23 "
,TOTAL,,192,"$79,510.78 ","$62,893.96 "
27705,AS,,37,"$2,409.16 ","$1,927.34 "
,SG,,8,"$2,009.90 ","$1,607.92 "
,80'S,,20,"$1,730.48 ","$1,293.43 "
,OTHER,,216,"$107,783.50 ","$85,421.50 "
,TOTAL,,281,"$113,933.04 ","$90,250.19 "
27707,SG,,13,"$3,270.98 ","$2,616.76 "
,80'S,,1,$27.12 ,$21.70 
,OTHER,,366,"$72,699.87 ","$57,431.95 "
,TOTAL,,380,"$75,997.97 ","$60,070.41 "
27709,AS,,32,"$3,266.16 ","$2,612.95 "
,80'S,,28,"$3,276.74 ","$2,621.38 "
,OTHER,,146,"$118,027.89 ","$93,871.99 "
,TOTAL,,206,"$124,570.79 ","$99,106.32 "
27712,AS,,1,$129.10 ,$103.28 
,80'S,,7,$956.62 ,$765.31 
,OTHER,,29,"$25,456.82 ","$20,268.31 "
,TOTAL,,37,"$26,542.54 ","$21,136.90 "
27715,AS,,10,"$1,266.77 ","$1,013.43 "
,80'S,,12,"$1,499.86 ","$1,199.88 "
,OTHER,,69,"$61,778.94 ","$49,340.74 "
,TOTAL,,91,"$64,545.57 ","$51,554.05 "
27720,AS,,105,"$10,472.82 ","$8,331.64 "
,80'S,,29,"$3,285.73 ","$2,628.58 "
,OTHER,,518,"$371,040.24 ","$293,830.65 "
,TOTAL,,652,"$384,798.79 ","$304,790.87 "
27722,AS,,5,$446.52 ,$357.21 
,80'S,,3,$329.80 ,$263.84 
,OTHER,,25,"$17,363.53 ","$13,890.81 "
,TOTAL,,33,"$18,139.85 ","$14,511.86 "
27724,AS,,85,"$13,327.19 ","$10,365.63 "
,80'S,,48,"$8,919.28 ","$6,783.93 "
,OTHER,,432,"$496,871.82 ","$391,863.53 "
,TOTAL,,565,"$519,118.29 ","$409,013.09 "
27725,AS,,6,$885.24 ,$708.18 
,80'S,,3,$521.08 ,$416.87 
,OTHER,,49,"$50,819.77 ","$40,593.33 "
,TOTAL,,58,"$52,226.09 ","$41,718.38 "
27730,OTHER,,2,"$1,125.12 ",$900.10 
,TOTAL,,2,"$1,125.12 ",$900.10 
27732,OTHER,,6,"$1,681.19 ","$1,240.16 "
,TOTAL,,6,"$1,681.19 ","$1,240.16 "
27745,AS,,18,"$1,493.83 ","$1,195.06 "
,80'S,,11,"$1,115.47 ",$892.37 
,OTHER,,121,"$62,671.92 ","$50,137.55 "
,TOTAL,,150,"$65,281.22 ","$52,224.98 "
27750,OTHER,,"3,795","$1,042,842.67 ","$817,345.98 "
,TOTAL,,"3,795","$1,042,842.67 ","$817,345.98 "
27752,SG,,10,$987.64 ,$714.23 
,OTHER,,"1,953","$844,883.34 ","$669,876.59 "
,TOTAL,,"1,963","$845,870.98 ","$670,590.82 "
27756,AS,,30,"$1,988.82 ","$1,591.02 "
,SG,,1,$494.24 ,$395.39 
,80'S,,11,$808.34 ,$646.65 
,OTHER,,194,"$86,394.68 ","$68,832.72 "
,TOTAL,,236,"$89,686.08 ","$71,465.78 "
27758,AS,,350,"$36,193.26 ","$28,648.80 "
,SG,,6,"$3,716.24 ","$2,972.98 "
,80'S,,127,"$14,823.78 ","$11,809.95 "
,OTHER,,"1,952","$1,458,207.98 ","$1,157,948.71 "
,TOTAL,,"2,435","$1,512,941.26 ","$1,201,380.44 "
27759,AS,,597,"$73,912.54 ","$58,082.13 "
,SG,,2,"$1,248.86 ",$999.08 
,80'S,,220,"$31,228.33 ","$24,911.13 "
,OTHER,,"3,758","$3,347,469.79 ","$2,650,454.46 "
,TOTAL,,"4,577","$3,453,859.52 ","$2,734,446.80 "
27760,SG,,4,$262.44 ,$209.95 
,OTHER,,"3,482","$916,996.86 ","$710,892.60 "
,TOTAL,,"3,486","$917,259.30 ","$711,102.55 "
27762,SG,,6,$456.10 ,$364.88 
,OTHER,,281,"$105,195.37 ","$82,751.13 "
,TOTAL,,287,"$105,651.47 ","$83,116.01 "
27766,SG,,126,"$61,184.71 ","$47,887.67 "
,OTHER,,"1,618","$863,109.25 ","$681,903.18 "
,TOTAL,,"1,744","$924,293.96 ","$729,790.85 "
27780,OTHER,,"4,157","$926,942.65 ","$719,102.02 "
,TOTAL,,"4,157","$926,942.65 ","$719,102.02 "
27781,SG,,3,$201.66 ,$149.65 
,OTHER,,149,"$41,778.87 ","$33,318.36 "
,TOTAL,,152,"$41,980.53 ","$33,468.01 "
27784,SG,,9,"$4,158.49 ","$3,326.80 "
,OTHER,,335,"$127,230.48 ","$100,781.92 "
,TOTAL,,344,"$131,388.97 ","$104,108.72 "
27786,SG,,5,$396.59 ,$317.28 
,OTHER,,"27,445","$7,031,014.75 ","$5,418,889.42 "
,TOTAL,,"27,450","$7,031,411.34 ","$5,419,206.70 "
27788,SG,,10,$974.75 ,$702.18 
,OTHER,,"1,491","$527,051.08 ","$415,283.41 "
,TOTAL,,"1,501","$528,025.83 ","$415,985.59 "
27792,AS,,1,$80.88 ,$64.70 
,SG,,389,"$191,634.08 ","$151,534.19 "
,OTHER,,"5,702","$2,946,956.17 ","$2,324,300.05 "
,TOTAL,,"6,092","$3,138,671.13 ","$2,475,898.94 "
27808,SG,,2,$204.73 ,$163.78 
,OTHER,,"4,895","$1,277,408.49 ","$993,608.74 "
,TOTAL,,"4,897","$1,277,613.22 ","$993,772.52 "
27810,AS,,1,$63.83 ,$51.06 
,SG,,5,$375.06 ,$217.23 
,OTHER,,"2,157","$804,934.52 ","$636,363.59 "
,TOTAL,,"2,163","$805,373.41 ","$636,631.88 "
27814,AS,,"1,860","$184,982.60 ","$145,929.60 "
,SG,,291,"$145,596.99 ","$115,041.53 "
,80'S,,418,"$47,475.16 ","$37,685.63 "
,OTHER,,"12,180","$8,826,596.10 ","$6,988,143.25 "
,TOTAL,,"14,749","$9,204,650.85 ","$7,286,800.01 "
27816,SG,,1,$97.89 ,$78.31 
,OTHER,,"1,144","$271,102.12 ","$210,929.23 "
,TOTAL,,"1,145","$271,200.01 ","$211,007.54 "
27818,SG,,7,$608.07 ,$486.45 
,OTHER,,"1,615","$597,321.21 ","$472,317.75 "
,TOTAL,,"1,622","$597,929.28 ","$472,804.20 "
27822,AS,,892,"$102,649.89 ","$80,722.05 "
,SG,,129,"$64,218.96 ","$50,213.13 "
,80'S,,220,"$29,131.98 ","$23,129.58 "
,OTHER,,"6,008","$5,034,606.62 ","$3,983,340.75 "
,TOTAL,,"7,249","$5,230,607.45 ","$4,137,405.51 "
27823,AS,,166,"$21,634.43 ","$17,007.35 "
,SG,,13,"$6,459.35 ","$5,109.04 "
,80'S,,65,"$10,012.78 ","$7,865.13 "
,OTHER,,"1,213","$1,147,379.74 ","$908,315.80 "
,TOTAL,,"1,457","$1,185,486.30 ","$938,297.32 "
27824,SG,,1,$109.04 ,$87.23 
,OTHER,,850,"$202,581.00 ","$156,722.68 "
,TOTAL,,851,"$202,690.04 ","$156,809.91 "
27825,AS,,7,$363.39 ,$290.70 
,SG,,3,$206.68 ,$165.34 
,80'S,,1,$77.57 ,$62.06 
,OTHER,,440,"$172,092.43 ","$136,160.43 "
,TOTAL,,451,"$172,740.07 ","$136,678.53 "
27826,AS,,20,"$1,709.24 ","$1,367.37 "
,SG,,7,"$2,758.05 ","$2,206.44 "
,80'S,,10,$816.59 ,$653.27 
,OTHER,,192,"$113,558.11 ","$90,197.68 "
,TOTAL,,229,"$118,841.99 ","$94,424.76 "
27827,AS,,99,"$13,715.74 ","$10,867.82 "
,SG,,9,"$4,280.42 ","$3,424.35 "
,80'S,,61,"$10,014.34 ","$7,834.97 "
,OTHER,,833,"$855,064.73 ","$678,371.18 "
,TOTAL,,"1,002","$883,075.23 ","$700,498.32 "
27828,AS,,179,"$29,245.33 ","$23,247.03 "
,SG,,4,"$2,489.95 ","$1,991.96 "
,80'S,,68,"$12,899.12 ","$10,069.11 "
,OTHER,,"1,047","$1,227,559.29 ","$971,177.99 "
,TOTAL,,"1,298","$1,272,193.69 ","$1,006,486.09 "
27829,AS,,415,"$18,686.84 ","$14,691.43 "
,SG,,86,"$25,420.84 ","$19,924.57 "
,80'S,,101,"$5,064.23 ","$4,001.16 "
,OTHER,,"2,451","$664,498.72 ","$526,217.90 "
,TOTAL,,"3,053","$713,670.63 ","$564,835.06 "
27830,AS,,1,$21.02 ,$16.82 
,OTHER,,26,"$6,558.72 ","$5,123.55 "
,TOTAL,,27,"$6,579.74 ","$5,140.37 "
27831,OTHER,,5,"$1,196.89 ",$957.52 
,TOTAL,,5,"$1,196.89 ",$957.52 
27832,AS,,2,$65.12 ,$52.10 
,80'S,,1,$44.29 ,$35.43 
,OTHER,,12,"$4,500.39 ","$3,600.32 "
,TOTAL,,15,"$4,609.80 ","$3,687.85 "
27840,SG,,1,$54.60 ,$43.68 
,OTHER,,"2,205","$583,291.27 ","$461,636.67 "
,TOTAL,,"2,206","$583,345.87 ","$461,680.35 "
27842,SG,,7,"$1,976.91 ","$1,581.53 "
,80'S,,1,$116.09 ,$92.87 
,OTHER,,450,"$162,542.78 ","$128,881.84 "
,TOTAL,,458,"$164,635.78 ","$130,556.24 "
27846,AS,,12,$755.67 ,$604.52 
,SG,,2,"$1,027.83 ",$822.27 
,80'S,,5,$426.68 ,$341.34 
,OTHER,,186,"$97,403.54 ","$77,259.33 "
,TOTAL,,205,"$99,613.72 ","$79,027.46 "
27848,AS,,40,"$3,553.82 ","$2,756.03 "
,SG,,10,"$4,510.16 ","$3,503.32 "
,80'S,,16,"$1,567.65 ","$1,254.10 "
,OTHER,,352,"$247,256.88 ","$196,083.72 "
,TOTAL,,418,"$256,888.51 ","$203,597.17 "
27860,AS,,2,$32.06 ,$25.64 
,SG,,34,"$9,057.72 ","$6,965.76 "
,80'S,,1,$14.51 ,$11.61 
,OTHER,,235,"$28,003.84 ","$22,237.53 "
,TOTAL,,272,"$37,108.13 ","$29,240.54 "
27870,AS,,583,"$75,560.57 ","$59,288.74 "
,SG,,76,"$47,036.59 ","$36,472.38 "
,80'S,,363,"$55,212.15 ","$43,589.32 "
,OTHER,,"2,939","$2,800,546.70 ","$2,197,802.95 "
,TOTAL,,"3,961","$2,978,356.01 ","$2,337,153.39 "
27871,AS,,86,"$4,657.87 ","$3,593.46 "
,SG,,9,"$5,460.28 ","$4,263.43 "
,80'S,,50,"$3,151.82 ","$2,521.37 "
,OTHER,,371,"$145,397.01 ","$114,977.03 "
,TOTAL,,516,"$158,666.98 ","$125,355.29 "
27880,AS,,"1,304","$147,968.13 ","$117,439.84 "
,80'S,,636,"$86,089.49 ","$68,209.32 "
,OTHER,,"15,503","$12,459,961.43 ","$9,902,595.49 "
,TOTAL,,"17,443","$12,694,019.05 ","$10,088,244.65 "
27881,AS,,108,"$11,984.90 ","$9,404.44 "
,80'S,,35,"$4,898.25 ","$3,918.61 "
,OTHER,,837,"$682,851.04 ","$541,808.51 "
,TOTAL,,980,"$699,734.19 ","$555,131.56 "
27882,AS,,18,"$1,448.56 ","$1,158.88 "
,80'S,,4,$371.37 ,$297.10 
,OTHER,,"1,182","$699,792.64 ","$556,548.51 "
,TOTAL,,"1,204","$701,612.57 ","$558,004.49 "
27884,SG,,9,"$4,544.16 ","$3,635.33 "
,OTHER,,736,"$351,521.30 ","$277,787.97 "
,TOTAL,,745,"$356,065.46 ","$281,423.30 "
27886,AS,,3,$239.37 ,$191.50 
,80'S,,1,$95.38 ,$76.30 
,OTHER,,"1,579","$871,023.60 ","$691,970.21 "
,TOTAL,,"1,583","$871,358.35 ","$692,238.01 "
27888,AS,,11,"$1,016.50 ",$813.20 
,80'S,,6,$653.48 ,$522.78 
,OTHER,,185,"$116,003.68 ","$92,238.38 "
,TOTAL,,202,"$117,673.66 ","$93,574.36 "
27889,80'S,,1,$112.63 ,$34.72 
,OTHER,,146,"$88,920.53 ","$70,482.27 "
,TOTAL,,147,"$89,033.16 ","$70,516.99 "
27892,AS,,2,$131.58 ,$105.26 
,SG,,4,"$1,757.75 ","$1,406.20 "
,OTHER,,139,"$60,892.22 ","$48,584.84 "
,TOTAL,,145,"$62,781.55 ","$50,096.30 "
27893,SG,,2,$753.74 ,$602.99 
,OTHER,,37,"$16,175.71 ","$12,940.56 "
,TOTAL,,39,"$16,929.45 ","$13,543.55 "
27894,AS,,6,$626.25 ,$501.01 
,80'S,,6,$636.57 ,$439.16 
,OTHER,,143,"$94,846.38 ","$75,463.91 "
,TOTAL,,155,"$96,109.20 ","$76,404.08 "
27899,AS,,13,"$1,157.51 ",$925.99 
,80'S,,5,$476.93 ,$381.55 
,OTHER,,308,"$145,723.28 ","$116,319.10 "
,TOTAL,,326,"$147,357.72 ","$117,626.64 "
28001,OTHER,,"7,426","$1,164,909.03 ","$900,253.22 "
,TOTAL,,"7,426","$1,164,909.03 ","$900,253.22 "
28002,SG,,156,"$71,136.92 ","$56,349.09 "
,80'S,,1,$57.96 ,$46.37 
,OTHER,,"4,919","$1,684,140.37 ","$1,331,365.24 "
,TOTAL,,"5,076","$1,755,335.25 ","$1,387,760.70 "
28003,SG,,29,"$13,659.13 ","$10,835.18 "
,OTHER,,"2,797","$1,404,393.13 ","$1,112,491.84 "
,TOTAL,,"2,826","$1,418,052.26 ","$1,123,327.02 "
28005,SG,,123,"$58,458.11 ","$46,458.18 "
,80'S,,4,$433.20 ,$346.56 
,OTHER,,"4,703","$2,511,227.66 ","$1,990,636.39 "
,TOTAL,,"4,830","$2,570,118.97 ","$2,037,441.13 "
28008,SG,,600,"$264,484.09 ","$208,402.58 "
,OTHER,,"1,619","$424,044.84 ","$333,218.57 "
,TOTAL,,"2,219","$688,528.93 ","$541,621.15 "
28010,AS,,1,$12.39 ,$9.91 
,OTHER,,"5,169","$833,421.17 ","$645,655.94 "
,TOTAL,,"5,170","$833,433.56 ","$645,665.85 "
28011,SG,,126,"$41,395.54 ","$33,096.72 "
,OTHER,,"1,151","$235,684.64 ","$184,195.67 "
,TOTAL,,"1,277","$277,080.18 ","$217,292.39 "
28020,SG,,30,"$10,428.91 ","$8,171.19 "
,OTHER,,374,"$98,377.65 ","$77,540.30 "
,TOTAL,,404,"$108,806.56 ","$85,711.49 "
28022,SG,,112,"$33,792.28 ","$26,739.82 "
,OTHER,,913,"$243,483.11 ","$193,356.20 "
,TOTAL,,"1,025","$277,275.39 ","$220,096.02 "
28024,SG,,43,"$16,071.47 ","$12,835.48 "
,OTHER,,532,"$167,604.41 ","$132,486.21 "
,TOTAL,,575,"$183,675.88 ","$145,321.69 "
28035,SG,,775,"$462,138.41 ","$365,037.46 "
,OTHER,,"1,989","$501,193.45 ","$391,194.63 "
,TOTAL,,"2,764","$963,331.86 ","$756,232.09 "
28043,AS,,1,$16.42 ,$13.14 
,SG,,"1,134","$416,745.58 ","$328,578.41 "
,OTHER,,"3,269","$745,335.50 ","$582,196.91 "
,TOTAL,,"4,404","$1,162,097.50 ","$910,788.46 "
28045,AS,,15,$511.64 ,$409.34 
,SG,,824,"$364,619.70 ","$288,453.80 "
,80'S,,21,$761.05 ,$608.81 
,OTHER,,"3,180","$893,422.27 ","$702,455.73 "
,TOTAL,,"4,040","$1,259,314.66 ","$991,927.68 "
28046,SG,,48,"$20,840.35 ","$16,567.50 "
,OTHER,,416,"$236,930.97 ","$188,293.13 "
,TOTAL,,464,"$257,771.32 ","$204,860.63 "
28050,SG,,7,"$2,174.12 ","$1,739.29 "
,OTHER,,85,"$19,837.78 ","$15,660.59 "
,TOTAL,,92,"$22,011.90 ","$17,399.88 "
28052,SG,,26,"$7,634.12 ","$6,107.25 "
,OTHER,,199,"$42,647.22 ","$34,013.04 "
,TOTAL,,225,"$50,281.34 ","$40,120.29 "
28054,SG,,21,"$7,766.80 ","$6,213.44 "
,OTHER,,119,"$26,213.63 ","$20,287.35 "
,TOTAL,,140,"$33,980.43 ","$26,500.79 "
28055,AS,,1,$25.06 ,$20.05 
,SG,,78,"$43,245.01 ","$34,082.10 "
,OTHER,,288,"$76,959.36 ","$61,037.41 "
,TOTAL,,367,"$120,229.43 ","$95,139.56 "
28060,AS,,1,$45.15 ,$36.12 
,SG,,458,"$158,016.55 ","$123,727.50 "
,OTHER,,"1,628","$474,822.60 ","$371,299.81 "
,TOTAL,,"2,087","$632,884.30 ","$495,063.43 "
28062,SG,,88,"$40,879.71 ","$31,951.43 "
,OTHER,,443,"$162,836.51 ","$126,321.58 "
,TOTAL,,531,"$203,716.22 ","$158,273.01 "
28070,SG,,38,"$12,191.91 ","$9,459.10 "
,OTHER,,186,"$47,654.51 ","$37,498.84 "
,TOTAL,,224,"$59,846.42 ","$46,957.94 "
28072,AS,,1,$22.94 ,$18.35 
,SG,,65,"$21,341.19 ","$17,039.34 "
,OTHER,,296,"$63,920.11 ","$50,573.33 "
,TOTAL,,362,"$85,284.24 ","$67,631.02 "
28080,AS,,39,"$1,438.48 ","$1,147.51 "
,SG,,"3,182","$1,344,135.48 ","$1,057,295.28 "
,80'S,,31,"$1,343.94 ","$1,034.22 "
,OTHER,,"7,099","$1,879,408.01 ","$1,468,562.07 "
,TOTAL,,"10,351","$3,226,325.91 ","$2,528,039.08 "
28086,AS,,56,"$1,870.10 ","$1,481.55 "
,SG,,67,"$19,488.50 ","$15,455.32 "
,80'S,,31,"$1,055.12 ",$844.10 
,OTHER,,446,"$108,086.71 ","$85,693.54 "
,TOTAL,,600,"$130,500.43 ","$103,474.51 "
28088,AS,,8,$187.23 ,$149.77 
,SG,,38,"$10,048.10 ","$8,037.63 "
,80'S,,1,$26.70 ,$21.36 
,OTHER,,112,"$21,558.66 ","$17,144.80 "
,TOTAL,,159,"$31,820.69 ","$25,353.56 "
28090,SG,,"1,098","$481,244.75 ","$378,676.99 "
,OTHER,,"4,149","$1,077,229.12 ","$843,895.74 "
,TOTAL,,"5,247","$1,558,473.87 ","$1,222,572.73 "
28092,SG,,292,"$129,154.11 ","$101,556.18 "
,OTHER,,874,"$222,264.08 ","$173,773.25 "
,TOTAL,,"1,166","$351,418.19 ","$275,329.43 "
28100,AS,,15,$582.63 ,$466.09 
,SG,,163,"$52,952.47 ","$41,725.81 "
,80'S,,25,"$1,177.19 ",$894.91 
,OTHER,,422,"$139,645.74 ","$109,636.52 "
,TOTAL,,625,"$194,358.03 ","$152,723.33 "
28102,AS,,2,$102.54 ,$82.03 
,SG,,2,$774.40 ,$619.52 
,80'S,,1,$41.59 ,$33.27 
,OTHER,,17,"$6,526.99 ","$5,221.59 "
,TOTAL,,22,"$7,445.52 ","$5,956.41 "
28103,AS,,2,$82.02 ,$65.61 
,SG,,3,"$1,539.72 ","$1,231.77 "
,80'S,,2,$95.94 ,$76.76 
,OTHER,,44,"$14,022.13 ","$11,056.26 "
,TOTAL,,51,"$15,739.81 ","$12,430.40 "
28104,AS,,30,"$1,177.00 ",$919.04 
,SG,,745,"$245,636.39 ","$192,956.87 "
,80'S,,36,"$1,816.75 ","$1,433.22 "
,OTHER,,"1,111","$326,479.79 ","$256,763.53 "
,TOTAL,,"1,922","$575,109.93 ","$452,072.66 "
28106,AS,,3,$121.25 ,$97.00 
,SG,,15,"$5,237.72 ","$4,085.38 "
,80'S,,8,$428.94 ,$343.14 
,OTHER,,60,"$17,772.22 ","$14,073.36 "
,TOTAL,,86,"$23,560.13 ","$18,598.88 "
28107,AS,,4,$147.39 ,$117.90 
,SG,,20,"$8,096.94 ","$6,057.80 "
,80'S,,3,$162.97 ,$99.23 
,OTHER,,52,"$14,073.02 ","$11,108.43 "
,TOTAL,,79,"$22,480.32 ","$17,383.36 "
28108,SG,,947,"$305,674.60 ","$241,907.96 "
,OTHER,,"1,797","$467,926.26 ","$366,307.18 "
,TOTAL,,"2,744","$773,600.86 ","$608,215.14 "
28110,SG,,"1,374","$528,060.05 ","$416,234.21 "
,OTHER,,"2,847","$542,873.29 ","$425,587.18 "
,TOTAL,,"4,221","$1,070,933.34 ","$841,821.39 "
28111,SG,,160,"$70,116.22 ","$55,874.79 "
,OTHER,,"1,044","$285,489.49 ","$226,068.54 "
,TOTAL,,"1,204","$355,605.71 ","$281,943.33 "
28112,SG,,"1,379","$479,726.48 ","$380,736.96 "
,OTHER,,"5,200","$1,046,610.37 ","$828,260.70 "
,TOTAL,,"6,579","$1,526,336.85 ","$1,208,997.66 "
28113,AS,,24,$776.26 ,$617.64 
,SG,,702,"$280,034.65 ","$222,128.70 "
,80'S,,15,$729.43 ,$583.53 
,OTHER,,"2,564","$843,839.38 ","$666,283.09 "
,TOTAL,,"3,305","$1,125,379.72 ","$889,612.96 "
28114,AS,,150,"$13,930.81 ","$10,992.54 "
,SG,,236,"$83,496.03 ","$65,163.56 "
,80'S,,85,"$10,117.62 ","$7,934.02 "
,OTHER,,"1,367","$966,424.38 ","$762,557.43 "
,TOTAL,,"1,838","$1,073,968.84 ","$846,647.55 "
28116,SG,,29,"$13,869.31 ","$10,683.78 "
,OTHER,,119,"$55,930.94 ","$44,651.45 "
,TOTAL,,148,"$69,800.25 ","$55,335.23 "
28118,AS,,119,"$4,671.89 ","$3,684.11 "
,SG,,326,"$199,157.72 ","$158,317.11 "
,80'S,,77,"$3,344.15 ","$2,649.86 "
,OTHER,,"1,756","$532,678.44 ","$418,575.77 "
,TOTAL,,"2,278","$739,852.20 ","$583,226.85 "
28119,SG,,856,"$519,363.02 ","$407,627.08 "
,OTHER,,"2,010","$616,675.94 ","$478,561.13 "
,TOTAL,,"2,866","$1,136,038.96 ","$886,188.21 "
28120,AS,,1,$24.68 ,$19.74 
,SG,,599,"$578,902.51 ","$458,093.96 "
,80'S,,1,$66.65 ,$53.32 
,OTHER,,"3,676","$1,097,681.31 ","$868,444.93 "
,TOTAL,,"4,277","$1,676,675.15 ","$1,326,611.95 "
28122,AS,,329,"$17,875.48 ","$14,244.84 "
,SG,,"1,949","$814,814.12 ","$644,554.31 "
,80'S,,315,"$21,208.87 ","$16,613.25 "
,OTHER,,"10,132","$4,233,910.51 ","$3,340,481.21 "
,TOTAL,,"12,725","$5,087,808.98 ","$4,015,893.61 "
28124,OTHER,,"13,840","$4,308,325.43 ","$3,387,001.13 "
,TOTAL,,"13,840","$4,308,325.43 ","$3,387,001.13 "
28126,SG,,575,"$218,052.73 ","$172,265.18 "
,OTHER,,"2,883","$562,845.91 ","$439,440.29 "
,TOTAL,,"3,458","$780,898.64 ","$611,705.47 "
28130,AS,,6,$279.48 ,$223.57 
,SG,,1,$506.45 ,$405.16 
,80'S,,11,$798.44 ,$638.77 
,OTHER,,79,"$31,398.08 ","$25,084.52 "
,TOTAL,,97,"$32,982.45 ","$26,352.02 "
28140,SG,,99,"$39,163.64 ","$30,545.66 "
,80'S,,1,$72.04 ,$57.63 
,OTHER,,929,"$339,579.24 ","$266,413.81 "
,TOTAL,,"1,029","$378,814.92 ","$297,017.10 "
28150,SG,,337,"$145,786.34 ","$116,109.33 "
,OTHER,,"1,264","$292,633.92 ","$229,370.44 "
,TOTAL,,"1,601","$438,420.26 ","$345,479.77 "
28153,SG,,774,"$307,358.46 ","$244,322.78 "
,OTHER,,"3,475","$685,194.81 ","$537,392.60 "
,TOTAL,,"4,249","$992,553.27 ","$781,715.38 "
28160,SG,,804,"$315,482.16 ","$250,322.10 "
,OTHER,,"3,301","$674,904.46 ","$530,763.20 "
,TOTAL,,"4,105","$990,386.62 ","$781,085.30 "
28171,SG,,5,"$1,882.38 ","$1,505.91 "
,80'S,,1,$88.36 ,$70.69 
,OTHER,,32,"$17,421.38 ","$13,937.10 "
,TOTAL,,38,"$19,392.12 ","$15,513.70 "
28173,SG,,29,"$11,435.64 ","$9,069.26 "
,OTHER,,276,"$124,021.29 ","$99,112.04 "
,TOTAL,,305,"$135,456.93 ","$108,181.30 "
28175,SG,,118,"$52,677.86 ","$42,004.61 "
,OTHER,,232,"$78,536.77 ","$61,787.03 "
,TOTAL,,350,"$131,214.63 ","$103,791.64 "
28190,OTHER,,"6,174","$1,156,293.81 ","$884,093.18 "
,TOTAL,,"6,174","$1,156,293.81 ","$884,093.18 "
28192,SG,,263,"$106,874.50 ","$84,777.91 "
,OTHER,,"1,751","$586,504.51 ","$457,553.61 "
,TOTAL,,"2,014","$693,379.01 ","$542,331.52 "
28193,SG,,63,"$29,686.56 ","$23,490.96 "
,OTHER,,798,"$294,059.86 ","$232,287.79 "
,TOTAL,,861,"$323,746.42 ","$255,778.75 "
28200,SG,,192,"$70,818.50 ","$55,874.92 "
,OTHER,,735,"$152,022.31 ","$119,928.80 "
,TOTAL,,927,"$222,840.81 ","$175,803.72 "
28202,AS,,10,$348.36 ,$278.71 
,SG,,41,"$16,307.21 ","$13,045.75 "
,80'S,,16,$793.84 ,$635.05 
,OTHER,,168,"$52,666.28 ","$41,642.50 "
,TOTAL,,235,"$70,115.69 ","$55,602.01 "
28208,SG,,222,"$78,502.56 ","$62,359.01 "
,OTHER,,"1,210","$228,245.07 ","$180,285.91 "
,TOTAL,,"1,432","$306,747.63 ","$242,644.92 "
28210,AS,,8,$283.97 ,$227.17 
,SG,,26,"$9,730.97 ","$7,361.00 "
,80'S,,13,$683.03 ,$546.42 
,OTHER,,110,"$34,598.80 ","$27,180.19 "
,TOTAL,,157,"$45,296.77 ","$35,314.78 "
28220,OTHER,,"1,071","$294,779.32 ","$231,992.17 "
,TOTAL,,"1,071","$294,779.32 ","$231,992.17 "
28222,SG,,30,"$5,919.56 ","$4,630.88 "
,OTHER,,422,"$151,168.17 ","$118,263.81 "
,TOTAL,,452,"$157,087.73 ","$122,894.69 "
28225,SG,,66,"$13,549.52 ","$10,839.62 "
,OTHER,,732,"$138,599.97 ","$109,811.11 "
,TOTAL,,798,"$152,149.49 ","$120,650.73 "
28226,SG,,44,"$9,147.72 ","$7,289.88 "
,OTHER,,72,"$15,219.15 ","$12,161.03 "
,TOTAL,,116,"$24,366.87 ","$19,450.91 "
28230,SG,,1,$143.99 ,$115.19 
,OTHER,,"4,395","$1,093,631.75 ","$861,882.95 "
,TOTAL,,"4,396","$1,093,775.74 ","$861,998.14 "
28232,OTHER,,"9,796","$2,014,515.20 ","$1,585,093.78 "
,TOTAL,,"9,796","$2,014,515.20 ","$1,585,093.78 "
28234,AS,,1,$33.89 ,$27.11 
,SG,,880,"$214,036.06 ","$170,648.62 "
,80'S,,1,$40.69 ,$32.55 
,OTHER,,"5,873","$1,106,320.25 ","$873,635.68 "
,TOTAL,,"6,755","$1,320,430.89 ","$1,044,343.96 "
28238,AS,,26,"$1,037.66 ",$830.13 
,SG,,153,"$65,931.50 ","$52,528.11 "
,80'S,,56,"$2,895.16 ","$2,256.19 "
,OTHER,,571,"$204,876.02 ","$160,079.02 "
,TOTAL,,806,"$274,740.34 ","$215,693.45 "
28240,SG,,170,"$41,503.21 ","$32,903.37 "
,80'S,,1,$22.76 ,$18.21 
,OTHER,,577,"$112,515.07 ","$88,331.23 "
,TOTAL,,748,"$154,041.04 ","$121,252.81 "
28250,AS,,30,"$1,159.97 ",$905.78 
,SG,,98,"$41,587.62 ","$33,062.65 "
,80'S,,22,"$1,014.78 ",$811.81 
,OTHER,,536,"$172,344.13 ","$135,089.02 "
,TOTAL,,686,"$216,106.50 ","$169,869.26 "
28260,AS,,4,$129.92 ,$103.93 
,SG,,29,"$10,304.56 ","$8,243.62 "
,80'S,,11,$518.11 ,$414.47 
,OTHER,,139,"$47,392.29 ","$37,440.04 "
,TOTAL,,183,"$58,344.88 ","$46,202.06 "
28261,SG,,43,"$12,992.57 ","$10,300.74 "
,80'S,,1,$122.60 ,$98.08 
,OTHER,,142,"$99,781.73 ","$79,349.58 "
,TOTAL,,186,"$112,896.90 ","$89,748.40 "
28262,AS,,7,"$1,011.14 ",$704.11 
,SG,,7,"$2,924.26 ","$2,339.41 "
,80'S,,21,"$3,471.22 ","$2,672.23 "
,OTHER,,97,"$102,984.41 ","$81,366.79 "
,TOTAL,,132,"$110,391.03 ","$87,082.54 "
28264,AS,,14,"$1,020.57 ",$816.48 
,SG,,16,"$2,770.74 ","$2,216.59 "
,80'S,,6,$570.44 ,$456.35 
,OTHER,,78,"$40,605.53 ","$32,154.86 "
,TOTAL,,114,"$44,967.28 ","$35,644.28 "
28270,SG,,"5,739","$1,713,438.01 ","$1,362,665.39 "
,OTHER,,"25,495","$6,335,038.12 ","$5,015,049.70 "
,TOTAL,,"31,234","$8,048,476.13 ","$6,377,715.09 "
28272,OTHER,,"5,365","$1,197,107.96 ","$940,045.98 "
,TOTAL,,"5,365","$1,197,107.96 ","$940,045.98 "
28280,AS,,9,$301.76 ,$241.40 
,SG,,199,"$52,232.97 ","$41,454.99 "
,80'S,,7,$331.19 ,$264.96 
,OTHER,,661,"$182,011.24 ","$142,637.52 "
,TOTAL,,876,"$234,877.16 ","$184,598.87 "
28285,AS,,1,$62.76 ,$50.21 
,SG,,"31,067","$11,333,380.20 ","$8,973,791.35 "
,80'S,,9,$244.74 ,$195.79 
,OTHER,,"84,328","$17,646,151.64 ","$13,912,337.67 "
,TOTAL,,"115,405","$28,979,839.34 ","$22,886,375.02 "
28286,SG,,119,"$70,016.14 ","$55,880.36 "
,OTHER,,466,"$95,740.57 ","$75,142.13 "
,TOTAL,,585,"$165,756.71 ","$131,022.49 "
28288,SG,,"1,482","$570,493.48 ","$450,414.74 "
,OTHER,,"3,595","$1,180,803.53 ","$930,769.03 "
,TOTAL,,"5,077","$1,751,297.01 ","$1,381,183.77 "
28289,AS,,146,"$9,648.94 ","$7,486.06 "
,SG,,"1,350","$617,902.70 ","$487,598.61 "
,80'S,,105,"$8,625.90 ","$6,723.42 "
,OTHER,,"2,956","$1,486,965.50 ","$1,169,577.55 "
,TOTAL,,"4,557","$2,123,143.04 ","$1,671,385.64 "
28290,SG,,831,"$290,195.51 ","$229,134.09 "
,80'S,,1,$37.23 ,$29.78 
,OTHER,,"2,262","$807,734.71 ","$634,395.39 "
,TOTAL,,"3,094","$1,097,967.45 ","$863,559.26 "
28292,AS,,298,"$18,936.31 ","$14,922.44 "
,SG,,"3,802","$1,273,550.88 ","$1,006,338.08 "
,80'S,,591,"$51,225.44 ","$40,413.68 "
,OTHER,,"11,230","$5,858,151.97 ","$4,623,644.63 "
,TOTAL,,"15,921","$7,201,864.60 ","$5,685,318.83 "
28293,AS,,23,"$2,026.09 ","$1,620.89 "
,SG,,793,"$376,962.29 ","$297,091.12 "
,80'S,,239,"$25,824.86 ","$20,254.59 "
,OTHER,,"3,385","$2,194,191.57 ","$1,735,020.77 "
,TOTAL,,"4,440","$2,599,004.81 ","$2,053,987.37 "
28294,AS,,9,$562.38 ,$449.91 
,SG,,56,"$24,856.50 ","$19,584.44 "
,80'S,,16,"$1,241.99 ",$954.02 
,OTHER,,216,"$106,120.66 ","$84,258.60 "
,TOTAL,,297,"$132,781.53 ","$105,246.97 "
28296,AS,,386,"$27,107.97 ","$21,330.17 "
,SG,,"7,787","$3,700,492.70 ","$2,910,124.37 "
,80'S,,"1,022","$93,235.28 ","$73,324.90 "
,OTHER,,"17,786","$9,685,680.60 ","$7,606,148.00 "
,TOTAL,,"26,981","$13,506,516.55 ","$10,610,927.44 "
28297,AS,,119,"$7,680.27 ","$5,934.46 "
,SG,,282,"$123,689.91 ","$96,915.31 "
,80'S,,93,"$7,484.46 ","$5,853.32 "
,OTHER,,"1,038","$546,012.68 ","$428,166.24 "
,TOTAL,,"1,532","$684,867.32 ","$536,869.33 "
28298,AS,,88,"$4,852.70 ","$3,712.01 "
,SG,,949,"$419,681.65 ","$331,526.80 "
,80'S,,104,"$7,020.63 ","$5,521.66 "
,OTHER,,"2,104","$933,408.33 ","$735,855.51 "
,TOTAL,,"3,245","$1,364,963.31 ","$1,076,615.98 "
28299,AS,,127,"$10,948.31 ","$8,621.59 "
,SG,,"1,681","$1,188,324.68 ","$938,083.67 "
,80'S,,194,"$21,084.62 ","$15,969.41 "
,OTHER,,"3,539","$2,305,434.99 ","$1,806,893.19 "
,TOTAL,,"5,541","$3,525,792.60 ","$2,769,567.86 "
28300,AS,,854,"$16,403.81 ","$13,020.09 "
,SG,,190,"$47,120.02 ","$37,324.00 "
,80'S,,235,"$15,956.26 ","$12,691.05 "
,OTHER,,"1,830","$764,092.73 ","$604,326.06 "
,TOTAL,,"3,109","$843,572.82 ","$667,361.20 "
28302,AS,,9,$515.22 ,$412.18 
,SG,,4,"$1,580.56 ","$1,211.63 "
,OTHER,,31,"$13,974.43 ","$10,673.20 "
,TOTAL,,44,"$16,070.21 ","$12,297.01 "
28304,AS,,26,"$1,063.73 ",$850.98 
,SG,,58,"$17,301.56 ","$13,841.28 "
,80'S,,38,"$2,628.85 ","$2,045.23 "
,OTHER,,332,"$141,810.71 ","$111,630.24 "
,TOTAL,,454,"$162,804.85 ","$128,367.73 "
28305,AS,,8,$520.80 ,$416.64 
,SG,,14,"$5,100.41 ","$4,080.33 "
,80'S,,14,"$1,052.40 ",$841.93 
,OTHER,,113,"$54,777.18 ","$43,487.91 "
,TOTAL,,149,"$61,450.79 ","$48,826.81 "
28306,AS,,205,"$6,275.79 ","$4,936.13 "
,SG,,526,"$318,340.74 ","$250,370.94 "
,80'S,,138,"$5,878.65 ","$4,661.50 "
,OTHER,,"2,011","$475,977.26 ","$376,181.28 "
,TOTAL,,"2,880","$806,472.44 ","$636,149.85 "
28307,AS,,1,$60.59 ,$48.47 
,SG,,29,"$16,342.51 ","$13,074.01 "
,80'S,,3,$198.45 ,$158.75 
,OTHER,,76,"$23,927.93 ","$19,003.51 "
,TOTAL,,109,"$40,529.48 ","$32,284.74 "
28308,AS,,512,"$14,916.57 ","$11,762.45 "
,SG,,"3,859","$987,971.35 ","$782,722.71 "
,80'S,,635,"$24,059.34 ","$18,732.75 "
,OTHER,,"10,245","$2,449,337.48 ","$1,927,656.82 "
,TOTAL,,"15,251","$3,476,284.74 ","$2,740,874.73 "
28309,AS,,2,$230.78 ,$184.63 
,SG,,40,"$22,943.31 ","$18,350.40 "
,80'S,,3,$419.07 ,$335.25 
,OTHER,,113,"$92,705.56 ","$73,891.41 "
,TOTAL,,158,"$116,298.72 ","$92,761.69 "
28310,SG,,595,"$196,891.04 ","$155,602.84 "
,OTHER,,"2,492","$534,188.06 ","$421,891.57 "
,TOTAL,,"3,087","$731,079.10 ","$577,494.41 "
28312,SG,,405,"$134,324.44 ","$106,589.34 "
,OTHER,,884,"$189,406.70 ","$149,257.58 "
,TOTAL,,"1,289","$323,731.14 ","$255,846.92 "
28313,SG,,608,"$149,346.99 ","$118,708.76 "
,OTHER,,"1,631","$406,962.91 ","$319,355.76 "
,TOTAL,,"2,239","$556,309.90 ","$438,064.52 "
28315,SG,,629,"$377,323.04 ","$299,073.22 "
,OTHER,,"2,006","$475,284.51 ","$375,147.17 "
,TOTAL,,"2,635","$852,607.55 ","$674,220.39 "
28320,AS,,26,"$1,639.46 ","$1,311.58 "
,SG,,22,"$12,698.34 ","$9,819.66 "
,80'S,,14,$909.41 ,$727.50 
,OTHER,,170,"$80,789.07 ","$62,790.78 "
,TOTAL,,232,"$96,036.28 ","$74,649.52 "
28322,AS,,30,"$2,091.89 ","$1,673.54 "
,SG,,103,"$60,949.51 ","$47,564.79 "
,80'S,,25,"$1,800.37 ","$1,340.07 "
,OTHER,,341,"$160,654.01 ","$124,927.09 "
,TOTAL,,499,"$225,495.78 ","$175,505.49 "
28340,SG,,13,"$6,861.27 ","$5,489.04 "
,OTHER,,16,"$6,295.81 ","$4,931.87 "
,TOTAL,,29,"$13,157.08 ","$10,420.91 "
28341,SG,,1,$606.17 ,$484.94 
,OTHER,,30,"$15,000.39 ","$11,585.90 "
,TOTAL,,31,"$15,606.56 ","$12,070.84 "
28344,SG,,7,"$3,920.87 ","$3,136.70 "
,OTHER,,5,"$1,267.19 ","$1,013.75 "
,TOTAL,,12,"$5,188.06 ","$4,150.45 "
28345,SG,,40,"$23,729.42 ","$18,983.55 "
,80'S,,2,$81.80 ,$65.44 
,OTHER,,88,"$29,131.94 ","$23,295.22 "
,TOTAL,,130,"$52,943.16 ","$42,344.21 "
28360,OTHER,,2,"$1,812.69 ","$1,450.15 "
,TOTAL,,2,"$1,812.69 ","$1,450.15 "
28400,SG,,1,$103.03 ,$82.42 
,OTHER,,"3,607","$728,694.98 ","$564,115.27 "
,TOTAL,,"3,608","$728,798.01 ","$564,197.69 "
28405,SG,,1,$96.15 ,$76.92 
,80'S,,1,$29.72 ,$23.78 
,OTHER,,190,"$59,557.46 ","$46,960.90 "
,TOTAL,,192,"$59,683.33 ","$47,061.60 "
28406,AS,,2,$96.23 ,$76.98 
,SG,,6,"$2,581.67 ","$2,065.34 "
,80'S,,1,$74.68 ,$59.74 
,OTHER,,112,"$51,092.77 ","$40,843.66 "
,TOTAL,,121,"$53,845.35 ","$43,045.72 "
28415,AS,,116,"$17,874.03 ","$14,076.95 "
,SG,,31,"$13,876.35 ","$11,101.07 "
,80'S,,67,"$12,348.46 ","$9,565.80 "
,OTHER,,886,"$999,225.83 ","$784,720.16 "
,TOTAL,,"1,100","$1,043,324.67 ","$819,463.98 "
28420,AS,,6,$810.81 ,$648.64 
,SG,,2,"$1,393.56 ","$1,114.85 "
,80'S,,3,$426.17 ,$340.93 
,OTHER,,43,"$45,364.47 ","$36,291.54 "
,TOTAL,,54,"$47,995.01 ","$38,395.96 "
28430,OTHER,,"1,181","$213,544.33 ","$164,339.92 "
,TOTAL,,"1,181","$213,544.33 ","$164,339.92 "
28435,OTHER,,56,"$12,334.81 ","$9,705.28 "
,TOTAL,,56,"$12,334.81 ","$9,705.28 "
28436,OTHER,,24,"$6,934.43 ","$5,547.53 "
,TOTAL,,24,"$6,934.43 ","$5,547.53 "
28445,AS,,31,"$3,956.49 ","$3,165.18 "
,SG,,18,"$7,826.53 ","$6,177.36 "
,80'S,,16,"$2,643.82 ","$2,115.07 "
,OTHER,,282,"$268,687.04 ","$208,128.13 "
,TOTAL,,347,"$283,113.88 ","$219,585.74 "
28450,OTHER,,"2,689","$440,313.60 ","$340,322.69 "
,TOTAL,,"2,689","$440,313.60 ","$340,322.69 "
28455,OTHER,,113,"$26,146.56 ","$20,713.67 "
,TOTAL,,113,"$26,146.56 ","$20,713.67 "
28456,SG,,3,"$1,307.35 ","$1,045.89 "
,OTHER,,43,"$7,609.56 ","$6,087.66 "
,TOTAL,,46,"$8,916.91 ","$7,133.55 "
28465,SG,,26,"$9,958.41 ","$7,558.71 "
,OTHER,,247,"$92,483.47 ","$73,232.83 "
,TOTAL,,273,"$102,441.88 ","$80,791.54 "
28470,OTHER,,"40,385","$6,738,016.63 ","$5,186,615.97 "
,TOTAL,,"40,385","$6,738,016.63 ","$5,186,615.97 "
28475,OTHER,,"1,351","$298,738.46 ","$232,412.91 "
,TOTAL,,"1,351","$298,738.46 ","$232,412.91 "
28476,AS,,7,$220.58 ,$176.46 
,SG,,53,"$21,041.91 ","$16,489.48 "
,80'S,,4,$109.05 ,$87.24 
,OTHER,,421,"$97,862.34 ","$77,793.95 "
,TOTAL,,485,"$119,233.88 ","$94,547.13 "
28485,SG,,626,"$372,589.91 ","$293,960.06 "
,OTHER,,"2,356","$817,423.98 ","$643,478.50 "
,TOTAL,,"2,982","$1,190,013.89 ","$937,438.56 "
28490,OTHER,,"5,968","$616,873.28 ","$471,895.54 "
,TOTAL,,"5,968","$616,873.28 ","$471,895.54 "
28495,OTHER,,516,"$70,959.91 ","$55,126.81 "
,TOTAL,,516,"$70,959.91 ","$55,126.81 "
28496,SG,,17,"$6,581.33 ","$5,202.14 "
,OTHER,,104,"$17,522.23 ","$13,611.62 "
,TOTAL,,121,"$24,103.56 ","$18,813.76 "
28505,SG,,72,"$34,079.15 ","$26,948.92 "
,OTHER,,426,"$118,069.69 ","$91,205.40 "
,TOTAL,,498,"$152,148.84 ","$118,154.32 "
28510,OTHER,,"13,917","$1,292,194.36 ","$982,238.58 "
,TOTAL,,"13,917","$1,292,194.36 ","$982,238.58 "
28515,OTHER,,"1,893","$234,922.50 ","$180,015.76 "
,TOTAL,,"1,893","$234,922.50 ","$180,015.76 "
28525,AS,,1,$31.94 ,$25.55 
,SG,,71,"$32,209.05 ","$25,767.24 "
,80'S,,3,$81.22 ,$64.98 
,OTHER,,302,"$72,068.97 ","$56,809.31 "
,TOTAL,,377,"$104,391.18 ","$82,667.08 "
28530,OTHER,,162,"$15,636.47 ","$11,918.22 "
,TOTAL,,162,"$15,636.47 ","$11,918.22 "
28531,SG,,10,"$4,758.53 ","$3,751.89 "
,OTHER,,20,"$3,966.90 ","$3,173.49 "
,TOTAL,,30,"$8,725.43 ","$6,925.38 "
28540,OTHER,,253,"$37,341.49 ","$28,735.58 "
,TOTAL,,253,"$37,341.49 ","$28,735.58 "
28545,SG,,6,$967.02 ,$773.63 
,OTHER,,25,"$3,482.57 ","$2,681.27 "
,TOTAL,,31,"$4,449.59 ","$3,454.90 "
28546,AS,,1,$17.68 ,$14.14 
,OTHER,,11,"$1,953.33 ","$1,562.68 "
,TOTAL,,12,"$1,971.01 ","$1,576.82 "
28555,AS,,19,$676.13 ,$540.90 
,SG,,4,"$1,344.31 ","$1,075.44 "
,80'S,,5,$168.85 ,$135.09 
,OTHER,,112,"$29,390.30 ","$23,208.60 "
,TOTAL,,140,"$31,579.59 ","$24,960.03 "
28570,OTHER,,161,"$22,540.12 ","$16,509.25 "
,TOTAL,,161,"$22,540.12 ","$16,509.25 "
28575,OTHER,,40,"$8,469.11 ","$6,355.97 "
,TOTAL,,40,"$8,469.11 ","$6,355.97 "
28576,80'S,,3,$71.94 ,$57.54 
,OTHER,,25,"$5,196.44 ","$3,980.00 "
,TOTAL,,28,"$5,268.38 ","$4,037.54 "
28585,AS,,10,$407.22 ,$325.78 
,SG,,27,"$9,611.28 ","$7,648.52 "
,80'S,,17,$987.21 ,$789.74 
,OTHER,,162,"$61,885.18 ","$48,938.85 "
,TOTAL,,216,"$72,890.89 ","$57,702.89 "
28600,OTHER,,138,"$21,612.30 ","$16,525.97 "
,TOTAL,,138,"$21,612.30 ","$16,525.97 "
28605,AS,,2,$28.57 ,$22.85 
,SG,,17,"$1,000.54 ",$800.38 
,OTHER,,55,"$8,965.87 ","$7,034.91 "
,TOTAL,,74,"$9,994.98 ","$7,858.14 "
28606,SG,,7,"$1,725.91 ","$1,380.73 "
,OTHER,,179,"$42,428.20 ","$33,295.56 "
,TOTAL,,186,"$44,154.11 ","$34,676.29 "
28615,AS,,114,"$7,416.48 ","$5,933.18 "
,SG,,68,"$25,497.40 ","$20,397.91 "
,80'S,,36,"$2,863.56 ","$2,202.47 "
,OTHER,,789,"$392,146.51 ","$308,876.55 "
,TOTAL,,"1,007","$427,923.95 ","$337,410.11 "
28630,OTHER,,365,"$36,671.17 ","$28,142.98 "
,TOTAL,,365,"$36,671.17 ","$28,142.98 "
28635,SG,,12,"$2,408.37 ","$1,926.72 "
,OTHER,,164,"$19,679.69 ","$15,529.31 "
,TOTAL,,176,"$22,088.06 ","$17,456.03 "
28636,SG,,22,"$8,160.93 ","$6,528.74 "
,OTHER,,66,"$9,978.18 ","$7,677.99 "
,TOTAL,,88,"$18,139.11 ","$14,206.73 "
28645,AS,,1,$41.35 ,$33.08 
,SG,,313,"$108,078.63 ","$85,980.52 "
,OTHER,,"1,181","$196,296.70 ","$156,137.93 "
,TOTAL,,"1,495","$304,416.68 ","$242,151.53 "
28660,OTHER,,615,"$45,172.72 ","$34,279.06 "
,TOTAL,,615,"$45,172.72 ","$34,279.06 "
28665,AS,,4,$33.04 ,$26.44 
,SG,,7,"$1,493.99 ","$1,195.20 "
,OTHER,,252,"$27,689.37 ","$21,220.17 "
,TOTAL,,263,"$29,216.40 ","$22,441.81 "
28666,SG,,53,"$16,573.02 ","$13,258.47 "
,OTHER,,115,"$14,372.62 ","$11,290.28 "
,TOTAL,,168,"$30,945.64 ","$24,548.75 "
28675,SG,,39,"$15,342.00 ","$12,216.82 "
,OTHER,,122,"$22,384.14 ","$17,698.40 "
,TOTAL,,161,"$37,726.14 ","$29,915.22 "
28705,AS,,51,"$8,443.05 ","$6,754.46 "
,SG,,10,"$4,984.05 ","$3,987.25 "
,80'S,,56,"$11,000.94 ","$8,683.59 "
,OTHER,,396,"$478,083.25 ","$377,211.27 "
,TOTAL,,513,"$502,511.29 ","$396,636.57 "
28715,AS,,333,"$40,281.51 ","$31,523.32 "
,SG,,78,"$46,859.72 ","$37,115.31 "
,80'S,,225,"$31,718.01 ","$25,087.49 "
,OTHER,,"1,754","$1,577,378.04 ","$1,242,230.35 "
,TOTAL,,"2,390","$1,696,237.28 ","$1,335,956.47 "
28725,AS,,364,"$30,638.37 ","$24,304.24 "
,SG,,176,"$102,420.48 ","$81,056.55 "
,80'S,,298,"$29,481.16 ","$23,282.26 "
,OTHER,,"2,723","$1,756,999.63 ","$1,388,572.79 "
,TOTAL,,"3,561","$1,919,539.64 ","$1,517,215.84 "
28730,AS,,271,"$27,130.21 ","$20,955.20 "
,SG,,187,"$107,927.30 ","$84,945.57 "
,80'S,,148,"$17,206.64 ","$13,482.05 "
,OTHER,,"1,615","$1,182,836.34 ","$927,126.33 "
,TOTAL,,"2,221","$1,335,100.49 ","$1,046,509.15 "
28735,AS,,38,"$3,479.88 ","$2,576.01 "
,SG,,26,"$15,275.63 ","$12,145.18 "
,80'S,,43,"$4,372.79 ","$3,498.26 "
,OTHER,,286,"$189,456.92 ","$150,039.69 "
,TOTAL,,393,"$212,585.22 ","$168,259.14 "
28737,AS,,15,"$1,023.64 ",$814.28 
,SG,,47,"$32,553.78 ","$25,467.01 "
,80'S,,13,$929.89 ,$743.91 
,OTHER,,164,"$80,303.76 ","$63,365.98 "
,TOTAL,,239,"$114,811.07 ","$90,391.18 "
28740,AS,,266,"$14,917.96 ","$11,722.06 "
,SG,,292,"$159,864.86 ","$125,488.74 "
,80'S,,174,"$12,197.97 ","$9,626.09 "
,OTHER,,"1,806","$806,190.65 ","$633,130.60 "
,TOTAL,,"2,538","$993,171.44 ","$779,967.49 "
28750,AS,,149,"$9,836.33 ","$7,687.37 "
,SG,,"1,188","$724,948.40 ","$570,484.08 "
,80'S,,82,"$6,291.68 ","$5,033.35 "
,OTHER,,"4,733","$2,404,112.49 ","$1,886,446.28 "
,TOTAL,,"6,152","$3,145,188.90 ","$2,469,651.08 "
28755,SG,,624,"$358,674.67 ","$283,518.39 "
,OTHER,,"1,984","$473,343.13 ","$372,673.62 "
,TOTAL,,"2,608","$832,017.80 ","$656,192.01 "
28760,AS,,25,"$1,301.83 ","$1,041.47 "
,SG,,82,"$49,751.32 ","$39,708.04 "
,80'S,,26,"$2,117.35 ","$1,693.90 "
,OTHER,,376,"$180,040.88 ","$141,883.34 "
,TOTAL,,509,"$233,211.38 ","$184,326.75 "
28800,AS,,45,"$3,168.28 ","$2,534.60 "
,80'S,,27,"$2,232.68 ","$1,786.13 "
,OTHER,,983,"$481,081.07 ","$382,338.36 "
,TOTAL,,"1,055","$486,482.03 ","$386,659.09 "
28805,AS,,60,"$5,413.27 ","$4,330.61 "
,80'S,,43,"$4,516.45 ","$3,555.44 "
,OTHER,,"6,384","$4,041,830.41 ","$3,207,745.91 "
,TOTAL,,"6,487","$4,051,760.13 ","$3,215,631.96 "
28810,AS,,55,"$2,779.21 ","$2,218.05 "
,SG,,339,"$132,758.27 ","$105,307.98 "
,80'S,,39,"$2,093.29 ","$1,674.64 "
,OTHER,,"16,009","$5,684,209.18 ","$4,515,863.39 "
,TOTAL,,"16,442","$5,821,839.95 ","$4,625,064.06 "
28820,SG,,"1,753","$696,136.73 ","$550,189.39 "
,OTHER,,"20,091","$5,712,595.38 ","$4,525,356.00 "
,TOTAL,,"21,844","$6,408,732.11 ","$5,075,545.39 "
28825,SG,,"1,206","$472,884.67 ","$373,270.36 "
,OTHER,,"8,719","$2,057,823.79 ","$1,625,694.83 "
,TOTAL,,"9,925","$2,530,708.46 ","$1,998,965.19 "
28890,AS,,1,$26.04 ,$20.83 
,80'S,,2,$91.78 ,$73.42 
,OTHER,,472,"$131,407.05 ","$103,565.99 "
,TOTAL,,475,"$131,524.87 ","$103,660.24 "
28899,AS,,14,$988.86 ,$791.08 
,80'S,,6,$386.74 ,$240.66 
,OTHER,,"5,895","$495,675.30 ","$387,242.84 "
,TOTAL,,"5,915","$497,050.90 ","$388,274.58 "
29000,OTHER,,18,"$1,963.92 ","$1,571.13 "
,TOTAL,,18,"$1,963.92 ","$1,571.13 "
29010,OTHER,,6,$648.31 ,$518.65 
,TOTAL,,6,$648.31 ,$518.65 
29015,OTHER,,12,"$1,417.60 ","$1,109.74 "
,TOTAL,,12,"$1,417.60 ","$1,109.74 "
29020,OTHER,,1,$132.60 ,$106.08 
,TOTAL,,1,$132.60 ,$106.08 
29025,OTHER,,2,$300.15 ,$240.12 
,TOTAL,,2,$300.15 ,$240.12 
29035,OTHER,,10,"$1,775.94 ","$1,361.51 "
,TOTAL,,10,"$1,775.94 ","$1,361.51 "
29040,OTHER,,1,$177.11 ,$127.52 
,TOTAL,,1,$177.11 ,$127.52 
29044,OTHER,,3,$517.97 ,$414.37 
,TOTAL,,3,$517.97 ,$414.37 
29046,OTHER,,5,$793.36 ,$634.68 
,TOTAL,,5,$793.36 ,$634.68 
29049,OTHER,,12,$831.61 ,$665.29 
,TOTAL,,12,$831.61 ,$665.29 
29055,80'S,,1,$20.09 ,$16.07 
,OTHER,,51,"$5,630.55 ","$4,494.75 "
,TOTAL,,52,"$5,650.64 ","$4,510.82 "
29058,OTHER,,65,"$4,253.84 ","$3,339.29 "
,TOTAL,,65,"$4,253.84 ","$3,339.29 "
29065,OTHER,,"11,831","$942,219.75 ","$723,138.29 "
,TOTAL,,"11,831","$942,219.75 ","$723,138.29 "
29075,OTHER,,"71,012","$5,282,513.17 ","$4,053,257.17 "
,TOTAL,,"71,012","$5,282,513.17 ","$4,053,257.17 "
29085,OTHER,,"6,474","$509,699.99 ","$389,723.38 "
,TOTAL,,"6,474","$509,699.99 ","$389,723.38 "
29086,OTHER,,249,"$13,711.26 ","$10,468.95 "
,TOTAL,,249,"$13,711.26 ","$10,468.95 "
29105,OTHER,,"19,033","$1,198,602.81 ","$922,380.85 "
,TOTAL,,"19,033","$1,198,602.81 ","$922,380.85 "
29125,OTHER,,"73,703","$3,360,148.67 ","$2,562,648.15 "
,TOTAL,,"73,703","$3,360,148.67 ","$2,562,648.15 "
29126,OTHER,,864,"$51,345.75 ","$39,305.01 "
,TOTAL,,864,"$51,345.75 ","$39,305.01 "
29130,OTHER,,"14,243","$416,401.47 ","$312,238.84 "
,TOTAL,,"14,243","$416,401.47 ","$312,238.84 "
29131,OTHER,,414,"$16,418.79 ","$12,479.63 "
,TOTAL,,414,"$16,418.79 ","$12,479.63 "
29200,OTHER,,"2,269","$98,466.72 ","$77,038.39 "
,TOTAL,,"2,269","$98,466.72 ","$77,038.39 "
29220,OTHER,,"10,146","$484,276.66 ","$383,490.66 "
,TOTAL,,"10,146","$484,276.66 ","$383,490.66 "
29240,OTHER,,"10,993","$567,741.26 ","$444,763.42 "
,TOTAL,,"10,993","$567,741.26 ","$444,763.42 "
29260,OTHER,,"6,661","$254,277.01 ","$195,284.15 "
,TOTAL,,"6,661","$254,277.01 ","$195,284.15 "
29280,OTHER,,"4,480","$158,071.46 ","$122,976.30 "
,TOTAL,,"4,480","$158,071.46 ","$122,976.30 "
29305,AS,,1,$19.99 ,$15.99 
,OTHER,,29,"$4,391.90 ","$3,513.51 "
,TOTAL,,30,"$4,411.89 ","$3,529.50 "
29325,OTHER,,13,"$2,040.55 ","$1,632.44 "
,TOTAL,,13,"$2,040.55 ","$1,632.44 "
29345,OTHER,,"2,995","$331,344.59 ","$257,563.71 "
,TOTAL,,"2,995","$331,344.59 ","$257,563.71 "
29355,OTHER,,476,"$55,349.84 ","$43,555.13 "
,TOTAL,,476,"$55,349.84 ","$43,555.13 "
29358,OTHER,,66,"$7,256.45 ","$5,652.90 "
,TOTAL,,66,"$7,256.45 ","$5,652.90 "
29365,OTHER,,914,"$91,776.57 ","$70,659.50 "
,TOTAL,,914,"$91,776.57 ","$70,659.50 "
29405,OTHER,,"50,064","$3,777,733.31 ","$2,890,410.64 "
,TOTAL,,"50,064","$3,777,733.31 ","$2,890,410.64 "
29425,OTHER,,"30,802","$2,574,254.91 ","$1,965,373.47 "
,TOTAL,,"30,802","$2,574,254.91 ","$1,965,373.47 "
29435,OTHER,,337,"$33,553.25 ","$25,338.21 "
,TOTAL,,337,"$33,553.25 ","$25,338.21 "
29440,OTHER,,111,"$4,334.31 ","$3,387.39 "
,TOTAL,,111,"$4,334.31 ","$3,387.39 "
29445,OTHER,,"11,839","$1,450,013.60 ","$1,113,502.89 "
,TOTAL,,"11,839","$1,450,013.60 ","$1,113,502.89 "
29450,OTHER,,406,"$43,570.22 ","$33,971.81 "
,TOTAL,,406,"$43,570.22 ","$33,971.81 "
29505,OTHER,,"7,586","$348,314.17 ","$267,991.11 "
,TOTAL,,"7,586","$348,314.17 ","$267,991.11 "
29515,OTHER,,"46,568","$2,305,965.91 ","$1,769,325.51 "
,TOTAL,,"46,568","$2,305,965.91 ","$1,769,325.51 "
29520,OTHER,,"1,689","$73,586.01 ","$58,414.58 "
,TOTAL,,"1,689","$73,586.01 ","$58,414.58 "
29530,OTHER,,"16,933","$740,216.69 ","$581,224.61 "
,TOTAL,,"16,933","$740,216.69 ","$581,224.61 "
29540,OTHER,,"280,390","$8,463,165.83 ","$6,484,476.42 "
,TOTAL,,"280,390","$8,463,165.83 ","$6,484,476.42 "
29550,OTHER,,"63,270","$1,837,712.58 ","$1,403,055.02 "
,TOTAL,,"63,270","$1,837,712.58 ","$1,403,055.02 "
29580,OTHER,,"396,997","$16,434,357.44 ","$12,663,467.23 "
,TOTAL,,"396,997","$16,434,357.44 ","$12,663,467.23 "
29590,OTHER,,"4,739","$189,245.98 ","$144,932.99 "
,TOTAL,,"4,739","$189,245.98 ","$144,932.99 "
29700,OTHER,,"3,098","$141,174.72 ","$110,101.27 "
,TOTAL,,"3,098","$141,174.72 ","$110,101.27 "
29705,OTHER,,"2,147","$123,921.86 ","$95,003.01 "
,TOTAL,,"2,147","$123,921.86 ","$95,003.01 "
29710,OTHER,,27,"$2,512.93 ","$2,010.35 "
,TOTAL,,27,"$2,512.93 ","$2,010.35 "
29715,OTHER,,2,$145.26 ,$116.21 
,TOTAL,,2,$145.26 ,$116.21 
29720,OTHER,,186,"$11,972.19 ","$9,375.55 "
,TOTAL,,186,"$11,972.19 ","$9,375.55 "
29730,OTHER,,549,"$27,499.34 ","$21,321.51 "
,TOTAL,,549,"$27,499.34 ","$21,321.51 "
29740,OTHER,,156,"$12,369.73 ","$9,563.50 "
,TOTAL,,156,"$12,369.73 ","$9,563.50 "
29750,OTHER,,2,$134.32 ,$107.46 
,TOTAL,,2,$134.32 ,$107.46 
29799,OTHER,,"2,169","$84,180.12 ","$66,454.36 "
,TOTAL,,"2,169","$84,180.12 ","$66,454.36 "
29800,AS,,1,$69.70 ,$55.76 
,SG,,7,"$2,742.83 ","$2,194.26 "
,OTHER,,12,"$5,550.26 ","$4,339.79 "
,TOTAL,,20,"$8,362.79 ","$6,589.81 "
29804,SG,,15,"$6,458.24 ","$4,775.09 "
,80'S,,5,$488.52 ,$390.81 
,OTHER,,110,"$69,160.07 ","$54,680.28 "
,TOTAL,,130,"$76,106.83 ","$59,846.18 "
29805,AS,,1,$28.85 ,$23.08 
,SG,,173,"$52,420.20 ","$41,347.93 "
,OTHER,,"1,002","$264,999.38 ","$210,251.51 "
,TOTAL,,"1,176","$317,448.43 ","$251,622.52 "
29806,SG,,313,"$118,629.82 ","$93,919.22 "
,OTHER,,"1,138","$1,082,604.48 ","$851,941.21 "
,TOTAL,,"1,451","$1,201,234.30 ","$945,860.43 "
29807,AS,,2,$211.34 ,$169.07 
,SG,,"1,017","$303,220.35 ","$237,449.15 "
,OTHER,,"4,210","$3,781,254.41 ","$2,964,379.00 "
,TOTAL,,"5,229","$4,084,686.10 ","$3,201,997.22 "
29819,SG,,221,"$63,904.57 ","$50,645.33 "
,OTHER,,"1,115","$185,674.38 ","$146,497.95 "
,TOTAL,,"1,336","$249,578.95 ","$197,143.28 "
29820,AS,,185,"$3,854.25 ","$3,044.80 "
,SG,,191,"$52,467.41 ","$41,425.21 "
,80'S,,61,"$1,444.12 ","$1,123.83 "
,OTHER,,"1,085","$160,462.39 ","$127,291.97 "
,TOTAL,,"1,522","$218,228.17 ","$172,885.81 "
29821,AS,,207,"$4,303.74 ","$3,385.50 "
,SG,,274,"$79,251.03 ","$62,797.40 "
,80'S,,75,"$2,120.32 ","$1,694.42 "
,OTHER,,"1,252","$210,133.13 ","$167,629.24 "
,TOTAL,,"1,808","$295,808.22 ","$235,506.56 "
29822,AS,,"3,227","$66,185.88 ","$52,383.91 "
,SG,,"3,462","$950,836.78 ","$750,548.16 "
,80'S,,579,"$14,610.00 ","$11,670.49 "
,OTHER,,"14,045","$2,113,916.95 ","$1,673,205.78 "
,TOTAL,,"21,313","$3,145,549.61 ","$2,487,808.34 "
29823,AS,,"5,352","$137,258.10 ","$108,609.12 "
,SG,,"5,193","$1,493,184.61 ","$1,179,680.46 "
,80'S,,"1,368","$40,123.12 ","$31,745.38 "
,OTHER,,"20,390","$4,075,557.15 ","$3,219,864.48 "
,TOTAL,,"32,303","$5,746,122.98 ","$4,539,899.44 "
29824,AS,,"8,754","$190,403.80 ","$151,317.97 "
,SG,,"8,884","$4,813,540.69 ","$3,791,285.83 "
,80'S,,"1,549","$38,571.47 ","$30,543.67 "
,OTHER,,"29,955","$5,053,325.25 ","$3,987,055.04 "
,TOTAL,,"49,142","$10,095,841.21 ","$7,960,202.51 "
29825,AS,,353,"$10,984.47 ","$8,784.30 "
,SG,,343,"$124,701.83 ","$98,435.99 "
,80'S,,102,"$3,148.07 ","$2,447.96 "
,OTHER,,"1,810","$414,783.44 ","$327,171.46 "
,TOTAL,,"2,608","$553,617.81 ","$436,839.71 "
29826,AS,,"17,612","$1,022,180.99 ","$808,875.93 "
,SG,,"18,991","$5,702,630.66 ","$4,500,777.64 "
,80'S,,"3,961","$257,925.08 ","$203,632.50 "
,OTHER,,"66,879","$28,509,417.93 ","$22,415,802.66 "
,TOTAL,,"107,443","$35,492,154.66 ","$27,929,088.73 "
29827,AS,,"10,039","$1,390,557.71 ","$1,098,507.49 "
,SG,,"9,439","$6,500,361.55 ","$5,128,746.92 "
,80'S,,"2,675","$433,907.27 ","$341,800.39 "
,OTHER,,"34,137","$34,273,848.30 ","$26,977,573.79 "
,TOTAL,,"56,290","$42,598,674.83 ","$33,546,628.59 "
29830,SG,,8,"$3,310.77 ","$2,648.62 "
,OTHER,,22,"$5,997.00 ","$4,797.61 "
,TOTAL,,30,"$9,307.77 ","$7,446.23 "
29834,AS,,29,$666.55 ,$482.08 
,SG,,61,"$22,766.38 ","$17,738.72 "
,80'S,,9,$507.38 ,$405.91 
,OTHER,,209,"$41,264.34 ","$32,232.01 "
,TOTAL,,308,"$65,204.65 ","$50,858.72 "
29835,AS,,5,$295.09 ,$236.07 
,SG,,14,"$6,403.81 ","$5,123.06 "
,OTHER,,52,"$18,829.46 ","$14,550.82 "
,TOTAL,,71,"$25,528.36 ","$19,909.95 "
29836,AS,,11,$617.98 ,$494.38 
,SG,,25,"$9,911.39 ","$7,478.08 "
,80'S,,6,$317.41 ,$253.92 
,OTHER,,80,"$27,580.29 ","$21,763.17 "
,TOTAL,,122,"$38,427.07 ","$29,989.55 "
29837,AS,,12,$709.04 ,$567.22 
,SG,,34,"$15,483.57 ","$12,386.86 "
,80'S,,7,$435.08 ,$289.72 
,OTHER,,117,"$49,450.08 ","$38,802.27 "
,TOTAL,,170,"$66,077.77 ","$52,046.07 "
29838,AS,,21,"$1,469.52 ","$1,175.61 "
,SG,,73,"$35,322.91 ","$27,081.14 "
,80'S,,6,$527.95 ,$422.36 
,OTHER,,252,"$130,119.04 ","$100,386.73 "
,TOTAL,,352,"$167,439.42 ","$129,065.84 "
29840,AS,,3,$83.51 ,$66.82 
,SG,,25,"$11,275.20 ","$8,629.55 "
,80'S,,1,$30.97 ,$24.78 
,OTHER,,76,"$20,357.05 ","$16,040.47 "
,TOTAL,,105,"$31,746.73 ","$24,761.62 "
29843,AS,,2,$117.76 ,$94.20 
,SG,,2,$738.47 ,$590.78 
,80'S,,2,$10.62 ,$8.50 
,OTHER,,39,"$13,436.82 ","$10,539.20 "
,TOTAL,,45,"$14,303.67 ","$11,232.68 "
29844,AS,,28,"$1,117.01 ",$893.63 
,SG,,44,"$17,172.01 ","$13,614.27 "
,80'S,,7,$380.58 ,$304.47 
,OTHER,,165,"$46,619.34 ","$36,388.36 "
,TOTAL,,244,"$65,288.94 ","$51,200.73 "
29845,AS,,17,$845.55 ,$676.44 
,SG,,36,"$13,980.66 ","$11,184.50 "
,80'S,,11,$721.38 ,$548.36 
,OTHER,,152,"$64,621.53 ","$50,906.88 "
,TOTAL,,216,"$80,169.12 ","$63,316.18 "
29846,AS,,43,"$2,122.16 ","$1,572.51 "
,SG,,418,"$188,551.51 ","$148,035.35 "
,80'S,,7,$389.96 ,$307.95 
,OTHER,,"1,017","$399,323.70 ","$310,929.63 "
,TOTAL,,"1,485","$590,387.33 ","$460,845.44 "
29847,AS,,4,$206.80 ,$165.44 
,SG,,18,"$7,377.57 ","$5,797.23 "
,80'S,,3,$194.95 ,$155.96 
,OTHER,,45,"$17,974.40 ","$13,805.99 "
,TOTAL,,70,"$25,753.72 ","$19,924.62 "
29848,SG,,"8,615","$11,301,826.54 ","$8,945,755.38 "
,80'S,,1,$40.40 ,$32.32 
,OTHER,,"16,487","$6,978,000.16 ","$5,494,476.60 "
,TOTAL,,"25,103","$18,279,867.10 ","$14,440,264.30 "
29850,SG,,3,"$1,557.13 ","$1,245.71 "
,OTHER,,21,"$5,903.90 ","$4,553.66 "
,TOTAL,,24,"$7,461.03 ","$5,799.37 "
29851,AS,,3,$342.78 ,$274.23 
,80'S,,1,$85.00 ,$68.00 
,OTHER,,18,"$15,377.07 ","$11,195.40 "
,TOTAL,,22,"$15,804.85 ","$11,537.63 "
29855,AS,,28,"$2,652.55 ","$2,122.05 "
,SG,,12,"$5,869.72 ","$4,404.34 "
,80'S,,6,$655.62 ,$524.49 
,OTHER,,148,"$101,442.15 ","$80,381.22 "
,TOTAL,,194,"$110,620.04 ","$87,432.10 "
29856,AS,,3,$371.34 ,$297.07 
,80'S,,3,$437.64 ,$350.12 
,OTHER,,15,"$13,103.23 ","$10,482.59 "
,TOTAL,,21,"$13,912.21 ","$11,129.78 "
29860,AS,,3,$196.06 ,$156.85 
,SG,,3,"$1,848.63 ","$1,478.91 "
,80'S,,1,$73.57 ,$58.86 
,OTHER,,37,"$19,599.98 ","$15,619.89 "
,TOTAL,,44,"$21,718.24 ","$17,314.51 "
29861,AS,,9,$153.99 ,$123.18 
,SG,,10,"$3,197.76 ","$2,558.18 "
,80'S,,3,$317.14 ,$253.71 
,OTHER,,44,"$9,583.10 ","$7,620.95 "
,TOTAL,,66,"$13,251.99 ","$10,556.02 "
29862,AS,,121,"$11,726.05 ","$9,326.14 "
,SG,,109,"$149,189.41 ","$117,267.42 "
,80'S,,41,"$4,487.23 ","$3,446.32 "
,OTHER,,538,"$380,266.03 ","$296,675.97 "
,TOTAL,,809,"$545,668.72 ","$426,715.85 "
29863,AS,,27,$722.74 ,$578.15 
,SG,,34,"$12,758.92 ","$10,207.13 "
,80'S,,10,$793.95 ,$635.16 
,OTHER,,171,"$56,133.83 ","$44,377.24 "
,TOTAL,,242,"$70,409.44 ","$55,797.68 "
29866,AS,,2,$885.62 ,$708.50 
,OTHER,,43,"$39,922.29 ","$31,833.10 "
,TOTAL,,45,"$40,807.91 ","$32,541.60 "
29867,AS,,2,$347.47 ,$277.97 
,OTHER,,34,"$40,320.60 ","$32,144.40 "
,TOTAL,,36,"$40,668.07 ","$32,422.37 "
29868,OTHER,,10,"$14,677.45 ","$10,772.12 "
,TOTAL,,10,"$14,677.45 ","$10,772.12 "
29870,AS,,3,$125.92 ,$100.73 
,SG,,384,"$138,524.05 ","$109,073.75 "
,80'S,,2,$145.31 ,$116.25 
,OTHER,,"2,013","$506,773.85 ","$398,925.73 "
,TOTAL,,"2,402","$645,569.13 ","$508,216.46 "
29871,AS,,1,$64.87 ,$51.90 
,SG,,60,"$26,240.07 ","$20,711.74 "
,OTHER,,"2,478","$983,605.21 ","$778,734.27 "
,TOTAL,,"2,539","$1,009,910.15 ","$799,497.91 "
29873,AS,,2,$120.34 ,$96.28 
,SG,,"1,109","$361,860.58 ","$284,246.40 "
,OTHER,,"3,242","$697,254.31 ","$544,924.92 "
,TOTAL,,"4,353","$1,059,235.23 ","$829,267.60 "
29874,AS,,24,"$1,307.58 ","$1,046.10 "
,SG,,149,"$73,110.52 ","$57,727.97 "
,80'S,,8,$443.70 ,$351.65 
,OTHER,,694,"$313,320.08 ","$246,929.46 "
,TOTAL,,875,"$388,181.88 ","$306,055.18 "
29875,AS,,183,"$4,442.16 ","$3,553.74 "
,SG,,"3,611","$1,485,732.78 ","$1,176,509.45 "
,80'S,,38,$973.66 ,$778.91 
,OTHER,,"8,012","$1,554,158.87 ","$1,223,255.38 "
,TOTAL,,"11,844","$3,045,307.47 ","$2,404,097.48 "
29876,AS,,12,$702.79 ,$562.23 
,SG,,"3,161","$1,370,876.01 ","$1,083,509.23 "
,80'S,,3,$286.00 ,$228.80 
,OTHER,,"12,483","$5,577,932.50 ","$4,396,498.76 "
,TOTAL,,"15,659","$6,949,797.30 ","$5,480,799.02 "
29877,AS,,146,"$10,104.83 ","$7,995.55 "
,SG,,"1,989","$1,205,517.71 ","$946,813.48 "
,80'S,,33,"$2,281.95 ","$1,825.56 "
,OTHER,,"6,096","$3,277,934.49 ","$2,552,053.11 "
,TOTAL,,"8,264","$4,495,838.98 ","$3,508,687.70 "
29879,AS,,429,"$27,873.64 ","$22,011.30 "
,SG,,"3,560","$987,951.74 ","$779,307.33 "
,80'S,,57,"$4,009.65 ","$3,207.65 "
,OTHER,,"11,974","$5,107,161.78 ","$4,013,674.61 "
,TOTAL,,"16,020","$6,126,996.81 ","$4,818,200.89 "
29880,AS,,"1,541","$130,033.75 ","$103,478.16 "
,SG,,"22,567","$13,878,515.90 ","$10,965,792.42 "
,80'S,,276,"$24,562.37 ","$19,436.69 "
,OTHER,,"56,588","$35,675,623.82 ","$28,121,765.45 "
,TOTAL,,"80,972","$49,708,735.84 ","$39,210,472.72 "
29881,AS,,"1,936","$140,136.99 ","$111,361.43 "
,SG,,"28,958","$17,710,030.08 ","$13,956,633.56 "
,80'S,,267,"$21,515.47 ","$17,134.94 "
,OTHER,,"76,692","$41,101,973.69 ","$32,264,411.61 "
,TOTAL,,"107,853","$58,973,656.23 ","$46,349,541.54 "
29882,SG,,158,"$69,768.04 ","$54,551.22 "
,OTHER,,728,"$434,552.50 ","$342,812.55 "
,TOTAL,,886,"$504,320.54 ","$397,363.77 "
29883,AS,,5,$569.14 ,$455.32 
,SG,,63,"$30,502.26 ","$23,893.18 "
,80'S,,4,$410.90 ,$328.72 
,OTHER,,363,"$282,649.62 ","$224,840.67 "
,TOTAL,,435,"$314,131.92 ","$249,517.89 "
29884,AS,,158,"$11,300.11 ","$8,976.16 "
,SG,,307,"$138,781.02 ","$109,434.81 "
,80'S,,43,"$2,975.83 ","$2,380.67 "
,OTHER,,"1,207","$538,024.74 ","$424,319.56 "
,TOTAL,,"1,715","$691,081.70 ","$545,111.20 "
29885,AS,,11,$967.22 ,$773.78 
,SG,,7,"$2,265.69 ","$1,812.55 "
,80'S,,2,$213.33 ,$170.66 
,OTHER,,51,"$34,042.11 ","$26,881.90 "
,TOTAL,,71,"$37,488.35 ","$29,638.89 "
29886,SG,,33,"$10,140.21 ","$8,007.34 "
,80'S,,1,$58.13 ,$46.50 
,OTHER,,114,"$34,372.03 ","$27,327.50 "
,TOTAL,,148,"$44,570.37 ","$35,381.34 "
29887,AS,,15,"$1,297.69 ","$1,038.15 "
,SG,,54,"$16,779.97 ","$13,100.44 "
,80'S,,8,$817.22 ,$653.79 
,OTHER,,255,"$168,363.83 ","$132,269.35 "
,TOTAL,,332,"$187,258.71 ","$147,061.73 "
29888,AS,,309,"$38,044.94 ","$30,178.86 "
,SG,,269,"$88,085.39 ","$69,116.89 "
,80'S,,135,"$19,517.77 ","$15,159.79 "
,OTHER,,"1,435","$1,282,615.12 ","$1,007,676.61 "
,TOTAL,,"2,148","$1,428,263.22 ","$1,122,132.15 "
29889,AS,,10,"$1,520.06 ","$1,111.25 "
,SG,,7,"$2,111.05 ","$1,688.84 "
,80'S,,6,$982.17 ,$719.96 
,OTHER,,77,"$83,241.47 ","$64,618.70 "
,TOTAL,,100,"$87,854.75 ","$68,138.75 "
29891,AS,,41,"$3,591.91 ","$2,774.16 "
,SG,,124,"$54,128.60 ","$42,028.91 "
,80'S,,25,"$2,371.28 ","$1,897.02 "
,OTHER,,334,"$207,325.31 ","$161,671.75 "
,TOTAL,,524,"$267,417.10 ","$208,371.84 "
29892,AS,,9,$798.28 ,$583.89 
,SG,,11,"$4,028.99 ","$3,223.19 "
,80'S,,5,$546.59 ,$437.27 
,OTHER,,50,"$31,847.61 ","$25,248.19 "
,TOTAL,,75,"$37,221.47 ","$29,492.54 "
29893,AS,,4,$201.46 ,$161.17 
,SG,,794,"$972,868.76 ","$767,776.95 "
,80'S,,50,"$2,888.54 ","$2,179.96 "
,OTHER,,"1,599","$591,526.70 ","$461,642.49 "
,TOTAL,,"2,447","$1,567,485.46 ","$1,231,760.57 "
29894,AS,,12,$469.41 ,$375.55 
,SG,,38,"$15,739.97 ","$12,261.82 "
,80'S,,8,$463.46 ,$370.76 
,OTHER,,163,"$57,164.79 ","$44,610.52 "
,TOTAL,,221,"$73,837.63 ","$57,618.65 "
29895,AS,,32,"$1,412.21 ","$1,129.78 "
,SG,,175,"$76,659.35 ","$59,754.41 "
,80'S,,18,"$1,163.29 ",$930.62 
,OTHER,,359,"$129,680.48 ","$101,996.28 "
,TOTAL,,584,"$208,915.33 ","$163,811.09 "
29897,AS,,44,"$2,509.81 ","$1,884.92 "
,SG,,124,"$57,360.28 ","$45,258.82 "
,80'S,,10,$712.05 ,$569.64 
,OTHER,,346,"$143,642.58 ","$113,426.67 "
,TOTAL,,524,"$204,224.72 ","$161,140.05 "
29898,AS,,147,"$8,973.56 ","$7,047.62 "
,SG,,389,"$175,536.33 ","$138,081.65 "
,80'S,,92,"$6,546.80 ","$5,189.99 "
,OTHER,,"1,279","$591,910.58 ","$467,546.60 "
,TOTAL,,"1,907","$782,967.27 ","$617,865.86 "
29899,AS,,41,"$5,283.37 ","$4,119.92 "
,SG,,27,"$13,558.98 ","$10,573.64 "
,80'S,,14,"$2,208.14 ","$1,766.53 "
,OTHER,,219,"$205,902.03 ","$161,384.19 "
,TOTAL,,301,"$226,952.52 ","$177,844.28 "
29900,SG,,2,$871.15 ,$696.92 
,OTHER,,3,$909.23 ,$727.38 
,TOTAL,,5,"$1,780.38 ","$1,424.30 "
29901,SG,,4,"$1,562.73 ","$1,250.18 "
,OTHER,,25,"$9,705.56 ","$7,764.47 "
,TOTAL,,29,"$11,268.29 ","$9,014.65 "
29902,SG,,1,$542.19 ,$433.75 
,OTHER,,3,"$1,230.15 ",$984.12 
,TOTAL,,4,"$1,772.34 ","$1,417.87 "
29999,AS,,363,"$19,866.45 ","$15,881.88 "
,80'S,,180,"$11,973.61 ","$9,578.83 "
,OTHER,,"2,531","$955,214.15 ","$760,040.84 "
,TOTAL,,"3,074","$987,054.21 ","$785,501.55 "
30000,OTHER,RESPIRATORY,360,"$56,005.16 ","$42,958.22 "
,TOTAL,,360,"$56,005.16 ","$42,958.22 "
30020,OTHER,,286,"$37,259.68 ","$29,006.97 "
,TOTAL,,286,"$37,259.68 ","$29,006.97 "
30100,OTHER,,"2,976","$281,148.32 ","$215,672.21 "
,TOTAL,,"2,976","$281,148.32 ","$215,672.21 "
30110,OTHER,,661,"$120,463.31 ","$92,004.56 "
,TOTAL,,661,"$120,463.31 ","$92,004.56 "
30115,SG,,121,"$38,024.14 ","$30,350.09 "
,OTHER,,951,"$293,058.75 ","$231,751.77 "
,TOTAL,,"1,072","$331,082.89 ","$262,101.86 "
30117,SG,,329,"$151,956.14 ","$120,037.41 "
,OTHER,,"1,976","$765,249.22 ","$604,190.32 "
,TOTAL,,"2,305","$917,205.36 ","$724,227.73 "
30118,SG,,29,"$13,049.26 ","$10,334.60 "
,80'S,,4,$383.71 ,$306.96 
,OTHER,,205,"$120,002.81 ","$95,337.62 "
,TOTAL,,238,"$133,435.78 ","$105,979.18 "
30120,SG,,57,"$17,409.83 ","$13,927.82 "
,OTHER,,296,"$118,052.25 ","$92,174.54 "
,TOTAL,,353,"$135,462.08 ","$106,102.36 "
30124,OTHER,,121,"$29,138.53 ","$23,177.68 "
,TOTAL,,121,"$29,138.53 ","$23,177.68 "
30125,SG,,10,"$3,796.48 ","$3,001.15 "
,OTHER,,38,"$21,333.43 ","$16,857.16 "
,TOTAL,,48,"$25,129.91 ","$19,858.31 "
30130,SG,,"1,131","$350,244.64 ","$275,482.63 "
,OTHER,,"4,036","$977,578.30 ","$770,754.00 "
,TOTAL,,"5,167","$1,327,822.94 ","$1,046,236.63 "
30140,SG,,"5,304","$1,464,986.36 ","$1,156,655.22 "
,OTHER,,"14,973","$5,267,711.36 ","$4,132,134.14 "
,TOTAL,,"20,277","$6,732,697.72 ","$5,288,789.36 "
30150,SG,,40,"$18,380.87 ","$14,667.22 "
,OTHER,,342,"$207,650.61 ","$164,892.45 "
,TOTAL,,382,"$226,031.48 ","$179,559.67 "
30160,80'S,,4,$392.22 ,$313.78 
,OTHER,,68,"$38,297.89 ","$30,638.31 "
,TOTAL,,72,"$38,690.11 ","$30,952.09 "
30200,OTHER,,"8,138","$630,188.43 ","$480,760.06 "
,TOTAL,,"8,138","$630,188.43 ","$480,760.06 "
30210,OTHER,,734,"$70,082.87 ","$52,724.52 "
,TOTAL,,734,"$70,082.87 ","$52,724.52 "
30220,SG,,45,"$18,986.55 ","$14,886.55 "
,OTHER,,393,"$56,546.64 ","$44,181.09 "
,TOTAL,,438,"$75,533.19 ","$59,067.64 "
3023F,OTHER,,1,$0.01 ,$0.01 
,TOTAL,,1,$0.01 ,$0.01 
3025F,OTHER,,1,$0.01 ,$0.01 
,TOTAL,,1,$0.01 ,$0.01 
30300,OTHER,,"1,851","$315,556.14 ","$244,379.66 "
,TOTAL,,"1,851","$315,556.14 ","$244,379.66 "
30310,SG,,16,"$4,128.54 ","$3,259.30 "
,OTHER,,104,"$14,948.21 ","$11,876.27 "
,TOTAL,,120,"$19,076.75 ","$15,135.57 "
30320,OTHER,,5,"$2,145.20 ","$1,648.07 "
,TOTAL,,5,"$2,145.20 ","$1,648.07 "
30400,SG,,36,"$19,704.89 ","$15,763.92 "
,OTHER,,90,"$82,566.61 ","$65,948.49 "
,TOTAL,,126,"$102,271.50 ","$81,712.41 "
30410,SG,,24,"$14,850.50 ","$11,880.39 "
,80'S,,1,$150.43 ,$120.34 
,OTHER,,72,"$73,422.09 ","$58,729.65 "
,TOTAL,,97,"$88,423.02 ","$70,730.38 "
30420,SG,,99,"$66,608.83 ","$53,200.54 "
,OTHER,,351,"$429,118.70 ","$335,912.50 "
,TOTAL,,450,"$495,727.53 ","$389,113.04 "
30430,SG,,16,"$6,116.83 ","$4,571.56 "
,OTHER,,64,"$48,127.26 ","$37,731.69 "
,TOTAL,,80,"$54,244.09 ","$42,303.25 "
30435,SG,,8,"$5,292.15 ","$4,233.72 "
,80'S,,1,$174.43 ,$139.54 
,OTHER,,33,"$32,846.56 ","$26,277.24 "
,TOTAL,,42,"$38,313.14 ","$30,650.50 "
30450,SG,,15,"$12,370.67 ","$9,896.56 "
,OTHER,,53,"$75,120.99 ","$59,991.97 "
,TOTAL,,68,"$87,491.66 ","$69,888.53 "
30460,OTHER,,14,"$8,068.51 ","$6,454.81 "
,TOTAL,,14,"$8,068.51 ","$6,454.81 "
30462,SG,,2,"$2,594.18 ","$2,075.34 "
,OTHER,,12,"$17,312.97 ","$13,850.38 "
,TOTAL,,14,"$19,907.15 ","$15,925.72 "
30465,SG,,306,"$397,966.90 ","$314,715.59 "
,80'S,,1,$142.87 ,$114.30 
,OTHER,,"1,195","$1,003,232.16 ","$791,210.95 "
,TOTAL,,"1,502","$1,401,341.93 ","$1,106,040.84 "
30520,SG,,"5,472","$2,650,808.89 ","$2,083,269.02 "
,OTHER,,"19,593","$7,085,948.12 ","$5,551,477.13 "
,TOTAL,,"25,065","$9,736,757.01 ","$7,634,746.15 "
30540,SG,,2,"$1,420.88 ","$1,136.70 "
,OTHER,,13,"$5,629.65 ","$4,487.73 "
,TOTAL,,15,"$7,050.53 ","$5,624.43 "
30545,OTHER,,2,"$1,332.15 ","$1,065.72 "
,TOTAL,,2,"$1,332.15 ","$1,065.72 "
30560,SG,,74,"$6,507.82 ","$5,160.25 "
,OTHER,,550,"$65,188.90 ","$50,929.39 "
,TOTAL,,624,"$71,696.72 ","$56,089.64 "
30580,SG,,28,"$15,341.93 ","$11,300.90 "
,OTHER,,622,"$294,212.17 ","$229,129.80 "
,TOTAL,,650,"$309,554.10 ","$240,430.70 "
30600,SG,,7,"$3,692.42 ","$2,849.12 "
,OTHER,,77,"$27,325.94 ","$21,761.11 "
,TOTAL,,84,"$31,018.36 ","$24,610.23 "
30620,SG,,25,"$22,335.87 ","$17,868.70 "
,OTHER,,143,"$56,317.48 ","$44,425.57 "
,TOTAL,,168,"$78,653.35 ","$62,294.27 "
30630,SG,,56,"$54,092.82 ","$42,533.46 "
,OTHER,,230,"$105,663.32 ","$83,084.93 "
,TOTAL,,286,"$159,756.14 ","$125,618.39 "
3073F,OTHER,,21,$0.21 ,$0.21 
,TOTAL,,21,$0.21 ,$0.21 
3074F,OTHER,,7,$0.07 ,$0.07 
,TOTAL,,7,$0.07 ,$0.07 
3075F,OTHER,,2,$0.02 ,$0.02 
,TOTAL,,2,$0.02 ,$0.02 
30801,SG,,180,"$35,497.49 ","$28,075.45 "
,OTHER,,"4,080","$681,506.69 ","$523,618.77 "
,TOTAL,,"4,260","$717,004.18 ","$551,694.22 "
30802,SG,,372,"$73,549.53 ","$57,607.23 "
,OTHER,,"3,475","$539,097.74 ","$421,389.06 "
,TOTAL,,"3,847","$612,647.27 ","$478,996.29 "
30901,OTHER,,"121,445","$9,035,209.47 ","$6,841,482.23 "
,TOTAL,,"121,445","$9,035,209.47 ","$6,841,482.23 "
30903,SG,,92,"$5,556.85 ","$4,271.64 "
,OTHER,,"45,538","$5,654,980.20 ","$4,372,600.92 "
,TOTAL,,"45,630","$5,660,537.05 ","$4,376,872.56 "
30905,SG,,25,"$1,409.48 ","$1,071.63 "
,80'S,,1,$8.73 ,$6.98 
,OTHER,,"8,032","$980,338.38 ","$762,767.78 "
,TOTAL,,"8,058","$981,756.59 ","$763,846.39 "
30906,SG,,3,$155.14 ,$124.11 
,OTHER,,991,"$181,789.51 ","$143,022.94 "
,TOTAL,,994,"$181,944.65 ","$143,147.05 "
30915,SG,,5,"$1,307.78 ","$1,046.22 "
,OTHER,,111,"$49,107.28 ","$39,069.24 "
,TOTAL,,116,"$50,415.06 ","$40,115.46 "
30920,SG,,14,"$4,492.38 ","$3,593.90 "
,80'S,,1,$111.66 ,$89.33 
,OTHER,,144,"$100,166.33 ","$78,764.41 "
,TOTAL,,159,"$104,770.37 ","$82,447.64 "
30930,SG,,"1,032","$432,359.28 ","$342,415.27 "
,OTHER,,"2,652","$188,881.55 ","$149,188.27 "
,TOTAL,,"3,684","$621,240.83 ","$491,603.54 "
30999,80'S,,1,$29.95 ,$23.96 
,OTHER,,313,"$84,895.77 ","$66,934.20 "
,TOTAL,,314,"$84,925.72 ","$66,958.16 "
3100F,OTHER,,1,$0.01 ,$0.01 
,TOTAL,,1,$0.01 ,$0.01 
31000,OTHER,,"3,688","$572,867.54 ","$444,968.28 "
,TOTAL,,"3,688","$572,867.54 ","$444,968.28 "
31002,OTHER,,193,"$25,158.51 ","$19,532.04 "
,TOTAL,,193,"$25,158.51 ","$19,532.04 "
31020,SG,,83,"$23,413.40 ","$18,580.11 "
,OTHER,,371,"$84,247.68 ","$66,419.52 "
,TOTAL,,454,"$107,661.08 ","$84,999.63 "
31030,SG,,84,"$32,579.84 ","$25,850.72 "
,OTHER,,621,"$248,875.09 ","$196,688.44 "
,TOTAL,,705,"$281,454.93 ","$222,539.16 "
31032,SG,,52,"$27,082.78 ","$21,215.69 "
,OTHER,,384,"$178,885.95 ","$141,527.75 "
,TOTAL,,436,"$205,968.73 ","$162,743.44 "
31040,OTHER,,152,"$48,806.35 ","$38,400.01 "
,TOTAL,,152,"$48,806.35 ","$38,400.01 "
31050,SG,,16,"$3,633.37 ","$2,906.69 "
,80'S,,1,$40.61 ,$32.49 
,OTHER,,114,"$38,273.61 ","$30,618.95 "
,TOTAL,,131,"$41,947.59 ","$33,558.13 "
31051,SG,,15,"$5,658.09 ","$4,488.51 "
,OTHER,,87,"$37,732.21 ","$30,185.74 "
,TOTAL,,102,"$43,390.30 ","$34,674.25 "
31070,SG,,22,"$5,737.30 ","$4,589.84 "
,OTHER,,233,"$60,261.88 ","$47,250.76 "
,TOTAL,,255,"$65,999.18 ","$51,840.60 "
31075,SG,,5,"$2,708.37 ","$2,166.70 "
,80'S,,6,$667.64 ,$534.10 
,OTHER,,88,"$55,264.19 ","$44,211.36 "
,TOTAL,,99,"$58,640.20 ","$46,912.16 "
31080,OTHER,,31,"$15,438.71 ","$11,901.73 "
,TOTAL,,31,"$15,438.71 ","$11,901.73 "
31081,SG,,1,$632.82 ,$506.26 
,80'S,,7,$748.56 ,$598.85 
,OTHER,,57,"$39,401.57 ","$31,521.28 "
,TOTAL,,65,"$40,782.95 ","$32,626.39 "
31084,80'S,,2,$230.90 ,$184.72 
,OTHER,,12,"$10,270.01 ","$8,216.00 "
,TOTAL,,14,"$10,500.91 ","$8,400.72 "
31085,SG,,1,$632.82 ,$506.26 
,80'S,,11,"$1,454.94 ","$1,091.55 "
,OTHER,,91,"$78,610.53 ","$61,957.04 "
,TOTAL,,103,"$80,698.29 ","$63,554.85 "
31086,SG,,1,$584.12 ,$467.30 
,80'S,,2,$377.63 ,$302.11 
,OTHER,,22,"$19,797.92 ","$14,608.69 "
,TOTAL,,25,"$20,759.67 ","$15,378.10 "
31087,SG,,2,$967.70 ,$774.16 
,80'S,,2,$225.96 ,$180.77 
,OTHER,,19,"$17,148.97 ","$13,719.18 "
,TOTAL,,23,"$18,342.63 ","$14,674.11 "
31090,SG,,69,"$42,575.04 ","$33,668.99 "
,OTHER,,279,"$291,102.22 ","$232,445.65 "
,TOTAL,,348,"$333,677.26 ","$266,114.64 "
3110F,OTHER,,1,$0.01 ,$0.01 
,TOTAL,,1,$0.01 ,$0.01 
3112F,OTHER,,2,$0.02 ,$0.02 
,TOTAL,,2,$0.02 ,$0.02 
31200,SG,,256,"$62,319.38 ","$49,855.21 "
,OTHER,,865,"$263,815.78 ","$208,153.64 "
,TOTAL,,"1,121","$326,135.16 ","$258,008.85 "
31201,SG,,44,"$28,951.62 ","$23,086.98 "
,OTHER,,235,"$159,631.21 ","$127,082.26 "
,TOTAL,,279,"$188,582.83 ","$150,169.24 "
31205,SG,,100,"$29,614.77 ","$23,691.87 "
,80'S,,30,"$3,417.63 ","$2,734.07 "
,OTHER,,459,"$310,389.64 ","$243,609.04 "
,TOTAL,,589,"$343,422.04 ","$270,034.98 "
31225,80'S,,62,"$15,276.62 ","$12,201.52 "
,OTHER,,783,"$1,208,803.22 ","$958,632.02 "
,TOTAL,,845,"$1,224,079.84 ","$970,833.54 "
31230,80'S,,1,$138.51 ,$110.81 
,OTHER,,44,"$71,597.44 ","$57,232.90 "
,TOTAL,,45,"$71,735.95 ","$57,343.71 "
31231,OTHER,,"301,315","$50,015,997.14 ","$38,544,448.97 "
,TOTAL,,"301,315","$50,015,997.14 ","$38,544,448.97 "
31233,SG,,16,$913.50 ,$730.81 
,OTHER,,"8,383","$2,178,881.02 ","$1,699,799.42 "
,TOTAL,,"8,399","$2,179,794.52 ","$1,700,530.23 "
31235,SG,,4,$983.06 ,$786.46 
,OTHER,,"2,479","$948,329.33 ","$749,771.64 "
,TOTAL,,"2,483","$949,312.39 ","$750,558.10 "
31237,SG,,"1,073","$404,823.42 ","$320,599.53 "
,OTHER,,"54,516","$17,901,641.43 ","$13,978,096.50 "
,TOTAL,,"55,589","$18,306,464.85 ","$14,298,696.03 "
31238,SG,,331,"$97,879.49 ","$77,143.26 "
,80'S,,1,$30.37 ,$24.30 
,OTHER,,"19,043","$5,680,789.35 ","$4,444,304.51 "
,TOTAL,,"19,375","$5,778,699.21 ","$4,521,472.07 "
31239,SG,,331,"$187,200.50 ","$148,905.53 "
,80'S,,17,"$1,629.98 ","$1,304.01 "
,OTHER,,807,"$482,023.97 ","$382,829.85 "
,TOTAL,,"1,155","$670,854.45 ","$533,039.39 "
31240,SG,,865,"$207,359.58 ","$164,870.45 "
,80'S,,3,$72.41 ,$57.92 
,OTHER,,"2,632","$244,970.76 ","$192,495.64 "
,TOTAL,,"3,500","$452,402.75 ","$357,424.01 "
31254,SG,,"1,920","$665,335.96 ","$525,179.29 "
,OTHER,,"5,728","$1,114,426.78 ","$875,698.56 "
,TOTAL,,"7,648","$1,779,762.74 ","$1,400,877.85 "
31255,SG,,"6,513","$4,206,283.55 ","$3,319,650.53 "
,OTHER,,"18,531","$7,025,301.05 ","$5,539,098.97 "
,TOTAL,,"25,044","$11,231,584.60 ","$8,858,749.50 "
31256,SG,,"3,612","$1,085,324.13 ","$856,871.80 "
,OTHER,,"10,083","$1,321,328.38 ","$1,043,173.99 "
,TOTAL,,"13,695","$2,406,652.51 ","$1,900,045.79 "
31267,SG,,"5,041","$1,538,936.12 ","$1,214,431.85 "
,OTHER,,"15,796","$3,597,417.89 ","$2,835,393.01 "
,TOTAL,,"20,837","$5,136,354.01 ","$4,049,824.86 "
31276,SG,,"3,076","$878,182.50 ","$695,156.25 "
,OTHER,,"9,875","$5,725,764.02 ","$4,519,680.10 "
,TOTAL,,"12,951","$6,603,946.52 ","$5,214,836.35 "
31287,SG,,"1,282","$365,818.54 ","$289,738.19 "
,OTHER,,"4,508","$677,473.95 ","$536,440.11 "
,TOTAL,,"5,790","$1,043,292.49 ","$826,178.30 "
31288,SG,,"1,452","$418,231.57 ","$330,757.60 "
,80'S,,1,$40.03 ,$32.02 
,OTHER,,"4,821","$878,522.57 ","$692,974.48 "
,TOTAL,,"6,274","$1,296,794.17 ","$1,023,764.10 "
31290,80'S,,4,$638.60 ,$510.88 
,OTHER,,130,"$132,613.12 ","$104,732.35 "
,TOTAL,,134,"$133,251.72 ","$105,243.23 "
31291,80'S,,2,$266.23 ,$212.98 
,OTHER,,104,"$117,783.54 ","$93,919.36 "
,TOTAL,,106,"$118,049.77 ","$94,132.34 "
31292,80'S,,1,$150.90 ,$120.72 
,OTHER,,104,"$100,856.06 ","$80,580.08 "
,TOTAL,,105,"$101,006.96 ","$80,700.80 "
31293,80'S,,2,$272.02 ,$217.62 
,OTHER,,67,"$71,482.25 ","$56,444.53 "
,TOTAL,,69,"$71,754.27 ","$56,662.15 "
31294,OTHER,,14,"$16,129.24 ","$12,884.06 "
,TOTAL,,14,"$16,129.24 ","$12,884.06 "
31299,80'S,,2,$82.43 ,$65.94 
,OTHER,,142,"$72,054.10 ","$57,509.01 "
,TOTAL,,144,"$72,136.53 ","$57,574.95 "
31300,SG,,6,"$3,929.52 ","$3,143.62 "
,80'S,,5,$898.74 ,$718.99 
,OTHER,,119,"$122,533.42 ","$98,000.72 "
,TOTAL,,130,"$127,361.68 ","$101,863.33 "
31320,SG,,2,$887.82 ,$710.25 
,OTHER,,7,"$3,920.38 ","$3,031.50 "
,TOTAL,,9,"$4,808.20 ","$3,741.75 "
31360,80'S,,102,"$26,664.21 ","$20,799.17 "
,OTHER,,590,"$919,876.93 ","$723,592.83 "
,TOTAL,,692,"$946,541.14 ","$744,392.00 "
31365,80'S,,60,"$19,561.74 ","$14,890.39 "
,OTHER,,395,"$807,776.51 ","$642,429.50 "
,TOTAL,,455,"$827,338.25 ","$657,319.89 "
31367,80'S,,5,"$1,334.55 ",$871.13 
,OTHER,,92,"$168,039.44 ","$128,588.55 "
,TOTAL,,97,"$169,373.99 ","$129,459.68 "
31368,80'S,,4,"$1,407.50 ","$1,126.00 "
,OTHER,,44,"$93,264.64 ","$74,498.14 "
,TOTAL,,48,"$94,672.14 ","$75,624.14 "
31370,80'S,,2,$547.60 ,$438.08 
,OTHER,,70,"$120,438.64 ","$94,985.14 "
,TOTAL,,72,"$120,986.24 ","$95,423.22 "
31375,80'S,,3,$788.84 ,$631.07 
,OTHER,,55,"$86,305.22 ","$67,845.49 "
,TOTAL,,58,"$87,094.06 ","$68,476.56 "
31380,80'S,,1,$275.38 ,$220.30 
,OTHER,,40,"$66,072.93 ","$50,754.24 "
,TOTAL,,41,"$66,348.31 ","$50,974.54 "
31382,80'S,,4,"$1,220.77 ",$976.62 
,OTHER,,61,"$102,681.90 ","$82,040.74 "
,TOTAL,,65,"$103,902.67 ","$83,017.36 "
31390,80'S,,3,"$1,166.65 ",$933.32 
,OTHER,,75,"$178,861.53 ","$143,055.61 "
,TOTAL,,78,"$180,028.18 ","$143,988.93 "
31395,80'S,,5,"$2,134.17 ","$1,707.33 "
,OTHER,,64,"$163,572.01 ","$130,595.09 "
,TOTAL,,69,"$165,706.18 ","$132,302.42 "
31400,80'S,,2,$157.15 ,$125.72 
,OTHER,,109,"$62,088.43 ","$49,481.71 "
,TOTAL,,111,"$62,245.58 ","$49,607.43 "
31420,SG,,2,$436.98 ,$349.58 
,80'S,,1,$112.80 ,$90.24 
,OTHER,,44,"$28,748.15 ","$22,998.58 "
,TOTAL,,47,"$29,297.93 ","$23,438.40 "
31500,OTHER,,"257,809","$27,243,979.87 ","$21,585,551.67 "
,TOTAL,,"257,809","$27,243,979.87 ","$21,585,551.67 "
31502,OTHER,,"16,972","$538,050.13 ","$420,267.06 "
,TOTAL,,"16,972","$538,050.13 ","$420,267.06 "
31505,OTHER,,"19,264","$1,378,635.33 ","$1,046,466.60 "
,TOTAL,,"19,264","$1,378,635.33 ","$1,046,466.60 "
31510,SG,,24,"$9,344.00 ","$7,475.20 "
,OTHER,,137,"$16,828.66 ","$13,150.19 "
,TOTAL,,161,"$26,172.66 ","$20,625.39 "
31511,OTHER,,194,"$30,730.89 ","$24,109.42 "
,TOTAL,,194,"$30,730.89 ","$24,109.42 "
31512,SG,,13,"$5,465.76 ","$4,372.63 "
,OTHER,,17,"$1,956.03 ","$1,460.03 "
,TOTAL,,30,"$7,421.79 ","$5,832.66 "
31513,SG,,5,$329.35 ,$263.47 
,OTHER,,627,"$74,072.27 ","$55,624.05 "
,TOTAL,,632,"$74,401.62 ","$55,887.52 "
31515,SG,,34,"$8,192.42 ","$6,456.84 "
,OTHER,,"1,346","$156,017.78 ","$121,266.46 "
,TOTAL,,"1,380","$164,210.20 ","$127,723.30 "
31520,OTHER,,14,"$1,688.76 ","$1,246.20 "
,TOTAL,,14,"$1,688.76 ","$1,246.20 "
31525,SG,,375,"$101,070.66 ","$80,218.21 "
,OTHER,,"11,546","$1,968,595.78 ","$1,548,917.03 "
,TOTAL,,"11,921","$2,069,666.44 ","$1,629,135.24 "
31526,SG,,264,"$109,383.66 ","$87,184.39 "
,OTHER,,"1,680","$211,495.65 ","$165,002.89 "
,TOTAL,,"1,944","$320,879.31 ","$252,187.28 "
31527,OTHER,,21,"$2,965.43 ","$2,372.35 "
,TOTAL,,21,"$2,965.43 ","$2,372.35 "
31528,SG,,27,"$11,273.02 ","$8,567.07 "
,OTHER,,209,"$22,530.67 ","$17,468.92 "
,TOTAL,,236,"$33,803.69 ","$26,035.99 "
31529,SG,,12,"$4,460.21 ","$3,568.17 "
,OTHER,,165,"$20,694.56 ","$16,021.56 "
,TOTAL,,177,"$25,154.77 ","$19,589.73 "
31530,SG,,10,"$3,947.72 ","$3,158.16 "
,OTHER,,307,"$56,907.62 ","$45,184.72 "
,TOTAL,,317,"$60,855.34 ","$48,342.88 "
31531,SG,,11,"$5,701.95 ","$4,561.56 "
,OTHER,,189,"$35,138.53 ","$27,666.82 "
,TOTAL,,200,"$40,840.48 ","$32,228.38 "
31535,SG,,968,"$405,454.66 ","$319,605.19 "
,OTHER,,"7,729","$1,242,511.72 ","$979,267.14 "
,TOTAL,,"8,697","$1,647,966.38 ","$1,298,872.33 "
31536,SG,,"1,420","$698,849.00 ","$553,342.91 "
,OTHER,,"7,587","$1,461,696.70 ","$1,146,575.80 "
,TOTAL,,"9,007","$2,160,545.70 ","$1,699,918.71 "
31540,SG,,256,"$126,822.74 ","$99,711.38 "
,OTHER,,944,"$211,073.34 ","$164,777.85 "
,TOTAL,,"1,200","$337,896.08 ","$264,489.23 "
31541,SG,,"1,516","$930,422.95 ","$734,002.72 "
,OTHER,,"9,686","$2,416,029.60 ","$1,897,650.66 "
,TOTAL,,"11,202","$3,346,452.55 ","$2,631,653.38 "
31545,SG,,95,"$57,522.53 ","$45,878.83 "
,OTHER,,715,"$249,390.55 ","$196,114.41 "
,TOTAL,,810,"$306,913.08 ","$241,993.24 "
31546,SG,,1,$670.04 ,$536.03 
,OTHER,,24,"$12,268.48 ","$9,808.15 "
,TOTAL,,25,"$12,938.52 ","$10,344.18 "
31560,OTHER,,25,"$6,627.98 ","$5,302.39 "
,TOTAL,,25,"$6,627.98 ","$5,302.39 "
31561,SG,,6,"$4,338.81 ","$3,471.05 "
,OTHER,,155,"$49,178.18 ","$38,915.09 "
,TOTAL,,161,"$53,516.99 ","$42,386.14 "
31570,SG,,95,"$38,735.82 ","$30,859.13 "
,OTHER,,"1,762","$488,072.29 ","$380,920.03 "
,TOTAL,,"1,857","$526,808.11 ","$411,779.16 "
31571,SG,,234,"$93,234.28 ","$73,727.25 "
,OTHER,,"2,179","$476,986.70 ","$376,886.54 "
,TOTAL,,"2,413","$570,220.98 ","$450,613.79 "
31575,OTHER,,"535,055","$56,212,053.48 ","$42,911,016.07 "
,TOTAL,,"535,055","$56,212,053.48 ","$42,911,016.07 "
31576,SG,,23,"$9,670.75 ","$7,639.77 "
,OTHER,,579,"$92,087.10 ","$72,385.46 "
,TOTAL,,602,"$101,757.85 ","$80,025.23 "
31577,SG,,1,$233.04 ,$186.43 
,80'S,,1,$36.81 ,$29.45 
,OTHER,,132,"$24,037.51 ","$18,574.97 "
,TOTAL,,134,"$24,307.36 ","$18,790.85 "
31578,SG,,12,"$5,237.53 ","$4,152.42 "
,OTHER,,169,"$33,909.46 ","$26,421.93 "
,TOTAL,,181,"$39,146.99 ","$30,574.35 "
31579,OTHER,,"36,422","$7,722,927.85 ","$5,991,300.12 "
,TOTAL,,"36,422","$7,722,927.85 ","$5,991,300.12 "
31580,80'S,,1,$82.44 ,$65.95 
,OTHER,,41,"$41,361.00 ","$31,768.79 "
,TOTAL,,42,"$41,443.44 ","$31,834.74 "
31582,SG,,2,"$1,396.51 ","$1,117.21 "
,OTHER,,126,"$189,796.15 ","$150,431.25 "
,TOTAL,,128,"$191,192.66 ","$151,548.46 "
31584,OTHER,,9,"$12,717.25 ","$10,173.80 "
,TOTAL,,9,"$12,717.25 ","$10,173.80 "
31587,OTHER,,24,"$17,263.31 ","$13,769.89 "
,TOTAL,,24,"$17,263.31 ","$13,769.89 "
31588,SG,,76,"$53,874.51 ","$42,628.74 "
,80'S,,96,"$15,827.14 ","$12,451.18 "
,OTHER,,"1,201","$1,201,845.75 ","$951,109.76 "
,TOTAL,,"1,373","$1,271,547.40 ","$1,006,189.68 "
31590,OTHER,,6,"$4,265.60 ","$3,412.48 "
,TOTAL,,6,"$4,265.60 ","$3,412.48 "
31595,OTHER,,42,"$26,215.96 ","$20,867.86 "
,TOTAL,,42,"$26,215.96 ","$20,867.86 "
31599,80'S,,15,"$1,989.75 ","$1,591.80 "
,OTHER,,737,"$286,058.47 ","$225,529.29 "
,TOTAL,,752,"$288,048.22 ","$227,121.09 "
31600,80'S,,6,$371.12 ,$296.90 
,OTHER,,"40,520","$15,068,150.61 ","$11,990,388.14 "
,TOTAL,,"40,526","$15,068,521.73 ","$11,990,685.04 "
31601,OTHER,,11,"$2,825.84 ","$2,242.47 "
,TOTAL,,11,"$2,825.84 ","$2,242.47 "
31603,SG,,3,$502.45 ,$401.96 
,80'S,,1,$33.55 ,$26.84 
,OTHER,,"2,041","$412,305.53 ","$327,860.97 "
,TOTAL,,"2,045","$412,841.53 ","$328,289.77 "
31605,OTHER,,409,"$68,213.60 ","$54,273.66 "
,TOTAL,,409,"$68,213.60 ","$54,273.66 "
31610,OTHER,,"1,683","$1,068,903.24 ","$851,119.68 "
,TOTAL,,"1,683","$1,068,903.24 ","$851,119.68 "
31611,SG,,39,"$19,154.32 ","$15,266.41 "
,80'S,,42,"$1,964.29 ","$1,545.06 "
,OTHER,,887,"$327,944.17 ","$257,567.32 "
,TOTAL,,968,"$349,062.78 ","$274,378.79 "
31612,SG,,5,"$1,464.13 ","$1,171.30 "
,80'S,,1,$3.73 ,$2.98 
,OTHER,,274,"$11,026.34 ","$8,764.77 "
,TOTAL,,280,"$12,494.20 ","$9,939.05 "
31613,SG,,15,"$6,095.44 ","$4,876.38 "
,OTHER,,"1,155","$425,900.56 ","$337,314.80 "
,TOTAL,,"1,170","$431,996.00 ","$342,191.18 "
31614,SG,,17,"$7,288.16 ","$5,830.54 "
,OTHER,,355,"$214,872.83 ","$169,617.46 "
,TOTAL,,372,"$222,160.99 ","$175,448.00 "
31615,SG,,38,"$8,482.83 ","$6,780.93 "
,OTHER,,"10,051","$1,370,494.82 ","$1,069,508.78 "
,TOTAL,,"10,089","$1,378,977.65 ","$1,076,289.71 "
31620,OTHER,,"2,880","$206,494.35 ","$164,182.00 "
,TOTAL,,"2,880","$206,494.35 ","$164,182.00 "
31622,SG,,969,"$254,655.18 ","$200,557.45 "
,80'S,,1,$25.09 ,$20.07 
,OTHER,,"92,239","$11,680,696.40 ","$9,253,278.21 "
,TOTAL,,"93,209","$11,935,376.67 ","$9,453,855.73 "
31623,SG,,458,"$148,844.69 ","$117,511.79 "
,OTHER,,"36,882","$2,279,025.06 ","$1,805,304.17 "
,TOTAL,,"37,340","$2,427,869.75 ","$1,922,815.96 "
31624,SG,,414,"$120,187.15 ","$94,606.03 "
,OTHER,,"77,928","$6,939,925.15 ","$5,494,229.05 "
,TOTAL,,"78,342","$7,060,112.30 ","$5,588,835.08 "
31625,SG,,454,"$182,961.08 ","$144,469.58 "
,80'S,,1,$27.99 ,$22.39 
,OTHER,,"34,444","$5,222,234.72 ","$4,132,715.19 "
,TOTAL,,"34,899","$5,405,223.79 ","$4,277,207.16 "
31628,SG,,449,"$188,264.00 ","$147,072.92 "
,OTHER,,"44,496","$7,753,407.96 ","$6,125,508.48 "
,TOTAL,,"44,945","$7,941,671.96 ","$6,272,581.40 "
31629,SG,,92,"$38,045.13 ","$30,301.23 "
,OTHER,,"13,043","$2,615,380.56 ","$2,072,480.75 "
,TOTAL,,"13,135","$2,653,425.69 ","$2,102,781.98 "
31630,SG,,10,"$3,991.35 ","$3,193.08 "
,OTHER,,"1,324","$206,856.75 ","$160,653.15 "
,TOTAL,,"1,334","$210,848.10 ","$163,846.23 "
31631,SG,,2,$868.18 ,$694.54 
,OTHER,,822,"$162,615.56 ","$128,787.91 "
,TOTAL,,824,"$163,483.74 ","$129,482.45 "
31632,OTHER,,"3,184","$168,720.11 ","$133,672.49 "
,TOTAL,,"3,184","$168,720.11 ","$133,672.49 "
31633,OTHER,,"1,625","$107,484.50 ","$85,675.00 "
,TOTAL,,"1,625","$107,484.50 ","$85,675.00 "
31635,SG,,7,"$2,870.52 ","$1,963.67 "
,OTHER,,"2,084","$349,209.09 ","$277,299.57 "
,TOTAL,,"2,091","$352,079.61 ","$279,263.24 "
31636,OTHER,,581,"$99,369.57 ","$78,478.65 "
,TOTAL,,581,"$99,369.57 ","$78,478.65 "
31637,OTHER,,74,"$6,003.53 ","$4,802.82 "
,TOTAL,,74,"$6,003.53 ","$4,802.82 "
31638,OTHER,,251,"$54,602.81 ","$43,451.56 "
,TOTAL,,251,"$54,602.81 ","$43,451.56 "
31640,SG,,6,"$1,733.34 ","$1,386.67 "
,OTHER,,577,"$141,169.18 ","$110,884.01 "
,TOTAL,,583,"$142,902.52 ","$112,270.68 "
31641,SG,,5,"$2,016.31 ","$1,613.03 "
,80'S,,1,$38.84 ,$31.07 
,OTHER,,"2,957","$720,529.86 ","$567,790.62 "
,TOTAL,,"2,963","$722,585.01 ","$569,434.72 "
31643,SG,,2,$874.13 ,$699.30 
,OTHER,,"1,135","$180,807.44 ","$142,973.17 "
,TOTAL,,"1,137","$181,681.57 ","$143,672.47 "
31645,SG,,9,"$2,102.87 ","$1,682.29 "
,OTHER,,"28,535","$4,106,246.36 ","$3,261,710.69 "
,TOTAL,,"28,544","$4,108,349.23 ","$3,263,392.98 "
31646,OTHER,,"4,908","$619,987.05 ","$494,039.40 "
,TOTAL,,"4,908","$619,987.05 ","$494,039.40 "
31656,SG,,1,$332.07 ,$265.66 
,OTHER,,57,"$4,758.14 ","$3,806.54 "
,TOTAL,,58,"$5,090.21 ","$4,072.20 "
31715,OTHER,,8,$234.42 ,$167.01 
,TOTAL,,8,$234.42 ,$167.01 
31717,OTHER,,53,"$4,294.39 ","$3,435.51 "
,TOTAL,,53,"$4,294.39 ","$3,435.51 "
31720,OTHER,,214,"$10,656.88 ","$8,457.11 "
,TOTAL,,214,"$10,656.88 ","$8,457.11 "
31725,OTHER,,312,"$26,870.74 ","$21,263.17 "
,TOTAL,,312,"$26,870.74 ","$21,263.17 "
31730,SG,,4,$841.01 ,$672.82 
,OTHER,,735,"$106,490.49 ","$84,509.00 "
,TOTAL,,739,"$107,331.50 ","$85,181.82 "
31750,SG,,1,$762.25 ,$609.80 
,80'S,,36,"$7,335.12 ","$5,867.99 "
,OTHER,,171,"$187,195.57 ","$147,547.62 "
,TOTAL,,208,"$195,292.94 ","$154,025.41 "
31755,SG,,1,$440.95 ,$352.76 
,80'S,,2,$352.31 ,$281.85 
,OTHER,,35,"$48,602.13 ","$37,885.63 "
,TOTAL,,38,"$49,395.39 ","$38,520.24 "
31760,80'S,,6,"$1,155.59 ",$924.47 
,OTHER,,19,"$22,186.41 ","$17,749.11 "
,TOTAL,,25,"$23,342.00 ","$18,673.58 "
31766,OTHER,,6,"$9,718.42 ","$7,774.75 "
,TOTAL,,6,"$9,718.42 ","$7,774.75 "
31770,80'S,,9,"$1,358.29 ","$1,086.63 "
,OTHER,,37,"$30,765.66 ","$24,612.50 "
,TOTAL,,46,"$32,123.95 ","$25,699.13 "
31775,OTHER,,34,"$31,030.28 ","$24,824.21 "
,TOTAL,,34,"$31,030.28 ","$24,824.21 "
31780,80'S,,12,"$2,216.95 ","$1,773.55 "
,OTHER,,125,"$122,671.52 ","$96,346.73 "
,TOTAL,,137,"$124,888.47 ","$98,120.28 "
31781,80'S,,5,"$1,016.51 ",$813.21 
,OTHER,,27,"$30,931.99 ","$24,745.63 "
,TOTAL,,32,"$31,948.50 ","$25,558.84 "
31785,80'S,,15,"$1,934.09 ","$1,464.79 "
,OTHER,,121,"$97,313.07 ","$77,153.96 "
,TOTAL,,136,"$99,247.16 ","$78,618.75 "
31786,80'S,,1,$214.33 ,$171.46 
,OTHER,,10,"$14,358.81 ","$11,487.07 "
,TOTAL,,11,"$14,573.14 ","$11,658.53 "
31800,80'S,,1,$101.33 ,$81.06 
,OTHER,,73,"$40,549.48 ","$32,439.60 "
,TOTAL,,74,"$40,650.81 ","$32,520.66 "
31805,80'S,,4,$286.17 ,$228.93 
,OTHER,,29,"$16,390.64 ","$13,112.46 "
,TOTAL,,33,"$16,676.81 ","$13,341.39 "
31820,SG,,26,"$8,351.53 ","$6,576.42 "
,80'S,,3,$95.05 ,$76.04 
,OTHER,,246,"$68,329.45 ","$54,126.50 "
,TOTAL,,275,"$76,776.03 ","$60,778.96 "
31825,SG,,11,"$4,876.03 ","$3,900.82 "
,80'S,,1,$74.35 ,$59.48 
,OTHER,,264,"$112,883.15 ","$89,103.20 "
,TOTAL,,276,"$117,833.53 ","$93,063.50 "
31830,SG,,9,"$3,810.13 ","$3,048.10 "
,80'S,,1,$51.88 ,$41.50 
,OTHER,,149,"$42,737.47 ","$34,039.17 "
,TOTAL,,159,"$46,599.48 ","$37,128.77 "
31899,80'S,,4,$311.96 ,$249.57 
,OTHER,,390,"$55,263.48 ","$44,029.55 "
,TOTAL,,394,"$55,575.44 ","$44,279.12 "
32000,SG,,229,"$47,861.24 ","$37,991.57 "
,80'S,,2,$25.90 ,$20.72 
,OTHER,,"124,371","$9,611,457.67 ","$7,612,031.84 "
,TOTAL,,"124,602","$9,659,344.81 ","$7,650,044.13 "
32002,OTHER,,"91,095","$10,944,372.96 ","$8,685,568.49 "
,TOTAL,,"91,095","$10,944,372.96 ","$8,685,568.49 "
32005,OTHER,,"6,430","$635,923.13 ","$505,646.36 "
,TOTAL,,"6,430","$635,923.13 ","$505,646.36 "
32019,OTHER,,"3,856","$877,373.70 ","$696,929.30 "
,TOTAL,,"3,856","$877,373.70 ","$696,929.30 "
32020,80'S,,4,$114.17 ,$91.33 
,OTHER,,"64,724","$11,387,830.60 ","$9,046,434.88 "
,TOTAL,,"64,728","$11,387,944.77 ","$9,046,526.21 "
32035,80'S,,13,$846.98 ,$677.60 
,OTHER,,188,"$85,605.01 ","$68,276.89 "
,TOTAL,,201,"$86,451.99 ","$68,954.49 "
32036,80'S,,27,"$2,412.64 ","$1,930.13 "
,OTHER,,278,"$160,427.83 ","$127,647.80 "
,TOTAL,,305,"$162,840.47 ","$129,577.93 "
32095,80'S,,193,"$14,196.63 ","$11,211.54 "
,OTHER,,"2,118","$906,057.88 ","$720,880.94 "
,TOTAL,,"2,311","$920,254.51 ","$732,092.48 "
32100,80'S,,359,"$48,600.87 ","$38,632.65 "
,OTHER,,"2,738","$1,990,755.60 ","$1,585,474.53 "
,TOTAL,,"3,097","$2,039,356.47 ","$1,624,107.18 "
32110,80'S,,84,"$15,146.35 ","$12,117.12 "
,OTHER,,552,"$587,955.86 ","$468,081.99 "
,TOTAL,,636,"$603,102.21 ","$480,199.11 "
32120,80'S,,110,"$12,559.18 ","$9,911.58 "
,OTHER,,941,"$526,200.45 ","$417,134.71 "
,TOTAL,,"1,051","$538,759.63 ","$427,046.29 "
32124,80'S,,394,"$32,941.64 ","$26,318.97 "
,OTHER,,"1,634","$785,305.22 ","$626,453.84 "
,TOTAL,,"2,028","$818,246.86 ","$652,772.81 "
32140,80'S,,22,"$3,064.79 ","$2,451.86 "
,OTHER,,105,"$70,409.53 ","$56,260.58 "
,TOTAL,,127,"$73,474.32 ","$58,712.44 "
32141,80'S,,83,"$13,767.61 ","$11,014.08 "
,OTHER,,591,"$537,112.78 ","$428,021.34 "
,TOTAL,,674,"$550,880.39 ","$439,035.42 "
32150,80'S,,44,"$5,045.61 ","$4,036.46 "
,OTHER,,256,"$185,030.68 ","$148,024.45 "
,TOTAL,,300,"$190,076.29 ","$152,060.91 "
32151,80'S,,6,$869.02 ,$654.11 
,OTHER,,37,"$25,296.43 ","$19,980.17 "
,TOTAL,,43,"$26,165.45 ","$20,634.28 "
32160,80'S,,44,"$2,751.76 ","$2,201.39 "
,OTHER,,336,"$145,852.60 ","$115,448.64 "
,TOTAL,,380,"$148,604.36 ","$117,650.03 "
32200,80'S,,8,$996.50 ,$686.98 
,OTHER,,108,"$78,161.08 ","$61,235.36 "
,TOTAL,,116,"$79,157.58 ","$61,922.34 "
32201,80'S,,1,$32.88 ,$26.30 
,OTHER,,524,"$103,680.45 ","$82,502.81 "
,TOTAL,,525,"$103,713.33 ","$82,529.11 "
32215,80'S,,22,"$1,402.43 ","$1,121.91 "
,OTHER,,243,"$121,959.25 ","$97,240.27 "
,TOTAL,,265,"$123,361.68 ","$98,362.18 "
32220,80'S,,359,"$84,608.63 ","$67,328.60 "
,OTHER,,"3,584","$4,507,614.63 ","$3,581,188.81 "
,TOTAL,,"3,943","$4,592,223.26 ","$3,648,517.41 "
32225,80'S,,137,"$15,980.89 ","$12,784.68 "
,OTHER,,"1,060","$733,299.84 ","$583,432.82 "
,TOTAL,,"1,197","$749,280.73 ","$596,217.50 "
32310,80'S,,72,"$6,135.19 ","$4,902.53 "
,OTHER,,343,"$176,744.32 ","$140,372.39 "
,TOTAL,,415,"$182,879.51 ","$145,274.92 "
32320,80'S,,207,"$48,247.51 ","$38,330.00 "
,OTHER,,"1,249","$1,605,750.89 ","$1,280,078.41 "
,TOTAL,,"1,456","$1,653,998.40 ","$1,318,408.41 "
32400,SG,,2,$652.40 ,$521.92 
,80'S,,2,$22.29 ,$17.83 
,OTHER,,"1,684","$137,815.65 ","$109,468.43 "
,TOTAL,,"1,688","$138,490.34 ","$110,008.18 "
32402,80'S,,52,"$2,723.61 ","$2,178.87 "
,OTHER,,371,"$120,010.40 ","$95,801.46 "
,TOTAL,,423,"$122,734.01 ","$97,980.33 "
32405,SG,,90,"$28,939.26 ","$23,151.06 "
,OTHER,,"57,800","$5,337,365.43 ","$4,217,540.21 "
,TOTAL,,"57,890","$5,366,304.69 ","$4,240,691.27 "
32420,OTHER,,286,"$27,857.16 ","$21,813.36 "
,TOTAL,,286,"$27,857.16 ","$21,813.36 "
32440,80'S,,231,"$55,105.39 ","$44,056.68 "
,OTHER,,"1,065","$1,372,452.01 ","$1,085,090.83 "
,TOTAL,,"1,296","$1,427,557.40 ","$1,129,147.51 "
32442,80'S,,4,"$1,528.76 ","$1,223.01 "
,OTHER,,13,"$25,859.06 ","$20,687.26 "
,TOTAL,,17,"$27,387.82 ","$21,910.27 "
32445,80'S,,17,"$8,117.14 ","$6,493.69 "
,OTHER,,85,"$236,520.32 ","$186,850.59 "
,TOTAL,,102,"$244,637.46 ","$193,344.28 "
32480,80'S,,"3,196","$726,517.87 ","$578,784.97 "
,OTHER,,"17,341","$20,742,060.08 ","$16,502,863.21 "
,TOTAL,,"20,537","$21,468,577.95 ","$17,081,648.18 "
32482,80'S,,285,"$69,495.10 ","$55,548.53 "
,OTHER,,"1,408","$1,770,953.02 ","$1,411,585.67 "
,TOTAL,,"1,693","$1,840,448.12 ","$1,467,134.20 "
32484,80'S,,260,"$54,094.30 ","$43,255.37 "
,OTHER,,"1,425","$1,614,565.26 ","$1,287,614.20 "
,TOTAL,,"1,685","$1,668,659.56 ","$1,330,869.57 "
32486,80'S,,19,"$6,396.48 ","$5,117.18 "
,OTHER,,145,"$254,893.54 ","$200,863.70 "
,TOTAL,,164,"$261,290.02 ","$205,980.88 "
32488,80'S,,30,"$10,625.91 ","$8,395.96 "
,OTHER,,137,"$262,191.01 ","$208,082.44 "
,TOTAL,,167,"$272,816.92 ","$216,478.40 "
32491,80'S,,14,"$3,926.67 ","$3,141.32 "
,OTHER,,109,"$162,313.53 ","$127,015.08 "
,TOTAL,,123,"$166,240.20 ","$130,156.40 "
32500,80'S,,"1,363","$254,169.86 ","$202,693.87 "
,OTHER,,"9,178","$9,517,608.23 ","$7,576,022.11 "
,TOTAL,,"10,541","$9,771,778.09 ","$7,778,715.98 "
32501,80'S,,39,"$1,490.96 ","$1,192.75 "
,OTHER,,237,"$49,981.62 ","$39,803.54 "
,TOTAL,,276,"$51,472.58 ","$40,996.29 "
32503,80'S,,22,"$6,215.32 ","$4,867.43 "
,OTHER,,114,"$174,850.86 ","$139,775.92 "
,TOTAL,,136,"$181,066.18 ","$144,643.35 "
32504,80'S,,17,"$5,151.54 ","$4,021.16 "
,OTHER,,101,"$180,689.96 ","$142,154.85 "
,TOTAL,,118,"$185,841.50 ","$146,176.01 "
32540,80'S,,34,"$6,787.62 ","$5,419.08 "
,OTHER,,197,"$221,638.04 ","$176,010.75 "
,TOTAL,,231,"$228,425.66 ","$181,429.83 "
32601,80'S,,38,"$1,100.17 ",$880.15 
,OTHER,,"2,413","$465,318.64 ","$370,948.16 "
,TOTAL,,"2,451","$466,418.81 ","$371,828.31 "
32602,80'S,,76,"$3,372.10 ","$2,693.23 "
,OTHER,,"3,622","$1,019,257.81 ","$808,561.48 "
,TOTAL,,"3,698","$1,022,629.91 ","$811,254.71 "
32603,OTHER,,49,"$13,171.70 ","$10,537.29 "
,TOTAL,,49,"$13,171.70 ","$10,537.29 "
32604,OTHER,,35,"$11,359.38 ","$8,589.23 "
,TOTAL,,35,"$11,359.38 ","$8,589.23 "
32605,OTHER,,46,"$13,317.03 ","$10,548.84 "
,TOTAL,,46,"$13,317.03 ","$10,548.84 "
32606,80'S,,13,$848.33 ,$632.03 
,OTHER,,314,"$127,004.00 ","$101,376.46 "
,TOTAL,,327,"$127,852.33 ","$102,008.49 "
32650,80'S,,746,"$66,597.63 ","$52,956.11 "
,OTHER,,"8,590","$4,544,769.25 ","$3,617,691.97 "
,TOTAL,,"9,336","$4,611,366.88 ","$3,670,648.08 "
32651,80'S,,180,"$27,235.52 ","$21,640.87 "
,OTHER,,"1,513","$1,317,239.58 ","$1,049,719.57 "
,TOTAL,,"1,693","$1,344,475.10 ","$1,071,360.44 "
32652,80'S,,293,"$71,887.85 ","$57,355.48 "
,OTHER,,"1,798","$2,461,775.80 ","$1,956,270.84 "
,TOTAL,,"2,091","$2,533,663.65 ","$2,013,626.32 "
32653,80'S,,147,"$17,263.73 ","$13,712.58 "
,OTHER,,797,"$616,909.08 ","$490,831.54 "
,TOTAL,,944,"$634,172.81 ","$504,544.12 "
32654,80'S,,18,"$2,837.02 ","$2,269.59 "
,OTHER,,137,"$123,515.40 ","$98,494.88 "
,TOTAL,,155,"$126,352.42 ","$100,764.47 "
32655,80'S,,67,"$8,302.08 ","$6,549.73 "
,OTHER,,719,"$523,000.75 ","$414,746.49 "
,TOTAL,,786,"$531,302.83 ","$421,296.22 "
32656,80'S,,198,"$20,023.87 ","$15,965.65 "
,OTHER,,612,"$377,417.23 ","$300,749.48 "
,TOTAL,,810,"$397,441.10 ","$316,715.13 "
32657,80'S,,"1,272","$137,901.07 ","$109,582.92 "
,OTHER,,"9,407","$6,044,464.71 ","$4,799,801.01 "
,TOTAL,,"10,679","$6,182,365.78 ","$4,909,383.93 "
32658,80'S,,4,$464.36 ,$371.49 
,OTHER,,82,"$46,101.80 ","$36,217.45 "
,TOTAL,,86,"$46,566.16 ","$36,588.94 "
32659,80'S,,49,"$5,038.74 ","$4,031.00 "
,OTHER,,502,"$296,884.55 ","$237,031.01 "
,TOTAL,,551,"$301,923.29 ","$241,062.01 "
32660,OTHER,,5,"$3,605.00 ","$2,883.99 "
,TOTAL,,5,"$3,605.00 ","$2,883.99 "
32661,80'S,,4,$312.54 ,$250.03 
,OTHER,,38,"$24,285.43 ","$19,428.34 "
,TOTAL,,42,"$24,597.97 ","$19,678.37 "
32662,80'S,,68,"$9,060.91 ","$7,248.76 "
,OTHER,,327,"$243,351.87 ","$193,757.25 "
,TOTAL,,395,"$252,412.78 ","$201,006.01 "
32663,80'S,,785,"$166,804.89 ","$132,713.73 "
,OTHER,,"2,955","$3,654,352.34 ","$2,902,971.02 "
,TOTAL,,"3,740","$3,821,157.23 ","$3,035,684.75 "
32664,80'S,,7,$846.05 ,$676.84 
,OTHER,,77,"$62,793.19 ","$49,661.66 "
,TOTAL,,84,"$63,639.24 ","$50,338.50 "
32665,80'S,,20,"$3,438.83 ","$2,751.05 "
,OTHER,,63,"$61,265.80 ","$48,704.76 "
,TOTAL,,83,"$64,704.63 ","$51,455.81 "
32800,80'S,,6,$792.05 ,$549.65 
,OTHER,,84,"$47,979.08 ","$38,083.28 "
,TOTAL,,90,"$48,771.13 ","$38,632.93 "
32810,80'S,,6,$648.79 ,$512.82 
,OTHER,,48,"$35,632.20 ","$28,505.73 "
,TOTAL,,54,"$36,280.99 ","$29,018.55 "
32815,80'S,,33,"$11,911.40 ","$9,495.45 "
,OTHER,,216,"$394,326.35 ","$313,767.04 "
,TOTAL,,249,"$406,237.75 ","$323,262.49 "
32820,80'S,,6,"$1,091.52 ",$873.22 
,OTHER,,35,"$39,756.53 ","$31,805.22 "
,TOTAL,,41,"$40,848.05 ","$32,678.44 "
32851,80'S,,52,"$22,212.16 ","$17,478.13 "
,OTHER,,178,"$429,247.16 ","$341,687.76 "
,TOTAL,,230,"$451,459.32 ","$359,165.89 "
32852,80'S,,10,"$4,705.57 ","$3,764.43 "
,OTHER,,25,"$62,960.28 ","$50,368.24 "
,TOTAL,,35,"$67,665.85 ","$54,132.67 "
32853,80'S,,40,"$19,578.42 ","$15,662.75 "
,OTHER,,126,"$377,012.19 ","$294,634.83 "
,TOTAL,,166,"$396,590.61 ","$310,297.58 "
32854,80'S,,44,"$23,651.17 ","$18,712.97 "
,OTHER,,142,"$430,289.41 ","$342,756.16 "
,TOTAL,,186,"$453,940.58 ","$361,469.13 "
32855,80'S,,30,"$1,069.36 ",$855.48 
,OTHER,,125,"$19,589.60 ","$15,545.49 "
,TOTAL,,155,"$20,658.96 ","$16,400.97 "
32856,80'S,,43,"$1,134.96 ",$901.31 
,OTHER,,175,"$28,628.67 ","$22,507.29 "
,TOTAL,,218,"$29,763.63 ","$23,408.60 "
32900,80'S,,37,"$5,891.26 ","$4,704.52 "
,OTHER,,168,"$156,310.39 ","$122,712.18 "
,TOTAL,,205,"$162,201.65 ","$127,416.70 "
32905,80'S,,6,"$1,177.85 ",$942.28 
,OTHER,,38,"$41,015.19 ","$32,812.17 "
,TOTAL,,44,"$42,193.04 ","$33,754.45 "
32906,80'S,,5,"$1,085.31 ",$679.90 
,OTHER,,48,"$57,647.07 ","$44,551.66 "
,TOTAL,,53,"$58,732.38 ","$45,231.56 "
32940,80'S,,8,"$1,281.49 ","$1,025.18 "
,OTHER,,54,"$37,900.88 ","$30,320.71 "
,TOTAL,,62,"$39,182.37 ","$31,345.89 "
32960,OTHER,,78,"$5,060.36 ","$4,032.04 "
,TOTAL,,78,"$5,060.36 ","$4,032.04 "
32997,OTHER,,220,"$59,740.26 ","$47,687.72 "
,TOTAL,,220,"$59,740.26 ","$47,687.72 "
32998,80'S,,35,"$1,479.94 ","$1,183.91 "
,OTHER,,811,"$281,182.86 ","$224,106.35 "
,TOTAL,,846,"$282,662.80 ","$225,290.26 "
32999,80'S,,21,"$2,073.22 ","$1,655.93 "
,OTHER,,"1,396","$341,430.41 ","$272,839.70 "
,TOTAL,,"1,417","$343,503.63 ","$274,495.63 "
33010,SG,CARDIOVASCULAR,1,$212.69 ,$170.15 
,OTHER,,"4,064","$410,705.80 ","$323,740.51 "
,TOTAL,,"4,065","$410,918.49 ","$323,910.66 "
33011,OTHER,,137,"$8,996.69 ","$7,090.12 "
,TOTAL,,137,"$8,996.69 ","$7,090.12 "
33015,OTHER,,476,"$212,415.33 ","$169,012.26 "
,TOTAL,,476,"$212,415.33 ","$169,012.26 "
33020,80'S,,33,"$3,186.97 ","$2,549.55 "
,OTHER,,250,"$156,164.86 ","$123,901.27 "
,TOTAL,,283,"$159,351.83 ","$126,450.82 "
33025,80'S,,553,"$62,631.12 ","$49,942.92 "
,OTHER,,"6,692","$4,276,760.07 ","$3,406,129.39 "
,TOTAL,,"7,245","$4,339,391.19 ","$3,456,072.31 "
33030,80'S,,123,"$20,029.63 ","$16,023.77 "
,OTHER,,650,"$604,111.28 ","$480,516.64 "
,TOTAL,,773,"$624,140.91 ","$496,540.41 "
33031,80'S,,86,"$11,335.40 ","$9,013.54 "
,OTHER,,299,"$214,529.57 ","$170,822.70 "
,TOTAL,,385,"$225,864.97 ","$179,836.24 "
33050,80'S,,17,"$1,962.71 ","$1,570.18 "
,OTHER,,111,"$62,819.15 ","$50,045.66 "
,TOTAL,,128,"$64,781.86 ","$51,615.84 "
33120,80'S,,204,"$37,714.36 ","$30,171.40 "
,OTHER,,807,"$740,298.43 ","$589,387.05 "
,TOTAL,,"1,011","$778,012.79 ","$619,558.45 "
33130,80'S,,9,"$1,455.82 ","$1,164.67 "
,OTHER,,42,"$30,359.10 ","$24,287.28 "
,TOTAL,,51,"$31,814.92 ","$25,451.95 "
33140,80'S,,15,"$3,338.29 ","$2,670.62 "
,OTHER,,97,"$108,859.49 ","$84,969.84 "
,TOTAL,,112,"$112,197.78 ","$87,640.46 "
33141,80'S,,244,"$6,437.67 ","$5,135.83 "
,OTHER,,"1,597","$195,776.67 ","$155,836.19 "
,TOTAL,,"1,841","$202,214.34 ","$160,972.02 "
33202,OTHER,,"2,765","$1,625,022.63 ","$1,291,962.13 "
,TOTAL,,"2,765","$1,625,022.63 ","$1,291,962.13 "
33203,OTHER,,210,"$150,410.65 ","$118,982.46 "
,TOTAL,,210,"$150,410.65 ","$118,982.46 "
33206,OTHER,,"1,607","$638,100.68 ","$506,889.38 "
,TOTAL,,"1,607","$638,100.68 ","$506,889.38 "
33207,80'S,,1,$93.87 ,$75.10 
,OTHER,,"27,869","$13,910,827.29 ","$11,072,668.80 "
,TOTAL,,"27,870","$13,910,921.16 ","$11,072,743.90 "
33208,OTHER,,"120,924","$57,657,534.05 ","$45,846,891.52 "
,TOTAL,,"120,924","$57,657,534.05 ","$45,846,891.52 "
33210,OTHER,,"21,469","$2,758,724.22 ","$2,186,306.26 "
,TOTAL,,"21,469","$2,758,724.22 ","$2,186,306.26 "
33211,OTHER,,"1,103","$127,337.19 ","$100,945.82 "
,TOTAL,,"1,103","$127,337.19 ","$100,945.82 "
33212,SG,,1,$497.77 ,$398.22 
,OTHER,,"13,156","$4,241,088.60 ","$3,359,839.00 "
,TOTAL,,"13,157","$4,241,586.37 ","$3,360,237.22 "
33213,80'S,,1,$49.35 ,$39.48 
,OTHER,,"44,676","$16,449,659.61 ","$13,036,649.20 "
,TOTAL,,"44,677","$16,449,708.96 ","$13,036,688.68 "
33214,80'S,,5,$346.12 ,$276.89 
,OTHER,,923,"$385,029.23 ","$305,748.74 "
,TOTAL,,928,"$385,375.35 ","$306,025.63 "
33215,OTHER,,"5,069","$1,299,442.73 ","$1,033,057.80 "
,TOTAL,,"5,069","$1,299,442.73 ","$1,033,057.80 "
33216,OTHER,,"5,796","$1,663,097.07 ","$1,317,469.81 "
,TOTAL,,"5,796","$1,663,097.07 ","$1,317,469.81 "
33217,OTHER,,"3,662","$1,072,107.67 ","$851,856.33 "
,TOTAL,,"3,662","$1,072,107.67 ","$851,856.33 "
33218,OTHER,,761,"$240,070.45 ","$190,964.96 "
,TOTAL,,761,"$240,070.45 ","$190,964.96 "
33220,OTHER,,444,"$142,838.10 ","$113,885.62 "
,TOTAL,,444,"$142,838.10 ","$113,885.62 "
33222,SG,,4,"$1,778.45 ","$1,422.77 "
,OTHER,,"3,681","$899,288.36 ","$713,779.30 "
,TOTAL,,"3,685","$901,066.81 ","$715,202.07 "
33223,SG,,1,$446.75 ,$357.40 
,80'S,,6,$292.49 ,$234.00 
,OTHER,,"5,344","$1,512,600.03 ","$1,201,277.31 "
,TOTAL,,"5,351","$1,513,339.27 ","$1,201,868.71 "
33224,OTHER,,"3,279","$1,364,958.00 ","$1,083,042.95 "
,TOTAL,,"3,279","$1,364,958.00 ","$1,083,042.95 "
33225,OTHER,,"33,504","$14,536,192.34 ","$11,567,719.50 "
,TOTAL,,"33,504","$14,536,192.34 ","$11,567,719.50 "
33226,OTHER,,990,"$451,628.05 ","$358,200.58 "
,TOTAL,,990,"$451,628.05 ","$358,200.58 "
33233,SG,,2,$448.84 ,$359.07 
,80'S,,1,$15.85 ,$12.68 
,OTHER,,"61,561","$7,951,862.96 ","$6,313,521.09 "
,TOTAL,,"61,564","$7,952,327.65 ","$6,313,892.84 "
33234,OTHER,,"3,880","$1,412,183.86 ","$1,124,432.76 "
,TOTAL,,"3,880","$1,412,183.86 ","$1,124,432.76 "
33235,80'S,,1,$81.44 ,$65.15 
,OTHER,,"3,639","$2,011,537.72 ","$1,602,670.32 "
,TOTAL,,"3,640","$2,011,619.16 ","$1,602,735.47 "
33236,OTHER,,77,"$49,025.15 ","$39,155.07 "
,TOTAL,,77,"$49,025.15 ","$39,155.07 "
33237,80'S,,1,$132.08 ,$105.66 
,OTHER,,84,"$57,049.90 ","$45,140.88 "
,TOTAL,,85,"$57,181.98 ","$45,246.54 "
33238,80'S,,4,$345.12 ,$276.09 
,OTHER,,102,"$69,630.45 ","$55,602.74 "
,TOTAL,,106,"$69,975.57 ","$55,878.83 "
33240,OTHER,,"22,653","$9,903,491.51 ","$7,835,302.40 "
,TOTAL,,"22,653","$9,903,491.51 ","$7,835,302.40 "
33241,80'S,,21,$507.10 ,$405.69 
,OTHER,,"27,030","$3,374,835.98 ","$2,670,945.48 "
,TOTAL,,"27,051","$3,375,343.08 ","$2,671,351.17 "
33243,80'S,,55,"$7,357.97 ","$5,743.70 "
,OTHER,,366,"$344,483.89 ","$272,776.53 "
,TOTAL,,421,"$351,841.86 ","$278,520.23 "
33244,80'S,,3,$351.85 ,$281.49 
,OTHER,,"4,550","$3,330,205.26 ","$2,640,620.28 "
,TOTAL,,"4,553","$3,330,557.11 ","$2,640,901.77 "
33249,OTHER,,"67,582","$57,632,811.08 ","$45,777,711.55 "
,TOTAL,,"67,582","$57,632,811.08 ","$45,777,711.55 "
33250,80'S,,14,"$1,707.06 ","$1,365.63 "
,OTHER,,23,"$20,715.53 ","$16,557.02 "
,TOTAL,,37,"$22,422.59 ","$17,922.65 "
33251,80'S,,98,"$12,265.56 ","$9,812.55 "
,OTHER,,326,"$211,267.74 ","$168,447.25 "
,TOTAL,,424,"$223,533.30 ","$178,259.80 "
33254,80'S,,48,"$8,676.06 ","$6,898.94 "
,OTHER,,209,"$186,833.95 ","$149,232.06 "
,TOTAL,,257,"$195,510.01 ","$156,131.00 "
33255,80'S,,27,"$6,247.65 ","$4,793.86 "
,OTHER,,114,"$135,985.66 ","$106,569.56 "
,TOTAL,,141,"$142,233.31 ","$111,363.42 "
33256,80'S,,45,"$12,837.41 ","$10,269.90 "
,OTHER,,148,"$202,887.48 ","$161,211.78 "
,TOTAL,,193,"$215,724.89 ","$171,481.68 "
33261,80'S,,60,"$7,605.62 ","$6,075.03 "
,OTHER,,152,"$102,205.16 ","$80,888.93 "
,TOTAL,,212,"$109,810.78 ","$86,963.96 "
33265,80'S,,47,"$8,890.19 ","$6,988.13 "
,OTHER,,178,"$170,734.01 ","$136,391.94 "
,TOTAL,,225,"$179,624.20 ","$143,380.07 "
33266,80'S,,54,"$14,541.58 ","$11,368.45 "
,OTHER,,227,"$309,458.24 ","$246,325.90 "
,TOTAL,,281,"$323,999.82 ","$257,694.35 "
33282,OTHER,,"3,934","$1,229,922.64 ","$976,272.44 "
,TOTAL,,"3,934","$1,229,922.64 ","$976,272.44 "
33284,OTHER,,"2,541","$521,673.10 ","$407,576.84 "
,TOTAL,,"2,541","$521,673.10 ","$407,576.84 "
33300,80'S,,42,"$12,932.84 ","$10,241.44 "
,OTHER,,265,"$431,934.83 ","$344,130.58 "
,TOTAL,,307,"$444,867.67 ","$354,372.02 "
33305,80'S,,64,"$32,128.41 ","$25,702.73 "
,OTHER,,236,"$608,084.55 ","$485,106.32 "
,TOTAL,,300,"$640,212.96 ","$510,809.05 "
33310,80'S,,8,"$1,178.22 ",$942.58 
,OTHER,,100,"$73,071.11 ","$58,415.00 "
,TOTAL,,108,"$74,249.33 ","$59,357.58 "
33315,80'S,,65,"$9,326.89 ","$7,374.30 "
,OTHER,,308,"$231,056.45 ","$183,257.44 "
,TOTAL,,373,"$240,383.34 ","$190,631.74 "
33320,80'S,,31,"$3,200.57 ","$2,560.43 "
,OTHER,,176,"$113,759.66 ","$90,253.15 "
,TOTAL,,207,"$116,960.23 ","$92,813.58 "
33321,OTHER,,5,"$2,837.92 ","$2,270.34 "
,TOTAL,,5,"$2,837.92 ","$2,270.34 "
33322,80'S,,43,"$5,397.80 ","$4,310.56 "
,OTHER,,176,"$119,116.16 ","$95,153.28 "
,TOTAL,,219,"$124,513.96 ","$99,463.84 "
33330,80'S,,10,"$1,286.02 ",$924.04 
,OTHER,,43,"$34,318.08 ","$27,454.44 "
,TOTAL,,53,"$35,604.10 ","$28,378.48 "
33335,80'S,,35,"$5,636.38 ","$4,509.10 "
,OTHER,,125,"$111,820.17 ","$89,456.08 "
,TOTAL,,160,"$117,456.55 ","$93,965.18 "
33400,80'S,,104,"$23,338.14 ","$18,670.47 "
,OTHER,,386,"$463,965.77 ","$368,812.02 "
,TOTAL,,490,"$487,303.91 ","$387,482.49 "
33401,OTHER,,6,"$4,295.75 ","$3,436.59 "
,TOTAL,,6,"$4,295.75 ","$3,436.59 "
33403,80'S,,3,$354.06 ,$283.25 
,OTHER,,9,"$6,821.84 ","$5,457.47 "
,TOTAL,,12,"$7,175.90 ","$5,740.72 "
33404,80'S,,36,"$9,617.04 ","$7,693.59 "
,OTHER,,79,"$121,357.63 ","$96,269.12 "
,TOTAL,,115,"$130,974.67 ","$103,962.71 "
33405,80'S,,"10,516","$3,431,169.87 ","$2,731,470.22 "
,OTHER,,"38,742","$63,161,758.94 ","$50,260,401.96 "
,TOTAL,,"49,258","$66,592,928.81 ","$52,991,872.18 "
33406,80'S,,221,"$89,224.73 ","$71,311.86 "
,OTHER,,583,"$1,308,125.45 ","$1,039,576.48 "
,TOTAL,,804,"$1,397,350.18 ","$1,110,888.34 "
33410,80'S,,422,"$142,680.67 ","$114,015.04 "
,OTHER,,"1,538","$2,675,074.74 ","$2,133,075.75 "
,TOTAL,,"1,960","$2,817,755.41 ","$2,247,090.79 "
33411,80'S,,336,"$163,757.71 ","$130,448.93 "
,OTHER,,"1,125","$2,726,392.89 ","$2,165,358.13 "
,TOTAL,,"1,461","$2,890,150.60 ","$2,295,807.06 "
33412,80'S,,15,"$5,896.91 ","$4,717.52 "
,OTHER,,40,"$79,635.25 ","$62,221.22 "
,TOTAL,,55,"$85,532.16 ","$66,938.74 "
33413,80'S,,6,"$2,653.56 ","$2,122.86 "
,OTHER,,11,"$27,373.00 ","$21,898.38 "
,TOTAL,,17,"$30,026.56 ","$24,021.24 "
33414,80'S,,14,"$2,457.83 ","$1,966.26 "
,OTHER,,97,"$84,311.24 ","$67,449.07 "
,TOTAL,,111,"$86,769.07 ","$69,415.33 "
33415,80'S,,24,"$4,225.02 ","$3,380.02 "
,OTHER,,139,"$115,621.23 ","$91,398.56 "
,TOTAL,,163,"$119,846.25 ","$94,778.58 "
33416,80'S,,162,"$30,265.83 ","$23,920.92 "
,OTHER,,767,"$710,085.91 ","$566,902.21 "
,TOTAL,,929,"$740,351.74 ","$590,823.13 "
33417,80'S,,68,"$10,093.80 ","$7,970.25 "
,OTHER,,185,"$132,288.32 ","$105,830.61 "
,TOTAL,,253,"$142,382.12 ","$113,800.86 "
33420,OTHER,,99,"$21,291.97 ","$16,873.11 "
,TOTAL,,99,"$21,291.97 ","$16,873.11 "
33422,80'S,,23,"$3,636.70 ","$2,909.35 "
,OTHER,,74,"$57,697.01 ","$46,157.58 "
,TOTAL,,97,"$61,333.71 ","$49,066.93 "
33425,80'S,,245,"$87,820.95 ","$69,945.53 "
,OTHER,,808,"$1,517,762.06 ","$1,207,574.11 "
,TOTAL,,"1,053","$1,605,583.01 ","$1,277,519.64 "
33426,80'S,,"2,121","$716,126.47 ","$568,790.81 "
,OTHER,,"9,004","$14,863,512.23 ","$11,824,204.33 "
,TOTAL,,"11,125","$15,579,638.70 ","$12,392,995.14 "
33427,80'S,,989,"$381,989.75 ","$304,300.06 "
,OTHER,,"3,710","$7,260,678.44 ","$5,772,810.82 "
,TOTAL,,"4,699","$7,642,668.19 ","$6,077,110.88 "
33430,80'S,,"3,163","$1,266,638.62 ","$1,007,464.30 "
,OTHER,,"11,476","$23,027,133.21 ","$18,326,538.24 "
,TOTAL,,"14,639","$24,293,771.83 ","$19,334,002.54 "
33460,80'S,,12,"$2,827.05 ","$2,261.64 "
,OTHER,,61,"$56,472.60 ","$45,178.06 "
,TOTAL,,73,"$59,299.65 ","$47,439.70 "
33463,80'S,,218,"$85,130.44 ","$67,644.88 "
,OTHER,,961,"$1,892,267.61 ","$1,504,759.59 "
,TOTAL,,"1,179","$1,977,398.05 ","$1,572,404.47 "
33464,80'S,,821,"$159,120.96 ","$126,212.49 "
,OTHER,,"3,423","$3,338,829.43 ","$2,658,446.50 "
,TOTAL,,"4,244","$3,497,950.39 ","$2,784,658.99 "
33465,80'S,,99,"$30,502.85 ","$24,402.35 "
,OTHER,,434,"$730,150.06 ","$584,015.08 "
,TOTAL,,533,"$760,652.91 ","$608,417.43 "
33468,80'S,,4,$639.14 ,$511.32 
,OTHER,,11,"$10,582.30 ","$8,465.84 "
,TOTAL,,15,"$11,221.44 ","$8,977.16 "
33470,OTHER,,3,"$1,739.68 ","$1,391.75 "
,TOTAL,,3,"$1,739.68 ","$1,391.75 "
33474,OTHER,,6,"$7,802.41 ","$6,241.92 "
,TOTAL,,6,"$7,802.41 ","$6,241.92 "
33475,80'S,,18,"$4,912.11 ","$3,929.67 "
,OTHER,,89,"$138,216.37 ","$110,573.05 "
,TOTAL,,107,"$143,128.48 ","$114,502.72 "
33476,80'S,,1,$127.85 ,$102.28 
,OTHER,,5,"$5,925.74 ","$4,740.59 "
,TOTAL,,6,"$6,053.59 ","$4,842.87 "
33478,80'S,,5,$611.61 ,$489.30 
,OTHER,,23,"$17,439.77 ","$13,951.79 "
,TOTAL,,28,"$18,051.38 ","$14,441.09 "
33496,80'S,,27,"$5,408.25 ","$4,309.61 "
,OTHER,,90,"$98,343.77 ","$77,935.77 "
,TOTAL,,117,"$103,752.02 ","$82,245.38 "
33500,80'S,,10,"$1,342.87 ","$1,074.31 "
,OTHER,,49,"$32,136.15 ","$25,708.95 "
,TOTAL,,59,"$33,479.02 ","$26,783.26 "
33501,80'S,,19,"$3,042.87 ","$2,434.36 "
,OTHER,,78,"$60,500.20 ","$48,284.00 "
,TOTAL,,97,"$63,543.07 ","$50,718.36 "
33502,80'S,,27,"$2,886.98 ","$2,309.64 "
,OTHER,,101,"$56,926.66 ","$44,949.76 "
,TOTAL,,128,"$59,813.64 ","$47,259.40 "
33503,80'S,,1,$87.82 ,$70.26 
,OTHER,,16,"$17,516.16 ","$14,012.91 "
,TOTAL,,17,"$17,603.98 ","$14,083.17 "
33504,80'S,,5,$609.29 ,$487.43 
,OTHER,,8,"$6,636.16 ","$5,308.93 "
,TOTAL,,13,"$7,245.45 ","$5,796.36 "
33505,80'S,,2,$453.31 ,$362.64 
,OTHER,,5,"$4,985.10 ","$3,988.08 "
,TOTAL,,7,"$5,438.41 ","$4,350.72 "
33506,80'S,,1,$100.00 ,$80.00 
,OTHER,,5,"$10,207.37 ","$8,165.89 "
,TOTAL,,6,"$10,307.37 ","$8,245.89 "
33507,80'S,,3,$418.42 ,$334.73 
,OTHER,,21,"$19,190.82 ","$15,352.67 "
,TOTAL,,24,"$19,609.24 ","$15,687.40 "
33508,80'S,,"10,079","$24,708.81 ","$19,714.56 "
,OTHER,,"77,876","$1,006,168.99 ","$799,429.28 "
,TOTAL,,"87,955","$1,030,877.80 ","$819,143.84 "
33510,80'S,,"2,314","$423,555.50 ","$337,405.45 "
,OTHER,,"8,703","$7,908,928.49 ","$6,296,407.47 "
,TOTAL,,"11,017","$8,332,483.99 ","$6,633,812.92 "
33511,80'S,,"1,980","$479,911.93 ","$382,798.61 "
,OTHER,,"7,791","$9,437,838.38 ","$7,500,095.66 "
,TOTAL,,"9,771","$9,917,750.31 ","$7,882,894.27 "
33512,80'S,,"1,548","$532,199.57 ","$422,720.04 "
,OTHER,,"6,462","$10,837,582.92 ","$8,606,308.64 "
,TOTAL,,"8,010","$11,369,782.49 ","$9,029,028.68 "
33513,80'S,,639,"$226,386.81 ","$179,728.39 "
,OTHER,,"3,026","$4,719,337.65 ","$3,744,506.19 "
,TOTAL,,"3,665","$4,945,724.46 ","$3,924,234.58 "
33514,80'S,,162,"$60,310.94 ","$47,856.54 "
,OTHER,,665,"$1,209,086.12 ","$961,421.45 "
,TOTAL,,827,"$1,269,397.06 ","$1,009,277.99 "
33516,80'S,,35,"$13,426.00 ","$10,740.79 "
,OTHER,,156,"$293,086.26 ","$233,300.58 "
,TOTAL,,191,"$306,512.26 ","$244,041.37 "
33517,80'S,,"5,218","$139,050.23 ","$110,731.71 "
,OTHER,,"22,480","$3,006,597.50 ","$2,389,390.80 "
,TOTAL,,"27,698","$3,145,647.73 ","$2,500,122.51 "
33518,80'S,,"11,249","$641,421.03 ","$510,775.34 "
,OTHER,,"49,415","$13,855,176.97 ","$10,999,299.40 "
,TOTAL,,"60,664","$14,496,598.00 ","$11,510,074.74 "
33519,80'S,,"8,337","$642,306.70 ","$510,780.38 "
,OTHER,,"36,806","$13,687,451.30 ","$10,865,603.67 "
,TOTAL,,"45,143","$14,329,758.00 ","$11,376,384.05 "
33521,80'S,,"2,596","$243,997.59 ","$194,061.59 "
,OTHER,,"11,103","$5,007,383.19 ","$3,975,647.12 "
,TOTAL,,"13,699","$5,251,380.78 ","$4,169,708.71 "
33522,80'S,,512,"$55,381.97 ","$44,009.77 "
,OTHER,,"1,992","$1,036,969.05 ","$824,722.41 "
,TOTAL,,"2,504","$1,092,351.02 ","$868,732.18 "
33523,80'S,,136,"$17,274.85 ","$13,760.10 "
,OTHER,,345,"$224,228.62 ","$177,913.04 "
,TOTAL,,481,"$241,503.47 ","$191,673.14 "
33530,80'S,,"3,766","$274,614.78 ","$218,653.27 "
,OTHER,,"15,430","$5,678,040.05 ","$4,513,397.07 "
,TOTAL,,"19,196","$5,952,654.83 ","$4,732,050.34 "
33533,80'S,,"27,912","$7,648,946.84 ","$6,078,484.27 "
,OTHER,,"120,223","$161,177,624.69 ","$127,934,071.44 "
,TOTAL,,"148,135","$168,826,571.53 ","$134,012,555.71 "
33534,80'S,,"2,266","$730,674.89 ","$579,175.62 "
,OTHER,,"10,542","$16,670,226.21 ","$13,222,306.30 "
,TOTAL,,"12,808","$17,400,901.10 ","$13,801,481.92 "
33535,80'S,,478,"$176,967.88 ","$141,206.83 "
,OTHER,,"2,229","$3,959,792.07 ","$3,139,059.79 "
,TOTAL,,"2,707","$4,136,759.95 ","$3,280,266.62 "
33536,80'S,,179,"$68,098.41 ","$53,192.07 "
,OTHER,,815,"$1,448,849.66 ","$1,139,830.84 "
,TOTAL,,994,"$1,516,948.07 ","$1,193,022.91 "
33542,80'S,,186,"$63,212.74 ","$50,139.00 "
,OTHER,,764,"$1,284,056.20 ","$1,015,764.69 "
,TOTAL,,950,"$1,347,268.94 ","$1,065,903.69 "
33545,80'S,,41,"$17,859.81 ","$14,287.86 "
,OTHER,,139,"$339,525.77 ","$271,568.95 "
,TOTAL,,180,"$357,385.58 ","$285,856.81 "
33548,80'S,,67,"$28,758.65 ","$23,006.92 "
,OTHER,,282,"$622,792.33 ","$494,201.30 "
,TOTAL,,349,"$651,550.98 ","$517,208.22 "
33572,80'S,,688,"$24,597.61 ","$19,564.80 "
,OTHER,,"3,402","$610,213.25 ","$484,280.05 "
,TOTAL,,"4,090","$634,810.86 ","$503,844.85 "
33600,80'S,,4,$603.81 ,$483.05 
,OTHER,,7,"$5,423.68 ","$4,338.94 "
,TOTAL,,11,"$6,027.49 ","$4,821.99 "
33602,80'S,,1,$129.14 ,$103.31 
,OTHER,,11,"$12,211.76 ","$9,769.40 "
,TOTAL,,12,"$12,340.90 ","$9,872.71 "
33606,OTHER,,1,$893.82 ,$715.06 
,TOTAL,,1,$893.82 ,$715.06 
33608,80'S,,5,$824.98 ,$629.86 
,OTHER,,11,"$14,464.80 ","$11,571.85 "
,TOTAL,,16,"$15,289.78 ","$12,201.71 "
33610,80'S,,1,$147.38 ,$117.90 
,OTHER,,1,$921.12 ,$736.90 
,TOTAL,,2,"$1,068.50 ",$854.80 
33611,OTHER,,2,"$3,596.93 ","$2,877.54 "
,TOTAL,,2,"$3,596.93 ","$2,877.54 "
33612,80'S,,2,$497.14 ,$397.71 
,OTHER,,4,"$4,102.73 ","$3,282.19 "
,TOTAL,,6,"$4,599.87 ","$3,679.90 "
33615,80'S,,8,"$1,318.70 ","$1,054.98 "
,OTHER,,31,"$34,110.38 ","$27,265.05 "
,TOTAL,,39,"$35,429.08 ","$28,320.03 "
33617,80'S,,1,$139.38 ,$111.50 
,OTHER,,9,"$14,177.81 ","$11,342.25 "
,TOTAL,,10,"$14,317.19 ","$11,453.75 "
33619,OTHER,,5,"$3,810.80 ","$2,958.85 "
,TOTAL,,5,"$3,810.80 ","$2,958.85 "
33641,80'S,,654,"$84,792.48 ","$67,049.28 "
,OTHER,,"2,903","$1,871,077.16 ","$1,489,670.82 "
,TOTAL,,"3,557","$1,955,869.64 ","$1,556,720.10 "
33645,80'S,,16,"$3,031.87 ","$2,425.51 "
,OTHER,,51,"$48,312.13 ","$38,649.69 "
,TOTAL,,67,"$51,344.00 ","$41,075.20 "
33647,80'S,,10,"$1,858.26 ","$1,486.62 "
,OTHER,,47,"$40,493.62 ","$31,682.99 "
,TOTAL,,57,"$42,351.88 ","$33,169.61 "
33660,80'S,,6,"$1,114.25 ",$891.40 
,OTHER,,76,"$50,055.33 ","$39,377.44 "
,TOTAL,,82,"$51,169.58 ","$40,268.84 "
33665,80'S,,1,$323.72 ,$258.98 
,OTHER,,1,"$2,023.28 ","$1,618.62 "
,TOTAL,,2,"$2,347.00 ","$1,877.60 "
33670,OTHER,,1,"$1,024.76 ",$819.81 
,TOTAL,,1,"$1,024.76 ",$819.81 
33675,OTHER,,5,"$4,423.09 ","$3,538.47 "
,TOTAL,,5,"$4,423.09 ","$3,538.47 "
33681,80'S,,43,"$7,243.66 ","$5,794.90 "
,OTHER,,202,"$179,809.89 ","$143,322.91 "
,TOTAL,,245,"$187,053.55 ","$149,117.81 "
33684,80'S,,1,$277.00 ,$221.60 
,OTHER,,5,"$4,691.63 ","$3,753.30 "
,TOTAL,,6,"$4,968.63 ","$3,974.90 "
33688,OTHER,,3,"$2,572.69 ","$2,058.15 "
,TOTAL,,3,"$2,572.69 ","$2,058.15 "
33690,80'S,,2,$193.67 ,$154.94 
,OTHER,,9,"$4,270.33 ","$3,416.27 "
,TOTAL,,11,"$4,464.00 ","$3,571.21 "
33692,80'S,,1,$132.77 ,$106.22 
,OTHER,,1,$829.79 ,$663.83 
,TOTAL,,2,$962.56 ,$770.05 
33697,OTHER,,5,"$9,516.58 ","$7,613.27 "
,TOTAL,,5,"$9,516.58 ","$7,613.27 "
33702,80'S,,2,$371.79 ,$297.43 
,OTHER,,14,"$8,928.66 ","$7,142.93 "
,TOTAL,,16,"$9,300.45 ","$7,440.36 "
33710,OTHER,,2,"$2,368.75 ","$1,895.00 "
,TOTAL,,2,"$2,368.75 ","$1,895.00 "
33720,80'S,,18,"$2,474.41 ","$1,979.54 "
,OTHER,,50,"$36,635.55 ","$29,308.45 "
,TOTAL,,68,"$39,109.96 ","$31,287.99 "
33722,OTHER,,1,"$1,200.00 ",$960.00 
,TOTAL,,1,"$1,200.00 ",$960.00 
33724,OTHER,,11,"$10,361.81 ","$8,289.46 "
,TOTAL,,11,"$10,361.81 ","$8,289.46 "
33730,80'S,,3,$950.87 ,$760.69 
,OTHER,,6,"$10,238.80 ","$8,191.04 "
,TOTAL,,9,"$11,189.67 ","$8,951.73 "
33732,OTHER,,4,"$3,369.28 ","$2,695.42 "
,TOTAL,,4,"$3,369.28 ","$2,695.42 "
33736,80'S,,5,$664.28 ,$531.43 
,OTHER,,17,"$11,805.33 ","$9,444.22 "
,TOTAL,,22,"$12,469.61 ","$9,975.65 "
33737,OTHER,,2,$676.66 ,$541.33 
,TOTAL,,2,$676.66 ,$541.33 
33750,OTHER,,2,"$1,885.86 ","$1,508.69 "
,TOTAL,,2,"$1,885.86 ","$1,508.69 "
33755,80'S,,1,$114.98 ,$91.98 
,TOTAL,,1,$114.98 ,$91.98 
33764,OTHER,,4,"$3,786.27 ","$3,029.01 "
,TOTAL,,4,"$3,786.27 ","$3,029.01 "
33766,80'S,,1,$246.94 ,$197.55 
,OTHER,,3,"$3,800.05 ","$3,040.04 "
,TOTAL,,4,"$4,046.99 ","$3,237.59 "
33767,OTHER,,5,"$3,477.87 ","$2,782.30 "
,TOTAL,,5,"$3,477.87 ","$2,782.30 "
33770,OTHER,,1,"$2,444.66 ","$1,955.73 "
,TOTAL,,1,"$2,444.66 ","$1,955.73 "
33774,80'S,,11,"$2,019.36 ","$1,615.46 "
,OTHER,,53,"$37,127.63 ","$29,702.13 "
,TOTAL,,64,"$39,146.99 ","$31,317.59 "
33786,OTHER,,1,"$2,675.48 ","$2,140.38 "
,TOTAL,,1,"$2,675.48 ","$2,140.38 "
33800,80'S,,3,$427.47 ,$341.98 
,OTHER,,6,"$4,082.28 ","$3,265.82 "
,TOTAL,,9,"$4,509.75 ","$3,607.80 "
33802,OTHER,,4,"$2,729.66 ","$2,183.72 "
,TOTAL,,4,"$2,729.66 ","$2,183.72 "
33803,80'S,,1,$216.26 ,$173.01 
,OTHER,,3,"$3,051.00 ","$2,440.80 "
,TOTAL,,4,"$3,267.26 ","$2,613.81 "
33813,80'S,,1,$198.64 ,$158.91 
,OTHER,,4,"$3,150.81 ","$2,520.66 "
,TOTAL,,5,"$3,349.45 ","$2,679.57 "
33814,80'S,,4,$456.33 ,$365.06 
,OTHER,,20,"$12,392.70 ","$9,914.17 "
,TOTAL,,24,"$12,849.03 ","$10,279.23 "
33820,80'S,,2,$224.70 ,$179.76 
,OTHER,,23,"$12,385.76 ","$9,518.49 "
,TOTAL,,25,"$12,610.46 ","$9,698.25 "
33824,80'S,,3,$267.25 ,$213.80 
,OTHER,,5,"$2,236.39 ","$1,789.11 "
,TOTAL,,8,"$2,503.64 ","$2,002.91 "
33840,80'S,,2,$194.26 ,$155.41 
,OTHER,,3,"$1,763.49 ","$1,410.79 "
,TOTAL,,5,"$1,957.75 ","$1,566.20 "
33845,80'S,,1,$98.74 ,$78.99 
,OTHER,,5,"$4,188.11 ","$3,350.49 "
,TOTAL,,6,"$4,286.85 ","$3,429.48 "
33851,OTHER,,3,"$2,699.70 ","$2,159.76 "
,TOTAL,,3,"$2,699.70 ","$2,159.76 "
33852,80'S,,1,$197.03 ,$157.62 
,OTHER,,5,"$4,636.95 ","$3,709.57 "
,TOTAL,,6,"$4,833.98 ","$3,867.19 "
33853,80'S,,4,$543.69 ,$434.95 
,OTHER,,19,"$15,231.84 ","$12,185.45 "
,TOTAL,,23,"$15,775.53 ","$12,620.40 "
33860,80'S,,985,"$448,560.68 ","$357,578.30 "
,OTHER,,"3,792","$8,913,575.03 ","$7,077,056.68 "
,TOTAL,,"4,777","$9,362,135.71 ","$7,434,634.98 "
33861,80'S,,99,"$33,130.94 ","$26,504.74 "
,OTHER,,373,"$640,413.64 ","$508,781.92 "
,TOTAL,,472,"$673,544.58 ","$535,286.66 "
33863,80'S,,519,"$241,639.19 ","$192,834.04 "
,OTHER,,"2,148","$5,155,109.94 ","$4,084,175.31 "
,TOTAL,,"2,667","$5,396,749.13 ","$4,277,009.35 "
33870,80'S,,276,"$71,961.25 ","$57,538.00 "
,OTHER,,"1,174","$1,628,098.64 ","$1,296,544.32 "
,TOTAL,,"1,450","$1,700,059.89 ","$1,354,082.32 "
33875,80'S,,143,"$39,466.04 ","$31,572.85 "
,OTHER,,451,"$648,930.02 ","$510,355.56 "
,TOTAL,,594,"$688,396.06 ","$541,928.41 "
33877,80'S,,243,"$126,960.25 ","$100,820.58 "
,OTHER,,788,"$2,233,152.80 ","$1,770,602.93 "
,TOTAL,,"1,031","$2,360,113.05 ","$1,871,423.51 "
33880,80'S,,121,"$34,014.66 ","$27,189.08 "
,OTHER,,693,"$944,277.89 ","$751,698.40 "
,TOTAL,,814,"$978,292.55 ","$778,887.48 "
33881,80'S,,233,"$54,393.04 ","$43,338.09 "
,OTHER,,"1,437","$1,684,746.63 ","$1,341,349.60 "
,TOTAL,,"1,670","$1,739,139.67 ","$1,384,687.69 "
33883,80'S,,84,"$8,234.93 ","$6,587.96 "
,OTHER,,554,"$315,054.75 ","$251,870.66 "
,TOTAL,,638,"$323,289.68 ","$258,458.62 "
33884,80'S,,20,"$1,239.78 ",$991.80 
,OTHER,,136,"$47,870.09 ","$38,296.01 "
,TOTAL,,156,"$49,109.87 ","$39,287.81 "
33886,80'S,,6,$946.13 ,$756.91 
,OTHER,,70,"$49,641.67 ","$39,713.30 "
,TOTAL,,76,"$50,587.80 ","$40,470.21 "
33889,80'S,,5,$395.27 ,$316.22 
,OTHER,,40,"$19,540.29 ","$15,632.20 "
,TOTAL,,45,"$19,935.56 ","$15,948.42 "
33891,80'S,,4,$494.08 ,$395.25 
,OTHER,,18,"$13,754.89 ","$11,003.90 "
,TOTAL,,22,"$14,248.97 ","$11,399.15 "
33910,80'S,,22,"$4,618.45 ","$3,564.76 "
,OTHER,,121,"$138,041.07 ","$109,593.31 "
,TOTAL,,143,"$142,659.52 ","$113,158.07 "
33915,80'S,,1,$203.87 ,$163.10 
,OTHER,,5,"$6,138.08 ","$4,910.46 "
,TOTAL,,6,"$6,341.95 ","$5,073.56 "
33916,80'S,,5,$704.58 ,$563.66 
,OTHER,,52,"$71,616.43 ","$57,293.10 "
,TOTAL,,57,"$72,321.01 ","$57,856.76 "
33917,80'S,,7,$920.30 ,$736.23 
,OTHER,,50,"$44,096.13 ","$34,597.76 "
,TOTAL,,57,"$45,016.43 ","$35,333.99 "
33920,80'S,,2,$539.65 ,$431.72 
,OTHER,,2,"$2,575.02 ","$2,060.01 "
,TOTAL,,4,"$3,114.67 ","$2,491.73 "
33922,80'S,,2,$319.86 ,$255.89 
,OTHER,,9,"$7,436.81 ","$5,949.46 "
,TOTAL,,11,"$7,756.67 ","$6,205.35 "
33924,OTHER,,5,"$1,317.63 ","$1,054.11 "
,TOTAL,,5,"$1,317.63 ","$1,054.11 "
33925,OTHER,,4,"$5,458.46 ","$4,366.76 "
,TOTAL,,4,"$5,458.46 ","$4,366.76 "
33926,OTHER,,2,"$3,127.24 ","$2,501.80 "
,TOTAL,,2,"$3,127.24 ","$2,501.80 "
33933,80'S,,2,$92.95 ,$74.36 
,OTHER,,6,"$1,183.11 ",$946.49 
,TOTAL,,8,"$1,276.06 ","$1,020.85 "
33935,80'S,,2,"$1,242.50 ",$994.00 
,OTHER,,11,"$38,133.76 ","$30,506.99 "
,TOTAL,,13,"$39,376.26 ","$31,500.99 "
33940,OTHER,,1,$250.00 ,$200.00 
,TOTAL,,1,$250.00 ,$200.00 
33944,80'S,,58,"$1,528.66 ","$1,145.11 "
,OTHER,,216,"$37,406.17 ","$29,872.30 "
,TOTAL,,274,"$38,934.83 ","$31,017.41 "
33945,80'S,,208,"$140,052.34 ","$110,512.26 "
,OTHER,,543,"$2,125,092.52 ","$1,690,558.72 "
,TOTAL,,751,"$2,265,144.86 ","$1,801,070.98 "
33960,80'S,,9,"$1,321.36 ","$1,057.08 "
,OTHER,,66,"$52,056.81 ","$41,599.54 "
,TOTAL,,75,"$53,378.17 ","$42,656.62 "
33961,OTHER,,184,"$102,895.45 ","$82,316.20 "
,TOTAL,,184,"$102,895.45 ","$82,316.20 "
33967,80'S,,58,"$1,249.93 ",$998.30 
,OTHER,,"20,947","$3,778,205.95 ","$3,000,379.82 "
,TOTAL,,"21,005","$3,779,455.88 ","$3,001,378.12 "
33968,80'S,,2,$8.78 ,$7.02 
,OTHER,,"4,722","$154,903.10 ","$122,459.48 "
,TOTAL,,"4,724","$154,911.88 ","$122,466.50 "
33970,80'S,,247,"$7,248.17 ","$5,789.14 "
,OTHER,,"1,913","$399,289.83 ","$318,348.39 "
,TOTAL,,"2,160","$406,538.00 ","$324,137.53 "
33971,80'S,,1,$60.83 ,$48.66 
,OTHER,,745,"$445,129.60 ","$353,964.85 "
,TOTAL,,746,"$445,190.43 ","$354,013.51 "
33973,80'S,,24,"$1,172.01 ",$905.66 
,OTHER,,183,"$55,489.87 ","$44,275.40 "
,TOTAL,,207,"$56,661.88 ","$45,181.06 "
33974,OTHER,,85,"$65,921.15 ","$52,736.89 "
,TOTAL,,85,"$65,921.15 ","$52,736.89 "
33975,80'S,,57,"$7,331.74 ","$5,865.37 "
,OTHER,,190,"$145,400.15 ","$114,691.00 "
,TOTAL,,247,"$152,731.89 ","$120,556.37 "
33976,80'S,,19,"$2,682.56 ","$2,075.31 "
,OTHER,,76,"$67,611.15 ","$53,898.89 "
,TOTAL,,95,"$70,293.71 ","$55,974.20 "
33977,80'S,,20,"$2,679.86 ","$2,143.89 "
,OTHER,,111,"$97,699.58 ","$77,387.30 "
,TOTAL,,131,"$100,379.44 ","$79,531.19 "
33978,80'S,,7,"$1,243.80 ",$835.09 
,OTHER,,30,"$28,986.56 ","$23,189.24 "
,TOTAL,,37,"$30,230.36 ","$24,024.33 "
33979,80'S,,113,"$41,583.13 ","$33,266.51 "
,OTHER,,351,"$701,201.57 ","$559,892.53 "
,TOTAL,,464,"$742,784.70 ","$593,159.04 "
33980,80'S,,39,"$16,735.84 ","$13,366.28 "
,OTHER,,111,"$278,587.08 ","$220,814.55 "
,TOTAL,,150,"$295,322.92 ","$234,180.83 "
33999,80'S,,"1,096","$138,848.91 ","$110,878.07 "
,OTHER,,"8,469","$3,771,526.92 ","$3,010,192.49 "
,TOTAL,,"9,565","$3,910,375.83 ","$3,121,070.56 "
34001,80'S,,31,"$4,369.42 ","$3,495.52 "
,OTHER,,129,"$84,509.67 ","$67,488.44 "
,TOTAL,,160,"$88,879.09 ","$70,983.96 "
34051,80'S,,7,"$1,027.51 ",$821.98 
,OTHER,,36,"$31,787.55 ","$25,430.11 "
,TOTAL,,43,"$32,815.06 ","$26,252.09 "
34101,80'S,,95,"$7,961.81 ","$6,360.65 "
,OTHER,,"2,470","$1,240,851.96 ","$988,704.75 "
,TOTAL,,"2,565","$1,248,813.77 ","$995,065.40 "
34111,80'S,,23,"$1,970.18 ","$1,576.13 "
,OTHER,,819,"$411,368.97 ","$326,941.08 "
,TOTAL,,842,"$413,339.15 ","$328,517.21 "
34151,80'S,,72,"$13,403.53 ","$10,722.84 "
,OTHER,,425,"$481,625.45 ","$384,413.18 "
,TOTAL,,497,"$495,028.98 ","$395,136.02 "
34201,80'S,,700,"$80,728.73 ","$64,050.09 "
,OTHER,,"7,742","$5,641,986.81 ","$4,494,257.92 "
,TOTAL,,"8,442","$5,722,715.54 ","$4,558,308.01 "
34203,80'S,,229,"$29,556.25 ","$23,618.33 "
,OTHER,,"2,632","$2,082,077.81 ","$1,657,336.00 "
,TOTAL,,"2,861","$2,111,634.06 ","$1,680,954.33 "
34401,80'S,,15,"$2,766.89 ","$2,213.52 "
,OTHER,,88,"$97,781.48 ","$77,493.72 "
,TOTAL,,103,"$100,548.37 ","$79,707.24 "
34421,80'S,,21,"$1,889.91 ","$1,511.94 "
,OTHER,,187,"$108,093.69 ","$84,655.73 "
,TOTAL,,208,"$109,983.60 ","$86,167.67 "
34451,80'S,,4,"$1,007.17 ",$805.74 
,OTHER,,54,"$78,199.40 ","$62,394.05 "
,TOTAL,,58,"$79,206.57 ","$63,199.79 "
34471,OTHER,,34,"$24,841.52 ","$19,779.88 "
,TOTAL,,34,"$24,841.52 ","$19,779.88 "
34490,80'S,,1,$39.79 ,$31.83 
,OTHER,,288,"$139,736.37 ","$111,357.57 "
,TOTAL,,289,"$139,776.16 ","$111,389.40 "
34501,80'S,,6,$747.19 ,$597.75 
,OTHER,,98,"$70,203.70 ","$56,064.90 "
,TOTAL,,104,"$70,950.89 ","$56,662.65 "
34502,80'S,,41,"$9,227.76 ","$7,382.20 "
,OTHER,,146,"$190,844.51 ","$152,675.52 "
,TOTAL,,187,"$200,072.27 ","$160,057.72 "
34510,80'S,,1,$175.66 ,$140.53 
,OTHER,,17,"$13,845.08 ","$11,076.07 "
,TOTAL,,18,"$14,020.74 ","$11,216.60 "
34520,80'S,,6,$985.07 ,$788.06 
,OTHER,,52,"$48,655.20 ","$38,915.41 "
,TOTAL,,58,"$49,640.27 ","$39,703.47 "
34530,80'S,,1,$158.14 ,$126.51 
,OTHER,,10,"$7,030.40 ","$5,624.32 "
,TOTAL,,11,"$7,188.54 ","$5,750.83 "
34800,80'S,,62,"$11,490.87 ","$8,996.71 "
,OTHER,,520,"$495,955.93 ","$395,714.42 "
,TOTAL,,582,"$507,446.80 ","$404,711.13 "
34802,80'S,,"2,738","$539,271.85 ","$427,847.84 "
,OTHER,,"16,222","$15,900,852.47 ","$12,649,893.70 "
,TOTAL,,"18,960","$16,440,124.32 ","$13,077,741.54 "
34803,80'S,,963,"$197,073.19 ","$156,748.78 "
,OTHER,,"5,931","$6,338,905.05 ","$5,040,303.19 "
,TOTAL,,"6,894","$6,535,978.24 ","$5,197,051.97 "
34804,80'S,,237,"$46,053.31 ","$36,736.07 "
,OTHER,,"1,320","$1,327,193.18 ","$1,052,622.48 "
,TOTAL,,"1,557","$1,373,246.49 ","$1,089,358.55 "
34805,80'S,,109,"$20,268.32 ","$16,109.85 "
,OTHER,,597,"$570,089.26 ","$455,741.14 "
,TOTAL,,706,"$590,357.58 ","$471,850.99 "
34808,80'S,,68,"$2,308.63 ","$1,846.98 "
,OTHER,,387,"$74,221.11 ","$59,374.02 "
,TOTAL,,455,"$76,529.74 ","$61,221.00 "
34812,80'S,,"3,979","$142,422.55 ","$113,277.11 "
,OTHER,,"25,123","$5,364,307.47 ","$4,270,192.39 "
,TOTAL,,"29,102","$5,506,730.02 ","$4,383,469.50 "
34813,80'S,,72,"$2,913.06 ","$2,330.45 "
,OTHER,,447,"$103,433.09 ","$82,746.31 "
,TOTAL,,519,"$106,346.15 ","$85,076.76 "
34820,80'S,,101,"$4,948.45 ","$3,910.93 "
,OTHER,,522,"$149,126.38 ","$118,831.00 "
,TOTAL,,623,"$154,074.83 ","$122,741.93 "
34825,80'S,,"2,145","$130,883.39 ","$104,213.05 "
,OTHER,,"14,169","$4,595,414.17 ","$3,661,850.73 "
,TOTAL,,"16,314","$4,726,297.56 ","$3,766,063.78 "
34826,80'S,,903,"$30,047.34 ","$24,010.02 "
,OTHER,,"6,060","$1,063,065.68 ","$846,222.59 "
,TOTAL,,"6,963","$1,093,113.02 ","$870,232.61 "
34830,80'S,,12,"$3,383.38 ","$2,706.70 "
,OTHER,,63,"$105,835.39 ","$83,761.79 "
,TOTAL,,75,"$109,218.77 ","$86,468.49 "
34831,80'S,,9,"$2,744.20 ","$2,195.36 "
,OTHER,,74,"$121,569.30 ","$97,045.85 "
,TOTAL,,83,"$124,313.50 ","$99,241.21 "
34832,80'S,,14,"$4,169.21 ","$3,335.37 "
,OTHER,,67,"$121,959.06 ","$97,371.28 "
,TOTAL,,81,"$126,128.27 ","$100,706.65 "
34833,80'S,,49,"$2,765.74 ","$2,192.56 "
,OTHER,,257,"$81,692.87 ","$65,207.41 "
,TOTAL,,306,"$84,458.61 ","$67,399.97 "
34834,80'S,,28,$719.33 ,$575.49 
,OTHER,,148,"$24,348.33 ","$19,478.68 "
,TOTAL,,176,"$25,067.66 ","$20,054.17 "
34900,80'S,,142,"$19,885.79 ","$15,727.49 "
,OTHER,,"1,015","$791,737.11 ","$629,861.10 "
,TOTAL,,"1,157","$811,622.90 ","$645,588.59 "
35001,80'S,,52,"$9,538.05 ","$7,630.50 "
,OTHER,,292,"$284,419.86 ","$225,897.07 "
,TOTAL,,344,"$293,957.91 ","$233,527.57 "
35002,80'S,,5,$945.94 ,$756.76 
,OTHER,,16,"$16,898.39 ","$13,518.74 "
,TOTAL,,21,"$17,844.33 ","$14,275.50 "
35005,80'S,,1,$184.08 ,$147.26 
,OTHER,,1,$951.28 ,$761.02 
,TOTAL,,2,"$1,135.36 ",$908.28 
35011,80'S,,102,"$15,796.60 ","$12,376.53 "
,OTHER,,"1,462","$1,397,517.32 ","$1,110,173.01 "
,TOTAL,,"1,564","$1,413,313.92 ","$1,122,549.54 "
35013,80'S,,11,"$2,304.97 ","$1,843.97 "
,OTHER,,300,"$360,608.40 ","$288,301.03 "
,TOTAL,,311,"$362,913.37 ","$290,145.00 "
35021,80'S,,25,"$3,192.49 ","$2,553.97 "
,OTHER,,65,"$43,907.23 ","$34,668.12 "
,TOTAL,,90,"$47,099.72 ","$37,222.09 "
35022,80'S,,1,$127.05 ,$101.64 
,OTHER,,7,"$8,663.52 ","$6,930.82 "
,TOTAL,,8,"$8,790.57 ","$7,032.46 "
35045,80'S,,19,"$2,942.86 ","$2,354.30 "
,OTHER,,365,"$331,136.60 ","$263,965.90 "
,TOTAL,,384,"$334,079.46 ","$266,320.20 "
35081,80'S,,"1,523","$398,367.36 ","$316,485.17 "
,OTHER,,"4,864","$7,060,250.11 ","$5,604,152.99 "
,TOTAL,,"6,387","$7,458,617.47 ","$5,920,638.16 "
35082,80'S,,504,"$174,625.07 ","$138,632.58 "
,OTHER,,"1,630","$3,214,913.30 ","$2,557,671.66 "
,TOTAL,,"2,134","$3,389,538.37 ","$2,696,304.24 "
35091,80'S,,346,"$100,042.36 ","$79,302.06 "
,OTHER,,"1,311","$2,160,631.96 ","$1,714,068.26 "
,TOTAL,,"1,657","$2,260,674.32 ","$1,793,370.32 "
35092,80'S,,63,"$26,130.19 ","$20,827.10 "
,OTHER,,260,"$616,812.87 ","$491,527.18 "
,TOTAL,,323,"$642,943.06 ","$512,354.28 "
35102,80'S,,935,"$276,717.08 ","$218,148.56 "
,OTHER,,"2,980","$5,016,360.14 ","$3,969,767.64 "
,TOTAL,,"3,915","$5,293,077.22 ","$4,187,916.20 "
35103,80'S,,164,"$58,804.38 ","$46,292.66 "
,OTHER,,553,"$1,129,165.98 ","$898,283.48 "
,TOTAL,,717,"$1,187,970.36 ","$944,576.14 "
35111,80'S,,19,"$3,758.70 ","$3,006.97 "
,OTHER,,77,"$87,090.81 ","$69,667.96 "
,TOTAL,,96,"$90,849.51 ","$72,674.93 "
35112,80'S,,4,"$1,268.80 ","$1,015.04 "
,OTHER,,12,"$20,975.09 ","$16,780.06 "
,TOTAL,,16,"$22,243.89 ","$17,795.10 "
35121,80'S,,53,"$11,825.33 ","$9,355.84 "
,OTHER,,162,"$219,740.78 ","$174,632.63 "
,TOTAL,,215,"$231,566.11 ","$183,988.47 "
35122,80'S,,11,"$3,552.58 ","$2,842.06 "
,OTHER,,31,"$61,169.65 ","$48,935.73 "
,TOTAL,,42,"$64,722.23 ","$51,777.79 "
35131,80'S,,131,"$25,855.43 ","$20,598.19 "
,OTHER,,502,"$598,827.77 ","$478,035.71 "
,TOTAL,,633,"$624,683.20 ","$498,633.90 "
35132,80'S,,27,"$6,688.30 ","$5,295.59 "
,OTHER,,126,"$188,085.47 ","$149,341.88 "
,TOTAL,,153,"$194,773.77 ","$154,637.47 "
35141,80'S,,476,"$73,417.44 ","$58,228.13 "
,OTHER,,"3,588","$3,333,997.74 ","$2,653,579.72 "
,TOTAL,,"4,064","$3,407,415.18 ","$2,711,807.85 "
35142,80'S,,65,"$13,530.95 ","$10,824.79 "
,OTHER,,451,"$548,981.37 ","$434,896.47 "
,TOTAL,,516,"$562,512.32 ","$445,721.26 "
35151,80'S,,159,"$30,833.59 ","$24,562.15 "
,OTHER,,"1,049","$1,116,298.43 ","$885,955.89 "
,TOTAL,,"1,208","$1,147,132.02 ","$910,518.04 "
35152,80'S,,10,"$2,404.59 ","$1,923.67 "
,OTHER,,42,"$59,160.55 ","$47,328.42 "
,TOTAL,,52,"$61,565.14 ","$49,252.09 "
35180,OTHER,,4,"$3,226.39 ","$2,581.11 "
,TOTAL,,4,"$3,226.39 ","$2,581.11 "
35182,80'S,,1,$121.50 ,$97.20 
,OTHER,,6,"$4,491.65 ","$3,593.31 "
,TOTAL,,7,"$4,613.15 ","$3,690.51 "
35184,80'S,,3,$291.77 ,$233.41 
,OTHER,,110,"$101,711.11 ","$81,068.36 "
,TOTAL,,113,"$102,002.88 ","$81,301.77 "
35188,SG,,2,"$1,290.28 ","$1,032.23 "
,OTHER,,28,"$19,203.27 ","$14,907.59 "
,TOTAL,,30,"$20,493.55 ","$15,939.82 "
35189,80'S,,10,"$1,803.39 ","$1,442.69 "
,OTHER,,39,"$38,775.05 ","$31,020.07 "
,TOTAL,,49,"$40,578.44 ","$32,462.76 "
35190,80'S,,76,"$7,835.19 ","$6,258.46 "
,OTHER,,"1,239","$791,994.89 ","$629,362.95 "
,TOTAL,,"1,315","$799,830.08 ","$635,621.41 "
35201,80'S,,70,"$9,435.90 ","$7,548.75 "
,OTHER,,624,"$433,046.01 ","$345,928.41 "
,TOTAL,,694,"$442,481.91 ","$353,477.16 "
35206,80'S,,64,"$7,108.99 ","$5,647.37 "
,OTHER,,"1,762","$1,178,760.89 ","$938,495.78 "
,TOTAL,,"1,826","$1,185,869.88 ","$944,143.15 "
35207,SG,,35,"$16,254.52 ","$12,986.26 "
,OTHER,,360,"$162,726.70 ","$128,049.94 "
,TOTAL,,395,"$178,981.22 ","$141,036.20 "
35211,80'S,,77,"$9,368.39 ","$7,421.51 "
,OTHER,,325,"$212,468.19 ","$169,974.35 "
,TOTAL,,402,"$221,836.58 ","$177,395.86 "
35216,80'S,,37,"$8,266.82 ","$6,591.58 "
,OTHER,,317,"$400,578.52 ","$319,600.21 "
,TOTAL,,354,"$408,845.34 ","$326,191.79 "
35221,80'S,,206,"$38,908.67 ","$31,118.00 "
,OTHER,,"1,232","$1,408,466.70 ","$1,120,673.56 "
,TOTAL,,"1,438","$1,447,375.37 ","$1,151,791.56 "
35226,80'S,,418,"$47,786.33 ","$37,846.56 "
,OTHER,,"3,921","$2,761,078.37 ","$2,198,032.38 "
,TOTAL,,"4,339","$2,808,864.70 ","$2,235,878.94 "
35231,80'S,,24,"$4,219.00 ","$3,375.21 "
,OTHER,,117,"$104,881.95 ","$83,101.75 "
,TOTAL,,141,"$109,100.95 ","$86,476.96 "
35236,80'S,,37,"$5,158.81 ","$4,118.00 "
,OTHER,,621,"$540,068.16 ","$428,072.32 "
,TOTAL,,658,"$545,226.97 ","$432,190.32 "
35241,80'S,,42,"$4,621.37 ","$3,574.18 "
,OTHER,,136,"$80,862.27 ","$64,199.49 "
,TOTAL,,178,"$85,483.64 ","$67,773.67 "
35246,80'S,,2,$324.43 ,$259.54 
,OTHER,,35,"$41,441.61 ","$33,054.98 "
,TOTAL,,37,"$41,766.04 ","$33,314.52 "
35251,80'S,,34,"$7,992.11 ","$6,350.01 "
,OTHER,,149,"$192,185.82 ","$153,825.99 "
,TOTAL,,183,"$200,177.93 ","$160,176.00 "
35256,80'S,,96,"$11,976.25 ","$9,580.98 "
,OTHER,,719,"$575,327.51 ","$456,962.42 "
,TOTAL,,815,"$587,303.76 ","$466,543.40 "
35261,80'S,,63,"$6,395.09 ","$5,115.92 "
,OTHER,,311,"$186,282.68 ","$148,618.36 "
,TOTAL,,374,"$192,677.77 ","$153,734.28 "
35266,80'S,,31,"$3,202.94 ","$2,562.35 "
,OTHER,,353,"$237,762.33 ","$188,860.17 "
,TOTAL,,384,"$240,965.27 ","$191,422.52 "
35271,80'S,,32,"$3,643.49 ","$2,914.80 "
,OTHER,,104,"$75,184.27 ","$60,147.50 "
,TOTAL,,136,"$78,827.76 ","$63,062.30 "
35276,80'S,,8,"$1,088.39 ",$870.70 
,OTHER,,39,"$32,342.79 ","$25,754.29 "
,TOTAL,,47,"$33,431.18 ","$26,624.99 "
35281,80'S,,16,"$3,512.99 ","$2,810.37 "
,OTHER,,135,"$165,778.81 ","$130,984.83 "
,TOTAL,,151,"$169,291.80 ","$133,795.20 "
35286,80'S,,108,"$11,773.05 ","$9,354.20 "
,OTHER,,932,"$638,179.73 ","$509,680.82 "
,TOTAL,,"1,040","$649,952.78 ","$519,035.02 "
35301,80'S,,"15,483","$2,582,508.10 ","$2,048,744.45 "
,OTHER,,"81,987","$74,352,678.64 ","$59,019,426.95 "
,TOTAL,,"97,470","$76,935,186.74 ","$61,068,171.40 "
35302,80'S,,345,"$45,726.37 ","$36,395.93 "
,OTHER,,"2,423","$1,983,471.57 ","$1,577,639.90 "
,TOTAL,,"2,768","$2,029,197.94 ","$1,614,035.83 "
35303,80'S,,162,"$23,608.06 ","$18,861.47 "
,OTHER,,"1,256","$1,090,394.17 ","$867,515.67 "
,TOTAL,,"1,418","$1,114,002.23 ","$886,377.14 "
35304,80'S,,42,"$5,555.20 ","$4,444.17 "
,OTHER,,354,"$324,487.20 ","$256,632.20 "
,TOTAL,,396,"$330,042.40 ","$261,076.37 "
35305,80'S,,63,"$7,866.31 ","$6,293.11 "
,OTHER,,385,"$299,013.10 ","$239,112.07 "
,TOTAL,,448,"$306,879.41 ","$245,405.18 "
35306,80'S,,4,$223.96 ,$179.17 
,OTHER,,53,"$21,028.46 ","$16,822.77 "
,TOTAL,,57,"$21,252.42 ","$17,001.94 "
35311,80'S,,12,"$1,892.55 ","$1,514.03 "
,OTHER,,35,"$37,652.71 ","$30,122.19 "
,TOTAL,,47,"$39,545.26 ","$31,636.22 "
35321,80'S,,25,"$3,024.71 ","$2,314.99 "
,OTHER,,437,"$358,549.50 ","$285,739.68 "
,TOTAL,,462,"$361,574.21 ","$288,054.67 "
35331,80'S,,77,"$11,127.24 ","$8,892.77 "
,OTHER,,308,"$247,085.80 ","$197,596.24 "
,TOTAL,,385,"$258,213.04 ","$206,489.01 "
35341,80'S,,110,"$15,323.32 ","$12,258.52 "
,OTHER,,402,"$347,818.33 ","$275,062.87 "
,TOTAL,,512,"$363,141.65 ","$287,321.39 "
35351,80'S,,208,"$34,078.47 ","$27,262.85 "
,OTHER,,"1,080","$1,112,816.28 ","$884,182.49 "
,TOTAL,,"1,288","$1,146,894.75 ","$911,445.34 "
35355,80'S,,420,"$53,814.26 ","$42,719.86 "
,OTHER,,"2,339","$1,808,350.97 ","$1,439,408.43 "
,TOTAL,,"2,759","$1,862,165.23 ","$1,482,128.29 "
35361,80'S,,21,"$4,004.51 ","$3,203.59 "
,OTHER,,74,"$84,350.60 ","$67,470.77 "
,TOTAL,,95,"$88,355.11 ","$70,674.36 "
35363,80'S,,7,"$1,895.75 ","$1,276.21 "
,OTHER,,75,"$116,177.39 ","$92,679.41 "
,TOTAL,,82,"$118,073.14 ","$93,955.62 "
35371,80'S,,"1,257","$117,593.63 ","$93,604.77 "
,OTHER,,"8,702","$4,789,512.83 ","$3,809,444.79 "
,TOTAL,,"9,959","$4,907,106.46 ","$3,903,049.56 "
35372,80'S,,736,"$79,377.27 ","$63,116.48 "
,OTHER,,"4,548","$2,901,227.38 ","$2,313,268.03 "
,TOTAL,,"5,284","$2,980,604.65 ","$2,376,384.51 "
35390,80'S,,183,"$4,718.88 ","$3,748.51 "
,OTHER,,"1,377","$193,270.24 ","$153,589.65 "
,TOTAL,,"1,560","$197,989.12 ","$157,338.16 "
35400,80'S,,11,$267.32 ,$213.85 
,OTHER,,537,"$83,687.35 ","$66,659.69 "
,TOTAL,,548,"$83,954.67 ","$66,873.54 "
35450,80'S,,23,"$1,168.72 ",$934.97 
,OTHER,,224,"$88,037.59 ","$69,871.50 "
,TOTAL,,247,"$89,206.31 ","$70,806.47 "
35452,80'S,,26,$995.71 ,$796.52 
,OTHER,,180,"$38,783.60 ","$30,850.37 "
,TOTAL,,206,"$39,779.31 ","$31,646.89 "
35454,80'S,,222,"$6,543.20 ","$5,230.27 "
,OTHER,,"2,210","$388,910.06 ","$309,267.68 "
,TOTAL,,"2,432","$395,453.26 ","$314,497.95 "
35456,80'S,,222,"$8,308.64 ","$6,647.02 "
,OTHER,,"2,958","$679,809.85 ","$539,903.79 "
,TOTAL,,"3,180","$688,118.49 ","$546,550.81 "
35458,80'S,,30,"$1,540.82 ","$1,232.64 "
,OTHER,,990,"$385,685.42 ","$307,141.42 "
,TOTAL,,"1,020","$387,226.24 ","$308,374.06 "
35459,80'S,,76,"$3,649.18 ","$2,919.27 "
,OTHER,,"1,168","$357,041.05 ","$284,774.08 "
,TOTAL,,"1,244","$360,690.23 ","$287,693.35 "
35460,80'S,,1,$49.69 ,$39.75 
,OTHER,,"5,437","$1,197,386.52 ","$951,812.24 "
,TOTAL,,"5,438","$1,197,436.21 ","$951,851.99 "
35470,OTHER,,"24,738","$9,427,238.05 ","$7,501,714.21 "
,TOTAL,,"24,738","$9,427,238.05 ","$7,501,714.21 "
35471,OTHER,,"16,311","$10,381,452.11 ","$8,250,643.21 "
,TOTAL,,"16,311","$10,381,452.11 ","$8,250,643.21 "
35472,80'S,,7,$221.49 ,$177.19 
,OTHER,,"1,085","$263,777.77 ","$207,679.87 "
,TOTAL,,"1,092","$263,999.26 ","$207,857.06 "
35473,80'S,,3,$100.28 ,$80.23 
,OTHER,,"26,706","$6,547,418.06 ","$5,199,573.45 "
,TOTAL,,"26,709","$6,547,518.34 ","$5,199,653.68 "
35474,OTHER,,"64,571","$18,978,821.33 ","$15,088,057.37 "
,TOTAL,,"64,571","$18,978,821.33 ","$15,088,057.37 "
35475,OTHER,,"11,871","$14,684,198.42 ","$11,682,534.94 "
,TOTAL,,"11,871","$14,684,198.42 ","$11,682,534.94 "
35476,80'S,,1,$46.10 ,$33.19 
,OTHER,,"117,621","$91,304,149.89 ","$72,401,225.41 "
,TOTAL,,"117,622","$91,304,195.99 ","$72,401,258.60 "
35480,80'S,,1,$47.10 ,$37.68 
,OTHER,,25,"$12,227.36 ","$9,781.89 "
,TOTAL,,26,"$12,274.46 ","$9,819.57 "
35481,80'S,,14,$479.37 ,$383.49 
,OTHER,,57,"$10,350.67 ","$8,280.52 "
,TOTAL,,71,"$10,830.04 ","$8,664.01 "
35482,OTHER,,52,"$11,391.08 ","$9,112.85 "
,TOTAL,,52,"$11,391.08 ","$9,112.85 "
35483,80'S,,55,"$2,350.42 ","$1,880.31 "
,OTHER,,949,"$255,140.35 ","$203,063.37 "
,TOTAL,,"1,004","$257,490.77 ","$204,943.68 "
35484,80'S,,5,$283.97 ,$227.18 
,OTHER,,51,"$20,424.04 ","$16,339.29 "
,TOTAL,,56,"$20,708.01 ","$16,566.47 "
35485,80'S,,25,"$1,409.19 ","$1,127.34 "
,OTHER,,401,"$150,864.63 ","$119,915.49 "
,TOTAL,,426,"$152,273.82 ","$121,042.83 "
35490,OTHER,,100,"$54,652.60 ","$43,617.23 "
,TOTAL,,100,"$54,652.60 ","$43,617.23 "
35491,OTHER,,33,"$7,750.76 ","$6,168.07 "
,TOTAL,,33,"$7,750.76 ","$6,168.07 "
35492,80'S,,2,$119.21 ,$95.36 
,OTHER,,578,"$122,364.65 ","$97,392.32 "
,TOTAL,,580,"$122,483.86 ","$97,487.68 "
35493,OTHER,,"23,905","$7,519,559.88 ","$5,978,178.69 "
,TOTAL,,"23,905","$7,519,559.88 ","$5,978,178.69 "
35494,OTHER,,253,"$123,480.71 ","$98,784.69 "
,TOTAL,,253,"$123,480.71 ","$98,784.69 "
35495,80'S,,29,"$2,113.44 ","$1,684.42 "
,OTHER,,"12,096","$5,561,163.75 ","$4,430,102.99 "
,TOTAL,,"12,125","$5,563,277.19 ","$4,431,787.41 "
35500,80'S,,101,"$5,200.02 ","$4,155.78 "
,OTHER,,721,"$216,375.92 ","$171,840.91 "
,TOTAL,,822,"$221,575.94 ","$175,996.69 "
35501,80'S,,17,"$4,041.83 ","$3,233.48 "
,OTHER,,168,"$213,314.72 ","$169,562.09 "
,TOTAL,,185,"$217,356.55 ","$172,795.57 "
35506,80'S,,21,"$4,435.28 ","$3,548.19 "
,OTHER,,127,"$139,621.11 ","$109,976.47 "
,TOTAL,,148,"$144,056.39 ","$113,524.66 "
35508,80'S,,6,"$1,089.66 ",$871.73 
,OTHER,,20,"$22,933.41 ","$18,346.71 "
,TOTAL,,26,"$24,023.07 ","$19,218.44 "
35509,80'S,,10,"$2,237.80 ","$1,790.25 "
,OTHER,,45,"$57,265.59 ","$45,812.45 "
,TOTAL,,55,"$59,503.39 ","$47,602.70 "
35510,80'S,,2,$411.37 ,$329.10 
,OTHER,,22,"$24,956.50 ","$18,632.53 "
,TOTAL,,24,"$25,367.87 ","$18,961.63 "
35511,80'S,,2,$417.15 ,$333.72 
,OTHER,,11,"$12,302.86 ","$9,842.30 "
,TOTAL,,13,"$12,720.01 ","$10,176.02 "
35512,80'S,,12,"$2,301.45 ","$1,841.17 "
,OTHER,,25,"$26,821.82 ","$21,352.64 "
,TOTAL,,37,"$29,123.27 ","$23,193.81 "
35515,OTHER,,2,"$2,509.64 ","$2,007.72 "
,TOTAL,,2,"$2,509.64 ","$2,007.72 "
35516,80'S,,1,$184.72 ,$147.78 
,OTHER,,13,"$13,102.12 ","$10,481.70 "
,TOTAL,,14,"$13,286.84 ","$10,629.48 "
35518,80'S,,4,$627.12 ,$501.69 
,OTHER,,17,"$16,428.09 ","$13,142.49 "
,TOTAL,,21,"$17,055.21 ","$13,644.18 "
35521,80'S,,10,"$2,079.98 ","$1,663.98 "
,OTHER,,56,"$62,089.11 ","$49,671.29 "
,TOTAL,,66,"$64,169.09 ","$51,335.27 "
35522,80'S,,14,"$2,598.20 ","$2,046.61 "
,OTHER,,105,"$119,770.12 ","$95,553.84 "
,TOTAL,,119,"$122,368.32 ","$97,600.45 "
35525,80'S,,26,"$4,731.71 ","$3,785.37 "
,OTHER,,288,"$291,118.36 ","$231,864.10 "
,TOTAL,,314,"$295,850.07 ","$235,649.47 "
35526,80'S,,6,"$1,402.80 ","$1,122.24 "
,OTHER,,11,"$12,098.55 ","$9,678.83 "
,TOTAL,,17,"$13,501.35 ","$10,801.07 "
35531,80'S,,46,"$13,578.09 ","$10,862.48 "
,OTHER,,180,"$312,338.70 ","$249,870.92 "
,TOTAL,,226,"$325,916.79 ","$260,733.40 "
35533,80'S,,19,"$4,460.83 ","$3,568.66 "
,OTHER,,61,"$76,630.77 ","$60,215.80 "
,TOTAL,,80,"$81,091.60 ","$63,784.46 "
35536,80'S,,5,"$1,362.40 ","$1,089.93 "
,OTHER,,30,"$42,329.86 ","$33,863.89 "
,TOTAL,,35,"$43,692.26 ","$34,953.82 "
35537,80'S,,4,"$1,386.84 ","$1,109.48 "
,OTHER,,20,"$28,767.19 ","$23,013.74 "
,TOTAL,,24,"$30,154.03 ","$24,123.22 "
35538,80'S,,12,"$4,301.20 ","$3,440.95 "
,OTHER,,61,"$130,005.86 ","$103,693.06 "
,TOTAL,,73,"$134,307.06 ","$107,134.01 "
35539,80'S,,9,"$3,188.79 ","$2,551.02 "
,OTHER,,36,"$73,334.17 ","$58,667.30 "
,TOTAL,,45,"$76,522.96 ","$61,218.32 "
35540,80'S,,1,$393.51 ,$314.81 
,OTHER,,151,"$362,021.04 ","$284,048.84 "
,TOTAL,,152,"$362,414.55 ","$284,363.65 "
35548,80'S,,5,$923.53 ,$738.82 
,OTHER,,15,"$10,904.84 ","$8,723.86 "
,TOTAL,,20,"$11,828.37 ","$9,462.68 "
35549,80'S,,6,"$1,185.80 ",$948.64 
,OTHER,,10,"$9,910.08 ","$7,928.05 "
,TOTAL,,16,"$11,095.88 ","$8,876.69 "
35551,80'S,,3,$711.53 ,$569.23 
,OTHER,,32,"$47,907.00 ","$38,325.65 "
,TOTAL,,35,"$48,618.53 ","$38,894.88 "
35556,80'S,,997,"$215,038.68 ","$170,249.61 "
,OTHER,,"5,607","$6,708,047.07 ","$5,320,129.42 "
,TOTAL,,"6,604","$6,923,085.75 ","$5,490,379.03 "
35558,80'S,,114,"$20,156.23 ","$16,124.95 "
,OTHER,,570,"$577,010.13 ","$460,760.21 "
,TOTAL,,684,"$597,166.36 ","$476,885.16 "
35560,80'S,,29,"$6,485.39 ","$5,188.33 "
,OTHER,,115,"$149,936.09 ","$119,948.92 "
,TOTAL,,144,"$156,421.48 ","$125,137.25 "
35563,80'S,,3,$480.00 ,$384.00 
,OTHER,,14,"$14,674.77 ","$11,739.82 "
,TOTAL,,17,"$15,154.77 ","$12,123.82 "
35565,80'S,,53,"$10,478.91 ","$8,366.83 "
,OTHER,,274,"$308,311.95 ","$245,530.15 "
,TOTAL,,327,"$318,790.86 ","$253,896.98 "
35566,80'S,,928,"$245,198.91 ","$195,735.13 "
,OTHER,,"4,970","$7,345,898.94 ","$5,851,882.07 "
,TOTAL,,"5,898","$7,591,097.85 ","$6,047,617.20 "
35571,80'S,,421,"$91,018.66 ","$72,555.24 "
,OTHER,,"2,554","$3,175,505.44 ","$2,528,956.30 "
,TOTAL,,"2,975","$3,266,524.10 ","$2,601,511.54 "
35572,80'S,,261,"$15,112.09 ","$12,090.12 "
,OTHER,,"1,803","$602,644.13 ","$480,275.65 "
,TOTAL,,"2,064","$617,756.22 ","$492,365.77 "
35583,80'S,,466,"$104,182.81 ","$82,763.38 "
,OTHER,,"2,359","$2,916,369.99 ","$2,310,379.57 "
,TOTAL,,"2,825","$3,020,552.80 ","$2,393,142.95 "
35585,80'S,,542,"$145,616.28 ","$116,223.77 "
,OTHER,,"2,593","$3,978,962.99 ","$3,162,167.89 "
,TOTAL,,"3,135","$4,124,579.27 ","$3,278,391.66 "
35587,80'S,,69,"$15,489.88 ","$12,391.90 "
,OTHER,,460,"$576,216.28 ","$458,415.89 "
,TOTAL,,529,"$591,706.16 ","$470,807.79 "
35600,80'S,,708,"$28,419.07 ","$22,447.52 "
,OTHER,,"5,444","$1,102,262.61 ","$873,224.38 "
,TOTAL,,"6,152","$1,130,681.68 ","$895,671.90 "
35601,80'S,,44,"$9,769.52 ","$7,669.02 "
,OTHER,,251,"$299,602.67 ","$235,711.53 "
,TOTAL,,295,"$309,372.19 ","$243,380.55 "
35606,80'S,,171,"$30,451.58 ","$24,242.99 "
,OTHER,,820,"$817,397.84 ","$648,410.22 "
,TOTAL,,991,"$847,849.42 ","$672,653.21 "
35612,80'S,,6,$874.07 ,$699.26 
,OTHER,,54,"$44,698.50 ","$35,705.34 "
,TOTAL,,60,"$45,572.57 ","$36,404.60 "
35616,80'S,,4,$690.44 ,$552.34 
,OTHER,,60,"$60,069.68 ","$48,041.23 "
,TOTAL,,64,"$60,760.12 ","$48,593.57 "
35621,80'S,,163,"$26,545.56 ","$20,981.68 "
,OTHER,,772,"$734,275.59 ","$583,573.01 "
,TOTAL,,935,"$760,821.15 ","$604,554.69 "
35623,80'S,,17,"$3,616.10 ","$2,892.87 "
,OTHER,,76,"$98,102.78 ","$78,482.23 "
,TOTAL,,93,"$101,718.88 ","$81,375.10 "
35626,80'S,,48,"$8,379.64 ","$6,703.71 "
,OTHER,,234,"$234,290.15 ","$185,732.31 "
,TOTAL,,282,"$242,669.79 ","$192,436.02 "
35631,80'S,,279,"$70,848.09 ","$56,160.75 "
,OTHER,,"1,080","$1,594,277.33 ","$1,272,602.45 "
,TOTAL,,"1,359","$1,665,125.42 ","$1,328,763.20 "
35636,80'S,,11,"$2,471.21 ","$1,976.95 "
,OTHER,,18,"$25,651.60 ","$20,521.28 "
,TOTAL,,29,"$28,122.81 ","$22,498.23 "
35637,80'S,,57,"$12,347.22 ","$9,860.20 "
,OTHER,,164,"$195,611.72 ","$156,349.67 "
,TOTAL,,221,"$207,958.94 ","$166,209.87 "
35638,80'S,,158,"$37,677.91 ","$30,121.46 "
,OTHER,,610,"$800,530.41 ","$638,612.09 "
,TOTAL,,768,"$838,208.32 ","$668,733.55 "
35642,80'S,,1,$184.45 ,$147.56 
,OTHER,,5,"$3,550.12 ","$2,840.09 "
,TOTAL,,6,"$3,734.57 ","$2,987.65 "
35645,80'S,,1,$82.27 ,$65.82 
,OTHER,,4,"$2,762.38 ","$2,209.91 "
,TOTAL,,5,"$2,844.65 ","$2,275.73 "
35646,80'S,,956,"$253,291.20 ","$200,769.97 "
,OTHER,,"3,261","$4,837,969.22 ","$3,834,594.52 "
,TOTAL,,"4,217","$5,091,260.42 ","$4,035,364.49 "
35647,80'S,,80,"$16,267.25 ","$13,013.81 "
,OTHER,,309,"$377,940.64 ","$298,640.06 "
,TOTAL,,389,"$394,207.89 ","$311,653.87 "
35650,80'S,,22,"$3,000.79 ","$2,400.63 "
,OTHER,,147,"$133,172.34 ","$104,957.34 "
,TOTAL,,169,"$136,173.13 ","$107,357.97 "
35651,80'S,,14,"$2,810.05 ","$2,248.04 "
,OTHER,,92,"$99,957.08 ","$78,967.12 "
,TOTAL,,106,"$102,767.13 ","$81,215.16 "
35654,80'S,,231,"$48,770.62 ","$38,719.27 "
,OTHER,,"1,053","$1,257,747.82 ","$998,504.38 "
,TOTAL,,"1,284","$1,306,518.44 ","$1,037,223.65 "
35656,80'S,,"2,443","$397,355.76 ","$315,104.56 "
,OTHER,,"14,115","$12,989,660.26 ","$10,322,700.41 "
,TOTAL,,"16,558","$13,387,016.02 ","$10,637,804.97 "
35661,80'S,,872,"$138,817.15 ","$110,158.96 "
,OTHER,,"4,896","$4,386,396.73 ","$3,487,425.96 "
,TOTAL,,"5,768","$4,525,213.88 ","$3,597,584.92 "
35663,80'S,,25,"$4,656.59 ","$3,725.27 "
,OTHER,,130,"$132,938.60 ","$105,748.12 "
,TOTAL,,155,"$137,595.19 ","$109,473.39 "
35665,80'S,,353,"$58,563.83 ","$46,426.68 "
,OTHER,,"2,047","$1,949,598.00 ","$1,549,927.98 "
,TOTAL,,"2,400","$2,008,161.83 ","$1,596,354.66 "
35666,80'S,,516,"$105,738.76 ","$84,467.12 "
,OTHER,,"3,054","$3,592,212.42 ","$2,857,693.34 "
,TOTAL,,"3,570","$3,697,951.18 ","$2,942,160.46 "
35671,80'S,,52,"$8,587.64 ","$6,870.10 "
,OTHER,,344,"$327,947.39 ","$260,475.77 "
,TOTAL,,396,"$336,535.03 ","$267,345.87 "
35681,80'S,,154,"$1,923.21 ","$1,527.89 "
,OTHER,,900,"$68,426.85 ","$54,477.69 "
,TOTAL,,"1,054","$70,350.06 ","$56,005.58 "
35682,80'S,,40,"$2,295.31 ","$1,836.26 "
,OTHER,,613,"$218,934.83 ","$173,840.18 "
,TOTAL,,653,"$221,230.14 ","$175,676.44 "
35683,OTHER,,79,"$33,451.99 ","$26,409.53 "
,TOTAL,,79,"$33,451.99 ","$26,409.53 "
35685,80'S,,87,"$2,952.77 ","$2,326.76 "
,OTHER,,648,"$129,710.78 ","$102,838.61 "
,TOTAL,,735,"$132,663.55 ","$105,165.37 "
35686,80'S,,8,$226.35 ,$181.08 
,OTHER,,131,"$22,589.78 ","$18,056.90 "
,TOTAL,,139,"$22,816.13 ","$18,237.98 "
35691,80'S,,10,"$1,154.41 ",$923.53 
,OTHER,,66,"$52,917.65 ","$42,334.13 "
,TOTAL,,76,"$54,072.06 ","$43,257.66 "
35693,80'S,,1,$132.77 ,$106.22 
,OTHER,,10,"$4,542.45 ","$3,633.96 "
,TOTAL,,11,"$4,675.22 ","$3,740.18 "
35694,80'S,,10,"$1,399.56 ","$1,119.64 "
,OTHER,,61,"$53,875.38 ","$42,585.70 "
,TOTAL,,71,"$55,274.94 ","$43,705.34 "
35695,80'S,,7,"$1,237.09 ",$989.68 
,OTHER,,34,"$28,558.31 ","$22,741.87 "
,TOTAL,,41,"$29,795.40 ","$23,731.55 "
35697,80'S,,136,"$3,286.41 ","$2,589.05 "
,OTHER,,601,"$84,836.00 ","$67,249.07 "
,TOTAL,,737,"$88,122.41 ","$69,838.12 "
35700,80'S,,475,"$11,854.58 ","$9,448.87 "
,OTHER,,"3,418","$487,109.65 ","$386,717.15 "
,TOTAL,,"3,893","$498,964.23 ","$396,166.02 "
35701,80'S,,90,"$5,501.22 ","$4,401.09 "
,OTHER,,597,"$224,145.24 ","$178,406.48 "
,TOTAL,,687,"$229,646.46 ","$182,807.57 "
35721,80'S,,117,"$6,762.39 ","$5,381.16 "
,OTHER,,"1,306","$456,126.25 ","$361,637.80 "
,TOTAL,,"1,423","$462,888.64 ","$367,018.96 "
35741,80'S,,44,"$2,720.47 ","$2,176.32 "
,OTHER,,362,"$136,419.14 ","$108,884.72 "
,TOTAL,,406,"$139,139.61 ","$111,061.04 "
35761,80'S,,176,"$6,964.65 ","$5,571.71 "
,OTHER,,"2,708","$697,743.24 ","$553,582.91 "
,TOTAL,,"2,884","$704,707.89 ","$559,154.62 "
35800,80'S,,92,"$6,160.27 ","$4,906.35 "
,OTHER,,"1,552","$560,086.81 ","$446,045.43 "
,TOTAL,,"1,644","$566,247.08 ","$450,951.78 "
35820,80'S,,630,"$145,636.30 ","$116,010.12 "
,OTHER,,"7,455","$8,849,512.06 ","$7,046,889.90 "
,TOTAL,,"8,085","$8,995,148.36 ","$7,162,900.02 "
35840,80'S,,171,"$14,562.42 ","$11,649.87 "
,OTHER,,"1,485","$721,487.68 ","$572,402.00 "
,TOTAL,,"1,656","$736,050.10 ","$584,051.87 "
35860,80'S,,220,"$11,680.70 ","$9,295.17 "
,OTHER,,"3,818","$1,217,678.02 ","$968,691.07 "
,TOTAL,,"4,038","$1,229,358.72 ","$977,986.24 "
35870,80'S,,12,"$2,489.80 ","$1,991.86 "
,OTHER,,84,"$88,767.90 ","$70,916.12 "
,TOTAL,,96,"$91,257.70 ","$72,907.98 "
35875,SG,,2,"$2,769.66 ","$2,215.73 "
,80'S,,4,$326.46 ,$261.17 
,OTHER,,"3,051","$1,470,211.84 ","$1,167,842.86 "
,TOTAL,,"3,057","$1,473,307.96 ","$1,170,319.76 "
35876,SG,,1,"$1,298.64 ","$1,038.91 "
,80'S,,164,"$21,210.41 ","$16,953.91 "
,OTHER,,"1,847","$1,407,600.71 ","$1,121,001.92 "
,TOTAL,,"2,012","$1,430,109.76 ","$1,138,994.74 "
35879,80'S,,92,"$11,903.72 ","$9,241.29 "
,OTHER,,852,"$638,314.62 ","$505,791.23 "
,TOTAL,,944,"$650,218.34 ","$515,032.52 "
35881,80'S,,55,"$8,068.67 ","$6,454.91 "
,OTHER,,477,"$412,721.58 ","$328,459.74 "
,TOTAL,,532,"$420,790.25 ","$334,914.65 "
35883,80'S,,84,"$15,753.96 ","$12,603.18 "
,OTHER,,491,"$508,438.06 ","$405,259.77 "
,TOTAL,,575,"$524,192.02 ","$417,862.95 "
35884,80'S,,8,"$1,514.04 ","$1,211.24 "
,OTHER,,53,"$58,777.81 ","$46,295.93 "
,TOTAL,,61,"$60,291.85 ","$47,507.17 "
35901,80'S,,18,"$1,128.86 ",$903.09 
,OTHER,,127,"$41,644.92 ","$33,315.98 "
,TOTAL,,145,"$42,773.78 ","$34,219.07 "
35903,80'S,,481,"$36,338.25 ","$28,868.14 "
,OTHER,,"9,861","$4,750,604.11 ","$3,778,035.20 "
,TOTAL,,"10,342","$4,786,942.36 ","$3,806,903.34 "
35905,80'S,,8,"$2,033.71 ","$1,626.96 "
,OTHER,,73,"$108,138.87 ","$85,160.71 "
,TOTAL,,81,"$110,172.58 ","$86,787.67 "
35907,80'S,,101,"$30,822.19 ","$24,657.80 "
,OTHER,,450,"$767,294.41 ","$612,114.64 "
,TOTAL,,551,"$798,116.60 ","$636,772.44 "
36000,OTHER,,"179,519","$4,423,257.49 ","$3,473,134.08 "
,TOTAL,,"179,519","$4,423,257.49 ","$3,473,134.08 "
36002,OTHER,,"4,536","$486,971.03 ","$384,814.73 "
,TOTAL,,"4,536","$486,971.03 ","$384,814.73 "
36005,80'S,,2,$14.34 ,$11.47 
,OTHER,,"43,532","$3,389,736.72 ","$2,683,124.79 "
,TOTAL,,"43,534","$3,389,751.06 ","$2,683,136.26 "
36010,80'S,,1,$18.98 ,$15.18 
,OTHER,,"76,675","$7,479,710.44 ","$5,943,454.41 "
,TOTAL,,"76,676","$7,479,729.42 ","$5,943,469.59 "
36011,OTHER,,"17,688","$4,200,546.11 ","$3,345,186.11 "
,TOTAL,,"17,688","$4,200,546.11 ","$3,345,186.11 "
36012,OTHER,,"5,440","$921,886.34 ","$732,682.86 "
,TOTAL,,"5,440","$921,886.34 ","$732,682.86 "
36013,OTHER,,"2,093","$189,359.41 ","$150,281.05 "
,TOTAL,,"2,093","$189,359.41 ","$150,281.05 "
36014,OTHER,,"1,311","$148,598.54 ","$117,800.33 "
,TOTAL,,"1,311","$148,598.54 ","$117,800.33 "
36015,OTHER,,605,"$70,820.10 ","$56,279.08 "
,TOTAL,,605,"$70,820.10 ","$56,279.08 "
36100,80'S,,2,$56.34 ,$45.08 
,OTHER,,"1,046","$120,067.63 ","$95,592.99 "
,TOTAL,,"1,048","$120,123.97 ","$95,638.07 "
36120,80'S,,1,$8.06 ,$6.45 
,OTHER,,"4,625","$512,758.00 ","$405,586.06 "
,TOTAL,,"4,626","$512,766.06 ","$405,592.51 "
36140,OTHER,,"33,922","$2,369,646.14 ","$1,882,232.59 "
,TOTAL,,"33,922","$2,369,646.14 ","$1,882,232.59 "
36145,OTHER,,"255,128","$37,500,617.22 ","$29,689,034.44 "
,TOTAL,,"255,128","$37,500,617.22 ","$29,689,034.44 "
36160,OTHER,,373,"$29,016.79 ","$22,835.64 "
,TOTAL,,373,"$29,016.79 ","$22,835.64 "
36200,80'S,,21,$366.42 ,$293.18 
,OTHER,,"85,010","$10,494,448.50 ","$8,281,780.58 "
,TOTAL,,"85,031","$10,494,814.92 ","$8,282,073.76 "
36215,OTHER,,"80,835","$18,857,351.09 ","$14,992,980.94 "
,TOTAL,,"80,835","$18,857,351.09 ","$14,992,980.94 "
36216,OTHER,,"72,499","$16,676,242.55 ","$13,223,708.92 "
,TOTAL,,"72,499","$16,676,242.55 ","$13,223,708.92 "
36217,OTHER,,"29,736","$9,394,424.64 ","$7,439,333.38 "
,TOTAL,,"29,736","$9,394,424.64 ","$7,439,333.38 "
36218,OTHER,,"24,810","$1,394,526.92 ","$1,107,332.89 "
,TOTAL,,"24,810","$1,394,526.92 ","$1,107,332.89 "
36245,OTHER,,"152,972","$36,673,713.91 ","$29,156,416.67 "
,TOTAL,,"152,972","$36,673,713.91 ","$29,156,416.67 "
36246,80'S,,2,$47.26 ,$37.80 
,OTHER,,"62,830","$13,926,391.43 ","$11,044,202.28 "
,TOTAL,,"62,832","$13,926,438.69 ","$11,044,240.08 "
36247,OTHER,,"97,333","$21,618,330.26 ","$17,181,942.28 "
,TOTAL,,"97,333","$21,618,330.26 ","$17,181,942.28 "
36248,OTHER,,"22,339","$1,189,531.18 ","$946,178.83 "
,TOTAL,,"22,339","$1,189,531.18 ","$946,178.83 "
36260,SG,,3,"$1,060.93 ",$848.75 
,OTHER,,102,"$45,162.27 ","$36,024.95 "
,TOTAL,,105,"$46,223.20 ","$36,873.70 "
36261,OTHER,,6,"$1,508.34 ","$1,206.67 "
,TOTAL,,6,"$1,508.34 ","$1,206.67 "
36262,SG,,7,"$2,157.58 ","$1,726.05 "
,OTHER,,144,"$32,280.08 ","$25,331.92 "
,TOTAL,,151,"$34,437.66 ","$27,057.97 "
36299,OTHER,,326,"$109,496.14 ","$87,328.57 "
,TOTAL,,326,"$109,496.14 ","$87,328.57 "
36400,OTHER,,29,$578.89 ,$427.79 
,TOTAL,,29,$578.89 ,$427.79 
36405,OTHER,,18,$230.12 ,$145.60 
,TOTAL,,18,$230.12 ,$145.60 
36406,OTHER,,10,$140.57 ,$112.46 
,TOTAL,,10,$140.57 ,$112.46 
36410,OTHER,,"207,050","$3,447,043.88 ","$2,532,303.03 "
,TOTAL,,"207,050","$3,447,043.88 ","$2,532,303.03 "
36415,OTHER,,"65,699,759","$197,000,685.39 ","$196,456,230.39 "
,TOTAL,,"65,699,759","$197,000,685.39 ","$196,456,230.39 "
36416,OTHER,,3,$11.50 ,$9.20 
,TOTAL,,3,$11.50 ,$9.20 
36420,OTHER,,2,$94.06 ,$75.24 
,TOTAL,,2,$94.06 ,$75.24 
36425,OTHER,,"7,872","$196,122.94 ","$140,627.90 "
,TOTAL,,"7,872","$196,122.94 ","$140,627.90 "
36430,OTHER,,"13,663","$521,378.38 ","$409,351.29 "
,TOTAL,,"13,663","$521,378.38 ","$409,351.29 "
36440,OTHER,,3,$125.09 ,$64.07 
,TOTAL,,3,$125.09 ,$64.07 
36450,OTHER,,9,$478.19 ,$382.56 
,TOTAL,,9,$478.19 ,$382.56 
36455,OTHER,,129,"$14,092.66 ","$10,884.04 "
,TOTAL,,129,"$14,092.66 ","$10,884.04 "
36460,OTHER,,3,$862.01 ,$689.62 
,TOTAL,,3,$862.01 ,$689.62 
36468,OTHER,,42,"$5,274.46 ","$3,941.39 "
,TOTAL,,42,"$5,274.46 ","$3,941.39 "
36470,OTHER,,"7,679","$898,218.59 ","$696,423.40 "
,TOTAL,,"7,679","$898,218.59 ","$696,423.40 "
36471,OTHER,,"57,775","$9,194,370.59 ","$7,125,074.25 "
,TOTAL,,"57,775","$9,194,370.59 ","$7,125,074.25 "
36475,SG,,192,"$247,465.02 ","$197,744.92 "
,OTHER,,"19,967","$34,184,200.65 ","$27,064,898.56 "
,TOTAL,,"20,159","$34,431,665.67 ","$27,262,643.48 "
36476,SG,,54,"$39,333.93 ","$31,467.24 "
,OTHER,,"3,920","$1,445,689.76 ","$1,149,970.71 "
,TOTAL,,"3,974","$1,485,023.69 ","$1,181,437.95 "
36478,SG,,309,"$409,476.03 ","$324,194.51 "
,OTHER,,"30,424","$51,140,588.86 ","$40,399,700.54 "
,TOTAL,,"30,733","$51,550,064.89 ","$40,723,895.05 "
36479,SG,,121,"$81,880.51 ","$65,031.11 "
,OTHER,,"10,237","$3,868,759.95 ","$3,085,433.70 "
,TOTAL,,"10,358","$3,950,640.46 ","$3,150,464.81 "
36481,OTHER,,"1,008","$301,083.44 ","$239,551.39 "
,TOTAL,,"1,008","$301,083.44 ","$239,551.39 "
36500,OTHER,,"1,611","$191,668.16 ","$152,611.42 "
,TOTAL,,"1,611","$191,668.16 ","$152,611.42 "
36510,OTHER,,14,$664.61 ,$531.68 
,TOTAL,,14,$664.61 ,$531.68 
36511,OTHER,,489,"$42,757.29 ","$33,784.20 "
,TOTAL,,489,"$42,757.29 ","$33,784.20 "
36512,OTHER,,715,"$64,577.92 ","$50,683.27 "
,TOTAL,,715,"$64,577.92 ","$50,683.27 "
36513,OTHER,,358,"$22,651.51 ","$17,830.95 "
,TOTAL,,358,"$22,651.51 ","$17,830.95 "
36514,OTHER,,"19,962","$1,981,286.57 ","$1,563,817.86 "
,TOTAL,,"19,962","$1,981,286.57 ","$1,563,817.86 "
36515,OTHER,,257,"$266,256.33 ","$212,440.07 "
,TOTAL,,257,"$266,256.33 ","$212,440.07 "
36516,OTHER,,"1,022","$2,383,002.79 ","$1,902,032.58 "
,TOTAL,,"1,022","$2,383,002.79 ","$1,902,032.58 "
36522,OTHER,,"4,098","$446,555.22 ","$349,438.73 "
,TOTAL,,"4,098","$446,555.22 ","$349,438.73 "
36550,OTHER,,"19,904","$532,970.73 ","$415,870.04 "
,TOTAL,,"19,904","$532,970.73 ","$415,870.04 "
36555,OTHER,,109,"$13,306.95 ","$10,548.69 "
,TOTAL,,109,"$13,306.95 ","$10,548.69 "
36556,SG,,60,"$18,189.33 ","$14,484.21 "
,80'S,,2,$37.68 ,$30.15 
,OTHER,,"585,217","$68,903,870.02 ","$54,686,852.60 "
,TOTAL,,"585,279","$68,922,097.03 ","$54,701,366.96 "
36557,OTHER,,79,"$20,379.91 ","$16,103.61 "
,TOTAL,,79,"$20,379.91 ","$16,103.61 "
36558,SG,,585,"$240,123.30 ","$189,504.62 "
,80'S,,42,"$1,385.14 ","$1,104.67 "
,OTHER,,"135,560","$39,395,884.84 ","$31,254,350.65 "
,TOTAL,,"136,187","$39,637,393.28 ","$31,444,959.94 "
36560,SG,,16,"$7,666.81 ","$6,133.47 "
,OTHER,,25,"$7,860.59 ","$6,262.24 "
,TOTAL,,41,"$15,527.40 ","$12,395.71 "
36561,SG,,"5,640","$2,813,691.87 ","$2,233,138.55 "
,80'S,,83,"$3,436.16 ","$2,643.73 "
,OTHER,,"113,095","$38,065,694.73 ","$30,201,041.99 "
,TOTAL,,"118,818","$40,882,822.76 ","$32,436,824.27 "
36563,SG,,29,"$10,232.94 ","$8,186.34 "
,80'S,,6,$178.54 ,$142.84 
,OTHER,,"2,134","$699,789.64 ","$555,206.32 "
,TOTAL,,"2,169","$710,201.12 ","$563,535.50 "
36565,SG,,26,"$11,947.52 ","$9,453.21 "
,80'S,,3,$141.13 ,$112.90 
,OTHER,,"8,894","$2,806,561.17 ","$2,231,643.09 "
,TOTAL,,"8,923","$2,818,649.82 ","$2,241,209.20 "
36566,SG,,4,"$2,022.25 ","$1,617.79 "
,80'S,,4,$172.21 ,$137.77 
,OTHER,,"1,290","$421,957.27 ","$335,837.57 "
,TOTAL,,"1,298","$424,151.73 ","$337,593.13 "
36568,OTHER,,45,"$4,207.21 ","$3,353.16 "
,TOTAL,,45,"$4,207.21 ","$3,353.16 "
36569,SG,,52,"$16,566.04 ","$13,252.75 "
,OTHER,,"272,032","$25,229,208.05 ","$19,978,081.90 "
,TOTAL,,"272,084","$25,245,774.09 ","$19,991,334.65 "
36570,OTHER,,2,$457.62 ,$366.10 
,TOTAL,,2,$457.62 ,$366.10 
36571,SG,,447,"$221,104.34 ","$173,412.93 "
,80'S,,12,$364.59 ,$289.70 
,OTHER,,"12,533","$3,978,112.42 ","$3,153,820.21 "
,TOTAL,,"12,992","$4,199,581.35 ","$3,327,522.84 "
36575,SG,,4,"$1,691.51 ","$1,353.21 "
,OTHER,,"3,055","$274,546.81 ","$213,055.69 "
,TOTAL,,"3,059","$276,238.32 ","$214,408.90 "
36576,SG,,22,"$9,822.22 ","$7,753.01 "
,OTHER,,659,"$116,291.83 ","$91,937.47 "
,TOTAL,,681,"$126,114.05 ","$99,690.48 "
36578,SG,,10,"$4,365.92 ","$3,492.73 "
,OTHER,,647,"$126,743.42 ","$100,625.93 "
,TOTAL,,657,"$131,109.34 ","$104,118.66 "
36580,SG,,8,"$2,429.35 ","$1,943.48 "
,OTHER,,"10,310","$717,233.56 ","$568,844.87 "
,TOTAL,,"10,318","$719,662.91 ","$570,788.35 "
36581,SG,,373,"$153,496.00 ","$121,329.67 "
,80'S,,2,$43.24 ,$34.59 
,OTHER,,"34,322","$10,025,341.43 ","$7,922,091.83 "
,TOTAL,,"34,697","$10,178,880.67 ","$8,043,456.09 "
36582,SG,,44,"$22,411.15 ","$17,449.95 "
,80'S,,1,$48.31 ,$38.65 
,OTHER,,"1,493","$427,486.20 ","$337,504.94 "
,TOTAL,,"1,538","$449,945.66 ","$354,993.54 "
36583,SG,,1,$479.32 ,$383.46 
,80'S,,1,$44.80 ,$35.84 
,OTHER,,93,"$26,179.98 ","$20,943.95 "
,TOTAL,,95,"$26,704.10 ","$21,363.25 "
36584,SG,,1,$332.70 ,$266.16 
,OTHER,,"9,795","$693,555.09 ","$549,484.98 "
,TOTAL,,"9,796","$693,887.79 ","$549,751.14 "
36585,SG,,6,"$2,977.42 ","$2,381.93 "
,80'S,,1,$46.68 ,$37.34 
,OTHER,,212,"$58,952.98 ","$46,899.82 "
,TOTAL,,219,"$61,977.08 ","$49,319.09 "
36589,SG,,"1,349","$417,013.33 ","$325,523.66 "
,80'S,,15,$272.80 ,$198.70 
,OTHER,,"101,275","$13,500,620.54 ","$10,483,778.91 "
,TOTAL,,"102,639","$13,917,906.67 ","$10,809,501.27 "
36590,SG,,"2,639","$828,942.84 ","$651,823.05 "
,80'S,,15,$286.06 ,$216.22 
,OTHER,,"43,684","$8,244,080.88 ","$6,451,342.32 "
,TOTAL,,"46,338","$9,073,309.78 ","$7,103,381.59 "
36595,OTHER,,"1,239","$258,030.57 ","$204,540.36 "
,TOTAL,,"1,239","$258,030.57 ","$204,540.36 "
36596,OTHER,,"1,902","$127,775.52 ","$99,347.57 "
,TOTAL,,"1,902","$127,775.52 ","$99,347.57 "
36597,OTHER,,"5,780","$335,754.66 ","$265,468.82 "
,TOTAL,,"5,780","$335,754.66 ","$265,468.82 "
36598,80'S,,1,$14.67 ,$11.74 
,OTHER,,"12,312","$1,227,517.30 ","$965,987.83 "
,TOTAL,,"12,313","$1,227,531.97 ","$965,999.57 "
36600,OTHER,,"65,744","$1,733,061.00 ","$1,344,892.49 "
,TOTAL,,"65,744","$1,733,061.00 ","$1,344,892.49 "
36620,80'S,,3,$22.04 ,$17.64 
,OTHER,,"579,353","$28,913,845.58 ","$22,982,183.54 "
,TOTAL,,"579,356","$28,913,867.62 ","$22,982,201.18 "
36625,OTHER,,"2,567","$260,158.23 ","$206,844.65 "
,TOTAL,,"2,567","$260,158.23 ","$206,844.65 "
36640,OTHER,,120,"$11,875.00 ","$9,388.49 "
,TOTAL,,120,"$11,875.00 ","$9,388.49 "
36660,OTHER,,4,$281.54 ,$225.23 
,TOTAL,,4,$281.54 ,$225.23 
36680,OTHER,,287,"$16,739.34 ","$13,344.88 "
,TOTAL,,287,"$16,739.34 ","$13,344.88 "
36800,SG,,1,$536.67 ,$429.34 
,OTHER,,"23,004","$3,578,838.48 ","$2,841,625.40 "
,TOTAL,,"23,005","$3,579,375.15 ","$2,842,054.74 "
36810,SG,,2,$985.40 ,$788.32 
,OTHER,,382,"$76,951.13 ","$61,015.58 "
,TOTAL,,384,"$77,936.53 ","$61,803.90 "
36815,SG,,3,"$1,315.92 ","$1,052.74 "
,OTHER,,171,"$23,157.11 ","$18,325.75 "
,TOTAL,,174,"$24,473.03 ","$19,378.49 "
36818,SG,,151,"$76,074.06 ","$60,213.70 "
,80'S,,284,"$29,644.15 ","$23,380.74 "
,OTHER,,"6,788","$4,360,208.29 ","$3,449,180.47 "
,TOTAL,,"7,223","$4,465,926.50 ","$3,532,774.91 "
36819,SG,,177,"$88,056.66 ","$70,127.22 "
,80'S,,540,"$66,392.46 ","$52,884.62 "
,OTHER,,"12,595","$9,317,214.38 ","$7,375,254.34 "
,TOTAL,,"13,312","$9,471,663.50 ","$7,498,266.18 "
36820,SG,,56,"$28,272.02 ","$21,966.19 "
,80'S,,100,"$12,991.17 ","$10,227.52 "
,OTHER,,"2,909","$2,171,175.72 ","$1,719,018.41 "
,TOTAL,,"3,065","$2,212,438.91 ","$1,751,212.12 "
36821,SG,,979,"$491,900.99 ","$388,823.66 "
,80'S,,"1,175","$94,243.47 ","$74,493.44 "
,OTHER,,"36,903","$18,048,998.33 ","$14,253,841.55 "
,TOTAL,,"39,057","$18,635,142.79 ","$14,717,158.65 "
36822,OTHER,,284,"$77,259.65 ","$61,589.39 "
,TOTAL,,284,"$77,259.65 ","$61,589.39 "
36823,OTHER,,146,"$160,621.52 ","$127,231.09 "
,TOTAL,,146,"$160,621.52 ","$127,231.09 "
36825,SG,,156,"$96,684.83 ","$77,145.42 "
,80'S,,342,"$30,843.19 ","$24,469.25 "
,OTHER,,"5,672","$3,052,646.12 ","$2,417,886.64 "
,TOTAL,,"6,170","$3,180,174.14 ","$2,519,501.31 "
36830,SG,,184,"$113,602.24 ","$90,203.48 "
,80'S,,"1,261","$128,467.73 ","$101,646.34 "
,OTHER,,"31,394","$18,997,944.66 ","$15,068,298.67 "
,TOTAL,,"32,839","$19,240,014.63 ","$15,260,148.49 "
36831,SG,,52,"$67,885.13 ","$54,203.35 "
,80'S,,354,"$23,159.55 ","$18,326.02 "
,OTHER,,"15,078","$6,063,352.42 ","$4,808,493.16 "
,TOTAL,,"15,484","$6,154,397.10 ","$4,881,022.53 "
36832,SG,,228,"$142,030.90 ","$111,214.10 "
,80'S,,520,"$45,201.18 ","$35,821.92 "
,OTHER,,"15,069","$7,787,549.35 ","$6,164,636.38 "
,TOTAL,,"15,817","$7,974,781.43 ","$6,311,672.40 "
36833,SG,,38,"$23,445.01 ","$18,651.22 "
,80'S,,393,"$39,061.53 ","$30,980.94 "
,OTHER,,"10,897","$6,408,927.09 ","$5,085,974.40 "
,TOTAL,,"11,328","$6,471,433.63 ","$5,135,606.56 "
36834,SG,,15,"$7,688.74 ","$6,150.98 "
,80'S,,70,"$6,019.03 ","$4,815.14 "
,OTHER,,"2,032","$1,107,308.21 ","$881,570.96 "
,TOTAL,,"2,117","$1,121,015.98 ","$892,537.08 "
36835,OTHER,,27,"$11,780.64 ","$9,424.51 "
,TOTAL,,27,"$11,780.64 ","$9,424.51 "
36838,80'S,,54,"$10,109.02 ","$7,999.40 "
,OTHER,,861,"$905,925.78 ","$721,627.24 "
,TOTAL,,915,"$916,034.80 ","$729,626.64 "
36860,OTHER,,430,"$52,271.60 ","$41,243.78 "
,TOTAL,,430,"$52,271.60 ","$41,243.78 "
36861,80'S,,1,$24.52 ,$19.62 
,OTHER,,227,"$25,729.28 ","$20,525.55 "
,TOTAL,,228,"$25,753.80 ","$20,545.17 "
36870,SG,,755,"$943,042.86 ","$745,358.26 "
,OTHER,,"51,611","$37,525,186.71 ","$29,833,706.19 "
,TOTAL,,"52,366","$38,468,229.57 ","$30,579,064.45 "
37140,OTHER,,53,"$41,132.36 ","$32,389.17 "
,TOTAL,,53,"$41,132.36 ","$32,389.17 "
37145,OTHER,,4,"$3,874.28 ","$3,099.43 "
,TOTAL,,4,"$3,874.28 ","$3,099.43 "
37160,80'S,,3,$683.57 ,$546.85 
,OTHER,,11,"$9,670.96 ","$7,736.76 "
,TOTAL,,14,"$10,354.53 ","$8,283.61 "
37180,OTHER,,5,"$7,151.68 ","$5,721.35 "
,TOTAL,,5,"$7,151.68 ","$5,721.35 "
37181,OTHER,,10,"$13,660.35 ","$10,928.28 "
,TOTAL,,10,"$13,660.35 ","$10,928.28 "
37182,OTHER,,"1,372","$1,084,981.75 ","$862,722.85 "
,TOTAL,,"1,372","$1,084,981.75 ","$862,722.85 "
37183,80'S,,1,$30.95 ,$24.76 
,OTHER,,584,"$221,158.52 ","$174,066.02 "
,TOTAL,,585,"$221,189.47 ","$174,090.78 "
37184,OTHER,,"3,735","$1,443,039.10 ","$1,149,082.45 "
,TOTAL,,"3,735","$1,443,039.10 ","$1,149,082.45 "
37185,OTHER,,"1,028","$171,428.39 ","$136,498.24 "
,TOTAL,,"1,028","$171,428.39 ","$136,498.24 "
37186,OTHER,,"1,461","$382,788.40 ","$305,441.76 "
,TOTAL,,"1,461","$382,788.40 ","$305,441.76 "
37187,OTHER,,"2,128","$2,032,385.07 ","$1,609,432.91 "
,TOTAL,,"2,128","$2,032,385.07 ","$1,609,432.91 "
37188,OTHER,,175,"$42,960.87 ","$34,356.58 "
,TOTAL,,175,"$42,960.87 ","$34,356.58 "
37195,OTHER,,27,"$7,962.43 ","$6,369.95 "
,TOTAL,,27,"$7,962.43 ","$6,369.95 "
37200,OTHER,,"3,124","$660,181.10 ","$520,544.15 "
,TOTAL,,"3,124","$660,181.10 ","$520,544.15 "
37201,OTHER,,"12,541","$2,246,581.55 ","$1,786,462.44 "
,TOTAL,,"12,541","$2,246,581.55 ","$1,786,462.44 "
37202,OTHER,,"14,433","$3,099,313.28 ","$2,464,018.23 "
,TOTAL,,"14,433","$3,099,313.28 ","$2,464,018.23 "
37203,OTHER,,"3,134","$781,312.86 ","$619,786.62 "
,TOTAL,,"3,134","$781,312.86 ","$619,786.62 "
37204,80'S,,1,$79.96 ,$63.97 
,OTHER,,"21,435","$17,749,141.83 ","$14,103,141.90 "
,TOTAL,,"21,436","$17,749,221.79 ","$14,103,205.87 "
37205,80'S,,219,"$13,556.62 ","$10,618.44 "
,OTHER,,"107,669","$41,180,133.55 ","$32,714,856.23 "
,TOTAL,,"107,888","$41,193,690.17 ","$32,725,474.67 "
37206,80'S,,54,"$1,811.95 ","$1,420.34 "
,OTHER,,"30,135","$6,210,683.30 ","$4,939,167.63 "
,TOTAL,,"30,189","$6,212,495.25 ","$4,940,587.97 "
37207,80'S,,416,"$18,868.41 ","$15,019.91 "
,OTHER,,"5,063","$1,459,972.68 ","$1,161,604.67 "
,TOTAL,,"5,479","$1,478,841.09 ","$1,176,624.58 "
37208,80'S,,103,"$3,421.10 ","$2,736.87 "
,OTHER,,"1,815","$264,620.27 ","$210,872.36 "
,TOTAL,,"1,918","$268,041.37 ","$213,609.23 "
37209,OTHER,,"2,295","$175,289.19 ","$138,816.75 "
,TOTAL,,"2,295","$175,289.19 ","$138,816.75 "
37210,OTHER,,305,"$170,290.15 ","$134,994.16 "
,TOTAL,,305,"$170,290.15 ","$134,994.16 "
37215,80'S,,91,"$15,270.98 ","$12,202.64 "
,OTHER,,"9,113","$9,232,341.51 ","$7,344,356.74 "
,TOTAL,,"9,204","$9,247,612.49 ","$7,356,559.38 "
37250,80'S,,8,$140.82 ,$112.65 
,OTHER,,"5,684","$611,592.59 ","$486,761.58 "
,TOTAL,,"5,692","$611,733.41 ","$486,874.23 "
37251,80'S,,7,$90.58 ,$72.47 
,OTHER,,"4,275","$344,772.69 ","$274,532.98 "
,TOTAL,,"4,282","$344,863.27 ","$274,605.45 "
37500,SG,,4,"$2,090.86 ","$1,672.68 "
,OTHER,,331,"$209,131.68 ","$166,099.40 "
,TOTAL,,335,"$211,222.54 ","$167,772.08 "
37501,OTHER,,189,"$76,897.13 ","$61,495.85 "
,TOTAL,,189,"$76,897.13 ","$61,495.85 "
37565,80'S,,3,$209.38 ,$167.50 
,OTHER,,103,"$54,516.50 ","$42,774.46 "
,TOTAL,,106,"$54,725.88 ","$42,941.96 "
37600,80'S,,36,"$2,215.75 ","$1,738.65 "
,OTHER,,166,"$63,253.00 ","$50,108.55 "
,TOTAL,,202,"$65,468.75 ","$51,847.20 "
37605,80'S,,31,"$2,569.67 ","$2,055.72 "
,OTHER,,186,"$96,670.32 ","$76,954.54 "
,TOTAL,,217,"$99,239.99 ","$79,010.26 "
37606,80'S,,1,$47.12 ,$37.70 
,OTHER,,21,"$8,049.42 ","$6,439.54 "
,TOTAL,,22,"$8,096.54 ","$6,477.24 "
37607,SG,,193,"$84,689.54 ","$66,758.97 "
,OTHER,,"10,131","$3,040,994.15 ","$2,405,472.87 "
,TOTAL,,"10,324","$3,125,683.69 ","$2,472,231.84 "
37609,SG,,"2,493","$1,062,333.88 ","$844,259.03 "
,OTHER,,"20,173","$4,182,781.33 ","$3,309,047.38 "
,TOTAL,,"22,666","$5,245,115.21 ","$4,153,306.41 "
37615,80'S,,7,$309.18 ,$247.35 
,OTHER,,71,"$21,952.38 ","$17,557.86 "
,TOTAL,,78,"$22,261.56 ","$17,805.21 "
37616,80'S,,11,"$1,156.34 ",$925.08 
,OTHER,,87,"$55,710.71 ","$44,247.31 "
,TOTAL,,98,"$56,867.05 ","$45,172.39 "
37617,80'S,,126,"$19,542.37 ","$15,581.27 "
,OTHER,,635,"$599,615.19 ","$475,560.49 "
,TOTAL,,761,"$619,157.56 ","$491,141.76 "
37618,80'S,,78,"$2,747.60 ","$2,138.42 "
,OTHER,,"1,063","$264,050.29 ","$209,282.25 "
,TOTAL,,"1,141","$266,797.89 ","$211,420.67 "
37620,80'S,,5,$540.93 ,$432.73 
,OTHER,,"64,812","$41,103,127.50 ","$32,748,951.93 "
,TOTAL,,"64,817","$41,103,668.43 ","$32,749,384.66 "
37650,SG,,2,$886.10 ,$708.88 
,OTHER,,119,"$47,509.05 ","$37,932.40 "
,TOTAL,,121,"$48,395.15 ","$38,641.28 "
37660,80'S,,5,$465.67 ,$372.53 
,OTHER,,54,"$46,668.85 ","$37,335.07 "
,TOTAL,,59,"$47,134.52 ","$37,707.60 "
37700,SG,,92,"$37,909.45 ","$29,267.68 "
,80'S,,2,$117.04 ,$93.64 
,OTHER,,"1,398","$226,813.36 ","$178,175.33 "
,TOTAL,,"1,492","$264,839.85 ","$207,536.65 "
37718,SG,,92,"$36,745.67 ","$29,082.17 "
,OTHER,,402,"$117,230.73 ","$92,189.20 "
,TOTAL,,494,"$153,976.40 ","$121,271.37 "
37722,SG,,229,"$105,761.30 ","$84,103.46 "
,80'S,,2,$137.56 ,$110.05 
,OTHER,,"2,011","$812,291.54 ","$641,109.89 "
,TOTAL,,"2,242","$918,190.40 ","$725,323.40 "
37735,SG,,14,"$7,523.99 ","$6,019.17 "
,80'S,,3,$292.27 ,$233.82 
,OTHER,,191,"$105,839.81 ","$82,942.06 "
,TOTAL,,208,"$113,656.07 ","$89,195.05 "
37760,SG,,155,"$70,459.49 ","$55,490.05 "
,80'S,,15,"$1,363.92 ","$1,020.92 "
,OTHER,,"1,809","$891,480.76 ","$705,387.13 "
,TOTAL,,"1,979","$963,304.17 ","$761,898.10 "
37765,OTHER,,"9,860","$3,297,764.29 ","$2,599,825.23 "
,TOTAL,,"9,860","$3,297,764.29 ","$2,599,825.23 "
37766,OTHER,,"6,269","$2,680,676.19 ","$2,107,998.26 "
,TOTAL,,"6,269","$2,680,676.19 ","$2,107,998.26 "
37780,SG,,19,"$8,990.10 ","$7,192.09 "
,OTHER,,201,"$36,025.66 ","$28,388.11 "
,TOTAL,,220,"$45,015.76 ","$35,580.20 "
37785,SG,,461,"$185,405.16 ","$146,201.71 "
,OTHER,,"2,814","$629,095.29 ","$494,514.90 "
,TOTAL,,"3,275","$814,500.45 ","$640,716.61 "
37788,OTHER,,1,"$1,184.04 ",$947.23 
,TOTAL,,1,"$1,184.04 ",$947.23 
37790,SG,,3,"$1,131.51 ",$905.21 
,OTHER,,4,"$1,643.26 ","$1,314.60 "
,TOTAL,,7,"$2,774.77 ","$2,219.81 "
37799,80'S,,66,"$9,265.03 ","$7,412.05 "
,OTHER,,"3,310","$1,360,288.63 ","$1,083,242.42 "
,TOTAL,,"3,376","$1,369,553.66 ","$1,090,654.47 "
38100,80'S,LYMPHATIC,746,"$98,377.39 ","$78,339.14 "
,OTHER,,"3,485","$2,718,824.89 ","$2,162,358.31 "
,TOTAL,,"4,231","$2,817,202.28 ","$2,240,697.45 "
38101,80'S,,5,$643.00 ,$514.39 
,OTHER,,47,"$32,042.85 ","$25,634.28 "
,TOTAL,,52,"$32,685.85 ","$26,148.67 "
38102,80'S,,155,"$6,073.30 ","$4,858.69 "
,OTHER,,695,"$163,228.10 ","$129,819.34 "
,TOTAL,,850,"$169,301.40 ","$134,678.03 "
38115,80'S,,50,"$5,779.68 ","$4,623.70 "
,OTHER,,246,"$176,437.14 ","$140,988.83 "
,TOTAL,,296,"$182,216.82 ","$145,612.53 "
38120,80'S,,374,"$54,320.05 ","$43,158.51 "
,OTHER,,"1,122","$958,391.13 ","$760,752.49 "
,TOTAL,,"1,496","$1,012,711.18 ","$803,911.00 "
38129,80'S,,1,$212.42 ,$169.94 
,OTHER,,19,"$9,374.60 ","$7,499.69 "
,TOTAL,,20,"$9,587.02 ","$7,669.63 "
38200,OTHER,,29,"$2,377.66 ","$1,818.51 "
,TOTAL,,29,"$2,377.66 ","$1,818.51 "
38205,OTHER,,188,"$14,299.20 ","$11,404.83 "
,TOTAL,,188,"$14,299.20 ","$11,404.83 "
38206,OTHER,,"2,316","$176,343.00 ","$139,707.94 "
,TOTAL,,"2,316","$176,343.00 ","$139,707.94 "
38220,80'S,,206,"$1,093.68 ",$862.78 
,OTHER,,"44,353","$2,896,750.39 ","$2,276,149.50 "
,TOTAL,,"44,559","$2,897,844.07 ","$2,277,012.28 "
38221,OTHER,,"133,198","$17,415,099.17 ","$13,690,335.01 "
,TOTAL,,"133,198","$17,415,099.17 ","$13,690,335.01 "
38230,80'S,,15,$465.27 ,$368.09 
,OTHER,,410,"$72,527.90 ","$57,753.19 "
,TOTAL,,425,"$72,993.17 ","$58,121.28 "
38240,80'S,,6,$53.25 ,$42.59 
,OTHER,,273,"$32,358.86 ","$25,459.54 "
,TOTAL,,279,"$32,412.11 ","$25,502.13 "
38241,80'S,,1,$9.07 ,$7.26 
,OTHER,,930,"$107,633.84 ","$85,718.21 "
,TOTAL,,931,"$107,642.91 ","$85,725.47 "
38242,OTHER,,52,"$4,707.79 ","$3,643.12 "
,TOTAL,,52,"$4,707.79 ","$3,643.12 "
38300,SG,,6,"$1,472.11 ","$1,177.69 "
,OTHER,,162,"$25,645.61 ","$19,950.80 "
,TOTAL,,168,"$27,117.72 ","$21,128.49 "
38305,SG,,5,"$2,184.66 ","$1,747.73 "
,OTHER,,161,"$56,181.46 ","$44,579.74 "
,TOTAL,,166,"$58,366.12 ","$46,327.47 "
38308,SG,,27,"$7,366.71 ","$5,788.50 "
,80'S,,122,"$4,827.51 ","$3,819.13 "
,OTHER,,"1,438","$402,656.90 ","$319,604.40 "
,TOTAL,,"1,587","$414,851.12 ","$329,212.03 "
38380,80'S,,5,$337.17 ,$269.73 
,OTHER,,35,"$11,675.64 ","$9,340.51 "
,TOTAL,,40,"$12,012.81 ","$9,610.24 "
38381,80'S,,29,"$2,693.68 ","$2,154.91 "
,OTHER,,162,"$79,149.58 ","$63,008.18 "
,TOTAL,,191,"$81,843.26 ","$65,163.09 "
38382,OTHER,,8,"$3,313.67 ","$2,650.94 "
,TOTAL,,8,"$3,313.67 ","$2,650.94 "
38500,SG,,942,"$371,298.88 ","$293,839.92 "
,80'S,,4,$151.31 ,$121.05 
,OTHER,,"13,033","$2,293,697.77 ","$1,814,739.61 "
,TOTAL,,"13,979","$2,665,147.96 ","$2,108,700.58 "
38505,SG,,152,"$33,334.92 ","$26,488.81 "
,80'S,,1,$12.96 ,$10.37 
,OTHER,,"10,162","$810,552.40 ","$635,930.74 "
,TOTAL,,"10,315","$843,900.28 ","$662,429.92 "
38510,SG,,988,"$406,544.53 ","$321,051.96 "
,80'S,,1,$26.56 ,$21.25 
,OTHER,,"9,367","$3,235,241.84 ","$2,559,875.58 "
,TOTAL,,"10,356","$3,641,812.93 ","$2,880,948.79 "
38520,SG,,39,"$16,800.26 ","$13,414.11 "
,OTHER,,760,"$292,117.45 ","$232,641.82 "
,TOTAL,,799,"$308,917.71 ","$246,055.93 "
38525,SG,,"2,100","$638,291.15 ","$505,848.44 "
,OTHER,,"38,032","$11,211,805.52 ","$8,896,048.79 "
,TOTAL,,"40,132","$11,850,096.67 ","$9,401,897.23 "
38530,SG,,6,"$1,332.30 ","$1,065.84 "
,80'S,,62,"$2,845.94 ","$2,247.75 "
,OTHER,,337,"$106,730.97 ","$84,477.69 "
,TOTAL,,405,"$110,909.21 ","$87,791.28 "
38542,SG,,54,"$21,464.18 ","$17,121.88 "
,80'S,,113,"$4,895.44 ","$3,897.82 "
,OTHER,,"1,082","$325,931.73 ","$258,577.26 "
,TOTAL,,"1,249","$352,291.35 ","$279,596.96 "
38550,SG,,5,"$2,162.34 ","$1,729.88 "
,80'S,,4,$263.30 ,$210.64 
,OTHER,,158,"$52,838.52 ","$42,007.43 "
,TOTAL,,167,"$55,264.16 ","$43,947.95 "
38555,SG,,2,"$1,356.52 ","$1,085.22 "
,80'S,,3,$385.23 ,$308.18 
,OTHER,,90,"$69,606.15 ","$55,053.81 "
,TOTAL,,95,"$71,347.90 ","$56,447.21 "
38562,80'S,,219,"$15,940.74 ","$12,654.27 "
,OTHER,,"1,127","$492,981.62 ","$391,772.47 "
,TOTAL,,"1,346","$508,922.36 ","$404,426.74 "
38564,80'S,,73,"$4,424.99 ","$3,517.81 "
,OTHER,,374,"$146,678.89 ","$116,086.21 "
,TOTAL,,447,"$151,103.88 ","$119,604.02 "
38570,SG,,3,"$3,924.93 ","$3,139.94 "
,80'S,,322,"$14,111.49 ","$11,176.67 "
,OTHER,,982,"$326,737.42 ","$259,106.72 "
,TOTAL,,"1,307","$344,773.84 ","$273,423.33 "
38571,SG,,1,"$1,328.67 ","$1,062.94 "
,80'S,,"1,131","$76,105.97 ","$60,359.86 "
,OTHER,,"4,199","$1,714,154.81 ","$1,355,410.52 "
,TOTAL,,"5,331","$1,791,589.45 ","$1,416,833.32 "
38572,80'S,,139,"$13,962.63 ","$11,089.13 "
,OTHER,,562,"$307,835.87 ","$245,436.60 "
,TOTAL,,701,"$321,798.50 ","$256,525.73 "
38589,80'S,,4,$418.15 ,$334.52 
,OTHER,,84,"$29,919.75 ","$23,935.78 "
,TOTAL,,88,"$30,337.90 ","$24,270.30 "
38700,80'S,,138,"$11,439.60 ","$9,071.90 "
,OTHER,,884,"$439,189.61 ","$348,998.41 "
,TOTAL,,"1,022","$450,629.21 ","$358,070.31 "
38720,80'S,,141,"$23,733.60 ","$18,823.19 "
,OTHER,,763,"$773,448.33 ","$612,641.20 "
,TOTAL,,904,"$797,181.93 ","$631,464.39 "
38724,80'S,,739,"$137,835.90 ","$109,317.68 "
,OTHER,,"4,873","$5,466,017.89 ","$4,339,286.45 "
,TOTAL,,"5,612","$5,603,853.79 ","$4,448,604.13 "
38740,SG,,129,"$42,318.28 ","$33,309.62 "
,80'S,,124,"$10,791.38 ","$8,633.07 "
,OTHER,,"2,505","$1,184,463.61 ","$941,214.67 "
,TOTAL,,"2,758","$1,237,573.27 ","$983,157.36 "
38745,SG,,94,"$57,864.88 ","$45,666.14 "
,80'S,,224,"$25,976.51 ","$20,571.54 "
,OTHER,,"3,564","$2,422,185.79 ","$1,922,939.28 "
,TOTAL,,"3,882","$2,506,027.18 ","$1,989,176.96 "
38746,80'S,,"2,207","$90,614.83 ","$72,242.21 "
,OTHER,,"14,173","$3,179,579.68 ","$2,531,591.97 "
,TOTAL,,"16,380","$3,270,194.51 ","$2,603,834.18 "
38747,80'S,,366,"$15,003.87 ","$12,002.63 "
,OTHER,,"2,094","$514,329.95 ","$408,942.36 "
,TOTAL,,"2,460","$529,333.82 ","$420,944.99 "
38760,SG,,94,"$35,577.61 ","$28,302.92 "
,80'S,,100,"$11,109.85 ","$8,735.63 "
,OTHER,,"1,780","$1,214,562.26 ","$965,650.03 "
,TOTAL,,"1,974","$1,261,249.72 ","$1,002,688.58 "
38765,80'S,,33,"$5,817.13 ","$4,653.73 "
,OTHER,,215,"$232,791.41 ","$185,238.21 "
,TOTAL,,248,"$238,608.54 ","$189,891.94 "
38770,80'S,,373,"$36,394.08 ","$29,056.45 "
,OTHER,,"1,510","$973,682.14 ","$772,662.96 "
,TOTAL,,"1,883","$1,010,076.22 ","$801,719.41 "
38780,80'S,,152,"$19,694.81 ","$15,743.91 "
,OTHER,,514,"$379,141.45 ","$301,234.68 "
,TOTAL,,666,"$398,836.26 ","$316,978.59 "
38790,OTHER,,"1,557","$76,742.40 ","$61,017.67 "
,TOTAL,,"1,557","$76,742.40 ","$61,017.67 "
38792,80'S,,6,$27.78 ,$22.22 
,OTHER,,"39,138","$913,709.10 ","$724,366.92 "
,TOTAL,,"39,144","$913,736.88 ","$724,389.14 "
38794,OTHER,,7,"$1,569.84 ","$1,255.87 "
,TOTAL,,7,"$1,569.84 ","$1,255.87 "
38999,80'S,,8,$624.96 ,$499.97 
,OTHER,,305,"$86,486.09 ","$69,138.94 "
,TOTAL,,313,"$87,111.05 ","$69,638.91 "
39000,80'S,MEDIASTINUM,74,"$3,725.73 ","$2,919.40 "
,OTHER,,848,"$304,683.05 ","$242,128.73 "
,TOTAL,,922,"$308,408.78 ","$245,048.13 "
39010,80'S,,225,"$23,181.61 ","$18,394.09 "
,OTHER,,"2,130","$1,170,210.31 ","$930,360.75 "
,TOTAL,,"2,355","$1,193,391.92 ","$948,754.84 "
39200,80'S,,12,"$1,271.50 ",$951.89 
,OTHER,,78,"$48,265.91 ","$37,050.73 "
,TOTAL,,90,"$49,537.41 ","$38,002.62 "
39220,80'S,,91,"$12,945.73 ","$10,206.18 "
,OTHER,,555,"$459,922.42 ","$366,122.44 "
,TOTAL,,646,"$472,868.15 ","$376,328.62 "
39400,80'S,,3,$141.30 ,$113.03 
,OTHER,,"13,224","$5,616,125.00 ","$4,446,681.02 "
,TOTAL,,"13,227","$5,616,266.30 ","$4,446,794.05 "
39499,80'S,,4,$362.68 ,$290.15 
,OTHER,,33,"$14,618.59 ","$11,694.87 "
,TOTAL,,37,"$14,981.27 ","$11,985.02 "
39501,80'S,,36,"$2,884.14 ","$2,307.33 "
,OTHER,,292,"$136,395.42 ","$108,044.77 "
,TOTAL,,328,"$139,279.56 ","$110,352.10 "
39502,80'S,,751,"$93,799.12 ","$74,319.74 "
,OTHER,,"2,673","$1,984,025.04 ","$1,572,966.73 "
,TOTAL,,"3,424","$2,077,824.16 ","$1,647,286.47 "
39503,80'S,,4,"$3,495.41 ","$2,796.34 "
,OTHER,,7,"$30,907.50 ","$24,726.00 "
,TOTAL,,11,"$34,402.91 ","$27,522.34 "
39520,80'S,,99,"$11,063.50 ","$8,793.71 "
,OTHER,,415,"$252,787.74 ","$200,195.64 "
,TOTAL,,514,"$263,851.24 ","$208,989.35 "
39530,80'S,,16,"$1,610.71 ","$1,288.57 "
,OTHER,,98,"$57,263.02 ","$45,501.55 "
,TOTAL,,114,"$58,873.73 ","$46,790.12 "
39531,80'S,,4,$497.99 ,$398.40 
,OTHER,,9,"$6,348.13 ","$5,078.50 "
,TOTAL,,13,"$6,846.12 ","$5,476.90 "
39540,80'S,,26,"$2,488.32 ","$1,990.65 "
,OTHER,,101,"$59,478.37 ","$47,552.73 "
,TOTAL,,127,"$61,966.69 ","$49,543.38 "
39541,80'S,,82,"$7,723.75 ","$6,140.30 "
,OTHER,,245,"$130,457.27 ","$102,917.76 "
,TOTAL,,327,"$138,181.02 ","$109,058.06 "
39545,80'S,,20,"$2,307.00 ","$1,845.62 "
,OTHER,,119,"$75,613.77 ","$60,082.93 "
,TOTAL,,139,"$77,920.77 ","$61,928.55 "
39560,80'S,,73,"$4,720.93 ","$3,772.05 "
,OTHER,,412,"$165,574.93 ","$131,663.61 "
,TOTAL,,485,"$170,295.86 ","$135,435.66 "
39561,80'S,,61,"$8,169.04 ","$6,535.27 "
,OTHER,,237,"$180,469.13 ","$143,692.88 "
,TOTAL,,298,"$188,638.17 ","$150,228.15 "
39599,80'S,,131,"$17,220.25 ","$13,764.88 "
,OTHER,,546,"$408,512.36 ","$326,300.26 "
,TOTAL,,677,"$425,732.61 ","$340,065.14 "
40490,OTHER,DIGESTIVE,"34,467","$3,475,012.96 ","$2,616,491.62 "
,TOTAL,,"34,467","$3,475,012.96 ","$2,616,491.62 "
40500,SG,,68,"$27,216.39 ","$21,668.35 "
,OTHER,,568,"$187,365.17 ","$146,439.62 "
,TOTAL,,636,"$214,581.56 ","$168,107.97 "
40510,SG,,183,"$74,102.72 ","$58,738.03 "
,OTHER,,"1,324","$457,175.85 ","$357,866.39 "
,TOTAL,,"1,507","$531,278.57 ","$416,604.42 "
40520,SG,,181,"$77,054.73 ","$61,046.27 "
,OTHER,,"1,514","$530,495.15 ","$418,052.02 "
,TOTAL,,"1,695","$607,549.88 ","$479,098.29 "
40525,SG,,105,"$41,721.45 ","$32,928.02 "
,OTHER,,318,"$143,488.71 ","$113,770.92 "
,TOTAL,,423,"$185,210.16 ","$146,698.94 "
40527,SG,,12,"$5,014.64 ","$3,951.56 "
,80'S,,1,$106.95 ,$85.56 
,OTHER,,94,"$48,434.77 ","$38,643.05 "
,TOTAL,,107,"$53,556.36 ","$42,680.17 "
40530,SG,,40,"$14,436.54 ","$11,314.51 "
,OTHER,,224,"$64,287.28 ","$51,205.88 "
,TOTAL,,264,"$78,723.82 ","$62,520.39 "
40650,SG,,12,"$5,117.37 ","$4,093.88 "
,OTHER,,293,"$75,903.34 ","$59,443.07 "
,TOTAL,,305,"$81,020.71 ","$63,536.95 "
40652,SG,,8,"$2,978.75 ","$2,383.00 "
,OTHER,,214,"$72,705.83 ","$57,609.40 "
,TOTAL,,222,"$75,684.58 ","$59,992.40 "
40654,SG,,59,"$24,607.95 ","$19,276.83 "
,OTHER,,568,"$216,748.78 ","$170,058.01 "
,TOTAL,,627,"$241,356.73 ","$189,334.84 "
40700,OTHER,,11,"$8,304.50 ","$6,643.61 "
,TOTAL,,11,"$8,304.50 ","$6,643.61 "
40701,OTHER,,4,"$3,210.89 ","$2,568.71 "
,TOTAL,,4,"$3,210.89 ","$2,568.71 "
40720,SG,,1,$971.97 ,$672.78 
,OTHER,,11,"$9,010.65 ","$7,208.52 "
,TOTAL,,12,"$9,982.62 ","$7,881.30 "
40761,SG,,1,$489.27 ,$391.42 
,OTHER,,18,"$16,151.27 ","$12,920.99 "
,TOTAL,,19,"$16,640.54 ","$13,312.41 "
40799,OTHER,,13,"$3,802.45 ","$2,936.72 "
,TOTAL,,13,"$3,802.45 ","$2,936.72 "
40800,OTHER,,933,"$135,205.68 ","$103,113.95 "
,TOTAL,,933,"$135,205.68 ","$103,113.95 "
40801,SG,,5,"$2,246.64 ","$1,518.35 "
,OTHER,,467,"$99,810.01 ","$76,274.75 "
,TOTAL,,472,"$102,056.65 ","$77,793.10 "
40804,OTHER,,103,"$15,409.40 ","$11,992.39 "
,TOTAL,,103,"$15,409.40 ","$11,992.39 "
40805,OTHER,,67,"$14,757.34 ","$11,343.53 "
,TOTAL,,67,"$14,757.34 ","$11,343.53 "
40806,OTHER,,20,"$1,340.14 ","$1,041.08 "
,TOTAL,,20,"$1,340.14 ","$1,041.08 "
40808,OTHER,,"8,535","$1,104,215.99 ","$839,999.67 "
,TOTAL,,"8,535","$1,104,215.99 ","$839,999.67 "
40810,OTHER,,"2,266","$326,207.89 ","$250,365.27 "
,TOTAL,,"2,266","$326,207.89 ","$250,365.27 "
40812,OTHER,,"7,137","$1,532,805.74 ","$1,183,086.88 "
,TOTAL,,"7,137","$1,532,805.74 ","$1,183,086.88 "
40814,SG,,111,"$46,429.75 ","$36,832.25 "
,OTHER,,"1,622","$475,464.56 ","$372,088.79 "
,TOTAL,,"1,733","$521,894.31 ","$408,921.04 "
40816,SG,,47,"$18,347.63 ","$14,573.34 "
,OTHER,,771,"$209,874.62 ","$165,803.80 "
,TOTAL,,818,"$228,222.25 ","$180,377.14 "
40818,SG,,34,"$2,746.58 ","$2,065.08 "
,OTHER,,227,"$37,434.89 ","$29,634.38 "
,TOTAL,,261,"$40,181.47 ","$31,699.46 "
40819,SG,,10,"$3,114.15 ","$2,491.33 "
,OTHER,,141,"$30,169.38 ","$22,605.53 "
,TOTAL,,151,"$33,283.53 ","$25,096.86 "
40820,OTHER,,"1,106","$200,940.93 ","$155,379.61 "
,TOTAL,,"1,106","$200,940.93 ","$155,379.61 "
40830,OTHER,,301,"$40,863.13 ","$32,413.65 "
,TOTAL,,301,"$40,863.13 ","$32,413.65 "
40831,SG,,3,$516.96 ,$413.57 
,OTHER,,204,"$35,345.97 ","$27,653.29 "
,TOTAL,,207,"$35,862.93 ","$28,066.86 "
40840,SG,,2,$725.66 ,$580.53 
,OTHER,,43,"$21,327.13 ","$17,032.73 "
,TOTAL,,45,"$22,052.79 ","$17,613.26 "
40842,SG,,1,$239.78 ,$191.82 
,OTHER,,9,"$3,449.26 ","$2,693.40 "
,TOTAL,,10,"$3,689.04 ","$2,885.22 "
40843,SG,,1,$254.90 ,$203.92 
,OTHER,,3,"$1,744.34 ","$1,395.48 "
,TOTAL,,4,"$1,999.24 ","$1,599.40 "
40844,OTHER,,9,"$7,949.61 ","$6,359.68 "
,TOTAL,,9,"$7,949.61 ","$6,359.68 "
40845,SG,,2,"$1,429.40 ","$1,143.52 "
,80'S,,3,$310.20 ,$248.16 
,OTHER,,84,"$69,572.92 ","$55,172.72 "
,TOTAL,,89,"$71,312.52 ","$56,564.40 "
40899,OTHER,,71,"$12,552.54 ","$10,016.51 "
,TOTAL,,71,"$12,552.54 ","$10,016.51 "
41000,OTHER,,150,"$15,274.72 ","$11,603.79 "
,TOTAL,,150,"$15,274.72 ","$11,603.79 "
41005,SG,,1,$142.47 ,$113.98 
,OTHER,,47,"$6,448.26 ","$5,093.44 "
,TOTAL,,48,"$6,590.73 ","$5,207.42 "
41006,OTHER,,54,"$11,464.97 ","$9,171.98 "
,TOTAL,,54,"$11,464.97 ","$9,171.98 "
41007,OTHER,,43,"$10,122.01 ","$7,859.61 "
,TOTAL,,43,"$10,122.01 ","$7,859.61 "
41008,OTHER,,125,"$29,366.30 ","$22,845.97 "
,TOTAL,,125,"$29,366.30 ","$22,845.97 "
41009,OTHER,,161,"$42,383.75 ","$32,845.90 "
,TOTAL,,161,"$42,383.75 ","$32,845.90 "
41010,SG,,2,$487.55 ,$390.04 
,OTHER,,24,"$2,487.66 ","$1,953.04 "
,TOTAL,,26,"$2,975.21 ","$2,343.08 "
41015,80'S,,1,$23.23 ,$18.58 
,OTHER,,45,"$11,116.61 ","$8,869.54 "
,TOTAL,,46,"$11,139.84 ","$8,888.12 "
41016,SG,,1,$307.51 ,$246.01 
,80'S,,1,$23.95 ,$19.16 
,OTHER,,88,"$22,607.60 ","$17,700.16 "
,TOTAL,,90,"$22,939.06 ","$17,965.33 "
41017,SG,,1,$326.16 ,$260.93 
,80'S,,2,$108.29 ,$86.63 
,OTHER,,194,"$54,933.12 ","$43,665.91 "
,TOTAL,,197,"$55,367.57 ","$44,013.47 "
41018,OTHER,,57,"$19,350.83 ","$15,174.01 "
,TOTAL,,57,"$19,350.83 ","$15,174.01 "
4110F,80'S,,1,$0.01 ,$0.01 
,OTHER,,4,$0.04 ,$0.04 
,TOTAL,,5,$0.05 ,$0.05 
41100,OTHER,,"6,554","$866,954.33 ","$664,197.77 "
,TOTAL,,"6,554","$866,954.33 ","$664,197.77 "
41105,OTHER,,"1,854","$204,616.40 ","$157,141.32 "
,TOTAL,,"1,854","$204,616.40 ","$157,141.32 "
41108,OTHER,,"2,052","$211,106.84 ","$160,675.05 "
,TOTAL,,"2,052","$211,106.84 ","$160,675.05 "
41110,OTHER,,"1,413","$205,390.32 ","$158,181.40 "
,TOTAL,,"1,413","$205,390.32 ","$158,181.40 "
41112,SG,,299,"$125,309.19 ","$99,547.70 "
,OTHER,,"4,021","$972,536.76 ","$755,458.29 "
,TOTAL,,"4,320","$1,097,845.95 ","$855,005.99 "
41113,SG,,89,"$35,196.88 ","$27,639.56 "
,OTHER,,947,"$251,565.30 ","$196,752.54 "
,TOTAL,,"1,036","$286,762.18 ","$224,392.10 "
41114,SG,,30,"$10,930.55 ","$8,439.05 "
,80'S,,1,$47.10 ,$37.68 
,OTHER,,217,"$116,719.51 ","$92,960.42 "
,TOTAL,,248,"$127,697.16 ","$101,437.15 "
41115,OTHER,,52,"$8,374.73 ","$6,532.37 "
,TOTAL,,52,"$8,374.73 ","$6,532.37 "
41116,SG,,99,"$27,828.56 ","$22,101.93 "
,OTHER,,"1,315","$245,149.46 ","$192,364.33 "
,TOTAL,,"1,414","$272,978.02 ","$214,466.26 "
41120,SG,,79,"$55,950.80 ","$44,702.90 "
,80'S,,62,"$7,286.38 ","$5,683.93 "
,OTHER,,"1,484","$1,264,251.14 ","$1,001,898.01 "
,TOTAL,,"1,625","$1,327,488.32 ","$1,052,284.84 "
41130,80'S,,31,"$4,164.75 ","$3,233.45 "
,OTHER,,259,"$237,331.21 ","$186,731.52 "
,TOTAL,,290,"$241,495.96 ","$189,964.97 "
41135,80'S,,45,"$13,335.92 ","$10,668.77 "
,OTHER,,336,"$591,666.37 ","$468,978.60 "
,TOTAL,,381,"$605,002.29 ","$479,647.37 "
41140,80'S,,2,$631.78 ,$505.42 
,OTHER,,17,"$32,849.88 ","$26,279.92 "
,TOTAL,,19,"$33,481.66 ","$26,785.34 "
41145,80'S,,3,"$1,195.54 ",$956.44 
,OTHER,,28,"$67,190.40 ","$53,752.31 "
,TOTAL,,31,"$68,385.94 ","$54,708.75 "
4115F,80'S,,1,$0.01 ,$0.01 
,OTHER,,4,$0.04 ,$0.04 
,TOTAL,,5,$0.05 ,$0.05 
41150,80'S,,20,"$5,788.98 ","$4,631.17 "
,OTHER,,259,"$491,721.07 ","$390,296.52 "
,TOTAL,,279,"$497,510.05 ","$394,927.69 "
41153,80'S,,18,"$6,036.91 ","$4,829.53 "
,OTHER,,153,"$305,674.20 ","$243,284.77 "
,TOTAL,,171,"$311,711.11 ","$248,114.30 "
41155,80'S,,41,"$16,409.46 ","$13,127.55 "
,OTHER,,447,"$1,090,626.94 ","$864,754.48 "
,TOTAL,,488,"$1,107,036.40 ","$877,882.03 "
41250,SG,,1,$151.39 ,$121.11 
,OTHER,,592,"$72,526.93 ","$56,106.35 "
,TOTAL,,593,"$72,678.32 ","$56,227.46 "
41251,OTHER,,33,"$5,065.95 ","$3,956.17 "
,TOTAL,,33,"$5,065.95 ","$3,956.17 "
41252,SG,,1,$474.15 ,$379.32 
,80'S,,1,$29.60 ,$23.68 
,OTHER,,185,"$29,404.47 ","$23,109.44 "
,TOTAL,,187,"$29,908.22 ","$23,512.44 "
41500,OTHER,,10,"$2,644.01 ","$2,115.19 "
,TOTAL,,10,"$2,644.01 ","$2,115.19 "
41510,OTHER,,6,"$1,462.04 ","$1,169.63 "
,TOTAL,,6,"$1,462.04 ","$1,169.63 "
41520,SG,,1,$214.21 ,$171.37 
,OTHER,,46,"$11,522.74 ","$8,916.42 "
,TOTAL,,47,"$11,736.95 ","$9,087.79 "
41599,OTHER,,82,"$22,548.53 ","$17,807.94 "
,TOTAL,,82,"$22,548.53 ","$17,807.94 "
41800,SG,,29,"$2,105.87 ","$1,683.94 "
,OTHER,,461,"$49,407.16 ","$36,653.06 "
,TOTAL,,490,"$51,513.03 ","$38,337.00 "
41805,OTHER,,53,"$7,548.32 ","$5,284.55 "
,TOTAL,,53,"$7,548.32 ","$5,284.55 "
41806,OTHER,,98,"$18,469.95 ","$14,344.88 "
,TOTAL,,98,"$18,469.95 ","$14,344.88 "
41820,OTHER,,8,$184.18 ,$147.35 
,TOTAL,,8,$184.18 ,$147.35 
41822,OTHER,,6,"$1,390.54 ","$1,007.62 "
,TOTAL,,6,"$1,390.54 ","$1,007.62 "
41823,OTHER,,28,"$6,186.96 ","$4,739.96 "
,TOTAL,,28,"$6,186.96 ","$4,739.96 "
41825,OTHER,,685,"$102,156.80 ","$77,905.84 "
,TOTAL,,685,"$102,156.80 ","$77,905.84 "
41826,OTHER,,788,"$147,565.82 ","$113,344.94 "
,TOTAL,,788,"$147,565.82 ","$113,344.94 "
41827,SG,,8,"$3,313.65 ","$2,650.92 "
,OTHER,,236,"$67,425.11 ","$53,020.42 "
,TOTAL,,244,"$70,738.76 ","$55,671.34 "
41828,OTHER,,51,"$11,974.21 ","$9,254.70 "
,TOTAL,,51,"$11,974.21 ","$9,254.70 "
41830,OTHER,,96,"$23,405.53 ","$18,589.72 "
,TOTAL,,96,"$23,405.53 ","$18,589.72 "
41850,OTHER,,7,$679.76 ,$543.81 
,TOTAL,,7,$679.76 ,$543.81 
41872,OTHER,,1,$283.27 ,$226.62 
,TOTAL,,1,$283.27 ,$226.62 
41874,OTHER,,703,"$121,180.89 ","$95,098.10 "
,TOTAL,,703,"$121,180.89 ","$95,098.10 "
41899,OTHER,,"1,773","$106,322.58 ","$84,881.31 "
,TOTAL,,"1,773","$106,322.58 ","$84,881.31 "
42000,SG,,1,$143.42 ,$114.74 
,OTHER,,87,"$9,572.28 ","$6,901.92 "
,TOTAL,,88,"$9,715.70 ","$7,016.66 "
42100,OTHER,,"2,977","$341,943.66 ","$259,694.75 "
,TOTAL,,"2,977","$341,943.66 ","$259,694.75 "
42104,OTHER,,"1,497","$212,284.04 ","$161,609.79 "
,TOTAL,,"1,497","$212,284.04 ","$161,609.79 "
42106,OTHER,,"1,104","$211,906.51 ","$164,574.02 "
,TOTAL,,"1,104","$211,906.51 ","$164,574.02 "
42107,SG,,36,"$15,302.83 ","$12,096.09 "
,OTHER,,160,"$52,653.82 ","$41,584.92 "
,TOTAL,,196,"$67,956.65 ","$53,681.01 "
42120,SG,,38,"$23,317.35 ","$18,511.30 "
,80'S,,26,"$2,489.58 ","$1,886.84 "
,OTHER,,487,"$339,546.53 ","$268,014.88 "
,TOTAL,,551,"$365,353.46 ","$288,413.02 "
42140,SG,,97,"$30,017.93 ","$23,856.23 "
,OTHER,,548,"$59,269.84 ","$45,834.26 "
,TOTAL,,645,"$89,287.77 ","$69,690.49 "
42145,SG,,234,"$160,555.74 ","$127,388.69 "
,OTHER,,"2,228","$1,259,517.38 ","$984,230.73 "
,TOTAL,,"2,462","$1,420,073.12 ","$1,111,619.42 "
42160,OTHER,,199,"$36,298.28 ","$28,017.86 "
,TOTAL,,199,"$36,298.28 ","$28,017.86 "
42180,OTHER,,17,"$2,653.14 ","$2,122.52 "
,TOTAL,,17,"$2,653.14 ","$2,122.52 "
42182,OTHER,,23,"$4,003.24 ","$3,202.63 "
,TOTAL,,23,"$4,003.24 ","$3,202.63 "
42200,SG,,1,$687.85 ,$550.28 
,OTHER,,15,"$8,233.87 ","$6,587.10 "
,TOTAL,,16,"$8,921.72 ","$7,137.38 "
42205,SG,,1,$590.53 ,$472.42 
,OTHER,,4,"$2,061.97 ","$1,649.58 "
,TOTAL,,5,"$2,652.50 ","$2,122.00 "
42210,80'S,,1,$134.38 ,$107.50 
,OTHER,,9,"$7,397.55 ","$5,918.06 "
,TOTAL,,10,"$7,531.93 ","$6,025.56 "
42215,SG,,1,$999.42 ,$694.74 
,OTHER,,6,"$4,223.20 ","$3,378.57 "
,TOTAL,,7,"$5,222.62 ","$4,073.31 "
42220,OTHER,,1,$240.91 ,$192.73 
,TOTAL,,1,$240.91 ,$192.73 
42225,80'S,,3,$248.02 ,$198.42 
,OTHER,,13,"$9,615.66 ","$7,692.52 "
,TOTAL,,16,"$9,863.68 ","$7,890.94 "
42226,OTHER,,7,"$4,864.41 ","$3,786.74 "
,TOTAL,,7,"$4,864.41 ","$3,786.74 "
42227,OTHER,,3,"$2,881.14 ","$2,304.91 "
,TOTAL,,3,"$2,881.14 ","$2,304.91 "
42235,OTHER,,11,"$6,685.52 ","$5,348.42 "
,TOTAL,,11,"$6,685.52 ","$5,348.42 "
42260,OTHER,,17,"$9,373.93 ","$7,365.55 "
,TOTAL,,17,"$9,373.93 ","$7,365.55 "
42280,OTHER,,69,"$7,284.88 ","$5,576.14 "
,TOTAL,,69,"$7,284.88 ","$5,576.14 "
42281,OTHER,,59,"$4,219.01 ","$3,375.23 "
,TOTAL,,59,"$4,219.01 ","$3,375.23 "
42299,OTHER,,93,"$17,874.22 ","$14,074.52 "
,TOTAL,,93,"$17,874.22 ","$14,074.52 "
42300,SG,,4,"$1,162.80 ",$930.23 
,OTHER,,228,"$34,356.76 ","$26,478.72 "
,TOTAL,,232,"$35,519.56 ","$27,408.95 "
42305,SG,,5,"$2,235.40 ","$1,683.53 "
,OTHER,,147,"$54,802.45 ","$43,724.32 "
,TOTAL,,152,"$57,037.85 ","$45,407.85 "
42310,SG,,3,$448.68 ,$358.94 
,OTHER,,90,"$11,430.86 ","$8,982.15 "
,TOTAL,,93,"$11,879.54 ","$9,341.09 "
42320,SG,,1,$150.89 ,$120.71 
,80'S,,1,$28.82 ,$23.06 
,OTHER,,65,"$10,463.11 ","$8,211.21 "
,TOTAL,,67,"$10,642.82 ","$8,354.98 "
42330,OTHER,,"1,120","$210,132.70 ","$162,075.24 "
,TOTAL,,"1,120","$210,132.70 ","$162,075.24 "
42335,OTHER,,463,"$124,117.06 ","$97,663.66 "
,TOTAL,,463,"$124,117.06 ","$97,663.66 "
42340,SG,,10,"$4,190.83 ","$3,352.67 "
,OTHER,,76,"$25,572.43 ","$20,148.42 "
,TOTAL,,86,"$29,763.26 ","$23,501.09 "
42400,OTHER,,"1,985","$153,878.68 ","$118,672.44 "
,TOTAL,,"1,985","$153,878.68 ","$118,672.44 "
42405,SG,,53,"$22,678.55 ","$17,804.86 "
,OTHER,,660,"$144,004.16 ","$112,379.02 "
,TOTAL,,713,"$166,682.71 ","$130,183.88 "
42408,SG,,13,"$6,024.60 ","$4,819.69 "
,OTHER,,86,"$26,425.07 ","$20,719.25 "
,TOTAL,,99,"$32,449.67 ","$25,538.94 "
42409,SG,,8,"$3,716.40 ","$2,973.12 "
,80'S,,2,$51.71 ,$41.37 
,OTHER,,73,"$15,475.00 ","$12,081.30 "
,TOTAL,,83,"$19,243.11 ","$15,095.79 "
42410,SG,,102,"$49,867.93 ","$39,615.37 "
,80'S,,107,"$9,280.49 ","$7,283.23 "
,OTHER,,925,"$483,398.13 ","$381,690.42 "
,TOTAL,,"1,134","$542,546.55 ","$428,589.02 "
42415,SG,,215,"$210,752.05 ","$167,466.46 "
,80'S,,974,"$154,562.60 ","$122,360.58 "
,OTHER,,"4,622","$4,368,326.78 ","$3,457,179.76 "
,TOTAL,,"5,811","$4,733,641.43 ","$3,747,006.80 "
42420,SG,,106,"$104,926.02 ","$83,268.56 "
,80'S,,363,"$65,505.14 ","$51,957.17 "
,OTHER,,"1,596","$1,733,916.47 ","$1,377,582.75 "
,TOTAL,,"2,065","$1,904,347.63 ","$1,512,808.48 "
42425,SG,,8,"$7,764.34 ","$6,211.47 "
,80'S,,29,"$2,950.82 ","$2,360.67 "
,OTHER,,201,"$112,622.20 ","$89,007.09 "
,TOTAL,,238,"$123,337.36 ","$97,579.23 "
42426,80'S,,64,"$12,596.04 ","$10,076.83 "
,OTHER,,480,"$572,278.90 ","$453,526.70 "
,TOTAL,,544,"$584,874.94 ","$463,603.53 "
42440,SG,,316,"$158,040.42 ","$123,572.26 "
,80'S,,232,"$14,941.61 ","$11,799.64 "
,OTHER,,"2,353","$927,578.55 ","$729,019.56 "
,TOTAL,,"2,901","$1,100,560.58 ","$864,391.46 "
42450,SG,,19,"$7,462.80 ","$5,970.27 "
,80'S,,5,$178.29 ,$142.63 
,OTHER,,127,"$33,629.44 ","$26,166.68 "
,TOTAL,,151,"$41,270.53 ","$32,279.58 "
42500,SG,,18,"$9,022.00 ","$7,182.77 "
,OTHER,,159,"$45,078.94 ","$35,814.06 "
,TOTAL,,177,"$54,100.94 ","$42,996.83 "
42505,SG,,8,"$5,110.72 ","$4,088.58 "
,OTHER,,90,"$35,226.55 ","$27,855.60 "
,TOTAL,,98,"$40,337.27 ","$31,944.18 "
42507,SG,,1,$505.26 ,$404.21 
,80'S,,3,$189.14 ,$151.31 
,OTHER,,13,"$4,661.85 ","$3,624.69 "
,TOTAL,,17,"$5,356.25 ","$4,180.21 "
42508,80'S,,1,$115.48 ,$92.38 
,OTHER,,4,"$2,541.63 ","$2,033.30 "
,TOTAL,,5,"$2,657.11 ","$2,125.68 "
42510,SG,,2,"$1,264.38 ","$1,011.50 "
,OTHER,,5,"$2,445.12 ","$1,851.29 "
,TOTAL,,7,"$3,709.50 ","$2,862.79 "
42550,OTHER,,371,"$26,993.43 ","$20,626.12 "
,TOTAL,,371,"$26,993.43 ","$20,626.12 "
42600,SG,,3,$804.97 ,$643.98 
,OTHER,,20,"$5,866.67 ","$4,693.36 "
,TOTAL,,23,"$6,671.64 ","$5,337.34 "
42650,OTHER,,"1,032","$66,727.00 ","$49,832.72 "
,TOTAL,,"1,032","$66,727.00 ","$49,832.72 "
42660,OTHER,,127,"$9,742.00 ","$7,499.41 "
,TOTAL,,127,"$9,742.00 ","$7,499.41 "
42665,SG,,1,$942.08 ,$753.66 
,OTHER,,16,"$1,964.57 ","$1,571.67 "
,TOTAL,,17,"$2,906.65 ","$2,325.33 "
42699,80'S,,2,$237.42 ,$189.93 
,OTHER,,225,"$34,763.18 ","$27,810.42 "
,TOTAL,,227,"$35,000.60 ","$28,000.35 "
42700,SG,,1,$145.40 ,$59.32 
,OTHER,,858,"$116,628.31 ","$87,928.85 "
,TOTAL,,859,"$116,773.71 ","$87,988.17 "
42720,SG,,2,$514.15 ,$411.32 
,OTHER,,170,"$59,587.57 ","$46,891.00 "
,TOTAL,,172,"$60,101.72 ","$47,302.32 "
42725,80'S,,6,$589.10 ,$471.28 
,OTHER,,78,"$52,808.06 ","$42,141.61 "
,TOTAL,,84,"$53,397.16 ","$42,612.89 "
42800,OTHER,,"2,741","$317,196.05 ","$246,092.08 "
,TOTAL,,"2,741","$317,196.05 ","$246,092.08 "
42802,SG,,20,"$4,908.22 ","$3,917.95 "
,OTHER,,250,"$26,785.67 ","$21,108.67 "
,TOTAL,,270,"$31,693.89 ","$25,026.62 "
42804,SG,,92,"$21,778.21 ","$17,184.87 "
,OTHER,,792,"$82,137.51 ","$64,896.18 "
,TOTAL,,884,"$103,915.72 ","$82,081.05 "
42806,SG,,37,"$12,256.53 ","$9,786.66 "
,OTHER,,434,"$40,173.61 ","$31,742.25 "
,TOTAL,,471,"$52,430.14 ","$41,528.91 "
42808,SG,,109,"$41,929.76 ","$32,753.01 "
,OTHER,,748,"$106,507.09 ","$83,209.62 "
,TOTAL,,857,"$148,436.85 ","$115,962.63 "
42809,OTHER,,448,"$56,569.25 ","$43,011.38 "
,TOTAL,,448,"$56,569.25 ","$43,011.38 "
42810,SG,,17,"$8,545.32 ","$6,433.98 "
,80'S,,1,$45.04 ,$36.03 
,OTHER,,84,"$21,768.51 ","$16,669.96 "
,TOTAL,,102,"$30,358.87 ","$23,139.97 "
42815,SG,,25,"$17,926.45 ","$13,909.57 "
,80'S,,20,"$1,610.72 ","$1,288.58 "
,OTHER,,202,"$96,079.89 ","$74,271.09 "
,TOTAL,,247,"$115,617.06 ","$89,469.24 "
42820,SG,,3,"$1,284.01 ","$1,027.21 "
,OTHER,,21,"$5,421.74 ","$3,969.40 "
,TOTAL,,24,"$6,705.75 ","$4,996.61 "
42821,SG,,62,"$42,465.18 ","$32,804.03 "
,OTHER,,371,"$90,312.71 ","$69,917.42 "
,TOTAL,,433,"$132,777.89 ","$102,721.45 "
42825,SG,,2,"$1,365.34 ","$1,092.27 "
,OTHER,,4,$920.04 ,$736.03 
,TOTAL,,6,"$2,285.38 ","$1,828.30 "
42826,SG,,505,"$302,314.30 ","$238,317.38 "
,OTHER,,"2,644","$542,658.77 ","$421,380.12 "
,TOTAL,,"3,149","$844,973.07 ","$659,697.50 "
42830,SG,,1,$614.89 ,$491.91 
,OTHER,,4,$380.68 ,$304.56 
,TOTAL,,5,$995.57 ,$796.47 
42831,SG,,56,"$31,429.61 ","$24,875.24 "
,OTHER,,297,"$45,729.34 ","$36,192.92 "
,TOTAL,,353,"$77,158.95 ","$61,068.16 "
42836,SG,,9,"$4,336.06 ","$3,468.83 "
,OTHER,,23,"$4,160.65 ","$3,241.98 "
,TOTAL,,32,"$8,496.71 ","$6,710.81 "
42842,80'S,,2,$195.69 ,$156.55 
,OTHER,,286,"$181,213.38 ","$144,453.85 "
,TOTAL,,288,"$181,409.07 ","$144,610.40 "
42844,80'S,,5,$781.46 ,$625.17 
,OTHER,,87,"$94,699.59 ","$75,427.81 "
,TOTAL,,92,"$95,481.05 ","$76,052.98 "
42845,80'S,,11,"$2,889.25 ","$2,311.38 "
,OTHER,,67,"$110,975.45 ","$88,021.56 "
,TOTAL,,78,"$113,864.70 ","$90,332.94 "
42860,SG,,16,"$7,462.04 ","$5,864.84 "
,OTHER,,76,"$11,478.73 ","$8,731.15 "
,TOTAL,,92,"$18,940.77 ","$14,595.99 "
42870,SG,,21,"$9,827.38 ","$7,757.12 "
,OTHER,,153,"$69,166.84 ","$53,989.39 "
,TOTAL,,174,"$78,994.22 ","$61,746.51 "
42890,SG,,3,"$2,942.21 ","$2,353.76 "
,80'S,,11,"$1,568.59 ","$1,254.88 "
,OTHER,,323,"$297,410.35 ","$237,540.16 "
,TOTAL,,337,"$301,921.15 ","$241,148.80 "
42892,SG,,1,$981.60 ,$785.28 
,80'S,,6,"$1,343.71 ","$1,074.96 "
,OTHER,,119,"$155,931.87 ","$122,138.17 "
,TOTAL,,126,"$158,257.18 ","$123,998.41 "
42894,80'S,,6,"$1,809.77 ","$1,447.82 "
,OTHER,,88,"$158,540.76 ","$126,727.85 "
,TOTAL,,94,"$160,350.53 ","$128,175.67 "
42900,SG,,1,$307.36 ,$245.89 
,OTHER,,45,"$11,060.05 ","$8,800.54 "
,TOTAL,,46,"$11,367.41 ","$9,046.43 "
42950,SG,,7,"$2,477.02 ","$1,981.63 "
,80'S,,23,"$1,645.92 ","$1,316.73 "
,OTHER,,274,"$128,529.15 ","$102,503.65 "
,TOTAL,,304,"$132,652.09 ","$105,802.01 "
42953,80'S,,12,"$1,273.20 ","$1,018.56 "
,OTHER,,165,"$110,469.60 ","$87,419.51 "
,TOTAL,,177,"$111,742.80 ","$88,438.07 "
42955,SG,,1,$182.87 ,$146.30 
,80'S,,6,$635.44 ,$508.36 
,OTHER,,32,"$16,822.25 ","$13,457.80 "
,TOTAL,,39,"$17,640.56 ","$14,112.46 "
42960,SG,,2,$140.69 ,$112.55 
,OTHER,,207,"$29,582.51 ","$22,946.07 "
,TOTAL,,209,"$29,723.20 ","$23,058.62 "
42961,OTHER,,105,"$37,573.54 ","$29,751.48 "
,TOTAL,,105,"$37,573.54 ","$29,751.48 "
42962,SG,,4,"$1,520.77 ","$1,216.62 "
,80'S,,1,$68.56 ,$54.85 
,OTHER,,177,"$75,831.16 ","$59,983.83 "
,TOTAL,,182,"$77,420.49 ","$61,255.30 "
42970,OTHER,,145,"$48,479.48 ","$38,062.11 "
,TOTAL,,145,"$48,479.48 ","$38,062.11 "
42971,OTHER,,13,"$4,530.94 ","$3,624.15 "
,TOTAL,,13,"$4,530.94 ","$3,624.15 "
42972,OTHER,,24,"$10,679.05 ","$8,334.00 "
,TOTAL,,24,"$10,679.05 ","$8,334.00 "
42999,OTHER,,74,"$21,897.98 ","$17,503.91 "
,TOTAL,,74,"$21,897.98 ","$17,503.91 "
43020,80'S,,3,$222.38 ,$177.91 
,OTHER,,18,"$8,169.69 ","$6,535.77 "
,TOTAL,,21,"$8,392.07 ","$6,713.68 "
43030,80'S,,97,"$6,323.51 ","$5,028.00 "
,OTHER,,859,"$329,324.45 ","$260,734.17 "
,TOTAL,,956,"$335,647.96 ","$265,762.17 "
43045,80'S,,2,$271.78 ,$217.42 
,OTHER,,12,"$12,363.27 ","$9,890.62 "
,TOTAL,,14,"$12,635.05 ","$10,108.04 "
43100,80'S,,7,$361.71 ,$289.36 
,OTHER,,43,"$16,937.38 ","$13,340.36 "
,TOTAL,,50,"$17,299.09 ","$13,629.72 "
43101,80'S,,4,$392.38 ,$313.90 
,OTHER,,49,"$35,357.56 ","$27,992.09 "
,TOTAL,,53,"$35,749.94 ","$28,305.99 "
43107,80'S,,172,"$64,269.03 ","$50,960.70 "
,OTHER,,895,"$1,853,310.64 ","$1,473,153.78 "
,TOTAL,,"1,067","$1,917,579.67 ","$1,524,114.48 "
43108,80'S,,3,"$1,843.68 ","$1,474.94 "
,OTHER,,9,"$31,357.23 ","$25,085.77 "
,TOTAL,,12,"$33,200.91 ","$26,560.71 "
43112,80'S,,58,"$23,282.84 ","$18,626.28 "
,OTHER,,303,"$674,874.13 ","$537,086.16 "
,TOTAL,,361,"$698,156.97 ","$555,712.44 "
43113,80'S,,2,"$1,202.40 ",$961.92 
,OTHER,,10,"$34,538.11 ","$27,630.49 "
,TOTAL,,12,"$35,740.51 ","$28,592.41 "
43116,80'S,,1,$642.22 ,$513.78 
,OTHER,,13,"$40,683.95 ","$32,547.17 "
,TOTAL,,14,"$41,326.17 ","$33,060.95 "
43117,80'S,,210,"$76,380.18 ","$60,402.09 "
,OTHER,,"1,127","$2,215,962.09 ","$1,761,493.44 "
,TOTAL,,"1,337","$2,292,342.27 ","$1,821,895.53 "
43118,80'S,,3,"$1,501.43 ","$1,201.14 "
,OTHER,,14,"$35,795.79 ","$28,636.63 "
,TOTAL,,17,"$37,297.22 ","$29,837.77 "
43121,80'S,,16,"$5,950.44 ","$4,760.37 "
,OTHER,,47,"$101,292.26 ","$81,033.82 "
,TOTAL,,63,"$107,242.70 ","$85,794.19 "
43122,80'S,,144,"$53,364.94 ","$41,864.19 "
,OTHER,,392,"$861,241.76 ","$682,778.68 "
,TOTAL,,536,"$914,606.70 ","$724,642.87 "
43123,80'S,,4,"$2,361.52 ","$1,889.22 "
,OTHER,,28,"$84,707.47 ","$67,765.97 "
,TOTAL,,32,"$87,068.99 ","$69,655.19 "
43124,80'S,,17,"$8,394.04 ","$6,715.25 "
,OTHER,,63,"$182,491.24 ","$145,959.08 "
,TOTAL,,80,"$190,885.28 ","$152,674.33 "
43130,80'S,,183,"$21,043.33 ","$16,482.04 "
,OTHER,,"1,179","$825,009.16 ","$654,528.72 "
,TOTAL,,"1,362","$846,052.49 ","$671,010.76 "
43135,80'S,,30,"$6,210.99 ","$4,968.82 "
,OTHER,,136,"$153,349.61 ","$122,472.51 "
,TOTAL,,166,"$159,560.60 ","$127,441.33 "
43200,SG,,"1,608","$380,380.12 ","$299,976.84 "
,OTHER,,"16,730","$1,560,818.10 ","$1,217,973.65 "
,TOTAL,,"18,338","$1,941,198.22 ","$1,517,950.49 "
43201,SG,,23,"$5,467.88 ","$4,374.29 "
,OTHER,,396,"$40,368.48 ","$31,830.21 "
,TOTAL,,419,"$45,836.36 ","$36,204.50 "
43202,SG,,665,"$183,606.46 ","$143,816.69 "
,OTHER,,"4,513","$442,557.05 ","$343,497.54 "
,TOTAL,,"5,178","$626,163.51 ","$487,314.23 "
43204,SG,,4,"$1,286.93 ","$1,029.55 "
,OTHER,,121,"$23,662.87 ","$18,568.86 "
,TOTAL,,125,"$24,949.80 ","$19,598.41 "
43205,SG,,21,"$6,794.31 ","$5,330.67 "
,OTHER,,292,"$57,805.05 ","$44,923.16 "
,TOTAL,,313,"$64,599.36 ","$50,253.83 "
43215,SG,,43,"$12,844.79 ","$10,066.25 "
,OTHER,,"1,926","$262,547.72 ","$202,452.88 "
,TOTAL,,"1,969","$275,392.51 ","$212,519.13 "
43216,SG,,4,$966.55 ,$773.24 
,OTHER,,146,"$16,993.21 ","$13,373.34 "
,TOTAL,,150,"$17,959.76 ","$14,146.58 "
43217,SG,,16,"$4,509.22 ","$3,397.79 "
,OTHER,,213,"$31,281.63 ","$24,702.22 "
,TOTAL,,229,"$35,790.85 ","$28,100.01 "
43219,SG,,8,"$2,696.12 ","$2,156.90 "
,OTHER,,709,"$104,713.58 ","$83,044.36 "
,TOTAL,,717,"$107,409.70 ","$85,201.26 "
43220,SG,,303,"$95,608.90 ","$74,437.79 "
,OTHER,,"3,499","$357,288.29 ","$276,874.75 "
,TOTAL,,"3,802","$452,897.19 ","$351,312.54 "
43226,SG,,605,"$189,594.75 ","$148,431.93 "
,OTHER,,"2,812","$319,084.24 ","$246,663.95 "
,TOTAL,,"3,417","$508,678.99 ","$395,095.88 "
43227,SG,,16,"$6,239.41 ","$4,991.52 "
,OTHER,,734,"$134,036.24 ","$106,235.91 "
,TOTAL,,750,"$140,275.65 ","$111,227.43 "
43228,SG,,76,"$32,892.58 ","$25,794.60 "
,OTHER,,"1,459","$291,895.31 ","$228,462.54 "
,TOTAL,,"1,535","$324,787.89 ","$254,257.14 "
43231,SG,,20,"$8,927.21 ","$7,141.80 "
,OTHER,,311,"$50,499.20 ","$39,458.92 "
,TOTAL,,331,"$59,426.41 ","$46,600.72 "
43232,SG,,15,"$6,343.71 ","$5,002.75 "
,80'S,,1,$17.99 ,$14.39 
,OTHER,,247,"$57,547.04 ","$45,243.22 "
,TOTAL,,263,"$63,908.74 ","$50,260.36 "
43234,SG,,280,"$74,915.32 ","$58,465.26 "
,OTHER,,"2,709","$277,279.12 ","$216,837.64 "
,TOTAL,,"2,989","$352,194.44 ","$275,302.90 "
43235,SG,,"86,282","$23,738,301.71 ","$18,589,769.14 "
,OTHER,,"445,448","$51,867,847.43 ","$40,438,137.01 "
,TOTAL,,"531,730","$75,606,149.14 ","$59,027,906.15 "
43236,SG,,736,"$248,942.19 ","$197,039.22 "
,OTHER,,"10,712","$1,280,023.88 ","$1,001,191.56 "
,TOTAL,,"11,448","$1,528,966.07 ","$1,198,230.78 "
43237,SG,,24,"$10,328.06 ","$8,262.45 "
,OTHER,,681,"$148,402.88 ","$115,793.22 "
,TOTAL,,705,"$158,730.94 ","$124,055.67 "
43238,SG,,20,"$7,195.70 ","$5,556.68 "
,80'S,,1,$22.16 ,$17.73 
,OTHER,,683,"$178,344.17 ","$140,593.29 "
,TOTAL,,704,"$185,562.03 ","$146,167.70 "
43239,SG,,"450,669","$171,689,458.32 ","$135,130,473.89 "
,OTHER,,"1,388,277","$182,470,233.91 ","$142,631,358.24 "
,TOTAL,,"1,838,946","$354,159,692.23 ","$277,761,832.13 "
43240,SG,,13,"$5,539.33 ","$4,431.48 "
,OTHER,,224,"$65,772.55 ","$51,591.72 "
,TOTAL,,237,"$71,311.88 ","$56,023.20 "
43241,SG,,184,"$62,671.26 ","$49,549.54 "
,OTHER,,"3,427","$376,090.96 ","$297,152.90 "
,TOTAL,,"3,611","$438,762.22 ","$346,702.44 "
43242,SG,,592,"$261,801.10 ","$208,262.54 "
,OTHER,,"16,605","$6,250,962.03 ","$4,944,662.19 "
,TOTAL,,"17,197","$6,512,763.13 ","$5,152,924.73 "
43243,SG,,144,"$55,004.64 ","$43,215.97 "
,OTHER,,"3,361","$757,740.71 ","$597,902.17 "
,TOTAL,,"3,505","$812,745.35 ","$641,118.14 "
43244,SG,,794,"$331,382.50 ","$255,993.13 "
,OTHER,,"12,042","$3,169,680.55 ","$2,479,783.90 "
,TOTAL,,"12,836","$3,501,063.05 ","$2,735,777.03 "
43245,SG,,"2,323","$884,228.82 ","$691,547.91 "
,OTHER,,"13,020","$1,991,884.71 ","$1,546,000.16 "
,TOTAL,,"15,343","$2,876,113.53 ","$2,237,548.07 "
43246,SG,,"1,838","$783,105.43 ","$619,685.07 "
,80'S,,564,"$19,934.79 ","$15,925.27 "
,OTHER,,"131,137","$28,187,899.74 ","$22,400,857.51 "
,TOTAL,,"133,539","$28,990,939.96 ","$23,036,467.85 "
43247,SG,,"1,864","$747,084.25 ","$587,831.42 "
,OTHER,,"26,114","$4,490,817.07 ","$3,481,548.14 "
,TOTAL,,"27,978","$5,237,901.32 ","$4,069,379.56 "
43248,SG,,"45,083","$16,992,937.82 ","$13,368,939.63 "
,80'S,,1,$26.78 ,$21.42 
,OTHER,,"92,649","$13,913,865.74 ","$10,792,465.05 "
,TOTAL,,"137,733","$30,906,830.34 ","$24,161,426.10 "
43249,SG,,"22,195","$8,360,256.20 ","$6,570,598.55 "
,OTHER,,"82,879","$11,284,030.14 ","$8,726,252.42 "
,TOTAL,,"105,074","$19,644,286.34 ","$15,296,850.97 "
43250,SG,,"2,356","$884,802.93 ","$693,753.93 "
,OTHER,,"8,179","$1,127,137.10 ","$886,106.35 "
,TOTAL,,"10,535","$2,011,940.03 ","$1,579,860.28 "
43251,SG,,"7,482","$2,809,333.38 ","$2,212,353.69 "
,OTHER,,"24,595","$4,189,350.77 ","$3,275,259.55 "
,TOTAL,,"32,077","$6,998,684.15 ","$5,487,613.24 "
43255,SG,,"2,319","$854,611.87 ","$675,482.91 "
,OTHER,,"52,903","$13,030,134.59 ","$10,321,662.39 "
,TOTAL,,"55,222","$13,884,746.46 ","$10,997,145.30 "
43256,SG,,8,"$3,699.16 ","$2,959.31 "
,OTHER,,"2,781","$609,408.43 ","$484,105.66 "
,TOTAL,,"2,789","$613,107.59 ","$487,064.97 "
43257,SG,,1,$494.36 ,$395.49 
,OTHER,,26,"$7,288.31 ","$5,808.11 "
,TOTAL,,27,"$7,782.67 ","$6,203.60 "
43258,SG,,"2,111","$1,052,740.50 ","$831,711.84 "
,OTHER,,"11,866","$2,665,970.88 ","$2,098,842.79 "
,TOTAL,,"13,977","$3,718,711.38 ","$2,930,554.63 "
43259,SG,,"1,260","$639,806.78 ","$505,433.17 "
,OTHER,,"24,112","$6,441,770.99 ","$5,065,046.63 "
,TOTAL,,"25,372","$7,081,577.77 ","$5,570,479.80 "
43260,SG,,90,"$37,768.42 ","$29,929.64 "
,OTHER,,"16,814","$5,107,342.70 ","$4,042,915.08 "
,TOTAL,,"16,904","$5,145,111.12 ","$4,072,844.72 "
43261,SG,,29,"$8,067.21 ","$6,453.71 "
,OTHER,,"7,991","$657,383.38 ","$521,395.04 "
,TOTAL,,"8,020","$665,450.59 ","$527,848.75 "
43262,SG,,91,"$33,118.67 ","$26,249.88 "
,OTHER,,"54,617","$7,868,121.41 ","$6,233,580.49 "
,TOTAL,,"54,708","$7,901,240.08 ","$6,259,830.37 "
43263,OTHER,,745,"$79,833.89 ","$62,967.10 "
,TOTAL,,745,"$79,833.89 ","$62,967.10 "
43264,SG,,63,"$20,996.33 ","$16,765.93 "
,OTHER,,"39,071","$17,600,215.20 ","$13,966,531.31 "
,TOTAL,,"39,134","$17,621,211.53 ","$13,983,297.24 "
43265,SG,,15,"$4,035.56 ","$3,228.41 "
,OTHER,,"2,636","$1,384,144.61 ","$1,100,929.52 "
,TOTAL,,"2,651","$1,388,180.17 ","$1,104,157.93 "
43267,OTHER,,368,"$70,749.53 ","$55,768.72 "
,TOTAL,,368,"$70,749.53 ","$55,768.72 "
43268,SG,,53,"$16,510.55 ","$13,190.61 "
,OTHER,,"33,147","$9,928,529.58 ","$7,878,061.76 "
,TOTAL,,"33,200","$9,945,040.13 ","$7,891,252.37 "
43269,SG,,104,"$40,677.30 ","$32,272.29 "
,OTHER,,"17,530","$5,520,062.07 ","$4,373,268.54 "
,TOTAL,,"17,634","$5,560,739.37 ","$4,405,540.83 "
43271,SG,,26,"$9,336.79 ","$7,124.39 "
,OTHER,,"8,897","$1,120,313.65 ","$888,755.62 "
,TOTAL,,"8,923","$1,129,650.44 ","$895,880.01 "
43272,SG,,1,$215.78 ,$172.62 
,OTHER,,356,"$63,659.47 ","$50,633.95 "
,TOTAL,,357,"$63,875.25 ","$50,806.57 "
43280,80'S,,"2,260","$333,021.69 ","$262,209.54 "
,OTHER,,"7,539","$6,578,253.99 ","$5,188,640.76 "
,TOTAL,,"9,799","$6,911,275.68 ","$5,450,850.30 "
43289,80'S,,198,"$40,500.40 ","$32,111.48 "
,OTHER,,876,"$882,511.09 ","$703,264.00 "
,TOTAL,,"1,074","$923,011.49 ","$735,375.48 "
43300,80'S,,13,$827.59 ,$662.08 
,OTHER,,80,"$34,510.40 ","$27,503.50 "
,TOTAL,,93,"$35,337.99 ","$28,165.58 "
43305,80'S,,5,$650.15 ,$520.11 
,OTHER,,80,"$70,491.70 ","$56,393.36 "
,TOTAL,,85,"$71,141.85 ","$56,913.47 "
43310,80'S,,8,"$1,829.99 ","$1,463.99 "
,OTHER,,69,"$79,495.31 ","$63,538.45 "
,TOTAL,,77,"$81,325.30 ","$65,002.44 "
43312,80'S,,4,$942.98 ,$754.39 
,OTHER,,14,"$21,442.19 ","$17,153.75 "
,TOTAL,,18,"$22,385.17 ","$17,908.14 "
43313,OTHER,,2,"$5,390.21 ","$4,312.17 "
,TOTAL,,2,"$5,390.21 ","$4,312.17 "
43314,OTHER,,1,"$1,600.00 ","$1,280.00 "
,TOTAL,,1,"$1,600.00 ","$1,280.00 "
43320,80'S,,23,"$4,155.43 ","$3,324.36 "
,OTHER,,102,"$102,846.41 ","$82,172.34 "
,TOTAL,,125,"$107,001.84 ","$85,496.70 "
43324,80'S,,415,"$75,225.89 ","$59,890.70 "
,OTHER,,"1,537","$1,638,215.71 ","$1,299,436.21 "
,TOTAL,,"1,952","$1,713,441.60 ","$1,359,326.91 "
43325,80'S,,29,"$5,247.17 ","$4,197.72 "
,OTHER,,90,"$95,279.29 ","$76,133.23 "
,TOTAL,,119,"$100,526.46 ","$80,330.95 "
43326,80'S,,23,"$4,258.21 ","$3,259.65 "
,OTHER,,213,"$228,068.75 ","$181,191.57 "
,TOTAL,,236,"$232,326.96 ","$184,451.22 "
43330,80'S,,65,"$11,364.28 ","$9,073.97 "
,OTHER,,200,"$202,388.14 ","$161,514.83 "
,TOTAL,,265,"$213,752.42 ","$170,588.80 "
43331,80'S,,15,"$2,557.55 ","$2,046.02 "
,OTHER,,73,"$74,424.35 ","$58,701.10 "
,TOTAL,,88,"$76,981.90 ","$60,747.12 "
43340,80'S,,9,"$1,273.00 ","$1,018.40 "
,OTHER,,27,"$26,834.46 ","$20,730.62 "
,TOTAL,,36,"$28,107.46 ","$21,749.02 "
43341,OTHER,,7,"$7,962.36 ","$6,369.88 "
,TOTAL,,7,"$7,962.36 ","$6,369.88 "
43350,80'S,,1,$79.95 ,$63.96 
,OTHER,,5,"$4,078.01 ","$3,262.40 "
,TOTAL,,6,"$4,157.96 ","$3,326.36 "
43351,80'S,,3,$570.78 ,$456.62 
,OTHER,,13,"$13,918.18 ","$11,134.56 "
,TOTAL,,16,"$14,488.96 ","$11,591.18 "
43352,80'S,,7,$636.06 ,$508.85 
,OTHER,,91,"$65,634.99 ","$52,161.77 "
,TOTAL,,98,"$66,271.05 ","$52,670.62 "
43360,80'S,,6,"$2,089.32 ","$1,671.44 "
,OTHER,,32,"$59,859.82 ","$46,299.44 "
,TOTAL,,38,"$61,949.14 ","$47,970.88 "
43361,80'S,,4,"$1,558.55 ","$1,246.85 "
,OTHER,,29,"$56,893.37 ","$45,514.66 "
,TOTAL,,33,"$58,451.92 ","$46,761.51 "
43400,OTHER,,15,"$16,502.09 ","$12,607.81 "
,TOTAL,,15,"$16,502.09 ","$12,607.81 "
43401,OTHER,,3,"$3,170.75 ","$2,536.61 "
,TOTAL,,3,"$3,170.75 ","$2,536.61 "
43405,80'S,,11,"$1,980.41 ","$1,584.33 "
,OTHER,,43,"$43,468.64 ","$34,774.88 "
,TOTAL,,54,"$45,449.05 ","$36,359.21 "
43410,80'S,,17,"$2,095.58 ","$1,676.47 "
,OTHER,,86,"$62,456.36 ","$49,476.61 "
,TOTAL,,103,"$64,551.94 ","$51,153.08 "
43415,80'S,,68,"$16,452.86 ","$13,162.29 "
,OTHER,,339,"$450,454.38 ","$357,861.96 "
,TOTAL,,407,"$466,907.24 ","$371,024.25 "
43420,OTHER,,59,"$41,578.57 ","$33,072.83 "
,TOTAL,,59,"$41,578.57 ","$33,072.83 "
43425,80'S,,5,$900.48 ,$593.85 
,OTHER,,34,"$37,508.81 ","$29,312.50 "
,TOTAL,,39,"$38,409.29 ","$29,906.35 "
43450,SG,,"31,235","$5,536,935.20 ","$4,379,493.37 "
,OTHER,,"71,808","$3,100,107.43 ","$2,435,834.79 "
,TOTAL,,"103,043","$8,637,042.63 ","$6,815,328.16 "
43453,SG,,"1,491","$262,595.27 ","$208,203.38 "
,OTHER,,"4,905","$290,335.95 ","$229,219.63 "
,TOTAL,,"6,396","$552,931.22 ","$437,423.01 "
43456,SG,,441,"$107,141.55 ","$85,134.66 "
,OTHER,,"2,363","$323,194.89 ","$255,224.16 "
,TOTAL,,"2,804","$430,336.44 ","$340,358.82 "
43458,SG,,90,"$21,271.27 ","$16,708.18 "
,OTHER,,"1,857","$286,104.44 ","$223,959.31 "
,TOTAL,,"1,947","$307,375.71 ","$240,667.49 "
43460,OTHER,,53,"$9,476.86 ","$7,545.08 "
,TOTAL,,53,"$9,476.86 ","$7,545.08 "
43496,80'S,,4,$634.79 ,$507.82 
,OTHER,,24,"$23,105.56 ","$18,484.44 "
,TOTAL,,28,"$23,740.35 ","$18,992.26 "
43499,80'S,,27,"$3,441.64 ","$2,682.25 "
,OTHER,,562,"$280,307.02 ","$222,948.08 "
,TOTAL,,589,"$283,748.66 ","$225,630.33 "
43500,80'S,,64,"$5,039.25 ","$4,031.40 "
,OTHER,,461,"$233,512.18 ","$185,814.20 "
,TOTAL,,525,"$238,551.43 ","$189,845.60 "
43501,80'S,,164,"$30,009.32 ","$23,705.52 "
,OTHER,,810,"$881,414.32 ","$703,743.68 "
,TOTAL,,974,"$911,423.64 ","$727,449.20 "
43502,80'S,,8,"$1,675.79 ","$1,340.64 "
,OTHER,,58,"$69,724.01 ","$55,674.41 "
,TOTAL,,66,"$71,399.80 ","$57,015.05 "
43510,80'S,,3,$340.30 ,$272.24 
,OTHER,,53,"$37,696.14 ","$30,156.89 "
,TOTAL,,56,"$38,036.44 ","$30,429.13 "
43520,80'S,,37,"$1,994.56 ","$1,595.63 "
,OTHER,,176,"$55,110.59 ","$44,088.40 "
,TOTAL,,213,"$57,105.15 ","$45,684.03 "
43600,SG,,1,$169.25 ,$135.40 
,OTHER,,246,"$12,255.01 ","$9,525.16 "
,TOTAL,,247,"$12,424.26 ","$9,660.56 "
43605,80'S,,23,"$1,823.34 ","$1,458.68 "
,OTHER,,217,"$100,524.74 ","$79,871.11 "
,TOTAL,,240,"$102,348.08 ","$81,329.79 "
43610,80'S,,264,"$30,089.70 ","$23,941.60 "
,OTHER,,"1,257","$872,586.08 ","$692,374.05 "
,TOTAL,,"1,521","$902,675.78 ","$716,315.65 "
43611,80'S,,192,"$28,428.07 ","$22,597.27 "
,OTHER,,770,"$675,206.07 ","$537,623.57 "
,TOTAL,,962,"$703,634.14 ","$560,220.84 "
43620,80'S,,49,"$13,528.13 ","$10,822.50 "
,OTHER,,174,"$280,052.25 ","$223,038.89 "
,TOTAL,,223,"$293,580.38 ","$233,861.39 "
43621,80'S,,190,"$58,037.54 ","$46,058.14 "
,OTHER,,736,"$1,370,059.88 ","$1,088,911.84 "
,TOTAL,,926,"$1,428,097.42 ","$1,134,969.98 "
43622,80'S,,25,"$7,659.53 ","$6,127.61 "
,OTHER,,120,"$217,783.75 ","$171,797.82 "
,TOTAL,,145,"$225,443.28 ","$177,925.43 "
43631,80'S,,427,"$85,047.49 ","$67,324.69 "
,OTHER,,"1,412","$1,640,566.25 ","$1,302,825.23 "
,TOTAL,,"1,839","$1,725,613.74 ","$1,370,149.92 "
43632,80'S,,637,"$168,083.11 ","$133,910.59 "
,OTHER,,"2,339","$3,696,400.06 ","$2,938,441.26 "
,TOTAL,,"2,976","$3,864,483.17 ","$3,072,351.85 "
43633,80'S,,391,"$98,490.05 ","$78,451.36 "
,OTHER,,"1,486","$2,206,323.55 ","$1,753,813.50 "
,TOTAL,,"1,877","$2,304,813.60 ","$1,832,264.86 "
43634,80'S,,12,"$3,373.00 ","$2,698.41 "
,OTHER,,50,"$76,003.98 ","$59,278.99 "
,TOTAL,,62,"$79,376.98 ","$61,977.40 "
43635,80'S,,112,"$1,831.90 ","$1,456.11 "
,OTHER,,524,"$52,281.40 ","$41,523.92 "
,TOTAL,,636,"$54,113.30 ","$42,980.03 "
43640,80'S,,118,"$16,361.22 ","$12,969.68 "
,OTHER,,521,"$428,362.99 ","$341,620.70 "
,TOTAL,,639,"$444,724.21 ","$354,590.38 "
43641,80'S,,7,$893.12 ,$714.50 
,OTHER,,31,"$22,376.86 ","$17,796.70 "
,TOTAL,,38,"$23,269.98 ","$18,511.20 "
43644,80'S,,"1,724","$414,368.15 ","$328,783.17 "
,OTHER,,"4,641","$6,456,557.88 ","$5,124,628.58 "
,TOTAL,,"6,365","$6,870,926.03 ","$5,453,411.75 "
43645,80'S,,62,"$15,484.00 ","$12,097.69 "
,OTHER,,209,"$318,343.37 ","$253,122.03 "
,TOTAL,,271,"$333,827.37 ","$265,219.72 "
43647,80'S,,2,$520.52 ,$416.42 
,OTHER,,47,"$31,900.86 ","$25,520.69 "
,TOTAL,,49,"$32,421.38 ","$25,937.11 "
43648,OTHER,,3,"$2,342.23 ","$1,873.78 "
,TOTAL,,3,"$2,342.23 ","$1,873.78 "
43651,80'S,,2,$121.86 ,$97.49 
,OTHER,,14,"$5,073.05 ","$4,058.45 "
,TOTAL,,16,"$5,194.91 ","$4,155.94 "
43652,80'S,,4,$246.76 ,$197.40 
,OTHER,,11,"$4,926.35 ","$3,941.08 "
,TOTAL,,15,"$5,173.11 ","$4,138.48 "
43653,SG,,2,"$2,638.38 ","$2,110.70 "
,80'S,,102,"$5,993.17 ","$4,749.80 "
,OTHER,,"1,044","$413,780.56 ","$329,066.21 "
,TOTAL,,"1,148","$422,412.11 ","$335,926.71 "
43659,80'S,,170,"$32,041.55 ","$25,548.63 "
,OTHER,,975,"$891,783.92 ","$707,251.43 "
,TOTAL,,"1,145","$923,825.47 ","$732,800.06 "
43750,SG,,86,"$36,487.51 ","$28,252.58 "
,80'S,,4,$144.90 ,$115.91 
,OTHER,,"31,286","$7,644,648.79 ","$6,077,821.73 "
,TOTAL,,"31,376","$7,681,281.20 ","$6,106,190.22 "
43752,OTHER,,"11,906","$443,269.16 ","$351,356.38 "
,TOTAL,,"11,906","$443,269.16 ","$351,356.38 "
43760,SG,,"1,793","$245,127.94 ","$187,186.24 "
,80'S,,1,$4.16 ,$3.33 
,OTHER,,"71,324","$4,938,624.65 ","$3,845,942.47 "
,TOTAL,,"73,118","$5,183,756.75 ","$4,033,132.04 "
43761,SG,,6,"$1,455.24 ","$1,164.20 "
,OTHER,,"8,512","$781,787.58 ","$615,522.08 "
,TOTAL,,"8,518","$783,242.82 ","$616,686.28 "
43770,80'S,,"1,179","$182,300.69 ","$144,724.35 "
,OTHER,,"3,505","$3,148,485.14 ","$2,498,025.86 "
,TOTAL,,"4,684","$3,330,785.83 ","$2,642,750.21 "
43771,80'S,,16,"$2,870.09 ","$2,296.04 "
,OTHER,,65,"$61,930.11 ","$48,931.77 "
,TOTAL,,81,"$64,800.20 ","$51,227.81 "
43772,80'S,,10,"$1,199.25 ",$858.06 
,OTHER,,49,"$36,327.59 ","$29,062.10 "
,TOTAL,,59,"$37,526.84 ","$29,920.16 "
43773,80'S,,7,"$1,230.26 ",$984.21 
,OTHER,,33,"$34,358.04 ","$27,476.01 "
,TOTAL,,40,"$35,588.30 ","$28,460.22 "
43774,80'S,,27,"$3,380.78 ","$2,630.00 "
,OTHER,,140,"$100,051.93 ","$79,747.25 "
,TOTAL,,167,"$103,432.71 ","$82,377.25 "
43800,80'S,,164,"$13,887.41 ","$11,035.91 "
,OTHER,,719,"$370,299.99 ","$294,985.28 "
,TOTAL,,883,"$384,187.40 ","$306,021.19 "
43810,80'S,,8,$935.73 ,$748.58 
,OTHER,,66,"$41,691.05 ","$33,143.26 "
,TOTAL,,74,"$42,626.78 ","$33,891.84 "
43820,80'S,,498,"$74,942.62 ","$59,707.61 "
,OTHER,,"2,367","$2,128,988.18 ","$1,695,400.76 "
,TOTAL,,"2,865","$2,203,930.80 ","$1,755,108.37 "
43825,80'S,,32,"$5,367.21 ","$4,293.78 "
,OTHER,,114,"$116,252.34 ","$92,745.03 "
,TOTAL,,146,"$121,619.55 ","$97,038.81 "
43830,80'S,,950,"$67,332.93 ","$53,752.65 "
,OTHER,,"8,659","$3,991,631.04 ","$3,178,233.96 "
,TOTAL,,"9,609","$4,058,963.97 ","$3,231,986.61 "
43831,80'S,,1,$86.25 ,$69.00 
,OTHER,,24,"$9,431.44 ","$7,545.17 "
,TOTAL,,25,"$9,517.69 ","$7,614.17 "
43832,80'S,,117,"$15,039.37 ","$12,011.89 "
,OTHER,,"1,194","$948,451.41 ","$756,112.42 "
,TOTAL,,"1,311","$963,490.78 ","$768,124.31 "
43840,80'S,,665,"$114,177.69 ","$90,311.19 "
,OTHER,,"4,717","$4,829,822.00 ","$3,840,107.66 "
,TOTAL,,"5,382","$4,943,999.69 ","$3,930,418.85 "
43843,80'S,,16,"$2,748.84 ","$2,199.06 "
,OTHER,,58,"$59,728.57 ","$47,532.27 "
,TOTAL,,74,"$62,477.41 ","$49,731.33 "
43845,80'S,,39,"$10,130.74 ","$7,950.98 "
,OTHER,,99,"$147,013.63 ","$116,384.38 "
,TOTAL,,138,"$157,144.37 ","$124,335.36 "
43846,80'S,,280,"$61,577.64 ","$49,210.15 "
,OTHER,,"1,035","$1,307,342.96 ","$1,039,386.49 "
,TOTAL,,"1,315","$1,368,920.60 ","$1,088,596.64 "
43847,80'S,,15,"$3,429.07 ","$2,743.26 "
,OTHER,,95,"$143,561.69 ","$113,449.87 "
,TOTAL,,110,"$146,990.76 ","$116,193.13 "
43848,80'S,,63,"$17,003.18 ","$13,475.45 "
,OTHER,,279,"$445,453.70 ","$356,010.24 "
,TOTAL,,342,"$462,456.88 ","$369,485.69 "
43850,80'S,,6,"$1,297.05 ","$1,037.63 "
,OTHER,,41,"$51,468.36 ","$41,174.70 "
,TOTAL,,47,"$52,765.41 ","$42,212.33 "
43855,OTHER,,2,"$2,909.11 ","$2,327.29 "
,TOTAL,,2,"$2,909.11 ","$2,327.29 "
43860,80'S,,125,"$27,959.42 ","$22,096.68 "
,OTHER,,579,"$730,831.24 ","$575,382.73 "
,TOTAL,,704,"$758,790.66 ","$597,479.41 "
43865,80'S,,7,"$1,416.54 ","$1,133.24 "
,OTHER,,34,"$41,062.71 ","$32,850.14 "
,TOTAL,,41,"$42,479.25 ","$33,983.38 "
43870,SG,,26,"$7,802.05 ","$5,818.83 "
,80'S,,54,"$3,632.32 ","$2,905.92 "
,OTHER,,803,"$413,090.91 ","$328,650.91 "
,TOTAL,,883,"$424,525.28 ","$337,375.66 "
43880,80'S,,21,"$4,194.55 ","$3,355.63 "
,OTHER,,248,"$293,619.57 ","$234,677.16 "
,TOTAL,,269,"$297,814.12 ","$238,032.79 "
43881,OTHER,,42,"$18,568.50 ","$14,802.63 "
,TOTAL,,42,"$18,568.50 ","$14,802.63 "
43882,OTHER,,11,"$5,906.69 ","$4,416.25 "
,TOTAL,,11,"$5,906.69 ","$4,416.25 "
43886,80'S,,3,$109.14 ,$87.32 
,OTHER,,48,"$11,197.85 ","$8,658.87 "
,TOTAL,,51,"$11,306.99 ","$8,746.19 "
43887,80'S,,1,$41.99 ,$33.59 
,OTHER,,38,"$9,562.27 ","$7,533.48 "
,TOTAL,,39,"$9,604.26 ","$7,567.07 "
43888,80'S,,4,$250.17 ,$200.13 
,OTHER,,43,"$16,132.38 ","$12,801.07 "
,TOTAL,,47,"$16,382.55 ","$13,001.20 "
43999,80'S,,34,"$6,161.59 ","$4,929.27 "
,OTHER,,"1,938","$362,459.65 ","$287,382.01 "
,TOTAL,,"1,972","$368,621.24 ","$292,311.28 "
44005,80'S,,"2,376","$354,031.35 ","$281,077.14 "
,OTHER,,"16,643","$14,821,281.33 ","$11,771,356.64 "
,TOTAL,,"19,019","$15,175,312.68 ","$12,052,433.78 "
44010,80'S,,116,"$10,189.58 ","$8,146.79 "
,OTHER,,499,"$246,184.68 ","$196,832.17 "
,TOTAL,,615,"$256,374.26 ","$204,978.96 "
44015,80'S,,878,"$18,821.41 ","$14,973.60 "
,OTHER,,"6,713","$869,662.42 ","$691,937.03 "
,TOTAL,,"7,591","$888,483.83 ","$706,910.63 "
44020,80'S,,125,"$13,718.29 ","$10,785.92 "
,OTHER,,892,"$607,497.11 ","$482,003.44 "
,TOTAL,,"1,017","$621,215.40 ","$492,789.36 "
44021,80'S,,112,"$11,205.26 ","$8,964.16 "
,OTHER,,797,"$473,389.13 ","$378,074.99 "
,TOTAL,,909,"$484,594.39 ","$387,039.15 "
44025,80'S,,80,"$8,601.96 ","$6,881.56 "
,OTHER,,470,"$305,133.12 ","$241,754.76 "
,TOTAL,,550,"$313,735.08 ","$248,636.32 "
44050,80'S,,403,"$41,620.83 ","$33,079.75 "
,OTHER,,"2,766","$1,730,336.09 ","$1,375,070.83 "
,TOTAL,,"3,169","$1,771,956.92 ","$1,408,150.58 "
44055,80'S,,40,"$7,654.87 ","$6,123.88 "
,OTHER,,303,"$362,419.15 ","$288,090.03 "
,TOTAL,,343,"$370,074.02 ","$294,213.91 "
44100,SG,,4,$933.19 ,$746.55 
,OTHER,,583,"$30,721.29 ","$24,210.84 "
,TOTAL,,587,"$31,654.48 ","$24,957.39 "
44110,80'S,,212,"$17,806.06 ","$14,149.29 "
,OTHER,,"1,436","$740,754.26 ","$587,456.73 "
,TOTAL,,"1,648","$758,560.32 ","$601,606.02 "
44111,80'S,,41,"$4,238.23 ","$3,285.81 "
,OTHER,,245,"$150,469.16 ","$119,283.25 "
,TOTAL,,286,"$154,707.39 ","$122,569.06 "
44120,80'S,,"4,976","$725,819.69 ","$577,088.76 "
,OTHER,,"31,039","$27,687,175.68 ","$22,042,484.50 "
,TOTAL,,"36,015","$28,412,995.37 ","$22,619,573.26 "
44121,80'S,,512,"$18,666.43 ","$14,850.62 "
,OTHER,,"3,029","$648,073.91 ","$516,088.14 "
,TOTAL,,"3,541","$666,740.34 ","$530,938.76 "
44125,80'S,,185,"$25,970.95 ","$20,300.59 "
,OTHER,,"1,161","$979,483.01 ","$778,860.57 "
,TOTAL,,"1,346","$1,005,453.96 ","$799,161.16 "
44126,80'S,,20,"$6,715.97 ","$5,372.78 "
,OTHER,,84,"$170,050.94 ","$135,935.96 "
,TOTAL,,104,"$176,766.91 ","$141,308.74 "
44127,80'S,,1,$412.62 ,$330.10 
,OTHER,,9,"$23,592.02 ","$18,873.60 "
,TOTAL,,10,"$24,004.64 ","$19,203.70 "
44128,80'S,,3,$101.60 ,$81.28 
,OTHER,,10,"$2,260.29 ","$1,808.22 "
,TOTAL,,13,"$2,361.89 ","$1,889.50 "
44130,80'S,,434,"$60,474.90 ","$48,009.44 "
,OTHER,,"2,239","$1,984,633.17 ","$1,577,571.35 "
,TOTAL,,"2,673","$2,045,108.07 ","$1,625,580.79 "
44135,80'S,,4,$829.04 ,$663.24 
,OTHER,,10,"$25,189.08 ","$20,151.27 "
,TOTAL,,14,"$26,018.12 ","$20,814.51 "
44137,80'S,,1,$235.35 ,$188.28 
,OTHER,,1,"$1,470.93 ","$1,176.74 "
,TOTAL,,2,"$1,706.28 ","$1,365.02 "
44139,80'S,,"3,318","$60,085.06 ","$47,888.73 "
,OTHER,,"17,663","$1,906,416.01 ","$1,517,895.49 "
,TOTAL,,"20,981","$1,966,501.07 ","$1,565,784.22 "
44140,80'S,,"8,377","$1,543,504.20 ","$1,227,177.39 "
,OTHER,,"35,982","$39,127,707.78 ","$31,110,934.94 "
,TOTAL,,"44,359","$40,671,211.98 ","$32,338,112.33 "
44141,80'S,,601,"$141,307.89 ","$112,253.97 "
,OTHER,,"3,500","$4,825,627.24 ","$3,844,347.55 "
,TOTAL,,"4,101","$4,966,935.13 ","$3,956,601.52 "
44143,80'S,,"2,959","$685,308.85 ","$545,104.75 "
,OTHER,,"15,651","$21,371,399.60 ","$17,023,886.99 "
,TOTAL,,"18,610","$22,056,708.45 ","$17,568,991.74 "
44144,80'S,,596,"$140,131.55 ","$111,993.22 "
,OTHER,,"3,034","$4,235,781.08 ","$3,374,672.43 "
,TOTAL,,"3,630","$4,375,912.63 ","$3,486,665.65 "
44145,80'S,,"4,097","$964,444.12 ","$766,570.34 "
,OTHER,,"13,536","$18,696,805.66 ","$14,860,700.52 "
,TOTAL,,"17,633","$19,661,249.78 ","$15,627,270.86 "
44146,80'S,,621,"$178,104.24 ","$141,822.38 "
,OTHER,,"2,117","$3,616,390.22 ","$2,876,273.26 "
,TOTAL,,"2,738","$3,794,494.46 ","$3,018,095.64 "
44147,80'S,,284,"$70,997.70 ","$56,277.69 "
,OTHER,,826,"$1,213,111.31 ","$960,113.64 "
,TOTAL,,"1,110","$1,284,109.01 ","$1,016,391.33 "
44150,80'S,,"1,098","$278,331.80 ","$222,007.02 "
,OTHER,,"5,254","$7,907,602.26 ","$6,297,249.95 "
,TOTAL,,"6,352","$8,185,934.06 ","$6,519,256.97 "
44151,80'S,,14,"$4,163.49 ","$3,330.78 "
,OTHER,,109,"$198,481.68 ","$157,580.06 "
,TOTAL,,123,"$202,645.17 ","$160,910.84 "
44155,80'S,,222,"$63,719.25 ","$50,124.66 "
,OTHER,,816,"$1,389,684.17 ","$1,101,126.08 "
,TOTAL,,"1,038","$1,453,403.42 ","$1,151,250.74 "
44156,80'S,,4,"$1,277.70 ","$1,022.16 "
,OTHER,,29,"$56,503.43 ","$45,202.72 "
,TOTAL,,33,"$57,781.13 ","$46,224.88 "
44157,80'S,,26,"$8,014.89 ","$6,411.93 "
,OTHER,,92,"$167,712.99 ","$134,014.21 "
,TOTAL,,118,"$175,727.88 ","$140,426.14 "
44158,80'S,,18,"$5,610.83 ","$4,488.66 "
,OTHER,,107,"$203,045.70 ","$161,395.00 "
,TOTAL,,125,"$208,656.53 ","$165,883.66 "
44160,80'S,,"4,436","$745,322.61 ","$592,200.48 "
,OTHER,,"21,437","$21,242,413.50 ","$16,882,468.90 "
,TOTAL,,"25,873","$21,987,736.11 ","$17,474,669.38 "
44180,80'S,,706,"$88,437.28 ","$70,307.86 "
,OTHER,,"5,598","$4,180,619.05 ","$3,312,548.25 "
,TOTAL,,"6,304","$4,269,056.33 ","$3,382,856.11 "
44186,80'S,,87,"$6,751.94 ","$5,329.28 "
,OTHER,,763,"$375,024.07 ","$297,400.85 "
,TOTAL,,850,"$381,776.01 ","$302,730.13 "
44187,80'S,,43,"$5,330.27 ","$4,264.21 "
,OTHER,,321,"$247,070.69 ","$195,850.87 "
,TOTAL,,364,"$252,400.96 ","$200,115.08 "
44188,80'S,,198,"$32,736.66 ","$26,048.59 "
,OTHER,,"1,393","$1,380,531.83 ","$1,094,465.86 "
,TOTAL,,"1,591","$1,413,268.49 ","$1,120,514.45 "
44202,80'S,,297,"$55,581.97 ","$44,419.88 "
,OTHER,,"1,583","$1,757,426.26 ","$1,394,813.18 "
,TOTAL,,"1,880","$1,813,008.23 ","$1,439,233.06 "
44203,80'S,,13,$480.68 ,$384.54 
,OTHER,,77,"$16,918.51 ","$13,534.82 "
,TOTAL,,90,"$17,399.19 ","$13,919.36 "
44204,80'S,,"3,477","$763,505.76 ","$606,676.55 "
,OTHER,,"11,058","$14,455,251.11 ","$11,478,899.62 "
,TOTAL,,"14,535","$15,218,756.87 ","$12,085,576.17 "
44205,80'S,,"2,435","$468,158.98 ","$372,213.59 "
,OTHER,,"9,099","$10,258,896.82 ","$8,152,542.59 "
,TOTAL,,"11,534","$10,727,055.80 ","$8,524,756.18 "
44206,80'S,,243,"$60,154.03 ","$47,981.59 "
,OTHER,,"1,106","$1,622,169.23 ","$1,289,933.59 "
,TOTAL,,"1,349","$1,682,323.26 ","$1,337,915.18 "
44207,80'S,,"1,829","$480,845.38 ","$382,210.08 "
,OTHER,,"5,306","$8,199,667.95 ","$6,511,717.24 "
,TOTAL,,"7,135","$8,680,513.33 ","$6,893,927.32 "
44208,80'S,,140,"$36,321.02 ","$28,892.39 "
,OTHER,,402,"$687,905.05 ","$544,590.93 "
,TOTAL,,542,"$724,226.07 ","$573,483.32 "
44210,80'S,,122,"$30,959.26 ","$24,408.69 "
,OTHER,,443,"$675,680.07 ","$538,261.73 "
,TOTAL,,565,"$706,639.33 ","$562,670.42 "
44211,80'S,,15,"$4,729.51 ","$3,757.85 "
,OTHER,,70,"$121,610.38 ","$95,986.10 "
,TOTAL,,85,"$126,339.89 ","$99,743.95 "
44212,80'S,,36,"$10,396.76 ","$8,317.43 "
,OTHER,,160,"$270,474.13 ","$213,804.25 "
,TOTAL,,196,"$280,870.89 ","$222,121.68 "
44213,80'S,,"1,428","$40,875.42 ","$32,534.97 "
,OTHER,,"5,282","$907,922.09 ","$722,472.40 "
,TOTAL,,"6,710","$948,797.51 ","$755,007.37 "
44227,80'S,,186,"$43,304.80 ","$34,434.22 "
,OTHER,,580,"$797,160.04 ","$631,994.07 "
,TOTAL,,766,"$840,464.84 ","$666,428.29 "
44238,80'S,,47,"$6,433.38 ","$5,146.69 "
,OTHER,,473,"$371,754.69 ","$296,416.44 "
,TOTAL,,520,"$378,188.07 ","$301,563.13 "
44300,80'S,,236,"$21,689.74 ","$17,341.52 "
,OTHER,,"2,761","$1,695,407.89 ","$1,353,570.35 "
,TOTAL,,"2,997","$1,717,097.63 ","$1,370,911.87 "
44310,80'S,,604,"$59,710.02 ","$47,650.15 "
,OTHER,,"3,679","$2,314,644.59 ","$1,843,046.81 "
,TOTAL,,"4,283","$2,374,354.61 ","$1,890,696.96 "
44312,SG,,9,"$3,010.78 ","$2,332.73 "
,80'S,,13,$816.99 ,$653.58 
,OTHER,,538,"$234,662.84 ","$185,478.07 "
,TOTAL,,560,"$238,490.61 ","$188,464.38 "
44314,80'S,,151,"$19,351.46 ","$15,193.78 "
,OTHER,,938,"$699,472.53 ","$552,827.24 "
,TOTAL,,"1,089","$718,823.99 ","$568,021.02 "
44316,80'S,,9,"$1,509.65 ","$1,207.72 "
,OTHER,,34,"$34,904.77 ","$27,923.81 "
,TOTAL,,43,"$36,414.42 ","$29,131.53 "
44320,80'S,,946,"$146,110.21 ","$116,279.82 "
,OTHER,,"6,455","$6,020,425.41 ","$4,797,917.36 "
,TOTAL,,"7,401","$6,166,535.62 ","$4,914,197.18 "
44322,80'S,,6,$664.72 ,$531.77 
,OTHER,,39,"$27,677.08 ","$22,141.65 "
,TOTAL,,45,"$28,341.80 ","$22,673.42 "
44340,SG,,27,"$13,427.42 ","$10,741.95 "
,80'S,,4,$189.04 ,$151.24 
,OTHER,,887,"$397,781.88 ","$315,155.83 "
,TOTAL,,918,"$411,398.34 ","$326,049.02 "
44345,80'S,,160,"$21,040.68 ","$16,686.13 "
,OTHER,,947,"$745,887.32 ","$593,465.10 "
,TOTAL,,"1,107","$766,928.00 ","$610,151.23 "
44346,80'S,,298,"$44,657.50 ","$35,530.68 "
,OTHER,,"1,806","$1,627,225.69 ","$1,291,066.25 "
,TOTAL,,"2,104","$1,671,883.19 ","$1,326,596.93 "
44360,SG,,602,"$233,952.07 ","$185,431.52 "
,OTHER,,"6,409","$821,934.89 ","$647,592.28 "
,TOTAL,,"7,011","$1,055,886.96 ","$833,023.80 "
44361,SG,,"4,450","$1,642,231.07 ","$1,296,350.60 "
,OTHER,,"14,435","$1,777,000.79 ","$1,394,749.20 "
,TOTAL,,"18,885","$3,419,231.86 ","$2,691,099.80 "
44363,SG,,12,"$4,913.03 ","$3,930.42 "
,OTHER,,139,"$20,553.94 ","$16,019.01 "
,TOTAL,,151,"$25,466.97 ","$19,949.43 "
44364,SG,,86,"$30,981.99 ","$24,252.15 "
,OTHER,,321,"$56,291.69 ","$44,275.83 "
,TOTAL,,407,"$87,273.68 ","$68,527.98 "
44365,SG,,46,"$19,749.17 ","$15,443.94 "
,OTHER,,230,"$34,270.64 ","$27,146.39 "
,TOTAL,,276,"$54,019.81 ","$42,590.33 "
44366,SG,,170,"$68,449.18 ","$54,328.66 "
,OTHER,,"2,892","$649,921.56 ","$513,962.50 "
,TOTAL,,"3,062","$718,370.74 ","$568,291.16 "
44369,SG,,75,"$29,717.71 ","$23,774.24 "
,OTHER,,"1,028","$232,278.93 ","$184,187.26 "
,TOTAL,,"1,103","$261,996.64 ","$207,961.50 "
44370,SG,,3,"$3,791.66 ","$3,033.33 "
,80'S,,1,$23.32 ,$18.66 
,OTHER,,109,"$26,881.48 ","$21,505.14 "
,TOTAL,,113,"$30,696.46 ","$24,557.13 "
44372,SG,,2,$622.40 ,$497.92 
,OTHER,,"1,562","$352,659.33 ","$279,825.02 "
,TOTAL,,"1,564","$353,281.73 ","$280,322.94 "
44373,SG,,10,"$3,064.37 ","$2,451.50 "
,OTHER,,"1,762","$263,231.26 ","$208,998.99 "
,TOTAL,,"1,772","$266,295.63 ","$211,450.49 "
44376,SG,,213,"$62,816.18 ","$50,147.86 "
,80'S,,2,$66.17 ,$52.94 
,OTHER,,"2,160","$560,124.87 ","$443,882.20 "
,TOTAL,,"2,375","$623,007.22 ","$494,083.00 "
44377,SG,,102,"$35,517.69 ","$27,692.26 "
,80'S,,1,$46.21 ,$36.97 
,OTHER,,"1,576","$452,644.80 ","$357,455.41 "
,TOTAL,,"1,679","$488,208.70 ","$385,184.64 "
44378,SG,,7,"$3,050.24 ","$2,440.19 "
,OTHER,,657,"$246,306.23 ","$195,910.30 "
,TOTAL,,664,"$249,356.47 ","$198,350.49 "
44379,OTHER,,18,"$6,661.06 ","$5,328.86 "
,TOTAL,,18,"$6,661.06 ","$5,328.86 "
44380,SG,,225,"$60,223.09 ","$46,527.92 "
,OTHER,,"1,890","$86,107.64 ","$67,024.15 "
,TOTAL,,"2,115","$146,330.73 ","$113,552.07 "
44382,SG,,101,"$28,922.76 ","$22,664.88 "
,OTHER,,"1,187","$72,873.16 ","$56,297.59 "
,TOTAL,,"1,288","$101,795.92 ","$78,962.47 "
44383,SG,,18,"$23,141.26 ","$18,512.97 "
,OTHER,,199,"$28,265.34 ","$22,197.63 "
,TOTAL,,217,"$51,406.60 ","$40,710.60 "
44385,SG,,47,"$14,105.03 ","$11,023.20 "
,OTHER,,898,"$108,934.82 ","$81,599.24 "
,TOTAL,,945,"$123,039.85 ","$92,622.44 "
44386,SG,,60,"$17,084.99 ","$13,369.52 "
,OTHER,,598,"$91,595.38 ","$70,754.94 "
,TOTAL,,658,"$108,680.37 ","$84,124.46 "
44388,SG,,"1,330","$411,240.33 ","$323,004.88 "
,OTHER,,"5,211","$747,949.37 ","$583,689.43 "
,TOTAL,,"6,541","$1,159,189.70 ","$906,694.31 "
44389,SG,,515,"$149,627.29 ","$116,892.72 "
,OTHER,,"1,752","$265,638.57 ","$207,611.50 "
,TOTAL,,"2,267","$415,265.86 ","$324,504.22 "
44390,SG,,2,$647.80 ,$518.24 
,OTHER,,20,"$3,641.96 ","$2,913.55 "
,TOTAL,,22,"$4,289.76 ","$3,431.79 "
44391,SG,,7,"$1,856.94 ","$1,485.56 "
,OTHER,,138,"$30,450.08 ","$24,119.44 "
,TOTAL,,145,"$32,307.02 ","$25,605.00 "
44392,SG,,162,"$47,423.32 ","$37,360.68 "
,OTHER,,713,"$135,124.37 ","$105,144.45 "
,TOTAL,,875,"$182,547.69 ","$142,505.13 "
44393,SG,,55,"$16,289.93 ","$12,889.26 "
,OTHER,,172,"$41,204.79 ","$32,499.83 "
,TOTAL,,227,"$57,494.72 ","$45,389.09 "
44394,SG,,375,"$116,003.08 ","$90,674.58 "
,OTHER,,"1,131","$260,637.64 ","$203,333.96 "
,TOTAL,,"1,506","$376,640.72 ","$294,008.54 "
44397,SG,,1,$325.02 ,$260.02 
,OTHER,,8,"$1,980.00 ","$1,583.98 "
,TOTAL,,9,"$2,305.02 ","$1,844.00 "
44500,80'S,,8,$31.60 ,$25.28 
,OTHER,,"12,186","$282,903.53 ","$223,794.54 "
,TOTAL,,"12,194","$282,935.13 ","$223,819.82 "
44602,80'S,,779,"$126,285.94 ","$100,264.44 "
,OTHER,,"5,441","$4,804,394.17 ","$3,825,565.34 "
,TOTAL,,"6,220","$4,930,680.11 ","$3,925,829.78 "
44603,80'S,,340,"$64,372.23 ","$51,349.39 "
,OTHER,,"1,712","$1,930,940.59 ","$1,534,647.61 "
,TOTAL,,"2,052","$1,995,312.82 ","$1,585,997.00 "
44604,80'S,,330,"$38,467.61 ","$30,485.54 "
,OTHER,,"2,288","$1,682,711.97 ","$1,341,806.21 "
,TOTAL,,"2,618","$1,721,179.58 ","$1,372,291.75 "
44605,80'S,,48,"$8,047.85 ","$6,438.33 "
,OTHER,,303,"$297,430.61 ","$236,994.36 "
,TOTAL,,351,"$305,478.46 ","$243,432.69 "
44615,80'S,,128,"$16,032.92 ","$12,814.15 "
,OTHER,,813,"$611,867.09 ","$486,805.97 "
,TOTAL,,941,"$627,900.01 ","$499,620.12 "
44620,80'S,,427,"$44,745.30 ","$35,498.95 "
,OTHER,,"2,853","$1,780,746.06 ","$1,415,925.47 "
,TOTAL,,"3,280","$1,825,491.36 ","$1,451,424.42 "
44625,80'S,,724,"$96,364.71 ","$76,428.79 "
,OTHER,,"3,853","$3,033,586.56 ","$2,402,397.57 "
,TOTAL,,"4,577","$3,129,951.27 ","$2,478,826.36 "
44626,80'S,,"1,405","$318,841.73 ","$252,796.49 "
,OTHER,,"4,779","$6,347,710.27 ","$5,047,726.84 "
,TOTAL,,"6,184","$6,666,552.00 ","$5,300,523.33 "
44640,80'S,,188,"$33,978.60 ","$27,027.06 "
,OTHER,,"1,179","$1,291,065.35 ","$1,024,726.52 "
,TOTAL,,"1,367","$1,325,043.95 ","$1,051,753.58 "
44650,80'S,,65,"$11,879.77 ","$9,370.60 "
,OTHER,,350,"$374,959.66 ","$298,792.45 "
,TOTAL,,415,"$386,839.43 ","$308,163.05 "
44660,80'S,,63,"$8,904.06 ","$7,093.68 "
,OTHER,,303,"$282,764.48 ","$222,825.34 "
,TOTAL,,366,"$291,668.54 ","$229,919.02 "
44661,80'S,,178,"$34,991.33 ","$27,610.16 "
,OTHER,,713,"$814,395.91 ","$648,960.17 "
,TOTAL,,891,"$849,387.24 ","$676,570.33 "
44680,80'S,,13,"$1,630.46 ","$1,304.36 "
,OTHER,,80,"$59,633.91 ","$47,629.42 "
,TOTAL,,93,"$61,264.37 ","$48,933.78 "
44700,80'S,,187,"$14,131.15 ","$11,260.86 "
,OTHER,,679,"$319,249.60 ","$254,086.15 "
,TOTAL,,866,"$333,380.75 ","$265,347.01 "
44701,80'S,,17,$431.55 ,$345.21 
,OTHER,,239,"$37,523.16 ","$29,833.49 "
,TOTAL,,256,"$37,954.71 ","$30,178.70 "
44715,OTHER,,6,"$2,506.67 ","$2,005.33 "
,TOTAL,,6,"$2,506.67 ","$2,005.33 "
44721,OTHER,,1,$300.00 ,$240.00 
,TOTAL,,1,$300.00 ,$240.00 
44799,80'S,,41,"$4,910.29 ","$3,928.19 "
,OTHER,,"1,312","$383,086.04 ","$304,810.25 "
,TOTAL,,"1,353","$387,996.33 ","$308,738.44 "
44800,80'S,,136,"$8,903.05 ","$7,122.48 "
,OTHER,,765,"$309,221.00 ","$246,249.07 "
,TOTAL,,901,"$318,124.05 ","$253,371.55 "
44820,80'S,,27,"$2,874.71 ","$2,239.11 "
,OTHER,,171,"$103,873.42 ","$81,884.62 "
,TOTAL,,198,"$106,748.13 ","$84,123.73 "
44850,80'S,,49,"$3,872.03 ","$3,097.55 "
,OTHER,,161,"$74,767.38 ","$59,679.29 "
,TOTAL,,210,"$78,639.41 ","$62,776.84 "
44899,80'S,,1,$12.45 ,$9.96 
,OTHER,,24,"$13,112.62 ","$10,490.07 "
,TOTAL,,25,"$13,125.07 ","$10,500.03 "
44900,80'S,,28,"$2,383.93 ","$1,820.16 "
,OTHER,,253,"$122,817.35 ","$97,047.37 "
,TOTAL,,281,"$125,201.28 ","$98,867.53 "
44901,80'S,,2,$28.15 ,$22.52 
,OTHER,,179,"$30,246.16 ","$23,782.72 "
,TOTAL,,181,"$30,274.31 ","$23,805.24 "
44950,80'S,,303,"$26,930.52 ","$21,045.81 "
,OTHER,,"5,189","$2,831,139.00 ","$2,234,824.81 "
,TOTAL,,"5,492","$2,858,069.52 ","$2,255,870.62 "
44955,80'S,,632,"$7,921.95 ","$6,293.21 "
,OTHER,,"4,677","$351,440.58 ","$279,553.87 "
,TOTAL,,"5,309","$359,362.53 ","$285,847.08 "
44960,80'S,,273,"$31,551.94 ","$24,960.63 "
,OTHER,,"4,279","$3,024,050.82 ","$2,396,677.30 "
,TOTAL,,"4,552","$3,055,602.76 ","$2,421,637.93 "
44970,80'S,,540,"$40,318.92 ","$31,775.36 "
,OTHER,,"13,916","$6,715,584.92 ","$5,294,641.22 "
,TOTAL,,"14,456","$6,755,903.84 ","$5,326,416.58 "
44979,80'S,,2,$240.59 ,$192.48 
,OTHER,,90,"$51,027.29 ","$40,814.21 "
,TOTAL,,92,"$51,267.88 ","$41,006.69 "
45000,SG,,2,$436.78 ,$349.42 
,OTHER,,230,"$69,050.02 ","$54,546.28 "
,TOTAL,,232,"$69,486.80 ","$54,895.70 "
45005,SG,,13,"$3,541.51 ","$2,833.20 "
,OTHER,,371,"$57,856.43 ","$43,819.92 "
,TOTAL,,384,"$61,397.94 ","$46,653.12 "
45020,SG,,7,"$2,898.57 ","$2,304.72 "
,OTHER,,484,"$198,547.08 ","$156,941.98 "
,TOTAL,,491,"$201,445.65 ","$159,246.70 "
45100,SG,,171,"$49,801.41 ","$39,107.37 "
,OTHER,,"1,473","$325,980.72 ","$257,374.16 "
,TOTAL,,"1,644","$375,782.13 ","$296,481.53 "
45108,SG,,5,"$1,767.00 ","$1,413.61 "
,80'S,,1,$48.39 ,$38.71 
,OTHER,,76,"$20,051.93 ","$15,686.31 "
,TOTAL,,82,"$21,867.32 ","$17,138.63 "
45110,80'S,,995,"$257,093.48 ","$204,070.87 "
,OTHER,,"2,796","$4,264,550.72 ","$3,393,320.05 "
,TOTAL,,"3,791","$4,521,644.20 ","$3,597,390.92 "
45111,80'S,,106,"$12,879.18 ","$10,303.31 "
,OTHER,,480,"$361,073.04 ","$287,321.07 "
,TOTAL,,586,"$373,952.22 ","$297,624.38 "
45112,80'S,,73,"$19,627.24 ","$15,701.81 "
,OTHER,,292,"$480,929.00 ","$383,009.58 "
,TOTAL,,365,"$500,556.24 ","$398,711.39 "
45113,80'S,,7,"$2,034.85 ","$1,627.87 "
,OTHER,,68,"$114,258.44 ","$89,291.97 "
,TOTAL,,75,"$116,293.29 ","$90,919.84 "
45114,80'S,,13,"$3,071.71 ","$2,457.36 "
,OTHER,,56,"$83,998.72 ","$67,047.92 "
,TOTAL,,69,"$87,070.43 ","$69,505.28 "
45116,80'S,,8,"$1,897.08 ","$1,517.66 "
,OTHER,,26,"$35,896.33 ","$28,657.81 "
,TOTAL,,34,"$37,793.41 ","$30,175.47 "
45119,80'S,,80,"$21,535.60 ","$17,003.00 "
,OTHER,,305,"$483,092.67 ","$383,162.28 "
,TOTAL,,385,"$504,628.27 ","$400,165.28 "
45120,80'S,,5,"$1,122.14 ",$667.29 
,OTHER,,14,"$17,663.29 ","$12,545.92 "
,TOTAL,,19,"$18,785.43 ","$13,213.21 "
45121,80'S,,7,"$1,619.36 ","$1,190.68 "
,OTHER,,25,"$32,457.14 ","$25,965.72 "
,TOTAL,,32,"$34,076.50 ","$27,156.40 "
45123,80'S,,61,"$9,106.80 ","$7,067.05 "
,OTHER,,555,"$505,499.71 ","$400,393.29 "
,TOTAL,,616,"$514,606.51 ","$407,460.34 "
45126,80'S,,23,"$9,414.50 ","$7,531.60 "
,OTHER,,99,"$216,691.85 ","$171,527.22 "
,TOTAL,,122,"$226,106.35 ","$179,058.82 "
45130,80'S,,336,"$50,895.37 ","$40,487.69 "
,OTHER,,"2,119","$1,952,498.08 ","$1,554,258.16 "
,TOTAL,,"2,455","$2,003,393.45 ","$1,594,745.85 "
45135,80'S,,9,"$1,531.41 ","$1,225.14 "
,OTHER,,37,"$40,632.03 ","$32,400.80 "
,TOTAL,,46,"$42,163.44 ","$33,625.94 "
45136,80'S,,9,"$2,294.93 ","$1,835.95 "
,OTHER,,51,"$75,874.33 ","$60,253.80 "
,TOTAL,,60,"$78,169.26 ","$62,089.75 "
45150,SG,,5,"$2,273.27 ","$1,818.62 "
,OTHER,,52,"$16,418.33 ","$13,001.60 "
,TOTAL,,57,"$18,691.60 ","$14,820.22 "
45160,SG,,8,"$3,519.93 ","$2,815.95 "
,80'S,,10,"$1,206.83 ",$965.47 
,OTHER,,83,"$65,883.49 ","$52,114.55 "
,TOTAL,,101,"$70,610.25 ","$55,895.97 "
45170,SG,,542,"$223,510.07 ","$177,257.84 "
,80'S,,283,"$28,419.77 ","$22,695.07 "
,OTHER,,"6,689","$4,322,627.79 ","$3,423,950.81 "
,TOTAL,,"7,514","$4,574,557.63 ","$3,623,903.72 "
45190,SG,,29,"$39,709.24 ","$31,662.59 "
,80'S,,8,$703.10 ,$562.48 
,OTHER,,408,"$231,042.70 ","$182,854.01 "
,TOTAL,,445,"$271,455.04 ","$215,079.08 "
45300,SG,,1,$37.31 ,$29.85 
,80'S,,1,$2.03 ,$1.62 
,OTHER,,"46,799","$3,081,877.02 ","$2,316,336.30 "
,TOTAL,,"46,801","$3,081,916.36 ","$2,316,367.77 "
45303,OTHER,,686,"$267,554.95 ","$211,793.72 "
,TOTAL,,686,"$267,554.95 ","$211,793.72 "
45305,SG,,50,"$14,457.06 ","$10,881.87 "
,OTHER,,"1,566","$137,199.29 ","$105,569.37 "
,TOTAL,,"1,616","$151,656.35 ","$116,451.24 "
45307,SG,,3,$786.42 ,$629.13 
,80'S,,1,$4.57 ,$3.66 
,OTHER,,117,"$9,803.30 ","$7,704.42 "
,TOTAL,,121,"$10,594.29 ","$8,337.21 "
45308,SG,,31,"$10,014.11 ","$7,802.55 "
,OTHER,,151,"$10,245.19 ","$7,885.09 "
,TOTAL,,182,"$20,259.30 ","$15,687.64 "
45309,SG,,10,"$3,196.50 ","$2,557.19 "
,OTHER,,186,"$21,791.04 ","$16,252.94 "
,TOTAL,,196,"$24,987.54 ","$18,810.13 "
45315,SG,,3,$811.16 ,$648.93 
,OTHER,,98,"$7,912.50 ","$6,167.89 "
,TOTAL,,101,"$8,723.66 ","$6,816.82 "
45317,SG,,14,"$4,132.38 ","$3,305.89 "
,OTHER,,"1,010","$128,726.43 ","$100,405.76 "
,TOTAL,,"1,024","$132,858.81 ","$103,711.65 "
45320,SG,,5,"$1,656.79 ","$1,325.43 "
,OTHER,,122,"$12,538.01 ","$9,673.50 "
,TOTAL,,127,"$14,194.80 ","$10,998.93 "
45321,OTHER,,236,"$15,231.15 ","$11,902.23 "
,TOTAL,,236,"$15,231.15 ","$11,902.23 "
45327,OTHER,,39,"$3,065.95 ","$2,405.00 "
,TOTAL,,39,"$3,065.95 ","$2,405.00 "
45330,SG,,14,$14.00 ,$11.12 
,80'S,,2,$17.39 ,$13.91 
,OTHER,,"83,879","$6,807,306.07 ","$5,138,834.96 "
,TOTAL,,"83,895","$6,807,337.46 ","$5,138,859.99 "
45331,SG,,"6,000","$1,593,171.91 ","$1,247,307.75 "
,OTHER,,"36,510","$2,704,781.29 ","$2,074,731.97 "
,TOTAL,,"42,510","$4,297,953.20 ","$3,322,039.72 "
45332,SG,,21,"$5,834.32 ","$4,050.38 "
,OTHER,,211,"$25,518.97 ","$19,531.91 "
,TOTAL,,232,"$31,353.29 ","$23,582.29 "
45333,SG,,480,"$147,617.28 ","$116,246.16 "
,OTHER,,"2,714","$289,958.14 ","$220,694.74 "
,TOTAL,,"3,194","$437,575.42 ","$336,940.90 "
45334,SG,,291,"$90,982.29 ","$71,767.05 "
,OTHER,,"3,466","$499,738.18 ","$390,267.94 "
,TOTAL,,"3,757","$590,720.47 ","$462,034.99 "
45335,SG,,390,"$94,613.58 ","$75,234.89 "
,OTHER,,"2,142","$153,351.36 ","$119,553.39 "
,TOTAL,,"2,532","$247,964.94 ","$194,788.28 "
45337,SG,,4,"$1,055.44 ",$844.35 
,OTHER,,915,"$112,697.15 ","$89,045.10 "
,TOTAL,,919,"$113,752.59 ","$89,889.45 "
45338,SG,,"1,149","$361,210.35 ","$281,815.72 "
,OTHER,,"4,730","$601,199.34 ","$461,043.86 "
,TOTAL,,"5,879","$962,409.69 ","$742,859.58 "
45339,SG,,221,"$68,886.77 ","$53,813.56 "
,OTHER,,"1,826","$307,964.98 ","$238,372.19 "
,TOTAL,,"2,047","$376,851.75 ","$292,185.75 "
45340,SG,,137,"$43,656.26 ","$33,564.64 "
,OTHER,,"1,138","$126,189.01 ","$97,824.20 "
,TOTAL,,"1,275","$169,845.27 ","$131,388.84 "
45341,SG,,169,"$54,602.93 ","$43,097.08 "
,OTHER,,"2,852","$394,435.28 ","$306,212.04 "
,TOTAL,,"3,021","$449,038.21 ","$349,309.12 "
45342,SG,,28,"$9,109.36 ","$7,058.71 "
,OTHER,,322,"$66,084.01 ","$51,685.20 "
,TOTAL,,350,"$75,193.37 ","$58,743.91 "
45345,OTHER,,312,"$48,265.99 ","$38,334.98 "
,TOTAL,,312,"$48,265.99 ","$38,334.98 "
45355,SG,,112,"$34,401.80 ","$27,435.74 "
,OTHER,,978,"$160,648.69 ","$126,356.07 "
,TOTAL,,"1,090","$195,050.49 ","$153,791.81 "
45378,SG,,"333,129","$144,706,723.45 ","$113,091,804.69 "
,OTHER,,"997,482","$200,936,134.13 ","$155,592,339.81 "
,TOTAL,,"1,330,611","$345,642,857.58 ","$268,684,144.50 "
45379,SG,,202,"$81,126.71 ","$62,635.19 "
,OTHER,,915,"$207,585.19 ","$161,269.31 "
,TOTAL,,"1,117","$288,711.90 ","$223,904.50 "
45380,SG,,"311,631","$125,294,176.18 ","$98,226,258.65 "
,OTHER,,"793,664","$165,104,806.35 ","$128,602,176.67 "
,TOTAL,,"1,105,295","$290,398,982.53 ","$226,828,435.32 "
45381,SG,,"15,451","$4,182,229.37 ","$3,312,561.89 "
,OTHER,,"41,412","$1,793,139.53 ","$1,415,142.78 "
,TOTAL,,"56,863","$5,975,368.90 ","$4,727,704.67 "
45382,SG,,"2,668","$985,976.73 ","$775,652.65 "
,OTHER,,"21,307","$6,307,032.01 ","$4,992,692.67 "
,TOTAL,,"23,975","$7,293,008.74 ","$5,768,345.32 "
45383,SG,,"21,932","$9,051,676.21 ","$7,091,149.15 "
,OTHER,,"69,280","$22,141,611.44 ","$17,296,004.21 "
,TOTAL,,"91,212","$31,193,287.65 ","$24,387,153.36 "
45384,SG,,"97,366","$39,056,053.92 ","$30,629,737.38 "
,OTHER,,"256,604","$54,981,634.75 ","$42,665,714.04 "
,TOTAL,,"353,970","$94,037,688.67 ","$73,295,451.42 "
45385,SG,,"274,957","$118,171,893.81 ","$92,437,969.42 "
,OTHER,,"697,351","$198,138,258.12 ","$154,165,349.25 "
,TOTAL,,"972,308","$316,310,151.93 ","$246,603,318.67 "
45386,SG,,454,"$174,887.21 ","$135,406.52 "
,OTHER,,"2,149","$487,739.76 ","$380,010.68 "
,TOTAL,,"2,603","$662,626.97 ","$515,417.20 "
45387,SG,,18,"$5,331.27 ","$4,144.92 "
,OTHER,,757,"$234,804.87 ","$185,936.54 "
,TOTAL,,775,"$240,136.14 ","$190,081.46 "
45391,SG,,27,"$11,848.60 ","$9,320.38 "
,OTHER,,460,"$107,858.52 ","$84,950.26 "
,TOTAL,,487,"$119,707.12 ","$94,270.64 "
45392,SG,,8,"$3,684.66 ","$2,947.74 "
,OTHER,,93,"$31,435.39 ","$24,798.46 "
,TOTAL,,101,"$35,120.05 ","$27,746.20 "
45395,80'S,,85,"$23,872.54 ","$18,785.99 "
,OTHER,,277,"$445,243.93 ","$354,187.77 "
,TOTAL,,362,"$469,116.47 ","$372,973.76 "
45397,80'S,,33,"$10,235.04 ","$8,188.01 "
,OTHER,,105,"$185,610.97 ","$145,749.59 "
,TOTAL,,138,"$195,846.01 ","$153,937.60 "
45400,80'S,,22,"$3,362.32 ","$2,689.86 "
,OTHER,,129,"$123,812.76 ","$99,050.09 "
,TOTAL,,151,"$127,175.08 ","$101,739.95 "
45402,80'S,,45,"$9,798.61 ","$7,690.06 "
,OTHER,,126,"$162,877.63 ","$129,263.16 "
,TOTAL,,171,"$172,676.24 ","$136,953.22 "
45499,80'S,,2,$489.41 ,$391.53 
,OTHER,,33,"$20,498.39 ","$16,398.71 "
,TOTAL,,35,"$20,987.80 ","$16,790.24 "
45500,SG,,16,"$5,475.91 ","$4,380.72 "
,80'S,,3,$146.38 ,$117.10 
,OTHER,,106,"$37,872.79 ","$30,199.88 "
,TOTAL,,125,"$43,495.08 ","$34,697.70 "
45505,SG,,42,"$15,836.76 ","$12,669.38 "
,OTHER,,494,"$214,884.83 ","$169,811.91 "
,TOTAL,,536,"$230,721.59 ","$182,481.29 "
45520,OTHER,,170,"$8,945.13 ","$6,902.19 "
,TOTAL,,170,"$8,945.13 ","$6,902.19 "
45540,80'S,,102,"$12,524.10 ","$9,934.32 "
,OTHER,,426,"$348,124.39 ","$276,526.10 "
,TOTAL,,528,"$360,648.49 ","$286,460.42 "
45541,80'S,,48,"$5,525.14 ","$4,325.06 "
,OTHER,,523,"$371,426.10 ","$292,904.62 "
,TOTAL,,571,"$376,951.24 ","$297,229.68 "
45550,80'S,,143,"$29,166.22 ","$23,333.06 "
,OTHER,,539,"$648,915.90 ","$513,473.99 "
,TOTAL,,682,"$678,082.12 ","$536,807.05 "
45560,SG,,80,"$30,965.22 ","$24,424.04 "
,80'S,,610,"$42,242.96 ","$33,550.94 "
,OTHER,,"2,550","$1,078,733.00 ","$850,663.61 "
,TOTAL,,"3,240","$1,151,941.18 ","$908,638.59 "
45562,80'S,,12,"$1,512.14 ","$1,209.72 "
,OTHER,,128,"$105,566.05 ","$83,310.41 "
,TOTAL,,140,"$107,078.19 ","$84,520.13 "
45563,80'S,,10,"$2,263.21 ","$1,810.56 "
,OTHER,,51,"$69,452.40 ","$55,561.87 "
,TOTAL,,61,"$71,715.61 ","$57,372.43 "
45800,80'S,,26,"$2,645.84 ","$2,116.65 "
,OTHER,,120,"$89,511.91 ","$71,369.40 "
,TOTAL,,146,"$92,157.75 ","$73,486.05 "
45805,80'S,,2,$370.34 ,$296.27 
,OTHER,,15,"$14,469.94 ","$11,477.58 "
,TOTAL,,17,"$14,840.28 ","$11,773.85 "
45820,80'S,,10,"$1,432.38 ","$1,145.90 "
,OTHER,,87,"$77,259.24 ","$60,909.10 "
,TOTAL,,97,"$78,691.62 ","$62,055.00 "
45825,OTHER,,3,"$2,467.96 ","$1,974.36 "
,TOTAL,,3,"$2,467.96 ","$1,974.36 "
45900,SG,,1,$144.10 ,$115.28 
,80'S,,1,$27.39 ,$21.91 
,OTHER,,177,"$28,590.48 ","$22,575.80 "
,TOTAL,,179,"$28,761.97 ","$22,712.99 "
45905,SG,,97,"$28,744.21 ","$22,282.54 "
,OTHER,,682,"$87,417.61 ","$68,069.72 "
,TOTAL,,779,"$116,161.82 ","$90,352.26 "
45910,SG,,33,"$9,949.39 ","$7,701.83 "
,OTHER,,404,"$62,155.71 ","$47,323.34 "
,TOTAL,,437,"$72,105.10 ","$55,025.17 "
45915,SG,,39,"$10,967.14 ","$8,735.76 "
,OTHER,,"2,872","$625,654.92 ","$490,955.24 "
,TOTAL,,"2,911","$636,622.06 ","$499,691.00 "
45990,SG,,406,"$78,616.91 ","$62,226.59 "
,80'S,,9,$125.34 ,$100.28 
,OTHER,,"2,271","$173,984.08 ","$136,321.46 "
,TOTAL,,"2,686","$252,726.33 ","$198,648.33 "
45999,80'S,,1,$192.89 ,$154.31 
,OTHER,,289,"$89,059.31 ","$70,696.72 "
,TOTAL,,290,"$89,252.20 ","$70,851.03 "
46020,SG,,47,"$19,683.04 ","$15,687.62 "
,OTHER,,692,"$92,830.22 ","$72,005.60 "
,TOTAL,,739,"$112,513.26 ","$87,693.22 "
46030,SG,,10,"$1,729.42 ","$1,383.52 "
,OTHER,,166,"$11,484.91 ","$8,636.47 "
,TOTAL,,176,"$13,214.33 ","$10,019.99 "
46040,SG,,115,"$56,606.50 ","$44,924.06 "
,OTHER,,"5,656","$1,950,296.73 ","$1,528,316.97 "
,TOTAL,,"5,771","$2,006,903.23 ","$1,573,241.03 "
46045,SG,,17,"$7,110.13 ","$5,677.61 "
,OTHER,,328,"$101,779.58 ","$79,713.64 "
,TOTAL,,345,"$108,889.71 ","$85,391.25 "
46050,SG,,34,"$8,205.86 ","$6,548.75 "
,OTHER,,"2,944","$322,977.73 ","$244,434.96 "
,TOTAL,,"2,978","$331,183.59 ","$250,983.71 "
46060,SG,,45,"$19,251.11 ","$15,221.18 "
,OTHER,,"1,075","$379,155.08 ","$297,425.13 "
,TOTAL,,"1,120","$398,406.19 ","$312,646.31 "
46080,SG,,382,"$192,062.50 ","$149,673.16 "
,OTHER,,"2,111","$273,458.06 ","$211,861.65 "
,TOTAL,,"2,493","$465,520.56 ","$361,534.81 "
46083,OTHER,,"3,108","$377,850.25 ","$275,445.10 "
,TOTAL,,"3,108","$377,850.25 ","$275,445.10 "
46200,SG,,323,"$133,255.39 ","$104,818.71 "
,OTHER,,"1,806","$418,438.75 ","$324,345.33 "
,TOTAL,,"2,129","$551,694.14 ","$429,164.04 "
46210,SG,,2,$648.19 ,$518.55 
,OTHER,,22,"$4,014.37 ","$3,211.49 "
,TOTAL,,24,"$4,662.56 ","$3,730.04 "
46211,SG,,16,"$7,301.91 ","$5,748.69 "
,OTHER,,36,"$11,833.22 ","$9,197.85 "
,TOTAL,,52,"$19,135.13 ","$14,946.54 "
46220,SG,,72,"$22,098.03 ","$17,267.99 "
,OTHER,,974,"$120,262.23 ","$91,106.04 "
,TOTAL,,"1,046","$142,360.26 ","$108,374.03 "
46221,OTHER,,"39,495","$7,066,461.82 ","$5,447,535.34 "
,TOTAL,,"39,495","$7,066,461.82 ","$5,447,535.34 "
46230,SG,,126,"$28,642.49 ","$22,570.00 "
,OTHER,,"1,550","$229,776.89 ","$176,339.11 "
,TOTAL,,"1,676","$258,419.38 ","$198,909.11 "
46250,SG,,318,"$150,037.33 ","$118,976.69 "
,80'S,,1,$48.28 ,$38.62 
,OTHER,,"2,138","$559,811.85 ","$436,732.96 "
,TOTAL,,"2,457","$709,897.46 ","$555,748.27 "
46255,SG,,594,"$287,398.63 ","$226,720.54 "
,80'S,,1,$46.76 ,$37.41 
,OTHER,,"4,055","$1,161,493.69 ","$911,391.78 "
,TOTAL,,"4,650","$1,448,939.08 ","$1,138,149.73 "
46257,SG,,28,"$14,161.53 ","$11,329.21 "
,OTHER,,215,"$69,369.74 ","$54,698.21 "
,TOTAL,,243,"$83,531.27 ","$66,027.42 "
46258,SG,,19,"$9,699.57 ","$7,759.67 "
,OTHER,,89,"$32,587.08 ","$25,192.40 "
,TOTAL,,108,"$42,286.65 ","$32,952.07 "
46260,SG,,"1,161","$586,930.09 ","$462,283.67 "
,OTHER,,"8,633","$3,190,284.96 ","$2,504,735.34 "
,TOTAL,,"9,794","$3,777,215.05 ","$2,967,019.01 "
46261,SG,,84,"$53,283.12 ","$41,610.79 "
,80'S,,1,$70.69 ,$56.55 
,OTHER,,589,"$244,925.51 ","$191,582.60 "
,TOTAL,,674,"$298,279.32 ","$233,249.94 "
46262,SG,,23,"$14,542.79 ","$11,266.40 "
,OTHER,,233,"$99,395.95 ","$78,041.21 "
,TOTAL,,256,"$113,938.74 ","$89,307.61 "
46270,SG,,288,"$142,168.68 ","$111,729.60 "
,80'S,,1,$46.61 ,$37.29 
,OTHER,,"1,618","$456,802.29 ","$355,132.22 "
,TOTAL,,"1,907","$599,017.58 ","$466,899.11 "
46275,SG,,131,"$64,171.88 ","$49,874.27 "
,OTHER,,989,"$308,570.89 ","$240,884.26 "
,TOTAL,,"1,120","$372,742.77 ","$290,758.53 "
46280,SG,,184,"$112,506.35 ","$88,516.13 "
,OTHER,,"1,471","$523,327.84 ","$409,597.04 "
,TOTAL,,"1,655","$635,834.19 ","$498,113.17 "
46285,SG,,18,"$5,362.62 ","$4,119.21 "
,OTHER,,142,"$41,607.49 ","$32,347.71 "
,TOTAL,,160,"$46,970.11 ","$36,466.92 "
46288,SG,,16,"$9,675.68 ","$7,740.53 "
,OTHER,,187,"$75,847.33 ","$59,095.89 "
,TOTAL,,203,"$85,523.01 ","$66,836.42 "
46320,OTHER,,"2,362","$304,466.44 ","$221,576.75 "
,TOTAL,,"2,362","$304,466.44 ","$221,576.75 "
46500,OTHER,,"10,899","$1,757,012.17 ","$1,346,417.25 "
,TOTAL,,"10,899","$1,757,012.17 ","$1,346,417.25 "
46505,OTHER,,388,"$66,725.19 ","$51,934.41 "
,TOTAL,,388,"$66,725.19 ","$51,934.41 "
46600,OTHER,,"92,487","$6,760,199.04 ","$5,042,143.83 "
,TOTAL,,"92,487","$6,760,199.04 ","$5,042,143.83 "
46604,OTHER,,"1,660","$515,645.05 ","$405,702.01 "
,TOTAL,,"1,660","$515,645.05 ","$405,702.01 "
46606,OTHER,,"1,854","$172,127.54 ","$132,824.33 "
,TOTAL,,"1,854","$172,127.54 ","$132,824.33 "
46608,SG,,3,$986.23 ,$788.98 
,OTHER,,100,"$10,799.22 ","$8,435.45 "
,TOTAL,,103,"$11,785.45 ","$9,224.43 "
46610,SG,,30,"$8,852.92 ","$7,082.36 "
,OTHER,,226,"$20,178.57 ","$15,697.34 "
,TOTAL,,256,"$29,031.49 ","$22,779.70 "
46611,SG,,5,"$1,464.04 ","$1,171.23 "
,OTHER,,224,"$31,702.11 ","$24,434.02 "
,TOTAL,,229,"$33,166.15 ","$25,605.25 "
46612,SG,,10,"$3,038.81 ","$2,431.05 "
,OTHER,,89,"$12,038.71 ","$9,417.84 "
,TOTAL,,99,"$15,077.52 ","$11,848.89 "
46614,OTHER,,"3,237","$538,590.93 ","$422,900.27 "
,TOTAL,,"3,237","$538,590.93 ","$422,900.27 "
46615,SG,,39,"$13,501.60 ","$10,801.33 "
,OTHER,,392,"$73,206.37 ","$57,644.50 "
,TOTAL,,431,"$86,707.97 ","$68,445.83 "
46700,SG,,63,"$30,402.10 ","$23,845.15 "
,OTHER,,613,"$308,015.36 ","$241,898.27 "
,TOTAL,,676,"$338,417.46 ","$265,743.42 "
46706,SG,,6,"$1,886.03 ","$1,492.31 "
,OTHER,,164,"$20,843.50 ","$16,005.64 "
,TOTAL,,170,"$22,729.53 ","$17,497.95 "
46710,80'S,,1,$70.38 ,$56.30 
,OTHER,,6,"$5,417.78 ","$4,334.23 "
,TOTAL,,7,"$5,488.16 ","$4,390.53 "
46712,80'S,,1,$329.34 ,$263.47 
,OTHER,,3,"$6,265.99 ","$5,012.80 "
,TOTAL,,4,"$6,595.33 ","$5,276.27 "
46715,80'S,,1,$34.29 ,$27.43 
,OTHER,,2,$455.18 ,$364.15 
,TOTAL,,3,$489.47 ,$391.58 
46716,OTHER,,4,"$4,022.84 ","$3,218.28 "
,TOTAL,,4,"$4,022.84 ","$3,218.28 "
46740,80'S,,1,$307.38 ,$245.90 
,OTHER,,4,"$6,895.31 ","$5,516.25 "
,TOTAL,,5,"$7,202.69 ","$5,762.15 "
46742,OTHER,,1,"$1,000.00 ",$800.00 
,TOTAL,,1,"$1,000.00 ",$800.00 
46744,80'S,,3,"$1,453.20 ","$1,162.56 "
,OTHER,,5,"$12,809.96 ","$10,247.96 "
,TOTAL,,8,"$14,263.16 ","$11,410.52 "
46750,SG,,16,"$7,131.85 ","$5,253.01 "
,80'S,,79,"$6,205.47 ","$4,964.42 "
,OTHER,,704,"$356,835.91 ","$280,248.84 "
,TOTAL,,799,"$370,173.23 ","$290,466.27 "
46753,SG,,13,"$6,660.51 ","$5,328.42 "
,OTHER,,122,"$56,568.54 ","$44,475.83 "
,TOTAL,,135,"$63,229.05 ","$49,804.25 "
46754,SG,,3,"$1,342.62 ","$1,074.10 "
,OTHER,,54,"$7,246.74 ","$5,669.22 "
,TOTAL,,57,"$8,589.36 ","$6,743.32 "
46760,80'S,,1,$162.23 ,$129.78 
,OTHER,,26,"$19,625.81 ","$15,700.66 "
,TOTAL,,27,"$19,788.04 ","$15,830.44 "
46761,SG,,3,"$1,335.88 ","$1,068.70 "
,80'S,,29,"$2,686.43 ","$2,149.13 "
,OTHER,,243,"$143,251.26 ","$114,522.61 "
,TOTAL,,275,"$147,273.57 ","$117,740.44 "
46762,80'S,,4,$432.58 ,$346.07 
,OTHER,,29,"$20,923.57 ","$16,733.98 "
,TOTAL,,33,"$21,356.15 ","$17,080.05 "
46900,OTHER,,"2,041","$350,578.04 ","$267,981.51 "
,TOTAL,,"2,041","$350,578.04 ","$267,981.51 "
46910,OTHER,,675,"$98,380.34 ","$75,791.91 "
,TOTAL,,675,"$98,380.34 ","$75,791.91 "
46916,OTHER,,978,"$174,484.42 ","$132,418.82 "
,TOTAL,,978,"$174,484.42 ","$132,418.82 "
46917,SG,,34,"$9,062.12 ","$7,023.53 "
,OTHER,,225,"$52,512.79 ","$41,085.28 "
,TOTAL,,259,"$61,574.91 ","$48,108.81 "
46922,SG,,269,"$74,837.31 ","$59,232.11 "
,OTHER,,"1,640","$187,894.59 ","$145,899.34 "
,TOTAL,,"1,909","$262,731.90 ","$205,131.45 "
46924,SG,,190,"$55,125.30 ","$42,862.56 "
,OTHER,,"2,126","$553,656.91 ","$433,521.32 "
,TOTAL,,"2,316","$608,782.21 ","$476,383.88 "
46934,SG,,1,$331.20 ,$264.96 
,OTHER,,"32,207","$10,635,668.10 ","$8,312,586.28 "
,TOTAL,,"32,208","$10,635,999.30 ","$8,312,851.24 "
46935,OTHER,,408,"$80,913.13 ","$62,394.44 "
,TOTAL,,408,"$80,913.13 ","$62,394.44 "
46936,OTHER,,"1,911","$662,885.72 ","$519,159.03 "
,TOTAL,,"1,911","$662,885.72 ","$519,159.03 "
46937,OTHER,,19,"$3,621.39 ","$2,816.56 "
,TOTAL,,19,"$3,621.39 ","$2,816.56 "
46938,OTHER,,8,"$2,251.15 ","$1,696.12 "
,TOTAL,,8,"$2,251.15 ","$1,696.12 "
46940,OTHER,,415,"$73,486.50 ","$56,349.39 "
,TOTAL,,415,"$73,486.50 ","$56,349.39 "
46942,OTHER,,239,"$40,269.39 ","$30,925.51 "
,TOTAL,,239,"$40,269.39 ","$30,925.51 "
46945,OTHER,,"1,669","$324,848.29 ","$253,359.15 "
,TOTAL,,"1,669","$324,848.29 ","$253,359.15 "
46946,SG,,183,"$42,143.12 ","$33,504.69 "
,OTHER,,"1,291","$232,728.50 ","$180,988.75 "
,TOTAL,,"1,474","$274,871.62 ","$214,493.44 "
46947,SG,,578,"$551,620.98 ","$434,814.68 "
,OTHER,,"3,975","$1,216,464.38 ","$955,186.92 "
,TOTAL,,"4,553","$1,768,085.36 ","$1,390,001.60 "
46999,80'S,,1,$39.42 ,$31.54 
,OTHER,,166,"$36,564.53 ","$29,186.58 "
,TOTAL,,167,"$36,603.95 ","$29,218.12 "
47000,SG,,597,"$194,766.38 ","$152,334.19 "
,OTHER,,"53,373","$5,070,333.10 ","$3,964,075.49 "
,TOTAL,,"53,970","$5,265,099.48 ","$4,116,409.68 "
47001,OTHER,,"8,117","$754,581.04 ","$598,226.23 "
,TOTAL,,"8,117","$754,581.04 ","$598,226.23 "
47010,80'S,,60,"$7,853.30 ","$6,282.67 "
,OTHER,,423,"$351,502.93 ","$279,326.30 "
,TOTAL,,483,"$359,356.23 ","$285,608.97 "
47011,80'S,,4,$73.09 ,$58.48 
,OTHER,,"3,066","$524,188.64 ","$416,047.76 "
,TOTAL,,"3,070","$524,261.73 ","$416,106.24 "
47015,80'S,,14,"$1,713.24 ","$1,370.58 "
,OTHER,,118,"$95,228.56 ","$76,029.92 "
,TOTAL,,132,"$96,941.80 ","$77,400.50 "
47100,80'S,,905,"$66,730.68 ","$52,992.81 "
,OTHER,,"6,278","$2,872,611.90 ","$2,279,025.18 "
,TOTAL,,"7,183","$2,939,342.58 ","$2,332,017.99 "
47120,80'S,,427,"$133,298.22 ","$106,425.03 "
,OTHER,,"2,082","$3,900,472.03 ","$3,093,898.63 "
,TOTAL,,"2,509","$4,033,770.25 ","$3,200,323.66 "
47122,80'S,,42,"$20,615.95 ","$16,492.73 "
,OTHER,,237,"$712,004.54 ","$564,423.20 "
,TOTAL,,279,"$732,620.49 ","$580,915.93 "
47125,80'S,,79,"$35,427.90 ","$27,902.99 "
,OTHER,,377,"$1,035,509.83 ","$822,123.28 "
,TOTAL,,456,"$1,070,937.73 ","$850,026.27 "
47130,80'S,,115,"$54,725.09 ","$43,350.19 "
,OTHER,,595,"$1,757,149.79 ","$1,393,378.61 "
,TOTAL,,710,"$1,811,874.88 ","$1,436,728.80 "
47135,80'S,,623,"$447,327.84 ","$356,183.58 "
,OTHER,,"1,431","$5,712,800.08 ","$4,547,376.84 "
,TOTAL,,"2,054","$6,160,127.92 ","$4,903,560.42 "
47136,OTHER,,1,"$3,811.27 ","$3,049.02 "
,TOTAL,,1,"$3,811.27 ","$3,049.02 "
47140,80'S,,3,"$1,443.10 ","$1,154.48 "
,OTHER,,6,"$14,030.53 ","$11,224.42 "
,TOTAL,,9,"$15,473.63 ","$12,378.90 "
47141,80'S,,2,"$1,224.80 ",$979.84 
,OTHER,,4,"$15,867.20 ","$12,693.77 "
,TOTAL,,6,"$17,092.00 ","$13,673.61 "
47142,80'S,,11,"$6,929.12 ","$5,543.28 "
,OTHER,,21,"$77,720.71 ","$61,510.07 "
,TOTAL,,32,"$84,649.83 ","$67,053.35 "
47143,80'S,,140,"$5,386.21 ","$4,308.91 "
,OTHER,,868,"$202,911.62 ","$161,501.85 "
,TOTAL,,"1,008","$208,297.83 ","$165,810.76 "
47144,80'S,,3,$110.42 ,$88.33 
,OTHER,,5,$994.35 ,$795.47 
,TOTAL,,8,"$1,104.77 ",$883.80 
47145,80'S,,1,$37.43 ,$29.94 
,OTHER,,3,$766.40 ,$613.12 
,TOTAL,,4,$803.83 ,$643.06 
47146,80'S,,5,$231.66 ,$185.33 
,OTHER,,47,"$7,624.74 ","$6,003.32 "
,TOTAL,,52,"$7,856.40 ","$6,188.65 "
47147,80'S,,61,"$2,071.04 ","$1,656.93 "
,OTHER,,193,"$45,745.91 ","$36,536.70 "
,TOTAL,,254,"$47,816.95 ","$38,193.63 "
47300,80'S,,45,"$5,674.60 ","$4,539.66 "
,OTHER,,196,"$151,832.55 ","$121,466.03 "
,TOTAL,,241,"$157,507.15 ","$126,005.69 "
47350,80'S,,36,"$6,091.06 ","$4,872.87 "
,OTHER,,329,"$340,673.04 ","$271,279.76 "
,TOTAL,,365,"$346,764.10 ","$276,152.63 "
47360,80'S,,15,"$3,624.96 ","$2,899.97 "
,OTHER,,118,"$166,962.64 ","$133,150.93 "
,TOTAL,,133,"$170,587.60 ","$136,050.90 "
47361,80'S,,19,"$7,895.55 ","$6,316.45 "
,OTHER,,147,"$350,989.05 ","$276,768.02 "
,TOTAL,,166,"$358,884.60 ","$283,084.47 "
47362,80'S,,9,"$1,782.03 ","$1,425.62 "
,OTHER,,97,"$97,700.50 ","$78,064.79 "
,TOTAL,,106,"$99,482.53 ","$79,490.41 "
47370,80'S,,58,"$9,946.33 ","$7,867.13 "
,OTHER,,425,"$437,767.26 ","$349,727.50 "
,TOTAL,,483,"$447,713.59 ","$357,594.63 "
47371,80'S,,1,$178.72 ,$142.98 
,OTHER,,17,"$17,923.50 ","$14,338.80 "
,TOTAL,,18,"$18,102.22 ","$14,481.78 "
47379,80'S,,126,"$14,903.37 ","$11,873.60 "
,OTHER,,"1,158","$597,432.59 ","$477,455.70 "
,TOTAL,,"1,284","$612,335.96 ","$489,329.30 "
47380,80'S,,119,"$19,955.93 ","$15,964.74 "
,OTHER,,599,"$606,897.04 ","$481,919.29 "
,TOTAL,,718,"$626,852.97 ","$497,884.03 "
47381,80'S,,5,$848.45 ,$646.05 
,OTHER,,16,"$16,002.04 ","$12,801.62 "
,TOTAL,,21,"$16,850.49 ","$13,447.67 "
47382,80'S,,10,"$1,282.35 ","$1,025.88 "
,OTHER,,"1,521","$1,178,137.93 ","$935,840.03 "
,TOTAL,,"1,531","$1,179,420.28 ","$936,865.91 "
47399,80'S,,7,"$1,027.15 ",$821.73 
,OTHER,,278,"$166,740.59 ","$133,012.36 "
,TOTAL,,285,"$167,767.74 ","$133,834.09 "
47400,80'S,,17,"$3,170.92 ","$2,536.75 "
,OTHER,,40,"$51,468.11 ","$41,174.49 "
,TOTAL,,57,"$54,639.03 ","$43,711.24 "
47420,80'S,,135,"$21,296.48 ","$16,977.04 "
,OTHER,,540,"$509,154.67 ","$404,017.54 "
,TOTAL,,675,"$530,451.15 ","$420,994.58 "
47425,80'S,,8,"$1,420.82 ","$1,136.66 "
,OTHER,,37,"$37,269.53 ","$29,794.49 "
,TOTAL,,45,"$38,690.35 ","$30,931.15 "
47460,80'S,,17,"$2,646.19 ","$2,116.95 "
,OTHER,,81,"$81,016.08 ","$64,758.55 "
,TOTAL,,98,"$83,662.27 ","$66,875.50 "
47480,80'S,,72,"$7,022.96 ","$5,618.42 "
,OTHER,,489,"$302,421.00 ","$240,364.40 "
,TOTAL,,561,"$309,443.96 ","$245,982.82 "
47490,OTHER,,"5,513","$2,692,848.17 ","$2,145,833.50 "
,TOTAL,,"5,513","$2,692,848.17 ","$2,145,833.50 "
47500,OTHER,,"5,595","$326,700.15 ","$260,026.38 "
,TOTAL,,"5,595","$326,700.15 ","$260,026.38 "
47505,80'S,,3,$11.58 ,$9.26 
,OTHER,,"17,974","$525,542.08 ","$414,983.80 "
,TOTAL,,"17,977","$525,553.66 ","$414,993.06 "
47510,OTHER,,"2,791","$1,227,579.68 ","$977,275.61 "
,TOTAL,,"2,791","$1,227,579.68 ","$977,275.61 "
47511,OTHER,,"5,107","$2,853,426.91 ","$2,273,866.26 "
,TOTAL,,"5,107","$2,853,426.91 ","$2,273,866.26 "
47525,SG,,6,"$1,766.97 ","$1,413.57 "
,OTHER,,"10,406","$2,834,532.15 ","$2,245,024.83 "
,TOTAL,,"10,412","$2,836,299.12 ","$2,246,438.40 "
47530,SG,,1,$323.65 ,$258.92 
,OTHER,,378,"$113,642.28 ","$90,738.45 "
,TOTAL,,379,"$113,965.93 ","$90,997.37 "
47550,80'S,,152,"$3,716.89 ","$2,971.53 "
,OTHER,,"1,107","$161,804.09 ","$128,635.17 "
,TOTAL,,"1,259","$165,520.98 ","$131,606.70 "
47552,OTHER,,406,"$86,941.90 ","$69,218.83 "
,TOTAL,,406,"$86,941.90 ","$69,218.83 "
47553,OTHER,,391,"$92,081.75 ","$73,233.80 "
,TOTAL,,391,"$92,081.75 ","$73,233.80 "
47554,SG,,1,$509.42 ,$407.54 
,OTHER,,194,"$66,175.20 ","$52,785.94 "
,TOTAL,,195,"$66,684.62 ","$53,193.48 "
47555,SG,,1,$489.30 ,$391.44 
,OTHER,,"1,284","$353,527.66 ","$280,366.06 "
,TOTAL,,"1,285","$354,016.96 ","$280,757.50 "
47556,OTHER,,"1,504","$534,499.48 ","$426,023.28 "
,TOTAL,,"1,504","$534,499.48 ","$426,023.28 "
47560,SG,,3,"$1,591.86 ","$1,273.49 "
,80'S,,6,$321.61 ,$257.28 
,OTHER,,81,"$14,587.61 ","$11,603.09 "
,TOTAL,,90,"$16,501.08 ","$13,133.86 "
47561,SG,,4,"$1,849.01 ","$1,479.20 "
,80'S,,5,$147.73 ,$118.18 
,OTHER,,51,"$10,333.95 ","$8,246.21 "
,TOTAL,,60,"$12,330.69 ","$9,843.59 "
47562,80'S,,"17,588","$1,767,105.74 ","$1,397,080.50 "
,OTHER,,"122,187","$72,204,914.93 ","$57,113,329.47 "
,TOTAL,,"139,775","$73,972,020.67 ","$58,510,409.97 "
47563,80'S,,"8,739","$903,721.32 ","$712,951.06 "
,OTHER,,"65,978","$39,959,269.87 ","$31,618,734.91 "
,TOTAL,,"74,717","$40,862,991.19 ","$32,331,685.97 "
47564,80'S,,265,"$31,328.37 ","$24,750.73 "
,OTHER,,"1,826","$1,296,737.97 ","$1,030,854.87 "
,TOTAL,,"2,091","$1,328,066.34 ","$1,055,605.60 "
47570,80'S,,7,$590.10 ,$472.08 
,OTHER,,29,"$16,801.52 ","$12,776.32 "
,TOTAL,,36,"$17,391.62 ","$13,248.40 "
47579,80'S,,7,"$1,050.52 ",$836.21 
,OTHER,,85,"$50,911.87 ","$40,729.46 "
,TOTAL,,92,"$51,962.39 ","$41,565.67 "
47600,80'S,,"4,459","$507,273.70 ","$402,829.88 "
,OTHER,,"23,074","$16,140,452.62 ","$12,828,685.87 "
,TOTAL,,"27,533","$16,647,726.32 ","$13,231,515.75 "
47605,80'S,,"1,028","$127,926.68 ","$101,505.11 "
,OTHER,,"5,906","$4,370,381.69 ","$3,474,123.49 "
,TOTAL,,"6,934","$4,498,308.37 ","$3,575,628.60 "
47610,80'S,,594,"$99,033.47 ","$78,478.62 "
,OTHER,,"2,765","$2,722,734.61 ","$2,169,424.55 "
,TOTAL,,"3,359","$2,821,768.08 ","$2,247,903.17 "
47612,80'S,,97,"$16,086.83 ","$12,869.54 "
,OTHER,,424,"$423,281.88 ","$338,341.38 "
,TOTAL,,521,"$439,368.71 ","$351,210.92 "
47620,80'S,,23,"$4,317.96 ","$3,454.34 "
,OTHER,,113,"$127,256.57 ","$101,575.50 "
,TOTAL,,136,"$131,574.53 ","$105,029.84 "
47630,SG,,1,$517.12 ,$413.70 
,OTHER,,452,"$190,419.47 ","$151,893.51 "
,TOTAL,,453,"$190,936.59 ","$152,307.21 "
47700,80'S,,5,$561.38 ,$449.11 
,OTHER,,19,"$15,713.93 ","$12,543.13 "
,TOTAL,,24,"$16,275.31 ","$12,992.24 "
47701,OTHER,,12,"$15,543.76 ","$12,435.01 "
,TOTAL,,12,"$15,543.76 ","$12,435.01 "
47711,80'S,,48,"$6,457.49 ","$5,165.95 "
,OTHER,,205,"$164,267.02 ","$130,700.38 "
,TOTAL,,253,"$170,724.51 ","$135,866.33 "
47712,80'S,,6,$992.70 ,$794.16 
,OTHER,,48,"$54,314.74 ","$43,451.76 "
,TOTAL,,54,"$55,307.44 ","$44,245.92 "
47715,80'S,,3,$359.88 ,$287.91 
,OTHER,,33,"$23,338.70 ","$18,670.94 "
,TOTAL,,36,"$23,698.58 ","$18,958.85 "
47719,80'S,,3,$431.15 ,$344.93 
,OTHER,,5,"$4,578.41 ","$3,662.73 "
,TOTAL,,8,"$5,009.56 ","$4,007.66 "
47720,80'S,,28,"$3,117.65 ","$2,435.76 "
,OTHER,,119,"$80,390.92 ","$63,383.23 "
,TOTAL,,147,"$83,508.57 ","$65,818.99 "
47721,80'S,,16,"$2,907.81 ","$2,326.25 "
,OTHER,,50,"$52,865.32 ","$42,292.24 "
,TOTAL,,66,"$55,773.13 ","$44,618.49 "
47740,80'S,,16,"$2,483.71 ","$1,972.50 "
,OTHER,,69,"$65,660.97 ","$52,438.16 "
,TOTAL,,85,"$68,144.68 ","$54,410.66 "
47741,80'S,,21,"$3,775.41 ","$3,020.34 "
,OTHER,,87,"$99,691.25 ","$79,753.03 "
,TOTAL,,108,"$103,466.66 ","$82,773.37 "
47760,80'S,,136,"$38,025.17 ","$30,420.08 "
,OTHER,,566,"$946,773.80 ","$750,607.46 "
,TOTAL,,702,"$984,798.97 ","$781,027.54 "
47765,80'S,,13,"$4,252.22 ","$3,401.79 "
,OTHER,,41,"$87,555.47 ","$70,044.37 "
,TOTAL,,54,"$91,807.69 ","$73,446.16 "
47780,80'S,,210,"$63,476.68 ","$49,878.02 "
,OTHER,,988,"$1,822,407.26 ","$1,446,820.72 "
,TOTAL,,"1,198","$1,885,883.94 ","$1,496,698.74 "
47785,80'S,,80,"$30,282.16 ","$24,225.62 "
,OTHER,,364,"$803,677.83 ","$642,782.35 "
,TOTAL,,444,"$833,959.99 ","$667,007.97 "
47800,80'S,,103,"$13,835.64 ","$11,068.78 "
,OTHER,,137,"$134,105.18 ","$107,074.67 "
,TOTAL,,240,"$147,940.82 ","$118,143.45 "
47801,80'S,,34,"$3,583.11 ","$2,799.10 "
,OTHER,,347,"$279,335.51 ","$222,374.09 "
,TOTAL,,381,"$282,918.62 ","$225,173.19 "
47802,80'S,,5,$566.69 ,$453.34 
,OTHER,,10,"$9,284.41 ","$7,427.54 "
,TOTAL,,15,"$9,851.10 ","$7,880.88 "
47900,80'S,,24,"$4,229.85 ","$3,383.89 "
,OTHER,,121,"$122,291.59 ","$97,833.28 "
,TOTAL,,145,"$126,521.44 ","$101,217.17 "
47999,80'S,,11,"$1,986.88 ","$1,472.34 "
,OTHER,,322,"$120,631.34 ","$96,386.65 "
,TOTAL,,333,"$122,618.22 ","$97,858.99 "
48000,80'S,,17,"$4,186.18 ","$3,348.94 "
,OTHER,,137,"$195,758.48 ","$155,225.36 "
,TOTAL,,154,"$199,944.66 ","$158,574.30 "
48001,80'S,,10,"$3,101.59 ","$2,481.26 "
,OTHER,,49,"$91,978.69 ","$73,582.97 "
,TOTAL,,59,"$95,080.28 ","$76,064.23 "
48020,80'S,,1,$85.79 ,$68.63 
,OTHER,,9,"$7,096.80 ","$5,677.45 "
,TOTAL,,10,"$7,182.59 ","$5,746.08 "
48100,80'S,,159,"$11,748.41 ","$9,265.04 "
,OTHER,,921,"$430,615.40 ","$341,993.60 "
,TOTAL,,"1,080","$442,363.81 ","$351,258.64 "
48102,SG,,20,"$6,414.00 ","$5,131.15 "
,OTHER,,"3,294","$787,940.38 ","$625,055.85 "
,TOTAL,,"3,314","$794,354.38 ","$630,187.00 "
48105,80'S,,84,"$32,978.58 ","$26,350.07 "
,OTHER,,512,"$1,183,031.89 ","$936,759.22 "
,TOTAL,,596,"$1,216,010.47 ","$963,109.29 "
48120,80'S,,44,"$5,494.02 ","$4,388.53 "
,OTHER,,174,"$133,124.78 ","$104,729.17 "
,TOTAL,,218,"$138,618.80 ","$109,117.70 "
48140,80'S,,395,"$81,087.83 ","$64,550.69 "
,OTHER,,"1,648","$2,055,651.72 ","$1,628,216.83 "
,TOTAL,,"2,043","$2,136,739.55 ","$1,692,767.52 "
48145,80'S,,9,"$1,793.13 ","$1,434.50 "
,OTHER,,87,"$112,504.70 ","$89,794.17 "
,TOTAL,,96,"$114,297.83 ","$91,228.67 "
48146,80'S,,23,"$4,958.61 ","$3,945.64 "
,OTHER,,68,"$102,600.14 ","$81,975.28 "
,TOTAL,,91,"$107,558.75 ","$85,920.92 "
48148,80'S,,7,$921.67 ,$737.33 
,OTHER,,49,"$41,632.61 ","$33,306.06 "
,TOTAL,,56,"$42,554.28 ","$34,043.39 "
48150,80'S,,470,"$206,206.36 ","$162,883.70 "
,OTHER,,"1,980","$5,371,728.34 ","$4,271,658.96 "
,TOTAL,,"2,450","$5,577,934.70 ","$4,434,542.66 "
48152,80'S,,22,"$8,911.86 ","$7,129.48 "
,OTHER,,66,"$163,339.25 ","$130,671.40 "
,TOTAL,,88,"$172,251.11 ","$137,800.88 "
48153,80'S,,279,"$123,404.92 ","$98,133.02 "
,OTHER,,"1,418","$3,894,813.41 ","$3,091,932.96 "
,TOTAL,,"1,697","$4,018,218.33 ","$3,190,065.98 "
48154,80'S,,6,"$2,539.90 ","$2,031.91 "
,OTHER,,30,"$70,493.78 ","$56,394.99 "
,TOTAL,,36,"$73,033.68 ","$58,426.90 "
48155,80'S,,21,"$4,245.63 ","$3,396.49 "
,OTHER,,116,"$148,814.96 ","$118,302.87 "
,TOTAL,,137,"$153,060.59 ","$121,699.36 "
48400,OTHER,,39,"$3,941.51 ","$3,085.73 "
,TOTAL,,39,"$3,941.51 ","$3,085.73 "
48500,80'S,,3,$357.52 ,$286.01 
,OTHER,,10,"$8,392.45 ","$6,713.95 "
,TOTAL,,13,"$8,749.97 ","$6,999.96 "
48510,80'S,,23,"$2,246.36 ","$1,797.11 "
,OTHER,,140,"$97,046.59 ","$76,912.07 "
,TOTAL,,163,"$99,292.95 ","$78,709.18 "
48511,OTHER,,474,"$89,828.55 ","$71,408.13 "
,TOTAL,,474,"$89,828.55 ","$71,408.13 "
48520,80'S,,55,"$7,420.87 ","$5,722.44 "
,OTHER,,221,"$178,991.90 ","$141,150.56 "
,TOTAL,,276,"$186,412.77 ","$146,873.00 "
48540,80'S,,21,"$3,546.84 ","$2,837.51 "
,OTHER,,88,"$83,459.12 ","$65,058.27 "
,TOTAL,,109,"$87,005.96 ","$67,895.78 "
48545,80'S,,7,$946.89 ,$757.52 
,OTHER,,48,"$37,858.35 ","$29,837.97 "
,TOTAL,,55,"$38,805.24 ","$30,595.49 "
48547,80'S,,13,"$3,085.25 ","$2,468.21 "
,OTHER,,62,"$85,165.11 ","$68,132.10 "
,TOTAL,,75,"$88,250.36 ","$70,600.31 "
48548,80'S,,11,"$1,979.85 ","$1,583.89 "
,OTHER,,90,"$116,268.61 ","$93,014.86 "
,TOTAL,,101,"$118,248.46 ","$94,598.75 "
48551,80'S,,67,"$1,632.67 ","$1,306.14 "
,OTHER,,437,"$57,172.19 ","$45,193.93 "
,TOTAL,,504,"$58,804.86 ","$46,500.07 "
48552,80'S,,9,$186.59 ,$149.27 
,OTHER,,52,"$6,338.52 ","$5,025.33 "
,TOTAL,,61,"$6,525.11 ","$5,174.60 "
48554,80'S,,137,"$36,309.49 ","$27,752.96 "
,OTHER,,551,"$825,505.06 ","$643,071.84 "
,TOTAL,,688,"$861,814.55 ","$670,824.80 "
48556,80'S,,19,"$2,946.61 ","$2,357.29 "
,OTHER,,97,"$81,640.53 ","$64,086.80 "
,TOTAL,,116,"$84,587.14 ","$66,444.09 "
48999,80'S,,32,"$6,321.51 ","$5,025.24 "
,OTHER,,264,"$233,059.53 ","$185,111.71 "
,TOTAL,,296,"$239,381.04 ","$190,136.95 "
49000,80'S,,"1,439","$152,636.76 ","$121,249.82 "
,OTHER,,"10,701","$6,693,624.01 ","$5,322,678.57 "
,TOTAL,,"12,140","$6,846,260.77 ","$5,443,928.39 "
49002,80'S,,461,"$58,279.52 ","$46,177.24 "
,OTHER,,"5,854","$4,138,222.18 ","$3,286,352.55 "
,TOTAL,,"6,315","$4,196,501.70 ","$3,332,529.79 "
49010,80'S,,199,"$25,043.78 ","$19,896.30 "
,OTHER,,"1,433","$1,058,162.62 ","$839,284.90 "
,TOTAL,,"1,632","$1,083,206.40 ","$859,181.20 "
49020,80'S,,602,"$120,812.24 ","$96,463.24 "
,OTHER,,"5,175","$6,067,014.58 ","$4,826,168.12 "
,TOTAL,,"5,777","$6,187,826.82 ","$4,922,631.36 "
49021,OTHER,,"17,431","$2,808,308.09 ","$2,230,874.55 "
,TOTAL,,"17,431","$2,808,308.09 ","$2,230,874.55 "
49040,80'S,,81,"$8,323.12 ","$6,569.92 "
,OTHER,,698,"$460,748.04 ","$365,687.93 "
,TOTAL,,779,"$469,071.16 ","$372,257.85 "
49041,OTHER,,"1,637","$314,009.66 ","$249,803.69 "
,TOTAL,,"1,637","$314,009.66 ","$249,803.69 "
49060,80'S,,28,"$3,861.05 ","$3,088.84 "
,OTHER,,"1,353","$1,075,107.14 ","$853,444.46 "
,TOTAL,,"1,381","$1,078,968.19 ","$856,533.30 "
49061,80'S,,4,$76.21 ,$60.98 
,OTHER,,"6,450","$1,165,099.28 ","$925,183.99 "
,TOTAL,,"6,454","$1,165,175.49 ","$925,244.97 "
49062,80'S,,17,"$1,418.13 ","$1,134.49 "
,OTHER,,208,"$111,966.92 ","$88,732.83 "
,TOTAL,,225,"$113,385.05 ","$89,867.32 "
49080,SG,,815,"$173,076.02 ","$136,097.98 "
,80'S,,1,$10.45 ,$8.36 
,OTHER,,"121,867","$8,312,122.30 ","$6,532,834.12 "
,TOTAL,,"122,683","$8,485,208.77 ","$6,668,940.46 "
49081,SG,,170,"$36,175.38 ","$28,557.44 "
,OTHER,,"7,160","$509,478.80 ","$397,350.11 "
,TOTAL,,"7,330","$545,654.18 ","$425,907.55 "
49180,SG,,68,"$21,573.06 ","$17,153.42 "
,OTHER,,"16,542","$1,399,315.10 ","$1,106,486.32 "
,TOTAL,,"16,610","$1,420,888.16 ","$1,123,639.74 "
49200,80'S,,406,"$28,422.09 ","$22,475.97 "
,OTHER,,"2,289","$957,976.57 ","$759,171.99 "
,TOTAL,,"2,695","$986,398.66 ","$781,647.96 "
49201,80'S,,572,"$60,980.40 ","$48,559.63 "
,OTHER,,"2,616","$1,620,834.24 ","$1,288,946.65 "
,TOTAL,,"3,188","$1,681,814.64 ","$1,337,506.28 "
49215,80'S,,40,"$12,149.35 ","$9,481.59 "
,OTHER,,193,"$312,390.81 ","$244,136.05 "
,TOTAL,,233,"$324,540.16 ","$253,617.64 "
49220,80'S,,5,$510.86 ,$408.69 
,OTHER,,23,"$14,663.34 ","$11,730.66 "
,TOTAL,,28,"$15,174.20 ","$12,139.35 "
49250,SG,,12,"$7,491.31 ","$5,993.05 "
,OTHER,,263,"$101,682.56 ","$81,294.65 "
,TOTAL,,275,"$109,173.87 ","$87,287.70 "
49255,80'S,,128,"$11,662.50 ","$9,228.67 "
,OTHER,,877,"$463,429.05 ","$366,337.48 "
,TOTAL,,"1,005","$475,091.55 ","$375,566.15 "
49320,SG,,240,"$108,358.36 ","$85,432.89 "
,80'S,,883,"$30,161.90 ","$23,927.22 "
,OTHER,,"9,181","$2,046,865.91 ","$1,610,211.94 "
,TOTAL,,"10,304","$2,185,386.17 ","$1,719,572.05 "
49321,SG,,53,"$29,998.10 ","$23,278.30 "
,80'S,,331,"$12,909.60 ","$10,204.10 "
,OTHER,,"3,672","$872,074.77 ","$688,600.57 "
,TOTAL,,"4,056","$914,982.47 ","$722,082.97 "
49322,SG,,49,"$24,508.84 ","$19,341.17 "
,80'S,,53,"$2,142.07 ","$1,713.65 "
,OTHER,,771,"$197,487.83 ","$156,005.53 "
,TOTAL,,873,"$224,138.74 ","$177,060.35 "
49323,80'S,,23,"$1,686.89 ","$1,349.52 "
,OTHER,,252,"$110,821.55 ","$86,961.15 "
,TOTAL,,275,"$112,508.44 ","$88,310.67 "
49324,80'S,,58,"$3,054.01 ","$2,322.94 "
,OTHER,,"2,492","$750,659.58 ","$588,644.53 "
,TOTAL,,"2,550","$753,713.59 ","$590,967.47 "
49325,80'S,,19,$948.06 ,$758.45 
,OTHER,,836,"$277,319.25 ","$217,228.94 "
,TOTAL,,855,"$278,267.31 ","$217,987.39 "
49326,80'S,,2,$55.38 ,$44.30 
,OTHER,,135,"$22,379.96 ","$17,464.07 "
,TOTAL,,137,"$22,435.34 ","$17,508.37 "
49329,80'S,,46,"$5,163.66 ","$4,085.49 "
,OTHER,,597,"$313,853.48 ","$249,438.98 "
,TOTAL,,643,"$319,017.14 ","$253,524.47 "
49400,OTHER,,765,"$71,112.26 ","$55,746.63 "
,TOTAL,,765,"$71,112.26 ","$55,746.63 "
49402,SG,,11,"$4,444.91 ","$3,555.94 "
,80'S,,1,$116.20 ,$92.96 
,OTHER,,"1,207","$722,822.62 ","$571,320.40 "
,TOTAL,,"1,219","$727,383.73 ","$574,969.30 "
49419,SG,,3,$652.48 ,$521.98 
,OTHER,,595,"$171,387.11 ","$136,888.45 "
,TOTAL,,598,"$172,039.59 ","$137,410.43 "
49420,SG,,65,"$20,584.49 ","$16,274.80 "
,80'S,,2,$36.63 ,$29.30 
,OTHER,,"4,935","$495,675.27 ","$391,529.08 "
,TOTAL,,"5,002","$516,296.39 ","$407,833.18 "
49421,SG,,80,"$24,815.18 ","$19,582.97 "
,OTHER,,"6,911","$2,197,200.92 ","$1,711,321.47 "
,TOTAL,,"6,991","$2,222,016.10 ","$1,730,904.44 "
49422,SG,,150,"$45,522.31 ","$35,338.13 "
,OTHER,,"8,225","$2,580,205.67 ","$2,021,443.88 "
,TOTAL,,"8,375","$2,625,727.98 ","$2,056,782.01 "
49423,OTHER,,"5,703","$401,787.87 ","$318,410.50 "
,TOTAL,,"5,703","$401,787.87 ","$318,410.50 "
49424,OTHER,,"26,707","$925,933.79 ","$732,324.07 "
,TOTAL,,"26,707","$925,933.79 ","$732,324.07 "
49425,80'S,,11,"$1,091.38 ",$873.11 
,OTHER,,428,"$263,954.39 ","$209,321.62 "
,TOTAL,,439,"$265,045.77 ","$210,194.73 "
49426,SG,,4,"$1,788.42 ","$1,325.94 "
,OTHER,,157,"$84,601.86 ","$66,621.14 "
,TOTAL,,161,"$86,390.28 ","$67,947.08 "
49427,OTHER,,173,"$7,045.84 ","$5,509.25 "
,TOTAL,,173,"$7,045.84 ","$5,509.25 "
49428,OTHER,,29,"$8,996.68 ","$7,052.79 "
,TOTAL,,29,"$8,996.68 ","$7,052.79 "
49429,OTHER,,173,"$54,618.88 ","$43,519.71 "
,TOTAL,,173,"$54,618.88 ","$43,519.71 "
49435,80'S,,1,$16.72 ,$13.38 
,OTHER,,114,"$11,860.86 ","$9,018.20 "
,TOTAL,,115,"$11,877.58 ","$9,031.58 "
49436,80'S,,1,$24.19 ,$19.35 
,OTHER,,162,"$24,262.72 ","$18,481.08 "
,TOTAL,,163,"$24,286.91 ","$18,500.43 "
49491,OTHER,,1,$955.04 ,$764.03 
,TOTAL,,1,$955.04 ,$764.03 
49492,80'S,,1,$130.66 ,$104.53 
,OTHER,,3,"$2,399.78 ","$1,919.82 "
,TOTAL,,4,"$2,530.44 ","$2,024.35 "
49495,OTHER,,3,$810.41 ,$648.33 
,TOTAL,,3,$810.41 ,$648.33 
49496,OTHER,,1,$613.89 ,$491.11 
,TOTAL,,1,$613.89 ,$491.11 
49500,SG,,1,$600.03 ,$480.02 
,80'S,,3,$167.51 ,$128.74 
,OTHER,,12,"$3,232.97 ","$2,454.02 "
,TOTAL,,16,"$4,000.51 ","$3,062.78 "
49501,OTHER,,20,"$8,890.66 ","$7,072.15 "
,TOTAL,,20,"$8,890.66 ","$7,072.15 "
49505,SG,,"10,861","$6,576,993.79 ","$5,190,355.92 "
,80'S,,"3,208","$222,555.39 ","$176,317.91 "
,OTHER,,"89,587","$38,277,003.91 ","$30,157,101.20 "
,TOTAL,,"103,656","$45,076,553.09 ","$35,523,775.03 "
49507,SG,,527,"$693,184.78 ","$547,720.68 "
,80'S,,771,"$64,796.73 ","$51,616.71 "
,OTHER,,"12,144","$6,213,460.66 ","$4,920,774.90 "
,TOTAL,,"13,442","$6,971,442.17 ","$5,520,112.29 "
49520,SG,,"1,093","$1,064,425.08 ","$841,846.65 "
,80'S,,398,"$33,699.51 ","$26,483.58 "
,OTHER,,"10,892","$5,647,282.98 ","$4,458,803.62 "
,TOTAL,,"12,383","$6,745,407.57 ","$5,327,133.85 "
49521,SG,,114,"$151,330.50 ","$120,435.49 "
,80'S,,164,"$16,833.30 ","$13,221.72 "
,OTHER,,"3,069","$1,895,901.21 ","$1,502,509.03 "
,TOTAL,,"3,347","$2,064,065.01 ","$1,636,166.24 "
49525,SG,,283,"$175,274.72 ","$139,287.56 "
,80'S,,126,"$9,276.85 ","$7,359.03 "
,OTHER,,"2,553","$1,217,068.67 ","$963,252.89 "
,TOTAL,,"2,962","$1,401,620.24 ","$1,109,899.48 "
49540,SG,,8,"$3,313.72 ","$2,650.98 "
,80'S,,21,"$1,646.74 ","$1,317.39 "
,OTHER,,178,"$93,551.57 ","$73,584.17 "
,TOTAL,,207,"$98,512.03 ","$77,552.54 "
49550,SG,,160,"$108,885.74 ","$86,596.49 "
,80'S,,91,"$6,342.78 ","$5,068.18 "
,OTHER,,"1,826","$798,822.95 ","$633,716.81 "
,TOTAL,,"2,077","$914,051.47 ","$725,381.48 "
49553,SG,,99,"$129,153.22 ","$102,271.45 "
,80'S,,176,"$12,418.74 ","$9,777.19 "
,OTHER,,"3,300","$1,488,011.58 ","$1,180,291.54 "
,TOTAL,,"3,575","$1,629,583.54 ","$1,292,340.18 "
49555,SG,,18,"$11,527.98 ","$9,160.43 "
,80'S,,16,"$1,118.89 ",$830.96 
,OTHER,,228,"$106,807.61 ","$85,041.77 "
,TOTAL,,262,"$119,454.48 ","$95,033.16 "
49557,SG,,17,"$22,885.83 ","$17,312.11 "
,80'S,,33,"$2,838.54 ","$2,259.01 "
,OTHER,,407,"$212,609.13 ","$168,567.07 "
,TOTAL,,457,"$238,333.50 ","$188,138.19 "
49560,SG,,"1,274","$539,231.10 ","$424,825.75 "
,80'S,,"3,539","$326,956.76 ","$257,686.40 "
,OTHER,,"40,079","$22,856,036.06 ","$18,021,937.58 "
,TOTAL,,"44,892","$23,722,223.92 ","$18,704,449.73 "
49561,SG,,391,"$512,409.57 ","$398,259.30 "
,80'S,,"1,646","$195,429.55 ","$153,860.17 "
,OTHER,,"16,006","$11,483,695.07 ","$9,084,116.72 "
,TOTAL,,"18,043","$12,191,534.19 ","$9,636,236.19 "
49565,SG,,190,"$81,679.32 ","$64,383.99 "
,80'S,,946,"$91,886.05 ","$72,288.34 "
,OTHER,,"9,596","$5,627,246.10 ","$4,436,485.76 "
,TOTAL,,"10,732","$5,800,811.47 ","$4,573,158.09 "
49566,SG,,51,"$66,851.46 ","$53,481.20 "
,80'S,,597,"$72,555.20 ","$57,399.07 "
,OTHER,,"5,286","$3,803,976.37 ","$3,010,534.33 "
,TOTAL,,"5,934","$3,943,383.03 ","$3,121,414.60 "
49568,SG,,"1,354","$1,208,345.36 ","$954,403.86 "
,80'S,,"3,560","$141,805.50 ","$112,515.16 "
,OTHER,,"47,157","$11,224,208.91 ","$8,884,162.64 "
,TOTAL,,"52,071","$12,574,359.77 ","$9,951,081.66 "
49570,SG,,71,"$42,345.00 ","$33,088.21 "
,80'S,,40,"$1,755.83 ","$1,399.90 "
,OTHER,,"1,042","$311,154.07 ","$243,767.26 "
,TOTAL,,"1,153","$355,254.90 ","$278,255.37 "
49572,SG,,56,"$72,782.47 ","$57,290.33 "
,80'S,,71,"$4,328.03 ","$3,336.21 "
,OTHER,,686,"$250,955.52 ","$197,926.37 "
,TOTAL,,813,"$328,066.02 ","$258,552.91 "
49580,80'S,,4,$103.58 ,$82.87 
,OTHER,,9,"$1,294.90 ","$1,035.92 "
,TOTAL,,13,"$1,398.48 ","$1,118.79 "
49582,SG,,2,"$2,650.32 ","$2,120.26 "
,OTHER,,24,"$7,101.37 ","$5,477.94 "
,TOTAL,,26,"$9,751.69 ","$7,598.20 "
49585,SG,,"1,883","$1,072,633.61 ","$847,313.82 "
,80'S,,"1,406","$55,029.28 ","$43,880.61 "
,OTHER,,"24,129","$6,749,461.31 ","$5,302,061.36 "
,TOTAL,,"27,418","$7,877,124.20 ","$6,193,255.79 "
49587,SG,,627,"$823,331.24 ","$649,950.52 "
,80'S,,599,"$32,106.87 ","$25,386.42 "
,OTHER,,"9,567","$3,536,512.32 ","$2,785,685.49 "
,TOTAL,,"10,793","$4,391,950.43 ","$3,461,022.43 "
49590,SG,,61,"$27,233.84 ","$21,252.78 "
,80'S,,106,"$7,280.25 ","$5,757.58 "
,OTHER,,"1,230","$536,315.89 ","$424,277.63 "
,TOTAL,,"1,397","$570,829.98 ","$451,287.99 "
49600,SG,,1,$661.01 ,$528.81 
,80'S,,9,$723.53 ,$578.83 
,OTHER,,41,"$14,518.00 ","$11,456.04 "
,TOTAL,,51,"$15,902.54 ","$12,563.68 "
49605,80'S,,6,"$4,274.14 ","$3,419.31 "
,OTHER,,12,"$48,659.31 ","$38,927.43 "
,TOTAL,,18,"$52,933.45 ","$42,346.74 "
49606,80'S,,3,$495.78 ,$396.62 
,OTHER,,19,"$16,568.31 ","$13,254.64 "
,TOTAL,,22,"$17,064.09 ","$13,651.26 "
49610,OTHER,,2,$880.53 ,$704.43 
,TOTAL,,2,$880.53 ,$704.43 
49611,OTHER,,1,$275.15 ,$220.12 
,TOTAL,,1,$275.15 ,$220.12 
49650,SG,,"1,693","$968,394.96 ","$766,373.21 "
,80'S,,"1,409","$84,707.67 ","$66,857.85 "
,OTHER,,"16,639","$5,894,868.61 ","$4,636,503.58 "
,TOTAL,,"19,741","$6,947,971.24 ","$5,469,734.64 "
49651,SG,,171,"$169,840.58 ","$133,747.74 "
,80'S,,236,"$17,914.99 ","$14,223.94 "
,OTHER,,"2,669","$1,192,935.75 ","$943,089.62 "
,TOTAL,,"3,076","$1,380,691.32 ","$1,091,061.30 "
49659,80'S,,"1,279","$158,721.62 ","$126,399.72 "
,OTHER,,"10,174","$6,934,282.19 ","$5,507,471.54 "
,TOTAL,,"11,453","$7,093,003.81 ","$5,633,871.26 "
49900,80'S,,147,"$14,901.40 ","$11,834.97 "
,OTHER,,"1,937","$1,143,018.88 ","$906,261.70 "
,TOTAL,,"2,084","$1,157,920.28 ","$918,096.67 "
49904,OTHER,,202,"$226,338.84 ","$180,797.39 "
,TOTAL,,202,"$226,338.84 ","$180,797.39 "
49905,80'S,,339,"$18,046.94 ","$14,360.11 "
,OTHER,,"2,278","$721,280.71 ","$573,951.20 "
,TOTAL,,"2,617","$739,327.65 ","$588,311.31 "
49906,OTHER,,4,"$10,090.68 ","$8,072.55 "
,TOTAL,,4,"$10,090.68 ","$8,072.55 "
49999,80'S,,50,"$7,686.21 ","$6,149.02 "
,OTHER,,"1,252","$452,301.07 ","$361,214.98 "
,TOTAL,,"1,302","$459,987.28 ","$367,364.00 "
50010,80'S,URINARY,42,"$2,979.49 ","$2,383.62 "
,OTHER,,179,"$87,237.76 ","$69,533.39 "
,TOTAL,,221,"$90,217.25 ","$71,917.01 "
50020,80'S,,1,$73.95 ,$59.16 
,OTHER,,198,"$102,783.91 ","$81,836.07 "
,TOTAL,,199,"$102,857.86 ","$81,895.23 "
50021,80'S,,2,$24.72 ,$19.78 
,OTHER,,791,"$129,165.75 ","$102,218.89 "
,TOTAL,,793,"$129,190.47 ","$102,238.67 "
50040,80'S,,2,$235.18 ,$188.14 
,OTHER,,184,"$122,049.04 ","$97,558.12 "
,TOTAL,,186,"$122,284.22 ","$97,746.26 "
50045,80'S,,2,$200.07 ,$160.05 
,OTHER,,16,"$11,229.77 ","$8,924.66 "
,TOTAL,,18,"$11,429.84 ","$9,084.71 "
50060,80'S,,13,"$1,939.41 ","$1,551.52 "
,OTHER,,61,"$57,725.78 ","$45,659.71 "
,TOTAL,,74,"$59,665.19 ","$47,211.23 "
50065,OTHER,,11,"$11,627.82 ","$9,302.26 "
,TOTAL,,11,"$11,627.82 ","$9,302.26 "
50070,80'S,,1,$171.21 ,$136.97 
,OTHER,,3,"$3,254.33 ","$2,603.47 "
,TOTAL,,4,"$3,425.54 ","$2,740.44 "
50075,80'S,,9,"$1,879.26 ","$1,503.40 "
,OTHER,,45,"$60,704.31 ","$48,563.42 "
,TOTAL,,54,"$62,583.57 ","$50,066.82 "
50080,OTHER,,"1,407","$1,122,528.86 ","$889,732.84 "
,TOTAL,,"1,407","$1,122,528.86 ","$889,732.84 "
50081,80'S,,257,"$50,501.92 ","$39,835.70 "
,OTHER,,"2,581","$3,071,943.15 ","$2,432,753.03 "
,TOTAL,,"2,838","$3,122,445.07 ","$2,472,588.73 "
5010F,OTHER,,6,$0.06 ,$0.06 
,TOTAL,,6,$0.06 ,$0.06 
50100,80'S,,1,$85.47 ,$68.38 
,OTHER,,10,"$7,209.07 ","$5,767.25 "
,TOTAL,,11,"$7,294.54 ","$5,835.63 "
50120,80'S,,3,$210.29 ,$168.22 
,OTHER,,16,"$9,674.89 ","$7,739.90 "
,TOTAL,,19,"$9,885.18 ","$7,908.12 "
50125,OTHER,,6,"$4,509.28 ","$3,607.43 "
,TOTAL,,6,"$4,509.28 ","$3,607.43 "
50130,80'S,,27,"$3,317.42 ","$2,653.95 "
,OTHER,,69,"$53,249.35 ","$42,463.75 "
,TOTAL,,96,"$56,566.77 ","$45,117.70 "
50135,80'S,,4,$666.26 ,$533.01 
,OTHER,,16,"$13,635.81 ","$10,810.89 "
,TOTAL,,20,"$14,302.07 ","$11,343.90 "
50200,SG,,22,"$7,115.74 ","$5,692.52 "
,80'S,,1,$11.76 ,$9.41 
,OTHER,,"25,709","$3,599,939.13 ","$2,816,335.83 "
,TOTAL,,"25,732","$3,607,066.63 ","$2,822,037.76 "
50205,80'S,,89,"$6,205.65 ","$4,884.02 "
,OTHER,,865,"$383,675.52 ","$305,163.25 "
,TOTAL,,954,"$389,881.17 ","$310,047.27 "
50220,80'S,,895,"$136,329.76 ","$107,908.63 "
,OTHER,,"1,973","$1,783,068.09 ","$1,408,977.35 "
,TOTAL,,"2,868","$1,919,397.85 ","$1,516,885.98 "
50225,80'S,,105,"$18,860.70 ","$14,744.43 "
,OTHER,,266,"$277,490.71 ","$215,927.54 "
,TOTAL,,371,"$296,351.41 ","$230,671.97 "
50230,80'S,,"2,963","$570,358.44 ","$452,247.28 "
,OTHER,,"5,685","$6,518,191.62 ","$5,170,181.95 "
,TOTAL,,"8,648","$7,088,550.06 ","$5,622,429.23 "
50234,80'S,,384,"$73,243.49 ","$58,290.83 "
,OTHER,,847,"$942,163.20 ","$745,457.91 "
,TOTAL,,"1,231","$1,015,406.69 ","$803,748.74 "
50236,80'S,,306,"$68,142.29 ","$53,952.47 "
,OTHER,,559,"$737,499.95 ","$587,534.66 "
,TOTAL,,865,"$805,642.24 ","$641,487.13 "
50240,80'S,,"1,116","$221,198.21 ","$173,507.87 "
,OTHER,,"2,610","$3,140,761.19 ","$2,479,894.82 "
,TOTAL,,"3,726","$3,361,959.40 ","$2,653,402.69 "
50250,80'S,,74,"$13,289.25 ","$10,631.35 "
,OTHER,,186,"$195,811.39 ","$156,649.08 "
,TOTAL,,260,"$209,100.64 ","$167,280.43 "
50280,80'S,,76,"$8,266.06 ","$6,587.22 "
,OTHER,,219,"$136,296.22 ","$108,276.81 "
,TOTAL,,295,"$144,562.28 ","$114,864.03 "
50290,80'S,,2,$272.10 ,$217.68 
,OTHER,,13,"$7,695.73 ","$6,156.58 "
,TOTAL,,15,"$7,967.83 ","$6,374.26 "
50320,80'S,,61,"$11,317.18 ","$10,328.84 "
,OTHER,,231,"$247,871.14 ","$240,647.27 "
,TOTAL,,292,"$259,188.32 ","$250,976.11 "
50323,80'S,,370,"$8,443.87 ","$6,739.77 "
,OTHER,,"5,071","$647,733.78 ","$513,845.58 "
,TOTAL,,"5,441","$656,177.65 ","$520,585.35 "
50325,80'S,,145,"$4,023.94 ","$3,212.72 "
,OTHER,,"1,730","$210,038.54 ","$164,940.67 "
,TOTAL,,"1,875","$214,062.48 ","$168,153.39 "
50327,80'S,,148,"$2,572.41 ","$2,057.87 "
,OTHER,,"1,586","$164,548.44 ","$129,212.74 "
,TOTAL,,"1,734","$167,120.85 ","$131,270.61 "
50328,80'S,,113,"$1,616.16 ","$1,285.95 "
,OTHER,,"1,053","$94,388.61 ","$73,918.65 "
,TOTAL,,"1,166","$96,004.77 ","$75,204.60 "
50329,80'S,,8,$104.87 ,$83.88 
,OTHER,,159,"$13,017.81 ","$10,089.71 "
,TOTAL,,167,"$13,122.68 ","$10,173.59 "
50340,80'S,,2,$204.35 ,$163.48 
,OTHER,,56,"$41,115.20 ","$32,192.90 "
,TOTAL,,58,"$41,319.55 ","$32,356.38 "
50360,80'S,,"1,274","$430,334.20 ","$337,613.50 "
,OTHER,,"9,964","$20,679,488.12 ","$16,282,908.82 "
,TOTAL,,"11,238","$21,109,822.32 ","$16,620,522.32 "
50365,80'S,,19,"$7,325.41 ","$5,860.33 "
,OTHER,,103,"$240,350.52 ","$189,242.83 "
,TOTAL,,122,"$247,675.93 ","$195,103.16 "
50370,80'S,,127,"$19,783.12 ","$15,708.86 "
,OTHER,,"1,088","$1,010,488.17 ","$796,016.68 "
,TOTAL,,"1,215","$1,030,271.29 ","$811,725.54 "
50380,80'S,,13,"$1,822.71 ","$1,458.15 "
,OTHER,,24,"$22,537.03 ","$17,587.88 "
,TOTAL,,37,"$24,359.74 ","$19,046.03 "
50382,OTHER,,707,"$204,447.28 ","$162,092.10 "
,TOTAL,,707,"$204,447.28 ","$162,092.10 "
50384,OTHER,,359,"$90,213.57 ","$71,947.06 "
,TOTAL,,359,"$90,213.57 ","$71,947.06 "
50387,OTHER,,"1,869","$199,706.23 ","$157,270.70 "
,TOTAL,,"1,869","$199,706.23 ","$157,270.70 "
50389,OTHER,,"2,242","$120,296.71 ","$95,109.49 "
,TOTAL,,"2,242","$120,296.71 ","$95,109.49 "
50390,SG,,8,"$2,462.02 ","$1,864.80 "
,OTHER,,"9,318","$552,589.90 ","$437,452.59 "
,TOTAL,,"9,326","$555,051.92 ","$439,317.39 "
50391,OTHER,,448,"$46,385.41 ","$36,771.50 "
,TOTAL,,448,"$46,385.41 ","$36,771.50 "
50392,SG,,3,$803.01 ,$642.40 
,OTHER,,"17,783","$2,886,885.69 ","$2,292,365.83 "
,TOTAL,,"17,786","$2,887,688.70 ","$2,293,008.23 "
50393,SG,,2,$641.24 ,$512.99 
,OTHER,,"9,904","$2,044,684.28 ","$1,624,798.23 "
,TOTAL,,"9,906","$2,045,325.52 ","$1,625,311.22 "
50394,OTHER,,"29,228","$1,102,832.53 ","$871,419.68 "
,TOTAL,,"29,228","$1,102,832.53 ","$871,419.68 "
50395,80'S,,4,$64.16 ,$51.32 
,OTHER,,"2,794","$390,396.15 ","$310,519.40 "
,TOTAL,,"2,798","$390,460.31 ","$310,570.72 "
50396,80'S,,1,$9.55 ,$7.64 
,OTHER,,98,"$9,824.30 ","$7,697.89 "
,TOTAL,,99,"$9,833.85 ","$7,705.53 "
50398,SG,,31,"$10,182.62 ","$8,041.25 "
,OTHER,,"22,269","$1,814,119.63 ","$1,420,656.06 "
,TOTAL,,"22,300","$1,824,302.25 ","$1,428,697.31 "
50400,80'S,,105,"$17,540.51 ","$13,822.89 "
,OTHER,,211,"$206,194.74 ","$163,242.57 "
,TOTAL,,316,"$223,735.25 ","$177,065.46 "
50405,80'S,,30,"$6,324.79 ","$4,980.46 "
,OTHER,,82,"$106,528.89 ","$84,262.18 "
,TOTAL,,112,"$112,853.68 ","$89,242.64 "
50500,80'S,,7,$766.09 ,$612.88 
,OTHER,,45,"$35,237.57 ","$27,214.53 "
,TOTAL,,52,"$36,003.66 ","$27,827.41 "
50520,80'S,,5,$670.78 ,$536.62 
,OTHER,,7,"$5,414.46 ","$4,331.56 "
,TOTAL,,12,"$6,085.24 ","$4,868.18 "
50525,80'S,,1,$171.35 ,$137.08 
,OTHER,,6,"$6,986.49 ","$5,589.17 "
,TOTAL,,7,"$7,157.84 ","$5,726.25 "
50540,80'S,,6,$993.09 ,$794.47 
,OTHER,,4,"$3,282.30 ","$2,625.83 "
,TOTAL,,10,"$4,275.39 ","$3,420.30 "
50541,80'S,,76,"$10,101.58 ","$7,981.03 "
,OTHER,,263,"$208,183.65 ","$165,132.76 "
,TOTAL,,339,"$218,285.23 ","$173,113.79 "
50542,80'S,,470,"$81,418.73 ","$64,788.26 "
,OTHER,,"1,221","$1,271,359.40 ","$1,009,943.24 "
,TOTAL,,"1,691","$1,352,778.13 ","$1,074,731.50 "
50543,80'S,,365,"$82,450.90 ","$65,466.32 "
,OTHER,,"1,176","$1,637,400.33 ","$1,299,968.31 "
,TOTAL,,"1,541","$1,719,851.23 ","$1,365,434.63 "
50544,80'S,,72,"$13,687.08 ","$10,949.58 "
,OTHER,,237,"$272,423.36 ","$215,906.77 "
,TOTAL,,309,"$286,110.44 ","$226,856.35 "
50545,80'S,,"2,218","$453,557.55 ","$359,590.33 "
,OTHER,,"4,861","$6,000,132.41 ","$4,762,415.51 "
,TOTAL,,"7,079","$6,453,689.96 ","$5,122,005.84 "
50546,80'S,,741,"$134,253.01 ","$106,280.91 "
,OTHER,,"1,825","$1,976,197.54 ","$1,569,382.28 "
,TOTAL,,"2,566","$2,110,450.55 ","$1,675,663.19 "
50547,80'S,,415,"$91,847.94 ","$80,308.28 "
,OTHER,,"1,832","$2,405,944.37 ","$2,358,029.86 "
,TOTAL,,"2,247","$2,497,792.31 ","$2,438,338.14 "
50548,80'S,,595,"$122,799.29 ","$97,609.87 "
,OTHER,,"1,337","$1,670,878.20 ","$1,327,121.26 "
,TOTAL,,"1,932","$1,793,677.49 ","$1,424,731.13 "
50549,80'S,,20,"$2,694.98 ","$2,155.96 "
,OTHER,,112,"$76,483.38 ","$60,824.63 "
,TOTAL,,132,"$79,178.36 ","$62,980.59 "
50551,SG,,1,$334.49 ,$267.59 
,80'S,,2,$69.09 ,$55.28 
,OTHER,,164,"$41,867.16 ","$33,147.68 "
,TOTAL,,167,"$42,270.74 ","$33,470.55 "
50553,OTHER,,195,"$51,942.32 ","$41,449.10 "
,TOTAL,,195,"$51,942.32 ","$41,449.10 "
50555,SG,,2,$492.57 ,$394.05 
,OTHER,,68,"$20,235.59 ","$15,916.43 "
,TOTAL,,70,"$20,728.16 ","$16,310.48 "
50557,80'S,,2,$111.57 ,$89.26 
,OTHER,,62,"$18,631.23 ","$14,800.18 "
,TOTAL,,64,"$18,742.80 ","$14,889.44 "
50561,SG,,5,"$1,465.17 ","$1,172.13 "
,80'S,,1,$59.71 ,$47.77 
,OTHER,,314,"$110,752.12 ","$87,811.23 "
,TOTAL,,320,"$112,277.00 ","$89,031.13 "
50562,80'S,,3,$286.04 ,$228.83 
,OTHER,,59,"$33,245.29 ","$26,265.58 "
,TOTAL,,62,"$33,531.33 ","$26,494.41 "
50570,80'S,,2,$72.11 ,$57.69 
,OTHER,,45,"$18,006.16 ","$14,404.94 "
,TOTAL,,47,"$18,078.27 ","$14,462.63 "
50572,OTHER,,29,"$13,734.79 ","$10,987.84 "
,TOTAL,,29,"$13,734.79 ","$10,987.84 "
50574,OTHER,,18,"$7,640.12 ","$6,112.12 "
,TOTAL,,18,"$7,640.12 ","$6,112.12 "
50575,OTHER,,177,"$120,034.65 ","$95,211.36 "
,TOTAL,,177,"$120,034.65 ","$95,211.36 "
50576,OTHER,,30,"$12,338.13 ","$9,870.47 "
,TOTAL,,30,"$12,338.13 ","$9,870.47 "
50580,OTHER,,65,"$31,939.08 ","$25,450.97 "
,TOTAL,,65,"$31,939.08 ","$25,450.97 "
50590,80'S,,1,$95.56 ,$76.45 
,OTHER,,"49,718","$26,465,352.49 ","$20,845,649.48 "
,TOTAL,,"49,719","$26,465,448.05 ","$20,845,725.93 "
50592,80'S,,19,"$1,081.58 ",$865.25 
,OTHER,,"1,104","$460,443.70 ","$365,578.73 "
,TOTAL,,"1,123","$461,525.28 ","$366,443.98 "
50600,80'S,,17,"$1,657.00 ","$1,325.58 "
,OTHER,,112,"$82,827.75 ","$66,157.37 "
,TOTAL,,129,"$84,484.75 ","$67,482.95 "
50605,80'S,,340,"$28,661.04 ","$22,929.04 "
,OTHER,,"2,153","$1,159,063.16 ","$917,191.21 "
,TOTAL,,"2,493","$1,187,724.20 ","$940,120.25 "
50610,80'S,,20,"$2,528.57 ","$2,022.88 "
,OTHER,,65,"$47,196.63 ","$37,649.98 "
,TOTAL,,85,"$49,725.20 ","$39,672.86 "
50620,80'S,,15,"$1,783.97 ","$1,313.60 "
,OTHER,,36,"$25,832.78 ","$19,963.65 "
,TOTAL,,51,"$27,616.75 ","$21,277.25 "
50630,80'S,,16,"$1,895.99 ","$1,438.06 "
,OTHER,,47,"$32,034.73 ","$25,627.79 "
,TOTAL,,63,"$33,930.72 ","$27,065.85 "
50650,80'S,,117,"$16,752.85 ","$13,368.29 "
,OTHER,,280,"$226,297.24 ","$180,564.17 "
,TOTAL,,397,"$243,050.09 ","$193,932.46 "
50660,80'S,,19,"$2,658.83 ","$2,127.08 "
,OTHER,,48,"$39,182.10 ","$30,467.24 "
,TOTAL,,67,"$41,840.93 ","$32,594.32 "
50684,OTHER,,"1,678","$58,762.56 ","$46,608.95 "
,TOTAL,,"1,678","$58,762.56 ","$46,608.95 "
50686,OTHER,,7,$521.45 ,$417.17 
,TOTAL,,7,$521.45 ,$417.17 
50688,SG,,32,"$9,936.32 ","$7,949.08 "
,OTHER,,"2,302","$162,045.45 ","$126,193.35 "
,TOTAL,,"2,334","$171,981.77 ","$134,142.43 "
50690,OTHER,,"3,004","$190,833.37 ","$149,537.15 "
,TOTAL,,"3,004","$190,833.37 ","$149,537.15 "
50700,80'S,,14,"$1,398.54 ","$1,118.83 "
,OTHER,,107,"$76,367.07 ","$60,583.38 "
,TOTAL,,121,"$77,765.61 ","$61,702.21 "
50715,80'S,,329,"$53,982.17 ","$43,112.41 "
,OTHER,,"1,547","$1,513,589.35 ","$1,202,549.51 "
,TOTAL,,"1,876","$1,567,571.52 ","$1,245,661.92 "
50722,80'S,,9,"$1,248.21 ",$998.57 
,OTHER,,36,"$31,081.04 ","$24,864.84 "
,TOTAL,,45,"$32,329.25 ","$25,863.41 "
50725,80'S,,6,$737.49 ,$590.00 
,OTHER,,11,"$9,492.09 ","$7,593.69 "
,TOTAL,,17,"$10,229.58 ","$8,183.69 "
50727,80'S,,22,"$1,658.64 ","$1,326.91 "
,OTHER,,152,"$63,249.60 ","$49,774.92 "
,TOTAL,,174,"$64,908.24 ","$51,101.83 "
50728,80'S,,12,"$1,052.64 ",$842.11 
,OTHER,,68,"$35,466.90 ","$28,369.87 "
,TOTAL,,80,"$36,519.54 ","$29,211.98 "
50740,80'S,,29,"$4,559.07 ","$3,647.26 "
,OTHER,,86,"$76,087.09 ","$60,869.68 "
,TOTAL,,115,"$80,646.16 ","$64,516.94 "
50750,OTHER,,1,$860.88 ,$688.70 
,TOTAL,,1,$860.88 ,$688.70 
50760,80'S,,84,"$12,382.83 ","$9,547.72 "
,OTHER,,411,"$355,799.36 ","$281,515.96 "
,TOTAL,,495,"$368,182.19 ","$291,063.68 "
50770,80'S,,4,$718.05 ,$574.43 
,OTHER,,24,"$22,298.80 ","$17,839.04 "
,TOTAL,,28,"$23,016.85 ","$18,413.47 "
50780,80'S,,179,"$29,101.00 ","$23,270.83 "
,OTHER,,915,"$914,043.09 ","$718,418.75 "
,TOTAL,,"1,094","$943,144.09 ","$741,689.58 "
50782,80'S,,2,$276.47 ,$221.17 
,OTHER,,14,"$13,112.58 ","$10,490.07 "
,TOTAL,,16,"$13,389.05 ","$10,711.24 "
50783,80'S,,6,$835.93 ,$668.74 
,OTHER,,28,"$22,773.91 ","$18,219.12 "
,TOTAL,,34,"$23,609.84 ","$18,887.86 "
50785,80'S,,116,"$20,528.04 ","$16,422.50 "
,OTHER,,358,"$386,148.55 ","$306,644.35 "
,TOTAL,,474,"$406,676.59 ","$323,066.85 "
50800,80'S,,38,"$5,018.63 ","$4,014.92 "
,OTHER,,108,"$86,589.72 ","$67,224.69 "
,TOTAL,,146,"$91,608.35 ","$71,239.61 "
50810,80'S,,2,$246.80 ,$197.44 
,OTHER,,17,"$17,927.22 ","$14,239.25 "
,TOTAL,,19,"$18,174.02 ","$14,436.69 "
50815,80'S,,13,"$2,297.03 ","$1,837.63 "
,OTHER,,59,"$64,277.77 ","$51,422.21 "
,TOTAL,,72,"$66,574.80 ","$53,259.84 "
50820,80'S,,216,"$41,409.92 ","$32,966.65 "
,OTHER,,766,"$863,748.10 ","$686,819.00 "
,TOTAL,,982,"$905,158.02 ","$719,785.65 "
50825,80'S,,19,"$4,320.64 ","$3,456.50 "
,OTHER,,151,"$214,998.00 ","$168,556.00 "
,TOTAL,,170,"$219,318.64 ","$172,012.50 "
50830,80'S,,14,"$3,818.60 ","$3,054.88 "
,OTHER,,51,"$79,363.24 ","$63,490.61 "
,TOTAL,,65,"$83,181.84 ","$66,545.49 "
50840,80'S,,4,$765.29 ,$612.23 
,OTHER,,27,"$31,017.04 ","$23,703.63 "
,TOTAL,,31,"$31,782.33 ","$24,315.86 "
50845,80'S,,17,"$2,580.84 ","$2,064.69 "
,OTHER,,98,"$85,182.73 ","$68,100.31 "
,TOTAL,,115,"$87,763.57 ","$70,165.00 "
50860,80'S,,5,$628.04 ,$502.43 
,OTHER,,49,"$37,550.96 ","$29,617.77 "
,TOTAL,,54,"$38,179.00 ","$30,120.20 "
50900,80'S,,19,"$1,602.48 ","$1,226.91 "
,OTHER,,95,"$55,021.36 ","$43,980.73 "
,TOTAL,,114,"$56,623.84 ","$45,207.64 "
50920,80'S,,2,$197.68 ,$158.14 
,OTHER,,13,"$8,900.90 ","$7,120.73 "
,TOTAL,,15,"$9,098.58 ","$7,278.87 "
50930,80'S,,2,$263.10 ,$210.48 
,OTHER,,11,"$8,582.93 ","$6,866.33 "
,TOTAL,,13,"$8,846.03 ","$7,076.81 "
50940,80'S,,4,$356.44 ,$285.15 
,OTHER,,13,"$7,675.15 ","$6,140.12 "
,TOTAL,,17,"$8,031.59 ","$6,425.27 "
50945,80'S,,3,$354.20 ,$283.36 
,OTHER,,10,"$8,749.35 ","$6,928.96 "
,TOTAL,,13,"$9,103.55 ","$7,212.32 "
50947,80'S,,4,$887.38 ,$709.90 
,OTHER,,31,"$35,894.48 ","$28,715.58 "
,TOTAL,,35,"$36,781.86 ","$29,425.48 "
50948,SG,,1,"$1,292.13 ","$1,033.70 "
,80'S,,1,$217.48 ,$173.98 
,OTHER,,5,"$6,474.73 ","$5,179.78 "
,TOTAL,,7,"$7,984.34 ","$6,387.46 "
50949,80'S,,10,"$1,342.57 ","$1,074.06 "
,OTHER,,44,"$38,534.35 ","$30,792.33 "
,TOTAL,,54,"$39,876.92 ","$31,866.39 "
50951,SG,,14,"$3,679.37 ","$2,838.69 "
,OTHER,,154,"$41,732.24 ","$33,272.25 "
,TOTAL,,168,"$45,411.61 ","$36,110.94 "
50953,SG,,8,"$2,302.98 ","$1,842.40 "
,OTHER,,114,"$33,443.63 ","$26,259.43 "
,TOTAL,,122,"$35,746.61 ","$28,101.83 "
50955,SG,,1,$319.86 ,$255.89 
,OTHER,,35,"$12,373.42 ","$9,608.34 "
,TOTAL,,36,"$12,693.28 ","$9,864.23 "
50957,OTHER,,30,"$10,357.90 ","$8,076.71 "
,TOTAL,,30,"$10,357.90 ","$8,076.71 "
50961,SG,,3,$821.49 ,$657.19 
,80'S,,1,$54.25 ,$43.40 
,OTHER,,102,"$27,334.51 ","$21,822.52 "
,TOTAL,,106,"$28,210.25 ","$22,523.11 "
50970,80'S,,1,$28.08 ,$22.46 
,OTHER,,31,"$6,804.03 ","$5,283.34 "
,TOTAL,,32,"$6,832.11 ","$5,305.80 "
50972,SG,,1,$189.55 ,$151.64 
,OTHER,,18,"$5,589.64 ","$4,261.71 "
,TOTAL,,19,"$5,779.19 ","$4,413.35 "
50974,OTHER,,7,"$2,777.49 ","$2,221.99 "
,TOTAL,,7,"$2,777.49 ","$2,221.99 "
50976,OTHER,,11,"$4,621.17 ","$3,696.94 "
,TOTAL,,11,"$4,621.17 ","$3,696.94 "
50980,SG,,1,$159.76 ,$127.81 
,OTHER,,23,"$6,880.84 ","$5,444.97 "
,TOTAL,,24,"$7,040.60 ","$5,572.78 "
51000,OTHER,,145,"$5,949.95 ","$4,380.55 "
,TOTAL,,145,"$5,949.95 ","$4,380.55 "
51005,OTHER,,457,"$47,356.84 ","$36,731.77 "
,TOTAL,,457,"$47,356.84 ","$36,731.77 "
51010,SG,,431,"$110,160.76 ","$87,150.91 "
,80'S,,1,$41.80 ,$33.44 
,OTHER,,"14,351","$2,966,737.64 ","$2,342,438.09 "
,TOTAL,,"14,783","$3,076,940.20 ","$2,429,622.44 "
51020,SG,,3,"$2,094.79 ","$1,675.84 "
,80'S,,13,$677.87 ,$536.93 
,OTHER,,155,"$57,207.96 ","$45,528.82 "
,TOTAL,,171,"$59,980.62 ","$47,741.59 "
51030,80'S,,1,$75.55 ,$60.44 
,OTHER,,26,"$6,444.40 ","$5,138.35 "
,TOTAL,,27,"$6,519.95 ","$5,198.79 "
51040,SG,,182,"$112,838.80 ","$89,616.44 "
,80'S,,214,"$7,211.05 ","$5,715.84 "
,OTHER,,"6,023","$1,404,088.73 ","$1,114,173.12 "
,TOTAL,,"6,419","$1,524,138.58 ","$1,209,505.40 "
51045,SG,,24,"$8,091.83 ","$6,473.47 "
,80'S,,64,"$2,774.83 ","$2,219.83 "
,OTHER,,706,"$222,405.75 ","$177,033.66 "
,TOTAL,,794,"$233,272.41 ","$185,726.96 "
51050,SG,,30,"$17,658.46 ","$14,001.47 "
,80'S,,157,"$9,112.36 ","$7,289.92 "
,OTHER,,"1,133","$414,068.96 ","$326,991.70 "
,TOTAL,,"1,320","$440,839.78 ","$348,283.09 "
51060,80'S,,4,$306.14 ,$244.91 
,OTHER,,27,"$11,878.01 ","$9,502.40 "
,TOTAL,,31,"$12,184.15 ","$9,747.31 "
51065,SG,,7,"$3,013.92 ","$2,306.32 "
,OTHER,,137,"$66,432.96 ","$52,645.24 "
,TOTAL,,144,"$69,446.88 ","$54,951.56 "
51080,80'S,,5,$196.36 ,$157.08 
,OTHER,,65,"$17,662.15 ","$13,929.79 "
,TOTAL,,70,"$17,858.51 ","$14,086.87 "
51500,SG,,1,$310.76 ,$248.61 
,80'S,,18,"$1,278.72 ","$1,022.99 "
,OTHER,,66,"$27,529.12 ","$21,918.50 "
,TOTAL,,85,"$29,118.60 ","$23,190.10 "
51520,SG,,1,$604.43 ,$483.54 
,80'S,,5,$350.60 ,$280.49 
,OTHER,,41,"$19,127.25 ","$15,197.01 "
,TOTAL,,47,"$20,082.28 ","$15,961.04 "
51525,80'S,,119,"$13,135.42 ","$10,452.88 "
,OTHER,,287,"$195,204.76 ","$154,371.90 "
,TOTAL,,406,"$208,340.18 ","$164,824.78 "
51530,80'S,,22,"$1,938.89 ","$1,551.09 "
,OTHER,,110,"$57,703.61 ","$46,155.36 "
,TOTAL,,132,"$59,642.50 ","$47,706.45 "
51535,80'S,,5,$497.39 ,$388.71 
,OTHER,,73,"$46,330.59 ","$37,064.45 "
,TOTAL,,78,"$46,827.98 ","$37,453.16 "
51550,80'S,,254,"$31,524.02 ","$25,032.98 "
,OTHER,,778,"$565,240.97 ","$447,528.15 "
,TOTAL,,"1,032","$596,764.99 ","$472,561.13 "
51555,80'S,,150,"$26,999.70 ","$21,499.26 "
,OTHER,,437,"$463,585.52 ","$366,646.85 "
,TOTAL,,587,"$490,585.22 ","$388,146.11 "
51565,80'S,,27,"$5,055.28 ","$4,044.21 "
,OTHER,,97,"$106,016.92 ","$83,625.81 "
,TOTAL,,124,"$111,072.20 ","$87,670.02 "
51570,80'S,,40,"$8,588.46 ","$6,686.75 "
,OTHER,,122,"$150,603.08 ","$120,482.42 "
,TOTAL,,162,"$159,191.54 ","$127,169.17 "
51575,80'S,,74,"$20,351.47 ","$16,063.87 "
,OTHER,,250,"$425,257.13 ","$338,647.98 "
,TOTAL,,324,"$445,608.60 ","$354,711.85 "
51580,80'S,,6,"$1,808.51 ","$1,446.82 "
,OTHER,,19,"$31,498.74 ","$25,187.10 "
,TOTAL,,25,"$33,307.25 ","$26,633.92 "
51585,80'S,,14,"$4,010.12 ","$3,208.10 "
,OTHER,,72,"$133,678.49 ","$102,539.51 "
,TOTAL,,86,"$137,688.61 ","$105,747.61 "
51590,80'S,,403,"$116,670.76 ","$92,289.25 "
,OTHER,,907,"$1,545,219.94 ","$1,225,704.82 "
,TOTAL,,"1,310","$1,661,890.70 ","$1,317,994.07 "
51595,80'S,,"1,009","$331,964.25 ","$264,324.22 "
,OTHER,,"2,929","$5,862,076.07 ","$4,664,176.09 "
,TOTAL,,"3,938","$6,194,040.32 ","$4,928,500.31 "
51596,80'S,,155,"$55,323.25 ","$43,647.37 "
,OTHER,,565,"$1,241,319.30 ","$983,366.04 "
,TOTAL,,720,"$1,296,642.55 ","$1,027,013.41 "
51597,80'S,,124,"$42,013.41 ","$33,610.75 "
,OTHER,,379,"$761,976.98 ","$608,178.15 "
,TOTAL,,503,"$803,990.39 ","$641,788.90 "
51600,OTHER,,"37,194","$2,827,678.48 ","$2,212,760.87 "
,TOTAL,,"37,194","$2,827,678.48 ","$2,212,760.87 "
51605,OTHER,,166,"$3,849.23 ","$3,035.09 "
,TOTAL,,166,"$3,849.23 ","$3,035.09 "
51610,OTHER,,"4,591","$258,356.74 ","$201,658.34 "
,TOTAL,,"4,591","$258,356.74 ","$201,658.34 "
51700,OTHER,,"116,517","$9,341,245.18 ","$7,178,625.07 "
,TOTAL,,"116,517","$9,341,245.18 ","$7,178,625.07 "
51701,OTHER,,"158,627","$10,934,031.62 ","$8,297,656.76 "
,TOTAL,,"158,627","$10,934,031.62 ","$8,297,656.76 "
51702,OTHER,,"191,481","$14,663,612.08 ","$11,175,684.82 "
,TOTAL,,"191,481","$14,663,612.08 ","$11,175,684.82 "
51703,OTHER,,"50,161","$6,004,617.24 ","$4,671,053.02 "
,TOTAL,,"50,161","$6,004,617.24 ","$4,671,053.02 "
51705,OTHER,,"81,539","$8,885,902.86 ","$6,723,137.22 "
,TOTAL,,"81,539","$8,885,902.86 ","$6,723,137.22 "
51710,SG,,92,"$27,726.88 ","$21,872.15 "
,OTHER,,"9,357","$1,433,895.56 ","$1,106,485.57 "
,TOTAL,,"9,449","$1,461,622.44 ","$1,128,357.72 "
51715,SG,,"1,823","$911,922.09 ","$722,825.18 "
,80'S,,9,$219.11 ,$175.29 
,OTHER,,"14,054","$3,006,959.66 ","$2,342,640.16 "
,TOTAL,,"15,886","$3,919,100.86 ","$3,065,640.63 "
51720,OTHER,,"187,431","$21,957,626.27 ","$17,133,080.54 "
,TOTAL,,"187,431","$21,957,626.27 ","$17,133,080.54 "
51725,OTHER,,"19,893","$3,911,966.90 ","$3,072,879.98 "
,TOTAL,,"19,893","$3,911,966.90 ","$3,072,879.98 "
51726,SG,,"8,069","$1,223,598.34 ","$961,099.01 "
,OTHER,,"215,851","$60,482,156.58 ","$47,464,093.24 "
,TOTAL,,"223,920","$61,705,754.92 ","$48,425,192.25 "
51736,OTHER,,"13,709","$559,236.17 ","$419,390.16 "
,TOTAL,,"13,709","$559,236.17 ","$419,390.16 "
51741,SG,,2,$2.00 ,$1.60 
,OTHER,,"598,902","$36,739,992.95 ","$27,906,405.73 "
,TOTAL,,"598,904","$36,739,994.95 ","$27,906,407.33 "
51772,SG,,"1,127","$72,722.06 ","$57,981.28 "
,OTHER,,"90,625","$11,368,127.06 ","$9,025,661.02 "
,TOTAL,,"91,752","$11,440,849.12 ","$9,083,642.30 "
51784,OTHER,,"169,747","$19,608,956.99 ","$15,507,180.63 "
,TOTAL,,"169,747","$19,608,956.99 ","$15,507,180.63 "
51785,SG,,868,"$29,942.33 ","$23,944.71 "
,OTHER,,"11,577","$1,076,628.08 ","$853,455.14 "
,TOTAL,,"12,445","$1,106,570.41 ","$877,399.85 "
51792,OTHER,,"12,467","$1,945,437.07 ","$1,541,645.32 "
,TOTAL,,"12,467","$1,945,437.07 ","$1,541,645.32 "
51795,SG,,3,$3.00 ,$2.40 
,OTHER,,"170,807","$26,453,242.45 ","$20,973,154.15 "
,TOTAL,,"170,810","$26,453,245.45 ","$20,973,156.55 "
51797,SG,,2,$2.00 ,$1.60 
,80'S,,1,$120.68 ,$96.54 
,OTHER,,"152,889","$18,977,142.26 ","$15,045,740.98 "
,TOTAL,,"152,892","$18,977,264.94 ","$15,045,839.12 "
51798,80'S,,1,$2.78 ,$2.22 
,OTHER,,"1,576,688","$28,584,398.90 ","$21,302,694.45 "
,TOTAL,,"1,576,689","$28,584,401.68 ","$21,302,696.67 "
51800,80'S,,171,"$18,255.68 ","$14,590.48 "
,OTHER,,628,"$413,486.30 ","$327,817.87 "
,TOTAL,,799,"$431,741.98 ","$342,408.35 "
51820,80'S,,4,$557.54 ,$446.04 
,OTHER,,6,"$4,939.81 ","$3,951.85 "
,TOTAL,,10,"$5,497.35 ","$4,397.89 "
51840,80'S,,327,"$24,040.78 ","$18,945.45 "
,OTHER,,"1,057","$475,251.59 ","$374,500.77 "
,TOTAL,,"1,384","$499,292.37 ","$393,446.22 "
51841,80'S,,51,"$4,658.16 ","$3,726.53 "
,OTHER,,210,"$124,165.04 ","$99,000.52 "
,TOTAL,,261,"$128,823.20 ","$102,727.05 "
51845,80'S,,38,"$2,602.39 ","$2,078.04 "
,OTHER,,316,"$142,609.90 ","$111,061.74 "
,TOTAL,,354,"$145,212.29 ","$113,139.78 "
51860,80'S,,204,"$15,415.40 ","$12,311.06 "
,OTHER,,"1,095","$545,609.23 ","$435,838.62 "
,TOTAL,,"1,299","$561,024.63 ","$448,149.68 "
51865,80'S,,137,"$16,140.07 ","$12,754.70 "
,OTHER,,717,"$521,172.52 ","$413,867.63 "
,TOTAL,,854,"$537,312.59 ","$426,622.33 "
51880,SG,,2,$667.86 ,$534.28 
,80'S,,42,"$1,973.54 ","$1,578.78 "
,OTHER,,229,"$76,508.41 ","$61,163.32 "
,TOTAL,,273,"$79,149.81 ","$63,276.38 "
51900,80'S,,17,"$1,828.54 ","$1,462.83 "
,OTHER,,105,"$64,361.69 ","$51,208.26 "
,TOTAL,,122,"$66,190.23 ","$52,671.09 "
51920,OTHER,,3,"$1,887.31 ","$1,509.85 "
,TOTAL,,3,"$1,887.31 ","$1,509.85 "
51925,80'S,,1,$191.64 ,$153.31 
,OTHER,,2,"$1,168.12 ",$934.50 
,TOTAL,,3,"$1,359.76 ","$1,087.81 "
51940,80'S,,2,$525.06 ,$420.05 
,OTHER,,5,"$6,345.10 ","$5,076.08 "
,TOTAL,,7,"$6,870.16 ","$5,496.13 "
51960,80'S,,27,"$5,592.76 ","$4,474.20 "
,OTHER,,140,"$173,425.55 ","$136,536.15 "
,TOTAL,,167,"$179,018.31 ","$141,010.35 "
51980,80'S,,4,$270.88 ,$216.70 
,OTHER,,35,"$18,619.78 ","$14,791.03 "
,TOTAL,,39,"$18,890.66 ","$15,007.73 "
51990,80'S,,53,"$4,740.50 ","$3,792.39 "
,OTHER,,149,"$79,126.77 ","$62,822.94 "
,TOTAL,,202,"$83,867.27 ","$66,615.33 "
51992,SG,,8,"$5,718.40 ","$4,429.38 "
,80'S,,87,"$7,919.93 ","$6,237.02 "
,OTHER,,369,"$240,174.59 ","$189,777.02 "
,TOTAL,,464,"$253,812.92 ","$200,443.42 "
51999,80'S,,38,"$7,843.25 ","$6,274.60 "
,OTHER,,259,"$238,227.29 ","$187,869.00 "
,TOTAL,,297,"$246,070.54 ","$194,143.60 "
52000,SG,,"76,990","$24,841,805.94 ","$19,474,514.05 "
,80'S,,4,$56.86 ,$45.49 
,OTHER,,"948,354","$176,492,328.00 ","$135,109,736.77 "
,TOTAL,,"1,025,348","$201,334,190.80 ","$154,584,296.31 "
52001,SG,,371,"$117,924.45 ","$93,158.48 "
,OTHER,,"12,703","$3,518,837.16 ","$2,786,693.98 "
,TOTAL,,"13,074","$3,636,761.61 ","$2,879,852.46 "
52005,SG,,"8,207","$3,152,778.67 ","$2,490,532.52 "
,80'S,,4,$56.46 ,$45.17 
,OTHER,,"50,191","$5,201,862.30 ","$4,061,035.70 "
,TOTAL,,"58,402","$8,354,697.43 ","$6,551,613.39 "
52007,SG,,50,"$19,327.87 ","$15,252.73 "
,OTHER,,619,"$115,654.78 ","$91,694.60 "
,TOTAL,,669,"$134,982.65 ","$106,947.33 "
52010,OTHER,,43,"$8,905.33 ","$7,060.62 "
,TOTAL,,43,"$8,905.33 ","$7,060.62 "
52204,SG,,"4,870","$1,999,628.30 ","$1,579,839.07 "
,80'S,,1,$24.00 ,$19.20 
,OTHER,,"36,472","$8,736,490.57 ","$6,843,313.09 "
,TOTAL,,"41,343","$10,736,142.87 ","$8,423,171.36 "
52214,SG,,"1,630","$666,352.76 ","$526,737.58 "
,OTHER,,"27,583","$25,262,624.40 ","$20,032,206.16 "
,TOTAL,,"29,213","$25,928,977.16 ","$20,558,943.74 "
52224,SG,,"3,324","$1,402,325.21 ","$1,105,105.34 "
,80'S,,1,$14.72 ,$11.78 
,OTHER,,"50,392","$45,151,627.81 ","$35,715,878.98 "
,TOTAL,,"53,717","$46,553,967.74 ","$36,820,996.10 "
52234,SG,,"4,259","$1,836,506.59 ","$1,451,454.37 "
,OTHER,,"26,068","$5,868,609.31 ","$4,606,717.41 "
,TOTAL,,"30,327","$7,705,115.90 ","$6,058,171.78 "
52235,SG,,"3,169","$1,581,121.12 ","$1,250,834.77 "
,80'S,,1,$25.23 ,$20.18 
,OTHER,,"31,980","$8,405,122.39 ","$6,627,025.32 "
,TOTAL,,"35,150","$9,986,268.74 ","$7,877,880.27 "
52240,SG,,"1,575","$787,786.65 ","$625,138.10 "
,OTHER,,"25,247","$12,285,200.08 ","$9,730,733.60 "
,TOTAL,,"26,822","$13,072,986.73 ","$10,355,871.70 "
52250,SG,,39,"$24,516.85 ","$19,613.48 "
,OTHER,,157,"$31,134.91 ","$24,633.36 "
,TOTAL,,196,"$55,651.76 ","$44,246.84 "
52260,SG,,"1,483","$614,245.32 ","$483,754.84 "
,OTHER,,"6,491","$1,223,093.49 ","$947,746.58 "
,TOTAL,,"7,974","$1,837,338.81 ","$1,431,501.42 "
52265,OTHER,,"3,176","$1,616,635.45 ","$1,277,210.04 "
,TOTAL,,"3,176","$1,616,635.45 ","$1,277,210.04 "
52270,SG,,110,"$41,364.47 ","$32,336.38 "
,OTHER,,763,"$261,850.06 ","$207,290.62 "
,TOTAL,,873,"$303,214.53 ","$239,627.00 "
52275,SG,,186,"$75,621.87 ","$59,334.44 "
,OTHER,,"3,448","$1,733,348.48 ","$1,365,719.20 "
,TOTAL,,"3,634","$1,808,970.35 ","$1,425,053.64 "
52276,SG,,"1,901","$923,844.69 ","$731,239.22 "
,OTHER,,"12,978","$3,075,649.33 ","$2,416,046.01 "
,TOTAL,,"14,879","$3,999,494.02 ","$3,147,285.23 "
52277,SG,,3,"$1,289.15 ","$1,031.32 "
,OTHER,,111,"$27,869.92 ","$22,260.28 "
,TOTAL,,114,"$29,159.07 ","$23,291.60 "
52281,SG,,"11,066","$4,888,668.82 ","$3,860,839.14 "
,OTHER,,"129,155","$39,814,303.94 ","$31,142,490.68 "
,TOTAL,,"140,221","$44,702,972.76 ","$35,003,329.82 "
52282,SG,,85,"$112,778.54 ","$90,105.61 "
,OTHER,,942,"$273,048.50 ","$216,534.14 "
,TOTAL,,"1,027","$385,827.04 ","$306,639.75 "
52283,SG,,75,"$19,458.25 ","$15,408.74 "
,OTHER,,524,"$62,042.91 ","$49,037.33 "
,TOTAL,,599,"$81,501.16 ","$64,446.07 "
52285,SG,,615,"$266,392.79 ","$210,615.96 "
,OTHER,,"6,811","$1,648,608.84 ","$1,287,563.90 "
,TOTAL,,"7,426","$1,915,001.63 ","$1,498,179.86 "
52290,SG,,18,"$6,820.39 ","$5,446.35 "
,OTHER,,299,"$47,992.87 ","$37,747.19 "
,TOTAL,,317,"$54,813.26 ","$43,193.54 "
52300,SG,,9,"$3,714.11 ","$2,956.40 "
,80'S,,1,$41.79 ,$33.43 
,OTHER,,154,"$29,404.14 ","$23,216.35 "
,TOTAL,,164,"$33,160.04 ","$26,206.18 "
52301,SG,,6,"$2,266.04 ","$1,812.83 "
,80'S,,1,$22.52 ,$18.02 
,OTHER,,51,"$12,273.63 ","$9,818.92 "
,TOTAL,,58,"$14,562.19 ","$11,649.77 "
52305,SG,,10,"$3,491.30 ","$2,793.05 "
,OTHER,,219,"$44,008.78 ","$34,820.08 "
,TOTAL,,229,"$47,500.08 ","$37,613.13 "
52310,SG,,"4,851","$1,874,847.70 ","$1,475,249.16 "
,OTHER,,"58,527","$12,917,785.99 ","$10,061,172.12 "
,TOTAL,,"63,378","$14,792,633.69 ","$11,536,421.28 "
52315,SG,,506,"$196,584.74 ","$155,696.28 "
,OTHER,,"4,306","$1,536,679.62 ","$1,208,204.52 "
,TOTAL,,"4,812","$1,733,264.36 ","$1,363,900.80 "
52317,SG,,581,"$154,757.94 ","$122,052.96 "
,OTHER,,"7,829","$3,073,704.13 ","$2,432,780.66 "
,TOTAL,,"8,410","$3,228,462.07 ","$2,554,833.62 "
52318,SG,,392,"$160,573.22 ","$127,133.49 "
,80'S,,1,$41.69 ,$33.35 
,OTHER,,"7,209","$2,944,846.69 ","$2,329,219.73 "
,TOTAL,,"7,602","$3,105,461.60 ","$2,456,386.57 "
52320,SG,,236,"$165,911.47 ","$131,349.62 "
,OTHER,,"1,522","$293,511.03 ","$230,495.33 "
,TOTAL,,"1,758","$459,422.50 ","$361,844.95 "
52325,SG,,87,"$52,667.72 ","$41,839.06 "
,OTHER,,560,"$147,252.13 ","$116,684.10 "
,TOTAL,,647,"$199,919.85 ","$158,523.16 "
52327,SG,,39,"$15,713.24 ","$12,508.43 "
,OTHER,,199,"$64,670.50 ","$51,227.09 "
,TOTAL,,238,"$80,383.74 ","$63,735.52 "
52330,SG,,121,"$43,188.33 ","$34,025.74 "
,OTHER,,"2,569","$870,422.83 ","$686,435.97 "
,TOTAL,,"2,690","$913,611.16 ","$720,461.71 "
52332,SG,,"7,051","$2,398,962.97 ","$1,898,588.78 "
,80'S,,5,$90.55 ,$72.44 
,OTHER,,"110,789","$12,528,295.90 ","$9,857,735.92 "
,TOTAL,,"117,845","$14,927,349.42 ","$11,756,397.14 "
52334,SG,,23,"$10,295.39 ","$8,236.31 "
,OTHER,,416,"$87,936.01 ","$69,285.04 "
,TOTAL,,439,"$98,231.40 ","$77,521.35 "
52341,SG,,206,"$86,728.02 ","$68,362.51 "
,80'S,,1,$54.30 ,$43.44 
,OTHER,,"1,910","$540,141.53 ","$426,283.63 "
,TOTAL,,"2,117","$626,923.85 ","$494,689.58 "
52342,SG,,14,"$6,867.79 ","$5,494.23 "
,OTHER,,313,"$98,924.23 ","$77,939.19 "
,TOTAL,,327,"$105,792.02 ","$83,433.42 "
52343,OTHER,,32,"$10,149.02 ","$8,119.23 "
,TOTAL,,32,"$10,149.02 ","$8,119.23 "
52344,SG,,180,"$79,152.34 ","$62,300.74 "
,OTHER,,"2,423","$932,924.17 ","$737,538.84 "
,TOTAL,,"2,603","$1,012,076.51 ","$799,839.58 "
52345,SG,,111,"$36,452.06 ","$28,788.57 "
,80'S,,1,$65.79 ,$52.63 
,OTHER,,474,"$186,065.59 ","$147,108.28 "
,TOTAL,,586,"$222,583.44 ","$175,949.48 "
52346,SG,,1,$249.37 ,$199.50 
,OTHER,,120,"$56,558.19 ","$45,141.79 "
,TOTAL,,121,"$56,807.56 ","$45,341.29 "
52351,SG,,"1,480","$721,350.82 ","$572,183.10 "
,80'S,,3,$164.10 ,$131.28 
,OTHER,,"17,807","$5,109,986.65 ","$4,033,507.41 "
,TOTAL,,"19,290","$5,831,501.57 ","$4,605,821.79 "
52352,SG,,878,"$531,156.05 ","$418,745.15 "
,OTHER,,"13,858","$4,692,991.57 ","$3,697,347.31 "
,TOTAL,,"14,736","$5,224,147.62 ","$4,116,092.46 "
52353,SG,,"1,932","$1,155,570.06 ","$915,292.75 "
,OTHER,,"25,425","$10,151,253.48 ","$8,004,939.06 "
,TOTAL,,"27,357","$11,306,823.54 ","$8,920,231.81 "
52354,SG,,448,"$273,793.36 ","$216,032.42 "
,OTHER,,"6,025","$2,194,345.32 ","$1,737,215.18 "
,TOTAL,,"6,473","$2,468,138.68 ","$1,953,247.60 "
52355,SG,,48,"$28,666.85 ","$22,933.49 "
,OTHER,,912,"$395,863.33 ","$314,825.50 "
,TOTAL,,960,"$424,530.18 ","$337,758.99 "
52400,SG,,87,"$43,597.52 ","$34,450.63 "
,OTHER,,710,"$358,374.61 ","$282,961.90 "
,TOTAL,,797,"$401,972.13 ","$317,412.53 "
52402,SG,,4,"$1,508.40 ","$1,206.72 "
,OTHER,,38,"$9,154.75 ","$7,159.89 "
,TOTAL,,42,"$10,663.15 ","$8,366.61 "
52450,SG,,243,"$119,774.22 ","$94,527.07 "
,OTHER,,"2,108","$826,928.61 ","$652,592.99 "
,TOTAL,,"2,351","$946,702.83 ","$747,120.06 "
52500,SG,,739,"$355,330.68 ","$280,719.83 "
,OTHER,,"5,826","$2,841,821.65 ","$2,250,373.90 "
,TOTAL,,"6,565","$3,197,152.33 ","$2,531,093.73 "
52510,SG,,13,"$6,581.70 ","$5,265.38 "
,OTHER,,155,"$55,873.94 ","$44,250.52 "
,TOTAL,,168,"$62,455.64 ","$49,515.90 "
52601,SG,,741,"$455,735.82 ","$361,143.26 "
,80'S,,3,$416.13 ,$332.91 
,OTHER,,"49,306","$37,615,112.98 ","$29,770,785.03 "
,TOTAL,,"50,050","$38,071,264.93 ","$30,132,261.20 "
52606,SG,,12,"$3,288.07 ","$2,630.47 "
,OTHER,,389,"$166,093.54 ","$132,287.89 "
,TOTAL,,401,"$169,381.61 ","$134,918.36 "
52612,SG,,13,"$4,596.46 ","$3,677.14 "
,OTHER,,547,"$251,417.73 ","$199,512.46 "
,TOTAL,,560,"$256,014.19 ","$203,189.60 "
52614,SG,,3,$807.53 ,$646.02 
,OTHER,,279,"$112,359.64 ","$89,080.76 "
,TOTAL,,282,"$113,167.17 ","$89,726.78 "
52620,SG,,43,"$12,096.53 ","$9,421.07 "
,OTHER,,706,"$257,106.97 ","$203,493.87 "
,TOTAL,,749,"$269,203.50 ","$212,914.94 "
52630,SG,,92,"$38,115.05 ","$30,441.24 "
,OTHER,,"2,644","$1,042,541.83 ","$827,679.39 "
,TOTAL,,"2,736","$1,080,656.88 ","$858,120.63 "
52640,SG,,316,"$134,525.02 ","$106,980.92 "
,OTHER,,"2,472","$861,309.51 ","$679,620.69 "
,TOTAL,,"2,788","$995,834.53 ","$786,601.61 "
52647,SG,,131,"$172,345.91 ","$136,815.45 "
,OTHER,,"6,539","$13,705,205.74 ","$10,863,973.83 "
,TOTAL,,"6,670","$13,877,551.65 ","$11,000,789.28 "
52648,SG,,656,"$872,511.13 ","$687,325.00 "
,80'S,,1,$116.15 ,$92.92 
,OTHER,,"35,460","$30,426,420.22 ","$24,108,836.38 "
,TOTAL,,"36,117","$31,299,047.50 ","$24,796,254.30 "
52700,SG,,2,$884.98 ,$707.98 
,80'S,,1,$30.96 ,$24.77 
,OTHER,,83,"$27,312.98 ","$21,679.50 "
,TOTAL,,86,"$28,228.92 ","$22,412.25 "
53000,SG,,7,"$1,728.26 ","$1,382.62 "
,OTHER,,96,"$10,848.62 ","$8,522.03 "
,TOTAL,,103,"$12,576.88 ","$9,904.65 "
53010,SG,,8,"$2,118.86 ","$1,695.09 "
,OTHER,,208,"$39,335.01 ","$31,192.44 "
,TOTAL,,216,"$41,453.87 ","$32,887.53 "
53020,SG,,142,"$31,815.37 ","$25,383.57 "
,OTHER,,949,"$56,969.97 ","$44,372.71 "
,TOTAL,,"1,091","$88,785.34 ","$69,756.28 "
53040,SG,,3,"$1,132.80 ",$906.24 
,80'S,,1,$60.52 ,$48.42 
,OTHER,,78,"$24,483.19 ","$19,556.02 "
,TOTAL,,82,"$25,676.51 ","$20,510.68 "
53060,OTHER,,23,"$3,903.06 ","$3,068.89 "
,TOTAL,,23,"$3,903.06 ","$3,068.89 "
53080,OTHER,,10,"$3,635.26 ","$2,626.65 "
,TOTAL,,10,"$3,635.26 ","$2,626.65 "
53085,80'S,,1,$109.84 ,$87.87 
,OTHER,,30,"$15,066.78 ","$12,053.39 "
,TOTAL,,31,"$15,176.62 ","$12,141.26 "
53200,SG,,33,"$7,160.34 ","$5,728.29 "
,OTHER,,547,"$54,782.88 ","$42,868.02 "
,TOTAL,,580,"$61,943.22 ","$48,596.31 "
53210,SG,,3,"$2,100.86 ","$1,680.69 "
,80'S,,16,"$1,012.51 ",$810.02 
,OTHER,,95,"$47,546.08 ","$37,984.30 "
,TOTAL,,114,"$50,659.45 ","$40,475.01 "
53215,SG,,3,"$2,040.54 ","$1,632.43 "
,80'S,,42,"$4,345.81 ","$3,476.69 "
,OTHER,,247,"$169,602.95 ","$135,101.96 "
,TOTAL,,292,"$175,989.30 ","$140,211.08 "
53220,SG,,6,"$2,006.37 ","$1,605.09 "
,OTHER,,145,"$55,131.59 ","$43,139.87 "
,TOTAL,,151,"$57,137.96 ","$44,744.96 "
53230,SG,,12,"$4,849.06 ","$3,653.66 "
,80'S,,26,"$2,060.99 ","$1,569.62 "
,OTHER,,180,"$92,493.10 ","$72,565.57 "
,TOTAL,,218,"$99,403.15 ","$77,788.85 "
53235,SG,,2,$979.76 ,$783.80 
,80'S,,7,$505.28 ,$404.22 
,OTHER,,30,"$13,018.28 ","$10,309.84 "
,TOTAL,,39,"$14,503.32 ","$11,497.86 "
53240,SG,,2,$641.69 ,$513.35 
,OTHER,,11,"$3,781.22 ","$2,815.37 "
,TOTAL,,13,"$4,422.91 ","$3,328.72 "
53250,OTHER,,1,$379.78 ,$303.82 
,TOTAL,,1,$379.78 ,$303.82 
53260,SG,,28,"$10,567.47 ","$8,243.54 "
,OTHER,,310,"$46,234.57 ","$35,596.20 "
,TOTAL,,338,"$56,802.04 ","$43,839.74 "
53265,SG,,107,"$42,602.73 ","$33,455.69 "
,OTHER,,849,"$139,485.28 ","$109,474.41 "
,TOTAL,,956,"$182,088.01 ","$142,930.10 "
53270,SG,,2,$903.18 ,$617.75 
,OTHER,,22,"$3,065.48 ","$2,452.41 "
,TOTAL,,24,"$3,968.66 ","$3,070.16 "
53275,SG,,42,"$17,190.65 ","$13,752.51 "
,OTHER,,483,"$96,401.47 ","$76,428.24 "
,TOTAL,,525,"$113,592.12 ","$90,180.75 "
53400,SG,,7,"$3,505.45 ","$2,804.36 "
,80'S,,10,"$1,204.94 ",$963.93 
,OTHER,,105,"$72,271.43 ","$57,712.34 "
,TOTAL,,122,"$76,981.82 ","$61,480.63 "
53405,80'S,,1,$129.98 ,$103.98 
,OTHER,,20,"$15,290.18 ","$12,208.44 "
,TOTAL,,21,"$15,420.16 ","$12,312.42 "
53410,SG,,9,"$3,581.20 ","$2,636.51 "
,80'S,,31,"$4,569.78 ","$3,524.72 "
,OTHER,,292,"$254,404.91 ","$202,074.29 "
,TOTAL,,332,"$262,555.89 ","$208,235.52 "
53415,80'S,,19,"$3,242.07 ","$2,364.43 "
,OTHER,,144,"$148,906.36 ","$117,626.63 "
,TOTAL,,163,"$152,148.43 ","$119,991.06 "
53420,OTHER,,21,"$7,287.24 ","$5,789.79 "
,TOTAL,,21,"$7,287.24 ","$5,789.79 "
53425,OTHER,,5,"$4,139.60 ","$3,206.88 "
,TOTAL,,5,"$4,139.60 ","$3,206.88 "
53430,SG,,4,"$1,336.30 ","$1,069.04 "
,80'S,,6,$764.94 ,$611.95 
,OTHER,,139,"$121,820.07 ","$96,955.93 "
,TOTAL,,149,"$123,921.31 ","$98,636.92 "
53431,80'S,,17,"$1,710.79 ","$1,368.68 "
,OTHER,,30,"$18,747.70 ","$14,998.17 "
,TOTAL,,47,"$20,458.49 ","$16,366.85 "
53440,SG,,11,"$4,954.36 ","$3,963.48 "
,80'S,,334,"$39,490.20 ","$31,134.80 "
,OTHER,,"1,731","$1,300,195.01 ","$1,026,198.41 "
,TOTAL,,"2,076","$1,344,639.57 ","$1,061,296.69 "
53442,SG,,5,"$1,451.67 ",$907.83 
,80'S,,16,"$1,726.18 ","$1,380.94 "
,OTHER,,144,"$90,452.22 ","$70,778.79 "
,TOTAL,,165,"$93,630.07 ","$73,067.56 "
53444,SG,,1,$434.20 ,$347.36 
,80'S,,20,"$2,252.55 ","$1,802.04 "
,OTHER,,120,"$83,981.83 ","$66,750.98 "
,TOTAL,,141,"$86,668.58 ","$68,900.38 "
53445,SG,,8,"$2,452.60 ","$1,962.08 "
,80'S,,367,"$48,547.85 ","$38,194.97 "
,OTHER,,"1,912","$1,533,814.77 ","$1,214,360.45 "
,TOTAL,,"2,287","$1,584,815.22 ","$1,254,517.50 "
53446,SG,,27,"$7,762.92 ","$6,210.32 "
,80'S,,74,"$6,729.17 ","$5,383.40 "
,OTHER,,816,"$436,737.57 ","$345,862.68 "
,TOTAL,,917,"$451,229.66 ","$357,456.40 "
53447,SG,,9,"$2,638.83 ","$2,111.06 "
,80'S,,69,"$8,209.11 ","$6,485.89 "
,OTHER,,555,"$407,762.53 ","$322,179.87 "
,TOTAL,,633,"$418,610.47 ","$330,776.82 "
53448,80'S,,9,"$1,832.76 ","$1,466.22 "
,OTHER,,51,"$55,656.62 ","$44,498.13 "
,TOTAL,,60,"$57,489.38 ","$45,964.35 "
53449,SG,,8,"$2,731.34 ","$2,185.07 "
,80'S,,22,"$1,989.89 ","$1,582.30 "
,OTHER,,193,"$102,344.61 ","$80,373.01 "
,TOTAL,,223,"$107,065.84 ","$84,140.38 "
53450,SG,,35,"$8,404.77 ","$6,524.49 "
,OTHER,,183,"$61,649.80 ","$48,791.91 "
,TOTAL,,218,"$70,054.57 ","$55,316.40 "
53460,SG,,3,$986.48 ,$789.19 
,OTHER,,53,"$17,474.35 ","$13,979.47 "
,TOTAL,,56,"$18,460.83 ","$14,768.66 "
53500,80'S,,108,"$8,607.98 ","$6,881.34 "
,OTHER,,847,"$425,150.74 ","$337,301.66 "
,TOTAL,,955,"$433,758.72 ","$344,183.00 "
53502,SG,,4,"$1,541.78 ","$1,233.43 "
,OTHER,,55,"$21,429.11 ","$17,107.62 "
,TOTAL,,59,"$22,970.89 ","$18,341.05 "
53505,80'S,,3,$138.88 ,$111.11 
,OTHER,,60,"$18,662.69 ","$14,892.56 "
,TOTAL,,63,"$18,801.57 ","$15,003.67 "
53510,80'S,,4,$228.98 ,$183.19 
,OTHER,,47,"$19,344.54 ","$15,475.65 "
,TOTAL,,51,"$19,573.52 ","$15,658.84 "
53515,80'S,,4,$363.44 ,$290.76 
,OTHER,,23,"$14,017.89 ","$11,214.32 "
,TOTAL,,27,"$14,381.33 ","$11,505.08 "
53520,SG,,1,$444.66 ,$355.73 
,OTHER,,32,"$13,706.97 ","$10,814.74 "
,TOTAL,,33,"$14,151.63 ","$11,170.47 "
53600,OTHER,,"9,615","$737,474.02 ","$552,277.08 "
,TOTAL,,"9,615","$737,474.02 ","$552,277.08 "
53601,OTHER,,"13,768","$1,124,647.06 ","$827,183.83 "
,TOTAL,,"13,768","$1,124,647.06 ","$827,183.83 "
53605,SG,,56,"$23,694.53 ","$18,934.99 "
,OTHER,,350,"$17,967.73 ","$13,786.91 "
,TOTAL,,406,"$41,662.26 ","$32,721.90 "
53620,OTHER,,"8,777","$961,307.79 ","$737,095.47 "
,TOTAL,,"8,777","$961,307.79 ","$737,095.47 "
53621,OTHER,,"5,642","$654,393.22 ","$485,927.75 "
,TOTAL,,"5,642","$654,393.22 ","$485,927.75 "
53660,OTHER,,"22,740","$1,619,028.40 ","$1,210,982.07 "
,TOTAL,,"22,740","$1,619,028.40 ","$1,210,982.07 "
53661,OTHER,,"37,204","$2,702,709.53 ","$1,965,598.28 "
,TOTAL,,"37,204","$2,702,709.53 ","$1,965,598.28 "
53665,SG,,24,"$7,118.67 ","$5,590.13 "
,OTHER,,168,"$5,512.70 ","$4,103.68 "
,TOTAL,,192,"$12,631.37 ","$9,693.81 "
53850,SG,,2,"$2,605.30 ","$2,084.24 "
,OTHER,,"31,033","$107,893,794.23 ","$85,180,288.12 "
,TOTAL,,"31,035","$107,896,399.53 ","$85,182,372.36 "
53852,OTHER,,"9,409","$31,372,863.31 ","$24,839,191.62 "
,TOTAL,,"9,409","$31,372,863.31 ","$24,839,191.62 "
53853,OTHER,,11,"$13,195.31 ","$10,439.56 "
,TOTAL,,11,"$13,195.31 ","$10,439.56 "
53899,80'S,,40,"$3,268.85 ","$2,615.14 "
,OTHER,,"1,469","$461,224.51 ","$366,629.71 "
,TOTAL,,"1,509","$464,493.36 ","$369,244.85 "
54000,SG,MALE GENITAL,1,$438.13 ,$350.50 
,OTHER,,38,"$3,741.69 ","$2,767.52 "
,TOTAL,,39,"$4,179.82 ","$3,118.02 "
54001,SG,,151,"$62,477.52 ","$49,016.06 "
,OTHER,,"2,081","$273,730.03 ","$211,942.49 "
,TOTAL,,"2,232","$336,207.55 ","$260,958.55 "
54015,SG,,4,"$2,511.20 ","$1,904.15 "
,OTHER,,106,"$28,373.50 ","$22,364.78 "
,TOTAL,,110,"$30,884.70 ","$24,268.93 "
54050,OTHER,,927,"$97,775.46 ","$71,052.73 "
,TOTAL,,927,"$97,775.46 ","$71,052.73 "
54055,OTHER,,719,"$70,357.94 ","$51,223.24 "
,TOTAL,,719,"$70,357.94 ","$51,223.24 "
54056,OTHER,,"3,119","$343,748.42 ","$256,798.44 "
,TOTAL,,"3,119","$343,748.42 ","$256,798.44 "
54057,SG,,34,"$9,704.64 ","$7,658.87 "
,OTHER,,272,"$19,179.99 ","$14,771.88 "
,TOTAL,,306,"$28,884.63 ","$22,430.75 "
54060,SG,,140,"$39,467.42 ","$30,796.80 "
,OTHER,,880,"$115,939.03 ","$89,302.79 "
,TOTAL,,"1,020","$155,406.45 ","$120,099.59 "
54065,SG,,55,"$16,344.42 ","$12,712.75 "
,OTHER,,"1,349","$241,293.28 ","$186,570.78 "
,TOTAL,,"1,404","$257,637.70 ","$199,283.53 "
54100,SG,,108,"$28,006.68 ","$21,938.76 "
,OTHER,,"2,653","$375,178.11 ","$288,609.45 "
,TOTAL,,"2,761","$403,184.79 ","$310,548.21 "
54105,SG,,36,"$9,439.20 ","$7,412.99 "
,OTHER,,283,"$56,236.09 ","$44,474.92 "
,TOTAL,,319,"$65,675.29 ","$51,887.91 "
54110,SG,,6,"$2,453.50 ","$1,962.79 "
,80'S,,6,$328.59 ,$262.88 
,OTHER,,44,"$18,736.05 ","$14,957.41 "
,TOTAL,,56,"$21,518.14 ","$17,183.08 "
54111,SG,,3,"$1,303.14 ","$1,042.51 "
,80'S,,5,$604.20 ,$483.36 
,OTHER,,45,"$30,196.72 ","$23,634.56 "
,TOTAL,,53,"$32,104.06 ","$25,160.43 "
54112,SG,,1,$427.93 ,$342.34 
,80'S,,10,"$1,078.64 ",$862.92 
,OTHER,,45,"$35,548.27 ","$28,438.59 "
,TOTAL,,56,"$37,054.84 ","$29,643.85 "
54115,SG,,2,$639.38 ,$511.51 
,80'S,,3,$195.68 ,$156.54 
,OTHER,,51,"$19,318.96 ","$14,630.47 "
,TOTAL,,56,"$20,154.02 ","$15,298.52 "
54120,SG,,14,"$5,982.27 ","$4,531.72 "
,80'S,,57,"$5,226.64 ","$4,149.99 "
,OTHER,,463,"$260,466.10 ","$205,854.67 "
,TOTAL,,534,"$271,675.01 ","$214,536.38 "
54125,80'S,,25,"$2,939.21 ","$2,351.37 "
,OTHER,,125,"$86,266.63 ","$68,655.57 "
,TOTAL,,150,"$89,205.84 ","$71,006.94 "
54130,OTHER,,13,"$11,587.33 ","$9,269.88 "
,TOTAL,,13,"$11,587.33 ","$9,269.88 "
54135,OTHER,,1,"$1,537.86 ","$1,230.29 "
,TOTAL,,1,"$1,537.86 ","$1,230.29 "
54150,SG,,79,"$24,661.87 ","$19,697.88 "
,OTHER,,163,"$16,374.34 ","$12,876.38 "
,TOTAL,,242,"$41,036.21 ","$32,574.26 "
54160,SG,,4,"$1,554.16 ","$1,243.34 "
,OTHER,,17,"$2,001.10 ","$1,461.54 "
,TOTAL,,21,"$3,555.26 ","$2,704.88 "
54161,SG,,"2,195","$939,154.48 ","$737,455.63 "
,80'S,,2,$45.60 ,$36.48 
,OTHER,,"11,917","$2,046,272.49 ","$1,586,626.39 "
,TOTAL,,"14,114","$2,985,472.57 ","$2,324,118.50 "
54162,SG,,34,"$13,824.48 ","$10,803.43 "
,OTHER,,287,"$55,197.10 ","$43,044.31 "
,TOTAL,,321,"$69,021.58 ","$53,847.74 "
54163,SG,,43,"$18,033.70 ","$13,978.29 "
,OTHER,,181,"$32,740.37 ","$25,464.72 "
,TOTAL,,224,"$50,774.07 ","$39,443.01 "
54164,SG,,10,"$3,611.16 ","$2,833.68 "
,OTHER,,110,"$16,315.77 ","$12,723.83 "
,TOTAL,,120,"$19,926.93 ","$15,557.51 "
54200,OTHER,,"2,478","$254,125.83 ","$190,527.08 "
,TOTAL,,"2,478","$254,125.83 ","$190,527.08 "
54205,SG,,1,$604.48 ,$483.58 
,OTHER,,9,"$3,400.69 ","$2,720.57 "
,TOTAL,,10,"$4,005.17 ","$3,204.15 "
54220,OTHER,,371,"$54,118.79 ","$42,008.40 "
,TOTAL,,371,"$54,118.79 ","$42,008.40 "
54230,OTHER,,111,"$8,577.41 ","$6,694.61 "
,TOTAL,,111,"$8,577.41 ","$6,694.61 "
54231,OTHER,,335,"$44,409.27 ","$33,744.93 "
,TOTAL,,335,"$44,409.27 ","$33,744.93 "
54235,OTHER,,"10,340","$846,298.19 ","$636,403.50 "
,TOTAL,,"10,340","$846,298.19 ","$636,403.50 "
54240,OTHER,,749,"$56,552.63 ","$44,557.64 "
,TOTAL,,749,"$56,552.63 ","$44,557.64 "
54250,OTHER,,692,"$71,136.27 ","$55,862.95 "
,TOTAL,,692,"$71,136.27 ","$55,862.95 "
54300,SG,,6,"$2,621.62 ","$1,992.51 "
,80'S,,4,$244.62 ,$195.69 
,OTHER,,125,"$55,372.94 ","$43,651.88 "
,TOTAL,,135,"$58,239.18 ","$45,840.08 "
54304,OTHER,,14,"$10,279.73 ","$8,223.79 "
,TOTAL,,14,"$10,279.73 ","$8,223.79 "
54308,OTHER,,1,$657.92 ,$526.34 
,TOTAL,,1,$657.92 ,$526.34 
54312,OTHER,,2,"$1,664.46 ","$1,331.57 "
,TOTAL,,2,"$1,664.46 ","$1,331.57 "
54316,OTHER,,1,$922.66 ,$738.13 
,TOTAL,,1,$922.66 ,$738.13 
54318,OTHER,,2,"$1,386.41 ","$1,109.13 "
,TOTAL,,2,"$1,386.41 ","$1,109.13 "
54322,SG,,2,"$1,002.87 ",$802.30 
,OTHER,,14,"$9,513.76 ","$7,001.34 "
,TOTAL,,16,"$10,516.63 ","$7,803.64 "
54324,SG,,1,$490.15 ,$392.12 
,OTHER,,7,"$6,388.44 ","$4,699.00 "
,TOTAL,,8,"$6,878.59 ","$5,091.12 "
54326,SG,,2,"$1,013.54 ",$810.84 
,OTHER,,3,"$1,817.23 ","$1,429.78 "
,TOTAL,,5,"$2,830.77 ","$2,240.62 "
54328,OTHER,,3,"$2,602.88 ","$2,082.31 "
,TOTAL,,3,"$2,602.88 ","$2,082.31 "
54332,OTHER,,3,"$2,377.40 ","$1,901.92 "
,TOTAL,,3,"$2,377.40 ","$1,901.92 "
54340,SG,,1,$506.77 ,$405.42 
,OTHER,,11,"$5,133.80 ","$4,107.06 "
,TOTAL,,12,"$5,640.57 ","$4,512.48 "
54344,80'S,,1,$143.08 ,$114.46 
,OTHER,,3,"$2,756.80 ","$2,205.45 "
,TOTAL,,4,"$2,899.88 ","$2,319.91 "
54348,80'S,,1,$146.38 ,$12.30 
,OTHER,,5,"$4,944.40 ","$3,955.53 "
,TOTAL,,6,"$5,090.78 ","$3,967.83 "
54352,OTHER,,4,"$4,950.75 ","$3,960.60 "
,TOTAL,,4,"$4,950.75 ","$3,960.60 "
54360,SG,,29,"$12,321.32 ","$9,550.04 "
,80'S,,40,"$3,171.99 ","$2,453.86 "
,OTHER,,599,"$286,330.86 ","$225,482.66 "
,TOTAL,,668,"$301,824.17 ","$237,486.56 "
54380,OTHER,,1,$874.75 ,$699.80 
,TOTAL,,1,$874.75 ,$699.80 
54385,OTHER,,1,$800.00 ,$640.00 
,TOTAL,,1,$800.00 ,$640.00 
54400,SG,,7,"$3,336.72 ","$2,669.38 "
,OTHER,,339,"$162,574.10 ","$128,015.58 "
,TOTAL,,346,"$165,910.82 ","$130,684.96 "
54401,SG,,1,$465.50 ,$372.40 
,80'S,,1,$112.64 ,$90.11 
,OTHER,,158,"$96,432.18 ","$75,405.12 "
,TOTAL,,160,"$97,010.32 ","$75,867.63 "
54405,SG,,33,"$16,210.87 ","$12,968.66 "
,80'S,,844,"$101,734.86 ","$80,025.33 "
,OTHER,,"4,591","$3,329,304.33 ","$2,626,743.71 "
,TOTAL,,"5,468","$3,447,250.06 ","$2,719,737.70 "
54406,SG,,28,"$13,773.95 ","$10,614.19 "
,80'S,,78,"$8,308.53 ","$6,638.06 "
,OTHER,,798,"$504,291.88 ","$398,367.17 "
,TOTAL,,904,"$526,374.36 ","$415,619.42 "
54408,SG,,9,"$4,318.78 ","$3,455.02 "
,80'S,,49,"$5,781.70 ","$4,530.17 "
,OTHER,,348,"$238,299.14 ","$188,972.99 "
,TOTAL,,406,"$248,399.62 ","$196,958.18 "
54410,SG,,30,"$14,771.34 ","$11,803.34 "
,80'S,,228,"$31,789.79 ","$25,011.66 "
,OTHER,,"1,366","$1,136,547.99 ","$893,975.77 "
,TOTAL,,"1,624","$1,183,109.12 ","$930,790.77 "
54411,80'S,,18,"$2,743.84 ","$2,195.06 "
,OTHER,,124,"$109,341.49 ","$87,215.93 "
,TOTAL,,142,"$112,085.33 ","$89,410.99 "
54415,SG,,11,"$5,247.59 ","$4,198.07 "
,80'S,,17,"$1,109.97 ",$888.00 
,OTHER,,264,"$117,560.41 ","$93,158.00 "
,TOTAL,,292,"$123,917.97 ","$98,244.07 "
54416,SG,,2,$982.05 ,$749.24 
,80'S,,13,"$1,359.54 ","$1,055.55 "
,OTHER,,133,"$82,981.54 ","$65,350.69 "
,TOTAL,,148,"$85,323.13 ","$67,155.48 "
54417,80'S,,2,$275.99 ,$220.79 
,OTHER,,31,"$26,526.27 ","$21,221.05 "
,TOTAL,,33,"$26,802.26 ","$21,441.84 "
54420,80'S,,1,$107.59 ,$86.07 
,OTHER,,16,"$10,360.40 ","$8,237.65 "
,TOTAL,,17,"$10,467.99 ","$8,323.72 "
54430,80'S,,2,$204.30 ,$163.44 
,OTHER,,56,"$32,256.99 ","$24,753.13 "
,TOTAL,,58,"$32,461.29 ","$24,916.57 "
54435,SG,,1,$581.77 ,$465.42 
,OTHER,,61,"$22,713.25 ","$18,165.42 "
,TOTAL,,62,"$23,295.02 ","$18,630.84 "
54440,80'S,,4,$469.17 ,$375.33 
,OTHER,,83,"$55,169.22 ","$43,128.20 "
,TOTAL,,87,"$55,638.39 ","$43,503.53 "
54450,SG,,22,"$3,498.21 ","$2,798.58 "
,OTHER,,"2,346","$138,255.22 ","$108,531.60 "
,TOTAL,,"2,368","$141,753.43 ","$111,330.18 "
54500,SG,,1,$343.23 ,$274.58 
,OTHER,,23,"$1,315.66 ",$993.20 
,TOTAL,,24,"$1,658.89 ","$1,267.78 "
54505,SG,,12,"$3,037.13 ","$2,429.72 "
,OTHER,,99,"$16,725.54 ","$12,931.06 "
,TOTAL,,111,"$19,762.67 ","$15,360.78 "
54512,SG,,19,"$6,450.10 ","$5,155.66 "
,80'S,,7,$529.49 ,$423.61 
,OTHER,,142,"$66,462.88 ","$51,833.56 "
,TOTAL,,168,"$73,442.47 ","$57,412.83 "
54520,SG,,526,"$244,443.84 ","$193,300.00 "
,80'S,,2,$130.21 ,$104.16 
,OTHER,,"4,026","$1,200,979.06 ","$948,307.25 "
,TOTAL,,"4,554","$1,445,553.11 ","$1,141,711.41 "
54522,SG,,18,"$9,026.11 ","$7,220.89 "
,80'S,,7,$568.41 ,$454.71 
,OTHER,,77,"$40,890.17 ","$31,945.66 "
,TOTAL,,102,"$50,484.69 ","$39,621.26 "
54530,SG,,145,"$87,617.73 ","$69,368.89 "
,80'S,,59,"$4,616.06 ","$3,685.58 "
,OTHER,,"1,387","$696,776.86 ","$549,739.11 "
,TOTAL,,"1,591","$789,010.65 ","$622,793.58 "
54535,80'S,,2,$214.80 ,$171.84 
,OTHER,,27,"$17,470.14 ","$13,414.66 "
,TOTAL,,29,"$17,684.94 ","$13,586.50 "
54550,SG,,1,$608.93 ,$487.14 
,80'S,,3,$149.48 ,$119.58 
,OTHER,,52,"$19,542.77 ","$15,389.20 "
,TOTAL,,56,"$20,301.18 ","$15,995.92 "
54560,80'S,,1,$99.51 ,$79.61 
,OTHER,,6,"$2,880.66 ","$2,304.54 "
,TOTAL,,7,"$2,980.17 ","$2,384.15 "
54600,SG,,2,"$1,269.27 ","$1,015.42 "
,OTHER,,36,"$13,492.18 ","$10,258.79 "
,TOTAL,,38,"$14,761.45 ","$11,274.21 "
54620,OTHER,,23,"$4,038.53 ","$3,230.82 "
,TOTAL,,23,"$4,038.53 ","$3,230.82 "
54640,SG,,24,"$12,419.24 ","$9,935.39 "
,80'S,,3,$200.30 ,$160.24 
,OTHER,,235,"$88,697.28 ","$70,111.11 "
,TOTAL,,262,"$101,316.82 ","$80,206.74 "
54650,OTHER,,10,"$5,536.69 ","$4,429.34 "
,TOTAL,,10,"$5,536.69 ","$4,429.34 "
54660,OTHER,,12,"$3,978.02 ","$3,077.61 "
,TOTAL,,12,"$3,978.02 ","$3,077.61 "
54670,OTHER,,12,"$4,359.33 ","$3,487.45 "
,TOTAL,,12,"$4,359.33 ","$3,487.45 "
54680,80'S,,2,$234.89 ,$187.91 
,OTHER,,29,"$22,265.32 ","$17,753.43 "
,TOTAL,,31,"$22,500.21 ","$17,941.34 "
54690,SG,,1,"$1,300.81 ","$1,040.65 "
,80'S,,3,$241.77 ,$193.41 
,OTHER,,20,"$10,670.91 ","$8,536.73 "
,TOTAL,,24,"$12,213.49 ","$9,770.79 "
54692,OTHER,,2,"$1,106.45 ",$885.16 
,TOTAL,,2,"$1,106.45 ",$885.16 
54699,OTHER,,5,"$2,646.82 ","$2,117.45 "
,TOTAL,,5,"$2,646.82 ","$2,117.45 "
54700,SG,,59,"$24,161.64 ","$19,174.91 "
,OTHER,,"1,618","$290,593.06 ","$226,941.98 "
,TOTAL,,"1,677","$314,754.70 ","$246,116.89 "
54800,OTHER,,10,$791.81 ,$633.45 
,TOTAL,,10,$791.81 ,$633.45 
54830,SG,,63,"$27,242.47 ","$21,427.67 "
,OTHER,,251,"$71,538.43 ","$56,544.77 "
,TOTAL,,314,"$98,780.90 ","$77,972.44 "
54840,SG,,455,"$266,807.48 ","$209,719.61 "
,OTHER,,"1,884","$468,591.06 ","$364,469.59 "
,TOTAL,,"2,339","$735,398.54 ","$574,189.20 "
54860,SG,,126,"$54,782.06 ","$43,215.71 "
,OTHER,,602,"$217,221.34 ","$169,465.85 "
,TOTAL,,728,"$272,003.40 ","$212,681.56 "
54861,SG,,20,"$9,331.81 ","$7,465.47 "
,OTHER,,71,"$34,714.40 ","$27,284.83 "
,TOTAL,,91,"$44,046.21 ","$34,750.30 "
54865,SG,,2,$360.38 ,$288.31 
,OTHER,,28,"$6,460.60 ","$5,168.47 "
,TOTAL,,30,"$6,820.98 ","$5,456.78 "
54901,OTHER,,3,"$2,580.59 ","$2,064.47 "
,TOTAL,,3,"$2,580.59 ","$2,064.47 "
55000,OTHER,,"3,884","$464,855.90 ","$340,707.37 "
,TOTAL,,"3,884","$464,855.90 ","$340,707.37 "
55040,SG,,"1,133","$533,022.52 ","$419,077.99 "
,OTHER,,"6,009","$1,702,542.03 ","$1,331,789.43 "
,TOTAL,,"7,142","$2,235,564.55 ","$1,750,867.42 "
55041,SG,,118,"$83,293.46 ","$65,705.25 "
,OTHER,,673,"$297,257.88 ","$232,923.67 "
,TOTAL,,791,"$380,551.34 ","$298,628.92 "
55060,SG,,161,"$97,581.26 ","$75,948.63 "
,80'S,,3,$162.45 ,$129.96 
,OTHER,,935,"$307,094.11 ","$240,978.01 "
,TOTAL,,"1,099","$404,837.82 ","$317,056.60 "
55100,SG,,26,"$7,237.65 ","$5,723.00 "
,OTHER,,"1,209","$193,457.41 ","$149,775.87 "
,TOTAL,,"1,235","$200,695.06 ","$155,498.87 "
55110,SG,,51,"$15,337.99 ","$11,939.45 "
,OTHER,,730,"$210,645.78 ","$166,579.10 "
,TOTAL,,781,"$225,983.77 ","$178,518.55 "
55120,SG,,10,"$3,648.98 ","$2,919.19 "
,OTHER,,134,"$38,192.49 ","$30,208.93 "
,TOTAL,,144,"$41,841.47 ","$33,128.12 "
55150,SG,,36,"$9,522.20 ","$7,617.77 "
,80'S,,13,$768.42 ,$608.25 
,OTHER,,385,"$149,236.80 ","$118,081.40 "
,TOTAL,,434,"$159,527.42 ","$126,307.42 "
55175,SG,,8,"$1,823.45 ","$1,458.75 "
,80'S,,3,$73.07 ,$58.45 
,OTHER,,142,"$35,601.26 ","$27,372.61 "
,TOTAL,,153,"$37,497.78 ","$28,889.81 "
55180,SG,,7,"$2,467.33 ","$1,869.06 "
,OTHER,,119,"$64,933.68 ","$51,841.57 "
,TOTAL,,126,"$67,401.01 ","$53,710.63 "
55200,SG,,1,$443.45 ,$354.76 
,80'S,,1,$20.28 ,$16.22 
,OTHER,,9,"$4,404.46 ","$3,508.89 "
,TOTAL,,11,"$4,868.19 ","$3,879.87 "
55250,SG,,31,"$11,497.20 ","$8,988.15 "
,80'S,,1,$33.35 ,$26.68 
,OTHER,,116,"$44,515.14 ","$34,355.87 "
,TOTAL,,148,"$56,045.69 ","$43,370.70 "
55300,OTHER,,3,$289.81 ,$231.85 
,TOTAL,,3,$289.81 ,$231.85 
55400,SG,,5,"$2,003.35 ","$1,497.88 "
,80'S,,2,$111.81 ,$89.45 
,OTHER,,13,"$6,089.20 ","$4,474.87 "
,TOTAL,,20,"$8,204.36 ","$6,062.20 "
55450,OTHER,,9,"$2,575.55 ","$1,746.87 "
,TOTAL,,9,"$2,575.55 ","$1,746.87 "
55500,SG,,87,"$36,857.95 ","$29,134.13 "
,80'S,,3,$138.62 ,$110.90 
,OTHER,,454,"$124,100.01 ","$97,173.35 "
,TOTAL,,544,"$161,096.58 ","$126,418.38 "
55520,SG,,806,"$298,850.47 ","$238,780.45 "
,80'S,,87,"$2,866.57 ","$2,269.71 "
,OTHER,,"2,957","$597,840.20 ","$473,169.43 "
,TOTAL,,"3,850","$899,557.24 ","$714,219.59 "
55530,SG,,25,"$15,114.28 ","$11,944.75 "
,OTHER,,117,"$34,156.78 ","$26,519.86 "
,TOTAL,,142,"$49,271.06 ","$38,464.61 "
55535,SG,,5,"$3,120.18 ","$2,496.14 "
,80'S,,2,$121.03 ,$96.82 
,OTHER,,32,"$11,775.08 ","$9,384.41 "
,TOTAL,,39,"$15,016.29 ","$11,977.37 "
55540,SG,,16,"$10,464.07 ","$8,371.26 "
,80'S,,7,$496.48 ,$397.18 
,OTHER,,231,"$97,271.17 ","$76,211.34 "
,TOTAL,,254,"$108,231.72 ","$84,979.78 "
55550,80'S,,1,$60.99 ,$48.79 
,OTHER,,13,"$4,733.06 ","$3,741.28 "
,TOTAL,,14,"$4,794.05 ","$3,790.07 "
55559,OTHER,,15,"$3,054.23 ","$2,153.69 "
,TOTAL,,15,"$3,054.23 ","$2,153.69 "
55600,OTHER,,65,"$27,987.02 ","$21,844.34 "
,TOTAL,,65,"$27,987.02 ","$21,844.34 "
55605,OTHER,,2,$956.36 ,$750.27 
,TOTAL,,2,$956.36 ,$750.27 
55650,80'S,,19,"$1,445.41 ","$1,143.89 "
,OTHER,,47,"$21,447.91 ","$17,080.23 "
,TOTAL,,66,"$22,893.32 ","$18,224.12 "
55680,OTHER,,1,$313.54 ,$250.83 
,TOTAL,,1,$313.54 ,$250.83 
55700,SG,,"24,660","$8,264,376.87 ","$6,467,592.42 "
,OTHER,,"233,744","$49,973,681.72 ","$38,471,116.09 "
,TOTAL,,"258,404","$58,238,058.59 ","$44,938,708.51 "
55705,SG,,23,"$6,469.63 ","$5,175.68 "
,OTHER,,217,"$48,738.12 ","$38,231.14 "
,TOTAL,,240,"$55,207.75 ","$43,406.82 "
55720,SG,,2,$325.97 ,$260.77 
,OTHER,,34,"$14,484.51 ","$10,901.15 "
,TOTAL,,36,"$14,810.48 ","$11,161.92 "
55725,80'S,,2,$172.29 ,$137.83 
,OTHER,,15,"$6,260.97 ","$4,681.29 "
,TOTAL,,17,"$6,433.26 ","$4,819.12 "
55801,80'S,,5,$865.65 ,$692.53 
,OTHER,,14,"$12,793.57 ","$9,623.83 "
,TOTAL,,19,"$13,659.22 ","$10,316.36 "
55810,80'S,,225,"$44,123.71 ","$34,610.06 "
,OTHER,,569,"$635,814.18 ","$498,175.30 "
,TOTAL,,794,"$679,937.89 ","$532,785.36 "
55812,80'S,,8,"$1,969.76 ","$1,575.79 "
,OTHER,,12,"$15,089.69 ","$10,981.70 "
,TOTAL,,20,"$17,059.45 ","$12,557.49 "
55815,80'S,,28,"$7,158.16 ","$5,581.90 "
,OTHER,,68,"$105,088.81 ","$84,071.14 "
,TOTAL,,96,"$112,246.97 ","$89,653.04 "
55821,80'S,,596,"$77,802.75 ","$60,571.04 "
,OTHER,,"1,224","$959,327.81 ","$757,564.23 "
,TOTAL,,"1,820","$1,037,130.56 ","$818,135.27 "
55831,80'S,,422,"$60,115.25 ","$47,380.95 "
,OTHER,,796,"$689,488.20 ","$546,808.70 "
,TOTAL,,"1,218","$749,603.45 ","$594,189.65 "
55840,80'S,,"1,271","$218,418.71 ","$171,063.07 "
,OTHER,,"3,121","$2,913,561.25 ","$2,300,773.84 "
,TOTAL,,"4,392","$3,131,979.96 ","$2,471,836.91 "
55842,80'S,,382,"$80,151.74 ","$62,895.90 "
,OTHER,,781,"$991,821.23 ","$772,037.49 "
,TOTAL,,"1,163","$1,071,972.97 ","$834,933.39 "
55845,80'S,,"4,200","$1,028,485.93 ","$805,780.61 "
,OTHER,,"8,378","$12,246,801.68 ","$9,620,163.29 "
,TOTAL,,"12,578","$13,275,287.61 ","$10,425,943.90 "
55860,OTHER,,281,"$242,529.47 ","$192,511.63 "
,TOTAL,,281,"$242,529.47 ","$192,511.63 "
55862,80'S,,2,$361.95 ,$289.56 
,OTHER,,5,"$4,234.80 ","$3,387.84 "
,TOTAL,,7,"$4,596.75 ","$3,677.40 "
55865,OTHER,,10,"$12,167.55 ","$9,734.05 "
,TOTAL,,10,"$12,167.55 ","$9,734.05 "
55866,80'S,,"4,086","$1,073,719.38 ","$846,710.68 "
,OTHER,,"10,721","$16,603,416.72 ","$13,102,260.29 "
,TOTAL,,"14,807","$17,677,136.10 ","$13,948,970.97 "
55870,OTHER,,26,"$3,822.38 ","$2,738.73 "
,TOTAL,,26,"$3,822.38 ","$2,738.73 "
55873,SG,,3,"$3,819.47 ","$2,019.07 "
,OTHER,,"5,649","$6,147,214.41 ","$4,858,799.40 "
,TOTAL,,"5,652","$6,151,033.88 ","$4,860,818.47 "
55875,SG,,"4,081","$5,474,119.35 ","$4,350,595.42 "
,80'S,,98,"$11,870.75 ","$9,496.71 "
,OTHER,,"20,050","$14,564,650.04 ","$11,509,274.90 "
,TOTAL,,"24,229","$20,050,640.14 ","$15,869,367.03 "
55876,80'S,,1,$8.21 ,$6.57 
,OTHER,,"13,788","$1,816,933.59 ","$1,419,304.81 "
,TOTAL,,"13,789","$1,816,941.80 ","$1,419,311.38 "
55899,80'S,,1,$116.97 ,$93.58 
,OTHER,,719,"$481,478.81 ","$383,826.72 "
,TOTAL,,720,"$481,595.78 ","$383,920.30 "
56405,OTHER,FEMALE GENITAL,"4,780","$464,834.44 ","$346,553.23 "
,TOTAL,,"4,780","$464,834.44 ","$346,553.23 "
56420,OTHER,,"1,718","$191,686.39 ","$140,943.84 "
,TOTAL,,"1,718","$191,686.39 ","$140,943.84 "
56440,SG,,36,"$15,686.77 ","$11,849.95 "
,OTHER,,351,"$55,949.23 ","$43,348.58 "
,TOTAL,,387,"$71,636.00 ","$55,198.53 "
56441,SG,,51,"$13,545.71 ","$10,684.92 "
,80'S,,2,$32.30 ,$25.84 
,OTHER,,392,"$45,060.99 ","$34,912.95 "
,TOTAL,,445,"$58,639.00 ","$45,623.71 "
56442,80'S,,1,$6.86 ,$5.49 
,OTHER,,28,$878.83 ,$634.90 
,TOTAL,,29,$885.69 ,$640.39 
56501,OTHER,,"3,559","$404,666.49 ","$301,332.33 "
,TOTAL,,"3,559","$404,666.49 ","$301,332.33 "
56515,SG,,109,"$53,138.45 ","$41,554.71 "
,OTHER,,"1,760","$322,997.09 ","$250,406.82 "
,TOTAL,,"1,869","$376,135.54 ","$291,961.53 "
56605,OTHER,,"25,344","$1,887,537.29 ","$1,397,312.99 "
,TOTAL,,"25,344","$1,887,537.29 ","$1,397,312.99 "
56606,OTHER,,"4,871","$170,914.70 ","$133,760.44 "
,TOTAL,,"4,871","$170,914.70 ","$133,760.44 "
56620,SG,,151,"$104,701.06 ","$81,831.98 "
,80'S,,76,"$5,090.55 ","$4,035.88 "
,OTHER,,"2,242","$1,030,780.07 ","$812,460.36 "
,TOTAL,,"2,469","$1,140,571.68 ","$898,328.22 "
56625,SG,,1,"$1,153.57 ",$922.86 
,80'S,,13,"$1,181.01 ",$944.80 
,OTHER,,197,"$93,792.89 ","$73,879.13 "
,TOTAL,,211,"$96,127.47 ","$75,746.79 "
56630,80'S,,47,"$5,799.57 ","$4,629.50 "
,OTHER,,738,"$562,222.45 ","$446,737.55 "
,TOTAL,,785,"$568,022.02 ","$451,367.05 "
56631,80'S,,21,"$3,574.50 ","$2,859.60 "
,OTHER,,266,"$263,246.13 ","$209,615.39 "
,TOTAL,,287,"$266,820.63 ","$212,474.99 "
56632,80'S,,27,"$5,070.58 ","$4,056.49 "
,OTHER,,212,"$236,722.33 ","$188,602.68 "
,TOTAL,,239,"$241,792.91 ","$192,659.17 "
56633,80'S,,21,"$3,345.49 ","$2,676.37 "
,OTHER,,158,"$147,772.52 ","$117,085.64 "
,TOTAL,,179,"$151,118.01 ","$119,762.01 "
56634,80'S,,7,"$1,270.07 ",$910.26 
,OTHER,,70,"$70,361.87 ","$55,562.21 "
,TOTAL,,77,"$71,631.94 ","$56,472.47 "
56637,80'S,,29,"$6,086.65 ","$4,869.31 "
,OTHER,,170,"$210,331.59 ","$167,568.36 "
,TOTAL,,199,"$216,418.24 ","$172,437.67 "
56640,80'S,,5,"$1,129.61 ",$903.68 
,OTHER,,28,"$32,181.24 ","$24,868.98 "
,TOTAL,,33,"$33,310.85 ","$25,772.66 "
56700,SG,,5,"$1,133.54 ",$906.83 
,80'S,,2,$51.39 ,$41.11 
,OTHER,,52,"$6,662.49 ","$5,089.30 "
,TOTAL,,59,"$7,847.42 ","$6,037.24 "
56740,SG,,45,"$22,273.44 ","$17,713.98 "
,OTHER,,400,"$101,157.77 ","$79,038.18 "
,TOTAL,,445,"$123,431.21 ","$96,752.16 "
56800,SG,,19,"$8,100.19 ","$6,259.99 "
,80'S,,60,"$1,102.65 ",$872.70 
,OTHER,,298,"$45,581.30 ","$35,730.27 "
,TOTAL,,377,"$54,784.14 ","$42,862.96 "
56805,OTHER,,1,"$1,293.74 ","$1,034.99 "
,TOTAL,,1,"$1,293.74 ","$1,034.99 "
56810,SG,,30,"$20,612.23 ","$15,915.65 "
,80'S,,124,"$2,831.41 ","$2,258.68 "
,OTHER,,751,"$118,886.09 ","$94,020.54 "
,TOTAL,,905,"$142,329.73 ","$112,194.87 "
56820,OTHER,,"4,345","$402,275.71 ","$298,568.13 "
,TOTAL,,"4,345","$402,275.71 ","$298,568.13 "
56821,OTHER,,"2,597","$340,771.68 ","$255,006.43 "
,TOTAL,,"2,597","$340,771.68 ","$255,006.43 "
57000,SG,,3,$652.82 ,$522.26 
,80'S,,2,$41.08 ,$32.87 
,OTHER,,83,"$12,055.46 ","$9,409.31 "
,TOTAL,,88,"$12,749.36 ","$9,964.44 "
57010,SG,,4,"$1,725.12 ","$1,380.09 "
,80'S,,4,$215.50 ,$172.40 
,OTHER,,105,"$36,152.03 ","$28,815.86 "
,TOTAL,,113,"$38,092.65 ","$30,368.35 "
57020,OTHER,,82,"$6,728.52 ","$4,933.34 "
,TOTAL,,82,"$6,728.52 ","$4,933.34 "
57022,OTHER,,7,"$1,051.85 ",$841.48 
,TOTAL,,7,"$1,051.85 ",$841.48 
57023,SG,,3,$957.34 ,$765.87 
,80'S,,1,$44.63 ,$35.70 
,OTHER,,82,"$20,557.05 ","$16,102.48 "
,TOTAL,,86,"$21,559.02 ","$16,904.05 "
57061,OTHER,,"1,985","$194,706.77 ","$145,350.33 "
,TOTAL,,"1,985","$194,706.77 ","$145,350.33 "
57065,SG,,79,"$23,525.98 ","$18,491.69 "
,OTHER,,"1,227","$182,998.47 ","$141,240.77 "
,TOTAL,,"1,306","$206,524.45 ","$159,732.46 "
57100,OTHER,,"5,629","$428,461.71 ","$319,756.58 "
,TOTAL,,"5,629","$428,461.71 ","$319,756.58 "
57105,SG,,41,"$16,493.02 ","$12,836.83 "
,OTHER,,860,"$92,810.02 ","$72,659.16 "
,TOTAL,,901,"$109,303.04 ","$85,495.99 "
57106,80'S,,172,"$7,514.36 ","$6,006.14 "
,OTHER,,"1,110","$327,587.27 ","$258,535.88 "
,TOTAL,,"1,282","$335,101.63 ","$264,542.02 "
57107,80'S,,15,"$2,297.13 ","$1,837.70 "
,OTHER,,122,"$137,231.24 ","$108,863.48 "
,TOTAL,,137,"$139,528.37 ","$110,701.18 "
57109,80'S,,8,"$1,911.16 ","$1,528.93 "
,OTHER,,30,"$35,144.02 ","$27,981.85 "
,TOTAL,,38,"$37,055.18 ","$29,510.78 "
57110,80'S,,177,"$21,878.93 ","$17,503.23 "
,OTHER,,676,"$527,944.12 ","$420,975.68 "
,TOTAL,,853,"$549,823.05 ","$438,478.91 "
57111,80'S,,14,"$3,088.71 ","$2,470.99 "
,OTHER,,42,"$56,538.91 ","$45,036.17 "
,TOTAL,,56,"$59,627.62 ","$47,507.16 "
57112,OTHER,,6,"$8,889.36 ","$7,111.50 "
,TOTAL,,6,"$8,889.36 ","$7,111.50 "
57120,80'S,,600,"$35,058.17 ","$27,687.83 "
,OTHER,,"2,233","$779,497.12 ","$620,311.82 "
,TOTAL,,"2,833","$814,555.29 ","$647,999.65 "
57130,SG,,3,$904.32 ,$723.45 
,80'S,,5,$89.28 ,$71.44 
,OTHER,,74,"$10,214.94 ","$7,743.97 "
,TOTAL,,82,"$11,208.54 ","$8,538.86 "
57135,SG,,151,"$61,794.72 ","$48,552.81 "
,OTHER,,"1,171","$175,523.64 ","$137,043.19 "
,TOTAL,,"1,322","$237,318.36 ","$185,596.00 "
57150,OTHER,,"26,872","$1,494,792.95 ","$1,102,934.68 "
,TOTAL,,"26,872","$1,494,792.95 ","$1,102,934.68 "
57155,SG,,46,"$18,406.84 ","$14,725.47 "
,OTHER,,"4,435","$1,801,002.03 ","$1,433,826.86 "
,TOTAL,,"4,481","$1,819,408.87 ","$1,448,552.33 "
57160,OTHER,,"102,822","$7,115,862.06 ","$5,232,804.45 "
,TOTAL,,"102,822","$7,115,862.06 ","$5,232,804.45 "
57170,OTHER,,97,"$7,206.62 ","$5,277.18 "
,TOTAL,,97,"$7,206.62 ","$5,277.18 "
57180,OTHER,,713,"$91,952.37 ","$71,762.04 "
,TOTAL,,713,"$91,952.37 ","$71,762.04 "
57200,SG,,23,"$6,537.94 ","$5,194.49 "
,80'S,,44,"$1,127.12 ",$901.67 
,OTHER,,374,"$79,895.66 ","$63,500.07 "
,TOTAL,,441,"$87,560.72 ","$69,596.23 "
57210,SG,,4,"$1,572.92 ","$1,153.55 "
,80'S,,44,"$1,441.14 ","$1,074.10 "
,OTHER,,458,"$92,782.66 ","$73,578.32 "
,TOTAL,,506,"$95,796.72 ","$75,805.97 "
57220,SG,,2,$516.65 ,$413.32 
,80'S,,35,$861.64 ,$689.29 
,OTHER,,147,"$22,688.90 ","$18,056.14 "
,TOTAL,,184,"$24,067.19 ","$19,158.75 "
57230,SG,,3,$981.05 ,$784.84 
,80'S,,3,$91.61 ,$73.29 
,OTHER,,59,"$13,222.58 ","$10,410.88 "
,TOTAL,,65,"$14,295.24 ","$11,269.01 "
57240,SG,,276,"$138,779.66 ","$109,183.81 "
,80'S,,"4,726","$282,702.35 ","$223,539.01 "
,OTHER,,"16,464","$5,892,430.72 ","$4,660,933.08 "
,TOTAL,,"21,466","$6,313,912.73 ","$4,993,655.90 "
57250,SG,,64,"$39,016.83 ","$30,399.24 "
,80'S,,"2,682","$180,386.24 ","$142,222.35 "
,OTHER,,"8,752","$3,616,676.63 ","$2,850,907.55 "
,TOTAL,,"11,498","$3,836,079.70 ","$3,023,529.14 "
57260,SG,,92,"$46,803.79 ","$36,790.97 "
,80'S,,"5,463","$414,855.14 ","$327,569.74 "
,OTHER,,"15,224","$6,972,915.85 ","$5,510,178.20 "
,TOTAL,,"20,779","$7,434,574.78 ","$5,874,538.91 "
57265,SG,,19,"$17,747.43 ","$14,197.93 "
,80'S,,"2,293","$267,673.26 ","$211,233.40 "
,OTHER,,"6,481","$4,655,228.86 ","$3,680,385.15 "
,TOTAL,,"8,793","$4,940,649.55 ","$3,905,816.48 "
57267,SG,,76,"$72,102.90 ","$57,606.05 "
,80'S,,"5,276","$214,044.81 ","$169,986.72 "
,OTHER,,"23,016","$5,747,198.80 ","$4,555,527.59 "
,TOTAL,,"28,368","$6,033,346.51 ","$4,783,120.36 "
57268,SG,,14,"$4,805.29 ","$3,844.24 "
,80'S,,474,"$20,092.42 ","$15,837.31 "
,OTHER,,"1,364","$349,118.51 ","$274,326.21 "
,TOTAL,,"1,852","$374,016.22 ","$294,007.76 "
57270,80'S,,104,"$8,142.91 ","$6,514.26 "
,OTHER,,389,"$178,579.00 ","$140,551.15 "
,TOTAL,,493,"$186,721.91 ","$147,065.41 "
57280,80'S,,"1,078","$135,284.23 ","$107,025.75 "
,OTHER,,"2,977","$2,306,576.58 ","$1,821,112.11 "
,TOTAL,,"4,055","$2,441,860.81 ","$1,928,137.86 "
57282,80'S,,"3,530","$138,697.29 ","$109,702.64 "
,OTHER,,"11,430","$2,706,745.83 ","$2,140,371.56 "
,TOTAL,,"14,960","$2,845,443.12 ","$2,250,074.20 "
57283,80'S,,844,"$49,455.24 ","$39,384.31 "
,OTHER,,"2,945","$1,033,448.67 ","$820,553.05 "
,TOTAL,,"3,789","$1,082,903.91 ","$859,937.36 "
57284,80'S,,"1,033","$99,082.71 ","$78,509.22 "
,OTHER,,"3,844","$2,257,145.14 ","$1,788,062.00 "
,TOTAL,,"4,877","$2,356,227.85 ","$1,866,571.22 "
57287,80'S,,177,"$16,383.56 ","$13,101.84 "
,OTHER,,"1,702","$951,723.12 ","$750,829.29 "
,TOTAL,,"1,879","$968,106.68 ","$763,931.13 "
57288,SG,,"1,234","$830,999.94 ","$651,219.85 "
,80'S,,"9,283","$956,141.40 ","$752,212.12 "
,OTHER,,"46,169","$30,925,710.31 ","$24,372,023.65 "
,TOTAL,,"56,686","$32,712,851.65 ","$25,775,455.62 "
57289,SG,,1,$752.30 ,$601.84 
,80'S,,7,$764.83 ,$611.87 
,OTHER,,69,"$41,292.28 ","$32,370.67 "
,TOTAL,,77,"$42,809.41 ","$33,584.38 "
57291,80'S,,5,$320.17 ,$256.14 
,OTHER,,12,"$4,652.32 ","$3,721.85 "
,TOTAL,,17,"$4,972.49 ","$3,977.99 "
57292,80'S,,5,$467.30 ,$373.85 
,OTHER,,50,"$35,660.85 ","$28,423.94 "
,TOTAL,,55,"$36,128.15 ","$28,797.79 "
57295,80'S,,124,"$6,985.57 ","$5,526.86 "
,OTHER,,893,"$334,639.17 ","$263,593.68 "
,TOTAL,,"1,017","$341,624.74 ","$269,120.54 "
57296,80'S,,12,"$1,272.97 ","$1,018.37 "
,OTHER,,39,"$25,147.39 ","$20,109.07 "
,TOTAL,,51,"$26,420.36 ","$21,127.44 "
57300,SG,,7,"$3,379.51 ","$2,598.81 "
,80'S,,31,"$1,789.54 ","$1,428.52 "
,OTHER,,236,"$92,975.58 ","$73,771.46 "
,TOTAL,,274,"$98,144.63 ","$77,798.79 "
57305,80'S,,103,"$8,040.63 ","$6,427.19 "
,OTHER,,332,"$151,727.65 ","$121,272.73 "
,TOTAL,,435,"$159,768.28 ","$127,699.92 "
57307,80'S,,8,"$1,117.61 ",$894.09 
,OTHER,,34,"$20,936.52 ","$16,712.40 "
,TOTAL,,42,"$22,054.13 ","$17,606.49 "
57308,80'S,,10,$762.21 ,$609.77 
,OTHER,,63,"$29,750.92 ","$23,580.78 "
,TOTAL,,73,"$30,513.13 ","$24,190.55 "
57310,80'S,,11,$455.21 ,$364.18 
,OTHER,,51,"$15,513.40 ","$12,410.71 "
,TOTAL,,62,"$15,968.61 ","$12,774.89 "
57311,OTHER,,16,"$6,062.11 ","$4,637.55 "
,TOTAL,,16,"$6,062.11 ","$4,637.55 "
57320,80'S,,17,"$1,271.67 ",$988.35 
,OTHER,,95,"$42,612.97 ","$33,390.07 "
,TOTAL,,112,"$43,884.64 ","$34,378.42 "
57330,80'S,,9,$872.16 ,$697.74 
,OTHER,,27,"$16,189.14 ","$12,895.22 "
,TOTAL,,36,"$17,061.30 ","$13,592.96 "
57335,80'S,,1,$169.88 ,$135.90 
,OTHER,,10,"$9,764.14 ","$7,570.92 "
,TOTAL,,11,"$9,934.02 ","$7,706.82 "
57400,SG,,17,"$6,040.26 ","$4,832.20 "
,80'S,,1,$21.49 ,$17.19 
,OTHER,,123,"$13,415.19 ","$10,482.36 "
,TOTAL,,141,"$19,476.94 ","$15,331.75 "
57410,SG,,292,"$104,600.70 ","$82,372.98 "
,OTHER,,"3,954","$341,223.13 ","$260,444.97 "
,TOTAL,,"4,246","$445,823.83 ","$342,817.95 "
57415,SG,,60,"$24,754.87 ","$19,682.65 "
,80'S,,5,$103.97 ,$83.16 
,OTHER,,585,"$79,042.40 ","$61,221.28 "
,TOTAL,,650,"$103,901.24 ","$80,987.09 "
57420,OTHER,,"5,242","$530,859.97 ","$393,725.90 "
,TOTAL,,"5,242","$530,859.97 ","$393,725.90 "
57421,OTHER,,"4,025","$574,977.41 ","$430,666.79 "
,TOTAL,,"4,025","$574,977.41 ","$430,666.79 "
57425,80'S,,390,"$50,727.36 ","$40,188.25 "
,OTHER,,963,"$768,185.23 ","$607,704.19 "
,TOTAL,,"1,353","$818,912.59 ","$647,892.44 "
57452,OTHER,,"11,842","$1,131,698.56 ","$825,637.46 "
,TOTAL,,"11,842","$1,131,698.56 ","$825,637.46 "
57454,OTHER,,"19,847","$2,900,583.67 ","$2,146,609.20 "
,TOTAL,,"19,847","$2,900,583.67 ","$2,146,609.20 "
57455,OTHER,,"3,048","$396,984.06 ","$291,203.27 "
,TOTAL,,"3,048","$396,984.06 ","$291,203.27 "
57456,OTHER,,"2,910","$360,869.10 ","$264,552.58 "
,TOTAL,,"2,910","$360,869.10 ","$264,552.58 "
57460,OTHER,,"1,375","$333,583.40 ","$255,671.48 "
,TOTAL,,"1,375","$333,583.40 ","$255,671.48 "
57461,OTHER,,772,"$205,206.02 ","$159,391.56 "
,TOTAL,,772,"$205,206.02 ","$159,391.56 "
57500,OTHER,,"7,605","$909,578.90 ","$676,891.10 "
,TOTAL,,"7,605","$909,578.90 ","$676,891.10 "
57505,OTHER,,"3,014","$262,876.97 ","$197,554.67 "
,TOTAL,,"3,014","$262,876.97 ","$197,554.67 "
57510,OTHER,,539,"$63,774.80 ","$49,612.08 "
,TOTAL,,539,"$63,774.80 ","$49,612.08 "
57511,OTHER,,"1,850","$251,640.68 ","$187,617.09 "
,TOTAL,,"1,850","$251,640.68 ","$187,617.09 "
57513,SG,,25,"$10,379.46 ","$7,634.91 "
,OTHER,,265,"$28,836.46 ","$21,620.64 "
,TOTAL,,290,"$39,215.92 ","$29,255.55 "
57520,SG,,178,"$73,550.76 ","$56,831.00 "
,OTHER,,"2,040","$506,819.85 ","$396,310.56 "
,TOTAL,,"2,218","$580,370.61 ","$453,141.56 "
57522,SG,,331,"$132,832.20 ","$103,802.08 "
,OTHER,,"2,734","$605,692.77 ","$467,315.67 "
,TOTAL,,"3,065","$738,524.97 ","$571,117.75 "
57530,SG,,2,$742.16 ,$593.73 
,80'S,,38,"$1,342.32 ","$1,073.88 "
,OTHER,,149,"$29,183.92 ","$22,928.01 "
,TOTAL,,189,"$31,268.40 ","$24,595.62 "
57531,80'S,,3,$821.60 ,$657.28 
,OTHER,,10,"$15,935.29 ","$12,748.23 "
,TOTAL,,13,"$16,756.89 ","$13,405.51 "
57540,80'S,,5,$342.00 ,$273.60 
,OTHER,,20,"$10,691.63 ","$8,553.29 "
,TOTAL,,25,"$11,033.63 ","$8,826.89 "
57545,80'S,,1,$73.77 ,$59.02 
,OTHER,,5,"$2,543.33 ","$1,929.86 "
,TOTAL,,6,"$2,617.10 ","$1,988.88 "
57550,80'S,,6,$316.54 ,$253.23 
,OTHER,,31,"$9,840.04 ","$7,499.23 "
,TOTAL,,37,"$10,156.58 ","$7,752.46 "
57555,80'S,,6,$492.19 ,$393.76 
,OTHER,,24,"$11,594.35 ","$9,170.65 "
,TOTAL,,30,"$12,086.54 ","$9,564.41 "
57556,80'S,,30,"$1,778.17 ","$1,422.50 "
,OTHER,,103,"$33,505.59 ","$26,433.88 "
,TOTAL,,133,"$35,283.76 ","$27,856.38 "
57558,SG,,5,"$2,535.32 ","$2,028.26 "
,OTHER,,74,"$7,037.58 ","$5,551.63 "
,TOTAL,,79,"$9,572.90 ","$7,579.89 "
57700,OTHER,,15,"$3,237.91 ","$2,575.93 "
,TOTAL,,15,"$3,237.91 ","$2,575.93 "
57720,SG,,3,$989.10 ,$791.29 
,80'S,,1,$24.79 ,$19.83 
,OTHER,,31,"$6,832.50 ","$5,331.77 "
,TOTAL,,35,"$7,846.39 ","$6,142.89 "
57800,OTHER,,702,"$37,755.67 ","$28,088.53 "
,TOTAL,,702,"$37,755.67 ","$28,088.53 "
58100,OTHER,,"72,826","$7,471,037.94 ","$5,608,285.53 "
,TOTAL,,"72,826","$7,471,037.94 ","$5,608,285.53 "
58110,OTHER,,523,"$24,481.36 ","$19,305.02 "
,TOTAL,,523,"$24,481.36 ","$19,305.02 "
58120,SG,,"1,071","$457,135.01 ","$360,527.54 "
,OTHER,,"13,873","$2,741,855.03 ","$2,150,462.26 "
,TOTAL,,"14,944","$3,198,990.04 ","$2,510,989.80 "
58140,80'S,,69,"$8,830.77 ","$6,808.91 "
,OTHER,,244,"$179,476.32 ","$141,583.69 "
,TOTAL,,313,"$188,307.09 ","$148,392.60 "
58145,SG,,6,"$4,207.76 ","$3,366.21 "
,80'S,,10,$722.63 ,$578.10 
,OTHER,,152,"$73,868.18 ","$58,764.99 "
,TOTAL,,168,"$78,798.57 ","$62,709.30 "
58146,80'S,,14,"$2,381.40 ","$1,905.11 "
,OTHER,,66,"$72,112.82 ","$57,484.94 "
,TOTAL,,80,"$74,494.22 ","$59,390.05 "
58150,80'S,,"7,219","$1,039,665.45 ","$817,160.66 "
,OTHER,,"19,403","$16,753,810.73 ","$13,235,366.78 "
,TOTAL,,"26,622","$17,793,476.18 ","$14,052,527.44 "
58152,80'S,,209,"$38,016.92 ","$29,906.51 "
,OTHER,,499,"$552,854.08 ","$435,617.05 "
,TOTAL,,708,"$590,871.00 ","$465,523.56 "
58180,80'S,,430,"$57,549.97 ","$45,125.93 "
,OTHER,,"1,192","$971,149.20 ","$768,550.94 "
,TOTAL,,"1,622","$1,028,699.17 ","$813,676.87 "
58200,80'S,,405,"$79,238.67 ","$62,397.62 "
,OTHER,,"2,157","$2,491,937.34 ","$1,979,565.88 "
,TOTAL,,"2,562","$2,571,176.01 ","$2,041,963.50 "
58210,80'S,,658,"$174,287.77 ","$139,062.57 "
,OTHER,,"3,971","$6,168,241.78 ","$4,913,603.83 "
,TOTAL,,"4,629","$6,342,529.55 ","$5,052,666.40 "
58240,80'S,,48,"$19,504.12 ","$15,576.04 "
,OTHER,,163,"$375,404.90 ","$300,259.97 "
,TOTAL,,211,"$394,909.02 ","$315,836.01 "
58260,80'S,,"3,830","$451,024.07 ","$353,317.30 "
,OTHER,,"8,532","$6,091,399.26 ","$4,811,886.65 "
,TOTAL,,"12,362","$6,542,423.33 ","$5,165,203.95 "
58262,80'S,,"1,587","$214,216.61 ","$168,267.95 "
,OTHER,,"3,872","$3,166,194.60 ","$2,498,985.60 "
,TOTAL,,"5,459","$3,380,411.21 ","$2,667,253.55 "
58263,80'S,,411,"$60,761.68 ","$48,116.17 "
,OTHER,,973,"$890,806.33 ","$705,131.47 "
,TOTAL,,"1,384","$951,568.01 ","$753,247.64 "
58267,80'S,,97,"$14,337.62 ","$11,200.27 "
,OTHER,,218,"$207,368.42 ","$162,440.19 "
,TOTAL,,315,"$221,706.04 ","$173,640.46 "
58270,80'S,,416,"$54,314.35 ","$42,957.34 "
,OTHER,,"1,023","$811,190.40 ","$642,397.66 "
,TOTAL,,"1,439","$865,504.75 ","$685,355.00 "
58275,80'S,,29,"$4,500.19 ","$3,600.17 "
,OTHER,,120,"$113,669.15 ","$90,848.49 "
,TOTAL,,149,"$118,169.34 ","$94,448.66 "
58280,80'S,,56,"$9,162.08 ","$7,198.33 "
,OTHER,,145,"$143,696.54 ","$113,232.95 "
,TOTAL,,201,"$152,858.62 ","$120,431.28 "
58285,80'S,,4,$821.01 ,$656.80 
,OTHER,,29,"$23,440.19 ","$18,752.18 "
,TOTAL,,33,"$24,261.20 ","$19,408.98 "
58290,80'S,,51,"$9,032.84 ","$7,126.67 "
,OTHER,,159,"$169,650.69 ","$132,448.35 "
,TOTAL,,210,"$178,683.53 ","$139,575.02 "
58291,80'S,,29,"$5,282.01 ","$4,188.26 "
,OTHER,,92,"$104,654.43 ","$82,772.28 "
,TOTAL,,121,"$109,936.44 ","$86,960.54 "
58292,80'S,,16,"$3,146.94 ","$2,517.54 "
,OTHER,,50,"$58,147.87 ","$45,736.23 "
,TOTAL,,66,"$61,294.81 ","$48,253.77 "
58293,80'S,,4,$850.99 ,$575.99 
,OTHER,,16,"$20,289.68 ","$15,379.87 "
,TOTAL,,20,"$21,140.67 ","$15,955.86 "
58294,80'S,,11,"$2,026.59 ","$1,562.85 "
,OTHER,,38,"$41,189.04 ","$32,677.28 "
,TOTAL,,49,"$43,215.63 ","$34,240.13 "
58300,OTHER,,1,$1.00 ,$0.80 
,TOTAL,,1,$1.00 ,$0.80 
58301,OTHER,,855,"$68,418.98 ","$48,207.91 "
,TOTAL,,855,"$68,418.98 ","$48,207.91 "
58321,OTHER,,1,$90.95 ,$72.76 
,TOTAL,,1,$90.95 ,$72.76 
58322,OTHER,,59,"$4,896.14 ","$3,552.57 "
,TOTAL,,59,"$4,896.14 ","$3,552.57 "
58323,OTHER,,23,$335.18 ,$268.14 
,TOTAL,,23,$335.18 ,$268.14 
58340,OTHER,,"7,119","$906,746.44 ","$691,781.00 "
,TOTAL,,"7,119","$906,746.44 ","$691,781.00 "
58345,OTHER,,12,"$2,368.95 ","$1,609.40 "
,TOTAL,,12,"$2,368.95 ","$1,609.40 "
58346,OTHER,,35,"$14,252.48 ","$11,297.15 "
,TOTAL,,35,"$14,252.48 ","$11,297.15 "
58350,SG,,11,"$3,033.77 ","$2,427.02 "
,OTHER,,125,"$4,854.27 ","$3,838.60 "
,TOTAL,,136,"$7,888.04 ","$6,265.62 "
58353,SG,,46,"$42,644.11 ","$30,110.85 "
,80'S,,7,$201.52 ,$161.22 
,OTHER,,657,"$159,170.68 ","$123,225.26 "
,TOTAL,,710,"$202,016.31 ","$153,497.33 "
58356,OTHER,,126,"$263,423.21 ","$196,995.28 "
,TOTAL,,126,"$263,423.21 ","$196,995.28 "
58400,80'S,,70,"$2,267.20 ","$1,788.26 "
,OTHER,,237,"$53,333.41 ","$41,425.61 "
,TOTAL,,307,"$55,600.61 ","$43,213.87 "
58410,80'S,,3,$363.00 ,$191.18 
,OTHER,,5,"$3,452.05 ","$2,761.64 "
,TOTAL,,8,"$3,815.05 ","$2,952.82 "
58520,80'S,,5,$541.75 ,$433.41 
,OTHER,,18,"$9,424.74 ","$7,539.80 "
,TOTAL,,23,"$9,966.49 ","$7,973.21 "
58540,OTHER,,1,$856.74 ,$685.39 
,TOTAL,,1,$856.74 ,$685.39 
58541,80'S,,158,"$19,115.26 ","$14,895.14 "
,OTHER,,351,"$251,722.34 ","$198,317.94 "
,TOTAL,,509,"$270,837.60 ","$213,213.08 "
58542,80'S,,237,"$30,655.70 ","$23,935.79 "
,OTHER,,583,"$460,263.50 ","$356,998.25 "
,TOTAL,,820,"$490,919.20 ","$380,934.04 "
58543,80'S,,26,"$3,714.77 ","$2,875.13 "
,OTHER,,63,"$55,111.95 ","$43,961.33 "
,TOTAL,,89,"$58,826.72 ","$46,836.46 "
58544,80'S,,27,"$4,117.35 ","$3,189.08 "
,OTHER,,69,"$63,052.02 ","$49,006.85 "
,TOTAL,,96,"$67,169.37 ","$52,195.93 "
58545,SG,,10,"$13,645.04 ","$10,811.23 "
,80'S,,27,"$3,649.20 ","$2,725.70 "
,OTHER,,141,"$115,636.09 ","$90,236.77 "
,TOTAL,,178,"$132,930.33 ","$103,773.70 "
58546,80'S,,2,$345.40 ,$276.32 
,OTHER,,10,"$11,346.38 ","$9,077.12 "
,TOTAL,,12,"$11,691.78 ","$9,353.44 "
58548,80'S,,171,"$46,795.63 ","$37,331.78 "
,OTHER,,756,"$1,200,801.95 ","$957,881.67 "
,TOTAL,,927,"$1,247,597.58 ","$995,213.45 "
58550,SG,,13,"$16,844.06 ","$13,475.24 "
,80'S,,566,"$73,200.30 ","$57,134.39 "
,OTHER,,"1,315","$1,030,012.83 ","$801,325.68 "
,TOTAL,,"1,894","$1,120,057.19 ","$871,935.31 "
58552,80'S,,"1,999","$288,194.20 ","$225,507.09 "
,OTHER,,"5,085","$4,469,456.19 ","$3,519,898.48 "
,TOTAL,,"7,084","$4,757,650.39 ","$3,745,405.57 "
58553,80'S,,35,"$6,114.59 ","$4,891.68 "
,OTHER,,98,"$101,970.21 ","$79,334.10 "
,TOTAL,,133,"$108,084.80 ","$84,225.78 "
58554,80'S,,98,"$19,620.28 ","$15,056.76 "
,OTHER,,354,"$430,629.86 ","$338,531.52 "
,TOTAL,,452,"$450,250.14 ","$353,588.28 "
58555,SG,,180,"$36,743.74 ","$28,994.80 "
,80'S,,5,$119.68 ,$95.73 
,OTHER,,"1,899","$300,741.61 ","$233,046.19 "
,TOTAL,,"2,084","$337,605.03 ","$262,136.72 "
58558,SG,,"4,984","$2,476,642.09 ","$1,954,093.64 "
,80'S,,2,$66.76 ,$53.41 
,OTHER,,"36,145","$9,149,609.93 ","$7,186,078.39 "
,TOTAL,,"41,131","$11,626,318.78 ","$9,140,225.44 "
58559,SG,,12,"$3,431.84 ","$2,745.46 "
,OTHER,,169,"$47,335.25 ","$37,424.83 "
,TOTAL,,181,"$50,767.09 ","$40,170.29 "
58560,SG,,2,$795.33 ,$636.27 
,80'S,,6,$212.33 ,$169.87 
,OTHER,,61,"$21,957.42 ","$17,356.30 "
,TOTAL,,69,"$22,965.08 ","$18,162.44 "
58561,SG,,133,"$58,493.92 ","$45,566.28 "
,80'S,,7,$433.48 ,$346.78 
,OTHER,,"1,003","$534,276.96 ","$422,574.56 "
,TOTAL,,"1,143","$593,204.36 ","$468,487.62 "
58562,SG,,3,"$1,533.87 ","$1,227.10 "
,OTHER,,70,"$19,986.35 ","$15,779.24 "
,TOTAL,,73,"$21,520.22 ","$17,006.34 "
58563,SG,,457,"$583,932.66 ","$449,523.07 "
,80'S,,8,$326.64 ,$261.31 
,OTHER,,"4,931","$2,132,581.36 ","$1,645,833.74 "
,TOTAL,,"5,396","$2,716,840.66 ","$2,095,618.12 "
58565,SG,,7,"$8,584.48 ","$6,867.58 "
,OTHER,,166,"$110,842.59 ","$82,306.74 "
,TOTAL,,173,"$119,427.07 ","$89,174.32 "
58578,80'S,,33,"$4,557.58 ","$3,427.27 "
,OTHER,,195,"$149,958.76 ","$117,956.19 "
,TOTAL,,228,"$154,516.34 ","$121,383.46 "
58579,80'S,,1,$66.81 ,$53.45 
,OTHER,,11,"$3,338.50 ","$2,670.78 "
,TOTAL,,12,"$3,405.31 ","$2,724.23 "
58600,80'S,,3,$143.42 ,$114.74 
,OTHER,,32,"$9,324.65 ","$7,250.12 "
,TOTAL,,35,"$9,468.07 ","$7,364.86 "
58605,OTHER,,60,"$15,022.86 ","$11,832.70 "
,TOTAL,,60,"$15,022.86 ","$11,832.70 "
58611,80'S,,15,$177.21 ,$141.77 
,OTHER,,157,"$11,163.38 ","$8,796.15 "
,TOTAL,,172,"$11,340.59 ","$8,937.92 "
58615,OTHER,,4,$612.10 ,$489.67 
,TOTAL,,4,$612.10 ,$489.67 
58660,SG,,123,"$83,956.74 ","$66,137.88 "
,80'S,,255,"$21,777.84 ","$16,959.56 "
,OTHER,,"2,024","$1,094,838.16 ","$859,410.97 "
,TOTAL,,"2,402","$1,200,572.74 ","$942,508.41 "
58661,SG,,306,"$207,168.31 ","$160,493.04 "
,80'S,,"1,899","$175,819.48 ","$138,656.81 "
,OTHER,,"8,319","$4,723,921.42 ","$3,723,275.46 "
,TOTAL,,"10,524","$5,106,909.21 ","$4,022,425.31 "
58662,SG,,185,"$123,664.00 ","$95,629.23 "
,80'S,,201,"$19,813.40 ","$15,764.09 "
,OTHER,,"1,587","$977,816.06 ","$764,339.10 "
,TOTAL,,"1,973","$1,121,293.46 ","$875,732.42 "
58670,SG,,75,"$35,682.86 ","$27,279.91 "
,OTHER,,429,"$138,381.29 ","$106,964.36 "
,TOTAL,,504,"$174,064.15 ","$134,244.27 "
58671,SG,,46,"$21,476.57 ","$16,965.36 "
,OTHER,,302,"$95,623.58 ","$72,601.34 "
,TOTAL,,348,"$117,100.15 ","$89,566.70 "
58672,SG,,3,"$1,628.97 ","$1,303.17 "
,80'S,,1,$107.29 ,$85.83 
,OTHER,,7,"$5,418.13 ","$4,334.51 "
,TOTAL,,11,"$7,154.39 ","$5,723.51 "
58673,SG,,1,$341.45 ,$273.16 
,80'S,,7,$869.25 ,$695.40 
,OTHER,,34,"$25,434.41 ","$19,587.31 "
,TOTAL,,42,"$26,645.11 ","$20,555.87 "
58679,80'S,,2,$112.59 ,$90.08 
,OTHER,,18,"$8,219.24 ","$6,568.37 "
,TOTAL,,20,"$8,331.83 ","$6,658.45 "
58700,80'S,,65,"$5,436.82 ","$4,210.42 "
,OTHER,,320,"$169,243.50 ","$134,072.22 "
,TOTAL,,385,"$174,680.32 ","$138,282.64 "
58720,80'S,,"1,771","$161,589.22 ","$127,338.24 "
,OTHER,,"6,540","$3,523,784.11 ","$2,790,457.47 "
,TOTAL,,"8,311","$3,685,373.33 ","$2,917,795.71 "
58740,80'S,,162,"$17,429.21 ","$13,932.23 "
,OTHER,,576,"$373,938.43 ","$297,459.40 "
,TOTAL,,738,"$391,367.64 ","$311,391.63 "
58750,80'S,,2,$211.95 ,$169.56 
,OTHER,,5,"$3,702.30 ","$2,961.85 "
,TOTAL,,7,"$3,914.25 ","$3,131.41 "
58752,OTHER,,3,"$1,877.04 ","$1,501.64 "
,TOTAL,,3,"$1,877.04 ","$1,501.64 "
58760,80'S,,2,$130.92 ,$104.74 
,OTHER,,4,"$2,400.87 ","$1,920.69 "
,TOTAL,,6,"$2,531.79 ","$2,025.43 "
58770,80'S,,3,$371.82 ,$297.45 
,OTHER,,6,"$4,747.11 ","$3,797.69 "
,TOTAL,,9,"$5,118.93 ","$4,095.14 "
58800,OTHER,,44,"$10,184.59 ","$7,950.56 "
,TOTAL,,44,"$10,184.59 ","$7,950.56 "
58805,80'S,,6,$282.18 ,$225.74 
,OTHER,,85,"$23,555.33 ","$18,456.81 "
,TOTAL,,91,"$23,837.51 ","$18,682.55 "
58820,OTHER,,9,"$2,073.81 ","$1,659.05 "
,TOTAL,,9,"$2,073.81 ","$1,659.05 "
58822,80'S,,3,$212.59 ,$170.07 
,OTHER,,23,"$10,259.00 ","$8,028.24 "
,TOTAL,,26,"$10,471.59 ","$8,198.31 "
58823,80'S,,8,$129.83 ,$103.86 
,OTHER,,549,"$90,339.32 ","$71,396.60 "
,TOTAL,,557,"$90,469.15 ","$71,500.46 "
58825,80'S,,1,$50.14 ,$40.11 
,OTHER,,10,"$3,767.09 ","$3,013.68 "
,TOTAL,,11,"$3,817.23 ","$3,053.79 "
58900,80'S,,4,$117.56 ,$94.05 
,OTHER,,59,"$15,674.68 ","$11,981.31 "
,TOTAL,,63,"$15,792.24 ","$12,075.36 "
58920,80'S,,7,$603.17 ,$482.54 
,OTHER,,32,"$14,636.24 ","$11,709.00 "
,TOTAL,,39,"$15,239.41 ","$12,191.54 "
58925,80'S,,131,"$11,558.64 ","$8,985.77 "
,OTHER,,653,"$348,584.33 ","$275,150.53 "
,TOTAL,,784,"$360,142.97 ","$284,136.30 "
58940,80'S,,556,"$30,910.47 ","$24,492.57 "
,OTHER,,"2,175","$689,693.97 ","$548,701.68 "
,TOTAL,,"2,731","$720,604.44 ","$573,194.25 "
58943,80'S,,75,"$11,905.99 ","$9,524.80 "
,OTHER,,355,"$331,349.18 ","$264,088.53 "
,TOTAL,,430,"$343,255.17 ","$273,613.33 "
58950,80'S,,115,"$16,361.40 ","$13,089.13 "
,OTHER,,557,"$487,559.49 ","$388,166.25 "
,TOTAL,,672,"$503,920.89 ","$401,255.38 "
58951,80'S,,147,"$30,505.78 ","$24,371.62 "
,OTHER,,844,"$1,030,235.13 ","$821,872.16 "
,TOTAL,,991,"$1,060,740.91 ","$846,243.78 "
58952,80'S,,199,"$45,192.19 ","$35,952.07 "
,OTHER,,"1,251","$1,642,998.86 ","$1,309,629.58 "
,TOTAL,,"1,450","$1,688,191.05 ","$1,345,581.65 "
58953,80'S,,183,"$52,795.43 ","$42,026.79 "
,OTHER,,"1,450","$2,496,142.02 ","$1,991,404.58 "
,TOTAL,,"1,633","$2,548,937.45 ","$2,033,431.37 "
58954,80'S,,202,"$64,126.92 ","$51,189.40 "
,OTHER,,"1,237","$2,313,880.45 ","$1,847,381.43 "
,TOTAL,,"1,439","$2,378,007.37 ","$1,898,570.83 "
58956,80'S,,107,"$21,073.79 ","$16,859.05 "
,OTHER,,589,"$713,487.07 ","$568,537.93 "
,TOTAL,,696,"$734,560.86 ","$585,396.98 "
58957,80'S,,116,"$22,649.59 ","$18,089.24 "
,OTHER,,598,"$709,085.60 ","$563,672.47 "
,TOTAL,,714,"$731,735.19 ","$581,761.71 "
58958,80'S,,22,"$5,029.80 ","$4,023.85 "
,OTHER,,119,"$160,781.66 ","$127,807.89 "
,TOTAL,,141,"$165,811.46 ","$131,831.74 "
58960,80'S,,98,"$11,434.84 ","$9,147.83 "
,OTHER,,469,"$330,702.54 ","$263,315.90 "
,TOTAL,,567,"$342,137.38 ","$272,463.73 "
58970,SG,,2,$512.74 ,$360.70 
,OTHER,,4,$843.97 ,$579.17 
,TOTAL,,6,"$1,356.71 ",$939.87 
58974,SG,,2,$512.74 ,$410.20 
,OTHER,,2,$339.37 ,$215.85 
,TOTAL,,4,$852.11 ,$626.05 
58999,80'S,,11,$913.48 ,$730.77 
,OTHER,,641,"$169,018.67 ","$134,866.39 "
,TOTAL,,652,"$169,932.15 ","$135,597.16 "
59000,OTHER,MATERNITY,738,"$75,179.53 ","$57,411.30 "
,TOTAL,,738,"$75,179.53 ","$57,411.30 "
59001,OTHER,,14,"$2,001.52 ","$1,496.40 "
,TOTAL,,14,"$2,001.52 ","$1,496.40 "
59012,OTHER,,1,$197.91 ,$91.02 
,TOTAL,,1,$197.91 ,$91.02 
59015,OTHER,,42,"$5,819.12 ","$4,273.66 "
,TOTAL,,42,"$5,819.12 ","$4,273.66 "
59020,OTHER,,106,"$4,203.30 ","$3,285.41 "
,TOTAL,,106,"$4,203.30 ","$3,285.41 "
59025,OTHER,,"15,840","$526,010.64 ","$397,626.38 "
,TOTAL,,"15,840","$526,010.64 ","$397,626.38 "
59030,OTHER,,1,$110.42 ,
,TOTAL,,1,$110.42 ,
59050,OTHER,,11,$550.77 ,$440.62 
,TOTAL,,11,$550.77 ,$440.62 
59051,OTHER,,73,"$2,864.24 ","$2,218.79 "
,TOTAL,,73,"$2,864.24 ","$2,218.79 "
59070,OTHER,,2,$268.45 ,$214.76 
,TOTAL,,2,$268.45 ,$214.76 
59074,OTHER,,3,$787.88 ,$630.30 
,TOTAL,,3,$787.88 ,$630.30 
59076,OTHER,,1,$416.48 ,$333.18 
,TOTAL,,1,$416.48 ,$333.18 
59100,80'S,,3,$369.73 ,$295.79 
,OTHER,,10,"$7,174.88 ","$5,739.90 "
,TOTAL,,13,"$7,544.61 ","$6,035.69 "
59120,80'S,,8,$963.33 ,$770.67 
,OTHER,,69,"$48,120.60 ","$38,297.48 "
,TOTAL,,77,"$49,083.93 ","$39,068.15 "
59121,80'S,,2,$225.38 ,$180.30 
,OTHER,,9,"$6,087.32 ","$4,853.92 "
,TOTAL,,11,"$6,312.70 ","$5,034.22 "
59136,OTHER,,2,$262.00 ,$209.60 
,TOTAL,,2,$262.00 ,$209.60 
59150,80'S,,6,$737.52 ,$474.22 
,OTHER,,26,"$17,719.78 ","$14,114.93 "
,TOTAL,,32,"$18,457.30 ","$14,589.15 "
59151,80'S,,8,$920.08 ,$637.61 
,OTHER,,100,"$69,135.03 ","$54,780.83 "
,TOTAL,,108,"$70,055.11 ","$55,418.44 "
59160,OTHER,,88,"$13,996.64 ","$11,090.98 "
,TOTAL,,88,"$13,996.64 ","$11,090.98 "
59200,OTHER,,267,"$15,853.35 ","$11,836.82 "
,TOTAL,,267,"$15,853.35 ","$11,836.82 "
59300,OTHER,,28,"$3,043.82 ","$2,187.41 "
,TOTAL,,28,"$3,043.82 ","$2,187.41 "
59320,SG,,2,$652.63 ,$417.30 
,80'S,,3,$75.96 ,$60.77 
,OTHER,,123,"$18,229.12 ","$14,014.10 "
,TOTAL,,128,"$18,957.71 ","$14,492.17 "
59325,OTHER,,2,$363.90 ,$291.12 
,TOTAL,,2,$363.90 ,$291.12 
59350,80'S,,1,$20.23 ,$16.18 
,OTHER,,3,$528.97 ,$423.17 
,TOTAL,,4,$549.20 ,$439.35 
59400,OTHER,,"3,720","$6,037,688.28 ","$4,716,588.95 "
,TOTAL,,"3,720","$6,037,688.28 ","$4,716,588.95 "
59409,OTHER,,"1,448","$1,089,715.62 ","$859,822.93 "
,TOTAL,,"1,448","$1,089,715.62 ","$859,822.93 "
59410,OTHER,,"1,180","$1,002,968.00 ","$787,509.42 "
,TOTAL,,"1,180","$1,002,968.00 ","$787,509.42 "
59412,OTHER,,25,"$2,589.80 ","$2,062.05 "
,TOTAL,,25,"$2,589.80 ","$2,062.05 "
59414,OTHER,,33,"$2,767.14 ","$1,980.66 "
,TOTAL,,33,"$2,767.14 ","$1,980.66 "
59425,OTHER,,"1,216","$263,437.65 ","$203,480.61 "
,TOTAL,,"1,216","$263,437.65 ","$203,480.61 "
59426,OTHER,,"1,664","$556,569.22 ","$432,253.26 "
,TOTAL,,"1,664","$556,569.22 ","$432,253.26 "
59430,OTHER,,"1,208","$143,547.43 ","$104,519.64 "
,TOTAL,,"1,208","$143,547.43 ","$104,519.64 "
59510,80'S,,4,"$1,083.73 ",$866.98 
,OTHER,,"2,927","$5,449,105.55 ","$4,261,703.38 "
,TOTAL,,"2,931","$5,450,189.28 ","$4,262,570.36 "
59514,80'S,,"1,176","$164,945.16 ","$128,360.61 "
,OTHER,,"1,124","$937,486.43 ","$740,680.40 "
,TOTAL,,"2,300","$1,102,431.59 ","$869,041.01 "
59515,OTHER,,"1,051","$1,084,082.58 ","$857,189.03 "
,TOTAL,,"1,051","$1,084,082.58 ","$857,189.03 "
59525,80'S,,3,$214.23 ,$165.69 
,OTHER,,12,"$5,634.83 ","$4,233.82 "
,TOTAL,,15,"$5,849.06 ","$4,399.51 "
59610,OTHER,,56,"$95,307.30 ","$74,089.46 "
,TOTAL,,56,"$95,307.30 ","$74,089.46 "
59612,OTHER,,44,"$37,792.97 ","$29,591.88 "
,TOTAL,,44,"$37,792.97 ","$29,591.88 "
59614,OTHER,,32,"$30,018.62 ","$23,647.61 "
,TOTAL,,32,"$30,018.62 ","$23,647.61 "
59618,OTHER,,14,"$27,650.57 ","$22,113.30 "
,TOTAL,,14,"$27,650.57 ","$22,113.30 "
59620,80'S,,5,$758.40 ,$606.71 
,OTHER,,6,"$5,879.03 ","$4,703.22 "
,TOTAL,,11,"$6,637.43 ","$5,309.93 "
59622,80'S,,1,$185.21 ,$43.37 
,OTHER,,5,"$5,532.87 ","$4,426.30 "
,TOTAL,,6,"$5,718.08 ","$4,469.67 "
59812,SG,,16,"$11,259.45 ","$9,007.58 "
,OTHER,,406,"$109,068.04 ","$85,452.53 "
,TOTAL,,422,"$120,327.49 ","$94,460.11 "
59820,SG,,28,"$20,097.98 ","$15,410.09 "
,OTHER,,627,"$199,511.64 ","$155,634.90 "
,TOTAL,,655,"$219,609.62 ","$171,044.99 "
59821,SG,,1,$707.34 ,$507.73 
,OTHER,,49,"$15,313.66 ","$12,093.43 "
,TOTAL,,50,"$16,021.00 ","$12,601.16 "
59830,OTHER,,5,"$2,024.63 ","$1,514.91 "
,TOTAL,,5,"$2,024.63 ","$1,514.91 "
59840,SG,,14,"$10,382.87 ","$8,306.31 "
,OTHER,,82,"$16,854.03 ","$13,076.91 "
,TOTAL,,96,"$27,236.90 ","$21,383.22 "
59841,SG,,3,"$2,237.33 ","$1,789.87 "
,OTHER,,45,"$15,986.68 ","$12,324.48 "
,TOTAL,,48,"$18,224.01 ","$14,114.35 "
59851,OTHER,,3,"$1,130.01 ",$904.02 
,TOTAL,,3,"$1,130.01 ",$904.02 
59855,OTHER,,7,"$2,722.76 ","$2,178.20 "
,TOTAL,,7,"$2,722.76 ","$2,178.20 "
59856,OTHER,,10,"$4,951.03 ","$3,935.16 "
,TOTAL,,10,"$4,951.03 ","$3,935.16 "
59866,OTHER,,1,$247.27 ,$197.82 
,TOTAL,,1,$247.27 ,$197.82 
59870,OTHER,,10,"$3,873.75 ","$3,090.00 "
,TOTAL,,10,"$3,873.75 ","$3,090.00 "
59871,OTHER,,30,"$2,970.34 ","$2,376.26 "
,TOTAL,,30,"$2,970.34 ","$2,376.26 "
59897,OTHER,,1,$87.62 ,$70.10 
,TOTAL,,1,$87.62 ,$70.10 
59899,OTHER,,3,$493.53 ,$394.82 
,TOTAL,,3,$493.53 ,$394.82 
60000,OTHER,ENDOCRINE,14,"$1,727.52 ","$1,382.02 "
,TOTAL,,14,"$1,727.52 ","$1,382.02 "
60001,OTHER,,"2,003","$129,137.55 ","$100,680.26 "
,TOTAL,,"2,003","$129,137.55 ","$100,680.26 "
60100,OTHER,,"21,854","$1,811,419.70 ","$1,415,690.06 "
,TOTAL,,"21,854","$1,811,419.70 ","$1,415,690.06 "
60200,SG,,22,"$9,227.54 ","$7,382.04 "
,80'S,,288,"$17,024.88 ","$13,563.97 "
,OTHER,,"2,145","$1,074,578.32 ","$855,109.97 "
,TOTAL,,"2,455","$1,100,830.74 ","$876,055.98 "
60210,80'S,,346,"$30,411.02 ","$24,084.61 "
,OTHER,,"1,637","$850,631.62 ","$674,198.30 "
,TOTAL,,"1,983","$881,042.64 ","$698,282.91 "
60212,80'S,,43,"$5,659.51 ","$4,518.60 "
,OTHER,,210,"$170,051.14 ","$135,280.92 "
,TOTAL,,253,"$175,710.65 ","$139,799.52 "
60220,80'S,,"2,399","$255,049.26 ","$200,627.67 "
,OTHER,,"9,304","$5,845,872.94 ","$4,608,903.31 "
,TOTAL,,"11,703","$6,100,922.20 ","$4,809,530.98 "
60225,80'S,,278,"$36,691.14 ","$29,005.44 "
,OTHER,,"1,075","$836,076.76 ","$660,426.89 "
,TOTAL,,"1,353","$872,767.90 ","$689,432.33 "
60240,80'S,,"1,995","$275,467.84 ","$217,700.06 "
,OTHER,,"8,253","$6,790,763.96 ","$5,366,505.87 "
,TOTAL,,"10,248","$7,066,231.80 ","$5,584,205.93 "
60252,80'S,,253,"$47,009.39 ","$36,922.90 "
,OTHER,,"1,208","$1,369,385.48 ","$1,087,129.84 "
,TOTAL,,"1,461","$1,416,394.87 ","$1,124,052.74 "
60254,80'S,,62,"$15,328.95 ","$12,263.21 "
,OTHER,,255,"$374,610.83 ","$298,608.94 "
,TOTAL,,317,"$389,939.78 ","$310,872.15 "
60260,80'S,,277,"$43,587.50 ","$34,415.52 "
,OTHER,,"1,183","$1,086,813.29 ","$859,768.56 "
,TOTAL,,"1,460","$1,130,400.79 ","$894,184.08 "
60270,80'S,,40,"$7,882.68 ","$6,245.54 "
,OTHER,,221,"$231,165.85 ","$182,667.93 "
,TOTAL,,261,"$239,048.53 ","$188,913.47 "
60271,80'S,,325,"$46,116.43 ","$36,519.89 "
,OTHER,,"1,478","$1,330,618.49 ","$1,058,107.12 "
,TOTAL,,"1,803","$1,376,734.92 ","$1,094,627.01 "
60280,SG,,46,"$28,578.94 ","$21,528.93 "
,80'S,,50,"$2,975.01 ","$2,379.99 "
,OTHER,,352,"$131,352.47 ","$102,629.82 "
,TOTAL,,448,"$162,906.42 ","$126,538.74 "
60281,SG,,2,"$1,248.58 ",$998.86 
,80'S,,1,$86.41 ,$69.13 
,OTHER,,13,"$6,605.26 ","$5,149.81 "
,TOTAL,,16,"$7,940.25 ","$6,217.80 "
60500,80'S,,"2,988","$424,968.57 ","$331,954.42 "
,OTHER,,"12,908","$11,097,359.28 ","$8,804,019.23 "
,TOTAL,,"15,896","$11,522,327.85 ","$9,135,973.65 "
60502,80'S,,137,"$25,300.84 ","$19,466.13 "
,OTHER,,570,"$632,568.02 ","$503,243.47 "
,TOTAL,,707,"$657,868.86 ","$522,709.60 "
60505,80'S,,32,"$6,632.22 ","$5,305.76 "
,OTHER,,123,"$140,501.55 ","$112,296.40 "
,TOTAL,,155,"$147,133.77 ","$117,602.16 "
60512,80'S,,318,"$11,470.94 ","$9,166.24 "
,OTHER,,"2,125","$464,614.16 ","$369,749.79 "
,TOTAL,,"2,443","$476,085.10 ","$378,916.03 "
60520,80'S,,48,"$6,482.67 ","$5,186.13 "
,OTHER,,269,"$230,802.65 ","$181,302.00 "
,TOTAL,,317,"$237,285.32 ","$186,488.13 "
60521,80'S,,63,"$8,879.96 ","$7,103.98 "
,OTHER,,351,"$289,843.24 ","$228,214.77 "
,TOTAL,,414,"$298,723.20 ","$235,318.75 "
60522,80'S,,33,"$6,205.91 ","$4,876.52 "
,OTHER,,195,"$210,345.90 ","$167,033.02 "
,TOTAL,,228,"$216,551.81 ","$171,909.54 "
60540,80'S,,215,"$28,882.12 ","$22,963.37 "
,OTHER,,643,"$487,520.51 ","$386,003.70 "
,TOTAL,,858,"$516,402.63 ","$408,967.07 "
60545,80'S,,46,"$6,824.13 ","$5,459.29 "
,OTHER,,164,"$145,368.65 ","$116,235.01 "
,TOTAL,,210,"$152,192.78 ","$121,694.30 "
60600,80'S,,38,"$7,740.14 ","$6,065.36 "
,OTHER,,151,"$180,507.62 ","$142,618.16 "
,TOTAL,,189,"$188,247.76 ","$148,683.52 "
60605,80'S,,4,"$1,037.46 ",$829.97 
,OTHER,,17,"$23,970.09 ","$19,053.29 "
,TOTAL,,21,"$25,007.55 ","$19,883.26 "
60650,80'S,,308,"$53,729.02 ","$42,737.41 "
,OTHER,,913,"$949,742.81 ","$752,948.17 "
,TOTAL,,"1,221","$1,003,471.83 ","$795,685.58 "
60659,80'S,,3,$431.05 ,$344.84 
,OTHER,,20,"$14,710.89 ","$11,628.35 "
,TOTAL,,23,"$15,141.94 ","$11,973.19 "
60699,80'S,,5,$546.03 ,$436.84 
,OTHER,,143,"$50,691.60 ","$40,372.55 "
,TOTAL,,148,"$51,237.63 ","$40,809.39 "
61000,OTHER,,23,$893.36 ,$686.61 
,TOTAL,,23,$893.36 ,$686.61 
61001,OTHER,,8,$485.99 ,$369.59 
,TOTAL,,8,$485.99 ,$369.59 
61020,80'S,,1,$9.53 ,$7.62 
,OTHER,,472,"$52,912.68 ","$42,058.91 "
,TOTAL,,473,"$52,922.21 ","$42,066.53 "
61026,OTHER,,590,"$67,817.83 ","$53,613.67 "
,TOTAL,,590,"$67,817.83 ","$53,613.67 "
61050,OTHER,,155,"$15,819.85 ","$12,065.83 "
,TOTAL,,155,"$15,819.85 ","$12,065.83 "
61055,SG,,28,"$4,923.09 ","$3,725.99 "
,OTHER,,"1,562","$198,184.45 ","$154,055.85 "
,TOTAL,,"1,590","$203,107.54 ","$157,781.84 "
61070,SG,,53,"$9,479.93 ","$7,374.29 "
,OTHER,,"3,078","$224,744.63 ","$174,809.72 "
,TOTAL,,"3,131","$234,224.56 ","$182,184.01 "
61105,OTHER,,102,"$31,642.26 ","$25,208.93 "
,TOTAL,,102,"$31,642.26 ","$25,208.93 "
61107,OTHER,,"3,035","$929,683.13 ","$737,402.28 "
,TOTAL,,"3,035","$929,683.13 ","$737,402.28 "
61108,OTHER,,658,"$449,705.46 ","$358,141.77 "
,TOTAL,,658,"$449,705.46 ","$358,141.77 "
61120,OTHER,,110,"$50,234.46 ","$40,116.16 "
,TOTAL,,110,"$50,234.46 ","$40,116.16 "
61140,80'S,,24,"$3,654.66 ","$2,923.71 "
,OTHER,,421,"$398,899.85 ","$317,959.01 "
,TOTAL,,445,"$402,554.51 ","$320,882.72 "
61150,OTHER,,107,"$111,705.07 ","$88,594.71 "
,TOTAL,,107,"$111,705.07 ","$88,594.71 "
61151,OTHER,,17,"$11,850.42 ","$9,480.35 "
,TOTAL,,17,"$11,850.42 ","$9,480.35 "
61154,80'S,,285,"$48,649.69 ","$38,644.28 "
,OTHER,,"8,065","$7,967,470.81 ","$6,346,297.59 "
,TOTAL,,"8,350","$8,016,120.50 ","$6,384,941.87 "
61156,80'S,,14,"$2,031.49 ","$1,625.17 "
,OTHER,,98,"$92,779.00 ","$72,636.69 "
,TOTAL,,112,"$94,810.49 ","$74,261.86 "
61210,OTHER,,"1,942","$694,792.42 ","$551,153.30 "
,TOTAL,,"1,942","$694,792.42 ","$551,153.30 "
61215,OTHER,,278,"$102,989.95 ","$82,035.52 "
,TOTAL,,278,"$102,989.95 ","$82,035.52 "
61250,80'S,,7,$969.59 ,$775.67 
,OTHER,,32,"$23,993.58 ","$19,194.84 "
,TOTAL,,39,"$24,963.17 ","$19,970.51 "
61253,OTHER,,19,"$10,263.03 ","$8,210.42 "
,TOTAL,,19,"$10,263.03 ","$8,210.42 "
61304,80'S,,28,"$6,444.36 ","$5,127.86 "
,OTHER,,354,"$463,680.75 ","$370,666.23 "
,TOTAL,,382,"$470,125.11 ","$375,794.09 "
61305,80'S,,3,$701.99 ,$561.59 
,OTHER,,40,"$58,189.41 ","$45,321.78 "
,TOTAL,,43,"$58,891.40 ","$45,883.37 "
61312,80'S,,756,"$212,546.64 ","$169,121.81 "
,OTHER,,"11,710","$17,813,304.75 ","$14,204,192.82 "
,TOTAL,,"12,466","$18,025,851.39 ","$14,373,314.63 "
61313,80'S,,132,"$35,329.96 ","$28,093.74 "
,OTHER,,"2,126","$3,119,831.70 ","$2,476,331.29 "
,TOTAL,,"2,258","$3,155,161.66 ","$2,504,425.03 "
61314,80'S,,29,"$7,051.43 ","$5,641.11 "
,OTHER,,355,"$468,450.43 ","$374,359.76 "
,TOTAL,,384,"$475,501.86 ","$380,000.87 "
61315,80'S,,41,"$11,516.71 ","$9,108.62 "
,OTHER,,625,"$1,011,983.83 ","$805,963.97 "
,TOTAL,,666,"$1,023,500.54 ","$815,072.59 "
61316,OTHER,,123,"$10,363.49 ","$8,149.26 "
,TOTAL,,123,"$10,363.49 ","$8,149.26 "
61320,80'S,,26,"$6,847.45 ","$5,477.95 "
,OTHER,,335,"$469,738.12 ","$375,091.06 "
,TOTAL,,361,"$476,585.57 ","$380,569.01 "
61321,80'S,,1,$356.98 ,$285.58 
,OTHER,,27,"$36,854.61 ","$28,406.04 "
,TOTAL,,28,"$37,211.59 ","$28,691.62 "
61322,80'S,,27,"$8,096.65 ","$6,477.32 "
,OTHER,,249,"$476,161.79 ","$376,748.88 "
,TOTAL,,276,"$484,258.44 ","$383,226.20 "
61323,OTHER,,151,"$300,604.49 ","$240,378.84 "
,TOTAL,,151,"$300,604.49 ","$240,378.84 "
61330,80'S,,1,$230.42 ,$184.34 
,OTHER,,22,"$29,545.16 ","$23,426.52 "
,TOTAL,,23,"$29,775.58 ","$23,610.86 "
61332,80'S,,1,$256.80 ,$205.44 
,OTHER,,17,"$28,374.71 ","$22,699.77 "
,TOTAL,,18,"$28,631.51 ","$22,905.21 "
61333,80'S,,1,$146.89 ,$117.51 
,OTHER,,32,"$42,354.71 ","$32,196.09 "
,TOTAL,,33,"$42,501.60 ","$32,313.60 "
61334,OTHER,,7,"$5,160.20 ","$4,069.42 "
,TOTAL,,7,"$5,160.20 ","$4,069.42 "
61340,80'S,,5,$864.61 ,$691.69 
,OTHER,,37,"$35,339.32 ","$27,660.77 "
,TOTAL,,42,"$36,203.93 ","$28,352.46 "
61343,80'S,,67,"$20,798.51 ","$16,566.45 "
,OTHER,,434,"$743,298.56 ","$589,703.02 "
,TOTAL,,501,"$764,097.07 ","$606,269.47 "
61345,80'S,,7,"$1,732.94 ","$1,386.35 "
,OTHER,,60,"$86,892.09 ","$69,513.72 "
,TOTAL,,67,"$88,625.03 ","$70,900.07 "
61440,OTHER,,1,"$1,918.22 ","$1,534.58 "
,TOTAL,,1,"$1,918.22 ","$1,534.58 "
61450,80'S,,6,"$1,257.54 ",$997.06 
,OTHER,,32,"$41,880.03 ","$33,399.28 "
,TOTAL,,38,"$43,137.57 ","$34,396.34 "
61458,80'S,,81,"$22,753.11 ","$18,198.61 "
,OTHER,,633,"$1,012,548.51 ","$801,693.34 "
,TOTAL,,714,"$1,035,301.62 ","$819,891.95 "
61460,80'S,,4,"$1,156.52 ",$925.20 
,OTHER,,40,"$56,566.25 ","$44,096.37 "
,TOTAL,,44,"$57,722.77 ","$45,021.57 "
61470,80'S,,1,$215.60 ,$172.48 
,OTHER,,3,"$4,130.51 ","$3,304.41 "
,TOTAL,,4,"$4,346.11 ","$3,476.89 "
61490,80'S,,1,$318.42 ,$254.74 
,OTHER,,8,"$8,130.79 ","$6,404.62 "
,TOTAL,,9,"$8,449.21 ","$6,659.36 "
61500,80'S,,50,"$8,706.22 ","$6,964.96 "
,OTHER,,551,"$555,980.36 ","$440,832.22 "
,TOTAL,,601,"$564,686.58 ","$447,797.18 "
61501,80'S,,15,"$1,998.52 ","$1,598.80 "
,OTHER,,122,"$101,203.48 ","$79,908.49 "
,TOTAL,,137,"$103,202.00 ","$81,507.29 "
61510,80'S,,894,"$270,932.46 ","$214,152.00 "
,OTHER,,"7,938","$13,161,999.21 ","$10,452,943.58 "
,TOTAL,,"8,832","$13,432,931.67 ","$10,667,095.58 "
61512,80'S,,428,"$154,271.69 ","$122,470.45 "
,OTHER,,"3,018","$5,967,614.31 ","$4,745,383.92 "
,TOTAL,,"3,446","$6,121,886.00 ","$4,867,854.37 "
61514,80'S,,15,"$3,925.47 ","$3,140.37 "
,OTHER,,199,"$274,379.13 ","$216,643.37 "
,TOTAL,,214,"$278,304.60 ","$219,783.74 "
61516,80'S,,8,"$2,085.37 ","$1,563.50 "
,OTHER,,110,"$144,815.90 ","$114,412.69 "
,TOTAL,,118,"$146,901.27 ","$115,976.19 "
61517,OTHER,,494,"$40,744.87 ","$32,222.33 "
,TOTAL,,494,"$40,744.87 ","$32,222.33 "
61518,80'S,,171,"$67,687.36 ","$53,584.12 "
,OTHER,,"1,275","$2,719,408.10 ","$2,155,614.14 "
,TOTAL,,"1,446","$2,787,095.46 ","$2,209,198.26 "
61519,80'S,,46,"$19,216.02 ","$14,947.65 "
,OTHER,,318,"$729,856.25 ","$576,367.17 "
,TOTAL,,364,"$749,072.27 ","$591,314.82 "
61520,80'S,,30,"$16,034.97 ","$12,828.02 "
,OTHER,,300,"$839,240.95 ","$671,096.94 "
,TOTAL,,330,"$855,275.92 ","$683,924.96 "
61521,80'S,,14,"$6,200.91 ","$4,960.71 "
,OTHER,,75,"$188,945.98 ","$151,156.81 "
,TOTAL,,89,"$195,146.89 ","$156,117.52 "
61522,80'S,,5,"$1,421.57 ","$1,137.26 "
,OTHER,,38,"$61,197.20 ","$48,957.76 "
,TOTAL,,43,"$62,618.77 ","$50,095.02 "
61524,80'S,,7,"$1,922.68 ","$1,538.16 "
,OTHER,,79,"$109,926.60 ","$86,863.08 "
,TOTAL,,86,"$111,849.28 ","$88,401.24 "
61526,OTHER,,78,"$189,333.72 ","$151,374.70 "
,TOTAL,,78,"$189,333.72 ","$151,374.70 "
61530,OTHER,,20,"$44,562.13 ","$35,649.71 "
,TOTAL,,20,"$44,562.13 ","$35,649.71 "
61531,80'S,,1,$79.00 ,$63.20 
,OTHER,,40,"$28,181.16 ","$22,200.19 "
,TOTAL,,41,"$28,260.16 ","$22,263.39 "
61533,80'S,,11,"$2,245.37 ","$1,796.27 "
,OTHER,,149,"$190,823.89 ","$147,184.98 "
,TOTAL,,160,"$193,069.26 ","$148,981.25 "
61534,80'S,,1,$217.24 ,$173.79 
,OTHER,,23,"$26,315.64 ","$20,807.94 "
,TOTAL,,24,"$26,532.88 ","$20,981.73 "
61535,80'S,,4,$495.02 ,$396.01 
,OTHER,,51,"$39,463.22 ","$30,737.36 "
,TOTAL,,55,"$39,958.24 ","$31,133.37 "
61536,80'S,,3,"$1,202.70 ",$962.16 
,OTHER,,51,"$119,897.69 ","$90,565.05 "
,TOTAL,,54,"$121,100.39 ","$91,527.21 "
61537,80'S,,11,"$3,495.70 ","$2,535.12 "
,OTHER,,175,"$315,970.10 ","$246,635.19 "
,TOTAL,,186,"$319,465.80 ","$249,170.31 "
61538,80'S,,12,"$4,249.61 ","$3,399.68 "
,OTHER,,86,"$164,804.75 ","$129,787.87 "
,TOTAL,,98,"$169,054.36 ","$133,187.55 "
61539,80'S,,1,$317.49 ,$253.99 
,OTHER,,12,"$24,850.52 ","$19,880.42 "
,TOTAL,,13,"$25,168.01 ","$20,134.41 "
61540,80'S,,3,"$1,107.55 ",$886.04 
,OTHER,,35,"$60,326.81 ","$48,261.45 "
,TOTAL,,38,"$61,434.36 ","$49,147.49 "
61541,80'S,,1,$326.52 ,$261.22 
,OTHER,,17,"$31,099.99 ","$24,836.21 "
,TOTAL,,18,"$31,426.51 ","$25,097.43 "
61542,OTHER,,1,"$2,104.55 ","$1,683.64 "
,TOTAL,,1,"$2,104.55 ","$1,683.64 "
61543,80'S,,2,$549.27 ,$439.42 
,OTHER,,8,"$13,981.49 ","$11,185.18 "
,TOTAL,,10,"$14,530.76 ","$11,624.60 "
61545,80'S,,6,"$2,544.70 ","$2,035.75 "
,OTHER,,45,"$117,383.41 ","$93,906.69 "
,TOTAL,,51,"$119,928.11 ","$95,942.44 "
61546,80'S,,14,"$4,448.16 ","$3,558.53 "
,OTHER,,75,"$119,806.61 ","$94,610.11 "
,TOTAL,,89,"$124,254.77 ","$98,168.64 "
61548,80'S,,135,"$29,726.85 ","$23,676.73 "
,OTHER,,"2,116","$2,190,214.18 ","$1,737,375.18 "
,TOTAL,,"2,251","$2,219,941.03 ","$1,761,051.91 "
61550,OTHER,,4,"$2,361.82 ","$1,889.46 "
,TOTAL,,4,"$2,361.82 ","$1,889.46 "
61552,OTHER,,1,$978.45 ,$782.76 
,TOTAL,,1,$978.45 ,$782.76 
61556,80'S,,1,$232.93 ,$186.34 
,OTHER,,9,"$9,225.65 ","$7,380.53 "
,TOTAL,,10,"$9,458.58 ","$7,566.87 "
61557,OTHER,,4,"$5,901.98 ","$4,721.58 "
,TOTAL,,4,"$5,901.98 ","$4,721.58 "
61558,OTHER,,1,"$1,727.96 ","$1,382.37 "
,TOTAL,,1,"$1,727.96 ","$1,382.37 "
61559,OTHER,,1,"$2,258.59 ","$1,806.87 "
,TOTAL,,1,"$2,258.59 ","$1,806.87 "
61563,80'S,,5,"$1,218.90 ",$975.12 
,OTHER,,24,"$28,453.59 ","$22,658.09 "
,TOTAL,,29,"$29,672.49 ","$23,633.21 "
61564,80'S,,9,"$2,239.30 ","$1,791.45 "
,OTHER,,11,"$16,686.08 ","$13,348.86 "
,TOTAL,,20,"$18,925.38 ","$15,140.31 "
61566,80'S,,1,$178.46 ,$142.77 
,OTHER,,31,"$56,308.24 ","$45,046.57 "
,TOTAL,,32,"$56,486.70 ","$45,189.34 "
61567,80'S,,1,$327.46 ,$261.97 
,OTHER,,6,"$10,243.04 ","$7,233.88 "
,TOTAL,,7,"$10,570.50 ","$7,495.85 "
61570,80'S,,5,"$1,040.55 ",$832.44 
,OTHER,,23,"$26,585.92 ","$21,268.75 "
,TOTAL,,28,"$27,626.47 ","$22,101.19 "
61571,OTHER,,28,"$39,641.33 ","$31,587.98 "
,TOTAL,,28,"$39,641.33 ","$31,587.98 "
61575,80'S,,6,"$1,996.90 ","$1,597.52 "
,OTHER,,71,"$122,962.44 ","$98,369.93 "
,TOTAL,,77,"$124,959.34 ","$99,967.45 "
61576,OTHER,,4,"$13,527.42 ","$10,821.93 "
,TOTAL,,4,"$13,527.42 ","$10,821.93 "
61580,80'S,,9,"$3,152.04 ","$2,521.63 "
,OTHER,,149,"$309,243.68 ","$247,394.90 "
,TOTAL,,158,"$312,395.72 ","$249,916.53 "
61581,80'S,,1,$410.80 ,$328.64 
,OTHER,,51,"$100,446.31 ","$77,764.57 "
,TOTAL,,52,"$100,857.11 ","$78,093.21 "
61582,80'S,,6,"$2,316.67 ","$1,793.36 "
,OTHER,,63,"$130,247.00 ","$101,654.33 "
,TOTAL,,69,"$132,563.67 ","$103,447.69 "
61583,80'S,,16,"$5,846.64 ","$4,677.31 "
,OTHER,,187,"$394,189.49 ","$313,790.99 "
,TOTAL,,203,"$400,036.13 ","$318,468.30 "
61584,80'S,,32,"$11,082.29 ","$8,849.50 "
,OTHER,,198,"$399,676.32 ","$319,639.51 "
,TOTAL,,230,"$410,758.61 ","$328,489.01 "
61585,OTHER,,22,"$44,105.49 ","$35,284.41 "
,TOTAL,,22,"$44,105.49 ","$35,284.41 "
61586,80'S,,2,$409.36 ,$327.49 
,OTHER,,29,"$39,126.70 ","$31,145.73 "
,TOTAL,,31,"$39,536.06 ","$31,473.22 "
61590,80'S,,19,"$7,765.70 ","$6,212.55 "
,OTHER,,215,"$504,368.54 ","$400,625.98 "
,TOTAL,,234,"$512,134.24 ","$406,838.53 "
61591,80'S,,8,"$3,870.18 ","$3,096.15 "
,OTHER,,130,"$302,664.43 ","$240,061.91 "
,TOTAL,,138,"$306,534.61 ","$243,158.06 "
61592,80'S,,24,"$7,291.55 ","$5,833.22 "
,OTHER,,256,"$475,590.44 ","$378,226.94 "
,TOTAL,,280,"$482,881.99 ","$384,060.16 "
61595,80'S,,6,"$1,420.24 ","$1,136.19 "
,OTHER,,224,"$298,226.96 ","$237,036.70 "
,TOTAL,,230,"$299,647.20 ","$238,172.89 "
61596,80'S,,13,"$4,764.67 ","$3,811.77 "
,OTHER,,54,"$83,053.97 ","$66,443.21 "
,TOTAL,,67,"$87,818.64 ","$70,254.98 "
61597,80'S,,18,"$5,337.03 ","$4,269.62 "
,OTHER,,99,"$156,908.48 ","$125,526.69 "
,TOTAL,,117,"$162,245.51 ","$129,796.31 "
61598,80'S,,4,$958.65 ,$650.76 
,OTHER,,44,"$59,784.70 ","$46,534.63 "
,TOTAL,,48,"$60,743.35 ","$47,185.39 "
61600,80'S,,20,"$4,255.65 ","$3,404.50 "
,OTHER,,233,"$292,305.81 ","$232,697.68 "
,TOTAL,,253,"$296,561.46 ","$236,102.18 "
61601,80'S,,31,"$6,017.87 ","$4,554.58 "
,OTHER,,326,"$384,900.70 ","$304,581.95 "
,TOTAL,,357,"$390,918.57 ","$309,136.53 "
61605,80'S,,33,"$8,768.59 ","$7,014.88 "
,OTHER,,315,"$450,248.34 ","$358,938.17 "
,TOTAL,,348,"$459,016.93 ","$365,953.05 "
61606,80'S,,12,"$3,246.94 ","$2,597.55 "
,OTHER,,116,"$194,827.38 ","$155,847.19 "
,TOTAL,,128,"$198,074.32 ","$158,444.74 "
61607,80'S,,8,"$2,179.68 ","$1,743.74 "
,OTHER,,67,"$129,785.79 ","$102,012.53 "
,TOTAL,,75,"$131,965.47 ","$103,756.27 "
61608,80'S,,24,"$10,961.73 ","$8,769.36 "
,OTHER,,229,"$634,252.91 ","$504,181.09 "
,TOTAL,,253,"$645,214.64 ","$512,950.45 "
61610,OTHER,,1,"$1,679.26 ","$1,343.41 "
,TOTAL,,1,"$1,679.26 ","$1,343.41 "
61611,80'S,,1,$77.94 ,$62.35 
,TOTAL,,1,$77.94 ,$62.35 
61612,OTHER,,1,$236.00 ,$188.80 
,TOTAL,,1,$236.00 ,$188.80 
61613,OTHER,,10,"$25,619.20 ","$18,902.52 "
,TOTAL,,10,"$25,619.20 ","$18,902.52 "
61615,80'S,,5,"$1,510.16 ","$1,208.12 "
,OTHER,,77,"$129,242.66 ","$103,394.18 "
,TOTAL,,82,"$130,752.82 ","$104,602.30 "
61616,80'S,,40,"$19,435.74 ","$15,252.24 "
,OTHER,,329,"$800,787.10 ","$630,579.44 "
,TOTAL,,369,"$820,222.84 ","$645,831.68 "
61618,80'S,,94,"$9,927.11 ","$7,941.67 "
,OTHER,,763,"$485,182.79 ","$385,263.22 "
,TOTAL,,857,"$495,109.90 ","$393,204.89 "
61619,80'S,,19,"$2,457.37 ","$1,756.71 "
,OTHER,,147,"$108,216.56 ","$86,516.88 "
,TOTAL,,166,"$110,673.93 ","$88,273.59 "
61623,OTHER,,252,"$107,955.88 ","$85,897.82 "
,TOTAL,,252,"$107,955.88 ","$85,897.82 "
61624,OTHER,,"3,593","$3,594,538.90 ","$2,860,066.96 "
,TOTAL,,"3,593","$3,594,538.90 ","$2,860,066.96 "
61626,OTHER,,"1,169","$901,577.34 ","$717,032.27 "
,TOTAL,,"1,169","$901,577.34 ","$717,032.27 "
61635,OTHER,,2,"$1,295.53 ","$1,036.43 "
,TOTAL,,2,"$1,295.53 ","$1,036.43 "
61680,80'S,,18,"$5,938.25 ","$4,653.83 "
,OTHER,,96,"$175,895.94 ","$139,748.47 "
,TOTAL,,114,"$181,834.19 ","$144,402.30 "
61682,80'S,,15,"$9,004.63 ","$7,203.71 "
,OTHER,,99,"$354,163.28 ","$273,109.28 "
,TOTAL,,114,"$363,167.91 ","$280,312.99 "
61684,80'S,,3,"$1,413.69 ","$1,130.95 "
,OTHER,,25,"$56,379.36 ","$45,072.70 "
,TOTAL,,28,"$57,793.05 ","$46,203.65 "
61686,80'S,,3,"$1,812.34 ","$1,449.87 "
,OTHER,,42,"$160,811.77 ","$126,819.23 "
,TOTAL,,45,"$162,624.11 ","$128,269.10 "
61690,80'S,,3,$832.15 ,$665.72 
,OTHER,,16,"$25,427.02 ","$20,341.61 "
,TOTAL,,19,"$26,259.17 ","$21,007.33 "
61692,80'S,,1,$466.90 ,$373.52 
,OTHER,,19,"$62,203.53 ","$49,658.01 "
,TOTAL,,20,"$62,670.43 ","$50,031.53 "
61697,80'S,,157,"$87,845.55 ","$69,449.18 "
,OTHER,,874,"$2,930,054.33 ","$2,320,284.34 "
,TOTAL,,"1,031","$3,017,899.88 ","$2,389,733.52 "
61698,80'S,,11,"$6,618.40 ","$5,189.92 "
,OTHER,,62,"$222,412.15 ","$175,751.20 "
,TOTAL,,73,"$229,030.55 ","$180,941.12 "
61700,80'S,,177,"$83,803.09 ","$65,804.70 "
,OTHER,,925,"$2,648,399.80 ","$2,096,931.37 "
,TOTAL,,"1,102","$2,732,202.89 ","$2,162,736.07 "
61702,80'S,,6,"$3,372.66 ","$2,593.34 "
,OTHER,,38,"$121,386.37 ","$97,068.40 "
,TOTAL,,44,"$124,759.03 ","$99,661.74 "
61703,80'S,,1,$84.46 ,$67.57 
,OTHER,,6,"$4,752.25 ","$3,801.81 "
,TOTAL,,7,"$4,836.71 ","$3,869.38 "
61705,80'S,,1,$183.31 ,$146.65 
,OTHER,,8,"$15,399.45 ","$12,319.55 "
,TOTAL,,9,"$15,582.76 ","$12,466.20 "
61708,OTHER,,34,"$64,515.04 ","$50,327.03 "
,TOTAL,,34,"$64,515.04 ","$50,327.03 "
61710,80'S,,2,$632.94 ,$506.36 
,OTHER,,135,"$235,684.78 ","$187,184.29 "
,TOTAL,,137,"$236,317.72 ","$187,690.65 "
61711,80'S,,8,"$2,598.54 ","$2,078.85 "
,OTHER,,100,"$214,499.26 ","$170,159.98 "
,TOTAL,,108,"$217,097.80 ","$172,238.83 "
61720,OTHER,,86,"$59,154.58 ","$47,286.66 "
,TOTAL,,86,"$59,154.58 ","$47,286.66 "
61735,OTHER,,13,"$12,540.44 ","$10,032.37 "
,TOTAL,,13,"$12,540.44 ","$10,032.37 "
61750,OTHER,,710,"$850,475.44 ","$671,833.64 "
,TOTAL,,710,"$850,475.44 ","$671,833.64 "
61751,OTHER,,"1,625","$1,876,551.97 ","$1,487,462.62 "
,TOTAL,,"1,625","$1,876,551.97 ","$1,487,462.62 "
61760,80'S,,1,$251.73 ,$201.38 
,OTHER,,93,"$96,165.27 ","$74,117.35 "
,TOTAL,,94,"$96,417.00 ","$74,318.73 "
61770,OTHER,,259,"$264,130.28 ","$210,506.38 "
,TOTAL,,259,"$264,130.28 ","$210,506.38 "
61790,SG,,49,"$23,867.54 ","$19,094.02 "
,OTHER,,756,"$541,031.99 ","$429,115.31 "
,TOTAL,,805,"$564,899.53 ","$448,209.33 "
61791,SG,,2,$651.42 ,$521.14 
,OTHER,,96,"$89,639.03 ","$70,964.75 "
,TOTAL,,98,"$90,290.45 ","$71,485.89 "
61793,OTHER,,"12,315","$13,036,704.08 ","$10,370,838.31 "
,TOTAL,,"12,315","$13,036,704.08 ","$10,370,838.31 "
61795,SG,,929,"$155,400.61 ","$123,481.68 "
,80'S,,3,$127.62 ,$102.09 
,OTHER,,"18,226","$4,311,289.05 ","$3,418,063.77 "
,TOTAL,,"19,158","$4,466,817.28 ","$3,541,647.54 "
61850,OTHER,,4,"$1,633.90 ","$1,307.13 "
,TOTAL,,4,"$1,633.90 ","$1,307.13 "
61860,80'S,,1,$231.49 ,$185.19 
,OTHER,,27,"$39,130.65 ","$31,142.65 "
,TOTAL,,28,"$39,362.14 ","$31,327.84 "
61863,80'S,,2,$471.59 ,$377.27 
,OTHER,,262,"$321,444.70 ","$255,813.39 "
,TOTAL,,264,"$321,916.29 ","$256,190.66 "
61864,OTHER,,90,"$33,498.31 ","$26,798.58 "
,TOTAL,,90,"$33,498.31 ","$26,798.58 "
61867,80'S,,91,"$26,111.92 ","$20,889.60 "
,OTHER,,"1,765","$3,372,058.38 ","$2,670,049.53 "
,TOTAL,,"1,856","$3,398,170.30 ","$2,690,939.13 "
61868,80'S,,36,"$3,417.48 ","$2,733.96 "
,OTHER,,738,"$379,673.51 ","$299,740.02 "
,TOTAL,,774,"$383,090.99 ","$302,473.98 "
61870,OTHER,,3,"$2,339.62 ","$1,871.70 "
,TOTAL,,3,"$2,339.62 ","$1,871.70 "
61875,OTHER,,1,"$1,108.51 ",$886.81 
,TOTAL,,1,"$1,108.51 ",$886.81 
61880,80'S,,21,"$1,427.01 ","$1,141.59 "
,OTHER,,350,"$132,938.49 ","$104,266.95 "
,TOTAL,,371,"$134,365.50 ","$105,408.54 "
61885,SG,,19,"$7,238.07 ","$5,790.47 "
,80'S,,34,"$2,125.26 ","$1,700.26 "
,OTHER,,"3,768","$1,773,032.37 ","$1,403,493.65 "
,TOTAL,,"3,821","$1,782,395.70 ","$1,410,984.38 "
61886,SG,,2,$984.67 ,$787.74 
,80'S,,11,$745.71 ,$596.57 
,OTHER,,832,"$469,286.88 ","$370,481.37 "
,TOTAL,,845,"$471,017.26 ","$371,865.68 "
61888,SG,,4,"$1,287.11 ","$1,029.70 "
,OTHER,,761,"$248,412.40 ","$195,503.01 "
,TOTAL,,765,"$249,699.51 ","$196,532.71 "
62000,OTHER,,23,"$8,273.07 ","$6,618.46 "
,TOTAL,,23,"$8,273.07 ","$6,618.46 "
62005,80'S,,1,$184.01 ,$147.21 
,OTHER,,27,"$25,078.82 ","$20,038.24 "
,TOTAL,,28,"$25,262.83 ","$20,185.45 "
62010,80'S,,12,"$2,515.10 ","$2,012.07 "
,OTHER,,99,"$102,473.85 ","$80,534.06 "
,TOTAL,,111,"$104,988.95 ","$82,546.13 "
62100,80'S,,36,"$6,053.84 ","$4,843.08 "
,OTHER,,305,"$297,510.02 ","$235,277.15 "
,TOTAL,,341,"$303,563.86 ","$240,120.23 "
62115,OTHER,,1,"$1,313.59 ","$1,050.87 "
,TOTAL,,1,"$1,313.59 ","$1,050.87 "
62116,OTHER,,3,"$3,492.97 ","$2,794.37 "
,TOTAL,,3,"$3,492.97 ","$2,794.37 "
62117,OTHER,,1,"$1,919.28 ","$1,535.42 "
,TOTAL,,1,"$1,919.28 ","$1,535.42 "
62120,80'S,,4,$881.74 ,$705.40 
,OTHER,,46,"$68,630.71 ","$54,799.81 "
,TOTAL,,50,"$69,512.45 ","$55,505.21 "
62121,80'S,,2,$422.02 ,$337.62 
,OTHER,,31,"$34,801.58 ","$27,841.28 "
,TOTAL,,33,"$35,223.60 ","$28,178.90 "
62140,80'S,,160,"$14,383.62 ","$11,435.70 "
,OTHER,,"1,160","$592,014.55 ","$469,086.06 "
,TOTAL,,"1,320","$606,398.17 ","$480,521.76 "
62141,80'S,,83,"$10,474.97 ","$8,298.90 "
,OTHER,,792,"$517,499.99 ","$410,139.85 "
,TOTAL,,875,"$527,974.96 ","$418,438.75 "
62142,80'S,,41,"$3,546.38 ","$2,837.10 "
,OTHER,,431,"$253,254.95 ","$200,027.20 "
,TOTAL,,472,"$256,801.33 ","$202,864.30 "
62143,80'S,,67,"$6,096.29 ","$4,871.11 "
,OTHER,,562,"$355,358.75 ","$282,370.48 "
,TOTAL,,629,"$361,455.04 ","$287,241.59 "
62145,80'S,,13,"$1,891.98 ","$1,513.61 "
,OTHER,,105,"$65,254.96 ","$52,116.92 "
,TOTAL,,118,"$67,146.94 ","$53,630.53 "
62146,80'S,,5,$597.37 ,$477.90 
,OTHER,,53,"$32,693.96 ","$26,155.15 "
,TOTAL,,58,"$33,291.33 ","$26,633.05 "
62147,80'S,,12,"$2,154.88 ","$1,723.90 "
,OTHER,,63,"$60,355.76 ","$48,284.60 "
,TOTAL,,75,"$62,510.64 ","$50,008.50 "
62148,OTHER,,50,"$6,068.78 ","$4,855.09 "
,TOTAL,,50,"$6,068.78 ","$4,855.09 "
62160,OTHER,,353,"$66,581.07 ","$52,976.55 "
,TOTAL,,353,"$66,581.07 ","$52,976.55 "
62161,80'S,,6,"$1,282.27 ","$1,025.80 "
,OTHER,,76,"$86,465.18 ","$69,058.14 "
,TOTAL,,82,"$87,747.45 ","$70,083.94 "
62162,80'S,,7,"$1,834.86 ","$1,467.89 "
,OTHER,,25,"$37,962.53 ","$29,443.66 "
,TOTAL,,32,"$39,797.39 ","$30,911.55 "
62163,OTHER,,6,"$5,018.48 ","$4,014.78 "
,TOTAL,,6,"$5,018.48 ","$4,014.78 "
62164,80'S,,3,$896.24 ,$717.00 
,OTHER,,45,"$70,521.55 ","$56,417.22 "
,TOTAL,,48,"$71,417.79 ","$57,134.22 "
62165,80'S,,1,$209.90 ,$167.92 
,OTHER,,435,"$454,224.45 ","$363,235.69 "
,TOTAL,,436,"$454,434.35 ","$363,403.61 "
62180,80'S,,4,$632.78 ,$506.23 
,OTHER,,46,"$46,663.37 ","$37,232.21 "
,TOTAL,,50,"$47,296.15 ","$37,738.44 "
62190,OTHER,,21,"$11,830.85 ","$8,989.33 "
,TOTAL,,21,"$11,830.85 ","$8,989.33 "
62192,80'S,,33,"$3,043.02 ","$2,296.97 "
,OTHER,,252,"$149,825.29 ","$118,541.50 "
,TOTAL,,285,"$152,868.31 ","$120,838.47 "
62194,80'S,,1,$56.87 ,$45.50 
,OTHER,,58,"$15,813.24 ","$12,260.27 "
,TOTAL,,59,"$15,870.11 ","$12,305.77 "
62200,80'S,,6,$797.23 ,$637.79 
,OTHER,,56,"$48,517.67 ","$37,790.13 "
,TOTAL,,62,"$49,314.90 ","$38,427.92 "
62201,80'S,,1,$159.05 ,$127.24 
,OTHER,,97,"$95,684.63 ","$74,504.20 "
,TOTAL,,98,"$95,843.68 ","$74,631.44 "
62220,80'S,,7,$943.05 ,$754.43 
,OTHER,,196,"$144,049.33 ","$113,926.63 "
,TOTAL,,203,"$144,992.38 ","$114,681.06 "
62223,80'S,,715,"$99,222.60 ","$78,973.48 "
,OTHER,,"8,057","$5,910,741.26 ","$4,704,109.86 "
,TOTAL,,"8,772","$6,009,963.86 ","$4,783,083.34 "
62225,80'S,,1,$64.15 ,$51.32 
,OTHER,,608,"$209,705.33 ","$166,118.86 "
,TOTAL,,609,"$209,769.48 ","$166,170.18 "
62230,SG,,5,"$2,182.41 ","$1,745.93 "
,80'S,,150,"$16,676.72 ","$13,158.41 "
,OTHER,,"2,470","$1,461,123.68 ","$1,155,222.50 "
,TOTAL,,"2,625","$1,479,982.81 ","$1,170,126.84 "
62252,80'S,,1,$8.86 ,$7.09 
,OTHER,,"5,220","$418,777.53 ","$322,068.00 "
,TOTAL,,"5,221","$418,786.39 ","$322,075.09 "
62256,80'S,,26,"$1,868.93 ","$1,446.29 "
,OTHER,,748,"$293,849.92 ","$232,228.05 "
,TOTAL,,774,"$295,718.85 ","$233,674.34 "
62258,80'S,,35,"$5,364.95 ","$4,291.96 "
,OTHER,,584,"$467,599.54 ","$372,672.18 "
,TOTAL,,619,"$472,964.49 ","$376,964.14 "
62263,SG,,688,"$224,830.85 ","$177,671.91 "
,OTHER,,"1,566","$649,663.29 ","$513,532.11 "
,TOTAL,,"2,254","$874,494.14 ","$691,204.02 "
62264,SG,,"4,635","$1,384,918.17 ","$1,094,476.40 "
,OTHER,,"15,891","$4,415,995.63 ","$3,479,155.18 "
,TOTAL,,"20,526","$5,800,913.80 ","$4,573,631.58 "
62268,SG,,62,"$8,225.44 ","$6,580.27 "
,OTHER,,243,"$77,576.56 ","$61,648.32 "
,TOTAL,,305,"$85,802.00 ","$68,228.59 "
62269,SG,,4,"$1,164.67 ",$931.74 
,OTHER,,286,"$71,927.33 ","$57,199.32 "
,TOTAL,,290,"$73,092.00 ","$58,131.06 "
62270,SG,,209,"$28,515.44 ","$22,396.19 "
,OTHER,,"77,869","$5,858,700.71 ","$4,594,964.84 "
,TOTAL,,"78,078","$5,887,216.15 ","$4,617,361.03 "
62272,SG,,62,"$8,688.21 ","$6,583.69 "
,80'S,,1,$5.07 ,$4.06 
,OTHER,,"5,603","$451,028.82 ","$353,518.93 "
,TOTAL,,"5,666","$459,722.10 ","$360,106.68 "
62273,SG,,357,"$114,679.58 ","$90,064.70 "
,OTHER,,"2,834","$306,090.70 ","$237,847.81 "
,TOTAL,,"3,191","$420,770.28 ","$327,912.51 "
62280,SG,,7,"$2,044.11 ","$1,635.29 "
,OTHER,,150,"$22,017.88 ","$17,135.69 "
,TOTAL,,157,"$24,061.99 ","$18,770.98 "
62281,SG,,79,"$23,802.10 ","$18,563.20 "
,OTHER,,"1,015","$203,357.29 ","$159,193.04 "
,TOTAL,,"1,094","$227,159.39 ","$177,756.24 "
62282,SG,,522,"$166,700.94 ","$130,998.88 "
,OTHER,,"6,765","$1,721,561.63 ","$1,357,473.09 "
,TOTAL,,"7,287","$1,888,262.57 ","$1,488,471.97 "
62284,80'S,,1,$13.13 ,$10.50 
,OTHER,,"69,099","$8,290,919.30 ","$6,468,532.46 "
,TOTAL,,"69,100","$8,290,932.43 ","$6,468,542.96 "
62287,SG,,382,"$481,358.16 ","$384,125.08 "
,OTHER,,"1,947","$919,442.09 ","$730,222.41 "
,TOTAL,,"2,329","$1,400,800.25 ","$1,114,347.49 "
62290,OTHER,,"23,779","$3,898,849.88 ","$3,045,290.83 "
,TOTAL,,"23,779","$3,898,849.88 ","$3,045,290.83 "
62291,OTHER,,"2,196","$322,501.54 ","$251,061.92 "
,TOTAL,,"2,196","$322,501.54 ","$251,061.92 "
62292,OTHER,,309,"$162,810.35 ","$130,142.37 "
,TOTAL,,309,"$162,810.35 ","$130,142.37 "
62294,SG,,3,$289.92 ,$231.93 
,OTHER,,4,"$2,545.72 ","$2,036.59 "
,TOTAL,,7,"$2,835.64 ","$2,268.52 "
62310,SG,,"46,660","$15,030,483.23 ","$11,768,682.40 "
,OTHER,,"158,030","$22,050,494.78 ","$17,061,550.90 "
,TOTAL,,"204,690","$37,080,978.01 ","$28,830,233.30 "
62311,SG,,"242,464","$78,051,306.81 ","$61,268,163.72 "
,OTHER,,"937,987","$113,444,709.57 ","$88,088,648.74 "
,TOTAL,,"1,180,451","$191,496,016.38 ","$149,356,812.46 "
62318,SG,,"2,091","$661,554.72 ","$519,033.31 "
,OTHER,,"47,338","$4,841,407.14 ","$3,830,737.41 "
,TOTAL,,"49,429","$5,502,961.86 ","$4,349,770.72 "
62319,SG,,"4,296","$1,339,965.16 ","$1,059,292.30 "
,OTHER,,"57,099","$5,535,539.14 ","$4,374,189.67 "
,TOTAL,,"61,395","$6,875,504.30 ","$5,433,481.97 "
62350,SG,,519,"$197,316.91 ","$155,452.01 "
,80'S,,16,"$1,040.50 ",$832.41 
,OTHER,,"6,599","$2,082,373.25 ","$1,630,745.53 "
,TOTAL,,"7,134","$2,280,730.66 ","$1,787,029.95 "
62351,80'S,,36,"$2,808.13 ","$2,246.53 "
,OTHER,,441,"$195,704.16 ","$153,998.65 "
,TOTAL,,477,"$198,512.29 ","$156,245.18 "
62355,SG,,132,"$50,146.98 ","$39,649.09 "
,80'S,,9,$344.70 ,$275.76 
,OTHER,,"1,460","$366,991.01 ","$285,414.09 "
,TOTAL,,"1,601","$417,482.69 ","$325,338.94 "
62360,SG,,27,"$9,933.99 ","$7,911.31 "
,80'S,,5,$165.82 ,$132.65 
,OTHER,,614,"$111,560.96 ","$87,354.64 "
,TOTAL,,646,"$121,660.77 ","$95,398.60 "
62361,SG,,6,"$1,825.86 ","$1,460.69 "
,80'S,,1,$31.37 ,$25.10 
,OTHER,,379,"$84,372.56 ","$66,743.97 "
,TOTAL,,386,"$86,229.79 ","$68,229.76 "
62362,SG,,322,"$119,061.17 ","$94,191.43 "
,80'S,,57,"$4,194.44 ","$3,355.60 "
,OTHER,,"6,948","$3,232,008.67 ","$2,528,978.21 "
,TOTAL,,"7,327","$3,355,264.28 ","$2,626,525.24 "
62365,SG,,125,"$44,318.23 ","$35,273.26 "
,80'S,,8,$378.94 ,$303.17 
,OTHER,,"1,465","$483,722.92 ","$377,925.59 "
,TOTAL,,"1,598","$528,420.09 ","$413,502.02 "
62367,OTHER,,"13,749","$456,717.98 ","$339,984.93 "
,TOTAL,,"13,749","$456,717.98 ","$339,984.93 "
62368,80'S,,2,$9.06 ,$7.25 
,OTHER,,"176,569","$8,487,216.51 ","$6,376,683.94 "
,TOTAL,,"176,571","$8,487,225.57 ","$6,376,691.19 "
63001,80'S,,109,"$11,629.37 ","$9,206.51 "
,OTHER,,865,"$544,114.20 ","$430,369.70 "
,TOTAL,,974,"$555,743.57 ","$439,576.21 "
63003,80'S,,52,"$6,426.98 ","$4,899.56 "
,OTHER,,502,"$343,162.59 ","$271,180.46 "
,TOTAL,,554,"$349,589.57 ","$276,080.02 "
63005,80'S,,170,"$21,617.77 ","$17,048.72 "
,OTHER,,"1,696","$1,108,399.02 ","$877,635.97 "
,TOTAL,,"1,866","$1,130,016.79 ","$894,684.69 "
63011,80'S,,16,"$1,087.95 ",$870.34 
,OTHER,,335,"$138,167.05 ","$109,250.84 "
,TOTAL,,351,"$139,255.00 ","$110,121.18 "
63012,80'S,,364,"$35,132.61 ","$27,998.88 "
,OTHER,,"2,420","$1,116,960.49 ","$887,046.97 "
,TOTAL,,"2,784","$1,152,093.10 ","$915,045.85 "
63015,80'S,,230,"$45,114.42 ","$36,075.29 "
,OTHER,,"2,314","$2,410,107.48 ","$1,917,587.50 "
,TOTAL,,"2,544","$2,455,221.90 ","$1,953,662.79 "
63016,80'S,,41,"$7,377.69 ","$5,902.11 "
,OTHER,,293,"$298,331.35 ","$238,120.84 "
,TOTAL,,334,"$305,709.04 ","$244,022.95 "
63017,80'S,,127,"$16,860.52 ","$13,480.12 "
,OTHER,,"1,203","$914,331.00 ","$721,889.23 "
,TOTAL,,"1,330","$931,191.52 ","$735,369.35 "
63020,80'S,,282,"$41,766.41 ","$33,202.40 "
,OTHER,,"2,214","$1,837,719.05 ","$1,448,370.57 "
,TOTAL,,"2,496","$1,879,485.46 ","$1,481,572.97 "
63030,80'S,,"4,325","$572,449.35 ","$452,333.12 "
,OTHER,,"38,576","$25,078,220.82 ","$19,828,219.88 "
,TOTAL,,"42,901","$25,650,670.17 ","$20,280,553.00 "
63035,80'S,,"2,112","$73,374.91 ","$58,426.26 "
,OTHER,,"15,143","$2,623,034.51 ","$2,084,551.61 "
,TOTAL,,"17,255","$2,696,409.42 ","$2,142,977.87 "
63040,80'S,,68,"$12,014.14 ","$9,506.51 "
,OTHER,,418,"$414,045.37 ","$327,046.32 "
,TOTAL,,486,"$426,059.51 ","$336,552.83 "
63042,80'S,,"2,748","$484,331.79 ","$384,008.06 "
,OTHER,,"21,619","$18,632,470.82 ","$14,746,952.14 "
,TOTAL,,"24,367","$19,116,802.61 ","$15,130,960.20 "
63043,80'S,,59,"$2,934.25 ","$2,345.24 "
,OTHER,,329,"$84,006.63 ","$65,718.34 "
,TOTAL,,388,"$86,940.88 ","$68,063.58 "
63044,80'S,,"1,717","$84,608.58 ","$67,289.70 "
,OTHER,,"13,414","$2,996,528.95 ","$2,378,833.71 "
,TOTAL,,"15,131","$3,081,137.53 ","$2,446,123.41 "
63045,80'S,,"1,158","$159,087.60 ","$125,775.47 "
,OTHER,,"7,885","$5,830,613.13 ","$4,613,009.95 "
,TOTAL,,"9,043","$5,989,700.73 ","$4,738,785.42 "
63046,80'S,,416,"$50,002.08 ","$39,590.17 "
,OTHER,,"2,547","$1,635,556.89 ","$1,299,420.42 "
,TOTAL,,"2,963","$1,685,558.97 ","$1,339,010.59 "
63047,80'S,,"12,398","$1,459,084.27 ","$1,157,280.09 "
,OTHER,,"100,043","$60,317,490.91 ","$47,823,305.21 "
,TOTAL,,"112,441","$61,776,575.18 ","$48,980,585.30 "
63048,80'S,,"20,746","$657,530.69 ","$522,909.23 "
,OTHER,,"154,023","$24,773,758.41 ","$19,687,644.29 "
,TOTAL,,"174,769","$25,431,289.10 ","$20,210,553.52 "
63050,80'S,,7,"$1,491.22 ","$1,192.98 "
,OTHER,,108,"$102,941.03 ","$82,352.92 "
,TOTAL,,115,"$104,432.25 ","$83,545.90 "
63051,80'S,,123,"$29,018.05 ","$22,803.20 "
,OTHER,,819,"$1,006,289.03 ","$790,631.13 "
,TOTAL,,942,"$1,035,307.08 ","$813,434.33 "
63055,80'S,,96,"$18,465.44 ","$14,614.15 "
,OTHER,,615,"$646,256.03 ","$511,717.42 "
,TOTAL,,711,"$664,721.47 ","$526,331.57 "
63056,80'S,,"1,057","$175,314.36 ","$138,410.68 "
,OTHER,,"8,052","$6,321,022.23 ","$5,005,353.14 "
,TOTAL,,"9,109","$6,496,336.59 ","$5,143,763.82 "
63057,80'S,,593,"$28,995.02 ","$22,593.69 "
,OTHER,,"3,660","$904,420.48 ","$717,046.95 "
,TOTAL,,"4,253","$933,415.50 ","$739,640.64 "
63064,80'S,,24,"$4,812.77 ","$3,850.22 "
,OTHER,,138,"$167,527.92 ","$132,258.59 "
,TOTAL,,162,"$172,340.69 ","$136,108.81 "
63066,80'S,,12,$377.02 ,$301.60 
,OTHER,,68,"$10,942.68 ","$8,754.14 "
,TOTAL,,80,"$11,319.70 ","$9,055.74 "
63075,80'S,,"3,935","$747,213.11 ","$588,085.20 "
,OTHER,,"32,350","$30,433,655.63 ","$23,945,907.59 "
,TOTAL,,"36,285","$31,180,868.74 ","$24,533,992.79 "
63076,80'S,,"2,874","$108,565.89 ","$86,019.66 "
,OTHER,,"23,796","$4,427,429.49 ","$3,493,552.39 "
,TOTAL,,"26,670","$4,535,995.38 ","$3,579,572.05 "
63077,80'S,,67,"$11,941.20 ","$9,422.39 "
,OTHER,,321,"$240,618.18 ","$189,952.27 "
,TOTAL,,388,"$252,559.38 ","$199,374.66 "
63078,80'S,,42,"$1,259.84 ","$1,007.86 "
,OTHER,,148,"$22,392.31 ","$17,768.34 "
,TOTAL,,190,"$23,652.15 ","$18,776.20 "
63081,80'S,,"1,173","$295,197.84 ","$233,580.61 "
,OTHER,,"7,887","$9,939,618.45 ","$7,863,764.54 "
,TOTAL,,"9,060","$10,234,816.29 ","$8,097,345.15 "
63082,80'S,,"1,029","$43,010.57 ","$34,103.20 "
,OTHER,,"7,510","$1,573,809.94 ","$1,244,261.24 "
,TOTAL,,"8,539","$1,616,820.51 ","$1,278,364.44 "
63085,80'S,,61,"$16,135.14 ","$12,908.06 "
,OTHER,,580,"$654,247.33 ","$520,827.83 "
,TOTAL,,641,"$670,382.47 ","$533,735.89 "
63086,80'S,,50,"$1,553.02 ","$1,242.35 "
,OTHER,,293,"$42,331.91 ","$33,667.07 "
,TOTAL,,343,"$43,884.93 ","$34,909.42 "
63087,80'S,,100,"$33,834.30 ","$27,067.42 "
,OTHER,,759,"$1,150,775.43 ","$916,408.13 "
,TOTAL,,859,"$1,184,609.73 ","$943,475.55 "
63088,80'S,,39,"$1,654.19 ","$1,323.37 "
,OTHER,,377,"$77,491.51 ","$61,993.29 "
,TOTAL,,416,"$79,145.70 ","$63,316.66 "
63090,80'S,,217,"$62,083.07 ","$49,205.96 "
,OTHER,,"1,854","$2,178,328.84 ","$1,722,942.01 "
,TOTAL,,"2,071","$2,240,411.91 ","$1,772,147.97 "
63091,80'S,,192,"$5,516.42 ","$4,388.12 "
,OTHER,,"1,377","$187,065.26 ","$148,776.84 "
,TOTAL,,"1,569","$192,581.68 ","$153,164.96 "
63101,80'S,,69,"$20,764.44 ","$16,583.02 "
,OTHER,,344,"$623,908.95 ","$497,175.57 "
,TOTAL,,413,"$644,673.39 ","$513,758.59 "
63102,80'S,,55,"$17,380.25 ","$13,760.65 "
,OTHER,,544,"$791,905.46 ","$629,654.40 "
,TOTAL,,599,"$809,285.71 ","$643,415.05 "
63103,80'S,,40,"$1,702.96 ","$1,362.37 "
,OTHER,,549,"$111,504.60 ","$88,884.86 "
,TOTAL,,589,"$113,207.56 ","$90,247.23 "
63170,80'S,,1,$89.32 ,$71.46 
,OTHER,,17,"$19,435.59 ","$15,548.47 "
,TOTAL,,18,"$19,524.91 ","$15,619.93 "
63172,80'S,,18,"$2,478.38 ","$1,982.71 "
,OTHER,,131,"$111,071.40 ","$88,510.06 "
,TOTAL,,149,"$113,549.78 ","$90,492.77 "
63173,80'S,,1,$238.80 ,$191.04 
,OTHER,,31,"$38,749.80 ","$30,999.84 "
,TOTAL,,32,"$38,988.60 ","$31,190.88 "
63180,80'S,,1,$99.77 ,$79.82 
,OTHER,,4,"$2,093.71 ","$1,674.96 "
,TOTAL,,5,"$2,193.48 ","$1,754.78 "
63185,80'S,,23,"$2,114.81 ","$1,691.86 "
,OTHER,,67,"$39,213.15 ","$31,318.17 "
,TOTAL,,90,"$41,327.96 ","$33,010.03 "
63190,80'S,,14,"$2,159.66 ","$1,727.72 "
,OTHER,,43,"$37,452.78 ","$29,836.93 "
,TOTAL,,57,"$39,612.44 ","$31,564.65 "
63191,OTHER,,3,"$2,984.32 ","$2,387.45 "
,TOTAL,,3,"$2,984.32 ","$2,387.45 "
63194,OTHER,,3,"$3,398.10 ","$2,718.48 "
,TOTAL,,3,"$3,398.10 ","$2,718.48 "
63195,80'S,,2,$423.80 ,$339.04 
,OTHER,,5,"$5,518.53 ","$3,599.44 "
,TOTAL,,7,"$5,942.33 ","$3,938.48 "
63196,OTHER,,1,"$1,727.88 ","$1,382.30 "
,TOTAL,,1,"$1,727.88 ","$1,382.30 "
63197,OTHER,,1,"$1,638.99 ","$1,311.19 "
,TOTAL,,1,"$1,638.99 ","$1,311.19 "
63199,OTHER,,1,$771.39 ,$617.11 
,TOTAL,,1,$771.39 ,$617.11 
63200,80'S,,61,"$9,939.58 ","$7,634.45 "
,OTHER,,178,"$185,842.06 ","$146,674.41 "
,TOTAL,,239,"$195,781.64 ","$154,308.86 "
63250,OTHER,,12,"$29,179.36 ","$23,343.50 "
,TOTAL,,12,"$29,179.36 ","$23,343.50 "
63251,80'S,,6,"$2,665.58 ","$2,096.87 "
,OTHER,,41,"$106,459.49 ","$85,167.58 "
,TOTAL,,47,"$109,125.07 ","$87,264.45 "
63252,80'S,,2,$830.20 ,$664.16 
,OTHER,,38,"$92,843.83 ","$74,275.07 "
,TOTAL,,40,"$93,674.03 ","$74,939.23 "
63265,80'S,,33,"$6,621.52 ","$5,297.20 "
,OTHER,,371,"$389,946.88 ","$310,676.03 "
,TOTAL,,404,"$396,568.40 ","$315,973.23 "
63266,80'S,,77,"$17,008.28 ","$13,585.47 "
,OTHER,,621,"$747,299.75 ","$596,253.01 "
,TOTAL,,698,"$764,308.03 ","$609,838.48 "
63267,80'S,,458,"$78,508.64 ","$62,408.11 "
,OTHER,,"4,221","$3,616,339.62 ","$2,870,820.28 "
,TOTAL,,"4,679","$3,694,848.26 ","$2,933,228.39 "
63268,80'S,,4,$412.19 ,$329.75 
,OTHER,,55,"$41,969.56 ","$33,575.63 "
,TOTAL,,59,"$42,381.75 ","$33,905.38 "
63270,80'S,,7,"$2,146.87 ","$1,499.41 "
,OTHER,,65,"$99,632.33 ","$78,342.84 "
,TOTAL,,72,"$101,779.20 ","$79,842.25 "
63271,80'S,,39,"$10,340.37 ","$8,272.30 "
,OTHER,,246,"$377,305.89 ","$299,587.54 "
,TOTAL,,285,"$387,646.26 ","$307,859.84 "
63272,80'S,,36,"$9,649.45 ","$7,614.79 "
,OTHER,,298,"$413,579.86 ","$327,432.48 "
,TOTAL,,334,"$423,229.31 ","$335,047.27 "
63273,80'S,,2,$442.76 ,$354.21 
,OTHER,,21,"$34,679.50 ","$26,381.24 "
,TOTAL,,23,"$35,122.26 ","$26,735.45 "
63275,80'S,,28,"$6,866.36 ","$5,073.94 "
,OTHER,,177,"$226,327.22 ","$179,674.42 "
,TOTAL,,205,"$233,193.58 ","$184,748.36 "
63276,80'S,,125,"$29,277.86 ","$23,213.09 "
,OTHER,,"1,027","$1,278,872.09 ","$1,018,248.86 "
,TOTAL,,"1,152","$1,308,149.95 ","$1,041,461.95 "
63277,80'S,,78,"$15,807.48 ","$12,646.00 "
,OTHER,,681,"$698,100.50 ","$554,510.13 "
,TOTAL,,759,"$713,907.98 ","$567,156.13 "
63278,80'S,,13,"$2,353.93 ","$1,883.15 "
,OTHER,,69,"$68,425.87 ","$54,262.32 "
,TOTAL,,82,"$70,779.80 ","$56,145.47 "
63280,80'S,,31,"$9,565.87 ","$7,652.72 "
,OTHER,,219,"$364,572.83 ","$291,527.23 "
,TOTAL,,250,"$374,138.70 ","$299,179.95 "
63281,80'S,,98,"$27,749.63 ","$22,147.19 "
,OTHER,,592,"$918,788.81 ","$732,892.28 "
,TOTAL,,690,"$946,538.44 ","$755,039.47 "
63282,80'S,,59,"$16,195.60 ","$12,851.68 "
,OTHER,,417,"$606,281.52 ","$481,677.97 "
,TOTAL,,476,"$622,477.12 ","$494,529.65 "
63283,80'S,,1,$296.41 ,$237.13 
,OTHER,,21,"$23,380.32 ","$18,704.24 "
,TOTAL,,22,"$23,676.73 ","$18,941.37 "
63285,80'S,,14,"$4,620.31 ","$3,696.26 "
,OTHER,,70,"$144,688.66 ","$115,562.59 "
,TOTAL,,84,"$149,308.97 ","$119,258.85 "
63286,80'S,,13,"$4,007.81 ","$2,956.66 "
,OTHER,,88,"$177,224.15 ","$140,009.74 "
,TOTAL,,101,"$181,231.96 ","$142,966.40 "
63287,80'S,,8,"$2,972.98 ","$2,378.38 "
,OTHER,,57,"$114,653.51 ","$91,485.60 "
,TOTAL,,65,"$117,626.49 ","$93,863.98 "
63290,80'S,,6,"$2,475.63 ","$1,980.49 "
,OTHER,,43,"$93,038.73 ","$73,442.86 "
,TOTAL,,49,"$95,514.36 ","$75,423.35 "
63295,80'S,,5,$230.95 ,$184.77 
,OTHER,,29,"$8,253.83 ","$6,603.11 "
,TOTAL,,34,"$8,484.78 ","$6,787.88 "
63300,80'S,,29,"$7,683.25 ","$6,146.60 "
,OTHER,,156,"$204,832.09 ","$161,574.43 "
,TOTAL,,185,"$212,515.34 ","$167,721.03 "
63301,80'S,,8,"$2,500.81 ","$2,000.65 "
,OTHER,,106,"$134,284.35 ","$107,192.76 "
,TOTAL,,114,"$136,785.16 ","$109,193.41 "
63302,80'S,,5,"$1,434.78 ","$1,147.82 "
,OTHER,,34,"$45,841.31 ","$36,053.57 "
,TOTAL,,39,"$47,276.09 ","$37,201.39 "
63303,80'S,,9,"$2,620.53 ","$2,096.42 "
,OTHER,,87,"$110,459.46 ","$87,705.12 "
,TOTAL,,96,"$113,079.99 ","$89,801.54 "
63304,80'S,,2,$679.77 ,$543.82 
,OTHER,,9,"$14,957.84 ","$11,966.27 "
,TOTAL,,11,"$15,637.61 ","$12,510.09 "
63305,OTHER,,8,"$13,554.03 ","$10,843.23 "
,TOTAL,,8,"$13,554.03 ","$10,843.23 "
63306,80'S,,1,$269.69 ,$215.75 
,OTHER,,1,"$1,983.03 ","$1,586.42 "
,TOTAL,,2,"$2,252.72 ","$1,802.17 "
63307,80'S,,3,$956.89 ,$765.51 
,OTHER,,4,"$6,288.08 ","$5,030.46 "
,TOTAL,,7,"$7,244.97 ","$5,795.97 "
63308,80'S,,16,$821.31 ,$657.05 
,OTHER,,152,"$43,245.86 ","$34,296.85 "
,TOTAL,,168,"$44,067.17 ","$34,953.90 "
63600,SG,,32,"$14,230.92 ","$11,279.95 "
,OTHER,,102,"$68,149.75 ","$53,826.41 "
,TOTAL,,134,"$82,380.67 ","$65,106.36 "
63610,SG,,23,"$7,374.72 ","$5,726.74 "
,OTHER,,7,"$9,819.69 ","$7,819.02 "
,TOTAL,,30,"$17,194.41 ","$13,545.76 "
63615,OTHER,,3,"$3,254.20 ","$2,603.36 "
,TOTAL,,3,"$3,254.20 ","$2,603.36 "
63650,SG,,"5,863","$2,018,021.47 ","$1,602,858.27 "
,OTHER,,"25,021","$7,330,854.60 ","$5,779,647.38 "
,TOTAL,,"30,884","$9,348,876.07 ","$7,382,505.65 "
63655,80'S,,256,"$27,440.66 ","$21,353.88 "
,OTHER,,"3,408","$1,903,659.03 ","$1,497,391.42 "
,TOTAL,,"3,664","$1,931,099.69 ","$1,518,745.30 "
63660,SG,,"1,051","$286,198.59 ","$225,724.60 "
,80'S,,9,$478.31 ,$382.64 
,OTHER,,"5,803","$1,912,703.91 ","$1,497,337.95 "
,TOTAL,,"6,863","$2,199,380.81 ","$1,723,445.19 "
63685,SG,,895,"$327,797.95 ","$259,592.26 "
,80'S,,338,"$17,398.37 ","$13,662.20 "
,OTHER,,"8,616","$2,988,009.78 ","$2,351,989.91 "
,TOTAL,,"9,849","$3,333,206.10 ","$2,625,244.37 "
63688,SG,,452,"$120,712.78 ","$95,807.96 "
,80'S,,1,$48.52 ,$38.82 
,OTHER,,"3,416","$873,753.22 ","$680,958.41 "
,TOTAL,,"3,869","$994,514.52 ","$776,805.19 "
63700,80'S,,7,"$1,006.46 ",$805.17 
,OTHER,,29,"$20,175.26 ","$15,493.35 "
,TOTAL,,36,"$21,181.72 ","$16,298.52 "
63702,OTHER,,8,"$6,735.66 ","$5,388.54 "
,TOTAL,,8,"$6,735.66 ","$5,388.54 "
63704,80'S,,2,$472.53 ,$378.03 
,OTHER,,8,"$7,611.17 ","$6,088.93 "
,TOTAL,,10,"$8,083.70 ","$6,466.96 "
63706,80'S,,1,$265.81 ,$212.65 
,OTHER,,4,"$5,813.32 ","$4,650.66 "
,TOTAL,,5,"$6,079.13 ","$4,863.31 "
63707,80'S,,210,"$18,403.51 ","$14,371.24 "
,OTHER,,"1,677","$776,839.39 ","$615,802.48 "
,TOTAL,,"1,887","$795,242.90 ","$630,173.72 "
63709,80'S,,160,"$18,975.03 ","$15,180.07 "
,OTHER,,"1,066","$608,487.11 ","$482,537.22 "
,TOTAL,,"1,226","$627,462.14 ","$497,717.29 "
63710,80'S,,74,"$7,045.42 ","$5,636.23 "
,OTHER,,740,"$336,050.62 ","$267,178.45 "
,TOTAL,,814,"$343,096.04 ","$272,814.68 "
63740,80'S,,12,"$1,182.21 ",$945.77 
,OTHER,,108,"$64,857.95 ","$51,371.43 "
,TOTAL,,120,"$66,040.16 ","$52,317.20 "
63741,80'S,,9,$667.81 ,$534.25 
,OTHER,,304,"$137,205.23 ","$109,094.40 "
,TOTAL,,313,"$137,873.04 ","$109,628.65 "
63744,80'S,,3,$209.30 ,$167.44 
,OTHER,,161,"$71,707.51 ","$56,755.81 "
,TOTAL,,164,"$71,916.81 ","$56,923.25 "
63746,80'S,,2,$254.10 ,$203.28 
,OTHER,,54,"$19,398.13 ","$15,518.53 "
,TOTAL,,56,"$19,652.23 ","$15,721.81 "
64400,OTHER,,"9,831","$748,724.01 ","$578,842.72 "
,TOTAL,,"9,831","$748,724.01 ","$578,842.72 "
64402,OTHER,,"2,043","$132,129.67 ","$101,202.21 "
,TOTAL,,"2,043","$132,129.67 ","$101,202.21 "
64405,OTHER,,"57,883","$4,284,018.08 ","$3,298,726.58 "
,TOTAL,,"57,883","$4,284,018.08 ","$3,298,726.58 "
64408,OTHER,,109,"$9,834.06 ","$7,454.99 "
,TOTAL,,109,"$9,834.06 ","$7,454.99 "
64410,SG,,1,$309.99 ,$247.99 
,OTHER,,76,"$4,640.75 ","$3,417.71 "
,TOTAL,,77,"$4,950.74 ","$3,665.70 "
64412,OTHER,,"2,935","$294,630.51 ","$224,937.36 "
,TOTAL,,"2,935","$294,630.51 ","$224,937.36 "
64413,OTHER,,"9,504","$715,849.13 ","$559,153.51 "
,TOTAL,,"9,504","$715,849.13 ","$559,153.51 "
64415,SG,,"2,663","$215,726.23 ","$170,745.57 "
,OTHER,,"77,342","$5,316,493.81 ","$4,193,439.57 "
,TOTAL,,"80,005","$5,532,220.04 ","$4,364,185.14 "
64416,OTHER,,"5,151","$844,061.59 ","$667,003.27 "
,TOTAL,,"5,151","$844,061.59 ","$667,003.27 "
64417,SG,,238,"$19,710.19 ","$15,712.12 "
,OTHER,,"6,715","$485,478.63 ","$382,150.47 "
,TOTAL,,"6,953","$505,188.82 ","$397,862.59 "
64418,OTHER,,"22,728","$2,423,322.62 ","$1,893,786.69 "
,TOTAL,,"22,728","$2,423,322.62 ","$1,893,786.69 "
64420,SG,,405,"$46,732.38 ","$36,210.80 "
,OTHER,,"6,064","$700,720.22 ","$546,438.72 "
,TOTAL,,"6,469","$747,452.60 ","$582,649.52 "
64421,SG,,"2,045","$601,451.42 ","$473,384.79 "
,OTHER,,"22,323","$3,566,583.83 ","$2,809,506.71 "
,TOTAL,,"24,368","$4,168,035.25 ","$3,282,891.50 "
64425,80'S,,1,$6.53 ,$5.22 
,OTHER,,"6,523","$646,841.28 ","$496,940.14 "
,TOTAL,,"6,524","$646,847.81 ","$496,945.36 "
64430,SG,,544,"$43,227.08 ","$34,392.93 "
,OTHER,,"13,268","$1,083,333.98 ","$853,671.35 "
,TOTAL,,"13,812","$1,126,561.06 ","$888,064.28 "
64435,OTHER,,"1,020","$100,175.23 ","$77,785.06 "
,TOTAL,,"1,020","$100,175.23 ","$77,785.06 "
64445,OTHER,,"65,704","$6,395,390.72 ","$5,016,606.01 "
,TOTAL,,"65,704","$6,395,390.72 ","$5,016,606.01 "
64446,OTHER,,"4,399","$696,934.32 ","$551,482.22 "
,TOTAL,,"4,399","$696,934.32 ","$551,482.22 "
64447,OTHER,,"77,887","$4,808,264.97 ","$3,812,651.29 "
,TOTAL,,"77,887","$4,808,264.97 ","$3,812,651.29 "
64448,OTHER,,"40,717","$5,671,277.33 ","$4,501,402.29 "
,TOTAL,,"40,717","$5,671,277.33 ","$4,501,402.29 "
64449,OTHER,,"3,775","$506,175.11 ","$401,683.04 "
,TOTAL,,"3,775","$506,175.11 ","$401,683.04 "
64450,OTHER,,"232,985","$18,483,066.73 ","$14,252,726.51 "
,TOTAL,,"232,985","$18,483,066.73 ","$14,252,726.51 "
64470,SG,,"26,464","$8,132,628.08 ","$6,401,363.17 "
,OTHER,,"109,106","$26,781,907.44 ","$20,995,340.73 "
,TOTAL,,"135,570","$34,914,535.52 ","$27,396,703.90 "
64472,SG,,"44,809","$8,093,627.48 ","$6,422,200.27 "
,OTHER,,"181,363","$19,509,614.61 ","$15,429,395.38 "
,TOTAL,,"226,172","$27,603,242.09 ","$21,851,595.65 "
64475,SG,,"103,207","$29,931,982.94 ","$23,639,043.22 "
,OTHER,,"369,395","$72,553,447.64 ","$56,945,393.29 "
,TOTAL,,"472,602","$102,485,430.58 ","$80,584,436.51 "
64476,SG,,"157,080","$28,516,715.51 ","$22,692,587.27 "
,OTHER,,"607,364","$52,187,396.55 ","$41,408,289.53 "
,TOTAL,,"764,444","$80,704,112.06 ","$64,100,876.80 "
64479,SG,,"7,721","$2,475,458.08 ","$1,951,872.92 "
,OTHER,,"30,193","$6,621,661.21 ","$5,168,250.53 "
,TOTAL,,"37,914","$9,097,119.29 ","$7,120,123.45 "
64480,SG,,"4,654","$867,188.63 ","$688,333.32 "
,OTHER,,"22,430","$2,886,735.33 ","$2,290,053.00 "
,TOTAL,,"27,084","$3,753,923.96 ","$2,978,386.32 "
64483,SG,,"179,137","$55,758,796.89 ","$43,974,190.04 "
,OTHER,,"512,066","$101,673,161.07 ","$79,556,602.52 "
,TOTAL,,"691,203","$157,431,957.96 ","$123,530,792.56 "
64484,SG,,"90,132","$16,083,516.25 ","$12,784,944.08 "
,OTHER,,"277,335","$30,091,583.63 ","$23,865,088.20 "
,TOTAL,,"367,467","$46,175,099.88 ","$36,650,032.28 "
64505,OTHER,,"3,155","$288,702.93 ","$226,318.70 "
,TOTAL,,"3,155","$288,702.93 ","$226,318.70 "
64508,OTHER,,22,"$2,212.60 ","$1,738.62 "
,TOTAL,,22,"$2,212.60 ","$1,738.62 "
64510,SG,,"2,467","$796,594.79 ","$624,857.94 "
,OTHER,,"8,457","$814,366.73 ","$631,532.46 "
,TOTAL,,"10,924","$1,610,961.52 ","$1,256,390.40 "
64517,SG,,139,"$17,334.97 ","$13,752.61 "
,OTHER,,552,"$66,543.31 ","$52,343.50 "
,TOTAL,,691,"$83,878.28 ","$66,096.11 "
64520,SG,,"3,917","$1,157,111.10 ","$904,274.11 "
,OTHER,,"18,230","$2,293,177.56 ","$1,790,135.06 "
,TOTAL,,"22,147","$3,450,288.66 ","$2,694,409.17 "
64530,SG,,342,"$105,064.24 ","$83,410.73 "
,OTHER,,"1,752","$177,882.97 ","$139,680.97 "
,TOTAL,,"2,094","$282,947.21 ","$223,091.70 "
64550,OTHER,,"28,259","$449,123.13 ","$350,490.59 "
,TOTAL,,"28,259","$449,123.13 ","$350,490.59 "
64553,SG,,6,"$1,895.55 ","$1,516.44 "
,80'S,,11,$136.84 ,$109.45 
,OTHER,,116,"$12,757.03 ","$9,970.04 "
,TOTAL,,133,"$14,789.42 ","$11,595.93 "
64555,OTHER,,"31,760","$5,956,837.17 ","$4,719,322.79 "
,TOTAL,,"31,760","$5,956,837.17 ","$4,719,322.79 "
64560,OTHER,,6,$831.45 ,$665.16 
,TOTAL,,6,$831.45 ,$665.16 
64561,SG,,66,"$26,331.92 ","$20,529.41 "
,OTHER,,"3,744","$2,847,064.16 ","$2,259,183.12 "
,TOTAL,,"3,810","$2,873,396.08 ","$2,279,712.53 "
64565,OTHER,,"2,098","$340,373.68 ","$269,057.83 "
,TOTAL,,"2,098","$340,373.68 ","$269,057.83 "
64573,80'S,,17,"$1,374.87 ","$1,099.89 "
,OTHER,,963,"$491,977.84 ","$386,752.92 "
,TOTAL,,980,"$493,352.71 ","$387,852.81 "
64575,SG,,41,"$8,310.36 ","$6,648.31 "
,OTHER,,415,"$78,967.26 ","$62,021.71 "
,TOTAL,,456,"$87,277.62 ","$68,670.02 "
64577,OTHER,,3,$730.60 ,$584.48 
,TOTAL,,3,$730.60 ,$584.48 
64580,OTHER,,31,"$7,958.23 ","$6,366.63 "
,TOTAL,,31,"$7,958.23 ","$6,366.63 "
64581,SG,,2,"$1,031.79 ",$825.43 
,OTHER,,"4,422","$3,103,856.91 ","$2,456,645.70 "
,TOTAL,,"4,424","$3,104,888.70 ","$2,457,471.13 "
64585,SG,,98,"$29,134.10 ","$23,227.88 "
,80'S,,40,$873.98 ,$699.14 
,OTHER,,"1,849","$299,630.94 ","$235,401.60 "
,TOTAL,,"1,987","$329,639.02 ","$259,328.62 "
64590,SG,,16,"$6,625.53 ","$5,300.43 "
,80'S,,89,"$2,424.47 ","$1,916.29 "
,OTHER,,"3,965","$571,178.52 ","$451,990.92 "
,TOTAL,,"4,070","$580,228.52 ","$459,207.64 "
64595,SG,,54,"$13,844.06 ","$11,075.22 "
,80'S,,1,$21.98 ,$17.58 
,OTHER,,"1,052","$115,835.45 ","$90,699.94 "
,TOTAL,,"1,107","$129,701.49 ","$101,792.74 "
64600,SG,,49,"$16,301.63 ","$13,041.30 "
,OTHER,,533,"$173,466.06 ","$135,374.86 "
,TOTAL,,582,"$189,767.69 ","$148,416.16 "
64605,SG,,8,"$2,605.93 ","$2,084.75 "
,OTHER,,90,"$35,338.00 ","$28,128.53 "
,TOTAL,,98,"$37,943.93 ","$30,213.28 "
64610,SG,,18,"$5,781.09 ","$4,305.83 "
,OTHER,,877,"$204,511.56 ","$160,649.43 "
,TOTAL,,895,"$210,292.65 ","$164,955.26 "
64612,OTHER,,"73,449","$10,841,263.60 ","$8,192,926.98 "
,TOTAL,,"73,449","$10,841,263.60 ","$8,192,926.98 "
64613,OTHER,,"45,599","$6,408,889.02 ","$4,854,428.56 "
,TOTAL,,"45,599","$6,408,889.02 ","$4,854,428.56 "
64614,OTHER,,"46,877","$7,739,827.63 ","$5,955,192.62 "
,TOTAL,,"46,877","$7,739,827.63 ","$5,955,192.62 "
64620,SG,,253,"$61,912.49 ","$48,643.87 "
,OTHER,,"1,750","$241,453.90 ","$190,542.14 "
,TOTAL,,"2,003","$303,366.39 ","$239,186.01 "
64622,SG,,"30,568","$9,300,717.35 ","$7,339,606.48 "
,OTHER,,"88,917","$22,647,654.43 ","$17,784,900.12 "
,TOTAL,,"119,485","$31,948,371.78 ","$25,124,506.60 "
64623,SG,,"68,137","$11,798,184.11 ","$9,376,395.69 "
,OTHER,,"212,208","$19,044,031.75 ","$15,105,404.89 "
,TOTAL,,"280,345","$30,842,215.86 ","$24,481,800.58 "
64626,SG,,"7,727","$2,302,672.46 ","$1,809,183.10 "
,OTHER,,"17,840","$5,605,971.95 ","$4,378,157.83 "
,TOTAL,,"25,567","$7,908,644.41 ","$6,187,340.93 "
64627,SG,,"15,452","$2,653,171.28 ","$2,095,537.85 "
,OTHER,,"40,309","$4,783,778.41 ","$3,773,094.12 "
,TOTAL,,"55,761","$7,436,949.69 ","$5,868,631.97 "
64630,SG,,11,"$3,442.63 ","$2,754.09 "
,OTHER,,327,"$50,932.17 ","$40,229.08 "
,TOTAL,,338,"$54,374.80 ","$42,983.17 "
64640,OTHER,,"88,572","$19,464,681.49 ","$15,221,852.49 "
,TOTAL,,"88,572","$19,464,681.49 ","$15,221,852.49 "
64650,OTHER,,125,"$6,493.57 ","$4,983.21 "
,TOTAL,,125,"$6,493.57 ","$4,983.21 "
64653,OTHER,,110,"$6,147.92 ","$4,744.63 "
,TOTAL,,110,"$6,147.92 ","$4,744.63 "
64680,SG,,96,"$33,718.09 ","$26,673.84 "
,OTHER,,992,"$137,553.23 ","$108,367.88 "
,TOTAL,,"1,088","$171,271.32 ","$135,041.72 "
64681,SG,,17,"$6,522.98 ","$5,218.39 "
,OTHER,,94,"$26,108.90 ","$20,279.17 "
,TOTAL,,111,"$32,631.88 ","$25,497.56 "
64702,SG,,217,"$39,920.95 ","$31,422.80 "
,80'S,,1,$36.06 ,$28.85 
,OTHER,,788,"$197,752.88 ","$156,679.23 "
,TOTAL,,"1,006","$237,709.89 ","$188,130.88 "
64704,SG,,"1,104","$210,239.41 ","$166,567.88 "
,80'S,,240,"$6,818.13 ","$5,422.38 "
,OTHER,,"3,748","$662,613.45 ","$522,424.03 "
,TOTAL,,"5,092","$879,670.99 ","$694,414.29 "
64708,SG,,853,"$240,432.06 ","$190,115.46 "
,80'S,,261,"$13,408.68 ","$10,591.93 "
,OTHER,,"3,549","$972,569.32 ","$766,166.18 "
,TOTAL,,"4,663","$1,226,410.06 ","$966,873.57 "
64712,SG,,98,"$26,400.36 ","$20,858.90 "
,80'S,,124,"$5,384.86 ","$4,304.74 "
,OTHER,,"1,332","$446,838.73 ","$353,972.71 "
,TOTAL,,"1,554","$478,623.95 ","$379,136.35 "
64713,SG,,23,"$8,435.34 ","$6,710.66 "
,80'S,,37,"$2,992.70 ","$2,394.19 "
,OTHER,,284,"$144,522.72 ","$113,986.07 "
,TOTAL,,344,"$155,950.76 ","$123,090.92 "
64714,SG,,216,"$82,132.82 ","$65,261.32 "
,80'S,,21,"$1,086.31 ",$869.08 
,OTHER,,896,"$371,365.92 ","$294,587.35 "
,TOTAL,,"1,133","$454,585.05 ","$360,717.75 "
64716,SG,,23,"$9,855.14 ","$7,884.10 "
,80'S,,47,"$2,040.96 ","$1,632.80 "
,OTHER,,361,"$91,189.46 ","$72,039.94 "
,TOTAL,,431,"$103,085.56 ","$81,556.84 "
64718,SG,,"3,834","$1,378,841.26 ","$1,083,523.10 "
,80'S,,75,"$4,785.79 ","$3,828.62 "
,OTHER,,"12,475","$5,512,881.06 ","$4,324,213.82 "
,TOTAL,,"16,384","$6,896,508.11 ","$5,411,565.54 "
64719,SG,,"1,283","$348,490.57 ","$275,785.36 "
,OTHER,,"3,229","$634,102.23 ","$502,030.89 "
,TOTAL,,"4,512","$982,592.80 ","$777,816.25 "
64721,SG,,"40,958","$16,794,994.50 ","$13,210,830.50 "
,80'S,,12,$691.41 ,$553.14 
,OTHER,,"107,056","$37,769,640.45 ","$29,648,426.75 "
,TOTAL,,"148,026","$54,565,326.36 ","$42,859,810.39 "
64722,SG,,157,"$33,862.03 ","$26,901.85 "
,80'S,,153,"$4,387.70 ","$3,468.62 "
,OTHER,,"2,013","$428,008.38 ","$340,481.93 "
,TOTAL,,"2,323","$466,258.11 ","$370,852.40 "
64726,SG,,99,"$21,666.97 ","$16,967.12 "
,OTHER,,395,"$79,875.97 ","$62,328.59 "
,TOTAL,,494,"$101,542.94 ","$79,295.71 "
64727,SG,,652,"$111,281.30 ","$88,255.13 "
,OTHER,,"1,892","$343,508.37 ","$273,228.36 "
,TOTAL,,"2,544","$454,789.67 ","$361,483.49 "
64732,SG,,6,"$2,162.30 ","$1,729.83 "
,OTHER,,16,"$4,941.02 ","$3,952.82 "
,TOTAL,,22,"$7,103.32 ","$5,682.65 "
64734,SG,,3,"$1,095.54 ",$876.43 
,OTHER,,31,"$9,965.87 ","$7,881.93 "
,TOTAL,,34,"$11,061.41 ","$8,758.36 "
64736,OTHER,,11,"$2,822.38 ","$2,246.21 "
,TOTAL,,11,"$2,822.38 ","$2,246.21 "
64738,SG,,1,$433.28 ,$346.62 
,80'S,,1,$61.13 ,$48.90 
,OTHER,,12,"$4,351.45 ","$3,481.17 "
,TOTAL,,14,"$4,845.86 ","$3,876.69 "
64740,OTHER,,9,"$2,140.88 ","$1,712.70 "
,TOTAL,,9,"$2,140.88 ","$1,712.70 "
64742,SG,,7,"$2,237.72 ","$1,790.18 "
,OTHER,,79,"$19,740.64 ","$15,764.45 "
,TOTAL,,86,"$21,978.36 ","$17,554.63 "
64744,SG,,1,$443.45 ,$354.76 
,OTHER,,87,"$31,284.93 ","$23,839.89 "
,TOTAL,,88,"$31,728.38 ","$24,194.65 "
64746,OTHER,,14,"$3,915.85 ","$3,090.35 "
,TOTAL,,14,"$3,915.85 ","$3,090.35 "
64752,80'S,,2,$120.37 ,$96.30 
,OTHER,,12,"$3,684.58 ","$2,947.66 "
,TOTAL,,14,"$3,804.95 ","$3,043.96 "
64755,OTHER,,4,"$1,216.72 ",$973.38 
,TOTAL,,4,"$1,216.72 ",$973.38 
64760,80'S,,5,$177.83 ,$142.26 
,OTHER,,41,"$8,199.49 ","$6,504.68 "
,TOTAL,,46,"$8,377.32 ","$6,646.94 "
64761,OTHER,,13,"$3,152.98 ","$2,504.90 "
,TOTAL,,13,"$3,152.98 ","$2,504.90 "
64763,OTHER,,1,$251.28 ,$201.02 
,TOTAL,,1,$251.28 ,$201.02 
64766,OTHER,,9,"$4,024.50 ","$3,219.59 "
,TOTAL,,9,"$4,024.50 ","$3,219.59 "
64771,SG,,5,"$1,371.48 ","$1,097.19 "
,80'S,,12,$743.54 ,$594.87 
,OTHER,,54,"$17,473.17 ","$13,300.74 "
,TOTAL,,71,"$19,588.19 ","$14,992.80 "
64772,SG,,50,"$14,253.05 ","$11,402.44 "
,80'S,,17,$810.56 ,$648.44 
,OTHER,,378,"$99,733.29 ","$78,456.61 "
,TOTAL,,445,"$114,796.90 ","$90,507.49 "
64774,SG,,93,"$29,849.93 ","$23,239.42 "
,OTHER,,433,"$118,550.44 ","$92,812.78 "
,TOTAL,,526,"$148,400.37 ","$116,052.20 "
64776,SG,,217,"$87,104.40 ","$69,473.84 "
,80'S,,13,$607.15 ,$485.71 
,OTHER,,279,"$73,618.01 ","$56,819.40 "
,TOTAL,,509,"$161,329.56 ","$126,778.95 "
64778,SG,,9,"$2,262.81 ","$1,810.24 "
,OTHER,,24,"$4,241.54 ","$3,393.23 "
,TOTAL,,33,"$6,504.35 ","$5,203.47 "
64782,SG,,221,"$85,814.81 ","$67,013.16 "
,80'S,,1,$32.00 ,$25.60 
,OTHER,,"1,017","$298,047.46 ","$233,278.47 "
,TOTAL,,"1,239","$383,894.27 ","$300,317.23 "
64783,SG,,28,"$6,136.42 ","$4,850.63 "
,OTHER,,110,"$22,159.16 ","$17,428.27 "
,TOTAL,,138,"$28,295.58 ","$22,278.90 "
64784,SG,,189,"$68,384.54 ","$54,091.39 "
,80'S,,19,"$1,520.30 ","$1,216.25 "
,OTHER,,854,"$417,597.39 ","$327,408.94 "
,TOTAL,,"1,062","$487,502.23 ","$382,716.58 "
64786,SG,,2,$764.64 ,$611.71 
,80'S,,4,$651.98 ,$521.58 
,OTHER,,34,"$29,186.22 ","$23,348.97 "
,TOTAL,,40,"$30,602.84 ","$24,482.26 "
64787,SG,,166,"$38,251.43 ","$30,244.55 "
,80'S,,16,$602.73 ,$445.40 
,OTHER,,591,"$139,520.67 ","$108,169.19 "
,TOTAL,,773,"$178,374.83 ","$138,859.14 "
64788,SG,,50,"$20,657.66 ","$15,992.68 "
,OTHER,,318,"$79,114.36 ","$62,979.11 "
,TOTAL,,368,"$99,772.02 ","$78,971.79 "
64790,SG,,20,"$9,261.77 ","$7,409.42 "
,80'S,,3,$360.69 ,$288.55 
,OTHER,,190,"$129,265.14 ","$101,785.16 "
,TOTAL,,213,"$138,887.60 ","$109,483.13 "
64792,SG,,6,"$2,782.96 ","$2,226.38 "
,80'S,,7,"$1,071.35 ",$857.09 
,OTHER,,93,"$74,545.62 ","$59,146.16 "
,TOTAL,,106,"$78,399.93 ","$62,229.63 "
64795,SG,,68,"$27,300.84 ","$21,365.27 "
,OTHER,,"1,139","$193,365.22 ","$152,058.96 "
,TOTAL,,"1,207","$220,666.06 ","$173,424.23 "
64802,OTHER,,15,"$8,397.23 ","$6,101.34 "
,TOTAL,,15,"$8,397.23 ","$6,101.34 "
64804,80'S,,1,$182.45 ,$145.96 
,OTHER,,17,"$16,134.53 ","$12,907.62 "
,TOTAL,,18,"$16,316.98 ","$13,053.58 "
64809,80'S,,3,$416.73 ,$333.38 
,OTHER,,7,"$5,566.39 ","$4,453.11 "
,TOTAL,,10,"$5,983.12 ","$4,786.49 "
64818,80'S,,22,"$1,751.51 ","$1,401.22 "
,OTHER,,210,"$108,202.57 ","$86,167.14 "
,TOTAL,,232,"$109,954.08 ","$87,568.36 "
64820,OTHER,,218,"$92,573.92 ","$73,384.74 "
,TOTAL,,218,"$92,573.92 ","$73,384.74 "
64821,SG,,17,"$9,666.13 ","$7,499.22 "
,OTHER,,58,"$22,200.33 ","$17,527.19 "
,TOTAL,,75,"$31,866.46 ","$25,026.41 "
64822,OTHER,,57,"$19,021.85 ","$14,985.62 "
,TOTAL,,57,"$19,021.85 ","$14,985.62 "
64823,OTHER,,68,"$38,129.60 ","$29,870.99 "
,TOTAL,,68,"$38,129.60 ","$29,870.99 "
64831,SG,,256,"$129,683.48 ","$102,649.39 "
,OTHER,,"1,132","$498,325.50 ","$393,277.57 "
,TOTAL,,"1,388","$628,008.98 ","$495,926.96 "
64832,SG,,58,"$9,793.48 ","$7,834.76 "
,80'S,,1,$42.70 ,$34.16 
,OTHER,,371,"$118,235.03 ","$94,341.93 "
,TOTAL,,430,"$128,071.21 ","$102,210.85 "
64834,SG,,20,"$5,115.95 ","$4,092.75 "
,80'S,,2,$236.32 ,$189.06 
,OTHER,,128,"$59,427.53 ","$47,149.98 "
,TOTAL,,150,"$64,779.80 ","$51,431.79 "
64835,SG,,8,"$2,577.52 ","$2,062.01 "
,OTHER,,44,"$23,832.04 ","$18,794.95 "
,TOTAL,,52,"$26,409.56 ","$20,856.96 "
64836,SG,,10,"$3,290.88 ","$2,632.69 "
,80'S,,1,$109.80 ,$87.84 
,OTHER,,46,"$23,870.97 ","$18,722.76 "
,TOTAL,,57,"$27,271.65 ","$21,443.29 "
64837,SG,,2,$307.52 ,$246.02 
,80'S,,1,$64.73 ,$51.78 
,OTHER,,17,"$5,955.64 ","$4,764.51 "
,TOTAL,,20,"$6,327.89 ","$5,062.31 "
64840,OTHER,,9,"$4,832.46 ","$3,865.98 "
,TOTAL,,9,"$4,832.46 ","$3,865.98 "
64856,SG,,12,"$3,566.29 ","$2,853.05 "
,OTHER,,147,"$117,502.30 ","$93,826.86 "
,TOTAL,,159,"$121,068.59 ","$96,679.91 "
64857,SG,,11,"$3,134.58 ","$2,469.72 "
,80'S,,1,$126.34 ,$101.07 
,OTHER,,134,"$113,135.62 ","$89,545.93 "
,TOTAL,,146,"$116,396.54 ","$92,116.72 "
64858,OTHER,,4,"$3,459.39 ","$2,767.51 "
,TOTAL,,4,"$3,459.39 ","$2,767.51 "
64859,SG,,1,$162.32 ,$129.86 
,OTHER,,28,"$6,459.33 ","$5,147.53 "
,TOTAL,,29,"$6,621.65 ","$5,277.39 "
64861,80'S,,2,$451.14 ,$342.87 
,OTHER,,6,"$8,029.96 ","$6,423.97 "
,TOTAL,,8,"$8,481.10 ","$6,766.84 "
64864,SG,,3,"$1,003.89 ",$727.62 
,80'S,,10,$871.22 ,$691.16 
,OTHER,,99,"$49,052.39 ","$39,019.48 "
,TOTAL,,112,"$50,927.50 ","$40,438.26 "
64865,SG,,1,$610.88 ,$488.70 
,80'S,,3,$351.64 ,$281.32 
,OTHER,,23,"$14,174.63 ","$10,840.94 "
,TOTAL,,27,"$15,137.15 ","$11,610.96 "
64866,80'S,,1,$97.57 ,$78.06 
,OTHER,,5,"$2,974.40 ","$2,379.52 "
,TOTAL,,6,"$3,071.97 ","$2,457.58 "
64868,80'S,,2,$155.71 ,$124.57 
,OTHER,,25,"$15,957.89 ","$12,766.34 "
,TOTAL,,27,"$16,113.60 ","$12,890.91 "
64872,SG,,3,$688.42 ,$485.62 
,OTHER,,10,"$1,169.60 ",$842.10 
,TOTAL,,13,"$1,858.02 ","$1,327.72 "
64874,SG,,3,$762.83 ,$610.27 
,80'S,,1,$31.21 ,$24.97 
,OTHER,,12,"$2,122.68 ","$1,684.39 "
,TOTAL,,16,"$2,916.72 ","$2,319.63 "
64885,SG,,1,$212.90 ,$170.32 
,80'S,,3,$353.77 ,$283.01 
,OTHER,,73,"$51,035.59 ","$40,828.41 "
,TOTAL,,77,"$51,602.26 ","$41,281.74 "
64886,80'S,,8,"$1,445.60 ","$1,156.47 "
,OTHER,,82,"$77,815.03 ","$61,442.52 "
,TOTAL,,90,"$79,260.63 ","$62,598.99 "
64890,SG,,9,"$2,667.73 ","$2,134.20 "
,80'S,,2,$235.13 ,$188.10 
,OTHER,,53,"$44,871.76 ","$35,647.28 "
,TOTAL,,64,"$47,774.62 ","$37,969.58 "
64891,SG,,1,$223.38 ,$178.70 
,OTHER,,4,"$3,205.37 ","$2,564.29 "
,TOTAL,,5,"$3,428.75 ","$2,742.99 "
64892,OTHER,,15,"$11,075.43 ","$8,860.36 "
,TOTAL,,15,"$11,075.43 ","$8,860.36 "
64893,OTHER,,2,"$1,120.12 ",$896.10 
,TOTAL,,2,"$1,120.12 ",$896.10 
64895,OTHER,,9,"$8,795.48 ","$7,036.38 "
,TOTAL,,9,"$8,795.48 ","$7,036.38 "
64896,OTHER,,3,"$3,903.30 ","$3,122.64 "
,TOTAL,,3,"$3,903.30 ","$3,122.64 "
64897,OTHER,,5,"$5,728.48 ","$4,582.78 "
,TOTAL,,5,"$5,728.48 ","$4,582.78 "
64898,SG,,2,$751.63 ,$496.51 
,80'S,,1,$225.22 ,$180.18 
,OTHER,,10,"$12,508.70 ","$10,006.97 "
,TOTAL,,13,"$13,485.55 ","$10,683.66 "
64901,OTHER,,23,"$13,170.22 ","$10,166.02 "
,TOTAL,,23,"$13,170.22 ","$10,166.02 "
64902,OTHER,,16,"$11,316.30 ","$9,053.02 "
,TOTAL,,16,"$11,316.30 ","$9,053.02 "
64905,80'S,,1,$779.94 ,$623.95 
,OTHER,,16,"$9,010.60 ","$7,208.45 "
,TOTAL,,17,"$9,790.54 ","$7,832.40 "
64907,OTHER,,1,$569.35 ,$455.48 
,TOTAL,,1,$569.35 ,$455.48 
64910,80'S,,4,$411.53 ,$329.23 
,OTHER,,172,"$76,757.49 ","$60,101.92 "
,TOTAL,,176,"$77,169.02 ","$60,431.15 "
64911,80'S,,1,$101.49 ,$81.19 
,OTHER,,15,"$8,539.80 ","$6,831.84 "
,TOTAL,,16,"$8,641.29 ","$6,913.03 "
64999,80'S,,80,"$12,184.11 ","$9,747.32 "
,OTHER,,"4,636","$1,259,082.30 ","$999,998.34 "
,TOTAL,,"4,716","$1,271,266.41 ","$1,009,745.66 "
65091,SG,EYE,18,"$8,917.48 ","$6,696.94 "
,OTHER,,81,"$43,044.80 ","$33,645.42 "
,TOTAL,,99,"$51,962.28 ","$40,342.36 "
65093,SG,,197,"$93,700.36 ","$74,490.37 "
,OTHER,,698,"$366,122.59 ","$289,582.65 "
,TOTAL,,895,"$459,822.95 ","$364,073.02 "
65101,SG,,20,"$9,203.49 ","$7,258.01 "
,OTHER,,112,"$66,046.75 ","$52,367.85 "
,TOTAL,,132,"$75,250.24 ","$59,625.86 "
65103,SG,,52,"$25,462.00 ","$20,347.00 "
,OTHER,,210,"$133,108.77 ","$105,855.38 "
,TOTAL,,262,"$158,570.77 ","$126,202.38 "
65105,SG,,220,"$136,595.82 ","$108,806.77 "
,80'S,,41,"$4,445.47 ","$3,456.22 "
,OTHER,,975,"$684,171.99 ","$542,324.51 "
,TOTAL,,"1,236","$825,213.28 ","$654,587.50 "
65110,SG,,9,"$6,213.30 ","$4,865.86 "
,80'S,,4,$766.35 ,$613.08 
,OTHER,,106,"$101,403.09 ","$80,369.54 "
,TOTAL,,119,"$108,382.74 ","$85,848.48 "
65112,SG,,1,$960.17 ,$768.14 
,80'S,,4,$896.46 ,$717.17 
,OTHER,,35,"$39,966.67 ","$31,763.75 "
,TOTAL,,40,"$41,823.30 ","$33,249.06 "
65114,SG,,4,"$4,070.54 ","$3,256.43 "
,80'S,,3,$683.22 ,$546.57 
,OTHER,,28,"$34,611.85 ","$27,689.47 "
,TOTAL,,35,"$39,365.61 ","$31,492.47 "
65125,OTHER,,25,"$5,693.64 ","$4,490.13 "
,TOTAL,,25,"$5,693.64 ","$4,490.13 "
65130,SG,,11,"$4,744.70 ","$3,795.77 "
,OTHER,,25,"$13,986.81 ","$11,189.43 "
,TOTAL,,36,"$18,731.51 ","$14,985.20 "
65135,SG,,11,"$3,996.30 ","$2,966.71 "
,OTHER,,30,"$17,501.46 ","$13,886.73 "
,TOTAL,,41,"$21,497.76 ","$16,853.44 "
65140,SG,,1,$492.59 ,$394.07 
,OTHER,,25,"$14,430.15 ","$11,207.85 "
,TOTAL,,26,"$14,922.74 ","$11,601.92 "
65150,SG,,14,"$4,255.48 ","$3,404.38 "
,OTHER,,39,"$15,462.43 ","$12,369.97 "
,TOTAL,,53,"$19,717.91 ","$15,774.35 "
65155,SG,,10,"$4,007.86 ","$3,206.28 "
,OTHER,,58,"$38,134.28 ","$30,304.61 "
,TOTAL,,68,"$42,142.14 ","$33,510.89 "
65175,SG,,26,"$6,169.97 ","$4,936.00 "
,OTHER,,213,"$96,880.55 ","$77,141.91 "
,TOTAL,,239,"$103,050.52 ","$82,077.91 "
65205,OTHER,,"27,285","$1,250,895.55 ","$898,021.01 "
,TOTAL,,"27,285","$1,250,895.55 ","$898,021.01 "
65210,OTHER,,"23,574","$1,390,206.32 ","$1,007,442.50 "
,TOTAL,,"23,574","$1,390,206.32 ","$1,007,442.50 "
65220,OTHER,,"2,942","$124,261.64 ","$87,301.59 "
,TOTAL,,"2,942","$124,261.64 ","$87,301.59 "
65222,OTHER,,"34,238","$2,209,114.18 ","$1,562,780.97 "
,TOTAL,,"34,238","$2,209,114.18 ","$1,562,780.97 "
65235,SG,,109,"$43,935.31 ","$34,894.28 "
,OTHER,,229,"$103,364.01 ","$81,755.93 "
,TOTAL,,338,"$147,299.32 ","$116,650.21 "
65260,SG,,8,"$2,670.84 ","$2,077.21 "
,80'S,,1,$65.41 ,$52.33 
,OTHER,,14,"$7,365.34 ","$5,567.28 "
,TOTAL,,23,"$10,101.59 ","$7,696.82 "
65265,SG,,21,"$8,544.60 ","$6,835.65 "
,80'S,,26,"$2,930.40 ","$2,344.35 "
,OTHER,,236,"$156,520.11 ","$124,655.68 "
,TOTAL,,283,"$167,995.11 ","$133,835.68 "
65270,SG,,27,"$10,485.96 ","$8,362.56 "
,OTHER,,139,"$24,085.29 ","$18,467.85 "
,TOTAL,,166,"$34,571.25 ","$26,830.41 "
65272,SG,,27,"$8,498.95 ","$6,781.84 "
,OTHER,,49,"$12,391.21 ","$9,529.84 "
,TOTAL,,76,"$20,890.16 ","$16,311.68 "
65273,OTHER,,17,"$3,892.39 ","$3,088.27 "
,TOTAL,,17,"$3,892.39 ","$3,088.27 "
65275,SG,,31,"$17,453.72 ","$13,962.99 "
,OTHER,,115,"$40,199.73 ","$31,583.78 "
,TOTAL,,146,"$57,653.45 ","$45,546.77 "
65280,SG,,51,"$29,611.21 ","$23,688.96 "
,80'S,,1,$84.76 ,$67.81 
,OTHER,,291,"$137,885.94 ","$109,179.95 "
,TOTAL,,343,"$167,581.91 ","$132,936.72 "
65285,SG,,142,"$80,635.27 ","$63,820.38 "
,80'S,,37,"$4,538.24 ","$3,630.65 "
,OTHER,,"1,170","$954,043.89 ","$756,741.29 "
,TOTAL,,"1,349","$1,039,217.40 ","$824,192.32 "
65286,OTHER,,465,"$236,073.85 ","$186,893.12 "
,TOTAL,,465,"$236,073.85 ","$186,893.12 "
65290,SG,,3,$996.72 ,$797.38 
,OTHER,,58,"$15,249.29 ","$12,199.43 "
,TOTAL,,61,"$16,246.01 ","$12,996.81 "
65400,SG,,"1,547","$421,408.83 ","$333,338.30 "
,80'S,,1,$42.54 ,$34.03 
,OTHER,,"5,016","$2,308,356.29 ","$1,815,398.60 "
,TOTAL,,"6,564","$2,729,807.66 ","$2,148,770.93 "
65410,SG,,38,"$16,174.06 ","$12,939.25 "
,OTHER,,152,"$14,108.19 ","$10,872.36 "
,TOTAL,,190,"$30,282.25 ","$23,811.61 "
65420,SG,,"1,860","$609,899.00 ","$480,567.62 "
,OTHER,,"4,041","$1,139,487.05 ","$894,183.34 "
,TOTAL,,"5,901","$1,749,386.05 ","$1,374,750.96 "
65426,SG,,"3,064","$2,102,154.16 ","$1,658,525.95 "
,OTHER,,"4,964","$1,922,255.71 ","$1,504,543.06 "
,TOTAL,,"8,028","$4,024,409.87 ","$3,163,069.01 "
65430,OTHER,,"5,000","$477,958.76 ","$365,811.50 "
,TOTAL,,"5,000","$477,958.76 ","$365,811.50 "
65435,OTHER,,"6,457","$412,468.93 ","$311,132.74 "
,TOTAL,,"6,457","$412,468.93 ","$311,132.74 "
65436,SG,,1,$322.00 ,$257.60 
,OTHER,,"1,256","$356,991.25 ","$280,932.84 "
,TOTAL,,"1,257","$357,313.25 ","$281,190.44 "
65450,OTHER,,645,"$140,199.24 ","$109,386.03 "
,TOTAL,,645,"$140,199.24 ","$109,386.03 "
65600,OTHER,,691,"$209,915.41 ","$164,283.91 "
,TOTAL,,691,"$209,915.41 ","$164,283.91 "
65710,SG,,882,"$864,907.49 ","$687,257.21 "
,80'S,,41,"$6,156.91 ","$4,925.54 "
,OTHER,,953,"$839,760.46 ","$664,731.89 "
,TOTAL,,"1,876","$1,710,824.86 ","$1,356,914.64 "
65730,SG,,"2,664","$2,620,058.47 ","$2,089,408.47 "
,80'S,,357,"$60,413.10 ","$47,657.34 "
,OTHER,,"4,475","$4,406,274.63 ","$3,490,988.45 "
,TOTAL,,"7,496","$7,086,746.20 ","$5,628,054.26 "
65750,SG,,401,"$393,913.13 ","$313,044.61 "
,80'S,,90,"$14,761.77 ","$11,593.16 "
,OTHER,,869,"$870,815.65 ","$691,452.00 "
,TOTAL,,"1,360","$1,279,490.55 ","$1,016,089.77 "
65755,SG,,"5,117","$5,012,440.78 ","$3,987,600.20 "
,80'S,,924,"$159,125.19 ","$126,376.47 "
,OTHER,,"11,597","$11,516,807.91 ","$9,132,423.32 "
,TOTAL,,"17,638","$16,688,373.88 ","$13,246,399.99 "
65770,SG,,52,"$36,606.99 ","$28,942.65 "
,80'S,,56,"$10,567.72 ","$8,391.67 "
,OTHER,,281,"$324,413.76 ","$256,734.45 "
,TOTAL,,389,"$371,588.47 ","$294,068.77 "
65772,SG,,"1,640","$721,513.75 ","$572,656.37 "
,OTHER,,"3,715","$1,150,000.25 ","$903,195.62 "
,TOTAL,,"5,355","$1,871,514.00 ","$1,475,851.99 "
65775,SG,,52,"$30,694.55 ","$24,443.78 "
,OTHER,,126,"$50,937.19 ","$39,722.54 "
,TOTAL,,178,"$81,631.74 ","$64,166.32 "
65780,SG,,"1,031","$708,839.20 ","$564,630.96 "
,80'S,,35,"$4,449.30 ","$3,497.83 "
,OTHER,,"2,648","$1,913,490.39 ","$1,515,816.30 "
,TOTAL,,"3,714","$2,626,778.89 ","$2,083,945.09 "
65781,SG,,15,"$9,137.22 ","$7,304.11 "
,80'S,,13,"$2,258.59 ","$1,806.89 "
,OTHER,,57,"$62,549.61 ","$49,575.86 "
,TOTAL,,85,"$73,945.42 ","$58,686.86 "
65782,SG,,72,"$46,839.54 ","$37,293.14 "
,80'S,,2,$326.78 ,$261.42 
,OTHER,,277,"$262,088.26 ","$208,046.65 "
,TOTAL,,351,"$309,254.58 ","$245,601.21 "
65800,SG,,186,"$51,240.57 ","$40,769.46 "
,OTHER,,"3,091","$250,721.73 ","$198,105.21 "
,TOTAL,,"3,277","$301,962.30 ","$238,874.67 "
65805,SG,,725,"$233,052.42 ","$181,142.96 "
,OTHER,,"23,083","$1,952,137.14 ","$1,543,971.91 "
,TOTAL,,"23,808","$2,185,189.56 ","$1,725,114.87 "
65810,SG,,286,"$92,393.20 ","$73,469.08 "
,OTHER,,435,"$114,956.22 ","$91,471.57 "
,TOTAL,,721,"$207,349.42 ","$164,940.65 "
65815,SG,,155,"$59,001.27 ","$45,606.99 "
,OTHER,,662,"$203,726.49 ","$161,873.80 "
,TOTAL,,817,"$262,727.76 ","$207,480.79 "
65820,SG,,19,"$5,104.03 ","$4,057.35 "
,OTHER,,77,"$45,922.41 ","$36,278.72 "
,TOTAL,,96,"$51,026.44 ","$40,336.07 "
65850,SG,,195,"$109,522.70 ","$87,452.69 "
,OTHER,,603,"$415,952.42 ","$331,816.20 "
,TOTAL,,798,"$525,475.12 ","$419,268.89 "
65855,SG,,1,$1.00 ,$0.80 
,OTHER,,"167,865","$49,676,901.39 ","$38,596,923.04 "
,TOTAL,,"167,866","$49,676,902.39 ","$38,596,923.84 "
65860,OTHER,,"1,376","$328,631.43 ","$257,270.50 "
,TOTAL,,"1,376","$328,631.43 ","$257,270.50 "
65865,SG,,291,"$60,202.53 ","$47,621.72 "
,80'S,,1,$70.16 ,$56.13 
,OTHER,,880,"$223,338.48 ","$176,757.92 "
,TOTAL,,"1,172","$283,611.17 ","$224,435.77 "
65870,SG,,390,"$150,780.41 ","$120,376.28 "
,OTHER,,"1,308","$400,952.87 ","$318,583.61 "
,TOTAL,,"1,698","$551,733.28 ","$438,959.89 "
65875,SG,,735,"$281,976.99 ","$224,010.88 "
,80'S,,2,$91.16 ,$72.92 
,OTHER,,"2,166","$680,872.88 ","$542,403.10 "
,TOTAL,,"2,903","$962,941.03 ","$766,486.90 "
65880,SG,,35,"$14,885.37 ","$11,803.49 "
,OTHER,,129,"$46,678.11 ","$36,610.98 "
,TOTAL,,164,"$61,563.48 ","$48,414.47 "
65900,SG,,22,"$13,915.62 ","$11,132.48 "
,80'S,,2,$264.46 ,$211.57 
,OTHER,,87,"$50,486.66 ","$40,275.66 "
,TOTAL,,111,"$64,666.74 ","$51,619.71 "
65920,SG,,281,"$258,779.26 ","$206,074.32 "
,OTHER,,874,"$396,177.97 ","$314,241.09 "
,TOTAL,,"1,155","$654,957.23 ","$520,315.41 "
65930,SG,,123,"$75,744.24 ","$59,522.36 "
,OTHER,,525,"$193,662.09 ","$154,324.62 "
,TOTAL,,648,"$269,406.33 ","$213,846.98 "
66020,SG,,360,"$84,145.17 ","$67,021.37 "
,OTHER,,"1,501","$171,785.17 ","$135,041.56 "
,TOTAL,,"1,861","$255,930.34 ","$202,062.93 "
66030,SG,,830,"$230,303.32 ","$184,181.11 "
,OTHER,,"1,371","$124,279.02 ","$98,407.13 "
,TOTAL,,"2,201","$354,582.34 ","$282,588.24 "
66130,SG,,37,"$36,342.87 ","$29,074.33 "
,OTHER,,114,"$47,226.48 ","$36,661.51 "
,TOTAL,,151,"$83,569.35 ","$65,735.84 "
66150,SG,,70,"$38,192.05 ","$30,380.60 "
,OTHER,,164,"$83,985.61 ","$66,889.71 "
,TOTAL,,234,"$122,177.66 ","$97,270.31 "
66155,SG,,269,"$170,188.72 ","$136,152.02 "
,OTHER,,36,"$22,420.94 ","$17,901.20 "
,TOTAL,,305,"$192,609.66 ","$154,053.22 "
66160,SG,,100,"$34,240.56 ","$27,156.03 "
,OTHER,,238,"$172,952.34 ","$137,363.99 "
,TOTAL,,338,"$207,192.90 ","$164,520.02 "
66165,SG,,14,"$4,937.92 ","$3,950.31 "
,OTHER,,5,"$4,174.50 ","$3,339.60 "
,TOTAL,,19,"$9,112.42 ","$7,289.91 "
66170,SG,,"11,903","$5,427,689.38 ","$4,300,899.70 "
,80'S,,758,"$128,237.01 ","$102,021.71 "
,OTHER,,"19,486","$18,596,327.58 ","$14,724,799.97 "
,TOTAL,,"32,147","$24,152,253.97 ","$19,127,721.38 "
66172,SG,,"3,712","$2,055,791.66 ","$1,627,875.97 "
,80'S,,459,"$97,687.61 ","$77,267.86 "
,OTHER,,"9,145","$11,174,485.56 ","$8,860,268.99 "
,TOTAL,,"13,316","$13,327,964.83 ","$10,565,412.82 "
66180,SG,,"5,052","$3,307,732.41 ","$2,631,217.50 "
,80'S,,569,"$88,792.79 ","$70,792.10 "
,OTHER,,"10,393","$9,621,610.27 ","$7,625,879.56 "
,TOTAL,,"16,014","$13,018,135.47 ","$10,327,889.16 "
66185,SG,,607,"$217,567.56 ","$171,991.34 "
,80'S,,70,"$5,752.82 ","$4,522.15 "
,OTHER,,"1,297","$591,653.74 ","$468,411.69 "
,TOTAL,,"1,974","$814,974.12 ","$644,925.18 "
66220,SG,,6,"$2,438.56 ","$1,950.85 "
,OTHER,,20,"$10,321.29 ","$8,257.04 "
,TOTAL,,26,"$12,759.85 ","$10,207.89 "
66225,SG,,133,"$49,140.41 ","$39,287.81 "
,80'S,,20,"$1,593.91 ","$1,275.17 "
,OTHER,,528,"$242,714.09 ","$192,925.15 "
,TOTAL,,681,"$293,448.41 ","$233,488.13 "
66250,SG,,"3,414","$1,428,715.10 ","$1,129,700.12 "
,OTHER,,"10,523","$4,803,324.47 ","$3,784,058.80 "
,TOTAL,,"13,937","$6,232,039.57 ","$4,913,758.92 "
66500,SG,,93,"$17,144.24 ","$13,681.00 "
,OTHER,,251,"$44,121.15 ","$35,150.77 "
,TOTAL,,344,"$61,265.39 ","$48,831.77 "
66505,SG,,4,$975.70 ,$780.57 
,OTHER,,9,"$2,077.27 ","$1,661.81 "
,TOTAL,,13,"$3,052.97 ","$2,442.38 "
66600,SG,,17,"$5,914.45 ","$4,731.55 "
,OTHER,,70,"$38,346.97 ","$30,409.55 "
,TOTAL,,87,"$44,261.42 ","$35,141.10 "
66605,SG,,3,$747.47 ,$597.98 
,OTHER,,16,"$11,612.60 ","$9,225.19 "
,TOTAL,,19,"$12,360.07 ","$9,823.17 "
66625,SG,,497,"$132,280.78 ","$104,614.31 "
,80'S,,1,$66.48 ,$53.18 
,OTHER,,"1,213","$322,091.08 ","$253,702.30 "
,TOTAL,,"1,711","$454,438.34 ","$358,369.79 "
66630,SG,,39,"$17,053.75 ","$13,538.10 "
,OTHER,,153,"$48,461.17 ","$38,169.43 "
,TOTAL,,192,"$65,514.92 ","$51,707.53 "
66635,SG,,88,"$25,671.14 ","$20,327.33 "
,OTHER,,176,"$57,264.38 ","$45,390.61 "
,TOTAL,,264,"$82,935.52 ","$65,717.94 "
66680,SG,,270,"$107,613.11 ","$85,831.71 "
,OTHER,,564,"$153,756.98 ","$121,869.62 "
,TOTAL,,834,"$261,370.09 ","$207,701.33 "
66682,SG,,550,"$146,689.26 ","$116,608.88 "
,OTHER,,"1,243","$368,353.50 ","$293,309.77 "
,TOTAL,,"1,793","$515,042.76 ","$409,918.65 "
66700,SG,,3,"$1,140.30 ",$912.24 
,OTHER,,50,"$13,950.30 ","$10,996.16 "
,TOTAL,,53,"$15,090.60 ","$11,908.40 "
66710,SG,,"2,403","$761,735.13 ","$605,263.38 "
,OTHER,,"4,541","$1,215,829.15 ","$956,372.17 "
,TOTAL,,"6,944","$1,977,564.28 ","$1,561,635.55 "
66711,SG,,"6,847","$1,658,310.80 ","$1,319,352.15 "
,OTHER,,"8,407","$2,496,567.46 ","$1,982,044.50 "
,TOTAL,,"15,254","$4,154,878.26 ","$3,301,396.65 "
66720,SG,,87,"$35,266.98 ","$28,209.56 "
,OTHER,,493,"$142,546.75 ","$112,068.37 "
,TOTAL,,580,"$177,813.73 ","$140,277.93 "
66740,SG,,152,"$37,659.53 ","$30,127.80 "
,OTHER,,298,"$58,507.00 ","$46,542.77 "
,TOTAL,,450,"$96,166.53 ","$76,670.57 "
66761,SG,,1,$587.50 ,$470.00 
,OTHER,,"83,738","$31,549,772.07 ","$24,713,486.81 "
,TOTAL,,"83,739","$31,550,359.57 ","$24,713,956.81 "
66762,OTHER,,"3,052","$1,218,900.97 ","$961,553.03 "
,TOTAL,,"3,052","$1,218,900.97 ","$961,553.03 "
66770,OTHER,,166,"$71,568.84 ","$56,387.09 "
,TOTAL,,166,"$71,568.84 ","$56,387.09 "
66820,OTHER,,710,"$152,431.88 ","$120,328.40 "
,TOTAL,,710,"$152,431.88 ","$120,328.40 "
66821,SG,,"299,775","$91,985,926.41 ","$72,177,769.73 "
,OTHER,,"624,679","$151,882,863.76 ","$118,166,073.39 "
,TOTAL,,"924,454","$243,868,790.17 ","$190,343,843.12 "
66825,SG,,"2,226","$1,266,618.94 ","$1,004,383.40 "
,80'S,,20,"$1,521.33 ","$1,217.06 "
,OTHER,,"4,166","$2,131,578.75 ","$1,688,668.96 "
,TOTAL,,"6,412","$3,399,719.02 ","$2,694,269.42 "
66830,SG,,111,"$31,870.65 ","$25,198.00 "
,OTHER,,482,"$196,335.53 ","$156,003.96 "
,TOTAL,,593,"$228,206.18 ","$181,201.96 "
66840,SG,,"1,082","$654,599.96 ","$519,055.30 "
,OTHER,,"1,806","$782,800.87 ","$620,657.52 "
,TOTAL,,"2,888","$1,437,400.83 ","$1,139,712.82 "
66850,SG,,"1,225","$1,163,315.22 ","$920,660.83 "
,OTHER,,"5,058","$2,403,912.22 ","$1,906,315.72 "
,TOTAL,,"6,283","$3,567,227.44 ","$2,826,976.55 "
66852,SG,,520,"$268,967.90 ","$214,442.71 "
,80'S,,4,$365.69 ,$292.55 
,OTHER,,"1,351","$714,748.96 ","$568,886.37 "
,TOTAL,,"1,875","$984,082.55 ","$783,621.63 "
66920,SG,,53,"$30,504.12 ","$24,200.06 "
,80'S,,1,$95.79 ,$76.63 
,OTHER,,99,"$52,841.09 ","$42,097.37 "
,TOTAL,,153,"$83,441.00 ","$66,374.06 "
66930,SG,,55,"$32,669.92 ","$26,021.73 "
,OTHER,,151,"$87,972.53 ","$70,171.24 "
,TOTAL,,206,"$120,642.45 ","$96,192.97 "
66940,SG,,221,"$148,028.78 ","$118,094.97 "
,80'S,,1,$105.98 ,$84.78 
,OTHER,,774,"$439,591.15 ","$348,137.37 "
,TOTAL,,996,"$587,725.91 ","$466,317.12 "
66982,SG,,"52,611","$51,219,451.34 ","$40,677,728.23 "
,80'S,,21,"$3,168.48 ","$2,534.84 "
,OTHER,,"117,792","$95,649,913.83 ","$75,876,327.26 "
,TOTAL,,"170,424","$146,872,533.65 ","$116,556,590.33 "
66983,SG,,132,"$125,219.70 ","$99,112.39 "
,OTHER,,847,"$200,106.23 ","$157,330.36 "
,TOTAL,,979,"$325,325.93 ","$256,442.75 "
66984,SG,,"1,128,511","$1,089,882,709.45 ","$863,873,648.85 "
,OTHER,,"2,076,243","$1,074,111,184.12 ","$849,003,371.87 "
,TOTAL,,"3,204,754","$2,163,993,893.57 ","$1,712,877,020.72 "
66985,SG,,"2,995","$2,399,259.00 ","$1,905,755.37 "
,80'S,,1,$113.92 ,$91.14 
,OTHER,,"5,997","$2,960,545.67 ","$2,342,011.48 "
,TOTAL,,"8,993","$5,359,918.59 ","$4,247,857.99 "
66986,SG,,"3,511","$2,739,078.12 ","$2,169,041.68 "
,80'S,,1,$133.20 ,$106.56 
,OTHER,,"5,745","$3,588,279.11 ","$2,842,772.74 "
,TOTAL,,"9,257","$6,327,490.43 ","$5,011,920.98 "
66990,OTHER,,190,"$15,097.12 ","$11,590.02 "
,TOTAL,,190,"$15,097.12 ","$11,590.02 "
66999,80'S,,6,$964.64 ,$771.71 
,OTHER,,"1,624","$1,240,232.04 ","$988,934.87 "
,TOTAL,,"1,630","$1,241,196.68 ","$989,706.58 "
67005,SG,,993,"$368,519.97 ","$293,195.44 "
,OTHER,,"1,863","$416,830.59 ","$330,915.79 "
,TOTAL,,"2,856","$785,350.56 ","$624,111.23 "
67010,SG,,"2,066","$749,984.75 ","$597,347.55 "
,80'S,,89,"$5,919.11 ","$4,675.09 "
,OTHER,,"3,968","$1,004,024.96 ","$797,282.06 "
,TOTAL,,"6,123","$1,759,928.82 ","$1,399,304.70 "
67015,SG,,334,"$88,484.25 ","$70,644.58 "
,OTHER,,"1,771","$722,087.10 ","$573,053.31 "
,TOTAL,,"2,105","$810,571.35 ","$643,697.89 "
67025,SG,,429,"$82,531.55 ","$65,806.37 "
,OTHER,,"2,233","$904,448.00 ","$713,880.29 "
,TOTAL,,"2,662","$986,979.55 ","$779,686.66 "
67027,SG,,11,"$6,141.21 ","$4,808.20 "
,80'S,,36,"$4,123.08 ","$3,205.81 "
,OTHER,,197,"$124,907.85 ","$99,279.21 "
,TOTAL,,244,"$135,172.14 ","$107,293.22 "
67028,OTHER,,"812,505","$150,056,938.21 ","$117,834,151.41 "
,TOTAL,,"812,505","$150,056,938.21 ","$117,834,151.41 "
67030,SG,,82,"$23,499.10 ","$18,181.77 "
,80'S,,2,$113.93 ,$91.14 
,OTHER,,233,"$77,250.49 ","$60,738.68 "
,TOTAL,,317,"$100,863.52 ","$79,011.59 "
67031,SG,,880,"$266,795.82 ","$210,067.12 "
,OTHER,,"3,827","$1,189,430.84 ","$930,710.95 "
,TOTAL,,"4,707","$1,456,226.66 ","$1,140,778.07 "
67036,SG,,"3,468","$1,726,344.83 ","$1,370,154.74 "
,80'S,,"1,658","$221,192.69 ","$175,376.38 "
,OTHER,,"13,243","$10,047,885.76 ","$7,964,707.94 "
,TOTAL,,"18,369","$11,995,423.28 ","$9,510,239.06 "
67038,SG,,"14,776","$7,912,884.38 ","$6,263,222.61 "
,80'S,,"7,731","$1,797,955.43 ","$1,428,871.58 "
,OTHER,,"57,514","$78,364,253.17 ","$61,972,102.51 "
,TOTAL,,"80,021","$88,075,092.98 ","$69,664,196.70 "
67039,SG,,"1,715","$1,666,228.18 ","$1,320,558.49 "
,80'S,,524,"$59,530.44 ","$47,385.65 "
,OTHER,,"4,660","$3,103,084.92 ","$2,462,121.73 "
,TOTAL,,"6,899","$4,828,843.54 ","$3,830,065.87 "
67040,SG,,"5,210","$5,049,928.91 ","$3,990,555.86 "
,80'S,,"2,642","$368,644.82 ","$292,847.98 "
,OTHER,,"19,508","$15,870,374.67 ","$12,530,559.04 "
,TOTAL,,"27,360","$21,288,948.40 ","$16,813,962.88 "
67101,OTHER,,"1,549","$703,876.05 ","$553,150.73 "
,TOTAL,,"1,549","$703,876.05 ","$553,150.73 "
67105,OTHER,,"5,308","$3,160,122.71 ","$2,491,064.53 "
,TOTAL,,"5,308","$3,160,122.71 ","$2,491,064.53 "
67107,SG,,445,"$311,404.64 ","$246,690.48 "
,80'S,,295,"$49,466.40 ","$39,314.96 "
,OTHER,,"2,730","$2,587,958.77 ","$2,047,885.65 "
,TOTAL,,"3,470","$2,948,829.81 ","$2,333,891.09 "
67108,SG,,"4,237","$4,141,479.53 ","$3,272,818.20 "
,80'S,,"2,747","$467,766.54 ","$371,218.94 "
,OTHER,,"20,203","$20,457,282.02 ","$16,179,228.56 "
,TOTAL,,"27,187","$25,066,528.09 ","$19,823,265.70 "
67110,OTHER,,"3,484","$2,443,076.20 ","$1,922,405.14 "
,TOTAL,,"3,484","$2,443,076.20 ","$1,922,405.14 "
67112,SG,,238,"$223,170.98 ","$177,147.29 "
,80'S,,32,"$5,443.59 ","$4,354.91 "
,OTHER,,865,"$732,605.49 ","$581,155.93 "
,TOTAL,,"1,135","$961,220.06 ","$762,658.13 "
67115,SG,,11,"$4,010.69 ","$3,208.56 "
,OTHER,,85,"$28,968.93 ","$22,925.79 "
,TOTAL,,96,"$32,979.62 ","$26,134.35 "
67120,SG,,234,"$90,549.89 ","$71,383.19 "
,OTHER,,920,"$359,396.87 ","$283,812.19 "
,TOTAL,,"1,154","$449,946.76 ","$355,195.38 "
67121,SG,,269,"$92,961.44 ","$73,029.27 "
,80'S,,85,"$9,714.47 ","$7,771.55 "
,OTHER,,"1,064","$658,126.45 ","$517,381.56 "
,TOTAL,,"1,418","$760,802.36 ","$598,182.38 "
67141,SG,,165,"$36,865.01 ","$28,591.12 "
,OTHER,,"2,044","$798,128.76 ","$624,580.44 "
,TOTAL,,"2,209","$834,993.77 ","$653,171.56 "
67145,OTHER,,"18,969","$7,979,365.71 ","$6,232,218.83 "
,TOTAL,,"18,969","$7,979,365.71 ","$6,232,218.83 "
67208,OTHER,,366,"$171,824.91 ","$135,660.57 "
,TOTAL,,366,"$171,824.91 ","$135,660.57 "
67210,OTHER,,"139,361","$80,865,169.13 ","$63,501,527.41 "
,TOTAL,,"139,361","$80,865,169.13 ","$63,501,527.41 "
67218,SG,,31,"$24,439.39 ","$19,446.73 "
,OTHER,,602,"$699,310.92 ","$556,100.62 "
,TOTAL,,633,"$723,750.31 ","$575,547.35 "
67220,OTHER,,"13,816","$12,388,541.76 ","$9,854,469.58 "
,TOTAL,,"13,816","$12,388,541.76 ","$9,854,469.58 "
67221,OTHER,,"21,453","$5,618,628.90 ","$4,438,543.04 "
,TOTAL,,"21,453","$5,618,628.90 ","$4,438,543.04 "
67225,OTHER,,"1,341","$34,510.98 ","$27,494.62 "
,TOTAL,,"1,341","$34,510.98 ","$27,494.62 "
67227,SG,,331,"$99,394.98 ","$78,984.63 "
,OTHER,,523,"$228,267.18 ","$178,663.31 "
,TOTAL,,854,"$327,662.16 ","$257,647.94 "
67228,OTHER,,"93,437","$84,595,940.21 ","$66,445,935.67 "
,TOTAL,,"93,437","$84,595,940.21 ","$66,445,935.67 "
67250,SG,,28,"$9,562.91 ","$7,650.30 "
,OTHER,,56,"$25,156.39 ","$19,758.65 "
,TOTAL,,84,"$34,719.30 ","$27,408.95 "
67255,SG,,"2,486","$699,243.31 ","$556,842.06 "
,80'S,,373,"$25,145.55 ","$20,079.74 "
,OTHER,,"6,715","$2,679,856.12 ","$2,129,491.45 "
,TOTAL,,"9,574","$3,404,244.98 ","$2,706,413.25 "
67299,80'S,,11,"$2,266.00 ","$1,812.80 "
,OTHER,,150,"$113,104.18 ","$89,599.38 "
,TOTAL,,161,"$115,370.18 ","$91,412.18 "
67311,SG,,"1,366","$496,662.03 ","$393,359.07 "
,OTHER,,"2,851","$1,275,184.69 ","$999,080.34 "
,TOTAL,,"4,217","$1,771,846.72 ","$1,392,439.41 "
67312,SG,,680,"$397,084.47 ","$314,427.95 "
,OTHER,,"1,756","$1,013,817.96 ","$796,967.27 "
,TOTAL,,"2,436","$1,410,902.43 ","$1,111,395.22 "
67314,SG,,765,"$424,357.30 ","$336,015.33 "
,OTHER,,"1,816","$942,092.19 ","$742,143.84 "
,TOTAL,,"2,581","$1,366,449.49 ","$1,078,159.17 "
67316,SG,,69,"$36,691.88 ","$28,722.71 "
,80'S,,3,$320.90 ,$256.71 
,OTHER,,191,"$122,863.85 ","$97,539.93 "
,TOTAL,,263,"$159,876.63 ","$126,519.35 "
67318,SG,,67,"$34,399.33 ","$27,047.80 "
,OTHER,,200,"$104,009.62 ","$82,636.28 "
,TOTAL,,267,"$138,408.95 ","$109,684.08 "
67320,SG,,112,"$48,149.52 ","$38,519.59 "
,80'S,,1,$43.29 ,$34.63 
,OTHER,,323,"$85,538.13 ","$67,769.51 "
,TOTAL,,436,"$133,730.94 ","$106,323.73 "
67331,SG,,150,"$65,155.82 ","$52,124.68 "
,OTHER,,541,"$135,630.73 ","$108,088.68 "
,TOTAL,,691,"$200,786.55 ","$160,213.36 "
67332,SG,,399,"$175,209.35 ","$139,845.07 "
,80'S,,19,$875.78 ,$696.50 
,OTHER,,"1,431","$392,513.37 ","$308,797.01 "
,TOTAL,,"1,849","$568,598.50 ","$449,338.58 "
67334,SG,,25,"$9,634.98 ","$7,707.98 "
,OTHER,,79,"$19,184.27 ","$15,223.35 "
,TOTAL,,104,"$28,819.25 ","$22,931.33 "
67335,SG,,464,"$189,462.17 ","$150,424.35 "
,OTHER,,"1,351","$177,791.71 ","$140,624.90 "
,TOTAL,,"1,815","$367,253.88 ","$291,049.25 "
67340,SG,,23,"$10,416.12 ","$8,332.92 "
,80'S,,1,$45.54 ,$36.43 
,OTHER,,90,"$26,817.85 ","$21,227.93 "
,TOTAL,,114,"$37,279.51 ","$29,597.28 "
67343,SG,,26,"$25,662.48 ","$20,529.96 "
,80'S,,6,$424.82 ,$339.84 
,OTHER,,197,"$64,261.26 ","$50,744.87 "
,TOTAL,,229,"$90,348.56 ","$71,614.67 "
67345,OTHER,,661,"$103,002.03 ","$78,652.79 "
,TOTAL,,661,"$103,002.03 ","$78,652.79 "
67346,SG,,15,"$2,755.26 ","$2,204.20 "
,OTHER,,39,"$3,900.88 ","$3,120.63 "
,TOTAL,,54,"$6,656.14 ","$5,324.83 "
67399,OTHER,,11,"$5,040.64 ","$4,032.51 "
,TOTAL,,11,"$5,040.64 ","$4,032.51 "
67400,SG,,386,"$161,793.37 ","$127,974.03 "
,80'S,,75,"$10,420.12 ","$8,336.12 "
,OTHER,,"1,611","$1,161,366.17 ","$919,076.81 "
,TOTAL,,"2,072","$1,333,579.66 ","$1,055,386.96 "
67405,SG,,19,"$9,924.89 ","$7,525.91 "
,80'S,,8,$933.55 ,$746.84 
,OTHER,,117,"$74,012.50 ","$58,354.13 "
,TOTAL,,144,"$84,870.94 ","$66,626.88 "
67412,SG,,695,"$470,165.05 ","$371,462.69 "
,80'S,,69,"$8,643.95 ","$6,915.18 "
,OTHER,,"1,623","$1,194,835.45 ","$944,502.78 "
,TOTAL,,"2,387","$1,673,644.45 ","$1,322,880.65 "
67413,SG,,55,"$36,154.13 ","$28,868.73 "
,80'S,,8,$959.28 ,$767.42 
,OTHER,,146,"$104,391.54 ","$81,160.96 "
,TOTAL,,209,"$141,504.95 ","$110,797.11 "
67414,80'S,,20,"$2,450.76 ","$1,960.61 "
,OTHER,,226,"$225,435.81 ","$176,384.86 "
,TOTAL,,246,"$227,886.57 ","$178,345.47 "
67415,SG,,3,$489.26 ,$391.41 
,OTHER,,65,"$4,949.66 ","$3,847.56 "
,TOTAL,,68,"$5,438.92 ","$4,238.97 "
67420,SG,,28,"$18,675.57 ","$14,097.01 "
,80'S,,14,"$3,239.55 ","$2,591.65 "
,OTHER,,182,"$247,445.57 ","$197,479.09 "
,TOTAL,,224,"$269,360.69 ","$214,167.75 "
67430,SG,,5,"$3,282.70 ","$2,626.17 "
,OTHER,,13,"$13,142.06 ","$9,695.56 "
,TOTAL,,18,"$16,424.76 ","$12,321.73 "
67440,SG,,4,"$2,824.29 ","$2,259.44 "
,80'S,,1,$174.39 ,$139.51 
,OTHER,,17,"$16,717.27 ","$13,373.83 "
,TOTAL,,22,"$19,715.95 ","$15,772.78 "
67445,SG,,19,"$13,433.22 ","$10,414.94 "
,80'S,,38,"$6,578.17 ","$5,262.55 "
,OTHER,,189,"$216,355.02 ","$171,070.55 "
,TOTAL,,246,"$236,366.41 ","$186,748.04 "
67450,SG,,15,"$9,900.60 ","$7,920.49 "
,80'S,,5,$770.50 ,$616.40 
,OTHER,,83,"$84,613.70 ","$67,403.36 "
,TOTAL,,103,"$95,284.80 ","$75,940.25 "
67500,OTHER,,"9,376","$635,279.42 ","$498,090.73 "
,TOTAL,,"9,376","$635,279.42 ","$498,090.73 "
67505,OTHER,,372,"$22,407.45 ","$17,283.49 "
,TOTAL,,372,"$22,407.45 ","$17,283.49 "
67515,OTHER,,"33,890","$2,137,602.92 ","$1,641,178.39 "
,TOTAL,,"33,890","$2,137,602.92 ","$1,641,178.39 "
67550,SG,,76,"$43,858.96 ","$34,935.88 "
,OTHER,,272,"$203,399.37 ","$161,952.74 "
,TOTAL,,348,"$247,258.33 ","$196,888.62 "
67560,SG,,56,"$18,377.54 ","$14,506.62 "
,80'S,,7,"$1,025.22 ",$820.16 
,OTHER,,153,"$119,961.16 ","$94,512.33 "
,TOTAL,,216,"$139,363.92 ","$109,839.11 "
67570,SG,,25,"$8,916.79 ","$7,133.43 "
,80'S,,6,$906.16 ,$724.93 
,OTHER,,82,"$65,065.18 ","$51,740.27 "
,TOTAL,,113,"$74,888.13 ","$59,598.63 "
67599,OTHER,,22,"$10,265.45 ","$8,212.35 "
,TOTAL,,22,"$10,265.45 ","$8,212.35 "
67700,OTHER,,"5,011","$1,178,563.88 ","$915,289.85 "
,TOTAL,,"5,011","$1,178,563.88 ","$915,289.85 "
67710,OTHER,,906,"$150,403.30 ","$116,648.78 "
,TOTAL,,906,"$150,403.30 ","$116,648.78 "
67715,SG,,200,"$39,442.44 ","$31,553.99 "
,OTHER,,512,"$44,073.02 ","$34,968.19 "
,TOTAL,,712,"$83,515.46 ","$66,522.18 "
67800,OTHER,,"20,041","$2,128,948.34 ","$1,556,213.43 "
,TOTAL,,"20,041","$2,128,948.34 ","$1,556,213.43 "
67801,OTHER,,"3,456","$483,181.70 ","$364,977.93 "
,TOTAL,,"3,456","$483,181.70 ","$364,977.93 "
67805,OTHER,,"1,609","$270,374.58 ","$209,178.50 "
,TOTAL,,"1,609","$270,374.58 ","$209,178.50 "
67808,SG,,134,"$50,045.75 ","$39,798.30 "
,OTHER,,228,"$56,001.21 ","$43,941.71 "
,TOTAL,,362,"$106,046.96 ","$83,740.01 "
67810,OTHER,,"46,276","$7,986,484.02 ","$6,126,930.91 "
,TOTAL,,"46,276","$7,986,484.02 ","$6,126,930.91 "
67820,OTHER,,"300,018","$13,447,378.70 ","$9,944,103.85 "
,TOTAL,,"300,018","$13,447,378.70 ","$9,944,103.85 "
67825,OTHER,,"10,571","$1,108,730.08 ","$837,032.50 "
,TOTAL,,"10,571","$1,108,730.08 ","$837,032.50 "
67830,SG,,214,"$64,592.89 ","$50,513.62 "
,OTHER,,773,"$128,473.57 ","$100,295.04 "
,TOTAL,,987,"$193,066.46 ","$150,808.66 "
67835,SG,,36,"$11,366.99 ","$8,874.49 "
,OTHER,,74,"$19,986.41 ","$15,840.77 "
,TOTAL,,110,"$31,353.40 ","$24,715.26 "
67840,OTHER,,"51,212","$12,193,812.04 ","$9,450,063.96 "
,TOTAL,,"51,212","$12,193,812.04 ","$9,450,063.96 "
67850,OTHER,,"5,607","$1,013,093.51 ","$783,708.40 "
,TOTAL,,"5,607","$1,013,093.51 ","$783,708.40 "
67875,OTHER,,"5,577","$500,583.01 ","$393,882.35 "
,TOTAL,,"5,577","$500,583.01 ","$393,882.35 "
67880,SG,,726,"$288,473.48 ","$229,730.24 "
,OTHER,,"2,716","$749,575.77 ","$592,136.77 "
,TOTAL,,"3,442","$1,038,049.25 ","$821,867.01 "
67882,SG,,227,"$93,378.18 ","$74,463.52 "
,OTHER,,917,"$314,289.42 ","$248,662.60 "
,TOTAL,,"1,144","$407,667.60 ","$323,126.12 "
67900,SG,,"5,959","$2,321,256.93 ","$1,841,024.65 "
,OTHER,,"9,792","$3,022,505.20 ","$2,394,848.81 "
,TOTAL,,"15,751","$5,343,762.13 ","$4,235,873.46 "
67901,SG,,649,"$378,986.28 ","$300,601.36 "
,OTHER,,875,"$406,169.83 ","$322,662.70 "
,TOTAL,,"1,524","$785,156.11 ","$623,264.06 "
67902,SG,,58,"$35,773.03 ","$28,618.44 "
,OTHER,,122,"$70,244.24 ","$55,725.55 "
,TOTAL,,180,"$106,017.27 ","$84,343.99 "
67903,SG,,"2,038","$964,832.73 ","$766,595.49 "
,OTHER,,"3,148","$1,204,245.16 ","$951,848.23 "
,TOTAL,,"5,186","$2,169,077.89 ","$1,718,443.72 "
67904,SG,,"31,696","$13,733,085.31 ","$10,907,373.44 "
,OTHER,,"45,144","$18,509,078.54 ","$14,648,949.85 "
,TOTAL,,"76,840","$32,242,163.85 ","$25,556,323.29 "
67906,SG,,16,"$9,323.61 ","$7,458.89 "
,OTHER,,30,"$8,624.88 ","$6,795.07 "
,TOTAL,,46,"$17,948.49 ","$14,253.96 "
67908,SG,,"2,408","$1,181,628.85 ","$937,547.58 "
,OTHER,,"3,819","$1,308,034.93 ","$1,035,000.27 "
,TOTAL,,"6,227","$2,489,663.78 ","$1,972,547.85 "
67909,SG,,93,"$50,797.18 ","$40,019.55 "
,OTHER,,309,"$119,344.71 ","$93,546.61 "
,TOTAL,,402,"$170,141.89 ","$133,566.16 "
67911,SG,,"1,089","$399,205.39 ","$317,298.97 "
,80'S,,1,$71.28 ,$57.02 
,OTHER,,"2,484","$855,766.46 ","$676,146.53 "
,TOTAL,,"3,574","$1,255,043.13 ","$993,502.52 "
67912,SG,,328,"$128,883.88 ","$102,803.19 "
,OTHER,,"1,117","$451,662.21 ","$356,495.67 "
,TOTAL,,"1,445","$580,546.09 ","$459,298.86 "
67914,SG,,"1,055","$452,207.84 ","$357,726.15 "
,OTHER,,"1,849","$446,278.88 ","$349,915.12 "
,TOTAL,,"2,904","$898,486.72 ","$707,641.27 "
67915,OTHER,,679,"$197,080.68 ","$155,322.28 "
,TOTAL,,679,"$197,080.68 ","$155,322.28 "
67916,SG,,"1,888","$1,017,344.40 ","$807,236.02 "
,OTHER,,"3,582","$1,215,260.10 ","$959,331.37 "
,TOTAL,,"5,470","$2,232,604.50 ","$1,766,567.39 "
67917,SG,,"13,426","$7,034,357.26 ","$5,588,317.96 "
,OTHER,,"23,598","$8,375,930.66 ","$6,625,490.27 "
,TOTAL,,"37,024","$15,410,287.92 ","$12,213,808.23 "
67921,SG,,"1,474","$619,718.39 ","$492,880.59 "
,OTHER,,"5,175","$1,415,789.01 ","$1,107,238.07 "
,TOTAL,,"6,649","$2,035,507.40 ","$1,600,118.66 "
67922,OTHER,,377,"$94,052.22 ","$73,820.47 "
,TOTAL,,377,"$94,052.22 ","$73,820.47 "
67923,SG,,"1,626","$940,571.89 ","$745,732.74 "
,OTHER,,"3,421","$1,331,189.74 ","$1,047,885.14 "
,TOTAL,,"5,047","$2,271,761.63 ","$1,793,617.88 "
67924,SG,,"6,627","$3,725,214.34 ","$2,958,094.90 "
,OTHER,,"11,005","$4,245,005.01 ","$3,350,158.56 "
,TOTAL,,"17,632","$7,970,219.35 ","$6,308,253.46 "
67930,OTHER,,324,"$81,519.12 ","$63,937.47 "
,TOTAL,,324,"$81,519.12 ","$63,937.47 "
67935,SG,,126,"$45,972.64 ","$36,511.48 "
,OTHER,,747,"$262,270.17 ","$207,414.65 "
,TOTAL,,873,"$308,242.81 ","$243,926.13 "
67938,OTHER,,"2,483","$515,479.18 ","$398,954.07 "
,TOTAL,,"2,483","$515,479.18 ","$398,954.07 "
67950,SG,,"3,514","$933,683.14 ","$742,361.62 "
,80'S,,5,$223.71 ,$178.97 
,OTHER,,"6,201","$1,841,014.56 ","$1,462,103.84 "
,TOTAL,,"9,720","$2,774,921.41 ","$2,204,644.43 "
67961,SG,,"4,306","$1,715,630.58 ","$1,358,190.18 "
,80'S,,47,"$3,877.35 ","$3,101.81 "
,OTHER,,"7,410","$2,609,541.86 ","$2,060,676.37 "
,TOTAL,,"11,763","$4,329,049.79 ","$3,421,968.36 "
67966,SG,,"2,824","$1,224,158.33 ","$973,526.64 "
,OTHER,,"6,374","$2,863,789.62 ","$2,273,163.00 "
,TOTAL,,"9,198","$4,087,947.95 ","$3,246,689.64 "
67971,SG,,529,"$235,706.55 ","$186,815.27 "
,80'S,,29,"$2,574.04 ","$2,059.21 "
,OTHER,,"1,182","$533,593.27 ","$424,626.16 "
,TOTAL,,"1,740","$771,873.86 ","$613,500.64 "
67973,SG,,433,"$171,441.73 ","$136,581.35 "
,80'S,,53,"$5,971.32 ","$4,777.15 "
,OTHER,,974,"$716,408.89 ","$569,002.03 "
,TOTAL,,"1,460","$893,821.94 ","$710,360.53 "
67974,SG,,88,"$35,882.68 ","$28,438.13 "
,80'S,,14,"$1,181.07 ",$944.82 
,OTHER,,235,"$180,235.13 ","$143,865.02 "
,TOTAL,,337,"$217,298.88 ","$173,247.97 "
67975,SG,,362,"$170,662.71 ","$134,326.01 "
,OTHER,,"1,225","$666,996.86 ","$527,198.70 "
,TOTAL,,"1,587","$837,659.57 ","$661,524.71 "
67999,OTHER,,108,"$41,954.76 ","$33,463.21 "
,TOTAL,,108,"$41,954.76 ","$33,463.21 "
68020,OTHER,,"3,438","$336,932.74 ","$250,853.11 "
,TOTAL,,"3,438","$336,932.74 ","$250,853.11 "
68040,OTHER,,"4,386","$192,822.06 ","$150,489.14 "
,TOTAL,,"4,386","$192,822.06 ","$150,489.14 "
68100,OTHER,,"1,315","$161,584.31 ","$124,502.99 "
,TOTAL,,"1,315","$161,584.31 ","$124,502.99 "
68110,OTHER,,"5,175","$864,930.69 ","$674,904.46 "
,TOTAL,,"5,175","$864,930.69 ","$674,904.46 "
68115,SG,,372,"$145,885.23 ","$115,397.95 "
,OTHER,,"1,254","$226,521.37 ","$176,456.88 "
,TOTAL,,"1,626","$372,406.60 ","$291,854.83 "
68130,SG,,146,"$58,878.99 ","$46,026.27 "
,OTHER,,255,"$78,384.23 ","$60,944.13 "
,TOTAL,,401,"$137,263.22 ","$106,970.40 "
68135,OTHER,,621,"$70,864.95 ","$54,004.69 "
,TOTAL,,621,"$70,864.95 ","$54,004.69 "
68200,OTHER,,"23,362","$611,458.37 ","$472,011.61 "
,TOTAL,,"23,362","$611,458.37 ","$472,011.61 "
68320,SG,,"2,568","$1,294,678.27 ","$1,030,990.06 "
,OTHER,,"3,855","$1,649,210.05 ","$1,309,891.48 "
,TOTAL,,"6,423","$2,943,888.32 ","$2,340,881.54 "
68325,SG,,32,"$16,706.56 ","$13,365.26 "
,80'S,,1,$47.55 ,$38.04 
,OTHER,,101,"$41,246.87 ","$32,997.46 "
,TOTAL,,134,"$58,000.98 ","$46,400.76 "
68326,SG,,611,"$316,664.17 ","$251,305.70 "
,80'S,,6,$323.11 ,$258.50 
,OTHER,,"1,654","$628,857.04 ","$497,616.32 "
,TOTAL,,"2,271","$945,844.32 ","$749,180.52 "
68328,SG,,49,"$26,417.13 ","$21,019.13 "
,80'S,,2,$148.01 ,$118.40 
,OTHER,,176,"$82,201.41 ","$64,908.79 "
,TOTAL,,227,"$108,766.55 ","$86,046.32 "
68330,SG,,40,"$20,719.45 ","$16,414.66 "
,OTHER,,252,"$93,120.75 ","$73,934.72 "
,TOTAL,,292,"$113,840.20 ","$90,349.38 "
68335,SG,,39,"$20,432.12 ","$16,345.70 "
,OTHER,,200,"$86,478.77 ","$68,443.76 "
,TOTAL,,239,"$106,910.89 ","$84,789.46 "
68340,SG,,14,"$5,620.00 ","$4,496.01 "
,OTHER,,119,"$43,916.85 ","$34,766.18 "
,TOTAL,,133,"$49,536.85 ","$39,262.19 "
68360,SG,,123,"$37,669.37 ","$29,891.10 "
,OTHER,,171,"$43,992.28 ","$34,974.24 "
,TOTAL,,294,"$81,661.65 ","$64,865.34 "
68362,SG,,149,"$59,633.20 ","$47,264.53 "
,OTHER,,326,"$159,204.06 ","$126,768.16 "
,TOTAL,,475,"$218,837.26 ","$174,032.69 "
68371,SG,,6,"$1,540.87 ","$1,232.69 "
,OTHER,,16,"$3,519.69 ","$2,815.77 "
,TOTAL,,22,"$5,060.56 ","$4,048.46 "
68399,OTHER,,70,"$12,037.97 ","$9,630.39 "
,TOTAL,,70,"$12,037.97 ","$9,630.39 "
68400,OTHER,,104,"$23,097.95 ","$17,933.06 "
,TOTAL,,104,"$23,097.95 ","$17,933.06 "
68420,OTHER,,571,"$151,847.42 ","$119,278.36 "
,TOTAL,,571,"$151,847.42 ","$119,278.36 "
68440,OTHER,,"8,078","$649,775.08 ","$498,466.73 "
,TOTAL,,"8,078","$649,775.08 ","$498,466.73 "
68500,SG,,2,$723.80 ,$579.04 
,OTHER,,8,"$6,126.19 ","$4,796.15 "
,TOTAL,,10,"$6,849.99 ","$5,375.19 "
68505,SG,,14,"$5,845.21 ","$4,071.41 "
,OTHER,,41,"$30,732.14 ","$24,550.95 "
,TOTAL,,55,"$36,577.35 ","$28,622.36 "
68510,SG,,31,"$6,825.14 ","$5,460.10 "
,80'S,,2,$86.48 ,$69.18 
,OTHER,,94,"$19,385.93 ","$15,310.24 "
,TOTAL,,127,"$26,297.55 ","$20,839.52 "
68520,SG,,65,"$27,237.82 ","$21,760.30 "
,80'S,,2,$195.45 ,$156.36 
,OTHER,,159,"$78,029.87 ","$62,267.70 "
,TOTAL,,226,"$105,463.14 ","$84,184.36 "
68525,SG,,27,"$6,299.91 ","$5,039.95 "
,OTHER,,160,"$22,387.22 ","$17,909.56 "
,TOTAL,,187,"$28,687.13 ","$22,949.51 "
68530,OTHER,,"1,781","$659,287.80 ","$514,689.67 "
,TOTAL,,"1,781","$659,287.80 ","$514,689.67 "
68540,SG,,14,"$6,740.71 ","$5,392.59 "
,OTHER,,37,"$28,203.26 ","$22,562.62 "
,TOTAL,,51,"$34,943.97 ","$27,955.21 "
68550,SG,,1,$262.76 ,$210.21 
,OTHER,,4,"$2,983.18 ","$2,386.54 "
,TOTAL,,5,"$3,245.94 ","$2,596.75 "
68700,SG,,"1,212","$330,275.70 ","$262,910.88 "
,OTHER,,"2,859","$1,116,964.91 ","$885,455.01 "
,TOTAL,,"4,071","$1,447,240.61 ","$1,148,365.89 "
68705,OTHER,,708,"$116,265.21 ","$91,300.86 "
,TOTAL,,708,"$116,265.21 ","$91,300.86 "
68720,SG,,"2,596","$1,554,077.20 ","$1,233,941.57 "
,80'S,,257,"$24,913.22 ","$19,853.64 "
,OTHER,,"5,689","$3,383,501.96 ","$2,675,325.44 "
,TOTAL,,"8,542","$4,962,492.38 ","$3,929,120.65 "
68745,SG,,12,"$6,235.99 ","$4,883.99 "
,OTHER,,28,"$15,662.05 ","$12,483.57 "
,TOTAL,,40,"$21,898.04 ","$17,367.56 "
68750,SG,,326,"$181,074.53 ","$143,779.51 "
,80'S,,31,"$3,076.43 ","$2,461.13 "
,OTHER,,763,"$463,411.40 ","$365,992.34 "
,TOTAL,,"1,120","$647,562.36 ","$512,232.98 "
68760,OTHER,,"13,346","$2,250,242.12 ","$1,749,908.61 "
,TOTAL,,"13,346","$2,250,242.12 ","$1,749,908.61 "
68761,SG,,2,$236.66 ,$189.32 
,80'S,,2,$37.08 ,$29.66 
,OTHER,,"268,458","$32,284,757.78 ","$25,062,480.34 "
,TOTAL,,"268,462","$32,285,031.52 ","$25,062,699.32 "
68770,SG,,7,"$2,926.48 ","$2,341.19 "
,OTHER,,104,"$36,900.03 ","$29,415.37 "
,TOTAL,,111,"$39,826.51 ","$31,756.56 "
68801,OTHER,,"35,577","$3,491,389.96 ","$2,647,531.42 "
,TOTAL,,"35,577","$3,491,389.96 ","$2,647,531.42 "
68810,SG,,468,"$45,202.74 ","$35,729.88 "
,OTHER,,"27,139","$6,312,039.29 ","$4,938,069.93 "
,TOTAL,,"27,607","$6,357,242.03 ","$4,973,799.81 "
68811,SG,,241,"$74,371.47 ","$58,581.84 "
,OTHER,,709,"$98,263.64 ","$76,728.11 "
,TOTAL,,950,"$172,635.11 ","$135,309.95 "
68815,SG,,"2,909","$758,741.64 ","$603,810.85 "
,OTHER,,"6,955","$1,120,479.06 ","$887,253.75 "
,TOTAL,,"9,864","$1,879,220.70 ","$1,491,064.60 "
68840,OTHER,,"39,402","$3,864,185.61 ","$2,972,008.37 "
,TOTAL,,"39,402","$3,864,185.61 ","$2,972,008.37 "
68850,OTHER,,261,"$13,036.51 ","$10,107.27 "
,TOTAL,,261,"$13,036.51 ","$10,107.27 "
68899,OTHER,,107,"$17,960.65 ","$14,299.80 "
,TOTAL,,107,"$17,960.65 ","$14,299.80 "
69000,OTHER,EAR,"1,578","$214,828.79 ","$165,360.68 "
,TOTAL,,"1,578","$214,828.79 ","$165,360.68 "
69005,OTHER,,935,"$161,260.25 ","$126,271.14 "
,TOTAL,,935,"$161,260.25 ","$126,271.14 "
69020,OTHER,,"1,671","$319,891.39 ","$248,865.29 "
,TOTAL,,"1,671","$319,891.39 ","$248,865.29 "
69100,OTHER,,"82,588","$6,961,387.61 ","$5,256,018.81 "
,TOTAL,,"82,588","$6,961,387.61 ","$5,256,018.81 "
69105,OTHER,,"1,191","$127,195.48 ","$97,577.68 "
,TOTAL,,"1,191","$127,195.48 ","$97,577.68 "
69110,SG,,356,"$97,226.32 ","$76,956.46 "
,OTHER,,"2,942","$887,158.79 ","$697,839.16 "
,TOTAL,,"3,298","$984,385.11 ","$774,795.62 "
69120,SG,,7,"$2,188.98 ","$1,751.19 "
,OTHER,,313,"$59,144.89 ","$46,650.91 "
,TOTAL,,320,"$61,333.87 ","$48,402.10 "
69140,SG,,36,"$14,389.34 ","$11,406.67 "
,OTHER,,195,"$136,931.83 ","$108,549.16 "
,TOTAL,,231,"$151,321.17 ","$119,955.83 "
69145,SG,,285,"$111,553.28 ","$88,632.16 "
,OTHER,,"2,091","$547,079.83 ","$427,165.23 "
,TOTAL,,"2,376","$658,633.11 ","$515,797.39 "
69150,SG,,39,"$14,964.92 ","$11,854.16 "
,80'S,,1,$80.35 ,$64.28 
,OTHER,,287,"$247,862.92 ","$196,664.76 "
,TOTAL,,327,"$262,908.19 ","$208,583.20 "
69155,80'S,,2,$494.27 ,$395.41 
,OTHER,,28,"$40,386.72 ","$32,309.39 "
,TOTAL,,30,"$40,880.99 ","$32,704.80 "
69200,OTHER,,"25,347","$2,574,089.52 ","$1,923,665.91 "
,TOTAL,,"25,347","$2,574,089.52 ","$1,923,665.91 "
69205,SG,,99,"$28,427.84 ","$22,742.30 "
,OTHER,,569,"$45,075.26 ","$34,805.16 "
,TOTAL,,668,"$73,503.10 ","$57,547.46 "
69210,OTHER,,"1,292,450","$56,547,591.50 ","$39,733,993.46 "
,TOTAL,,"1,292,450","$56,547,591.50 ","$39,733,993.46 "
69220,OTHER,,"50,885","$6,030,655.90 ","$4,424,048.56 "
,TOTAL,,"50,885","$6,030,655.90 ","$4,424,048.56 "
69222,OTHER,,"7,943","$1,589,091.54 ","$1,211,833.36 "
,TOTAL,,"7,943","$1,589,091.54 ","$1,211,833.36 "
69300,SG,,9,"$3,351.27 ","$2,681.01 "
,OTHER,,38,"$11,608.39 ","$9,181.93 "
,TOTAL,,47,"$14,959.66 ","$11,862.94 "
69310,SG,,122,"$52,505.44 ","$41,842.47 "
,OTHER,,834,"$701,099.26 ","$557,551.94 "
,TOTAL,,956,"$753,604.70 ","$599,394.41 "
69320,SG,,2,"$2,036.58 ","$1,549.62 "
,OTHER,,34,"$47,862.44 ","$36,724.05 "
,TOTAL,,36,"$49,899.02 ","$38,273.67 "
69399,OTHER,,101,"$14,883.59 ","$11,806.05 "
,TOTAL,,101,"$14,883.59 ","$11,806.05 "
69400,OTHER,,"1,131","$138,037.28 ","$108,274.05 "
,TOTAL,,"1,131","$138,037.28 ","$108,274.05 "
69401,OTHER,,"7,013","$471,244.03 ","$363,310.05 "
,TOTAL,,"7,013","$471,244.03 ","$363,310.05 "
69405,OTHER,,45,"$6,736.47 ","$5,316.98 "
,TOTAL,,45,"$6,736.47 ","$5,316.98 "
69420,OTHER,,"11,902","$1,938,226.60 ","$1,487,544.77 "
,TOTAL,,"11,902","$1,938,226.60 ","$1,487,544.77 "
69421,SG,,137,"$57,244.11 ","$45,562.02 "
,OTHER,,452,"$53,649.71 ","$42,242.93 "
,TOTAL,,589,"$110,893.82 ","$87,804.95 "
69424,OTHER,,935,"$91,842.00 ","$69,593.96 "
,TOTAL,,935,"$91,842.00 ","$69,593.96 "
69433,OTHER,,"36,955","$6,384,028.88 ","$4,882,047.12 "
,TOTAL,,"36,955","$6,384,028.88 ","$4,882,047.12 "
69436,SG,,"3,916","$1,767,699.18 ","$1,397,330.02 "
,OTHER,,"10,964","$1,760,286.98 ","$1,378,587.47 "
,TOTAL,,"14,880","$3,527,986.16 ","$2,775,917.49 "
69440,SG,,91,"$40,426.65 ","$31,942.61 "
,OTHER,,941,"$506,000.05 ","$399,703.34 "
,TOTAL,,"1,032","$546,426.70 ","$431,645.95 "
69450,SG,,44,"$8,303.90 ","$6,643.03 "
,OTHER,,381,"$198,753.16 ","$157,027.48 "
,TOTAL,,425,"$207,057.06 ","$163,670.51 "
69501,SG,,9,"$8,869.98 ","$7,095.99 "
,OTHER,,73,"$41,155.49 ","$32,888.04 "
,TOTAL,,82,"$50,025.47 ","$39,984.03 "
69502,SG,,15,"$14,147.96 ","$10,955.55 "
,OTHER,,196,"$147,624.90 ","$116,487.03 "
,TOTAL,,211,"$161,772.86 ","$127,442.58 "
69505,SG,,14,"$13,845.30 ","$11,076.23 "
,80'S,,1,$162.50 ,$130.00 
,OTHER,,96,"$102,744.50 ","$81,714.93 "
,TOTAL,,111,"$116,752.30 ","$92,921.16 "
69511,SG,,4,"$3,966.50 ","$3,173.21 "
,80'S,,1,$161.94 ,$129.55 
,OTHER,,52,"$54,550.67 ","$43,506.67 "
,TOTAL,,57,"$58,679.11 ","$46,809.43 "
69530,OTHER,,19,"$28,478.72 ","$22,782.99 "
,TOTAL,,19,"$28,478.72 ","$22,782.99 "
69535,80'S,,1,$415.63 ,$332.50 
,OTHER,,179,"$429,408.11 ","$343,429.03 "
,TOTAL,,180,"$429,823.74 ","$343,761.53 "
69540,OTHER,,496,"$79,270.65 ","$61,726.56 "
,TOTAL,,496,"$79,270.65 ","$61,726.56 "
69550,SG,,6,"$4,233.67 ","$3,386.93 "
,OTHER,,75,"$68,360.21 ","$54,305.99 "
,TOTAL,,81,"$72,593.88 ","$57,692.92 "
69552,SG,,2,"$1,945.58 ","$1,556.47 "
,80'S,,1,$240.93 ,$192.74 
,OTHER,,32,"$47,624.07 ","$37,264.56 "
,TOTAL,,35,"$49,810.58 ","$39,013.77 "
69554,OTHER,,4,"$6,133.68 ","$4,906.94 "
,TOTAL,,4,"$6,133.68 ","$4,906.94 "
69601,SG,,7,"$7,035.10 ","$5,628.08 "
,OTHER,,59,"$53,157.57 ","$41,897.78 "
,TOTAL,,66,"$60,192.67 ","$47,525.86 "
69602,SG,,8,"$7,835.36 ","$6,268.29 "
,OTHER,,87,"$78,974.06 ","$63,032.67 "
,TOTAL,,95,"$86,809.42 ","$69,300.96 "
69603,SG,,5,"$4,251.25 ","$3,388.62 "
,OTHER,,58,"$67,128.65 ","$52,781.82 "
,TOTAL,,63,"$71,379.90 ","$56,170.44 "
69604,SG,,7,"$6,736.29 ","$5,329.22 "
,OTHER,,57,"$51,131.93 ","$40,865.94 "
,TOTAL,,64,"$57,868.22 ","$46,195.16 "
69605,SG,,1,$987.80 ,$790.24 
,OTHER,,2,"$2,761.75 ","$2,209.40 "
,TOTAL,,3,"$3,749.55 ","$2,999.64 "
69610,OTHER,,"2,798","$968,031.85 ","$754,679.12 "
,TOTAL,,"2,798","$968,031.85 ","$754,679.12 "
69620,SG,,163,"$63,257.32 ","$49,636.61 "
,OTHER,,720,"$354,820.91 ","$276,623.96 "
,TOTAL,,883,"$418,078.23 ","$326,260.57 "
69631,SG,,667,"$463,697.74 ","$364,846.80 "
,OTHER,,"2,611","$1,948,923.13 ","$1,534,494.29 "
,TOTAL,,"3,278","$2,412,620.87 ","$1,899,341.09 "
69632,SG,,63,"$42,910.44 ","$33,809.46 "
,OTHER,,335,"$311,104.70 ","$245,561.18 "
,TOTAL,,398,"$354,015.14 ","$279,370.64 "
69633,SG,,144,"$91,952.64 ","$72,762.66 "
,OTHER,,600,"$531,005.95 ","$416,501.54 "
,TOTAL,,744,"$622,958.59 ","$489,264.20 "
69635,SG,,47,"$45,954.99 ","$36,002.62 "
,OTHER,,238,"$256,904.70 ","$202,977.45 "
,TOTAL,,285,"$302,859.69 ","$238,980.07 "
69636,SG,,17,"$15,575.80 ","$12,404.53 "
,OTHER,,105,"$129,262.38 ","$102,437.27 "
,TOTAL,,122,"$144,838.18 ","$114,841.80 "
69637,SG,,46,"$43,636.94 ","$34,909.49 "
,OTHER,,120,"$148,725.69 ","$117,121.20 "
,TOTAL,,166,"$192,362.63 ","$152,030.69 "
69641,SG,,188,"$182,916.28 ","$144,418.16 "
,OTHER,,730,"$652,942.78 ","$514,525.06 "
,TOTAL,,918,"$835,859.06 ","$658,943.22 "
69642,SG,,51,"$49,630.32 ","$38,948.26 "
,OTHER,,238,"$284,283.58 ","$224,942.88 "
,TOTAL,,289,"$333,913.90 ","$263,891.14 "
69643,SG,,82,"$79,932.31 ","$63,945.84 "
,OTHER,,645,"$697,558.79 ","$547,755.32 "
,TOTAL,,727,"$777,491.10 ","$611,701.16 "
69644,SG,,47,"$44,234.24 ","$34,436.21 "
,OTHER,,375,"$501,426.62 ","$390,359.58 "
,TOTAL,,422,"$545,660.86 ","$424,795.79 "
69645,SG,,41,"$40,737.42 ","$32,485.15 "
,OTHER,,352,"$468,063.02 ","$370,263.52 "
,TOTAL,,393,"$508,800.44 ","$402,748.67 "
69646,SG,,31,"$30,815.95 ","$24,438.33 "
,80'S,,1,$207.57 ,$166.06 
,OTHER,,277,"$392,313.36 ","$306,101.11 "
,TOTAL,,309,"$423,336.88 ","$330,705.50 "
69650,SG,,11,"$10,203.53 ","$8,162.79 "
,OTHER,,66,"$30,847.29 ","$23,713.91 "
,TOTAL,,77,"$41,050.82 ","$31,876.70 "
69660,SG,,123,"$86,169.00 ","$68,296.52 "
,OTHER,,677,"$557,407.13 ","$437,289.98 "
,TOTAL,,800,"$643,576.13 ","$505,586.50 "
69661,SG,,61,"$42,423.94 ","$33,806.59 "
,OTHER,,139,"$153,409.82 ","$121,861.07 "
,TOTAL,,200,"$195,833.76 ","$155,667.66 "
69662,SG,,45,"$29,974.75 ","$23,979.82 "
,OTHER,,178,"$187,514.95 ","$145,969.56 "
,TOTAL,,223,"$217,489.70 ","$169,949.38 "
69666,SG,,19,"$8,742.89 ","$6,723.25 "
,OTHER,,108,"$57,125.26 ","$45,296.81 "
,TOTAL,,127,"$65,868.15 ","$52,020.06 "
69667,SG,,13,"$6,104.71 ","$4,716.26 "
,OTHER,,117,"$57,604.40 ","$46,020.55 "
,TOTAL,,130,"$63,709.11 ","$50,736.81 "
69670,SG,,2,$484.90 ,$387.92 
,OTHER,,74,"$39,745.58 ","$31,796.48 "
,TOTAL,,76,"$40,230.48 ","$32,184.40 "
69676,OTHER,,1,"$1,109.09 ",$887.27 
,TOTAL,,1,"$1,109.09 ",$887.27 
69700,SG,,7,"$2,739.87 ","$2,191.89 "
,OTHER,,16,"$9,146.29 ","$7,317.02 "
,TOTAL,,23,"$11,886.16 ","$9,508.91 "
69711,SG,,1,$334.48 ,$267.58 
,OTHER,,19,"$12,657.12 ","$10,125.69 "
,TOTAL,,20,"$12,991.60 ","$10,393.27 "
69714,SG,,104,"$137,076.96 ","$109,558.73 "
,OTHER,,695,"$672,191.11 ","$532,641.77 "
,TOTAL,,799,"$809,268.07 ","$642,200.50 "
69715,OTHER,,9,"$10,451.46 ","$8,361.18 "
,TOTAL,,9,"$10,451.46 ","$8,361.18 "
69717,SG,,2,"$2,725.10 ","$2,180.08 "
,OTHER,,16,"$17,331.95 ","$12,984.75 "
,TOTAL,,18,"$20,057.05 ","$15,164.83 "
69718,OTHER,,3,"$4,108.78 ","$3,287.03 "
,TOTAL,,3,"$4,108.78 ","$3,287.03 "
69720,SG,,9,"$6,174.81 ","$4,835.05 "
,80'S,,2,$165.59 ,$132.47 
,OTHER,,93,"$69,484.34 ","$55,084.41 "
,TOTAL,,104,"$75,824.74 ","$60,051.93 "
69725,OTHER,,8,"$8,845.38 ","$7,076.31 "
,TOTAL,,8,"$8,845.38 ","$7,076.31 "
69740,OTHER,,10,"$7,696.37 ","$6,157.09 "
,TOTAL,,10,"$7,696.37 ","$6,157.09 "
69745,OTHER,,2,"$1,845.91 ","$1,476.73 "
,TOTAL,,2,"$1,845.91 ","$1,476.73 "
69799,OTHER,,86,"$27,562.10 ","$21,976.90 "
,TOTAL,,86,"$27,562.10 ","$21,976.90 "
69801,SG,,710,"$492,280.28 ","$387,534.97 "
,OTHER,,"4,258","$2,742,292.30 ","$2,148,366.60 "
,TOTAL,,"4,968","$3,234,572.58 ","$2,535,901.57 "
69802,OTHER,,21,"$18,215.83 ","$14,069.83 "
,TOTAL,,21,"$18,215.83 ","$14,069.83 "
69805,SG,,5,"$5,172.72 ","$4,138.17 "
,OTHER,,53,"$47,942.00 ","$37,711.13 "
,TOTAL,,58,"$53,114.72 ","$41,849.30 "
69806,SG,,31,"$30,703.02 ","$24,562.41 "
,OTHER,,199,"$159,224.31 ","$124,350.41 "
,TOTAL,,230,"$189,927.33 ","$148,912.82 "
69820,OTHER,,7,"$4,212.73 ","$3,370.20 "
,TOTAL,,7,"$4,212.73 ","$3,370.20 "
69840,SG,,3,"$2,146.60 ","$1,717.29 "
,OTHER,,3,"$2,781.19 ","$2,224.95 "
,TOTAL,,6,"$4,927.79 ","$3,942.24 "
69905,OTHER,,21,"$14,143.73 ","$11,314.99 "
,TOTAL,,21,"$14,143.73 ","$11,314.99 "
69910,SG,,3,"$2,467.31 ","$1,973.85 "
,OTHER,,92,"$76,071.24 ","$60,038.87 "
,TOTAL,,95,"$78,538.55 ","$62,012.72 "
69915,OTHER,,11,"$13,022.96 ","$10,418.36 "
,TOTAL,,11,"$13,022.96 ","$10,418.36 "
69930,SG,,24,"$23,654.86 ","$18,124.33 "
,OTHER,,"1,603","$1,842,871.04 ","$1,448,587.97 "
,TOTAL,,"1,627","$1,866,525.90 ","$1,466,712.30 "
69949,80'S,,1,$63.97 ,$51.18 
,OTHER,,67,"$24,323.16 ","$19,458.52 "
,TOTAL,,68,"$24,387.13 ","$19,509.70 "
69950,OTHER,,8,"$9,573.85 ","$7,659.07 "
,TOTAL,,8,"$9,573.85 ","$7,659.07 "
69955,OTHER,,12,"$19,825.68 ","$15,182.94 "
,TOTAL,,12,"$19,825.68 ","$15,182.94 "
69960,OTHER,,16,"$19,535.04 ","$15,628.04 "
,TOTAL,,16,"$19,535.04 ","$15,628.04 "
69970,80'S,,2,$630.86 ,$504.69 
,OTHER,,30,"$52,045.71 ","$41,127.22 "
,TOTAL,,32,"$52,676.57 ","$41,631.91 "
69979,OTHER,,7,"$3,110.09 ","$2,488.08 "
,TOTAL,,7,"$3,110.09 ","$2,488.08 "
69990,80'S,,891,"$30,025.68 ","$23,804.66 "
,OTHER,,"12,926","$2,562,557.89 ","$2,033,280.48 "
,TOTAL,,"13,817","$2,592,583.57 ","$2,057,085.14 "
